"SU","transect","min","Date","Time","Mode_num","Mode","V","A","W","log_W","Ah","mAh","Wh","Latitude","Longitude","EKFlat","EKFlon","DVLx","DVLy","DVLlat","DVLlon","Altitude","Depth","Depth_std","Depth_Source","Heading","Velocity_mps","Width","Area_m2","Distance","NEDz","VFR_alt"
1,"0",0.02,"2026-05-12","09:16:58",NA,"UNKNOWN",0,0,0,0,NA,NA,NA,NA,NA,NA,NA,NA,NA,NA,NA,0,NA,NA,"NEDz",0,0,0,0,0,NA,NA
2,"0",0.03,"2026-05-12","09:16:59",NA,"UNKNOWN",0,0,0,0,NA,NA,NA,NA,NA,NA,NA,NA,NA,NA,NA,0,NA,NA,"NEDz",0,0,0,0,0,NA,NA
3,"0",0.05,"2026-05-12","09:17:00",NA,"UNKNOWN",0,0,0,0,NA,NA,NA,NA,NA,NA,NA,NA,NA,NA,NA,0,NA,NA,"NEDz",0,0,0,0,0,NA,NA
4,"0",0.07,"2026-05-12","09:17:01",NA,"UNKNOWN",0,0,0,0,NA,NA,NA,NA,NA,NA,NA,NA,NA,NA,NA,0,NA,NA,"NEDz",0,0,0,0,0,NA,NA
5,"0",0.08,"2026-05-12","09:17:02",NA,"UNKNOWN",0,0,0,0,NA,NA,NA,NA,NA,NA,NA,NA,NA,NA,NA,0,NA,NA,"NEDz",0,0,0,0,0,NA,NA
6,"0",0.1,"2026-05-12","09:17:03",NA,"UNKNOWN",0,0,0,0,NA,NA,NA,NA,NA,NA,NA,NA,NA,NA,NA,0,NA,NA,"NEDz",0,0,0,0,0,NA,NA
7,"0",0.12,"2026-05-12","09:17:04",NA,"UNKNOWN",0,0,0,0,NA,NA,NA,NA,NA,NA,NA,NA,NA,NA,NA,0,NA,NA,"NEDz",0,0,0,0,0,NA,NA
8,"0",0.13,"2026-05-12","09:17:05",NA,"UNKNOWN",0,0,0,0,NA,NA,NA,NA,NA,NA,NA,NA,NA,NA,NA,0,NA,NA,"NEDz",0,0,0,0,0,NA,NA
9,"0",0.15,"2026-05-12","09:17:06",NA,"UNKNOWN",0,0,0,0,NA,NA,NA,NA,NA,NA,NA,NA,NA,NA,NA,0,NA,NA,"NEDz",0,0,0,0,0,NA,NA
10,"0",0.17,"2026-05-12","09:17:07",NA,"UNKNOWN",0,0,0,0,NA,NA,NA,NA,NA,NA,NA,NA,NA,NA,NA,0,NA,NA,"NEDz",0,0,0,0,0,NA,NA
11,"0",0.18,"2026-05-12","09:17:08",NA,"UNKNOWN",0,0,0,0,NA,NA,NA,NA,NA,NA,NA,NA,NA,NA,NA,0,NA,NA,"NEDz",0,0,0,0,0,NA,NA
12,"0",0.2,"2026-05-12","09:17:10",NA,"UNKNOWN",0,0,0,0,NA,NA,NA,NA,NA,NA,NA,NA,NA,NA,NA,0,NA,NA,"NEDz",0,0,0,0,0,NA,NA
13,"0",0.22,"2026-05-12","09:17:11",NA,"UNKNOWN",0,0,0,0,NA,NA,NA,NA,NA,NA,NA,NA,NA,NA,NA,0,NA,NA,"NEDz",0,0,0,0,0,NA,NA
14,"0",0.23,"2026-05-12","09:17:12",NA,"UNKNOWN",0,0,0,0,NA,NA,NA,NA,NA,NA,NA,NA,NA,NA,NA,0,NA,NA,"NEDz",0,0,0,0,0,NA,NA
15,"0",0.25,"2026-05-12","09:17:13",NA,"UNKNOWN",0,0,0,0,NA,NA,NA,NA,NA,NA,NA,NA,NA,NA,NA,0,NA,NA,"NEDz",0,0,0,0,0,NA,NA
16,"0",0.27,"2026-05-12","09:17:14",NA,"UNKNOWN",0,0,0,0,NA,NA,NA,NA,NA,NA,NA,NA,NA,NA,NA,0,NA,NA,"NEDz",0,0,0,0,0,NA,NA
17,"0",0.28,"2026-05-12","09:17:15",NA,"UNKNOWN",0,0,0,0,NA,NA,NA,NA,NA,NA,NA,NA,NA,NA,NA,0,NA,NA,"NEDz",0,0.162838533520699,0,0,0,NA,0
18,"0",0.3,"2026-05-12","09:17:16",NA,"UNKNOWN",0,0,0,0,NA,NA,NA,NA,NA,NA,NA,NA,NA,NA,NA,0,NA,NA,"NEDz",0,0.325677067041397,0,0,0,NA,0
19,"0",0.32,"2026-05-12","09:17:17",NA,"UNKNOWN",0,0,0,0,NA,NA,NA,NA,NA,NA,NA,NA,NA,NA,NA,0,NA,NA,"NEDz",0,0.325677067041397,0,0,0,NA,0
20,"0",0.33,"2026-05-12","09:17:18",NA,"UNKNOWN",0,0,0,0,NA,NA,NA,NA,NA,NA,NA,NA,NA,NA,NA,0,NA,NA,"NEDz",0,0.325677067041397,0,0,0,NA,0
21,"0",0.35,"2026-05-12","09:17:19",NA,"UNKNOWN",0,0,0,0,NA,NA,NA,NA,NA,NA,NA,NA,NA,NA,NA,0,NA,NA,"NEDz",0,0.325677067041397,0,0,0,NA,0
22,"0",0.37,"2026-05-12","09:17:20",NA,"UNKNOWN",0,0,0,0,NA,NA,NA,NA,NA,NA,NA,NA,NA,NA,NA,0,NA,NA,"NEDz",0,0.325677067041397,0,0,0,NA,0
23,"0",0.38,"2026-05-12","09:17:21",NA,"UNKNOWN",0,0,0,0,NA,NA,NA,NA,NA,NA,NA,NA,NA,NA,NA,0,NA,NA,"NEDz",0,0.325677067041397,0,0,0,NA,0
24,"0",0.4,"2026-05-12","09:17:22",NA,"UNKNOWN",0,0,0,0,NA,NA,NA,NA,NA,NA,NA,NA,NA,NA,NA,0,NA,NA,"NEDz",0,0.325677067041397,0,0,0,NA,0
25,"0",0.42,"2026-05-12","09:17:23",NA,"UNKNOWN",0,0,0,0,NA,NA,NA,NA,NA,NA,NA,NA,NA,NA,NA,0,NA,NA,"NEDz",0,0.325677067041397,0,0,0,NA,0
26,"0",0.43,"2026-05-12","09:17:24",NA,"UNKNOWN",0,0,0,0,NA,NA,NA,NA,NA,NA,NA,NA,NA,NA,NA,0,NA,NA,"NEDz",0,0.325677067041397,0,0,0,NA,0
27,"0",0.45,"2026-05-12","09:17:25",NA,"UNKNOWN",0,0,0,0,NA,NA,NA,NA,NA,NA,NA,NA,NA,NA,NA,0,NA,NA,"NEDz",0,0.325677067041397,0,0,0,NA,0
28,"0",0.47,"2026-05-12","09:17:26",NA,"UNKNOWN",0,0,0,0,NA,NA,NA,NA,NA,NA,NA,NA,NA,NA,NA,0,NA,NA,"NEDz",0,0.325677067041397,0,0,0,NA,0
29,"0",0.48,"2026-05-12","09:17:27",NA,"UNKNOWN",0,0,0,0,NA,NA,NA,NA,NA,NA,NA,NA,NA,NA,NA,0,NA,NA,"NEDz",0,0.325677067041397,0,0,0,NA,0
30,"0",0.5,"2026-05-12","09:17:28",NA,"UNKNOWN",0,0,0,0,NA,NA,NA,NA,NA,NA,NA,NA,NA,NA,NA,0,NA,NA,"NEDz",0,0.325677067041397,0,0,0,NA,0
31,"0",0.52,"2026-05-12","09:17:29",NA,"UNKNOWN",0,0,0,0,NA,NA,NA,NA,NA,NA,NA,NA,NA,NA,NA,0,NA,NA,"NEDz",0,0.325677067041397,0,0,0,NA,0
32,"0",0.53,"2026-05-12","09:17:30",NA,"UNKNOWN",0,0,0,0,NA,NA,NA,NA,NA,NA,NA,NA,NA,NA,NA,0,NA,NA,"NEDz",0,0.325677067041397,0,0,0,NA,0
33,"0",0.55,"2026-05-12","09:17:31",NA,"UNKNOWN",0,0,0,0,NA,NA,NA,NA,NA,NA,NA,NA,NA,NA,NA,0,NA,NA,"NEDz",0,0.325677067041397,0,0,0,NA,0
34,"0",0.57,"2026-05-12","09:17:32",NA,"UNKNOWN",0,0,0,0,NA,NA,NA,NA,NA,NA,NA,NA,NA,NA,NA,0,NA,NA,"NEDz",0,0.325677067041397,0,0,0,NA,0
35,"0",0.58,"2026-05-12","09:17:33",NA,"UNKNOWN",0,0,0,0,NA,NA,NA,NA,NA,NA,NA,NA,NA,NA,NA,0,NA,NA,"NEDz",0,0.325677067041397,0,0,0,NA,0
36,"0",0.6,"2026-05-12","09:17:34",NA,"UNKNOWN",0,0,0,0,NA,NA,NA,NA,NA,NA,NA,NA,NA,NA,NA,0,NA,NA,"NEDz",0,0.325677067041397,0,0,0,NA,0
37,"0",0.62,"2026-05-12","09:17:35",NA,"UNKNOWN",0,0,0,0,NA,NA,NA,NA,NA,NA,NA,NA,NA,NA,NA,0,NA,NA,"NEDz",0,0.325677067041397,0,0,0,NA,0
38,"0",0.63,"2026-05-12","09:17:36",NA,"UNKNOWN",0,0,0,0,NA,NA,NA,NA,NA,NA,NA,NA,NA,NA,NA,0,NA,NA,"NEDz",0,0.325677067041397,0,0,0,NA,0
39,"0",0.65,"2026-05-12","09:17:37",NA,"UNKNOWN",0,0,0,0,NA,NA,NA,NA,NA,NA,NA,NA,NA,NA,NA,0,NA,NA,"NEDz",0,0.325677067041397,0,0,0,NA,0
40,"0",0.67,"2026-05-12","09:17:38",NA,"UNKNOWN",0,0,0,0,NA,NA,NA,NA,NA,NA,NA,NA,NA,NA,NA,0,NA,NA,"NEDz",0,0.325677067041397,0,0,0,NA,0
41,"0",0.68,"2026-05-12","09:17:39",NA,"UNKNOWN",0,0,0,0,NA,NA,NA,NA,NA,NA,NA,NA,NA,NA,NA,0,NA,NA,"NEDz",0,0.270996890962124,0,0,0,NA,0
42,"0",0.7,"2026-05-12","09:17:40",NA,"UNKNOWN",0,0,0,0,NA,NA,NA,NA,NA,NA,NA,NA,NA,NA,NA,0,NA,NA,"NEDz",0,0.216316714882851,0,0,0,NA,0
43,"0",0.72,"2026-05-12","09:17:41",NA,"UNKNOWN",0,0,0,0,NA,NA,NA,NA,NA,NA,NA,NA,NA,NA,NA,0,NA,NA,"NEDz",0,0.216316714882851,0,0,0,NA,0
44,"0",0.73,"2026-05-12","09:17:42",NA,"UNKNOWN",0,0,0,0,NA,NA,NA,NA,NA,NA,NA,NA,NA,NA,NA,0,NA,NA,"NEDz",0,0.216316714882851,0,0,0,NA,0
45,"0",0.75,"2026-05-12","09:17:43",NA,"UNKNOWN",0,0,0,0,NA,NA,NA,NA,NA,NA,NA,NA,NA,NA,NA,0,NA,NA,"NEDz",0,0.216316714882851,0,0,0,NA,0
46,"0",0.77,"2026-05-12","09:17:44",NA,"UNKNOWN",0,0,0,0,NA,NA,NA,NA,NA,NA,NA,NA,NA,NA,NA,0,NA,NA,"NEDz",0,0.216316714882851,0,0,0,NA,0
47,"0",0.78,"2026-05-12","09:17:45",NA,"UNKNOWN",0,0,0,0,NA,NA,NA,NA,NA,NA,NA,NA,NA,NA,NA,0,NA,NA,"NEDz",0,0.216316714882851,0,0,0,NA,0
48,"0",0.8,"2026-05-12","09:17:46",NA,"UNKNOWN",0,0,0,0,NA,NA,NA,NA,NA,NA,NA,NA,NA,NA,NA,0,NA,NA,"NEDz",0,0.216316714882851,0,0,0,NA,0
49,"0",0.82,"2026-05-12","09:17:47",NA,"UNKNOWN",0,0,0,0,NA,NA,NA,NA,NA,NA,NA,NA,NA,NA,NA,0,NA,NA,"NEDz",0,0.216316714882851,0,0,0,NA,0
50,"0",0.83,"2026-05-12","09:17:48",NA,"UNKNOWN",0,0,0,0,NA,NA,NA,NA,NA,NA,NA,NA,NA,NA,NA,0,NA,NA,"NEDz",0,0.216316714882851,0,0,0,NA,0
51,"0",0.85,"2026-05-12","09:17:49",NA,"UNKNOWN",0,0,0,0,NA,NA,NA,NA,NA,NA,NA,NA,NA,NA,NA,0,NA,NA,"NEDz",0,0.216316714882851,0,0,0,NA,0
52,"0",0.87,"2026-05-12","09:17:50",NA,"UNKNOWN",0,0,0,0,0,0,0,NA,NA,NA,NA,NA,NA,NA,NA,0,NA,NA,"NEDz",0,0.216316714882851,0,0,0,NA,0
53,"0",0.88,"2026-05-12","09:17:51",NA,"UNKNOWN",0,0,0,0,0,0,0,NA,NA,NA,NA,NA,NA,NA,NA,0,NA,NA,"NEDz",0,0.216316714882851,0,0,0,NA,0
54,"0",0.9,"2026-05-12","09:17:52",NA,"UNKNOWN",0,0,0,0,0,0,0,NA,NA,NA,NA,NA,NA,NA,NA,0,NA,NA,"NEDz",0,0.216316714882851,0,0,0,NA,0
55,"0",0.92,"2026-05-12","09:17:53",NA,"UNKNOWN",0,0,0,0,0,0,0,NA,NA,NA,NA,NA,NA,NA,NA,0,NA,NA,"NEDz",0,0.216316714882851,0,0,0,NA,0
56,"0",0.93,"2026-05-12","09:17:54",NA,"UNKNOWN",0,0,0,0,0,0,0,NA,NA,NA,NA,NA,NA,NA,NA,0,NA,NA,"NEDz",0,0.216316714882851,0,0,0,NA,0
57,"0",0.95,"2026-05-12","09:17:55",NA,"UNKNOWN",0,0,0,0,0,0,0,NA,NA,NA,NA,NA,NA,NA,NA,0,NA,NA,"NEDz",0,0.216316714882851,0,0,0,NA,0
58,"0",0.97,"2026-05-12","09:17:57",NA,"UNKNOWN",0,0,0,0,0,0,0,NA,NA,NA,NA,NA,NA,NA,NA,0,NA,NA,"NEDz",0,0.216316714882851,0,0,0,NA,0
59,"0",0.98,"2026-05-12","09:17:58",NA,"UNKNOWN",0,0,0,0,0,0,0,NA,NA,NA,NA,NA,NA,NA,NA,0,NA,NA,"NEDz",0,0.216316714882851,0,0,0,NA,0
60,"0",1,"2026-05-12","09:17:59",NA,"UNKNOWN",0,0,0,0,0,0,0,NA,NA,NA,NA,NA,NA,NA,NA,0,NA,NA,"NEDz",0,0.216316714882851,0,0,0,NA,0
61,"0",1.02,"2026-05-12","09:18:00",NA,"UNKNOWN",0,0,0,0,0,0,0,NA,NA,NA,NA,NA,NA,NA,NA,0,NA,NA,"NEDz",0,0.216316714882851,0,0,0,NA,0
62,"0",1.03,"2026-05-12","09:18:01",NA,"UNKNOWN",0,0,0,0,0,0,0,NA,NA,NA,NA,NA,NA,NA,NA,0,NA,NA,"NEDz",0,0.216316714882851,0,0,0,NA,0
63,"0",1.05,"2026-05-12","09:18:02",NA,"UNKNOWN",0,0,0,0,0,0,0,NA,NA,NA,NA,NA,NA,NA,NA,0,NA,NA,"NEDz",0,0.216316714882851,0,0,0,NA,0
64,"0",1.07,"2026-05-12","09:18:03",NA,"UNKNOWN",0,0,0,0,0,0,0,NA,NA,NA,NA,NA,NA,NA,NA,0,NA,NA,"NEDz",0,0.216316714882851,0,0,0,NA,0
65,"0",1.08,"2026-05-12","09:18:04",NA,"UNKNOWN",0,0,0,0,0,0,0,NA,NA,NA,NA,NA,NA,NA,NA,0,NA,NA,"NEDz",0,0.216316714882851,0,0,0,NA,0
66,"0",1.1,"2026-05-12","09:18:05",NA,"UNKNOWN",0,0,0,0,0,0,0,NA,NA,NA,NA,NA,NA,NA,NA,0,NA,NA,"NEDz",0,0.216316714882851,0,0,0,NA,0
67,"0",1.12,"2026-05-12","09:18:06",NA,"UNKNOWN",0,0,0,0,0,0,0,NA,NA,NA,NA,NA,NA,NA,NA,0,NA,NA,"NEDz",0,0.216316714882851,0,0,0,NA,0
68,"0",1.13,"2026-05-12","09:18:07",NA,"UNKNOWN",0,0,0,0,0,0,0,NA,NA,NA,NA,NA,NA,NA,NA,0,NA,NA,"NEDz",0,0.216316714882851,0,0,0,NA,0
69,"0",1.15,"2026-05-12","09:18:08",NA,"UNKNOWN",0,0,0,0,0,0,0,NA,NA,NA,NA,NA,NA,NA,NA,0,NA,NA,"NEDz",0,0.216316714882851,0,0,0,NA,0
70,"0",1.17,"2026-05-12","09:18:09",NA,"UNKNOWN",0,0,0,0,0,0,0,NA,NA,NA,NA,NA,NA,NA,NA,0,NA,NA,"NEDz",0,0.216316714882851,0,0,0,NA,0
71,"0",1.18,"2026-05-12","09:18:10",NA,"UNKNOWN",0,0,0,0,0,0,0,NA,NA,NA,NA,NA,NA,NA,NA,0,NA,NA,"NEDz",0,0.216316714882851,0,0,0,NA,0
72,"0",1.2,"2026-05-12","09:18:11",NA,"UNKNOWN",0,0,0,0,0,0,0,NA,NA,NA,NA,NA,NA,NA,NA,0,NA,NA,"NEDz",0,0.216316714882851,0,0,0,NA,0
73,"0",1.22,"2026-05-12","09:18:12",NA,"UNKNOWN",0,0,0,0,0,0,0,NA,NA,NA,NA,NA,NA,NA,NA,0,NA,NA,"NEDz",0,3.35689115524292,0,0,0,NA,0
74,"0",1.23,"2026-05-12","09:18:13",NA,"UNKNOWN",0,0,0,0,0,0,0,NA,NA,NA,NA,NA,NA,NA,NA,0,NA,NA,"NEDz",0,3.35689115524292,0,0,0,NA,0
75,"0",1.25,"2026-05-12","09:18:14",NA,"UNKNOWN",0,0,0,0,0,0,0,NA,NA,NA,NA,NA,NA,NA,NA,0,NA,NA,"NEDz",0,3.35689115524292,0,0,0,NA,0
76,"0",1.27,"2026-05-12","09:18:15",NA,"UNKNOWN",0,0,0,0,0,0,0,NA,NA,NA,NA,NA,NA,NA,NA,0,NA,NA,"NEDz",0,3.35689115524292,0,0,0,NA,0
77,"0",1.28,"2026-05-12","09:18:16",NA,"UNKNOWN",0,0,0,0,0,0,0,NA,NA,NA,NA,NA,NA,NA,NA,0,NA,NA,"NEDz",0,3.35689115524292,0,0,0,NA,0
78,"0",1.3,"2026-05-12","09:18:17",NA,"UNKNOWN",0,0,0,0,0,0,0,NA,NA,NA,NA,NA,NA,NA,NA,0,NA,NA,"NEDz",0,3.35689115524292,0,0,0,NA,0
79,"0",1.32,"2026-05-12","09:18:18",NA,"UNKNOWN",0,0,0,0,0,0,0,NA,NA,NA,NA,NA,NA,NA,NA,0,NA,NA,"NEDz",0,3.35689115524292,0,0,0,NA,0
80,"0",1.33,"2026-05-12","09:18:19",NA,"UNKNOWN",0,0,0,0,0,0,0,NA,NA,NA,NA,NA,NA,NA,NA,0,NA,NA,"NEDz",0,3.35689115524292,0,0,0,NA,0
81,"0",1.35,"2026-05-12","09:18:20",NA,"UNKNOWN",0,0,0,0,0,0,0,NA,NA,NA,NA,NA,NA,NA,NA,0,NA,NA,"NEDz",0,3.35689115524292,0,0,0,NA,0
82,"0",1.37,"2026-05-12","09:18:21",NA,"UNKNOWN",0,0,0,0,0,0,0,NA,NA,NA,NA,NA,NA,NA,NA,0,NA,NA,"NEDz",0,3.35689115524292,0,0,0,NA,0
83,"0",1.38,"2026-05-12","09:18:22",NA,"UNKNOWN",0,0,0,0,0,0,0,NA,NA,NA,NA,NA,NA,NA,NA,0,NA,NA,"NEDz",0,3.35689115524292,0,0,0,NA,0
84,"0",1.4,"2026-05-12","09:18:23",NA,"UNKNOWN",0,0,0,0,0,0,0,NA,NA,NA,NA,NA,NA,NA,NA,0,NA,NA,"NEDz",0,3.35689115524292,0,0,0,NA,0
85,"0",1.42,"2026-05-12","09:18:24",NA,"UNKNOWN",0,0,0,0,0,0,0,NA,NA,NA,NA,NA,NA,NA,NA,0,NA,NA,"NEDz",0,3.35689115524292,0,0,0,NA,0
86,"0",1.43,"2026-05-12","09:18:25",NA,"UNKNOWN",0,0,0,0,0,0,0,NA,NA,NA,NA,NA,NA,NA,NA,0,NA,NA,"NEDz",0,2.96047353744507,0,0,0,NA,0
87,"0",1.45,"2026-05-12","09:18:26",NA,"UNKNOWN",0,0,0,0,0,0,0,NA,NA,NA,NA,NA,NA,NA,NA,0,NA,NA,"NEDz",0,2.96047353744507,0,0,0,NA,0
88,"0",1.47,"2026-05-12","09:18:27",NA,"UNKNOWN",0,0,0,0,0,0,0,NA,NA,NA,NA,NA,NA,NA,NA,0,NA,NA,"NEDz",0,2.96047353744507,0,0,0,NA,0
89,"0",1.48,"2026-05-12","09:18:28",NA,"UNKNOWN",0,0,0,0,0,0,0,NA,NA,NA,NA,NA,NA,NA,NA,0,NA,NA,"NEDz",0,2.96047353744507,0,0,0,NA,0
90,"0",1.5,"2026-05-12","09:18:29",NA,"UNKNOWN",0,0,0,0,0,0,0,NA,NA,NA,NA,NA,NA,NA,NA,0,NA,NA,"NEDz",0,2.96047353744507,0,0,0,NA,0
91,"0",1.52,"2026-05-12","09:18:30",NA,"UNKNOWN",0,0,0,0,0.069,69,0.944444444444444,NA,NA,NA,NA,NA,NA,NA,NA,0,NA,NA,"NEDz",0,2.96047353744507,0,0,0,NA,0
92,"0",1.53,"2026-05-12","09:18:31",NA,"UNKNOWN",0,0,0,0,0.069,69,0.944444444444444,NA,NA,NA,NA,NA,NA,NA,NA,0,NA,NA,"NEDz",0,2.96047353744507,0,0,0,NA,0
93,"0",1.55,"2026-05-12","09:18:32",NA,"UNKNOWN",0,0,0,0,0.069,69,0.944444444444444,NA,NA,NA,NA,NA,NA,NA,NA,0,NA,NA,"NEDz",105.147053479627,2.96047353744507,0,0,0,NA,0
94,"0",1.57,"2026-05-12","09:18:33",NA,"UNKNOWN",0,0,0,0,0.069,69,0.944444444444444,NA,NA,NA,NA,NA,NA,NA,NA,0,NA,NA,"NEDz",105.147053479627,2.96047353744507,0,0,0,NA,0
95,"0",1.58,"2026-05-12","09:18:34",NA,"UNKNOWN",0,0,0,0,0.069,69,0.944444444444444,NA,NA,NA,NA,NA,NA,NA,NA,0,NA,NA,"NEDz",105.147053479627,2.96047353744507,0,0,0,NA,0
96,"0",1.6,"2026-05-12","09:18:35",NA,"UNKNOWN",0,0,0,0,0.069,69,0.944444444444444,NA,NA,NA,NA,NA,NA,NA,NA,0,NA,NA,"NEDz",105.147053479627,2.96047353744507,0,0,0,NA,0
97,"0",1.62,"2026-05-12","09:18:36",NA,"UNKNOWN",0,0,0,0,0.069,69,0.944444444444444,NA,NA,NA,NA,NA,NA,NA,NA,0,NA,NA,"NEDz",105.147053479627,2.96047353744507,0,0,0,NA,0
98,"0",1.63,"2026-05-12","09:18:37",NA,"UNKNOWN",0,0,0,0,0.069,69,0.944444444444444,NA,NA,NA,NA,NA,NA,NA,NA,0,NA,NA,"NEDz",105.147053479627,2.96047353744507,0,0,0,NA,0
99,"0",1.65,"2026-05-12","09:18:38",NA,"UNKNOWN",0,0,0,0,0.069,69,0.944444444444444,NA,NA,NA,NA,NA,NA,NA,NA,0,NA,NA,"NEDz",105.147053479627,2.96047353744507,0,0,0,NA,0
100,"0",1.67,"2026-05-12","09:18:39",NA,"UNKNOWN",0,0,0,0,0.069,69,0.944444444444444,NA,NA,NA,NA,NA,NA,NA,NA,0,NA,NA,"NEDz",105.147053479627,2.96047353744507,0,0,0,NA,0
101,"0",1.68,"2026-05-12","09:18:40",NA,"UNKNOWN",0,0,0,0,0.069,69,0.944444444444444,NA,NA,NA,NA,NA,NA,NA,NA,0,NA,NA,"NEDz",105.147053479627,2.96047353744507,0,0,0,NA,0
102,"0",1.7,"2026-05-12","09:18:41",NA,"UNKNOWN",0,0,0,0,0.069,69,0.944444444444444,NA,NA,NA,NA,NA,NA,NA,NA,0,NA,NA,"NEDz",105.147053479627,2.96047353744507,0,0,0,NA,0
103,"0",1.72,"2026-05-12","09:18:42",NA,"UNKNOWN",0,0,0,0,0.069,69,0.944444444444444,NA,NA,NA,NA,NA,NA,NA,NA,0,NA,NA,"NEDz",105.147053479627,2.96047353744507,0,0,0,NA,0
104,"0",1.73,"2026-05-12","09:18:43",NA,"UNKNOWN",0,0,0,0,0.069,69,0.944444444444444,NA,NA,NA,NA,NA,NA,NA,NA,0,NA,NA,"NEDz",105.147053479627,2.96047353744507,0,0,0,NA,0
105,"0",1.75,"2026-05-12","09:18:44",NA,"UNKNOWN",0,0,0,0,0.069,69,0.944444444444444,NA,NA,NA,NA,NA,NA,NA,NA,0,NA,NA,"NEDz",105.147053479627,2.96047353744507,0,0,0,NA,0
106,"0",1.77,"2026-05-12","09:18:45",NA,"UNKNOWN",0,0,0,0,0.069,69,0.944444444444444,NA,NA,NA,NA,NA,NA,NA,NA,0,NA,NA,"NEDz",105.147053479627,2.96047353744507,0,0,0,NA,0
107,"0",1.78,"2026-05-12","09:18:46",NA,"UNKNOWN",0,0,0,0,0.069,69,0.944444444444444,NA,NA,NA,NA,NA,NA,NA,NA,0,NA,NA,"NEDz",105.147053479627,2.96047353744507,0,0,0,NA,0
108,"0",1.8,"2026-05-12","09:18:47",NA,"UNKNOWN",0,0,0,0,0.069,69,0.944444444444444,NA,NA,NA,NA,NA,NA,NA,NA,0,NA,NA,"NEDz",105.147053479627,2.96047353744507,0,0,0,NA,0
109,"0",1.82,"2026-05-12","09:18:48",NA,"UNKNOWN",0,0,0,0,0.069,69,0.944444444444444,NA,NA,NA,NA,NA,NA,NA,NA,0,NA,NA,"NEDz",105.147053479627,2.96047353744507,0,0,0,NA,0
110,"0",1.83,"2026-05-12","09:18:49",NA,"UNKNOWN",0,0,0,0,0.069,69,0.944444444444444,NA,NA,NA,NA,NA,NA,NA,NA,0,NA,NA,"NEDz",105.147053479627,0.0500781983137131,0,0,0,NA,0
111,"0",1.85,"2026-05-12","09:18:50",NA,"UNKNOWN",0,0,0,0,0.069,69,0.944444444444444,NA,NA,NA,NA,NA,NA,NA,NA,0,NA,NA,"NEDz",105.147053479627,0.0500781983137131,0,0,0,NA,0
112,"0",1.87,"2026-05-12","09:18:51",NA,"UNKNOWN",0,0,0,0,0.069,69,0.944444444444444,NA,NA,NA,NA,NA,NA,NA,NA,0,NA,NA,"NEDz",105.147053479627,0.0500781983137131,0,0,0,NA,0
113,"0",1.88,"2026-05-12","09:18:52",NA,"UNKNOWN",0,0,0,0,0.069,69,0.944444444444444,NA,NA,NA,NA,NA,NA,NA,NA,0,NA,NA,"NEDz",105.147053479627,0.0500781983137131,0,0,0,NA,0
114,"0",1.9,"2026-05-12","09:18:53",NA,"UNKNOWN",0,0,0,0,0.069,69,0.944444444444444,NA,NA,NA,NA,NA,NA,NA,NA,0,NA,NA,"NEDz",105.147053479627,0.0500781983137131,0,0,0,NA,0
115,"0",1.92,"2026-05-12","09:18:54",NA,"UNKNOWN",0,0,0,0,0.069,69,0.944444444444444,NA,NA,NA,NA,NA,NA,NA,NA,0,NA,NA,"NEDz",105.147053479627,0.0930897891521454,0,0,0,NA,0
116,"0",1.93,"2026-05-12","09:18:55",NA,"UNKNOWN",0,0,0,0,0.069,69,0.944444444444444,NA,NA,NA,NA,NA,NA,NA,NA,0,NA,NA,"NEDz",105.147053479627,0.136101379990578,0,0,0,NA,0
117,"0",1.95,"2026-05-12","09:18:56",NA,"UNKNOWN",0,0,0,0,0.069,69,0.944444444444444,NA,NA,NA,NA,NA,NA,NA,NA,0,NA,NA,"NEDz",105.147053479627,0.136101379990578,0,0,0,NA,0
118,"0",1.97,"2026-05-12","09:18:57",NA,"UNKNOWN",0,0,0,0,0.069,69,0.944444444444444,NA,NA,NA,NA,NA,NA,NA,NA,0,NA,NA,"NEDz",105.147053479627,0.136101379990578,0,0,0,NA,0
119,"0",1.98,"2026-05-12","09:18:58",NA,"UNKNOWN",0,0,0,0,0.069,69,0.944444444444444,NA,NA,NA,NA,0,0,NA,NA,0,-9.74800872802734,-8.43426479429086,"NEDz",105.147053479627,0.136101379990578,0,0,0,9.74800872802734,0
120,"0",2,"2026-05-12","09:18:59",NA,"UNKNOWN",0,0,0,0,0.069,69,0.944444444444444,NA,NA,NA,NA,0,0,NA,NA,0,-9.74800872802734,-8.43413514023756,"NEDz",105.147053479627,0.136101379990578,0,0,0,9.74800872802734,0
121,"0",2.02,"2026-05-12","09:19:00",0,"STABILIZE",0,0,0,0,0.069,69,0.944444444444444,NA,NA,NA,NA,0,0,NA,NA,0,-9.74800872802734,-8.43400872802734,"NEDz",105.147053479627,0.136101379990578,0,0,0,9.74800872802734,0
122,"0",2.03,"2026-05-12","09:19:01",0,"STABILIZE",0,0,0,0,0.069,69,0.944444444444444,NA,NA,NA,NA,0,0,NA,NA,0,-9.74800872802734,-8.43388562688988,"NEDz",105.147053479627,0.136101379990578,0,0,0,9.74800872802734,0
123,"0",2.05,"2026-05-12","09:19:02",0,"STABILIZE",0,0,0,0,0.069,69,0.944444444444444,NA,NA,NA,NA,0,0,NA,NA,0,-9.74800872802734,-8.43376579456969,"NEDz",105.147053479627,0.136101379990578,0,0,0,9.74800872802734,0
124,"0",2.07,"2026-05-12","09:19:03",0,"STABILIZE",0,0,0,0,0.069,69,0.944444444444444,NA,NA,NA,NA,0,0,NA,NA,0,-9.74800872802734,-8.43364916093999,"NEDz",105.147053479627,0.136101379990578,0,0,0,9.74800872802734,0
125,"0",2.08,"2026-05-12","09:19:04",0,"STABILIZE",0,0,0,0,0.069,69,0.944444444444444,NA,NA,NA,NA,0,0,NA,NA,0,-9.74800872802734,-8.433535655874,"NEDz",105.147053479627,0.136101379990578,0,0,0,9.74800872802734,0
126,"0",2.1,"2026-05-12","09:19:05",0,"STABILIZE",0,0,0,0,0.069,69,0.944444444444444,NA,NA,NA,NA,0,0,NA,NA,0,-9.74800872802734,-8.43342520924496,"NEDz",105.147053479627,0.136101379990578,0,0,0,9.74800872802734,0
127,"0",2.12,"2026-05-12","09:19:06",0,"STABILIZE",0,0,0,0,0.069,69,0.944444444444444,NA,NA,NA,NA,0,0,NA,NA,0,-9.74800872802734,-8.43331775092607,"NEDz",105.147053479627,0.136101379990578,0,0,0,9.74800872802734,0
128,"0",2.13,"2026-05-12","09:19:07",0,"STABILIZE",0,0,0,0,0.069,69,0.944444444444444,NA,NA,NA,NA,0,0,NA,NA,0,-9.74800872802734,-8.43321321079056,"NEDz",105.147053479627,0.136101379990578,0,0,0,9.74800872802734,0
129,"0",2.15,"2026-05-12","09:19:08",0,"STABILIZE",0,0,0,0,0.069,69,0.944444444444444,NA,NA,NA,NA,0,0,NA,NA,0,-9.74800872802734,-8.43311151871165,"NEDz",105.147053479627,0.136101379990578,0,0,0,9.74800872802734,0
130,"0",2.17,"2026-05-12","09:19:09",0,"STABILIZE",0,0,0,0,0.069,69,0.944444444444444,NA,NA,NA,NA,0,0,NA,NA,0,-9.74800872802734,-8.43301260456258,"NEDz",105.147053479627,0.136101379990578,0,0,0,9.74800872802734,0
131,"0",2.18,"2026-05-12","09:19:10",0,"STABILIZE",0,0,0,0,0.069,69,0.944444444444444,NA,NA,NA,NA,0,0,NA,NA,0,-9.74800872802734,-8.43291639821655,"NEDz",105.147053479627,0.136101379990578,0,0,0,9.74800872802734,0
132,"0",2.2,"2026-05-12","09:19:11",0,"STABILIZE",0,0,0,0,0.069,69,0.944444444444444,NA,NA,NA,NA,0,0,NA,NA,0,-9.74800872802734,-8.4328228295468,"NEDz",105.147053479627,0.136101379990578,0,0,0,9.74800872802734,0
133,"0",2.22,"2026-05-12","09:19:12",0,"STABILIZE",0,0,0,0,0.069,69,0.944444444444444,NA,NA,NA,NA,0,0,NA,NA,0,-9.74800872802734,-8.43273182842654,"NEDz",105.147053479627,0.136101379990578,0,0,0,9.74800872802734,0
134,"0",2.23,"2026-05-12","09:19:13",0,"STABILIZE",0,0,0,0,0.069,69,0.944444444444444,NA,NA,NA,NA,0,0,NA,NA,0,-9.74800872802734,-8.43264332472901,"NEDz",105.147053479627,0.136101379990578,0,0,0,9.74800872802734,0
135,"0",2.25,"2026-05-12","09:19:14",0,"STABILIZE",0,0,0,0,0.069,69,0.944444444444444,NA,NA,NA,NA,0,0,NA,NA,0,-9.74800872802734,-8.43255724832741,"NEDz",174.493880566635,0.136101379990578,0,0,0,9.74800872802734,0
136,"0",2.27,"2026-05-12","09:19:15",0,"STABILIZE",0,0,0,0,0.069,69,0.944444444444444,NA,NA,NA,NA,0,0,NA,NA,0,-9.74800872802734,-8.43247352909498,"NEDz",243.840707653642,0.136101379990578,0,0,0,9.74800872802734,0
137,"0",2.28,"2026-05-12","09:19:16",0,"STABILIZE",0,0,0,0,0.176,176,2.38888888888889,NA,NA,NA,NA,0,0,NA,NA,0,-9.74800872802734,-8.43239209690493,"NEDz",243.840707653642,0.136101379990578,0,0,0,9.74800872802734,0
138,"0",2.3,"2026-05-12","09:19:17",0,"STABILIZE",0,0,0,0,0.176,176,2.38888888888889,NA,NA,NA,NA,0,0,NA,NA,0,-9.74800872802734,-8.4323128816305,"NEDz",243.840707653642,0.136101379990578,0,0,0,9.74800872802734,0
139,"0",2.32,"2026-05-12","09:19:18",0,"STABILIZE",0,0,0,0,0.176,176,2.38888888888889,NA,NA,NA,NA,0,0,NA,NA,0,-9.74800872802734,-8.4322358131449,"NEDz",243.840707653642,0.136101379990578,0,0,0,9.74800872802734,0
140,"0",2.33,"2026-05-12","09:19:19",0,"STABILIZE",0,0,0,0,0.176,176,2.38888888888889,NA,NA,NA,NA,0,0,NA,NA,0,-9.74800872802734,-8.43216082132135,"NEDz",243.840707653642,0.136101379990578,0,0,0,9.74800872802734,0
141,"0",2.35,"2026-05-12","09:19:20",0,"STABILIZE",0,0,0,0,0.176,176,2.38888888888889,NA,NA,NA,NA,0,0,NA,NA,0,-9.74800872802734,-8.43208783603308,"NEDz",243.840707653642,0.136101379990578,0,0,0,9.74800872802734,0
142,"0",2.37,"2026-05-12","09:19:21",0,"STABILIZE",0,0,0,0,0.176,176,2.38888888888889,NA,NA,NA,NA,0,0,NA,NA,0,-9.74800872802734,-8.43201678715331,"NEDz",243.840707653642,0.136101379990578,0,0,0,9.74800872802734,0
143,"0",2.38,"2026-05-12","09:19:22",0,"STABILIZE",0,0,0,0,0.176,176,2.38888888888889,NA,NA,NA,NA,0,0,NA,NA,0,-9.74800872802734,-8.43194760455526,"NEDz",243.840707653642,0.112725712358952,0,0,0,9.74800872802734,0
144,"0",2.4,"2026-05-12","09:19:23",0,"STABILIZE",0,0,0,0,0.176,176,2.38888888888889,NA,NA,NA,NA,0,0,NA,NA,0,-9.74800872802734,-8.43188021811216,"NEDz",243.840707653642,0.112725712358952,0,0,0,9.74800872802734,0
145,"0",2.42,"2026-05-12","09:19:24",0,"STABILIZE",0,0,0,0,0.176,176,2.38888888888889,NA,NA,NA,NA,0,0,NA,NA,0,-9.74800872802734,-8.43181455769724,"NEDz",243.840707653642,0.112725712358952,0,0,0,9.74800872802734,0
146,"0",2.43,"2026-05-12","09:19:25",0,"STABILIZE",0,0,0,0,0.176,176,2.38888888888889,NA,NA,NA,NA,0,0,NA,NA,0,-9.74800872802734,-8.4317505531837,"NEDz",243.840707653642,0.112725712358952,0,0,0,9.74800872802734,0
147,"0",2.45,"2026-05-12","09:19:26",0,"STABILIZE",0,0,0,0,0.176,176,2.38888888888889,NA,NA,NA,NA,0,0,NA,NA,0,-9.74800872802734,-8.43168813444477,"NEDz",243.840707653642,0.112725712358952,0,0,0,9.74800872802734,0
148,"0",2.47,"2026-05-12","09:19:27",0,"STABILIZE",0,0,0,0,0.176,176,2.38888888888889,NA,NA,NA,NA,0,0,NA,NA,0,-9.74800872802734,-8.43162723135368,"NEDz",243.840707653642,0.112725712358952,0,0,0,9.74800872802734,0
149,"0",2.48,"2026-05-12","09:19:28",0,"STABILIZE",0,0,0,0,0.176,176,2.38888888888889,NA,NA,NA,NA,0,0,NA,NA,0,-9.74800872802734,-8.43156777378366,"NEDz",243.840707653642,0.112725712358952,0,0,0,9.74800872802734,0
150,"0",2.5,"2026-05-12","09:19:29",0,"STABILIZE",0,0,0,0,0.176,176,2.38888888888889,NA,NA,NA,NA,0,0,NA,NA,0,-9.74800872802734,-8.43150969160791,"NEDz",243.840707653642,0.112725712358952,0,0,0,9.74800872802734,0
151,"0",2.52,"2026-05-12","09:19:30",0,"STABILIZE",0,0,0,0,0.176,176,2.38888888888889,NA,NA,NA,NA,0,0,NA,NA,0,-9.74800872802734,-8.43145291469967,"NEDz",243.840707653642,0.112725712358952,0,0,0,9.74800872802734,0
152,"0",2.53,"2026-05-12","09:19:31",0,"STABILIZE",0,0,0,0,0.176,176,2.38888888888889,NA,NA,NA,NA,0,0,NA,NA,0,-9.74800872802734,-8.43139737293216,"NEDz",243.840707653642,0.112725712358952,0,0,0,9.74800872802734,0
153,"0",2.55,"2026-05-12","09:19:32",0,"STABILIZE",0,0,0,0,0.176,176,2.38888888888889,NA,NA,NA,NA,0,0,NA,NA,0,-9.74800872802734,-8.4313429961786,"NEDz",243.840707653642,0.112725712358952,0,0,0,9.74800872802734,0
154,"0",2.57,"2026-05-12","09:19:33",0,"STABILIZE",0,0,0,0,0.176,176,2.38888888888889,NA,NA,NA,NA,0,0,NA,NA,0,-9.74800872802734,-8.43128971431222,"NEDz",243.840707653642,0.112725712358952,0,0,0,9.74800872802734,0
155,"0",2.58,"2026-05-12","09:19:34",0,"STABILIZE",0,0,0,0,0.176,176,2.38888888888889,NA,NA,NA,NA,0,0,NA,NA,0,-9.74800872802734,-8.43123745720623,"NEDz",243.840707653642,0.112725712358952,0,0,0,9.74800872802734,0
156,"0",2.6,"2026-05-12","09:19:35",0,"STABILIZE",0,0,0,0,0.176,176,2.38888888888889,NA,NA,NA,NA,0,0,NA,NA,0,-9.74800872802734,-8.43118615473385,"NEDz",243.840707653642,0.112725712358952,0,0,0,9.74800872802734,0
157,"0",2.62,"2026-05-12","09:19:36",0,"STABILIZE",0,0,0,0,0.176,176,2.38888888888889,NA,NA,NA,NA,-1.02489542961121,0.711145341396332,NA,NA,0,-11.2804679870605,-9.96359499580153,"NEDz",243.840707653642,0.112725712358952,0,0,1.2474527398774,11.2804679870605,0
158,"0",2.63,"2026-05-12","09:19:37",0,"STABILIZE",0,0,0,0,0.176,176,2.38888888888889,NA,NA,NA,NA,-1.02489542961121,0.711145341396332,NA,NA,0,-11.2804679870605,-9.96354539221606,"NEDz",243.840707653642,0.112725712358952,0,0,0,11.2804679870605,0
159,"0",2.65,"2026-05-12","09:19:38",0,"STABILIZE",0,0,0,0,0.176,176,2.38888888888889,NA,NA,NA,NA,-1.02489542961121,0.711145341396332,NA,NA,0,-11.2804679870605,-9.96349653288389,"NEDz",243.840707653642,0.112725712358952,0,0,0,11.2804679870605,0
160,"0",2.67,"2026-05-12","09:19:39",0,"STABILIZE",0,0,0,0,0.176,176,2.38888888888889,NA,NA,NA,NA,-1.02489542961121,0.711145341396332,NA,NA,0,-11.2804679870605,-9.96344834767822,"NEDz",243.840707653642,0.112725712358952,0,0,0,11.2804679870605,0
161,"0",2.68,"2026-05-12","09:19:40",0,"STABILIZE",0,0,0,0,0.176,176,2.38888888888889,NA,NA,NA,NA,-1.02489542961121,0.711145341396332,NA,NA,0,-11.2804679870605,-9.96340076647229,"NEDz",243.840707653642,0.112725712358952,0,0,0,11.2804679870605,0
162,"0",2.7,"2026-05-12","09:19:41",0,"STABILIZE",0,0,0,0,0.176,176,2.38888888888889,NA,NA,NA,NA,-1.02489542961121,0.711145341396332,NA,NA,0,-11.2804679870605,-9.96335371913931,"NEDz",243.840707653642,0.112725712358952,0,0,0,11.2804679870605,0
163,"0",2.72,"2026-05-12","09:19:42",0,"STABILIZE",0,0,0,0,0.176,176,2.38888888888889,NA,NA,NA,NA,-1.02489542961121,0.711145341396332,NA,NA,0,-11.2804679870605,-9.96330713555251,"NEDz",243.840707653642,0.112725712358952,0,0,0,11.2804679870605,0
164,"0",2.73,"2026-05-12","09:19:43",0,"STABILIZE",0,0,0,0,0.176,176,2.38888888888889,NA,NA,NA,NA,-1.02489542961121,0.711145341396332,NA,NA,0,-11.2804679870605,-9.96326094558511,"NEDz",243.840707653642,0.112725712358952,0,0,0,11.2804679870605,0
165,"0",2.75,"2026-05-12","09:19:44",0,"STABILIZE",0,0,0,0,0.176,176,2.38888888888889,NA,NA,NA,NA,-1.02489542961121,0.711145341396332,NA,NA,0,-11.2804679870605,-9.96321507911033,"NEDz",243.840707653642,0.112725712358952,0,0,0,11.2804679870605,0
166,"0",2.77,"2026-05-12","09:19:45",0,"STABILIZE",0,0,0,0,0.176,176,2.38888888888889,NA,NA,NA,NA,-1.02489542961121,0.711145341396332,NA,NA,0,-11.2804679870605,-9.96316946600141,"NEDz",243.840707653642,0.112725712358952,0,0,0,11.2804679870605,0
167,"0",2.78,"2026-05-12","09:19:46",0,"STABILIZE",0,0,0,0,0.176,176,2.38888888888889,NA,NA,NA,NA,-1.02489542961121,0.711145341396332,NA,NA,0,-11.2804679870605,-9.96312403613155,"NEDz",243.840707653642,0.112725712358952,0,0,0,11.2804679870605,0
168,"0",2.8,"2026-05-12","09:19:47",0,"STABILIZE",6.536,18.915,247.25688,2.39490129303704,0.176,176,2.38888888888889,NA,NA,NA,NA,-1.02489542961121,0.711145341396332,NA,NA,0,-11.2804679870605,-9.96307871937398,"NEDz",243.840707653642,0.112725712358952,0,0,0,11.2804679870605,0
169,"0",2.82,"2026-05-12","09:19:48",0,"STABILIZE",13.072,37.83,494.51376,2.69505571898093,0.176,176,2.38888888888889,NA,NA,NA,NA,-1.02489542961121,0.711145341396332,NA,NA,0,-11.2804679870605,-9.96303344560193,"NEDz",243.840707653642,0.112725712358952,0,0,0,11.2804679870605,0
170,"0",2.83,"2026-05-12","09:19:49",0,"STABILIZE",13.072,37.83,494.51376,2.69505571898093,0.176,176,2.38888888888889,NA,NA,NA,NA,-1.02489542961121,0.711145341396332,NA,NA,0,-11.2804679870605,-9.96298814468861,"NEDz",243.840707653642,0.112725712358952,0,0,0,11.2804679870605,0
171,"0",2.85,"2026-05-12","09:19:50",0,"STABILIZE",13.072,37.83,494.51376,2.69505571898093,0.176,176,2.38888888888889,NA,NA,NA,NA,-1.02489542961121,0.711145341396332,NA,NA,0,-11.2804679870605,-9.96294274650726,"NEDz",243.840707653642,0.112725712358952,0,0,0,11.2804679870605,0
172,"0",2.87,"2026-05-12","09:19:51",0,"STABILIZE",13.072,37.83,494.51376,2.69505571898093,0.176,176,2.38888888888889,NA,NA,NA,NA,-1.02489542961121,0.711145341396332,NA,NA,0,-11.2804679870605,-9.96289718093109,"NEDz",243.840707653642,0.112725712358952,0,0,0,11.2804679870605,0
173,"0",2.88,"2026-05-12","09:19:52",0,"STABILIZE",13.072,37.83,494.51376,2.69505571898093,0.176,176,2.38888888888889,NA,NA,NA,NA,-1.02489542961121,0.711145341396332,NA,NA,0,-11.2804679870605,-9.96285137783332,"NEDz",243.840707653642,0.112725712358952,0,0,0,11.2804679870605,0
174,"0",2.9,"2026-05-12","09:19:53",0,"STABILIZE",13.072,37.83,494.51376,2.69505571898093,0.176,176,2.38888888888889,NA,NA,NA,NA,-1.02489542961121,0.711145341396332,NA,NA,0,-11.2804679870605,-9.96280526708719,"NEDz",243.840707653642,0.112725712358952,0,0,0,11.2804679870605,0
175,"0",2.92,"2026-05-12","09:19:54",0,"STABILIZE",13.072,37.83,494.51376,2.69505571898093,0.176,176,2.38888888888889,NA,NA,NA,NA,-1.02489542961121,0.711145341396332,NA,NA,0,-11.2804679870605,-9.9627587785659,"NEDz",243.840707653642,0.112725712358952,0,0,0,11.2804679870605,0
176,"0",2.93,"2026-05-12","09:19:55",0,"STABILIZE",13.072,37.83,494.51376,2.69505571898093,0.176,176,2.38888888888889,NA,NA,NA,NA,-1.02489542961121,0.711145341396332,NA,NA,0,-11.2804679870605,-9.96271184214269,"NEDz",243.840707653642,0.112725712358952,0,0,0,11.2804679870605,0
177,"0",2.95,"2026-05-12","09:19:56",0,"STABILIZE",13.072,37.83,494.51376,2.69505571898093,0.176,176,2.38888888888889,NA,NA,NA,NA,-1.02489542961121,0.711145341396332,NA,NA,0,-11.2804679870605,-9.96266438769078,"NEDz",243.840707653642,0.112725712358952,0,0,0,11.2804679870605,0
178,"0",2.97,"2026-05-12","09:19:57",0,"STABILIZE",13.072,37.83,494.51376,2.69505571898093,0.176,176,2.38888888888889,NA,NA,NA,NA,-1.02489542961121,0.711145341396332,NA,NA,0,-11.2804679870605,-9.96261634508338,"NEDz",108.923328467944,0.112725712358952,0,0,0,11.2804679870605,0
179,"0",2.98,"2026-05-12","09:19:58",0,"STABILIZE",13.072,37.83,494.51376,2.69505571898093,0.176,176,2.38888888888889,NA,NA,NA,NA,-1.02489542961121,0.711145341396332,NA,NA,0,-11.2804679870605,-9.96256764419373,"NEDz",108.923328467944,0.112725712358952,0,0,0,11.2804679870605,0
180,"0",3,"2026-05-12","09:19:59",0,"STABILIZE",13.072,37.83,494.51376,2.69505571898093,0.176,176,2.38888888888889,NA,NA,NA,NA,-1.02489542961121,0.711145341396332,NA,NA,0,-11.2804679870605,-9.96251821489505,"NEDz",108.923328467944,0.112725712358952,0,0,0,11.2804679870605,0
181,"0",3.02,"2026-05-12","09:20:00",0,"STABILIZE",13.072,37.83,494.51376,2.69505571898093,0.176,176,2.38888888888889,NA,NA,NA,NA,-1.02489542961121,0.711145341396332,NA,NA,0,-11.2804679870605,-9.96246798706055,"NEDz",108.923328467944,0.112725712358952,0,0,0,11.2804679870605,0
182,"0",3.03,"2026-05-12","09:20:01",0,"STABILIZE",13.072,37.83,494.51376,2.69505571898093,0.176,176,2.38888888888889,NA,NA,NA,NA,-1.68837714195251,2.81389802694321,NA,NA,0,-10.828727722168,-9.51067664014859,"NEDz",108.923328467944,0.112725712358952,0,0,2.2049437269885,10.828727722168,0
183,"0",3.05,"2026-05-12","09:20:02",0,"STABILIZE",13.072,37.83,494.51376,2.69505571898093,0.176,176,2.38888888888889,NA,NA,NA,NA,-1.68837714195251,2.81389802694321,NA,NA,0,-10.828727722168,-9.5106247062061,"NEDz",108.923328467944,0.112725712358952,0,0,0,10.828727722168,0
184,"0",3.07,"2026-05-12","09:20:03",0,"STABILIZE",13.072,37.83,494.51376,2.69505571898093,0.176,176,2.38888888888889,NA,NA,NA,NA,-1.68837714195251,2.81389802694321,NA,NA,0,-10.828727722168,-9.51057193707999,"NEDz",108.923328467944,0.112725712358952,0,0,0,10.828727722168,0
185,"0",3.08,"2026-05-12","09:20:04",0,"STABILIZE",13.072,37.83,494.51376,2.69505571898093,0.176,176,2.38888888888889,NA,NA,NA,NA,-1.68837714195251,2.81389802694321,NA,NA,0,-10.828727722168,-9.51051834950973,"NEDz",108.923328467944,0.112725712358952,0,0,0,10.828727722168,0
186,"0",3.1,"2026-05-12","09:20:05",0,"STABILIZE",13.072,37.83,494.51376,2.69505571898093,0.176,176,2.38888888888889,NA,NA,NA,NA,-1.68837714195251,2.81389802694321,NA,NA,0,-10.828727722168,-9.51046396023482,"NEDz",108.923328467944,0.112725712358952,0,0,0,10.828727722168,0
187,"0",3.12,"2026-05-12","09:20:06",0,"STABILIZE",13.072,37.83,494.51376,2.69505571898093,0.176,176,2.38888888888889,NA,NA,NA,NA,-1.68837714195251,2.81389802694321,NA,NA,0,-10.828727722168,-9.51040878599472,"NEDz",108.923328467944,0.112725712358952,0,0,0,10.828727722168,0
188,"0",3.13,"2026-05-12","09:20:07",0,"STABILIZE",13.072,37.83,494.51376,2.69505571898093,0.176,176,2.38888888888889,NA,NA,NA,NA,-1.68837714195251,2.81389802694321,NA,NA,0,-10.828727722168,-9.51035284352892,"NEDz",108.923328467944,0.112725712358952,0,0,0,10.828727722168,0
189,"0",3.15,"2026-05-12","09:20:08",0,"STABILIZE",13.072,37.83,494.51376,2.69505571898093,0.176,176,2.38888888888889,NA,NA,NA,NA,-1.68837714195251,2.81389802694321,NA,NA,0,-10.828727722168,-9.5102961495769,"NEDz",108.923328467944,0.112725712358952,0,0,0,10.828727722168,0
190,"0",3.17,"2026-05-12","09:20:09",0,"STABILIZE",13.072,37.83,494.51376,2.69505571898093,0.176,176,2.38888888888889,NA,NA,NA,NA,-1.68837714195251,2.81389802694321,NA,NA,0,-10.828727722168,-9.51023872087815,"NEDz",108.923328467944,0.112725712358952,0,0,0,10.828727722168,0
191,"0",3.18,"2026-05-12","09:20:10",0,"STABILIZE",13.072,37.83,494.51376,2.69505571898093,0.176,176,2.38888888888889,NA,NA,NA,NA,-1.68837714195251,2.81389802694321,NA,NA,0,-10.828727722168,-9.51018057417214,"NEDz",108.923328467944,0.112725712358952,0,0,0,10.828727722168,0
192,"0",3.2,"2026-05-12","09:20:11",0,"STABILIZE",13.072,37.83,494.51376,2.69505571898093,0.176,176,2.38888888888889,NA,NA,NA,NA,-1.68837714195251,2.81389802694321,NA,NA,0,-10.828727722168,-9.51012172619836,"NEDz",108.923328467944,0.112725712358952,0,0,0,10.828727722168,0
193,"0",3.22,"2026-05-12","09:20:12",0,"STABILIZE",13.072,37.83,494.51376,2.69505571898093,0.176,176,2.38888888888889,NA,NA,NA,NA,-1.68837714195251,2.81389802694321,NA,NA,0,-10.828727722168,-9.51006219369629,"NEDz",108.923328467944,0.112725712358952,0,0,0,10.828727722168,0
194,"0",3.23,"2026-05-12","09:20:13",0,"STABILIZE",13.072,37.83,494.51376,2.69505571898093,0.176,176,2.38888888888889,NA,NA,NA,NA,-1.68837714195251,2.81389802694321,NA,NA,0,-10.828727722168,-9.51000199340541,"NEDz",108.923328467944,0.112725712358952,0,0,0,10.828727722168,0
195,"0",3.25,"2026-05-12","09:20:14",0,"STABILIZE",13.072,37.83,494.51376,2.69505571898093,0.176,176,2.38888888888889,NA,NA,NA,NA,-1.68837714195251,2.81389802694321,NA,NA,0,-10.828727722168,-9.5099411420652,"NEDz",108.923328467944,0.112725712358952,0,0,0,10.828727722168,0
196,"0",3.27,"2026-05-12","09:20:15",0,"STABILIZE",13.072,37.83,494.51376,2.69505571898093,0.176,176,2.38888888888889,NA,NA,NA,NA,-1.68837714195251,2.81389802694321,NA,NA,0,-10.828727722168,-9.50987965641515,"NEDz",108.923328467944,0.112725712358952,0,0,0,10.828727722168,0
197,"0",3.28,"2026-05-12","09:20:16",0,"STABILIZE",13.072,37.83,494.51376,2.69505571898093,0.176,176,2.38888888888889,NA,NA,NA,NA,-1.68837714195251,2.81389802694321,NA,NA,0,-10.828727722168,-9.50981755319473,"NEDz",108.923328467944,0.112725712358952,0,0,0,10.828727722168,0
198,"0",3.3,"2026-05-12","09:20:17",0,"STABILIZE",13.072,37.83,494.51376,2.69505571898093,0.176,176,2.38888888888889,NA,NA,NA,NA,-1.68837714195251,2.81389802694321,NA,NA,0,-10.828727722168,-9.50975484914343,"NEDz",99.2257097711437,0.112725712358952,0,0,0,10.828727722168,0
199,"0",3.32,"2026-05-12","09:20:18",0,"STABILIZE",13.072,37.83,494.51376,2.69505571898093,0.176,176,2.38888888888889,NA,NA,NA,NA,-1.68837714195251,2.81389802694321,NA,NA,0,-10.828727722168,-9.50969156100073,"NEDz",99.2257097711437,0.112725712358952,0,0,0,10.828727722168,0
200,"0",3.33,"2026-05-12","09:20:19",0,"STABILIZE",13.072,37.83,494.51376,2.69505571898093,0.673,673,8.88888888888889,NA,NA,NA,NA,-1.68837714195251,2.81389802694321,NA,NA,0,-10.828727722168,-9.50962770550611,"NEDz",99.2257097711437,0.112725712358952,0,0,0,10.828727722168,0
201,"0",3.35,"2026-05-12","09:20:20",0,"STABILIZE",13.072,37.83,494.51376,2.69505571898093,0.673,673,8.88888888888889,NA,NA,NA,NA,-1.68837714195251,2.81389802694321,NA,NA,0.199999988079071,-10.828727722168,-9.70956328747813,"NEDz",99.2257097711437,0.112725712358952,0.348484827713533,0.262947627056401,0,10.828727722168,0
202,"0",3.37,"2026-05-12","09:20:21",0,"STABILIZE",13.072,37.83,494.51376,2.69505571898093,0.673,673,8.88888888888889,NA,NA,NA,NA,-1.68837714195251,2.81389802694321,NA,NA,0.599999964237213,-10.828727722168,-10.1094983236563,"NEDz",99.2257097711437,0.112725712358952,1.0454544831406,0.788842881169204,0,10.828727722168,0
203,"0",3.38,"2026-05-12","09:20:22",0,"STABILIZE",13.072,37.83,494.51376,2.69505571898093,0.673,673,8.88888888888889,NA,NA,NA,NA,-1.68837714195251,2.81389802694321,NA,NA,0.599999964237213,-10.828727722168,-10.1094328665428,"NEDz",99.2257097711437,0.112725712358952,1.0454544831406,0.788842881169204,0,10.828727722168,0
204,"0",3.4,"2026-05-12","09:20:23",0,"STABILIZE",13.072,37.83,494.51376,2.69505571898093,0.673,673,8.88888888888889,NA,NA,NA,NA,-1.68837714195251,2.81389802694321,NA,NA,0.599999964237213,-10.828727722168,-10.1093669090353,"NEDz",99.2257097711437,0.112725712358952,1.0454544831406,0.788842881169204,0,10.828727722168,0
205,"0",3.42,"2026-05-12","09:20:24",0,"STABILIZE",13.072,37.83,494.51376,2.69505571898093,0.673,673,8.88888888888889,NA,NA,NA,NA,-1.68837714195251,2.81389802694321,NA,NA,0.599999964237213,-10.828727722168,-10.1093004678733,"NEDz",99.2257097711437,0.112725712358952,1.0454544831406,0.788842881169204,0,10.828727722168,0
206,"0",3.43,"2026-05-12","09:20:25",0,"STABILIZE",13.072,37.83,494.51376,2.69505571898093,0.673,673,8.88888888888889,NA,NA,NA,NA,-1.68837714195251,2.81389802694321,NA,NA,0.599999964237213,-10.828727722168,-10.1092335597963,"NEDz",99.2257097711437,0.112725712358952,1.0454544831406,0.788842881169204,0,10.828727722168,0
207,"0",3.45,"2026-05-12","09:20:26",0,"STABILIZE",13.072,37.83,494.51376,2.69505571898093,0.673,673,8.88888888888889,NA,NA,NA,NA,-1.68837714195251,2.81389802694321,NA,NA,0.599999964237213,-10.828727722168,-10.1091662015437,"NEDz",99.2257097711437,0.112725712358952,1.0454544831406,0.788842881169204,0,10.828727722168,0
208,"0",3.47,"2026-05-12","09:20:27",0,"STABILIZE",13.072,37.83,494.51376,2.69505571898093,0.673,673,8.88888888888889,NA,NA,NA,NA,-1.68837714195251,2.81389802694321,NA,NA,0.599999964237213,-10.828727722168,-10.1090984098551,"NEDz",99.2257097711437,0.112725712358952,1.0454544831406,0.788842881169204,0,10.828727722168,0
209,"0",3.48,"2026-05-12","09:20:28",0,"STABILIZE",13.072,37.83,494.51376,2.69505571898093,0.673,673,8.88888888888889,NA,NA,NA,NA,-1.68837714195251,2.81389802694321,NA,NA,0.599999964237213,-10.828727722168,-10.1090302014699,"NEDz",99.2257097711437,0.112725712358952,1.0454544831406,0.788842881169204,0,10.828727722168,0
210,"0",3.5,"2026-05-12","09:20:29",0,"STABILIZE",13.072,37.83,494.51376,2.69505571898093,0.673,673,8.88888888888889,NA,NA,NA,NA,-1.68837714195251,2.81389802694321,NA,NA,0.599999964237213,-10.828727722168,-10.1089615931276,"NEDz",99.2257097711437,0.112725712358952,1.0454544831406,0.788842881169204,0,10.828727722168,0
211,"0",3.52,"2026-05-12","09:20:30",0,"STABILIZE",13.072,37.83,494.51376,2.69505571898093,0.673,673,8.88888888888889,NA,NA,NA,NA,-1.68837714195251,2.81389802694321,NA,NA,0.599999964237213,-10.828727722168,-10.1088926015676,"NEDz",99.2257097711437,0.112725712358952,1.0454544831406,0.788842881169204,0,10.828727722168,0
212,"0",3.53,"2026-05-12","09:20:31",0,"STABILIZE",13.072,37.83,494.51376,2.69505571898093,0.673,673,8.88888888888889,NA,NA,NA,NA,-1.68837714195251,2.81389802694321,NA,NA,0.599999964237213,-10.828727722168,-10.1088232435296,"NEDz",99.2257097711437,0.112725712358952,1.0454544831406,0.788842881169204,0,10.828727722168,0
213,"0",3.55,"2026-05-12","09:20:32",0,"STABILIZE",13.072,37.83,494.51376,2.69505571898093,0.673,673,8.88888888888889,NA,NA,NA,NA,-1.68837714195251,2.81389802694321,NA,NA,0.599999964237213,-10.828727722168,-10.1087535357528,"NEDz",99.2257097711437,0.112725712358952,1.0454544831406,0.788842881169204,0,10.828727722168,0
214,"0",3.57,"2026-05-12","09:20:33",0,"STABILIZE",13.072,37.83,494.51376,2.69505571898093,0.673,673,8.88888888888889,NA,NA,NA,NA,-1.68837714195251,2.81389802694321,NA,NA,0.599999964237213,-10.828727722168,-10.1086834949769,"NEDz",99.2257097711437,0.112725712358952,1.0454544831406,0.788842881169204,0,10.828727722168,0
215,"0",3.58,"2026-05-12","09:20:34",0,"STABILIZE",13.072,37.83,494.51376,2.69505571898093,0.673,673,8.88888888888889,NA,NA,NA,NA,-1.68837714195251,2.81389802694321,NA,NA,0.599999964237213,-10.828727722168,-10.1086131379413,"NEDz",99.2257097711437,0.112725712358952,1.0454544831406,0.788842881169204,0,10.828727722168,0
216,"0",3.6,"2026-05-12","09:20:35",0,"STABILIZE",13.072,37.83,494.51376,2.69505571898093,0.673,673,8.88888888888889,NA,NA,NA,NA,-1.68837714195251,2.81389802694321,NA,NA,0.599999964237213,-10.828727722168,-10.1085424813855,"NEDz",99.2257097711437,0.112725712358952,1.0454544831406,0.788842881169204,0,10.828727722168,0
217,"0",3.62,"2026-05-12","09:20:36",0,"STABILIZE",13.072,37.83,494.51376,2.69505571898093,0.871,871,11.4722222222222,NA,NA,NA,NA,-1.68837714195251,2.81389802694321,NA,NA,0.599999964237213,-10.828727722168,-10.108471542049,"NEDz",99.2257097711437,0.112725712358952,1.0454544831406,0.788842881169204,0,10.828727722168,0
218,"0",3.63,"2026-05-12","09:20:37",0,"STABILIZE",13.072,37.83,494.51376,2.69505571898093,0.871,871,11.4722222222222,NA,NA,NA,NA,-1.68837714195251,2.81389802694321,NA,NA,0.599999964237213,-10.828727722168,-10.1084003366712,"NEDz",99.2257097711437,0.112725712358952,1.0454544831406,0.788842881169204,0,10.828727722168,0
219,"0",3.65,"2026-05-12","09:20:38",0,"STABILIZE",13.072,37.83,494.51376,2.69505571898093,0.871,871,11.4722222222222,NA,NA,NA,NA,-1.68837714195251,2.81389802694321,NA,NA,0.599999964237213,-10.828727722168,-10.1083288819916,"NEDz",99.2257097711437,0.112725712358952,1.0454544831406,0.788842881169204,0,10.828727722168,0
220,"0",3.67,"2026-05-12","09:20:39",0,"STABILIZE",13.072,37.83,494.51376,2.69505571898093,0.871,871,11.4722222222222,NA,NA,NA,NA,-1.68837714195251,2.81389802694321,NA,NA,0.599999964237213,-10.828727722168,-10.1082571947498,"NEDz",99.2257097711437,0.112725712358952,1.0454544831406,0.788842881169204,0,10.828727722168,0
221,"0",3.68,"2026-05-12","09:20:40",0,"STABILIZE",13.072,37.83,494.51376,2.69505571898093,0.871,871,11.4722222222222,NA,NA,NA,NA,-1.68837714195251,2.81389802694321,NA,NA,0.599999964237213,-10.828727722168,-10.1081852916851,"NEDz",99.2257097711437,0.112725712358952,1.0454544831406,0.788842881169204,0,10.828727722168,0
222,"0",3.7,"2026-05-12","09:20:41",0,"STABILIZE",13.072,37.83,494.51376,2.69505571898093,0.871,871,11.4722222222222,NA,NA,NA,NA,-1.68837714195251,2.81389802694321,NA,NA,0.599999964237213,-10.828727722168,-10.1081131895371,"NEDz",99.2257097711437,0.112725712358952,1.0454544831406,0.788842881169204,0,10.828727722168,0
223,"0",3.72,"2026-05-12","09:20:42",0,"STABILIZE",13.072,37.83,494.51376,2.69505571898093,0.871,871,11.4722222222222,NA,NA,NA,NA,-1.68837714195251,2.81389802694321,NA,NA,0.599999964237213,-10.828727722168,-10.1080409050453,"NEDz",99.2257097711437,0.112725712358952,1.0454544831406,0.788842881169204,0,10.828727722168,0
224,"0",3.73,"2026-05-12","09:20:43",0,"STABILIZE",13.072,37.83,494.51376,2.69505571898093,0.871,871,11.4722222222222,NA,NA,NA,NA,-1.68837714195251,2.81389802694321,NA,NA,0.599999964237213,-10.828727722168,-10.1079684549492,"NEDz",99.2257097711437,0.112725712358952,1.0454544831406,0.788842881169204,0,10.828727722168,0
225,"0",3.75,"2026-05-12","09:20:44",0,"STABILIZE",13.072,37.83,494.51376,2.69505571898093,0.871,871,11.4722222222222,NA,NA,NA,NA,-1.68837714195251,2.81389802694321,NA,NA,0.599999964237213,-10.828727722168,-10.1078958559881,"NEDz",99.2257097711437,0.112725712358952,1.0454544831406,0.788842881169204,0,10.828727722168,0
226,"0",3.77,"2026-05-12","09:20:45",0,"STABILIZE",13.072,37.83,494.51376,2.69505571898093,0.871,871,11.4722222222222,NA,NA,NA,NA,-1.68837714195251,2.81389802694321,NA,NA,0.599999964237213,-10.828727722168,-10.1078231249017,"NEDz",99.2257097711437,0.112725712358952,1.0454544831406,0.788842881169204,0,10.828727722168,0
227,"0",3.78,"2026-05-12","09:20:46",0,"STABILIZE",13.072,37.83,494.51376,2.69505571898093,0.871,871,11.4722222222222,NA,NA,NA,NA,-1.68837714195251,2.81389802694321,NA,NA,0.599999964237213,-10.828727722168,-10.1077502784293,"NEDz",99.2257097711437,0.112725712358952,1.0454544831406,0.788842881169204,0,10.828727722168,0
228,"0",3.8,"2026-05-12","09:20:47",0,"STABILIZE",13.072,37.83,494.51376,2.69505571898093,0.871,871,11.4722222222222,NA,NA,NA,NA,-1.68837714195251,2.81389802694321,NA,NA,0.599999964237213,-10.828727722168,-10.1076773333105,"NEDz",99.2257097711437,0.112725712358952,1.0454544831406,0.788842881169204,0,10.828727722168,0
229,"0",3.82,"2026-05-12","09:20:48",0,"STABILIZE",13.072,37.83,494.51376,2.69505571898093,0.871,871,11.4722222222222,NA,NA,NA,NA,0.346337497234344,6.15627592802048,NA,NA,0.599999964237213,-11.1258592605591,-10.4047358446759,"NEDz",99.2257097711437,0.112725712358952,1.0454544831406,0.788842881169204,3.91299804453452,11.1258592605591,0
230,"0",3.83,"2026-05-12","09:20:49",0,"STABILIZE",13.072,37.83,494.51376,2.69505571898093,0.871,871,11.4722222222222,NA,NA,NA,NA,0.346337497234344,6.15627592802048,NA,NA,0.599999964237213,-11.1258592605591,-10.4046627524827,"NEDz",99.2257097711437,0.112725712358952,1.0454544831406,0.788842881169204,0,11.1258592605591,0
231,"0",3.85,"2026-05-12","09:20:50",0,"STABILIZE",13.072,37.83,494.51376,2.69505571898093,0.871,871,11.4722222222222,NA,NA,NA,NA,0.346337497234344,6.15627592802048,NA,NA,0.599999964237213,-11.1258592605591,-10.4045896118615,"NEDz",99.2257097711437,0.0372394733130932,1.0454544831406,0.788842881169204,0,11.1258592605591,0
232,"0",3.87,"2026-05-12","09:20:51",0,"STABILIZE",13.072,37.83,494.51376,2.69505571898093,0.871,871,11.4722222222222,NA,NA,NA,NA,0.346337497234344,6.15627592802048,NA,NA,0.599999964237213,-11.1258592605591,-10.4045164395518,"NEDz",99.2257097711437,0.0372394733130932,1.0454544831406,0.788842881169204,0,11.1258592605591,0
233,"0",3.88,"2026-05-12","09:20:52",0,"STABILIZE",13.072,37.83,494.51376,2.69505571898093,0.871,871,11.4722222222222,NA,NA,NA,NA,0.346337497234344,6.15627592802048,NA,NA,0.599999964237213,-11.1258592605591,-10.4044432522931,"NEDz",99.2257097711437,0.0372394733130932,1.0454544831406,0.788842881169204,0,11.1258592605591,0
234,"0",3.9,"2026-05-12","09:20:54",0,"STABILIZE",13.072,37.83,494.51376,2.69505571898093,0.871,871,11.4722222222222,NA,NA,NA,NA,0.346337497234344,6.15627592802048,NA,NA,0.599999964237213,-11.1258592605591,-10.4042968998865,"NEDz",99.2257097711437,0.0372394733130932,1.0454544831406,0.788842881169204,0,11.1258592605591,0
235,"0",3.92,"2026-05-12","09:20:55",0,"STABILIZE",13.072,37.83,494.51376,2.69505571898093,0.871,871,11.4722222222222,NA,NA,NA,NA,0.346337497234344,6.15627592802048,NA,NA,0.599999964237213,-11.1258592605591,-10.4042237682176,"NEDz",99.2257097711437,0.0372394733130932,1.0454544831406,0.788842881169204,0,11.1258592605591,0
236,"0",3.93,"2026-05-12","09:20:56",0,"STABILIZE",13.072,37.83,494.51376,2.69505571898093,0.871,871,11.4722222222222,NA,NA,NA,NA,0.346337497234344,6.15627592802048,NA,NA,0.599999964237213,-11.1258592605591,-10.4041506885576,"NEDz",99.2257097711437,0.0372394733130932,1.0454544831406,0.788842881169204,0,11.1258592605591,0
237,"0",3.95,"2026-05-12","09:20:57",0,"STABILIZE",13.072,37.83,494.51376,2.69505571898093,0.871,871,11.4722222222222,NA,NA,NA,NA,0.346337497234344,6.15627592802048,NA,NA,0.599999964237213,-11.1258592605591,-10.404077677646,"NEDz",99.2257097711437,0.0372394733130932,1.0454544831406,0.788842881169204,0,11.1258592605591,0
238,"0",3.97,"2026-05-12","09:20:58",0,"STABILIZE",13.072,37.83,494.51376,2.69505571898093,0.871,871,11.4722222222222,NA,NA,NA,NA,0.346337497234344,6.15627592802048,NA,NA,0.599999964237213,-11.1258592605591,-10.4040047522223,"NEDz",99.2257097711437,0.0372394733130932,1.0454544831406,0.788842881169204,0,11.1258592605591,0
239,"0",3.98,"2026-05-12","09:20:59",0,"STABILIZE",13.072,37.83,494.51376,2.69505571898093,0.871,871,11.4722222222222,NA,NA,NA,NA,0.346337497234344,6.15627592802048,NA,NA,0.599999964237213,-11.1258592605591,-10.4039319290259,"NEDz",99.2257097711437,0.0372394733130932,1.0454544831406,0.788842881169204,0,11.1258592605591,0
240,"0",4,"2026-05-12","09:21:00",0,"STABILIZE",13.072,37.83,494.51376,2.69505571898093,0.871,871,11.4722222222222,NA,NA,NA,NA,0.346337497234344,6.15627592802048,NA,NA,0.599999964237213,-11.1258592605591,-10.4038592247963,"NEDz",99.2257097711437,0.0372394733130932,1.0454544831406,0.788842881169204,0,11.1258592605591,0
241,"0",4.02,"2026-05-12","09:21:01",0,"STABILIZE",13.072,37.83,494.51376,2.69505571898093,0.871,871,11.4722222222222,NA,NA,NA,NA,0.346337497234344,6.15627592802048,NA,NA,0.599999964237213,-11.1258592605591,-10.4037866540113,"NEDz",99.2257097711437,0.0372394733130932,1.0454544831406,0.788842881169204,0,11.1258592605591,0
242,"0",4.03,"2026-05-12","09:21:02",0,"STABILIZE",13.072,37.83,494.51376,2.69505571898093,0.871,871,11.4722222222222,NA,NA,NA,NA,0.346337497234344,6.15627592802048,NA,NA,0.599999964237213,-11.1258592605591,-10.4037142221014,"NEDz",99.2257097711437,0.0372394733130932,1.0454544831406,0.788842881169204,0,11.1258592605591,0
243,"0",4.05,"2026-05-12","09:21:03",0,"STABILIZE",13.072,37.83,494.51376,2.69505571898093,0.871,871,11.4722222222222,NA,NA,NA,NA,0.346337497234344,6.15627592802048,NA,NA,0.599999964237213,-11.1258592605591,-10.4036419322356,"NEDz",99.2257097711437,0.0372394733130932,1.0454544831406,0.788842881169204,0,11.1258592605591,0
244,"0",4.07,"2026-05-12","09:21:04",0,"STABILIZE",13.072,37.83,494.51376,2.69505571898093,0.871,871,11.4722222222222,NA,NA,NA,NA,0.346337497234344,6.15627592802048,NA,NA,0.599999964237213,-11.1258592605591,-10.4035697875826,"NEDz",82.3940131277787,0.0372394733130932,1.0454544831406,0.788842881169204,0,11.1258592605591,0
245,"0",4.08,"2026-05-12","09:21:05",0,"STABILIZE",13.072,37.83,494.51376,2.69505571898093,0.871,871,11.4722222222222,NA,NA,NA,NA,0.346337497234344,6.15627592802048,NA,NA,0.599999964237213,-11.1258592605591,-10.4034977913113,"NEDz",82.3940131277787,0.0372394733130932,1.0454544831406,0.788842881169204,0,11.1258592605591,0
246,"0",4.1,"2026-05-12","09:21:06",0,"STABILIZE",13.072,37.83,494.51376,2.69505571898093,0.871,871,11.4722222222222,NA,NA,NA,NA,0.346337497234344,6.15627592802048,NA,NA,0.599999964237213,-11.1258592605591,-10.4034259465906,"NEDz",82.3940131277787,0.0372394733130932,1.0454544831406,0.788842881169204,0,11.1258592605591,0
247,"0",4.12,"2026-05-12","09:21:07",0,"STABILIZE",13.072,37.83,494.51376,2.69505571898093,0.871,871,11.4722222222222,NA,NA,NA,NA,0.346337497234344,6.15627592802048,NA,NA,0.599999964237213,-11.1258592605591,-10.4033542565893,"NEDz",82.3940131277787,0.0372394733130932,1.0454544831406,0.788842881169204,0,11.1258592605591,0
248,"0",4.13,"2026-05-12","09:21:08",0,"STABILIZE",13.03,39.24,511.2972,2.70952198221272,0.871,871,11.4722222222222,NA,NA,NA,NA,0.346337497234344,6.15627592802048,NA,NA,0.599999964237213,-11.1258592605591,-10.4032827244763,"NEDz",82.3940131277787,0.0372394733130932,1.0454544831406,0.788842881169204,0,11.1258592605591,0
249,"0",4.15,"2026-05-12","09:21:09",0,"STABILIZE",13.03,39.24,511.2972,2.70952198221272,0.871,871,11.4722222222222,NA,NA,NA,NA,0.346337497234344,6.15627592802048,NA,NA,0.599999964237213,-11.1258592605591,-10.4032113534204,"NEDz",82.3940131277787,0.0372394733130932,1.0454544831406,0.788842881169204,0,11.1258592605591,0
250,"0",4.17,"2026-05-12","09:21:10",0,"STABILIZE",13.03,39.24,511.2972,2.70952198221272,0.871,871,11.4722222222222,NA,NA,NA,NA,0.346337497234344,6.15627592802048,NA,NA,0.599999964237213,-11.1258592605591,-10.4031401465904,"NEDz",82.3940131277787,0.0372394733130932,1.0454544831406,0.788842881169204,0,11.1258592605591,0
251,"0",4.18,"2026-05-12","09:21:11",0,"STABILIZE",13.03,39.24,511.2972,2.70952198221272,0.871,871,11.4722222222222,NA,NA,NA,NA,0.346337497234344,6.15627592802048,NA,NA,0.599999964237213,-11.1258592605591,-10.4030691071553,"NEDz",82.3940131277787,0.0372394733130932,1.0454544831406,0.788842881169204,0,11.1258592605591,0
252,"0",4.2,"2026-05-12","09:21:12",0,"STABILIZE",13.03,39.24,511.2972,2.70952198221272,0.871,871,11.4722222222222,NA,NA,NA,NA,0.346337497234344,6.15627592802048,NA,NA,0.599999964237213,-11.1258592605591,-10.4029982382838,"NEDz",82.3940131277787,0.0372394733130932,1.0454544831406,0.788842881169204,0,11.1258592605591,0
253,"0",4.22,"2026-05-12","09:21:13",0,"STABILIZE",13.03,39.24,511.2972,2.70952198221272,0.871,871,11.4722222222222,NA,NA,NA,NA,0.346337497234344,6.15627592802048,NA,NA,0.599999964237213,-11.1258592605591,-10.4029275431449,"NEDz",82.3940131277787,0.0372394733130932,1.0454544831406,0.788842881169204,0,11.1258592605591,0
254,"0",4.23,"2026-05-12","09:21:14",0,"STABILIZE",13.03,39.24,511.2972,2.70952198221272,0.871,871,11.4722222222222,NA,NA,NA,NA,0.346337497234344,6.15627592802048,NA,NA,0.599999964237213,-11.1258592605591,-10.4028570249073,"NEDz",82.3940131277787,0.0372394733130932,1.0454544831406,0.788842881169204,0,11.1258592605591,0
255,"0",4.25,"2026-05-12","09:21:15",0,"STABILIZE",13.03,39.24,511.2972,2.70952198221272,0.871,871,11.4722222222222,NA,NA,NA,NA,0.346337497234344,6.15627592802048,NA,NA,0.599999964237213,-11.1258592605591,-10.4027866867399,"NEDz",82.3940131277787,0.0372394733130932,1.0454544831406,0.788842881169204,0,11.1258592605591,0
256,"0",4.27,"2026-05-12","09:21:16",0,"STABILIZE",13.03,39.24,511.2972,2.70952198221272,0.871,871,11.4722222222222,NA,NA,NA,NA,0.346337497234344,6.15627592802048,NA,NA,0.599999964237213,-11.1258592605591,-10.4027165318116,"NEDz",82.3940131277787,0.0372394733130932,1.0454544831406,0.788842881169204,0,11.1258592605591,0
257,"0",4.28,"2026-05-12","09:21:17",0,"STABILIZE",13.03,39.24,511.2972,2.70952198221272,0.871,871,11.4722222222222,NA,NA,NA,NA,0.346337497234344,6.15627592802048,NA,NA,0.599999964237213,-11.1258592605591,-10.4026465632913,"NEDz",82.3940131277787,0.0372394733130932,1.0454544831406,0.788842881169204,0,11.1258592605591,0
258,"0",4.3,"2026-05-12","09:21:18",0,"STABILIZE",13.03,39.24,511.2972,2.70952198221272,0.871,871,11.4722222222222,NA,NA,NA,NA,0.346337497234344,6.15627592802048,NA,NA,0.599999964237213,-11.1258592605591,-10.4025767843477,"NEDz",82.3940131277787,0.0372394733130932,1.0454544831406,0.788842881169204,0,11.1258592605591,0
259,"0",4.32,"2026-05-12","09:21:19",0,"STABILIZE",13.03,39.24,511.2972,2.70952198221272,0.871,871,11.4722222222222,NA,NA,NA,NA,0.346337497234344,6.15627592802048,NA,NA,0.599999964237213,-11.1258592605591,-10.4025071981497,"NEDz",82.3940131277787,0.0372394733130932,1.0454544831406,0.788842881169204,0,11.1258592605591,0
260,"0",4.33,"2026-05-12","09:21:20",0,"STABILIZE",13.03,39.24,511.2972,2.70952198221272,0.871,871,11.4722222222222,NA,NA,NA,NA,0.346337497234344,6.15627592802048,NA,NA,0.599999964237213,-11.1258592605591,-10.4024378078662,"NEDz",82.3940131277787,0.0372394733130932,1.0454544831406,0.788842881169204,0,11.1258592605591,0
261,"0",4.35,"2026-05-12","09:21:21",0,"STABILIZE",13.03,39.24,511.2972,2.70952198221272,0.871,871,11.4722222222222,NA,NA,NA,NA,0.346337497234344,6.15627592802048,NA,NA,0.599999964237213,-11.1258592605591,-10.402368616666,"NEDz",82.3940131277787,0.0372394733130932,1.0454544831406,0.788842881169204,0,11.1258592605591,0
262,"0",4.37,"2026-05-12","09:21:22",0,"STABILIZE",13.03,39.24,511.2972,2.70952198221272,0.871,871,11.4722222222222,NA,NA,NA,NA,0.346337497234344,6.15627592802048,NA,NA,0.599999964237213,-11.1258592605591,-10.402299627718,"NEDz",82.3940131277787,0.0372394733130932,1.0454544831406,0.788842881169204,0,11.1258592605591,0
263,"0",4.38,"2026-05-12","09:21:23",0,"STABILIZE",13.03,39.24,511.2972,2.70952198221272,0.871,871,11.4722222222222,NA,NA,NA,NA,0.346337497234344,6.15627592802048,NA,NA,0.599999964237213,-11.1258592605591,-10.402230844191,"NEDz",82.3940131277787,0.0372394733130932,1.0454544831406,0.788842881169204,0,11.1258592605591,0
264,"0",4.4,"2026-05-12","09:21:24",0,"STABILIZE",13.03,39.24,511.2972,2.70952198221272,0.871,871,11.4722222222222,NA,NA,NA,NA,0.346337497234344,6.15627592802048,NA,NA,0.599999964237213,-11.1258592605591,-10.4021622692539,"NEDz",82.3940131277787,0.0372394733130932,1.0454544831406,0.788842881169204,0,11.1258592605591,0
265,"0",4.42,"2026-05-12","09:21:25",0,"STABILIZE",13.03,39.24,511.2972,2.70952198221272,0.871,871,11.4722222222222,NA,NA,NA,NA,0.346337497234344,6.15627592802048,NA,NA,0.599999964237213,-11.1258592605591,-10.4020939060755,"NEDz",82.3940131277787,0.0372394733130932,1.0454544831406,0.788842881169204,0,11.1258592605591,0
266,"0",4.43,"2026-05-12","09:21:26",0,"STABILIZE",13.03,39.24,511.2972,2.70952198221272,0.871,871,11.4722222222222,NA,NA,NA,NA,0.346337497234344,6.15627592802048,NA,NA,0.599999964237213,-11.1258592605591,-10.4020257578247,"NEDz",82.3940131277787,0.0372394733130932,1.0454544831406,0.788842881169204,0,11.1258592605591,0
267,"0",4.45,"2026-05-12","09:21:27",0,"STABILIZE",13.03,39.24,511.2972,2.70952198221272,0.871,871,11.4722222222222,NA,NA,NA,NA,0.346337497234344,6.15627592802048,NA,NA,0.599999964237213,-11.1258592605591,-10.4019578276703,"NEDz",82.3940131277787,0.0372394733130932,1.0454544831406,0.788842881169204,0,11.1258592605591,0
268,"0",4.47,"2026-05-12","09:21:28",0,"STABILIZE",13.03,39.24,511.2972,2.70952198221272,0.871,871,11.4722222222222,NA,NA,NA,NA,0.346337497234344,6.15627592802048,NA,NA,0.599999964237213,-11.1258592605591,-10.4018901187812,"NEDz",82.3940131277787,0.0372394733130932,1.0454544831406,0.788842881169204,0,11.1258592605591,0
269,"0",4.48,"2026-05-12","09:21:29",0,"STABILIZE",13.03,39.24,511.2972,2.70952198221272,0.871,871,11.4722222222222,NA,NA,NA,NA,0.346337497234344,6.15627592802048,NA,NA,0.599999964237213,-11.1258592605591,-10.4018226343262,"NEDz",76.039104947891,0.0372394733130932,1.0454544831406,0.788842881169204,0,11.1258592605591,0
270,"0",4.5,"2026-05-12","09:21:30",0,"STABILIZE",13.03,39.24,511.2972,2.70952198221272,0.871,871,11.4722222222222,NA,NA,NA,NA,0.346337497234344,6.15627592802048,NA,NA,0.599999964237213,-11.1258592605591,-10.4017553774742,"NEDz",72.8616508579472,0.0372394733130932,1.0454544831406,0.788842881169204,0,11.1258592605591,0
271,"0",4.52,"2026-05-12","09:21:31",0,"STABILIZE",13.03,39.24,511.2972,2.70952198221272,0.871,871,11.4722222222222,NA,NA,NA,NA,0.346337497234344,6.15627592802048,NA,NA,0.599999964237213,-11.1258592605591,-10.401688351394,"NEDz",72.8616508579472,0.0372394733130932,1.0454544831406,0.788842881169204,0,11.1258592605591,0
272,"0",4.53,"2026-05-12","09:21:32",0,"STABILIZE",13.03,39.24,511.2972,2.70952198221272,0.871,871,11.4722222222222,NA,NA,NA,NA,0.346337497234344,6.15627592802048,NA,NA,0.599999964237213,-11.1258592605591,-10.4016215592545,"NEDz",72.8616508579472,0.0372394733130932,1.0454544831406,0.788842881169204,0,11.1258592605591,0
273,"0",4.55,"2026-05-12","09:21:33",0,"STABILIZE",13.03,39.24,511.2972,2.70952198221272,0.871,871,11.4722222222222,NA,NA,NA,NA,0.346337497234344,6.15627592802048,NA,NA,0.599999964237213,-11.1258592605591,-10.4015550042245,"NEDz",72.8616508579472,0.0372394733130932,1.0454544831406,0.788842881169204,0,11.1258592605591,0
274,"0",4.57,"2026-05-12","09:21:34",0,"STABILIZE",13.03,39.24,511.2972,2.70952198221272,0.871,871,11.4722222222222,NA,NA,NA,NA,0.346337497234344,6.15627592802048,NA,NA,0.599999964237213,-11.1258592605591,-10.4014886894729,"NEDz",72.8616508579472,0.0372394733130932,1.0454544831406,0.788842881169204,0,11.1258592605591,0
275,"0",4.58,"2026-05-12","09:21:35",0,"STABILIZE",13.03,39.24,511.2972,2.70952198221272,0.871,871,11.4722222222222,NA,NA,NA,NA,0.346337497234344,6.15627592802048,NA,NA,0.599999964237213,-11.1258592605591,-10.4014226181685,"NEDz",72.8616508579472,0.0372394733130932,1.0454544831406,0.788842881169204,0,11.1258592605591,0
276,"0",4.6,"2026-05-12","09:21:36",0,"STABILIZE",13.03,39.24,511.2972,2.70952198221272,0.871,871,11.4722222222222,NA,NA,NA,NA,0.346337497234344,6.15627592802048,NA,NA,0.599999964237213,-11.1258592605591,-10.4013567934802,"NEDz",72.8616508579472,0.0372394733130932,1.0454544831406,0.788842881169204,0,11.1258592605591,0
277,"0",4.62,"2026-05-12","09:21:37",0,"STABILIZE",13.03,39.24,511.2972,2.70952198221272,0.871,871,11.4722222222222,NA,NA,NA,NA,0.346337497234344,6.15627592802048,NA,NA,0.599999964237213,-11.1258592605591,-10.4012912185769,"NEDz",72.8616508579472,0.0372394733130932,1.0454544831406,0.788842881169204,0,11.1258592605591,0
278,"0",4.63,"2026-05-12","09:21:38",0,"STABILIZE",13.03,39.24,511.2972,2.70952198221272,0.871,871,11.4722222222222,NA,NA,NA,NA,0.346337497234344,6.15627592802048,NA,NA,0.599999964237213,-11.1258592605591,-10.4012258966273,"NEDz",72.8616508579472,0.0372394733130932,1.0454544831406,0.788842881169204,0,11.1258592605591,0
279,"0",4.65,"2026-05-12","09:21:39",0,"STABILIZE",13.03,39.24,511.2972,2.70952198221272,0.871,871,11.4722222222222,NA,NA,NA,NA,0.346337497234344,6.15627592802048,NA,NA,0.599999964237213,-11.1258592605591,-10.4011608308003,"NEDz",72.8616508579472,0.0372394733130932,1.0454544831406,0.788842881169204,0,11.1258592605591,0
280,"0",4.67,"2026-05-12","09:21:40",0,"STABILIZE",13.03,39.24,511.2972,2.70952198221272,0.871,871,11.4722222222222,NA,NA,NA,NA,0.346337497234344,6.15627592802048,NA,NA,0.599999964237213,-11.1258592605591,-10.4010960242649,"NEDz",72.8616508579472,0.0372394733130932,1.0454544831406,0.788842881169204,0,11.1258592605591,0
281,"0",4.68,"2026-05-12","09:21:41",0,"STABILIZE",13.03,39.24,511.2972,2.70952198221272,0.871,871,11.4722222222222,NA,NA,NA,NA,0.346337497234344,6.15627592802048,NA,NA,0.599999964237213,-11.1258592605591,-10.4010314801897,"NEDz",72.8616508579472,0.0372394733130932,1.0454544831406,0.788842881169204,0,11.1258592605591,0
282,"0",4.7,"2026-05-12","09:21:42",0,"STABILIZE",13.03,39.24,511.2972,2.70952198221272,0.871,871,11.4722222222222,NA,NA,NA,NA,0.346337497234344,6.15627592802048,NA,NA,0.599999964237213,-11.1258592605591,-10.4009672017438,"NEDz",72.8616508579472,0.0372394733130932,1.0454544831406,0.788842881169204,0,11.1258592605591,0
283,"0",4.72,"2026-05-12","09:21:43",0,"STABILIZE",13.03,39.24,511.2972,2.70952198221272,0.871,871,11.4722222222222,NA,NA,NA,NA,0.346337497234344,6.15627592802048,NA,NA,0.599999964237213,-11.1258592605591,-10.4009031920958,"NEDz",72.8616508579472,0.0372394733130932,1.0454544831406,0.788842881169204,0,11.1258592605591,0
284,"0",4.73,"2026-05-12","09:21:44",0,"STABILIZE",13.03,39.24,511.2972,2.70952198221272,0.871,871,11.4722222222222,NA,NA,NA,NA,0.346337497234344,6.15627592802048,NA,NA,0.599999964237213,-11.1258592605591,-10.4008394544148,"NEDz",72.8616508579472,0.0372394733130932,1.0454544831406,0.788842881169204,0,11.1258592605591,0
285,"0",4.75,"2026-05-12","09:21:45",0,"STABILIZE",13.03,39.24,511.2972,2.70952198221272,0.871,871,11.4722222222222,NA,NA,NA,NA,0.346337497234344,6.15627592802048,NA,NA,0.599999964237213,-11.1258592605591,-10.4007759918695,"NEDz",72.8616508579472,0.0372394733130932,1.0454544831406,0.788842881169204,0,11.1258592605591,0
286,"0",4.77,"2026-05-12","09:21:46",0,"STABILIZE",13.03,39.24,511.2972,2.70952198221272,0.871,871,11.4722222222222,NA,NA,NA,NA,0.346337497234344,6.15627592802048,NA,NA,0.599999964237213,-11.1258592605591,-10.4007128076288,"NEDz",72.8616508579472,0.0372394733130932,1.0454544831406,0.788842881169204,0,11.1258592605591,0
287,"0",4.78,"2026-05-12","09:21:47",0,"STABILIZE",13.03,39.24,511.2972,2.70952198221272,0.871,871,11.4722222222222,NA,NA,NA,NA,0.346337497234344,6.15627592802048,NA,NA,0.599999964237213,-11.1258592605591,-10.4006499048615,"NEDz",72.8616508579472,0.0372394733130932,1.0454544831406,0.788842881169204,0,11.1258592605591,0
288,"0",4.8,"2026-05-12","09:21:48",0,"STABILIZE",13.03,39.24,511.2972,2.70952198221272,0.871,871,11.4722222222222,NA,NA,NA,NA,0.346337497234344,6.15627592802048,NA,NA,0.599999964237213,-11.1258592605591,-10.4005872867365,"NEDz",72.8616508579472,0.0372394733130932,1.0454544831406,0.788842881169204,0,11.1258592605591,0
289,"0",4.82,"2026-05-12","09:21:49",0,"STABILIZE",13.03,39.24,511.2972,2.70952198221272,0.871,871,11.4722222222222,NA,NA,NA,NA,0.346337497234344,6.15627592802048,NA,NA,0.599999964237213,-11.1258592605591,-10.4005249564226,"NEDz",72.8616508579472,0.0372394733130932,1.0454544831406,0.788842881169204,0,11.1258592605591,0
290,"0",4.83,"2026-05-12","09:21:51",0,"STABILIZE",13.03,39.24,511.2972,2.70952198221272,0.871,871,11.4722222222222,NA,NA,NA,NA,0.346337497234344,6.15627592802048,NA,NA,0.599999964237213,-11.1258592605591,-10.4004011719037,"NEDz",72.8616508579472,0.0372394733130932,1.0454544831406,0.788842881169204,0,11.1258592605591,0
291,"1",4.85,"2026-05-12","09:21:52",0,"STABILIZE",13.03,39.24,511.2972,2.70952198221272,0.871,871,11.4722222222222,NA,NA,NA,NA,0.346337497234344,6.15627592802048,NA,NA,0.599999964237213,-11.1258592605591,-10.4003397240363,"NEDz",72.8616508579472,0.0372394733130932,1.0454544831406,0.788842881169204,0,11.1258592605591,0
292,"1",4.87,"2026-05-12","09:21:53",0,"STABILIZE",13.03,39.24,511.2972,2.70952198221272,0.871,871,11.4722222222222,NA,NA,NA,NA,0.346337497234344,6.15627592802048,NA,NA,0.599999964237213,-11.1258592605591,-10.4002785766555,"NEDz",72.8616508579472,0.0372394733130932,1.0454544831406,0.788842881169204,0,11.1258592605591,0
293,"1",4.88,"2026-05-12","09:21:54",0,"STABILIZE",13.03,39.24,511.2972,2.70952198221272,0.871,871,11.4722222222222,NA,NA,NA,NA,0.346337497234344,6.15627592802048,NA,NA,0.599999964237213,-11.1258592605591,-10.4002177329301,"NEDz",72.8616508579472,0.0372394733130932,1.0454544831406,0.788842881169204,0,11.1258592605591,0
294,"1",4.9,"2026-05-12","09:21:55",0,"STABILIZE",13.03,39.24,511.2972,2.70952198221272,0.871,871,11.4722222222222,NA,NA,NA,NA,0.346337497234344,6.15627592802048,NA,NA,0.599999964237213,-11.1258592605591,-10.4001571960289,"NEDz",72.8616508579472,0.0372394733130932,1.0454544831406,0.788842881169204,0,11.1258592605591,0
295,"1",4.92,"2026-05-12","09:21:56",0,"STABILIZE",13.03,39.24,511.2972,2.70952198221272,0.871,871,11.4722222222222,NA,NA,NA,NA,0.346337497234344,6.15627592802048,NA,NA,0.599999964237213,-11.1258592605591,-10.4000969691208,"NEDz",72.8616508579472,0.0372394733130932,1.0454544831406,0.788842881169204,0,11.1258592605591,0
296,"1",4.93,"2026-05-12","09:21:57",0,"STABILIZE",13.03,39.24,511.2972,2.70952198221272,0.871,871,11.4722222222222,NA,NA,NA,NA,0.346337497234344,6.15627592802048,NA,NA,0.599999964237213,-11.1258592605591,-10.4000370553746,"NEDz",72.8616508579472,0.0372394733130932,1.0454544831406,0.788842881169204,0,11.1258592605591,0
297,"1",4.95,"2026-05-12","09:21:58",0,"STABILIZE",13.03,39.24,511.2972,2.70952198221272,0.871,871,11.4722222222222,NA,NA,NA,NA,0.346337497234344,6.15627592802048,NA,NA,0.599999964237213,-11.1258592605591,-10.3999774579593,"NEDz",72.8616508579472,0.0372394733130932,1.0454544831406,0.788842881169204,0,11.1258592605591,0
298,"1",4.97,"2026-05-12","09:21:59",0,"STABILIZE",13.03,39.24,511.2972,2.70952198221272,0.871,871,11.4722222222222,NA,NA,NA,NA,0.346337497234344,6.15627592802048,NA,NA,0.599999964237213,-11.1258592605591,-10.3999181800435,"NEDz",72.8616508579472,0.0372394733130932,1.0454544831406,0.788842881169204,0,11.1258592605591,0
299,"1",4.98,"2026-05-12","09:22:00",0,"STABILIZE",13.03,39.24,511.2972,2.70952198221272,0.871,871,11.4722222222222,NA,NA,NA,NA,0.346337497234344,6.15627592802048,NA,NA,0.599999964237213,-11.1258592605591,-10.3998592247963,"NEDz",72.8616508579472,0.0372394733130932,1.0454544831406,0.788842881169204,0,11.1258592605591,0
300,"1",5,"2026-05-12","09:22:01",0,"STABILIZE",13.03,39.24,511.2972,2.70952198221272,0.871,871,11.4722222222222,NA,NA,NA,NA,0.346337497234344,6.15627592802048,NA,NA,0.599999964237213,-11.1258592605591,-10.3998005899558,"NEDz",72.8616508579472,0.0372394733130932,1.0454544831406,0.788842881169204,0,11.1258592605591,0
301,"1",5.02,"2026-05-12","09:22:02",0,"STABILIZE",13.03,39.24,511.2972,2.70952198221272,0.871,871,11.4722222222222,NA,NA,NA,NA,0.346337497234344,6.15627592802048,NA,NA,0.599999964237213,-11.1258592605591,-10.3997422515377,"NEDz",72.8616508579472,0.0372394733130932,1.0454544831406,0.788842881169204,0,11.1258592605591,0
302,"1",5.03,"2026-05-12","09:22:03",0,"STABILIZE",13.03,39.24,511.2972,2.70952198221272,0.871,871,11.4722222222222,NA,NA,NA,NA,0.346337497234344,6.15627592802048,NA,NA,0.599999964237213,-11.1258592605591,-10.3996841801272,"NEDz",72.8616508579472,0.0372394733130932,1.0454544831406,0.788842881169204,0,11.1258592605591,0
303,"1",5.05,"2026-05-12","09:22:04",0,"STABILIZE",13.03,39.24,511.2972,2.70952198221272,0.871,871,11.4722222222222,NA,NA,NA,NA,0.346337497234344,6.15627592802048,NA,NA,0.599999964237213,-11.1258592605591,-10.3996263463094,"NEDz",72.8616508579472,0.0372394733130932,1.0454544831406,0.788842881169204,0,11.1258592605591,0
304,"1",5.07,"2026-05-12","09:22:05",0,"STABILIZE",13.03,39.24,511.2972,2.70952198221272,0.871,871,11.4722222222222,NA,NA,NA,NA,0.346337497234344,6.15627592802048,NA,NA,0.599999964237213,-11.1258592605591,-10.3995687206694,"NEDz",72.8616508579472,0.0372394733130932,1.0454544831406,0.788842881169204,0,11.1258592605591,0
305,"1",5.08,"2026-05-12","09:22:06",0,"STABILIZE",13.03,39.24,511.2972,2.70952198221272,0.871,871,11.4722222222222,NA,NA,NA,NA,0.346337497234344,6.15627592802048,NA,NA,0.599999964237213,-11.1258592605591,-10.3995112737924,"NEDz",72.8616508579472,0.0372394733130932,1.0454544831406,0.788842881169204,0,11.1258592605591,0
306,"1",5.1,"2026-05-12","09:22:07",0,"STABILIZE",13.03,39.24,511.2972,2.70952198221272,0.871,871,11.4722222222222,NA,NA,NA,NA,0.346337497234344,6.15627592802048,NA,NA,0.599999964237213,-11.1258592605591,-10.3994539762634,"NEDz",72.8616508579472,0.0372394733130932,1.0454544831406,0.788842881169204,0,11.1258592605591,0
307,"1",5.12,"2026-05-12","09:22:08",0,"STABILIZE",13.03,39.24,511.2972,2.70952198221272,0.871,871,11.4722222222222,NA,NA,NA,NA,0.346337497234344,6.15627592802048,NA,NA,0.599999964237213,-11.1258592605591,-10.3993967986675,"NEDz",72.8616508579472,0.0372394733130932,1.0454544831406,0.788842881169204,0,11.1258592605591,0
308,"1",5.13,"2026-05-12","09:22:11",0,"STABILIZE",13.03,39.24,511.2972,2.70952198221272,0.871,871,11.4722222222222,NA,NA,NA,NA,0.346337497234344,6.15627592802048,NA,NA,0.599999964237213,-11.1258592605591,-10.39922569133,"NEDz",72.8616508579472,0.0372394733130932,1.0454544831406,0.788842881169204,0,11.1258592605591,0
309,"1",5.15,"2026-05-12","09:22:13",0,"STABILIZE",13.03,39.24,511.2972,2.70952198221272,0.871,871,11.4722222222222,NA,NA,NA,NA,0.346337497234344,6.15627592802048,NA,NA,0.599999964237213,-11.1258592605591,-10.3991116801646,"NEDz",72.8616508579472,0.0372394733130932,1.0454544831406,0.788842881169204,0,11.1258592605591,0
310,"1",5.17,"2026-05-12","09:22:14",0,"STABILIZE",13.03,39.24,511.2972,2.70952198221272,0.871,871,11.4722222222222,NA,NA,NA,NA,0.346337497234344,6.15627592802048,NA,NA,0.599999964237213,-11.1258592605591,-10.3990546044551,"NEDz",72.8616508579472,0.0372394733130932,1.0454544831406,0.788842881169204,0,11.1258592605591,0
311,"1",5.18,"2026-05-12","09:22:15",0,"STABILIZE",13.03,39.24,511.2972,2.70952198221272,0.871,871,11.4722222222222,NA,NA,NA,NA,0.346337497234344,6.15627592802048,NA,NA,0.599999964237213,-11.1258592605591,-10.3989974427746,"NEDz",72.8616508579472,0.0372394733130932,1.0454544831406,0.788842881169204,0,11.1258592605591,0
312,"1",5.2,"2026-05-12","09:22:16",0,"STABILIZE",13.03,39.24,511.2972,2.70952198221272,0.871,871,11.4722222222222,NA,NA,NA,NA,0.346337497234344,6.15627592802048,NA,NA,0.599999964237213,-11.1258592605591,-10.3989401657081,"NEDz",72.8616508579472,0.0372394733130932,1.0454544831406,0.788842881169204,0,11.1258592605591,0
313,"1",5.22,"2026-05-12","09:22:17",0,"STABILIZE",13.03,39.24,511.2972,2.70952198221272,0.871,871,11.4722222222222,NA,NA,NA,NA,0.346337497234344,6.15627592802048,NA,NA,0.599999964237213,-11.1258592605591,-10.3988827438409,"NEDz",72.8616508579472,0.0372394733130932,1.0454544831406,0.788842881169204,0,11.1258592605591,0
314,"1",5.23,"2026-05-12","09:22:18",0,"STABILIZE",13.03,39.24,511.2972,2.70952198221272,0.871,871,11.4722222222222,NA,NA,NA,NA,0.346337497234344,6.15627592802048,NA,NA,0.599999964237213,-11.1258592605591,-10.398825147758,"NEDz",72.8616508579472,0.0372394733130932,1.0454544831406,0.788842881169204,0,11.1258592605591,0
315,"1",5.25,"2026-05-12","09:22:19",0,"STABILIZE",13.03,39.24,511.2972,2.70952198221272,0.871,871,11.4722222222222,NA,NA,NA,NA,0.346337497234344,6.15627592802048,NA,NA,0.599999964237213,-11.1258592605591,-10.3987673480445,"NEDz",72.8616508579472,0.0372394733130932,1.0454544831406,0.788842881169204,0,11.1258592605591,0
316,"1",5.27,"2026-05-12","09:22:20",0,"STABILIZE",13.03,39.24,511.2972,2.70952198221272,0.871,871,11.4722222222222,NA,NA,NA,NA,0.346337497234344,6.15627592802048,NA,NA,0.599999964237213,-11.1258592605591,-10.3987093152856,"NEDz",72.8616508579472,0.0372394733130932,1.0454544831406,0.788842881169204,0,11.1258592605591,0
317,"1",5.28,"2026-05-12","09:22:22",0,"STABILIZE",13.03,39.24,511.2972,2.70952198221272,0.871,871,11.4722222222222,NA,NA,NA,NA,0.346337497234344,6.15627592802048,NA,NA,0.599999964237213,-11.1258592605591,-10.3985924329719,"NEDz",72.8616508579472,0.0372394733130932,1.0454544831406,0.788842881169204,0,11.1258592605591,0
318,"1",5.3,"2026-05-12","09:22:23",0,"STABILIZE",13.03,39.24,511.2972,2.70952198221272,0.871,871,11.4722222222222,NA,NA,NA,NA,0.346337497234344,6.15627592802048,NA,NA,0.599999964237213,-11.1258592605591,-10.3985335245873,"NEDz",72.8616508579472,0.0372394733130932,1.0454544831406,0.788842881169204,0,11.1258592605591,0
319,"1",5.32,"2026-05-12","09:22:24",0,"STABILIZE",13.03,39.24,511.2972,2.70952198221272,0.871,871,11.4722222222222,NA,NA,NA,NA,0.346337497234344,6.15627592802048,NA,NA,0.599999964237213,-11.1258592605591,-10.3984742654977,"NEDz",72.8616508579472,0.0372394733130932,1.0454544831406,0.788842881169204,0,11.1258592605591,0
320,"1",5.33,"2026-05-12","09:22:26",0,"STABILIZE",13.03,39.24,511.2972,2.70952198221272,0.871,871,11.4722222222222,NA,NA,NA,NA,0.346337497234344,6.15627592802048,NA,NA,0.599999964237213,-11.1258592605591,-10.3983545775441,"NEDz",72.8616508579472,0.0372394733130932,1.0454544831406,0.788842881169204,0,11.1258592605591,0
321,"1",5.35,"2026-05-12","09:22:27",0,"STABILIZE",13.03,39.24,511.2972,2.70952198221272,0.871,871,11.4722222222222,NA,NA,NA,NA,0.346337497234344,6.15627592802048,NA,NA,0.599999964237213,-11.1258592605591,-10.3982940898503,"NEDz",72.8616508579472,0.0372394733130932,1.0454544831406,0.788842881169204,0,11.1258592605591,0
322,"1",5.37,"2026-05-12","09:22:28",0,"STABILIZE",13.03,39.24,511.2972,2.70952198221272,0.871,871,11.4722222222222,NA,NA,NA,NA,0.346337497234344,6.15627592802048,NA,NA,0.599999964237213,-11.1258592605591,-10.398233133792,"NEDz",72.8616508579472,0.0372394733130932,1.0454544831406,0.788842881169204,0,11.1258592605591,0
323,"1",5.38,"2026-05-12","09:22:29",0,"STABILIZE",13.03,39.24,511.2972,2.70952198221272,0.871,871,11.4722222222222,NA,NA,NA,NA,0.346337497234344,6.15627592802048,NA,NA,0.599999964237213,-11.1258592605591,-10.3981716799543,"NEDz",72.8616508579472,0.0372394733130932,1.0454544831406,0.788842881169204,0,11.1258592605591,0
324,"1",5.4,"2026-05-12","09:22:30",0,"STABILIZE",13.03,39.24,511.2972,2.70952198221272,0.871,871,11.4722222222222,NA,NA,NA,NA,0.346337497234344,6.15627592802048,NA,NA,0.599999964237213,-11.1258592605591,-10.3981096989223,"NEDz",72.8616508579472,0.0372394733130932,1.0454544831406,0.788842881169204,0,11.1258592605591,0
325,"1",5.42,"2026-05-12","09:22:31",0,"STABILIZE",13.03,39.24,511.2972,2.70952198221272,0.871,871,11.4722222222222,NA,NA,NA,NA,0.346337497234344,6.15627592802048,NA,NA,0.599999964237213,-11.1258592605591,-10.3980471612811,"NEDz",72.8616508579472,0.0372394733130932,1.0454544831406,0.788842881169204,0,11.1258592605591,0
326,"1",5.43,"2026-05-12","09:22:32",0,"STABILIZE",13.03,39.24,511.2972,2.70952198221272,0.871,871,11.4722222222222,NA,NA,NA,NA,0.346337497234344,6.15627592802048,NA,NA,0.599999964237213,-11.1258592605591,-10.3979840376159,"NEDz",72.8616508579472,0.0372394733130932,1.0454544831406,0.788842881169204,0,11.1258592605591,0
327,"1",5.45,"2026-05-12","09:22:33",0,"STABILIZE",13.03,39.24,511.2972,2.70952198221272,0.871,871,11.4722222222222,NA,NA,NA,NA,0.346337497234344,6.15627592802048,NA,NA,0.599999964237213,-11.1258592605591,-10.3979202985117,"NEDz",72.8616508579472,0.0372394733130932,1.0454544831406,0.788842881169204,0,11.1258592605591,0
328,"1",5.47,"2026-05-12","09:22:34",0,"STABILIZE",13.03,39.24,511.2972,2.70952198221272,0.871,871,11.4722222222222,NA,NA,NA,NA,0.346337497234344,6.15627592802048,NA,NA,0.599999964237213,-11.1258592605591,-10.3978559145537,"NEDz",72.8616508579472,0.0824027117341757,1.0454544831406,0.788842881169204,0,11.1258592605591,0
329,"1",5.48,"2026-05-12","09:22:35",0,"STABILIZE",13.03,39.24,511.2972,2.70952198221272,0.871,871,11.4722222222222,NA,NA,NA,NA,0.346337497234344,6.15627592802048,NA,NA,0.599999964237213,-11.1258592605591,-10.397790856327,"NEDz",72.8616508579472,0.127565950155258,1.0454544831406,0.788842881169204,0,11.1258592605591,0
330,"1",5.5,"2026-05-12","09:22:36",0,"STABILIZE",13.03,39.24,511.2972,2.70952198221272,0.871,871,11.4722222222222,NA,NA,NA,NA,0.346337497234344,6.15627592802048,NA,NA,0.599999964237213,-11.1258592605591,-10.3977250944168,"NEDz",72.8616508579472,0.127565950155258,1.0454544831406,0.788842881169204,0,11.1258592605591,0
331,"1",5.52,"2026-05-12","09:22:37",0,"STABILIZE",13.03,39.24,511.2972,2.70952198221272,0.871,871,11.4722222222222,NA,NA,NA,NA,0.346337497234344,6.15627592802048,NA,NA,0.599999964237213,-11.1258592605591,-10.397658599408,"NEDz",72.8616508579472,0.127565950155258,1.0454544831406,0.788842881169204,0,11.1258592605591,0
332,"1",5.53,"2026-05-12","09:22:38",0,"STABILIZE",13.03,39.24,511.2972,2.70952198221272,0.871,871,11.4722222222222,NA,NA,NA,NA,0.346337497234344,6.15627592802048,NA,NA,0.599999964237213,-11.1258592605591,-10.3975913418859,"NEDz",72.8616508579472,0.127565950155258,1.0454544831406,0.788842881169204,0,11.1258592605591,0
333,"1",5.55,"2026-05-12","09:22:40",0,"STABILIZE",13.03,39.24,511.2972,2.70952198221272,2.237,2237,29.25,NA,NA,NA,NA,0.346337497234344,6.15627592802048,NA,NA,0.599999964237213,-11.1258592605591,-10.3974544216421,"NEDz",72.8616508579472,0.127565950155258,1.0454544831406,0.788842881169204,0,11.1258592605591,0
334,"1",5.57,"2026-05-12","09:22:41",0,"STABILIZE",13.03,39.24,511.2972,2.70952198221272,2.237,2237,29.25,NA,NA,NA,NA,0.346337497234344,6.15627592802048,NA,NA,0.599999964237213,-11.1258592605591,-10.3973847000906,"NEDz",72.8616508579472,0.117646228522062,1.0454544831406,0.788842881169204,0,11.1258592605591,0
335,"1",5.58,"2026-05-12","09:22:42",0,"STABILIZE",13.03,39.24,511.2972,2.70952198221272,2.237,2237,29.25,NA,NA,NA,NA,0.346337497234344,6.15627592802048,NA,NA,0.599999964237213,-11.1258592605591,-10.3973140983663,"NEDz",72.8616508579472,0.107726506888866,1.0454544831406,0.788842881169204,0,11.1258592605591,0
336,"1",5.6,"2026-05-12","09:22:43",0,"STABILIZE",13.03,39.24,511.2972,2.70952198221272,2.237,2237,29.25,NA,NA,NA,NA,0.346337497234344,6.15627592802048,NA,NA,0.599999964237213,-11.1258592605591,-10.3972425870541,"NEDz",72.8616508579472,0.107726506888866,1.0454544831406,0.788842881169204,0,11.1258592605591,0
337,"1",5.62,"2026-05-12","09:22:44",0,"STABILIZE",13.03,39.24,511.2972,2.70952198221272,2.237,2237,29.25,NA,NA,NA,NA,0.346337497234344,6.15627592802048,NA,NA,0.599999964237213,-11.1258592605591,-10.3971701367393,"NEDz",72.8616508579472,0.107726506888866,1.0454544831406,0.788842881169204,0,11.1258592605591,0
338,"1",5.63,"2026-05-12","09:22:45",0,"STABILIZE",13.03,39.24,511.2972,2.70952198221272,2.237,2237,29.25,NA,NA,NA,NA,0.346337497234344,6.15627592802048,NA,NA,0.484999984502792,-11.1258592605591,-10.2820967382726,"NEDz",72.8616508579472,0.107726506888866,0.845075730573047,0.544411171264175,0,11.1258592605591,0
339,"1",5.65,"2026-05-12","09:22:46",0,"STABILIZE",13.03,39.24,511.2972,2.70952198221272,2.237,2237,29.25,NA,NA,NA,NA,0.346337497234344,6.15627592802048,NA,NA,0.370000004768372,-11.1258592605591,-10.1670223419734,"NEDz",72.8616508579472,0.107726506888866,0.644696978005496,0.299979461359146,0,11.1258592605591,0
340,"1",5.67,"2026-05-12","09:22:47",0,"STABILIZE",13.03,39.24,511.2972,2.70952198221272,2.237,2237,29.25,NA,NA,NA,NA,0.346337497234344,6.15627592802048,NA,NA,0.370000004768372,-11.1258592605591,-10.1669468981614,"NEDz",72.8616508579472,0.107726506888866,0.644696978005496,0.299979461359146,0,11.1258592605591,0
341,"1",5.68,"2026-05-12","09:22:48",0,"STABILIZE",13.03,39.24,511.2972,2.70952198221272,2.237,2237,29.25,NA,NA,NA,NA,0.346337497234344,6.15627592802048,NA,NA,0.370000004768372,-11.1258592605591,-10.1668703976871,"NEDz",72.8616508579472,0.107726506888866,0.644696978005496,0.299979461359146,0,11.1258592605591,0
342,"1",5.7,"2026-05-12","09:22:49",0,"STABILIZE",13.03,39.24,511.2972,2.70952198221272,2.237,2237,29.25,NA,NA,NA,NA,0.346337497234344,6.15627592802048,NA,NA,0.370000004768372,-11.1258592605591,-10.1667928111358,"NEDz",72.8616508579472,0.107726506888866,0.644696978005496,0.299979461359146,0,11.1258592605591,0
343,"1",5.72,"2026-05-12","09:22:50",0,"STABILIZE",13.03,39.24,511.2972,2.70952198221272,2.237,2237,29.25,NA,NA,NA,NA,0.346337497234344,6.15627592802048,NA,NA,0.370000004768372,-11.1258592605591,-10.1667141090925,"NEDz",72.8616508579472,0.107726506888866,0.644696978005496,0.299979461359146,0,11.1258592605591,0
344,"1",5.73,"2026-05-12","09:22:52",0,"STABILIZE",13.03,39.24,511.2972,2.70952198221272,2.237,2237,29.25,NA,NA,NA,NA,0.346337497234344,6.15627592802048,NA,NA,0.370000004768372,-11.1258592605591,-10.1665532408705,"NEDz",72.8616508579472,0.107726506888866,0.644696978005496,0.299979461359146,0,11.1258592605591,0
345,"1",5.75,"2026-05-12","09:22:53",0,"STABILIZE",13.03,39.24,511.2972,2.70952198221272,2.237,2237,29.25,NA,NA,NA,NA,0.346337497234344,6.15627592802048,NA,NA,0.370000004768372,-11.1258592605591,-10.166471015862,"NEDz",72.8616508579472,0.107726506888866,0.644696978005496,0.299979461359146,0,11.1258592605591,0
346,"1",5.77,"2026-05-12","09:22:55",0,"STABILIZE",13.03,39.24,511.2972,2.70952198221272,2.237,2237,29.25,NA,NA,NA,NA,0.346337497234344,6.15627592802048,NA,NA,0.370000004768372,-11.1258592605591,-10.1663028369757,"NEDz",35.4171433938736,0.107726506888866,0.644696978005496,0.299979461359146,0,11.1258592605591,0
347,"1",5.78,"2026-05-12","09:22:56",0,"STABILIZE",13.03,39.24,511.2972,2.70952198221272,2.237,2237,29.25,NA,NA,NA,NA,0.346337497234344,6.15627592802048,NA,NA,0.370000004768372,-11.1258592605591,-10.1662168242681,"NEDz",35.4171433938736,0.107726506888866,0.644696978005496,0.299979461359146,0,11.1258592605591,0
348,"1",5.8,"2026-05-12","09:22:57",0,"STABILIZE",13.03,39.24,511.2972,2.70952198221272,2.237,2237,29.25,NA,NA,NA,NA,0.346337497234344,6.15627592802048,NA,NA,0.370000004768372,-11.1258592605591,-10.1661294901644,"NEDz",35.4171433938736,0.107726506888866,0.644696978005496,0.299979461359146,0,11.1258592605591,0
349,"1",5.82,"2026-05-12","09:22:58",0,"STABILIZE",13.03,39.24,511.2972,2.70952198221272,2.237,2237,29.25,NA,NA,NA,NA,0.346337497234344,6.15627592802048,NA,NA,0.370000004768372,-11.1258592605591,-10.1660408052496,"NEDz",35.4171433938736,0.107726506888866,0.644696978005496,0.299979461359146,0,11.1258592605591,0
350,"1",5.83,"2026-05-12","09:22:59",0,"STABILIZE",13.03,39.24,511.2972,2.70952198221272,2.237,2237,29.25,NA,NA,NA,NA,0.346337497234344,6.15627592802048,NA,NA,0.370000004768372,-11.1258592605591,-10.1659507401089,"NEDz",35.4171433938736,0.107726506888866,0.644696978005496,0.299979461359146,0,11.1258592605591,0
351,"1",5.85,"2026-05-12","09:23:00",0,"STABILIZE",13.03,39.24,511.2972,2.70952198221272,2.237,2237,29.25,NA,NA,NA,NA,0.346337497234344,6.15627592802048,NA,NA,0.370000004768372,-11.1258592605591,-10.1658592653275,"NEDz",35.4171433938736,0.107726506888866,0.644696978005496,0.299979461359146,0,11.1258592605591,0
352,"1",5.87,"2026-05-12","09:23:01",0,"STABILIZE",13.03,39.24,511.2972,2.70952198221272,2.237,2237,29.25,NA,NA,NA,NA,0.346337497234344,6.15627592802048,NA,NA,0.370000004768372,-11.1258592605591,-10.1657663662153,"NEDz",35.4171433938736,0.107726506888866,0.644696978005496,0.299979461359146,0,11.1258592605591,0
353,"1",5.88,"2026-05-12","09:23:02",0,"STABILIZE",13.03,39.24,511.2972,2.70952198221272,2.237,2237,29.25,NA,NA,NA,NA,0.346337497234344,6.15627592802048,NA,NA,0.370000004768372,-11.1258592605591,-10.1656720869826,"NEDz",35.4171433938736,0.107726506888866,0.644696978005496,0.299979461359146,0,11.1258592605591,0
354,"1",5.9,"2026-05-12","09:23:03",0,"STABILIZE",13.03,39.24,511.2972,2.70952198221272,2.237,2237,29.25,NA,NA,NA,NA,0.346337497234344,6.15627592802048,NA,NA,0.435000002384186,-11.1258592605591,-10.2305764841803,"NEDz",35.4171433938736,0.107726506888866,0.757954549608808,0.423893541515202,0,11.1258592605591,0
355,"1",5.92,"2026-05-12","09:23:04",0,"STABILIZE",13.03,39.24,511.2972,2.70952198221272,2.237,2237,29.25,NA,NA,NA,NA,0.346337497234344,6.15627592802048,NA,NA,0.5,-11.1258592605591,-10.2954796191277,"NEDz",35.4171433938736,0.107726506888866,0.871212121212121,0.547807621671258,0,11.1258592605591,0
356,"1",5.93,"2026-05-12","09:23:05",0,"STABILIZE",13.03,39.24,511.2972,2.70952198221272,2.237,2237,29.25,NA,NA,NA,NA,0.346337497234344,6.15627592802048,NA,NA,0.5,-11.1258592605591,-10.2953815531441,"NEDz",35.4171433938736,0.107726506888866,0.871212121212121,0.547807621671258,0,11.1258592605591,0
357,"1",5.95,"2026-05-12","09:23:06",0,"STABILIZE",13.03,39.24,511.2972,2.70952198221272,2.237,2237,29.25,NA,NA,NA,NA,0.346337497234344,6.15627592802048,NA,NA,0.5,-11.1258592605591,-10.2952823427804,"NEDz",35.4171433938736,0.107726506888866,0.871212121212121,0.547807621671258,0,11.1258592605591,0
358,"1",5.97,"2026-05-12","09:23:07",0,"STABILIZE",13.03,39.24,511.2972,2.70952198221272,2.237,2237,29.25,NA,NA,NA,NA,0.346337497234344,6.15627592802048,NA,NA,0.5,-11.1258592605591,-10.2951820469719,"NEDz",35.4171433938736,0.107726506888866,0.871212121212121,0.547807621671258,0,11.1258592605591,0
359,"1",5.98,"2026-05-12","09:23:08",0,"STABILIZE",13.03,39.24,511.2972,2.70952198221272,2.237,2237,29.25,NA,NA,NA,NA,0.346337497234344,6.15627592802048,NA,NA,0.5,-11.1258592605591,-10.2950807246536,"NEDz",35.4171433938736,0.107726506888866,0.871212121212121,0.547807621671258,0,11.1258592605591,0
360,"1",6,"2026-05-12","09:23:09",0,"STABILIZE",13.03,39.24,511.2972,2.70952198221272,2.237,2237,29.25,NA,NA,NA,NA,0.346337497234344,6.15627592802048,NA,NA,0.689999997615814,-11.1258592605591,-10.4849784323764,"NEDz",35.4171433938736,0.107726506888866,1.20227272311846,1.1223482460853,0,11.1258592605591,0
361,"1",6.02,"2026-05-12","09:23:10",0,"STABILIZE",13.03,39.24,511.2972,2.70952198221272,2.237,2237,29.25,NA,NA,NA,NA,0.346337497234344,6.15627592802048,NA,NA,0.879999995231628,-11.1258592605591,-10.6748752314598,"NEDz",35.4171433938736,0.107726506888866,1.53333332502481,1.69688887049935,0,11.1258592605591,0
362,"1",6.03,"2026-05-12","09:23:11",0,"STABILIZE",13.03,39.24,511.2972,2.70952198221272,2.237,2237,29.25,NA,NA,NA,NA,0.346337497234344,6.15627592802048,NA,NA,0.879999995231628,-11.1258592605591,-10.6747711832229,"NEDz",35.4171433938736,0.107726506888866,1.53333332502481,1.69688887049935,0,11.1258592605591,0
363,"1",6.05,"2026-05-12","09:23:12",0,"STABILIZE",13.03,39.24,511.2972,2.70952198221272,2.237,2237,29.25,NA,NA,NA,NA,0.346337497234344,6.15627592802048,NA,NA,0.879999995231628,-11.1258592605591,-10.6746663442168,"NEDz",35.4171433938736,0.107726506888866,1.53333332502481,1.69688887049935,0,11.1258592605591,0
364,"1",6.07,"2026-05-12","09:23:13",0,"STABILIZE",13.03,39.24,511.2972,2.70952198221272,2.237,2237,29.25,NA,NA,NA,NA,0.346337497234344,6.15627592802048,NA,NA,0.879999995231628,-11.1258592605591,-10.6745607733765,"NEDz",35.4171433938736,0.107726506888866,1.53333332502481,1.69688887049935,0,11.1258592605591,0
365,"1",6.08,"2026-05-12","09:23:14",0,"STABILIZE",13.03,39.24,511.2972,2.70952198221272,2.237,2237,29.25,NA,NA,NA,NA,0.346337497234344,6.15627592802048,NA,NA,0.879999995231628,-11.1258592605591,-10.6744545296372,"NEDz",35.4171433938736,0.107726506888866,1.53333332502481,1.69688887049935,0,11.1258592605591,0
366,"1",6.1,"2026-05-12","09:23:15",0,"STABILIZE",13.03,39.24,511.2972,2.70952198221272,2.237,2237,29.25,NA,NA,NA,NA,0.346337497234344,6.15627592802048,NA,NA,0.879999995231628,-11.1258592605591,-10.674347671934,"NEDz",35.4171433938736,0.107726506888866,1.53333332502481,1.69688887049935,0,11.1258592605591,0
367,"1",6.12,"2026-05-12","09:23:16",0,"STABILIZE",13.03,39.24,511.2972,2.70952198221272,2.237,2237,29.25,NA,NA,NA,NA,0.346337497234344,6.15627592802048,NA,NA,0.879999995231628,-11.1258592605591,-10.6742402592021,"NEDz",35.4171433938736,0.107726506888866,1.53333332502481,1.69688887049935,0,11.1258592605591,0
368,"1",6.13,"2026-05-12","09:23:17",0,"STABILIZE",13.03,39.24,511.2972,2.70952198221272,2.237,2237,29.25,NA,NA,NA,NA,0.346337497234344,6.15627592802048,NA,NA,0.879999995231628,-11.1258592605591,-10.6741323503766,"NEDz",35.4171433938736,0.107726506888866,1.53333332502481,1.69688887049935,0,11.1258592605591,0
369,"1",6.15,"2026-05-12","09:23:18",0,"STABILIZE",13.03,39.24,511.2972,2.70952198221272,2.237,2237,29.25,NA,NA,NA,NA,0.346337497234344,6.15627592802048,NA,NA,0.879999995231628,-11.1258592605591,-10.6740240043926,"NEDz",35.4171433938736,0.107726506888866,1.53333332502481,1.69688887049935,0,11.1258592605591,0
370,"1",6.17,"2026-05-12","09:23:19",0,"STABILIZE",13.03,39.24,511.2972,2.70952198221272,2.237,2237,29.25,NA,NA,NA,NA,0.346337497234344,6.15627592802048,NA,NA,0.879999995231628,-11.1258592605591,-10.6739152801852,"NEDz",35.4171433938736,0.107726506888866,1.53333332502481,1.69688887049935,0,11.1258592605591,0
371,"1",6.18,"2026-05-12","09:23:20",0,"STABILIZE",13.03,39.24,511.2972,2.70952198221272,2.237,2237,29.25,NA,NA,NA,NA,0.346337497234344,6.15627592802048,NA,NA,0.879999995231628,-11.1258592605591,-10.6738062366896,"NEDz",35.4171433938736,0.107726506888866,1.53333332502481,1.69688887049935,0,11.1258592605591,0
372,"1",6.2,"2026-05-12","09:23:21",0,"STABILIZE",13.03,39.24,511.2972,2.70952198221272,2.237,2237,29.25,NA,NA,NA,NA,0.346337497234344,6.15627592802048,NA,NA,0.879999995231628,-11.1258592605591,-10.6736969328409,"NEDz",35.4171433938736,0.107726506888866,1.53333332502481,1.69688887049935,0,11.1258592605591,0
373,"1",6.22,"2026-05-12","09:23:22",0,"STABILIZE",13.03,39.24,511.2972,2.70952198221272,2.237,2237,29.25,NA,NA,NA,NA,0.346337497234344,6.15627592802048,NA,NA,0.879999995231628,-11.1258592605591,-10.6735874275742,"NEDz",35.4171433938736,0.107726506888866,1.53333332502481,1.69688887049935,0,11.1258592605591,0
374,"1",6.23,"2026-05-12","09:23:23",0,"STABILIZE",13.03,39.24,511.2972,2.70952198221272,2.237,2237,29.25,NA,NA,NA,NA,0.346337497234344,6.15627592802048,NA,NA,0.879999995231628,-11.1258592605591,-10.6734777798246,"NEDz",35.4171433938736,0.107726506888866,1.53333332502481,1.69688887049935,0,11.1258592605591,0
375,"1",6.25,"2026-05-12","09:23:24",0,"STABILIZE",13.03,39.24,511.2972,2.70952198221272,2.237,2237,29.25,NA,NA,NA,NA,0.346337497234344,6.15627592802048,NA,NA,0.846666653951009,-11.1258592605591,-10.6400347072467,"NEDz",35.4171433938736,0.107726506888866,1.47525250309646,1.57564075709966,0,11.1258592605591,0
376,"1",6.27,"2026-05-12","09:23:25",0,"STABILIZE",13.03,39.24,511.2972,2.70952198221272,2.237,2237,29.25,NA,NA,NA,NA,0.346337497234344,6.15627592802048,NA,NA,0.779999971389771,-11.1258592605591,-10.5732582687756,"NEDz",35.4171433938736,0.107726506888866,1.35909085923975,1.33314453030027,0,11.1258592605591,0
377,"1",6.28,"2026-05-12","09:23:26",0,"STABILIZE",13.03,39.24,511.2972,2.70952198221272,2.237,2237,29.25,NA,NA,NA,NA,0.346337497234344,6.15627592802048,NA,NA,0.779999971389771,-11.1258592605591,-10.5731485471883,"NEDz",35.4171433938736,0.107726506888866,1.35909085923975,1.33314453030027,0,11.1258592605591,0
378,"1",6.3,"2026-05-12","09:23:27",0,"STABILIZE",13.03,39.24,511.2972,2.70952198221272,2.237,2237,29.25,NA,NA,NA,NA,0.346337497234344,6.15627592802048,NA,NA,0.779999971389771,-11.1258592605591,-10.5730389188587,"NEDz",35.4171433938736,0.107726506888866,1.35909085923975,1.33314453030027,0,11.1258592605591,0
379,"1",6.32,"2026-05-12","09:23:28",0,"STABILIZE",13.03,39.24,511.2972,2.70952198221272,2.237,2237,29.25,NA,NA,NA,NA,0.346337497234344,6.15627592802048,NA,NA,0.779999971389771,-11.1258592605591,-10.5729294427218,"NEDz",35.4171433938736,0.107726506888866,1.35909085923975,1.33314453030027,0,11.1258592605591,0
380,"1",6.33,"2026-05-12","09:23:29",0,"STABILIZE",13.03,39.24,511.2972,2.70952198221272,2.237,2237,29.25,NA,NA,NA,NA,0.346337497234344,6.15627592802048,NA,NA,0.779999971389771,-11.1258592605591,-10.5728201777129,"NEDz",35.4171433938736,0.107726506888866,1.35909085923975,1.33314453030027,0,11.1258592605591,0
381,"1",6.35,"2026-05-12","09:23:30",0,"STABILIZE",13.03,39.24,511.2972,2.70952198221272,2.237,2237,29.25,NA,NA,NA,NA,7.6543185710907,16.8416478037834,NA,NA,0.779999971389771,-10.1450853347778,-9.59193725698577,"NEDz",35.4171433938736,0.107726506888866,1.35909085923975,1.33314453030027,12.9454146128731,10.1450853347778,0
382,"1",6.37,"2026-05-12","09:23:31",0,"STABILIZE",13.03,39.24,511.2972,2.70952198221272,2.237,2237,29.25,NA,NA,NA,NA,7.6543185710907,16.8416478037834,NA,NA,0.779999971389771,-10.1450853347778,-9.59182859103807,"NEDz",35.4171433938736,0.107726506888866,1.35909085923975,1.33314453030027,0,10.1450853347778,0
383,"1",6.38,"2026-05-12","09:23:32",0,"STABILIZE",13.03,39.24,511.2972,2.70952198221272,2.237,2237,29.25,NA,NA,NA,NA,7.6543185710907,16.8416478037834,NA,NA,0.779999971389771,-10.1450853347778,-9.59172031302369,"NEDz",35.4171433938736,0.107726506888866,1.35909085923975,1.33314453030027,0,10.1450853347778,0
384,"1",6.4,"2026-05-12","09:23:33",0,"STABILIZE",13.03,39.24,511.2972,2.70952198221272,2.237,2237,29.25,NA,NA,NA,NA,7.6543185710907,16.8416478037834,NA,NA,0.779999971389771,-10.1450853347778,-9.59161248187774,"NEDz",35.4171433938736,0.107726506888866,1.35909085923975,1.33314453030027,0,10.1450853347778,0
385,"1",6.42,"2026-05-12","09:23:34",0,"STABILIZE",13.03,39.24,511.2972,2.70952198221272,2.237,2237,29.25,NA,NA,NA,NA,7.6543185710907,16.8416478037834,NA,NA,0.779999971389771,-10.1450853347778,-9.59150515653536,"NEDz",35.4171433938736,0.107726506888866,1.35909085923975,1.33314453030027,0,10.1450853347778,0
386,"1",6.43,"2026-05-12","09:23:35",0,"STABILIZE",13.03,39.24,511.2972,2.70952198221272,2.237,2237,29.25,NA,NA,NA,NA,7.6543185710907,16.8416478037834,NA,NA,0.779999971389771,-10.1450853347778,-9.59139839593168,"NEDz",35.4171433938736,0.107726506888866,1.35909085923975,1.33314453030027,0,10.1450853347778,0
387,"1",6.45,"2026-05-12","09:23:36",0,"STABILIZE",13.03,39.24,511.2972,2.70952198221272,2.237,2237,29.25,NA,NA,NA,NA,7.6543185710907,16.8416478037834,NA,NA,0.779999971389771,-10.1450853347778,-9.59129225900183,"NEDz",35.4171433938736,0.107726506888866,1.35909085923975,1.33314453030027,0,10.1450853347778,0
388,"1",6.47,"2026-05-12","09:23:37",0,"STABILIZE",13.03,39.24,511.2972,2.70952198221272,2.237,2237,29.25,NA,NA,NA,NA,7.6543185710907,16.8416478037834,NA,NA,0.779999971389771,-10.1450853347778,-9.59118680468092,"NEDz",35.4171433938736,0.107726506888866,1.35909085923975,1.33314453030027,0,10.1450853347778,0
389,"1",6.48,"2026-05-12","09:23:38",0,"STABILIZE",13.03,39.24,511.2972,2.70952198221272,2.237,2237,29.25,NA,NA,NA,NA,7.6543185710907,16.8416478037834,NA,NA,0.779999971389771,-10.1450853347778,-9.59108209190411,"NEDz",35.4171433938736,0.107726506888866,1.35909085923975,1.33314453030027,0,10.1450853347778,0
390,"1",6.5,"2026-05-12","09:23:39",0,"STABILIZE",13.03,39.24,511.2972,2.70952198221272,2.237,2237,29.25,NA,NA,NA,NA,7.6543185710907,16.8416478037834,NA,NA,0.779999971389771,-10.1450853347778,-9.5909781796065,"NEDz",35.4171433938736,0.107726506888866,1.35909085923975,1.33314453030027,0,10.1450853347778,0
391,"1",6.52,"2026-05-12","09:23:40",0,"STABILIZE",13.03,39.24,511.2972,2.70952198221272,2.237,2237,29.25,NA,NA,NA,NA,7.6543185710907,16.8416478037834,NA,NA,0.779999971389771,-10.1450853347778,-9.59087512672323,"NEDz",35.4171433938736,0.107726506888866,1.35909085923975,1.33314453030027,0,10.1450853347778,0
392,"0",6.53,"2026-05-12","09:23:41",0,"STABILIZE",13.03,39.24,511.2972,2.70952198221272,2.237,2237,29.25,NA,NA,NA,NA,7.6543185710907,16.8416478037834,NA,NA,0.779999971389771,-10.1450853347778,-9.59077299218944,"NEDz",35.4171433938736,0.107726506888866,1.35909085923975,1.33314453030027,0,10.1450853347778,0
393,"0",6.55,"2026-05-12","09:23:42",0,"STABILIZE",13.03,39.24,511.2972,2.70952198221272,2.237,2237,29.25,NA,NA,NA,NA,7.6543185710907,16.8416478037834,NA,NA,0.779999971389771,-10.1450853347778,-9.59067183494024,"NEDz",35.4171433938736,0.107726506888866,1.35909085923975,1.33314453030027,0,10.1450853347778,0
394,"0",6.57,"2026-05-12","09:23:43",0,"STABILIZE",13.03,39.24,511.2972,2.70952198221272,2.237,2237,29.25,NA,NA,NA,NA,7.6543185710907,16.8416478037834,NA,NA,0.779999971389771,-10.1450853347778,-9.59057171391076,"NEDz",35.4171433938736,0.107726506888866,1.35909085923975,1.33314453030027,0,10.1450853347778,0
395,"0",6.58,"2026-05-12","09:23:44",0,"STABILIZE",13.03,39.24,511.2972,2.70952198221272,2.237,2237,29.25,NA,NA,NA,NA,7.6543185710907,16.8416478037834,NA,NA,0.779999971389771,-10.1450853347778,-9.59047268803615,"NEDz",35.4171433938736,0.107726506888866,1.35909085923975,1.33314453030027,0,10.1450853347778,0
396,"0",6.6,"2026-05-12","09:23:45",0,"STABILIZE",13.03,39.24,511.2972,2.70952198221272,2.237,2237,29.25,NA,NA,NA,NA,7.6543185710907,16.8416478037834,NA,NA,0.779999971389771,-10.1450853347778,-9.59037481625151,"NEDz",35.4171433938736,0.107726506888866,1.35909085923975,1.33314453030027,0,10.1450853347778,0
397,"0",6.62,"2026-05-12","09:23:46",0,"STABILIZE",13.03,39.24,511.2972,2.70952198221272,2.237,2237,29.25,NA,NA,NA,NA,7.6543185710907,16.8416478037834,NA,NA,0.779999971389771,-10.1450853347778,-9.59027815749199,"NEDz",35.4171433938736,0.107726506888866,1.35909085923975,1.33314453030027,0,10.1450853347778,0
398,"0",6.63,"2026-05-12","09:23:47",0,"STABILIZE",13.03,39.24,511.2972,2.70952198221272,2.237,2237,29.25,NA,NA,NA,NA,7.6543185710907,16.8416478037834,NA,NA,0.779999971389771,-10.1450853347778,-9.59018277069271,"NEDz",35.4171433938736,0.107726506888866,1.35909085923975,1.33314453030027,0,10.1450853347778,0
399,"0",6.65,"2026-05-12","09:23:48",0,"STABILIZE",13.03,39.24,511.2972,2.70952198221272,2.237,2237,29.25,NA,NA,NA,NA,7.6543185710907,16.8416478037834,NA,NA,0.779999971389771,-10.1450853347778,-9.5900887147888,"NEDz",35.4171433938736,0.107726506888866,1.35909085923975,1.33314453030027,0,10.1450853347778,0
400,"0",6.67,"2026-05-12","09:23:49",0,"STABILIZE",13.03,39.24,511.2972,2.70952198221272,2.237,2237,29.25,NA,NA,NA,NA,7.6543185710907,16.8416478037834,NA,NA,0.779999971389771,-10.1450853347778,-9.58999604871539,"NEDz",35.4171433938736,0.107726506888866,1.35909085923975,1.33314453030027,0,10.1450853347778,0
401,"0",6.68,"2026-05-12","09:23:50",0,"STABILIZE",13.03,39.24,511.2972,2.70952198221272,2.237,2237,29.25,NA,NA,NA,NA,7.6543185710907,16.8416478037834,NA,NA,0.699999988079071,-10.1450853347778,-9.50990484809691,"NEDz",35.4171433938736,0.107726506888866,1.21969694892565,1.08772677116913,0,10.1450853347778,0
402,"0",6.7,"2026-05-12","09:23:51",0,"STABILIZE",13.03,39.24,511.2972,2.70952198221272,2.237,2237,29.25,NA,NA,NA,NA,7.6543185710907,16.8416478037834,NA,NA,0.620000004768372,-10.1450853347778,-9.42981515517918,"NEDz",35.4171433938736,0.107726506888866,1.08030303861156,0.842309012037992,0,10.1450853347778,0
403,"0",6.72,"2026-05-12","09:23:52",0,"STABILIZE",13.03,39.24,511.2972,2.70952198221272,2.237,2237,29.25,NA,NA,NA,NA,7.6543185710907,16.8416478037834,NA,NA,0.620000004768372,-10.1450853347778,-9.42972701220804,"NEDz",35.4171433938736,0.107726506888866,1.08030303861156,0.842309012037992,0,10.1450853347778,0
404,"0",6.73,"2026-05-12","09:23:53",0,"STABILIZE",13.03,39.24,511.2972,2.70952198221272,2.237,2237,29.25,NA,NA,NA,NA,7.6543185710907,16.8416478037834,NA,NA,0.620000004768372,-10.1450853347778,-9.42964049480791,"NEDz",35.4171433938736,0.107726506888866,1.08030303861156,0.842309012037992,0,10.1450853347778,0
405,"0",6.75,"2026-05-12","09:23:54",0,"STABILIZE",13.03,39.24,511.2972,2.70952198221272,2.237,2237,29.25,NA,NA,NA,NA,7.6543185710907,16.8416478037834,NA,NA,0.620000004768372,-10.1450853347778,-9.42955566191392,"NEDz",35.4171433938736,0.107726506888866,1.08030303861156,0.842309012037992,0,10.1450853347778,0
406,"0",6.77,"2026-05-12","09:23:55",0,"STABILIZE",13.03,39.24,511.2972,2.70952198221272,2.237,2237,29.25,NA,NA,NA,NA,7.6543185710907,16.8416478037834,NA,NA,0.620000004768372,-10.1450853347778,-9.42947257246121,"NEDz",35.4171433938736,0.107726506888866,1.08030303861156,0.842309012037992,0,10.1450853347778,0
407,"0",6.78,"2026-05-12","09:23:56",0,"STABILIZE",13.03,39.24,511.2972,2.70952198221272,2.237,2237,29.25,NA,NA,NA,NA,7.6543185710907,16.8416478037834,NA,NA,0.530000001192093,-10.1450853347778,-9.33939128180861,"NEDz",35.4171433938736,0.107726506888866,0.92348485056198,0.633265614831415,0,10.1450853347778,0
408,"0",6.8,"2026-05-12","09:23:57",0,"STABILIZE",13.03,39.24,511.2972,2.70952198221272,2.237,2237,29.25,NA,NA,NA,NA,7.6543185710907,16.8416478037834,NA,NA,0.439999997615814,-10.1450853347778,-9.24931185246755,"NEDz",35.4171433938736,0.107726506888866,0.766666662512403,0.424222217624838,0,10.1450853347778,0
409,"0",6.82,"2026-05-12","09:23:58",0,"STABILIZE",13.03,39.24,511.2972,2.70952198221272,2.237,2237,29.25,NA,NA,NA,NA,7.6543185710907,16.8416478037834,NA,NA,0.439999997615814,-10.1450853347778,-9.24923434694942,"NEDz",35.4171433938736,0.107726506888866,0.766666662512403,0.424222217624838,0,10.1450853347778,0
410,"0",6.83,"2026-05-12","09:23:59",0,"STABILIZE",13.03,39.24,511.2972,2.70952198221272,2.237,2237,29.25,NA,NA,NA,NA,7.6543185710907,16.8416478037834,NA,NA,0.439999997615814,-10.1450853347778,-9.24915882061308,"NEDz",35.4171433938736,0.107726506888866,0.766666662512403,0.424222217624838,0,10.1450853347778,0
411,"0",6.85,"2026-05-12","09:24:00",0,"STABILIZE",13.03,39.24,511.2972,2.70952198221272,2.237,2237,29.25,NA,NA,NA,NA,7.6543185710907,16.8416478037834,NA,NA,0.439999997615814,-10.1450853347778,-9.24908533239365,"NEDz",35.4171433938736,0.107726506888866,0.766666662512403,0.424222217624838,0,10.1450853347778,0
412,"0",6.87,"2026-05-12","09:24:01",0,"STABILIZE",13.03,39.24,511.2972,2.70952198221272,2.237,2237,29.25,NA,NA,NA,NA,7.6543185710907,16.8416478037834,NA,NA,0.439999997615814,-10.1450853347778,-9.24901391553465,"NEDz",35.4171433938736,0.107726506888866,0.766666662512403,0.424222217624838,0,10.1450853347778,0
413,"0",6.88,"2026-05-12","09:24:02",0,"STABILIZE",13.03,39.24,511.2972,2.70952198221272,2.237,2237,29.25,NA,NA,NA,NA,7.6543185710907,16.8416478037834,NA,NA,0.439999997615814,-10.1450853347778,-9.24894450051318,"NEDz",35.4171433938736,0.107726506888866,0.766666662512403,0.424222217624838,0,10.1450853347778,0
414,"0",6.9,"2026-05-12","09:24:03",0,"STABILIZE",13.03,39.24,511.2972,2.70952198221272,2.237,2237,29.25,NA,NA,NA,NA,7.6543185710907,16.8416478037834,NA,NA,0.439999997615814,-10.1450853347778,-9.24887699211471,"NEDz",35.4171433938736,0.107726506888866,0.766666662512403,0.424222217624838,0,10.1450853347778,0
415,"0",6.92,"2026-05-12","09:24:04",0,"STABILIZE",13.03,39.24,511.2972,2.70952198221272,2.237,2237,29.25,NA,NA,NA,NA,7.6543185710907,16.8416478037834,NA,NA,0.439999997615814,-10.1450853347778,-9.24881129512473,"NEDz",35.4171433938736,0.107726506888866,0.766666662512403,0.424222217624838,0,10.1450853347778,0
416,"0",6.93,"2026-05-12","09:24:05",0,"STABILIZE",13.03,39.24,511.2972,2.70952198221272,2.237,2237,29.25,NA,NA,NA,NA,7.6543185710907,16.8416478037834,NA,NA,0.439999997615814,-10.1450853347778,-9.24874731432871,"NEDz",35.4171433938736,0.107726506888866,0.766666662512403,0.424222217624838,0,10.1450853347778,0
417,"0",6.95,"2026-05-12","09:24:06",0,"STABILIZE",13.03,39.24,511.2972,2.70952198221272,2.237,2237,29.25,NA,NA,NA,NA,7.6543185710907,16.8416478037834,NA,NA,0.439999997615814,-10.1450853347778,-9.24868495451213,"NEDz",35.4171433938736,0.107726506888866,0.766666662512403,0.424222217624838,0,10.1450853347778,0
418,"0",6.97,"2026-05-12","09:24:07",0,"STABILIZE",13.03,39.24,511.2972,2.70952198221272,2.237,2237,29.25,NA,NA,NA,NA,7.6543185710907,16.8416478037834,NA,NA,0.439999997615814,-10.1450853347778,-9.24862412046048,"NEDz",35.4171433938736,0.107726506888866,0.766666662512403,0.424222217624838,0,10.1450853347778,0
419,"0",6.98,"2026-05-12","09:24:08",0,"STABILIZE",12.981,40.95,531.57195,2.72637828887533,2.237,2237,29.25,NA,NA,NA,NA,7.6543185710907,16.8416478037834,NA,NA,0.439999997615814,-10.1450853347778,-9.24856471695922,"NEDz",35.4171433938736,0.107726506888866,0.766666662512403,0.424222217624838,0,10.1450853347778,0
420,"0",7,"2026-05-12","09:24:09",0,"STABILIZE",12.981,40.95,531.57195,2.72637828887533,2.237,2237,29.25,NA,NA,NA,NA,7.6543185710907,16.8416478037834,NA,NA,0.439999997615814,-10.1450853347778,-9.24850664879386,"NEDz",35.4171433938736,0.107726506888866,0.766666662512403,0.424222217624838,0,10.1450853347778,0
421,"0",7.02,"2026-05-12","09:24:10",0,"STABILIZE",12.981,40.95,531.57195,2.72637828887533,2.237,2237,29.25,NA,NA,NA,NA,7.6543185710907,16.8416478037834,NA,NA,0.439999997615814,-10.1450853347778,-9.24844982074985,"NEDz",343.782839381923,0.107726506888866,0.766666662512403,0.424222217624838,0,10.1450853347778,0
422,"0",7.03,"2026-05-12","09:24:11",0,"STABILIZE",12.981,40.95,531.57195,2.72637828887533,2.237,2237,29.25,NA,NA,NA,NA,7.6543185710907,16.8416478037834,NA,NA,0.449999988079071,-10.1450853347778,-9.25839412807594,"NEDz",343.782839381923,0.107726506888866,0.784090888319593,0.443724150044367,0,10.1450853347778,0
423,"0",7.05,"2026-05-12","09:24:12",0,"STABILIZE",12.981,40.95,531.57195,2.72637828887533,2.237,2237,29.25,NA,NA,NA,NA,7.6543185710907,16.8416478037834,NA,NA,0.449999988079071,-10.1450853347778,-9.2583394946311,"NEDz",343.782839381923,0.107726506888866,0.784090888319593,0.443724150044367,0,10.1450853347778,0
424,"0",7.07,"2026-05-12","09:24:13",0,"STABILIZE",12.981,40.95,531.57195,2.72637828887533,2.237,2237,29.25,NA,NA,NA,NA,7.6543185710907,16.8416478037834,NA,NA,0.449999988079071,-10.1450853347778,-9.25828581566406,"NEDz",343.782839381923,0.107726506888866,0.784090888319593,0.443724150044367,0,10.1450853347778,0
425,"0",7.08,"2026-05-12","09:24:14",0,"STABILIZE",12.981,40.95,531.57195,2.72637828887533,2.237,2237,29.25,NA,NA,NA,NA,7.6543185710907,16.8416478037834,NA,NA,0.449999988079071,-10.1450853347778,-9.25823299596031,"NEDz",343.782839381923,0.107726506888866,0.784090888319593,0.443724150044367,0,10.1450853347778,0
426,"0",7.1,"2026-05-12","09:24:15",0,"STABILIZE",12.981,40.95,531.57195,2.72637828887533,2.237,2237,29.25,NA,NA,NA,NA,7.6543185710907,16.8416478037834,NA,NA,0.449999988079071,-10.1450853347778,-9.25818094030532,"NEDz",343.782839381923,0.107726506888866,0.784090888319593,0.443724150044367,0,10.1450853347778,0
427,"0",7.12,"2026-05-12","09:24:16",0,"STABILIZE",12.981,40.95,531.57195,2.72637828887533,2.237,2237,29.25,NA,NA,NA,NA,7.6543185710907,16.8416478037834,NA,NA,0.449999988079071,-10.1450853347778,-9.25812955348456,"NEDz",343.782839381923,0.107726506888866,0.784090888319593,0.443724150044367,0,10.1450853347778,0
428,"0",7.13,"2026-05-12","09:24:17",0,"STABILIZE",12.981,40.95,531.57195,2.72637828887533,3.327,3327,43.4166666666667,NA,NA,NA,NA,7.6543185710907,16.8416478037834,NA,NA,0.449999988079071,-10.1450853347778,-9.25807874028354,"NEDz",343.782839381923,0.107726506888866,0.784090888319593,0.443724150044367,0,10.1450853347778,0
429,"0",7.15,"2026-05-12","09:24:18",0,"STABILIZE",12.981,40.95,531.57195,2.72637828887533,3.327,3327,43.4166666666667,NA,NA,NA,NA,7.6543185710907,16.8416478037834,NA,NA,0.449999988079071,-10.1450853347778,-9.25802840548771,"NEDz",343.782839381923,0.107726506888866,0.784090888319593,0.443724150044367,0,10.1450853347778,0
430,"0",7.17,"2026-05-12","09:24:19",0,"STABILIZE",12.981,40.95,531.57195,2.72637828887533,3.327,3327,43.4166666666667,NA,NA,NA,NA,7.6543185710907,16.8416478037834,NA,NA,0.449999988079071,-10.1450853347778,-9.25797845388256,"NEDz",343.782839381923,0.107726506888866,0.784090888319593,0.443724150044367,0,10.1450853347778,0
431,"0",7.18,"2026-05-12","09:24:20",0,"STABILIZE",12.981,40.95,531.57195,2.72637828887533,3.327,3327,43.4166666666667,NA,NA,NA,NA,7.6543185710907,16.8416478037834,NA,NA,0.449999988079071,-10.1450853347778,-9.25792879025358,"NEDz",343.782839381923,0.107726506888866,0.784090888319593,0.443724150044367,0,10.1450853347778,0
432,"0",7.2,"2026-05-12","09:24:21",0,"STABILIZE",12.981,40.95,531.57195,2.72637828887533,3.327,3327,43.4166666666667,NA,NA,NA,NA,7.6543185710907,16.8416478037834,NA,NA,0.389999985694885,-10.1450853347778,-9.19787931700206,"NEDz",343.782839381923,0.107726506888866,0.679545429619876,0.337230347764558,0,10.1450853347778,0
433,"0",7.22,"2026-05-12","09:24:22",0,"STABILIZE",12.981,40.95,531.57195,2.72637828887533,3.327,3327,43.4166666666667,NA,NA,NA,NA,7.6543185710907,16.8416478037834,NA,NA,0.359999984502792,-10.1450853347778,-9.16782994248975,"NEDz",343.782839381923,0.107726506888866,0.627272700270017,0.283983446624654,0,10.1450853347778,0
434,"0",7.23,"2026-05-12","09:24:23",0,"STABILIZE",12.981,40.95,531.57195,2.72637828887533,3.327,3327,43.4166666666667,NA,NA,NA,NA,7.6543185710907,16.8416478037834,NA,NA,0.359999984502792,-10.1450853347778,-9.16778057150213,"NEDz",343.782839381923,0.107726506888866,0.627272700270017,0.283983446624654,0,10.1450853347778,0
435,"0",7.25,"2026-05-12","09:24:24",0,"STABILIZE",12.981,40.95,531.57195,2.72637828887533,3.327,3327,43.4166666666667,NA,NA,NA,NA,7.6543185710907,16.8416478037834,NA,NA,0.359999984502792,-10.1450853347778,-9.1677311076326,"NEDz",343.782839381923,0.107726506888866,0.627272700270017,0.283983446624654,0,10.1450853347778,0
436,"0",7.27,"2026-05-12","09:24:25",0,"STABILIZE",12.981,40.95,531.57195,2.72637828887533,3.327,3327,43.4166666666667,NA,NA,NA,NA,7.6543185710907,16.8416478037834,NA,NA,0.359999984502792,-10.1450853347778,-9.16768145566662,"NEDz",343.782839381923,0.107726506888866,0.627272700270017,0.283983446624654,0,10.1450853347778,0
437,"0",7.28,"2026-05-12","09:24:26",0,"STABILIZE",12.981,40.95,531.57195,2.72637828887533,3.327,3327,43.4166666666667,NA,NA,NA,NA,7.6543185710907,16.8416478037834,NA,NA,0.359999984502792,-10.1450853347778,-9.16763152038969,"NEDz",343.782839381923,0.107726506888866,0.627272700270017,0.283983446624654,0,10.1450853347778,0
438,"0",7.3,"2026-05-12","09:24:27",0,"STABILIZE",12.981,40.95,531.57195,2.72637828887533,3.327,3327,43.4166666666667,NA,NA,NA,NA,7.6543185710907,16.8416478037834,NA,NA,0.359999984502792,-10.1450853347778,-9.16758120658729,"NEDz",343.782839381923,0.107726506888866,0.627272700270017,0.283983446624654,0,10.1450853347778,0
439,"0",7.32,"2026-05-12","09:24:28",0,"STABILIZE",12.981,40.95,531.57195,2.72637828887533,3.327,3327,43.4166666666667,NA,NA,NA,NA,7.6543185710907,16.8416478037834,NA,NA,0.359999984502792,-10.1450853347778,-9.16753041904488,"NEDz",343.782839381923,0.107726506888866,0.627272700270017,0.283983446624654,0,10.1450853347778,0
440,"0",7.33,"2026-05-12","09:24:29",0,"STABILIZE",12.981,40.95,531.57195,2.72637828887533,3.327,3327,43.4166666666667,NA,NA,NA,NA,7.6543185710907,16.8416478037834,NA,NA,0.359999984502792,-10.1450853347778,-9.16747906254795,"NEDz",343.782839381923,0.107726506888866,0.627272700270017,0.283983446624654,0,10.1450853347778,0
441,"0",7.35,"2026-05-12","09:24:30",0,"STABILIZE",12.981,40.95,531.57195,2.72637828887533,3.327,3327,43.4166666666667,NA,NA,NA,NA,7.6543185710907,16.8416478037834,NA,NA,0.359999984502792,-10.1450853347778,-9.16742704188199,"NEDz",343.782839381923,0.107726506888866,0.627272700270017,0.283983446624654,0,10.1450853347778,0
442,"0",7.37,"2026-05-12","09:24:31",0,"STABILIZE",12.981,40.95,531.57195,2.72637828887533,3.327,3327,43.4166666666667,NA,NA,NA,NA,7.6543185710907,16.8416478037834,NA,NA,0.359999984502792,-10.1450853347778,-9.16737426183247,"NEDz",343.782839381923,0.107726506888866,0.627272700270017,0.283983446624654,0,10.1450853347778,0
443,"0",7.38,"2026-05-12","09:24:32",0,"STABILIZE",12.981,40.95,531.57195,2.72637828887533,3.327,3327,43.4166666666667,NA,NA,NA,NA,7.6543185710907,16.8416478037834,NA,NA,0.359999984502792,-10.1450853347778,-9.16732062718486,"NEDz",343.782839381923,0.107726506888866,0.627272700270017,0.283983446624654,0,10.1450853347778,0
444,"0",7.4,"2026-05-12","09:24:33",0,"STABILIZE",12.981,40.95,531.57195,2.72637828887533,3.327,3327,43.4166666666667,NA,NA,NA,NA,7.6543185710907,16.8416478037834,NA,NA,0.359999984502792,-10.1450853347778,-9.16726604272466,"NEDz",341.818253857115,0.107726506888866,0.627272700270017,0.283983446624654,0,10.1450853347778,0
445,"0",7.42,"2026-05-12","09:24:34",0,"STABILIZE",12.981,40.95,531.57195,2.72637828887533,3.327,3327,43.4166666666667,NA,NA,NA,NA,7.6543185710907,16.8416478037834,NA,NA,0.359999984502792,-10.1450853347778,-9.16721041323735,"NEDz",337.889082807498,0.107726506888866,0.627272700270017,0.283983446624654,0,10.1450853347778,0
446,"0",7.43,"2026-05-12","09:24:35",0,"STABILIZE",12.981,40.95,531.57195,2.72637828887533,3.327,3327,43.4166666666667,NA,NA,NA,NA,7.6543185710907,16.8416478037834,NA,NA,0.359999984502792,-10.1450853347778,-9.16715364350839,"NEDz",337.889082807498,0.107726506888866,0.627272700270017,0.283983446624654,0,10.1450853347778,0
447,"0",7.45,"2026-05-12","09:24:36",0,"STABILIZE",12.981,40.95,531.57195,2.72637828887533,3.327,3327,43.4166666666667,NA,NA,NA,NA,7.6543185710907,16.8416478037834,NA,NA,0.359999984502792,-10.1450853347778,-9.16709563832327,"NEDz",337.889082807498,0.107726506888866,0.627272700270017,0.283983446624654,0,10.1450853347778,0
448,"0",7.47,"2026-05-12","09:24:37",0,"STABILIZE",12.981,40.95,531.57195,2.72637828887533,3.327,3327,43.4166666666667,NA,NA,NA,NA,7.6543185710907,16.8416478037834,NA,NA,0.359999984502792,-10.1450853347778,-9.16703630246748,"NEDz",337.889082807498,0.107726506888866,0.627272700270017,0.283983446624654,0,10.1450853347778,0
449,"0",7.48,"2026-05-12","09:24:38",0,"STABILIZE",12.981,40.95,531.57195,2.72637828887533,3.327,3327,43.4166666666667,NA,NA,NA,NA,7.6543185710907,16.8416478037834,NA,NA,0.359999984502792,-10.1450853347778,-9.16697554072648,"NEDz",337.889082807498,0.107726506888866,0.627272700270017,0.283983446624654,0,10.1450853347778,0
450,"0",7.5,"2026-05-12","09:24:39",0,"STABILIZE",12.981,40.95,531.57195,2.72637828887533,3.327,3327,43.4166666666667,NA,NA,NA,NA,7.6543185710907,16.8416478037834,NA,NA,0.359999984502792,-10.1450853347778,-9.16691325788577,"NEDz",337.889082807498,0.107726506888866,0.627272700270017,0.283983446624654,0,10.1450853347778,0
451,"0",7.52,"2026-05-12","09:24:40",0,"STABILIZE",12.981,40.95,531.57195,2.72637828887533,3.327,3327,43.4166666666667,NA,NA,NA,NA,7.6543185710907,16.8416478037834,NA,NA,0.359999984502792,-10.1450853347778,-9.16684935873081,"NEDz",337.889082807498,0.107726506888866,0.627272700270017,0.283983446624654,0,10.1450853347778,0
452,"0",7.53,"2026-05-12","09:24:41",0,"STABILIZE",12.981,40.95,531.57195,2.72637828887533,3.327,3327,43.4166666666667,NA,NA,NA,NA,7.6543185710907,16.8416478037834,NA,NA,0.359999984502792,-10.1450853347778,-9.1667837480471,"NEDz",337.889082807498,0.107726506888866,0.627272700270017,0.283983446624654,0,10.1450853347778,0
453,"0",7.55,"2026-05-12","09:24:42",0,"STABILIZE",12.981,40.95,531.57195,2.72637828887533,3.327,3327,43.4166666666667,NA,NA,NA,NA,7.6543185710907,16.8416478037834,NA,NA,0.359999984502792,-10.1450853347778,-9.16671633062011,"NEDz",337.889082807498,0.107726506888866,0.627272700270017,0.283983446624654,0,10.1450853347778,0
454,"0",7.57,"2026-05-12","09:24:43",0,"STABILIZE",12.981,40.95,531.57195,2.72637828887533,3.327,3327,43.4166666666667,NA,NA,NA,NA,7.6543185710907,16.8416478037834,NA,NA,0.359999984502792,-10.1450853347778,-9.16664701123532,"NEDz",337.889082807498,0.107726506888866,0.627272700270017,0.283983446624654,0,10.1450853347778,0
455,"0",7.58,"2026-05-12","09:24:44",0,"STABILIZE",12.981,40.95,531.57195,2.72637828887533,3.327,3327,43.4166666666667,NA,NA,NA,NA,7.6543185710907,16.8416478037834,NA,NA,0.359999984502792,-10.1450853347778,-9.16657569467821,"NEDz",337.889082807498,0.107726506888866,0.627272700270017,0.283983446624654,0,10.1450853347778,0
456,"0",7.6,"2026-05-12","09:24:45",0,"STABILIZE",12.981,40.95,531.57195,2.72637828887533,3.327,3327,43.4166666666667,NA,NA,NA,NA,7.6543185710907,16.8416478037834,NA,NA,0.359999984502792,-10.1450853347778,-9.16650228573426,"NEDz",337.889082807498,0.107726506888866,0.627272700270017,0.283983446624654,0,10.1450853347778,0
457,"0",7.62,"2026-05-12","09:24:46",0,"STABILIZE",12.981,40.95,531.57195,2.72637828887533,3.327,3327,43.4166666666667,NA,NA,NA,NA,7.6543185710907,16.8416478037834,NA,NA,0.359999984502792,-10.1450853347778,-9.16642668918895,"NEDz",337.889082807498,0.107726506888866,0.627272700270017,0.283983446624654,0,10.1450853347778,0
458,"0",7.63,"2026-05-12","09:24:47",0,"STABILIZE",12.981,40.95,531.57195,2.72637828887533,3.327,3327,43.4166666666667,NA,NA,NA,NA,7.6543185710907,16.8416478037834,NA,NA,0.359999984502792,-10.1450853347778,-9.16634880982776,"NEDz",337.889082807498,0.107726506888866,0.627272700270017,0.283983446624654,0,10.1450853347778,0
459,"0",7.65,"2026-05-12","09:24:48",0,"STABILIZE",12.981,40.95,531.57195,2.72637828887533,3.327,3327,43.4166666666667,NA,NA,NA,NA,7.6543185710907,16.8416478037834,NA,NA,0.359999984502792,-10.1450853347778,-9.16626855243617,"NEDz",337.889082807498,0.107726506888866,0.627272700270017,0.283983446624654,0,10.1450853347778,0
460,"0",7.67,"2026-05-12","09:24:49",0,"STABILIZE",12.981,40.95,531.57195,2.72637828887533,3.327,3327,43.4166666666667,NA,NA,NA,NA,7.6543185710907,16.8416478037834,NA,NA,0.359999984502792,-10.1450853347778,-9.16618582179966,"NEDz",337.889082807498,0.107726506888866,0.627272700270017,0.283983446624654,0,10.1450853347778,0
461,"2",7.68,"2026-05-12","09:24:50",0,"STABILIZE",12.981,40.95,531.57195,2.72637828887533,3.327,3327,43.4166666666667,NA,NA,NA,NA,7.6543185710907,16.8416478037834,NA,NA,0.359999984502792,-10.1450853347778,-9.16610052270372,"NEDz",337.889082807498,0.107726506888866,0.627272700270017,0.283983446624654,0,10.1450853347778,0
462,"2",7.7,"2026-05-12","09:24:51",0,"STABILIZE",12.981,40.95,531.57195,2.72637828887533,3.327,3327,43.4166666666667,NA,NA,NA,NA,7.6543185710907,16.8416478037834,NA,NA,0.359999984502792,-10.1450853347778,-9.16601255993381,"NEDz",337.889082807498,0.107726506888866,0.627272700270017,0.283983446624654,0,10.1450853347778,0
463,"2",7.72,"2026-05-12","09:24:52",0,"STABILIZE",12.981,40.95,531.57195,2.72637828887533,3.327,3327,43.4166666666667,NA,NA,NA,NA,7.6543185710907,16.8416478037834,NA,NA,0.359999984502792,-10.1450853347778,-9.16592183827542,"NEDz",337.889082807498,0.107726506888866,0.627272700270017,0.283983446624654,0,10.1450853347778,0
464,"2",7.73,"2026-05-12","09:24:53",0,"STABILIZE",12.981,40.95,531.57195,2.72637828887533,3.73,3730,48.6388888888889,NA,NA,NA,NA,7.6543185710907,16.8416478037834,NA,NA,0.359999984502792,-10.1450853347778,-9.16582826251403,"NEDz",337.889082807498,0.107726506888866,0.627272700270017,0.283983446624654,0,10.1450853347778,0
465,"2",7.75,"2026-05-12","09:24:54",0,"STABILIZE",12.981,40.95,531.57195,2.72637828887533,3.73,3730,48.6388888888889,NA,NA,NA,NA,7.6543185710907,16.8416478037834,NA,NA,0.359999984502792,-10.1450853347778,-9.16573173743512,"NEDz",337.889082807498,0.107726506888866,0.627272700270017,0.283983446624654,0,10.1450853347778,0
466,"2",7.77,"2026-05-12","09:24:55",0,"STABILIZE",12.981,40.95,531.57195,2.72637828887533,3.73,3730,48.6388888888889,NA,NA,NA,NA,7.6543185710907,16.8416478037834,NA,NA,0.359999984502792,-10.1450853347778,-9.16563216782417,"NEDz",337.889082807498,0.107726506888866,0.627272700270017,0.283983446624654,0,10.1450853347778,0
467,"2",7.78,"2026-05-12","09:24:56",0,"STABILIZE",12.981,40.95,531.57195,2.72637828887533,3.73,3730,48.6388888888889,NA,NA,NA,NA,7.6543185710907,16.8416478037834,NA,NA,0.359999984502792,-10.1450853347778,-9.16552945846666,"NEDz",337.889082807498,0.107726506888866,0.627272700270017,0.283983446624654,0,10.1450853347778,0
468,"2",7.8,"2026-05-12","09:24:57",0,"STABILIZE",12.981,40.95,531.57195,2.72637828887533,3.73,3730,48.6388888888889,NA,NA,NA,NA,7.6543185710907,16.8416478037834,NA,NA,0.359999984502792,-10.1450853347778,-9.16542351414807,"NEDz",337.889082807498,0.107726506888866,0.627272700270017,0.283983446624654,0,10.1450853347778,0
469,"2",7.82,"2026-05-12","09:24:58",0,"STABILIZE",12.981,40.95,531.57195,2.72637828887533,3.73,3730,48.6388888888889,NA,NA,NA,NA,7.6543185710907,16.8416478037834,NA,NA,0.359999984502792,-10.1450853347778,-9.16531423965388,"NEDz",337.889082807498,0.107726506888866,0.627272700270017,0.283983446624654,0,10.1450853347778,0
470,"2",7.83,"2026-05-12","09:24:59",0,"STABILIZE",12.981,40.95,531.57195,2.72637828887533,3.73,3730,48.6388888888889,NA,NA,NA,NA,7.6543185710907,16.8416478037834,NA,NA,0.359999984502792,-10.1450853347778,-9.16520153976957,"NEDz",337.889082807498,0.107726506888866,0.627272700270017,0.283983446624654,0,10.1450853347778,0
471,"2",7.85,"2026-05-12","09:25:00",0,"STABILIZE",12.981,40.95,531.57195,2.72637828887533,3.73,3730,48.6388888888889,NA,NA,NA,NA,7.6543185710907,16.8416478037834,NA,NA,0.359999984502792,-10.1450853347778,-9.16508531928062,"NEDz",337.889082807498,0.107726506888866,0.627272700270017,0.283983446624654,0,10.1450853347778,0
472,"2",7.87,"2026-05-12","09:25:01",0,"STABILIZE",12.981,40.95,531.57195,2.72637828887533,3.73,3730,48.6388888888889,NA,NA,NA,NA,7.6543185710907,16.8416478037834,NA,NA,0.359999984502792,-10.1450853347778,-9.16496552471765,"NEDz",337.889082807498,0.107726506888866,0.627272700270017,0.283983446624654,0,10.1450853347778,0
473,"2",7.88,"2026-05-12","09:25:02",0,"STABILIZE",12.981,40.95,531.57195,2.72637828887533,3.73,3730,48.6388888888889,NA,NA,NA,NA,7.6543185710907,16.8416478037834,NA,NA,0.359999984502792,-10.1450853347778,-9.16484226959179,"NEDz",337.889082807498,0.107726506888866,0.627272700270017,0.283983446624654,0,10.1450853347778,0
474,"2",7.9,"2026-05-12","09:25:03",0,"STABILIZE",12.981,40.95,531.57195,2.72637828887533,3.73,3730,48.6388888888889,NA,NA,NA,NA,7.6543185710907,16.8416478037834,NA,NA,0.359999984502792,-10.1450853347778,-9.16471570915935,"NEDz",337.889082807498,0.107726506888866,0.627272700270017,0.283983446624654,0,10.1450853347778,0
475,"2",7.92,"2026-05-12","09:25:04",0,"STABILIZE",12.981,40.95,531.57195,2.72637828887533,3.73,3730,48.6388888888889,NA,NA,NA,NA,7.6543185710907,16.8416478037834,NA,NA,0.359999984502792,-10.1450853347778,-9.1645859986766,"NEDz",337.889082807498,0.107726506888866,0.627272700270017,0.283983446624654,0,10.1450853347778,0
476,"2",7.93,"2026-05-12","09:25:05",0,"STABILIZE",12.981,40.95,531.57195,2.72637828887533,3.73,3730,48.6388888888889,NA,NA,NA,NA,7.6543185710907,16.8416478037834,NA,NA,0.359999984502792,-10.1450853347778,-9.16445329339983,"NEDz",337.889082807498,0.107726506888866,0.627272700270017,0.283983446624654,0,10.1450853347778,0
477,"2",7.95,"2026-05-12","09:25:06",0,"STABILIZE",12.981,40.95,531.57195,2.72637828887533,3.73,3730,48.6388888888889,NA,NA,NA,NA,7.6543185710907,16.8416478037834,NA,NA,0.426666657129924,-10.1450853347778,-9.23098442121246,"NEDz",337.889082807498,0.107726506888866,0.743434326817291,0.418378926574983,0,10.1450853347778,0
478,"2",7.97,"2026-05-12","09:25:07",0,"STABILIZE",12.981,40.95,531.57195,2.72637828887533,3.73,3730,48.6388888888889,NA,NA,NA,NA,7.6543185710907,16.8416478037834,NA,NA,0.560000002384186,-10.1450853347778,-9.36417953737076,"NEDz",337.889082807498,0.107726506888866,0.975757579911839,0.687169886475643,0,10.1450853347778,0
479,"2",7.98,"2026-05-12","09:25:08",0,"STABILIZE",12.981,40.95,531.57195,2.72637828887533,3.73,3730,48.6388888888889,NA,NA,NA,NA,7.6543185710907,16.8416478037834,NA,NA,0.560000002384186,-10.1450853347778,-9.36403877924964,"NEDz",337.889082807498,0.107726506888866,0.975757579911839,0.687169886475643,0,10.1450853347778,0
480,"2",8,"2026-05-12","09:25:09",0,"STABILIZE",12.981,40.95,531.57195,2.72637828887533,3.73,3730,48.6388888888889,NA,NA,NA,NA,7.6543185710907,16.8416478037834,NA,NA,0.560000002384186,-10.1450853347778,-9.36389564735963,"NEDz",337.889082807498,0.107726506888866,0.975757579911839,0.687169886475643,0,10.1450853347778,0
481,"2",8.02,"2026-05-12","09:25:10",0,"STABILIZE",12.981,40.95,531.57195,2.72637828887533,3.73,3730,48.6388888888889,NA,NA,NA,NA,7.6543185710907,16.8416478037834,NA,NA,0.560000002384186,-10.1450853347778,-9.36375029695703,"NEDz",337.889082807498,0.107726506888866,0.975757579911839,0.687169886475643,0,10.1450853347778,0
482,"2",8.03,"2026-05-12","09:25:11",0,"STABILIZE",12.981,40.95,531.57195,2.72637828887533,3.73,3730,48.6388888888889,NA,NA,NA,NA,7.6543185710907,16.8416478037834,NA,NA,0.560000002384186,-10.1450853347778,-9.36360288329811,"NEDz",337.889082807498,0.107726506888866,0.975757579911839,0.687169886475643,0,10.1450853347778,0
483,"2",8.05,"2026-05-12","09:25:12",0,"STABILIZE",12.981,40.95,531.57195,2.72637828887533,3.73,3730,48.6388888888889,NA,NA,NA,NA,7.6543185710907,16.8416478037834,NA,NA,0.560000002384186,-10.1450853347778,-9.36345356163917,"NEDz",337.889082807498,0.107726506888866,0.975757579911839,0.687169886475643,0,10.1450853347778,0
484,"2",8.07,"2026-05-12","09:25:13",0,"STABILIZE",12.981,40.95,531.57195,2.72637828887533,3.73,3730,48.6388888888889,NA,NA,NA,NA,7.6543185710907,16.8416478037834,NA,NA,0.560000002384186,-10.1450853347778,-9.36330248723649,"NEDz",337.889082807498,0.107726506888866,0.975757579911839,0.687169886475643,0,10.1450853347778,0
485,"2",8.08,"2026-05-12","09:25:14",0,"STABILIZE",12.981,40.95,531.57195,2.72637828887533,3.73,3730,48.6388888888889,NA,NA,NA,NA,7.6543185710907,16.8416478037834,NA,NA,0.560000002384186,-10.1450853347778,-9.36314981534635,"NEDz",337.889082807498,0.107726506888866,0.975757579911839,0.687169886475643,0,10.1450853347778,0
486,"2",8.1,"2026-05-12","09:25:15",0,"STABILIZE",12.981,40.95,531.57195,2.72637828887533,3.73,3730,48.6388888888889,NA,NA,NA,NA,7.6543185710907,16.8416478037834,NA,NA,0.560000002384186,-10.1450853347778,-9.36299570122504,"NEDz",337.889082807498,0.107726506888866,0.975757579911839,0.687169886475643,0,10.1450853347778,0
487,"2",8.12,"2026-05-12","09:25:16",0,"STABILIZE",12.981,40.95,531.57195,2.72637828887533,3.73,3730,48.6388888888889,NA,NA,NA,NA,7.6543185710907,16.8416478037834,NA,NA,0.560000002384186,-10.1450853347778,-9.36284030012884,"NEDz",337.791045687246,0.107726506888866,0.975757579911839,0.687169886475643,0,10.1450853347778,0
488,"2",8.13,"2026-05-12","09:25:17",0,"STABILIZE",12.981,40.95,531.57195,2.72637828887533,3.73,3730,48.6388888888889,NA,NA,NA,NA,7.6543185710907,16.8416478037834,NA,NA,0.560000002384186,-10.1450853347778,-9.36268376731404,"NEDz",337.693008566994,0.107726506888866,0.975757579911839,0.687169886475643,0,10.1450853347778,0
489,"2",8.15,"2026-05-12","09:25:18",0,"STABILIZE",12.981,40.95,531.57195,2.72637828887533,3.73,3730,48.6388888888889,NA,NA,NA,NA,7.6543185710907,16.8416478037834,NA,NA,0.560000002384186,-10.1450853347778,-9.36252625803692,"NEDz",337.693008566994,0.107726506888866,0.975757579911839,0.687169886475643,0,10.1450853347778,0
490,"2",8.17,"2026-05-12","09:25:19",0,"STABILIZE",12.981,40.95,531.57195,2.72637828887533,3.73,3730,48.6388888888889,NA,NA,NA,NA,7.6543185710907,16.8416478037834,NA,NA,0.560000002384186,-10.1450853347778,-9.36236792755376,"NEDz",337.693008566994,0.107726506888866,0.975757579911839,0.687169886475643,0,10.1450853347778,0
491,"2",8.18,"2026-05-12","09:25:20",0,"STABILIZE",12.981,40.95,531.57195,2.72637828887533,3.73,3730,48.6388888888889,NA,NA,NA,NA,7.6543185710907,16.8416478037834,NA,NA,0.560000002384186,-10.1450853347778,-9.36220893112086,"NEDz",337.693008566994,0.107726506888866,0.975757579911839,0.687169886475643,0,10.1450853347778,0
492,"2",8.2,"2026-05-12","09:25:21",0,"STABILIZE",12.981,40.95,531.57195,2.72637828887533,3.73,3730,48.6388888888889,NA,NA,NA,NA,7.6543185710907,16.8416478037834,NA,NA,0.560000002384186,-10.1450853347778,-9.3620494239945,"NEDz",337.693008566994,0.107726506888866,0.975757579911839,0.687169886475643,0,10.1450853347778,0
493,"2",8.22,"2026-05-12","09:25:22",0,"STABILIZE",12.981,40.95,531.57195,2.72637828887533,3.73,3730,48.6388888888889,NA,NA,NA,NA,7.6543185710907,16.8416478037834,NA,NA,0.560000002384186,-10.1450853347778,-9.36188956143096,"NEDz",337.693008566994,0.107726506888866,0.975757579911839,0.687169886475643,0,10.1450853347778,0
494,"2",8.23,"2026-05-12","09:25:23",0,"STABILIZE",12.981,40.95,531.57195,2.72637828887533,3.73,3730,48.6388888888889,NA,NA,NA,NA,7.6543185710907,16.8416478037834,NA,NA,0.560000002384186,-10.1450853347778,-9.36172949868652,"NEDz",337.693008566994,0.107726506888866,0.975757579911839,0.687169886475643,0,10.1450853347778,0
495,"2",8.25,"2026-05-12","09:25:24",0,"STABILIZE",12.981,40.95,531.57195,2.72637828887533,3.73,3730,48.6388888888889,NA,NA,NA,NA,7.6543185710907,16.8416478037834,NA,NA,0.560000002384186,-10.1450853347778,-9.36156939101748,"NEDz",337.693008566994,0.107726506888866,0.975757579911839,0.687169886475643,0,10.1450853347778,0
496,"2",8.27,"2026-05-12","09:25:25",0,"STABILIZE",12.981,40.95,531.57195,2.72637828887533,3.73,3730,48.6388888888889,NA,NA,NA,NA,7.6543185710907,16.8416478037834,NA,NA,0.560000002384186,-10.1450853347778,-9.36140939368011,"NEDz",337.693008566994,0.107726506888866,0.975757579911839,0.687169886475643,0,10.1450853347778,0
497,"2",8.28,"2026-05-12","09:25:26",0,"STABILIZE",12.981,40.95,531.57195,2.72637828887533,3.73,3730,48.6388888888889,NA,NA,NA,NA,7.6543185710907,16.8416478037834,NA,NA,0.560000002384186,-10.1450853347778,-9.36124966193071,"NEDz",337.693008566994,0.107726506888866,0.975757579911839,0.687169886475643,0,10.1450853347778,0
498,"2",8.3,"2026-05-12","09:25:27",0,"STABILIZE",12.981,40.95,531.57195,2.72637828887533,3.73,3730,48.6388888888889,NA,NA,NA,NA,7.6543185710907,16.8416478037834,NA,NA,0.560000002384186,-10.1450853347778,-9.36109035102555,"NEDz",337.693008566994,0.107726506888866,0.975757579911839,0.687169886475643,0,10.1450853347778,0
499,"2",8.32,"2026-05-12","09:25:28",0,"STABILIZE",12.981,40.95,531.57195,2.72637828887533,3.73,3730,48.6388888888889,NA,NA,NA,NA,7.6543185710907,16.8416478037834,NA,NA,0.560000002384186,-10.1450853347778,-9.36093161622092,"NEDz",337.693008566994,0.107726506888866,0.975757579911839,0.687169886475643,0,10.1450853347778,0
500,"2",8.33,"2026-05-12","09:25:29",0,"STABILIZE",12.981,40.95,531.57195,2.72637828887533,3.73,3730,48.6388888888889,NA,NA,NA,NA,7.6543185710907,16.8416478037834,NA,NA,0.560000002384186,-10.1450853347778,-9.36077361277311,"NEDz",337.693008566994,0.107726506888866,0.975757579911839,0.687169886475643,0,10.1450853347778,0
501,"2",8.35,"2026-05-12","09:25:30",0,"STABILIZE",12.981,40.95,531.57195,2.72637828887533,3.73,3730,48.6388888888889,NA,NA,NA,NA,7.6543185710907,16.8416478037834,NA,NA,0.560000002384186,-10.1450853347778,-9.3606164959384,"NEDz",337.693008566994,0.107726506888866,0.975757579911839,0.687169886475643,0,10.1450853347778,0
502,"2",8.37,"2026-05-12","09:25:31",0,"STABILIZE",12.981,40.95,531.57195,2.72637828887533,3.73,3730,48.6388888888889,NA,NA,NA,NA,7.6543185710907,16.8416478037834,NA,NA,0.560000002384186,-10.1450853347778,-9.36046042097307,"NEDz",337.693008566994,0.107726506888866,0.975757579911839,0.687169886475643,0,10.1450853347778,0
503,"2",8.38,"2026-05-12","09:25:32",0,"STABILIZE",12.981,40.95,531.57195,2.72637828887533,3.73,3730,48.6388888888889,NA,NA,NA,NA,7.6543185710907,16.8416478037834,NA,NA,0.560000002384186,-10.1450853347778,-9.36030554313342,"NEDz",337.693008566994,0.107726506888866,0.975757579911839,0.687169886475643,0,10.1450853347778,0
504,"2",8.4,"2026-05-12","09:25:33",0,"STABILIZE",12.981,40.95,531.57195,2.72637828887533,3.73,3730,48.6388888888889,NA,NA,NA,NA,7.6543185710907,16.8416478037834,NA,NA,0.560000002384186,-10.1450853347778,-9.36015201767572,"NEDz",337.693008566994,0.107726506888866,0.975757579911839,0.687169886475643,0,10.1450853347778,0
505,"2",8.42,"2026-05-12","09:25:34",0,"STABILIZE",12.981,40.95,531.57195,2.72637828887533,3.73,3730,48.6388888888889,NA,NA,NA,NA,7.6543185710907,16.8416478037834,NA,NA,0.560000002384186,-10.1450853347778,-9.35999999985626,"NEDz",337.693008566994,0.107726506888866,0.975757579911839,0.687169886475643,0,10.1450853347778,0
506,"2",8.43,"2026-05-12","09:25:35",0,"STABILIZE",12.981,40.95,531.57195,2.72637828887533,3.73,3730,48.6388888888889,NA,NA,NA,NA,7.6543185710907,16.8416478037834,NA,NA,0.560000002384186,-10.1450853347778,-9.35984964493133,"NEDz",337.693008566994,0.107726506888866,0.975757579911839,0.687169886475643,0,10.1450853347778,0
507,"2",8.45,"2026-05-12","09:25:36",0,"STABILIZE",12.981,40.95,531.57195,2.72637828887533,3.73,3730,48.6388888888889,NA,NA,NA,NA,7.6543185710907,16.8416478037834,NA,NA,0.560000002384186,-10.1450853347778,-9.35970110815721,"NEDz",337.693008566994,0.107726506888866,0.975757579911839,0.687169886475643,0,10.1450853347778,0
508,"2",8.47,"2026-05-12","09:25:37",0,"STABILIZE",12.981,40.95,531.57195,2.72637828887533,3.73,3730,48.6388888888889,NA,NA,NA,NA,7.6543185710907,16.8416478037834,NA,NA,0.560000002384186,-10.1450853347778,-9.35955454479018,"NEDz",337.693008566994,0.107726506888866,0.975757579911839,0.687169886475643,0,10.1450853347778,0
509,"2",8.48,"2026-05-12","09:25:38",0,"STABILIZE",12.981,40.95,531.57195,2.72637828887533,3.73,3730,48.6388888888889,NA,NA,NA,NA,7.6543185710907,16.8416478037834,NA,NA,0.560000002384186,-10.1450853347778,-9.35941011008653,"NEDz",337.693008566994,0.107726506888866,0.975757579911839,0.687169886475643,0,10.1450853347778,0
510,"2",8.5,"2026-05-12","09:25:39",0,"STABILIZE",12.981,40.95,531.57195,2.72637828887533,3.73,3730,48.6388888888889,NA,NA,NA,NA,7.6543185710907,16.8416478037834,NA,NA,0.560000002384186,-10.1450853347778,-9.35926795930255,"NEDz",337.693008566994,0.107726506888866,0.975757579911839,0.687169886475643,0,10.1450853347778,0
511,"2",8.52,"2026-05-12","09:25:40",0,"STABILIZE",12.981,40.95,531.57195,2.72637828887533,3.73,3730,48.6388888888889,NA,NA,NA,NA,7.6543185710907,16.8416478037834,NA,NA,0.560000002384186,-10.1450853347778,-9.35912824769452,"NEDz",337.693008566994,0.107726506888866,0.975757579911839,0.687169886475643,0,10.1450853347778,0
512,"2",8.53,"2026-05-12","09:25:41",0,"STABILIZE",12.981,40.95,531.57195,2.72637828887533,3.73,3730,48.6388888888889,NA,NA,NA,NA,7.6543185710907,16.8416478037834,NA,NA,0.560000002384186,-10.1450853347778,-9.35899113051872,"NEDz",337.693008566994,0.107726506888866,0.975757579911839,0.687169886475643,0,10.1450853347778,0
513,"2",8.55,"2026-05-12","09:25:42",0,"STABILIZE",12.981,40.95,531.57195,2.72637828887533,4.302,4302,56.0555555555556,NA,NA,NA,NA,7.6543185710907,16.8416478037834,NA,NA,0.560000002384186,-10.1450853347778,-9.35885676303144,"NEDz",337.693008566994,0.107726506888866,0.975757579911839,0.687169886475643,0,10.1450853347778,0
514,"2",8.57,"2026-05-12","09:25:43",0,"STABILIZE",12.981,40.95,531.57195,2.72637828887533,4.302,4302,56.0555555555556,NA,NA,NA,NA,7.6543185710907,16.8416478037834,NA,NA,0.560000002384186,-10.1450853347778,-9.35872530048896,"NEDz",337.693008566994,0.107726506888866,0.975757579911839,0.687169886475643,0,10.1450853347778,0
515,"2",8.58,"2026-05-12","09:25:44",0,"STABILIZE",12.981,40.95,531.57195,2.72637828887533,4.302,4302,56.0555555555556,NA,NA,NA,NA,7.6543185710907,16.8416478037834,NA,NA,0.560000002384186,-10.1450853347778,-9.35859689814758,"NEDz",337.693008566994,0.107726506888866,0.975757579911839,0.687169886475643,0,10.1450853347778,0
516,"2",8.6,"2026-05-12","09:25:45",0,"STABILIZE",12.981,40.95,531.57195,2.72637828887533,4.302,4302,56.0555555555556,NA,NA,NA,NA,7.6543185710907,16.8416478037834,NA,NA,0.560000002384186,-10.1450853347778,-9.35847171126357,"NEDz",337.693008566994,0.107726506888866,0.975757579911839,0.687169886475643,0,10.1450853347778,0
517,"2",8.62,"2026-05-12","09:25:46",0,"STABILIZE",12.981,40.95,531.57195,2.72637828887533,4.302,4302,56.0555555555556,NA,NA,NA,NA,7.6543185710907,16.8416478037834,NA,NA,0.560000002384186,-10.1450853347778,-9.35834989509322,"NEDz",337.693008566994,0.107726506888866,0.975757579911839,0.687169886475643,0,10.1450853347778,0
518,"2",8.63,"2026-05-12","09:25:47",0,"STABILIZE",12.981,40.95,531.57195,2.72637828887533,4.302,4302,56.0555555555556,NA,NA,NA,NA,7.6543185710907,16.8416478037834,NA,NA,0.560000002384186,-10.1450853347778,-9.35823160489281,"NEDz",330.316071860841,0.107726506888866,0.975757579911839,0.687169886475643,0,10.1450853347778,0
519,"2",8.65,"2026-05-12","09:25:48",0,"STABILIZE",12.981,40.95,531.57195,2.72637828887533,4.302,4302,56.0555555555556,NA,NA,NA,NA,7.6543185710907,16.8416478037834,NA,NA,0.560000002384186,-10.1450853347778,-9.35811699591863,"NEDz",315.562198448534,0.107726506888866,0.975757579911839,0.687169886475643,0,10.1450853347778,0
520,"2",8.67,"2026-05-12","09:25:49",0,"STABILIZE",12.981,40.95,531.57195,2.72637828887533,4.302,4302,56.0555555555556,NA,NA,NA,NA,7.6543185710907,16.8416478037834,NA,NA,0.560000002384186,-10.1450853347778,-9.35800622342696,"NEDz",315.562198448534,0.107726506888866,0.975757579911839,0.687169886475643,0,10.1450853347778,0
521,"2",8.68,"2026-05-12","09:25:50",0,"STABILIZE",12.981,40.95,531.57195,2.72637828887533,4.302,4302,56.0555555555556,NA,NA,NA,NA,7.6543185710907,16.8416478037834,NA,NA,0.560000002384186,-10.1450853347778,-9.3578994426741,"NEDz",315.562198448534,0.107726506888866,0.975757579911839,0.687169886475643,0,10.1450853347778,0
522,"2",8.7,"2026-05-12","09:25:51",0,"STABILIZE",12.981,40.95,531.57195,2.72637828887533,4.302,4302,56.0555555555556,NA,NA,NA,NA,7.6543185710907,16.8416478037834,NA,NA,0.560000002384186,-10.1450853347778,-9.35779680891631,"NEDz",315.562198448534,0.107726506888866,0.975757579911839,0.687169886475643,0,10.1450853347778,0
523,"2",8.72,"2026-05-12","09:25:52",0,"STABILIZE",12.981,40.95,531.57195,2.72637828887533,4.302,4302,56.0555555555556,NA,NA,NA,NA,7.6543185710907,16.8416478037834,NA,NA,0.560000002384186,-10.1450853347778,-9.3576984774099,"NEDz",315.562198448534,0.107726506888866,0.975757579911839,0.687169886475643,0,10.1450853347778,0
524,"2",8.73,"2026-05-12","09:25:53",0,"STABILIZE",12.981,40.95,531.57195,2.72637828887533,4.302,4302,56.0555555555556,NA,NA,NA,NA,7.6543185710907,16.8416478037834,NA,NA,0.560000002384186,-10.1450853347778,-9.35760460341113,"NEDz",315.562198448534,0.107726506888866,0.975757579911839,0.687169886475643,0,10.1450853347778,0
525,"2",8.75,"2026-05-12","09:25:54",0,"STABILIZE",12.981,40.95,531.57195,2.72637828887533,4.302,4302,56.0555555555556,NA,NA,NA,NA,7.6543185710907,16.8416478037834,NA,NA,0.560000002384186,-10.1450853347778,-9.35751534217631,"NEDz",315.562198448534,0.107726506888866,0.975757579911839,0.687169886475643,0,10.1450853347778,0
526,"2",8.77,"2026-05-12","09:25:55",0,"STABILIZE",12.981,40.95,531.57195,2.72637828887533,4.302,4302,56.0555555555556,NA,NA,NA,NA,7.6543185710907,16.8416478037834,NA,NA,0.560000002384186,-10.1450853347778,-9.35743084896171,"NEDz",315.562198448534,0.107726506888866,0.975757579911839,0.687169886475643,0,10.1450853347778,0
527,"2",8.78,"2026-05-12","09:25:56",0,"STABILIZE",12.981,40.95,531.57195,2.72637828887533,4.302,4302,56.0555555555556,NA,NA,NA,NA,7.6543185710907,16.8416478037834,NA,NA,0.560000002384186,-10.1450853347778,-9.35735127902362,"NEDz",315.562198448534,0.107726506888866,0.975757579911839,0.687169886475643,0,10.1450853347778,0
528,"2",8.8,"2026-05-12","09:25:57",0,"STABILIZE",12.981,40.95,531.57195,2.72637828887533,4.302,4302,56.0555555555556,NA,NA,NA,NA,7.6543185710907,16.8416478037834,NA,NA,0.560000002384186,-10.1450853347778,-9.35727678761831,"NEDz",315.562198448534,0.107726506888866,0.975757579911839,0.687169886475643,0,10.1450853347778,0
529,"2",8.82,"2026-05-12","09:25:58",0,"STABILIZE",12.981,40.95,531.57195,2.72637828887533,4.302,4302,56.0555555555556,NA,NA,NA,NA,7.6543185710907,16.8416478037834,NA,NA,0.560000002384186,-10.1450853347778,-9.35720753000209,"NEDz",315.562198448534,0.107726506888866,0.975757579911839,0.687169886475643,0,10.1450853347778,0
530,"2",8.83,"2026-05-12","09:25:59",0,"STABILIZE",12.981,40.95,531.57195,2.72637828887533,4.302,4302,56.0555555555556,NA,NA,NA,NA,7.6543185710907,16.8416478037834,NA,NA,0.560000002384186,-10.1450853347778,-9.35714366143123,"NEDz",315.562198448534,0.107726506888866,0.975757579911839,0.687169886475643,0,10.1450853347778,0
531,"2",8.85,"2026-05-12","09:26:00",0,"STABILIZE",12.981,40.95,531.57195,2.72637828887533,4.302,4302,56.0555555555556,NA,NA,NA,NA,7.6543185710907,16.8416478037834,NA,NA,0.560000002384186,-10.1450853347778,-9.35708533716202,"NEDz",315.562198448534,0.107726506888866,0.975757579911839,0.687169886475643,0,10.1450853347778,0
532,"2",8.87,"2026-05-12","09:26:01",0,"STABILIZE",12.981,40.95,531.57195,2.72637828887533,4.302,4302,56.0555555555556,NA,NA,NA,NA,7.6543185710907,16.8416478037834,NA,NA,0.560000002384186,-10.1450853347778,-9.35703265449514,"NEDz",315.562198448534,0.107726506888866,0.975757579911839,0.687169886475643,0,10.1450853347778,0
533,"2",8.88,"2026-05-12","09:26:03",0,"STABILIZE",12.981,40.95,531.57195,2.72637828887533,4.302,4302,56.0555555555556,NA,NA,NA,NA,7.6543185710907,16.8416478037834,NA,NA,0.560000002384186,-10.1450853347778,-9.35694361792604,"NEDz",315.562198448534,0.0955777888496717,0.975757579911839,0.687169886475643,0,10.1450853347778,0
534,"2",8.9,"2026-05-12","09:26:04",0,"STABILIZE",12.981,40.95,531.57195,2.72637828887533,4.302,4302,56.0555555555556,NA,NA,NA,NA,7.6543185710907,16.8416478037834,NA,NA,0.560000002384186,-10.1450853347778,-9.35690687906924,"NEDz",315.562198448534,0.0712803527712822,0.975757579911839,0.687169886475643,0,10.1450853347778,0
535,"2",8.92,"2026-05-12","09:26:05",0,"STABILIZE",12.981,40.95,531.57195,2.72637828887533,4.302,4302,56.0555555555556,NA,NA,NA,NA,7.6543185710907,16.8416478037834,NA,NA,0.560000002384186,-10.1450853347778,-9.35687506986124,"NEDz",315.562198448534,0.0712803527712822,0.975757579911839,0.687169886475643,0,10.1450853347778,0
536,"2",8.93,"2026-05-12","09:26:06",0,"STABILIZE",12.981,40.95,531.57195,2.72637828887533,4.302,4302,56.0555555555556,NA,NA,NA,NA,7.6543185710907,16.8416478037834,NA,NA,0.560000002384186,-10.1450853347778,-9.35684799782473,"NEDz",315.562198448534,0.0712803527712822,0.975757579911839,0.687169886475643,0,10.1450853347778,0
537,"2",8.95,"2026-05-12","09:26:07",0,"STABILIZE",12.981,40.95,531.57195,2.72637828887533,4.302,4302,56.0555555555556,NA,NA,NA,NA,7.6543185710907,16.8416478037834,NA,NA,0.339999993642171,-10.1450853347778,-9.13682546174042,"NEDz",315.562198448534,0.0712803527712822,0.592424231346207,0.306334016779438,0,10.1450853347778,0
538,"2",8.97,"2026-05-12","09:26:08",0,"STABILIZE",12.981,40.95,531.57195,2.72637828887533,4.302,4302,56.0555555555556,NA,NA,NA,NA,7.6543185710907,16.8416478037834,NA,NA,0.229999989271164,-10.1450853347778,-9.02680728224405,"NEDz",315.562198448534,0.0712803527712822,0.400757557063392,0.115916081931336,0,10.1450853347778,0
539,"2",8.98,"2026-05-12","09:26:09",0,"STABILIZE",12.981,40.95,531.57195,2.72637828887533,4.302,4302,56.0555555555556,NA,NA,NA,NA,7.6543185710907,16.8416478037834,NA,NA,0.229999989271164,-10.1450853347778,-9.02679326685833,"NEDz",315.562198448534,0.0712803527712822,0.400757557063392,0.115916081931336,0,10.1450853347778,0
540,"2",9,"2026-05-12","09:26:10",0,"STABILIZE",12.981,40.95,531.57195,2.72637828887533,4.302,4302,56.0555555555556,NA,NA,NA,NA,7.6543185710907,16.8416478037834,NA,NA,0.229999989271164,-10.1450853347778,-9.02678321873497,"NEDz",315.562198448534,0.0712803527712822,0.400757557063392,0.115916081931336,0,10.1450853347778,0
541,"2",9.02,"2026-05-12","09:26:11",0,"STABILIZE",12.981,40.95,531.57195,2.72637828887533,4.302,4302,56.0555555555556,NA,NA,NA,NA,7.6543185710907,16.8416478037834,NA,NA,0.229999989271164,-10.1450853347778,-9.02677694539668,"NEDz",315.562198448534,0.0712803527712822,0.400757557063392,0.115916081931336,0,10.1450853347778,0
542,"2",9.03,"2026-05-12","09:26:12",0,"STABILIZE",12.981,40.95,531.57195,2.72637828887533,4.302,4302,56.0555555555556,NA,NA,NA,NA,7.6543185710907,16.8416478037834,NA,NA,0.229999989271164,-10.1450853347778,-9.02677425436618,"NEDz",315.562198448534,0.0712803527712822,0.400757557063392,0.115916081931336,0,10.1450853347778,0
543,"2",9.05,"2026-05-12","09:26:13",0,"STABILIZE",12.959,41.7166666666667,540.59785,2.73367693164646,4.302,4302,56.0555555555556,NA,NA,NA,NA,7.6543185710907,16.8416478037834,NA,NA,0.229999989271164,-10.1450853347778,-9.02677495316617,"NEDz",315.562198448534,0.0712803527712822,0.400757557063392,0.115916081931336,0,10.1450853347778,0
544,"2",9.07,"2026-05-12","09:26:14",0,"STABILIZE",12.948,42.1,545.1108,2.73728076531786,4.302,4302,56.0555555555556,NA,NA,NA,NA,7.6543185710907,16.8416478037834,NA,NA,0.229999989271164,-10.1450853347778,-9.02677884931938,"NEDz",315.562198448534,0.0712803527712822,0.400757557063392,0.115916081931336,0,10.1450853347778,0
545,"2",9.08,"2026-05-12","09:26:15",0,"STABILIZE",12.948,42.1,545.1108,2.73728076531786,4.302,4302,56.0555555555556,NA,NA,NA,NA,7.6543185710907,16.8416478037834,NA,NA,0.229999989271164,-10.1450853347778,-9.02678575034851,"NEDz",292.884648762487,0.0712803527712822,0.400757557063392,0.115916081931336,0,10.1450853347778,0
546,"2",9.1,"2026-05-12","09:26:16",0,"STABILIZE",12.948,42.1,545.1108,2.73728076531786,4.302,4302,56.0555555555556,NA,NA,NA,NA,7.6543185710907,16.8416478037834,NA,NA,0.229999989271164,-10.1450853347778,-9.02679546377628,"NEDz",292.884648762487,0.0712803527712822,0.400757557063392,0.115916081931336,0,10.1450853347778,0
547,"2",9.12,"2026-05-12","09:26:17",0,"STABILIZE",12.948,42.1,545.1108,2.73728076531786,4.302,4302,56.0555555555556,NA,NA,NA,NA,7.6543185710907,16.8416478037834,NA,NA,0.229999989271164,-10.1450853347778,-9.02680779712541,"NEDz",292.884648762487,0.0712803527712822,0.400757557063392,0.115916081931336,0,10.1450853347778,0
548,"2",9.13,"2026-05-12","09:26:18",0,"STABILIZE",12.948,42.1,545.1108,2.73728076531786,4.302,4302,56.0555555555556,NA,NA,NA,NA,7.6543185710907,16.8416478037834,NA,NA,0.229999989271164,-10.1450853347778,-9.0268225579186,"NEDz",292.884648762487,0.0712803527712822,0.400757557063392,0.115916081931336,0,10.1450853347778,0
549,"2",9.15,"2026-05-12","09:26:19",0,"STABILIZE",12.948,42.1,545.1108,2.73728076531786,4.302,4302,56.0555555555556,NA,NA,NA,NA,7.6543185710907,16.8416478037834,NA,NA,0.229999989271164,-10.1450853347778,-9.02683955367858,"NEDz",292.884648762487,0.0712803527712822,0.400757557063392,0.115916081931336,0,10.1450853347778,0
550,"2",9.17,"2026-05-12","09:26:20",0,"STABILIZE",12.948,42.1,545.1108,2.73728076531786,4.302,4302,56.0555555555556,NA,NA,NA,NA,7.6543185710907,16.8416478037834,NA,NA,0.229999989271164,-10.1450853347778,-9.02685859192805,"NEDz",292.884648762487,0.0712803527712822,0.400757557063392,0.115916081931336,0,10.1450853347778,0
551,"2",9.18,"2026-05-12","09:26:21",0,"STABILIZE",12.948,42.1,545.1108,2.73728076531786,4.302,4302,56.0555555555556,NA,NA,NA,NA,7.6543185710907,16.8416478037834,NA,NA,0.229999989271164,-10.1450853347778,-9.02687948018973,"NEDz",292.884648762487,0.0712803527712822,0.400757557063392,0.115916081931336,0,10.1450853347778,0
552,"2",9.2,"2026-05-12","09:26:22",0,"STABILIZE",12.948,42.1,545.1108,2.73728076531786,4.302,4302,56.0555555555556,NA,NA,NA,NA,7.6543185710907,16.8416478037834,NA,NA,0.229999989271164,-10.1450853347778,-9.02690202598634,"NEDz",292.884648762487,0.0712803527712822,0.400757557063392,0.115916081931336,0,10.1450853347778,0
553,"2",9.22,"2026-05-12","09:26:23",0,"STABILIZE",12.948,42.1,545.1108,2.73728076531786,4.302,4302,56.0555555555556,NA,NA,NA,NA,7.6543185710907,16.8416478037834,NA,NA,0.229999989271164,-10.1450853347778,-9.02692603684059,"NEDz",292.884648762487,0.0712803527712822,0.400757557063392,0.115916081931336,0,10.1450853347778,0
554,"2",9.23,"2026-05-12","09:26:24",0,"STABILIZE",12.948,42.1,545.1108,2.73728076531786,4.302,4302,56.0555555555556,NA,NA,NA,NA,7.6543185710907,16.8416478037834,NA,NA,0.229999989271164,-10.1450853347778,-9.02695132027518,"NEDz",292.884648762487,0.0712803527712822,0.400757557063392,0.115916081931336,0,10.1450853347778,0
555,"2",9.25,"2026-05-12","09:26:25",0,"STABILIZE",12.948,42.1,545.1108,2.73728076531786,4.302,4302,56.0555555555556,NA,NA,NA,NA,7.6543185710907,16.8416478037834,NA,NA,0.229999989271164,-10.1450853347778,-9.02697768381284,"NEDz",292.884648762487,0.0712803527712822,0.400757557063392,0.115916081931336,0,10.1450853347778,0
556,"2",9.27,"2026-05-12","09:26:26",0,"STABILIZE",12.948,42.1,545.1108,2.73728076531786,4.302,4302,56.0555555555556,NA,NA,NA,NA,7.6543185710907,16.8416478037834,NA,NA,0.229999989271164,-10.1450853347778,-9.02700493497628,"NEDz",292.884648762487,0.0712803527712822,0.400757557063392,0.115916081931336,0,10.1450853347778,0
557,"2",9.28,"2026-05-12","09:26:27",0,"STABILIZE",12.948,42.1,545.1108,2.73728076531786,4.302,4302,56.0555555555556,NA,NA,NA,NA,7.6543185710907,16.8416478037834,NA,NA,0.229999989271164,-10.1450853347778,-9.02703288128822,"NEDz",292.565153003681,0.0712803527712822,0.400757557063392,0.115916081931336,0,10.1450853347778,0
558,"2",9.3,"2026-05-12","09:26:28",0,"STABILIZE",12.948,42.1,545.1108,2.73728076531786,4.302,4302,56.0555555555556,NA,NA,NA,NA,7.6543185710907,16.8416478037834,NA,NA,0.229999989271164,-10.1450853347778,-9.02706133027136,"NEDz",292.565153003681,0.0712803527712822,0.400757557063392,0.115916081931336,0,10.1450853347778,0
559,"2",9.32,"2026-05-12","09:26:29",0,"STABILIZE",12.948,42.1,545.1108,2.73728076531786,4.846,4846,63.0833333333333,NA,NA,NA,NA,7.6543185710907,16.8416478037834,NA,NA,0.229999989271164,-10.1450853347778,-9.02709008944842,"NEDz",292.565153003681,0.0712803527712822,0.400757557063392,0.115916081931336,0,10.1450853347778,0
560,"2",9.33,"2026-05-12","09:26:30",0,"STABILIZE",12.948,42.1,545.1108,2.73728076531786,4.846,4846,63.0833333333333,NA,NA,NA,NA,7.6543185710907,16.8416478037834,NA,NA,0.229999989271164,-10.1450853347778,-9.02711896634211,"NEDz",292.565153003681,0.0712803527712822,0.400757557063392,0.115916081931336,0,10.1450853347778,0
561,"2",9.35,"2026-05-12","09:26:31",0,"STABILIZE",12.948,42.1,545.1108,2.73728076531786,4.846,4846,63.0833333333333,NA,NA,NA,NA,7.6543185710907,16.8416478037834,NA,NA,0.229999989271164,-10.1450853347778,-9.02714776847516,"NEDz",292.565153003681,0.0712803527712822,0.400757557063392,0.115916081931336,0,10.1450853347778,0
562,"2",9.37,"2026-05-12","09:26:32",0,"STABILIZE",12.948,42.1,545.1108,2.73728076531786,4.846,4846,63.0833333333333,NA,NA,NA,NA,7.6543185710907,16.8416478037834,NA,NA,0.229999989271164,-10.1450853347778,-9.02717630337026,"NEDz",292.565153003681,0.0712803527712822,0.400757557063392,0.115916081931336,0,10.1450853347778,0
563,"2",9.38,"2026-05-12","09:26:33",0,"STABILIZE",12.948,42.1,545.1108,2.73728076531786,4.846,4846,63.0833333333333,NA,NA,NA,NA,7.6543185710907,16.8416478037834,NA,NA,0.229999989271164,-10.1450853347778,-9.02720437855015,"NEDz",292.565153003681,0.0712803527712822,0.400757557063392,0.115916081931336,0,10.1450853347778,0
564,"2",9.4,"2026-05-12","09:26:34",0,"STABILIZE",12.948,42.1,545.1108,2.73728076531786,4.846,4846,63.0833333333333,NA,NA,NA,NA,7.6543185710907,16.8416478037834,NA,NA,0.229999989271164,-10.1450853347778,-9.02723180153752,"NEDz",292.565153003681,0.0712803527712822,0.400757557063392,0.115916081931336,0,10.1450853347778,0
565,"2",9.42,"2026-05-12","09:26:35",0,"STABILIZE",12.948,42.1,545.1108,2.73728076531786,4.846,4846,63.0833333333333,NA,NA,NA,NA,7.6543185710907,16.8416478037834,NA,NA,0.229999989271164,-10.1450853347778,-9.0272583798551,"NEDz",292.565153003681,0.0712803527712822,0.400757557063392,0.115916081931336,0,10.1450853347778,0
566,"2",9.43,"2026-05-12","09:26:36",0,"STABILIZE",12.948,42.1,545.1108,2.73728076531786,4.846,4846,63.0833333333333,NA,NA,NA,NA,7.6543185710907,16.8416478037834,NA,NA,0.229999989271164,-10.1450853347778,-9.0272839210256,"NEDz",292.565153003681,0.0712803527712822,0.400757557063392,0.115916081931336,0,10.1450853347778,0
567,"2",9.45,"2026-05-12","09:26:37",0,"STABILIZE",12.948,42.1,545.1108,2.73728076531786,4.846,4846,63.0833333333333,NA,NA,NA,NA,7.6543185710907,16.8416478037834,NA,NA,0.229999989271164,-10.1450853347778,-9.02730823257172,"NEDz",292.565153003681,0.0712803527712822,0.400757557063392,0.115916081931336,0,10.1450853347778,0
568,"2",9.47,"2026-05-12","09:26:38",0,"STABILIZE",12.948,42.1,545.1108,2.73728076531786,4.846,4846,63.0833333333333,NA,NA,NA,NA,7.6543185710907,16.8416478037834,NA,NA,0.229999989271164,-10.1450853347778,-9.0273311220162,"NEDz",292.565153003681,0.0712803527712822,0.400757557063392,0.115916081931336,0,10.1450853347778,0
569,"2",9.48,"2026-05-12","09:26:39",0,"STABILIZE",12.948,42.1,545.1108,2.73728076531786,4.846,4846,63.0833333333333,NA,NA,NA,NA,7.6543185710907,16.8416478037834,NA,NA,0.229999989271164,-10.1450853347778,-9.02735239688173,"NEDz",292.565153003681,0.0712803527712822,0.400757557063392,0.115916081931336,0,10.1450853347778,0
570,"2",9.5,"2026-05-12","09:26:40",0,"STABILIZE",12.948,42.1,545.1108,2.73728076531786,4.846,4846,63.0833333333333,NA,NA,NA,NA,7.6543185710907,16.8416478037834,NA,NA,0.229999989271164,-10.1450853347778,-9.02737186469104,"NEDz",292.565153003681,0.0712803527712822,0.400757557063392,0.115916081931336,0,10.1450853347778,0
571,"2",9.52,"2026-05-12","09:26:41",0,"STABILIZE",12.948,42.1,545.1108,2.73728076531786,4.846,4846,63.0833333333333,NA,NA,NA,NA,7.6543185710907,16.8416478037834,NA,NA,0.229999989271164,-10.1450853347778,-9.02738933296683,"NEDz",292.565153003681,0.0712803527712822,0.400757557063392,0.115916081931336,0,10.1450853347778,0
572,"2",9.53,"2026-05-12","09:26:42",0,"STABILIZE",12.948,42.1,545.1108,2.73728076531786,4.846,4846,63.0833333333333,NA,NA,NA,NA,7.6543185710907,16.8416478037834,NA,NA,0.229999989271164,-10.1450853347778,-9.02740460923183,"NEDz",292.565153003681,0.0712803527712822,0.400757557063392,0.115916081931336,0,10.1450853347778,0
573,"2",9.55,"2026-05-12","09:26:43",0,"STABILIZE",12.948,42.1,545.1108,2.73728076531786,4.846,4846,63.0833333333333,NA,NA,NA,NA,7.6543185710907,16.8416478037834,NA,NA,0.229999989271164,-10.1450853347778,-9.02741750100874,"NEDz",292.565153003681,0.0712803527712822,0.400757557063392,0.115916081931336,0,10.1450853347778,0
574,"2",9.57,"2026-05-12","09:26:44",0,"STABILIZE",12.948,42.1,545.1108,2.73728076531786,4.846,4846,63.0833333333333,NA,NA,NA,NA,7.6543185710907,16.8416478037834,NA,NA,0.229999989271164,-10.1450853347778,-9.02742781582028,"NEDz",292.565153003681,0.0712803527712822,0.400757557063392,0.115916081931336,0,10.1450853347778,0
575,"2",9.58,"2026-05-12","09:26:45",0,"STABILIZE",12.948,42.1,545.1108,2.73728076531786,4.846,4846,63.0833333333333,NA,NA,NA,NA,7.6543185710907,16.8416478037834,NA,NA,0.229999989271164,-10.1450853347778,-9.02743536118916,"NEDz",292.565153003681,0.0712803527712822,0.400757557063392,0.115916081931336,0,10.1450853347778,0
576,"2",9.6,"2026-05-12","09:26:46",0,"STABILIZE",12.948,42.1,545.1108,2.73728076531786,4.846,4846,63.0833333333333,NA,NA,NA,NA,7.6543185710907,16.8416478037834,NA,NA,0.229999989271164,-10.1450853347778,-9.0274399446381,"NEDz",292.565153003681,0.0712803527712822,0.400757557063392,0.115916081931336,0,10.1450853347778,0
577,"2",9.62,"2026-05-12","09:26:47",0,"STABILIZE",12.948,42.1,545.1108,2.73728076531786,4.846,4846,63.0833333333333,NA,NA,NA,NA,7.6543185710907,16.8416478037834,NA,NA,0.229999989271164,-10.1450853347778,-9.02744137368981,"NEDz",292.565153003681,0.0712803527712822,0.400757557063392,0.115916081931336,0,10.1450853347778,0
578,"2",9.63,"2026-05-12","09:26:48",0,"STABILIZE",12.948,42.1,545.1108,2.73728076531786,4.846,4846,63.0833333333333,NA,NA,NA,NA,7.6543185710907,16.8416478037834,NA,NA,0.229999989271164,-10.1450853347778,-9.02743945586701,"NEDz",292.565153003681,0.0712803527712822,0.400757557063392,0.115916081931336,0,10.1450853347778,0
579,"2",9.65,"2026-05-12","09:26:49",0,"STABILIZE",12.948,42.1,545.1108,2.73728076531786,4.846,4846,63.0833333333333,NA,NA,NA,NA,7.6543185710907,16.8416478037834,NA,NA,0.229999989271164,-10.1450853347778,-9.0274339986924,"NEDz",292.565153003681,0.0712803527712822,0.400757557063392,0.115916081931336,0,10.1450853347778,0
580,"2",9.67,"2026-05-12","09:26:50",0,"STABILIZE",12.948,42.1,545.1108,2.73728076531786,4.846,4846,63.0833333333333,NA,NA,NA,NA,7.6543185710907,16.8416478037834,NA,NA,0.229999989271164,-10.1450853347778,-9.02742480968871,"NEDz",292.565153003681,0.0712803527712822,0.400757557063392,0.115916081931336,0,10.1450853347778,0
581,"2",9.68,"2026-05-12","09:26:51",0,"STABILIZE",12.948,42.1,545.1108,2.73728076531786,4.846,4846,63.0833333333333,NA,NA,NA,NA,7.6543185710907,16.8416478037834,NA,NA,0.229999989271164,-10.1450853347778,-9.02741169637864,"NEDz",292.565153003681,0.0712803527712822,0.400757557063392,0.115916081931336,0,10.1450853347778,0
582,"2",9.7,"2026-05-12","09:26:52",0,"STABILIZE",12.948,42.1,545.1108,2.73728076531786,4.846,4846,63.0833333333333,NA,NA,NA,NA,7.6543185710907,16.8416478037834,NA,NA,0.229999989271164,-10.1450853347778,-9.02739446628491,"NEDz",292.565153003681,0.0712803527712822,0.400757557063392,0.115916081931336,0,10.1450853347778,0
583,"0",9.72,"2026-05-12","09:26:53",0,"STABILIZE",12.948,42.1,545.1108,2.73728076531786,4.846,4846,63.0833333333333,NA,NA,NA,NA,7.6543185710907,16.8416478037834,NA,NA,0.229999989271164,-10.1450853347778,-9.02737292693024,"NEDz",292.565153003681,0.0712803527712822,0.400757557063392,0.115916081931336,0,10.1450853347778,0
584,"0",9.73,"2026-05-12","09:26:54",0,"STABILIZE",12.948,42.1,545.1108,2.73728076531786,4.846,4846,63.0833333333333,NA,NA,NA,NA,7.6543185710907,16.8416478037834,NA,NA,0.229999989271164,-10.1450853347778,-9.02734688583733,"NEDz",292.565153003681,0.0712803527712822,0.400757557063392,0.115916081931336,0,10.1450853347778,0
585,"0",9.75,"2026-05-12","09:26:55",0,"STABILIZE",12.948,42.1,545.1108,2.73728076531786,4.846,4846,63.0833333333333,NA,NA,NA,NA,7.6543185710907,16.8416478037834,NA,NA,0.229999989271164,-10.1450853347778,-9.02731615052891,"NEDz",292.565153003681,0.0712803527712822,0.400757557063392,0.115916081931336,0,10.1450853347778,0
586,"0",9.77,"2026-05-12","09:26:56",0,"STABILIZE",12.948,42.1,545.1108,2.73728076531786,4.846,4846,63.0833333333333,NA,NA,NA,NA,7.6543185710907,16.8416478037834,NA,NA,0.229999989271164,-10.1450853347778,-9.02728052852768,"NEDz",292.565153003681,0.0712803527712822,0.400757557063392,0.115916081931336,0,10.1450853347778,0
587,"0",9.78,"2026-05-12","09:26:57",0,"STABILIZE",12.948,42.1,545.1108,2.73728076531786,4.846,4846,63.0833333333333,NA,NA,NA,NA,7.6543185710907,16.8416478037834,NA,NA,0.229999989271164,-10.1450853347778,-9.02723982735636,"NEDz",292.565153003681,0.0712803527712822,0.400757557063392,0.115916081931336,0,10.1450853347778,0
588,"0",9.8,"2026-05-12","09:26:58",0,"STABILIZE",12.948,42.1,545.1108,2.73728076531786,4.846,4846,63.0833333333333,NA,NA,NA,NA,7.6543185710907,16.8416478037834,NA,NA,0.229999989271164,-10.1450853347778,-9.02719385453766,"NEDz",292.565153003681,0.0712803527712822,0.400757557063392,0.115916081931336,0,10.1450853347778,0
589,"0",9.82,"2026-05-12","09:26:59",0,"STABILIZE",12.948,42.1,545.1108,2.73728076531786,4.846,4846,63.0833333333333,NA,NA,NA,NA,7.6543185710907,16.8416478037834,NA,NA,0.229999989271164,-10.1450853347778,-9.0271424175943,"NEDz",292.565153003681,0.0712803527712822,0.400757557063392,0.115916081931336,0,10.1450853347778,0
590,"0",9.83,"2026-05-12","09:27:00",0,"STABILIZE",12.948,42.1,545.1108,2.73728076531786,4.846,4846,63.0833333333333,NA,NA,NA,NA,7.6543185710907,16.8416478037834,NA,NA,0.229999989271164,-10.1450853347778,-9.027085324049,"NEDz",292.565153003681,0.0712803527712822,0.400757557063392,0.115916081931336,0,10.1450853347778,0
591,"0",9.85,"2026-05-12","09:27:01",0,"STABILIZE",12.948,42.1,545.1108,2.73728076531786,4.846,4846,63.0833333333333,NA,NA,NA,NA,7.6543185710907,16.8416478037834,NA,NA,0.229999989271164,-10.1450853347778,-9.02702244187207,"NEDz",292.565153003681,0.0712803527712822,0.400757557063392,0.115916081931336,0,10.1450853347778,0
592,"0",9.87,"2026-05-12","09:27:02",0,"STABILIZE",12.948,42.1,545.1108,2.73728076531786,4.846,4846,63.0833333333333,NA,NA,NA,NA,7.6543185710907,16.8416478037834,NA,NA,0.229999989271164,-10.1450853347778,-9.02695388082433,"NEDz",292.565153003681,0.0712803527712822,0.400757557063392,0.115916081931336,0,10.1450853347778,0
593,"0",9.88,"2026-05-12","09:27:03",0,"STABILIZE",12.948,42.1,545.1108,2.73728076531786,4.846,4846,63.0833333333333,NA,NA,NA,NA,7.6543185710907,16.8416478037834,NA,NA,0.229999989271164,-10.1450853347778,-9.02687981111418,"NEDz",292.565153003681,0.0712803527712822,0.400757557063392,0.115916081931336,0,10.1450853347778,0
594,"0",9.9,"2026-05-12","09:27:04",0,"STABILIZE",12.948,42.1,545.1108,2.73728076531786,4.846,4846,63.0833333333333,NA,NA,NA,NA,7.6543185710907,16.8416478037834,NA,NA,0.229999989271164,-10.1450853347778,-9.02680040295004,"NEDz",292.565153003681,0.0712803527712822,0.400757557063392,0.115916081931336,0,10.1450853347778,0
595,"0",9.92,"2026-05-12","09:27:05",0,"STABILIZE",12.948,42.1,545.1108,2.73728076531786,4.846,4846,63.0833333333333,NA,NA,NA,NA,7.6543185710907,16.8416478037834,NA,NA,0.229999989271164,-10.1450853347778,-9.02671582654032,"NEDz",292.565153003681,0.0712803527712822,0.400757557063392,0.115916081931336,0,10.1450853347778,0
596,"0",9.93,"2026-05-12","09:27:06",0,"STABILIZE",12.948,42.1,545.1108,2.73728076531786,4.846,4846,63.0833333333333,NA,NA,NA,NA,7.6543185710907,16.8416478037834,NA,NA,0.229999989271164,-10.1450853347778,-9.02662625209345,"NEDz",292.565153003681,0.0712803527712822,0.400757557063392,0.115916081931336,0,10.1450853347778,0
597,"0",9.95,"2026-05-12","09:27:07",0,"STABILIZE",12.948,42.1,545.1108,2.73728076531786,4.846,4846,63.0833333333333,NA,NA,NA,NA,7.6543185710907,16.8416478037834,NA,NA,0.229999989271164,-10.1450853347778,-9.02653184981783,"NEDz",292.565153003681,0.0712803527712822,0.400757557063392,0.115916081931336,0,10.1450853347778,0
598,"0",9.97,"2026-05-12","09:27:08",0,"STABILIZE",12.948,42.1,545.1108,2.73728076531786,4.846,4846,63.0833333333333,NA,NA,NA,NA,7.6543185710907,16.8416478037834,NA,NA,0.229999989271164,-10.1450853347778,-9.02643278992189,"NEDz",292.565153003681,0.0712803527712822,0.400757557063392,0.115916081931336,0,10.1450853347778,0
599,"0",9.98,"2026-05-12","09:27:09",0,"STABILIZE",12.948,42.1,545.1108,2.73728076531786,4.846,4846,63.0833333333333,NA,NA,NA,NA,7.6543185710907,16.8416478037834,NA,NA,0.229999989271164,-10.1450853347778,-9.02632924261403,"NEDz",292.565153003681,0.0712803527712822,0.400757557063392,0.115916081931336,0,10.1450853347778,0
600,"0",10,"2026-05-12","09:27:10",0,"STABILIZE",12.948,42.1,545.1108,2.73728076531786,4.846,4846,63.0833333333333,NA,NA,NA,NA,7.6543185710907,16.8416478037834,NA,NA,0.229999989271164,-10.1450853347778,-9.02622137810267,"NEDz",292.565153003681,0.0712803527712822,0.400757557063392,0.115916081931336,0,10.1450853347778,0
601,"0",10.02,"2026-05-12","09:27:11",0,"STABILIZE",12.948,42.1,545.1108,2.73728076531786,4.846,4846,63.0833333333333,NA,NA,NA,NA,7.6543185710907,16.8416478037834,NA,NA,0.229999989271164,-10.1450853347778,-9.02610936659623,"NEDz",292.565153003681,0.0712803527712822,0.400757557063392,0.115916081931336,0,10.1450853347778,0
602,"0",10.03,"2026-05-12","09:27:12",0,"STABILIZE",12.948,42.1,545.1108,2.73728076531786,4.846,4846,63.0833333333333,NA,NA,NA,NA,7.6543185710907,16.8416478037834,NA,NA,0.229999989271164,-10.1450853347778,-9.02599337830312,"NEDz",292.565153003681,0.0712803527712822,0.400757557063392,0.115916081931336,0,10.1450853347778,0
603,"0",10.05,"2026-05-12","09:27:13",0,"STABILIZE",12.948,42.1,545.1108,2.73728076531786,4.846,4846,63.0833333333333,NA,NA,NA,NA,7.6543185710907,16.8416478037834,NA,NA,0.229999989271164,-10.1450853347778,-9.02587358343176,"NEDz",292.565153003681,0.0712803527712822,0.400757557063392,0.115916081931336,0,10.1450853347778,0
604,"0",10.07,"2026-05-12","09:27:14",0,"STABILIZE",12.948,42.1,545.1108,2.73728076531786,4.846,4846,63.0833333333333,NA,NA,NA,NA,7.6543185710907,16.8416478037834,NA,NA,0.229999989271164,-10.1450853347778,-9.02575015219055,"NEDz",292.565153003681,0.0712803527712822,0.400757557063392,0.115916081931336,0,10.1450853347778,0
605,"0",10.08,"2026-05-12","09:27:15",0,"STABILIZE",12.948,42.1,545.1108,2.73728076531786,4.846,4846,63.0833333333333,NA,NA,NA,NA,7.6543185710907,16.8416478037834,NA,NA,0.454999998211861,-10.1450853347778,-9.25062326372863,"NEDz",292.565153003681,0.0712803527712822,0.792803027187333,0.564570540144821,0,10.1450853347778,0
606,"0",10.1,"2026-05-12","09:27:16",0,"STABILIZE",12.948,42.1,545.1108,2.73728076531786,4.846,4846,63.0833333333333,NA,NA,NA,NA,7.6543185710907,16.8416478037834,NA,NA,0.680000007152557,-10.1450853347778,-9.47549307931369,"NEDz",292.565153003681,0.0712803527712822,1.18484849731127,1.01322499835831,0,10.1450853347778,0
607,"0",10.12,"2026-05-12","09:27:17",0,"STABILIZE",12.948,42.1,545.1108,2.73728076531786,4.846,4846,63.0833333333333,NA,NA,NA,NA,25.8897426128387,4.33047932386398,NA,NA,0.680000007152557,-9.17527008056641,-8.50554450600204,"NEDz",292.565153003681,0.0712803527712822,1.18484849731127,1.01322499835831,22.1147015967951,9.17527008056641,0
608,"0",10.13,"2026-05-12","09:27:18",0,"STABILIZE",12.948,42.1,545.1108,2.73728076531786,4.846,4846,63.0833333333333,NA,NA,NA,NA,25.8897426128387,4.33047932386398,NA,NA,0.680000007152557,-9.17527008056641,-8.50540823136564,"NEDz",292.565153003681,0.0712803527712822,1.18484849731127,1.01322499835831,0,9.17527008056641,0
609,"0",10.15,"2026-05-12","09:27:19",0,"STABILIZE",12.948,42.1,545.1108,2.73728076531786,4.846,4846,63.0833333333333,NA,NA,NA,NA,25.8897426128387,4.33047932386398,NA,NA,0.680000007152557,-9.17527008056641,-8.50526917140148,"NEDz",292.565153003681,0.0712803527712822,1.18484849731127,1.01322499835831,0,9.17527008056641,0
610,"0",10.17,"2026-05-12","09:27:20",0,"STABILIZE",12.948,42.1,545.1108,2.73728076531786,4.846,4846,63.0833333333333,NA,NA,NA,NA,25.8897426128387,4.33047932386398,NA,NA,0.680000007152557,-9.17527008056641,-8.50512749631797,"NEDz",292.565153003681,0.0712803527712822,1.18484849731127,1.01322499835831,0,9.17527008056641,0
611,"0",10.18,"2026-05-12","09:27:21",0,"STABILIZE",12.948,42.1,545.1108,2.73728076531786,4.846,4846,63.0833333333333,NA,NA,NA,NA,25.8897426128387,4.33047932386398,NA,NA,0.680000007152557,-9.17527008056641,-8.50498337632353,"NEDz",292.565153003681,0.0712803527712822,1.18484849731127,1.01322499835831,0,9.17527008056641,0
612,"0",10.2,"2026-05-12","09:27:22",0,"STABILIZE",12.948,42.1,545.1108,2.73728076531786,4.846,4846,63.0833333333333,NA,NA,NA,NA,25.8897426128387,4.33047932386398,NA,NA,0.680000007152557,-9.17527008056641,-8.50483698162657,"NEDz",292.565153003681,0.0712803527712822,1.18484849731127,1.01322499835831,0,9.17527008056641,0
613,"0",10.22,"2026-05-12","09:27:23",0,"STABILIZE",12.948,42.1,545.1108,2.73728076531786,4.846,4846,63.0833333333333,NA,NA,NA,NA,25.8897426128387,4.33047932386398,NA,NA,0.680000007152557,-9.17527008056641,-8.50468848243551,"NEDz",292.565153003681,0.0712803527712822,1.18484849731127,1.01322499835831,0,9.17527008056641,0
614,"0",10.23,"2026-05-12","09:27:24",0,"STABILIZE",12.948,42.1,545.1108,2.73728076531786,4.846,4846,63.0833333333333,NA,NA,NA,NA,25.8897426128387,4.33047932386398,NA,NA,0.680000007152557,-9.17527008056641,-8.50453804895876,"NEDz",292.565153003681,0.0712803527712822,1.18484849731127,1.01322499835831,0,9.17527008056641,0
615,"0",10.25,"2026-05-12","09:27:25",0,"STABILIZE",12.948,42.1,545.1108,2.73728076531786,4.846,4846,63.0833333333333,NA,NA,NA,NA,25.8897426128387,4.33047932386398,NA,NA,0.680000007152557,-9.17527008056641,-8.50438585140474,"NEDz",292.565153003681,0.0712803527712822,1.18484849731127,1.01322499835831,0,9.17527008056641,0
616,"0",10.27,"2026-05-12","09:27:26",0,"STABILIZE",12.948,42.1,545.1108,2.73728076531786,4.846,4846,63.0833333333333,NA,NA,NA,NA,25.8897426128387,4.33047932386398,NA,NA,0.680000007152557,-9.17527008056641,-8.50423205998187,"NEDz",292.565153003681,0.0712803527712822,1.18484849731127,1.01322499835831,0,9.17527008056641,0
617,"0",10.28,"2026-05-12","09:27:27",0,"STABILIZE",12.948,42.1,545.1108,2.73728076531786,4.846,4846,63.0833333333333,NA,NA,NA,NA,25.8897426128387,4.33047932386398,NA,NA,0.680000007152557,-9.17527008056641,-8.50407684489855,"NEDz",292.565153003681,0.0712803527712822,1.18484849731127,1.01322499835831,0,9.17527008056641,0
618,"0",10.3,"2026-05-12","09:27:28",0,"STABILIZE",12.948,42.1,545.1108,2.73728076531786,4.846,4846,63.0833333333333,NA,NA,NA,NA,25.8897426128387,4.33047932386398,NA,NA,0.680000007152557,-9.17527008056641,-8.50392037636321,"NEDz",292.565153003681,0.0712803527712822,1.18484849731127,1.01322499835831,0,9.17527008056641,0
619,"0",10.32,"2026-05-12","09:27:29",0,"STABILIZE",12.948,42.1,545.1108,2.73728076531786,4.846,4846,63.0833333333333,NA,NA,NA,NA,25.8897426128387,4.33047932386398,NA,NA,0.680000007152557,-9.17527008056641,-8.50376282458426,"NEDz",292.565153003681,0.0712803527712822,1.18484849731127,1.01322499835831,0,9.17527008056641,0
620,"0",10.33,"2026-05-12","09:27:30",0,"STABILIZE",12.948,42.1,545.1108,2.73728076531786,4.846,4846,63.0833333333333,NA,NA,NA,NA,25.8897426128387,4.33047932386398,NA,NA,0.680000007152557,-9.17527008056641,-8.50360435977011,"NEDz",292.565153003681,0.0712803527712822,1.18484849731127,1.01322499835831,0,9.17527008056641,0
621,"3",10.35,"2026-05-12","09:27:31",0,"STABILIZE",12.948,42.1,545.1108,2.73728076531786,4.846,4846,63.0833333333333,NA,NA,NA,NA,25.8897426128387,4.33047932386398,NA,NA,0.680000007152557,-9.17527008056641,-8.50344515212918,"NEDz",292.565153003681,0.0712803527712822,1.18484849731127,1.01322499835831,0,9.17527008056641,0
622,"3",10.37,"2026-05-12","09:27:32",0,"STABILIZE",12.948,42.1,545.1108,2.73728076531786,4.846,4846,63.0833333333333,NA,NA,NA,NA,25.8897426128387,4.33047932386398,NA,NA,0.680000007152557,-9.17527008056641,-8.50328537186989,"NEDz",292.565153003681,0.0712803527712822,1.18484849731127,1.01322499835831,0,9.17527008056641,0
623,"3",10.38,"2026-05-12","09:27:34",0,"STABILIZE",12.948,42.1,545.1108,2.73728076531786,4.846,4846,63.0833333333333,NA,NA,NA,NA,25.8897426128387,4.33047932386398,NA,NA,0.680000007152557,-9.17527008056641,-8.50296477432987,"NEDz",292.565153003681,0.182326167821884,1.18484849731127,1.01322499835831,0,9.17527008056641,0
624,"3",10.4,"2026-05-12","09:27:35",0,"STABILIZE",12.948,42.1,545.1108,2.73728076531786,5.604,5604,72.9166666666667,NA,NA,NA,NA,25.8897426128387,4.33047932386398,NA,NA,0.680000007152557,-9.17527008056641,-8.50280429746597,"NEDz",292.565153003681,0.182326167821884,1.18484849731127,1.01322499835831,0,9.17527008056641,0
625,"3",10.42,"2026-05-12","09:27:36",0,"STABILIZE",12.948,42.1,545.1108,2.73728076531786,5.604,5604,72.9166666666667,NA,NA,NA,NA,25.8897426128387,4.33047932386398,NA,NA,0.680000007152557,-9.17527008056641,-8.50264392881737,"NEDz",292.565153003681,0.182326167821884,1.18484849731127,1.01322499835831,0,9.17527008056641,0
626,"3",10.43,"2026-05-12","09:27:37",0,"STABILIZE",12.949,42.01,543.98749,2.73638653331091,5.604,5604,72.9166666666667,NA,NA,NA,NA,25.8897426128387,4.33047932386398,NA,NA,0.680000007152557,-9.17527008056641,-8.50248383859248,"NEDz",292.565153003681,0.182326167821884,1.18484849731127,1.01322499835831,0,9.17527008056641,0
627,"3",10.45,"2026-05-12","09:27:38",0,"STABILIZE",12.949,42.01,543.98749,2.73638653331091,5.604,5604,72.9166666666667,NA,NA,NA,NA,25.8897426128387,4.33047932386398,NA,NA,0.680000007152557,-9.17527008056641,-8.50232419699972,"NEDz",292.565153003681,0.182326167821884,1.18484849731127,1.01322499835831,0,9.17527008056641,0
628,"3",10.47,"2026-05-12","09:27:39",0,"STABILIZE",12.949,42.01,543.98749,2.73638653331091,5.604,5604,72.9166666666667,NA,NA,NA,NA,25.8897426128387,4.33047932386398,NA,NA,0.680000007152557,-9.17527008056641,-8.50216517424749,"NEDz",292.565153003681,0.182326167821884,1.18484849731127,1.01322499835831,0,9.17527008056641,0
629,"3",10.48,"2026-05-12","09:27:40",0,"STABILIZE",12.949,42.01,543.98749,2.73638653331091,5.604,5604,72.9166666666667,NA,NA,NA,NA,25.8897426128387,4.33047932386398,NA,NA,0.680000007152557,-9.17527008056641,-8.50200694054422,"NEDz",292.565153003681,0.182326167821884,1.18484849731127,1.01322499835831,0,9.17527008056641,0
630,"3",10.5,"2026-05-12","09:27:41",0,"STABILIZE",12.949,42.01,543.98749,2.73638653331091,5.604,5604,72.9166666666667,NA,NA,NA,NA,25.8897426128387,4.33047932386398,NA,NA,0.680000007152557,-9.17527008056641,-8.50184966609833,"NEDz",292.565153003681,0.182326167821884,1.18484849731127,1.01322499835831,0,9.17527008056641,0
631,"3",10.52,"2026-05-12","09:27:42",0,"STABILIZE",12.949,42.01,543.98749,2.73638653331091,5.604,5604,72.9166666666667,NA,NA,NA,NA,25.8897426128387,4.33047932386398,NA,NA,0.680000007152557,-9.17527008056641,-8.50169352111822,"NEDz",292.565153003681,0.182326167821884,1.18484849731127,1.01322499835831,0,9.17527008056641,0
632,"3",10.53,"2026-05-12","09:27:43",0,"STABILIZE",12.949,42.01,543.98749,2.73638653331091,5.604,5604,72.9166666666667,NA,NA,NA,NA,25.8897426128387,4.33047932386398,NA,NA,0.680000007152557,-9.17527008056641,-8.50153867581231,"NEDz",292.565153003681,0.182326167821884,1.18484849731127,1.01322499835831,0,9.17527008056641,0
633,"3",10.55,"2026-05-12","09:27:44",0,"STABILIZE",12.949,42.01,543.98749,2.73638653331091,5.604,5604,72.9166666666667,NA,NA,NA,NA,25.8897426128387,4.33047932386398,NA,NA,0.680000007152557,-9.17527008056641,-8.50138530038901,"NEDz",292.565153003681,0.182326167821884,1.18484849731127,1.01322499835831,0,9.17527008056641,0
634,"3",10.57,"2026-05-12","09:27:45",0,"STABILIZE",12.949,42.01,543.98749,2.73638653331091,5.604,5604,72.9166666666667,NA,NA,NA,NA,25.8897426128387,4.33047932386398,NA,NA,0.680000007152557,-9.17527008056641,-8.50123356505675,"NEDz",258.264550878714,0.182326167821884,1.18484849731127,1.01322499835831,0,9.17527008056641,0
635,"3",10.58,"2026-05-12","09:27:46",0,"STABILIZE",12.949,42.01,543.98749,2.73638653331091,5.604,5604,72.9166666666667,NA,NA,NA,NA,25.8897426128387,4.33047932386398,NA,NA,0.680000007152557,-9.17527008056641,-8.50108364002394,"NEDz",258.264550878714,0.182326167821884,1.18484849731127,1.01322499835831,0,9.17527008056641,0
636,"3",10.6,"2026-05-12","09:27:47",0,"STABILIZE",12.949,42.01,543.98749,2.73638653331091,5.604,5604,72.9166666666667,NA,NA,NA,NA,25.8897426128387,4.33047932386398,NA,NA,0.680000007152557,-9.17527008056641,-8.50093569549899,"NEDz",258.264550878714,0.182326167821884,1.18484849731127,1.01322499835831,0,9.17527008056641,0
637,"3",10.62,"2026-05-12","09:27:48",0,"STABILIZE",12.949,42.01,543.98749,2.73638653331091,5.604,5604,72.9166666666667,NA,NA,NA,NA,25.8897426128387,4.33047932386398,NA,NA,0.680000007152557,-9.17527008056641,-8.50078990169031,"NEDz",258.264550878714,0.182326167821884,1.18484849731127,1.01322499835831,0,9.17527008056641,0
638,"3",10.63,"2026-05-12","09:27:49",0,"STABILIZE",12.949,42.01,543.98749,2.73638653331091,5.604,5604,72.9166666666667,NA,NA,NA,NA,25.8897426128387,4.33047932386398,NA,NA,0.639999985694885,-9.17527008056641,-8.46064640734866,"NEDz",258.264550878714,0.182326167821884,1.11515149022594,0.897527967223561,0,9.17527008056641,0
639,"3",10.65,"2026-05-12","09:27:50",0,"STABILIZE",12.949,42.01,543.98749,2.73638653331091,5.604,5604,72.9166666666667,NA,NA,NA,NA,25.8897426128387,4.33047932386398,NA,NA,0.639999985694885,-9.17527008056641,-8.46050542559778,"NEDz",258.264550878714,0.182326167821884,1.11515149022594,0.897527967223561,0,9.17527008056641,0
640,"3",10.67,"2026-05-12","09:27:51",0,"STABILIZE",12.949,42.01,543.98749,2.73638653331091,5.604,5604,72.9166666666667,NA,NA,NA,NA,25.8897426128387,4.33047932386398,NA,NA,0.639999985694885,-9.17527008056641,-8.46036710518843,"NEDz",258.264550878714,0.182326167821884,1.11515149022594,0.897527967223561,0,9.17527008056641,0
641,"3",10.68,"2026-05-12","09:27:52",0,"STABILIZE",12.949,42.01,543.98749,2.73638653331091,5.604,5604,72.9166666666667,NA,NA,NA,NA,25.8897426128387,4.33047932386398,NA,NA,0.639999985694885,-9.17527008056641,-8.46023161632902,"NEDz",258.264550878714,0.182326167821884,1.11515149022594,0.897527967223561,0,9.17527008056641,0
642,"3",10.7,"2026-05-12","09:27:53",0,"STABILIZE",12.949,42.01,543.98749,2.73638653331091,5.604,5604,72.9166666666667,NA,NA,NA,NA,25.8897426128387,4.33047932386398,NA,NA,0.639999985694885,-9.17527008056641,-8.46009912922796,"NEDz",258.264550878714,0.182326167821884,1.11515149022594,0.897527967223561,0,9.17527008056641,0
643,"3",10.72,"2026-05-12","09:27:54",0,"STABILIZE",12.949,42.01,543.98749,2.73638653331091,5.604,5604,72.9166666666667,NA,NA,NA,NA,25.8897426128387,4.33047932386398,NA,NA,0.639999985694885,-9.17527008056641,-8.45996981409366,"NEDz",258.264550878714,0.182326167821884,1.11515149022594,0.897527967223561,0,9.17527008056641,0
644,"3",10.73,"2026-05-12","09:27:55",0,"STABILIZE",12.949,42.01,543.98749,2.73638653331091,5.604,5604,72.9166666666667,NA,NA,NA,NA,25.8897426128387,4.33047932386398,NA,NA,0.639999985694885,-9.17527008056641,-8.45984384113456,"NEDz",258.264550878714,0.182326167821884,1.11515149022594,0.897527967223561,0,9.17527008056641,0
645,"3",10.75,"2026-05-12","09:27:56",0,"STABILIZE",12.949,42.01,543.98749,2.73638653331091,5.604,5604,72.9166666666667,NA,NA,NA,NA,25.8897426128387,4.33047932386398,NA,NA,0.639999985694885,-9.17527008056641,-8.45972138055905,"NEDz",258.264550878714,0.182326167821884,1.11515149022594,0.897527967223561,0,9.17527008056641,0
646,"3",10.77,"2026-05-12","09:27:57",0,"STABILIZE",12.949,42.01,543.98749,2.73638653331091,5.604,5604,72.9166666666667,NA,NA,NA,NA,25.8897426128387,4.33047932386398,NA,NA,0.639999985694885,-9.17527008056641,-8.45960260257555,"NEDz",258.264550878714,0.182326167821884,1.11515149022594,0.897527967223561,0,9.17527008056641,0
647,"3",10.78,"2026-05-12","09:27:58",0,"STABILIZE",12.949,42.01,543.98749,2.73638653331091,5.604,5604,72.9166666666667,NA,NA,NA,NA,25.8897426128387,4.33047932386398,NA,NA,0.639999985694885,-9.17527008056641,-8.45948767739248,"NEDz",258.264550878714,0.182326167821884,1.11515149022594,0.897527967223561,0,9.17527008056641,0
648,"3",10.8,"2026-05-12","09:27:59",0,"STABILIZE",12.949,42.01,543.98749,2.73638653331091,5.604,5604,72.9166666666667,NA,NA,NA,NA,25.8897426128387,4.33047932386398,NA,NA,0.639999985694885,-9.17527008056641,-8.45937677521826,"NEDz",258.264550878714,0.182326167821884,1.11515149022594,0.897527967223561,0,9.17527008056641,0
649,"3",10.82,"2026-05-12","09:28:00",0,"STABILIZE",12.949,42.01,543.98749,2.73638653331091,5.604,5604,72.9166666666667,NA,NA,NA,NA,25.8897426128387,4.33047932386398,NA,NA,0.639999985694885,-9.17527008056641,-8.45927006626129,"NEDz",258.264550878714,0.182326167821884,1.11515149022594,0.897527967223561,0,9.17527008056641,0
650,"3",10.83,"2026-05-12","09:28:01",0,"STABILIZE",12.949,42.01,543.98749,2.73638653331091,5.604,5604,72.9166666666667,NA,NA,NA,NA,25.8897426128387,4.33047932386398,NA,NA,0.639999985694885,-9.17527008056641,-8.45916767578402,"NEDz",258.264550878714,0.182326167821884,1.11515149022594,0.897527967223561,0,9.17527008056641,0
651,"3",10.85,"2026-05-12","09:28:02",0,"STABILIZE",12.949,42.01,543.98749,2.73638653331091,5.604,5604,72.9166666666667,NA,NA,NA,NA,25.8897426128387,4.33047932386398,NA,NA,0.639999985694885,-9.17527008056641,-8.45906954926493,"NEDz",258.264550878714,0.182326167821884,1.11515149022594,0.897527967223561,0,9.17527008056641,0
652,"3",10.87,"2026-05-12","09:28:03",0,"STABILIZE",12.949,42.01,543.98749,2.73638653331091,5.604,5604,72.9166666666667,NA,NA,NA,NA,25.8897426128387,4.33047932386398,NA,NA,0.639999985694885,-9.17527008056641,-8.45897558723655,"NEDz",258.264550878714,0.182326167821884,1.11515149022594,0.897527967223561,0,9.17527008056641,0
653,"3",10.88,"2026-05-12","09:28:04",0,"STABILIZE",12.949,42.01,543.98749,2.73638653331091,5.604,5604,72.9166666666667,NA,NA,NA,NA,25.8897426128387,4.33047932386398,NA,NA,0.639999985694885,-9.17527008056641,-8.45888569023139,"NEDz",258.264550878714,0.182326167821884,1.11515149022594,0.897527967223561,0,9.17527008056641,0
654,"3",10.9,"2026-05-12","09:28:05",0,"STABILIZE",12.949,42.01,543.98749,2.73638653331091,5.604,5604,72.9166666666667,NA,NA,NA,NA,25.8897426128387,4.33047932386398,NA,NA,0.639999985694885,-9.17527008056641,-8.45879975878195,"NEDz",258.264550878714,0.182326167821884,1.11515149022594,0.897527967223561,0,9.17527008056641,0
655,"3",10.92,"2026-05-12","09:28:06",0,"STABILIZE",12.949,42.01,543.98749,2.73638653331091,5.604,5604,72.9166666666667,NA,NA,NA,NA,25.8897426128387,4.33047932386398,NA,NA,0.639999985694885,-9.17527008056641,-8.45871769342076,"NEDz",258.264550878714,0.182326167821884,1.11515149022594,0.897527967223561,0,9.17527008056641,0
656,"3",10.93,"2026-05-12","09:28:07",0,"STABILIZE",12.949,42.01,543.98749,2.73638653331091,5.604,5604,72.9166666666667,NA,NA,NA,NA,25.8897426128387,4.33047932386398,NA,NA,0.639999985694885,-9.17527008056641,-8.45863939468034,"NEDz",258.264550878714,0.182326167821884,1.11515149022594,0.897527967223561,0,9.17527008056641,0
657,"3",10.95,"2026-05-12","09:28:08",0,"STABILIZE",12.949,42.01,543.98749,2.73638653331091,5.604,5604,72.9166666666667,NA,NA,NA,NA,25.8897426128387,4.33047932386398,NA,NA,0.639999985694885,-9.17527008056641,-8.45856476309319,"NEDz",258.264550878714,0.182326167821884,1.11515149022594,0.897527967223561,0,9.17527008056641,0
658,"3",10.97,"2026-05-12","09:28:09",0,"STABILIZE",12.949,42.01,543.98749,2.73638653331091,5.604,5604,72.9166666666667,NA,NA,NA,NA,25.8897426128387,4.33047932386398,NA,NA,0.639999985694885,-9.17527008056641,-8.45849369919183,"NEDz",258.264550878714,0.182326167821884,1.11515149022594,0.897527967223561,0,9.17527008056641,0
659,"3",10.98,"2026-05-12","09:28:10",0,"STABILIZE",12.949,42.01,543.98749,2.73638653331091,5.604,5604,72.9166666666667,NA,NA,NA,NA,25.8897426128387,4.33047932386398,NA,NA,0.639999985694885,-9.17527008056641,-8.45842610350877,"NEDz",258.264550878714,0.182326167821884,1.11515149022594,0.897527967223561,0,9.17527008056641,0
660,"3",11,"2026-05-12","09:28:11",0,"STABILIZE",12.949,42.01,543.98749,2.73638653331091,5.604,5604,72.9166666666667,NA,NA,NA,NA,25.8897426128387,4.33047932386398,NA,NA,0.639999985694885,-9.17527008056641,-8.45836187657653,"NEDz",258.264550878714,0.182326167821884,1.11515149022594,0.897527967223561,0,9.17527008056641,0
661,"3",11.02,"2026-05-12","09:28:12",0,"STABILIZE",12.949,42.01,543.98749,2.73638653331091,5.604,5604,72.9166666666667,NA,NA,NA,NA,25.8897426128387,4.33047932386398,NA,NA,0.639999985694885,-9.17527008056641,-8.45830091892762,"NEDz",258.264550878714,0.182326167821884,1.11515149022594,0.897527967223561,0,9.17527008056641,0
662,"3",11.03,"2026-05-12","09:28:13",0,"STABILIZE",12.949,42.01,543.98749,2.73638653331091,5.604,5604,72.9166666666667,NA,NA,NA,NA,25.8897426128387,4.33047932386398,NA,NA,0.639999985694885,-9.17527008056641,-8.45824313109456,"NEDz",258.264550878714,0.182326167821884,1.11515149022594,0.897527967223561,0,9.17527008056641,0
663,"3",11.05,"2026-05-12","09:28:14",0,"STABILIZE",12.949,42.01,543.98749,2.73638653331091,5.604,5604,72.9166666666667,NA,NA,NA,NA,25.8897426128387,4.33047932386398,NA,NA,0.639999985694885,-9.17527008056641,-8.45818841360986,"NEDz",258.264550878714,0.182326167821884,1.11515149022594,0.897527967223561,0,9.17527008056641,0
664,"3",11.07,"2026-05-12","09:28:16",0,"STABILIZE",12.949,42.01,543.98749,2.73638653331091,5.604,5604,72.9166666666667,NA,NA,NA,NA,25.8897426128387,4.33047932386398,NA,NA,0.639999985694885,-9.17527008056641,-8.45808779181561,"NEDz",258.264550878714,0.182326167821884,1.11515149022594,0.897527967223561,0,9.17527008056641,0
665,"3",11.08,"2026-05-12","09:28:17",0,"STABILIZE",12.949,42.01,543.98749,2.73638653331091,5.604,5604,72.9166666666667,NA,NA,NA,NA,25.8897426128387,4.33047932386398,NA,NA,0.639999985694885,-9.17527008056641,-8.45804168857108,"NEDz",258.264550878714,0.182326167821884,1.11515149022594,0.897527967223561,0,9.17527008056641,0
666,"3",11.1,"2026-05-12","09:28:18",0,"STABILIZE",12.949,42.01,543.98749,2.73638653331091,5.604,5604,72.9166666666667,NA,NA,NA,NA,25.8897426128387,4.33047932386398,NA,NA,0.639999985694885,-9.17527008056641,-8.45799825780497,"NEDz",258.264550878714,0.182326167821884,1.11515149022594,0.897527967223561,0,9.17527008056641,0
667,"3",11.12,"2026-05-12","09:28:19",0,"STABILIZE",12.949,42.01,543.98749,2.73638653331091,5.604,5604,72.9166666666667,NA,NA,NA,NA,25.8897426128387,4.33047932386398,NA,NA,0.639999985694885,-9.17527008056641,-8.45795740004979,"NEDz",258.264550878714,0.182326167821884,1.11515149022594,0.897527967223561,0,9.17527008056641,0
668,"3",11.13,"2026-05-12","09:28:20",0,"STABILIZE",12.949,42.01,543.98749,2.73638653331091,5.604,5604,72.9166666666667,NA,NA,NA,NA,25.8897426128387,4.33047932386398,NA,NA,0.639999985694885,-9.17527008056641,-8.45791901583807,"NEDz",244.815143421771,0.182326167821884,1.11515149022594,0.897527967223561,0,9.17527008056641,0
669,"3",11.15,"2026-05-12","09:28:21",0,"STABILIZE",12.949,42.01,543.98749,2.73638653331091,5.604,5604,72.9166666666667,NA,NA,NA,NA,25.8897426128387,4.33047932386398,NA,NA,0.639999985694885,-9.17527008056641,-8.4578830057023,"NEDz",244.815143421771,0.182326167821884,1.11515149022594,0.897527967223561,0,9.17527008056641,0
670,"3",11.17,"2026-05-12","09:28:22",0,"STABILIZE",12.949,42.01,543.98749,2.73638653331091,5.604,5604,72.9166666666667,NA,NA,NA,NA,25.8897426128387,4.33047932386398,NA,NA,0.639999985694885,-9.17527008056641,-8.45784927017501,"NEDz",244.815143421771,0.182326167821884,1.11515149022594,0.897527967223561,0,9.17527008056641,0
671,"3",11.18,"2026-05-12","09:28:23",0,"STABILIZE",12.949,42.01,543.98749,2.73638653331091,5.604,5604,72.9166666666667,NA,NA,NA,NA,25.8897426128387,4.33047932386398,NA,NA,0.639999985694885,-9.17527008056641,-8.45781770978871,"NEDz",244.815143421771,0.182326167821884,1.11515149022594,0.897527967223561,0,9.17527008056641,0
672,"3",11.2,"2026-05-12","09:28:24",0,"STABILIZE",12.949,42.01,543.98749,2.73638653331091,5.604,5604,72.9166666666667,NA,NA,NA,NA,25.8897426128387,4.33047932386398,NA,NA,0.639999985694885,-9.17527008056641,-8.45778822507592,"NEDz",244.815143421771,0.182326167821884,1.11515149022594,0.897527967223561,0,9.17527008056641,0
673,"3",11.22,"2026-05-12","09:28:25",0,"STABILIZE",12.949,42.01,543.98749,2.73638653331091,5.604,5604,72.9166666666667,NA,NA,NA,NA,25.8897426128387,4.33047932386398,NA,NA,0.639999985694885,-9.17527008056641,-8.45776071656915,"NEDz",244.815143421771,0.182326167821884,1.11515149022594,0.897527967223561,0,9.17527008056641,0
674,"3",11.23,"2026-05-12","09:28:26",0,"STABILIZE",12.949,42.01,543.98749,2.73638653331091,5.604,5604,72.9166666666667,NA,NA,NA,NA,25.8897426128387,4.33047932386398,NA,NA,0.639999985694885,-9.17527008056641,-8.45773508480091,"NEDz",244.815143421771,0.120454177260399,1.11515149022594,0.897527967223561,0,9.17527008056641,0
675,"3",11.25,"2026-05-12","09:28:27",0,"STABILIZE",12.949,42.01,543.98749,2.73638653331091,5.604,5604,72.9166666666667,NA,NA,NA,NA,25.8897426128387,4.33047932386398,NA,NA,0.639999985694885,-9.17527008056641,-8.45771123030372,"NEDz",244.815143421771,0.120454177260399,1.11515149022594,0.897527967223561,0,9.17527008056641,0
676,"3",11.27,"2026-05-12","09:28:28",0,"STABILIZE",12.949,42.01,543.98749,2.73638653331091,5.604,5604,72.9166666666667,NA,NA,NA,NA,25.8897426128387,4.33047932386398,NA,NA,0.639999985694885,-9.17527008056641,-8.45768905361009,"NEDz",244.815143421771,0.120454177260399,1.11515149022594,0.897527967223561,0,9.17527008056641,0
677,"3",11.28,"2026-05-12","09:28:29",0,"STABILIZE",12.949,42.01,543.98749,2.73638653331091,5.604,5604,72.9166666666667,NA,NA,NA,NA,25.8897426128387,4.33047932386398,NA,NA,0.639999985694885,-9.17527008056641,-8.45766845525254,"NEDz",244.815143421771,0.120454177260399,1.11515149022594,0.897527967223561,0,9.17527008056641,0
678,"3",11.3,"2026-05-12","09:28:30",0,"STABILIZE",12.949,42.01,543.98749,2.73638653331091,5.604,5604,72.9166666666667,NA,NA,NA,NA,25.8897426128387,4.33047932386398,NA,NA,0.639999985694885,-9.17527008056641,-8.45764933576358,"NEDz",244.815143421771,0.120454177260399,1.11515149022594,0.897527967223561,0,9.17527008056641,0
679,"3",11.32,"2026-05-12","09:28:31",0,"STABILIZE",12.949,42.01,543.98749,2.73638653331091,5.604,5604,72.9166666666667,NA,NA,NA,NA,25.8897426128387,4.33047932386398,NA,NA,0.639999985694885,-9.17527008056641,-8.45763159567572,"NEDz",244.815143421771,0.120454177260399,1.11515149022594,0.897527967223561,0,9.17527008056641,0
680,"3",11.33,"2026-05-12","09:28:32",0,"STABILIZE",12.949,42.01,543.98749,2.73638653331091,5.604,5604,72.9166666666667,NA,NA,NA,NA,25.8897426128387,4.33047932386398,NA,NA,0.639999985694885,-9.17527008056641,-8.45761513552149,"NEDz",244.815143421771,0.120454177260399,1.11515149022594,0.897527967223561,0,9.17527008056641,0
681,"3",11.35,"2026-05-12","09:28:33",0,"STABILIZE",12.949,42.01,543.98749,2.73638653331091,5.604,5604,72.9166666666667,NA,NA,NA,NA,25.8897426128387,4.33047932386398,NA,NA,0.639999985694885,-9.17527008056641,-8.45759985583339,"NEDz",244.815143421771,0.120454177260399,1.11515149022594,0.897527967223561,0,9.17527008056641,0
682,"3",11.37,"2026-05-12","09:28:34",0,"STABILIZE",12.949,42.01,543.98749,2.73638653331091,5.604,5604,72.9166666666667,NA,NA,NA,NA,25.8897426128387,4.33047932386398,NA,NA,0.639999985694885,-9.17527008056641,-8.45758565714394,"NEDz",244.815143421771,0.120454177260399,1.11515149022594,0.897527967223561,0,9.17527008056641,0
683,"3",11.38,"2026-05-12","09:28:35",0,"STABILIZE",12.949,42.01,543.98749,2.73638653331091,5.604,5604,72.9166666666667,NA,NA,NA,NA,25.8897426128387,4.33047932386398,NA,NA,0.639999985694885,-9.17527008056641,-8.45757243998566,"NEDz",244.815143421771,0.120454177260399,1.11515149022594,0.897527967223561,0,9.17527008056641,0
684,"3",11.4,"2026-05-12","09:28:36",0,"STABILIZE",12.949,42.01,543.98749,2.73638653331091,5.604,5604,72.9166666666667,NA,NA,NA,NA,25.8897426128387,4.33047932386398,NA,NA,0.639999985694885,-9.17527008056641,-8.45756010489105,"NEDz",244.815143421771,0.120454177260399,1.11515149022594,0.897527967223561,0,9.17527008056641,0
685,"3",11.42,"2026-05-12","09:28:37",0,"STABILIZE",12.949,42.01,543.98749,2.73638653331091,5.604,5604,72.9166666666667,NA,NA,NA,NA,25.8897426128387,4.33047932386398,NA,NA,0.639999985694885,-9.17527008056641,-8.45754855239264,"NEDz",244.815143421771,0.120454177260399,1.11515149022594,0.897527967223561,0,9.17527008056641,0
686,"3",11.43,"2026-05-12","09:28:38",0,"STABILIZE",12.949,42.01,543.98749,2.73638653331091,5.604,5604,72.9166666666667,NA,NA,NA,NA,25.8897426128387,4.33047932386398,NA,NA,0.639999985694885,-9.17527008056641,-8.45753768302293,"NEDz",244.815143421771,0.120454177260399,1.11515149022594,0.897527967223561,0,9.17527008056641,0
687,"3",11.45,"2026-05-12","09:28:39",0,"STABILIZE",12.949,42.01,543.98749,2.73638653331091,5.604,5604,72.9166666666667,NA,NA,NA,NA,25.8897426128387,4.33047932386398,NA,NA,0.639999985694885,-9.17527008056641,-8.45752739731444,"NEDz",244.815143421771,0.120454177260399,1.11515149022594,0.897527967223561,0,9.17527008056641,0
688,"3",11.47,"2026-05-12","09:28:40",0,"STABILIZE",12.949,42.01,543.98749,2.73638653331091,5.604,5604,72.9166666666667,NA,NA,NA,NA,25.8897426128387,4.33047932386398,NA,NA,0.639999985694885,-9.17527008056641,-8.45751759579969,"NEDz",244.815143421771,0.120454177260399,1.11515149022594,0.897527967223561,0,9.17527008056641,0
689,"3",11.48,"2026-05-12","09:28:41",0,"STABILIZE",12.949,42.01,543.98749,2.73638653331091,5.604,5604,72.9166666666667,NA,NA,NA,NA,25.8897426128387,4.33047932386398,NA,NA,0.639999985694885,-9.17527008056641,-8.45750817901119,"NEDz",244.815143421771,0.120454177260399,1.11515149022594,0.897527967223561,0,9.17527008056641,0
690,"3",11.5,"2026-05-12","09:28:42",0,"STABILIZE",12.949,42.01,543.98749,2.73638653331091,5.604,5604,72.9166666666667,NA,NA,NA,NA,25.8897426128387,4.33047932386398,NA,NA,0.639999985694885,-9.17527008056641,-8.45749904748145,"NEDz",244.815143421771,0.120454177260399,1.11515149022594,0.897527967223561,0,9.17527008056641,0
691,"3",11.52,"2026-05-12","09:28:43",0,"STABILIZE",12.949,42.01,543.98749,2.73638653331091,5.604,5604,72.9166666666667,NA,NA,NA,NA,25.8897426128387,4.33047932386398,NA,NA,0.639999985694885,-9.17527008056641,-8.45749010174299,"NEDz",244.815143421771,0.120454177260399,1.11515149022594,0.897527967223561,0,9.17527008056641,0
692,"3",11.53,"2026-05-12","09:28:44",0,"STABILIZE",12.949,42.01,543.98749,2.73638653331091,5.604,5604,72.9166666666667,NA,NA,NA,NA,25.8897426128387,4.33047932386398,NA,NA,0.639999985694885,-9.17527008056641,-8.45748124232833,"NEDz",244.815143421771,0.120454177260399,1.11515149022594,0.897527967223561,0,9.17527008056641,0
693,"3",11.55,"2026-05-12","09:28:46",0,"STABILIZE",12.949,42.01,543.98749,2.73638653331091,5.604,5604,72.9166666666667,NA,NA,NA,NA,25.8897426128387,4.33047932386398,NA,NA,0.639999985694885,-9.17527008056641,-8.45746338460043,"NEDz",244.815143421771,0.120454177260399,1.11515149022594,0.897527967223561,0,9.17527008056641,0
694,"3",11.57,"2026-05-12","09:28:47",0,"STABILIZE",12.949,42.01,543.98749,2.73638653331091,5.604,5604,72.9166666666667,NA,NA,NA,NA,25.8897426128387,4.33047932386398,NA,NA,0.639999985694885,-9.17527008056641,-8.45745418735224,"NEDz",244.815143421771,0.120454177260399,1.11515149022594,0.897527967223561,0,9.17527008056641,0
695,"3",11.58,"2026-05-12","09:28:48",0,"STABILIZE",12.949,42.01,543.98749,2.73638653331091,5.604,5604,72.9166666666667,NA,NA,NA,NA,25.8897426128387,4.33047932386398,NA,NA,0.639999985694885,-9.17527008056641,-8.45744467855789,"NEDz",244.815143421771,0.120454177260399,1.11515149022594,0.897527967223561,0,9.17527008056641,0
696,"3",11.6,"2026-05-12","09:28:49",0,"STABILIZE",12.949,42.01,543.98749,2.73638653331091,5.604,5604,72.9166666666667,NA,NA,NA,NA,25.8897426128387,4.33047932386398,NA,NA,0.639999985694885,-9.17527008056641,-8.4574347587499,"NEDz",244.815143421771,0.120454177260399,1.11515149022594,0.897527967223561,0,9.17527008056641,0
697,"3",11.62,"2026-05-12","09:28:50",0,"STABILIZE",12.949,42.01,543.98749,2.73638653331091,5.604,5604,72.9166666666667,NA,NA,NA,NA,25.8897426128387,4.33047932386398,NA,NA,0.639999985694885,-9.17527008056641,-8.4574243284608,"NEDz",244.815143421771,0.120454177260399,1.11515149022594,0.897527967223561,0,9.17527008056641,0
698,"3",11.63,"2026-05-12","09:28:51",0,"STABILIZE",12.949,42.01,543.98749,2.73638653331091,5.604,5604,72.9166666666667,NA,NA,NA,NA,25.8897426128387,4.33047932386398,NA,NA,0.639999985694885,-9.17527008056641,-8.45741328822309,"NEDz",244.815143421771,0.120454177260399,1.11515149022594,0.897527967223561,0,9.17527008056641,0
699,"3",11.65,"2026-05-12","09:28:52",0,"STABILIZE",12.949,42.01,543.98749,2.73638653331091,5.604,5604,72.9166666666667,NA,NA,NA,NA,25.8897426128387,4.33047932386398,NA,NA,0.639999985694885,-9.17527008056641,-8.45740153856929,"NEDz",244.815143421771,0.120454177260399,1.11515149022594,0.897527967223561,0,9.17527008056641,0
700,"3",11.67,"2026-05-12","09:28:53",0,"STABILIZE",12.949,42.01,543.98749,2.73638653331091,5.604,5604,72.9166666666667,NA,NA,NA,NA,25.8897426128387,4.33047932386398,NA,NA,0.639999985694885,-9.17527008056641,-8.45738898003191,"NEDz",244.815143421771,0.120454177260399,1.11515149022594,0.897527967223561,0,9.17527008056641,0
701,"3",11.68,"2026-05-12","09:28:54",0,"STABILIZE",12.949,42.01,543.98749,2.73638653331091,5.604,5604,72.9166666666667,NA,NA,NA,NA,25.8897426128387,4.33047932386398,NA,NA,0.639999985694885,-9.17527008056641,-8.45737551314346,"NEDz",244.815143421771,0.120454177260399,1.11515149022594,0.897527967223561,0,9.17527008056641,0
702,"3",11.7,"2026-05-12","09:28:55",0,"STABILIZE",12.949,42.01,543.98749,2.73638653331091,5.604,5604,72.9166666666667,NA,NA,NA,NA,25.8897426128387,4.33047932386398,NA,NA,0.639999985694885,-9.17527008056641,-8.45736103843647,"NEDz",244.815143421771,0.120454177260399,1.11515149022594,0.897527967223561,0,9.17527008056641,0
703,"3",11.72,"2026-05-12","09:28:56",0,"STABILIZE",12.949,42.01,543.98749,2.73638653331091,5.604,5604,72.9166666666667,NA,NA,NA,NA,25.8897426128387,4.33047932386398,NA,NA,0.639999985694885,-9.17527008056641,-8.45734545644345,"NEDz",244.815143421771,0.120454177260399,1.11515149022594,0.897527967223561,0,9.17527008056641,0
704,"3",11.73,"2026-05-12","09:28:57",0,"STABILIZE",12.949,42.01,543.98749,2.73638653331091,5.604,5604,72.9166666666667,NA,NA,NA,NA,25.8897426128387,4.33047932386398,NA,NA,0.639999985694885,-9.17527008056641,-8.4573286676969,"NEDz",244.815143421771,0.120454177260399,1.11515149022594,0.897527967223561,0,9.17527008056641,0
705,"3",11.75,"2026-05-12","09:28:59",0,"STABILIZE",12.949,42.01,543.98749,2.73638653331091,5.604,5604,72.9166666666667,NA,NA,NA,NA,25.8897426128387,4.33047932386398,NA,NA,0.639999985694885,-9.17527008056641,-8.45729107207331,"NEDz",244.815143421771,0.120454177260399,1.11515149022594,0.897527967223561,0,9.17527008056641,0
706,"3",11.77,"2026-05-12","09:29:00",0,"STABILIZE",12.949,42.01,543.98749,2.73638653331091,5.604,5604,72.9166666666667,NA,NA,NA,NA,25.8897426128387,4.33047932386398,NA,NA,0.639999985694885,-9.17527008056641,-8.45727006626129,"NEDz",244.815143421771,0.120454177260399,1.11515149022594,0.897527967223561,0,9.17527008056641,0
707,"3",11.78,"2026-05-12","09:29:01",0,"STABILIZE",12.949,42.01,543.98749,2.73638653331091,5.604,5604,72.9166666666667,NA,NA,NA,NA,25.8897426128387,4.33047932386398,NA,NA,0.639999985694885,-9.17527008056641,-8.45724747331028,"NEDz",244.815143421771,0.120454177260399,1.11515149022594,0.897527967223561,0,9.17527008056641,0
708,"3",11.8,"2026-05-12","09:29:02",0,"STABILIZE",12.949,42.01,543.98749,2.73638653331091,5.604,5604,72.9166666666667,NA,NA,NA,NA,25.8897426128387,4.33047932386398,NA,NA,0.639999985694885,-9.17527008056641,-8.4572232811751,"NEDz",244.815143421771,0.120454177260399,1.11515149022594,0.897527967223561,0,9.17527008056641,0
709,"3",11.82,"2026-05-12","09:29:03",0,"STABILIZE",12.949,42.01,543.98749,2.73638653331091,5.604,5604,72.9166666666667,NA,NA,NA,NA,25.8897426128387,4.33047932386398,NA,NA,0.639999985694885,-9.17527008056641,-8.45719749529508,"NEDz",244.815143421771,0.120454177260399,1.11515149022594,0.897527967223561,0,9.17527008056641,0
710,"3",11.83,"2026-05-12","09:29:05",0,"STABILIZE",12.949,42.01,543.98749,2.73638653331091,5.604,5604,72.9166666666667,NA,NA,NA,NA,25.8897426128387,4.33047932386398,NA,NA,0.639999985694885,-9.17527008056641,-8.45714116405769,"NEDz",244.815143421771,0.120454177260399,1.11515149022594,0.897527967223561,0,9.17527008056641,0
711,"3",11.85,"2026-05-12","09:29:06",0,"STABILIZE",12.949,42.01,543.98749,2.73638653331091,5.604,5604,72.9166666666667,NA,NA,NA,NA,25.8897426128387,4.33047932386398,NA,NA,0.639999985694885,-9.17527008056641,-8.45711062957894,"NEDz",244.815143421771,0.120454177260399,1.11515149022594,0.897527967223561,0,9.17527008056641,0
712,"3",11.87,"2026-05-12","09:29:07",0,"STABILIZE",12.949,42.01,543.98749,2.73638653331091,5.604,5604,72.9166666666667,NA,NA,NA,NA,25.8897426128387,4.33047932386398,NA,NA,0.639999985694885,-9.17527008056641,-8.45707852311256,"NEDz",244.815143421771,0.120454177260399,1.11515149022594,0.897527967223561,0,9.17527008056641,0
713,"3",11.88,"2026-05-12","09:29:08",0,"STABILIZE",12.949,42.01,543.98749,2.73638653331091,5.604,5604,72.9166666666667,NA,NA,NA,NA,25.8897426128387,4.33047932386398,NA,NA,0.639999985694885,-9.17527008056641,-8.45704485009785,"NEDz",244.815143421771,0.120454177260399,1.11515149022594,0.897527967223561,0,9.17527008056641,0
714,"3",11.9,"2026-05-12","09:29:09",0,"STABILIZE",12.949,42.01,543.98749,2.73638653331091,5.604,5604,72.9166666666667,NA,NA,NA,NA,25.8897426128387,4.33047932386398,NA,NA,0.639999985694885,-9.17527008056641,-8.45700961597412,"NEDz",244.815143421771,0.120454177260399,1.11515149022594,0.897527967223561,0,9.17527008056641,0
715,"3",11.92,"2026-05-12","09:29:10",0,"STABILIZE",12.949,42.01,543.98749,2.73638653331091,5.604,5604,72.9166666666667,NA,NA,NA,NA,25.8897426128387,4.33047932386398,NA,NA,0.639999985694885,-9.17527008056641,-8.45697282618067,"NEDz",244.815143421771,0.120454177260399,1.11515149022594,0.897527967223561,0,9.17527008056641,0
716,"3",11.93,"2026-05-12","09:29:11",0,"STABILIZE",12.949,42.01,543.98749,2.73638653331091,6.741,6741,87.6388888888889,NA,NA,NA,NA,25.8897426128387,4.33047932386398,NA,NA,0.639999985694885,-9.17527008056641,-8.45693448615681,"NEDz",244.815143421771,0.120454177260399,1.11515149022594,0.897527967223561,0,9.17527008056641,0
717,"3",11.95,"2026-05-12","09:29:12",0,"STABILIZE",12.949,42.01,543.98749,2.73638653331091,6.741,6741,87.6388888888889,NA,NA,NA,NA,25.8897426128387,4.33047932386398,NA,NA,0.639999985694885,-9.17527008056641,-8.45689460134185,"NEDz",244.815143421771,0.120454177260399,1.11515149022594,0.897527967223561,0,9.17527008056641,0
718,"3",11.97,"2026-05-12","09:29:13",0,"STABILIZE",12.949,42.01,543.98749,2.73638653331091,6.741,6741,87.6388888888889,NA,NA,NA,NA,25.8897426128387,4.33047932386398,NA,NA,0.639999985694885,-9.17527008056641,-8.45685317717508,"NEDz",244.815143421771,0.120454177260399,1.11515149022594,0.897527967223561,0,9.17527008056641,0
719,"3",11.98,"2026-05-12","09:29:14",0,"STABILIZE",12.949,42.01,543.98749,2.73638653331091,6.741,6741,87.6388888888889,NA,NA,NA,NA,25.8897426128387,4.33047932386398,NA,NA,0.639999985694885,-9.17527008056641,-8.45681021909582,"NEDz",244.815143421771,0.120454177260399,1.11515149022594,0.897527967223561,0,9.17527008056641,0
720,"3",12,"2026-05-12","09:29:15",0,"STABILIZE",12.949,42.01,543.98749,2.73638653331091,6.741,6741,87.6388888888889,NA,NA,NA,NA,25.8897426128387,4.33047932386398,NA,NA,0.659999996423721,-9.17527008056641,-8.4767657432722,"NEDz",244.815143421771,0.120454177260399,1.1499999937686,0.955376482790933,0,9.17527008056641,0
721,"3",12.02,"2026-05-12","09:29:16",0,"STABILIZE",12.949,42.01,543.98749,2.73638653331091,6.741,6741,87.6388888888889,NA,NA,NA,NA,25.8897426128387,4.33047932386398,NA,NA,0.680000007152557,-9.17527008056641,-8.49671974441469,"NEDz",244.815143421771,0.120454177260399,1.18484849731127,1.01322499835831,0,9.17527008056641,0
722,"3",12.03,"2026-05-12","09:29:17",0,"STABILIZE",12.949,42.01,543.98749,2.73638653331091,6.741,6741,87.6388888888889,NA,NA,NA,NA,25.8897426128387,4.33047932386398,NA,NA,0.680000007152557,-9.17527008056641,-8.49667221723377,"NEDz",244.815143421771,0.120454177260399,1.18484849731127,1.01322499835831,0,9.17527008056641,0
723,"3",12.05,"2026-05-12","09:29:19",0,"STABILIZE",12.949,42.01,543.98749,2.73638653331091,6.741,6741,87.6388888888889,NA,NA,NA,NA,25.8897426128387,4.33047932386398,NA,NA,0.680000007152557,-9.17527008056641,-8.4965726318454,"NEDz",244.815143421771,0.120454177260399,1.18484849731127,1.01322499835831,0,9.17527008056641,0
724,"3",12.07,"2026-05-12","09:29:20",0,"STABILIZE",12.949,42.01,543.98749,2.73638653331091,6.741,6741,87.6388888888889,NA,NA,NA,NA,25.8897426128387,4.33047932386398,NA,NA,0.680000007152557,-9.17527008056641,-8.49652058451656,"NEDz",244.815143421771,0.120454177260399,1.18484849731127,1.01322499835831,0,9.17527008056641,0
725,"3",12.08,"2026-05-12","09:29:21",0,"STABILIZE",12.949,42.01,543.98749,2.73638653331091,6.741,6741,87.6388888888889,NA,NA,NA,NA,25.8897426128387,4.33047932386398,NA,NA,0.759999990463257,-9.17527008056641,-8.57646702466106,"NEDz",244.815143421771,0.120454177260399,1.32424240762537,1.26565469734553,0,9.17527008056641,0
726,"3",12.1,"2026-05-12","09:29:22",0,"STABILIZE",12.949,42.01,543.98749,2.73638653331091,6.741,6741,87.6388888888889,NA,NA,NA,NA,25.8897426128387,4.33047932386398,NA,NA,0.759999990463257,-9.17527008056641,-8.57641199109681,"NEDz",244.815143421771,0.120454177260399,1.32424240762537,1.26565469734553,0,9.17527008056641,0
727,"3",12.12,"2026-05-12","09:29:23",0,"STABILIZE",12.949,42.01,543.98749,2.73638653331091,6.741,6741,87.6388888888889,NA,NA,NA,NA,25.8897426128387,4.33047932386398,NA,NA,0.759999990463257,-9.17527008056641,-8.57635547257381,"NEDz",244.815143421771,0.120454177260399,1.32424240762537,1.26565469734553,0,9.17527008056641,0
728,"3",12.13,"2026-05-12","09:29:24",0,"STABILIZE",12.949,42.01,543.98749,2.73638653331091,6.741,6741,87.6388888888889,NA,NA,NA,NA,25.8897426128387,4.33047932386398,NA,NA,0.759999990463257,-9.17527008056641,-8.57629747453135,"NEDz",244.815143421771,0.120454177260399,1.32424240762537,1.26565469734553,0,9.17527008056641,0
729,"3",12.15,"2026-05-12","09:29:25",0,"STABILIZE",12.949,42.01,543.98749,2.73638653331091,6.741,6741,87.6388888888889,NA,NA,NA,NA,25.8897426128387,4.33047932386398,NA,NA,0.759999990463257,-9.17527008056641,-8.57623800240876,"NEDz",244.815143421771,0.120454177260399,1.32424240762537,1.26565469734553,0,9.17527008056641,0
730,"3",12.17,"2026-05-12","09:29:26",0,"STABILIZE",12.949,42.01,543.98749,2.73638653331091,6.741,6741,87.6388888888889,NA,NA,NA,NA,25.8897426128387,4.33047932386398,NA,NA,0.759999990463257,-9.17527008056641,-8.57617706164534,"NEDz",244.815143421771,0.120454177260399,1.32424240762537,1.26565469734553,0,9.17527008056641,0
731,"3",12.18,"2026-05-12","09:29:27",0,"STABILIZE",12.949,42.01,543.98749,2.73638653331091,6.741,6741,87.6388888888889,NA,NA,NA,NA,25.8897426128387,4.33047932386398,NA,NA,0.759999990463257,-9.17527008056641,-8.57611465768038,"NEDz",244.815143421771,0.120454177260399,1.32424240762537,1.26565469734553,0,9.17527008056641,0
732,"3",12.2,"2026-05-12","09:29:28",0,"STABILIZE",12.949,42.01,543.98749,2.73638653331091,6.741,6741,87.6388888888889,NA,NA,NA,NA,25.8897426128387,4.33047932386398,NA,NA,0.759999990463257,-9.17527008056641,-8.5760507959532,"NEDz",244.815143421771,0.120454177260399,1.32424240762537,1.26565469734553,0,9.17527008056641,0
733,"3",12.22,"2026-05-12","09:29:29",0,"STABILIZE",12.949,42.01,543.98749,2.73638653331091,6.741,6741,87.6388888888889,NA,NA,NA,NA,25.8897426128387,4.33047932386398,NA,NA,0.759999990463257,-9.17527008056641,-8.57598548190309,"NEDz",244.815143421771,0.120454177260399,1.32424240762537,1.26565469734553,0,9.17527008056641,0
734,"3",12.23,"2026-05-12","09:29:30",0,"STABILIZE",12.949,42.01,543.98749,2.73638653331091,6.741,6741,87.6388888888889,NA,NA,NA,NA,25.8897426128387,4.33047932386398,NA,NA,0.759999990463257,-9.17527008056641,-8.57591872096937,"NEDz",244.815143421771,0.120454177260399,1.32424240762537,1.26565469734553,0,9.17527008056641,0
735,"3",12.25,"2026-05-12","09:29:31",0,"STABILIZE",12.949,42.01,543.98749,2.73638653331091,6.741,6741,87.6388888888889,NA,NA,NA,NA,25.8897426128387,4.33047932386398,NA,NA,0.759999990463257,-9.17527008056641,-8.57585051859134,"NEDz",244.815143421771,0.120454177260399,1.32424240762537,1.26565469734553,0,9.17527008056641,0
736,"3",12.27,"2026-05-12","09:29:32",0,"STABILIZE",12.949,42.01,543.98749,2.73638653331091,6.741,6741,87.6388888888889,NA,NA,NA,NA,25.8897426128387,4.33047932386398,NA,NA,0.759999990463257,-9.17527008056641,-8.57578088020831,"NEDz",244.815143421771,0.120454177260399,1.32424240762537,1.26565469734553,0,9.17527008056641,0
737,"3",12.28,"2026-05-12","09:29:33",0,"STABILIZE",12.949,42.01,543.98749,2.73638653331091,6.741,6741,87.6388888888889,NA,NA,NA,NA,25.8897426128387,4.33047932386398,NA,NA,0.759999990463257,-9.17527008056641,-8.57570981125957,"NEDz",244.815143421771,0.120454177260399,1.32424240762537,1.26565469734553,0,9.17527008056641,0
738,"3",12.3,"2026-05-12","09:29:34",0,"STABILIZE",12.949,42.01,543.98749,2.73638653331091,6.741,6741,87.6388888888889,NA,NA,NA,NA,25.8897426128387,4.33047932386398,NA,NA,0.759999990463257,-9.17527008056641,-8.57563731718444,"NEDz",244.815143421771,0.120454177260399,1.32424240762537,1.26565469734553,0,9.17527008056641,0
739,"3",12.32,"2026-05-12","09:29:35",0,"STABILIZE",12.949,42.01,543.98749,2.73638653331091,6.741,6741,87.6388888888889,NA,NA,NA,NA,25.8897426128387,4.33047932386398,NA,NA,0.759999990463257,-9.17527008056641,-8.57556340342222,"NEDz",244.815143421771,0.120454177260399,1.32424240762537,1.26565469734553,0,9.17527008056641,0
740,"3",12.33,"2026-05-12","09:29:36",0,"STABILIZE",12.949,42.01,543.98749,2.73638653331091,6.741,6741,87.6388888888889,NA,NA,NA,NA,25.8897426128387,4.33047932386398,NA,NA,0.759999990463257,-9.17527008056641,-8.57548807541221,"NEDz",244.815143421771,0.120454177260399,1.32424240762537,1.26565469734553,0,9.17527008056641,0
741,"3",12.35,"2026-05-12","09:29:37",0,"STABILIZE",12.949,42.01,543.98749,2.73638653331091,6.741,6741,87.6388888888889,NA,NA,NA,NA,25.8897426128387,4.33047932386398,NA,NA,0.759999990463257,-9.17527008056641,-8.57541133859373,"NEDz",244.815143421771,0.120454177260399,1.32424240762537,1.26565469734553,0,9.17527008056641,0
742,"3",12.37,"2026-05-12","09:29:38",0,"STABILIZE",12.949,42.01,543.98749,2.73638653331091,6.741,6741,87.6388888888889,NA,NA,NA,NA,25.8897426128387,4.33047932386398,NA,NA,0.759999990463257,-9.17527008056641,-8.57533319840607,"NEDz",244.815143421771,0.120454177260399,1.32424240762537,1.26565469734553,0,9.17527008056641,0
743,"3",12.38,"2026-05-12","09:29:39",0,"STABILIZE",12.949,42.01,543.98749,2.73638653331091,6.741,6741,87.6388888888889,NA,NA,NA,NA,25.8897426128387,4.33047932386398,NA,NA,0.759999990463257,-9.17527008056641,-8.57525366028853,"NEDz",244.815143421771,0.120454177260399,1.32424240762537,1.26565469734553,0,9.17527008056641,0
744,"3",12.4,"2026-05-12","09:29:40",0,"STABILIZE",12.949,42.01,543.98749,2.73638653331091,6.741,6741,87.6388888888889,NA,NA,NA,NA,25.8897426128387,4.33047932386398,NA,NA,0.759999990463257,-9.17527008056641,-8.57517272968044,"NEDz",244.815143421771,0.120454177260399,1.32424240762537,1.26565469734553,0,9.17527008056641,0
745,"3",12.42,"2026-05-12","09:29:41",0,"STABILIZE",12.949,42.01,543.98749,2.73638653331091,6.741,6741,87.6388888888889,NA,NA,NA,NA,25.8897426128387,4.33047932386398,NA,NA,0.759999990463257,-9.17527008056641,-8.57509041202108,"NEDz",244.815143421771,0.120454177260399,1.32424240762537,1.26565469734553,0,9.17527008056641,0
746,"3",12.43,"2026-05-12","09:29:42",0,"STABILIZE",12.949,42.01,543.98749,2.73638653331091,6.741,6741,87.6388888888889,NA,NA,NA,NA,16.8709495067596,-15.3922360539436,NA,NA,0.759999990463257,-13.8055973052979,-13.2053339374812,"NEDz",244.815143421771,0.120454177260399,1.32424240762537,1.26565469734553,21.6869576235181,13.8055973052979,0
747,"3",12.45,"2026-05-12","09:29:43",0,"STABILIZE",12.949,42.01,543.98749,2.73638653331091,6.741,6741,87.6388888888889,NA,NA,NA,NA,16.8709495067596,-15.3922360539436,NA,NA,0.759999990463257,-13.8055973052979,-13.2052488620373,"NEDz",244.815143421771,0.120454177260399,1.32424240762537,1.26565469734553,0,13.8055973052979,0
748,"3",12.47,"2026-05-12","09:29:44",0,"STABILIZE",12.949,42.01,543.98749,2.73638653331091,6.741,6741,87.6388888888889,NA,NA,NA,NA,16.8709495067596,-15.3922360539436,NA,NA,0.759999990463257,-13.8055973052979,-13.2051624158599,"NEDz",244.815143421771,0.120454177260399,1.32424240762537,1.26565469734553,0,13.8055973052979,0
749,"3",12.48,"2026-05-12","09:29:45",0,"STABILIZE",12.949,42.01,543.98749,2.73638653331091,6.741,6741,87.6388888888889,NA,NA,NA,NA,16.8709495067596,-15.3922360539436,NA,NA,0.759999990463257,-13.8055973052979,-13.2050746043886,"NEDz",244.815143421771,0.120454177260399,1.32424240762537,1.26565469734553,0,13.8055973052979,0
750,"3",12.5,"2026-05-12","09:29:46",0,"STABILIZE",12.949,42.01,543.98749,2.73638653331091,6.741,6741,87.6388888888889,NA,NA,NA,NA,16.8709495067596,-15.3922360539436,NA,NA,0.759999990463257,-13.8055973052979,-13.2049854330625,"NEDz",244.815143421771,0.120454177260399,1.32424240762537,1.26565469734553,0,13.8055973052979,0
751,"3",12.52,"2026-05-12","09:29:47",0,"STABILIZE",12.949,42.01,543.98749,2.73638653331091,6.741,6741,87.6388888888889,NA,NA,NA,NA,16.8709495067596,-15.3922360539436,NA,NA,0.759999990463257,-13.8055973052979,-13.204894907321,"NEDz",244.815143421771,0.120454177260399,1.32424240762537,1.26565469734553,0,13.8055973052979,0
752,"3",12.53,"2026-05-12","09:29:48",0,"STABILIZE",12.949,42.01,543.98749,2.73638653331091,6.741,6741,87.6388888888889,NA,NA,NA,NA,16.8709495067596,-15.3922360539436,NA,NA,0.759999990463257,-13.8055973052979,-13.2048030326034,"NEDz",244.815143421771,0.120454177260399,1.32424240762537,1.26565469734553,0,13.8055973052979,0
753,"3",12.55,"2026-05-12","09:29:49",0,"STABILIZE",12.949,42.01,543.98749,2.73638653331091,6.741,6741,87.6388888888889,NA,NA,NA,NA,16.8709495067596,-15.3922360539436,NA,NA,0.759999990463257,-13.8055973052979,-13.2047098143489,"NEDz",244.815143421771,0.120454177260399,1.32424240762537,1.26565469734553,0,13.8055973052979,0
754,"3",12.57,"2026-05-12","09:29:50",0,"STABILIZE",12.949,42.01,543.98749,2.73638653331091,6.741,6741,87.6388888888889,NA,NA,NA,NA,16.8709495067596,-15.3922360539436,NA,NA,0.759999990463257,-13.8055973052979,-13.204615257997,"NEDz",244.815143421771,0.120454177260399,1.32424240762537,1.26565469734553,0,13.8055973052979,0
755,"3",12.58,"2026-05-12","09:29:51",0,"STABILIZE",12.949,42.01,543.98749,2.73638653331091,6.741,6741,87.6388888888889,NA,NA,NA,NA,16.8709495067596,-15.3922360539436,NA,NA,0.759999990463257,-13.8055973052979,-13.2045193689868,"NEDz",244.815143421771,0.120454177260399,1.32424240762537,1.26565469734553,0,13.8055973052979,0
756,"3",12.6,"2026-05-12","09:29:52",0,"STABILIZE",12.949,42.01,543.98749,2.73638653331091,6.741,6741,87.6388888888889,NA,NA,NA,NA,16.8709495067596,-15.3922360539436,NA,NA,0.759999990463257,-13.8055973052979,-13.2044221527577,"NEDz",244.815143421771,0.120454177260399,1.32424240762537,1.26565469734553,0,13.8055973052979,0
757,"3",12.62,"2026-05-12","09:29:53",0,"STABILIZE",12.949,42.01,543.98749,2.73638653331091,6.741,6741,87.6388888888889,NA,NA,NA,NA,16.8709495067596,-15.3922360539436,NA,NA,0.759999990463257,-13.8055973052979,-13.204323614749,"NEDz",244.815143421771,0.120454177260399,1.32424240762537,1.26565469734553,0,13.8055973052979,0
758,"3",12.63,"2026-05-12","09:29:54",0,"STABILIZE",12.949,42.01,543.98749,2.73638653331091,6.741,6741,87.6388888888889,NA,NA,NA,NA,16.8709495067596,-15.3922360539436,NA,NA,0.759999990463257,-13.8055973052979,-13.2042237604,"NEDz",244.815143421771,0.120454177260399,1.32424240762537,1.26565469734553,0,13.8055973052979,0
759,"3",12.65,"2026-05-12","09:29:55",0,"STABILIZE",12.949,42.01,543.98749,2.73638653331091,6.741,6741,87.6388888888889,NA,NA,NA,NA,16.8709495067596,-15.3922360539436,NA,NA,0.759999990463257,-13.8055973052979,-13.2041225951501,"NEDz",244.815143421771,0.120454177260399,1.32424240762537,1.26565469734553,0,13.8055973052979,0
760,"3",12.67,"2026-05-12","09:29:56",0,"STABILIZE",12.949,42.01,543.98749,2.73638653331091,6.741,6741,87.6388888888889,NA,NA,NA,NA,16.8709495067596,-15.3922360539436,NA,NA,0.759999990463257,-13.8055973052979,-13.2040201244384,"NEDz",244.815143421771,0.134291678667068,1.32424240762537,1.26565469734553,0,13.8055973052979,0
761,"3",12.68,"2026-05-12","09:29:57",0,"STABILIZE",12.949,42.01,543.98749,2.73638653331091,6.741,6741,87.6388888888889,NA,NA,NA,NA,16.8709495067596,-15.3922360539436,NA,NA,0.759999990463257,-13.8055973052979,-13.2039163537044,"NEDz",244.815143421771,0.148129180073738,1.32424240762537,1.26565469734553,0,13.8055973052979,0
762,"3",12.7,"2026-05-12","09:29:58",0,"STABILIZE",12.949,42.01,543.98749,2.73638653331091,6.741,6741,87.6388888888889,NA,NA,NA,NA,16.8709495067596,-15.3922360539436,NA,NA,0.759999990463257,-13.8055973052979,-13.2038112883873,"NEDz",244.815143421771,0.148129180073738,1.32424240762537,1.26565469734553,0,13.8055973052979,0
763,"3",12.72,"2026-05-12","09:29:59",0,"STABILIZE",12.949,42.01,543.98749,2.73638653331091,6.741,6741,87.6388888888889,NA,NA,NA,NA,16.8709495067596,-15.3922360539436,NA,NA,0.759999990463257,-13.8055973052979,-13.2037049339264,"NEDz",244.815143421771,0.148129180073738,1.32424240762537,1.26565469734553,0,13.8055973052979,0
764,"3",12.73,"2026-05-12","09:30:00",0,"STABILIZE",12.949,42.01,543.98749,2.73638653331091,6.741,6741,87.6388888888889,NA,NA,NA,NA,16.8709495067596,-15.3922360539436,NA,NA,0.759999990463257,-13.8055973052979,-13.2035972957611,"NEDz",252.12842731832,0.148129180073738,1.32424240762537,1.26565469734553,0,13.8055973052979,0
765,"3",12.75,"2026-05-12","09:30:01",0,"STABILIZE",12.949,42.01,543.98749,2.73638653331091,6.741,6741,87.6388888888889,NA,NA,NA,NA,16.8709495067596,-15.3922360539436,NA,NA,0.759999990463257,-13.8055973052979,-13.2034883913758,"NEDz",255.785069266594,0.148129180073738,1.32424240762537,1.26565469734553,0,13.8055973052979,0
766,"3",12.77,"2026-05-12","09:30:02",0,"STABILIZE",12.949,42.01,543.98749,2.73638653331091,6.741,6741,87.6388888888889,NA,NA,NA,NA,16.8709495067596,-15.3922360539436,NA,NA,0.759999990463257,-13.8055973052979,-13.2033782864356,"NEDz",255.785069266594,0.148129180073738,1.32424240762537,1.26565469734553,0,13.8055973052979,0
767,"3",12.78,"2026-05-12","09:30:03",0,"STABILIZE",12.949,42.01,543.98749,2.73638653331091,6.741,6741,87.6388888888889,NA,NA,NA,NA,16.8709495067596,-15.3922360539436,NA,NA,0.759999990463257,-13.8055973052979,-13.2032670586507,"NEDz",255.785069266594,0.148129180073738,1.32424240762537,1.26565469734553,0,13.8055973052979,0
768,"3",12.8,"2026-05-12","09:30:04",0,"STABILIZE",12.941,42.67,552.18719,2.74287211471868,6.741,6741,87.6388888888889,NA,NA,NA,NA,16.8709495067596,-15.3922360539436,NA,NA,0.759999990463257,-13.8055973052979,-13.2031547857315,"NEDz",255.785069266594,0.148129180073738,1.32424240762537,1.26565469734553,0,13.8055973052979,0
769,"3",12.82,"2026-05-12","09:30:05",0,"STABILIZE",12.933,43.33,560.38689,2.74926226639044,6.741,6741,87.6388888888889,NA,NA,NA,NA,16.8709495067596,-15.3922360539436,NA,NA,0.759999990463257,-13.8055973052979,-13.2030415453882,"NEDz",255.785069266594,0.148129180073738,1.32424240762537,1.26565469734553,0,13.8055973052979,0
770,"3",12.83,"2026-05-12","09:30:06",0,"STABILIZE",12.933,43.33,560.38689,2.74926226639044,6.741,6741,87.6388888888889,NA,NA,NA,NA,16.8709495067596,-15.3922360539436,NA,NA,0.759999990463257,-13.8055973052979,-13.202927415331,"NEDz",255.785069266594,0.148129180073738,1.32424240762537,1.26565469734553,0,13.8055973052979,0
771,"3",12.85,"2026-05-12","09:30:07",0,"STABILIZE",12.933,43.33,560.38689,2.74926226639044,6.741,6741,87.6388888888889,NA,NA,NA,NA,16.8709495067596,-15.3922360539436,NA,NA,0.759999990463257,-13.8055973052979,-13.2028124732703,"NEDz",255.785069266594,0.148129180073738,1.32424240762537,1.26565469734553,0,13.8055973052979,0
772,"3",12.87,"2026-05-12","09:30:08",0,"STABILIZE",12.933,43.33,560.38689,2.74926226639044,6.741,6741,87.6388888888889,NA,NA,NA,NA,16.8709495067596,-15.3922360539436,NA,NA,0.759999990463257,-13.8055973052979,-13.2026967969163,"NEDz",255.785069266594,0.148129180073738,1.32424240762537,1.26565469734553,0,13.8055973052979,0
773,"3",12.88,"2026-05-12","09:30:09",0,"STABILIZE",12.933,43.33,560.38689,2.74926226639044,6.741,6741,87.6388888888889,NA,NA,NA,NA,16.8709495067596,-15.3922360539436,NA,NA,0.759999990463257,-13.8055973052979,-13.2025804639793,"NEDz",255.785069266594,0.148129180073738,1.32424240762537,1.26565469734553,0,13.8055973052979,0
774,"3",12.9,"2026-05-12","09:30:10",0,"STABILIZE",12.933,43.33,560.38689,2.74926226639044,6.741,6741,87.6388888888889,NA,NA,NA,NA,16.8709495067596,-15.3922360539436,NA,NA,0.759999990463257,-13.8055973052979,-13.2024635521694,"NEDz",255.785069266594,0.148129180073738,1.32424240762537,1.26565469734553,0,13.8055973052979,0
775,"3",12.92,"2026-05-12","09:30:11",0,"STABILIZE",12.933,43.33,560.38689,2.74926226639044,6.741,6741,87.6388888888889,NA,NA,NA,NA,16.8709495067596,-15.3922360539436,NA,NA,0.759999990463257,-13.8055973052979,-13.2023461391971,"NEDz",255.785069266594,0.148129180073738,1.32424240762537,1.26565469734553,0,13.8055973052979,0
776,"3",12.93,"2026-05-12","09:30:12",0,"STABILIZE",12.933,43.33,560.38689,2.74926226639044,6.741,6741,87.6388888888889,NA,NA,NA,NA,16.8709495067596,-15.3922360539436,NA,NA,0.759999990463257,-13.8055973052979,-13.2022283027726,"NEDz",255.785069266594,0.148129180073738,1.32424240762537,1.26565469734553,0,13.8055973052979,0
777,"3",12.95,"2026-05-12","09:30:13",0,"STABILIZE",12.933,43.33,560.38689,2.74926226639044,6.741,6741,87.6388888888889,NA,NA,NA,NA,16.8709495067596,-15.3922360539436,NA,NA,0.759999990463257,-13.8055973052979,-13.202110120606,"NEDz",255.785069266594,0.148129180073738,1.32424240762537,1.26565469734553,0,13.8055973052979,0
778,"3",12.97,"2026-05-12","09:30:14",0,"STABILIZE",12.933,43.33,560.38689,2.74926226639044,6.741,6741,87.6388888888889,NA,NA,NA,NA,16.8709495067596,-15.3922360539436,NA,NA,0.759999990463257,-13.8055973052979,-13.2019916704078,"NEDz",255.785069266594,0.148129180073738,1.32424240762537,1.26565469734553,0,13.8055973052979,0
779,"3",12.98,"2026-05-12","09:30:15",0,"STABILIZE",12.933,43.33,560.38689,2.74926226639044,6.741,6741,87.6388888888889,NA,NA,NA,NA,16.8709495067596,-15.3922360539436,NA,NA,0.759999990463257,-13.8055973052979,-13.2018730298881,"NEDz",255.785069266594,0.148129180073738,1.32424240762537,1.26565469734553,0,13.8055973052979,0
780,"3",13,"2026-05-12","09:30:16",0,"STABILIZE",12.933,43.33,560.38689,2.74926226639044,6.741,6741,87.6388888888889,NA,NA,NA,NA,16.8709495067596,-15.3922360539436,NA,NA,0.759999990463257,-13.8055973052979,-13.2017542767572,"NEDz",255.785069266594,0.148129180073738,1.32424240762537,1.26565469734553,0,13.8055973052979,0
781,"3",13.02,"2026-05-12","09:30:17",0,"STABILIZE",12.933,43.33,560.38689,2.74926226639044,6.741,6741,87.6388888888889,NA,NA,NA,NA,16.8709495067596,-15.3922360539436,NA,NA,0.759999990463257,-13.8055973052979,-13.2016354887254,"NEDz",255.785069266594,0.148129180073738,1.32424240762537,1.26565469734553,0,13.8055973052979,0
782,"3",13.03,"2026-05-12","09:30:18",0,"STABILIZE",12.933,43.33,560.38689,2.74926226639044,6.741,6741,87.6388888888889,NA,NA,NA,NA,16.8709495067596,-15.3922360539436,NA,NA,0.759999990463257,-13.8055973052979,-13.201516743503,"NEDz",255.785069266594,0.148129180073738,1.32424240762537,1.26565469734553,0,13.8055973052979,0
783,"3",13.05,"2026-05-12","09:30:19",0,"STABILIZE",12.933,43.33,560.38689,2.74926226639044,6.741,6741,87.6388888888889,NA,NA,NA,NA,16.8709495067596,-15.3922360539436,NA,NA,0.759999990463257,-13.8055973052979,-13.2013981188002,"NEDz",255.785069266594,0.148129180073738,1.32424240762537,1.26565469734553,0,13.8055973052979,0
784,"3",13.07,"2026-05-12","09:30:20",0,"STABILIZE",12.933,43.33,560.38689,2.74926226639044,6.741,6741,87.6388888888889,NA,NA,NA,NA,16.8709495067596,-15.3922360539436,NA,NA,0.759999990463257,-13.8055973052979,-13.2012796923273,"NEDz",255.785069266594,0.148129180073738,1.32424240762537,1.26565469734553,0,13.8055973052979,0
785,"3",13.08,"2026-05-12","09:30:21",0,"STABILIZE",12.933,43.33,560.38689,2.74926226639044,6.741,6741,87.6388888888889,NA,NA,NA,NA,16.8709495067596,-15.3922360539436,NA,NA,0.759999990463257,-13.8055973052979,-13.2011615417945,"NEDz",255.785069266594,0.148129180073738,1.32424240762537,1.26565469734553,0,13.8055973052979,0
786,"3",13.1,"2026-05-12","09:30:22",0,"STABILIZE",12.933,43.33,560.38689,2.74926226639044,6.741,6741,87.6388888888889,NA,NA,NA,NA,16.8709495067596,-15.3922360539436,NA,NA,0.759999990463257,-13.8055973052979,-13.2010437449121,"NEDz",255.785069266594,0.148129180073738,1.32424240762537,1.26565469734553,0,13.8055973052979,0
787,"3",13.12,"2026-05-12","09:30:23",0,"STABILIZE",12.933,43.33,560.38689,2.74926226639044,6.741,6741,87.6388888888889,NA,NA,NA,NA,16.8709495067596,-15.3922360539436,NA,NA,0.759999990463257,-13.8055973052979,-13.2009263793904,"NEDz",255.785069266594,0.148129180073738,1.32424240762537,1.26565469734553,0,13.8055973052979,0
788,"3",13.13,"2026-05-12","09:30:24",0,"STABILIZE",12.933,43.33,560.38689,2.74926226639044,6.741,6741,87.6388888888889,NA,NA,NA,NA,16.8709495067596,-15.3922360539436,NA,NA,0.759999990463257,-13.8055973052979,-13.2008095229397,"NEDz",255.785069266594,0.148129180073738,1.32424240762537,1.26565469734553,0,13.8055973052979,0
789,"3",13.15,"2026-05-12","09:30:25",0,"STABILIZE",12.933,43.33,560.38689,2.74926226639044,6.741,6741,87.6388888888889,NA,NA,NA,NA,16.8709495067596,-15.3922360539436,NA,NA,0.759999990463257,-13.8055973052979,-13.2006932532702,"NEDz",255.785069266594,0.148129180073738,1.32424240762537,1.26565469734553,0,13.8055973052979,0
790,"3",13.17,"2026-05-12","09:30:26",0,"STABILIZE",12.933,43.33,560.38689,2.74926226639044,6.741,6741,87.6388888888889,NA,NA,NA,NA,16.8709495067596,-15.3922360539436,NA,NA,0.759999990463257,-13.8055973052979,-13.2005776480921,"NEDz",255.785069266594,0.148129180073738,1.32424240762537,1.26565469734553,0,13.8055973052979,0
791,"3",13.18,"2026-05-12","09:30:27",0,"STABILIZE",12.933,43.33,560.38689,2.74926226639044,6.741,6741,87.6388888888889,NA,NA,NA,NA,16.8709495067596,-15.3922360539436,NA,NA,0.759999990463257,-13.8055973052979,-13.2004627851158,"NEDz",255.785069266594,0.148129180073738,1.32424240762537,1.26565469734553,0,13.8055973052979,0
792,"3",13.2,"2026-05-12","09:30:28",0,"STABILIZE",12.933,43.33,560.38689,2.74926226639044,6.741,6741,87.6388888888889,NA,NA,NA,NA,16.8709495067596,-15.3922360539436,NA,NA,0.759999990463257,-13.8055973052979,-13.2003487420515,"NEDz",256.224516807603,0.148129180073738,1.32424240762537,1.26565469734553,0,13.8055973052979,0
793,"3",13.22,"2026-05-12","09:30:29",0,"STABILIZE",12.933,43.33,560.38689,2.74926226639044,6.741,6741,87.6388888888889,NA,NA,NA,NA,16.8709495067596,-15.3922360539436,NA,NA,0.759999990463257,-13.8055973052979,-13.2002355966095,"NEDz",256.224516807603,0.148129180073738,1.32424240762537,1.26565469734553,0,13.8055973052979,0
794,"3",13.23,"2026-05-12","09:30:30",0,"STABILIZE",12.933,43.33,560.38689,2.74926226639044,6.741,6741,87.6388888888889,NA,NA,NA,NA,16.8709495067596,-15.3922360539436,NA,NA,0.759999990463257,-13.8055973052979,-13.2001234265,"NEDz",256.224516807603,0.148129180073738,1.32424240762537,1.26565469734553,0,13.8055973052979,0
795,"3",13.25,"2026-05-12","09:30:31",0,"STABILIZE",12.933,43.33,560.38689,2.74926226639044,6.741,6741,87.6388888888889,NA,NA,NA,NA,16.8709495067596,-15.3922360539436,NA,NA,0.759999990463257,-13.8055973052979,-13.2000123094333,"NEDz",256.224516807603,0.148129180073738,1.32424240762537,1.26565469734553,0,13.8055973052979,0
796,"3",13.27,"2026-05-12","09:30:32",0,"STABILIZE",12.933,43.33,560.38689,2.74926226639044,6.741,6741,87.6388888888889,NA,NA,NA,NA,16.8709495067596,-15.3922360539436,NA,NA,0.759999990463257,-13.8055973052979,-13.1999023231197,"NEDz",256.224516807603,0.148129180073738,1.32424240762537,1.26565469734553,0,13.8055973052979,0
797,"3",13.28,"2026-05-12","09:30:33",0,"STABILIZE",12.93,43.29,559.73982,2.7487613978895,6.741,6741,87.6388888888889,NA,NA,NA,NA,16.8709495067596,-15.3922360539436,NA,NA,0.759999990463257,-13.8055973052979,-13.1997935452694,"NEDz",256.224516807603,0.148129180073738,1.32424240762537,1.26565469734553,0,13.8055973052979,0
798,"3",13.3,"2026-05-12","09:30:34",0,"STABILIZE",12.927,43.25,559.09275,2.74825995107372,6.741,6741,87.6388888888889,NA,NA,NA,NA,16.8709495067596,-15.3922360539436,NA,NA,0.759999990463257,-13.8055973052979,-13.1996860535927,"NEDz",256.224516807603,0.148129180073738,1.32424240762537,1.26565469734553,0,13.8055973052979,0
799,"3",13.32,"2026-05-12","09:30:35",0,"STABILIZE",12.927,43.25,559.09275,2.74825995107372,6.741,6741,87.6388888888889,NA,NA,NA,NA,16.8709495067596,-15.3922360539436,NA,NA,0.759999990463257,-13.8055973052979,-13.1995799257998,"NEDz",256.224516807603,0.148129180073738,1.32424240762537,1.26565469734553,0,13.8055973052979,0
800,"3",13.33,"2026-05-12","09:30:36",0,"STABILIZE",12.927,43.25,559.09275,2.74825995107372,6.741,6741,87.6388888888889,NA,NA,NA,NA,16.8709495067596,-15.3922360539436,NA,NA,0.759999990463257,-13.8055973052979,-13.1994752396011,"NEDz",256.224516807603,0.148129180073738,1.32424240762537,1.26565469734553,0,13.8055973052979,0
801,"3",13.35,"2026-05-12","09:30:37",0,"STABILIZE",12.927,43.25,559.09275,2.74825995107372,6.741,6741,87.6388888888889,NA,NA,NA,NA,16.8709495067596,-15.3922360539436,NA,NA,0.759999990463257,-13.8055973052979,-13.1993720727068,"NEDz",256.224516807603,0.148129180073738,1.32424240762537,1.26565469734553,0,13.8055973052979,0
802,"3",13.37,"2026-05-12","09:30:38",0,"STABILIZE",12.927,43.25,559.09275,2.74825995107372,6.741,6741,87.6388888888889,NA,NA,NA,NA,16.8709495067596,-15.3922360539436,NA,NA,0.759999990463257,-13.8055973052979,-13.1992705028272,"NEDz",256.224516807603,0.148129180073738,1.32424240762537,1.26565469734553,0,13.8055973052979,0
803,"3",13.38,"2026-05-12","09:30:39",0,"STABILIZE",12.927,43.25,559.09275,2.74825995107372,6.741,6741,87.6388888888889,NA,NA,NA,NA,16.8709495067596,-15.3922360539436,NA,NA,0.759999990463257,-13.8055973052979,-13.1991706076725,"NEDz",256.224516807603,0.148129180073738,1.32424240762537,1.26565469734553,0,13.8055973052979,0
804,"3",13.4,"2026-05-12","09:30:40",0,"STABILIZE",12.927,43.25,559.09275,2.74825995107372,6.741,6741,87.6388888888889,NA,NA,NA,NA,16.8709495067596,-15.3922360539436,NA,NA,0.759999990463257,-13.8055973052979,-13.1990724649529,"NEDz",256.224516807603,0.148129180073738,1.32424240762537,1.26565469734553,0,13.8055973052979,0
805,"3",13.42,"2026-05-12","09:30:41",0,"STABILIZE",12.927,43.25,559.09275,2.74825995107372,6.741,6741,87.6388888888889,NA,NA,NA,NA,16.8709495067596,-15.3922360539436,NA,NA,0.759999990463257,-13.8055973052979,-13.1989761523789,"NEDz",256.224516807603,0.148129180073738,1.32424240762537,1.26565469734553,0,13.8055973052979,0
806,"3",13.43,"2026-05-12","09:30:42",0,"STABILIZE",12.927,43.25,559.09275,2.74825995107372,6.741,6741,87.6388888888889,NA,NA,NA,NA,16.8709495067596,-15.3922360539436,NA,NA,0.759999990463257,-13.8055973052979,-13.1988817476605,"NEDz",256.224516807603,0.148129180073738,1.32424240762537,1.26565469734553,0,13.8055973052979,0
807,"3",13.45,"2026-05-12","09:30:43",0,"STABILIZE",12.927,43.25,559.09275,2.74825995107372,6.741,6741,87.6388888888889,NA,NA,NA,NA,16.8709495067596,-15.3922360539436,NA,NA,0.759999990463257,-13.8055973052979,-13.1987893285082,"NEDz",255.949495825578,0.148129180073738,1.32424240762537,1.26565469734553,0,13.8055973052979,0
808,"3",13.47,"2026-05-12","09:30:44",0,"STABILIZE",12.927,43.25,559.09275,2.74825995107372,6.741,6741,87.6388888888889,NA,NA,NA,NA,16.8709495067596,-15.3922360539436,NA,NA,0.759999990463257,-13.8055973052979,-13.198698972632,"NEDz",255.674474843553,0.148129180073738,1.32424240762537,1.26565469734553,0,13.8055973052979,0
809,"3",13.48,"2026-05-12","09:30:45",0,"STABILIZE",12.927,43.25,559.09275,2.74825995107372,6.741,6741,87.6388888888889,NA,NA,NA,NA,16.8709495067596,-15.3922360539436,NA,NA,0.759999990463257,-13.8055973052979,-13.1986107577424,"NEDz",255.674474843553,0.148129180073738,1.32424240762537,1.26565469734553,0,13.8055973052979,0
810,"3",13.5,"2026-05-12","09:30:46",0,"STABILIZE",12.927,43.25,559.09275,2.74825995107372,6.741,6741,87.6388888888889,NA,NA,NA,NA,16.8709495067596,-15.3922360539436,NA,NA,0.759999990463257,-13.8055973052979,-13.1985247615496,"NEDz",255.674474843553,0.148129180073738,1.32424240762537,1.26565469734553,0,13.8055973052979,0
811,"3",13.52,"2026-05-12","09:30:47",0,"STABILIZE",12.927,43.25,559.09275,2.74825995107372,6.741,6741,87.6388888888889,NA,NA,NA,NA,16.8709495067596,-15.3922360539436,NA,NA,0.853333314259847,-13.8055973052979,-13.2917743855605,"NEDz",255.674474843553,0.148129180073738,1.48686865363458,1.60514929923349,0,13.8055973052979,0
812,"3",13.53,"2026-05-12","09:30:48",0,"STABILIZE",12.927,43.25,559.09275,2.74825995107372,6.741,6741,87.6388888888889,NA,NA,NA,NA,16.8709495067596,-15.3922360539436,NA,NA,0.899999976158142,-13.8055973052979,-13.3383597217903,"NEDz",255.674474843553,0.148129180073738,1.56818177663919,1.77489660017747,0,13.8055973052979,0
813,"3",13.55,"2026-05-12","09:30:49",0,"STABILIZE",12.927,43.25,559.09275,2.74825995107372,6.741,6741,87.6388888888889,NA,NA,NA,NA,16.8709495067596,-15.3922360539436,NA,NA,0.899999976158142,-13.8055973052979,-13.3382808479494,"NEDz",255.674474843553,0.148129180073738,1.56818177663919,1.77489660017747,0,13.8055973052979,0
814,"3",13.57,"2026-05-12","09:30:50",0,"STABILIZE",12.927,43.25,559.09275,2.74825995107372,6.741,6741,87.6388888888889,NA,NA,NA,NA,16.8709495067596,-15.3922360539436,NA,NA,0.899999976158142,-13.8055973052979,-13.3382045036464,"NEDz",255.674474843553,0.148129180073738,1.56818177663919,1.77489660017747,0,13.8055973052979,0
815,"3",13.58,"2026-05-12","09:30:51",0,"STABILIZE",12.927,43.25,559.09275,2.74825995107372,6.741,6741,87.6388888888889,NA,NA,NA,NA,16.8709495067596,-15.3922360539436,NA,NA,0.899999976158142,-13.8055973052979,-13.3381307665915,"NEDz",255.674474843553,0.148129180073738,1.56818177663919,1.77489660017747,0,13.8055973052979,0
816,"3",13.6,"2026-05-12","09:30:52",0,"STABILIZE",12.927,43.25,559.09275,2.74825995107372,6.741,6741,87.6388888888889,NA,NA,NA,NA,16.8709495067596,-15.3922360539436,NA,NA,0.899999976158142,-13.8055973052979,-13.338059714495,"NEDz",255.674474843553,0.148129180073738,1.56818177663919,1.77489660017747,0,13.8055973052979,0
817,"3",13.62,"2026-05-12","09:30:53",0,"STABILIZE",12.927,43.25,559.09275,2.74825995107372,6.741,6741,87.6388888888889,NA,NA,NA,NA,16.8709495067596,-15.3922360539436,NA,NA,0.899999976158142,-13.8055973052979,-13.3379914250671,"NEDz",255.674474843553,0.148129180073738,1.56818177663919,1.77489660017747,0,13.8055973052979,0
818,"3",13.63,"2026-05-12","09:30:54",0,"STABILIZE",12.927,43.25,559.09275,2.74825995107372,6.741,6741,87.6388888888889,NA,NA,NA,NA,16.8709495067596,-15.3922360539436,NA,NA,0.899999976158142,-13.8055973052979,-13.3379259760181,"NEDz",255.674474843553,0.148129180073738,1.56818177663919,1.77489660017747,0,13.8055973052979,0
819,"3",13.65,"2026-05-12","09:30:55",0,"STABILIZE",12.927,43.25,559.09275,2.74825995107372,6.741,6741,87.6388888888889,NA,NA,NA,NA,16.8709495067596,-15.3922360539436,NA,NA,0.899999976158142,-13.8055973052979,-13.3378634450582,"NEDz",255.674474843553,0.148129180073738,1.56818177663919,1.77489660017747,0,13.8055973052979,0
820,"3",13.67,"2026-05-12","09:30:56",0,"STABILIZE",12.927,43.25,559.09275,2.74825995107372,6.741,6741,87.6388888888889,NA,NA,NA,NA,16.8709495067596,-15.3922360539436,NA,NA,0.899999976158142,-13.8055973052979,-13.3378039098979,"NEDz",255.674474843553,0.148129180073738,1.56818177663919,1.77489660017747,0,13.8055973052979,0
821,"3",13.68,"2026-05-12","09:30:57",0,"STABILIZE",12.927,43.25,559.09275,2.74825995107372,6.741,6741,87.6388888888889,NA,NA,NA,NA,16.8709495067596,-15.3922360539436,NA,NA,0.899999976158142,-13.8055973052979,-13.3377474482472,"NEDz",255.674474843553,0.148129180073738,1.56818177663919,1.77489660017747,0,13.8055973052979,0
822,"3",13.7,"2026-05-12","09:30:58",0,"STABILIZE",12.927,43.25,559.09275,2.74825995107372,6.741,6741,87.6388888888889,NA,NA,NA,NA,16.8709495067596,-15.3922360539436,NA,NA,0.899999976158142,-13.8055973052979,-13.3376941378165,"NEDz",255.674474843553,0.148129180073738,1.56818177663919,1.77489660017747,0,13.8055973052979,0
823,"3",13.72,"2026-05-12","09:30:59",0,"STABILIZE",12.927,43.25,559.09275,2.74825995107372,6.741,6741,87.6388888888889,NA,NA,NA,NA,16.8709495067596,-15.3922360539436,NA,NA,0.899999976158142,-13.8055973052979,-13.337644056316,"NEDz",255.674474843553,0.148129180073738,1.56818177663919,1.77489660017747,0,13.8055973052979,0
824,"3",13.73,"2026-05-12","09:31:00",0,"STABILIZE",12.927,43.25,559.09275,2.74825995107372,6.741,6741,87.6388888888889,NA,NA,NA,NA,16.8709495067596,-15.3922360539436,NA,NA,0.899999976158142,-13.8055973052979,-13.337597281456,"NEDz",255.674474843553,0.148129180073738,1.56818177663919,1.77489660017747,0,13.8055973052979,0
825,"3",13.75,"2026-05-12","09:31:01",0,"STABILIZE",12.927,43.25,559.09275,2.74825995107372,6.741,6741,87.6388888888889,NA,NA,NA,NA,16.8709495067596,-15.3922360539436,NA,NA,0.899999976158142,-13.8055973052979,-13.3375538530594,"NEDz",255.674474843553,0.148129180073738,1.56818177663919,1.77489660017747,0,13.8055973052979,0
826,"3",13.77,"2026-05-12","09:31:02",0,"STABILIZE",12.927,43.25,559.09275,2.74825995107372,6.741,6741,87.6388888888889,NA,NA,NA,NA,16.8709495067596,-15.3922360539436,NA,NA,0.899999976158142,-13.8055973052979,-13.3375136594,"NEDz",255.674474843553,0.148129180073738,1.56818177663919,1.77489660017747,0,13.8055973052979,0
827,"3",13.78,"2026-05-12","09:31:03",0,"STABILIZE",12.927,43.25,559.09275,2.74825995107372,6.741,6741,87.6388888888889,NA,NA,NA,NA,16.8709495067596,-15.3922360539436,NA,NA,0.899999976158142,-13.8055973052979,-13.3374765508638,"NEDz",255.674474843553,0.148129180073738,1.56818177663919,1.77489660017747,0,13.8055973052979,0
828,"3",13.8,"2026-05-12","09:31:04",0,"STABILIZE",12.927,43.25,559.09275,2.74825995107372,6.741,6741,87.6388888888889,NA,NA,NA,NA,16.8709495067596,-15.3922360539436,NA,NA,0.899999976158142,-13.8055973052979,-13.3374423778374,"NEDz",255.674474843553,0.148129180073738,1.56818177663919,1.77489660017747,0,13.8055973052979,0
829,"3",13.82,"2026-05-12","09:31:05",0,"STABILIZE",12.927,43.25,559.09275,2.74825995107372,6.741,6741,87.6388888888889,NA,NA,NA,NA,16.8709495067596,-15.3922360539436,NA,NA,0.899999976158142,-13.8055973052979,-13.3374109907069,"NEDz",255.674474843553,0.148129180073738,1.56818177663919,1.77489660017747,0,13.8055973052979,0
830,"3",13.83,"2026-05-12","09:31:06",0,"STABILIZE",12.927,43.25,559.09275,2.74825995107372,6.741,6741,87.6388888888889,NA,NA,NA,NA,16.8709495067596,-15.3922360539436,NA,NA,0.899999976158142,-13.8055973052979,-13.3373822398587,"NEDz",255.674474843553,0.148129180073738,1.56818177663919,1.77489660017747,0,13.8055973052979,0
831,"3",13.85,"2026-05-12","09:31:07",0,"STABILIZE",12.927,43.25,559.09275,2.74825995107372,6.741,6741,87.6388888888889,NA,NA,NA,NA,16.8709495067596,-15.3922360539436,NA,NA,0.899999976158142,-13.8055973052979,-13.337355975679,"NEDz",255.674474843553,0.148129180073738,1.56818177663919,1.77489660017747,0,13.8055973052979,0
832,"3",13.87,"2026-05-12","09:31:08",0,"STABILIZE",12.927,43.25,559.09275,2.74825995107372,6.741,6741,87.6388888888889,NA,NA,NA,NA,16.8709495067596,-15.3922360539436,NA,NA,0.899999976158142,-13.8055973052979,-13.3373320485542,"NEDz",255.674474843553,0.148129180073738,1.56818177663919,1.77489660017747,0,13.8055973052979,0
833,"3",13.88,"2026-05-12","09:31:09",0,"STABILIZE",12.927,43.25,559.09275,2.74825995107372,6.741,6741,87.6388888888889,NA,NA,NA,NA,16.8709495067596,-15.3922360539436,NA,NA,0.899999976158142,-13.8055973052979,-13.3373103088706,"NEDz",255.674474843553,0.148129180073738,1.56818177663919,1.77489660017747,0,13.8055973052979,0
834,"3",13.9,"2026-05-12","09:31:10",0,"STABILIZE",12.927,43.25,559.09275,2.74825995107372,6.741,6741,87.6388888888889,NA,NA,NA,NA,16.8709495067596,-15.3922360539436,NA,NA,0.899999976158142,-13.8055973052979,-13.3372906070144,"NEDz",255.674474843553,0.148129180073738,1.56818177663919,1.77489660017747,0,13.8055973052979,0
835,"3",13.92,"2026-05-12","09:31:11",0,"STABILIZE",12.927,43.25,559.09275,2.74825995107372,6.741,6741,87.6388888888889,NA,NA,NA,NA,16.8709495067596,-15.3922360539436,NA,NA,0.899999976158142,-13.8055973052979,-13.337272793372,"NEDz",255.674474843553,0.148129180073738,1.56818177663919,1.77489660017747,0,13.8055973052979,0
836,"3",13.93,"2026-05-12","09:31:12",0,"STABILIZE",12.927,43.25,559.09275,2.74825995107372,6.741,6741,87.6388888888889,NA,NA,NA,NA,16.8709495067596,-15.3922360539436,NA,NA,0.899999976158142,-13.8055973052979,-13.3372567183297,"NEDz",255.674474843553,0.148129180073738,1.56818177663919,1.77489660017747,0,13.8055973052979,0
837,"3",13.95,"2026-05-12","09:31:14",0,"STABILIZE",12.927,43.25,559.09275,2.74825995107372,6.741,6741,87.6388888888889,NA,NA,NA,NA,16.8709495067596,-15.3922360539436,NA,NA,0.899999976158142,-13.8055973052979,-13.3372291855904,"NEDz",255.674474843553,0.148129180073738,1.56818177663919,1.77489660017747,0,13.8055973052979,0
838,"3",13.97,"2026-05-12","09:31:15",0,"STABILIZE",12.927,43.25,559.09275,2.74825995107372,6.741,6741,87.6388888888889,NA,NA,NA,NA,16.8709495067596,-15.3922360539436,NA,NA,0.899999976158142,-13.8055973052979,-13.337217428666,"NEDz",255.674474843553,0.148129180073738,1.56818177663919,1.77489660017747,0,13.8055973052979,0
839,"3",13.98,"2026-05-12","09:31:17",0,"STABILIZE",12.927,43.25,559.09275,2.74825995107372,6.741,6741,87.6388888888889,NA,NA,NA,NA,16.8709495067596,-15.3922360539436,NA,NA,0.899999976158142,-13.8055973052979,-13.3371971856394,"NEDz",255.674474843553,0.148129180073738,1.56818177663919,1.77489660017747,0,13.8055973052979,0
840,"3",14,"2026-05-12","09:31:18",0,"STABILIZE",12.927,43.25,559.09275,2.74825995107372,6.741,6741,87.6388888888889,NA,NA,NA,NA,16.8709495067596,-15.3922360539436,NA,NA,0.899999976158142,-13.8055973052979,-13.3371884003098,"NEDz",255.674474843553,0.148129180073738,1.56818177663919,1.77489660017747,0,13.8055973052979,0
841,"3",14.02,"2026-05-12","09:31:19",0,"STABILIZE",12.927,43.25,559.09275,2.74825995107372,6.741,6741,87.6388888888889,NA,NA,NA,NA,16.8709495067596,-15.3922360539436,NA,NA,0.899999976158142,-13.8055973052979,-13.3371803062843,"NEDz",255.674474843553,0.148129180073738,1.56818177663919,1.77489660017747,0,13.8055973052979,0
842,"3",14.03,"2026-05-12","09:31:20",0,"STABILIZE",12.927,43.25,559.09275,2.74825995107372,6.741,6741,87.6388888888889,NA,NA,NA,NA,16.8709495067596,-15.3922360539436,NA,NA,0.899999976158142,-13.8055973052979,-13.3371727539493,"NEDz",255.674474843553,0.148129180073738,1.56818177663919,1.77489660017747,0,13.8055973052979,0
843,"3",14.05,"2026-05-12","09:31:21",0,"STABILIZE",12.927,43.25,559.09275,2.74825995107372,6.741,6741,87.6388888888889,NA,NA,NA,NA,16.8709495067596,-15.3922360539436,NA,NA,0.899999976158142,-13.8055973052979,-13.337165593691,"NEDz",255.674474843553,0.148129180073738,1.56818177663919,1.77489660017747,0,13.8055973052979,0
844,"3",14.07,"2026-05-12","09:31:22",0,"STABILIZE",12.927,43.25,559.09275,2.74825995107372,6.741,6741,87.6388888888889,NA,NA,NA,NA,16.8709495067596,-15.3922360539436,NA,NA,0.899999976158142,-13.8055973052979,-13.3371586758959,"NEDz",255.674474843553,0.148129180073738,1.56818177663919,1.77489660017747,0,13.8055973052979,0
845,"3",14.08,"2026-05-12","09:31:23",0,"STABILIZE",12.927,43.25,559.09275,2.74825995107372,6.741,6741,87.6388888888889,NA,NA,NA,NA,16.8709495067596,-15.3922360539436,NA,NA,0.899999976158142,-13.8055973052979,-13.33715185095,"NEDz",255.674474843553,0.148129180073738,1.56818177663919,1.77489660017747,0,13.8055973052979,0
846,"3",14.1,"2026-05-12","09:31:24",0,"STABILIZE",12.927,43.25,559.09275,2.74825995107372,6.741,6741,87.6388888888889,NA,NA,NA,NA,16.8709495067596,-15.3922360539436,NA,NA,0.899999976158142,-13.8055973052979,-13.3371449692399,"NEDz",255.674474843553,0.148129180073738,1.56818177663919,1.77489660017747,0,13.8055973052979,0
847,"3",14.12,"2026-05-12","09:31:25",0,"STABILIZE",12.927,43.25,559.09275,2.74825995107372,6.741,6741,87.6388888888889,NA,NA,NA,NA,16.8709495067596,-15.3922360539436,NA,NA,0.899999976158142,-13.8055973052979,-13.3371378811517,"NEDz",255.674474843553,0.148129180073738,1.56818177663919,1.77489660017747,0,13.8055973052979,0
848,"3",14.13,"2026-05-12","09:31:26",0,"STABILIZE",12.927,43.25,559.09275,2.74825995107372,6.741,6741,87.6388888888889,NA,NA,NA,NA,16.8709495067596,-15.3922360539436,NA,NA,0.899999976158142,-13.8055973052979,-13.3371304370718,"NEDz",255.674474843553,0.148129180073738,1.56818177663919,1.77489660017747,0,13.8055973052979,0
849,"3",14.15,"2026-05-12","09:31:27",0,"STABILIZE",12.927,43.25,559.09275,2.74825995107372,6.741,6741,87.6388888888889,NA,NA,NA,NA,16.8709495067596,-15.3922360539436,NA,NA,0.899999976158142,-13.8055973052979,-13.3371224873864,"NEDz",255.674474843553,0.148129180073738,1.56818177663919,1.77489660017747,0,13.8055973052979,0
850,"3",14.17,"2026-05-12","09:31:28",0,"STABILIZE",12.927,43.25,559.09275,2.74825995107372,6.741,6741,87.6388888888889,NA,NA,NA,NA,16.8709495067596,-15.3922360539436,NA,NA,0.899999976158142,-13.8055973052979,-13.337113882482,"NEDz",255.674474843553,0.148129180073738,1.56818177663919,1.77489660017747,0,13.8055973052979,0
851,"3",14.18,"2026-05-12","09:31:29",0,"STABILIZE",12.927,43.25,559.09275,2.74825995107372,6.741,6741,87.6388888888889,NA,NA,NA,NA,16.8709495067596,-15.3922360539436,NA,NA,0.899999976158142,-13.8055973052979,-13.3371044727446,"NEDz",255.674474843553,0.148129180073738,1.56818177663919,1.77489660017747,0,13.8055973052979,0
852,"3",14.2,"2026-05-12","09:31:30",0,"STABILIZE",12.927,43.25,559.09275,2.74825995107372,6.741,6741,87.6388888888889,NA,NA,NA,NA,16.8709495067596,-15.3922360539436,NA,NA,0.899999976158142,-13.8055973052979,-13.3370941085608,"NEDz",255.674474843553,0.148129180073738,1.56818177663919,1.77489660017747,0,13.8055973052979,0
853,"3",14.22,"2026-05-12","09:31:31",0,"STABILIZE",12.927,43.25,559.09275,2.74825995107372,6.741,6741,87.6388888888889,NA,NA,NA,NA,16.8709495067596,-15.3922360539436,NA,NA,0.899999976158142,-13.8055973052979,-13.3370826403167,"NEDz",255.674474843553,0.148129180073738,1.56818177663919,1.77489660017747,0,13.8055973052979,0
854,"0",14.23,"2026-05-12","09:31:32",0,"STABILIZE",12.927,43.25,559.09275,2.74825995107372,6.741,6741,87.6388888888889,NA,NA,NA,NA,16.8709495067596,-15.3922360539436,NA,NA,0.899999976158142,-13.8055973052979,-13.3370699183987,"NEDz",255.674474843553,0.148129180073738,1.56818177663919,1.77489660017747,0,13.8055973052979,0
855,"0",14.25,"2026-05-12","09:31:33",0,"STABILIZE",12.927,43.25,559.09275,2.74825995107372,6.741,6741,87.6388888888889,NA,NA,NA,NA,16.8709495067596,-15.3922360539436,NA,NA,0.899999976158142,-13.8055973052979,-13.337055793193,"NEDz",255.674474843553,0.148129180073738,1.56818177663919,1.77489660017747,0,13.8055973052979,0
856,"0",14.27,"2026-05-12","09:31:34",0,"STABILIZE",12.927,43.25,559.09275,2.74825995107372,6.741,6741,87.6388888888889,NA,NA,NA,NA,16.8709495067596,-15.3922360539436,NA,NA,0.899999976158142,-13.8055973052979,-13.3370401150861,"NEDz",255.674474843553,0.136577442288399,1.56818177663919,1.77489660017747,0,13.8055973052979,0
857,"0",14.28,"2026-05-12","09:31:35",0,"STABILIZE",12.927,43.25,559.09275,2.74825995107372,6.741,6741,87.6388888888889,NA,NA,NA,NA,16.8709495067596,-15.3922360539436,NA,NA,0.899999976158142,-13.8055973052979,-13.337022734464,"NEDz",255.674474843553,0.125025704503059,1.56818177663919,1.77489660017747,0,13.8055973052979,0
858,"0",14.3,"2026-05-12","09:31:36",0,"STABILIZE",12.927,43.25,559.09275,2.74825995107372,6.741,6741,87.6388888888889,NA,NA,NA,NA,16.8709495067596,-15.3922360539436,NA,NA,0.899999976158142,-13.8055973052979,-13.3370035017133,"NEDz",255.674474843553,0.125025704503059,1.56818177663919,1.77489660017747,0,13.8055973052979,0
859,"0",14.32,"2026-05-12","09:31:37",0,"STABILIZE",12.927,43.25,559.09275,2.74825995107372,6.741,6741,87.6388888888889,NA,NA,NA,NA,16.8709495067596,-15.3922360539436,NA,NA,0.899999976158142,-13.8055973052979,-13.3369822672201,"NEDz",255.674474843553,0.125025704503059,1.56818177663919,1.77489660017747,0,13.8055973052979,0
860,"0",14.33,"2026-05-12","09:31:38",0,"STABILIZE",12.927,43.25,559.09275,2.74825995107372,6.741,6741,87.6388888888889,NA,NA,NA,NA,18.1365821361542,-31.1525691151619,NA,NA,0.899999976158142,-16.3103466033936,-15.8417081794665,"NEDz",255.674474843553,0.125025704503059,1.56818177663919,1.77489660017747,15.8110696713764,16.3103466033936,0
861,"0",14.35,"2026-05-12","09:31:39",0,"STABILIZE",12.927,43.25,559.09275,2.74825995107372,6.741,6741,87.6388888888889,NA,NA,NA,NA,18.1365821361542,-31.1525691151619,NA,NA,0.899999976158142,-16.3103466033936,-15.8416824926474,"NEDz",255.674474843553,0.125025704503059,1.56818177663919,1.77489660017747,0,16.3103466033936,0
862,"0",14.37,"2026-05-12","09:31:40",0,"STABILIZE",12.927,43.25,559.09275,2.74825995107372,6.741,6741,87.6388888888889,NA,NA,NA,NA,18.1365821361542,-31.1525691151619,NA,NA,0.899999976158142,-16.3103466033936,-15.8416543552447,"NEDz",255.674474843553,0.125025704503059,1.56818177663919,1.77489660017747,0,16.3103466033936,0
863,"0",14.38,"2026-05-12","09:31:41",0,"STABILIZE",12.927,43.25,559.09275,2.74825995107372,6.741,6741,87.6388888888889,NA,NA,NA,NA,18.1365821361542,-31.1525691151619,NA,NA,0.899999976158142,-16.3103466033936,-15.8416236176448,"NEDz",255.674474843553,0.125025704503059,1.56818177663919,1.77489660017747,0,16.3103466033936,0
864,"0",14.4,"2026-05-12","09:31:42",0,"STABILIZE",12.927,43.25,559.09275,2.74825995107372,6.741,6741,87.6388888888889,NA,NA,NA,NA,18.1365821361542,-31.1525691151619,NA,NA,0.899999976158142,-16.3103466033936,-15.8415901302339,"NEDz",255.674474843553,0.125025704503059,1.56818177663919,1.77489660017747,0,16.3103466033936,0
865,"0",14.42,"2026-05-12","09:31:43",0,"STABILIZE",12.927,43.25,559.09275,2.74825995107372,6.741,6741,87.6388888888889,NA,NA,NA,NA,18.1365821361542,-31.1525691151619,NA,NA,0.899999976158142,-16.3103466033936,-15.8415537433985,"NEDz",255.674474843553,0.125025704503059,1.56818177663919,1.77489660017747,0,16.3103466033936,0
866,"0",14.43,"2026-05-12","09:31:44",0,"STABILIZE",12.927,43.25,559.09275,2.74825995107372,6.741,6741,87.6388888888889,NA,NA,NA,NA,18.1365821361542,-31.1525691151619,NA,NA,0.899999976158142,-16.3103466033936,-15.8415143075247,"NEDz",255.674474843553,0.125025704503059,1.56818177663919,1.77489660017747,0,16.3103466033936,0
867,"0",14.45,"2026-05-12","09:31:45",0,"STABILIZE",12.927,43.25,559.09275,2.74825995107372,6.741,6741,87.6388888888889,NA,NA,NA,NA,18.1365821361542,-31.1525691151619,NA,NA,0.899999976158142,-16.3103466033936,-15.8414716729988,"NEDz",255.674474843553,0.125025704503059,1.56818177663919,1.77489660017747,0,16.3103466033936,0
868,"0",14.47,"2026-05-12","09:31:46",0,"STABILIZE",12.927,43.25,559.09275,2.74825995107372,6.741,6741,87.6388888888889,NA,NA,NA,NA,18.1365821361542,-31.1525691151619,NA,NA,0.899999976158142,-16.3103466033936,-15.8414256902073,"NEDz",255.674474843553,0.125025704503059,1.56818177663919,1.77489660017747,0,16.3103466033936,0
869,"0",14.48,"2026-05-12","09:31:47",0,"STABILIZE",12.927,43.25,559.09275,2.74825995107372,6.741,6741,87.6388888888889,NA,NA,NA,NA,18.1365821361542,-31.1525691151619,NA,NA,0.899999976158142,-16.3103466033936,-15.8413762095363,"NEDz",255.674474843553,0.125025704503059,1.56818177663919,1.77489660017747,0,16.3103466033936,0
870,"0",14.5,"2026-05-12","09:31:48",0,"STABILIZE",12.927,43.25,559.09275,2.74825995107372,6.741,6741,87.6388888888889,NA,NA,NA,NA,18.1365821361542,-31.1525691151619,NA,NA,0.899999976158142,-16.3103466033936,-15.8413230813722,"NEDz",255.674474843553,0.125025704503059,1.56818177663919,1.77489660017747,0,16.3103466033936,0
871,"0",14.52,"2026-05-12","09:31:49",0,"STABILIZE",12.927,43.25,559.09275,2.74825995107372,6.741,6741,87.6388888888889,NA,NA,NA,NA,18.1365821361542,-31.1525691151619,NA,NA,0.899999976158142,-16.3103466033936,-15.8412661561012,"NEDz",255.674474843553,0.125025704503059,1.56818177663919,1.77489660017747,0,16.3103466033936,0
872,"0",14.53,"2026-05-12","09:31:50",0,"STABILIZE",12.927,43.25,559.09275,2.74825995107372,6.741,6741,87.6388888888889,NA,NA,NA,NA,18.1365821361542,-31.1525691151619,NA,NA,0.899999976158142,-16.3103466033936,-15.8412052841097,"NEDz",255.674474843553,0.125025704503059,1.56818177663919,1.77489660017747,0,16.3103466033936,0
873,"0",14.55,"2026-05-12","09:31:51",0,"STABILIZE",12.927,43.25,559.09275,2.74825995107372,6.741,6741,87.6388888888889,NA,NA,NA,NA,18.1365821361542,-31.1525691151619,NA,NA,0.899999976158142,-16.3103466033936,-15.841140315784,"NEDz",255.674474843553,0.125025704503059,1.56818177663919,1.77489660017747,0,16.3103466033936,0
874,"0",14.57,"2026-05-12","09:31:52",0,"STABILIZE",12.927,43.25,559.09275,2.74825995107372,6.741,6741,87.6388888888889,NA,NA,NA,NA,18.1365821361542,-31.1525691151619,NA,NA,0.899999976158142,-16.3103466033936,-15.8410711015104,"NEDz",255.674474843553,0.125025704503059,1.56818177663919,1.77489660017747,0,16.3103466033936,0
875,"0",14.58,"2026-05-12","09:31:53",0,"STABILIZE",12.927,43.25,559.09275,2.74825995107372,6.741,6741,87.6388888888889,NA,NA,NA,NA,18.1365821361542,-31.1525691151619,NA,NA,0.899999976158142,-16.3103466033936,-15.8409974916751,"NEDz",255.674474843553,0.125025704503059,1.56818177663919,1.77489660017747,0,16.3103466033936,0
876,"0",14.6,"2026-05-12","09:31:54",0,"STABILIZE",12.927,43.25,559.09275,2.74825995107372,6.741,6741,87.6388888888889,NA,NA,NA,NA,18.1365821361542,-31.1525691151619,NA,NA,0.899999976158142,-16.3103466033936,-15.8409193366645,"NEDz",255.674474843553,0.125025704503059,1.56818177663919,1.77489660017747,0,16.3103466033936,0
877,"0",14.62,"2026-05-12","09:31:55",0,"STABILIZE",12.927,43.25,559.09275,2.74825995107372,6.741,6741,87.6388888888889,NA,NA,NA,NA,18.1365821361542,-31.1525691151619,NA,NA,0.899999976158142,-16.3103466033936,-15.8408364868648,"NEDz",255.674474843553,0.125025704503059,1.56818177663919,1.77489660017747,0,16.3103466033936,0
878,"0",14.63,"2026-05-12","09:31:56",0,"STABILIZE",12.927,43.25,559.09275,2.74825995107372,6.741,6741,87.6388888888889,NA,NA,NA,NA,18.1365821361542,-31.1525691151619,NA,NA,0.899999976158142,-16.3103466033936,-15.8407487926625,"NEDz",255.674474843553,0.125025704503059,1.56818177663919,1.77489660017747,0,16.3103466033936,0
879,"0",14.65,"2026-05-12","09:31:57",0,"STABILIZE",12.927,43.25,559.09275,2.74825995107372,6.741,6741,87.6388888888889,NA,NA,NA,NA,18.1365821361542,-31.1525691151619,NA,NA,0.699999988079071,-16.3103466033936,-15.6406561163646,"NEDz",255.674474843553,0.125025704503059,1.21969694892565,1.16135211092436,0,16.3103466033936,0
880,"0",14.67,"2026-05-12","09:31:58",0,"STABILIZE",12.927,43.25,559.09275,2.74825995107372,6.741,6741,87.6388888888889,NA,NA,NA,NA,18.1365821361542,-31.1525691151619,NA,NA,0.5,-16.3103466033936,-15.4405582964366,"NEDz",255.674474843553,0.125025704503059,0.871212121212121,0.547807621671258,0,16.3103466033936,0
881,"0",14.68,"2026-05-12","09:31:59",0,"STABILIZE",12.927,43.25,559.09275,2.74825995107372,6.741,6741,87.6388888888889,NA,NA,NA,NA,18.1365821361542,-31.1525691151619,NA,NA,0.5,-16.3103466033936,-15.4404551713438,"NEDz",255.674474843553,0.0904597621411085,0.871212121212121,0.547807621671258,0,16.3103466033936,0
882,"0",14.7,"2026-05-12","09:32:00",0,"STABILIZE",12.927,43.25,559.09275,2.74825995107372,6.741,6741,87.6388888888889,NA,NA,NA,NA,18.1365821361542,-31.1525691151619,NA,NA,0.5,-16.3103466033936,-15.4403466033936,"NEDz",255.674474843553,0.0558938197791576,0.871212121212121,0.547807621671258,0,16.3103466033936,0
883,"0",14.72,"2026-05-12","09:32:01",0,"STABILIZE",12.927,43.25,559.09275,2.74825995107372,6.741,6741,87.6388888888889,NA,NA,NA,NA,18.1365821361542,-31.1525691151619,NA,NA,0.5,-16.3103466033936,-15.4402324991429,"NEDz",255.674474843553,0.0558938197791576,0.871212121212121,0.547807621671258,0,16.3103466033936,0
884,"0",14.73,"2026-05-12","09:32:02",0,"STABILIZE",12.927,43.25,559.09275,2.74825995107372,6.741,6741,87.6388888888889,NA,NA,NA,NA,18.1365821361542,-31.1525691151619,NA,NA,0.5,-16.3103466033936,-15.4401129898321,"NEDz",255.674474843553,0.0558938197791576,0.871212121212121,0.547807621671258,0,16.3103466033936,0
885,"0",14.75,"2026-05-12","09:32:03",0,"STABILIZE",12.927,43.25,559.09275,2.74825995107372,6.741,6741,87.6388888888889,NA,NA,NA,NA,18.1365821361542,-31.1525691151619,NA,NA,0.399999991059303,-16.3103466033936,-15.3399882539319,"NEDz",255.674474843553,0.0558938197791576,0.69696968139121,0.372509170981779,0,16.3103466033936,0
886,"0",14.77,"2026-05-12","09:32:04",0,"STABILIZE",12.927,43.25,559.09275,2.74825995107372,6.741,6741,87.6388888888889,NA,NA,NA,NA,18.1365821361542,-31.1525691151619,NA,NA,0.299999982118607,-16.3103466033936,-15.239858487794,"NEDz",255.674474843553,0.0558938197791576,0.522727241570299,0.197210720292301,0,16.3103466033936,0
887,"0",14.78,"2026-05-12","09:32:05",0,"STABILIZE",12.927,43.25,559.09275,2.74825995107372,6.741,6741,87.6388888888889,NA,NA,NA,NA,18.1365821361542,-31.1525691151619,NA,NA,0.299999982118607,-16.3103466033936,-15.2397238877704,"NEDz",255.674474843553,0.0558938197791576,0.522727241570299,0.197210720292301,0,16.3103466033936,0
888,"0",14.8,"2026-05-12","09:32:06",0,"STABILIZE",12.927,43.25,559.09275,2.74825995107372,6.741,6741,87.6388888888889,NA,NA,NA,NA,18.1365821361542,-31.1525691151619,NA,NA,0.299999982118607,-16.3103466033936,-15.2395846323315,"NEDz",255.674474843553,0.0558938197791576,0.522727241570299,0.197210720292301,0,16.3103466033936,0
889,"0",14.82,"2026-05-12","09:32:07",0,"STABILIZE",12.927,43.25,559.09275,2.74825995107372,6.741,6741,87.6388888888889,NA,NA,NA,NA,18.1365821361542,-31.1525691151619,NA,NA,0.299999982118607,-16.3103466033936,-15.2394409088887,"NEDz",255.674474843553,0.0558938197791576,0.522727241570299,0.197210720292301,0,16.3103466033936,0
890,"0",14.83,"2026-05-12","09:32:08",0,"STABILIZE",12.927,43.25,559.09275,2.74825995107372,6.741,6741,87.6388888888889,NA,NA,NA,NA,18.1365821361542,-31.1525691151619,NA,NA,0.299999982118607,-16.3103466033936,-15.239292904853,"NEDz",255.674474843553,0.0558938197791576,0.522727241570299,0.197210720292301,0,16.3103466033936,0
891,"0",14.85,"2026-05-12","09:32:09",0,"STABILIZE",12.927,43.25,559.09275,2.74825995107372,6.741,6741,87.6388888888889,NA,NA,NA,NA,18.1365821361542,-31.1525691151619,NA,NA,0.299999982118607,-16.3103466033936,-15.2391408076357,"NEDz",255.674474843553,0.0558938197791576,0.522727241570299,0.197210720292301,0,16.3103466033936,0
892,"0",14.87,"2026-05-12","09:32:10",0,"STABILIZE",12.927,43.25,559.09275,2.74825995107372,6.741,6741,87.6388888888889,NA,NA,NA,NA,18.1365821361542,-31.1525691151619,NA,NA,0.299999982118607,-16.3103466033936,-15.238984804648,"NEDz",255.674474843553,0.0558938197791576,0.522727241570299,0.197210720292301,0,16.3103466033936,0
893,"0",14.88,"2026-05-12","09:32:11",0,"STABILIZE",12.927,43.25,559.09275,2.74825995107372,6.741,6741,87.6388888888889,NA,NA,NA,NA,18.1365821361542,-31.1525691151619,NA,NA,0.299999982118607,-16.3103466033936,-15.238825083301,"NEDz",255.674474843553,0.0558938197791576,0.522727241570299,0.197210720292301,0,16.3103466033936,0
894,"0",14.9,"2026-05-12","09:32:12",0,"STABILIZE",12.927,43.25,559.09275,2.74825995107372,6.741,6741,87.6388888888889,NA,NA,NA,NA,18.1365821361542,-31.1525691151619,NA,NA,0.299999982118607,-16.3103466033936,-15.2386618310061,"NEDz",255.674474843553,0.0558938197791576,0.522727241570299,0.197210720292301,0,16.3103466033936,0
895,"0",14.92,"2026-05-12","09:32:13",0,"STABILIZE",12.927,43.25,559.09275,2.74825995107372,8.895,8895,115.5,NA,NA,NA,NA,18.1365821361542,-31.1525691151619,NA,NA,0.299999982118607,-16.3103466033936,-15.2384952351743,"NEDz",255.674474843553,0.0558938197791576,0.522727241570299,0.197210720292301,0,16.3103466033936,0
896,"0",14.93,"2026-05-12","09:32:14",0,"STABILIZE",12.927,43.25,559.09275,2.74825995107372,8.895,8895,115.5,NA,NA,NA,NA,18.1365821361542,-31.1525691151619,NA,NA,0.299999982118607,-16.3103466033936,-15.2383254832169,"NEDz",255.674474843553,0.0558938197791576,0.522727241570299,0.197210720292301,0,16.3103466033936,0
897,"0",14.95,"2026-05-12","09:32:15",0,"STABILIZE",12.9675,41.165,533.722695,2.72812861706107,8.895,8895,115.5,NA,NA,NA,NA,18.1365821361542,-31.1525691151619,NA,NA,0.299999982118607,-16.3103466033936,-15.238152762545,"NEDz",255.674474843553,0.0558938197791576,0.522727241570299,0.197210720292301,0,16.3103466033936,0
898,"0",14.97,"2026-05-12","09:32:16",0,"STABILIZE",13.008,39.08,508.35264,2.70701856147005,8.895,8895,115.5,NA,NA,NA,NA,18.1365821361542,-31.1525691151619,NA,NA,0.299999982118607,-16.3103466033936,-15.23797726057,"NEDz",255.674474843553,0.0558938197791576,0.522727241570299,0.197210720292301,0,16.3103466033936,0
899,"0",14.98,"2026-05-12","09:32:17",0,"STABILIZE",13.008,39.08,508.35264,2.70701856147005,8.895,8895,115.5,NA,NA,NA,NA,18.1365821361542,-31.1525691151619,NA,NA,0.299999982118607,-16.3103466033936,-15.2377991647029,"NEDz",255.674474843553,0.0558938197791576,0.522727241570299,0.197210720292301,0,16.3103466033936,0
900,"0",15,"2026-05-12","09:32:18",0,"STABILIZE",13.008,39.08,508.35264,2.70701856147005,8.895,8895,115.5,NA,NA,NA,NA,18.1365821361542,-31.1525691151619,NA,NA,0.299999982118607,-16.3103466033936,-15.2376186623551,"NEDz",255.674474843553,0.0558938197791576,0.522727241570299,0.197210720292301,0,16.3103466033936,0
901,"0",15.02,"2026-05-12","09:32:19",0,"STABILIZE",13.008,39.08,508.35264,2.70701856147005,8.895,8895,115.5,NA,NA,NA,NA,18.1365821361542,-31.1525691151619,NA,NA,1.07499994337559,-16.3103466033936,-16.0124359021946,"NEDz",255.674474843553,0.0558938197791576,1.87310596194231,3.84834814388768,0,16.3103466033936,0
902,"0",15.03,"2026-05-12","09:32:20",0,"STABILIZE",13.008,39.08,508.35264,2.70701856147005,8.895,8895,115.5,NA,NA,NA,NA,18.1365821361542,-31.1525691151619,NA,NA,1.84999990463257,-16.3103466033936,-16.7872511103756,"NEDz",255.674474843553,0.0558938197791576,3.22348468231432,7.49948556748305,0,16.3103466033936,0
903,"0",15.05,"2026-05-12","09:32:21",0,"STABILIZE",13.008,39.08,508.35264,2.70701856147005,8.895,8895,115.5,NA,NA,NA,NA,18.1365821361542,-31.1525691151619,NA,NA,1.84999990463257,-16.3103466033936,-16.7870645130525,"NEDz",255.674474843553,0.0558938197791576,3.22348468231432,7.49948556748305,0,16.3103466033936,0
904,"0",15.07,"2026-05-12","09:32:22",0,"STABILIZE",13.008,39.08,508.35264,2.70701856147005,8.895,8895,115.5,NA,NA,NA,NA,18.1365821361542,-31.1525691151619,NA,NA,1.84999990463257,-16.3103466033936,-16.7868762588934,"NEDz",255.674474843553,0.0558938197791576,3.22348468231432,7.49948556748305,0,16.3103466033936,0
905,"0",15.08,"2026-05-12","09:32:23",0,"STABILIZE",13.008,39.08,508.35264,2.70701856147005,8.895,8895,115.5,NA,NA,NA,NA,18.1365821361542,-31.1525691151619,NA,NA,1.84999990463257,-16.3103466033936,-16.7866865353095,"NEDz",255.674474843553,0.0558938197791576,3.22348468231432,7.49948556748305,0,16.3103466033936,0
906,"0",15.1,"2026-05-12","09:32:24",0,"STABILIZE",13.008,39.08,508.35264,2.70701856147005,8.895,8895,115.5,NA,NA,NA,NA,18.1365821361542,-31.1525691151619,NA,NA,1.84999990463257,-16.3103466033936,-16.7864955297119,"NEDz",255.674474843553,0.0558938197791576,3.22348468231432,7.49948556748305,0,16.3103466033936,0
907,"0",15.12,"2026-05-12","09:32:25",0,"STABILIZE",13.008,39.08,508.35264,2.70701856147005,8.895,8895,115.5,NA,NA,NA,NA,18.1365821361542,-31.1525691151619,NA,NA,1.84999990463257,-16.3103466033936,-16.786303429512,"NEDz",255.674474843553,0.0558938197791576,3.22348468231432,7.49948556748305,0,16.3103466033936,0
908,"0",15.13,"2026-05-12","09:32:26",0,"STABILIZE",13.008,39.08,508.35264,2.70701856147005,8.895,8895,115.5,NA,NA,NA,NA,18.1365821361542,-31.1525691151619,NA,NA,1.84999990463257,-16.3103466033936,-16.7861104221208,"NEDz",255.674474843553,0.0558938197791576,3.22348468231432,7.49948556748305,0,16.3103466033936,0
909,"0",15.15,"2026-05-12","09:32:27",0,"STABILIZE",13.008,39.08,508.35264,2.70701856147005,8.895,8895,115.5,NA,NA,NA,NA,18.1365821361542,-31.1525691151619,NA,NA,1.84999990463257,-16.3103466033936,-16.7859166949496,"NEDz",255.674474843553,0.0558938197791576,3.22348468231432,7.49948556748305,0,16.3103466033936,0
910,"0",15.17,"2026-05-12","09:32:28",0,"STABILIZE",13.008,39.08,508.35264,2.70701856147005,8.895,8895,115.5,NA,NA,NA,NA,18.1365821361542,-31.1525691151619,NA,NA,1.84999990463257,-16.3103466033936,-16.7857224354096,"NEDz",255.674474843553,0.0558938197791576,3.22348468231432,7.49948556748305,0,16.3103466033936,0
911,"0",15.18,"2026-05-12","09:32:29",0,"STABILIZE",13.008,39.08,508.35264,2.70701856147005,8.895,8895,115.5,NA,NA,NA,NA,18.1365821361542,-31.1525691151619,NA,NA,1.84999990463257,-16.3103466033936,-16.7855278309121,"NEDz",255.674474843553,0.0558938197791576,3.22348468231432,7.49948556748305,0,16.3103466033936,0
912,"0",15.2,"2026-05-12","09:32:30",0,"STABILIZE",13.008,39.08,508.35264,2.70701856147005,8.895,8895,115.5,NA,NA,NA,NA,18.1365821361542,-31.1525691151619,NA,NA,1.84999990463257,-16.3103466033936,-16.7853330688681,"NEDz",255.674474843553,0.0558938197791576,3.22348468231432,7.49948556748305,0,16.3103466033936,0
913,"0",15.22,"2026-05-12","09:32:31",0,"STABILIZE",13.008,39.08,508.35264,2.70701856147005,8.895,8895,115.5,NA,NA,NA,NA,18.1365821361542,-31.1525691151619,NA,NA,1.84999990463257,-16.3103466033936,-16.7851383366889,"NEDz",255.674474843553,0.0558938197791576,3.22348468231432,7.49948556748305,0,16.3103466033936,0
914,"0",15.23,"2026-05-12","09:32:32",0,"STABILIZE",13.008,39.08,508.35264,2.70701856147005,8.895,8895,115.5,NA,NA,NA,NA,18.1365821361542,-31.1525691151619,NA,NA,1.84999990463257,-16.3103466033936,-16.7849438217857,"NEDz",255.674474843553,0.0558938197791576,3.22348468231432,7.49948556748305,0,16.3103466033936,0
915,"0",15.25,"2026-05-12","09:32:33",0,"STABILIZE",13.008,39.08,508.35264,2.70701856147005,8.895,8895,115.5,NA,NA,NA,NA,18.1365821361542,-31.1525691151619,NA,NA,1.84999990463257,-16.3103466033936,-16.7847497115697,"NEDz",255.674474843553,0.0558938197791576,3.22348468231432,7.49948556748305,0,16.3103466033936,0
916,"0",15.27,"2026-05-12","09:32:34",0,"STABILIZE",13.008,39.08,508.35264,2.70701856147005,8.895,8895,115.5,NA,NA,NA,NA,18.1365821361542,-31.1525691151619,NA,NA,1.84999990463257,-16.3103466033936,-16.7845561934521,"NEDz",255.674474843553,0.0558938197791576,3.22348468231432,7.49948556748305,0,16.3103466033936,0
917,"0",15.28,"2026-05-12","09:32:35",0,"STABILIZE",13.008,39.08,508.35264,2.70701856147005,8.895,8895,115.5,NA,NA,NA,NA,18.1365821361542,-31.1525691151619,NA,NA,1.84999990463257,-16.3103466033936,-16.7843634548441,"NEDz",255.674474843553,0.0558938197791576,3.22348468231432,7.49948556748305,0,16.3103466033936,0
918,"0",15.3,"2026-05-12","09:32:36",0,"STABILIZE",13.008,39.08,508.35264,2.70701856147005,8.895,8895,115.5,NA,NA,NA,NA,18.1365821361542,-31.1525691151619,NA,NA,1.84999990463257,-16.3103466033936,-16.7841716831569,"NEDz",255.674474843553,0.0558938197791576,3.22348468231432,7.49948556748305,0,16.3103466033936,0
919,"0",15.32,"2026-05-12","09:32:37",0,"STABILIZE",13.008,39.08,508.35264,2.70701856147005,8.895,8895,115.5,NA,NA,NA,NA,18.1365821361542,-31.1525691151619,NA,NA,1.84999990463257,-16.3103466033936,-16.7839810658017,"NEDz",255.674474843553,0.0558938197791576,3.22348468231432,7.49948556748305,0,16.3103466033936,0
920,"0",15.33,"2026-05-12","09:32:38",0,"STABILIZE",13.008,39.08,508.35264,2.70701856147005,8.895,8895,115.5,NA,NA,NA,NA,18.1365821361542,-31.1525691151619,NA,NA,1.84999990463257,-16.3103466033936,-16.7837917901897,"NEDz",255.674474843553,0.0558938197791576,3.22348468231432,7.49948556748305,0,16.3103466033936,0
921,"0",15.35,"2026-05-12","09:32:39",0,"STABILIZE",13.008,39.08,508.35264,2.70701856147005,8.895,8895,115.5,NA,NA,NA,NA,18.1365821361542,-31.1525691151619,NA,NA,1.84999990463257,-16.3103466033936,-16.7836040437321,"NEDz",255.674474843553,0.0558938197791576,3.22348468231432,7.49948556748305,0,16.3103466033936,0
922,"0",15.37,"2026-05-12","09:32:40",0,"STABILIZE",13.008,39.08,508.35264,2.70701856147005,8.895,8895,115.5,NA,NA,NA,NA,18.1365821361542,-31.1525691151619,NA,NA,1.84999990463257,-16.3103466033936,-16.7834180138401,"NEDz",255.674474843553,0.0558938197791576,3.22348468231432,7.49948556748305,0,16.3103466033936,0
923,"0",15.38,"2026-05-12","09:32:41",0,"STABILIZE",13.008,39.08,508.35264,2.70701856147005,8.895,8895,115.5,NA,NA,NA,NA,18.1365821361542,-31.1525691151619,NA,NA,1.84999990463257,-16.3103466033936,-16.7832338879249,"NEDz",255.674474843553,0.0558938197791576,3.22348468231432,7.49948556748305,0,16.3103466033936,0
924,"0",15.4,"2026-05-12","09:32:42",0,"STABILIZE",13.008,39.08,508.35264,2.70701856147005,8.895,8895,115.5,NA,NA,NA,NA,18.1365821361542,-31.1525691151619,NA,NA,1.84999990463257,-16.3103466033936,-16.7830518533977,"NEDz",255.674474843553,0.0558938197791576,3.22348468231432,7.49948556748305,0,16.3103466033936,0
925,"0",15.42,"2026-05-12","09:32:43",0,"STABILIZE",13.008,39.08,508.35264,2.70701856147005,8.895,8895,115.5,NA,NA,NA,NA,18.1365821361542,-31.1525691151619,NA,NA,1.84999990463257,-16.3103466033936,-16.7828720976697,"NEDz",255.674474843553,0.0558938197791576,3.22348468231432,7.49948556748305,0,16.3103466033936,0
926,"0",15.43,"2026-05-12","09:32:44",0,"STABILIZE",13.008,39.08,508.35264,2.70701856147005,8.895,8895,115.5,NA,NA,NA,NA,18.1365821361542,-31.1525691151619,NA,NA,1.84999990463257,-16.3103466033936,-16.7826948081521,"NEDz",255.674474843553,0.0558938197791576,3.22348468231432,7.49948556748305,0,16.3103466033936,0
927,"0",15.45,"2026-05-12","09:32:45",0,"STABILIZE",13.008,39.08,508.35264,2.70701856147005,8.895,8895,115.5,NA,NA,NA,NA,18.1365821361542,-31.1525691151619,NA,NA,1.84999990463257,-16.3103466033936,-16.7825201722562,"NEDz",255.674474843553,0.0558938197791576,3.22348468231432,7.49948556748305,0,16.3103466033936,0
928,"0",15.47,"2026-05-12","09:32:46",0,"STABILIZE",13.008,39.08,508.35264,2.70701856147005,8.895,8895,115.5,NA,NA,NA,NA,18.1365821361542,-31.1525691151619,NA,NA,1.84999990463257,-16.3103466033936,-16.782348377393,"NEDz",202.480604596424,0.0558938197791576,3.22348468231432,7.49948556748305,0,16.3103466033936,0
929,"0",15.48,"2026-05-12","09:32:47",0,"STABILIZE",13.008,39.08,508.35264,2.70701856147005,8.895,8895,115.5,NA,NA,NA,NA,18.1365821361542,-31.1525691151619,NA,NA,1.84999990463257,-16.3103466033936,-16.7821796109739,"NEDz",149.286734349295,0.0558938197791576,3.22348468231432,7.49948556748305,0,16.3103466033936,0
930,"0",15.5,"2026-05-12","09:32:48",0,"STABILIZE",13.008,39.08,508.35264,2.70701856147005,8.895,8895,115.5,NA,NA,NA,NA,18.1365821361542,-31.1525691151619,NA,NA,1.84999990463257,-16.3103466033936,-16.7820140604099,"NEDz",149.286734349295,0.0558938197791576,3.22348468231432,7.49948556748305,0,16.3103466033936,0
931,"0",15.52,"2026-05-12","09:32:49",0,"STABILIZE",13.008,39.08,508.35264,2.70701856147005,8.895,8895,115.5,NA,NA,NA,NA,18.1365821361542,-31.1525691151619,NA,NA,1.84999990463257,-16.3103466033936,-16.7818519131124,"NEDz",149.286734349295,0.0558938197791576,3.22348468231432,7.49948556748305,0,16.3103466033936,0
932,"0",15.53,"2026-05-12","09:32:50",0,"STABILIZE",13.008,39.08,508.35264,2.70701856147005,8.895,8895,115.5,NA,NA,NA,NA,18.1365821361542,-31.1525691151619,NA,NA,1.84999990463257,-16.3103466033936,-16.7816933564925,"NEDz",149.286734349295,0.0558938197791576,3.22348468231432,7.49948556748305,0,16.3103466033936,0
933,"0",15.55,"2026-05-12","09:32:51",0,"STABILIZE",13.008,39.08,508.35264,2.70701856147005,8.895,8895,115.5,NA,NA,NA,NA,18.1365821361542,-31.1525691151619,NA,NA,1.84999990463257,-16.3103466033936,-16.7815385779614,"NEDz",149.286734349295,0.0558938197791576,3.22348468231432,7.49948556748305,0,16.3103466033936,0
934,"0",15.57,"2026-05-12","09:32:52",0,"STABILIZE",13.008,39.08,508.35264,2.70701856147005,8.895,8895,115.5,NA,NA,NA,NA,18.1365821361542,-31.1525691151619,NA,NA,1.84999990463257,-16.3103466033936,-16.7813877649303,"NEDz",149.286734349295,0.0558938197791576,3.22348468231432,7.49948556748305,0,16.3103466033936,0
935,"0",15.58,"2026-05-12","09:32:53",0,"STABILIZE",13.008,39.08,508.35264,2.70701856147005,8.895,8895,115.5,NA,NA,NA,NA,18.1365821361542,-31.1525691151619,NA,NA,1.84999990463257,-16.3103466033936,-16.7812411048104,"NEDz",149.286734349295,0.0558938197791576,3.22348468231432,7.49948556748305,0,16.3103466033936,0
936,"0",15.6,"2026-05-12","09:32:54",0,"STABILIZE",13.008,39.08,508.35264,2.70701856147005,8.895,8895,115.5,NA,NA,NA,NA,18.1365821361542,-31.1525691151619,NA,NA,1.84999990463257,-16.3103466033936,-16.7810987850129,"NEDz",149.286734349295,0.0558938197791576,3.22348468231432,7.49948556748305,0,16.3103466033936,0
937,"0",15.62,"2026-05-12","09:32:55",0,"STABILIZE",13.008,39.08,508.35264,2.70701856147005,8.895,8895,115.5,NA,NA,NA,NA,18.1365821361542,-31.1525691151619,NA,NA,1.84999990463257,-16.3103466033936,-16.7809609929491,"NEDz",149.286734349295,0.0558938197791576,3.22348468231432,7.49948556748305,0,16.3103466033936,0
938,"0",15.63,"2026-05-12","09:32:56",0,"STABILIZE",13.008,39.08,508.35264,2.70701856147005,8.895,8895,115.5,NA,NA,NA,NA,18.1365821361542,-31.1525691151619,NA,NA,1.84999990463257,-16.3103466033936,-16.7808279160301,"NEDz",149.286734349295,0.0558938197791576,3.22348468231432,7.49948556748305,0,16.3103466033936,0
939,"0",15.65,"2026-05-12","09:32:57",0,"STABILIZE",13.008,39.08,508.35264,2.70701856147005,8.895,8895,115.5,NA,NA,NA,NA,18.1365821361542,-31.1525691151619,NA,NA,1.84999990463257,-16.3103466033936,-16.780699741667,"NEDz",149.286734349295,0.0558938197791576,3.22348468231432,7.49948556748305,0,16.3103466033936,0
940,"0",15.67,"2026-05-12","09:32:58",0,"STABILIZE",13.008,39.08,508.35264,2.70701856147005,8.895,8895,115.5,NA,NA,NA,NA,18.1365821361542,-31.1525691151619,NA,NA,1.84999990463257,-16.3103466033936,-16.7805766572713,"NEDz",149.286734349295,0.0558938197791576,3.22348468231432,7.49948556748305,0,16.3103466033936,0
941,"0",15.68,"2026-05-12","09:32:59",0,"STABILIZE",13.008,39.08,508.35264,2.70701856147005,8.895,8895,115.5,NA,NA,NA,NA,18.1365821361542,-31.1525691151619,NA,NA,1.84999990463257,-16.3103466033936,-16.7804588502539,"NEDz",149.286734349295,0.0558938197791576,3.22348468231432,7.49948556748305,0,16.3103466033936,0
942,"0",15.7,"2026-05-12","09:33:00",0,"STABILIZE",13.008,39.08,508.35264,2.70701856147005,8.895,8895,115.5,NA,NA,NA,NA,18.1365821361542,-31.1525691151619,NA,NA,1.84999990463257,-16.3103466033936,-16.7803465080261,"NEDz",149.286734349295,0.0558938197791576,3.22348468231432,7.49948556748305,0,16.3103466033936,0
943,"0",15.72,"2026-05-12","09:33:01",0,"STABILIZE",13.008,39.08,508.35264,2.70701856147005,8.895,8895,115.5,NA,NA,NA,NA,18.1365821361542,-31.1525691151619,NA,NA,1.84999990463257,-16.3103466033936,-16.7802397608329,"NEDz",149.286734349295,0.0558938197791576,3.22348468231432,7.49948556748305,0,16.3103466033936,0
944,"0",15.73,"2026-05-12","09:33:02",0,"STABILIZE",13.008,39.08,508.35264,2.70701856147005,8.895,8895,115.5,NA,NA,NA,NA,18.1365821361542,-31.1525691151619,NA,NA,1.84999990463257,-16.3103466033936,-16.7801385102538,"NEDz",149.286734349295,0.0558938197791576,3.22348468231432,7.49948556748305,0,16.3103466033936,0
945,"0",15.75,"2026-05-12","09:33:03",0,"STABILIZE",13.008,39.08,508.35264,2.70701856147005,8.895,8895,115.5,NA,NA,NA,NA,18.1365821361542,-31.1525691151619,NA,NA,1.84999990463257,-16.3103466033936,-16.7800426007022,"NEDz",149.286734349295,0.0558938197791576,3.22348468231432,7.49948556748305,0,16.3103466033936,0
946,"0",15.77,"2026-05-12","09:33:04",0,"STABILIZE",13.008,39.08,508.35264,2.70701856147005,8.895,8895,115.5,NA,NA,NA,NA,18.1365821361542,-31.1525691151619,NA,NA,1.84999990463257,-16.3103466033936,-16.7799518765915,"NEDz",149.286734349295,0.0558938197791576,3.22348468231432,7.49948556748305,0,16.3103466033936,0
947,"0",15.78,"2026-05-12","09:33:05",0,"STABILIZE",13.008,39.08,508.35264,2.70701856147005,8.895,8895,115.5,NA,NA,NA,NA,18.1365821361542,-31.1525691151619,NA,NA,1.84999990463257,-16.3103466033936,-16.7798661823349,"NEDz",149.286734349295,0.0558938197791576,3.22348468231432,7.49948556748305,0,16.3103466033936,0
948,"0",15.8,"2026-05-12","09:33:06",0,"STABILIZE",13.008,39.08,508.35264,2.70701856147005,8.895,8895,115.5,NA,NA,NA,NA,18.1365821361542,-31.1525691151619,NA,NA,1.84999990463257,-16.3103466033936,-16.7797853623459,"NEDz",149.286734349295,0.0558938197791576,3.22348468231432,7.49948556748305,0,16.3103466033936,0
949,"0",15.82,"2026-05-12","09:33:07",0,"STABILIZE",13.008,39.08,508.35264,2.70701856147005,8.895,8895,115.5,NA,NA,NA,NA,18.1365821361542,-31.1525691151619,NA,NA,1.84999990463257,-16.3103466033936,-16.7797092610377,"NEDz",149.286734349295,0.0558938197791576,3.22348468231432,7.49948556748305,0,16.3103466033936,0
950,"0",15.83,"2026-05-12","09:33:08",0,"STABILIZE",13.008,39.08,508.35264,2.70701856147005,8.895,8895,115.5,NA,NA,NA,NA,18.1365821361542,-31.1525691151619,NA,NA,1.84999990463257,-16.3103466033936,-16.7796377228238,"NEDz",149.286734349295,0.0558938197791576,3.22348468231432,7.49948556748305,0,16.3103466033936,0
951,"0",15.85,"2026-05-12","09:33:09",0,"STABILIZE",13.008,39.08,508.35264,2.70701856147005,8.895,8895,115.5,NA,NA,NA,NA,18.1365821361542,-31.1525691151619,NA,NA,1.84999990463257,-16.3103466033936,-16.7795705921174,"NEDz",149.286734349295,0.0558938197791576,3.22348468231432,7.49948556748305,0,16.3103466033936,0
952,"0",15.87,"2026-05-12","09:33:10",0,"STABILIZE",13.008,39.08,508.35264,2.70701856147005,8.895,8895,115.5,NA,NA,NA,NA,18.1365821361542,-31.1525691151619,NA,NA,1.84999990463257,-16.3103466033936,-16.7795077133319,"NEDz",149.286734349295,0.0558938197791576,3.22348468231432,7.49948556748305,0,16.3103466033936,0
953,"0",15.88,"2026-05-12","09:33:11",0,"STABILIZE",13.008,39.08,508.35264,2.70701856147005,8.895,8895,115.5,NA,NA,NA,NA,18.1365821361542,-31.1525691151619,NA,NA,1.84999990463257,-16.3103466033936,-16.7794489308806,"NEDz",149.286734349295,0.0558938197791576,3.22348468231432,7.49948556748305,0,16.3103466033936,0
954,"0",15.9,"2026-05-12","09:33:12",0,"STABILIZE",13.008,39.08,508.35264,2.70701856147005,8.895,8895,115.5,NA,NA,NA,NA,18.1365821361542,-31.1525691151619,NA,NA,1.84999990463257,-16.3103466033936,-16.7793940891769,"NEDz",149.286734349295,0.0558938197791576,3.22348468231432,7.49948556748305,0,16.3103466033936,0
955,"0",15.92,"2026-05-12","09:33:13",0,"STABILIZE",13.008,39.08,508.35264,2.70701856147005,8.895,8895,115.5,NA,NA,NA,NA,18.1365821361542,-31.1525691151619,NA,NA,1.84999990463257,-16.3103466033936,-16.7793430326341,"NEDz",149.286734349295,0.0558938197791576,3.22348468231432,7.49948556748305,0,16.3103466033936,0
956,"0",15.93,"2026-05-12","09:33:14",0,"STABILIZE",13.008,39.08,508.35264,2.70701856147005,8.895,8895,115.5,NA,NA,NA,NA,18.1365821361542,-31.1525691151619,NA,NA,1.84999990463257,-16.3103466033936,-16.7792956056655,"NEDz",149.286734349295,0.0558938197791576,3.22348468231432,7.49948556748305,0,16.3103466033936,0
957,"0",15.95,"2026-05-12","09:33:15",0,"STABILIZE",13.008,39.08,508.35264,2.70701856147005,8.895,8895,115.5,NA,NA,NA,NA,18.1365821361542,-31.1525691151619,NA,NA,1.84999990463257,-16.3103466033936,-16.7792516526846,"NEDz",149.286734349295,0.0558938197791576,3.22348468231432,7.49948556748305,0,16.3103466033936,0
958,"0",15.97,"2026-05-12","09:33:16",0,"STABILIZE",12.97,37.29,483.6513,2.68542938200074,8.895,8895,115.5,NA,NA,NA,NA,18.1365821361542,-31.1525691151619,NA,NA,1.84999990463257,-16.3103466033936,-16.7792110181046,"NEDz",149.286734349295,0.0558938197791576,3.22348468231432,7.49948556748305,0,16.3103466033936,0
959,"0",15.98,"2026-05-12","09:33:17",0,"STABILIZE",12.97,37.29,483.6513,2.68542938200074,8.895,8895,115.5,NA,NA,NA,NA,18.1365821361542,-31.1525691151619,NA,NA,1.84999990463257,-16.3103466033936,-16.7791735463388,"NEDz",149.286734349295,0.0558938197791576,3.22348468231432,7.49948556748305,0,16.3103466033936,0
960,"0",16,"2026-05-12","09:33:18",0,"STABILIZE",12.97,37.29,483.6513,2.68542938200074,8.895,8895,115.5,NA,NA,NA,NA,18.1365821361542,-31.1525691151619,NA,NA,1.84999990463257,-16.3103466033936,-16.7791390818007,"NEDz",149.286734349295,0.0558938197791576,3.22348468231432,7.49948556748305,0,16.3103466033936,0
961,"0",16.02,"2026-05-12","09:33:19",0,"STABILIZE",12.97,37.29,483.6513,2.68542938200074,8.895,8895,115.5,NA,NA,NA,NA,18.1365821361542,-31.1525691151619,NA,NA,1.84999990463257,-16.3103466033936,-16.7791074689035,"NEDz",149.286734349295,0.0558938197791576,3.22348468231432,7.49948556748305,0,16.3103466033936,0
962,"0",16.03,"2026-05-12","09:33:20",0,"STABILIZE",12.97,37.29,483.6513,2.68542938200074,8.895,8895,115.5,NA,NA,NA,NA,18.1365821361542,-31.1525691151619,NA,NA,1.84999990463257,-16.3103466033936,-16.7790785520607,"NEDz",149.286734349295,0.0558938197791576,3.22348468231432,7.49948556748305,0,16.3103466033936,0
963,"0",16.05,"2026-05-12","09:33:21",0,"STABILIZE",12.97,37.29,483.6513,2.68542938200074,8.895,8895,115.5,NA,NA,NA,NA,18.1365821361542,-31.1525691151619,NA,NA,1.84999990463257,-16.3103466033936,-16.7790521756855,"NEDz",149.286734349295,0.0558938197791576,3.22348468231432,7.49948556748305,0,16.3103466033936,0
964,"0",16.07,"2026-05-12","09:33:22",0,"STABILIZE",12.97,37.29,483.6513,2.68542938200074,8.895,8895,115.5,NA,NA,NA,NA,18.1365821361542,-31.1525691151619,NA,NA,1.84999990463257,-16.3103466033936,-16.7790281841912,"NEDz",149.286734349295,0.0558938197791576,3.22348468231432,7.49948556748305,0,16.3103466033936,0
965,"0",16.08,"2026-05-12","09:33:23",0,"STABILIZE",12.97,37.29,483.6513,2.68542938200074,8.895,8895,115.5,NA,NA,NA,NA,18.1365821361542,-31.1525691151619,NA,NA,1.84999990463257,-16.3103466033936,-16.7790064219913,"NEDz",149.286734349295,0.0558938197791576,3.22348468231432,7.49948556748305,0,16.3103466033936,0
966,"0",16.1,"2026-05-12","09:33:24",0,"STABILIZE",12.97,37.29,483.6513,2.68542938200074,8.895,8895,115.5,NA,NA,NA,NA,18.1365821361542,-31.1525691151619,NA,NA,1.84999990463257,-16.3103466033936,-16.778986733499,"NEDz",149.286734349295,0.0558938197791576,3.22348468231432,7.49948556748305,0,16.3103466033936,0
967,"0",16.12,"2026-05-12","09:33:25",0,"STABILIZE",12.97,37.29,483.6513,2.68542938200074,8.895,8895,115.5,NA,NA,NA,NA,18.1365821361542,-31.1525691151619,NA,NA,1.84999990463257,-16.3103466033936,-16.7789689631278,"NEDz",149.286734349295,0.0558938197791576,3.22348468231432,7.49948556748305,0,16.3103466033936,0
968,"0",16.13,"2026-05-12","09:33:26",0,"STABILIZE",12.97,37.29,483.6513,2.68542938200074,8.895,8895,115.5,NA,NA,NA,NA,18.1365821361542,-31.1525691151619,NA,NA,1.84999990463257,-16.3103466033936,-16.7789529552909,"NEDz",149.286734349295,0.0558938197791576,3.22348468231432,7.49948556748305,0,16.3103466033936,0
969,"0",16.15,"2026-05-12","09:33:27",0,"STABILIZE",12.97,37.29,483.6513,2.68542938200074,8.895,8895,115.5,NA,NA,NA,NA,18.1365821361542,-31.1525691151619,NA,NA,1.84999990463257,-16.3103466033936,-16.7789385544017,"NEDz",149.286734349295,0.0558938197791576,3.22348468231432,7.49948556748305,0,16.3103466033936,0
970,"0",16.17,"2026-05-12","09:33:28",0,"STABILIZE",12.97,37.29,483.6513,2.68542938200074,8.895,8895,115.5,NA,NA,NA,NA,18.1365821361542,-31.1525691151619,NA,NA,1.84999990463257,-16.3103466033936,-16.7789256048735,"NEDz",137.446738026861,0.0558938197791576,3.22348468231432,7.49948556748305,0,16.3103466033936,0
971,"0",16.18,"2026-05-12","09:33:29",0,"STABILIZE",12.97,37.29,483.6513,2.68542938200074,8.895,8895,115.5,NA,NA,NA,NA,18.1365821361542,-31.1525691151619,NA,NA,1.84999990463257,-16.3103466033936,-16.7789139511196,"NEDz",137.446738026861,0.0558938197791576,3.22348468231432,7.49948556748305,0,16.3103466033936,0
972,"0",16.2,"2026-05-12","09:33:30",0,"STABILIZE",12.97,37.29,483.6513,2.68542938200074,8.895,8895,115.5,NA,NA,NA,NA,18.1365821361542,-31.1525691151619,NA,NA,1.84999990463257,-16.3103466033936,-16.7789034375535,"NEDz",137.446738026861,0.0558938197791576,3.22348468231432,7.49948556748305,0,16.3103466033936,0
973,"0",16.22,"2026-05-12","09:33:31",0,"STABILIZE",12.97,37.29,483.6513,2.68542938200074,8.895,8895,115.5,NA,NA,NA,NA,18.1365821361542,-31.1525691151619,NA,NA,1.84999990463257,-16.3103466033936,-16.7788939085885,"NEDz",137.446738026861,0.0558938197791576,3.22348468231432,7.49948556748305,0,16.3103466033936,0
974,"0",16.23,"2026-05-12","09:33:32",0,"STABILIZE",12.97,37.29,483.6513,2.68542938200074,8.895,8895,115.5,NA,NA,NA,NA,18.1365821361542,-31.1525691151619,NA,NA,1.84999990463257,-16.3103466033936,-16.7788852086378,"NEDz",137.446738026861,0.0558938197791576,3.22348468231432,7.49948556748305,0,16.3103466033936,0
975,"0",16.25,"2026-05-12","09:33:33",0,"STABILIZE",12.97,37.29,483.6513,2.68542938200074,8.895,8895,115.5,NA,NA,NA,NA,18.1365821361542,-31.1525691151619,NA,NA,1.84999990463257,-16.3103466033936,-16.7788771821148,"NEDz",137.446738026861,0.0558938197791576,3.22348468231432,7.49948556748305,0,16.3103466033936,0
976,"0",16.27,"2026-05-12","09:33:34",0,"STABILIZE",12.97,37.29,483.6513,2.68542938200074,8.895,8895,115.5,NA,NA,NA,NA,18.1365821361542,-31.1525691151619,NA,NA,1.84999990463257,-16.3103466033936,-16.778869673433,"NEDz",137.446738026861,0.0558938197791576,3.22348468231432,7.49948556748305,0,16.3103466033936,0
977,"0",16.28,"2026-05-12","09:33:35",0,"STABILIZE",12.97,37.29,483.6513,2.68542938200074,8.895,8895,115.5,NA,NA,NA,NA,18.1365821361542,-31.1525691151619,NA,NA,1.84999990463257,-16.3103466033936,-16.7788625270055,"NEDz",137.446738026861,0.0558938197791576,3.22348468231432,7.49948556748305,0,16.3103466033936,0
978,"0",16.3,"2026-05-12","09:33:36",0,"STABILIZE",12.97,37.29,483.6513,2.68542938200074,8.895,8895,115.5,NA,NA,NA,NA,18.1365821361542,-31.1525691151619,NA,NA,1.84999990463257,-16.3103466033936,-16.7788555872458,"NEDz",137.446738026861,0.0558938197791576,3.22348468231432,7.49948556748305,0,16.3103466033936,0
979,"0",16.32,"2026-05-12","09:33:37",0,"STABILIZE",12.97,37.29,483.6513,2.68542938200074,8.895,8895,115.5,NA,NA,NA,NA,18.1365821361542,-31.1525691151619,NA,NA,1.84999990463257,-16.3103466033936,-16.7788486985672,"NEDz",137.446738026861,0.0558938197791576,3.22348468231432,7.49948556748305,0,16.3103466033936,0
980,"0",16.33,"2026-05-12","09:33:38",0,"STABILIZE",12.97,37.29,483.6513,2.68542938200074,8.895,8895,115.5,NA,NA,NA,NA,18.1365821361542,-31.1525691151619,NA,NA,1.84999990463257,-16.3103466033936,-16.778841705383,"NEDz",137.446738026861,0.0558938197791576,3.22348468231432,7.49948556748305,0,16.3103466033936,0
981,"0",16.35,"2026-05-12","09:33:39",0,"STABILIZE",12.97,37.29,483.6513,2.68542938200074,8.895,8895,115.5,NA,NA,NA,NA,18.1365821361542,-31.1525691151619,NA,NA,1.84999990463257,-16.3103466033936,-16.7788344521067,"NEDz",137.446738026861,0.0558938197791576,3.22348468231432,7.49948556748305,0,16.3103466033936,0
982,"0",16.37,"2026-05-12","09:33:40",0,"STABILIZE",12.97,37.29,483.6513,2.68542938200074,8.895,8895,115.5,NA,NA,NA,NA,18.1365821361542,-31.1525691151619,NA,NA,1.84999990463257,-16.3103466033936,-16.7788267831514,"NEDz",137.446738026861,0.0558938197791576,3.22348468231432,7.49948556748305,0,16.3103466033936,0
983,"0",16.38,"2026-05-12","09:33:41",0,"STABILIZE",12.97,37.29,483.6513,2.68542938200074,8.895,8895,115.5,NA,NA,NA,NA,18.1365821361542,-31.1525691151619,NA,NA,1.84999990463257,-16.3103466033936,-16.7788185429306,"NEDz",137.446738026861,0.0558938197791576,3.22348468231432,7.49948556748305,0,16.3103466033936,0
984,"0",16.4,"2026-05-12","09:33:42",0,"STABILIZE",12.97,37.29,483.6513,2.68542938200074,8.895,8895,115.5,NA,NA,NA,NA,18.1365821361542,-31.1525691151619,NA,NA,1.84999990463257,-16.3103466033936,-16.7788095758576,"NEDz",137.446738026861,0.0558938197791576,3.22348468231432,7.49948556748305,0,16.3103466033936,0
985,"0",16.42,"2026-05-12","09:33:43",0,"STABILIZE",12.97,37.29,483.6513,2.68542938200074,8.895,8895,115.5,NA,NA,NA,NA,18.1365821361542,-31.1525691151619,NA,NA,1.84999990463257,-16.3103466033936,-16.7787997263457,"NEDz",137.446738026861,0.0558938197791576,3.22348468231432,7.49948556748305,0,16.3103466033936,0
986,"0",16.43,"2026-05-12","09:33:44",0,"STABILIZE",12.97,37.29,483.6513,2.68542938200074,8.895,8895,115.5,NA,NA,NA,NA,18.1365821361542,-31.1525691151619,NA,NA,1.84999990463257,-16.3103466033936,-16.7787888388083,"NEDz",137.446738026861,0.0558938197791576,3.22348468231432,7.49948556748305,0,16.3103466033936,0
987,"0",16.45,"2026-05-12","09:33:45",0,"STABILIZE",12.97,37.29,483.6513,2.68542938200074,8.895,8895,115.5,NA,NA,NA,NA,18.1365821361542,-31.1525691151619,NA,NA,1.84999990463257,-16.3103466033936,-16.7787767576588,"NEDz",137.446738026861,0.0558938197791576,3.22348468231432,7.49948556748305,0,16.3103466033936,0
988,"0",16.47,"2026-05-12","09:33:46",0,"STABILIZE",12.97,37.29,483.6513,2.68542938200074,8.895,8895,115.5,NA,NA,NA,NA,18.1365821361542,-31.1525691151619,NA,NA,1.84999990463257,-16.3103466033936,-16.7787633273104,"NEDz",137.446738026861,0.0558938197791576,3.22348468231432,7.49948556748305,0,16.3103466033936,0
989,"0",16.48,"2026-05-12","09:33:47",0,"STABILIZE",12.97,37.29,483.6513,2.68542938200074,8.895,8895,115.5,NA,NA,NA,NA,18.1365821361542,-31.1525691151619,NA,NA,1.84999990463257,-16.3103466033936,-16.7787483921765,"NEDz",137.446738026861,0.0558938197791576,3.22348468231432,7.49948556748305,0,16.3103466033936,0
990,"0",16.5,"2026-05-12","09:33:48",0,"STABILIZE",12.97,37.29,483.6513,2.68542938200074,8.895,8895,115.5,NA,NA,NA,NA,18.1365821361542,-31.1525691151619,NA,NA,1.84999990463257,-16.3103466033936,-16.7787317966704,"NEDz",137.446738026861,0.0558938197791576,3.22348468231432,7.49948556748305,0,16.3103466033936,0
991,"0",16.52,"2026-05-12","09:33:49",0,"STABILIZE",12.97,37.29,483.6513,2.68542938200074,8.895,8895,115.5,NA,NA,NA,NA,18.1365821361542,-31.1525691151619,NA,NA,1.84999990463257,-16.3103466033936,-16.7787133852056,"NEDz",137.446738026861,0.0558938197791576,3.22348468231432,7.49948556748305,0,16.3103466033936,0
992,"0",16.53,"2026-05-12","09:33:50",0,"STABILIZE",12.97,37.29,483.6513,2.68542938200074,8.895,8895,115.5,NA,NA,NA,NA,18.1365821361542,-31.1525691151619,NA,NA,1.84999990463257,-16.3103466033936,-16.7786930021953,"NEDz",137.446738026861,0.0558938197791576,3.22348468231432,7.49948556748305,0,16.3103466033936,0
993,"0",16.55,"2026-05-12","09:33:51",0,"STABILIZE",12.97,37.29,483.6513,2.68542938200074,8.895,8895,115.5,NA,NA,NA,NA,18.1365821361542,-31.1525691151619,NA,NA,1.84999990463257,-16.3103466033936,-16.7786704920528,"NEDz",137.446738026861,0.0558938197791576,3.22348468231432,7.49948556748305,0,16.3103466033936,0
994,"0",16.57,"2026-05-12","09:33:52",0,"STABILIZE",12.97,37.29,483.6513,2.68542938200074,8.895,8895,115.5,NA,NA,NA,NA,18.1365821361542,-31.1525691151619,NA,NA,1.84999990463257,-16.3103466033936,-16.7786456991916,"NEDz",137.446738026861,0.0558938197791576,3.22348468231432,7.49948556748305,0,16.3103466033936,0
995,"0",16.58,"2026-05-12","09:33:53",0,"STABILIZE",12.97,37.29,483.6513,2.68542938200074,8.895,8895,115.5,NA,NA,NA,NA,18.1365821361542,-31.1525691151619,NA,NA,1.84999990463257,-16.3103466033936,-16.7786184680249,"NEDz",137.446738026861,0.0558938197791576,3.22348468231432,7.49948556748305,0,16.3103466033936,0
996,"0",16.6,"2026-05-12","09:33:54",0,"STABILIZE",12.97,37.29,483.6513,2.68542938200074,8.895,8895,115.5,NA,NA,NA,NA,18.1365821361542,-31.1525691151619,NA,NA,1.84999990463257,-16.3103466033936,-16.7785886429661,"NEDz",137.446738026861,0.0558938197791576,3.22348468231432,7.49948556748305,0,16.3103466033936,0
997,"0",16.62,"2026-05-12","09:33:55",0,"STABILIZE",12.97,37.29,483.6513,2.68542938200074,8.895,8895,115.5,NA,NA,NA,NA,18.1365821361542,-31.1525691151619,NA,NA,1.84999990463257,-16.3103466033936,-16.7785560684285,"NEDz",137.446738026861,0.0558938197791576,3.22348468231432,7.49948556748305,0,16.3103466033936,0
998,"0",16.63,"2026-05-12","09:33:56",0,"STABILIZE",12.97,37.29,483.6513,2.68542938200074,8.895,8895,115.5,NA,NA,NA,NA,18.1365821361542,-31.1525691151619,NA,NA,1.84999990463257,-16.3103466033936,-16.7785205888255,"NEDz",137.446738026861,0.0558938197791576,3.22348468231432,7.49948556748305,0,16.3103466033936,0
999,"0",16.65,"2026-05-12","09:33:57",0,"STABILIZE",12.97,37.29,483.6513,2.68542938200074,8.895,8895,115.5,NA,NA,NA,NA,18.1365821361542,-31.1525691151619,NA,NA,1.84999990463257,-16.3103466033936,-16.7784820485704,"NEDz",137.446738026861,0.0558938197791576,3.22348468231432,7.49948556748305,0,16.3103466033936,0
1000,"0",16.67,"2026-05-12","09:33:58",0,"STABILIZE",12.97,37.29,483.6513,2.68542938200074,8.895,8895,115.5,NA,NA,NA,NA,18.1365821361542,-31.1525691151619,NA,NA,1.84999990463257,-16.3103466033936,-16.7784402920766,"NEDz",137.446738026861,0.0558938197791576,3.22348468231432,7.49948556748305,0,16.3103466033936,0
1001,"0",16.68,"2026-05-12","09:33:59",0,"STABILIZE",12.97,37.29,483.6513,2.68542938200074,8.895,8895,115.5,NA,NA,NA,NA,18.1365821361542,-31.1525691151619,NA,NA,1.84999990463257,-16.3103466033936,-16.7783951637574,"NEDz",76.354903297626,0.0558938197791576,3.22348468231432,7.49948556748305,0,16.3103466033936,0
1002,"0",16.7,"2026-05-12","09:34:00",0,"STABILIZE",12.97,37.29,483.6513,2.68542938200074,8.895,8895,115.5,NA,NA,NA,NA,18.1365821361542,-31.1525691151619,NA,NA,1.84999990463257,-16.3103466033936,-16.7783465080261,"NEDz",76.354903297626,0.0558938197791576,3.22348468231432,7.49948556748305,0,16.3103466033936,0
1003,"0",16.72,"2026-05-12","09:34:01",0,"STABILIZE",12.97,37.29,483.6513,2.68542938200074,8.895,8895,115.5,NA,NA,NA,NA,18.1365821361542,-31.1525691151619,NA,NA,1.84999990463257,-16.3103466033936,-16.7782942121609,"NEDz",76.354903297626,0.0558938197791576,3.22348468231432,7.49948556748305,0,16.3103466033936,0
1004,"0",16.73,"2026-05-12","09:34:02",0,"STABILIZE",12.97,37.29,483.6513,2.68542938200074,8.895,8895,115.5,NA,NA,NA,NA,18.1365821361542,-31.1525691151619,NA,NA,1.84999990463257,-16.3103466033936,-16.7782383348991,"NEDz",76.354903297626,0.0558938197791576,3.22348468231432,7.49948556748305,0,16.3103466033936,0
1005,"0",16.75,"2026-05-12","09:34:03",0,"STABILIZE",12.97,37.29,483.6513,2.68542938200074,8.895,8895,115.5,NA,NA,NA,NA,18.1365821361542,-31.1525691151619,NA,NA,1.84999990463257,-16.3103466033936,-16.7781789778427,"NEDz",76.354903297626,0.0558938197791576,3.22348468231432,7.49948556748305,0,16.3103466033936,0
1006,"0",16.77,"2026-05-12","09:34:04",0,"STABILIZE",12.97,37.29,483.6513,2.68542938200074,8.895,8895,115.5,NA,NA,NA,NA,18.1365821361542,-31.1525691151619,NA,NA,1.84999990463257,-16.3103466033936,-16.778116242594,"NEDz",76.354903297626,0.0558938197791576,3.22348468231432,7.49948556748305,0,16.3103466033936,0
1007,"0",16.78,"2026-05-12","09:34:05",0,"STABILIZE",12.97,37.29,483.6513,2.68542938200074,8.895,8895,115.5,NA,NA,NA,NA,18.1365821361542,-31.1525691151619,NA,NA,1.84999990463257,-16.3103466033936,-16.7780502307549,"NEDz",76.354903297626,0.0558938197791576,3.22348468231432,7.49948556748305,0,16.3103466033936,0
1008,"0",16.8,"2026-05-12","09:34:06",0,"STABILIZE",12.97,37.29,483.6513,2.68542938200074,8.895,8895,115.5,NA,NA,NA,NA,18.1365821361542,-31.1525691151619,NA,NA,1.84999990463257,-16.3103466033936,-16.7779810439276,"NEDz",76.354903297626,0.0558938197791576,3.22348468231432,7.49948556748305,0,16.3103466033936,0
1009,"0",16.82,"2026-05-12","09:34:07",0,"STABILIZE",12.97,37.29,483.6513,2.68542938200074,8.895,8895,115.5,NA,NA,NA,NA,18.1365821361542,-31.1525691151619,NA,NA,1.84999990463257,-16.3103466033936,-16.7779087837142,"NEDz",76.354903297626,0.0558938197791576,3.22348468231432,7.49948556748305,0,16.3103466033936,0
1010,"0",16.83,"2026-05-12","09:34:08",0,"STABILIZE",12.97,37.29,483.6513,2.68542938200074,8.895,8895,115.5,NA,NA,NA,NA,18.1365821361542,-31.1525691151619,NA,NA,1.84999990463257,-16.3103466033936,-16.7778335517168,"NEDz",76.354903297626,0.0558938197791576,3.22348468231432,7.49948556748305,0,16.3103466033936,0
1011,"0",16.85,"2026-05-12","09:34:09",0,"STABILIZE",12.97,37.29,483.6513,2.68542938200074,8.895,8895,115.5,NA,NA,NA,NA,16.5706441402435,-25.2134993672371,NA,NA,1.84999990463257,-14.9132356643677,-15.3806445105117,"NEDz",76.354903297626,0.0558938197791576,3.22348468231432,7.49948556748305,6.14204455191854,14.9132356643677,0
1012,"0",16.87,"2026-05-12","09:34:10",0,"STABILIZE",12.97,37.29,483.6513,2.68542938200074,8.895,8895,115.5,NA,NA,NA,NA,16.5706441402435,-25.2134993672371,NA,NA,1.84999990463257,-14.9132356643677,-15.3805636397526,"NEDz",76.354903297626,0.0558938197791576,3.22348468231432,7.49948556748305,0,14.9132356643677,0
1013,"0",16.88,"2026-05-12","09:34:11",0,"STABILIZE",12.97,37.29,483.6513,2.68542938200074,8.895,8895,115.5,NA,NA,NA,NA,16.5706441402435,-25.2134993672371,NA,NA,1.84999990463257,-14.9132356643677,-15.3804801020158,"NEDz",76.354903297626,0.0558938197791576,3.22348468231432,7.49948556748305,0,14.9132356643677,0
1014,"0",16.9,"2026-05-12","09:34:12",0,"STABILIZE",12.97,37.29,483.6513,2.68542938200074,8.895,8895,115.5,NA,NA,NA,NA,16.5706441402435,-25.2134993672371,NA,NA,1.84999990463257,-14.9132356643677,-15.3803939989033,"NEDz",76.354903297626,0.0558938197791576,3.22348468231432,7.49948556748305,0,14.9132356643677,0
1015,"0",16.92,"2026-05-12","09:34:13",0,"STABILIZE",12.97,37.29,483.6513,2.68542938200074,8.895,8895,115.5,NA,NA,NA,NA,16.5706441402435,-25.2134993672371,NA,NA,1.84999990463257,-14.9132356643677,-15.3803054320174,"NEDz",76.354903297626,0.0558938197791576,3.22348468231432,7.49948556748305,0,14.9132356643677,0
1016,"0",16.93,"2026-05-12","09:34:14",0,"STABILIZE",12.97,37.29,483.6513,2.68542938200074,8.895,8895,115.5,NA,NA,NA,NA,16.5706441402435,-25.2134993672371,NA,NA,1.84999990463257,-14.9132356643677,-15.3802145029601,"NEDz",76.354903297626,0.0558938197791576,3.22348468231432,7.49948556748305,0,14.9132356643677,0
1017,"0",16.95,"2026-05-12","09:34:15",0,"STABILIZE",12.97,37.29,483.6513,2.68542938200074,8.895,8895,115.5,NA,NA,NA,NA,16.5706441402435,-25.2134993672371,NA,NA,1.84999990463257,-14.9132356643677,-15.3801213133335,"NEDz",76.354903297626,0.0558938197791576,3.22348468231432,7.49948556748305,0,14.9132356643677,0
1018,"4",16.97,"2026-05-12","09:34:16",0,"STABILIZE",12.97,37.29,483.6513,2.68542938200074,8.895,8895,115.5,NA,NA,NA,NA,16.5706441402435,-25.2134993672371,NA,NA,1.84999990463257,-14.9132356643677,-15.3800259647398,"NEDz",76.354903297626,0.0558938197791576,3.22348468231432,7.49948556748305,0,14.9132356643677,0
1019,"4",16.98,"2026-05-12","09:34:17",0,"STABILIZE",12.97,37.29,483.6513,2.68542938200074,8.895,8895,115.5,NA,NA,NA,NA,16.5706441402435,-25.2134993672371,NA,NA,1.84999990463257,-14.9132356643677,-15.3799285587809,"NEDz",76.354903297626,0.0558938197791576,3.22348468231432,7.49948556748305,0,14.9132356643677,0
1020,"4",17,"2026-05-12","09:34:18",0,"STABILIZE",12.97,37.29,483.6513,2.68542938200074,8.895,8895,115.5,NA,NA,NA,NA,16.5706441402435,-25.2134993672371,NA,NA,1.84999990463257,-14.9132356643677,-15.379829197059,"NEDz",76.354903297626,0.0558938197791576,3.22348468231432,7.49948556748305,0,14.9132356643677,0
1021,"4",17.02,"2026-05-12","09:34:19",0,"STABILIZE",12.97,37.29,483.6513,2.68542938200074,8.895,8895,115.5,NA,NA,NA,NA,16.5706441402435,-25.2134993672371,NA,NA,1.84999990463257,-14.9132356643677,-15.3797279811763,"NEDz",76.354903297626,0.0558938197791576,3.22348468231432,7.49948556748305,0,14.9132356643677,0
1022,"4",17.03,"2026-05-12","09:34:20",0,"STABILIZE",12.97,37.29,483.6513,2.68542938200074,8.895,8895,115.5,NA,NA,NA,NA,16.5706441402435,-25.2134993672371,NA,NA,1.84999990463257,-14.9132356643677,-15.3796250127347,"NEDz",76.354903297626,0.0558938197791576,3.22348468231432,7.49948556748305,0,14.9132356643677,0
1023,"4",17.05,"2026-05-12","09:34:21",0,"STABILIZE",12.97,37.29,483.6513,2.68542938200074,8.895,8895,115.5,NA,NA,NA,NA,16.5706441402435,-25.2134993672371,NA,NA,1.84999990463257,-14.9132356643677,-15.3795203933365,"NEDz",76.354903297626,0.0558938197791576,3.22348468231432,7.49948556748305,0,14.9132356643677,0
1024,"4",17.07,"2026-05-12","09:34:22",0,"STABILIZE",12.97,37.29,483.6513,2.68542938200074,8.895,8895,115.5,NA,NA,NA,NA,16.5706441402435,-25.2134993672371,NA,NA,1.84999990463257,-14.9132356643677,-15.3794142245837,"NEDz",76.354903297626,0.0558938197791576,3.22348468231432,7.49948556748305,0,14.9132356643677,0
1025,"4",17.08,"2026-05-12","09:34:23",0,"STABILIZE",12.97,37.29,483.6513,2.68542938200074,8.895,8895,115.5,NA,NA,NA,NA,16.5706441402435,-25.2134993672371,NA,NA,1.84999990463257,-14.9132356643677,-15.3793066080785,"NEDz",76.354903297626,0.0558938197791576,3.22348468231432,7.49948556748305,0,14.9132356643677,0
1026,"4",17.1,"2026-05-12","09:34:24",0,"STABILIZE",12.97,37.29,483.6513,2.68542938200074,8.895,8895,115.5,NA,NA,NA,NA,16.5706441402435,-25.2134993672371,NA,NA,1.84999990463257,-14.9132356643677,-15.3791976454228,"NEDz",76.354903297626,0.0558938197791576,3.22348468231432,7.49948556748305,0,14.9132356643677,0
1027,"4",17.12,"2026-05-12","09:34:25",0,"STABILIZE",12.97,37.29,483.6513,2.68542938200074,8.895,8895,115.5,NA,NA,NA,NA,16.5706441402435,-25.2134993672371,NA,NA,1.84999990463257,-14.9132356643677,-15.3790874382189,"NEDz",76.354903297626,0.0558938197791576,3.22348468231432,7.49948556748305,0,14.9132356643677,0
1028,"4",17.13,"2026-05-12","09:34:26",0,"STABILIZE",12.97,37.29,483.6513,2.68542938200074,8.895,8895,115.5,NA,NA,NA,NA,16.5706441402435,-25.2134993672371,NA,NA,1.84999990463257,-14.9132356643677,-15.3789760880688,"NEDz",76.354903297626,0.0558938197791576,3.22348468231432,7.49948556748305,0,14.9132356643677,0
1029,"4",17.15,"2026-05-12","09:34:27",0,"STABILIZE",12.97,37.29,483.6513,2.68542938200074,8.895,8895,115.5,NA,NA,NA,NA,16.5706441402435,-25.2134993672371,NA,NA,1.84999990463257,-14.9132356643677,-15.3788636965746,"NEDz",76.354903297626,0.0558938197791576,3.22348468231432,7.49948556748305,0,14.9132356643677,0
1030,"4",17.17,"2026-05-12","09:34:28",0,"STABILIZE",12.97,37.29,483.6513,2.68542938200074,8.895,8895,115.5,NA,NA,NA,NA,16.5706441402435,-25.2134993672371,NA,NA,1.84999990463257,-14.9132356643677,-15.3787503653385,"NEDz",76.354903297626,0.0558938197791576,3.22348468231432,7.49948556748305,0,14.9132356643677,0
1031,"4",17.18,"2026-05-12","09:34:29",0,"STABILIZE",12.97,37.29,483.6513,2.68542938200074,8.895,8895,115.5,NA,NA,NA,NA,16.5706441402435,-25.2134993672371,NA,NA,1.84999990463257,-14.9132356643677,-15.3786361959625,"NEDz",76.354903297626,0.0558938197791576,3.22348468231432,7.49948556748305,0,14.9132356643677,0
1032,"4",17.2,"2026-05-12","09:34:30",0,"STABILIZE",12.97,37.29,483.6513,2.68542938200074,8.895,8895,115.5,NA,NA,NA,NA,16.5706441402435,-25.2134993672371,NA,NA,1.84999990463257,-14.9132356643677,-15.3785212900487,"NEDz",76.354903297626,0.0558938197791576,3.22348468231432,7.49948556748305,0,14.9132356643677,0
1033,"4",17.22,"2026-05-12","09:34:31",0,"STABILIZE",12.97,37.29,483.6513,2.68542938200074,8.895,8895,115.5,NA,NA,NA,NA,16.5706441402435,-25.2134993672371,NA,NA,1.84999990463257,-14.9132356643677,-15.3784057491993,"NEDz",76.354903297626,0.0558938197791576,3.22348468231432,7.49948556748305,0,14.9132356643677,0
1034,"4",17.23,"2026-05-12","09:34:32",0,"STABILIZE",12.97,37.29,483.6513,2.68542938200074,8.895,8895,115.5,NA,NA,NA,NA,16.5706441402435,-25.2134993672371,NA,NA,1.84999990463257,-14.9132356643677,-15.3782896750163,"NEDz",76.354903297626,0.0558938197791576,3.22348468231432,7.49948556748305,0,14.9132356643677,0
1035,"4",17.25,"2026-05-12","09:34:33",0,"STABILIZE",12.97,37.29,483.6513,2.68542938200074,8.895,8895,115.5,NA,NA,NA,NA,16.5706441402435,-25.2134993672371,NA,NA,1.84999990463257,-14.9132356643677,-15.3781731691018,"NEDz",76.354903297626,0.0558938197791576,3.22348468231432,7.49948556748305,0,14.9132356643677,0
1036,"4",17.27,"2026-05-12","09:34:34",0,"STABILIZE",12.97,37.29,483.6513,2.68542938200074,8.895,8895,115.5,NA,NA,NA,NA,16.5706441402435,-25.2134993672371,NA,NA,1.84999990463257,-14.9132356643677,-15.378056333058,"NEDz",76.354903297626,0.0558938197791576,3.22348468231432,7.49948556748305,0,14.9132356643677,0
1037,"4",17.28,"2026-05-12","09:34:35",0,"STABILIZE",12.97,37.29,483.6513,2.68542938200074,8.895,8895,115.5,NA,NA,NA,NA,16.5706441402435,-25.2134993672371,NA,NA,1.84999990463257,-14.9132356643677,-15.3779392684869,"NEDz",76.354903297626,0.0558938197791576,3.22348468231432,7.49948556748305,0,14.9132356643677,0
1038,"4",17.3,"2026-05-12","09:34:36",0,"STABILIZE",12.97,37.29,483.6513,2.68542938200074,8.895,8895,115.5,NA,NA,NA,NA,16.5706441402435,-25.2134993672371,NA,NA,1.84999990463257,-14.9132356643677,-15.3778220769907,"NEDz",76.354903297626,0.0558938197791576,3.22348468231432,7.49948556748305,0,14.9132356643677,0
1039,"4",17.32,"2026-05-12","09:34:37",0,"STABILIZE",12.97,37.29,483.6513,2.68542938200074,8.895,8895,115.5,NA,NA,NA,NA,16.5706441402435,-25.2134993672371,NA,NA,1.84999990463257,-14.9132356643677,-15.3777048601714,"NEDz",76.354903297626,0.0558938197791576,3.22348468231432,7.49948556748305,0,14.9132356643677,0
1040,"4",17.33,"2026-05-12","09:34:38",0,"STABILIZE",12.97,37.29,483.6513,2.68542938200074,8.895,8895,115.5,NA,NA,NA,NA,16.5706441402435,-25.2134993672371,NA,NA,1.84999990463257,-14.9132356643677,-15.3775877196312,"NEDz",76.354903297626,0.0558938197791576,3.22348468231432,7.49948556748305,0,14.9132356643677,0
1041,"4",17.35,"2026-05-12","09:34:39",0,"STABILIZE",12.97,37.29,483.6513,2.68542938200074,8.895,8895,115.5,NA,NA,NA,NA,16.5706441402435,-25.2134993672371,NA,NA,1.84999990463257,-14.9132356643677,-15.3774707569722,"NEDz",76.354903297626,0.0558938197791576,3.22348468231432,7.49948556748305,0,14.9132356643677,0
1042,"4",17.37,"2026-05-12","09:34:40",0,"STABILIZE",12.97,37.29,483.6513,2.68542938200074,8.895,8895,115.5,NA,NA,NA,NA,16.5706441402435,-25.2134993672371,NA,NA,1.84999990463257,-14.9132356643677,-15.3773540737963,"NEDz",76.354903297626,0.0558938197791576,3.22348468231432,7.49948556748305,0,14.9132356643677,0
1043,"4",17.38,"2026-05-12","09:34:41",0,"STABILIZE",12.97,37.29,483.6513,2.68542938200074,8.895,8895,115.5,NA,NA,NA,NA,16.5706441402435,-25.2134993672371,NA,NA,1.84999990463257,-14.9132356643677,-15.3772377717059,"NEDz",76.354903297626,0.0558938197791576,3.22348468231432,7.49948556748305,0,14.9132356643677,0
1044,"4",17.4,"2026-05-12","09:34:42",0,"STABILIZE",12.97,37.29,483.6513,2.68542938200074,8.895,8895,115.5,NA,NA,NA,NA,16.5706441402435,-25.2134993672371,NA,NA,1.84999990463257,-14.9132356643677,-15.3771219523029,"NEDz",76.354903297626,0.0558938197791576,3.22348468231432,7.49948556748305,0,14.9132356643677,0
1045,"4",17.42,"2026-05-12","09:34:43",0,"STABILIZE",12.97,37.29,483.6513,2.68542938200074,8.895,8895,115.5,NA,NA,NA,NA,16.5706441402435,-25.2134993672371,NA,NA,1.84999990463257,-14.9132356643677,-15.3770067171894,"NEDz",76.354903297626,0.0558938197791576,3.22348468231432,7.49948556748305,0,14.9132356643677,0
1046,"4",17.43,"2026-05-12","09:34:44",0,"STABILIZE",12.97,37.29,483.6513,2.68542938200074,8.895,8895,115.5,NA,NA,NA,NA,16.5706441402435,-25.2134993672371,NA,NA,1.84999990463257,-14.9132356643677,-15.3768921679676,"NEDz",76.354903297626,0.0558938197791576,3.22348468231432,7.49948556748305,0,14.9132356643677,0
1047,"4",17.45,"2026-05-12","09:34:45",0,"STABILIZE",12.97,37.29,483.6513,2.68542938200074,8.895,8895,115.5,NA,NA,NA,NA,16.5706441402435,-25.2134993672371,NA,NA,1.84999990463257,-14.9132356643677,-15.3767784062396,"NEDz",76.354903297626,0.0558938197791576,3.22348468231432,7.49948556748305,0,14.9132356643677,0
1048,"4",17.47,"2026-05-12","09:34:46",0,"STABILIZE",12.97,37.29,483.6513,2.68542938200074,8.895,8895,115.5,NA,NA,NA,NA,16.5706441402435,-25.2134993672371,NA,NA,1.84999990463257,-14.9132356643677,-15.3766655336075,"NEDz",76.354903297626,0.0558938197791576,3.22348468231432,7.49948556748305,0,14.9132356643677,0
1049,"4",17.48,"2026-05-12","09:34:47",0,"STABILIZE",12.97,37.29,483.6513,2.68542938200074,8.895,8895,115.5,NA,NA,NA,NA,16.5706441402435,-25.2134993672371,NA,NA,1.84999990463257,-14.9132356643677,-15.3765536516733,"NEDz",76.354903297626,0.0558938197791576,3.22348468231432,7.49948556748305,0,14.9132356643677,0
1050,"4",17.5,"2026-05-12","09:34:48",0,"STABILIZE",12.97,37.29,483.6513,2.68542938200074,8.895,8895,115.5,NA,NA,NA,NA,16.5706441402435,-25.2134993672371,NA,NA,1.84999990463257,-14.9132356643677,-15.3764428620392,"NEDz",76.354903297626,0.0558938197791576,3.22348468231432,7.49948556748305,0,14.9132356643677,0
1051,"4",17.52,"2026-05-12","09:34:49",0,"STABILIZE",12.97,37.29,483.6513,2.68542938200074,8.895,8895,115.5,NA,NA,NA,NA,16.5706441402435,-25.2134993672371,NA,NA,1.84999990463257,-14.9132356643677,-15.3763332663072,"NEDz",76.354903297626,0.0558938197791576,3.22348468231432,7.49948556748305,0,14.9132356643677,0
1052,"4",17.53,"2026-05-12","09:34:50",0,"STABILIZE",12.97,37.29,483.6513,2.68542938200074,8.895,8895,115.5,NA,NA,NA,NA,16.5706441402435,-25.2134993672371,NA,NA,1.84999990463257,-14.9132356643677,-15.3762249660796,"NEDz",76.354903297626,0.0558938197791576,3.22348468231432,7.49948556748305,0,14.9132356643677,0
1053,"4",17.55,"2026-05-12","09:34:51",0,"STABILIZE",12.97,37.29,483.6513,2.68542938200074,8.895,8895,115.5,NA,NA,NA,NA,16.5706441402435,-25.2134993672371,NA,NA,1.84999990463257,-14.9132356643677,-15.3761180629583,"NEDz",76.354903297626,0.0558938197791576,3.22348468231432,7.49948556748305,0,14.9132356643677,0
1054,"4",17.57,"2026-05-12","09:34:52",0,"STABILIZE",12.97,37.29,483.6513,2.68542938200074,8.895,8895,115.5,NA,NA,NA,NA,16.5706441402435,-25.2134993672371,NA,NA,1.84999990463257,-14.9132356643677,-15.3760126585454,"NEDz",76.354903297626,0.0558938197791576,3.22348468231432,7.49948556748305,0,14.9132356643677,0
1055,"4",17.58,"2026-05-12","09:34:53",0,"STABILIZE",12.97,37.29,483.6513,2.68542938200074,8.895,8895,115.5,NA,NA,NA,NA,16.5706441402435,-25.2134993672371,NA,NA,1.84999990463257,-14.9132356643677,-15.3759088544432,"NEDz",76.354903297626,0.0558938197791576,3.22348468231432,7.49948556748305,0,14.9132356643677,0
1056,"4",17.6,"2026-05-12","09:34:54",0,"STABILIZE",12.97,37.29,483.6513,2.68542938200074,8.895,8895,115.5,NA,NA,NA,NA,16.5706441402435,-25.2134993672371,NA,NA,1.84999990463257,-14.9132356643677,-15.3758067522536,"NEDz",76.354903297626,0.0558938197791576,3.22348468231432,7.49948556748305,0,14.9132356643677,0
1057,"4",17.62,"2026-05-12","09:34:55",0,"STABILIZE",12.97,37.29,483.6513,2.68542938200074,8.895,8895,115.5,NA,NA,NA,NA,16.5706441402435,-25.2134993672371,NA,NA,1.84999990463257,-14.9132356643677,-15.3757064535788,"NEDz",76.354903297626,0.0558938197791576,3.22348468231432,7.49948556748305,0,14.9132356643677,0
1058,"4",17.63,"2026-05-12","09:34:56",0,"STABILIZE",12.97,37.29,483.6513,2.68542938200074,8.895,8895,115.5,NA,NA,NA,NA,21.4388949871063,-15.9371894001961,NA,NA,1.84999990463257,-13.6933479309082,-14.1557203265615,"NEDz",76.354903297626,0.0558938197791576,3.22348468231432,7.49948556748305,10.4761535361317,13.6933479309082,0
1059,"4",17.65,"2026-05-12","09:34:57",0,"STABILIZE",12.97,37.29,483.6513,2.68542938200074,8.895,8895,115.5,NA,NA,NA,NA,21.4388949871063,-15.9371894001961,NA,NA,1.84999990463257,-13.6933479309082,-14.1556239397226,"NEDz",76.354903297626,0.0558938197791576,3.22348468231432,7.49948556748305,0,13.6933479309082,0
1060,"4",17.67,"2026-05-12","09:34:58",0,"STABILIZE",12.837,47.5,609.7575,2.78586880874186,8.895,8895,115.5,NA,NA,NA,NA,21.4388949871063,-15.9371894001961,NA,NA,1.84999990463257,-13.6933479309082,-14.1555296612047,"NEDz",76.354903297626,0.0558938197791576,3.22348468231432,7.49948556748305,0,13.6933479309082,0
1061,"4",17.68,"2026-05-12","09:35:00",0,"STABILIZE",12.837,47.5,609.7575,2.78586880874186,8.895,8895,115.5,NA,NA,NA,NA,21.4388949871063,-15.9371894001961,NA,NA,1.84999990463257,-13.6933479309082,-14.1553478355408,"NEDz",4.71209201310478,0.0558938197791576,3.22348468231432,7.49948556748305,0,13.6933479309082,0
1062,"4",17.7,"2026-05-12","09:35:01",0,"STABILIZE",12.837,47.5,609.7575,2.78586880874186,8.895,8895,115.5,NA,NA,NA,NA,21.4388949871063,-15.9371894001961,NA,NA,1.16499994695187,-13.6933479309082,-13.4702605029586,"NEDz",4.71209201310478,0.0558938197791576,2.02992414999189,4.00217252452315,0,13.6933479309082,0
1063,"4",17.72,"2026-05-12","09:35:02",0,"STABILIZE",12.837,47.5,609.7575,2.78586880874186,8.895,8895,115.5,NA,NA,NA,NA,21.4388949871063,-15.9371894001961,NA,NA,0.479999989271164,-13.6933479309082,-12.7851754993487,"NEDz",4.71209201310478,0.0558938197791576,0.836363617669452,0.504859481563253,0,13.6933479309082,0
1064,"4",17.73,"2026-05-12","09:35:03",0,"STABILIZE",12.837,47.5,609.7575,2.78586880874186,8.895,8895,115.5,NA,NA,NA,NA,21.4388949871063,-15.9371894001961,NA,NA,0.479999989271164,-13.6933479309082,-12.7850926982368,"NEDz",4.71209201310478,0.0558938197791576,0.836363617669452,0.504859481563253,0,13.6933479309082,0
1065,"4",17.75,"2026-05-12","09:35:04",0,"STABILIZE",12.837,47.5,609.7575,2.78586880874186,8.895,8895,115.5,NA,NA,NA,NA,21.4388949871063,-15.9371894001961,NA,NA,0.479999989271164,-13.6933479309082,-12.785012057787,"NEDz",4.71209201310478,0.0558938197791576,0.836363617669452,0.504859481563253,0,13.6933479309082,0
1066,"4",17.77,"2026-05-12","09:35:05",0,"STABILIZE",12.837,47.5,609.7575,2.78586880874186,8.895,8895,115.5,NA,NA,NA,NA,21.4388949871063,-15.9371894001961,NA,NA,0.479999989271164,-13.6933479309082,-12.7849334938443,"NEDz",4.71209201310478,0.0558938197791576,0.836363617669452,0.504859481563253,0,13.6933479309082,0
1067,"4",17.78,"2026-05-12","09:35:06",0,"STABILIZE",12.837,47.5,609.7575,2.78586880874186,8.895,8895,115.5,NA,NA,NA,NA,21.4388949871063,-15.9371894001961,NA,NA,0.479999989271164,-13.6933479309082,-12.7848569222535,"NEDz",4.71209201310478,0.0558938197791576,0.836363617669452,0.504859481563253,0,13.6933479309082,0
1068,"4",17.8,"2026-05-12","09:35:07",0,"STABILIZE",12.837,47.5,609.7575,2.78586880874186,8.895,8895,115.5,NA,NA,NA,NA,21.4388949871063,-15.9371894001961,NA,NA,0.479999989271164,-13.6933479309082,-12.7847822588597,"NEDz",4.71209201310478,0.0558938197791576,0.836363617669452,0.504859481563253,0,13.6933479309082,0
1069,"4",17.82,"2026-05-12","09:35:08",0,"STABILIZE",12.837,47.5,609.7575,2.78586880874186,8.895,8895,115.5,NA,NA,NA,NA,21.4388949871063,-15.9371894001961,NA,NA,0.479999989271164,-13.6933479309082,-12.7847094195077,"NEDz",4.71209201310478,0.0558938197791576,0.836363617669452,0.504859481563253,0,13.6933479309082,0
1070,"4",17.83,"2026-05-12","09:35:09",0,"STABILIZE",12.837,47.5,609.7575,2.78586880874186,8.895,8895,115.5,NA,NA,NA,NA,21.4388949871063,-15.9371894001961,NA,NA,0.479999989271164,-13.6933479309082,-12.7846383200424,"NEDz",4.71209201310478,0.0558938197791576,0.836363617669452,0.504859481563253,0,13.6933479309082,0
1071,"4",17.85,"2026-05-12","09:35:10",0,"STABILIZE",12.837,47.5,609.7575,2.78586880874186,8.895,8895,115.5,NA,NA,NA,NA,21.4388949871063,-15.9371894001961,NA,NA,0.479999989271164,-13.6933479309082,-12.7845688763088,"NEDz",4.71209201310478,0.0558938197791576,0.836363617669452,0.504859481563253,0,13.6933479309082,0
1072,"4",17.87,"2026-05-12","09:35:11",0,"STABILIZE",12.837,47.5,609.7575,2.78586880874186,8.895,8895,115.5,NA,NA,NA,NA,21.4388949871063,-15.9371894001961,NA,NA,0.479999989271164,-13.6933479309082,-12.7845010041518,"NEDz",4.71209201310478,0.0558938197791576,0.836363617669452,0.504859481563253,0,13.6933479309082,0
1073,"4",17.88,"2026-05-12","09:35:12",0,"STABILIZE",12.837,47.5,609.7575,2.78586880874186,8.895,8895,115.5,NA,NA,NA,NA,21.4388949871063,-15.9371894001961,NA,NA,0.479999989271164,-13.6933479309082,-12.7844346194162,"NEDz",4.71209201310478,0.0558938197791576,0.836363617669452,0.504859481563253,0,13.6933479309082,0
1074,"4",17.9,"2026-05-12","09:35:13",0,"STABILIZE",12.837,47.5,609.7575,2.78586880874186,8.895,8895,115.5,NA,NA,NA,NA,21.4388949871063,-15.9371894001961,NA,NA,0.479999989271164,-13.6933479309082,-12.7843696379471,"NEDz",4.71209201310478,0.0558938197791576,0.836363617669452,0.504859481563253,0,13.6933479309082,0
1075,"4",17.92,"2026-05-12","09:35:14",0,"STABILIZE",12.837,47.5,609.7575,2.78586880874186,8.895,8895,115.5,NA,NA,NA,NA,21.4388949871063,-15.9371894001961,NA,NA,0.479999989271164,-13.6933479309082,-12.7843059755893,"NEDz",4.71209201310478,0.0558938197791576,0.836363617669452,0.504859481563253,0,13.6933479309082,0
1076,"4",17.93,"2026-05-12","09:35:15",0,"STABILIZE",12.837,47.5,609.7575,2.78586880874186,8.895,8895,115.5,NA,NA,NA,NA,21.4388949871063,-15.9371894001961,NA,NA,0.479999989271164,-13.6933479309082,-12.7842435481877,"NEDz",4.71209201310478,0.0558938197791576,0.836363617669452,0.504859481563253,0,13.6933479309082,0
1077,"4",17.95,"2026-05-12","09:35:16",0,"STABILIZE",12.837,47.5,609.7575,2.78586880874186,8.895,8895,115.5,NA,NA,NA,NA,21.4388949871063,-15.9371894001961,NA,NA,0.479999989271164,-13.6933479309082,-12.7841822715873,"NEDz",4.71209201310478,0.0558938197791576,0.836363617669452,0.504859481563253,0,13.6933479309082,0
1078,"4",17.97,"2026-05-12","09:35:17",0,"STABILIZE",12.837,47.5,609.7575,2.78586880874186,8.895,8895,115.5,NA,NA,NA,NA,21.4388949871063,-15.9371894001961,NA,NA,0.479999989271164,-13.6933479309082,-12.784122061633,"NEDz",4.71209201310478,0.0558938197791576,0.836363617669452,0.504859481563253,0,13.6933479309082,0
1079,"4",17.98,"2026-05-12","09:35:18",0,"STABILIZE",12.837,47.5,609.7575,2.78586880874186,8.895,8895,115.5,NA,NA,NA,NA,21.4388949871063,-15.9371894001961,NA,NA,0.479999989271164,-13.6933479309082,-12.7840628341697,"NEDz",4.71209201310478,0.0558938197791576,0.836363617669452,0.504859481563253,0,13.6933479309082,0
1080,"4",18,"2026-05-12","09:35:19",0,"STABILIZE",12.837,47.5,609.7575,2.78586880874186,8.895,8895,115.5,NA,NA,NA,NA,21.4388949871063,-15.9371894001961,NA,NA,0.479999989271164,-13.6933479309082,-12.7840045050423,"NEDz",4.71209201310478,0.0558938197791576,0.836363617669452,0.504859481563253,0,13.6933479309082,0
1081,"4",18.02,"2026-05-12","09:35:20",0,"STABILIZE",12.837,47.5,609.7575,2.78586880874186,8.895,8895,115.5,NA,NA,NA,NA,21.4388949871063,-15.9371894001961,NA,NA,0.479999989271164,-13.6933479309082,-12.7839469900957,"NEDz",4.71209201310478,0.0558938197791576,0.836363617669452,0.504859481563253,0,13.6933479309082,0
1082,"4",18.03,"2026-05-12","09:35:21",0,"STABILIZE",12.837,47.5,609.7575,2.78586880874186,8.895,8895,115.5,NA,NA,NA,NA,21.4388949871063,-15.9371894001961,NA,NA,0.479999989271164,-13.6933479309082,-12.7838902051749,"NEDz",4.71209201310478,0.0558938197791576,0.836363617669452,0.504859481563253,0,13.6933479309082,0
1083,"4",18.05,"2026-05-12","09:35:22",0,"STABILIZE",12.837,47.5,609.7575,2.78586880874186,8.895,8895,115.5,NA,NA,NA,NA,21.4388949871063,-15.9371894001961,NA,NA,0.479999989271164,-13.6933479309082,-12.7838340661248,"NEDz",4.71209201310478,0.0558938197791576,0.836363617669452,0.504859481563253,0,13.6933479309082,0
1084,"4",18.07,"2026-05-12","09:35:23",0,"STABILIZE",12.837,47.5,609.7575,2.78586880874186,8.895,8895,115.5,NA,NA,NA,NA,21.4388949871063,-15.9371894001961,NA,NA,0.479999989271164,-13.6933479309082,-12.7837784887902,"NEDz",4.71209201310478,0.0558938197791576,0.836363617669452,0.504859481563253,0,13.6933479309082,0
1085,"4",18.08,"2026-05-12","09:35:24",0,"STABILIZE",12.837,47.5,609.7575,2.78586880874186,8.895,8895,115.5,NA,NA,NA,NA,21.4388949871063,-15.9371894001961,NA,NA,0.479999989271164,-13.6933479309082,-12.7837233890162,"NEDz",4.71209201310478,0.0558938197791576,0.836363617669452,0.504859481563253,0,13.6933479309082,0
1086,"4",18.1,"2026-05-12","09:35:25",0,"STABILIZE",12.837,47.5,609.7575,2.78586880874186,8.895,8895,115.5,NA,NA,NA,NA,21.4388949871063,-15.9371894001961,NA,NA,0.479999989271164,-13.6933479309082,-12.7836686826476,"NEDz",4.71209201310478,0.0558938197791576,0.836363617669452,0.504859481563253,0,13.6933479309082,0
1087,"4",18.12,"2026-05-12","09:35:26",0,"STABILIZE",12.837,47.5,609.7575,2.78586880874186,8.895,8895,115.5,NA,NA,NA,NA,21.4388949871063,-15.9371894001961,NA,NA,0.479999989271164,-13.6933479309082,-12.7836142855293,"NEDz",4.71209201310478,0.0558938197791576,0.836363617669452,0.504859481563253,0,13.6933479309082,0
1088,"4",18.13,"2026-05-12","09:35:27",0,"STABILIZE",12.837,47.5,609.7575,2.78586880874186,8.895,8895,115.5,NA,NA,NA,NA,31.1074683666229,-14.2342370152473,NA,NA,0.479999989271164,-12.3085403442383,-11.3987525268364,"NEDz",4.71209201310478,0.0558938197791576,0.836363617669452,0.504859481563253,9.81740077721693,12.3085403442383,0
1089,"4",18.15,"2026-05-12","09:35:28",0,"STABILIZE",12.837,47.5,609.7575,2.78586880874186,8.895,8895,115.5,NA,NA,NA,NA,31.1074683666229,-14.2342370152473,NA,NA,0.479999989271164,-12.3085403442383,-11.3986984957536,"NEDz",4.71209201310478,0.0558938197791576,0.836363617669452,0.504859481563253,0,12.3085403442383,0
1090,"4",18.17,"2026-05-12","09:35:29",0,"STABILIZE",12.837,47.5,609.7575,2.78586880874186,8.895,8895,115.5,NA,NA,NA,NA,31.1074683666229,-14.2342370152473,NA,NA,0.479999989271164,-12.3085403442383,-11.3986445214559,"NEDz",4.71209201310478,0.0558938197791576,0.836363617669452,0.504859481563253,0,12.3085403442383,0
1091,"4",18.18,"2026-05-12","09:35:30",0,"STABILIZE",12.837,47.5,609.7575,2.78586880874186,8.895,8895,115.5,NA,NA,NA,NA,31.1074683666229,-14.2342370152473,NA,NA,0.479999989271164,-12.3085403442383,-11.3985905197882,"NEDz",4.71209201310478,0.0558938197791576,0.836363617669452,0.504859481563253,0,12.3085403442383,0
1092,"4",18.2,"2026-05-12","09:35:31",0,"STABILIZE",12.837,47.5,609.7575,2.78586880874186,8.895,8895,115.5,NA,NA,NA,NA,31.1074683666229,-14.2342370152473,NA,NA,0.479999989271164,-12.3085403442383,-11.3985364065955,"NEDz",4.71209201310478,0.0558938197791576,0.836363617669452,0.504859481563253,0,12.3085403442383,0
1093,"4",18.22,"2026-05-12","09:35:32",0,"STABILIZE",12.837,47.5,609.7575,2.78586880874186,8.895,8895,115.5,NA,NA,NA,NA,31.1074683666229,-14.2342370152473,NA,NA,0.479999989271164,-12.3085403442383,-11.3984820977226,"NEDz",4.71209201310478,0.0558938197791576,0.836363617669452,0.504859481563253,0,12.3085403442383,0
1094,"4",18.23,"2026-05-12","09:35:33",0,"STABILIZE",12.837,47.5,609.7575,2.78586880874186,8.895,8895,115.5,NA,NA,NA,NA,31.1074683666229,-14.2342370152473,NA,NA,0.709999978542328,-12.3085403442383,-11.6284274982856,"NEDz",4.71209201310478,0.0558938197791576,1.23712117473284,1.10459922157136,0,12.3085403442383,0
1095,"4",18.25,"2026-05-12","09:35:35",0,"STABILIZE",12.837,47.5,609.7575,2.78586880874186,8.895,8895,115.5,NA,NA,NA,NA,31.1074683666229,-14.2342370152473,NA,NA,0.709999978542328,-12.3085403442383,-11.6283171447433,"NEDz",4.71209201310478,0.0558938197791576,1.23712117473284,1.10459922157136,0,12.3085403442383,0
1096,"4",18.27,"2026-05-12","09:35:36",0,"STABILIZE",12.837,47.5,609.7575,2.78586880874186,8.895,8895,115.5,NA,NA,NA,NA,31.1074683666229,-14.2342370152473,NA,NA,0.709999978542328,-12.3085403442383,-11.628261211599,"NEDz",4.71209201310478,0.0558938197791576,1.23712117473284,1.10459922157136,0,12.3085403442383,0
1097,"4",18.28,"2026-05-12","09:35:37",0,"STABILIZE",12.837,47.5,609.7575,2.78586880874186,8.895,8895,115.5,NA,NA,NA,NA,31.1074683666229,-14.2342370152473,NA,NA,0.709999978542328,-12.3085403442383,-11.6282046619991,"NEDz",4.71209201310478,0.0558938197791576,1.23712117473284,1.10459922157136,0,12.3085403442383,0
1098,"4",18.3,"2026-05-12","09:35:39",0,"STABILIZE",12.837,47.5,609.7575,2.78586880874186,8.895,8895,115.5,NA,NA,NA,NA,31.1074683666229,-14.2342370152473,NA,NA,0.709999978542328,-12.3085403442383,-11.6280893768124,"NEDz",4.71209201310478,0.0558938197791576,1.23712117473284,1.10459922157136,0,12.3085403442383,0
1099,"4",18.32,"2026-05-12","09:35:40",0,"STABILIZE",12.837,47.5,609.7575,2.78586880874186,8.895,8895,115.5,NA,NA,NA,NA,31.1074683666229,-14.2342370152473,NA,NA,0.709999978542328,-12.3085403442383,-11.6280304729154,"NEDz",4.71209201310478,0.0558938197791576,1.23712117473284,1.10459922157136,0,12.3085403442383,0
1100,"4",18.33,"2026-05-12","09:35:41",0,"STABILIZE",12.837,47.5,609.7575,2.78586880874186,8.895,8895,115.5,NA,NA,NA,NA,31.1074683666229,-14.2342370152473,NA,NA,0.709999978542328,-12.3085403442383,-11.6279706159425,"NEDz",4.71209201310478,0.0558938197791576,1.23712117473284,1.10459922157136,0,12.3085403442383,0
1101,"4",18.35,"2026-05-12","09:35:42",0,"STABILIZE",12.837,47.5,609.7575,2.78586880874186,8.895,8895,115.5,NA,NA,NA,NA,31.1074683666229,-14.2342370152473,NA,NA,0.709999978542328,-12.3085403442383,-11.6279097217386,"NEDz",4.71209201310478,0.0558938197791576,1.23712117473284,1.10459922157136,0,12.3085403442383,0
1102,"4",18.37,"2026-05-12","09:35:43",0,"STABILIZE",12.837,47.5,609.7575,2.78586880874186,11.329,11329,146.972222222222,NA,NA,NA,NA,31.1074683666229,-14.2342370152473,NA,NA,0.709999978542328,-12.3085403442383,-11.6278477061487,"NEDz",4.71209201310478,0.0558938197791576,1.23712117473284,1.10459922157136,0,12.3085403442383,0
1103,"4",18.38,"2026-05-12","09:35:44",0,"STABILIZE",12.837,47.5,609.7575,2.78586880874186,11.329,11329,146.972222222222,NA,NA,NA,NA,31.1074683666229,-14.2342370152473,NA,NA,0.709999978542328,-12.3085403442383,-11.6277844850177,"NEDz",4.71209201310478,0.0558938197791576,1.23712117473284,1.10459922157136,0,12.3085403442383,0
1104,"4",18.4,"2026-05-12","09:35:45",0,"STABILIZE",12.837,47.5,609.7575,2.78586880874186,11.329,11329,146.972222222222,NA,NA,NA,NA,31.1074683666229,-14.2342370152473,NA,NA,0.709999978542328,-12.3085403442383,-11.6277199741904,"NEDz",4.71209201310478,0.0558938197791576,1.23712117473284,1.10459922157136,0,12.3085403442383,0
1105,"4",18.42,"2026-05-12","09:35:47",0,"STABILIZE",12.837,47.5,609.7575,2.78586880874186,11.329,11329,146.972222222222,NA,NA,NA,NA,31.1074683666229,-14.2342370152473,NA,NA,0.709999978542328,-12.3085403442383,-11.627586746827,"NEDz",4.71209201310478,0.0558938197791576,1.23712117473284,1.10459922157136,0,12.3085403442383,0
1106,"4",18.43,"2026-05-12","09:35:48",0,"STABILIZE",12.837,47.5,609.7575,2.78586880874186,11.329,11329,146.972222222222,NA,NA,NA,NA,31.1074683666229,-14.2342370152473,NA,NA,0.709999978542328,-12.3085403442383,-11.6275178619806,"NEDz",4.71209201310478,0.0558938197791576,1.23712117473284,1.10459922157136,0,12.3085403442383,0
1107,"4",18.45,"2026-05-12","09:35:49",0,"STABILIZE",12.837,47.5,609.7575,2.78586880874186,11.329,11329,146.972222222222,NA,NA,NA,NA,31.1074683666229,-14.2342370152473,NA,NA,0.709999978542328,-12.3085403442383,-11.6274473508177,"NEDz",4.71209201310478,0.0558938197791576,1.23712117473284,1.10459922157136,0,12.3085403442383,0
1108,"4",18.47,"2026-05-12","09:35:50",0,"STABILIZE",12.837,47.5,609.7575,2.78586880874186,11.329,11329,146.972222222222,NA,NA,NA,NA,31.1074683666229,-14.2342370152473,NA,NA,0.709999978542328,-12.3085403442383,-11.6273751291831,"NEDz",4.71209201310478,0.0558938197791576,1.23712117473284,1.10459922157136,0,12.3085403442383,0
1109,"4",18.48,"2026-05-12","09:35:51",0,"STABILIZE",12.837,47.5,609.7575,2.78586880874186,11.329,11329,146.972222222222,NA,NA,NA,NA,31.1074683666229,-14.2342370152473,NA,NA,0.709999978542328,-12.3085403442383,-11.6273011129219,"NEDz",4.71209201310478,0.0558938197791576,1.23712117473284,1.10459922157136,0,12.3085403442383,0
1110,"4",18.5,"2026-05-12","09:35:52",0,"STABILIZE",12.837,47.5,609.7575,2.78586880874186,11.329,11329,146.972222222222,NA,NA,NA,NA,31.1074683666229,-14.2342370152473,NA,NA,0.709999978542328,-12.3085403442383,-11.6272252178789,"NEDz",4.71209201310478,0.0558938197791576,1.23712117473284,1.10459922157136,0,12.3085403442383,0
1111,"4",18.52,"2026-05-12","09:35:53",0,"STABILIZE",12.837,47.5,609.7575,2.78586880874186,11.329,11329,146.972222222222,NA,NA,NA,NA,31.1074683666229,-14.2342370152473,NA,NA,0.709999978542328,-12.3085403442383,-11.627147359899,"NEDz",4.71209201310478,0.0558938197791576,1.23712117473284,1.10459922157136,0,12.3085403442383,0
1112,"4",18.53,"2026-05-12","09:35:55",0,"STABILIZE",12.837,47.5,609.7575,2.78586880874186,11.329,11329,146.972222222222,NA,NA,NA,NA,38.0565574169159,-13.8427394032478,NA,NA,0.709999978542328,-11.4768981933594,-10.7953432676294,"NEDz",4.71209201310478,0.0558938197791576,1.23712117473284,1.10459922157136,6.96010840498213,11.4768981933594,0
1113,"4",18.55,"2026-05-12","09:35:56",0,"STABILIZE",12.8483333333333,46.8666666666667,602.154966666667,2.78042890836193,11.329,11329,146.972222222222,NA,NA,NA,NA,38.0565574169159,-13.8427394032478,NA,NA,0.709999978542328,-11.4768981933594,-10.7952590159084,"NEDz",4.71209201310478,0.0558938197791576,1.23712117473284,1.10459922157136,0,11.4768981933594,0
1114,"4",18.57,"2026-05-12","09:35:57",0,"STABILIZE",12.854,46.55,598.3537,2.7776831907098,11.329,11329,146.972222222222,NA,NA,NA,NA,38.0565574169159,-13.8427394032478,NA,NA,0.709999978542328,-11.4768981933594,-10.7951724646302,"NEDz",4.71209201310478,0.0558938197791576,1.23712117473284,1.10459922157136,0,11.4768981933594,0
1115,"4",18.58,"2026-05-12","09:35:58",0,"STABILIZE",12.854,46.55,598.3537,2.7776831907098,11.329,11329,146.972222222222,NA,NA,NA,NA,38.0565574169159,-13.8427394032478,NA,NA,0.709999978542328,-11.4768981933594,-10.7950835296398,"NEDz",4.71209201310478,0.0558938197791576,1.23712117473284,1.10459922157136,0,11.4768981933594,0
1116,"4",18.6,"2026-05-12","09:35:59",0,"STABILIZE",12.854,46.55,598.3537,2.7776831907098,11.329,11329,146.972222222222,NA,NA,NA,NA,38.0565574169159,-13.8427394032478,NA,NA,0.709999978542328,-11.4768981933594,-10.794992126782,"NEDz",4.71209201310478,0.0558938197791576,1.23712117473284,1.10459922157136,0,11.4768981933594,0
1117,"4",18.62,"2026-05-12","09:36:00",0,"STABILIZE",12.854,46.55,598.3537,2.7776831907098,11.329,11329,146.972222222222,NA,NA,NA,NA,38.0565574169159,-13.8427394032478,NA,NA,0.709999978542328,-11.4768981933594,-10.7948981719017,"NEDz",4.71209201310478,0.0558938197791576,1.23712117473284,1.10459922157136,0,11.4768981933594,0
1118,"4",18.63,"2026-05-12","09:36:01",0,"STABILIZE",12.854,46.55,598.3537,2.7776831907098,11.329,11329,146.972222222222,NA,NA,NA,NA,38.0565574169159,-13.8427394032478,NA,NA,0.709999978542328,-11.4768981933594,-10.7948016062617,"NEDz",4.71209201310478,0.0558938197791576,1.23712117473284,1.10459922157136,0,11.4768981933594,0
1119,"4",18.65,"2026-05-12","09:36:02",0,"STABILIZE",12.854,46.55,598.3537,2.7776831907098,11.329,11329,146.972222222222,NA,NA,NA,NA,38.0565574169159,-13.8427394032478,NA,NA,0.709999978542328,-11.4768981933594,-10.7947024727957,"NEDz",4.71209201310478,0.0558938197791576,1.23712117473284,1.10459922157136,0,11.4768981933594,0
1120,"4",18.67,"2026-05-12","09:36:03",0,"STABILIZE",12.854,46.55,598.3537,2.7776831907098,11.329,11329,146.972222222222,NA,NA,NA,NA,38.0565574169159,-13.8427394032478,NA,NA,0.709999978542328,-11.4768981933594,-10.7946008398554,"NEDz",4.71209201310478,0.0558938197791576,1.23712117473284,1.10459922157136,0,11.4768981933594,0
1121,"4",18.68,"2026-05-12","09:36:04",0,"STABILIZE",12.854,46.55,598.3537,2.7776831907098,11.329,11329,146.972222222222,NA,NA,NA,NA,38.0565574169159,-13.8427394032478,NA,NA,0.709999978542328,-11.4768981933594,-10.7944967757922,"NEDz",4.71209201310478,0.0558938197791576,1.23712117473284,1.10459922157136,0,11.4768981933594,0
1122,"4",18.7,"2026-05-12","09:36:05",0,"STABILIZE",12.854,46.55,598.3537,2.7776831907098,11.329,11329,146.972222222222,NA,NA,NA,NA,38.0565574169159,-13.8427394032478,NA,NA,0.709999978542328,-11.4768981933594,-10.7943903489577,"NEDz",4.71209201310478,0.0558938197791576,1.23712117473284,1.10459922157136,0,11.4768981933594,0
1123,"4",18.72,"2026-05-12","09:36:06",0,"STABILIZE",12.854,46.55,598.3537,2.7776831907098,11.329,11329,146.972222222222,NA,NA,NA,NA,38.0565574169159,-13.8427394032478,NA,NA,0.709999978542328,-11.4768981933594,-10.7942816277035,"NEDz",4.71209201310478,0.0558938197791576,1.23712117473284,1.10459922157136,0,11.4768981933594,0
1124,"4",18.73,"2026-05-12","09:36:07",0,"STABILIZE",12.854,46.55,598.3537,2.7776831907098,11.329,11329,146.972222222222,NA,NA,NA,NA,38.0565574169159,-13.8427394032478,NA,NA,0.709999978542328,-11.4768981933594,-10.7941706803811,"NEDz",4.71209201310478,0.0558938197791576,1.23712117473284,1.10459922157136,0,11.4768981933594,0
1125,"4",18.75,"2026-05-12","09:36:08",0,"STABILIZE",12.854,46.55,598.3537,2.7776831907098,11.329,11329,146.972222222222,NA,NA,NA,NA,38.0565574169159,-13.8427394032478,NA,NA,0.709999978542328,-11.4768981933594,-10.7940575753421,"NEDz",4.71209201310478,0.0558938197791576,1.23712117473284,1.10459922157136,0,11.4768981933594,0
1126,"4",18.77,"2026-05-12","09:36:09",0,"STABILIZE",12.854,46.55,598.3537,2.7776831907098,11.329,11329,146.972222222222,NA,NA,NA,NA,38.0565574169159,-13.8427394032478,NA,NA,0.709999978542328,-11.4768981933594,-10.7939423809381,"NEDz",4.71209201310478,0.0558938197791576,1.23712117473284,1.10459922157136,0,11.4768981933594,0
1127,"4",18.78,"2026-05-12","09:36:10",0,"STABILIZE",12.854,46.55,598.3537,2.7776831907098,11.329,11329,146.972222222222,NA,NA,NA,NA,38.0565574169159,-13.8427394032478,NA,NA,0.709999978542328,-11.4768981933594,-10.7938251655205,"NEDz",4.71209201310478,0.0558938197791576,1.23712117473284,1.10459922157136,0,11.4768981933594,0
1128,"4",18.8,"2026-05-12","09:36:11",0,"STABILIZE",12.854,46.55,598.3537,2.7776831907098,11.329,11329,146.972222222222,NA,NA,NA,NA,38.0565574169159,-13.8427394032478,NA,NA,0.709999978542328,-11.4768981933594,-10.7937059974411,"NEDz",4.71209201310478,0.0558938197791576,1.23712117473284,1.10459922157136,0,11.4768981933594,0
1129,"4",18.82,"2026-05-12","09:36:12",0,"STABILIZE",12.854,46.55,598.3537,2.7776831907098,11.329,11329,146.972222222222,NA,NA,NA,NA,38.0565574169159,-13.8427394032478,NA,NA,0.709999978542328,-11.4768981933594,-10.7935849450512,"NEDz",4.71209201310478,0.0558938197791576,1.23712117473284,1.10459922157136,0,11.4768981933594,0
1130,"4",18.83,"2026-05-12","09:36:13",0,"STABILIZE",12.854,46.55,598.3537,2.7776831907098,11.329,11329,146.972222222222,NA,NA,NA,NA,38.0565574169159,-13.8427394032478,NA,NA,0.709999978542328,-11.4768981933594,-10.7934620767026,"NEDz",4.71209201310478,0.0558938197791576,1.23712117473284,1.10459922157136,0,11.4768981933594,0
1131,"4",18.85,"2026-05-12","09:36:14",0,"STABILIZE",12.854,46.55,598.3537,2.7776831907098,11.329,11329,146.972222222222,NA,NA,NA,NA,42.7681548595428,-14.8455355763435,NA,NA,0.709999978542328,-10.842188835144,-10.1586281025314,"NEDz",4.71209201310478,0.0558938197791576,1.23712117473284,1.10459922157136,4.81713095380894,10.842188835144,0
1132,"4",18.87,"2026-05-12","09:36:15",0,"STABILIZE",12.854,46.55,598.3537,2.7776831907098,11.329,11329,146.972222222222,NA,NA,NA,NA,42.7681548595428,-14.8455355763435,NA,NA,0.709999978542328,-10.842188835144,-10.1585018073198,"NEDz",4.71209201310478,0.0558938197791576,1.23712117473284,1.10459922157136,0,10.842188835144,0
1133,"4",18.88,"2026-05-12","09:36:16",0,"STABILIZE",12.854,46.55,598.3537,2.7776831907098,11.329,11329,146.972222222222,NA,NA,NA,NA,42.7681548595428,-14.8455355763435,NA,NA,0.709999978542328,-10.842188835144,-10.158373901204,"NEDz",4.71209201310478,0.0558938197791576,1.23712117473284,1.10459922157136,0,10.842188835144,0
1134,"4",18.9,"2026-05-12","09:36:17",0,"STABILIZE",12.854,46.55,598.3537,2.7776831907098,11.329,11329,146.972222222222,NA,NA,NA,NA,42.7681548595428,-14.8455355763435,NA,NA,0.709999978542328,-10.842188835144,-10.1582444525357,"NEDz",4.71209201310478,0.0558938197791576,1.23712117473284,1.10459922157136,0,10.842188835144,0
1135,"4",18.92,"2026-05-12","09:36:18",0,"STABILIZE",12.854,46.55,598.3537,2.7776831907098,11.329,11329,146.972222222222,NA,NA,NA,NA,42.7681548595428,-14.8455355763435,NA,NA,0.709999978542328,-10.842188835144,-10.1581135296664,"NEDz",4.71209201310478,0.0558938197791576,1.23712117473284,1.10459922157136,0,10.842188835144,0
1136,"4",18.93,"2026-05-12","09:36:19",0,"STABILIZE",12.854,46.55,598.3537,2.7776831907098,11.329,11329,146.972222222222,NA,NA,NA,NA,42.7681548595428,-14.8455355763435,NA,NA,0.709999978542328,-10.842188835144,-10.1579812009476,"NEDz",4.71209201310478,0.0558938197791576,1.23712117473284,1.10459922157136,0,10.842188835144,0
1137,"4",18.95,"2026-05-12","09:36:20",0,"STABILIZE",12.854,46.55,598.3537,2.7776831907098,11.329,11329,146.972222222222,NA,NA,NA,NA,42.7681548595428,-14.8455355763435,NA,NA,0.709999978542328,-10.842188835144,-10.157847534731,"NEDz",4.71209201310478,0.0558938197791576,1.23712117473284,1.10459922157136,0,10.842188835144,0
1138,"4",18.97,"2026-05-12","09:36:21",0,"STABILIZE",12.854,46.55,598.3537,2.7776831907098,11.329,11329,146.972222222222,NA,NA,NA,NA,42.7681548595428,-14.8455355763435,NA,NA,0.709999978542328,-10.842188835144,-10.157712599368,"NEDz",4.71209201310478,0.0558938197791576,1.23712117473284,1.10459922157136,0,10.842188835144,0
1139,"4",18.98,"2026-05-12","09:36:22",0,"STABILIZE",12.854,46.55,598.3537,2.7776831907098,11.329,11329,146.972222222222,NA,NA,NA,NA,42.7681548595428,-14.8455355763435,NA,NA,0.709999978542328,-10.842188835144,-10.1575764632102,"NEDz",4.71209201310478,0.0558938197791576,1.23712117473284,1.10459922157136,0,10.842188835144,0
1140,"4",19,"2026-05-12","09:36:23",0,"STABILIZE",12.854,46.55,598.3537,2.7776831907098,11.329,11329,146.972222222222,NA,NA,NA,NA,42.7681548595428,-14.8455355763435,NA,NA,0.709999978542328,-10.842188835144,-10.1574391946091,"NEDz",4.71209201310478,0.0558938197791576,1.23712117473284,1.10459922157136,0,10.842188835144,0
1141,"4",19.02,"2026-05-12","09:36:24",0,"STABILIZE",12.854,46.55,598.3537,2.7776831907098,11.329,11329,146.972222222222,NA,NA,NA,NA,42.7681548595428,-14.8455355763435,NA,NA,0.709999978542328,-10.842188835144,-10.1573008619165,"NEDz",4.71209201310478,0.0558938197791576,1.23712117473284,1.10459922157136,0,10.842188835144,0
1142,"4",19.03,"2026-05-12","09:36:25",0,"STABILIZE",12.854,46.55,598.3537,2.7776831907098,11.329,11329,146.972222222222,NA,NA,NA,NA,42.7681548595428,-14.8455355763435,NA,NA,0.709999978542328,-10.842188835144,-10.1571615334837,"NEDz",4.71209201310478,0.0558938197791576,1.23712117473284,1.10459922157136,0,10.842188835144,0
1143,"4",19.05,"2026-05-12","09:36:26",0,"STABILIZE",12.854,46.55,598.3537,2.7776831907098,11.329,11329,146.972222222222,NA,NA,NA,NA,42.7681548595428,-14.8455355763435,NA,NA,0.709999978542328,-10.842188835144,-10.1570212776624,"NEDz",4.71209201310478,0.0558938197791576,1.23712117473284,1.10459922157136,0,10.842188835144,0
1144,"4",19.07,"2026-05-12","09:36:27",0,"STABILIZE",12.854,46.55,598.3537,2.7776831907098,11.329,11329,146.972222222222,NA,NA,NA,NA,42.7681548595428,-14.8455355763435,NA,NA,0.709999978542328,-10.842188835144,-10.1568801628041,"NEDz",4.71209201310478,0.0558938197791576,1.23712117473284,1.10459922157136,0,10.842188835144,0
1145,"4",19.08,"2026-05-12","09:36:28",0,"STABILIZE",12.854,46.55,598.3537,2.7776831907098,11.329,11329,146.972222222222,NA,NA,NA,NA,42.7681548595428,-14.8455355763435,NA,NA,0.709999978542328,-10.842188835144,-10.1567382572603,"NEDz",4.71209201310478,0.0558938197791576,1.23712117473284,1.10459922157136,0,10.842188835144,0
1146,"4",19.1,"2026-05-12","09:36:30",0,"STABILIZE",12.854,46.55,598.3537,2.7776831907098,11.329,11329,146.972222222222,NA,NA,NA,NA,42.7681548595428,-14.8455355763435,NA,NA,0.709999978542328,-10.842188835144,-10.1564523475228,"NEDz",4.71209201310478,0.0558938197791576,1.23712117473284,1.10459922157136,0,10.842188835144,0
1147,"4",19.12,"2026-05-12","09:36:31",0,"STABILIZE",12.854,46.55,598.3537,2.7776831907098,11.329,11329,146.972222222222,NA,NA,NA,NA,42.7681548595428,-14.8455355763435,NA,NA,0.709999978542328,-10.842188835144,-10.1563084800322,"NEDz",4.71209201310478,0.0558938197791576,1.23712117473284,1.10459922157136,0,10.842188835144,0
1148,"4",19.13,"2026-05-12","09:36:32",0,"STABILIZE",12.854,46.55,598.3537,2.7776831907098,11.329,11329,146.972222222222,NA,NA,NA,NA,42.7681548595428,-14.8455355763435,NA,NA,0.709999978542328,-10.842188835144,-10.1561640952624,"NEDz",4.71209201310478,0.0558938197791576,1.23712117473284,1.10459922157136,0,10.842188835144,0
1149,"4",19.15,"2026-05-12","09:36:33",0,"STABILIZE",12.854,46.55,598.3537,2.7776831907098,11.329,11329,146.972222222222,NA,NA,NA,NA,42.7681548595428,-14.8455355763435,NA,NA,0.709999978542328,-10.842188835144,-10.1560192615649,"NEDz",4.71209201310478,0.0558938197791576,1.23712117473284,1.10459922157136,0,10.842188835144,0
1150,"4",19.17,"2026-05-12","09:36:34",0,"STABILIZE",12.854,46.55,598.3537,2.7776831907098,11.329,11329,146.972222222222,NA,NA,NA,NA,42.7681548595428,-14.8455355763435,NA,NA,0.709999978542328,-10.842188835144,-10.1558740472913,"NEDz",4.71209201310478,0.0558938197791576,1.23712117473284,1.10459922157136,0,10.842188835144,0
1151,"4",19.18,"2026-05-12","09:36:35",0,"STABILIZE",12.854,46.55,598.3537,2.7776831907098,11.329,11329,146.972222222222,NA,NA,NA,NA,42.7681548595428,-14.8455355763435,NA,NA,0.709999978542328,-10.842188835144,-10.1557285207933,"NEDz",4.71209201310478,0.0558938197791576,1.23712117473284,1.10459922157136,0,10.842188835144,0
1152,"4",19.2,"2026-05-12","09:36:36",0,"STABILIZE",12.854,46.55,598.3537,2.7776831907098,11.329,11329,146.972222222222,NA,NA,NA,NA,42.7681548595428,-14.8455355763435,NA,NA,0.709999978542328,-10.842188835144,-10.1555827504223,"NEDz",4.71209201310478,0.0558938197791576,1.23712117473284,1.10459922157136,0,10.842188835144,0
1153,"4",19.22,"2026-05-12","09:36:37",0,"STABILIZE",12.854,46.55,598.3537,2.7776831907098,11.329,11329,146.972222222222,NA,NA,NA,NA,42.7681548595428,-14.8455355763435,NA,NA,0.709999978542328,-10.842188835144,-10.1554368045299,"NEDz",4.71209201310478,0.0558938197791576,1.23712117473284,1.10459922157136,0,10.842188835144,0
1154,"4",19.23,"2026-05-12","09:36:38",0,"STABILIZE",12.854,46.55,598.3537,2.7776831907098,11.329,11329,146.972222222222,NA,NA,NA,NA,42.7681548595428,-14.8455355763435,NA,NA,0.709999978542328,-10.842188835144,-10.1552907514677,"NEDz",4.71209201310478,0.0558938197791576,1.23712117473284,1.10459922157136,0,10.842188835144,0
1155,"4",19.25,"2026-05-12","09:36:39",0,"STABILIZE",12.854,46.55,598.3537,2.7776831907098,11.329,11329,146.972222222222,NA,NA,NA,NA,42.7681548595428,-14.8455355763435,NA,NA,0.709999978542328,-10.842188835144,-10.1551446595872,"NEDz",4.71209201310478,0.0558938197791576,1.23712117473284,1.10459922157136,0,10.842188835144,0
1156,"4",19.27,"2026-05-12","09:36:40",0,"STABILIZE",12.854,46.55,598.3537,2.7776831907098,11.329,11329,146.972222222222,NA,NA,NA,NA,42.7681548595428,-14.8455355763435,NA,NA,0.709999978542328,-10.842188835144,-10.1549985972399,"NEDz",4.71209201310478,0.0558938197791576,1.23712117473284,1.10459922157136,0,10.842188835144,0
1157,"4",19.28,"2026-05-12","09:36:41",0,"STABILIZE",12.854,46.55,598.3537,2.7776831907098,11.329,11329,146.972222222222,NA,NA,NA,NA,42.7681548595428,-14.8455355763435,NA,NA,0.709999978542328,-10.842188835144,-10.1548526327776,"NEDz",4.71209201310478,0.0558938197791576,1.23712117473284,1.10459922157136,0,10.842188835144,0
1158,"4",19.3,"2026-05-12","09:36:42",0,"STABILIZE",12.854,46.55,598.3537,2.7776831907098,11.329,11329,146.972222222222,NA,NA,NA,NA,42.7681548595428,-14.8455355763435,NA,NA,0.709999978542328,-10.842188835144,-10.1547068345516,"NEDz",4.71209201310478,0.0558938197791576,1.23712117473284,1.10459922157136,0,10.842188835144,0
1159,"4",19.32,"2026-05-12","09:36:43",0,"STABILIZE",12.854,46.55,598.3537,2.7776831907098,11.329,11329,146.972222222222,NA,NA,NA,NA,42.7681548595428,-14.8455355763435,NA,NA,0.709999978542328,-10.842188835144,-10.1545612709136,"NEDz",4.71209201310478,0.0558938197791576,1.23712117473284,1.10459922157136,0,10.842188835144,0
1160,"4",19.33,"2026-05-12","09:36:44",0,"STABILIZE",12.854,46.55,598.3537,2.7776831907098,11.329,11329,146.972222222222,NA,NA,NA,NA,42.7681548595428,-14.8455355763435,NA,NA,0.709999978542328,-10.842188835144,-10.1544160102151,"NEDz",4.71209201310478,0.0558938197791576,1.23712117473284,1.10459922157136,0,10.842188835144,0
1161,"4",19.35,"2026-05-12","09:36:45",0,"STABILIZE",12.854,46.55,598.3537,2.7776831907098,11.329,11329,146.972222222222,NA,NA,NA,NA,42.7681548595428,-14.8455355763435,NA,NA,0.709999978542328,-10.842188835144,-10.1542711208077,"NEDz",4.71209201310478,0.0558938197791576,1.23712117473284,1.10459922157136,0,10.842188835144,0
1162,"4",19.37,"2026-05-12","09:36:46",0,"STABILIZE",12.854,46.55,598.3537,2.7776831907098,11.329,11329,146.972222222222,NA,NA,NA,NA,42.7681548595428,-14.8455355763435,NA,NA,0.709999978542328,-10.842188835144,-10.1541266710429,"NEDz",4.71209201310478,0.0558938197791576,1.23712117473284,1.10459922157136,0,10.842188835144,0
1163,"4",19.38,"2026-05-12","09:36:47",0,"STABILIZE",12.854,46.55,598.3537,2.7776831907098,11.329,11329,146.972222222222,NA,NA,NA,NA,42.7681548595428,-14.8455355763435,NA,NA,0.709999978542328,-10.842188835144,-10.1539827292723,"NEDz",4.71209201310478,0.0558938197791576,1.23712117473284,1.10459922157136,0,10.842188835144,0
1164,"4",19.4,"2026-05-12","09:36:48",0,"STABILIZE",12.854,46.55,598.3537,2.7776831907098,11.329,11329,146.972222222222,NA,NA,NA,NA,42.7681548595428,-14.8455355763435,NA,NA,0.709999978542328,-10.842188835144,-10.1538393638475,"NEDz",4.71209201310478,0.0558938197791576,1.23712117473284,1.10459922157136,0,10.842188835144,0
1165,"4",19.42,"2026-05-12","09:36:49",0,"STABILIZE",12.854,46.55,598.3537,2.7776831907098,11.329,11329,146.972222222222,NA,NA,NA,NA,42.7681548595428,-14.8455355763435,NA,NA,0.709999978542328,-10.842188835144,-10.15369664312,"NEDz",4.71209201310478,0.0558938197791576,1.23712117473284,1.10459922157136,0,10.842188835144,0
1166,"4",19.43,"2026-05-12","09:36:50",0,"STABILIZE",12.854,46.55,598.3537,2.7776831907098,11.329,11329,146.972222222222,NA,NA,NA,NA,42.7681548595428,-14.8455355763435,NA,NA,0.709999978542328,-10.842188835144,-10.1535546354414,"NEDz",4.71209201310478,0.0558938197791576,1.23712117473284,1.10459922157136,0,10.842188835144,0
1167,"4",19.45,"2026-05-12","09:36:51",0,"STABILIZE",12.854,46.55,598.3537,2.7776831907098,11.329,11329,146.972222222222,NA,NA,NA,NA,42.7681548595428,-14.8455355763435,NA,NA,0.709999978542328,-10.842188835144,-10.1534134091632,"NEDz",4.71209201310478,0.0558938197791576,1.23712117473284,1.10459922157136,0,10.842188835144,0
1168,"4",19.47,"2026-05-12","09:36:52",0,"STABILIZE",12.854,46.55,598.3537,2.7776831907098,11.329,11329,146.972222222222,NA,NA,NA,NA,42.7681548595428,-14.8455355763435,NA,NA,0.709999978542328,-10.842188835144,-10.153273032637,"NEDz",4.71209201310478,0.0558938197791576,1.23712117473284,1.10459922157136,0,10.842188835144,0
1169,"4",19.48,"2026-05-12","09:36:53",0,"STABILIZE",12.854,46.55,598.3537,2.7776831907098,11.329,11329,146.972222222222,NA,NA,NA,NA,42.7681548595428,-14.8455355763435,NA,NA,0.709999978542328,-10.842188835144,-10.1531335742144,"NEDz",4.71209201310478,0.0558938197791576,1.23712117473284,1.10459922157136,0,10.842188835144,0
1170,"4",19.5,"2026-05-12","09:36:54",0,"STABILIZE",12.854,46.55,598.3537,2.7776831907098,11.329,11329,146.972222222222,NA,NA,NA,NA,42.7681548595428,-14.8455355763435,NA,NA,0.709999978542328,-10.842188835144,-10.1529951022469,"NEDz",4.71209201310478,0.0558938197791576,1.23712117473284,1.10459922157136,0,10.842188835144,0
1171,"4",19.52,"2026-05-12","09:36:55",0,"STABILIZE",12.854,46.55,598.3537,2.7776831907098,11.329,11329,146.972222222222,NA,NA,NA,NA,42.7681548595428,-14.8455355763435,NA,NA,0.709999978542328,-10.842188835144,-10.152857685086,"NEDz",4.71209201310478,0.0558938197791576,1.23712117473284,1.10459922157136,0,10.842188835144,0
1172,"4",19.53,"2026-05-12","09:36:56",0,"STABILIZE",12.854,46.55,598.3537,2.7776831907098,11.329,11329,146.972222222222,NA,NA,NA,NA,42.7681548595428,-14.8455355763435,NA,NA,0.709999978542328,-10.842188835144,-10.1527213910834,"NEDz",4.71209201310478,0.0558938197791576,1.23712117473284,1.10459922157136,0,10.842188835144,0
1173,"4",19.55,"2026-05-12","09:36:57",0,"STABILIZE",12.854,46.55,598.3537,2.7776831907098,11.329,11329,146.972222222222,NA,NA,NA,NA,42.7681548595428,-14.8455355763435,NA,NA,0.709999978542328,-10.842188835144,-10.1525862885905,"NEDz",4.71209201310478,0.0558938197791576,1.23712117473284,1.10459922157136,0,10.842188835144,0
1174,"4",19.57,"2026-05-12","09:36:58",0,"STABILIZE",12.854,46.55,598.3537,2.7776831907098,11.329,11329,146.972222222222,NA,NA,NA,NA,42.7681548595428,-14.8455355763435,NA,NA,0.709999978542328,-10.842188835144,-10.1524524459591,"NEDz",4.71209201310478,0.0558938197791576,1.23712117473284,1.10459922157136,0,10.842188835144,0
1175,"4",19.58,"2026-05-12","09:36:59",0,"STABILIZE",12.854,46.55,598.3537,2.7776831907098,11.329,11329,146.972222222222,NA,NA,NA,NA,42.7681548595428,-14.8455355763435,NA,NA,0.709999978542328,-10.842188835144,-10.1523199315405,"NEDz",4.71209201310478,0.0558938197791576,1.23712117473284,1.10459922157136,0,10.842188835144,0
1176,"4",19.6,"2026-05-12","09:37:00",0,"STABILIZE",12.854,46.55,598.3537,2.7776831907098,11.329,11329,146.972222222222,NA,NA,NA,NA,42.7681548595428,-14.8455355763435,NA,NA,0.709999978542328,-10.842188835144,-10.1521888136864,"NEDz",4.71209201310478,0.0558938197791576,1.23712117473284,1.10459922157136,0,10.842188835144,0
1177,"4",19.62,"2026-05-12","09:37:01",0,"STABILIZE",12.854,46.55,598.3537,2.7776831907098,11.329,11329,146.972222222222,NA,NA,NA,NA,42.7681548595428,-14.8455355763435,NA,NA,0.709999978542328,-10.842188835144,-10.1520591455923,"NEDz",4.71209201310478,0.0558938197791576,1.23712117473284,1.10459922157136,0,10.842188835144,0
1178,"4",19.63,"2026-05-12","09:37:02",0,"STABILIZE",12.854,46.55,598.3537,2.7776831907098,11.329,11329,146.972222222222,NA,NA,NA,NA,42.7681548595428,-14.8455355763435,NA,NA,0.709999978542328,-10.842188835144,-10.1519309198297,"NEDz",4.71209201310478,0.0558938197791576,1.23712117473284,1.10459922157136,0,10.842188835144,0
1179,"4",19.65,"2026-05-12","09:37:03",0,"STABILIZE",12.854,46.55,598.3537,2.7776831907098,11.329,11329,146.972222222222,NA,NA,NA,NA,42.7681548595428,-14.8455355763435,NA,NA,0.709999978542328,-10.842188835144,-10.1518041138142,"NEDz",4.71209201310478,0.0558938197791576,1.23712117473284,1.10459922157136,0,10.842188835144,0
1180,"4",19.67,"2026-05-12","09:37:04",0,"STABILIZE",12.854,46.55,598.3537,2.7776831907098,11.329,11329,146.972222222222,NA,NA,NA,NA,42.7681548595428,-14.8455355763435,NA,NA,0.709999978542328,-10.842188835144,-10.1516787049613,"NEDz",4.71209201310478,0.0558938197791576,1.23712117473284,1.10459922157136,0,10.842188835144,0
1181,"4",19.68,"2026-05-12","09:37:05",0,"STABILIZE",12.854,46.55,598.3537,2.7776831907098,11.329,11329,146.972222222222,NA,NA,NA,NA,42.7681548595428,-14.8455355763435,NA,NA,0.709999978542328,-10.842188835144,-10.1515546706864,"NEDz",4.71209201310478,0.0558938197791576,1.23712117473284,1.10459922157136,0,10.842188835144,0
1182,"4",19.7,"2026-05-12","09:37:06",0,"STABILIZE",12.854,46.55,598.3537,2.7776831907098,11.329,11329,146.972222222222,NA,NA,NA,NA,42.7681548595428,-14.8455355763435,NA,NA,0.709999978542328,-10.842188835144,-10.1514319884051,"NEDz",4.71209201310478,0.0558938197791576,1.23712117473284,1.10459922157136,0,10.842188835144,0
1183,"4",19.72,"2026-05-12","09:37:07",0,"STABILIZE",12.854,46.55,598.3537,2.7776831907098,11.329,11329,146.972222222222,NA,NA,NA,NA,42.7681548595428,-14.8455355763435,NA,NA,0.709999978542328,-10.842188835144,-10.1513106355329,"NEDz",4.71209201310478,0.0558938197791576,1.23712117473284,1.10459922157136,0,10.842188835144,0
1184,"4",19.73,"2026-05-12","09:37:09",0,"STABILIZE",12.854,46.55,598.3537,2.7776831907098,11.329,11329,146.972222222222,NA,NA,NA,NA,42.7681548595428,-14.8455355763435,NA,NA,0.709999978542328,-10.842188835144,-10.1510718276779,"NEDz",4.71209201310478,0.0558938197791576,1.23712117473284,1.10459922157136,0,10.842188835144,0
1185,"4",19.75,"2026-05-12","09:37:10",0,"STABILIZE",12.854,46.55,598.3537,2.7776831907098,11.329,11329,146.972222222222,NA,NA,NA,NA,42.7681548595428,-14.8455355763435,NA,NA,0.709999978542328,-10.842188835144,-10.1509543275261,"NEDz",4.71209201310478,0.0558938197791576,1.23712117473284,1.10459922157136,0,10.842188835144,0
1186,"4",19.77,"2026-05-12","09:37:11",0,"STABILIZE",12.854,46.55,598.3537,2.7776831907098,11.329,11329,146.972222222222,NA,NA,NA,NA,42.7681548595428,-14.8455355763435,NA,NA,0.709999978542328,-10.842188835144,-10.1508380664454,"NEDz",4.71209201310478,0.0558938197791576,1.23712117473284,1.10459922157136,0,10.842188835144,0
1187,"4",19.78,"2026-05-12","09:37:12",0,"STABILIZE",12.854,46.55,598.3537,2.7776831907098,11.329,11329,146.972222222222,NA,NA,NA,NA,42.7681548595428,-14.8455355763435,NA,NA,0.709999978542328,-10.842188835144,-10.1507230218514,"NEDz",4.71209201310478,0.0558938197791576,1.23712117473284,1.10459922157136,0,10.842188835144,0
1188,"4",19.8,"2026-05-12","09:37:13",0,"STABILIZE",12.854,46.55,598.3537,2.7776831907098,11.329,11329,146.972222222222,NA,NA,NA,NA,42.7681548595428,-14.8455355763435,NA,NA,0.709999978542328,-10.842188835144,-10.1506091711596,"NEDz",4.71209201310478,0.0558938197791576,1.23712117473284,1.10459922157136,0,10.842188835144,0
1189,"4",19.82,"2026-05-12","09:37:14",0,"STABILIZE",12.854,46.55,598.3537,2.7776831907098,11.329,11329,146.972222222222,NA,NA,NA,NA,42.7681548595428,-14.8455355763435,NA,NA,0.709999978542328,-10.842188835144,-10.1504964917854,"NEDz",4.71209201310478,0.0558938197791576,1.23712117473284,1.10459922157136,0,10.842188835144,0
1190,"4",19.83,"2026-05-12","09:37:15",0,"STABILIZE",12.854,46.55,598.3537,2.7776831907098,11.329,11329,146.972222222222,NA,NA,NA,NA,42.7681548595428,-14.8455355763435,NA,NA,0.709999978542328,-10.842188835144,-10.1503849611445,"NEDz",4.71209201310478,0.0558938197791576,1.23712117473284,1.10459922157136,0,10.842188835144,0
1191,"4",19.85,"2026-05-12","09:37:16",0,"STABILIZE",12.854,46.55,598.3537,2.7776831907098,11.329,11329,146.972222222222,NA,NA,NA,NA,42.7681548595428,-14.8455355763435,NA,NA,0.709999978542328,-10.842188835144,-10.1502745566522,"NEDz",4.71209201310478,0.0558938197791576,1.23712117473284,1.10459922157136,0,10.842188835144,0
1192,"4",19.87,"2026-05-12","09:37:17",0,"STABILIZE",12.854,46.55,598.3537,2.7776831907098,11.329,11329,146.972222222222,NA,NA,NA,NA,42.7681548595428,-14.8455355763435,NA,NA,0.709999978542328,-10.842188835144,-10.1501652557242,"NEDz",4.71209201310478,0.0558938197791576,1.23712117473284,1.10459922157136,0,10.842188835144,0
1193,"4",19.88,"2026-05-12","09:37:18",0,"STABILIZE",12.854,46.55,598.3537,2.7776831907098,11.329,11329,146.972222222222,NA,NA,NA,NA,42.7681548595428,-14.8455355763435,NA,NA,0.709999978542328,-10.842188835144,-10.1500570357759,"NEDz",4.71209201310478,0.0558938197791576,1.23712117473284,1.10459922157136,0,10.842188835144,0
1194,"4",19.9,"2026-05-12","09:37:19",0,"STABILIZE",12.854,46.55,598.3537,2.7776831907098,11.329,11329,146.972222222222,NA,NA,NA,NA,42.7681548595428,-14.8455355763435,NA,NA,0.709999978542328,-10.842188835144,-10.1499498742228,"NEDz",4.71209201310478,0.0558938197791576,1.23712117473284,1.10459922157136,0,10.842188835144,0
1195,"4",19.92,"2026-05-12","09:37:20",0,"STABILIZE",12.854,46.55,598.3537,2.7776831907098,11.329,11329,146.972222222222,NA,NA,NA,NA,42.7681548595428,-14.8455355763435,NA,NA,0.709999978542328,-10.842188835144,-10.1498437484805,"NEDz",4.71209201310478,0.0558938197791576,1.23712117473284,1.10459922157136,0,10.842188835144,0
1196,"4",19.93,"2026-05-12","09:37:21",0,"STABILIZE",12.854,46.55,598.3537,2.7776831907098,11.329,11329,146.972222222222,NA,NA,NA,NA,42.7681548595428,-14.8455355763435,NA,NA,0.709999978542328,-10.842188835144,-10.1497386359645,"NEDz",4.71209201310478,0.0558938197791576,1.23712117473284,1.10459922157136,0,10.842188835144,0
1197,"4",19.95,"2026-05-12","09:37:22",0,"STABILIZE",12.854,46.55,598.3537,2.7776831907098,11.329,11329,146.972222222222,NA,NA,NA,NA,42.7681548595428,-14.8455355763435,NA,NA,1.01999995112419,-10.842188835144,-10.4596344866721,"NEDz",4.71209201310478,0.0558938197791576,1.77727264211033,2.49033319238803,0,10.842188835144,0
1198,"4",19.97,"2026-05-12","09:37:23",0,"STABILIZE",12.854,46.55,598.3537,2.7776831907098,11.329,11329,146.972222222222,NA,NA,NA,NA,42.7681548595428,-14.8455355763435,NA,NA,1.32999992370605,-10.842188835144,-10.769531305437,"NEDz",4.71209201310478,0.0558938197791576,2.31742410948782,3.8760671632047,0,10.842188835144,0
1199,"4",19.98,"2026-05-12","09:37:24",0,"STABILIZE",12.854,46.55,598.3537,2.7776831907098,11.329,11329,146.972222222222,NA,NA,NA,NA,42.7681548595428,-14.8455355763435,NA,NA,1.32999992370605,-10.842188835144,-10.7694290970929,"NEDz",4.71209201310478,0.0558938197791576,2.31742410948782,3.8760671632047,0,10.842188835144,0
1200,"4",20,"2026-05-12","09:37:25",0,"STABILIZE",12.854,46.55,598.3537,2.7776831907098,11.329,11329,146.972222222222,NA,NA,NA,NA,42.7681548595428,-14.8455355763435,NA,NA,1.32999992370605,-10.842188835144,-10.769327811637,"NEDz",4.71209201310478,0.0558938197791576,2.31742410948782,3.8760671632047,0,10.842188835144,0
1201,"4",20.02,"2026-05-12","09:37:26",0,"STABILIZE",12.854,46.55,598.3537,2.7776831907098,11.329,11329,146.972222222222,NA,NA,NA,NA,42.7681548595428,-14.8455355763435,NA,NA,1.32999992370605,-10.842188835144,-10.769227426485,"NEDz",4.71209201310478,0.0558938197791576,2.31742410948782,3.8760671632047,0,10.842188835144,0
1202,"4",20.03,"2026-05-12","09:37:27",0,"STABILIZE",12.854,46.55,598.3537,2.7776831907098,11.329,11329,146.972222222222,NA,NA,NA,NA,42.7681548595428,-14.8455355763435,NA,NA,1.32999992370605,-10.842188835144,-10.7691279190523,"NEDz",4.71209201310478,0.0558938197791576,2.31742410948782,3.8760671632047,0,10.842188835144,0
1203,"4",20.05,"2026-05-12","09:37:28",0,"STABILIZE",12.854,46.55,598.3537,2.7776831907098,11.329,11329,146.972222222222,NA,NA,NA,NA,42.7681548595428,-14.8455355763435,NA,NA,1.32999992370605,-10.842188835144,-10.7690292667545,"NEDz",4.71209201310478,0.0558938197791576,2.31742410948782,3.8760671632047,0,10.842188835144,0
1204,"4",20.07,"2026-05-12","09:37:29",0,"STABILIZE",12.854,46.55,598.3537,2.7776831907098,11.329,11329,146.972222222222,NA,NA,NA,NA,42.7681548595428,-14.8455355763435,NA,NA,1.32999992370605,-10.842188835144,-10.768931447007,"NEDz",4.71209201310478,0.0558938197791576,2.31742410948782,3.8760671632047,0,10.842188835144,0
1205,"4",20.08,"2026-05-12","09:37:30",0,"STABILIZE",12.854,46.55,598.3537,2.7776831907098,11.329,11329,146.972222222222,NA,NA,NA,NA,42.7681548595428,-14.8455355763435,NA,NA,1.32999992370605,-10.842188835144,-10.7688344372254,"NEDz",4.71209201310478,0.0558938197791576,2.31742410948782,3.8760671632047,0,10.842188835144,0
1206,"4",20.1,"2026-05-12","09:37:31",0,"STABILIZE",12.854,46.55,598.3537,2.7776831907098,11.329,11329,146.972222222222,NA,NA,NA,NA,42.7681548595428,-14.8455355763435,NA,NA,1.32999992370605,-10.842188835144,-10.7687382148252,"NEDz",4.71209201310478,0.0558938197791576,2.31742410948782,3.8760671632047,0,10.842188835144,0
1207,"4",20.12,"2026-05-12","09:37:32",0,"STABILIZE",12.854,46.55,598.3537,2.7776831907098,11.329,11329,146.972222222222,NA,NA,NA,NA,42.7681548595428,-14.8455355763435,NA,NA,1.32999992370605,-10.842188835144,-10.768642757222,"NEDz",4.71209201310478,0.0558938197791576,2.31742410948782,3.8760671632047,0,10.842188835144,0
1208,"4",20.13,"2026-05-12","09:37:33",0,"STABILIZE",12.854,46.55,598.3537,2.7776831907098,11.329,11329,146.972222222222,NA,NA,NA,NA,42.7681548595428,-14.8455355763435,NA,NA,1.32999992370605,-10.842188835144,-10.7685480418311,"NEDz",4.71209201310478,0.0558938197791576,2.31742410948782,3.8760671632047,0,10.842188835144,0
1209,"4",20.15,"2026-05-12","09:37:34",0,"STABILIZE",12.854,46.55,598.3537,2.7776831907098,11.329,11329,146.972222222222,NA,NA,NA,NA,42.7681548595428,-14.8455355763435,NA,NA,1.32999992370605,-10.842188835144,-10.7684540460681,"NEDz",4.71209201310478,0.0558938197791576,2.31742410948782,3.8760671632047,0,10.842188835144,0
1210,"4",20.17,"2026-05-12","09:37:35",0,"STABILIZE",12.854,46.55,598.3537,2.7776831907098,11.329,11329,146.972222222222,NA,NA,NA,NA,42.7681548595428,-14.8455355763435,NA,NA,1.32999992370605,-10.842188835144,-10.7683607473486,"NEDz",4.71209201310478,0.0558938197791576,2.31742410948782,3.8760671632047,0,10.842188835144,0
1211,"4",20.18,"2026-05-12","09:37:36",0,"STABILIZE",12.854,46.55,598.3537,2.7776831907098,11.329,11329,146.972222222222,NA,NA,NA,NA,42.7681548595428,-14.8455355763435,NA,NA,1.32999992370605,-10.842188835144,-10.768268123088,"NEDz",4.71209201310478,0.0558938197791576,2.31742410948782,3.8760671632047,0,10.842188835144,0
1212,"4",20.2,"2026-05-12","09:37:37",0,"STABILIZE",12.854,46.55,598.3537,2.7776831907098,11.329,11329,146.972222222222,NA,NA,NA,NA,42.7681548595428,-14.8455355763435,NA,NA,1.32999992370605,-10.842188835144,-10.7681761507019,"NEDz",4.71209201310478,0.0558938197791576,2.31742410948782,3.8760671632047,0,10.842188835144,0
1213,"4",20.22,"2026-05-12","09:37:38",0,"STABILIZE",12.854,46.55,598.3537,2.7776831907098,11.329,11329,146.972222222222,NA,NA,NA,NA,42.7681548595428,-14.8455355763435,NA,NA,1.32999992370605,-10.842188835144,-10.7680848076058,"NEDz",4.71209201310478,0.188920710235834,2.31742410948782,3.8760671632047,0,10.842188835144,0
1214,"4",20.23,"2026-05-12","09:37:39",0,"STABILIZE",12.854,46.55,598.3537,2.7776831907098,11.329,11329,146.972222222222,NA,NA,NA,NA,42.7681548595428,-14.8455355763435,NA,NA,1.32999992370605,-10.842188835144,-10.7679940712151,"NEDz",4.71209201310478,0.255434155464172,2.31742410948782,3.8760671632047,0,10.842188835144,0
1215,"4",20.25,"2026-05-12","09:37:40",0,"STABILIZE",12.854,46.55,598.3537,2.7776831907098,11.329,11329,146.972222222222,NA,NA,NA,NA,42.7681548595428,-14.8455355763435,NA,NA,1.32999992370605,-10.842188835144,-10.7679039189454,"NEDz",4.71209201310478,0.255434155464172,2.31742410948782,3.8760671632047,0,10.842188835144,0
1216,"4",20.27,"2026-05-12","09:37:41",0,"STABILIZE",12.854,46.55,598.3537,2.7776831907098,11.329,11329,146.972222222222,NA,NA,NA,NA,42.7681548595428,-14.8455355763435,NA,NA,1.32999992370605,-10.842188835144,-10.7678143282123,"NEDz",4.71209201310478,0.255434155464172,2.31742410948782,3.8760671632047,0,10.842188835144,0
1217,"4",20.28,"2026-05-12","09:37:42",0,"STABILIZE",12.854,46.55,598.3537,2.7776831907098,11.329,11329,146.972222222222,NA,NA,NA,NA,42.7681548595428,-14.8455355763435,NA,NA,1.32999992370605,-10.842188835144,-10.7677252764312,"NEDz",4.71209201310478,0.255434155464172,2.31742410948782,3.8760671632047,0,10.842188835144,0
1218,"4",20.3,"2026-05-12","09:37:43",0,"STABILIZE",12.854,46.55,598.3537,2.7776831907098,11.329,11329,146.972222222222,NA,NA,NA,NA,42.7681548595428,-14.8455355763435,NA,NA,1.32999992370605,-10.842188835144,-10.7676367410176,"NEDz",4.71209201310478,0.255434155464172,2.31742410948782,3.8760671632047,0,10.842188835144,0
1219,"4",20.32,"2026-05-12","09:37:44",0,"STABILIZE",12.854,46.55,598.3537,2.7776831907098,11.329,11329,146.972222222222,NA,NA,NA,NA,42.7681548595428,-14.8455355763435,NA,NA,1.32999992370605,-10.842188835144,-10.767548699387,"NEDz",110.414257705266,0.255434155464172,2.31742410948782,3.8760671632047,0,10.842188835144,0
1220,"4",20.33,"2026-05-12","09:37:45",0,"STABILIZE",12.854,46.55,598.3537,2.7776831907098,11.329,11329,146.972222222222,NA,NA,NA,NA,42.7681548595428,-14.8455355763435,NA,NA,1.32999992370605,-10.842188835144,-10.767461128955,"NEDz",216.116423397427,0.255434155464172,2.31742410948782,3.8760671632047,0,10.842188835144,0
1221,"4",20.35,"2026-05-12","09:37:46",0,"STABILIZE",12.854,46.55,598.3537,2.7776831907098,11.329,11329,146.972222222222,NA,NA,NA,NA,42.7681548595428,-14.8455355763435,NA,NA,1.32999992370605,-10.842188835144,-10.7673740071371,"NEDz",216.116423397427,0.255434155464172,2.31742410948782,3.8760671632047,0,10.842188835144,0
1222,"4",20.37,"2026-05-12","09:37:47",0,"STABILIZE",12.854,46.55,598.3537,2.7776831907098,11.329,11329,146.972222222222,NA,NA,NA,NA,42.7681548595428,-14.8455355763435,NA,NA,1.32999992370605,-10.842188835144,-10.7672873113487,"NEDz",216.116423397427,0.255434155464172,2.31742410948782,3.8760671632047,0,10.842188835144,0
1223,"4",20.38,"2026-05-12","09:37:48",0,"STABILIZE",12.854,46.55,598.3537,2.7776831907098,11.329,11329,146.972222222222,NA,NA,NA,NA,42.7681548595428,-14.8455355763435,NA,NA,1.32999992370605,-10.842188835144,-10.7672010190055,"NEDz",216.116423397427,0.255434155464172,2.31742410948782,3.8760671632047,0,10.842188835144,0
1224,"4",20.4,"2026-05-12","09:37:49",0,"STABILIZE",12.854,46.55,598.3537,2.7776831907098,11.329,11329,146.972222222222,NA,NA,NA,NA,42.7681548595428,-14.8455355763435,NA,NA,1.32999992370605,-10.842188835144,-10.7671151075228,"NEDz",216.116423397427,0.255434155464172,2.31742410948782,3.8760671632047,0,10.842188835144,0
1225,"4",20.42,"2026-05-12","09:37:50",0,"STABILIZE",12.854,46.55,598.3537,2.7776831907098,11.329,11329,146.972222222222,NA,NA,NA,NA,42.7681548595428,-14.8455355763435,NA,NA,1.32999992370605,-10.842188835144,-10.7670295543163,"NEDz",216.116423397427,0.255434155464172,2.31742410948782,3.8760671632047,0,10.842188835144,0
1226,"4",20.43,"2026-05-12","09:37:51",0,"STABILIZE",12.854,46.55,598.3537,2.7776831907098,11.329,11329,146.972222222222,NA,NA,NA,NA,42.7681548595428,-14.8455355763435,NA,NA,1.32999992370605,-10.842188835144,-10.7669443368014,"NEDz",216.116423397427,0.255434155464172,2.31742410948782,3.8760671632047,0,10.842188835144,0
1227,"4",20.45,"2026-05-12","09:37:52",0,"STABILIZE",12.854,46.55,598.3537,2.7776831907098,11.329,11329,146.972222222222,NA,NA,NA,NA,42.7681548595428,-14.8455355763435,NA,NA,1.32999992370605,-10.842188835144,-10.7668594323936,"NEDz",216.116423397427,0.255434155464172,2.31742410948782,3.8760671632047,0,10.842188835144,0
1228,"4",20.47,"2026-05-12","09:37:53",0,"STABILIZE",12.854,46.55,598.3537,2.7776831907098,11.329,11329,146.972222222222,NA,NA,NA,NA,42.7681548595428,-14.8455355763435,NA,NA,1.32999992370605,-10.842188835144,-10.7667748185085,"NEDz",216.116423397427,0.255434155464172,2.31742410948782,3.8760671632047,0,10.842188835144,0
1229,"4",20.48,"2026-05-12","09:37:54",0,"STABILIZE",12.854,46.55,598.3537,2.7776831907098,11.329,11329,146.972222222222,NA,NA,NA,NA,42.7681548595428,-14.8455355763435,NA,NA,1.32999992370605,-10.842188835144,-10.7666904725616,"NEDz",216.116423397427,0.255434155464172,2.31742410948782,3.8760671632047,0,10.842188835144,0
1230,"4",20.5,"2026-05-12","09:37:55",0,"STABILIZE",12.854,46.55,598.3537,2.7776831907098,11.329,11329,146.972222222222,NA,NA,NA,NA,42.7681548595428,-14.8455355763435,NA,NA,1.32999992370605,-10.842188835144,-10.7666063719683,"NEDz",216.116423397427,0.255434155464172,2.31742410948782,3.8760671632047,0,10.842188835144,0
1231,"4",20.52,"2026-05-12","09:37:56",0,"STABILIZE",12.854,46.55,598.3537,2.7776831907098,11.329,11329,146.972222222222,NA,NA,NA,NA,42.7681548595428,-14.8455355763435,NA,NA,1.32999992370605,-10.842188835144,-10.7665224941443,"NEDz",216.116423397427,0.255434155464172,2.31742410948782,3.8760671632047,0,10.842188835144,0
1232,"4",20.53,"2026-05-12","09:37:57",0,"STABILIZE",12.854,46.55,598.3537,2.7776831907098,11.329,11329,146.972222222222,NA,NA,NA,NA,42.7681548595428,-14.8455355763435,NA,NA,1.32999992370605,-10.842188835144,-10.7664388165049,"NEDz",216.116423397427,0.255434155464172,2.31742410948782,3.8760671632047,0,10.842188835144,0
1233,"4",20.55,"2026-05-12","09:37:58",0,"STABILIZE",12.854,46.55,598.3537,2.7776831907098,11.329,11329,146.972222222222,NA,NA,NA,NA,42.7681548595428,-14.8455355763435,NA,NA,1.32999992370605,-10.842188835144,-10.7663553164657,"NEDz",216.116423397427,0.255434155464172,2.31742410948782,3.8760671632047,0,10.842188835144,0
1234,"4",20.57,"2026-05-12","09:37:59",0,"STABILIZE",12.854,46.55,598.3537,2.7776831907098,11.329,11329,146.972222222222,NA,NA,NA,NA,42.7681548595428,-14.8455355763435,NA,NA,1.32999992370605,-10.842188835144,-10.7662719714423,"NEDz",216.116423397427,0.255434155464172,2.31742410948782,3.8760671632047,0,10.842188835144,0
1235,"4",20.58,"2026-05-12","09:38:00",0,"STABILIZE",12.854,46.55,598.3537,2.7776831907098,11.329,11329,146.972222222222,NA,NA,NA,NA,42.7681548595428,-14.8455355763435,NA,NA,1.32999992370605,-10.842188835144,-10.7661887588501,"NEDz",216.116423397427,0.255434155464172,2.31742410948782,3.8760671632047,0,10.842188835144,0
1236,"4",20.6,"2026-05-12","09:38:01",0,"STABILIZE",12.854,46.55,598.3537,2.7776831907098,11.329,11329,146.972222222222,NA,NA,NA,NA,42.7681548595428,-14.8455355763435,NA,NA,1.32999992370605,-10.842188835144,-10.7661056635331,"NEDz",216.116423397427,0.255434155464172,2.31742410948782,3.8760671632047,0,10.842188835144,0
1237,"4",20.62,"2026-05-12","09:38:02",0,"STABILIZE",12.854,46.55,598.3537,2.7776831907098,11.329,11329,146.972222222222,NA,NA,NA,NA,42.7681548595428,-14.8455355763435,NA,NA,1.32999992370605,-10.842188835144,-10.7660227000493,"NEDz",216.116423397427,0.255434155464172,2.31742410948782,3.8760671632047,0,10.842188835144,0
1238,"4",20.63,"2026-05-12","09:38:03",0,"STABILIZE",12.854,46.55,598.3537,2.7776831907098,11.329,11329,146.972222222222,NA,NA,NA,NA,42.7681548595428,-14.8455355763435,NA,NA,1.32999992370605,-10.842188835144,-10.765939890385,"NEDz",216.116423397427,0.255434155464172,2.31742410948782,3.8760671632047,0,10.842188835144,0
1239,"4",20.65,"2026-05-12","09:38:04",0,"STABILIZE",12.854,46.55,598.3537,2.7776831907098,11.329,11329,146.972222222222,NA,NA,NA,NA,42.7681548595428,-14.8455355763435,NA,NA,1.32999992370605,-10.842188835144,-10.7658572565267,"NEDz",216.116423397427,0.255434155464172,2.31742410948782,3.8760671632047,0,10.842188835144,0
1240,"4",20.67,"2026-05-12","09:38:05",0,"STABILIZE",12.854,46.55,598.3537,2.7776831907098,11.329,11329,146.972222222222,NA,NA,NA,NA,42.7681548595428,-14.8455355763435,NA,NA,1.32999992370605,-10.842188835144,-10.7657748204606,"NEDz",216.116423397427,0.255434155464172,2.31742410948782,3.8760671632047,0,10.842188835144,0
1241,"4",20.68,"2026-05-12","09:38:06",0,"STABILIZE",12.854,46.55,598.3537,2.7776831907098,11.329,11329,146.972222222222,NA,NA,NA,NA,42.7681548595428,-14.8455355763435,NA,NA,1.32999992370605,-10.842188835144,-10.7656926041733,"NEDz",216.116423397427,0.255434155464172,2.31742410948782,3.8760671632047,0,10.842188835144,0
1242,"4",20.7,"2026-05-12","09:38:07",0,"STABILIZE",12.854,46.55,598.3537,2.7776831907098,11.329,11329,146.972222222222,NA,NA,NA,NA,42.7681548595428,-14.8455355763435,NA,NA,1.32999992370605,-10.842188835144,-10.7656106296511,"NEDz",216.116423397427,0.255434155464172,2.31742410948782,3.8760671632047,0,10.842188835144,0
1243,"4",20.72,"2026-05-12","09:38:08",0,"STABILIZE",12.854,46.55,598.3537,2.7776831907098,11.329,11329,146.972222222222,NA,NA,NA,NA,42.7681548595428,-14.8455355763435,NA,NA,1.32999992370605,-10.842188835144,-10.7655289188804,"NEDz",216.116423397427,0.255434155464172,2.31742410948782,3.8760671632047,0,10.842188835144,0
1244,"4",20.73,"2026-05-12","09:38:09",0,"STABILIZE",12.854,46.55,598.3537,2.7776831907098,11.329,11329,146.972222222222,NA,NA,NA,NA,42.7681548595428,-14.8455355763435,NA,NA,1.32999992370605,-10.842188835144,-10.7654474938475,"NEDz",216.116423397427,0.255434155464172,2.31742410948782,3.8760671632047,0,10.842188835144,0
1245,"4",20.75,"2026-05-12","09:38:10",0,"STABILIZE",12.854,46.55,598.3537,2.7776831907098,11.329,11329,146.972222222222,NA,NA,NA,NA,42.7681548595428,-14.8455355763435,NA,NA,1.32999992370605,-10.842188835144,-10.765366376539,"NEDz",216.116423397427,0.255434155464172,2.31742410948782,3.8760671632047,0,10.842188835144,0
1246,"4",20.77,"2026-05-12","09:38:11",0,"STABILIZE",12.854,46.55,598.3537,2.7776831907098,11.329,11329,146.972222222222,NA,NA,NA,NA,42.7681548595428,-14.8455355763435,NA,NA,1.32999992370605,-10.842188835144,-10.7652855889411,"NEDz",216.116423397427,0.255434155464172,2.31742410948782,3.8760671632047,0,10.842188835144,0
1247,"4",20.78,"2026-05-12","09:38:12",0,"STABILIZE",12.854,46.55,598.3537,2.7776831907098,11.329,11329,146.972222222222,NA,NA,NA,NA,42.7681548595428,-14.8455355763435,NA,NA,1.32999992370605,-10.842188835144,-10.7652051530403,"NEDz",216.116423397427,0.255434155464172,2.31742410948782,3.8760671632047,0,10.842188835144,0
1248,"4",20.8,"2026-05-12","09:38:13",0,"STABILIZE",12.854,46.55,598.3537,2.7776831907098,11.329,11329,146.972222222222,NA,NA,NA,NA,42.7681548595428,-14.8455355763435,NA,NA,1.32999992370605,-10.842188835144,-10.765125090823,"NEDz",216.116423397427,0.255434155464172,2.31742410948782,3.8760671632047,0,10.842188835144,0
1249,"4",20.82,"2026-05-12","09:38:14",0,"STABILIZE",12.854,46.55,598.3537,2.7776831907098,11.329,11329,146.972222222222,NA,NA,NA,NA,42.7681548595428,-14.8455355763435,NA,NA,1.32999992370605,-10.842188835144,-10.7650454242755,"NEDz",216.116423397427,0.255434155464172,2.31742410948782,3.8760671632047,0,10.842188835144,0
1250,"4",20.83,"2026-05-12","09:38:15",0,"STABILIZE",12.854,46.55,598.3537,2.7776831907098,11.329,11329,146.972222222222,NA,NA,NA,NA,42.7681548595428,-14.8455355763435,NA,NA,1.32999992370605,-10.842188835144,-10.7649661753842,"NEDz",216.116423397427,0.255434155464172,2.31742410948782,3.8760671632047,0,10.842188835144,0
1251,"4",20.85,"2026-05-12","09:38:16",0,"STABILIZE",12.854,46.55,598.3537,2.7776831907098,11.329,11329,146.972222222222,NA,NA,NA,NA,42.7681548595428,-14.8455355763435,NA,NA,1.32999992370605,-10.842188835144,-10.7648873661356,"NEDz",216.116423397427,0.255434155464172,2.31742410948782,3.8760671632047,0,10.842188835144,0
1252,"4",20.87,"2026-05-12","09:38:17",0,"STABILIZE",12.854,46.55,598.3537,2.7776831907098,11.329,11329,146.972222222222,NA,NA,NA,NA,42.7681548595428,-14.8455355763435,NA,NA,1.32999992370605,-10.842188835144,-10.7648090185161,"NEDz",216.116423397427,0.255434155464172,2.31742410948782,3.8760671632047,0,10.842188835144,0
1253,"4",20.88,"2026-05-12","09:38:18",0,"STABILIZE",12.854,46.55,598.3537,2.7776831907098,11.329,11329,146.972222222222,NA,NA,NA,NA,42.7681548595428,-14.8455355763435,NA,NA,1.32999992370605,-10.842188835144,-10.7647311545119,"NEDz",216.116423397427,0.255434155464172,2.31742410948782,3.8760671632047,0,10.842188835144,0
1254,"4",20.9,"2026-05-12","09:38:19",0,"STABILIZE",12.854,46.55,598.3537,2.7776831907098,11.329,11329,146.972222222222,NA,NA,NA,NA,42.7681548595428,-14.8455355763435,NA,NA,1.32999992370605,-10.842188835144,-10.7646537961096,"NEDz",216.116423397427,0.255434155464172,2.31742410948782,3.8760671632047,0,10.842188835144,0
1255,"4",20.92,"2026-05-12","09:38:20",0,"STABILIZE",12.854,46.55,598.3537,2.7776831907098,11.329,11329,146.972222222222,NA,NA,NA,NA,42.7681548595428,-14.8455355763435,NA,NA,1.32999992370605,-10.842188835144,-10.7645769652955,"NEDz",216.116423397427,0.255434155464172,2.31742410948782,3.8760671632047,0,10.842188835144,0
1256,"4",20.93,"2026-05-12","09:38:21",0,"STABILIZE",12.854,46.55,598.3537,2.7776831907098,11.329,11329,146.972222222222,NA,NA,NA,NA,42.7681548595428,-14.8455355763435,NA,NA,1.32999992370605,-10.842188835144,-10.764500684056,"NEDz",216.116423397427,0.255434155464172,2.31742410948782,3.8760671632047,0,10.842188835144,0
1257,"4",20.95,"2026-05-12","09:38:22",0,"STABILIZE",12.854,46.55,598.3537,2.7776831907098,11.329,11329,146.972222222222,NA,NA,NA,NA,42.7681548595428,-14.8455355763435,NA,NA,1.32999992370605,-10.842188835144,-10.7644249743775,"NEDz",216.116423397427,0.255434155464172,2.31742410948782,3.8760671632047,0,10.842188835144,0
1258,"4",20.97,"2026-05-12","09:38:23",0,"STABILIZE",12.854,46.55,598.3537,2.7776831907098,11.329,11329,146.972222222222,NA,NA,NA,NA,42.7681548595428,-14.8455355763435,NA,NA,1.32999992370605,-10.842188835144,-10.7643498582463,"NEDz",216.116423397427,0.255434155464172,2.31742410948782,3.8760671632047,0,10.842188835144,0
1259,"4",20.98,"2026-05-12","09:38:24",0,"STABILIZE",12.854,46.55,598.3537,2.7776831907098,11.329,11329,146.972222222222,NA,NA,NA,NA,42.7681548595428,-14.8455355763435,NA,NA,1.32999992370605,-10.842188835144,-10.764275357649,"NEDz",216.116423397427,0.255434155464172,2.31742410948782,3.8760671632047,0,10.842188835144,0
1260,"4",21,"2026-05-12","09:38:25",0,"STABILIZE",12.854,46.55,598.3537,2.7776831907098,11.329,11329,146.972222222222,NA,NA,NA,NA,42.7681548595428,-14.8455355763435,NA,NA,1.32999992370605,-10.842188835144,-10.7642014945718,"NEDz",216.116423397427,0.255434155464172,2.31742410948782,3.8760671632047,0,10.842188835144,0
1261,"4",21.02,"2026-05-12","09:38:26",0,"STABILIZE",12.854,46.55,598.3537,2.7776831907098,11.329,11329,146.972222222222,NA,NA,NA,NA,42.7681548595428,-14.8455355763435,NA,NA,1.32999992370605,-10.842188835144,-10.7641282910012,"NEDz",216.116423397427,0.255434155464172,2.31742410948782,3.8760671632047,0,10.842188835144,0
1262,"4",21.03,"2026-05-12","09:38:27",0,"STABILIZE",12.854,46.55,598.3537,2.7776831907098,11.329,11329,146.972222222222,NA,NA,NA,NA,42.7681548595428,-14.8455355763435,NA,NA,1.32999992370605,-10.842188835144,-10.7640557689235,"NEDz",216.116423397427,0.255434155464172,2.31742410948782,3.8760671632047,0,10.842188835144,0
1263,"4",21.05,"2026-05-12","09:38:28",0,"STABILIZE",12.854,46.55,598.3537,2.7776831907098,11.329,11329,146.972222222222,NA,NA,NA,NA,42.7681548595428,-14.8455355763435,NA,NA,1.32999992370605,-10.842188835144,-10.7639839503252,"NEDz",216.116423397427,0.255434155464172,2.31742410948782,3.8760671632047,0,10.842188835144,0
1264,"4",21.07,"2026-05-12","09:38:29",0,"STABILIZE",12.8495,45.74,587.739775,2.76992337754733,11.329,11329,146.972222222222,NA,NA,NA,NA,42.7681548595428,-14.8455355763435,NA,NA,1.32999992370605,-10.842188835144,-10.7639128571927,"NEDz",216.116423397427,0.255434155464172,2.31742410948782,3.8760671632047,0,10.842188835144,0
1265,"4",21.08,"2026-05-12","09:38:30",0,"STABILIZE",12.845,44.93,577.12585,2.7620223886129,11.329,11329,146.972222222222,NA,NA,NA,NA,42.7681548595428,-14.8455355763435,NA,NA,1.32999992370605,-10.842188835144,-10.7638425115122,"NEDz",216.116423397427,0.255434155464172,2.31742410948782,3.8760671632047,0,10.842188835144,0
1266,"4",21.1,"2026-05-12","09:38:31",0,"STABILIZE",12.845,44.93,577.12585,2.7620223886129,11.329,11329,146.972222222222,NA,NA,NA,NA,42.7681548595428,-14.8455355763435,NA,NA,1.32999992370605,-10.842188835144,-10.7637729352703,"NEDz",216.116423397427,0.240468223889669,2.31742410948782,3.8760671632047,0,10.842188835144,0
1267,"4",21.12,"2026-05-12","09:38:32",0,"STABILIZE",12.845,44.93,577.12585,2.7620223886129,11.329,11329,146.972222222222,NA,NA,NA,NA,42.7681548595428,-14.8455355763435,NA,NA,1.32999992370605,-10.842188835144,-10.7637041504534,"NEDz",216.116423397427,0.232985258102417,2.31742410948782,3.8760671632047,0,10.842188835144,0
1268,"4",21.13,"2026-05-12","09:38:33",0,"STABILIZE",12.845,44.93,577.12585,2.7620223886129,11.329,11329,146.972222222222,NA,NA,NA,NA,42.7681548595428,-14.8455355763435,NA,NA,1.32999992370605,-10.842188835144,-10.7636361790477,"NEDz",216.116423397427,0.232985258102417,2.31742410948782,3.8760671632047,0,10.842188835144,0
1269,"4",21.15,"2026-05-12","09:38:34",0,"STABILIZE",12.845,44.93,577.12585,2.7620223886129,11.329,11329,146.972222222222,NA,NA,NA,NA,42.7681548595428,-14.8455355763435,NA,NA,1.32999992370605,-10.842188835144,-10.7635690430397,"NEDz",216.116423397427,0.232985258102417,2.31742410948782,3.8760671632047,0,10.842188835144,0
1270,"4",21.17,"2026-05-12","09:38:35",0,"STABILIZE",12.845,44.93,577.12585,2.7620223886129,11.329,11329,146.972222222222,NA,NA,NA,NA,42.7681548595428,-14.8455355763435,NA,NA,1.32999992370605,-10.842188835144,-10.7635027644159,"NEDz",216.116423397427,0.232985258102417,2.31742410948782,3.8760671632047,0,10.842188835144,0
1271,"4",21.18,"2026-05-12","09:38:36",0,"STABILIZE",12.845,44.93,577.12585,2.7620223886129,11.329,11329,146.972222222222,NA,NA,NA,NA,42.7681548595428,-14.8455355763435,NA,NA,1.32999992370605,-10.842188835144,-10.7634373651625,"NEDz",216.116423397427,0.232985258102417,2.31742410948782,3.8760671632047,0,10.842188835144,0
1272,"4",21.2,"2026-05-12","09:38:37",0,"STABILIZE",12.845,44.93,577.12585,2.7620223886129,11.329,11329,146.972222222222,NA,NA,NA,NA,42.7681548595428,-14.8455355763435,NA,NA,1.32999992370605,-10.842188835144,-10.763372867266,"NEDz",216.116423397427,0.252153972784678,2.31742410948782,3.8760671632047,0,10.842188835144,0
1273,"4",21.22,"2026-05-12","09:38:38",0,"STABILIZE",12.845,44.93,577.12585,2.7620223886129,11.329,11329,146.972222222222,NA,NA,NA,NA,42.7681548595428,-14.8455355763435,NA,NA,1.32999992370605,-10.842188835144,-10.7633092927128,"NEDz",216.116423397427,0.261738330125809,2.31742410948782,3.8760671632047,0,10.842188835144,0
1274,"4",21.23,"2026-05-12","09:38:39",0,"STABILIZE",12.845,44.93,577.12585,2.7620223886129,11.329,11329,146.972222222222,NA,NA,NA,NA,42.7681548595428,-14.8455355763435,NA,NA,1.32999992370605,-10.842188835144,-10.7632466634893,"NEDz",216.116423397427,0.261738330125809,2.31742410948782,3.8760671632047,0,10.842188835144,0
1275,"4",21.25,"2026-05-12","09:38:40",0,"STABILIZE",12.845,44.93,577.12585,2.7620223886129,11.329,11329,146.972222222222,NA,NA,NA,NA,42.7681548595428,-14.8455355763435,NA,NA,1.32999992370605,-10.842188835144,-10.7631850015818,"NEDz",216.116423397427,0.261738330125809,2.31742410948782,3.8760671632047,0,10.842188835144,0
1276,"4",21.27,"2026-05-12","09:38:42",0,"STABILIZE",12.845,44.93,577.12585,2.7620223886129,11.329,11329,146.972222222222,NA,NA,NA,NA,42.7681548595428,-14.8455355763435,NA,NA,1.32999992370605,-10.842188835144,-10.7630646676606,"NEDz",216.116423397427,0.261738330125809,2.31742410948782,3.8760671632047,0,10.842188835144,0
1277,"4",21.28,"2026-05-12","09:38:43",0,"STABILIZE",12.845,44.93,577.12585,2.7620223886129,11.329,11329,146.972222222222,NA,NA,NA,NA,42.7681548595428,-14.8455355763435,NA,NA,1.32999992370605,-10.842188835144,-10.7630060396197,"NEDz",216.116423397427,0.261738330125809,2.31742410948782,3.8760671632047,0,10.842188835144,0
1278,"4",21.3,"2026-05-12","09:38:44",0,"STABILIZE",12.845,44.93,577.12585,2.7620223886129,11.329,11329,146.972222222222,NA,NA,NA,NA,42.7681548595428,-14.8455355763435,NA,NA,1.32999992370605,-10.842188835144,-10.7629484668404,"NEDz",216.116423397427,0.261738330125809,2.31742410948782,3.8760671632047,0,10.842188835144,0
1279,"4",21.32,"2026-05-12","09:38:45",0,"STABILIZE",12.845,44.93,577.12585,2.7620223886129,11.329,11329,146.972222222222,NA,NA,NA,NA,42.7681548595428,-14.8455355763435,NA,NA,1.32999992370605,-10.842188835144,-10.7628919713091,"NEDz",216.116423397427,0.261738330125809,2.31742410948782,3.8760671632047,0,10.842188835144,0
1280,"4",21.33,"2026-05-12","09:38:46",0,"STABILIZE",12.845,44.93,577.12585,2.7620223886129,11.329,11329,146.972222222222,NA,NA,NA,NA,42.7681548595428,-14.8455355763435,NA,NA,1.32999992370605,-10.842188835144,-10.7628365750123,"NEDz",216.116423397427,0.261738330125809,2.31742410948782,3.8760671632047,0,10.842188835144,0
1281,"4",21.35,"2026-05-12","09:38:47",0,"STABILIZE",12.845,44.93,577.12585,2.7620223886129,11.329,11329,146.972222222222,NA,NA,NA,NA,42.7681548595428,-14.8455355763435,NA,NA,1.32999992370605,-10.842188835144,-10.7627822999363,"NEDz",216.116423397427,0.261738330125809,2.31742410948782,3.8760671632047,0,10.842188835144,0
1282,"4",21.37,"2026-05-12","09:38:48",0,"STABILIZE",12.845,44.93,577.12585,2.7620223886129,11.329,11329,146.972222222222,NA,NA,NA,NA,42.7681548595428,-14.8455355763435,NA,NA,1.32999992370605,-10.842188835144,-10.7627291680674,"NEDz",216.116423397427,0.261738330125809,2.31742410948782,3.8760671632047,0,10.842188835144,0
1283,"4",21.38,"2026-05-12","09:38:49",0,"STABILIZE",12.845,44.93,577.12585,2.7620223886129,11.329,11329,146.972222222222,NA,NA,NA,NA,42.7681548595428,-14.8455355763435,NA,NA,1.32999992370605,-10.842188835144,-10.7626772013922,"NEDz",216.116423397427,0.261738330125809,2.31742410948782,3.8760671632047,0,10.842188835144,0
1284,"4",21.4,"2026-05-12","09:38:50",0,"STABILIZE",12.845,44.93,577.12585,2.7620223886129,11.329,11329,146.972222222222,NA,NA,NA,NA,42.7681548595428,-14.8455355763435,NA,NA,1.32999992370605,-10.842188835144,-10.7626264218969,"NEDz",216.116423397427,0.261738330125809,2.31742410948782,3.8760671632047,0,10.842188835144,0
1285,"4",21.42,"2026-05-12","09:38:51",0,"STABILIZE",12.845,44.93,577.12585,2.7620223886129,11.329,11329,146.972222222222,NA,NA,NA,NA,42.7681548595428,-14.8455355763435,NA,NA,1.32999992370605,-10.842188835144,-10.762576851568,"NEDz",216.116423397427,0.287063628435135,2.31742410948782,3.8760671632047,0,10.842188835144,0
1286,"4",21.43,"2026-05-12","09:38:52",0,"STABILIZE",12.845,44.93,577.12585,2.7620223886129,11.329,11329,146.972222222222,NA,NA,NA,NA,42.7681548595428,-14.8455355763435,NA,NA,1.32999992370605,-10.842188835144,-10.7625285123919,"NEDz",216.116423397427,0.287063628435135,2.31742410948782,3.8760671632047,0,10.842188835144,0
1287,"4",21.45,"2026-05-12","09:38:53",0,"STABILIZE",12.845,44.93,577.12585,2.7620223886129,11.329,11329,146.972222222222,NA,NA,NA,NA,42.7681548595428,-14.8455355763435,NA,NA,1.32999992370605,-10.842188835144,-10.762481426355,"NEDz",216.116423397427,0.287063628435135,2.31742410948782,3.8760671632047,0,10.842188835144,0
1288,"4",21.47,"2026-05-12","09:38:54",0,"STABILIZE",12.845,44.93,577.12585,2.7620223886129,13.825,13825,179,NA,NA,NA,NA,42.7681548595428,-14.8455355763435,NA,NA,1.32999992370605,-10.842188835144,-10.7624356154436,"NEDz",216.116423397427,0.287063628435135,2.31742410948782,3.8760671632047,0,10.842188835144,0
1289,"4",21.48,"2026-05-12","09:38:55",0,"STABILIZE",12.845,44.93,577.12585,2.7620223886129,13.825,13825,179,NA,NA,NA,NA,42.7681548595428,-14.8455355763435,NA,NA,1.32999992370605,-10.842188835144,-10.7623911016442,"NEDz",216.116423397427,0.287063628435135,2.31742410948782,3.8760671632047,0,10.842188835144,0
1290,"4",21.5,"2026-05-12","09:38:56",0,"STABILIZE",12.845,44.93,577.12585,2.7620223886129,13.825,13825,179,NA,NA,NA,NA,23.2732474803925,-16.8410590291023,NA,NA,1.32999992370605,-13.1141719818115,-13.0343310536106,"NEDz",216.116423397427,0.287063628435135,2.31742410948782,3.8760671632047,19.5967733969693,13.1141719818115,0
1291,"4",21.52,"2026-05-12","09:38:57",0,"STABILIZE",12.845,44.93,577.12585,2.7620223886129,13.825,13825,179,NA,NA,NA,NA,23.2732474803925,-16.8410590291023,NA,NA,1.32999992370605,-13.1141719818115,-13.0342891999943,"NEDz",216.116423397427,0.287063628435135,2.31742410948782,3.8760671632047,0,13.1141719818115,0
1292,"4",21.53,"2026-05-12","09:38:58",0,"STABILIZE",12.845,44.93,577.12585,2.7620223886129,13.825,13825,179,NA,NA,NA,NA,23.2732474803925,-16.8410590291023,NA,NA,1.32999992370605,-13.1141719818115,-13.034248709449,"NEDz",216.116423397427,0.269690185785294,2.31742410948782,3.8760671632047,0,13.1141719818115,0
1293,"4",21.55,"2026-05-12","09:38:59",0,"STABILIZE",12.845,44.93,577.12585,2.7620223886129,13.825,13825,179,NA,NA,NA,NA,23.2732474803925,-16.8410590291023,NA,NA,1.32999992370605,-13.1141719818115,-13.0342096039614,"NEDz",216.116423397427,0.252316743135452,2.31742410948782,3.8760671632047,0,13.1141719818115,0
1294,"4",21.57,"2026-05-12","09:39:00",0,"STABILIZE",12.845,44.93,577.12585,2.7620223886129,13.825,13825,179,NA,NA,NA,NA,23.2732474803925,-16.8410590291023,NA,NA,1.32999992370605,-13.1141719818115,-13.0341719055176,"NEDz",216.116423397427,0.252316743135452,2.31742410948782,3.8760671632047,0,13.1141719818115,0
1295,"4",21.58,"2026-05-12","09:39:01",0,"STABILIZE",12.845,44.93,577.12585,2.7620223886129,13.825,13825,179,NA,NA,NA,NA,23.2732474803925,-16.8410590291023,NA,NA,1.32999992370605,-13.1141719818115,-13.0341356122869,"NEDz",216.116423397427,0.252316743135452,2.31742410948782,3.8760671632047,0,13.1141719818115,0
1296,"4",21.6,"2026-05-12","09:39:02",0,"STABILIZE",12.845,44.93,577.12585,2.7620223886129,13.825,13825,179,NA,NA,NA,NA,23.2732474803925,-16.8410590291023,NA,NA,1.32999992370605,-13.1141719818115,-13.03410062717,"NEDz",216.116423397427,0.252316743135452,2.31742410948782,3.8760671632047,0,13.1141719818115,0
1297,"4",21.62,"2026-05-12","09:39:03",0,"STABILIZE",12.845,44.93,577.12585,2.7620223886129,13.825,13825,179,NA,NA,NA,NA,23.2732474803925,-16.8410590291023,NA,NA,1.32999992370605,-13.1141719818115,-13.03406682925,"NEDz",216.116423397427,0.252316743135452,2.31742410948782,3.8760671632047,0,13.1141719818115,0
1298,"4",21.63,"2026-05-12","09:39:04",0,"STABILIZE",12.845,44.93,577.12585,2.7620223886129,13.825,13825,179,NA,NA,NA,NA,23.2732474803925,-16.8410590291023,NA,NA,1.32999992370605,-13.1141719818115,-13.0340340976105,"NEDz",216.116423397427,0.252316743135452,2.31742410948782,3.8760671632047,0,13.1141719818115,0
1299,"4",21.65,"2026-05-12","09:39:05",0,"STABILIZE",12.845,44.93,577.12585,2.7620223886129,13.825,13825,179,NA,NA,NA,NA,23.2732474803925,-16.8410590291023,NA,NA,1.32999992370605,-13.1141719818115,-13.0340023113347,"NEDz",216.116423397427,0.252316743135452,2.31742410948782,3.8760671632047,0,13.1141719818115,0
1300,"4",21.67,"2026-05-12","09:39:06",0,"STABILIZE",12.845,44.93,577.12585,2.7620223886129,13.825,13825,179,NA,NA,NA,NA,23.2732474803925,-16.8410590291023,NA,NA,1.32999992370605,-13.1141719818115,-13.033971349506,"NEDz",216.116423397427,0.252316743135452,2.31742410948782,3.8760671632047,0,13.1141719818115,0
1301,"4",21.68,"2026-05-12","09:39:07",0,"STABILIZE",12.845,44.93,577.12585,2.7620223886129,13.825,13825,179,NA,NA,NA,NA,23.2732474803925,-16.8410590291023,NA,NA,1.32999992370605,-13.1141719818115,-13.0339410912078,"NEDz",216.116423397427,0.252316743135452,2.31742410948782,3.8760671632047,0,13.1141719818115,0
1302,"4",21.7,"2026-05-12","09:39:08",0,"STABILIZE",12.845,44.93,577.12585,2.7620223886129,13.825,13825,179,NA,NA,NA,NA,23.2732474803925,-16.8410590291023,NA,NA,1.32999992370605,-13.1141719818115,-13.0339114155234,"NEDz",216.116423397427,0.252316743135452,2.31742410948782,3.8760671632047,0,13.1141719818115,0
1303,"4",21.72,"2026-05-12","09:39:09",0,"STABILIZE",12.845,44.93,577.12585,2.7620223886129,13.825,13825,179,NA,NA,NA,NA,23.2732474803925,-16.8410590291023,NA,NA,1.32999992370605,-13.1141719818115,-13.0338822015363,"NEDz",216.116423397427,0.252316743135452,2.31742410948782,3.8760671632047,0,13.1141719818115,0
1304,"4",21.73,"2026-05-12","09:39:10",0,"STABILIZE",12.845,44.93,577.12585,2.7620223886129,13.825,13825,179,NA,NA,NA,NA,23.2732474803925,-16.8410590291023,NA,NA,1.32999992370605,-13.1141719818115,-13.0338533283297,"NEDz",216.116423397427,0.252316743135452,2.31742410948782,3.8760671632047,0,13.1141719818115,0
1305,"4",21.75,"2026-05-12","09:39:11",0,"STABILIZE",12.845,44.93,577.12585,2.7620223886129,13.825,13825,179,NA,NA,NA,NA,23.2732474803925,-16.8410590291023,NA,NA,1.32999992370605,-13.1141719818115,-13.033824674987,"NEDz",216.116423397427,0.252316743135452,2.31742410948782,3.8760671632047,0,13.1141719818115,0
1306,"4",21.77,"2026-05-12","09:39:12",0,"STABILIZE",12.845,44.93,577.12585,2.7620223886129,13.825,13825,179,NA,NA,NA,NA,23.2732474803925,-16.8410590291023,NA,NA,1.32999992370605,-13.1141719818115,-13.0337961205917,"NEDz",216.116423397427,0.260418872038523,2.31742410948782,3.8760671632047,0,13.1141719818115,0
1307,"4",21.78,"2026-05-12","09:39:14",0,"STABILIZE",12.845,44.93,577.12585,2.7620223886129,13.825,13825,179,NA,NA,NA,NA,23.2732474803925,-16.8410590291023,NA,NA,1.32999992370605,-13.1141719818115,-13.0337388249762,"NEDz",216.116423397427,0.276623129844666,2.31742410948782,3.8760671632047,0,13.1141719818115,0
1308,"4",21.8,"2026-05-12","09:39:15",0,"STABILIZE",12.845,44.93,577.12585,2.7620223886129,13.825,13825,179,NA,NA,NA,NA,23.2732474803925,-16.8410590291023,NA,NA,1.32999992370605,-13.1141719818115,-13.0337098419229,"NEDz",216.116423397427,0.276623129844666,2.31742410948782,3.8760671632047,0,13.1141719818115,0
1309,"4",21.82,"2026-05-12","09:39:16",0,"STABILIZE",12.845,44.93,577.12585,2.7620223886129,13.825,13825,179,NA,NA,NA,NA,23.2732474803925,-16.8410590291023,NA,NA,1.32999992370605,-13.1141719818115,-13.0336804741503,"NEDz",216.116423397427,0.276623129844666,2.31742410948782,3.8760671632047,0,13.1141719818115,0
1310,"0",21.83,"2026-05-12","09:39:17",0,"STABILIZE",12.845,44.93,577.12585,2.7620223886129,13.825,13825,179,NA,NA,NA,NA,23.2732474803925,-16.8410590291023,NA,NA,1.32999992370605,-13.1141719818115,-13.0336506007418,"NEDz",216.116423397427,0.276623129844666,2.31742410948782,3.8760671632047,0,13.1141719818115,0
1311,"0",21.85,"2026-05-12","09:39:18",0,"STABILIZE",12.845,44.93,577.12585,2.7620223886129,13.825,13825,179,NA,NA,NA,NA,23.2732474803925,-16.8410590291023,NA,NA,1.32999992370605,-13.1141719818115,-13.0336201007807,"NEDz",216.116423397427,0.276623129844666,2.31742410948782,3.8760671632047,0,13.1141719818115,0
1312,"0",21.87,"2026-05-12","09:39:19",0,"STABILIZE",12.845,44.93,577.12585,2.7620223886129,13.825,13825,179,NA,NA,NA,NA,23.2732474803925,-16.8410590291023,NA,NA,1.32999992370605,-13.1141719818115,-13.0335888533505,"NEDz",216.116423397427,0.276623129844666,2.31742410948782,3.8760671632047,0,13.1141719818115,0
1313,"0",21.88,"2026-05-12","09:39:20",0,"STABILIZE",12.845,44.93,577.12585,2.7620223886129,13.825,13825,179,NA,NA,NA,NA,23.2732474803925,-16.8410590291023,NA,NA,1.32999992370605,-13.1141719818115,-13.0335567375344,"NEDz",216.116423397427,0.276623129844666,2.31742410948782,3.8760671632047,0,13.1141719818115,0
1314,"0",21.9,"2026-05-12","09:39:21",0,"STABILIZE",12.845,44.93,577.12585,2.7620223886129,13.825,13825,179,NA,NA,NA,NA,23.2732474803925,-16.8410590291023,NA,NA,1.32999992370605,-13.1141719818115,-13.0335236324159,"NEDz",216.116423397427,0.276623129844666,2.31742410948782,3.8760671632047,0,13.1141719818115,0
1315,"0",21.92,"2026-05-12","09:39:22",0,"STABILIZE",12.845,44.93,577.12585,2.7620223886129,13.825,13825,179,NA,NA,NA,NA,23.2732474803925,-16.8410590291023,NA,NA,1.32999992370605,-13.1141719818115,-13.0334894170783,"NEDz",216.116423397427,0.276623129844666,2.31742410948782,3.8760671632047,0,13.1141719818115,0
1316,"0",21.93,"2026-05-12","09:39:23",0,"STABILIZE",12.845,44.93,577.12585,2.7620223886129,13.825,13825,179,NA,NA,NA,NA,23.2732474803925,-16.8410590291023,NA,NA,1.32999992370605,-13.1141719818115,-13.033453970605,"NEDz",216.116423397427,0.276623129844666,2.31742410948782,3.8760671632047,0,13.1141719818115,0
1317,"0",21.95,"2026-05-12","09:39:24",0,"STABILIZE",12.845,44.93,577.12585,2.7620223886129,13.825,13825,179,NA,NA,NA,NA,23.2732474803925,-16.8410590291023,NA,NA,1.32999992370605,-13.1141719818115,-13.0334171720793,"NEDz",216.116423397427,0.276623129844666,2.31742410948782,3.8760671632047,0,13.1141719818115,0
1318,"0",21.97,"2026-05-12","09:39:25",0,"STABILIZE",12.845,44.93,577.12585,2.7620223886129,13.825,13825,179,NA,NA,NA,NA,23.2732474803925,-16.8410590291023,NA,NA,1.32999992370605,-13.1141719818115,-13.0333789005846,"NEDz",216.116423397427,0.276623129844666,2.31742410948782,3.8760671632047,0,13.1141719818115,0
1319,"0",21.98,"2026-05-12","09:39:26",0,"STABILIZE",12.845,44.93,577.12585,2.7620223886129,13.825,13825,179,NA,NA,NA,NA,23.2732474803925,-16.8410590291023,NA,NA,1.32999992370605,-13.1141719818115,-13.0333390352043,"NEDz",216.116423397427,0.276623129844666,2.31742410948782,3.8760671632047,0,13.1141719818115,0
1320,"0",22,"2026-05-12","09:39:27",0,"STABILIZE",12.845,44.93,577.12585,2.7620223886129,13.825,13825,179,NA,NA,NA,NA,23.2732474803925,-16.8410590291023,NA,NA,1.32999992370605,-13.1141719818115,-13.0332974550217,"NEDz",216.116423397427,0.276623129844666,2.31742410948782,3.8760671632047,0,13.1141719818115,0
1321,"0",22.02,"2026-05-12","09:39:28",0,"STABILIZE",12.845,44.93,577.12585,2.7620223886129,13.825,13825,179,NA,NA,NA,NA,23.2732474803925,-16.8410590291023,NA,NA,1.32999992370605,-13.1141719818115,-13.0332540391201,"NEDz",216.116423397427,0.276623129844666,2.31742410948782,3.8760671632047,0,13.1141719818115,0
1322,"0",22.03,"2026-05-12","09:39:29",0,"STABILIZE",12.845,44.93,577.12585,2.7620223886129,13.825,13825,179,NA,NA,NA,NA,23.2732474803925,-16.8410590291023,NA,NA,1.32999992370605,-13.1141719818115,-13.033208666583,"NEDz",216.116423397427,0.276623129844666,2.31742410948782,3.8760671632047,0,13.1141719818115,0
1323,"0",22.05,"2026-05-12","09:39:30",0,"STABILIZE",12.845,44.93,577.12585,2.7620223886129,13.825,13825,179,NA,NA,NA,NA,23.2732474803925,-16.8410590291023,NA,NA,1.32999992370605,-13.1141719818115,-13.0331612164937,"NEDz",216.116423397427,0.276623129844666,2.31742410948782,3.8760671632047,0,13.1141719818115,0
1324,"0",22.07,"2026-05-12","09:39:31",0,"STABILIZE",12.845,44.93,577.12585,2.7620223886129,13.825,13825,179,NA,NA,NA,NA,23.2732474803925,-16.8410590291023,NA,NA,1.32999992370605,-13.1141719818115,-13.0331115679356,"NEDz",216.116423397427,0.276623129844666,2.31742410948782,3.8760671632047,0,13.1141719818115,0
1325,"0",22.08,"2026-05-12","09:39:32",0,"STABILIZE",12.845,44.93,577.12585,2.7620223886129,13.825,13825,179,NA,NA,NA,NA,23.2732474803925,-16.8410590291023,NA,NA,1.32999992370605,-13.1141719818115,-13.0330595999919,"NEDz",216.116423397427,0.276623129844666,2.31742410948782,3.8760671632047,0,13.1141719818115,0
1326,"0",22.1,"2026-05-12","09:39:33",0,"STABILIZE",12.845,44.93,577.12585,2.7620223886129,13.825,13825,179,NA,NA,NA,NA,23.2732474803925,-16.8410590291023,NA,NA,1.32999992370605,-13.1141719818115,-13.0330051917462,"NEDz",216.116423397427,0.276623129844666,2.31742410948782,3.8760671632047,0,13.1141719818115,0
1327,"0",22.12,"2026-05-12","09:39:34",0,"STABILIZE",12.845,44.93,577.12585,2.7620223886129,13.825,13825,179,NA,NA,NA,NA,23.2732474803925,-16.8410590291023,NA,NA,1.32999992370605,-13.1141719818115,-13.0329482222817,"NEDz",216.116423397427,0.276623129844666,2.31742410948782,3.8760671632047,0,13.1141719818115,0
1328,"0",22.13,"2026-05-12","09:39:35",0,"STABILIZE",12.845,44.93,577.12585,2.7620223886129,13.825,13825,179,NA,NA,NA,NA,23.2732474803925,-16.8410590291023,NA,NA,1.32999992370605,-13.1141719818115,-13.0328885706819,"NEDz",216.116423397427,0.276623129844666,2.31742410948782,3.8760671632047,0,13.1141719818115,0
1329,"0",22.15,"2026-05-12","09:39:36",0,"STABILIZE",12.802,40.84,522.83368,2.71919341804476,13.825,13825,179,NA,NA,NA,NA,23.2732474803925,-16.8410590291023,NA,NA,1.32999992370605,-13.1141719818115,-13.03282611603,"NEDz",216.116423397427,0.276623129844666,2.31742410948782,3.8760671632047,0,13.1141719818115,0
1330,"0",22.17,"2026-05-12","09:39:37",0,"STABILIZE",12.802,40.84,522.83368,2.71919341804476,13.825,13825,179,NA,NA,NA,NA,23.2732474803925,-16.8410590291023,NA,NA,1.32999992370605,-13.1141719818115,-13.0327607374094,"NEDz",216.116423397427,0.276623129844666,2.31742410948782,3.8760671632047,0,13.1141719818115,0
1331,"0",22.18,"2026-05-12","09:39:38",0,"STABILIZE",12.802,40.84,522.83368,2.71919341804476,13.825,13825,179,NA,NA,NA,NA,23.2732474803925,-16.8410590291023,NA,NA,1.32999992370605,-13.1141719818115,-13.0326923139036,"NEDz",293.125023609947,0.276623129844666,2.31742410948782,3.8760671632047,0,13.1141719818115,0
1332,"0",22.2,"2026-05-12","09:39:39",0,"STABILIZE",12.802,40.84,522.83368,2.71919341804476,13.825,13825,179,NA,NA,NA,NA,23.2732474803925,-16.8410590291023,NA,NA,1.29999995231628,-13.1141719818115,-13.002620753206,"NEDz",293.125023609947,0.276623129844666,2.26515143206625,3.7051513545106,0,13.1141719818115,0
1333,"0",22.22,"2026-05-12","09:39:41",0,"STABILIZE",12.802,40.84,522.83368,2.71919341804476,13.825,13825,179,NA,NA,NA,NA,23.2732474803925,-16.8410590291023,NA,NA,1.26999998092651,-13.1141719818115,-12.9724676221282,"NEDz",293.125023609947,0.276623129844666,2.21287875464468,3.5342355458165,0,13.1141719818115,0
1334,"0",22.23,"2026-05-12","09:39:42",0,"STABILIZE",12.802,40.84,522.83368,2.71919341804476,13.825,13825,179,NA,NA,NA,NA,23.2732474803925,-16.8410590291023,NA,NA,1.26999998092651,-13.1141719818115,-12.9723858099148,"NEDz",293.125023609947,0.276623129844666,2.21287875464468,3.5342355458165,0,13.1141719818115,0
1335,"0",22.25,"2026-05-12","09:39:43",0,"STABILIZE",12.802,40.84,522.83368,2.71919341804476,13.825,13825,179,NA,NA,NA,NA,23.2732474803925,-16.8410590291023,NA,NA,1.26999998092651,-13.1141719818115,-12.9723003482328,"NEDz",295.143651868199,0.276623129844666,2.21287875464468,3.5342355458165,0,13.1141719818115,0
1336,"0",22.27,"2026-05-12","09:39:44",0,"STABILIZE",12.802,40.84,522.83368,2.71919341804476,13.825,13825,179,NA,NA,NA,NA,23.2732474803925,-16.8410590291023,NA,NA,1.26999998092651,-13.1141719818115,-12.9722111161658,"NEDz",299.180908384702,0.276623129844666,2.21287875464468,3.5342355458165,0,13.1141719818115,0
1337,"0",22.28,"2026-05-12","09:39:45",0,"STABILIZE",12.802,40.84,522.83368,2.71919341804476,13.825,13825,179,NA,NA,NA,NA,23.2732474803925,-16.8410590291023,NA,NA,1.26999998092651,-13.1141719818115,-12.9721179927969,"NEDz",299.180908384702,0.276623129844666,2.21287875464468,3.5342355458165,0,13.1141719818115,0
1338,"0",22.3,"2026-05-12","09:39:46",0,"STABILIZE",12.802,40.84,522.83368,2.71919341804476,13.825,13825,179,NA,NA,NA,NA,23.2732474803925,-16.8410590291023,NA,NA,1.26999998092651,-13.1141719818115,-12.9720208572097,"NEDz",299.180908384702,0.276623129844666,2.21287875464468,3.5342355458165,0,13.1141719818115,0
1339,"0",22.32,"2026-05-12","09:39:47",0,"STABILIZE",12.802,40.84,522.83368,2.71919341804476,13.825,13825,179,NA,NA,NA,NA,23.2732474803925,-16.8410590291023,NA,NA,1.26999998092651,-13.1141719818115,-12.9719195884874,"NEDz",299.180908384702,0.276623129844666,2.21287875464468,3.5342355458165,0,13.1141719818115,0
1340,"0",22.33,"2026-05-12","09:39:48",0,"STABILIZE",12.802,40.84,522.83368,2.71919341804476,13.825,13825,179,NA,NA,NA,NA,23.2732474803925,-16.8410590291023,NA,NA,1.26999998092651,-13.1141719818115,-12.9718140657134,"NEDz",299.180908384702,0.276623129844666,2.21287875464468,3.5342355458165,0,13.1141719818115,0
1341,"0",22.35,"2026-05-12","09:39:49",0,"STABILIZE",12.802,40.84,522.83368,2.71919341804476,13.825,13825,179,NA,NA,NA,NA,23.2732474803925,-16.8410590291023,NA,NA,1.26999998092651,-13.1141719818115,-12.9717041679711,"NEDz",299.180908384702,0.276623129844666,2.21287875464468,3.5342355458165,0,13.1141719818115,0
1342,"0",22.37,"2026-05-12","09:39:50",0,"STABILIZE",12.802,40.84,522.83368,2.71919341804476,13.825,13825,179,NA,NA,NA,NA,23.2732474803925,-16.8410590291023,NA,NA,1.26999998092651,-13.1141719818115,-12.9715897743438,"NEDz",299.180908384702,0.276623129844666,2.21287875464468,3.5342355458165,0,13.1141719818115,0
1343,"0",22.38,"2026-05-12","09:39:51",0,"STABILIZE",12.802,40.84,522.83368,2.71919341804476,13.825,13825,179,NA,NA,NA,NA,23.2732474803925,-16.8410590291023,NA,NA,1.26999998092651,-13.1141719818115,-12.971470763915,"NEDz",299.180908384702,0.276623129844666,2.21287875464468,3.5342355458165,0,13.1141719818115,0
1344,"0",22.4,"2026-05-12","09:39:52",0,"STABILIZE",12.802,40.84,522.83368,2.71919341804476,13.825,13825,179,NA,NA,NA,NA,23.2732474803925,-16.8410590291023,NA,NA,1.26999998092651,-13.1141719818115,-12.9713470157679,"NEDz",299.180908384702,0.276623129844666,2.21287875464468,3.5342355458165,0,13.1141719818115,0
1345,"0",22.42,"2026-05-12","09:39:53",0,"STABILIZE",12.802,40.84,522.83368,2.71919341804476,13.825,13825,179,NA,NA,NA,NA,23.2732474803925,-16.8410590291023,NA,NA,1.26999998092651,-13.1141719818115,-12.9712184089859,"NEDz",299.180908384702,0.276623129844666,2.21287875464468,3.5342355458165,0,13.1141719818115,0
1346,"0",22.43,"2026-05-12","09:39:54",0,"STABILIZE",12.802,40.84,522.83368,2.71919341804476,13.825,13825,179,NA,NA,NA,NA,23.2732474803925,-16.8410590291023,NA,NA,1.26999998092651,-13.1141719818115,-12.9710848226524,"NEDz",299.180908384702,0.276623129844666,2.21287875464468,3.5342355458165,0,13.1141719818115,0
1347,"0",22.45,"2026-05-12","09:39:55",0,"STABILIZE",12.802,40.84,522.83368,2.71919341804476,13.825,13825,179,NA,NA,NA,NA,23.2732474803925,-16.8410590291023,NA,NA,1.26999998092651,-13.1141719818115,-12.9709461358508,"NEDz",299.180908384702,0.276623129844666,2.21287875464468,3.5342355458165,0,13.1141719818115,0
1348,"0",22.47,"2026-05-12","09:39:56",0,"STABILIZE",12.802,40.84,522.83368,2.71919341804476,13.825,13825,179,NA,NA,NA,NA,23.2732474803925,-16.8410590291023,NA,NA,1.26999998092651,-13.1141719818115,-12.9708022276644,"NEDz",299.180908384702,0.276623129844666,2.21287875464468,3.5342355458165,0,13.1141719818115,0
1349,"0",22.48,"2026-05-12","09:39:57",0,"STABILIZE",12.802,40.84,522.83368,2.71919341804476,13.825,13825,179,NA,NA,NA,NA,23.2732474803925,-16.8410590291023,NA,NA,1.26999998092651,-13.1141719818115,-12.9706529771765,"NEDz",299.180908384702,0.276623129844666,2.21287875464468,3.5342355458165,0,13.1141719818115,0
1350,"0",22.5,"2026-05-12","09:39:58",0,"STABILIZE",12.802,40.84,522.83368,2.71919341804476,13.825,13825,179,NA,NA,NA,NA,23.2732474803925,-16.8410590291023,NA,NA,1.26999998092651,-13.1141719818115,-12.9704982634706,"NEDz",299.180908384702,0.276623129844666,2.21287875464468,3.5342355458165,0,13.1141719818115,0
1351,"0",22.52,"2026-05-12","09:39:59",0,"STABILIZE",12.802,40.84,522.83368,2.71919341804476,13.825,13825,179,NA,NA,NA,NA,23.2732474803925,-16.8410590291023,NA,NA,1.26999998092651,-13.1141719818115,-12.97033796563,"NEDz",299.180908384702,0.276623129844666,2.21287875464468,3.5342355458165,0,13.1141719818115,0
1352,"0",22.53,"2026-05-12","09:40:00",0,"STABILIZE",12.802,40.84,522.83368,2.71919341804476,13.825,13825,179,NA,NA,NA,NA,23.2732474803925,-16.8410590291023,NA,NA,1.26999998092651,-13.1141719818115,-12.970171962738,"NEDz",299.180908384702,0.276623129844666,2.21287875464468,3.5342355458165,0,13.1141719818115,0
1353,"0",22.55,"2026-05-12","09:40:01",0,"STABILIZE",12.802,40.84,522.83368,2.71919341804476,13.825,13825,179,NA,NA,NA,NA,23.2732474803925,-16.8410590291023,NA,NA,1.26999998092651,-13.1141719818115,-12.9700001939405,"NEDz",299.180908384702,0.276623129844666,2.21287875464468,3.5342355458165,0,13.1141719818115,0
1354,"0",22.57,"2026-05-12","09:40:02",0,"STABILIZE",12.802,40.84,522.83368,2.71919341804476,13.825,13825,179,NA,NA,NA,NA,23.2732474803925,-16.8410590291023,NA,NA,1.26999998092651,-13.1141719818115,-12.969822838633,"NEDz",299.180908384702,0.276623129844666,2.21287875464468,3.5342355458165,0,13.1141719818115,0
1355,"0",22.58,"2026-05-12","09:40:03",0,"STABILIZE",12.802,40.84,522.83368,2.71919341804476,13.825,13825,179,NA,NA,NA,NA,23.2732474803925,-16.8410590291023,NA,NA,1.26999998092651,-13.1141719818115,-12.9696401362733,"NEDz",299.180908384702,0.276623129844666,2.21287875464468,3.5342355458165,0,13.1141719818115,0
1356,"0",22.6,"2026-05-12","09:40:04",0,"STABILIZE",12.802,40.84,522.83368,2.71919341804476,13.825,13825,179,NA,NA,NA,NA,23.2732474803925,-16.8410590291023,NA,NA,1.26999998092651,-13.1141719818115,-12.9694523263195,"NEDz",299.180908384702,0.276623129844666,2.21287875464468,3.5342355458165,0,13.1141719818115,0
1357,"0",22.62,"2026-05-12","09:40:05",0,"STABILIZE",12.802,40.84,522.83368,2.71919341804476,13.825,13825,179,NA,NA,NA,NA,23.2732474803925,-16.8410590291023,NA,NA,1.26999998092651,-13.1141719818115,-12.9692596482295,"NEDz",300.060363542232,0.276623129844666,2.21287875464468,3.5342355458165,0,13.1141719818115,0
1358,"0",22.63,"2026-05-12","09:40:06",0,"STABILIZE",12.802,40.84,522.83368,2.71919341804476,13.825,13825,179,NA,NA,NA,NA,23.2732474803925,-16.8410590291023,NA,NA,1.26999998092651,-13.1141719818115,-12.9690623414611,"NEDz",301.819273857294,0.276623129844666,2.21287875464468,3.5342355458165,0,13.1141719818115,0
1359,"0",22.65,"2026-05-12","09:40:07",0,"STABILIZE",12.802,40.84,522.83368,2.71919341804476,13.825,13825,179,NA,NA,NA,NA,23.2732474803925,-16.8410590291023,NA,NA,1.26999998092651,-13.1141719818115,-12.9688606454724,"NEDz",301.819273857294,0.276623129844666,2.21287875464468,3.5342355458165,0,13.1141719818115,0
1360,"0",22.67,"2026-05-12","09:40:08",0,"STABILIZE",12.802,40.84,522.83368,2.71919341804476,13.825,13825,179,NA,NA,NA,NA,23.2732474803925,-16.8410590291023,NA,NA,1.26999998092651,-13.1141719818115,-12.9686547997213,"NEDz",301.819273857294,0.276623129844666,2.21287875464468,3.5342355458165,0,13.1141719818115,0
1361,"0",22.68,"2026-05-12","09:40:09",0,"STABILIZE",12.802,40.84,522.83368,2.71919341804476,13.825,13825,179,NA,NA,NA,NA,23.2732474803925,-16.8410590291023,NA,NA,1.26999998092651,-13.1141719818115,-12.9684450436658,"NEDz",301.819273857294,0.276623129844666,2.21287875464468,3.5342355458165,0,13.1141719818115,0
1362,"0",22.7,"2026-05-12","09:40:10",0,"STABILIZE",12.802,40.84,522.83368,2.71919341804476,13.825,13825,179,NA,NA,NA,NA,23.2732474803925,-16.8410590291023,NA,NA,1.26999998092651,-13.1141719818115,-12.9682316167636,"NEDz",301.819273857294,0.276623129844666,2.21287875464468,3.5342355458165,0,13.1141719818115,0
1363,"0",22.72,"2026-05-12","09:40:11",0,"STABILIZE",12.802,40.84,522.83368,2.71919341804476,13.825,13825,179,NA,NA,NA,NA,23.2732474803925,-16.8410590291023,NA,NA,1.26999998092651,-13.1141719818115,-12.9680147584729,"NEDz",301.819273857294,0.276623129844666,2.21287875464468,3.5342355458165,0,13.1141719818115,0
1364,"5",22.73,"2026-05-12","09:40:12",0,"STABILIZE",12.802,40.84,522.83368,2.71919341804476,13.825,13825,179,NA,NA,NA,NA,23.2732474803925,-16.8410590291023,NA,NA,1.26999998092651,-13.1141719818115,-12.9677947082515,"NEDz",301.819273857294,0.276623129844666,2.21287875464468,3.5342355458165,0,13.1141719818115,0
1365,"5",22.75,"2026-05-12","09:40:13",0,"STABILIZE",12.802,40.84,522.83368,2.71919341804476,13.825,13825,179,NA,NA,NA,NA,23.2732474803925,-16.8410590291023,NA,NA,1.26999998092651,-13.1141719818115,-12.9675717055574,"NEDz",301.819273857294,0.276623129844666,2.21287875464468,3.5342355458165,0,13.1141719818115,0
1366,"5",22.77,"2026-05-12","09:40:14",0,"STABILIZE",12.802,40.84,522.83368,2.71919341804476,13.825,13825,179,NA,NA,NA,NA,23.2732474803925,-16.8410590291023,NA,NA,1.26999998092651,-13.1141719818115,-12.9673459898485,"NEDz",301.819273857294,0.276623129844666,2.21287875464468,3.5342355458165,0,13.1141719818115,0
1367,"5",22.78,"2026-05-12","09:40:15",0,"STABILIZE",12.802,40.84,522.83368,2.71919341804476,13.825,13825,179,NA,NA,NA,NA,23.2732474803925,-16.8410590291023,NA,NA,1.26999998092651,-13.1141719818115,-12.9671178005827,"NEDz",301.819273857294,0.276623129844666,2.21287875464468,3.5342355458165,0,13.1141719818115,0
1368,"5",22.8,"2026-05-12","09:40:16",0,"STABILIZE",12.802,40.84,522.83368,2.71919341804476,13.825,13825,179,NA,NA,NA,NA,23.2732474803925,-16.8410590291023,NA,NA,1.26999998092651,-13.1141719818115,-12.966887377218,"NEDz",301.819273857294,0.276623129844666,2.21287875464468,3.5342355458165,0,13.1141719818115,0
1369,"5",22.82,"2026-05-12","09:40:17",0,"STABILIZE",12.802,40.84,522.83368,2.71919341804476,13.825,13825,179,NA,NA,NA,NA,23.2732474803925,-16.8410590291023,NA,NA,1.26999998092651,-13.1141719818115,-12.9666549592124,"NEDz",301.819273857294,0.276623129844666,2.21287875464468,3.5342355458165,0,13.1141719818115,0
1370,"5",22.83,"2026-05-12","09:40:18",0,"STABILIZE",12.802,40.84,522.83368,2.71919341804476,13.825,13825,179,NA,NA,NA,NA,23.2732474803925,-16.8410590291023,NA,NA,1.26999998092651,-13.1141719818115,-12.9664207860237,"NEDz",301.819273857294,0.276623129844666,2.21287875464468,3.5342355458165,0,13.1141719818115,0
1371,"5",22.85,"2026-05-12","09:40:19",0,"STABILIZE",12.802,40.84,522.83368,2.71919341804476,13.825,13825,179,NA,NA,NA,NA,23.2732474803925,-16.8410590291023,NA,NA,1.26999998092651,-13.1141719818115,-12.9661850971099,"NEDz",301.819273857294,0.276623129844666,2.21287875464468,3.5342355458165,0,13.1141719818115,0
1372,"5",22.87,"2026-05-12","09:40:20",0,"STABILIZE",12.802,40.84,522.83368,2.71919341804476,13.825,13825,179,NA,NA,NA,NA,23.2732474803925,-16.8410590291023,NA,NA,1.26999998092651,-13.1141719818115,-12.9659481319289,"NEDz",301.819273857294,0.276623129844666,2.21287875464468,3.5342355458165,0,13.1141719818115,0
1373,"5",22.88,"2026-05-12","09:40:21",0,"STABILIZE",12.802,40.84,522.83368,2.71919341804476,13.825,13825,179,NA,NA,NA,NA,24.4032905101776,-23.2741416096687,NA,NA,1.26999998092651,-13.7374925613403,-13.5890307094675,"NEDz",301.819273857294,0.276623129844666,2.21287875464468,3.5342355458165,6.53158087583343,13.7374925613403,0
1374,"5",22.9,"2026-05-12","09:40:22",0,"STABILIZE",12.802,40.84,522.83368,2.71919341804476,13.825,13825,179,NA,NA,NA,NA,24.4032905101776,-23.2741416096687,NA,NA,1.26999998092651,-13.7374925613403,-13.588791910126,"NEDz",301.819273857294,0.276623129844666,2.21287875464468,3.5342355458165,0,13.7374925613403,0
1375,"5",22.92,"2026-05-12","09:40:23",0,"STABILIZE",12.802,40.84,522.83368,2.71919341804476,13.825,13825,179,NA,NA,NA,NA,24.4032905101776,-23.2741416096687,NA,NA,1.26999998092651,-13.7374925613403,-13.5885525528912,"NEDz",301.819273857294,0.276623129844666,2.21287875464468,3.5342355458165,0,13.7374925613403,0
1376,"5",22.93,"2026-05-12","09:40:24",0,"STABILIZE",12.802,40.84,522.83368,2.71919341804476,13.825,13825,179,NA,NA,NA,NA,24.4032905101776,-23.2741416096687,NA,NA,1.26999998092651,-13.7374925613403,-13.5883128772209,"NEDz",301.819273857294,0.276623129844666,2.21287875464468,3.5342355458165,0,13.7374925613403,0
1377,"5",22.95,"2026-05-12","09:40:25",0,"STABILIZE",12.802,40.84,522.83368,2.71919341804476,13.825,13825,179,NA,NA,NA,NA,24.4032905101776,-23.2741416096687,NA,NA,1.26999998092651,-13.7374925613403,-13.5880731225732,"NEDz",301.819273857294,0.276623129844666,2.21287875464468,3.5342355458165,0,13.7374925613403,0
1378,"5",22.97,"2026-05-12","09:40:26",0,"STABILIZE",12.802,40.84,522.83368,2.71919341804476,13.825,13825,179,NA,NA,NA,NA,24.4032905101776,-23.2741416096687,NA,NA,1.26999998092651,-13.7374925613403,-13.5878335284059,"NEDz",301.819273857294,0.276623129844666,2.21287875464468,3.5342355458165,0,13.7374925613403,0
1379,"5",22.98,"2026-05-12","09:40:27",0,"STABILIZE",12.802,40.84,522.83368,2.71919341804476,13.825,13825,179,NA,NA,NA,NA,24.4032905101776,-23.2741416096687,NA,NA,1.26999998092651,-13.7374925613403,-13.5875943341771,"NEDz",301.819273857294,0.276623129844666,2.21287875464468,3.5342355458165,0,13.7374925613403,0
1380,"5",23,"2026-05-12","09:40:28",0,"STABILIZE",12.802,40.84,522.83368,2.71919341804476,13.825,13825,179,NA,NA,NA,NA,24.4032905101776,-23.2741416096687,NA,NA,1.26999998092651,-13.7374925613403,-13.5873557793445,"NEDz",301.819273857294,0.276623129844666,2.21287875464468,3.5342355458165,0,13.7374925613403,0
1381,"5",23.02,"2026-05-12","09:40:29",0,"STABILIZE",12.802,40.84,522.83368,2.71919341804476,13.825,13825,179,NA,NA,NA,NA,24.4032905101776,-23.2741416096687,NA,NA,1.26999998092651,-13.7374925613403,-13.5871181033663,"NEDz",301.819273857294,0.276623129844666,2.21287875464468,3.5342355458165,0,13.7374925613403,0
1382,"5",23.03,"2026-05-12","09:40:30",0,"STABILIZE",12.802,40.84,522.83368,2.71919341804476,13.825,13825,179,NA,NA,NA,NA,24.4032905101776,-23.2741416096687,NA,NA,1.26999998092651,-13.7374925613403,-13.5868815457002,"NEDz",301.819273857294,0.276623129844666,2.21287875464468,3.5342355458165,0,13.7374925613403,0
1383,"5",23.05,"2026-05-12","09:40:31",0,"STABILIZE",12.802,40.84,522.83368,2.71919341804476,13.825,13825,179,NA,NA,NA,NA,24.4032905101776,-23.2741416096687,NA,NA,1.26999998092651,-13.7374925613403,-13.5866463458043,"NEDz",301.819273857294,0.276623129844666,2.21287875464468,3.5342355458165,0,13.7374925613403,0
1384,"5",23.07,"2026-05-12","09:40:32",0,"STABILIZE",12.802,40.84,522.83368,2.71919341804476,13.825,13825,179,NA,NA,NA,NA,24.4032905101776,-23.2741416096687,NA,NA,1.26999998092651,-13.7374925613403,-13.5864127431365,"NEDz",301.819273857294,0.276623129844666,2.21287875464468,3.5342355458165,0,13.7374925613403,0
1385,"5",23.08,"2026-05-12","09:40:33",0,"STABILIZE",12.802,40.84,522.83368,2.71919341804476,13.825,13825,179,NA,NA,NA,NA,24.4032905101776,-23.2741416096687,NA,NA,1.26999998092651,-13.7374925613403,-13.5861809771547,"NEDz",301.819273857294,0.276623129844666,2.21287875464468,3.5342355458165,0,13.7374925613403,0
1386,"5",23.1,"2026-05-12","09:40:34",0,"STABILIZE",12.802,40.84,522.83368,2.71919341804476,13.825,13825,179,NA,NA,NA,NA,24.4032905101776,-23.2741416096687,NA,NA,1.26999998092651,-13.7374925613403,-13.5859512873169,"NEDz",301.819273857294,0.276623129844666,2.21287875464468,3.5342355458165,0,13.7374925613403,0
1387,"5",23.12,"2026-05-12","09:40:35",0,"STABILIZE",12.802,40.84,522.83368,2.71919341804476,13.825,13825,179,NA,NA,NA,NA,24.4032905101776,-23.2741416096687,NA,NA,1.26999998092651,-13.7374925613403,-13.5857239130809,"NEDz",301.819273857294,0.276623129844666,2.21287875464468,3.5342355458165,0,13.7374925613403,0
1388,"5",23.13,"2026-05-12","09:40:36",0,"STABILIZE",12.802,40.84,522.83368,2.71919341804476,13.825,13825,179,NA,NA,NA,NA,24.4032905101776,-23.2741416096687,NA,NA,1.26999998092651,-13.7374925613403,-13.5854990939048,"NEDz",301.819273857294,0.276623129844666,2.21287875464468,3.5342355458165,0,13.7374925613403,0
1389,"5",23.15,"2026-05-12","09:40:37",0,"STABILIZE",12.802,40.84,522.83368,2.71919341804476,13.825,13825,179,NA,NA,NA,NA,24.4032905101776,-23.2741416096687,NA,NA,1.26999998092651,-13.7374925613403,-13.5852770692465,"NEDz",301.819273857294,0.276623129844666,2.21287875464468,3.5342355458165,0,13.7374925613403,0
1390,"5",23.17,"2026-05-12","09:40:38",0,"STABILIZE",12.802,40.84,522.83368,2.71919341804476,13.825,13825,179,NA,NA,NA,NA,24.4032905101776,-23.2741416096687,NA,NA,1.26999998092651,-13.7374925613403,-13.5850580785639,"NEDz",301.819273857294,0.276623129844666,2.21287875464468,3.5342355458165,0,13.7374925613403,0
1391,"5",23.18,"2026-05-12","09:40:39",0,"STABILIZE",12.802,40.84,522.83368,2.71919341804476,13.825,13825,179,NA,NA,NA,NA,24.4032905101776,-23.2741416096687,NA,NA,1.26999998092651,-13.7374925613403,-13.5848423613149,"NEDz",301.819273857294,0.276623129844666,2.21287875464468,3.5342355458165,0,13.7374925613403,0
1392,"5",23.2,"2026-05-12","09:40:40",0,"STABILIZE",12.802,40.84,522.83368,2.71919341804476,13.825,13825,179,NA,NA,NA,NA,24.4032905101776,-23.2741416096687,NA,NA,1.26999998092651,-13.7374925613403,-13.5846301569575,"NEDz",301.819273857294,0.276623129844666,2.21287875464468,3.5342355458165,0,13.7374925613403,0
1393,"5",23.22,"2026-05-12","09:40:41",0,"STABILIZE",12.802,40.84,522.83368,2.71919341804476,13.825,13825,179,NA,NA,NA,NA,24.4032905101776,-23.2741416096687,NA,NA,1.26999998092651,-13.7374925613403,-13.5844217049497,"NEDz",301.819273857294,0.276623129844666,2.21287875464468,3.5342355458165,0,13.7374925613403,0
1394,"5",23.23,"2026-05-12","09:40:42",0,"STABILIZE",12.802,40.84,522.83368,2.71919341804476,13.825,13825,179,NA,NA,NA,NA,24.4032905101776,-23.2741416096687,NA,NA,1.26999998092651,-13.7374925613403,-13.5842172447493,"NEDz",301.819273857294,0.276623129844666,2.21287875464468,3.5342355458165,0,13.7374925613403,0
1395,"5",23.25,"2026-05-12","09:40:43",0,"STABILIZE",12.802,40.84,522.83368,2.71919341804476,13.825,13825,179,NA,NA,NA,NA,24.4032905101776,-23.2741416096687,NA,NA,1.26999998092651,-13.7374925613403,-13.5840170158143,"NEDz",301.819273857294,0.276623129844666,2.21287875464468,3.5342355458165,0,13.7374925613403,0
1396,"5",23.27,"2026-05-12","09:40:44",0,"STABILIZE",12.802,40.84,522.83368,2.71919341804476,13.825,13825,179,NA,NA,NA,NA,24.4032905101776,-23.2741416096687,NA,NA,1.26999998092651,-13.7374925613403,-13.5838212576026,"NEDz",301.819273857294,0.307399183511734,2.21287875464468,3.5342355458165,0,13.7374925613403,0
1397,"5",23.28,"2026-05-12","09:40:45",0,"STABILIZE",12.802,40.84,522.83368,2.71919341804476,13.825,13825,179,NA,NA,NA,NA,24.4032905101776,-23.2741416096687,NA,NA,1.26999998092651,-13.7374925613403,-13.5836302095722,"NEDz",301.819273857294,0.338175237178802,2.21287875464468,3.5342355458165,0,13.7374925613403,0
1398,"5",23.3,"2026-05-12","09:40:46",0,"STABILIZE",12.802,40.84,522.83368,2.71919341804476,13.825,13825,179,NA,NA,NA,NA,24.4032905101776,-23.2741416096687,NA,NA,1.26999998092651,-13.7374925613403,-13.5834441111811,"NEDz",301.819273857294,0.338175237178802,2.21287875464468,3.5342355458165,0,13.7374925613403,0
1399,"5",23.32,"2026-05-12","09:40:47",0,"STABILIZE",12.802,40.84,522.83368,2.71919341804476,13.825,13825,179,NA,NA,NA,NA,24.4032905101776,-23.2741416096687,NA,NA,1.26999998092651,-13.7374925613403,-13.583263201887,"NEDz",301.819273857294,0.338175237178802,2.21287875464468,3.5342355458165,0,13.7374925613403,0
1400,"5",23.33,"2026-05-12","09:40:48",0,"STABILIZE",12.802,40.84,522.83368,2.71919341804476,13.825,13825,179,NA,NA,NA,NA,24.4032905101776,-23.2741416096687,NA,NA,1.26999998092651,-13.7374925613403,-13.5830877211481,"NEDz",301.819273857294,0.338175237178802,2.21287875464468,3.5342355458165,0,13.7374925613403,0
1401,"5",23.35,"2026-05-12","09:40:49",0,"STABILIZE",12.802,40.84,522.83368,2.71919341804476,13.825,13825,179,NA,NA,NA,NA,24.4032905101776,-23.2741416096687,NA,NA,1.26999998092651,-13.7374925613403,-13.5829179084222,"NEDz",301.819273857294,0.338175237178802,2.21287875464468,3.5342355458165,0,13.7374925613403,0
1402,"5",23.37,"2026-05-12","09:40:50",0,"STABILIZE",12.802,40.84,522.83368,2.71919341804476,13.825,13825,179,NA,NA,NA,NA,24.4032905101776,-23.2741416096687,NA,NA,1.20999991893768,-13.7374925613403,-13.5227539411784,"NEDz",301.819273857294,0.338175237178802,2.10833319208839,3.20818012570012,0,13.7374925613403,0
1403,"5",23.38,"2026-05-12","09:40:51",0,"STABILIZE",12.802,40.84,522.83368,2.71919341804476,13.825,13825,179,NA,NA,NA,NA,24.4032905101776,-23.2741416096687,NA,NA,1.20999991893768,-13.7374925613403,-13.5225961828523,"NEDz",301.819273857294,0.338175237178802,2.10833319208839,3.20818012570012,0,13.7374925613403,0
1404,"5",23.4,"2026-05-12","09:40:52",0,"STABILIZE",12.802,40.84,522.83368,2.71919341804476,13.825,13825,179,NA,NA,NA,NA,24.4032905101776,-23.2741416096687,NA,NA,1.20999991893768,-13.7374925613403,-13.5224448109131,"NEDz",301.819273857294,0.338175237178802,2.10833319208839,3.20818012570012,0,13.7374925613403,0
1405,"5",23.42,"2026-05-12","09:40:53",0,"STABILIZE",12.802,40.84,522.83368,2.71919341804476,13.825,13825,179,NA,NA,NA,NA,24.4032905101776,-23.2741416096687,NA,NA,1.20999991893768,-13.7374925613403,-13.5223000648187,"NEDz",301.819273857294,0.338175237178802,2.10833319208839,3.20818012570012,0,13.7374925613403,0
1406,"5",23.43,"2026-05-12","09:40:54",0,"STABILIZE",12.802,40.84,522.83368,2.71919341804476,13.825,13825,179,NA,NA,NA,NA,24.4032905101776,-23.2741416096687,NA,NA,1.20999991893768,-13.7374925613403,-13.5221621840269,"NEDz",301.819273857294,0.338175237178802,2.10833319208839,3.20818012570012,0,13.7374925613403,0
1407,"5",23.45,"2026-05-12","09:40:55",0,"STABILIZE",12.802,40.84,522.83368,2.71919341804476,13.825,13825,179,NA,NA,NA,NA,24.4032905101776,-23.2741416096687,NA,NA,1.20999991893768,-13.7374925613403,-13.5220314079959,"NEDz",301.819273857294,0.338175237178802,2.10833319208839,3.20818012570012,0,13.7374925613403,0
1408,"5",23.47,"2026-05-12","09:40:56",0,"STABILIZE",12.802,40.84,522.83368,2.71919341804476,13.825,13825,179,NA,NA,NA,NA,24.4032905101776,-23.2741416096687,NA,NA,1.20999991893768,-13.7374925613403,-13.5219079761834,"NEDz",301.819273857294,0.338175237178802,2.10833319208839,3.20818012570012,0,13.7374925613403,0
1409,"5",23.48,"2026-05-12","09:40:58",0,"STABILIZE",12.802,40.84,522.83368,2.71919341804476,13.825,13825,179,NA,NA,NA,NA,24.4032905101776,-23.2741416096687,NA,NA,1.20999991893768,-13.7374925613403,-13.5216841030459,"NEDz",301.819273857294,0.338175237178802,2.10833319208839,3.20818012570012,0,13.7374925613403,0
1410,"5",23.5,"2026-05-12","09:40:59",0,"STABILIZE",12.802,40.84,522.83368,2.71919341804476,13.825,13825,179,NA,NA,NA,NA,24.4032905101776,-23.2741416096687,NA,NA,1.20999991893768,-13.7374925613403,-13.5215841406368,"NEDz",301.819273857294,0.338175237178802,2.10833319208839,3.20818012570012,0,13.7374925613403,0
1411,"5",23.52,"2026-05-12","09:41:00",0,"STABILIZE",12.802,40.84,522.83368,2.71919341804476,13.825,13825,179,NA,NA,NA,NA,24.4032905101776,-23.2741416096687,NA,NA,1.20999991893768,-13.7374925613403,-13.521492480278,"NEDz",301.819273857294,0.338175237178802,2.10833319208839,3.20818012570012,0,13.7374925613403,0
1412,"5",23.53,"2026-05-12","09:41:01",0,"STABILIZE",12.802,40.84,522.83368,2.71919341804476,13.825,13825,179,NA,NA,NA,NA,24.4032905101776,-23.2741416096687,NA,NA,1.20999991893768,-13.7374925613403,-13.5214092746246,"NEDz",301.819273857294,0.338175237178802,2.10833319208839,3.20818012570012,0,13.7374925613403,0
1413,"5",23.55,"2026-05-12","09:41:02",0,"STABILIZE",12.802,40.84,522.83368,2.71919341804476,13.825,13825,179,NA,NA,NA,NA,24.4032905101776,-23.2741416096687,NA,NA,1.20999991893768,-13.7374925613403,-13.5213343291199,"NEDz",301.819273857294,0.338175237178802,2.10833319208839,3.20818012570012,0,13.7374925613403,0
1414,"5",23.57,"2026-05-12","09:41:03",0,"STABILIZE",12.802,40.84,522.83368,2.71919341804476,13.825,13825,179,NA,NA,NA,NA,24.4032905101776,-23.2741416096687,NA,NA,1.20999991893768,-13.7374925613403,-13.5212673624044,"NEDz",301.819273857294,0.338175237178802,2.10833319208839,3.20818012570012,0,13.7374925613403,0
1415,"5",23.58,"2026-05-12","09:41:04",0,"STABILIZE",12.802,40.84,522.83368,2.71919341804476,13.825,13825,179,NA,NA,NA,NA,24.4032905101776,-23.2741416096687,NA,NA,1.20999991893768,-13.7374925613403,-13.5212080931185,"NEDz",301.819273857294,0.338175237178802,2.10833319208839,3.20818012570012,0,13.7374925613403,0
1416,"5",23.6,"2026-05-12","09:41:06",0,"STABILIZE",12.802,40.84,522.83368,2.71919341804476,13.825,13825,179,NA,NA,NA,NA,24.4032905101776,-23.2741416096687,NA,NA,1.20999991893768,-13.7374925613403,-13.5211115213972,"NEDz",301.819273857294,0.338175237178802,2.10833319208839,3.20818012570012,0,13.7374925613403,0
1417,"5",23.62,"2026-05-12","09:41:07",0,"STABILIZE",12.802,40.84,522.83368,2.71919341804476,13.825,13825,179,NA,NA,NA,NA,24.4032905101776,-23.2741416096687,NA,NA,1.20999991893768,-13.7374925613403,-13.5210736562427,"NEDz",301.819273857294,0.338175237178802,2.10833319208839,3.20818012570012,0,13.7374925613403,0
1418,"5",23.63,"2026-05-12","09:41:08",0,"STABILIZE",12.802,40.84,522.83368,2.71919341804476,13.825,13825,179,NA,NA,NA,NA,24.4032905101776,-23.2741416096687,NA,NA,1.20999991893768,-13.7374925613403,-13.5210423630797,"NEDz",301.819273857294,0.338175237178802,2.10833319208839,3.20818012570012,0,13.7374925613403,0
1419,"5",23.65,"2026-05-12","09:41:09",0,"STABILIZE",12.802,40.84,522.83368,2.71919341804476,13.825,13825,179,NA,NA,NA,NA,24.4032905101776,-23.2741416096687,NA,NA,1.20999991893768,-13.7374925613403,-13.5210173605484,"NEDz",301.819273857294,0.338175237178802,2.10833319208839,3.20818012570012,0,13.7374925613403,0
1420,"5",23.67,"2026-05-12","09:41:10",0,"STABILIZE",12.802,40.84,522.83368,2.71919341804476,13.825,13825,179,NA,NA,NA,NA,24.4032905101776,-23.2741416096687,NA,NA,1.20999991893768,-13.7374925613403,-13.5209983672894,"NEDz",301.819273857294,0.338175237178802,2.10833319208839,3.20818012570012,0,13.7374925613403,0
1421,"5",23.68,"2026-05-12","09:41:11",0,"STABILIZE",12.802,40.84,522.83368,2.71919341804476,13.825,13825,179,NA,NA,NA,NA,24.4032905101776,-23.2741416096687,NA,NA,1.20999991893768,-13.7374925613403,-13.5209851019432,"NEDz",301.819273857294,0.338175237178802,2.10833319208839,3.20818012570012,0,13.7374925613403,0
1422,"5",23.7,"2026-05-12","09:41:12",0,"STABILIZE",12.802,40.84,522.83368,2.71919341804476,13.825,13825,179,NA,NA,NA,NA,24.4032905101776,-23.2741416096687,NA,NA,1.20999991893768,-13.7374925613403,-13.52097728315,"NEDz",301.819273857294,0.338175237178802,2.10833319208839,3.20818012570012,0,13.7374925613403,0
1423,"5",23.72,"2026-05-12","09:41:13",0,"STABILIZE",12.802,40.84,522.83368,2.71919341804476,13.825,13825,179,NA,NA,NA,NA,24.4032905101776,-23.2741416096687,NA,NA,1.20999991893768,-13.7374925613403,-13.5209746295505,"NEDz",301.819273857294,0.338175237178802,2.10833319208839,3.20818012570012,0,13.7374925613403,0
1424,"5",23.73,"2026-05-12","09:41:15",0,"STABILIZE",12.802,40.84,522.83368,2.71919341804476,13.825,13825,179,NA,NA,NA,NA,24.4032905101776,-23.2741416096687,NA,NA,1.20999991893768,-13.7374925613403,-13.520983692494,"NEDz",301.819273857294,0.338175237178802,2.10833319208839,3.20818012570012,0,13.7374925613403,0
1425,"5",23.75,"2026-05-12","09:41:16",0,"STABILIZE",12.802,40.84,522.83368,2.71919341804476,13.825,13825,179,NA,NA,NA,NA,24.4032905101776,-23.2741416096687,NA,NA,1.20999991893768,-13.7374925613403,-13.520994846318,"NEDz",301.819273857294,0.338175237178802,2.10833319208839,3.20818012570012,0,13.7374925613403,0
1426,"5",23.77,"2026-05-12","09:41:17",0,"STABILIZE",12.802,40.84,522.83368,2.71919341804476,13.825,13825,179,NA,NA,NA,NA,24.4032905101776,-23.2741416096687,NA,NA,1.20999991893768,-13.7374925613403,-13.5210100398972,"NEDz",301.819273857294,0.338175237178802,2.10833319208839,3.20818012570012,0,13.7374925613403,0
1427,"5",23.78,"2026-05-12","09:41:18",0,"STABILIZE",12.802,40.84,522.83368,2.71919341804476,13.825,13825,179,NA,NA,NA,NA,24.4032905101776,-23.2741416096687,NA,NA,1.20999991893768,-13.7374925613403,-13.5210289918723,"NEDz",301.819273857294,0.338175237178802,2.10833319208839,3.20818012570012,0,13.7374925613403,0
1428,"5",23.8,"2026-05-12","09:41:19",0,"STABILIZE",12.802,40.84,522.83368,2.71919341804476,13.825,13825,179,NA,NA,NA,NA,24.4032905101776,-23.2741416096687,NA,NA,1.20999991893768,-13.7374925613403,-13.5210514208837,"NEDz",301.819273857294,0.338175237178802,2.10833319208839,3.20818012570012,0,13.7374925613403,0
1429,"5",23.82,"2026-05-12","09:41:20",0,"STABILIZE",12.802,40.84,522.83368,2.71919341804476,13.825,13825,179,NA,NA,NA,NA,24.4032905101776,-23.2741416096687,NA,NA,1.20999991893768,-13.7374925613403,-13.5210770455718,"NEDz",301.819273857294,0.338175237178802,2.10833319208839,3.20818012570012,0,13.7374925613403,0
1430,"5",23.83,"2026-05-12","09:41:21",0,"STABILIZE",12.802,40.84,522.83368,2.71919341804476,13.825,13825,179,NA,NA,NA,NA,24.4032905101776,-23.2741416096687,NA,NA,1.20999991893768,-13.7374925613403,-13.521105584577,"NEDz",301.819273857294,0.338175237178802,2.10833319208839,3.20818012570012,0,13.7374925613403,0
1431,"5",23.85,"2026-05-12","09:41:22",0,"STABILIZE",12.802,40.84,522.83368,2.71919341804476,13.825,13825,179,NA,NA,NA,NA,24.4032905101776,-23.2741416096687,NA,NA,1.20999991893768,-13.7374925613403,-13.5211367565398,"NEDz",301.819273857294,0.338175237178802,2.10833319208839,3.20818012570012,0,13.7374925613403,0
1432,"5",23.87,"2026-05-12","09:41:23",0,"STABILIZE",12.802,40.84,522.83368,2.71919341804476,13.825,13825,179,NA,NA,NA,NA,24.4032905101776,-23.2741416096687,NA,NA,1.20999991893768,-13.7374925613403,-13.5211702801006,"NEDz",301.819273857294,0.338175237178802,2.10833319208839,3.20818012570012,0,13.7374925613403,0
1433,"5",23.88,"2026-05-12","09:41:24",0,"STABILIZE",12.802,40.84,522.83368,2.71919341804476,13.825,13825,179,NA,NA,NA,NA,24.4032905101776,-23.2741416096687,NA,NA,1.20999991893768,-13.7374925613403,-13.5212058738999,"NEDz",301.819273857294,0.338175237178802,2.10833319208839,3.20818012570012,0,13.7374925613403,0
1434,"5",23.9,"2026-05-12","09:41:25",0,"STABILIZE",12.802,40.84,522.83368,2.71919341804476,13.825,13825,179,NA,NA,NA,NA,24.4032905101776,-23.2741416096687,NA,NA,1.20999991893768,-13.7374925613403,-13.5212432565781,"NEDz",301.819273857294,0.338175237178802,2.10833319208839,3.20818012570012,0,13.7374925613403,0
1435,"5",23.92,"2026-05-12","09:41:26",0,"STABILIZE",12.802,40.84,522.83368,2.71919341804476,13.825,13825,179,NA,NA,NA,NA,24.4032905101776,-23.2741416096687,NA,NA,1.20999991893768,-13.7374925613403,-13.5212821467756,"NEDz",301.819273857294,0.338175237178802,2.10833319208839,3.20818012570012,0,13.7374925613403,0
1436,"5",23.93,"2026-05-12","09:41:27",0,"STABILIZE",12.802,40.84,522.83368,2.71919341804476,13.825,13825,179,NA,NA,NA,NA,24.4032905101776,-23.2741416096687,NA,NA,1.20999991893768,-13.7374925613403,-13.521322263133,"NEDz",301.819273857294,0.338175237178802,2.10833319208839,3.20818012570012,0,13.7374925613403,0
1437,"5",23.95,"2026-05-12","09:41:28",0,"STABILIZE",12.802,40.84,522.83368,2.71919341804476,13.825,13825,179,NA,NA,NA,NA,24.4032905101776,-23.2741416096687,NA,NA,1.20999991893768,-13.7374925613403,-13.5213633242906,"NEDz",301.819273857294,0.338175237178802,2.10833319208839,3.20818012570012,0,13.7374925613403,0
1438,"5",23.97,"2026-05-12","09:41:29",0,"STABILIZE",12.802,40.84,522.83368,2.71919341804476,13.825,13825,179,NA,NA,NA,NA,24.4032905101776,-23.2741416096687,NA,NA,1.20999991893768,-13.7374925613403,-13.5214050488889,"NEDz",301.819273857294,0.338175237178802,2.10833319208839,3.20818012570012,0,13.7374925613403,0
1439,"5",23.98,"2026-05-12","09:41:30",0,"STABILIZE",12.802,40.84,522.83368,2.71919341804476,13.825,13825,179,NA,NA,NA,NA,24.4032905101776,-23.2741416096687,NA,NA,1.20999991893768,-13.7374925613403,-13.5214471555684,"NEDz",301.819273857294,0.338175237178802,2.10833319208839,3.20818012570012,0,13.7374925613403,0
1440,"5",24,"2026-05-12","09:41:31",0,"STABILIZE",12.802,40.84,522.83368,2.71919341804476,13.825,13825,179,NA,NA,NA,NA,24.4032905101776,-23.2741416096687,NA,NA,1.20999991893768,-13.7374925613403,-13.5214893629694,"NEDz",301.819273857294,0.338175237178802,2.10833319208839,3.20818012570012,0,13.7374925613403,0
1441,"5",24.02,"2026-05-12","09:41:32",0,"STABILIZE",12.802,40.84,522.83368,2.71919341804476,13.825,13825,179,NA,NA,NA,NA,24.4032905101776,-23.2741416096687,NA,NA,1.20999991893768,-13.7374925613403,-13.5215313897325,"NEDz",301.819273857294,0.338175237178802,2.10833319208839,3.20818012570012,0,13.7374925613403,0
1442,"5",24.03,"2026-05-12","09:41:34",0,"STABILIZE",12.802,40.84,522.83368,2.71919341804476,13.825,13825,179,NA,NA,NA,NA,24.4032905101776,-23.2741416096687,NA,NA,1.20999991893768,-13.7374925613403,-13.5216137759064,"NEDz",301.819273857294,0.338175237178802,2.10833319208839,3.20818012570012,0,13.7374925613403,0
1443,"5",24.05,"2026-05-12","09:41:35",0,"STABILIZE",12.802,40.84,522.83368,2.71919341804476,13.825,13825,179,NA,NA,NA,NA,24.4032905101776,-23.2741416096687,NA,NA,1.20999991893768,-13.7374925613403,-13.5216535725981,"NEDz",301.819273857294,0.338175237178802,2.10833319208839,3.20818012570012,0,13.7374925613403,0
1444,"5",24.07,"2026-05-12","09:41:36",0,"STABILIZE",12.802,40.84,522.83368,2.71919341804476,13.825,13825,179,NA,NA,NA,NA,24.4032905101776,-23.2741416096687,NA,NA,1.20999991893768,-13.7374925613403,-13.5216920632137,"NEDz",301.819273857294,0.338175237178802,2.10833319208839,3.20818012570012,0,13.7374925613403,0
1445,"5",24.08,"2026-05-12","09:41:37",0,"STABILIZE",12.802,40.84,522.83368,2.71919341804476,13.825,13825,179,NA,NA,NA,NA,24.4032905101776,-23.2741416096687,NA,NA,1.20999991893768,-13.7374925613403,-13.5217289663935,"NEDz",301.819273857294,0.338175237178802,2.10833319208839,3.20818012570012,0,13.7374925613403,0
1446,"5",24.1,"2026-05-12","09:41:38",0,"STABILIZE",12.802,40.84,522.83368,2.71919341804476,13.825,13825,179,NA,NA,NA,NA,24.4032905101776,-23.2741416096687,NA,NA,1.20999991893768,-13.7374925613403,-13.5217640007779,"NEDz",301.819273857294,0.338175237178802,2.10833319208839,3.20818012570012,0,13.7374925613403,0
1447,"5",24.12,"2026-05-12","09:41:39",0,"STABILIZE",12.802,40.84,522.83368,2.71919341804476,13.825,13825,179,NA,NA,NA,NA,31.3765113353729,-38.3918383717537,NA,NA,1.20999991893768,-14.1386098861694,-13.9229142098366,"NEDz",301.819273857294,0.338175237178802,2.10833319208839,3.20818012570012,16.6484402893272,14.1386098861694,0
1448,"5",24.13,"2026-05-12","09:41:40",0,"STABILIZE",12.802,40.84,522.83368,2.71919341804476,13.825,13825,179,NA,NA,NA,NA,31.3765113353729,-38.3918383717537,NA,NA,1.20999991893768,-14.1386098861694,-13.9229446625518,"NEDz",301.819273857294,0.338175237178802,2.10833319208839,3.20818012570012,0,14.1386098861694,0
1449,"5",24.15,"2026-05-12","09:41:41",0,"STABILIZE",12.802,40.84,522.83368,2.71919341804476,13.825,13825,179,NA,NA,NA,NA,31.3765113353729,-38.3918383717537,NA,NA,1.20999991893768,-14.1386098861694,-13.922972402393,"NEDz",301.819273857294,0.338175237178802,2.10833319208839,3.20818012570012,0,14.1386098861694,0
1450,"5",24.17,"2026-05-12","09:41:42",0,"STABILIZE",12.802,40.84,522.83368,2.71919341804476,13.825,13825,179,NA,NA,NA,NA,31.3765113353729,-38.3918383717537,NA,NA,1.20999991893768,-14.1386098861694,-13.9229971480006,"NEDz",301.819273857294,0.338175237178802,2.10833319208839,3.20818012570012,0,14.1386098861694,0
1451,"5",24.18,"2026-05-12","09:41:43",0,"STABILIZE",12.802,40.84,522.83368,2.71919341804476,13.825,13825,179,NA,NA,NA,NA,31.3765113353729,-38.3918383717537,NA,NA,1.20999991893768,-14.1386098861694,-13.9230186180151,"NEDz",301.819273857294,0.338175237178802,2.10833319208839,3.20818012570012,0,14.1386098861694,0
1452,"5",24.2,"2026-05-12","09:41:44",0,"STABILIZE",12.802,40.84,522.83368,2.71919341804476,13.825,13825,179,NA,NA,NA,NA,31.3765113353729,-38.3918383717537,NA,NA,1.20999991893768,-14.1386098861694,-13.923036531077,"NEDz",301.819273857294,0.338175237178802,2.10833319208839,3.20818012570012,0,14.1386098861694,0
1453,"5",24.22,"2026-05-12","09:41:45",0,"STABILIZE",12.802,40.84,522.83368,2.71919341804476,13.825,13825,179,NA,NA,NA,NA,31.3765113353729,-38.3918383717537,NA,NA,1.20999991893768,-14.1386098861694,-13.9230506058267,"NEDz",301.819273857294,0.338175237178802,2.10833319208839,3.20818012570012,0,14.1386098861694,0
1454,"5",24.23,"2026-05-12","09:41:46",0,"STABILIZE",12.802,40.84,522.83368,2.71919341804476,13.825,13825,179,NA,NA,NA,NA,31.3765113353729,-38.3918383717537,NA,NA,1.20999991893768,-14.1386098861694,-13.9230605609045,"NEDz",301.819273857294,0.338175237178802,2.10833319208839,3.20818012570012,0,14.1386098861694,0
1455,"5",24.25,"2026-05-12","09:41:47",0,"STABILIZE",12.802,40.84,522.83368,2.71919341804476,13.825,13825,179,NA,NA,NA,NA,31.3765113353729,-38.3918383717537,NA,NA,1.20999991893768,-14.1386098861694,-13.9230661149511,"NEDz",301.819273857294,0.338175237178802,2.10833319208839,3.20818012570012,0,14.1386098861694,0
1456,"5",24.27,"2026-05-12","09:41:48",0,"STABILIZE",12.802,40.84,522.83368,2.71919341804476,13.825,13825,179,NA,NA,NA,NA,31.3765113353729,-38.3918383717537,NA,NA,1.20999991893768,-14.1386098861694,-13.9230669866068,"NEDz",301.819273857294,0.338175237178802,2.10833319208839,3.20818012570012,0,14.1386098861694,0
1457,"5",24.28,"2026-05-12","09:41:49",0,"STABILIZE",12.802,40.84,522.83368,2.71919341804476,13.825,13825,179,NA,NA,NA,NA,31.3765113353729,-38.3918383717537,NA,NA,1.20999991893768,-14.1386098861694,-13.923062894512,"NEDz",301.819273857294,0.338175237178802,2.10833319208839,3.20818012570012,0,14.1386098861694,0
1458,"5",24.3,"2026-05-12","09:41:50",0,"STABILIZE",12.802,40.84,522.83368,2.71919341804476,13.825,13825,179,NA,NA,NA,NA,31.3765113353729,-38.3918383717537,NA,NA,1.20999991893768,-14.1386098861694,-13.9230535573072,"NEDz",301.819273857294,0.338175237178802,2.10833319208839,3.20818012570012,0,14.1386098861694,0
1459,"5",24.32,"2026-05-12","09:41:51",0,"STABILIZE",12.802,40.84,522.83368,2.71919341804476,13.825,13825,179,NA,NA,NA,NA,31.3765113353729,-38.3918383717537,NA,NA,1.20999991893768,-14.1386098861694,-13.9230386936329,"NEDz",301.819273857294,0.338175237178802,2.10833319208839,3.20818012570012,0,14.1386098861694,0
1460,"5",24.33,"2026-05-12","09:41:52",0,"STABILIZE",12.802,40.84,522.83368,2.71919341804476,13.825,13825,179,NA,NA,NA,NA,31.3765113353729,-38.3918383717537,NA,NA,1.20999991893768,-14.1386098861694,-13.9230180221294,"NEDz",301.819273857294,0.338175237178802,2.10833319208839,3.20818012570012,0,14.1386098861694,0
1461,"5",24.35,"2026-05-12","09:41:53",0,"STABILIZE",12.802,40.84,522.83368,2.71919341804476,13.825,13825,179,NA,NA,NA,NA,31.3765113353729,-38.3918383717537,NA,NA,1.20999991893768,-14.1386098861694,-13.9229912614373,"NEDz",301.819273857294,0.338175237178802,2.10833319208839,3.20818012570012,0,14.1386098861694,0
1462,"5",24.37,"2026-05-12","09:41:54",0,"STABILIZE",12.802,40.84,522.83368,2.71919341804476,13.825,13825,179,NA,NA,NA,NA,31.3765113353729,-38.3918383717537,NA,NA,1.20999991893768,-14.1386098861694,-13.922958130197,"NEDz",301.819273857294,0.338175237178802,2.10833319208839,3.20818012570012,0,14.1386098861694,0
1463,"5",24.38,"2026-05-12","09:41:55",0,"STABILIZE",12.802,40.84,522.83368,2.71919341804476,13.825,13825,179,NA,NA,NA,NA,31.3765113353729,-38.3918383717537,NA,NA,1.20999991893768,-14.1386098861694,-13.9229183470489,"NEDz",301.819273857294,0.338175237178802,2.10833319208839,3.20818012570012,0,14.1386098861694,0
1464,"5",24.4,"2026-05-12","09:41:56",0,"STABILIZE",12.802,40.84,522.83368,2.71919341804476,13.825,13825,179,NA,NA,NA,NA,31.3765113353729,-38.3918383717537,NA,NA,1.20999991893768,-14.1386098861694,-13.9228716306334,"NEDz",301.819273857294,0.338175237178802,2.10833319208839,3.20818012570012,0,14.1386098861694,0
1465,"5",24.42,"2026-05-12","09:41:57",0,"STABILIZE",12.802,40.84,522.83368,2.71919341804476,13.825,13825,179,NA,NA,NA,NA,31.3765113353729,-38.3918383717537,NA,NA,1.20999991893768,-14.1386098861694,-13.9228176995911,"NEDz",301.819273857294,0.338175237178802,2.10833319208839,3.20818012570012,0,14.1386098861694,0
1466,"5",24.43,"2026-05-12","09:41:58",0,"STABILIZE",12.802,40.84,522.83368,2.71919341804476,13.825,13825,179,NA,NA,NA,NA,31.3765113353729,-38.3918383717537,NA,NA,1.20999991893768,-14.1386098861694,-13.9227562725623,"NEDz",301.819273857294,0.338175237178802,2.10833319208839,3.20818012570012,0,14.1386098861694,0
1467,"5",24.45,"2026-05-12","09:41:59",0,"STABILIZE",12.802,40.84,522.83368,2.71919341804476,13.825,13825,179,NA,NA,NA,NA,31.3765113353729,-38.3918383717537,NA,NA,1.20999991893768,-14.1386098861694,-13.9226870681875,"NEDz",301.819273857294,0.338175237178802,2.10833319208839,3.20818012570012,0,14.1386098861694,0
1468,"5",24.47,"2026-05-12","09:42:00",0,"STABILIZE",12.802,40.84,522.83368,2.71919341804476,13.825,13825,179,NA,NA,NA,NA,31.3765113353729,-38.3918383717537,NA,NA,1.35999993483226,-14.1386098861694,-14.0726098210017,"NEDz",301.819273857294,0.338175237178802,2.36969685614711,4.15150491256134,0,14.1386098861694,0
1469,"5",24.48,"2026-05-12","09:42:01",0,"STABILIZE",12.802,40.84,522.83368,2.71919341804476,13.825,13825,179,NA,NA,NA,NA,31.3765113353729,-38.3918383717537,NA,NA,1.6599999666214,-14.1386098861694,-14.3725243423501,"NEDz",301.819273857294,0.338175237178802,2.89242418426456,6.03815448628379,0,14.1386098861694,0
1470,"5",24.5,"2026-05-12","09:42:02",0,"STABILIZE",12.802,40.84,522.83368,2.71919341804476,13.825,13825,179,NA,NA,NA,NA,31.3765113353729,-38.3918383717537,NA,NA,1.6599999666214,-14.1386098861694,-14.3724307667135,"NEDz",301.819273857294,0.338175237178802,2.89242418426456,6.03815448628379,0,14.1386098861694,0
1471,"5",24.52,"2026-05-12","09:42:03",0,"STABILIZE",12.802,40.84,522.83368,2.71919341804476,13.825,13825,179,NA,NA,NA,NA,31.3765113353729,-38.3918383717537,NA,NA,1.6599999666214,-14.1386098861694,-14.3723294007501,"NEDz",301.819273857294,0.338175237178802,2.89242418426456,6.03815448628379,0,14.1386098861694,0
1472,"5",24.53,"2026-05-12","09:42:04",0,"STABILIZE",12.802,40.84,522.83368,2.71919341804476,13.825,13825,179,NA,NA,NA,NA,31.3765113353729,-38.3918383717537,NA,NA,1.6599999666214,-14.1386098861694,-14.3722205193291,"NEDz",301.819273857294,0.338175237178802,2.89242418426456,6.03815448628379,0,14.1386098861694,0
1473,"5",24.55,"2026-05-12","09:42:05",0,"STABILIZE",12.802,40.84,522.83368,2.71919341804476,13.825,13825,179,NA,NA,NA,NA,31.3765113353729,-38.3918383717537,NA,NA,1.6599999666214,-14.1386098861694,-14.3721043973197,"NEDz",301.819273857294,0.338175237178802,2.89242418426456,6.03815448628379,0,14.1386098861694,0
1474,"5",24.57,"2026-05-12","09:42:06",0,"STABILIZE",12.802,40.84,522.83368,2.71919341804476,13.825,13825,179,NA,NA,NA,NA,31.3765113353729,-38.3918383717537,NA,NA,1.6599999666214,-14.1386098861694,-14.371981309591,"NEDz",301.819273857294,0.338175237178802,2.89242418426456,6.03815448628378,0,14.1386098861694,0
1475,"5",24.58,"2026-05-12","09:42:07",0,"STABILIZE",12.802,40.84,522.83368,2.71919341804476,13.825,13825,179,NA,NA,NA,NA,31.3765113353729,-38.3918383717537,NA,NA,1.6599999666214,-14.1386098861694,-14.3718515310123,"NEDz",301.819273857294,0.338175237178802,2.89242418426456,6.03815448628379,0,14.1386098861694,0
1476,"5",24.6,"2026-05-12","09:42:09",0,"STABILIZE",12.802,40.84,522.83368,2.71919341804476,13.825,13825,179,NA,NA,NA,NA,31.3765113353729,-38.3918383717537,NA,NA,1.6599999666214,-14.1386098861694,-14.3715730007815,"NEDz",301.819273857294,0.338175237178802,2.89242418426456,6.03815448628379,0,14.1386098861694,0
1477,"5",24.62,"2026-05-12","09:42:10",0,"STABILIZE",12.802,40.84,522.83368,2.71919341804476,13.825,13825,179,NA,NA,NA,NA,31.3765113353729,-38.3918383717537,NA,NA,1.6599999666214,-14.1386098861694,-14.3714247988677,"NEDz",301.819273857294,0.338175237178802,2.89242418426456,6.03815448628379,0,14.1386098861694,0
1478,"5",24.63,"2026-05-12","09:42:11",0,"STABILIZE",12.802,40.84,522.83368,2.71919341804476,13.825,13825,179,NA,NA,NA,NA,31.3765113353729,-38.3918383717537,NA,NA,1.6599999666214,-14.1386098861694,-14.3712710055805,"NEDz",301.819273857294,0.338175237178802,2.89242418426456,6.03815448628379,0,14.1386098861694,0
1479,"5",24.65,"2026-05-12","09:42:12",0,"STABILIZE",12.802,40.84,522.83368,2.71919341804476,13.825,13825,179,NA,NA,NA,NA,31.3765113353729,-38.3918383717537,NA,NA,1.6599999666214,-14.1386098861694,-14.3711118957892,"NEDz",301.819273857294,0.338175237178802,2.89242418426456,6.03815448628379,0,14.1386098861694,0
1480,"5",24.67,"2026-05-12","09:42:13",0,"STABILIZE",12.802,40.84,522.83368,2.71919341804476,13.825,13825,179,NA,NA,NA,NA,31.3765113353729,-38.3918383717537,NA,NA,1.6599999666214,-14.1386098861694,-14.3709477443629,"NEDz",301.819273857294,0.338175237178802,2.89242418426456,6.03815448628379,0,14.1386098861694,0
1481,"5",24.68,"2026-05-12","09:42:14",0,"STABILIZE",12.802,40.84,522.83368,2.71919341804476,16.479,16479,213,NA,NA,NA,NA,31.3765113353729,-38.3918383717537,NA,NA,1.6599999666214,-14.1386098861694,-14.3707788261708,"NEDz",301.819273857294,0.338175237178802,2.89242418426456,6.03815448628379,0,14.1386098861694,0
1482,"5",24.7,"2026-05-12","09:42:15",0,"STABILIZE",12.802,40.84,522.83368,2.71919341804476,16.479,16479,213,NA,NA,NA,NA,31.3765113353729,-38.3918383717537,NA,NA,1.6599999666214,-14.1386098861694,-14.3706054160821,"NEDz",301.819273857294,0.338175237178802,2.89242418426456,6.03815448628379,0,14.1386098861694,0
1483,"5",24.72,"2026-05-12","09:42:16",0,"STABILIZE",12.802,40.84,522.83368,2.71919341804476,16.479,16479,213,NA,NA,NA,NA,31.3765113353729,-38.3918383717537,NA,NA,1.6599999666214,-14.1386098861694,-14.3704277889659,"NEDz",301.819273857294,0.338175237178802,2.89242418426456,6.03815448628379,0,14.1386098861694,0
1484,"5",24.73,"2026-05-12","09:42:17",0,"STABILIZE",12.802,40.84,522.83368,2.71919341804476,16.479,16479,213,NA,NA,NA,NA,31.3765113353729,-38.3918383717537,NA,NA,1.6599999666214,-14.1386098861694,-14.3702462196914,"NEDz",301.819273857294,0.338175237178802,2.89242418426456,6.03815448628379,0,14.1386098861694,0
1485,"5",24.75,"2026-05-12","09:42:18",0,"STABILIZE",12.802,40.84,522.83368,2.71919341804476,16.479,16479,213,NA,NA,NA,NA,31.3765113353729,-38.3918383717537,NA,NA,1.6599999666214,-14.1386098861694,-14.3700609831279,"NEDz",182.130606325886,0.338175237178802,2.89242418426456,6.03815448628378,0,14.1386098861694,0
1486,"5",24.77,"2026-05-12","09:42:19",0,"STABILIZE",12.802,40.84,522.83368,2.71919341804476,16.479,16479,213,NA,NA,NA,NA,31.3765113353729,-38.3918383717537,NA,NA,1.6599999666214,-14.1386098861694,-14.3698723541444,"NEDz",122.286272560183,0.338175237178802,2.89242418426456,6.03815448628379,0,14.1386098861694,0
1487,"5",24.78,"2026-05-12","09:42:21",0,"STABILIZE",12.802,40.84,522.83368,2.71919341804476,16.479,16479,213,NA,NA,NA,NA,31.3765113353729,-38.3918383717537,NA,NA,1.6599999666214,-14.1386098861694,-14.3694860183943,"NEDz",122.286272560183,0.338175237178802,2.89242418426456,6.03815448628379,0,14.1386098861694,0
1488,"5",24.8,"2026-05-12","09:42:22",0,"STABILIZE",12.802,40.84,522.83368,2.71919341804476,16.479,16479,213,NA,NA,NA,NA,31.3765113353729,-38.3918383717537,NA,NA,1.6599999666214,-14.1386098861694,-14.3692888613661,"NEDz",122.286272560183,0.338175237178802,2.89242418426456,6.03815448628379,0,14.1386098861694,0
1489,"5",24.82,"2026-05-12","09:42:23",0,"STABILIZE",12.802,40.84,522.83368,2.71919341804476,16.479,16479,213,NA,NA,NA,NA,31.3765113353729,-38.3918383717537,NA,NA,1.6599999666214,-14.1386098861694,-14.3690894113947,"NEDz",122.286272560183,0.338175237178802,2.89242418426456,6.03815448628379,0,14.1386098861694,0
1490,"5",24.83,"2026-05-12","09:42:24",0,"STABILIZE",12.802,40.84,522.83368,2.71919341804476,16.479,16479,213,NA,NA,NA,NA,31.3765113353729,-38.3918383717537,NA,NA,1.6599999666214,-14.1386098861694,-14.3688879433493,"NEDz",122.286272560183,0.338175237178802,2.89242418426456,6.03815448628379,0,14.1386098861694,0
1491,"5",24.85,"2026-05-12","09:42:25",0,"STABILIZE",12.802,40.84,522.83368,2.71919341804476,16.479,16479,213,NA,NA,NA,NA,31.3765113353729,-38.3918383717537,NA,NA,1.6599999666214,-14.1386098861694,-14.368684732099,"NEDz",122.286272560183,0.338175237178802,2.89242418426456,6.03815448628379,0,14.1386098861694,0
1492,"5",24.87,"2026-05-12","09:42:26",0,"STABILIZE",12.802,40.84,522.83368,2.71919341804476,16.479,16479,213,NA,NA,NA,NA,31.3765113353729,-38.3918383717537,NA,NA,1.6599999666214,-14.1386098861694,-14.368480052513,"NEDz",122.286272560183,0.338175237178802,2.89242418426456,6.03815448628379,0,14.1386098861694,0
1493,"5",24.88,"2026-05-12","09:42:27",0,"STABILIZE",12.802,40.84,522.83368,2.71919341804476,16.479,16479,213,NA,NA,NA,NA,31.3765113353729,-38.3918383717537,NA,NA,1.6599999666214,-14.1386098861694,-14.3682741794606,"NEDz",122.286272560183,0.338175237178802,2.89242418426456,6.03815448628379,0,14.1386098861694,0
1494,"5",24.9,"2026-05-12","09:42:28",0,"STABILIZE",12.802,40.84,522.83368,2.71919341804476,16.479,16479,213,NA,NA,NA,NA,31.3765113353729,-38.3918383717537,NA,NA,1.6599999666214,-14.1386098861694,-14.3680673878108,"NEDz",122.286272560183,0.338175237178802,2.89242418426456,6.03815448628379,0,14.1386098861694,0
1495,"5",24.92,"2026-05-12","09:42:29",0,"STABILIZE",12.802,40.84,522.83368,2.71919341804476,16.479,16479,213,NA,NA,NA,NA,31.3765113353729,-38.3918383717537,NA,NA,1.6599999666214,-14.1386098861694,-14.3678599524329,"NEDz",122.286272560183,0.338175237178802,2.89242418426456,6.03815448628379,0,14.1386098861694,0
1496,"5",24.93,"2026-05-12","09:42:30",0,"STABILIZE",12.802,40.84,522.83368,2.71919341804476,16.479,16479,213,NA,NA,NA,NA,31.3765113353729,-38.3918383717537,NA,NA,1.6599999666214,-14.1386098861694,-14.367652148196,"NEDz",122.286272560183,0.365789234638214,2.89242418426456,6.03815448628378,0,14.1386098861694,0
1497,"5",24.95,"2026-05-12","09:42:31",0,"STABILIZE",12.802,40.84,522.83368,2.71919341804476,16.479,16479,213,NA,NA,NA,NA,31.3765113353729,-38.3918383717537,NA,NA,1.6599999666214,-14.1386098861694,-14.3674442499693,"NEDz",122.286272560183,0.365789234638214,2.89242418426456,6.03815448628379,0,14.1386098861694,0
1498,"5",24.97,"2026-05-12","09:42:32",0,"STABILIZE",12.802,40.84,522.83368,2.71919341804476,16.479,16479,213,NA,NA,NA,NA,31.3765113353729,-38.3918383717537,NA,NA,1.6599999666214,-14.1386098861694,-14.367236532622,"NEDz",122.286272560183,0.365789234638214,2.89242418426456,6.03815448628379,0,14.1386098861694,0
1499,"5",24.98,"2026-05-12","09:42:33",0,"STABILIZE",12.802,40.84,522.83368,2.71919341804476,16.479,16479,213,NA,NA,NA,NA,31.3765113353729,-38.3918383717537,NA,NA,1.6599999666214,-14.1386098861694,-14.3670292710232,"NEDz",122.286272560183,0.365789234638214,2.89242418426456,6.03815448628379,0,14.1386098861694,0
1500,"5",25,"2026-05-12","09:42:34",0,"STABILIZE",12.802,40.84,522.83368,2.71919341804476,16.479,16479,213,NA,NA,NA,NA,31.3765113353729,-38.3918383717537,NA,NA,1.6599999666214,-14.1386098861694,-14.3668227400422,"NEDz",122.286272560183,0.365789234638214,2.89242418426456,6.03815448628379,0,14.1386098861694,0
1501,"5",25.02,"2026-05-12","09:42:35",0,"STABILIZE",12.802,40.84,522.83368,2.71919341804476,16.479,16479,213,NA,NA,NA,NA,31.3765113353729,-38.3918383717537,NA,NA,1.6599999666214,-14.1386098861694,-14.3666172145482,"NEDz",122.286272560183,0.365789234638214,2.89242418426456,6.03815448628379,0,14.1386098861694,0
1502,"5",25.03,"2026-05-12","09:42:36",0,"STABILIZE",12.802,40.84,522.83368,2.71919341804476,16.479,16479,213,NA,NA,NA,NA,31.3765113353729,-38.3918383717537,NA,NA,1.6599999666214,-14.1386098861694,-14.3664129694102,"NEDz",122.286272560183,0.365789234638214,2.89242418426456,6.03815448628379,0,14.1386098861694,0
1503,"5",25.05,"2026-05-12","09:42:37",0,"STABILIZE",12.802,40.84,522.83368,2.71919341804476,16.479,16479,213,NA,NA,NA,NA,31.3765113353729,-38.3918383717537,NA,NA,1.6599999666214,-14.1386098861694,-14.3662102794975,"NEDz",122.286272560183,0.365789234638214,2.89242418426456,6.03815448628379,0,14.1386098861694,0
1504,"5",25.07,"2026-05-12","09:42:38",0,"STABILIZE",12.802,40.84,522.83368,2.71919341804476,16.479,16479,213,NA,NA,NA,NA,31.3765113353729,-38.3918383717537,NA,NA,1.6599999666214,-14.1386098861694,-14.3660094196793,"NEDz",122.286272560183,0.365789234638214,2.89242418426456,6.03815448628378,0,14.1386098861694,0
1505,"5",25.08,"2026-05-12","09:42:40",0,"STABILIZE",12.802,40.84,522.83368,2.71919341804476,16.479,16479,213,NA,NA,NA,NA,31.3765113353729,-38.3918383717537,NA,NA,1.6599999666214,-14.1386098861694,-14.3656142898029,"NEDz",122.286272560183,0.365789234638214,2.89242418426456,6.03815448628378,0,14.1386098861694,0
1506,"5",25.1,"2026-05-12","09:42:41",0,"STABILIZE",12.802,40.84,522.83368,2.71919341804476,16.479,16479,213,NA,NA,NA,NA,31.3765113353729,-38.3918383717537,NA,NA,1.6599999666214,-14.1386098861694,-14.365420569483,"NEDz",122.286272560183,0.365789234638214,2.89242418426456,6.03815448628379,0,14.1386098861694,0
1507,"5",25.12,"2026-05-12","09:42:42",0,"STABILIZE",12.802,40.84,522.83368,2.71919341804476,16.479,16479,213,NA,NA,NA,NA,31.3765113353729,-38.3918383717537,NA,NA,1.6599999666214,-14.1386098861694,-14.3652297787344,"NEDz",122.286272560183,0.365789234638214,2.89242418426456,6.03815448628379,0,14.1386098861694,0
1508,"5",25.13,"2026-05-12","09:42:43",0,"STABILIZE",12.802,40.84,522.83368,2.71919341804476,16.479,16479,213,NA,NA,NA,NA,31.3765113353729,-38.3918383717537,NA,NA,1.6599999666214,-14.1386098861694,-14.3650421924261,"NEDz",122.286272560183,0.365789234638214,2.89242418426456,6.03815448628379,0,14.1386098861694,0
1509,"5",25.15,"2026-05-12","09:42:44",0,"STABILIZE",12.802,40.84,522.83368,2.71919341804476,16.479,16479,213,NA,NA,NA,NA,19.3155543804169,-17.9795115590096,NA,NA,1.6599999666214,-13.2972612380981,-13.523509437356,"NEDz",122.286272560183,0.365789234638214,2.89242418426456,6.03815448628379,23.7092760028554,13.2972612380981,0
1510,"5",25.17,"2026-05-12","09:42:45",0,"STABILIZE",12.802,40.84,522.83368,2.71919341804476,16.479,16479,213,NA,NA,NA,NA,19.3155543804169,-17.9795115590096,NA,NA,1.6599999666214,-13.2972612380981,-13.523329084536,"NEDz",122.286272560183,0.365789234638214,2.89242418426456,6.03815448628379,0,13.2972612380981,0
1511,"5",25.18,"2026-05-12","09:42:46",0,"STABILIZE",12.802,40.84,522.83368,2.71919341804476,16.479,16479,213,NA,NA,NA,NA,19.3155543804169,-17.9795115590096,NA,NA,1.6599999666214,-13.2972612380981,-13.5231527607638,"NEDz",122.286272560183,0.365789234638214,2.89242418426456,6.03815448628379,0,13.2972612380981,0
1512,"5",25.2,"2026-05-12","09:42:47",0,"STABILIZE",12.802,40.84,522.83368,2.71919341804476,16.479,16479,213,NA,NA,NA,NA,19.3155543804169,-17.9795115590096,NA,NA,1.6599999666214,-13.2972612380981,-13.5229807409086,"NEDz",122.286272560183,0.365789234638214,2.89242418426456,6.03815448628379,0,13.2972612380981,0
1513,"5",25.22,"2026-05-12","09:42:48",0,"STABILIZE",12.802,40.84,522.83368,2.71919341804476,16.479,16479,213,NA,NA,NA,NA,19.3155543804169,-17.9795115590096,NA,NA,1.6599999666214,-13.2972612380981,-13.5228132998397,"NEDz",122.286272560183,0.365789234638214,2.89242418426456,6.03815448628379,0,13.2972612380981,0
1514,"5",25.23,"2026-05-12","09:42:49",0,"STABILIZE",12.802,40.84,522.83368,2.71919341804476,16.479,16479,213,NA,NA,NA,NA,19.3155543804169,-17.9795115590096,NA,NA,1.6599999666214,-13.2972612380981,-13.5226507124262,"NEDz",134.039288700266,0.365789234638214,2.89242418426456,6.03815448628378,0,13.2972612380981,0
1515,"5",25.25,"2026-05-12","09:42:50",0,"STABILIZE",12.802,40.84,522.83368,2.71919341804476,16.479,16479,213,NA,NA,NA,NA,19.3155543804169,-17.9795115590096,NA,NA,1.6599999666214,-13.2972612380981,-13.5224932535373,"NEDz",139.915796770308,0.365789234638214,2.89242418426456,6.03815448628379,0,13.2972612380981,0
1516,"5",25.27,"2026-05-12","09:42:51",0,"STABILIZE",12.802,40.84,522.83368,2.71919341804476,16.479,16479,213,NA,NA,NA,NA,19.3155543804169,-17.9795115590096,NA,NA,1.6599999666214,-13.2972612380981,-13.5223411980421,"NEDz",139.915796770308,0.365789234638214,2.89242418426456,6.03815448628379,0,13.2972612380981,0
1517,"5",25.28,"2026-05-12","09:42:53",0,"STABILIZE",12.802,40.84,522.83368,2.71919341804476,16.479,16479,213,NA,NA,NA,NA,19.3155543804169,-17.9795115590096,NA,NA,1.59999996423721,-13.2972612380981,-13.4620543943256,"NEDz",139.915796770308,0.365789234638214,2.78787872556484,5.61743822552624,0,13.2972612380981,0
1518,"5",25.3,"2026-05-12","09:42:54",0,"STABILIZE",12.802,40.84,522.83368,2.71919341804476,16.479,16479,213,NA,NA,NA,NA,19.3155543804169,-17.9795115590096,NA,NA,1.53999996185303,-13.2972612380981,-13.4019201958427,"NEDz",139.915796770308,0.365789234638214,2.68333326686512,5.19672196476869,0,13.2972612380981,0
1519,"5",25.32,"2026-05-12","09:42:55",0,"STABILIZE",12.802,40.84,522.83368,2.71919341804476,16.479,16479,213,NA,NA,NA,NA,19.3155543804169,-17.9795115590096,NA,NA,1.53999996185303,-13.2972612380981,-13.4017925026144,"NEDz",139.915796770308,0.365789234638214,2.68333326686512,5.19672196476869,0,13.2972612380981,0
1520,"5",25.33,"2026-05-12","09:42:56",0,"STABILIZE",12.802,40.84,522.83368,2.71919341804476,16.479,16479,213,NA,NA,NA,NA,19.3155543804169,-17.9795115590096,NA,NA,1.53999996185303,-13.2972612380981,-13.4016715871257,"NEDz",139.915796770308,0.365789234638214,2.68333326686512,5.19672196476869,0,13.2972612380981,0
1521,"5",25.35,"2026-05-12","09:42:57",0,"STABILIZE",12.802,40.84,522.83368,2.71919341804476,16.479,16479,213,NA,NA,NA,NA,19.3155543804169,-17.9795115590096,NA,NA,1.53999996185303,-13.2972612380981,-13.4015577242459,"NEDz",139.915796770308,0.365789234638214,2.68333326686512,5.19672196476869,0,13.2972612380981,0
1522,"5",25.37,"2026-05-12","09:42:59",0,"STABILIZE",12.802,40.84,522.83368,2.71919341804476,16.479,16479,213,NA,NA,NA,NA,19.3155543804169,-17.9795115590096,NA,NA,1.53999996185303,-13.2972612380981,-13.4013522557894,"NEDz",139.915796770308,0.365789234638214,2.68333326686512,5.19672196476869,0,13.2972612380981,0
1523,"5",25.38,"2026-05-12","09:43:00",0,"STABILIZE",12.802,40.84,522.83368,2.71919341804476,16.479,16479,213,NA,NA,NA,NA,19.3155543804169,-17.9795115590096,NA,NA,1.53999996185303,-13.2972612380981,-13.4012611999512,"NEDz",139.915796770308,0.365789234638214,2.68333326686512,5.19672196476869,0,13.2972612380981,0
1524,"5",25.4,"2026-05-12","09:43:01",0,"STABILIZE",12.802,40.84,522.83368,2.71919341804476,16.479,16479,213,NA,NA,NA,NA,19.3155543804169,-17.9795115590096,NA,NA,1.53999996185303,-13.2972612380981,-13.4011782158859,"NEDz",139.915796770308,0.365789234638214,2.68333326686512,5.19672196476869,0,13.2972612380981,0
1525,"5",25.42,"2026-05-12","09:43:02",0,"STABILIZE",12.802,40.84,522.83368,2.71919341804476,16.479,16479,213,NA,NA,NA,NA,19.3155543804169,-17.9795115590096,NA,NA,1.53999996185303,-13.2972612380981,-13.4011031769002,"NEDz",139.915796770308,0.365789234638214,2.68333326686512,5.19672196476869,0,13.2972612380981,0
1526,"5",25.43,"2026-05-12","09:43:03",0,"STABILIZE",12.802,40.84,522.83368,2.71919341804476,16.479,16479,213,NA,NA,NA,NA,19.3155543804169,-17.9795115590096,NA,NA,1.53999996185303,-13.2972612380981,-13.4010358759879,"NEDz",139.915796770308,0.365789234638214,2.68333326686512,5.19672196476869,0,13.2972612380981,0
1527,"5",25.45,"2026-05-12","09:43:04",0,"STABILIZE",12.802,40.84,522.83368,2.71919341804476,16.479,16479,213,NA,NA,NA,NA,19.3155543804169,-17.9795115590096,NA,NA,1.53999996185303,-13.2972612380981,-13.400976106143,"NEDz",139.915796770308,0.365789234638214,2.68333326686512,5.19672196476869,0,13.2972612380981,0
1528,"5",25.47,"2026-05-12","09:43:05",0,"STABILIZE",12.78,46.26,591.14318,2.77242673166462,16.479,16479,213,NA,NA,NA,NA,19.3155543804169,-17.9795115590096,NA,NA,1.53999996185303,-13.2972612380981,-13.4009236603594,"NEDz",139.915796770308,0.365789234638214,2.68333326686512,5.19672196476869,0,13.2972612380981,0
1529,"5",25.48,"2026-05-12","09:43:07",0,"STABILIZE",12.769,48.97,625.29793,2.79678097630124,16.479,16479,213,NA,NA,NA,NA,19.3155543804169,-17.9795115590096,NA,NA,1.53999996185303,-13.2972612380981,-13.4008399129523,"NEDz",139.915796770308,0.365789234638214,2.68333326686512,5.19672196476869,0,13.2972612380981,0
1530,"5",25.5,"2026-05-12","09:43:08",0,"STABILIZE",12.769,48.97,625.29793,2.79678097630124,16.479,16479,213,NA,NA,NA,NA,19.3155543804169,-17.9795115590096,NA,NA,1.53999996185303,-13.2972612380981,-13.4008081973167,"NEDz",139.915796770308,0.365789234638214,2.68333326686512,5.19672196476869,0,13.2972612380981,0
1531,"5",25.52,"2026-05-12","09:43:09",0,"STABILIZE",12.769,48.97,625.29793,2.79678097630124,16.479,16479,213,NA,NA,NA,NA,19.3155543804169,-17.9795115590096,NA,NA,1.53999996185303,-13.2972612380981,-13.4007829777182,"NEDz",121.860560529594,0.365789234638214,2.68333326686512,5.19672196476869,0,13.2972612380981,0
1532,"5",25.53,"2026-05-12","09:43:10",0,"STABILIZE",12.769,48.97,625.29793,2.79678097630124,16.479,16479,213,NA,NA,NA,NA,19.3155543804169,-17.9795115590096,NA,NA,1.53999996185303,-13.2972612380981,-13.4007640471509,"NEDz",121.860560529594,0.365789234638214,2.68333326686512,5.19672196476869,0,13.2972612380981,0
1533,"5",25.55,"2026-05-12","09:43:11",0,"STABILIZE",12.769,48.97,625.29793,2.79678097630124,16.479,16479,213,NA,NA,NA,NA,19.3155543804169,-17.9795115590096,NA,NA,1.53999996185303,-13.2972612380981,-13.4007511986087,"NEDz",121.860560529594,0.365789234638214,2.68333326686512,5.19672196476869,0,13.2972612380981,0
1534,"5",25.57,"2026-05-12","09:43:12",0,"STABILIZE",12.769,48.97,625.29793,2.79678097630124,16.479,16479,213,NA,NA,NA,NA,19.3155543804169,-17.9795115590096,NA,NA,1.53999996185303,-13.2972612380981,-13.4007442250855,"NEDz",121.860560529594,0.365789234638214,2.68333326686512,5.19672196476869,0,13.2972612380981,0
1535,"5",25.58,"2026-05-12","09:43:13",0,"STABILIZE",12.769,48.97,625.29793,2.79678097630124,16.479,16479,213,NA,NA,NA,NA,19.3155543804169,-17.9795115590096,NA,NA,1.53999996185303,-13.2972612380981,-13.4007429195754,"NEDz",121.860560529594,0.365789234638214,2.68333326686512,5.19672196476869,0,13.2972612380981,0
1536,"5",25.6,"2026-05-12","09:43:14",0,"STABILIZE",12.769,48.97,625.29793,2.79678097630124,16.479,16479,213,NA,NA,NA,NA,19.3155543804169,-17.9795115590096,NA,NA,1.53999996185303,-13.2972612380981,-13.4007470750723,"NEDz",121.860560529594,0.365789234638214,2.68333326686512,5.19672196476869,0,13.2972612380981,0
1537,"5",25.62,"2026-05-12","09:43:15",0,"STABILIZE",12.769,48.97,625.29793,2.79678097630124,16.479,16479,213,NA,NA,NA,NA,19.3155543804169,-17.9795115590096,NA,NA,1.53999996185303,-13.2972612380981,-13.4007564845701,"NEDz",121.860560529594,0.365789234638214,2.68333326686512,5.19672196476869,0,13.2972612380981,0
1538,"5",25.63,"2026-05-12","09:43:17",0,"STABILIZE",12.769,48.97,625.29793,2.79678097630124,16.479,16479,213,NA,NA,NA,NA,19.3155543804169,-17.9795115590096,NA,NA,1.53999996185303,-13.2972612380981,-13.4007902375443,"NEDz",210.848901141105,0.365789234638214,2.68333326686512,5.19672196476869,0,13.2972612380981,0
1539,"5",25.65,"2026-05-12","09:43:18",0,"STABILIZE",12.769,48.97,625.29793,2.79678097630124,16.479,16479,213,NA,NA,NA,NA,19.3155543804169,-17.9795115590096,NA,NA,1.53999996185303,-13.2972612380981,-13.4008141670087,"NEDz",299.837241752616,0.365789234638214,2.68333326686512,5.19672196476869,0,13.2972612380981,0
1540,"5",25.67,"2026-05-12","09:43:19",0,"STABILIZE",12.769,48.97,625.29793,2.79678097630124,16.479,16479,213,NA,NA,NA,NA,19.3155543804169,-17.9795115590096,NA,NA,1.53999996185303,-13.2972612380981,-13.4008425224498,"NEDz",299.837241752616,0.365789234638214,2.68333326686512,5.19672196476869,0,13.2972612380981,0
1541,"5",25.68,"2026-05-12","09:43:21",0,"STABILIZE",12.769,48.97,625.29793,2.79678097630124,16.479,16479,213,NA,NA,NA,NA,19.3155543804169,-17.9795115590096,NA,NA,1.53999996185303,-13.2972612380981,-13.4009116832382,"NEDz",299.837241752616,0.365789234638214,2.68333326686512,5.19672196476869,0,13.2972612380981,0
1542,"5",25.7,"2026-05-12","09:43:22",0,"STABILIZE",12.769,48.97,625.29793,2.79678097630124,16.479,16479,213,NA,NA,NA,NA,19.3155543804169,-17.9795115590096,NA,NA,1.53999996185303,-13.2972612380981,-13.4009520745734,"NEDz",299.837241752616,0.365789234638214,2.68333326686512,5.19672196476869,0,13.2972612380981,0
1543,"5",25.72,"2026-05-12","09:43:23",0,"STABILIZE",12.769,48.97,625.29793,2.79678097630124,16.479,16479,213,NA,NA,NA,NA,19.3155543804169,-17.9795115590096,NA,NA,1.53999996185303,-13.2972612380981,-13.4009960638611,"NEDz",299.837241752616,0.365789234638214,2.68333326686512,5.19672196476869,0,13.2972612380981,0
1544,"5",25.73,"2026-05-12","09:43:24",0,"STABILIZE",12.769,48.97,625.29793,2.79678097630124,16.479,16479,213,NA,NA,NA,NA,19.3155543804169,-17.9795115590096,NA,NA,1.53999996185303,-13.2972612380981,-13.4010434440954,"NEDz",299.837241752616,0.365789234638214,2.68333326686512,5.19672196476869,0,13.2972612380981,0
1545,"5",25.75,"2026-05-12","09:43:25",0,"STABILIZE",12.769,48.97,625.29793,2.79678097630124,16.479,16479,213,NA,NA,NA,NA,19.3155543804169,-17.9795115590096,NA,NA,1.53999996185303,-13.2972612380981,-13.4010940082702,"NEDz",299.837241752616,0.365789234638214,2.68333326686512,5.19672196476869,0,13.2972612380981,0
1546,"5",25.77,"2026-05-12","09:43:26",0,"STABILIZE",12.769,48.97,625.29793,2.79678097630124,16.479,16479,213,NA,NA,NA,NA,19.3155543804169,-17.9795115590096,NA,NA,1.53999996185303,-13.2972612380981,-13.4011475493795,"NEDz",299.837241752616,0.365789234638214,2.68333326686512,5.19672196476869,0,13.2972612380981,0
1547,"5",25.78,"2026-05-12","09:43:27",0,"STABILIZE",12.769,48.97,625.29793,2.79678097630124,16.479,16479,213,NA,NA,NA,NA,19.3155543804169,-17.9795115590096,NA,NA,1.53999996185303,-13.2972612380981,-13.4012038604172,"NEDz",299.837241752616,0.365789234638214,2.68333326686512,5.19672196476869,0,13.2972612380981,0
1548,"5",25.8,"2026-05-12","09:43:29",0,"STABILIZE",12.769,48.97,625.29793,2.79678097630124,16.479,16479,213,NA,NA,NA,NA,19.3155543804169,-17.9795115590096,NA,NA,1.53999996185303,-13.2972612380981,-13.4013239642536,"NEDz",296.424269079711,0.365789234638214,2.68333326686512,5.19672196476869,0,13.2972612380981,0
1549,"5",25.82,"2026-05-12","09:43:30",0,"STABILIZE",12.769,48.97,625.29793,2.79678097630124,16.479,16479,213,NA,NA,NA,NA,19.3155543804169,-17.9795115590096,NA,NA,1.53999996185303,-13.2972612380981,-13.4013873430403,"NEDz",294.717782743259,0.365789234638214,2.68333326686512,5.19672196476869,0,13.2972612380981,0
1550,"5",25.83,"2026-05-12","09:43:31",0,"STABILIZE",12.769,48.97,625.29793,2.79678097630124,16.479,16479,213,NA,NA,NA,NA,19.3155543804169,-17.9795115590096,NA,NA,1.53999996185303,-13.2972612380981,-13.4014526637312,"NEDz",294.717782743259,0.365789234638214,2.68333326686512,5.19672196476869,0,13.2972612380981,0
1551,"5",25.85,"2026-05-12","09:43:33",0,"STABILIZE",12.769,48.97,625.29793,2.79678097630124,16.479,16479,213,NA,NA,NA,NA,19.3155543804169,-17.9795115590096,NA,NA,1.53999996185303,-13.2972612380981,-13.4015883028017,"NEDz",294.717782743259,0.365789234638214,2.68333326686512,5.19672196476869,0,13.2972612380981,0
1552,"5",25.87,"2026-05-12","09:43:34",0,"STABILIZE",12.769,48.97,625.29793,2.79678097630124,16.479,16479,213,NA,NA,NA,NA,19.3155543804169,-17.9795115590096,NA,NA,1.53999996185303,-13.2972612380981,-13.4016582071691,"NEDz",294.717782743259,0.365789234638214,2.68333326686512,5.19672196476869,0,13.2972612380981,0
1553,"5",25.88,"2026-05-12","09:43:35",0,"STABILIZE",12.769,48.97,625.29793,2.79678097630124,16.479,16479,213,NA,NA,NA,NA,19.3155543804169,-17.9795115590096,NA,NA,1.53999996185303,-13.2972612380981,-13.4017292254166,"NEDz",294.717782743259,0.365789234638214,2.68333326686512,5.19672196476869,0,13.2972612380981,0
1554,"5",25.9,"2026-05-12","09:43:36",0,"STABILIZE",12.769,48.97,625.29793,2.79678097630124,16.479,16479,213,NA,NA,NA,NA,19.3155543804169,-17.9795115590096,NA,NA,1.53999996185303,-13.2972612380981,-13.4018011505381,"NEDz",294.717782743259,0.365789234638214,2.68333326686512,5.19672196476869,0,13.2972612380981,0
1555,"5",25.92,"2026-05-12","09:43:37",0,"STABILIZE",12.769,48.97,625.29793,2.79678097630124,16.479,16479,213,NA,NA,NA,NA,19.3155543804169,-17.9795115590096,NA,NA,1.53999996185303,-13.2972612380981,-13.4018737755276,"NEDz",294.717782743259,0.365789234638214,2.68333326686512,5.19672196476869,0,13.2972612380981,0
1556,"5",25.93,"2026-05-12","09:43:38",0,"STABILIZE",12.769,48.97,625.29793,2.79678097630124,16.479,16479,213,NA,NA,NA,NA,19.3155543804169,-17.9795115590096,NA,NA,1.53999996185303,-13.2972612380981,-13.401946893379,"NEDz",294.717782743259,0.365789234638214,2.68333326686512,5.19672196476869,0,13.2972612380981,0
1557,"5",25.95,"2026-05-12","09:43:39",0,"STABILIZE",12.769,48.97,625.29793,2.79678097630124,16.479,16479,213,NA,NA,NA,NA,19.3155543804169,-17.9795115590096,NA,NA,1.53999996185303,-13.2972612380981,-13.4020202970864,"NEDz",294.717782743259,0.365789234638214,2.68333326686512,5.19672196476869,0,13.2972612380981,0
1558,"5",25.97,"2026-05-12","09:43:40",0,"STABILIZE",12.769,48.97,625.29793,2.79678097630124,16.479,16479,213,NA,NA,NA,NA,19.3155543804169,-17.9795115590096,NA,NA,1.53999996185303,-13.2972612380981,-13.4020937796436,"NEDz",294.717782743259,0.365789234638214,2.68333326686512,5.19672196476869,0,13.2972612380981,0
1559,"5",25.98,"2026-05-12","09:43:41",0,"STABILIZE",12.769,48.97,625.29793,2.79678097630124,16.479,16479,213,NA,NA,NA,NA,19.3155543804169,-17.9795115590096,NA,NA,1.53999996185303,-13.2972612380981,-13.4021671340446,"NEDz",294.717782743259,0.365789234638214,2.68333326686512,5.19672196476869,0,13.2972612380981,0
1560,"5",26,"2026-05-12","09:43:42",0,"STABILIZE",12.769,48.97,625.29793,2.79678097630124,16.479,16479,213,NA,NA,NA,NA,19.3155543804169,-17.9795115590096,NA,NA,1.53999996185303,-13.2972612380981,-13.4022401532834,"NEDz",294.717782743259,0.365789234638214,2.68333326686512,5.19672196476869,0,13.2972612380981,0
1561,"5",26.02,"2026-05-12","09:43:43",0,"STABILIZE",12.769,48.97,625.29793,2.79678097630124,16.479,16479,213,NA,NA,NA,NA,19.3155543804169,-17.9795115590096,NA,NA,1.53999996185303,-13.2972612380981,-13.4023126303539,"NEDz",294.717782743259,0.365789234638214,2.68333326686512,5.19672196476869,0,13.2972612380981,0
1562,"5",26.03,"2026-05-12","09:43:44",0,"STABILIZE",12.769,48.97,625.29793,2.79678097630124,16.479,16479,213,NA,NA,NA,NA,19.3155543804169,-17.9795115590096,NA,NA,1.53999996185303,-13.2972612380981,-13.4023843582501,"NEDz",294.717782743259,0.365789234638214,2.68333326686512,5.19672196476869,0,13.2972612380981,0
1563,"5",26.05,"2026-05-12","09:43:45",0,"STABILIZE",12.769,48.97,625.29793,2.79678097630124,16.479,16479,213,NA,NA,NA,NA,19.3155543804169,-17.9795115590096,NA,NA,1.53999996185303,-13.2972612380981,-13.402455129966,"NEDz",294.717782743259,0.365789234638214,2.68333326686512,5.19672196476869,0,13.2972612380981,0
1564,"5",26.07,"2026-05-12","09:43:46",0,"STABILIZE",12.769,48.97,625.29793,2.79678097630124,16.479,16479,213,NA,NA,NA,NA,19.3155543804169,-17.9795115590096,NA,NA,1.53999996185303,-13.2972612380981,-13.4025247384954,"NEDz",294.717782743259,0.365789234638214,2.68333326686512,5.19672196476869,0,13.2972612380981,0
1565,"5",26.08,"2026-05-12","09:43:47",0,"STABILIZE",12.769,48.97,625.29793,2.79678097630124,16.479,16479,213,NA,NA,NA,NA,19.3155543804169,-17.9795115590096,NA,NA,1.53999996185303,-13.2972612380981,-13.4025929768324,"NEDz",294.717782743259,0.365789234638214,2.68333326686512,5.19672196476869,0,13.2972612380981,0
1566,"5",26.1,"2026-05-12","09:43:48",0,"STABILIZE",12.769,48.97,625.29793,2.79678097630124,16.479,16479,213,NA,NA,NA,NA,19.3155543804169,-17.9795115590096,NA,NA,1.53999996185303,-13.2972612380981,-13.4026596379709,"NEDz",294.717782743259,0.365789234638214,2.68333326686512,5.19672196476869,0,13.2972612380981,0
1567,"5",26.12,"2026-05-12","09:43:49",0,"STABILIZE",12.769,48.97,625.29793,2.79678097630124,16.479,16479,213,NA,NA,NA,NA,19.3155543804169,-17.9795115590096,NA,NA,1.53999996185303,-13.2972612380981,-13.4027245149049,"NEDz",294.717782743259,0.365789234638214,2.68333326686512,5.19672196476869,0,13.2972612380981,0
1568,"5",26.13,"2026-05-12","09:43:50",0,"STABILIZE",12.769,48.97,625.29793,2.79678097630124,16.479,16479,213,NA,NA,NA,NA,19.3155543804169,-17.9795115590096,NA,NA,1.53999996185303,-13.2972612380981,-13.4027874006283,"NEDz",294.717782743259,0.365789234638214,2.68333326686512,5.19672196476869,0,13.2972612380981,0
1569,"5",26.15,"2026-05-12","09:43:51",0,"STABILIZE",12.769,48.97,625.29793,2.79678097630124,16.479,16479,213,NA,NA,NA,NA,19.3155543804169,-17.9795115590096,NA,NA,1.53999996185303,-13.2972612380981,-13.4028480881351,"NEDz",294.717782743259,0.365789234638214,2.68333326686512,5.19672196476869,0,13.2972612380981,0
1570,"5",26.17,"2026-05-12","09:43:52",0,"STABILIZE",12.769,48.97,625.29793,2.79678097630124,16.479,16479,213,NA,NA,NA,NA,19.3155543804169,-17.9795115590096,NA,NA,1.53999996185303,-13.2972612380981,-13.4029063704192,"NEDz",294.717782743259,0.365789234638214,2.68333326686512,5.19672196476869,0,13.2972612380981,0
1571,"5",26.18,"2026-05-12","09:43:53",0,"STABILIZE",12.769,48.97,625.29793,2.79678097630124,16.479,16479,213,NA,NA,NA,NA,19.3155543804169,-17.9795115590096,NA,NA,1.53999996185303,-13.2972612380981,-13.4029620404746,"NEDz",294.717782743259,0.365789234638214,2.68333326686512,5.19672196476869,0,13.2972612380981,0
1572,"5",26.2,"2026-05-12","09:43:54",0,"STABILIZE",12.769,48.97,625.29793,2.79678097630124,16.479,16479,213,NA,NA,NA,NA,19.3155543804169,-17.9795115590096,NA,NA,1.53999996185303,-13.2972612380981,-13.4030148912953,"NEDz",294.717782743259,0.365789234638214,2.68333326686512,5.19672196476869,0,13.2972612380981,0
1573,"5",26.22,"2026-05-12","09:43:55",0,"STABILIZE",12.769,48.97,625.29793,2.79678097630124,16.479,16479,213,NA,NA,NA,NA,19.3155543804169,-17.9795115590096,NA,NA,1.53999996185303,-13.2972612380981,-13.4030647158751,"NEDz",294.717782743259,0.365789234638214,2.68333326686512,5.19672196476869,0,13.2972612380981,0
1574,"5",26.23,"2026-05-12","09:43:56",0,"STABILIZE",12.769,48.97,625.29793,2.79678097630124,16.479,16479,213,NA,NA,NA,NA,19.3155543804169,-17.9795115590096,NA,NA,1.53999996185303,-13.2972612380981,-13.4031113072082,"NEDz",294.717782743259,0.365789234638214,2.68333326686512,5.19672196476869,0,13.2972612380981,0
1575,"5",26.25,"2026-05-12","09:43:57",0,"STABILIZE",12.769,48.97,625.29793,2.79678097630124,16.479,16479,213,NA,NA,NA,NA,19.3155543804169,-17.9795115590096,NA,NA,1.53999996185303,-13.2972612380981,-13.4031544582884,"NEDz",294.717782743259,0.365789234638214,2.68333326686512,5.19672196476869,0,13.2972612380981,0
1576,"5",26.27,"2026-05-12","09:43:58",0,"STABILIZE",12.769,48.97,625.29793,2.79678097630124,16.479,16479,213,NA,NA,NA,NA,19.3155543804169,-17.9795115590096,NA,NA,1.53999996185303,-13.2972612380981,-13.4031939621096,"NEDz",294.717782743259,0.365789234638214,2.68333326686512,5.19672196476869,0,13.2972612380981,0
1577,"5",26.28,"2026-05-12","09:43:59",0,"STABILIZE",12.769,48.97,625.29793,2.79678097630124,16.479,16479,213,NA,NA,NA,NA,19.3155543804169,-17.9795115590096,NA,NA,1.53999996185303,-13.2972612380981,-13.4032296116659,"NEDz",294.717782743259,0.365789234638214,2.68333326686512,5.19672196476869,0,13.2972612380981,0
1578,"5",26.3,"2026-05-12","09:44:00",0,"STABILIZE",12.769,48.97,625.29793,2.79678097630124,16.479,16479,213,NA,NA,NA,NA,19.3155543804169,-17.9795115590096,NA,NA,1.53999996185303,-13.2972612380981,-13.4032611999512,"NEDz",294.717782743259,0.365789234638214,2.68333326686512,5.19672196476869,0,13.2972612380981,0
1579,"5",26.32,"2026-05-12","09:44:01",0,"STABILIZE",12.769,48.97,625.29793,2.79678097630124,16.479,16479,213,NA,NA,NA,NA,19.3155543804169,-17.9795115590096,NA,NA,1.53999996185303,-13.2972612380981,-13.4032885540603,"NEDz",294.717782743259,0.365789234638214,2.68333326686512,5.19672196476869,0,13.2972612380981,0
1580,"5",26.33,"2026-05-12","09:44:02",0,"STABILIZE",12.769,48.97,625.29793,2.79678097630124,16.479,16479,213,NA,NA,NA,NA,19.3155543804169,-17.9795115590096,NA,NA,1.53999996185303,-13.2972612380981,-13.4033116374918,"NEDz",291.508980361755,0.365789234638214,2.68333326686512,5.19672196476869,0,13.2972612380981,0
1581,"5",26.35,"2026-05-12","09:44:03",0,"STABILIZE",12.769,48.97,625.29793,2.79678097630124,16.479,16479,213,NA,NA,NA,NA,19.3155543804169,-17.9795115590096,NA,NA,1.53999996185303,-13.2972612380981,-13.4033304478452,"NEDz",288.30017798025,0.365789234638214,2.68333326686512,5.19672196476869,0,13.2972612380981,0
1582,"5",26.37,"2026-05-12","09:44:04",0,"STABILIZE",12.769,48.97,625.29793,2.79678097630124,16.479,16479,213,NA,NA,NA,NA,19.3155543804169,-17.9795115590096,NA,NA,1.53999996185303,-13.2972612380981,-13.4033449827198,"NEDz",288.30017798025,0.365789234638214,2.68333326686512,5.19672196476869,0,13.2972612380981,0
1583,"5",26.38,"2026-05-12","09:44:05",0,"STABILIZE",12.769,48.97,625.29793,2.79678097630124,16.479,16479,213,NA,NA,NA,NA,19.3155543804169,-17.9795115590096,NA,NA,1.53999996185303,-13.2972612380981,-13.4033552397152,"NEDz",288.30017798025,0.365789234638214,2.68333326686512,5.19672196476869,0,13.2972612380981,0
1584,"5",26.4,"2026-05-12","09:44:06",0,"STABILIZE",12.769,48.97,625.29793,2.79678097630124,16.479,16479,213,NA,NA,NA,NA,19.3155543804169,-17.9795115590096,NA,NA,1.53999996185303,-13.2972612380981,-13.4033612164307,"NEDz",288.30017798025,0.365789234638214,2.68333326686512,5.19672196476869,0,13.2972612380981,0
1585,"5",26.42,"2026-05-12","09:44:07",0,"STABILIZE",12.769,48.97,625.29793,2.79678097630124,16.479,16479,213,NA,NA,NA,NA,19.3155543804169,-17.9795115590096,NA,NA,1.53999996185303,-13.2972612380981,-13.4033629104657,"NEDz",288.30017798025,0.365789234638214,2.68333326686512,5.19672196476869,0,13.2972612380981,0
1586,"5",26.43,"2026-05-12","09:44:08",0,"STABILIZE",12.769,48.97,625.29793,2.79678097630124,16.479,16479,213,NA,NA,NA,NA,19.3155543804169,-17.9795115590096,NA,NA,1.53999996185303,-13.2972612380981,-13.4033603194198,"NEDz",288.30017798025,0.365789234638214,2.68333326686512,5.19672196476869,0,13.2972612380981,0
1587,"5",26.45,"2026-05-12","09:44:09",0,"STABILIZE",12.769,48.97,625.29793,2.79678097630124,16.479,16479,213,NA,NA,NA,NA,19.3155543804169,-17.9795115590096,NA,NA,1.53999996185303,-13.2972612380981,-13.4033534408924,"NEDz",288.30017798025,0.365789234638214,2.68333326686512,5.19672196476869,0,13.2972612380981,0
1588,"5",26.47,"2026-05-12","09:44:10",0,"STABILIZE",12.769,48.97,625.29793,2.79678097630124,16.479,16479,213,NA,NA,NA,NA,19.3155543804169,-17.9795115590096,NA,NA,1.53999996185303,-13.2972612380981,-13.4033422724829,"NEDz",288.30017798025,0.365789234638214,2.68333326686512,5.19672196476869,0,13.2972612380981,0
1589,"5",26.48,"2026-05-12","09:44:11",0,"STABILIZE",12.769,48.97,625.29793,2.79678097630124,16.479,16479,213,NA,NA,NA,NA,19.3155543804169,-17.9795115590096,NA,NA,1.53999996185303,-13.2972612380981,-13.4033268117907,"NEDz",288.30017798025,0.365789234638214,2.68333326686512,5.19672196476869,0,13.2972612380981,0
1590,"5",26.5,"2026-05-12","09:44:12",0,"STABILIZE",12.769,48.97,625.29793,2.79678097630124,16.479,16479,213,NA,NA,NA,NA,19.3155543804169,-17.9795115590096,NA,NA,1.53999996185303,-13.2972612380981,-13.4033070564153,"NEDz",288.30017798025,0.365789234638214,2.68333326686512,5.19672196476869,0,13.2972612380981,0
1591,"5",26.52,"2026-05-12","09:44:13",0,"STABILIZE",12.769,48.97,625.29793,2.79678097630124,16.479,16479,213,NA,NA,NA,NA,19.3155543804169,-17.9795115590096,NA,NA,1.53999996185303,-13.2972612380981,-13.4032830039561,"NEDz",288.30017798025,0.365789234638214,2.68333326686512,5.19672196476869,0,13.2972612380981,0
1592,"5",26.53,"2026-05-12","09:44:14",0,"STABILIZE",12.769,48.97,625.29793,2.79678097630124,16.479,16479,213,NA,NA,NA,NA,19.3155543804169,-17.9795115590096,NA,NA,1.53999996185303,-13.2972612380981,-13.4032546520126,"NEDz",288.30017798025,0.365789234638214,2.68333326686512,5.19672196476869,0,13.2972612380981,0
1593,"5",26.55,"2026-05-12","09:44:15",0,"STABILIZE",12.769,48.97,625.29793,2.79678097630124,16.479,16479,213,NA,NA,NA,NA,19.3155543804169,-17.9795115590096,NA,NA,1.53999996185303,-13.2972612380981,-13.4032219981842,"NEDz",288.30017798025,0.365789234638214,2.68333326686512,5.19672196476869,0,13.2972612380981,0
1594,"5",26.57,"2026-05-12","09:44:16",0,"STABILIZE",12.769,48.97,625.29793,2.79678097630124,16.479,16479,213,NA,NA,NA,NA,19.3155543804169,-17.9795115590096,NA,NA,1.53999996185303,-13.2972612380981,-13.4031850400703,"NEDz",288.30017798025,0.365789234638214,2.68333326686512,5.19672196476869,0,13.2972612380981,0
1595,"5",26.58,"2026-05-12","09:44:17",0,"STABILIZE",12.769,48.97,625.29793,2.79678097630124,16.479,16479,213,NA,NA,NA,NA,19.3155543804169,-17.9795115590096,NA,NA,1.53999996185303,-13.2972612380981,-13.4031437752705,"NEDz",288.30017798025,0.365789234638214,2.68333326686512,5.19672196476869,0,13.2972612380981,0
1596,"5",26.6,"2026-05-12","09:44:18",0,"STABILIZE",12.769,48.97,625.29793,2.79678097630124,16.479,16479,213,NA,NA,NA,NA,19.3155543804169,-17.9795115590096,NA,NA,1.53999996185303,-13.2972612380981,-13.403098201384,"NEDz",288.30017798025,0.365789234638214,2.68333326686512,5.19672196476869,0,13.2972612380981,0
1597,"5",26.62,"2026-05-12","09:44:19",0,"STABILIZE",12.769,48.97,625.29793,2.79678097630124,16.479,16479,213,NA,NA,NA,NA,19.3155543804169,-17.9795115590096,NA,NA,1.53999996185303,-13.2972612380981,-13.4030483160104,"NEDz",288.30017798025,0.365789234638214,2.68333326686512,5.19672196476869,0,13.2972612380981,0
1598,"5",26.63,"2026-05-12","09:44:20",0,"STABILIZE",12.769,48.97,625.29793,2.79678097630124,16.479,16479,213,NA,NA,NA,NA,19.3155543804169,-17.9795115590096,NA,NA,1.53999996185303,-13.2972612380981,-13.4029941167491,"NEDz",288.30017798025,0.365789234638214,2.68333326686512,5.19672196476869,0,13.2972612380981,0
1599,"5",26.65,"2026-05-12","09:44:21",0,"STABILIZE",12.769,48.97,625.29793,2.79678097630124,16.479,16479,213,NA,NA,NA,NA,19.3155543804169,-17.9795115590096,NA,NA,1.53999996185303,-13.2972612380981,-13.4029356011996,"NEDz",288.30017798025,0.365789234638214,2.68333326686512,5.19672196476869,0,13.2972612380981,0
1600,"5",26.67,"2026-05-12","09:44:22",0,"STABILIZE",12.769,48.97,625.29793,2.79678097630124,16.479,16479,213,NA,NA,NA,NA,19.3155543804169,-17.9795115590096,NA,NA,1.53999996185303,-13.2972612380981,-13.4028727669612,"NEDz",288.30017798025,0.365789234638214,2.68333326686512,5.19672196476869,0,13.2972612380981,0
1601,"5",26.68,"2026-05-12","09:44:23",0,"STABILIZE",12.769,48.97,625.29793,2.79678097630124,16.479,16479,213,NA,NA,NA,NA,19.3155543804169,-17.9795115590096,NA,NA,1.53999996185303,-13.2972612380981,-13.4028056116334,"NEDz",288.30017798025,0.365789234638214,2.68333326686512,5.19672196476869,0,13.2972612380981,0
1602,"5",26.7,"2026-05-12","09:44:24",0,"STABILIZE",12.769,48.97,625.29793,2.79678097630124,16.479,16479,213,NA,NA,NA,NA,19.3155543804169,-17.9795115590096,NA,NA,1.53999996185303,-13.2972612380981,-13.4027341328158,"NEDz",288.30017798025,0.365789234638214,2.68333326686512,5.19672196476869,0,13.2972612380981,0
1603,"5",26.72,"2026-05-12","09:44:25",0,"STABILIZE",12.769,48.97,625.29793,2.79678097630124,16.479,16479,213,NA,NA,NA,NA,19.3155543804169,-17.9795115590096,NA,NA,1.53999996185303,-13.2972612380981,-13.4026583281076,"NEDz",288.30017798025,0.365789234638214,2.68333326686512,5.19672196476869,0,13.2972612380981,0
1604,"5",26.73,"2026-05-12","09:44:26",0,"STABILIZE",12.769,48.97,625.29793,2.79678097630124,16.479,16479,213,NA,NA,NA,NA,19.3155543804169,-17.9795115590096,NA,NA,1.53999996185303,-13.2972612380981,-13.4025781951083,"NEDz",288.30017798025,0.365789234638214,2.68333326686512,5.19672196476869,0,13.2972612380981,0
1605,"5",26.75,"2026-05-12","09:44:27",0,"STABILIZE",12.769,48.97,625.29793,2.79678097630124,16.479,16479,213,NA,NA,NA,NA,19.3155543804169,-17.9795115590096,NA,NA,1.53999996185303,-13.2972612380981,-13.4024937314174,"NEDz",288.30017798025,0.365789234638214,2.68333326686512,5.19672196476869,0,13.2972612380981,0
1606,"5",26.77,"2026-05-12","09:44:28",0,"STABILIZE",12.769,48.97,625.29793,2.79678097630124,16.479,16479,213,NA,NA,NA,NA,19.3155543804169,-17.9795115590096,NA,NA,1.53999996185303,-13.2972612380981,-13.4024049346344,"NEDz",288.30017798025,0.365789234638214,2.68333326686512,5.19672196476869,0,13.2972612380981,0
1607,"5",26.78,"2026-05-12","09:44:29",0,"STABILIZE",12.769,48.97,625.29793,2.79678097630124,16.479,16479,213,NA,NA,NA,NA,19.3155543804169,-17.9795115590096,NA,NA,1.53999996185303,-13.2972612380981,-13.4023118023586,"NEDz",288.30017798025,0.365789234638214,2.68333326686512,5.19672196476869,0,13.2972612380981,0
1608,"5",26.8,"2026-05-12","09:44:30",0,"STABILIZE",12.769,48.97,625.29793,2.79678097630124,16.479,16479,213,NA,NA,NA,NA,19.3155543804169,-17.9795115590096,NA,NA,1.53999996185303,-13.2972612380981,-13.4022143321895,"NEDz",288.30017798025,0.365789234638214,2.68333326686512,5.19672196476869,0,13.2972612380981,0
1609,"5",26.82,"2026-05-12","09:44:31",0,"STABILIZE",12.769,48.97,625.29793,2.79678097630124,16.479,16479,213,NA,NA,NA,NA,19.3155543804169,-17.9795115590096,NA,NA,1.53999996185303,-13.2972612380981,-13.4021125217265,"NEDz",288.30017798025,0.365789234638214,2.68333326686512,5.19672196476869,0,13.2972612380981,0
1610,"5",26.83,"2026-05-12","09:44:32",0,"STABILIZE",12.769,48.97,625.29793,2.79678097630124,16.479,16479,213,NA,NA,NA,NA,19.3155543804169,-17.9795115590096,NA,NA,1.53999996185303,-13.2972612380981,-13.4020063685692,"NEDz",288.30017798025,0.365789234638214,2.68333326686512,5.19672196476869,0,13.2972612380981,0
1611,"5",26.85,"2026-05-12","09:44:33",0,"STABILIZE",12.769,48.97,625.29793,2.79678097630124,16.479,16479,213,NA,NA,NA,NA,19.3155543804169,-17.9795115590096,NA,NA,1.53999996185303,-13.2972612380981,-13.4018958703168,"NEDz",288.30017798025,0.365789234638214,2.68333326686512,5.19672196476869,0,13.2972612380981,0
1612,"5",26.87,"2026-05-12","09:44:34",0,"STABILIZE",12.769,48.97,625.29793,2.79678097630124,16.479,16479,213,NA,NA,NA,NA,19.3155543804169,-17.9795115590096,NA,NA,1.53999996185303,-13.2972612380981,-13.4017810245689,"NEDz",288.30017798025,0.365789234638214,2.68333326686512,5.19672196476869,0,13.2972612380981,0
1613,"5",26.88,"2026-05-12","09:44:35",0,"STABILIZE",12.769,48.97,625.29793,2.79678097630124,16.479,16479,213,NA,NA,NA,NA,19.3155543804169,-17.9795115590096,NA,NA,1.53999996185303,-13.2972612380981,-13.4016618289249,"NEDz",288.30017798025,0.365789234638214,2.68333326686512,5.19672196476869,0,13.2972612380981,0
1614,"5",26.9,"2026-05-12","09:44:36",0,"STABILIZE",12.769,48.97,625.29793,2.79678097630124,16.479,16479,213,NA,NA,NA,NA,19.3155543804169,-17.9795115590096,NA,NA,1.53999996185303,-13.2972612380981,-13.4015382809842,"NEDz",288.30017798025,0.365789234638214,2.68333326686512,5.19672196476869,0,13.2972612380981,0
1615,"5",26.92,"2026-05-12","09:44:37",0,"STABILIZE",12.769,48.97,625.29793,2.79678097630124,16.479,16479,213,NA,NA,NA,NA,19.3155543804169,-17.9795115590096,NA,NA,1.53999996185303,-13.2972612380981,-13.4014103783463,"NEDz",288.30017798025,0.365789234638214,2.68333326686512,5.19672196476869,0,13.2972612380981,0
1616,"5",26.93,"2026-05-12","09:44:38",0,"STABILIZE",12.769,48.97,625.29793,2.79678097630124,16.479,16479,213,NA,NA,NA,NA,19.3155543804169,-17.9795115590096,NA,NA,1.53999996185303,-13.2972612380981,-13.4012781186106,"NEDz",288.30017798025,0.365789234638214,2.68333326686512,5.19672196476869,0,13.2972612380981,0
1617,"5",26.95,"2026-05-12","09:44:39",0,"STABILIZE",12.769,48.97,625.29793,2.79678097630124,16.479,16479,213,NA,NA,NA,NA,19.3155543804169,-17.9795115590096,NA,NA,1.53999996185303,-13.2972612380981,-13.4011414993765,"NEDz",288.30017798025,0.365789234638214,2.68333326686512,5.19672196476869,0,13.2972612380981,0
1618,"5",26.97,"2026-05-12","09:44:40",0,"STABILIZE",12.769,48.97,625.29793,2.79678097630124,16.479,16479,213,NA,NA,NA,NA,19.3155543804169,-17.9795115590096,NA,NA,1.53999996185303,-13.2972612380981,-13.4010005182436,"NEDz",288.30017798025,0.365789234638214,2.68333326686512,5.19672196476869,0,13.2972612380981,0
1619,"5",26.98,"2026-05-12","09:44:41",0,"STABILIZE",12.769,48.97,625.29793,2.79678097630124,16.479,16479,213,NA,NA,NA,NA,19.3155543804169,-17.9795115590096,NA,NA,1.53999996185303,-13.2972612380981,-13.4008551728112,"NEDz",288.30017798025,0.365789234638214,2.68333326686512,5.19672196476869,0,13.2972612380981,0
1620,"5",27,"2026-05-12","09:44:42",0,"STABILIZE",12.769,48.97,625.29793,2.79678097630124,16.479,16479,213,NA,NA,NA,NA,19.3155543804169,-17.9795115590096,NA,NA,1.53999996185303,-13.2972612380981,-13.4007054606787,"NEDz",288.30017798025,0.365789234638214,2.68333326686512,5.19672196476869,0,13.2972612380981,0
1621,"5",27.02,"2026-05-12","09:44:43",0,"STABILIZE",12.769,48.97,625.29793,2.79678097630124,16.479,16479,213,NA,NA,NA,NA,19.3155543804169,-17.9795115590096,NA,NA,1.53999996185303,-13.2972612380981,-13.4005513794457,"NEDz",288.30017798025,0.365789234638214,2.68333326686512,5.19672196476869,0,13.2972612380981,0
1622,"5",27.03,"2026-05-12","09:44:44",0,"STABILIZE",12.769,48.97,625.29793,2.79678097630124,16.479,16479,213,NA,NA,NA,NA,19.3155543804169,-17.9795115590096,NA,NA,1.53999996185303,-13.2972612380981,-13.4003929267115,"NEDz",288.30017798025,0.365789234638214,2.68333326686512,5.19672196476869,0,13.2972612380981,0
1623,"5",27.05,"2026-05-12","09:44:45",0,"STABILIZE",12.769,48.97,625.29793,2.79678097630124,16.479,16479,213,NA,NA,NA,NA,19.3155543804169,-17.9795115590096,NA,NA,1.53999996185303,-13.2972612380981,-13.4002301000756,"NEDz",288.30017798025,0.365789234638214,2.68333326686512,5.19672196476869,0,13.2972612380981,0
1624,"5",27.07,"2026-05-12","09:44:46",0,"STABILIZE",12.769,48.97,625.29793,2.79678097630124,16.479,16479,213,NA,NA,NA,NA,19.3155543804169,-17.9795115590096,NA,NA,1.53999996185303,-13.2972612380981,-13.4000628971375,"NEDz",288.30017798025,0.365789234638214,2.68333326686512,5.19672196476869,0,13.2972612380981,0
1625,"5",27.08,"2026-05-12","09:44:47",0,"STABILIZE",12.769,48.97,625.29793,2.79678097630124,16.479,16479,213,NA,NA,NA,NA,19.3155543804169,-17.9795115590096,NA,NA,1.53999996185303,-13.2972612380981,-13.3998913154965,"NEDz",288.30017798025,0.365789234638214,2.68333326686512,5.19672196476869,0,13.2972612380981,0
1626,"5",27.1,"2026-05-12","09:44:48",0,"STABILIZE",12.769,48.97,625.29793,2.79678097630124,16.479,16479,213,NA,NA,NA,NA,19.3155543804169,-17.9795115590096,NA,NA,1.53999996185303,-13.2972612380981,-13.3997153527521,"NEDz",288.30017798025,0.365789234638214,2.68333326686512,5.19672196476869,0,13.2972612380981,0
1627,"5",27.12,"2026-05-12","09:44:49",0,"STABILIZE",12.769,48.97,625.29793,2.79678097630124,16.479,16479,213,NA,NA,NA,NA,19.3155543804169,-17.9795115590096,NA,NA,1.53999996185303,-13.2972612380981,-13.3995350065038,"NEDz",288.30017798025,0.365789234638214,2.68333326686512,5.19672196476869,0,13.2972612380981,0
1628,"5",27.13,"2026-05-12","09:44:50",0,"STABILIZE",12.769,48.97,625.29793,2.79678097630124,16.479,16479,213,NA,NA,NA,NA,19.3155543804169,-17.9795115590096,NA,NA,1.53999996185303,-13.2972612380981,-13.399350274351,"NEDz",288.30017798025,0.365789234638214,2.68333326686512,5.19672196476869,0,13.2972612380981,0
1629,"5",27.15,"2026-05-12","09:44:51",0,"STABILIZE",12.769,48.97,625.29793,2.79678097630124,16.479,16479,213,NA,NA,NA,NA,19.3155543804169,-17.9795115590096,NA,NA,1.53999996185303,-13.2972612380981,-13.399161153893,"NEDz",288.30017798025,0.365789234638214,2.68333326686512,5.19672196476869,0,13.2972612380981,0
1630,"5",27.17,"2026-05-12","09:44:52",0,"STABILIZE",12.769,48.97,625.29793,2.79678097630124,16.479,16479,213,NA,NA,NA,NA,19.3155543804169,-17.9795115590096,NA,NA,1.53999996185303,-13.2972612380981,-13.3989676427295,"NEDz",288.30017798025,0.365789234638214,2.68333326686512,5.19672196476869,0,13.2972612380981,0
1631,"5",27.18,"2026-05-12","09:44:53",0,"STABILIZE",12.769,48.97,625.29793,2.79678097630124,16.479,16479,213,NA,NA,NA,NA,19.3155543804169,-17.9795115590096,NA,NA,1.53999996185303,-13.2972612380981,-13.3987697384598,"NEDz",288.30017798025,0.365789234638214,2.68333326686512,5.19672196476869,0,13.2972612380981,0
1632,"5",27.2,"2026-05-12","09:44:54",0,"STABILIZE",12.769,48.97,625.29793,2.79678097630124,16.479,16479,213,NA,NA,NA,NA,19.3155543804169,-17.9795115590096,NA,NA,1.53999996185303,-13.2972612380981,-13.3985674386833,"NEDz",288.30017798025,0.365789234638214,2.68333326686512,5.19672196476869,0,13.2972612380981,0
1633,"5",27.22,"2026-05-12","09:44:55",0,"STABILIZE",12.769,48.97,625.29793,2.79678097630124,16.479,16479,213,NA,NA,NA,NA,19.3155543804169,-17.9795115590096,NA,NA,1.53999996185303,-13.2972612380981,-13.3983607409995,"NEDz",288.30017798025,0.365789234638214,2.68333326686512,5.19672196476869,0,13.2972612380981,0
1634,"5",27.23,"2026-05-12","09:44:56",0,"STABILIZE",12.769,48.97,625.29793,2.79678097630124,16.479,16479,213,NA,NA,NA,NA,19.3155543804169,-17.9795115590096,NA,NA,1.53999996185303,-13.2972612380981,-13.3981496430078,"NEDz",288.30017798025,0.365789234638214,2.68333326686512,5.19672196476869,0,13.2972612380981,0
1635,"5",27.25,"2026-05-12","09:44:57",0,"STABILIZE",12.769,48.97,625.29793,2.79678097630124,16.479,16479,213,NA,NA,NA,NA,19.3155543804169,-17.9795115590096,NA,NA,1.53999996185303,-13.2972612380981,-13.3979341423077,"NEDz",288.30017798025,0.365789234638214,2.68333326686512,5.19672196476869,0,13.2972612380981,0
1636,"5",27.27,"2026-05-12","09:44:58",0,"STABILIZE",12.769,48.97,625.29793,2.79678097630124,16.479,16479,213,NA,NA,NA,NA,19.3155543804169,-17.9795115590096,NA,NA,1.53999996185303,-13.2972612380981,-13.3977142364986,"NEDz",288.30017798025,0.365789234638214,2.68333326686512,5.19672196476869,0,13.2972612380981,0
1637,"5",27.28,"2026-05-12","09:44:59",0,"STABILIZE",12.769,48.97,625.29793,2.79678097630124,16.479,16479,213,NA,NA,NA,NA,31.6616351604462,-41.748489677906,NA,NA,1.53999996185303,-14.7196865081787,-14.8199151932605,"NEDz",288.30017798025,0.365789234638214,2.68333326686512,5.19672196476869,26.7841376834049,14.7196865081787,0
1638,"5",27.3,"2026-05-12","09:45:00",0,"STABILIZE",12.769,48.97,625.29793,2.79678097630124,16.479,16479,213,NA,NA,NA,NA,31.6616351604462,-41.748489677906,NA,NA,1.53999996185303,-14.7196865081787,-14.8196864700317,"NEDz",288.30017798025,0.365789234638214,2.68333326686512,5.19672196476869,0,14.7196865081787,0
1639,"5",27.32,"2026-05-12","09:45:01",0,"STABILIZE",12.769,48.97,625.29793,2.79678097630124,16.479,16479,213,NA,NA,NA,NA,31.6616351604462,-41.748489677906,NA,NA,1.53999996185303,-14.7196865081787,-14.8194533617345,"NEDz",288.30017798025,0.365789234638214,2.68333326686512,5.19672196476869,0,14.7196865081787,0
1640,"5",27.33,"2026-05-12","09:45:02",0,"STABILIZE",12.769,48.97,625.29793,2.79678097630124,16.479,16479,213,NA,NA,NA,NA,31.6616351604462,-41.748489677906,NA,NA,1.53999996185303,-14.7196865081787,-14.8192160021793,"NEDz",288.30017798025,0.365789234638214,2.68333326686512,5.19672196476869,0,14.7196865081787,0
1641,"5",27.35,"2026-05-12","09:45:03",0,"STABILIZE",12.769,48.97,625.29793,2.79678097630124,16.479,16479,213,NA,NA,NA,NA,31.6616351604462,-41.748489677906,NA,NA,1.53999996185303,-14.7196865081787,-14.8189745524189,"NEDz",290.975426474361,0.365789234638214,2.68333326686512,5.19672196476869,0,14.7196865081787,0
1642,"5",27.37,"2026-05-12","09:45:04",0,"STABILIZE",12.769,48.97,625.29793,2.79678097630124,16.479,16479,213,NA,NA,NA,NA,31.6616351604462,-41.748489677906,NA,NA,1.53999996185303,-14.7196865081787,-14.818729173506,"NEDz",290.975426474361,0.365789234638214,2.68333326686512,5.19672196476869,0,14.7196865081787,0
1643,"5",27.38,"2026-05-12","09:45:05",0,"STABILIZE",12.769,48.97,625.29793,2.79678097630124,16.479,16479,213,NA,NA,NA,NA,31.6616351604462,-41.748489677906,NA,NA,1.53999996185303,-14.7196865081787,-14.8184800264934,"NEDz",290.975426474361,0.365789234638214,2.68333326686512,5.19672196476869,0,14.7196865081787,0
1644,"5",27.4,"2026-05-12","09:45:06",0,"STABILIZE",12.769,48.97,625.29793,2.79678097630124,16.479,16479,213,NA,NA,NA,NA,31.6616351604462,-41.748489677906,NA,NA,1.53999996185303,-14.7196865081787,-14.8182272724337,"NEDz",290.975426474361,0.365789234638214,2.68333326686512,5.19672196476869,0,14.7196865081787,0
1645,"5",27.42,"2026-05-12","09:45:07",0,"STABILIZE",12.769,48.97,625.29793,2.79678097630124,16.479,16479,213,NA,NA,NA,NA,31.6616351604462,-41.748489677906,NA,NA,1.53999996185303,-14.7196865081787,-14.8179710723798,"NEDz",290.975426474361,0.365789234638214,2.68333326686512,5.19672196476869,0,14.7196865081787,0
1646,"5",27.43,"2026-05-12","09:45:08",0,"STABILIZE",12.769,48.97,625.29793,2.79678097630124,16.479,16479,213,NA,NA,NA,NA,31.6616351604462,-41.748489677906,NA,NA,1.53999996185303,-14.7196865081787,-14.8177115873842,"NEDz",290.975426474361,0.365789234638214,2.68333326686512,5.19672196476869,0,14.7196865081787,0
1647,"5",27.45,"2026-05-12","09:45:09",0,"STABILIZE",12.769,48.97,625.29793,2.79678097630124,16.479,16479,213,NA,NA,NA,NA,31.6616351604462,-41.748489677906,NA,NA,1.53999996185303,-14.7196865081787,-14.8174489784998,"NEDz",290.975426474361,0.365789234638214,2.68333326686512,5.19672196476869,0,14.7196865081787,0
1648,"5",27.47,"2026-05-12","09:45:10",0,"STABILIZE",12.769,48.97,625.29793,2.79678097630124,16.479,16479,213,NA,NA,NA,NA,31.6616351604462,-41.748489677906,NA,NA,1.53999996185303,-14.7196865081787,-14.8171834067793,"NEDz",290.975426474361,0.365789234638214,2.68333326686512,5.19672196476869,0,14.7196865081787,0
1649,"5",27.48,"2026-05-12","09:45:11",0,"STABILIZE",12.769,48.97,625.29793,2.79678097630124,16.479,16479,213,NA,NA,NA,NA,31.6616351604462,-41.748489677906,NA,NA,1.53999996185303,-14.7196865081787,-14.8169150332755,"NEDz",290.975426474361,0.365789234638214,2.68333326686512,5.19672196476869,0,14.7196865081787,0
1650,"5",27.5,"2026-05-12","09:45:12",0,"STABILIZE",12.769,48.97,625.29793,2.79678097630124,16.479,16479,213,NA,NA,NA,NA,31.6616351604462,-41.748489677906,NA,NA,1.53999996185303,-14.7196865081787,-14.8166440190409,"NEDz",290.975426474361,0.365789234638214,2.68333326686512,5.19672196476869,0,14.7196865081787,0
1651,"0",27.52,"2026-05-12","09:45:13",0,"STABILIZE",12.769,48.97,625.29793,2.79678097630124,16.479,16479,213,NA,NA,NA,NA,31.6616351604462,-41.748489677906,NA,NA,1.53999996185303,-14.7196865081787,-14.8163705251285,"NEDz",290.975426474361,0.365789234638214,2.68333326686512,5.19672196476869,0,14.7196865081787,0
1652,"0",27.53,"2026-05-12","09:45:14",0,"STABILIZE",12.769,48.97,625.29793,2.79678097630124,16.479,16479,213,NA,NA,NA,NA,31.6616351604462,-41.748489677906,NA,NA,1.53999996185303,-14.7196865081787,-14.8160947125908,"NEDz",290.975426474361,0.365789234638214,2.68333326686512,5.19672196476869,0,14.7196865081787,0
1653,"0",27.55,"2026-05-12","09:45:15",0,"STABILIZE",12.769,48.97,625.29793,2.79678097630124,16.479,16479,213,NA,NA,NA,NA,31.6616351604462,-41.748489677906,NA,NA,1.53999996185303,-14.7196865081787,-14.8158167424807,"NEDz",290.975426474361,0.365789234638214,2.68333326686512,5.19672196476869,0,14.7196865081787,0
1654,"0",27.57,"2026-05-12","09:45:16",0,"STABILIZE",12.769,48.97,625.29793,2.79678097630124,16.479,16479,213,NA,NA,NA,NA,31.6616351604462,-41.748489677906,NA,NA,1.53999996185303,-14.7196865081787,-14.8155367758509,"NEDz",290.975426474361,0.365789234638214,2.68333326686512,5.19672196476869,0,14.7196865081787,0
1655,"0",27.58,"2026-05-12","09:45:17",0,"STABILIZE",12.769,48.97,625.29793,2.79678097630124,16.479,16479,213,NA,NA,NA,NA,31.6616351604462,-41.748489677906,NA,NA,1.53999996185303,-14.7196865081787,-14.815254973754,"NEDz",290.975426474361,0.365789234638214,2.68333326686512,5.19672196476869,0,14.7196865081787,0
1656,"0",27.6,"2026-05-12","09:45:18",0,"STABILIZE",12.769,48.97,625.29793,2.79678097630124,16.479,16479,213,NA,NA,NA,NA,31.6616351604462,-41.748489677906,NA,NA,1.53999996185303,-14.7196865081787,-14.8149714972429,"NEDz",290.975426474361,0.365789234638214,2.68333326686512,5.19672196476869,0,14.7196865081787,0
1657,"0",27.62,"2026-05-12","09:45:19",0,"STABILIZE",12.769,48.97,625.29793,2.79678097630124,16.479,16479,213,NA,NA,NA,NA,31.6616351604462,-41.748489677906,NA,NA,1.53999996185303,-14.7196865081787,-14.8146865073702,"NEDz",290.975426474361,0.365789234638214,2.68333326686512,5.19672196476869,0,14.7196865081787,0
1658,"0",27.63,"2026-05-12","09:45:20",0,"STABILIZE",12.769,48.97,625.29793,2.79678097630124,16.479,16479,213,NA,NA,NA,NA,31.6616351604462,-41.748489677906,NA,NA,1.53999996185303,-14.7196865081787,-14.8144001651887,"NEDz",290.975426474361,0.365789234638214,2.68333326686512,5.19672196476869,0,14.7196865081787,0
1659,"0",27.65,"2026-05-12","09:45:21",0,"STABILIZE",12.769,48.97,625.29793,2.79678097630124,16.479,16479,213,NA,NA,NA,NA,31.6616351604462,-41.748489677906,NA,NA,1.53999996185303,-14.7196865081787,-14.8141126317512,"NEDz",290.975426474361,0.365789234638214,2.68333326686512,5.19672196476869,0,14.7196865081787,0
1660,"0",27.67,"2026-05-12","09:45:22",0,"STABILIZE",12.769,48.97,625.29793,2.79678097630124,16.479,16479,213,NA,NA,NA,NA,31.6616351604462,-41.748489677906,NA,NA,1.53999996185303,-14.7196865081787,-14.8138240681102,"NEDz",290.975426474361,0.302595891058445,2.68333326686512,5.19672196476869,0,14.7196865081787,0
1661,"0",27.68,"2026-05-12","09:45:23",0,"STABILIZE",12.769,48.97,625.29793,2.79678097630124,16.479,16479,213,NA,NA,NA,NA,31.6616351604462,-41.748489677906,NA,NA,1.53999996185303,-14.7196865081787,-14.8135346353186,"NEDz",290.975426474361,0.239402547478676,2.68333326686512,5.19672196476869,0,14.7196865081787,0
1662,"0",27.7,"2026-05-12","09:45:24",0,"STABILIZE",12.769,48.97,625.29793,2.79678097630124,16.479,16479,213,NA,NA,NA,NA,31.6616351604462,-41.748489677906,NA,NA,1.53999996185303,-14.7196865081787,-14.8132444944292,"NEDz",290.975426474361,0.239402547478676,2.68333326686512,5.19672196476869,0,14.7196865081787,0
1663,"0",27.72,"2026-05-12","09:45:25",0,"STABILIZE",12.769,48.97,625.29793,2.79678097630124,16.479,16479,213,NA,NA,NA,NA,31.6616351604462,-41.748489677906,NA,NA,1.53999996185303,-14.7196865081787,-14.8129538064945,"NEDz",290.975426474361,0.239402547478676,2.68333326686512,5.19672196476869,0,14.7196865081787,0
1664,"0",27.73,"2026-05-12","09:45:26",0,"STABILIZE",12.769,48.97,625.29793,2.79678097630124,16.479,16479,213,NA,NA,NA,NA,31.6616351604462,-41.748489677906,NA,NA,1.53999996185303,-14.7196865081787,-14.8126627325675,"NEDz",290.975426474361,0.239402547478676,2.68333326686512,5.19672196476869,0,14.7196865081787,0
1665,"0",27.75,"2026-05-12","09:45:27",0,"STABILIZE",12.769,48.97,625.29793,2.79678097630124,16.479,16479,213,NA,NA,NA,NA,31.6616351604462,-41.748489677906,NA,NA,1.53999996185303,-14.7196865081787,-14.8123714337007,"NEDz",290.975426474361,0.239402547478676,2.68333326686512,5.19672196476869,0,14.7196865081787,0
1666,"0",27.77,"2026-05-12","09:45:28",0,"STABILIZE",12.769,48.97,625.29793,2.79678097630124,16.479,16479,213,NA,NA,NA,NA,31.6616351604462,-41.748489677906,NA,NA,2.27999997138977,-14.7196865081787,-15.5520800804836,"NEDz",290.975426474361,0.239402547478676,3.97272722287611,12.5908101215463,0,14.7196865081787,0
1667,"0",27.78,"2026-05-12","09:45:29",0,"STABILIZE",12.769,48.97,625.29793,2.79678097630124,16.479,16479,213,NA,NA,NA,NA,31.6616351604462,-41.748489677906,NA,NA,3.01999998092651,-14.7196865081787,-16.2917888244323,"NEDz",290.975426474361,0.239402547478676,5.26212117888711,19.984898278324,0,14.7196865081787,0
1668,"0",27.8,"2026-05-12","09:45:30",0,"STABILIZE",12.769,48.97,625.29793,2.79678097630124,16.479,16479,213,NA,NA,NA,NA,31.6616351604462,-41.748489677906,NA,NA,3.01999998092651,-14.7196865081787,-16.2914978170628,"NEDz",290.975426474361,0.239402547478676,5.26212117888711,19.984898278324,0,14.7196865081787,0
1669,"0",27.82,"2026-05-12","09:45:31",0,"STABILIZE",12.769,48.97,625.29793,2.79678097630124,16.479,16479,213,NA,NA,NA,NA,31.6616351604462,-41.748489677906,NA,NA,3.01999998092651,-14.7196865081787,-16.2912072289644,"NEDz",290.975426474361,0.239402547478676,5.26212117888711,19.984898278324,0,14.7196865081787,0
1670,"0",27.83,"2026-05-12","09:45:32",0,"STABILIZE",12.769,48.97,625.29793,2.79678097630124,16.479,16479,213,NA,NA,NA,NA,31.6616351604462,-41.748489677906,NA,NA,3.01999998092651,-14.7196865081787,-16.29091722119,"NEDz",207.721473633372,0.239402547478676,5.26212117888711,19.984898278324,0,14.7196865081787,0
1671,"0",27.85,"2026-05-12","09:45:33",0,"STABILIZE",12.769,48.97,625.29793,2.79678097630124,16.479,16479,213,NA,NA,NA,NA,31.6616351604462,-41.748489677906,NA,NA,3.01999998092651,-14.7196865081787,-16.2906279547923,"NEDz",124.467520792383,0.239402547478676,5.26212117888711,19.984898278324,0,14.7196865081787,0
1672,"0",27.87,"2026-05-12","09:45:34",0,"STABILIZE",12.769,48.97,625.29793,2.79678097630124,16.479,16479,213,NA,NA,NA,NA,31.6616351604462,-41.748489677906,NA,NA,3.07999992370605,-14.7196865081787,-16.3503395336035,"NEDz",124.467520792383,0.239402547478676,5.36666653373025,20.7868878590748,0,14.7196865081787,0
1673,"0",27.88,"2026-05-12","09:45:35",0,"STABILIZE",12.769,48.97,625.29793,2.79678097630124,16.479,16479,213,NA,NA,NA,NA,31.6616351604462,-41.748489677906,NA,NA,3.07999992370605,-14.7196865081787,-16.3500522331172,"NEDz",124.467520792383,0.239402547478676,5.36666653373025,20.7868878590748,0,14.7196865081787,0
1674,"0",27.9,"2026-05-12","09:45:36",0,"STABILIZE",12.769,48.97,625.29793,2.79678097630124,16.479,16479,213,NA,NA,NA,NA,31.6616351604462,-41.748489677906,NA,NA,3.07999992370605,-14.7196865081787,-16.3497661571658,"NEDz",124.467520792383,0.239402547478676,5.36666653373025,20.7868878590748,0,14.7196865081787,0
1675,"0",27.92,"2026-05-12","09:45:37",0,"STABILIZE",12.769,48.97,625.29793,2.79678097630124,16.479,16479,213,NA,NA,NA,NA,31.6616351604462,-41.748489677906,NA,NA,3.07999992370605,-14.7196865081787,-16.3494814668021,"NEDz",124.467520792383,0.239402547478676,5.36666653373025,20.7868878590748,0,14.7196865081787,0
1676,"0",27.93,"2026-05-12","09:45:38",0,"STABILIZE",12.769,48.97,625.29793,2.79678097630124,16.479,16479,213,NA,NA,NA,NA,31.6616351604462,-41.748489677906,NA,NA,3.07999992370605,-14.7196865081787,-16.3491983230786,"NEDz",124.467520792383,0.239402547478676,5.36666653373025,20.7868878590748,0,14.7196865081787,0
1677,"0",27.95,"2026-05-12","09:45:39",0,"STABILIZE",12.769,48.97,625.29793,2.79678097630124,16.479,16479,213,NA,NA,NA,NA,31.6616351604462,-41.748489677906,NA,NA,3.07999992370605,-14.7196865081787,-16.3489168870481,"NEDz",124.467520792383,0.239402547478676,5.36666653373025,20.7868878590748,0,14.7196865081787,0
1678,"0",27.97,"2026-05-12","09:45:40",0,"STABILIZE",12.769,48.97,625.29793,2.79678097630124,16.479,16479,213,NA,NA,NA,NA,31.6616351604462,-41.748489677906,NA,NA,3.07999992370605,-14.7196865081787,-16.3486373197634,"NEDz",124.467520792383,0.239402547478676,5.36666653373025,20.7868878590748,0,14.7196865081787,0
1679,"0",27.98,"2026-05-12","09:45:41",0,"STABILIZE",12.769,48.97,625.29793,2.79678097630124,16.479,16479,213,NA,NA,NA,NA,31.6616351604462,-41.748489677906,NA,NA,3.07999992370605,-14.7196865081787,-16.3483597822773,"NEDz",124.467520792383,0.239402547478676,5.36666653373025,20.7868878590748,0,14.7196865081787,0
1680,"0",28,"2026-05-12","09:45:42",0,"STABILIZE",12.769,48.97,625.29793,2.79678097630124,16.479,16479,213,NA,NA,NA,NA,31.6616351604462,-41.748489677906,NA,NA,3.07999992370605,-14.7196865081787,-16.3480844356423,"NEDz",124.467520792383,0.239402547478676,5.36666653373025,20.7868878590748,0,14.7196865081787,0
1681,"0",28.02,"2026-05-12","09:45:43",0,"STABILIZE",12.769,48.97,625.29793,2.79678097630124,16.479,16479,213,NA,NA,NA,NA,31.6616351604462,-41.748489677906,NA,NA,3.07999992370605,-14.7196865081787,-16.3478114409113,"NEDz",124.467520792383,0.239402547478676,5.36666653373025,20.7868878590748,0,14.7196865081787,0
1682,"0",28.03,"2026-05-12","09:45:44",0,"STABILIZE",12.769,48.97,625.29793,2.79678097630124,16.479,16479,213,NA,NA,NA,NA,31.6616351604462,-41.748489677906,NA,NA,3.07999992370605,-14.7196865081787,-16.347540959137,"NEDz",124.467520792383,0.239402547478676,5.36666653373025,20.7868878590748,0,14.7196865081787,0
1683,"0",28.05,"2026-05-12","09:45:45",0,"STABILIZE",12.769,48.97,625.29793,2.79678097630124,16.479,16479,213,NA,NA,NA,NA,31.6616351604462,-41.748489677906,NA,NA,3.07999992370605,-14.7196865081787,-16.3472731513721,"NEDz",124.467520792383,0.239402547478676,5.36666653373025,20.7868878590748,0,14.7196865081787,0
1684,"0",28.07,"2026-05-12","09:45:46",0,"STABILIZE",12.769,48.97,625.29793,2.79678097630124,16.479,16479,213,NA,NA,NA,NA,31.6616351604462,-41.748489677906,NA,NA,3.07999992370605,-14.7196865081787,-16.3470081786694,"NEDz",124.467520792383,0.239402547478676,5.36666653373025,20.7868878590748,0,14.7196865081787,0
1685,"0",28.08,"2026-05-12","09:45:47",0,"STABILIZE",12.769,48.97,625.29793,2.79678097630124,16.479,16479,213,NA,NA,NA,NA,31.6616351604462,-41.748489677906,NA,NA,3.07999992370605,-14.7196865081787,-16.3467462020815,"NEDz",124.467520792383,0.239402547478676,5.36666653373025,20.7868878590748,0,14.7196865081787,0
1686,"0",28.1,"2026-05-12","09:45:48",0,"STABILIZE",12.769,48.97,625.29793,2.79678097630124,16.479,16479,213,NA,NA,NA,NA,31.6616351604462,-41.748489677906,NA,NA,3.07999992370605,-14.7196865081787,-16.3464873826612,"NEDz",124.467520792383,0.239402547478676,5.36666653373025,20.7868878590748,0,14.7196865081787,0
1687,"0",28.12,"2026-05-12","09:45:49",0,"STABILIZE",12.769,48.97,625.29793,2.79678097630124,16.479,16479,213,NA,NA,NA,NA,31.6616351604462,-41.748489677906,NA,NA,2.84999990463257,-14.7196865081787,-16.1162318623878,"NEDz",124.467520792383,0.239402547478676,4.96590892473857,17.9141845489297,0,14.7196865081787,0
1688,"0",28.13,"2026-05-12","09:45:50",0,"STABILIZE",12.769,48.97,625.29793,2.79678097630124,16.479,16479,213,NA,NA,NA,NA,31.6616351604462,-41.748489677906,NA,NA,2.61999988555908,-14.7196865081787,-15.8859798213875,"NEDz",124.467520792383,0.239402547478676,4.56515131574688,15.0414812387847,0,14.7196865081787,0
1689,"0",28.15,"2026-05-12","09:45:51",0,"STABILIZE",12.769,48.97,625.29793,2.79678097630124,16.479,16479,213,NA,NA,NA,NA,31.6616351604462,-41.748489677906,NA,NA,2.61999988555908,-14.7196865081787,-15.8857314397864,"NEDz",124.467520792383,0.239402547478676,4.56515131574688,15.0414812387847,0,14.7196865081787,0
1690,"0",28.17,"2026-05-12","09:45:52",0,"STABILIZE",12.769,48.97,625.29793,2.79678097630124,16.479,16479,213,NA,NA,NA,NA,31.6616351604462,-41.748489677906,NA,NA,2.61999988555908,-14.7196865081787,-15.8854868595639,"NEDz",124.467520792383,0.239402547478676,4.56515131574688,15.0414812387847,0,14.7196865081787,0
1691,"0",28.18,"2026-05-12","09:45:53",0,"STABILIZE",12.769,48.97,625.29793,2.79678097630124,16.479,16479,213,NA,NA,NA,NA,31.6616351604462,-41.748489677906,NA,NA,2.61999988555908,-14.7196865081787,-15.8852462417726,"NEDz",124.467520792383,0.239402547478676,4.56515131574688,15.0414812387847,0,14.7196865081787,0
1692,"0",28.2,"2026-05-12","09:45:54",0,"STABILIZE",12.769,48.97,625.29793,2.79678097630124,16.479,16479,213,NA,NA,NA,NA,31.6616351604462,-41.748489677906,NA,NA,2.61999988555908,-14.7196865081787,-15.8850097474652,"NEDz",124.467520792383,0.239402547478676,4.56515131574688,15.0414812387847,0,14.7196865081787,0
1693,"0",28.22,"2026-05-12","09:45:55",0,"STABILIZE",12.769,48.97,625.29793,2.79678097630124,16.479,16479,213,NA,NA,NA,NA,31.6616351604462,-41.748489677906,NA,NA,2.61999988555908,-14.7196865081787,-15.8847775376946,"NEDz",124.467520792383,0.239402547478676,4.56515131574688,15.0414812387847,0,14.7196865081787,0
1694,"0",28.23,"2026-05-12","09:45:56",0,"STABILIZE",12.769,48.97,625.29793,2.79678097630124,16.479,16479,213,NA,NA,NA,NA,31.6616351604462,-41.748489677906,NA,NA,2.61999988555908,-14.7196865081787,-15.8845497735135,"NEDz",124.467520792383,0.239402547478676,4.56515131574688,15.0414812387847,0,14.7196865081787,0
1695,"0",28.25,"2026-05-12","09:45:57",0,"STABILIZE",12.769,48.97,625.29793,2.79678097630124,16.479,16479,213,NA,NA,NA,NA,31.6616351604462,-41.748489677906,NA,NA,2.61999988555908,-14.7196865081787,-15.8843266159745,"NEDz",124.467520792383,0.239402547478676,4.56515131574688,15.0414812387847,0,14.7196865081787,0
1696,"0",28.27,"2026-05-12","09:45:58",0,"STABILIZE",12.769,48.97,625.29793,2.79678097630124,16.479,16479,213,NA,NA,NA,NA,31.6616351604462,-41.748489677906,NA,NA,2.61999988555908,-14.7196865081787,-15.8841082261304,"NEDz",124.467520792383,0.239402547478676,4.56515131574688,15.0414812387847,0,14.7196865081787,0
1697,"0",28.28,"2026-05-12","09:45:59",0,"STABILIZE",12.769,48.97,625.29793,2.79678097630124,16.479,16479,213,NA,NA,NA,NA,31.6616351604462,-41.748489677906,NA,NA,2.61999988555908,-14.7196865081787,-15.8838947650339,"NEDz",124.467520792383,0.239402547478676,4.56515131574688,15.0414812387847,0,14.7196865081787,0
1698,"0",28.3,"2026-05-12","09:46:00",0,"STABILIZE",12.769,48.97,625.29793,2.79678097630124,16.479,16479,213,NA,NA,NA,NA,31.6616351604462,-41.748489677906,NA,NA,2.61999988555908,-14.7196865081787,-15.8836863937378,"NEDz",124.467520792383,0.239402547478676,4.56515131574688,15.0414812387847,0,14.7196865081787,0
1699,"0",28.32,"2026-05-12","09:46:01",0,"STABILIZE",12.769,48.97,625.29793,2.79678097630124,16.479,16479,213,NA,NA,NA,NA,31.6616351604462,-41.748489677906,NA,NA,2.61999988555908,-14.7196865081787,-15.8834832320768,"NEDz",124.467520792383,0.239402547478676,4.56515131574688,15.0414812387847,0,14.7196865081787,0
1700,"0",28.33,"2026-05-12","09:46:02",0,"STABILIZE",12.769,48.97,625.29793,2.79678097630124,16.479,16479,213,NA,NA,NA,NA,31.6616351604462,-41.748489677906,NA,NA,2.61999988555908,-14.7196865081787,-15.8832852350142,"NEDz",124.467520792383,0.239402547478676,4.56515131574688,15.0414812387847,0,14.7196865081787,0
1701,"0",28.35,"2026-05-12","09:46:03",0,"STABILIZE",12.769,48.97,625.29793,2.79678097630124,16.479,16479,213,NA,NA,NA,NA,31.6616351604462,-41.748489677906,NA,NA,2.61999988555908,-14.7196865081787,-15.883092316295,"NEDz",124.467520792383,0.239402547478676,4.56515131574688,15.0414812387847,0,14.7196865081787,0
1702,"0",28.37,"2026-05-12","09:46:04",0,"STABILIZE",12.769,48.97,625.29793,2.79678097630124,16.479,16479,213,NA,NA,NA,NA,31.6616351604462,-41.748489677906,NA,NA,2.61999988555908,-14.7196865081787,-15.8829043896645,"NEDz",124.467520792383,0.239402547478676,4.56515131574688,15.0414812387847,0,14.7196865081787,0
1703,"0",28.38,"2026-05-12","09:46:05",0,"STABILIZE",12.769,48.97,625.29793,2.79678097630124,16.479,16479,213,NA,NA,NA,NA,31.6616351604462,-41.748489677906,NA,NA,2.61999988555908,-14.7196865081787,-15.8827213688679,"NEDz",124.467520792383,0.239402547478676,4.56515131574688,15.0414812387847,0,14.7196865081787,0
1704,"0",28.4,"2026-05-12","09:46:06",0,"STABILIZE",12.769,48.97,625.29793,2.79678097630124,16.479,16479,213,NA,NA,NA,NA,31.6616351604462,-41.748489677906,NA,NA,2.61999988555908,-14.7196865081787,-15.8825431676503,"NEDz",124.467520792383,0.239402547478676,4.56515131574688,15.0414812387847,0,14.7196865081787,0
1705,"0",28.42,"2026-05-12","09:46:07",0,"STABILIZE",12.769,48.97,625.29793,2.79678097630124,16.479,16479,213,NA,NA,NA,NA,31.6616351604462,-41.748489677906,NA,NA,2.61999988555908,-14.7196865081787,-15.8823696997571,"NEDz",124.467520792383,0.239402547478676,4.56515131574688,15.0414812387847,0,14.7196865081787,0
1706,"0",28.43,"2026-05-12","09:46:08",0,"STABILIZE",12.769,48.97,625.29793,2.79678097630124,16.479,16479,213,NA,NA,NA,NA,31.6616351604462,-41.748489677906,NA,NA,2.61999988555908,-14.7196865081787,-15.8822008789333,"NEDz",124.467520792383,0.239402547478676,4.56515131574688,15.0414812387847,0,14.7196865081787,0
1707,"0",28.45,"2026-05-12","09:46:09",0,"STABILIZE",12.769,48.97,625.29793,2.79678097630124,16.479,16479,213,NA,NA,NA,NA,31.6616351604462,-41.748489677906,NA,NA,2.61999988555908,-14.7196865081787,-15.8820366189242,"NEDz",124.467520792383,0.239402547478676,4.56515131574688,15.0414812387847,0,14.7196865081787,0
1708,"0",28.47,"2026-05-12","09:46:10",0,"STABILIZE",12.769,48.97,625.29793,2.79678097630124,16.479,16479,213,NA,NA,NA,NA,31.6616351604462,-41.748489677906,NA,NA,2.61999988555908,-14.7196865081787,-15.881876833475,"NEDz",124.467520792383,0.239402547478676,4.56515131574688,15.0414812387847,0,14.7196865081787,0
1709,"0",28.48,"2026-05-12","09:46:11",0,"STABILIZE",12.769,48.97,625.29793,2.79678097630124,16.479,16479,213,NA,NA,NA,NA,31.6616351604462,-41.748489677906,NA,NA,2.61999988555908,-14.7196865081787,-15.8817214363308,"NEDz",114.072830064364,0.239402547478676,4.56515131574688,15.0414812387847,0,14.7196865081787,0
1710,"0",28.5,"2026-05-12","09:46:12",0,"STABILIZE",12.769,48.97,625.29793,2.79678097630124,16.479,16479,213,NA,NA,NA,NA,31.6616351604462,-41.748489677906,NA,NA,2.61999988555908,-14.7196865081787,-15.8815703412369,"NEDz",103.678139336346,0.239402547478676,4.56515131574688,15.0414812387847,0,14.7196865081787,0
1711,"0",28.52,"2026-05-12","09:46:13",0,"STABILIZE",12.769,48.97,625.29793,2.79678097630124,16.479,16479,213,NA,NA,NA,NA,31.6616351604462,-41.748489677906,NA,NA,2.61999988555908,-14.7196865081787,-15.8814234619385,"NEDz",103.678139336346,0.239402547478676,4.56515131574688,15.0414812387847,0,14.7196865081787,0
1712,"0",28.53,"2026-05-12","09:46:14",0,"STABILIZE",12.769,48.97,625.29793,2.79678097630124,16.479,16479,213,NA,NA,NA,NA,31.6616351604462,-41.748489677906,NA,NA,2.61999988555908,-14.7196865081787,-15.8812807121807,"NEDz",103.678139336346,0.239402547478676,4.56515131574688,15.0414812387847,0,14.7196865081787,0
1713,"0",28.55,"2026-05-12","09:46:15",0,"STABILIZE",12.769,48.97,625.29793,2.79678097630124,16.479,16479,213,NA,NA,NA,NA,31.6616351604462,-41.748489677906,NA,NA,2.61999988555908,-14.7196865081787,-15.8811420057088,"NEDz",103.678139336346,0.239402547478676,4.56515131574688,15.0414812387847,0,14.7196865081787,0
1714,"0",28.57,"2026-05-12","09:46:16",0,"STABILIZE",12.769,48.97,625.29793,2.79678097630124,16.479,16479,213,NA,NA,NA,NA,31.6616351604462,-41.748489677906,NA,NA,2.61999988555908,-14.7196865081787,-15.881007256268,"NEDz",103.678139336346,0.239402547478676,4.56515131574688,15.0414812387847,0,14.7196865081787,0
1715,"0",28.58,"2026-05-12","09:46:17",0,"STABILIZE",12.769,48.97,625.29793,2.79678097630124,16.479,16479,213,NA,NA,NA,NA,31.6616351604462,-41.748489677906,NA,NA,2.61999988555908,-14.7196865081787,-15.8808763776034,"NEDz",103.678139336346,0.239402547478676,4.56515131574688,15.0414812387847,0,14.7196865081787,0
1716,"0",28.6,"2026-05-12","09:46:18",0,"STABILIZE",12.769,48.97,625.29793,2.79678097630124,16.479,16479,213,NA,NA,NA,NA,31.6616351604462,-41.748489677906,NA,NA,2.61999988555908,-14.7196865081787,-15.8807492834603,"NEDz",103.678139336346,0.239402547478676,4.56515131574688,15.0414812387847,0,14.7196865081787,0
1717,"0",28.62,"2026-05-12","09:46:19",0,"STABILIZE",12.769,48.97,625.29793,2.79678097630124,16.479,16479,213,NA,NA,NA,NA,31.6616351604462,-41.748489677906,NA,NA,2.61999988555908,-14.7196865081787,-15.8806258875839,"NEDz",103.678139336346,0.239402547478676,4.56515131574688,15.0414812387847,0,14.7196865081787,0
1718,"0",28.63,"2026-05-12","09:46:20",0,"STABILIZE",12.769,48.97,625.29793,2.79678097630124,16.479,16479,213,NA,NA,NA,NA,31.6616351604462,-41.748489677906,NA,NA,2.61999988555908,-14.7196865081787,-15.8805061037193,"NEDz",103.678139336346,0.239402547478676,4.56515131574688,15.0414812387847,0,14.7196865081787,0
1719,"0",28.65,"2026-05-12","09:46:21",0,"STABILIZE",12.769,48.97,625.29793,2.79678097630124,16.479,16479,213,NA,NA,NA,NA,31.6616351604462,-41.748489677906,NA,NA,2.61999988555908,-14.7196865081787,-15.8803898456117,"NEDz",103.678139336346,0.239402547478676,4.56515131574688,15.0414812387847,0,14.7196865081787,0
1720,"0",28.67,"2026-05-12","09:46:22",0,"STABILIZE",12.769,48.97,625.29793,2.79678097630124,16.479,16479,213,NA,NA,NA,NA,31.6616351604462,-41.748489677906,NA,NA,2.61999988555908,-14.7196865081787,-15.8802770270064,"NEDz",103.678139336346,0.239402547478676,4.56515131574688,15.0414812387847,0,14.7196865081787,0
1721,"0",28.68,"2026-05-12","09:46:23",0,"STABILIZE",12.769,48.97,625.29793,2.79678097630124,16.479,16479,213,NA,NA,NA,NA,31.6616351604462,-41.748489677906,NA,NA,2.61999988555908,-14.7196865081787,-15.8801675616486,"NEDz",103.678139336346,0.239402547478676,4.56515131574688,15.0414812387847,0,14.7196865081787,0
1722,"0",28.7,"2026-05-12","09:46:24",0,"STABILIZE",12.769,48.97,625.29793,2.79678097630124,16.479,16479,213,NA,NA,NA,NA,31.6616351604462,-41.748489677906,NA,NA,2.61999988555908,-14.7196865081787,-15.8800613632834,"NEDz",103.678139336346,0.239402547478676,4.56515131574688,15.0414812387847,0,14.7196865081787,0
1723,"0",28.72,"2026-05-12","09:46:25",0,"STABILIZE",12.769,48.97,625.29793,2.79678097630124,16.479,16479,213,NA,NA,NA,NA,31.6616351604462,-41.748489677906,NA,NA,2.61999988555908,-14.7196865081787,-15.8799583456561,"NEDz",103.678139336346,0.239402547478676,4.56515131574688,15.0414812387847,0,14.7196865081787,0
1724,"0",28.73,"2026-05-12","09:46:26",0,"STABILIZE",12.769,48.97,625.29793,2.79678097630124,16.479,16479,213,NA,NA,NA,NA,31.6616351604462,-41.748489677906,NA,NA,2.61999988555908,-14.7196865081787,-15.8798584225118,"NEDz",103.678139336346,0.239402547478676,4.56515131574688,15.0414812387847,0,14.7196865081787,0
1725,"0",28.75,"2026-05-12","09:46:27",0,"STABILIZE",12.769,48.97,625.29793,2.79678097630124,16.479,16479,213,NA,NA,NA,NA,31.6616351604462,-41.748489677906,NA,NA,2.61999988555908,-14.7196865081787,-15.8797615075958,"NEDz",103.678139336346,0.239402547478676,4.56515131574688,15.0414812387847,0,14.7196865081787,0
1726,"0",28.77,"2026-05-12","09:46:28",0,"STABILIZE",12.769,48.97,625.29793,2.79678097630124,16.479,16479,213,NA,NA,NA,NA,31.6616351604462,-41.748489677906,NA,NA,2.61999988555908,-14.7196865081787,-15.8796675146532,"NEDz",103.678139336346,0.239402547478676,4.56515131574688,15.0414812387847,0,14.7196865081787,0
1727,"0",28.78,"2026-05-12","09:46:29",0,"STABILIZE",12.769,48.97,625.29793,2.79678097630124,16.479,16479,213,NA,NA,NA,NA,31.6616351604462,-41.748489677906,NA,NA,2.61999988555908,-14.7196865081787,-15.8795763574293,"NEDz",103.678139336346,0.239402547478676,4.56515131574688,15.0414812387847,0,14.7196865081787,0
1728,"0",28.8,"2026-05-12","09:46:30",0,"STABILIZE",12.769,48.97,625.29793,2.79678097630124,16.479,16479,213,NA,NA,NA,NA,31.6616351604462,-41.748489677906,NA,NA,2.61999988555908,-14.7196865081787,-15.8794879496692,"NEDz",103.678139336346,0.239402547478676,4.56515131574688,15.0414812387847,0,14.7196865081787,0
1729,"0",28.82,"2026-05-12","09:46:31",0,"STABILIZE",12.769,48.97,625.29793,2.79678097630124,16.479,16479,213,NA,NA,NA,NA,31.6616351604462,-41.748489677906,NA,NA,2.61999988555908,-14.7196865081787,-15.8794022051182,"NEDz",103.678139336346,0.239402547478676,4.56515131574688,15.0414812387847,0,14.7196865081787,0
1730,"0",28.83,"2026-05-12","09:46:32",0,"STABILIZE",12.769,48.97,625.29793,2.79678097630124,16.479,16479,213,NA,NA,NA,NA,31.6616351604462,-41.748489677906,NA,NA,2.61999988555908,-14.7196865081787,-15.8793190375213,"NEDz",103.678139336346,0.239402547478676,4.56515131574688,15.0414812387847,0,14.7196865081787,0
1731,"0",28.85,"2026-05-12","09:46:33",0,"STABILIZE",12.769,48.97,625.29793,2.79678097630124,16.479,16479,213,NA,NA,NA,NA,31.6616351604462,-41.748489677906,NA,NA,2.61999988555908,-14.7196865081787,-15.879238360624,"NEDz",103.678139336346,0.239402547478676,4.56515131574688,15.0414812387847,0,14.7196865081787,0
1732,"0",28.87,"2026-05-12","09:46:34",0,"STABILIZE",12.769,48.97,625.29793,2.79678097630124,16.479,16479,213,NA,NA,NA,NA,31.6616351604462,-41.748489677906,NA,NA,2.61999988555908,-14.7196865081787,-15.8791600881712,"NEDz",103.678139336346,0.239402547478676,4.56515131574688,15.0414812387847,0,14.7196865081787,0
1733,"0",28.88,"2026-05-12","09:46:35",0,"STABILIZE",12.769,48.97,625.29793,2.79678097630124,16.479,16479,213,NA,NA,NA,NA,31.6616351604462,-41.748489677906,NA,NA,2.61999988555908,-14.7196865081787,-15.8790841339083,"NEDz",103.678139336346,0.239402547478676,4.56515131574688,15.0414812387847,0,14.7196865081787,0
1734,"0",28.9,"2026-05-12","09:46:36",0,"STABILIZE",12.769,48.97,625.29793,2.79678097630124,16.479,16479,213,NA,NA,NA,NA,31.6616351604462,-41.748489677906,NA,NA,2.61999988555908,-14.7196865081787,-15.8790104115805,"NEDz",103.678139336346,0.239402547478676,4.56515131574688,15.0414812387847,0,14.7196865081787,0
1735,"0",28.92,"2026-05-12","09:46:37",0,"STABILIZE",12.769,48.97,625.29793,2.79678097630124,16.479,16479,213,NA,NA,NA,NA,31.6616351604462,-41.748489677906,NA,NA,2.61999988555908,-14.7196865081787,-15.8789388349328,"NEDz",103.678139336346,0.239402547478676,4.56515131574688,15.0414812387847,0,14.7196865081787,0
1736,"0",28.93,"2026-05-12","09:46:38",0,"STABILIZE",12.769,48.97,625.29793,2.79678097630124,16.479,16479,213,NA,NA,NA,NA,31.6616351604462,-41.748489677906,NA,NA,2.61999988555908,-14.7196865081787,-15.8788693177106,"NEDz",103.678139336346,0.133399792946875,4.56515131574688,15.0414812387847,0,14.7196865081787,0
1737,"0",28.95,"2026-05-12","09:46:39",0,"STABILIZE",12.769,48.97,625.29793,2.79678097630124,16.479,16479,213,NA,NA,NA,NA,31.6616351604462,-41.748489677906,NA,NA,2.61999988555908,-14.7196865081787,-15.878801773659,"NEDz",103.678139336346,0.0273970384150743,4.56515131574688,15.0414812387847,0,14.7196865081787,0
1738,"0",28.97,"2026-05-12","09:46:40",0,"STABILIZE",12.769,48.97,625.29793,2.79678097630124,16.479,16479,213,NA,NA,NA,NA,31.6616351604462,-41.748489677906,NA,NA,2.61999988555908,-14.7196865081787,-15.8787361165233,"NEDz",103.678139336346,0.0273970384150743,4.56515131574688,15.0414812387847,0,14.7196865081787,0
1739,"0",28.98,"2026-05-12","09:46:41",0,"STABILIZE",12.769,48.97,625.29793,2.79678097630124,16.479,16479,213,NA,NA,NA,NA,31.6616351604462,-41.748489677906,NA,NA,2.61999988555908,-14.7196865081787,-15.8786722600486,"NEDz",103.678139336346,0.0273970384150743,4.56515131574688,15.0414812387847,0,14.7196865081787,0
1740,"0",29,"2026-05-12","09:46:42",0,"STABILIZE",12.769,48.97,625.29793,2.79678097630124,16.479,16479,213,NA,NA,NA,NA,31.6616351604462,-41.748489677906,NA,NA,2.61999988555908,-14.7196865081787,-15.8786101179801,"NEDz",103.678139336346,0.0273970384150743,4.56515131574688,15.0414812387847,0,14.7196865081787,0
1741,"0",29.02,"2026-05-12","09:46:43",0,"STABILIZE",12.769,48.97,625.29793,2.79678097630124,16.479,16479,213,NA,NA,NA,NA,31.6616351604462,-41.748489677906,NA,NA,2.61999988555908,-14.7196865081787,-15.878549604063,"NEDz",103.678139336346,0.0273970384150743,4.56515131574688,15.0414812387847,0,14.7196865081787,0
1742,"0",29.03,"2026-05-12","09:46:44",0,"STABILIZE",12.769,48.97,625.29793,2.79678097630124,16.479,16479,213,NA,NA,NA,NA,31.6616351604462,-41.748489677906,NA,NA,2.61999988555908,-14.7196865081787,-15.8784906320425,"NEDz",103.678139336346,0.0273970384150743,4.56515131574688,15.0414812387847,0,14.7196865081787,0
1743,"0",29.05,"2026-05-12","09:46:45",0,"STABILIZE",12.769,48.97,625.29793,2.79678097630124,16.479,16479,213,NA,NA,NA,NA,31.6616351604462,-41.748489677906,NA,NA,2.61999988555908,-14.7196865081787,-15.8784331156639,"NEDz",103.678139336346,0.0273970384150743,4.56515131574688,15.0414812387847,0,14.7196865081787,0
1744,"0",29.07,"2026-05-12","09:46:46",0,"STABILIZE",12.769,48.97,625.29793,2.79678097630124,16.479,16479,213,NA,NA,NA,NA,31.6616351604462,-41.748489677906,NA,NA,2.61999988555908,-14.7196865081787,-15.8783769686723,"NEDz",103.678139336346,0.0273970384150743,4.56515131574688,15.0414812387847,0,14.7196865081787,0
1745,"0",29.08,"2026-05-12","09:46:47",0,"STABILIZE",12.769,48.97,625.29793,2.79678097630124,16.479,16479,213,NA,NA,NA,NA,31.6616351604462,-41.748489677906,NA,NA,2.61999988555908,-14.7196865081787,-15.8783221048129,"NEDz",103.678139336346,0.0273970384150743,4.56515131574688,15.0414812387847,0,14.7196865081787,0
1746,"0",29.1,"2026-05-12","09:46:48",0,"STABILIZE",12.769,48.97,625.29793,2.79678097630124,16.479,16479,213,NA,NA,NA,NA,31.6616351604462,-41.748489677906,NA,NA,2.61999988555908,-14.7196865081787,-15.8782684378309,"NEDz",103.678139336346,0.0273970384150743,4.56515131574688,15.0414812387847,0,14.7196865081787,0
1747,"0",29.12,"2026-05-12","09:46:49",0,"STABILIZE",12.769,48.97,625.29793,2.79678097630124,16.479,16479,213,NA,NA,NA,NA,31.6616351604462,-41.748489677906,NA,NA,2.61999988555908,-14.7196865081787,-15.8782158814715,"NEDz",103.678139336346,0.0273970384150743,4.56515131574688,15.0414812387847,0,14.7196865081787,0
1748,"0",29.13,"2026-05-12","09:46:50",0,"STABILIZE",12.769,48.97,625.29793,2.79678097630124,16.479,16479,213,NA,NA,NA,NA,31.6616351604462,-41.748489677906,NA,NA,2.61999988555908,-14.7196865081787,-15.87816434948,"NEDz",103.678139336346,0.0273970384150743,4.56515131574688,15.0414812387847,0,14.7196865081787,0
1749,"0",29.15,"2026-05-12","09:46:51",0,"STABILIZE",12.769,48.97,625.29793,2.79678097630124,16.479,16479,213,NA,NA,NA,NA,31.6616351604462,-41.748489677906,NA,NA,2.61999988555908,-14.7196865081787,-15.8781137556014,"NEDz",103.678139336346,0.0273970384150743,4.56515131574688,15.0414812387847,0,14.7196865081787,0
1750,"0",29.17,"2026-05-12","09:46:52",0,"STABILIZE",12.769,48.97,625.29793,2.79678097630124,16.479,16479,213,NA,NA,NA,NA,31.6616351604462,-41.748489677906,NA,NA,2.61999988555908,-14.7196865081787,-15.8780640135811,"NEDz",103.678139336346,0.0273970384150743,4.56515131574688,15.0414812387847,0,14.7196865081787,0
1751,"0",29.18,"2026-05-12","09:46:53",0,"STABILIZE",12.769,48.97,625.29793,2.79678097630124,16.479,16479,213,NA,NA,NA,NA,31.6616351604462,-41.748489677906,NA,NA,2.61999988555908,-14.7196865081787,-15.8780150371642,"NEDz",103.678139336346,0.0273970384150743,4.56515131574688,15.0414812387847,0,14.7196865081787,0
1752,"0",29.2,"2026-05-12","09:46:54",0,"STABILIZE",12.769,48.97,625.29793,2.79678097630124,16.479,16479,213,NA,NA,NA,NA,31.6616351604462,-41.748489677906,NA,NA,2.61999988555908,-14.7196865081787,-15.8779667400959,"NEDz",103.715824905091,0.0273970384150743,4.56515131574688,15.0414812387847,0,14.7196865081787,0
1753,"0",29.22,"2026-05-12","09:46:55",0,"STABILIZE",12.769,48.97,625.29793,2.79678097630124,16.479,16479,213,NA,NA,NA,NA,31.6616351604462,-41.748489677906,NA,NA,2.61999988555908,-14.7196865081787,-15.8779190361213,"NEDz",103.753510473837,0.0273970384150743,4.56515131574688,15.0414812387847,0,14.7196865081787,0
1754,"0",29.23,"2026-05-12","09:46:56",0,"STABILIZE",12.769,48.97,625.29793,2.79678097630124,16.479,16479,213,NA,NA,NA,NA,31.6616351604462,-41.748489677906,NA,NA,2.61999988555908,-14.7196865081787,-15.8778718389858,"NEDz",103.753510473837,0.0273970384150743,4.56515131574688,15.0414812387847,0,14.7196865081787,0
1755,"0",29.25,"2026-05-12","09:46:57",0,"STABILIZE",12.769,48.97,625.29793,2.79678097630124,16.479,16479,213,NA,NA,NA,NA,31.6616351604462,-41.748489677906,NA,NA,2.61999988555908,-14.7196865081787,-15.8778250624345,"NEDz",103.753510473837,0.0273970384150743,4.56515131574688,15.0414812387847,0,14.7196865081787,0
1756,"0",29.27,"2026-05-12","09:46:58",0,"STABILIZE",12.769,48.97,625.29793,2.79678097630124,16.479,16479,213,NA,NA,NA,NA,31.6616351604462,-41.748489677906,NA,NA,14.1899995803833,-14.7196865081787,-27.4477783150368,"NEDz",103.753510473837,0.0273970384150743,24.7249992688497,441.217598905246,0,14.7196865081787,0
1757,"0",29.28,"2026-05-12","09:46:59",0,"STABILIZE",12.769,48.97,625.29793,2.79678097630124,16.479,16479,213,NA,NA,NA,NA,31.6616351604462,-41.748489677906,NA,NA,14.1899995803833,-14.7196865081787,-27.4477321208895,"NEDz",103.753510473837,0.0273970384150743,24.7249992688497,441.217598905246,0,14.7196865081787,0
1758,"0",29.3,"2026-05-12","09:47:00",0,"STABILIZE",12.769,48.97,625.29793,2.79678097630124,19.503,19503,251.833333333333,NA,NA,NA,NA,31.6616351604462,-41.748489677906,NA,NA,14.1899995803833,-14.7196865081787,-27.447686088562,"NEDz",103.753510473837,0.0273970384150743,24.7249992688497,441.217598905246,0,14.7196865081787,0
1759,"0",29.32,"2026-05-12","09:47:01",0,"STABILIZE",12.769,48.97,625.29793,2.79678097630124,19.503,19503,251.833333333333,NA,NA,NA,NA,31.6616351604462,-41.748489677906,NA,NA,14.1899995803833,-14.7196865081787,-27.4476401397993,"NEDz",103.753510473837,0.0273970384150743,24.7249992688497,441.217598905246,0,14.7196865081787,0
1760,"0",29.33,"2026-05-12","09:47:02",0,"STABILIZE",12.769,48.97,625.29793,2.79678097630124,19.503,19503,251.833333333333,NA,NA,NA,NA,31.6616351604462,-41.748489677906,NA,NA,14.1899995803833,-14.7196865081787,-27.4475942283459,"NEDz",103.753510473837,0.0273970384150743,24.7249992688497,441.217598905246,0,14.7196865081787,0
1761,"0",29.35,"2026-05-12","09:47:03",0,"STABILIZE",12.769,48.97,625.29793,2.79678097630124,19.503,19503,251.833333333333,NA,NA,NA,NA,31.6616351604462,-41.748489677906,NA,NA,14.1899995803833,-14.7196865081787,-27.447548315946,"NEDz",103.753510473837,0.0273970384150743,24.7249992688497,441.217598905246,0,14.7196865081787,0
1762,"0",29.37,"2026-05-12","09:47:04",0,"STABILIZE",12.769,48.97,625.29793,2.79678097630124,19.503,19503,251.833333333333,NA,NA,NA,NA,31.6616351604462,-41.748489677906,NA,NA,14.1899995803833,-14.7196865081787,-27.4475023643438,"NEDz",103.753510473837,0.0273970384150743,24.7249992688497,441.217598905246,0,14.7196865081787,0
1763,"0",29.38,"2026-05-12","09:47:05",0,"STABILIZE",12.769,48.97,625.29793,2.79678097630124,19.503,19503,251.833333333333,NA,NA,NA,NA,31.6616351604462,-41.748489677906,NA,NA,14.1899995803833,-14.7196865081787,-27.4474563352837,"NEDz",103.753510473837,0.0273970384150743,24.7249992688497,441.217598905246,0,14.7196865081787,0
1764,"0",29.4,"2026-05-12","09:47:06",0,"STABILIZE",12.769,48.97,625.29793,2.79678097630124,19.503,19503,251.833333333333,NA,NA,NA,NA,31.6616351604462,-41.748489677906,NA,NA,14.1899995803833,-14.7196865081787,-27.4474101905098,"NEDz",103.753510473837,0.0273970384150743,24.7249992688497,441.217598905246,0,14.7196865081787,0
1765,"0",29.42,"2026-05-12","09:47:07",0,"STABILIZE",12.769,48.97,625.29793,2.79678097630124,19.503,19503,251.833333333333,NA,NA,NA,NA,31.6616351604462,-41.748489677906,NA,NA,14.1899995803833,-14.7196865081787,-27.4473638917665,"NEDz",103.753510473837,0.0273970384150743,24.7249992688497,441.217598905246,0,14.7196865081787,0
1766,"0",29.43,"2026-05-12","09:47:08",0,"STABILIZE",12.769,48.97,625.29793,2.79678097630124,19.503,19503,251.833333333333,NA,NA,NA,NA,31.6616351604462,-41.748489677906,NA,NA,14.1899995803833,-14.7196865081787,-27.4473174007979,"NEDz",103.753510473837,0.0273970384150743,24.7249992688497,441.217598905246,0,14.7196865081787,0
1767,"0",29.45,"2026-05-12","09:47:09",0,"STABILIZE",12.769,48.97,625.29793,2.79678097630124,19.503,19503,251.833333333333,NA,NA,NA,NA,31.6616351604462,-41.748489677906,NA,NA,14.1899995803833,-14.7196865081787,-27.4472706793483,"NEDz",103.753510473837,0.0273970384150743,24.7249992688497,441.217598905246,0,14.7196865081787,0
1768,"0",29.47,"2026-05-12","09:47:10",0,"STABILIZE",12.769,48.97,625.29793,2.79678097630124,19.503,19503,251.833333333333,NA,NA,NA,NA,31.6616351604462,-41.748489677906,NA,NA,14.1899995803833,-14.7196865081787,-27.4472236891621,"NEDz",103.753510473837,0.0273970384150743,24.7249992688497,441.217598905246,0,14.7196865081787,0
1769,"0",29.48,"2026-05-12","09:47:11",0,"STABILIZE",12.769,48.97,625.29793,2.79678097630124,19.503,19503,251.833333333333,NA,NA,NA,NA,31.6616351604462,-41.748489677906,NA,NA,14.1899995803833,-14.7196865081787,-27.4471763919834,"NEDz",103.753510473837,0.0273970384150743,24.7249992688497,441.217598905246,0,14.7196865081787,0
1770,"0",29.5,"2026-05-12","09:47:12",0,"STABILIZE",12.769,48.97,625.29793,2.79678097630124,19.503,19503,251.833333333333,NA,NA,NA,NA,31.6616351604462,-41.748489677906,NA,NA,14.1899995803833,-14.7196865081787,-27.4471287495564,"NEDz",103.753510473837,0.0273970384150743,24.7249992688497,441.217598905246,0,14.7196865081787,0
1771,"0",29.52,"2026-05-12","09:47:13",0,"STABILIZE",12.769,48.97,625.29793,2.79678097630124,19.503,19503,251.833333333333,NA,NA,NA,NA,31.6616351604462,-41.748489677906,NA,NA,14.1899995803833,-14.7196865081787,-27.4470807236256,"NEDz",103.753510473837,0.0273970384150743,24.7249992688497,441.217598905246,0,14.7196865081787,0
1772,"0",29.53,"2026-05-12","09:47:14",0,"STABILIZE",12.769,48.97,625.29793,2.79678097630124,19.503,19503,251.833333333333,NA,NA,NA,NA,31.6616351604462,-41.748489677906,NA,NA,14.1899995803833,-14.7196865081787,-27.447032275935,"NEDz",103.753510473837,0.0273970384150743,24.7249992688497,441.217598905246,0,14.7196865081787,0
1773,"0",29.55,"2026-05-12","09:47:15",0,"STABILIZE",12.769,48.97,625.29793,2.79678097630124,19.503,19503,251.833333333333,NA,NA,NA,NA,31.6616351604462,-41.748489677906,NA,NA,14.1899995803833,-14.7196865081787,-27.446983368229,"NEDz",103.753510473837,0.0273970384150743,24.7249992688497,441.217598905246,0,14.7196865081787,0
1774,"0",29.57,"2026-05-12","09:47:16",0,"STABILIZE",12.769,48.97,625.29793,2.79678097630124,19.503,19503,251.833333333333,NA,NA,NA,NA,31.6616351604462,-41.748489677906,NA,NA,14.1899995803833,-14.7196865081787,-27.4469339622518,"NEDz",103.753510473837,0.0273970384150743,24.7249992688497,441.217598905246,0,14.7196865081787,0
1775,"0",29.58,"2026-05-12","09:47:17",0,"STABILIZE",12.769,48.97,625.29793,2.79678097630124,19.503,19503,251.833333333333,NA,NA,NA,NA,31.6616351604462,-41.748489677906,NA,NA,14.1899995803833,-14.7196865081787,-27.4468840197476,"NEDz",103.753510473837,0.0273970384150743,24.7249992688497,441.217598905246,0,14.7196865081787,0
1776,"0",29.6,"2026-05-12","09:47:18",0,"STABILIZE",12.769,48.97,625.29793,2.79678097630124,19.503,19503,251.833333333333,NA,NA,NA,NA,31.6616351604462,-41.748489677906,NA,NA,14.1899995803833,-14.7196865081787,-27.4468335024608,"NEDz",103.753510473837,0.490884929895401,24.7249992688497,441.217598905246,0,14.7196865081787,0
1777,"0",29.62,"2026-05-12","09:47:19",0,"STABILIZE",12.769,48.97,625.29793,2.79678097630124,19.503,19503,251.833333333333,NA,NA,NA,NA,31.6616351604462,-41.748489677906,NA,NA,14.1899995803833,-14.7196865081787,-27.4467823721356,"NEDz",103.753510473837,0.490884929895401,24.7249992688497,441.217598905246,0,14.7196865081787,0
1778,"0",29.63,"2026-05-12","09:47:20",0,"STABILIZE",12.769,48.97,625.29793,2.79678097630124,19.503,19503,251.833333333333,NA,NA,NA,NA,31.6616351604462,-41.748489677906,NA,NA,14.1899995803833,-14.7196865081787,-27.4467305905162,"NEDz",103.753510473837,0.490884929895401,24.7249992688497,441.217598905246,0,14.7196865081787,0
1779,"0",29.65,"2026-05-12","09:47:21",0,"STABILIZE",12.769,48.97,625.29793,2.79678097630124,19.503,19503,251.833333333333,NA,NA,NA,NA,31.6616351604462,-41.748489677906,NA,NA,14.1899995803833,-14.7196865081787,-27.4466781193469,"NEDz",103.753510473837,0.490884929895401,24.7249992688497,441.217598905246,0,14.7196865081787,0
1780,"0",29.67,"2026-05-12","09:47:22",0,"STABILIZE",12.769,48.97,625.29793,2.79678097630124,19.503,19503,251.833333333333,NA,NA,NA,NA,31.6616351604462,-41.748489677906,NA,NA,14.1899995803833,-14.7196865081787,-27.4466249203719,"NEDz",103.753510473837,0.490884929895401,24.7249992688497,441.217598905246,0,14.7196865081787,0
1781,"0",29.68,"2026-05-12","09:47:23",0,"STABILIZE",12.769,48.97,625.29793,2.79678097630124,19.503,19503,251.833333333333,NA,NA,NA,NA,31.6616351604462,-41.748489677906,NA,NA,14.1899995803833,-14.7196865081787,-27.4465709553355,"NEDz",103.753510473837,0.490884929895401,24.7249992688497,441.217598905246,0,14.7196865081787,0
1782,"0",29.7,"2026-05-12","09:47:24",0,"STABILIZE",12.769,48.97,625.29793,2.79678097630124,19.503,19503,251.833333333333,NA,NA,NA,NA,31.6616351604462,-41.748489677906,NA,NA,14.1899995803833,-14.7196865081787,-27.4465161859819,"NEDz",103.753510473837,0.490884929895401,24.7249992688497,441.217598905246,0,14.7196865081787,0
1783,"0",29.72,"2026-05-12","09:47:25",0,"STABILIZE",12.769,48.97,625.29793,2.79678097630124,19.503,19503,251.833333333333,NA,NA,NA,NA,31.6616351604462,-41.748489677906,NA,NA,14.1899995803833,-14.7196865081787,-27.4464605740555,"NEDz",103.753510473837,0.490884929895401,24.7249992688497,441.217598905246,0,14.7196865081787,0
1784,"0",29.73,"2026-05-12","09:47:26",0,"STABILIZE",12.769,48.97,625.29793,2.79678097630124,19.503,19503,251.833333333333,NA,NA,NA,NA,31.6616351604462,-41.748489677906,NA,NA,14.1899995803833,-14.7196865081787,-27.4464040813004,"NEDz",103.753510473837,0.490884929895401,24.7249992688497,441.217598905246,0,14.7196865081787,0
1785,"0",29.75,"2026-05-12","09:47:27",0,"STABILIZE",12.769,48.97,625.29793,2.79678097630124,19.503,19503,251.833333333333,NA,NA,NA,NA,31.6616351604462,-41.748489677906,NA,NA,14.1899995803833,-14.7196865081787,-27.446346669461,"NEDz",103.753510473837,0.490884929895401,24.7249992688497,441.217598905246,0,14.7196865081787,0
1786,"0",29.77,"2026-05-12","09:47:28",0,"STABILIZE",12.769,48.97,625.29793,2.79678097630124,19.503,19503,251.833333333333,NA,NA,NA,NA,31.6616351604462,-41.748489677906,NA,NA,14.1899995803833,-14.7196865081787,-27.4462883002814,"NEDz",103.753510473837,0.490884929895401,24.7249992688497,441.217598905246,0,14.7196865081787,0
1787,"0",29.78,"2026-05-12","09:47:29",0,"STABILIZE",12.769,48.97,625.29793,2.79678097630124,19.503,19503,251.833333333333,NA,NA,NA,NA,31.6616351604462,-41.748489677906,NA,NA,14.1899995803833,-14.7196865081787,-27.4462289355059,"NEDz",103.753510473837,0.490884929895401,24.7249992688497,441.217598905246,0,14.7196865081787,0
1788,"0",29.8,"2026-05-12","09:47:30",0,"STABILIZE",12.769,48.97,625.29793,2.79678097630124,19.503,19503,251.833333333333,NA,NA,NA,NA,31.6616351604462,-41.748489677906,NA,NA,14.1899995803833,-14.7196865081787,-27.4461685368788,"NEDz",103.753510473837,0.490884929895401,24.7249992688497,441.217598905246,0,14.7196865081787,0
1789,"0",29.82,"2026-05-12","09:47:31",0,"STABILIZE",12.769,48.97,625.29793,2.79678097630124,19.503,19503,251.833333333333,NA,NA,NA,NA,21.2520797252655,-20.1827338337898,NA,NA,14.1899995803833,-0.167140647768974,-12.8935612057346,"NEDz",103.753510473837,0.490884929895401,24.7249992688497,441.217598905246,23.9466212540753,0.167140647768974,0
1790,"0",29.83,"2026-05-12","09:47:32",0,"STABILIZE",12.769,48.97,625.29793,2.79678097630124,19.503,19503,251.833333333333,NA,NA,NA,NA,21.2520797252655,-20.1827338337898,NA,NA,14.1899995803833,-0.167140647768974,-12.893498624637,"NEDz",103.753510473837,0.490884929895401,24.7249992688497,441.217598905246,0,0.167140647768974,0
1791,"0",29.85,"2026-05-12","09:47:33",0,"STABILIZE",12.769,48.97,625.29793,2.79678097630124,19.503,19503,251.833333333333,NA,NA,NA,NA,21.2520797252655,-20.1827338337898,NA,NA,14.1899995803833,-0.167140647768974,-12.8934348949205,"NEDz",103.753510473837,0.490884929895401,24.7249992688497,441.217598905246,0,0.167140647768974,0
1792,"0",29.87,"2026-05-12","09:47:34",0,"STABILIZE",12.769,48.97,625.29793,2.79678097630124,19.503,19503,251.833333333333,NA,NA,NA,NA,21.2520797252655,-20.1827338337898,NA,NA,14.1899995803833,-0.167140647768974,-12.8933699783295,"NEDz",103.753510473837,0.490884929895401,24.7249992688497,441.217598905246,0,0.167140647768974,0
1793,"0",29.88,"2026-05-12","09:47:35",0,"STABILIZE",12.769,48.97,625.29793,2.79678097630124,19.503,19503,251.833333333333,NA,NA,NA,NA,21.2520797252655,-20.1827338337898,NA,NA,14.1899995803833,-0.167140647768974,-12.893303836608,"NEDz",103.753510473837,0.490884929895401,24.7249992688497,441.217598905246,0,0.167140647768974,0
1794,"0",29.9,"2026-05-12","09:47:36",0,"STABILIZE",12.769,48.97,625.29793,2.79678097630124,19.503,19503,251.833333333333,NA,NA,NA,NA,21.2520797252655,-20.1827338337898,NA,NA,14.1899995803833,-0.167140647768974,-12.8932364315005,"NEDz",103.753510473837,0.490884929895401,24.7249992688497,441.217598905246,0,0.167140647768974,0
1795,"0",29.92,"2026-05-12","09:47:37",0,"STABILIZE",12.769,48.97,625.29793,2.79678097630124,19.503,19503,251.833333333333,NA,NA,NA,NA,21.2520797252655,-20.1827338337898,NA,NA,14.1899995803833,-0.167140647768974,-12.8931677247512,"NEDz",103.753510473837,0.490884929895401,24.7249992688497,441.217598905246,0,0.167140647768974,0
1796,"0",29.93,"2026-05-12","09:47:38",0,"STABILIZE",12.769,48.97,625.29793,2.79678097630124,19.503,19503,251.833333333333,NA,NA,NA,NA,21.2520797252655,-20.1827338337898,NA,NA,14.1899995803833,-0.167140647768974,-12.8930976781042,"NEDz",103.753510473837,0.490884929895401,24.7249992688497,441.217598905246,0,0.167140647768974,0
1797,"0",29.95,"2026-05-12","09:47:39",0,"STABILIZE",12.769,48.97,625.29793,2.79678097630124,19.684,19684,254.25,NA,NA,NA,NA,21.2520797252655,-20.1827338337898,NA,NA,14.1899995803833,-0.167140647768974,-12.8930262533039,"NEDz",103.753510473837,0.490884929895401,24.7249992688497,441.217598905246,0,0.167140647768974,0
1798,"0",29.97,"2026-05-12","09:47:40",0,"STABILIZE",12.769,48.97,625.29793,2.79678097630124,19.684,19684,254.25,NA,NA,NA,NA,21.2520797252655,-20.1827338337898,NA,NA,14.1899995803833,-0.167140647768974,-12.8929534120946,"NEDz",103.753510473837,0.490884929895401,24.7249992688497,441.217598905246,0,0.167140647768974,0
1799,"0",29.98,"2026-05-12","09:47:41",0,"STABILIZE",12.769,48.97,625.29793,2.79678097630124,19.684,19684,254.25,NA,NA,NA,NA,21.2520797252655,-20.1827338337898,NA,NA,14.1899995803833,-0.167140647768974,-12.8928791162204,"NEDz",103.753510473837,0.490884929895401,24.7249992688497,441.217598905246,0,0.167140647768974,0
1800,"0",30,"2026-05-12","09:47:42",0,"STABILIZE",12.769,48.97,625.29793,2.79678097630124,19.684,19684,254.25,NA,NA,NA,NA,21.2520797252655,-20.1827338337898,NA,NA,14.1899995803833,-0.167140647768974,-12.8928033274256,"NEDz",103.753510473837,0.490884929895401,24.7249992688497,441.217598905246,0,0.167140647768974,0
1801,"0",30.02,"2026-05-12","09:47:43",0,"STABILIZE",12.769,48.97,625.29793,2.79678097630124,19.684,19684,254.25,NA,NA,NA,NA,21.2520797252655,-20.1827338337898,NA,NA,14.1899995803833,-0.167140647768974,-12.8927260074546,"NEDz",103.753510473837,0.490884929895401,24.7249992688497,441.217598905246,0,0.167140647768974,0
1802,"0",30.03,"2026-05-12","09:47:44",0,"STABILIZE",12.769,48.97,625.29793,2.79678097630124,19.684,19684,254.25,NA,NA,NA,NA,21.2520797252655,-20.1827338337898,NA,NA,14.1899995803833,-0.167140647768974,-12.8926471180514,"NEDz",103.753510473837,0.490884929895401,24.7249992688497,441.217598905246,0,0.167140647768974,0
1803,"0",30.05,"2026-05-12","09:47:45",0,"STABILIZE",12.769,48.97,625.29793,2.79678097630124,19.684,19684,254.25,NA,NA,NA,NA,21.2520797252655,-20.1827338337898,NA,NA,14.1899995803833,-0.167140647768974,-12.8925666209605,"NEDz",103.753510473837,0.490884929895401,24.7249992688497,441.217598905246,0,0.167140647768974,0
1804,"0",30.07,"2026-05-12","09:47:46",0,"STABILIZE",12.769,48.97,625.29793,2.79678097630124,19.684,19684,254.25,NA,NA,NA,NA,21.2520797252655,-20.1827338337898,NA,NA,14.1899995803833,-0.167140647768974,-12.892484477926,"NEDz",103.753510473837,0.490884929895401,24.7249992688497,441.217598905246,0,0.167140647768974,0
1805,"0",30.08,"2026-05-12","09:47:47",0,"STABILIZE",12.769,48.97,625.29793,2.79678097630124,19.684,19684,254.25,NA,NA,NA,NA,21.2520797252655,-20.1827338337898,NA,NA,14.1899995803833,-0.167140647768974,-12.8924006506922,"NEDz",103.753510473837,0.348702400922775,24.7249992688497,441.217598905246,0,0.167140647768974,0
1806,"0",30.1,"2026-05-12","09:47:48",0,"STABILIZE",12.769,48.97,625.29793,2.79678097630124,19.684,19684,254.25,NA,NA,NA,NA,21.2520797252655,-20.1827338337898,NA,NA,14.1899995803833,-0.167140647768974,-12.8923151010033,"NEDz",103.753510473837,0.348702400922775,24.7249992688497,441.217598905246,0,0.167140647768974,0
1807,"0",30.12,"2026-05-12","09:47:49",0,"STABILIZE",12.769,48.97,625.29793,2.79678097630124,19.684,19684,254.25,NA,NA,NA,NA,21.2520797252655,-20.1827338337898,NA,NA,14.1899995803833,-0.167140647768974,-12.8922277906037,"NEDz",103.753510473837,0.348702400922775,24.7249992688497,441.217598905246,0,0.167140647768974,0
1808,"0",30.13,"2026-05-12","09:47:50",0,"STABILIZE",12.769,48.97,625.29793,2.79678097630124,19.684,19684,254.25,NA,NA,NA,NA,21.2520797252655,-20.1827338337898,NA,NA,14.1899995803833,-0.167140647768974,-12.8921386812375,"NEDz",103.753510473837,0.348702400922775,24.7249992688497,441.217598905246,0,0.167140647768974,0
1809,"0",30.15,"2026-05-12","09:47:51",0,"STABILIZE",12.769,48.97,625.29793,2.79678097630124,19.684,19684,254.25,NA,NA,NA,NA,21.2520797252655,-20.1827338337898,NA,NA,14.1899995803833,-0.167140647768974,-12.8920477346491,"NEDz",103.753510473837,0.348702400922775,24.7249992688497,441.217598905246,0,0.167140647768974,0
1810,"0",30.17,"2026-05-12","09:47:52",0,"STABILIZE",12.769,48.97,625.29793,2.79678097630124,19.684,19684,254.25,NA,NA,NA,NA,21.2520797252655,-20.1827338337898,NA,NA,14.1899995803833,-0.167140647768974,-12.8919549125826,"NEDz",103.753510473837,0.348702400922775,24.7249992688497,441.217598905246,0,0.167140647768974,0
1811,"0",30.18,"2026-05-12","09:47:53",0,"STABILIZE",13.356,16.59,221.57604,2.34747841132014,19.684,19684,254.25,NA,NA,NA,NA,21.2520797252655,-20.1827338337898,NA,NA,14.1899995803833,-0.167140647768974,-12.8918601767823,"NEDz",103.753510473837,0.348702400922775,24.7249992688497,441.217598905246,0,0.167140647768974,0
1812,"0",30.2,"2026-05-12","09:47:54",0,"STABILIZE",13.356,16.59,221.57604,2.34747841132014,19.684,19684,254.25,NA,NA,NA,NA,21.2520797252655,-20.1827338337898,NA,NA,14.1899995803833,-0.167140647768974,-12.8917634889925,"NEDz",103.753510473837,0.348702400922775,24.7249992688497,441.217598905246,0,0.167140647768974,0
1813,"0",30.22,"2026-05-12","09:47:55",0,"STABILIZE",13.356,16.59,221.57604,2.34747841132014,19.684,19684,254.25,NA,NA,NA,NA,21.2520797252655,-20.1827338337898,NA,NA,14.1899995803833,-0.167140647768974,-12.8916648109575,"NEDz",103.753510473837,0.348702400922775,24.7249992688497,441.217598905246,0,0.167140647768974,0
1814,"0",30.23,"2026-05-12","09:47:56",0,"STABILIZE",13.356,16.59,221.57604,2.34747841132014,19.684,19684,254.25,NA,NA,NA,NA,21.2520797252655,-20.1827338337898,NA,NA,14.1899995803833,-0.167140647768974,-12.8915641044215,"NEDz",103.753510473837,0.348702400922775,24.7249992688497,441.217598905246,0,0.167140647768974,0
1815,"0",30.25,"2026-05-12","09:47:57",0,"STABILIZE",13.356,16.59,221.57604,2.34747841132014,19.684,19684,254.25,NA,NA,NA,NA,21.2520797252655,-20.1827338337898,NA,NA,13.3599996566772,-0.167140647768974,-12.0614614074226,"NEDz",103.753510473837,0.348702400922775,23.278787280574,391.11183297478,0,0.167140647768974,0
1816,"0",30.27,"2026-05-12","09:47:58",0,"STABILIZE",13.356,16.59,221.57604,2.34747841132014,19.684,19684,254.25,NA,NA,NA,NA,21.2520797252655,-20.1827338337898,NA,NA,13.3599996566772,-0.167140647768974,-12.0613565291173,"NEDz",103.753510473837,0.348702400922775,23.278787280574,391.11183297478,0,0.167140647768974,0
1817,"0",30.28,"2026-05-12","09:47:59",0,"STABILIZE",13.356,16.59,221.57604,2.34747841132014,19.684,19684,254.25,NA,NA,NA,NA,21.2520797252655,-20.1827338337898,NA,NA,13.3599996566772,-0.167140647768974,-12.0612495075438,"NEDz",103.753510473837,0.348702400922775,23.278787280574,391.11183297478,0,0.167140647768974,0
1818,"0",30.3,"2026-05-12","09:48:00",0,"STABILIZE",13.356,16.59,221.57604,2.34747841132014,19.684,19684,254.25,NA,NA,NA,NA,21.2520797252655,-20.1827338337898,NA,NA,13.3599996566772,-0.167140647768974,-12.0611403044462,"NEDz",103.753510473837,0.348702400922775,23.278787280574,391.11183297478,0,0.167140647768974,0
1819,"0",30.32,"2026-05-12","09:48:01",0,"STABILIZE",13.356,16.59,221.57604,2.34747841132014,19.684,19684,254.25,NA,NA,NA,NA,21.2520797252655,-20.1827338337898,NA,NA,13.3599996566772,-0.167140647768974,-12.0610289000468,"NEDz",103.753510473837,0.348702400922775,23.278787280574,391.11183297478,0,0.167140647768974,0
1820,"0",30.33,"2026-05-12","09:48:03",0,"STABILIZE",13.356,16.59,221.57604,2.34747841132014,19.684,19684,254.25,NA,NA,NA,NA,21.2520797252655,-20.1827338337898,NA,NA,13.3599996566772,-0.167140647768974,-12.0607997223531,"NEDz",103.753510473837,0.348702400922775,23.278787280574,391.11183297478,0,0.167140647768974,0
1821,"0",30.35,"2026-05-12","09:48:04",0,"STABILIZE",13.356,16.59,221.57604,2.34747841132014,19.684,19684,254.25,NA,NA,NA,NA,21.2520797252655,-20.1827338337898,NA,NA,13.3599996566772,-0.167140647768974,-12.0606820942811,"NEDz",103.753510473837,0.348702400922775,23.278787280574,391.11183297478,0,0.167140647768974,0
1822,"0",30.37,"2026-05-12","09:48:05",0,"STABILIZE",13.356,16.59,221.57604,2.34747841132014,19.684,19684,254.25,NA,NA,NA,NA,21.2520797252655,-20.1827338337898,NA,NA,13.3599996566772,-0.167140647768974,-12.0605625368739,"NEDz",103.753510473837,0.348702400922775,23.278787280574,391.11183297478,0,0.167140647768974,0
1823,"0",30.38,"2026-05-12","09:48:06",0,"STABILIZE",13.356,16.59,221.57604,2.34747841132014,19.684,19684,254.25,NA,NA,NA,NA,21.2520797252655,-20.1827338337898,NA,NA,13.3599996566772,-0.167140647768974,-12.0604411227425,"NEDz",103.753510473837,0.348702400922775,23.278787280574,391.11183297478,0,0.167140647768974,0
1824,"0",30.4,"2026-05-12","09:48:07",0,"STABILIZE",13.356,16.59,221.57604,2.34747841132014,19.684,19684,254.25,NA,NA,NA,NA,21.2520797252655,-20.1827338337898,NA,NA,13.3599996566772,-0.167140647768974,-12.060317924498,"NEDz",103.753510473837,0.348702400922775,23.278787280574,391.11183297478,0,0.167140647768974,0
1825,"0",30.42,"2026-05-12","09:48:08",0,"STABILIZE",13.356,16.59,221.57604,2.34747841132014,19.684,19684,254.25,NA,NA,NA,NA,21.2520797252655,-20.1827338337898,NA,NA,13.3599996566772,-0.167140647768974,-12.0601930147517,"NEDz",103.753510473837,0.348702400922775,23.278787280574,391.11183297478,0,0.167140647768974,0
1826,"0",30.43,"2026-05-12","09:48:09",0,"STABILIZE",13.356,16.59,221.57604,2.34747841132014,19.684,19684,254.25,NA,NA,NA,NA,21.2520797252655,-20.1827338337898,NA,NA,13.3599996566772,-0.167140647768974,-12.0600664661145,"NEDz",103.753510473837,0.348702400922775,23.278787280574,391.11183297478,0,0.167140647768974,0
1827,"0",30.45,"2026-05-12","09:48:10",0,"STABILIZE",13.356,16.59,221.57604,2.34747841132014,19.684,19684,254.25,NA,NA,NA,NA,21.2520797252655,-20.1827338337898,NA,NA,13.3599996566772,-0.167140647768974,-12.0599383511977,"NEDz",103.753510473837,0.348702400922775,23.278787280574,391.11183297478,0,0.167140647768974,0
1828,"0",30.47,"2026-05-12","09:48:11",0,"STABILIZE",13.356,16.59,221.57604,2.34747841132014,19.684,19684,254.25,NA,NA,NA,NA,12.8281028270721,-8.58083373308182,NA,NA,13.3599996566772,-0.116490080952644,-12.009158175796,"NEDz",103.753510473837,0.348702400922775,23.278787280574,391.11183297478,14.3376243753316,0.116490080952644,0
1829,"0",30.48,"2026-05-12","09:48:12",0,"STABILIZE",13.356,16.59,221.57604,2.34747841132014,19.684,19684,254.25,NA,NA,NA,NA,12.8281028270721,-8.58083373308182,NA,NA,13.3599996566772,-0.116490080952644,-12.0090271461531,"NEDz",103.753510473837,0.348702400922775,23.278787280574,391.11183297478,0,0.116490080952644,0
1830,"0",30.5,"2026-05-12","09:48:13",0,"STABILIZE",13.59,3.03,41.1777,1.62508289345603,19.684,19684,254.25,NA,NA,NA,NA,12.8281028270721,-8.58083373308182,NA,NA,13.3599996566772,-0.116490080952644,-12.0088947680639,"NEDz",103.753510473837,0.348702400922775,23.278787280574,391.11183297478,0,0.116490080952644,0
1831,"0",30.52,"2026-05-12","09:48:14",0,"STABILIZE",13.59,3.03,41.1777,1.62508289345603,19.684,19684,254.25,NA,NA,NA,NA,12.8281028270721,-8.58083373308182,NA,NA,13.3599996566772,-0.116490080952644,-12.0087611141396,"NEDz",103.753510473837,0.348702400922775,23.278787280574,391.11183297478,0,0.116490080952644,0
1832,"0",30.53,"2026-05-12","09:48:15",0,"STABILIZE",13.59,3.03,41.1777,1.62508289345603,19.684,19684,254.25,NA,NA,NA,NA,12.8281028270721,-8.58083373308182,NA,NA,13.3599996566772,-0.116490080952644,-12.0086262569911,"NEDz",103.753510473837,0.348702400922775,23.278787280574,391.11183297478,0,0.116490080952644,0
1833,"0",30.55,"2026-05-12","09:48:16",0,"STABILIZE",13.59,3.03,41.1777,1.62508289345603,19.684,19684,254.25,NA,NA,NA,NA,12.8281028270721,-8.58083373308182,NA,NA,13.3599996566772,-0.116490080952644,-12.0084902692296,"NEDz",103.753510473837,0.348702400922775,23.278787280574,391.11183297478,0,0.116490080952644,0
1834,"0",30.57,"2026-05-12","09:48:17",0,"STABILIZE",13.59,3.03,41.1777,1.62508289345603,19.684,19684,254.25,NA,NA,NA,NA,12.8281028270721,-8.58083373308182,NA,NA,13.3599996566772,-0.116490080952644,-12.0083532234662,"NEDz",103.753510473837,0.348702400922775,23.278787280574,391.11183297478,0,0.116490080952644,0
1835,"0",30.58,"2026-05-12","09:48:18",19,"MANUAL",13.59,3.03,41.1777,1.62508289345603,19.684,19684,254.25,NA,NA,NA,NA,12.8281028270721,-8.58083373308182,NA,NA,13.3599996566772,-0.116490080952644,-12.0082151923122,"NEDz",103.753510473837,0.348702400922775,23.278787280574,391.11183297478,0,0.116490080952644,0
1836,"0",30.6,"2026-05-12","09:48:19",19,"MANUAL",13.59,3.03,41.1777,1.62508289345603,19.684,19684,254.25,NA,NA,NA,NA,12.8281028270721,-8.58083373308182,NA,NA,13.3599996566772,-0.116490080952644,-12.0080762483784,"NEDz",103.753510473837,0.348702400922775,23.278787280574,391.11183297478,0,0.116490080952644,0
1837,"0",30.62,"2026-05-12","09:48:20",19,"MANUAL",13.59,3.03,41.1777,1.62508289345603,19.684,19684,254.25,NA,NA,NA,NA,12.8281028270721,-8.58083373308182,NA,NA,13.3599996566772,-0.116490080952644,-12.0079364642762,"NEDz",103.753510473837,0.348702400922775,23.278787280574,391.11183297478,0,0.116490080952644,0
1838,"0",30.63,"2026-05-12","09:48:21",19,"MANUAL",13.59,3.03,41.1777,1.62508289345603,19.684,19684,254.25,NA,NA,NA,NA,12.8281028270721,-8.58083373308182,NA,NA,13.3599996566772,-0.116490080952644,-12.0077959126166,"NEDz",103.753510473837,0.348702400922775,23.278787280574,391.11183297478,0,0.116490080952644,0
1839,"0",30.65,"2026-05-12","09:48:22",19,"MANUAL",13.59,3.03,41.1777,1.62508289345603,19.684,19684,254.25,NA,NA,NA,NA,12.8281028270721,-8.58083373308182,NA,NA,13.3599996566772,-0.116490080952644,-12.0076546660107,"NEDz",103.753510473837,0.348702400922775,23.278787280574,391.11183297478,0,0.116490080952644,0
1840,"0",30.67,"2026-05-12","09:48:23",19,"MANUAL",13.59,3.03,41.1777,1.62508289345603,19.684,19684,254.25,NA,NA,NA,NA,12.8281028270721,-8.58083373308182,NA,NA,13.3599996566772,-0.116490080952644,-12.0075127970696,"NEDz",103.753510473837,0.348702400922775,23.278787280574,391.11183297478,0,0.116490080952644,0
1841,"0",30.68,"2026-05-12","09:48:24",19,"MANUAL",13.59,3.03,41.1777,1.62508289345603,19.684,19684,254.25,NA,NA,NA,NA,12.8281028270721,-8.58083373308182,NA,NA,13.3599996566772,-0.116490080952644,-12.0073703784045,"NEDz",103.753510473837,0.348702400922775,23.278787280574,391.11183297478,0,0.116490080952644,0
1842,"0",30.7,"2026-05-12","09:48:25",19,"MANUAL",13.59,3.03,41.1777,1.62508289345603,19.684,19684,254.25,NA,NA,NA,NA,12.8281028270721,-8.58083373308182,NA,NA,13.3599996566772,-0.116490080952644,-12.0072274826264,"NEDz",103.753510473837,0.348702400922775,23.278787280574,391.11183297478,0,0.116490080952644,0
1843,"0",30.72,"2026-05-12","09:48:26",19,"MANUAL",13.59,3.03,41.1777,1.62508289345603,19.684,19684,254.25,NA,NA,NA,NA,12.8281028270721,-8.58083373308182,NA,NA,13.3599996566772,-0.116490080952644,-12.0070841823466,"NEDz",103.753510473837,0.348702400922775,23.278787280574,391.11183297478,0,0.116490080952644,0
1844,"0",30.73,"2026-05-12","09:48:27",19,"MANUAL",13.59,3.03,41.1777,1.62508289345603,19.684,19684,254.25,NA,NA,NA,NA,12.8281028270721,-8.58083373308182,NA,NA,13.3599996566772,-0.116490080952644,-12.006940550176,"NEDz",103.753510473837,0.348702400922775,23.278787280574,391.11183297478,0,0.116490080952644,0
1845,"0",30.75,"2026-05-12","09:48:28",19,"MANUAL",13.59,3.03,41.1777,1.62508289345603,19.684,19684,254.25,NA,NA,NA,NA,12.8281028270721,-8.58083373308182,NA,NA,13.3599996566772,-0.116490080952644,-12.0067966587259,"NEDz",103.753510473837,0.348702400922775,23.278787280574,391.11183297478,0,0.116490080952644,0
1846,"0",30.77,"2026-05-12","09:48:29",19,"MANUAL",13.59,3.03,41.1777,1.62508289345603,19.684,19684,254.25,NA,NA,NA,NA,12.8281028270721,-8.58083373308182,NA,NA,13.3599996566772,-0.116490080952644,-12.0066525806073,"NEDz",103.753510473837,0.348702400922775,23.278787280574,391.11183297478,0,0.116490080952644,0
1847,"0",30.78,"2026-05-12","09:48:30",19,"MANUAL",13.59,3.03,41.1777,1.62508289345603,19.684,19684,254.25,NA,NA,NA,NA,10.7535617351532,-3.68436676263809,NA,NA,13.3599996566772,-0.157467812299728,-12.0474861197785,"NEDz",103.753510473837,0.348702400922775,23.278787280574,391.11183297478,5.31781059597901,0.157467812299728,0
1848,"0",30.8,"2026-05-12","09:48:31",19,"MANUAL",13.59,3.03,41.1777,1.62508289345603,19.684,19684,254.25,NA,NA,NA,NA,10.7535617351532,-3.68436676263809,NA,NA,13.3599996566772,-0.157467812299728,-12.0473418861564,"NEDz",103.753510473837,0.348702400922775,23.278787280574,391.11183297478,0,0.157467812299728,0
1849,"0",30.82,"2026-05-12","09:48:32",19,"MANUAL",13.596,3.03,41.19588,1.62527004857741,19.684,19684,254.25,NA,NA,NA,NA,10.7535617351532,-3.68436676263809,NA,NA,13.3599996566772,-0.157467812299728,-12.0471976836991,"NEDz",103.753510473837,0.348702400922775,23.278787280574,391.11183297478,0,0.157467812299728,0
1850,"0",30.83,"2026-05-12","09:48:33",19,"MANUAL",13.602,3.03,41.21406,1.6254571230808,19.684,19684,254.25,NA,NA,NA,NA,10.7535617351532,-3.68436676263809,NA,NA,13.3599996566772,-0.157467812299728,-12.0470535850178,"NEDz",103.753510473837,0.348702400922775,23.278787280574,391.11183297478,0,0.157467812299728,0
1851,"0",30.85,"2026-05-12","09:48:34",19,"MANUAL",13.602,3.03,41.21406,1.6254571230808,19.684,19684,254.25,NA,NA,NA,NA,10.7535617351532,-3.68436676263809,NA,NA,13.3599996566772,-0.157467812299728,-12.0469096627237,"NEDz",103.753510473837,0.348702400922775,23.278787280574,391.11183297478,0,0.157467812299728,0
1852,"0",30.87,"2026-05-12","09:48:35",19,"MANUAL",13.602,3.03,41.21406,1.6254571230808,19.684,19684,254.25,NA,NA,NA,NA,10.7535617351532,-3.68436676263809,NA,NA,13.3599996566772,-0.157467812299728,-12.0467659894278,"NEDz",103.753510473837,0.348702400922775,23.278787280574,391.11183297478,0,0.157467812299728,0
1853,"0",30.88,"2026-05-12","09:48:36",19,"MANUAL",13.602,3.03,41.21406,1.6254571230808,19.684,19684,254.25,NA,NA,NA,NA,10.7535617351532,-3.68436676263809,NA,NA,12.5799999237061,-0.157467812299728,-11.2666229047701,"NEDz",103.753510473837,0.348702400922775,21.9196968367605,346.776244186832,0,0.157467812299728,0
1854,"0",30.9,"2026-05-12","09:48:37",19,"MANUAL",13.602,3.03,41.21406,1.6254571230808,19.684,19684,254.25,NA,NA,NA,NA,10.7535617351532,-3.68436676263809,NA,NA,12.5799999237061,-0.157467812299728,-11.2664799473041,"NEDz",103.753510473837,0.348702400922775,21.9196968367605,346.776244186832,0,0.157467812299728,0
1855,"0",30.92,"2026-05-12","09:48:38",19,"MANUAL",13.602,3.03,41.21406,1.6254571230808,19.684,19684,254.25,NA,NA,NA,NA,10.7535617351532,-3.68436676263809,NA,NA,12.5799999237061,-0.157467812299728,-11.2663374566696,"NEDz",103.753510473837,0.348702400922775,21.9196968367605,346.776244186832,0,0.157467812299728,0
1856,"0",30.93,"2026-05-12","09:48:39",19,"MANUAL",13.602,3.03,41.21406,1.6254571230808,19.684,19684,254.25,NA,NA,NA,NA,10.7535617351532,-3.68436676263809,NA,NA,12.5799999237061,-0.157467812299728,-11.2661955054779,"NEDz",103.753510473837,0.348702400922775,21.9196968367605,346.776244186832,0,0.157467812299728,0
1857,"0",30.95,"2026-05-12","09:48:40",19,"MANUAL",13.602,3.03,41.21406,1.6254571230808,19.909,19909,257.25,NA,NA,NA,NA,10.7535617351532,-3.68436676263809,NA,NA,12.5799999237061,-0.157467812299728,-11.26605416634,"NEDz",103.753510473837,0.348702400922775,21.9196968367605,346.776244186832,0,0.157467812299728,0
1858,"0",30.97,"2026-05-12","09:48:41",19,"MANUAL",13.602,3.03,41.21406,1.6254571230808,19.909,19909,257.25,NA,NA,NA,NA,10.7535617351532,-3.68436676263809,NA,NA,12.5799999237061,-0.157467812299728,-11.265913511867,"NEDz",103.753510473837,0.348702400922775,21.9196968367605,346.776244186832,0,0.157467812299728,0
1859,"0",30.98,"2026-05-12","09:48:42",19,"MANUAL",13.602,3.03,41.21406,1.6254571230808,19.909,19909,257.25,NA,NA,NA,NA,10.7535617351532,-3.68436676263809,NA,NA,12.5799999237061,-0.157467812299728,-11.2657736146701,"NEDz",103.753510473837,0.348702400922775,21.9196968367605,346.776244186832,0,0.157467812299728,0
1860,"0",31,"2026-05-12","09:48:43",19,"MANUAL",13.602,3.03,41.21406,1.6254571230808,19.909,19909,257.25,NA,NA,NA,NA,10.7535617351532,-3.68436676263809,NA,NA,12.5799999237061,-0.157467812299728,-11.2656345473604,"NEDz",103.753510473837,0.348702400922775,21.9196968367605,346.776244186832,0,0.157467812299728,0
1861,"0",31.02,"2026-05-12","09:48:44",19,"MANUAL",13.602,3.03,41.21406,1.6254571230808,19.909,19909,257.25,NA,NA,NA,NA,10.7535617351532,-3.68436676263809,NA,NA,12.5799999237061,-0.157467812299728,-11.2654963825489,"NEDz",103.753510473837,0.348702400922775,21.9196968367605,346.776244186832,0,0.157467812299728,0
1862,"0",31.03,"2026-05-12","09:48:46",19,"MANUAL",13.602,3.03,41.21406,1.6254571230808,19.909,19909,257.25,NA,NA,NA,NA,10.7535617351532,-3.68436676263809,NA,NA,12.5799999237061,-0.157467812299728,-11.2652230508654,"NEDz",103.753510473837,0.348702400922775,21.9196968367605,346.776244186832,0,0.157467812299728,0
1863,"0",31.05,"2026-05-12","09:48:47",19,"MANUAL",13.602,3.03,41.21406,1.6254571230808,19.909,19909,257.25,NA,NA,NA,NA,10.7535617351532,-3.68436676263809,NA,NA,12.5799999237061,-0.157467812299728,-11.2650880292156,"NEDz",103.753510473837,0.348702400922775,21.9196968367605,346.776244186832,0,0.157467812299728,0
1864,"0",31.07,"2026-05-12","09:48:48",19,"MANUAL",13.602,3.03,41.21406,1.6254571230808,19.909,19909,257.25,NA,NA,NA,NA,10.7535617351532,-3.68436676263809,NA,NA,12.5799999237061,-0.157467812299728,-11.2649542005085,"NEDz",103.753510473837,0.348702400922775,21.9196968367605,346.776244186832,0,0.157467812299728,0
1865,"0",31.08,"2026-05-12","09:48:49",19,"MANUAL",13.602,3.03,41.21406,1.6254571230808,19.909,19909,257.25,NA,NA,NA,NA,10.7535617351532,-3.68436676263809,NA,NA,12.5799999237061,-0.157467812299728,-11.2648216373553,"NEDz",103.753510473837,0.348702400922775,21.9196968367605,346.776244186832,0,0.157467812299728,0
1866,"0",31.1,"2026-05-12","09:48:50",19,"MANUAL",13.602,3.03,41.21406,1.6254571230808,19.909,19909,257.25,NA,NA,NA,NA,10.7535617351532,-3.68436676263809,NA,NA,12.5799999237061,-0.157467812299728,-11.2646904123671,"NEDz",103.753510473837,0.348702400922775,21.9196968367605,346.776244186832,0,0.157467812299728,0
1867,"0",31.12,"2026-05-12","09:48:51",19,"MANUAL",13.602,3.03,41.21406,1.6254571230808,19.909,19909,257.25,NA,NA,NA,NA,10.7535617351532,-3.68436676263809,NA,NA,12.5799999237061,-0.157467812299728,-11.264560598155,"NEDz",103.753510473837,0.348702400922775,21.9196968367605,346.776244186832,0,0.157467812299728,0
1868,"0",31.13,"2026-05-12","09:48:52",19,"MANUAL",13.602,3.03,41.21406,1.6254571230808,19.909,19909,257.25,NA,NA,NA,NA,10.7535617351532,-3.68436676263809,NA,NA,12.5799999237061,-0.157467812299728,-11.2644322673302,"NEDz",103.753510473837,0.348702400922775,21.9196968367605,346.776244186832,0,0.157467812299728,0
1869,"0",31.15,"2026-05-12","09:48:53",19,"MANUAL",13.602,3.03,41.21406,1.6254571230808,19.909,19909,257.25,NA,NA,NA,NA,10.7535617351532,-3.68436676263809,NA,NA,12.5799999237061,-0.157467812299728,-11.2643054925037,"NEDz",103.753510473837,0.348702400922775,21.9196968367605,346.776244186832,0,0.157467812299728,0
1870,"0",31.17,"2026-05-12","09:48:54",19,"MANUAL",13.602,3.03,41.21406,1.6254571230808,19.909,19909,257.25,NA,NA,NA,NA,10.7535617351532,-3.68436676263809,NA,NA,12.5799999237061,-0.157467812299728,-11.2641803462866,"NEDz",103.753510473837,0.348702400922775,21.9196968367605,346.776244186832,0,0.157467812299728,0
1871,"0",31.18,"2026-05-12","09:48:55",19,"MANUAL",13.602,3.03,41.21406,1.6254571230808,19.909,19909,257.25,NA,NA,NA,NA,10.7535617351532,-3.68436676263809,NA,NA,12.5799999237061,-0.157467812299728,-11.2640569012902,"NEDz",103.753510473837,0.348702400922775,21.9196968367605,346.776244186832,0,0.157467812299728,0
1872,"0",31.2,"2026-05-12","09:48:56",19,"MANUAL",13.602,3.03,41.21406,1.6254571230808,19.909,19909,257.25,NA,NA,NA,NA,10.7535617351532,-3.68436676263809,NA,NA,12.5799999237061,-0.157467812299728,-11.2639352301254,"NEDz",103.753510473837,0.348702400922775,21.9196968367605,346.776244186832,0,0.157467812299728,0
1873,"0",31.22,"2026-05-12","09:48:57",19,"MANUAL",13.602,3.03,41.21406,1.6254571230808,19.909,19909,257.25,NA,NA,NA,NA,10.7535617351532,-3.68436676263809,NA,NA,12.5799999237061,-0.157467812299728,-11.2638154054035,"NEDz",103.753510473837,0.348702400922775,21.9196968367605,346.776244186832,0,0.157467812299728,0
1874,"0",31.23,"2026-05-12","09:48:58",19,"MANUAL",13.602,3.03,41.21406,1.6254571230808,19.909,19909,257.25,NA,NA,NA,NA,10.7535617351532,-3.68436676263809,NA,NA,12.5799999237061,-0.157467812299728,-11.2636974997355,"NEDz",103.753510473837,0.348702400922775,21.9196968367605,346.776244186832,0,0.157467812299728,0
1875,"0",31.25,"2026-05-12","09:48:59",19,"MANUAL",13.602,3.03,41.21406,1.6254571230808,19.909,19909,257.25,NA,NA,NA,NA,10.7535617351532,-3.68436676263809,NA,NA,12.5799999237061,-0.157467812299728,-11.2635815857326,"NEDz",103.753510473837,0.348702400922775,21.9196968367605,346.776244186832,0,0.157467812299728,0
1876,"0",31.27,"2026-05-12","09:49:00",19,"MANUAL",13.602,3.03,41.21406,1.6254571230808,19.909,19909,257.25,NA,NA,NA,NA,10.7535617351532,-3.68436676263809,NA,NA,12.5799999237061,-0.157467812299728,-11.2634677360058,"NEDz",103.753510473837,0.348702400922775,21.9196968367605,346.776244186832,0,0.157467812299728,0
1877,"0",31.28,"2026-05-12","09:49:01",19,"MANUAL",13.602,3.03,41.21406,1.6254571230808,19.909,19909,257.25,NA,NA,NA,NA,10.7535617351532,-3.68436676263809,NA,NA,12.5799999237061,-0.157467812299728,-11.26335600607,"NEDz",103.753510473837,0.348702400922775,21.9196968367605,346.776244186832,0,0.157467812299728,0
1878,"0",31.3,"2026-05-12","09:49:02",19,"MANUAL",13.602,3.03,41.21406,1.6254571230808,19.909,19909,257.25,NA,NA,NA,NA,10.7535617351532,-3.68436676263809,NA,NA,12.5799999237061,-0.157467812299728,-11.263246383055,"NEDz",103.753510473837,0.348702400922775,21.9196968367605,346.776244186832,0,0.157467812299728,0
1879,"0",31.32,"2026-05-12","09:49:03",19,"MANUAL",13.602,3.03,41.21406,1.6254571230808,19.909,19909,257.25,NA,NA,NA,NA,10.7535617351532,-3.68436676263809,NA,NA,12.5799999237061,-0.157467812299728,-11.2631388369944,"NEDz",103.753510473837,0.348702400922775,21.9196968367605,346.776244186832,0,0.157467812299728,0
1880,"0",31.33,"2026-05-12","09:49:04",19,"MANUAL",13.602,3.03,41.21406,1.6254571230808,19.909,19909,257.25,NA,NA,NA,NA,10.7535617351532,-3.68436676263809,NA,NA,12.5799999237061,-0.157467812299728,-11.2630333379215,"NEDz",103.753510473837,0.348702400922775,21.9196968367605,346.776244186832,0,0.157467812299728,0
1881,"0",31.35,"2026-05-12","09:49:05",19,"MANUAL",13.602,3.03,41.21406,1.6254571230808,19.909,19909,257.25,NA,NA,NA,NA,10.7535617351532,-3.68436676263809,NA,NA,12.5799999237061,-0.157467812299728,-11.2629298558698,"NEDz",103.753510473837,0.348702400922775,21.9196968367605,346.776244186832,0,0.157467812299728,0
1882,"0",31.37,"2026-05-12","09:49:06",19,"MANUAL",13.602,3.03,41.21406,1.6254571230808,19.909,19909,257.25,NA,NA,NA,NA,10.7535617351532,-3.68436676263809,NA,NA,12.5799999237061,-0.157467812299728,-11.262828360873,"NEDz",103.753510473837,0.348702400922775,21.9196968367605,346.776244186832,0,0.157467812299728,0
1883,"0",31.38,"2026-05-12","09:49:07",19,"MANUAL",13.602,3.03,41.21406,1.6254571230808,19.909,19909,257.25,NA,NA,NA,NA,10.7535617351532,-3.68436676263809,NA,NA,12.5799999237061,-0.157467812299728,-11.2627288229644,"NEDz",103.753510473837,0.348702400922775,21.9196968367605,346.776244186832,0,0.157467812299728,0
1884,"0",31.4,"2026-05-12","09:49:08",19,"MANUAL",13.602,3.03,41.21406,1.6254571230808,19.909,19909,257.25,NA,NA,NA,NA,10.7535617351532,-3.68436676263809,NA,NA,12.5799999237061,-0.157467812299728,-11.2626312121777,"NEDz",103.753510473837,0.348702400922775,21.9196968367605,346.776244186832,0,0.157467812299728,0
1885,"0",31.42,"2026-05-12","09:49:09",19,"MANUAL",13.602,3.03,41.21406,1.6254571230808,19.909,19909,257.25,NA,NA,NA,NA,10.7535617351532,-3.68436676263809,NA,NA,12.5799999237061,-0.157467812299728,-11.2625354985462,"NEDz",103.753510473837,0.348702400922775,21.9196968367605,346.776244186832,0,0.157467812299728,0
1886,"0",31.43,"2026-05-12","09:49:10",19,"MANUAL",13.602,3.03,41.21406,1.6254571230808,19.909,19909,257.25,NA,NA,NA,NA,10.7535617351532,-3.68436676263809,NA,NA,12.5799999237061,-0.157467812299728,-11.2624416521035,"NEDz",103.753510473837,0.348702400922775,21.9196968367605,346.776244186832,0,0.157467812299728,0
1887,"0",31.45,"2026-05-12","09:49:11",19,"MANUAL",13.602,3.03,41.21406,1.6254571230808,19.909,19909,257.25,NA,NA,NA,NA,10.7535617351532,-3.68436676263809,NA,NA,12.5799999237061,-0.157467812299728,-11.262349642883,"NEDz",103.753510473837,0.348702400922775,21.9196968367605,346.776244186832,0,0.157467812299728,0
1888,"0",31.47,"2026-05-12","09:49:12",19,"MANUAL",13.602,3.03,41.21406,1.6254571230808,19.909,19909,257.25,NA,NA,NA,NA,10.7535617351532,-3.68436676263809,NA,NA,12.5799999237061,-0.157467812299728,-11.2622594409184,"NEDz",103.753510473837,0.348702400922775,21.9196968367605,346.776244186832,0,0.157467812299728,0
1889,"0",31.48,"2026-05-12","09:49:13",19,"MANUAL",13.602,3.03,41.21406,1.6254571230808,19.909,19909,257.25,NA,NA,NA,NA,10.7535617351532,-3.68436676263809,NA,NA,12.5799999237061,-0.157467812299728,-11.262171016243,"NEDz",103.753510473837,0.348702400922775,21.9196968367605,346.776244186832,0,0.157467812299728,0
1890,"0",31.5,"2026-05-12","09:49:14",19,"MANUAL",13.602,3.03,41.21406,1.6254571230808,19.909,19909,257.25,NA,NA,NA,NA,10.7535617351532,-3.68436676263809,NA,NA,12.5799999237061,-0.157467812299728,-11.2620843388905,"NEDz",103.753510473837,0.348702400922775,21.9196968367605,346.776244186832,0,0.157467812299728,0
1891,"0",31.52,"2026-05-12","09:49:15",19,"MANUAL",13.602,3.03,41.21406,1.6254571230808,19.909,19909,257.25,NA,NA,NA,NA,10.7535617351532,-3.68436676263809,NA,NA,12.5799999237061,-0.157467812299728,-11.2619993788942,"NEDz",103.753510473837,0.348702400922775,21.9196968367605,346.776244186832,0,0.157467812299728,0
1892,"0",31.53,"2026-05-12","09:49:16",19,"MANUAL",13.602,3.03,41.21406,1.6254571230808,19.909,19909,257.25,NA,NA,NA,NA,10.7535617351532,-3.68436676263809,NA,NA,12.5799999237061,-0.157467812299728,-11.2619161062876,"NEDz",103.753510473837,0.348702400922775,21.9196968367605,346.776244186832,0,0.157467812299728,0
1893,"0",31.55,"2026-05-12","09:49:17",19,"MANUAL",13.602,3.03,41.21406,1.6254571230808,19.909,19909,257.25,NA,NA,NA,NA,10.7535617351532,-3.68436676263809,NA,NA,12.5799999237061,-0.157467812299728,-11.2618344911044,"NEDz",103.753510473837,0.348702400922775,21.9196968367605,346.776244186832,0,0.157467812299728,0
1894,"0",31.57,"2026-05-12","09:49:18",19,"MANUAL",13.602,3.03,41.21406,1.6254571230808,19.909,19909,257.25,NA,NA,NA,NA,10.7535617351532,-3.68436676263809,NA,NA,12.5799999237061,-0.157467812299728,-11.2617545033779,"NEDz",103.753510473837,0.348702400922775,21.9196968367605,346.776244186832,0,0.157467812299728,0
1895,"0",31.58,"2026-05-12","09:49:19",19,"MANUAL",13.374,15.13,202.34862,2.30824122946537,19.909,19909,257.25,NA,NA,NA,NA,10.7535617351532,-3.68436676263809,NA,NA,12.5799999237061,-0.157467812299728,-11.2616761131417,"NEDz",103.753510473837,0.348702400922775,21.9196968367605,346.776244186832,0,0.157467812299728,0
1896,"0",31.6,"2026-05-12","09:49:20",19,"MANUAL",13.374,15.13,202.34862,2.30824122946537,19.909,19909,257.25,NA,NA,NA,NA,10.7535617351532,-3.68436676263809,NA,NA,12.5799999237061,-0.157467812299728,-11.2615992904293,"NEDz",103.753510473837,0.348702400922775,21.9196968367605,346.776244186832,0,0.157467812299728,0
1897,"0",31.62,"2026-05-12","09:49:21",19,"MANUAL",13.374,15.13,202.34862,2.30824122946537,19.909,19909,257.25,NA,NA,NA,NA,10.7535617351532,-3.68436676263809,NA,NA,12.5799999237061,-0.157467812299728,-11.2615240052742,"NEDz",103.753510473837,0.348702400922775,21.9196968367605,346.776244186832,0,0.157467812299728,0
1898,"0",31.63,"2026-05-12","09:49:22",19,"MANUAL",13.374,15.13,202.34862,2.30824122946537,19.909,19909,257.25,NA,NA,NA,NA,10.7535617351532,-3.68436676263809,NA,NA,12.5799999237061,-0.157467812299728,-11.2614502277098,"NEDz",103.753510473837,0.348702400922775,21.9196968367605,346.776244186832,0,0.157467812299728,0
1899,"0",31.65,"2026-05-12","09:49:23",19,"MANUAL",13.374,15.13,202.34862,2.30824122946537,19.909,19909,257.25,NA,NA,NA,NA,10.7535617351532,-3.68436676263809,NA,NA,12.5799999237061,-0.157467812299728,-11.2613779277698,"NEDz",103.753510473837,0.348702400922775,21.9196968367605,346.776244186832,0,0.157467812299728,0
1900,"0",31.67,"2026-05-12","09:49:24",19,"MANUAL",13.374,15.13,202.34862,2.30824122946537,19.909,19909,257.25,NA,NA,NA,NA,10.7535617351532,-3.68436676263809,NA,NA,12.5799999237061,-0.157467812299728,-11.2613070754875,"NEDz",103.753510473837,0.348702400922775,21.9196968367605,346.776244186832,0,0.157467812299728,0
1901,"0",31.68,"2026-05-12","09:49:25",19,"MANUAL",13.374,15.13,202.34862,2.30824122946537,19.909,19909,257.25,NA,NA,NA,NA,10.7535617351532,-3.68436676263809,NA,NA,12.5799999237061,-0.157467812299728,-11.2612376408964,"NEDz",103.753510473837,0.348702400922775,21.9196968367605,346.776244186832,0,0.157467812299728,0
1902,"0",31.7,"2026-05-12","09:49:26",19,"MANUAL",13.374,15.13,202.34862,2.30824122946537,19.909,19909,257.25,NA,NA,NA,NA,10.7535617351532,-3.68436676263809,NA,NA,12.5799999237061,-0.157467812299728,-11.2611695940302,"NEDz",103.753510473837,0.348702400922775,21.9196968367605,346.776244186832,0,0.157467812299728,0
1903,"0",31.72,"2026-05-12","09:49:27",19,"MANUAL",13.374,15.13,202.34862,2.30824122946537,19.909,19909,257.25,NA,NA,NA,NA,10.7535617351532,-3.68436676263809,NA,NA,0,-0.157467812299728,1.31889701878386,"NEDz",103.753510473837,0.348702400922775,0,0,0,0.157467812299728,0
1904,"0",31.73,"2026-05-12","09:49:28",19,"MANUAL",13.374,15.13,202.34862,2.30824122946537,19.909,19909,257.25,NA,NA,NA,NA,10.7535617351532,-3.68436676263809,NA,NA,0,-0.157467812299728,1.31896238010006,"NEDz",103.753510473837,0.348702400922775,0,0,0,0.157467812299728,0
1905,"0",31.75,"2026-05-12","09:49:29",19,"MANUAL",13.374,15.13,202.34862,2.30824122946537,19.909,19909,257.25,NA,NA,NA,NA,10.7535617351532,-3.68436676263809,NA,NA,0,-0.157467812299728,1.31902644359099,"NEDz",341.655974823442,0.348702400922775,0,0,0,0.157467812299728,0
1906,"0",31.77,"2026-05-12","09:49:30",19,"MANUAL",13.374,15.13,202.34862,2.30824122946537,19.909,19909,257.25,NA,NA,NA,NA,10.7535617351532,-3.68436676263809,NA,NA,0,-0.157467812299728,1.31908923922315,"NEDz",341.655974823442,0.348702400922775,0,0,0,0.157467812299728,0
1907,"0",31.78,"2026-05-12","09:49:31",19,"MANUAL",13.374,15.13,202.34862,2.30824122946537,19.909,19909,257.25,NA,NA,NA,NA,10.7535617351532,-3.68436676263809,NA,NA,0,-0.157467812299728,1.31915079696303,"NEDz",341.655974823442,0.348702400922775,0,0,0,0.157467812299728,0
1908,"0",31.8,"2026-05-12","09:49:32",19,"MANUAL",13.374,15.13,202.34862,2.30824122946537,19.909,19909,257.25,NA,NA,NA,NA,10.7535617351532,-3.68436676263809,NA,NA,0,-0.157467812299728,1.31921114677714,"NEDz",341.655974823442,0.348702400922775,0,0,0,0.157467812299728,0
1909,"0",31.82,"2026-05-12","09:49:33",19,"MANUAL",13.374,15.13,202.34862,2.30824122946537,19.909,19909,257.25,NA,NA,NA,NA,10.7535617351532,-3.68436676263809,NA,NA,0,-0.157467812299728,1.31927031863198,"NEDz",341.655974823442,0.348702400922775,0,0,0,0.157467812299728,0
1910,"0",31.83,"2026-05-12","09:49:34",19,"MANUAL",13.374,15.13,202.34862,2.30824122946537,19.909,19909,257.25,NA,NA,NA,NA,10.7535617351532,-3.68436676263809,NA,NA,0,-0.157467812299728,1.31932834249404,"NEDz",341.655974823442,0.348702400922775,0,0,0,0.157467812299728,0
1911,"0",31.85,"2026-05-12","09:49:35",19,"MANUAL",13.374,15.13,202.34862,2.30824122946537,19.909,19909,257.25,NA,NA,NA,NA,10.7535617351532,-3.68436676263809,NA,NA,0,-0.157467812299728,1.31938524832984,"NEDz",341.655974823442,0.348702400922775,0,0,0,0.157467812299728,0
1912,"0",31.87,"2026-05-12","09:49:36",19,"MANUAL",13.374,15.13,202.34862,2.30824122946537,19.909,19909,257.25,NA,NA,NA,NA,10.7535617351532,-3.68436676263809,NA,NA,0,-0.157467812299728,1.31944106610586,"NEDz",341.655974823442,0.348702400922775,0,0,0,0.157467812299728,0
1913,"0",31.88,"2026-05-12","09:49:37",19,"MANUAL",13.374,15.13,202.34862,2.30824122946537,19.909,19909,257.25,NA,NA,NA,NA,10.7535617351532,-3.68436676263809,NA,NA,0,-0.157467812299728,1.31949582578861,"NEDz",341.655974823442,0.348702400922775,0,0,0,0.157467812299728,0
1914,"0",31.9,"2026-05-12","09:49:38",19,"MANUAL",13.374,15.13,202.34862,2.30824122946537,19.909,19909,257.25,NA,NA,NA,NA,10.7535617351532,-3.68436676263809,NA,NA,0,-0.157467812299728,1.3195495573446,"NEDz",341.655974823442,0.348702400922775,0,0,0,0.157467812299728,0
1915,"0",31.92,"2026-05-12","09:49:39",19,"MANUAL",13.374,15.13,202.34862,2.30824122946537,19.909,19909,257.25,NA,NA,NA,NA,10.7535617351532,-3.68436676263809,NA,NA,0,-0.157467812299728,1.31960229074031,"NEDz",341.655974823442,0.348702400922775,0,0,0,0.157467812299728,0
1916,"0",31.93,"2026-05-12","09:49:40",19,"MANUAL",13.374,15.13,202.34862,2.30824122946537,19.909,19909,257.25,NA,NA,NA,NA,10.7535617351532,-3.68436676263809,NA,NA,0,-0.157467812299728,1.31965405594226,"NEDz",341.655974823442,0.348702400922775,0,0,0,0.157467812299728,0
1917,"0",31.95,"2026-05-12","09:49:41",19,"MANUAL",13.374,15.13,202.34862,2.30824122946537,19.909,19909,257.25,NA,NA,NA,NA,10.7535617351532,-3.68436676263809,NA,NA,0,-0.157467812299728,1.31970488291693,"NEDz",341.655974823442,0.348702400922775,0,0,0,0.157467812299728,0
1918,"0",31.97,"2026-05-12","09:49:42",19,"MANUAL",13.374,15.13,202.34862,2.30824122946537,19.909,19909,257.25,NA,NA,NA,NA,10.7535617351532,-3.68436676263809,NA,NA,0,-0.157467812299728,1.31975480163084,"NEDz",341.655974823442,0.348702400922775,0,0,0,0.157467812299728,0
1919,"0",31.98,"2026-05-12","09:49:43",19,"MANUAL",13.374,15.13,202.34862,2.30824122946537,19.909,19909,257.25,NA,NA,NA,NA,10.7535617351532,-3.68436676263809,NA,NA,0,-0.157467812299728,1.31980384205048,"NEDz",341.655974823442,0.348702400922775,0,0,0,0.157467812299728,0
1920,"0",32,"2026-05-12","09:49:44",19,"MANUAL",13.374,15.13,202.34862,2.30824122946537,19.909,19909,257.25,NA,NA,NA,NA,10.7535617351532,-3.68436676263809,NA,NA,0,-0.157467812299728,1.31985203414235,"NEDz",341.655974823442,0.348702400922775,0,0,0,0.157467812299728,0
1921,"0",32.02,"2026-05-12","09:49:45",19,"MANUAL",13.374,15.13,202.34862,2.30824122946537,19.909,19909,257.25,NA,NA,NA,NA,10.7535617351532,-3.68436676263809,NA,NA,0,-0.157467812299728,1.31989940787296,"NEDz",341.655974823442,0.348702400922775,0,0,0,0.157467812299728,0
1922,"0",32.03,"2026-05-12","09:49:46",19,"MANUAL",13.374,15.13,202.34862,2.30824122946537,19.909,19909,257.25,NA,NA,NA,NA,10.7535617351532,-3.68436676263809,NA,NA,0,-0.157467812299728,1.31994599320879,"NEDz",341.655974823442,0.348702400922775,0,0,0,0.157467812299728,0
1923,"0",32.05,"2026-05-12","09:49:47",19,"MANUAL",13.4925,9.085,121.86303,2.0894212215163,19.909,19909,257.25,NA,NA,NA,NA,10.7535617351532,-3.68436676263809,NA,NA,0,-0.157467812299728,1.31999182011637,"NEDz",341.655974823442,0.348702400922775,0,0,0,0.157467812299728,0
1924,"0",32.07,"2026-05-12","09:49:48",19,"MANUAL",13.611,3.04,41.37744,1.62713471765428,19.909,19909,257.25,NA,NA,NA,NA,10.7535617351532,-3.68436676263809,NA,NA,0,-0.157467812299728,1.32003691856217,"NEDz",341.655974823442,0.348702400922775,0,0,0,0.157467812299728,0
1925,"0",32.08,"2026-05-12","09:49:49",19,"MANUAL",13.611,3.04,41.37744,1.62713471765428,19.909,19909,257.25,NA,NA,NA,NA,10.7535617351532,-3.68436676263809,NA,NA,0,-0.157467812299728,1.32008131851271,"NEDz",341.655974823442,0.348702400922775,0,0,0,0.157467812299728,0
1926,"0",32.1,"2026-05-12","09:49:50",19,"MANUAL",13.611,3.04,41.37744,1.62713471765428,19.909,19909,257.25,NA,NA,NA,NA,10.7535617351532,-3.68436676263809,NA,NA,0,-0.157467812299728,1.32012504993449,"NEDz",341.655974823442,0.348702400922775,0,0,0,0.157467812299728,0
1927,"0",32.12,"2026-05-12","09:49:51",19,"MANUAL",13.611,3.04,41.37744,1.62713471765428,19.909,19909,257.25,NA,NA,NA,NA,10.7535617351532,-3.68436676263809,NA,NA,0,-0.157467812299728,1.320168142794,"NEDz",341.655974823442,0.348702400922775,0,0,0,0.157467812299728,0
1928,"0",32.13,"2026-05-12","09:49:52",19,"MANUAL",13.611,3.04,41.37744,1.62713471765428,19.909,19909,257.25,NA,NA,NA,NA,10.7535617351532,-3.68436676263809,NA,NA,0,-0.157467812299728,1.32021062705775,"NEDz",341.655974823442,0.348702400922775,0,0,0,0.157467812299728,0
1929,"0",32.15,"2026-05-12","09:49:53",19,"MANUAL",13.611,3.04,41.37744,1.62713471765428,19.909,19909,257.25,NA,NA,NA,NA,10.7535617351532,-3.68436676263809,NA,NA,0,-0.157467812299728,1.32025253269223,"NEDz",341.655974823442,0.348702400922775,0,0,0,0.157467812299728,0
1930,"0",32.17,"2026-05-12","09:49:54",19,"MANUAL",13.611,3.04,41.37744,1.62713471765428,19.909,19909,257.25,NA,NA,NA,NA,10.7535617351532,-3.68436676263809,NA,NA,0,-0.157467812299728,1.32029388966395,"NEDz",341.655974823442,0.348702400922775,0,0,0,0.157467812299728,0
1931,"0",32.18,"2026-05-12","09:49:55",19,"MANUAL",13.611,3.04,41.37744,1.62713471765428,19.909,19909,257.25,NA,NA,NA,NA,10.7535617351532,-3.68436676263809,NA,NA,0,-0.157467812299728,1.32033472793941,"NEDz",341.655974823442,0.348702400922775,0,0,0,0.157467812299728,0
1932,"0",32.2,"2026-05-12","09:49:56",19,"MANUAL",13.611,3.04,41.37744,1.62713471765428,19.909,19909,257.25,NA,NA,NA,NA,10.7535617351532,-3.68436676263809,NA,NA,0,-0.157467812299728,1.3203750774851,"NEDz",341.655974823442,0.348702400922775,0,0,0,0.157467812299728,0
1933,"0",32.22,"2026-05-12","09:49:57",19,"MANUAL",13.611,3.04,41.37744,1.62713471765428,19.909,19909,257.25,NA,NA,NA,NA,10.7535617351532,-3.68436676263809,NA,NA,0,-0.157467812299728,1.32041496826754,"NEDz",341.655974823442,0.348702400922775,0,0,0,0.157467812299728,0
1934,"0",32.23,"2026-05-12","09:49:58",19,"MANUAL",13.611,3.04,41.37744,1.62713471765428,19.909,19909,257.25,NA,NA,NA,NA,10.7535617351532,-3.68436676263809,NA,NA,0,-0.157467812299728,1.32045443025321,"NEDz",341.655974823442,0.348702400922775,0,0,0,0.157467812299728,0
1935,"0",32.25,"2026-05-12","09:49:59",19,"MANUAL",13.611,3.04,41.37744,1.62713471765428,19.909,19909,257.25,NA,NA,NA,NA,10.7535617351532,-3.68436676263809,NA,NA,0,-0.157467812299728,1.32049349340862,"NEDz",341.655974823442,0.348702400922775,0,0,0,0.157467812299728,0
1936,"0",32.27,"2026-05-12","09:50:00",19,"MANUAL",13.611,3.04,41.37744,1.62713471765428,19.909,19909,257.25,NA,NA,NA,NA,10.7535617351532,-3.68436676263809,NA,NA,0,-0.157467812299728,1.32053218770027,"NEDz",341.655974823442,0.348702400922775,0,0,0,0.157467812299728,0
1937,"0",32.28,"2026-05-12","09:50:01",19,"MANUAL",13.611,3.04,41.37744,1.62713471765428,19.909,19909,257.25,NA,NA,NA,NA,10.7535617351532,-3.68436676263809,NA,NA,0,-0.157467812299728,1.32057053948369,"NEDz",341.655974823442,0.348702400922775,0,0,0,0.157467812299728,0
1938,"0",32.3,"2026-05-12","09:50:02",19,"MANUAL",13.611,3.04,41.37744,1.62713471765428,19.909,19909,257.25,NA,NA,NA,NA,10.7535617351532,-3.68436676263809,NA,NA,0,-0.157467812299728,1.32060856067052,"NEDz",341.655974823442,0.348702400922775,0,0,0,0.157467812299728,0
1939,"0",32.32,"2026-05-12","09:50:03",19,"MANUAL",13.611,3.04,41.37744,1.62713471765428,19.909,19909,257.25,NA,NA,NA,NA,10.7535617351532,-3.68436676263809,NA,NA,0,-0.157467812299728,1.32064625956143,"NEDz",341.655974823442,0.348702400922775,0,0,0,0.157467812299728,0
1940,"0",32.33,"2026-05-12","09:50:04",19,"MANUAL",13.611,3.04,41.37744,1.62713471765428,19.909,19909,257.25,NA,NA,NA,NA,10.7535617351532,-3.68436676263809,NA,NA,0,-0.157467812299728,1.32068364445709,"NEDz",341.655974823442,0.348702400922775,0,0,0,0.157467812299728,0
1941,"0",32.35,"2026-05-12","09:50:05",19,"MANUAL",13.611,3.04,41.37744,1.62713471765428,19.909,19909,257.25,NA,NA,NA,NA,10.7535617351532,-3.68436676263809,NA,NA,0,-0.157467812299728,1.32072072365818,"NEDz",341.655974823442,0.348702400922775,0,0,0,0.157467812299728,0
1942,"0",32.37,"2026-05-12","09:50:06",19,"MANUAL",13.611,3.04,41.37744,1.62713471765428,19.909,19909,257.25,NA,NA,NA,NA,10.7535617351532,-3.68436676263809,NA,NA,0,-0.157467812299728,1.32075750546536,"NEDz",341.655974823442,0.348702400922775,0,0,0,0.157467812299728,0
1943,"0",32.38,"2026-05-12","09:50:07",19,"MANUAL",13.611,3.04,41.37744,1.62713471765428,19.909,19909,257.25,NA,NA,NA,NA,10.7535617351532,-3.68436676263809,NA,NA,0,-0.157467812299728,1.32079399817931,"NEDz",341.655974823442,0.348702400922775,0,0,0,0.157467812299728,0
1944,"0",32.4,"2026-05-12","09:50:08",19,"MANUAL",13.611,3.04,41.37744,1.62713471765428,19.909,19909,257.25,NA,NA,NA,NA,10.7535617351532,-3.68436676263809,NA,NA,0,-0.157467812299728,1.32083021010069,"NEDz",341.655974823442,0.348702400922775,0,0,0,0.157467812299728,0
1945,"0",32.42,"2026-05-12","09:50:09",19,"MANUAL",13.611,3.04,41.37744,1.62713471765428,19.909,19909,257.25,NA,NA,NA,NA,10.7535617351532,-3.68436676263809,NA,NA,0,-0.157467812299728,1.32086614953018,"NEDz",341.655974823442,0.348702400922775,0,0,0,0.157467812299728,0
1946,"0",32.43,"2026-05-12","09:50:10",19,"MANUAL",13.611,3.04,41.37744,1.62713471765428,19.909,19909,257.25,NA,NA,NA,NA,10.7535617351532,-3.68436676263809,NA,NA,0,-0.157467812299728,1.32090182476844,"NEDz",359.724422757764,0.348702400922775,0,0,0,0.157467812299728,0
1947,"0",32.45,"2026-05-12","09:50:11",19,"MANUAL",13.611,3.04,41.37744,1.62713471765428,19.909,19909,257.25,NA,NA,NA,NA,10.7535617351532,-3.68436676263809,NA,NA,0,-0.157467812299728,1.32093724411616,"NEDz",359.724422757764,0.348702400922775,0,0,0,0.157467812299728,0
1948,"0",32.47,"2026-05-12","09:50:12",19,"MANUAL",13.608,3.01,40.96008,1.6228363075369,19.909,19909,257.25,NA,NA,NA,NA,10.7535617351532,-3.68436676263809,NA,NA,0,-0.157467812299728,1.32097241587399,"NEDz",359.724422757764,0.348702400922775,0,0,0,0.157467812299728,0
1949,"0",32.48,"2026-05-12","09:50:13",19,"MANUAL",13.608,3.01,40.96008,1.6228363075369,19.909,19909,257.25,NA,NA,NA,NA,10.7535617351532,-3.68436676263809,NA,NA,0,-0.157467812299728,1.32100734834262,"NEDz",359.724422757764,0.348702400922775,0,0,0,0.157467812299728,0
1950,"0",32.5,"2026-05-12","09:50:14",19,"MANUAL",13.608,3.01,40.96008,1.6228363075369,20.039,20039,259,NA,NA,NA,NA,10.7535617351532,-3.68436676263809,NA,NA,0,-0.157467812299728,1.32104204982271,"NEDz",359.724422757764,0.348702400922775,0,0,0,0.157467812299728,0
1951,"0",32.52,"2026-05-12","09:50:15",19,"MANUAL",13.608,3.01,40.96008,1.6228363075369,20.039,20039,259,NA,NA,NA,NA,10.7535617351532,-3.68436676263809,NA,NA,0,-0.157467812299728,1.32107652861493,"NEDz",359.724422757764,0.348702400922775,0,0,0,0.157467812299728,0
1952,"0",32.53,"2026-05-12","09:50:16",19,"MANUAL",13.608,3.01,40.96008,1.6228363075369,20.039,20039,259,NA,NA,NA,NA,10.7535617351532,-3.68436676263809,NA,NA,0,-0.157467812299728,1.32111079301995,"NEDz",359.724422757764,1.15729558467865,0,0,0,0.157467812299728,0
1953,"0",32.55,"2026-05-12","09:50:17",19,"MANUAL",13.608,3.01,40.96008,1.6228363075369,20.039,20039,259,NA,NA,NA,NA,10.7535617351532,-3.68436676263809,NA,NA,0,-0.157467812299728,1.32114485133845,"NEDz",359.724422757764,1.15729558467865,0,0,0,0.157467812299728,0
1954,"0",32.57,"2026-05-12","09:50:18",19,"MANUAL",13.608,3.01,40.96008,1.6228363075369,20.039,20039,259,NA,NA,NA,NA,10.7535617351532,-3.68436676263809,NA,NA,0,-0.157467812299728,1.32117871187109,"NEDz",359.724422757764,1.15729558467865,0,0,0,0.157467812299728,0
1955,"0",32.58,"2026-05-12","09:50:20",19,"MANUAL",13.608,3.01,40.96008,1.6228363075369,20.039,20039,259,NA,NA,NA,NA,10.7535617351532,-3.68436676263809,NA,NA,0,-0.157467812299728,1.32124587278149,"NEDz",359.724422757764,1.15729558467865,0,0,0,0.157467812299728,0
1956,"0",32.6,"2026-05-12","09:50:21",19,"MANUAL",13.608,3.01,40.96008,1.6228363075369,20.039,20039,259,NA,NA,NA,NA,10.7535617351532,-3.68436676263809,NA,NA,0,-0.157467812299728,1.32127918976059,"NEDz",359.724422757764,1.15729558467865,0,0,0,0.157467812299728,0
1957,"0",32.62,"2026-05-12","09:50:22",19,"MANUAL",13.608,3.01,40.96008,1.6228363075369,20.039,20039,259,NA,NA,NA,NA,10.7535617351532,-3.68436676263809,NA,NA,0,-0.157467812299728,1.32131234215652,"NEDz",359.724422757764,1.15729558467865,0,0,0,0.157467812299728,0
1958,"0",32.63,"2026-05-12","09:50:23",19,"MANUAL",13.608,3.01,40.96008,1.6228363075369,20.039,20039,259,NA,NA,NA,NA,10.7535617351532,-3.68436676263809,NA,NA,0,-0.157467812299728,1.32134533826995,"NEDz",359.724422757764,1.15729558467865,0,0,0,0.157467812299728,0
1959,"0",32.65,"2026-05-12","09:50:24",19,"MANUAL",13.608,3.01,40.96008,1.6228363075369,20.039,20039,259,NA,NA,NA,NA,10.7535617351532,-3.68436676263809,NA,NA,0,-0.157467812299728,1.32137818640155,"NEDz",359.724422757764,1.15729558467865,0,0,0,0.157467812299728,0
1960,"0",32.67,"2026-05-12","09:50:25",19,"MANUAL",13.608,3.01,40.96008,1.6228363075369,20.039,20039,259,NA,NA,NA,NA,10.7535617351532,-3.68436676263809,NA,NA,0,-0.157467812299728,1.32141089485199,"NEDz",359.724422757764,1.15729558467865,0,0,0,0.157467812299728,0
1961,"0",32.68,"2026-05-12","09:50:26",19,"MANUAL",13.608,3.01,40.96008,1.6228363075369,20.039,20039,259,NA,NA,NA,NA,10.7535617351532,-3.68436676263809,NA,NA,0,-0.157467812299728,1.32144347192195,"NEDz",107.897345262149,1.15729558467865,0,0,0,0.157467812299728,0
1962,"0",32.7,"2026-05-12","09:50:27",19,"MANUAL",13.608,3.01,40.96008,1.6228363075369,20.039,20039,259,NA,NA,NA,NA,10.7535617351532,-3.68436676263809,NA,NA,0,-0.157467812299728,1.32147592591208,"NEDz",107.897345262149,1.15729558467865,0,0,0,0.157467812299728,0
1963,"0",32.72,"2026-05-12","09:50:28",19,"MANUAL",13.608,3.01,40.96008,1.6228363075369,20.039,20039,259,NA,NA,NA,NA,10.7535617351532,-3.68436676263809,NA,NA,0,-0.157467812299728,1.32150826512307,"NEDz",107.897345262149,1.15729558467865,0,0,0,0.157467812299728,0
1964,"0",32.73,"2026-05-12","09:50:29",19,"MANUAL",13.608,3.01,40.96008,1.6228363075369,20.039,20039,259,NA,NA,NA,NA,10.7535617351532,-3.68436676263809,NA,NA,0,-0.157467812299728,1.32154049785559,"NEDz",107.897345262149,1.15729558467865,0,0,0,0.157467812299728,0
1965,"0",32.75,"2026-05-12","09:50:30",19,"MANUAL",13.608,3.01,40.96008,1.6228363075369,20.039,20039,259,NA,NA,NA,NA,10.7535617351532,-3.68436676263809,NA,NA,0,-0.157467812299728,1.3215726324103,"NEDz",107.897345262149,1.15729558467865,0,0,0,0.157467812299728,0
1966,"0",32.77,"2026-05-12","09:50:31",19,"MANUAL",13.608,3.01,40.96008,1.6228363075369,20.039,20039,259,NA,NA,NA,NA,10.7535617351532,-3.68436676263809,NA,NA,0,-0.157467812299728,1.32160467708788,"NEDz",107.897345262149,1.15729558467865,0,0,0,0.157467812299728,0
1967,"0",32.78,"2026-05-12","09:50:32",19,"MANUAL",13.608,3.01,40.96008,1.6228363075369,20.039,20039,259,NA,NA,NA,NA,10.7535617351532,-3.68436676263809,NA,NA,0,-0.157467812299728,1.32163664018899,"NEDz",107.897345262149,1.15729558467865,0,0,0,0.157467812299728,0
1968,"0",32.8,"2026-05-12","09:50:33",19,"MANUAL",13.608,3.01,40.96008,1.6228363075369,20.039,20039,259,NA,NA,NA,NA,10.7535617351532,-3.68436676263809,NA,NA,0,-0.157467812299728,1.32166853001432,"NEDz",107.897345262149,1.15729558467865,0,0,0,0.157467812299728,0
1969,"0",32.82,"2026-05-12","09:50:35",19,"MANUAL",13.608,3.01,40.96008,1.6228363075369,20.039,20039,259,NA,NA,NA,NA,10.7535617351532,-3.68436676263809,NA,NA,0,-0.157467812299728,1.32173212304027,"NEDz",107.897345262149,1.15729558467865,0,0,0,0.157467812299728,0
1970,"0",32.83,"2026-05-12","09:50:36",19,"MANUAL",13.608,3.01,40.96008,1.6228363075369,20.039,20039,259,NA,NA,NA,NA,10.7535617351532,-3.68436676263809,NA,NA,0,-0.157467812299728,1.32176384284225,"NEDz",107.897345262149,1.15729558467865,0,0,0,0.157467812299728,0
1971,"0",32.85,"2026-05-12","09:50:37",19,"MANUAL",13.608,3.01,40.96008,1.6228363075369,20.039,20039,259,NA,NA,NA,NA,10.7535617351532,-3.68436676263809,NA,NA,0,-0.157467812299728,1.32179552257111,"NEDz",107.897345262149,1.15729558467865,0,0,0,0.157467812299728,0
1972,"0",32.87,"2026-05-12","09:50:38",19,"MANUAL",13.608,3.01,40.96008,1.6228363075369,20.039,20039,259,NA,NA,NA,NA,10.7535617351532,-3.68436676263809,NA,NA,0,-0.157467812299728,1.32182717052754,"NEDz",107.897345262149,1.15729558467865,0,0,0,0.157467812299728,0
1973,"0",32.88,"2026-05-12","09:50:39",19,"MANUAL",13.608,3.01,40.96008,1.6228363075369,20.039,20039,259,NA,NA,NA,NA,10.7535617351532,-3.68436676263809,NA,NA,0,-0.157467812299728,1.32185879501221,"NEDz",107.897345262149,1.15729558467865,0,0,0,0.157467812299728,0
1974,"0",32.9,"2026-05-12","09:50:40",19,"MANUAL",13.608,3.01,40.96008,1.6228363075369,20.039,20039,259,NA,NA,NA,NA,10.7535617351532,-3.68436676263809,NA,NA,0,-0.157467812299728,1.32189040432577,"NEDz",107.897345262149,1.15729558467865,0,0,0,0.157467812299728,0
1975,"0",32.92,"2026-05-12","09:50:41",19,"MANUAL",13.608,3.01,40.96008,1.6228363075369,20.039,20039,259,NA,NA,NA,NA,10.7535617351532,-3.68436676263809,NA,NA,0,-0.157467812299728,1.32192200676892,"NEDz",107.897345262149,1.15729558467865,0,0,0,0.157467812299728,0
1976,"0",32.93,"2026-05-12","09:50:42",19,"MANUAL",13.608,3.01,40.96008,1.6228363075369,20.039,20039,259,NA,NA,NA,NA,10.7535617351532,-3.68436676263809,NA,NA,0,-0.157467812299728,1.3219536106423,"NEDz",107.897345262149,1.15729558467865,0,0,0,0.157467812299728,0
1977,"0",32.95,"2026-05-12","09:50:43",19,"MANUAL",13.608,3.01,40.96008,1.6228363075369,20.039,20039,259,NA,NA,NA,NA,10.7535617351532,-3.68436676263809,NA,NA,0,-0.157467812299728,1.32198522424661,"NEDz",107.897345262149,1.15729558467865,0,0,0,0.157467812299728,0
1978,"0",32.97,"2026-05-12","09:50:44",19,"MANUAL",13.608,3.01,40.96008,1.6228363075369,20.039,20039,259,NA,NA,NA,NA,10.7535617351532,-3.68436676263809,NA,NA,0,-0.157467812299728,1.32201685588251,"NEDz",107.897345262149,1.15729558467865,0,0,0,0.157467812299728,0
1979,"0",32.98,"2026-05-12","09:50:45",19,"MANUAL",13.608,3.01,40.96008,1.6228363075369,20.039,20039,259,NA,NA,NA,NA,10.7535617351532,-3.68436676263809,NA,NA,0,-0.157467812299728,1.32204851385066,"NEDz",164.2791088605,1.15729558467865,0,0,0,0.157467812299728,0
1980,"0",33,"2026-05-12","09:50:46",19,"MANUAL",13.608,3.01,40.96008,1.6228363075369,20.039,20039,259,NA,NA,NA,NA,10.7535617351532,-3.68436676263809,NA,NA,0,-0.157467812299728,1.32208020645174,"NEDz",164.2791088605,1.15729558467865,0,0,0,0.157467812299728,0
1981,"0",33.02,"2026-05-12","09:50:47",19,"MANUAL",13.608,3.01,40.96008,1.6228363075369,20.039,20039,259,NA,NA,NA,NA,10.7535617351532,-3.68436676263809,NA,NA,0,-0.157467812299728,1.32211194198643,"NEDz",164.2791088605,1.15729558467865,0,0,0,0.157467812299728,0
1982,"0",33.03,"2026-05-12","09:50:48",19,"MANUAL",13.608,3.01,40.96008,1.6228363075369,20.039,20039,259,NA,NA,NA,NA,10.7535617351532,-3.68436676263809,NA,NA,0,-0.157467812299728,1.32214372875539,"NEDz",164.2791088605,1.15729558467865,0,0,0,0.157467812299728,0
1983,"0",33.05,"2026-05-12","09:50:49",19,"MANUAL",13.608,3.01,40.96008,1.6228363075369,20.039,20039,259,NA,NA,NA,NA,10.7535617351532,-3.68436676263809,NA,NA,0,-0.157467812299728,1.32217557505929,"NEDz",164.2791088605,1.15729558467865,0,0,0,0.157467812299728,0
1984,"0",33.07,"2026-05-12","09:50:50",19,"MANUAL",13.608,3.01,40.96008,1.6228363075369,20.039,20039,259,NA,NA,NA,NA,10.7535617351532,-3.68436676263809,NA,NA,0,-0.157467812299728,1.3222074891988,"NEDz",164.2791088605,1.15729558467865,0,0,0,0.157467812299728,0
1985,"0",33.08,"2026-05-12","09:50:51",19,"MANUAL",13.608,3.01,40.96008,1.6228363075369,20.039,20039,259,NA,NA,NA,NA,10.7535617351532,-3.68436676263809,NA,NA,0,-0.157467812299728,1.3222394794746,"NEDz",164.2791088605,1.15729558467865,0,0,0,0.157467812299728,0
1986,"0",33.1,"2026-05-12","09:50:52",19,"MANUAL",13.608,3.01,40.96008,1.6228363075369,20.039,20039,259,NA,NA,NA,NA,10.7535617351532,-3.68436676263809,NA,NA,0,-0.157467812299728,1.32227155418735,"NEDz",164.2791088605,1.15729558467865,0,0,0,0.157467812299728,0
1987,"0",33.12,"2026-05-12","09:50:53",19,"MANUAL",13.608,3.01,40.96008,1.6228363075369,20.039,20039,259,NA,NA,NA,NA,10.7535617351532,-3.68436676263809,NA,NA,0,-0.157467812299728,1.32230372163773,"NEDz",164.2791088605,1.15729558467865,0,0,0,0.157467812299728,0
1988,"0",33.13,"2026-05-12","09:50:54",19,"MANUAL",13.608,3.01,40.96008,1.6228363075369,20.039,20039,259,NA,NA,NA,NA,10.7535617351532,-3.68436676263809,NA,NA,0,-0.157467812299728,1.3223359901264,"NEDz",164.2791088605,1.15729558467865,0,0,0,0.157467812299728,0
1989,"0",33.15,"2026-05-12","09:50:55",19,"MANUAL",13.608,3.01,40.96008,1.6228363075369,20.039,20039,259,NA,NA,NA,NA,10.7535617351532,-3.68436676263809,NA,NA,0,-0.157467812299728,1.32236836795405,"NEDz",164.2791088605,1.15729558467865,0,0,0,0.157467812299728,0
1990,"0",33.17,"2026-05-12","09:50:56",19,"MANUAL",13.608,3.01,40.96008,1.6228363075369,20.039,20039,259,NA,NA,NA,NA,10.7535617351532,-3.68436676263809,NA,NA,0,-0.157467812299728,1.32240086342133,"NEDz",164.2791088605,1.15729558467865,0,0,0,0.157467812299728,0
1991,"0",33.18,"2026-05-12","09:50:57",19,"MANUAL",13.608,3.01,40.96008,1.6228363075369,20.039,20039,259,NA,NA,NA,NA,10.7535617351532,-3.68436676263809,NA,NA,0,-0.157467812299728,1.32243348482892,"NEDz",164.2791088605,1.15729558467865,0,0,0,0.157467812299728,0
1992,"0",33.2,"2026-05-12","09:50:58",19,"MANUAL",13.608,3.01,40.96008,1.6228363075369,20.039,20039,259,NA,NA,NA,NA,10.7535617351532,-3.68436676263809,NA,NA,0,-0.157467812299728,1.3224662404775,"NEDz",164.2791088605,1.15729558467865,0,0,0,0.157467812299728,0
1993,"0",33.22,"2026-05-12","09:50:59",19,"MANUAL",13.608,3.01,40.96008,1.6228363075369,20.039,20039,259,NA,NA,NA,NA,10.7535617351532,-3.68436676263809,NA,NA,0,-0.157467812299728,1.32249913866772,"NEDz",164.2791088605,1.15729558467865,0,0,0,0.157467812299728,0
1994,"0",33.23,"2026-05-12","09:51:00",19,"MANUAL",13.608,3.01,40.96008,1.6228363075369,20.039,20039,259,NA,NA,NA,NA,10.7535617351532,-3.68436676263809,NA,NA,0,-0.157467812299728,1.32253218770027,"NEDz",164.2791088605,1.15729558467865,0,0,0,0.157467812299728,0
1995,"0",33.25,"2026-05-12","09:51:01",19,"MANUAL",13.608,3.01,40.96008,1.6228363075369,20.039,20039,259,NA,NA,NA,NA,10.7535617351532,-3.68436676263809,NA,NA,0,-0.157467812299728,1.32256540248269,"NEDz",164.2791088605,1.15729558467865,0,0,0,0.157467812299728,0
1996,"0",33.27,"2026-05-12","09:51:02",19,"MANUAL",13.608,3.01,40.96008,1.6228363075369,20.039,20039,259,NA,NA,NA,NA,10.7535617351532,-3.68436676263809,NA,NA,0,-0.157467812299728,1.32259882435003,"NEDz",164.2791088605,1.15729558467865,0,0,0,0.157467812299728,0
1997,"0",33.28,"2026-05-12","09:51:03",19,"MANUAL",13.608,3.01,40.96008,1.6228363075369,20.039,20039,259,NA,NA,NA,NA,10.7535617351532,-3.68436676263809,NA,NA,0,-0.157467812299728,1.32263250124421,"NEDz",164.2791088605,1.15729558467865,0,0,0,0.157467812299728,0
1998,"0",33.3,"2026-05-12","09:51:04",19,"MANUAL",13.608,3.01,40.96008,1.6228363075369,20.039,20039,259,NA,NA,NA,NA,10.7535617351532,-3.68436676263809,NA,NA,0,-0.157467812299728,1.32266648110717,"NEDz",164.2791088605,1.15729558467865,0,0,0,0.157467812299728,0
1999,"0",33.32,"2026-05-12","09:51:05",19,"MANUAL",13.608,3.01,40.96008,1.6228363075369,20.039,20039,259,NA,NA,NA,NA,10.7535617351532,-3.68436676263809,NA,NA,0,-0.157467812299728,1.32270081188083,"NEDz",164.2791088605,1.15729558467865,0,0,0,0.157467812299728,0
2000,"0",33.33,"2026-05-12","09:51:06",19,"MANUAL",13.608,3.01,40.96008,1.6228363075369,20.039,20039,259,NA,NA,NA,NA,10.7535617351532,-3.68436676263809,NA,NA,0,-0.157467812299728,1.32273554150713,"NEDz",164.2791088605,1.15729558467865,0,0,0,0.157467812299728,0
2001,"0",33.35,"2026-05-12","09:51:07",19,"MANUAL",13.608,3.01,40.96008,1.6228363075369,20.039,20039,259,NA,NA,NA,NA,10.7535617351532,-3.68436676263809,NA,NA,0,-0.157467812299728,1.32277071792797,"NEDz",164.2791088605,1.15729558467865,0,0,0,0.157467812299728,0
2002,"0",33.37,"2026-05-12","09:51:08",19,"MANUAL",13.608,3.01,40.96008,1.6228363075369,20.039,20039,259,NA,NA,NA,NA,10.7535617351532,-3.68436676263809,NA,NA,0,-0.157467812299728,1.3228063890853,"NEDz",164.2791088605,1.15729558467865,0,0,0,0.157467812299728,0
2003,"0",33.38,"2026-05-12","09:51:10",19,"MANUAL",13.608,3.01,40.96008,1.6228363075369,20.039,20039,259,NA,NA,NA,NA,10.7535617351532,-3.68436676263809,NA,NA,0,-0.157467812299728,1.32287940737712,"NEDz",164.2791088605,1.15729558467865,0,0,0,0.157467812299728,0
2004,"0",33.4,"2026-05-12","09:51:11",19,"MANUAL",13.608,3.01,40.96008,1.6228363075369,20.039,20039,259,NA,NA,NA,NA,10.7535617351532,-3.68436676263809,NA,NA,0,-0.157467812299728,1.32291685039546,"NEDz",164.2791088605,1.15729558467865,0,0,0,0.157467812299728,0
2005,"0",33.42,"2026-05-12","09:51:12",19,"MANUAL",13.608,3.01,40.96008,1.6228363075369,20.039,20039,259,NA,NA,NA,NA,10.7535617351532,-3.68436676263809,NA,NA,0,-0.157467812299728,1.322954979918,"NEDz",164.2791088605,1.15729558467865,0,0,0,0.157467812299728,0
2006,"0",33.43,"2026-05-12","09:51:13",19,"MANUAL",13.608,3.01,40.96008,1.6228363075369,20.039,20039,259,NA,NA,NA,NA,10.7535617351532,-3.68436676263809,NA,NA,0,-0.157467812299728,1.32299384388665,"NEDz",164.2791088605,1.15729558467865,0,0,0,0.157467812299728,0
2007,"0",33.45,"2026-05-12","09:51:14",19,"MANUAL",13.608,3.01,40.96008,1.6228363075369,20.039,20039,259,NA,NA,NA,NA,10.7535617351532,-3.68436676263809,NA,NA,0,-0.157467812299728,1.32303349024335,"NEDz",164.2791088605,1.68754303455353,0,0,0,0.157467812299728,0
2008,"0",33.47,"2026-05-12","09:51:15",19,"MANUAL",13.608,3.01,40.96008,1.6228363075369,20.039,20039,259,NA,NA,NA,NA,10.7535617351532,-3.68436676263809,NA,NA,0,-0.157467812299728,1.32307396693002,"NEDz",164.2791088605,1.68754303455353,0,0,0,0.157467812299728,0
2009,"0",33.48,"2026-05-12","09:51:16",19,"MANUAL",13.608,3.01,40.96008,1.6228363075369,20.039,20039,259,NA,NA,NA,NA,10.7535617351532,-3.68436676263809,NA,NA,0,-0.157467812299728,1.32311532188859,"NEDz",164.2791088605,1.68754303455353,0,0,0,0.157467812299728,0
2010,"0",33.5,"2026-05-12","09:51:17",19,"MANUAL",13.608,3.01,40.96008,1.6228363075369,20.039,20039,259,NA,NA,NA,NA,10.7535617351532,-3.68436676263809,NA,NA,0,-0.157467812299728,1.32315760306099,"NEDz",164.2791088605,1.68754303455353,0,0,0,0.157467812299728,0
2011,"0",33.52,"2026-05-12","09:51:18",19,"MANUAL",13.608,3.01,40.96008,1.6228363075369,20.039,20039,259,NA,NA,NA,NA,10.7535617351532,-3.68436676263809,NA,NA,0,-0.157467812299728,1.32320085838915,"NEDz",164.2791088605,1.68754303455353,0,0,0,0.157467812299728,0
2012,"0",33.53,"2026-05-12","09:51:19",19,"MANUAL",13.608,3.01,40.96008,1.6228363075369,20.039,20039,259,NA,NA,NA,NA,10.7535617351532,-3.68436676263809,NA,NA,0,-0.157467812299728,1.32324513581498,"NEDz",164.2791088605,1.68754303455353,0,0,0,0.157467812299728,0
2013,"0",33.55,"2026-05-12","09:51:20",19,"MANUAL",13.608,3.01,40.96008,1.6228363075369,20.039,20039,259,NA,NA,NA,NA,10.7535617351532,-3.68436676263809,NA,NA,0,-0.157467812299728,1.32329048328042,"NEDz",164.2791088605,1.68754303455353,0,0,0,0.157467812299728,0
2014,"0",33.57,"2026-05-12","09:51:22",19,"MANUAL",13.608,3.01,40.96008,1.6228363075369,20.039,20039,259,NA,NA,NA,NA,10.7535617351532,-3.68436676263809,NA,NA,0,-0.157467812299728,1.32338458009784,"NEDz",164.2791088605,1.68754303455353,0,0,0,0.157467812299728,0
2015,"0",33.58,"2026-05-12","09:51:23",19,"MANUAL",13.608,3.01,40.96008,1.6228363075369,20.039,20039,259,NA,NA,NA,NA,10.7535617351532,-3.68436676263809,NA,NA,0,-0.157467812299728,1.32343342533367,"NEDz",164.2791088605,1.68754303455353,0,0,0,0.157467812299728,0
2016,"0",33.6,"2026-05-12","09:51:24",19,"MANUAL",13.608,3.01,40.96008,1.6228363075369,20.039,20039,259,NA,NA,NA,NA,10.7535617351532,-3.68436676263809,NA,NA,0,-0.157467812299728,1.32348353237682,"NEDz",164.2791088605,1.68754303455353,0,0,0,0.157467812299728,0
