Date,Time,Mode_num,Mode,Battery_V,Battery_A,Battery_W,Battery_mAh_used,Battery_Wh_used,Latitude,Longitude,EKFlat,EKFlon,DVLx,DVLy,DVLlat,DVLlon,Altitude,Depth,Depth_Source,Heading,Velocity_mps,Width,Area_m2,Distance,NEDz,VFR_alt
10/8/2025,11:03:13,19,MANUAL,13.56195783132534,4.578975903614455,62.100573795180836,3.00,0.027777777777777776,47.6260986,-122.3755388,47.6261009,-122.3755439,0.076414406,0.095284812,47.62610119870642,-122.3755452,7.1896986501762665,0.041115027,NEDz,66.64242110853368,0.43588197949420976,12.527505223792012,113.27849215034031,0.18542988,-0.041115027,0
10/8/2025,11:03:14,19,MANUAL,13.574088607594948,4.814746835443052,65.35598373417716,5.00,0.06,47.6261009,-122.3755439,47.6261009,-122.3755439,0.43325263261795044,0.12428545206785202,47.626104408172644,-122.3755448,7.219746710378913,0.036429863423109055,NEDz,9.992157395581602,0.29206246854383733,12.579861692326915,114.22449212167692,0.35801474393876465,-0.036429863,0
10/8/2025,11:03:15,19,MANUAL,13.571975903614414,4.711927710843383,63.95,6.00,0.08,47.6261003,-122.3755407,47.6260998,-122.3755435,0.6378157138824463,0.21788449585437775,47.62610624804921,-122.3755436,7.176445581826819,-0.153090864,NEDz,134.42280575103334,0.4063708622412509,12.50441275621342,112.86205099720877,0.22495963018767764,0.15309086441993713,0
10/8/2025,11:03:16,19,MANUAL,13.565752941176454,4.8322352941176385,65.55246658823528,7.00,0.08,47.6261016,-122.3755446,47.6261016,-122.3755446,1.0524382591247559,0.2624222934246063,47.626109977237824,-122.375543,6.9043527855592615,0.079226486,NEDz,337.4498397000757,0.4299986217390088,12.030311671807846,104.49152531970371,0.41700775824391767,-0.079226486,0
10/8/2025,11:03:17,19,MANUAL,13.61801818181814,2.78,37.74227321212119,8.00,0.1111111111111111,47.6260987,-122.3755412,47.6260987,-122.3755412,0.9708362221717834,0.17473790049552917,47.62610924329464,-122.3755442,7.222969563802083,-0.064606406,NEDz,318.5720521354686,0.3997726628274629,12.58547727026122,114.3515512900552,0.11978082149582657,0.064606406,0
10/8/2025,11:03:18,19,MANUAL,13.687093167701857,3.851490683229816,52.71969366459609,9.00,0.1111111111111111,47.6260974,-122.3755471,47.6260974,-122.3755471,1.0256298780441284,0.14044742286205292,47.62610973611849,-122.3755446,7.032298019954136,-0.011932767,NEDz,299.4929691007843,0.1877804205099248,12.253246549920132,108.39339886815732,0.064638855,0.011932766996324062,0
10/8/2025,11:03:19,19,MANUAL,13.584543209876607,3.8702469135802477,52.55835580246902,10.00,0.1388888888888889,47.6261017,-122.3755482,47.6261017,-122.3755482,1.1000068187713623,0.036767639219760895,47.62611040507786,-122.375546,7.148333055001718,-0.055093229,NEDz,289.3478596008353,0.3328008793386412,12.455428807957576,111.97228709979801,0.12759869453899184,0.055093228816986084,0
10/8/2025,11:03:20,19,MANUAL,13.573520270270285,4.434864864864865,60.19690317567561,12.00,0.1388888888888889,47.6261006,-122.3755523,47.6261109,-122.3755517,1.193662405014038,-0.049105093,47.626111247432775,-122.3755471,5.240202642775871,-0.1062949,NEDz,282.3136831740213,0.14880876525028333,9.130656119988279,80.95944274,0.1270649241658402,0.1062949001789093,-0.039999999
10/8/2025,11:03:21,19,MANUAL,13.570536585365813,5.142560975609775,69.78651073170728,13.00,0.16666666666666666,47.6261006,-122.3755523,47.626111,-122.375552,1.2485042810440063,-0.03926589,47.62611174069032,-122.375547,6.528597497358555,-0.083430119,NEDz,282.0485182438905,0.2251430003017914,11.375586548427801,102.80493661699569,0.055717513,0.083430119,-0.029999999
10/8/2025,11:03:22,19,MANUAL,13.548571428571458,6.129751552795016,83.04832347826121,15.00,0.19444444444444445,47.6261006,-122.3755523,47.6261138,-122.3755534,1.538390040397644,-0.134370759,47.62611434797417,-122.3755483,7.069999742211762,-0.036300667,NEDz,303.06446135740487,0.25636232625808775,12.318938944762966,109.53659485228549,0.305088003,0.036300667,0.01
10/8/2025,11:03:23,19,MANUAL,13.544231707317095,6.241768292682943,84.50005567073164,16.00,0.2222222222222222,47.6261006,-122.3755549,47.6261156,-122.3755535,1.7259018421173096,-0.163368136,47.62611603448853,-122.3755487,6.975121736526489,-0.128201455,NEDz,332.6310799390719,0.21469600144319417,12.15362120758408,106.61974806583898,0.1897406746893906,0.1282014548778534,-0.07
10/8/2025,11:03:24,19,MANUAL,13.644217391304302,3.1871428571428626,43.47811720496896,17.00,0.2222222222222222,47.6260992,-122.3755573,47.6261163,-122.3755533,1.8119229078292847,-0.18091622,47.62611680817724,-122.3755489,6.892546366460575,-0.011158748,NEDz,345.86643047617366,0.2124487468914956,12.009739880954081,104.10658149402695,0.087792705,0.011158747598528862,0.039999999
10/8/2025,11:03:25,19,MANUAL,13.570066666666683,4.591393939393932,62.30577600000016,18.00,0.25,47.6260955,-122.3755535,47.6261171,-122.3755551,1.9386616945266724,-0.313975573,47.626117948088314,-122.3755507,7.070302885228937,-0.111967005,NEDz,348.10024079005393,0.2549997087229382,12.319467148505014,109.54030075789595,0.18375938446111287,0.11196700483560562,-0.029999999
10/8/2025,11:03:26,19,MANUAL,13.652920731707244,2.1921341463414725,29.825004085365958,19.00,0.25,47.6260964,-122.3755566,47.6261175,-122.3755557,1.962559461593628,-0.339140445,47.62611816302906,-122.375551,6.954329159201645,-0.031243727,NEDz,343.0421063867985,0.18205351748208448,12.117391716790781,105.97852379058527,0.034704093,0.031243727,0.019999999552965164
10/8/2025,11:03:27,19,MANUAL,13.739535031847131,2.9102547770700573,39.98485942675153,20.00,0.25,47.6260978,-122.37556,47.6261184,-122.3755574,1.9978325366973877,-0.451114148,47.626118480281335,-122.3755525,6.990891569,-0.150183797,NEDz,338.5442010216762,0.30980679817545187,12.18109894594943,107.09872319779474,0.11739804074219677,0.1501837968826294,-0.099999994
10/8/2025,11:03:28,19,MANUAL,13.715279069767444,2.541395348837207,34.79184930232572,20.00,0.2777777777777778,47.6260982,-122.375561,47.6261185,-122.375557,2.041992188,-0.43607682,47.62611887746106,-122.3755523,6.928488171377848,-0.021224495,NEDz,333.931607,0.19166216938648112,12.072365753158415,105.2189962160955,0.046649716,0.021224495,0.049999997
10/8/2025,11:03:29,19,MANUAL,13.619962962962981,5.530987654320978,74.82,22.00,0.2777777777777778,47.6260996,-122.3755618,47.6261191,-122.375557,2.1123406887054443,-0.417073697,47.62611951018793,-122.375552,7.026172658543528,-0.1844078,NEDz,318.25651584000815,0.14960381968153846,12.242573571704668,108.20074023350737,0.072869955,0.1844078004360199,-0.129999995
10/8/2025,11:03:30,19,MANUAL,13.667581560283713,5.25,71.72225872340424,23.00,0.3055555555555556,47.6260996,-122.3755618,47.6261199,-122.3755585,2.2431094646453857,-0.584336579,47.626120686345445,-122.3755543,5.414113332193794,-0.118666425,NEDz,298.45781047472303,0.25150498229983853,9.433682321246776,81.59117929200158,0.21231425871535842,0.11866642534732819,-0.049999997
10/8/2025,11:03:31,19,MANUAL,13.505675324675297,8.687012987012961,117.32416974026009,26.00,0.3333333333333333,47.626099,-122.3755624,47.6261214,-122.3755609,2.4298462867736816,-0.745607853,47.626122365889465,-122.3755564,5.075584256803834,0.011071365,NEDz,294.57244811532075,0.2572882567326744,8.843821053521847,77.61858101921543,0.24673683264791757,-0.011071365,0.07
10/8/2025,11:03:32,19,MANUAL,13.51,8.93,120.60291920903987,28.00,0.3888888888888889,47.6260975,-122.3755658,47.6261231,-122.3755636,2.5903446674346924,-0.924016535,47.62612381,-122.3755588,6.991525345602952,-0.047619268,NEDz,301.0447706340713,0.4074954516806845,12.182203253702149,107.11680694730796,0.2399778909219876,0.047619268,-0.01
10/8/2025,11:03:33,19,MANUAL,13.495624999999956,8.969124999999982,121.0439918750003,31.00,0.4166666666666667,47.6260972,-122.3755693,47.6261255,-122.3755655,2.895382881164551,-1.102385998,47.626126553007985,-122.3755612,6.900187331438064,-0.036556661,NEDz,311.61006775359584,0.3238120382651687,12.023053683566367,104.33838038090555,0.35336097263917454,0.036556661,0.029999999329447746
10/8/2025,11:03:34,19,MANUAL,13.50346341463419,9.109512195121967,123.00785878048775,33.00,0.4444444444444444,47.626095,-122.3755743,47.626128,-122.3755682,3.1642255783081055,-1.287371993,47.62612897102678,-122.3755636,6.976463230644784,-0.125587896,NEDz,311.5942422599508,0.3842262244079171,12.155958659456868,106.65015101373233,0.3263375771526142,0.12558789551258087,-0.07
10/8/2025,11:03:35,19,MANUAL,13.49539610389616,10.235064935064932,138.12385831168882,36.00,0.4722222222222222,47.626095,-122.3755743,47.6261289,-122.3755708,3.213603973388672,-1.471615076,47.62612941514479,-122.3755661,7.055389360948042,-0.146029457,NEDz,291.8839717180295,0.25637568581800957,12.293481462257986,109.08638242830199,0.19074522152375106,0.14602945744991302,-0.079999998
10/8/2025,11:03:36,19,MANUAL,13.489999999999991,10.590061349693267,142.85992760736158,39.00,0.5277777777777778,47.6260938,-122.3755758,47.6261306,-122.3755723,3.421848773956299,-1.578680634,47.62613128813539,-122.3755675,6.963067356062813,-0.073608264,NEDz,302.3702953,0.3144417771715328,12.13261736283677,106.26607645176128,0.23415578311486338,0.073608264,-0.02
10/8/2025,11:03:37,19,MANUAL,13.497496969696986,10.440121212121246,140.91502690909135,42.00,0.5555555555555556,47.6260938,-122.3755758,47.6261335,-122.3755729,3.7741892337799072,-1.673120618,47.62613445714787,-122.3755687,6.815030118190881,-0.056899063,NEDz,320.3839772818984,0.31540174294601786,11.874673690787148,101.77229735937634,0.3647776173057289,0.056899063,0.019999999552965164
10/8/2025,11:03:38,19,MANUAL,13.621863354037261,4.415838509316763,59.74350310559053,43.00,0.5833333333333334,47.626092,-122.3755844,47.6261351,-122.3755757,3.937955617904663,-1.832387924,47.62613593,-122.3755709,6.780434715081446,-0.04077046,NEDz,318.3784820127809,0.28291999386704486,11.814393821732837,100.74329086110289,0.22844146610065494,0.04077046,0.019999999552965164
10/8/2025,11:03:39,19,MANUAL,13.74399999999998,0.99,13.603145341614924,43.00,0.5833333333333334,47.6260913,-122.375587,47.6261358,-122.3755768,3.997204542160034,-1.889311314,47.62613646298701,-122.3755716,6.955093019497321,-0.109991416,NEDz,317.18378030136626,0.2082792380766839,12.11872268548779,106.00650151277932,0.082162688,0.1099914163351059,-0.049999997
10/8/2025,11:03:40,19,MANUAL,13.707241379310283,0.8715862068965492,11.946347241379327,43.00,0.5833333333333334,47.6260919,-122.3755897,47.626136,-122.3755754,4.025807857513428,-1.834756851,47.626136720250294,-122.3755709,6.8455860729875235,-0.054937273,NEDz,315.88573047230153,0.1461897210314356,11.92791512717527,102.68804283228106,0.061598206309471035,0.054937273263931274,0
10/8/2025,11:03:41,19,MANUAL,13.710931250000048,0.94,12.93281512499999,43.00,0.5833333333333334,47.6260921,-122.3755898,47.6261372,-122.3755766,4.146867275238037,-1.891703367,47.62613780908013,-122.3755717,5.768999889492989,-0.098181702,NEDz,315.6263224629289,0.16867401541676372,10.052045261995376,87.73492882355819,0.13378448455845812,0.098181702,-0.039999999
10/8/2025,11:03:42,19,MANUAL,13.733018072289138,0.7706024096385545,10.582696987951792,44.00,0.5833333333333334,47.6260921,-122.3755898,47.626138,-122.3755771,4.241061210632324,-1.925245762,47.62613865627705,-122.3755721,6.796746834214911,-0.1150162,NEDz,315.7743300317465,0.1334130518946303,11.842816453556312,101.39632973671353,0.099987948,0.11501619964838028,-0.049999997
10/8/2025,11:03:43,19,MANUAL,13.738292682926811,0.7898780487804867,10.851585853658513,44.00,0.5833333333333334,47.6260921,-122.3755916,47.6260927,-122.3755919,-0.811217546,-3.082505941,47.626093215186124,-122.3755875,6.876219319134224,-0.15383178,NEDz,316.50417665795703,0.10439982376538398,11.981291237885435,103.60895005255972,5.183123745628563,0.15383177995681763,-0.079999998
10/8/2025,11:03:44,19,MANUAL,13.732512345679023,0.8362345679012338,11.482004320987608,44.00,0.5833333333333334,47.6260925,-122.3755937,47.626093,-122.3755935,-0.79438132,-3.198016405,47.62609336661411,-122.375589,6.784382564,-0.10850244,NEDz,316.61730695120343,0.1565573676776739,11.82127264948139,100.86959693978034,0.11673099731018184,0.10850244015455246,-0.039999999
10/8/2025,11:03:45,19,MANUAL,13.66799999999996,0.9843750000000007,13.454437500000031,44.00,0.5833333333333334,47.6260926,-122.3755945,47.626093,-122.3755936,-0.806348741,-3.151236534,47.62609325897701,-122.3755884,6.593999907374382,-0.016563211,NEDz,316.6268489347016,0.18680878661107272,11.489545293152373,95.61334257051551,0.04828639,0.016563210636377335,0.059999999
10/8/2025,11:03:46,19,MANUAL,13.73058181818181,1.0104848484848497,13.874578303030281,45.00,0.6111111111111112,47.6260926,-122.3755945,47.6260931,-122.3755942,-0.768642426,-3.208500385,47.62609359811429,-122.3755892,7.054605926166881,-0.121613987,NEDz,316.36514199256277,0.21773337893413774,12.29211639,109.08038311938199,0.068563218,0.1216139867901802,-0.059999999
10/8/2025,11:03:47,19,MANUAL,13.708546583850929,1.0500000000000014,14.393973913043432,45.00,0.6111111111111112,47.6260949,-122.3755953,47.6260941,-122.3755941,-0.638231218,-3.190304518,47.62609477105578,-122.3755889,6.778384946147848,-0.034776449,NEDz,315.63720826477544,0.1491693956141146,11.810822254651566,100.68222394879052,0.13167449518783977,0.034776449,0.029999999329447746
10/8/2025,11:03:48,19,MANUAL,13.701000000000016,0.8466666666666671,11.600179999999968,45.00,0.6111111111111112,47.6260949,-122.3755953,47.6260943,-122.3755952,-0.619215548,-3.292815685,47.62609494208608,-122.3755903,6.915999921162923,-0.118950635,NEDz,316.78743830763943,0.24716815894300287,12.050605923238436,104.8237177756742,0.10425994037212741,0.11895063519477844,-0.07
10/8/2025,11:03:49,19,MANUAL,13.70,0.7795705521472357,10.67634546012271,45.00,0.6111111111111112,47.626094,-122.3755979,47.6260944,-122.3755945,-0.60618329,-3.222855568,47.62609506,-122.3755894,6.866134842480618,-0.102012642,NEDz,317.4807213172564,0.26114678017200865,11.96371980129201,103.31661313456085,0.071163599,0.10201264172792435,-0.029999999
10/8/2025,11:03:50,19,MANUAL,13.70579577464788,0.9692957746478861,13.281307816901384,46.00,0.6111111111111112,47.626095,-122.3755959,47.6260948,-122.3755952,-0.58875066,-3.268236399,47.62609521609267,-122.37559,6.923450664735176,-0.12154837,NEDz,318.6373905934921,0.2328493176421649,12.063588279462854,105.03811204029242,0.048613952645129445,0.1215483695268631,-0.059999999
10/8/2025,11:03:51,19,MANUAL,13.632372670807467,5.414472049689434,73.80579403726703,47.00,0.6388888888888888,47.6260932,-122.3755957,47.6260947,-122.3755947,-0.584086895,-3.281746864,47.62609521609267,-122.37559,5.826521740196655,-0.117064618,NEDz,318.87269583476734,0.1485655538691497,10.152272729130562,86.16991161700612,0,0.11706461757421494,-0.049999997
10/8/2025,11:03:52,19,MANUAL,13.605288343558245,5.029754601226999,68.04090588957023,48.00,0.6388888888888888,47.6260939,-122.3755957,47.626095,-122.3755954,-0.543337226,-3.29525733,47.626095582602424,-122.3755901,6.737545978803576,-0.307586104,NEDz,320.7026289670947,0.11380101041011284,11.739663447915333,99.47072681878835,0.04293097,0.30758610367774963,-0.229999989
10/8/2025,11:03:53,19,MANUAL,13.696871951219508,0.9801219512195124,13.392017743902464,48.00,0.6388888888888888,47.6260939,-122.3755957,47.6260958,-122.375595,-0.471007049,-3.276550531,47.62609623315285,-122.3755899,6.6609755143886655,-0.589999974,VFR_alt,322.2921132365141,0.093162295,11.60624521,97.22973069174317,0.074710098,0.6652280688285828,-0.589999974
10/8/2025,11:03:54,19,MANUAL,13.49399999999998,9.479815950920258,127.92063644171778,51.00,0.6944444444444444,47.6260931,-122.3755967,47.6260959,-122.3755947,-0.48053351,-3.256119251,47.62609614747017,-122.3755896,6.2957667748620905,-0.75,VFR_alt,329.0907951396649,0.096349453,10.969896653168794,86.89556116912368,0.022543085,0.8267437815666199,-0.75
10/8/2025,11:03:55,19,MANUAL,13.505672727272728,9.247999999999973,124.89975963636375,53.00,0.7222222222222222,47.6260927,-122.3755941,47.6260953,-122.3755948,-0.54325521,-3.236455917,47.626095583340096,-122.3755894,6.140969643448338,-0.909999967,VFR_alt,329.4948258004022,0.081398281,10.700174378735765,82.63613951602932,0.065731714,0.9853531718254089,-0.909999967
10/8/2025,11:03:56,19,MANUAL,13.500276729559713,9.263396226415082,125.05847446540878,56.00,0.75,47.6260925,-122.375596,47.626095,-122.3755942,-0.577026486,-3.20996666,47.62609527959526,-122.375589,6.063584711566661,-1.230000019,VFR_alt,331.9051061,0.06322739,10.565336997426801,80.58496422,0.042920623,1.3183790445327759,-1.230000019
10/8/2025,11:03:57,19,MANUAL,13.50373780487802,9.17,123.7957704878047,58.00,0.7777777777777778,47.6260935,-122.3755923,47.6260947,-122.375594,-0.608109236,-3.183447361,47.626095000031505,-122.3755887,5.7371340030577125,-1.559999943,VFR_alt,332.92935565367134,0.046973233,9.996521368964174,72.14004590427349,0.04085842,1.6324340105056763,-1.559999943
10/8/2025,11:03:58,19,MANUAL,13.564670807453437,6.345341614906857,86.14655484472047,60.00,0.8055555555555556,47.6260941,-122.3755935,47.6260949,-122.3755931,-0.574628174,-3.103864431,47.6260953,-122.3755876,5.458198710257963,-1.669999957,VFR_alt,336.2724642007144,0.084647563,9.510497752722209,65.29338527102732,0.086339007,1.7445192337036133,-1.669999957
10/8/2025,11:03:59,19,MANUAL,13.595742514970057,3.667365269461079,49.852822934131616,61.00,0.8055555555555556,47.6260946,-122.3755934,47.6260952,-122.3755906,-0.536533833,-2.90565896,47.62609564379333,-122.375585,5.237784394,-1.799999952,VFR_alt,227.23267283883396,0.1736482015091502,9.126442505,60.12907075805885,0.20183306870644363,1.873698115348816,-1.799999952
10/8/2025,11:04:00,19,MANUAL,13.492126760563355,6.744999999999994,91.00470112676047,63.00,0.8333333333333334,47.6260945,-122.3755894,47.6260954,-122.3755887,-0.523120701,-2.784520388,47.62609576,-122.3755834,5.0426055679858575,-2.079999924,VFR_alt,11.03138285282586,0.10902399931785087,8.786358186642024,55.73220070829548,0.12187889843466672,2.160688638687134,-2.079999924
10/8/2025,11:04:01,19,MANUAL,13.498850000000019,9.38,126.60278881249974,65.00,0.8888888888888888,47.6261006,-122.3755889,47.6260957,-122.3755884,-0.472614735,-2.783052444,47.62609621869301,-122.3755833,3.805312508,-2.429999828,VFR_alt,21.446035309233615,0.065139493,6.630468764539907,39.09437192702795,0.050527294144498594,2.5138843059539795,-2.429999828
10/8/2025,11:04:02,19,MANUAL,13.499239263803652,9.401288343558292,126.91007680981579,68.00,0.9166666666666666,47.6261007,-122.3755887,47.6260964,-122.375589,-0.392961442,-2.83085537,47.626096935108826,-122.375584,4.287484467395244,-2.839999914,VFR_alt,23.888757513033617,0.036854954,7.470616875,40.31295082523461,0.092896538,2.924683094024658,-2.839999914
10/8/2025,11:04:03,19,MANUAL,13.503037267080726,9.312608695652171,125.75,70.00,0.9444444444444444,47.6261005,-122.3755905,47.626097,-122.3755895,-0.332576722,-2.866405249,47.62609748,-122.3755844,3.8909316285056357,-3.269999981,VFR_alt,24.820084660572565,0.032680545,6.7796535951234524,33.215400378481135,0.070072166,3.3581745624542236,-3.269999981
10/8/2025,11:04:04,19,MANUAL,13.504481249999966,9.209312500000015,124.36706287500019,73.00,0.9722222222222222,47.6261008,-122.3755896,47.6260972,-122.3755897,-0.312663496,-2.878406048,47.62609765732278,-122.3755846,3.491687458753586,-3.730000019,VFR_alt,25.155794318891203,0.009452242,6.084000875100942,26.761301468272023,0.023249855166039474,3.8111703395843506,-3.730000019
10/8/2025,11:04:05,19,MANUAL,13.502305882352925,9.229058823529432,124.61364447058834,76.00,1.0277777777777777,47.6260974,-122.3755913,47.6260972,-122.3755897,-0.322128177,-2.869193554,47.62609765732278,-122.3755846,3.0848823084550747,-4.179999828,VFR_alt,25.46687326759922,0.021632178122287286,5.375173719277785,20.897301832246335,0,4.262816905975342,-4.179999828
10/8/2025,11:04:06,19,MANUAL,13.505518292682922,4.611219512195114,62.26009591463445,77.00,1.0277777777777777,47.6260971,-122.375589,47.6260972,-122.3755894,-0.326654375,-2.844075203,47.626097616613364,-122.3755843,2.6736585134413184,-4.529999733,VFR_alt,25.86846097,0.021190333,4.658647409784126,15.691689840993224,0.025522892,4.6058549880981445,-4.529999733
10/8/2025,11:04:07,19,MANUAL,13.660055900621126,1.9927950310559013,27.141329875776368,78.00,1.0555555555555556,47.6260985,-122.3755902,47.6260973,-122.3755892,-0.302412033,-2.83555913,47.62609783465327,-122.3755842,2.3801862882531206,-4.809999943,VFR_alt,26.18309522534319,0.017238394287848693,4.147294290138007,12.431567312399508,0.025694642,4.886283874511719,-4.809999943
10/8/2025,11:04:08,19,MANUAL,13.67237209302325,2.608430232558141,35.53032372093023,79.00,1.0555555555555556,47.6260999,-122.3755894,47.6260976,-122.3755894,-0.27209267,-2.862606287,47.62609811,-122.3755845,2.094302243964617,-4.989999771,VFR_alt,26.229121725736515,0.023083478634700526,3.649163000847454,9.628332256,0.040630192,5.065879821777344,-4.989999771
10/8/2025,11:04:09,19,MANUAL,13.564833333333333,2.9332258064516026,39.79,79.00,1.0555555555555556,47.6260991,-122.3755898,47.6260976,-122.3755901,-0.273820639,-2.910143614,47.62609809180934,-122.3755851,1.8212902924065948,-5.170000076,VFR_alt,25.47906991620334,0.023973260475422746,3.1734603579811913,7.306815676911151,0.047568722029090814,5.2406721115112305,-5.170000076
10/8/2025,11:04:10,19,MANUAL,13.643254335260147,2.115549132947973,28.780240520231224,80.00,1.0833333333333333,47.626098,-122.3755898,47.6260977,-122.3755903,-0.260364205,-2.920011282,47.62609809180934,-122.3755851,1.6063005510782231,-5.400000095,VFR_alt,24.339705209392392,0.028752454,2.7988570208181103,5.669139916143635,0,5.477316379547119,-5.400000095
10/8/2025,11:04:11,19,MANUAL,13.636369565217352,2.2386956521739023,30.466864347826032,81.00,1.0833333333333333,47.6260967,-122.3755881,47.6260979,-122.3755904,-0.234926835,-2.929491043,47.62609832059755,-122.3755853,1.519891279547111,-5.609999657,VFR_alt,22.576950947891447,0.032308453714232084,2.648295411332089,5.0679777394783505,0.027146375,5.683801651000977,-5.609999657
10/8/2025,11:04:12,19,MANUAL,13.567122340425538,2.9337234042553146,39.80234659574479,81.00,1.0833333333333333,47.6260948,-122.3755871,47.6260979,-122.3755904,-0.239150673,-2.93367815,47.62609832059755,-122.3755853,1.3406382513807176,-5.809999943,VFR_alt,20.73206645041352,0.021668187000768932,2.3359605895270135,3.9492264540807787,0,5.885363578796387,-5.809999943
10/8/2025,11:04:13,19,MANUAL,13.659882352941208,2.4229411764705966,32.98297764705861,82.00,1.1111111111111112,47.6260935,-122.3755869,47.6260978,-122.3755905,-0.26707077,-2.934425354,47.62609806947925,-122.3755853,1.149411739512561,-5.929999828,VFR_alt,19.639208755696647,0.012324497656508244,2.0027628794537042,2.899639946319965,0.027930094,5.998807907104492,-5.929999828
10/8/2025,11:04:14,19,MANUAL,13.714436842105261,0.8119473684210502,11.134459736842144,82.00,1.1111111111111112,47.626094,-122.3755888,47.6260976,-122.3755905,-0.282089502,-2.935338736,47.62609806947925,-122.3755853,1.0441052210958381,-5.980000019,VFR_alt,17.64323087198374,0.013940773,1.8192742488791172,2.3898618759410697,0,6.0445756912231445,-5.980000019
10/8/2025,11:04:15,19,MANUAL,13.692005434782615,0.8258695652173885,11.307810869565257,82.00,1.1111111111111112,47.626094,-122.3755888,47.6260976,-122.3755906,-0.278546363,-2.946434975,47.62609806947925,-122.3755853,0.9884238716052927,-6.009999752,VFR_alt,14.715049393631533,0.020255186,1.7222537156758906,2.1409784853053164,0,6.071812629699707,-6.009999752
10/8/2025,11:04:16,19,MANUAL,13.692666666666666,0.8330107526881729,11.406160215053719,82.00,1.1111111111111112,47.6260949,-122.3755901,47.6260976,-122.3755908,-0.279161096,-2.96426034,47.62609806947925,-122.3755853,0.9712902903556824,-6.029999733,VFR_alt,11.211100586385616,0.024285702575598995,1.6923997483470243,2.0672420463487695,0,6.091020584106445,-6.029999733
10/8/2025,11:04:17,21,SURFTRAK,13.71412765957447,0.7732446808510627,10.604156489361744,83.00,1.1111111111111112,47.6260969,-122.3755869,47.6260977,-122.375591,-0.256600827,-2.978093863,47.626098272390294,-122.3755855,0.9632446562990229,-6.039999962,VFR_alt,7.593420468492586,0.035015138,1.6783808405210268,2.0331599109425738,0.026463788,6.105438709259033,-6.039999962
10/8/2025,11:04:18,21,SURFTRAK,13.62018085106377,1.6709574468085042,22.758747872340443,83.00,1.1111111111111112,47.6260978,-122.3755923,47.6260979,-122.3755913,-0.241144389,-2.999027729,47.62609841140823,-122.3755857,0.9563297692765581,-6.079999924,VFR_alt,3.618322529042312,0.03144349,1.6663321737394592,2.004077182349325,0.026021688,6.142937183380127,-6.079999924
10/8/2025,11:04:19,21,SURFTRAK,13.635936170212792,1.6414893617021244,22.383298936170238,84.00,1.1388888888888888,47.6260991,-122.3755887,47.626098,-122.3755913,-0.220035687,-2.987728834,47.62609860126363,-122.3755856,0.9138829612985571,-6.119999886,VFR_alt,2.5134346539197483,0.011188611175191212,1.5923718265050617,1.8313079887060322,0.023942479368306933,6.182908535003662,-6.119999886
10/8/2025,11:04:20,21,SURFTRAK,13.640562130177484,1.526982248520708,20.82714869822494,84.00,1.1388888888888888,47.6261008,-122.3755936,47.6260983,-122.3755911,-0.188098907,-2.973150969,47.62609888850868,-122.3755854,0.8382840078963331,-6.179999828,VFR_alt,2.520889462197777,0.029632301141436283,1.4606463773951226,1.540742264954727,0.035106581,6.249236583709717,-6.179999828
10/8/2025,11:04:21,21,SURFTRAK,13.656984293193725,1.300890052356016,17.766233141361305,84.00,1.1388888888888888,47.6261027,-122.3755922,47.6260987,-122.3755909,-0.138041988,-2.961000443,47.62609933872948,-122.3755852,0.7737696192651519,-6.239999771,VFR_alt,2.671529479575125,0.036228312,1.3482349426589804,1.3132296209097118,0.051510489,6.304760456085205,-6.239999771
10/8/2025,11:04:22,21,SURFTRAK,13.64572972972973,1.419999999999995,19.37693621621622,85.00,1.1388888888888888,47.6261021,-122.375591,47.6260991,-122.3755909,-0.107814409,-2.95788765,47.626099610601685,-122.3755852,0.7284324011287173,-6.25,VFR_alt,3.0013995580923436,0.026559879990747652,1.2692382746939739,1.1627828725250495,0.030387431989778245,6.313350677490234,-6.25
10/8/2025,11:04:23,21,SURFTRAK,13.645941489361682,1.4425000000000032,19.684166117021295,85.00,1.1388888888888888,47.6261016,-122.3755909,47.6260991,-122.3755909,-0.104211457,-2.966876268,47.626099610601685,-122.3755852,0.7356914665470732,-6.199999809,VFR_alt,3.2837331057639108,0.009108222,1.2818866462562661,1.186118817281481,0,6.266768455505371,-6.199999809
10/8/2025,11:04:24,21,SURFTRAK,13.631043243243248,1.582648648648649,21.57315508108103,86.00,1.1666666666666667,47.6261012,-122.3755933,47.6260992,-122.3755911,-0.092464641,-2.984023809,47.626099716254636,-122.3755854,0.7817837644267727,-6.119999886,VFR_alt,3.377398509076231,0.015120834268226817,1.3621989834708925,1.3402003234867508,0.020785231728005976,6.1870646476745605,-6.119999886
10/8/2025,11:04:25,21,SURFTRAK,13.631765624999952,1.6451562499999948,22.426396875000037,86.00,1.1666666666666667,47.6261014,-122.3755906,47.6260994,-122.3755912,-0.06488993,-2.986874104,47.626099964266466,-122.3755855,0.8398958072066307,-6.029999733,VFR_alt,3.230679689747762,0.023621214,1.4634548155873075,1.5462485434037252,0.027721631235071705,6.098167419433594,-6.029999733
10/8/2025,11:04:26,21,SURFTRAK,13.629786885245876,1.6862295081967154,22.983000983606598,87.00,1.1666666666666667,47.6261014,-122.3755906,47.6260997,-122.3755911,-0.027131233,-2.975528002,47.62610030387487,-122.3755853,0.9170491555349423,-5.940000057,VFR_alt,2.996096387769589,0.035280991,1.5978886800987655,1.845147683974921,0.039426555,6.007495403289795,-5.940000057
10/8/2025,11:04:27,21,SURFTRAK,13.623999999999974,1.7450526315789552,23.77459705263159,87.00,1.1666666666666667,47.6261022,-122.3755904,47.6261002,-122.3755908,0.022270005,-2.951928139,47.62610074819837,-122.375585,0.9989473339758421,-5.859999657,VFR_alt,2.8366496309125213,0.048086306,1.740590051624576,2.1878097101152414,0.054748843891167326,5.922402858734131,-5.859999657
10/8/2025,11:04:28,21,SURFTRAK,13.62919672131149,1.7429508196721302,23.754745027322404,87.00,1.1666666666666667,47.6260999,-122.3755964,47.6261006,-122.3755906,0.061065115,-2.938050508,47.626101097128455,-122.3755848,1.0667212927927736,-5.799999714,VFR_alt,3.2911283544525065,0.04696209,1.858681040472256,2.4941913663623207,0.041202538,5.8684587478637695,-5.799999714
10/8/2025,11:04:29,21,SURFTRAK,13.63485638297876,1.651170212765959,22.513455957446705,88.00,1.1944444444444444,47.6261014,-122.3755933,47.6261008,-122.3755906,0.082044572,-2.941123724,47.62610128582139,-122.3755849,1.1136702235708846,-5.779999733,VFR_alt,3.8414427269162177,0.017466380067684865,1.9404859956159308,2.7181084125169455,0.021203354753297377,5.841690540313721,-5.779999733
10/8/2025,11:04:30,21,SURFTRAK,13.626017441860471,1.7206976744185993,23.44625616279076,88.00,1.1944444444444444,47.6261031,-122.3755958,47.6261008,-122.375591,0.081021413,-2.979908705,47.62610127661893,-122.3755854,1.122965118219686,-5.769999981,VFR_alt,4.436767541849299,0.024018878128033046,1.9566816453827833,2.763298351632321,0.038798474,5.831971645355225,-5.769999981
10/8/2025,11:04:31,21,SURFTRAK,13.632122994652445,1.6483422459893067,22.47025454545445,89.00,1.1944444444444444,47.6261042,-122.3755953,47.6261008,-122.3755915,0.08648584,-3.018223524,47.62610132576695,-122.3755859,1.1133155191645903,-5.769999981,VFR_alt,5.174395382804719,0.021229566448432876,1.9398679500595088,2.716016181149721,0.038702523755900664,5.838574409484863,-5.769999981
10/8/2025,11:04:32,21,SURFTRAK,13.64,1.624301075268817,22.148074623656004,89.00,1.1944444444444444,47.6261042,-122.3755953,47.6261011,-122.3755916,0.11887260526418686,-3.016030312,47.626101617059255,-122.3755859,1.0953225858749882,-5.809999943,VFR_alt,5.649559024317023,0.03435244,1.9085166269033864,2.6290819532026664,0.032460941464496844,5.877994537353516,-5.809999943
10/8/2025,11:04:33,21,SURFTRAK,13.630941798941796,1.5817460317460383,21.56068645502642,90.00,1.2222222222222223,47.6261048,-122.3755965,47.6261015,-122.3755913,0.17200252413749695,-2.98907423,47.626102094919155,-122.3755855,1.0761375420938724,-5.869999886,VFR_alt,5.844224313603973,0.048735299,1.8750881415272074,2.538007092254045,0.059576997267480246,5.931700706481934,-5.869999886
10/8/2025,11:04:34,21,SURFTRAK,13.631387096774228,1.59,21.650978709677382,90.00,1.2222222222222223,47.6261049,-122.3755958,47.626102,-122.3755911,0.21765735745429993,-2.977606058,47.62610250554681,-122.3755853,1.0369354486465454,-5.889999866,VFR_alt,6.015338025,0.039266276,1.8067814635508042,2.3566199260266054,0.047073164,5.953967571258545,-5.889999866
10/8/2025,11:04:35,21,SURFTRAK,13.637415789473698,1.5894736842105266,21.676312421052568,91.00,1.2222222222222223,47.6261076,-122.3755953,47.6261022,-122.3755912,0.24255138635635376,-2.984974146,47.62610272944811,-122.3755854,1.012736829958464,-5.879999638,VFR_alt,6.245403555,0.017837238,1.7646172037155108,2.247538136352076,0.025961537,5.948601722717285,-5.879999638
10/8/2025,11:04:36,21,SURFTRAK,13.634054347826098,1.5148369565217343,20.653369130434825,91.00,1.2222222222222223,47.6261104,-122.3755983,47.6261024,-122.3755914,0.2639096975326538,-3.011440992,47.62610292154854,-122.3755858,1.0006521567702293,-5.859999657,VFR_alt,6.438141418055653,0.013156115973327795,1.7435605761905533,2.1942242997634374,0.034009872,5.926599502563477,-5.859999657
10/8/2025,11:04:37,21,SURFTRAK,13.642994535519113,1.555245901639345,21.218166338797918,92.00,1.2222222222222223,47.6261104,-122.3755983,47.6261026,-122.3755919,0.2995941638946533,-3.047780037,47.62610324250093,-122.3755863,1.006284147012429,-5.849999905,VFR_alt,8.154194761666375,0.044324239,1.7533738925216622,2.21908064,0.050930416254613434,5.910524845123291,-5.849999905
10/8/2025,11:04:38,21,SURFTRAK,13.595793814432946,2.5150515463917653,34.19534443298963,92.00,1.25,47.6261154,-122.3756016,47.6261034,-122.3755925,0.3848121762275696,-3.092463017,47.626104008966834,-122.3755869,1.0222164736580603,-5.849999905,VFR_alt,10.403835075057643,0.054204341600236204,1.7811347647072318,2.289836893,0.096222026,5.917893409729004,-5.849999905
10/8/2025,11:04:39,21,SURFTRAK,13.589924731182737,6.0287634408602155,81.92617123655907,94.00,1.2777777777777777,47.6261122,-122.3755982,47.6261038,-122.3755937,0.3976114094257355,-3.191114426,47.62610412,-122.3755882,1.047311782836914,-5.859999657,VFR_alt,226.4920819307105,0.075916641,1.824861439791598,2.403661828358756,0.099478243,5.929471015930176,-5.859999657
10/8/2025,11:04:40,21,SURFTRAK,13.498538011695917,9.672046783625694,130.55484959064353,96.00,1.3055555555555556,47.62611,-122.3755999,47.6261024,-122.3755945,0.23241299390792847,-3.23712492,47.62610263826159,-122.3755888,1.0344444115956624,-5.869999886,VFR_alt,305.6401409538574,0.1281392569953238,1.8024410202045686,2.345132883964588,0.17148609876337872,5.939051628112793,-5.869999886
10/8/2025,11:04:41,21,SURFTRAK,13.557983783783733,6.458702702702691,87.55681697297288,98.00,1.3333333333333333,47.6261122,-122.3756027,47.626101,-122.3755939,0.082889788,-3.175369501,47.62610129342338,-122.375588,1.066432369077528,-5.859999657,VFR_alt,258.33431003742334,0.15125492489015735,1.858177612786607,2.492630981780287,0.16177428997648333,5.922786712646484,-5.859999657
10/8/2025,11:04:42,21,SURFTRAK,13.556110526315821,3.604736842105271,48.86637299999983,99.00,1.3333333333333333,47.6261094,-122.3756038,47.6261005,-122.3755938,0.041948091238737106,-3.197241306,47.62610092518651,-122.3755883,1.1142631518213373,-5.839999676,VFR_alt,241.64109476828537,0.13086226923685323,1.9415191281735373,2.7210872894027953,0.046417651641911375,5.901432514190674,-5.839999676
10/8/2025,11:04:43,21,SURFTRAK,13.543459459459484,4.417297297297282,59.83599956756773,100.00,1.3333333333333333,47.6261082,-122.375604,47.6261001,-122.3755954,-0.012718947,-3.311861038,47.62610043350148,-122.3755898,1.1531891623058834,-5.849999905,VFR_alt,228.6841755636875,0.074143828,2.009344752502671,2.9150091764801793,0.12698884980805888,5.911035060882568,-5.849999905
10/8/2025,11:04:44,21,SURFTRAK,13.538382513661189,6.618415300546438,89.61778836065601,102.00,1.3888888888888888,47.6261066,-122.3756046,47.6260996,-122.3755965,-0.065985516,-3.407537937,47.62609995441252,-122.3755911,1.1623496911564812,-5.900000095,VFR_alt,224.0364171728096,0.098274905,2.025306280045379,2.961086207248683,0.10950523444686627,5.966372013092041,-5.900000095
10/8/2025,11:04:45,21,SURFTRAK,13.499325966850812,8.361602209944747,112.8758792265196,104.00,1.4166666666666667,47.6261053,-122.3756041,47.6260986,-122.375598,-0.19424963,-3.503079176,47.62609880078235,-122.3755923,1.1765745364500013,-5.940000057,VFR_alt,211.47579038473944,0.14243885998238517,2.0500919953295433,3.034548890823256,0.15993689791792068,6.002861022949219,-5.940000057
10/8/2025,11:04:46,21,SURFTRAK,13.532234042553167,8.749308510638313,118.37976734042599,107.00,1.4444444444444444,47.6261012,-122.3756031,47.626097,-122.3755989,-0.370285749,-3.57637763,47.626097217482304,-122.3755933,1.1943616359791858,-5.96999979,VFR_alt,197.00860239862567,0.18959163969501536,2.081084668751606,3.126099978,0.1906865982585824,6.032170295715332,-5.96999979
10/8/2025,11:04:47,21,SURFTRAK,13.527723404255298,7.3430319148936425,99.32897659574469,109.00,1.4722222222222223,47.6260996,-122.3756042,47.6260954,-122.3755993,-0.553690195,-3.599420547,47.62609556791024,-122.3755936,1.1760637810889711,-5.980000019,VFR_alt,180.37962210786614,0.18507205996107548,2.049202042806535,3.030800196565179,0.18484633271716427,6.045884609222412,-5.980000019
10/8/2025,11:04:48,21,SURFTRAK,13.520198895027608,7.334419889502737,99.16287049723739,111.00,1.50,47.6260996,-122.3756043,47.6260937,-122.3756002,-0.734826863,-3.675766706,47.62609393873496,-122.3755946,1.1850275670625887,-6,VFR_alt,184.34948489859678,0.190237769,2.064820760790869,3.077725773799217,0.1965686353082785,6.067198276519775,-6
10/8/2025,11:04:49,21,SURFTRAK,13.549927083333344,6.192708333333354,83.89517208333378,112.00,1.5277777777777777,47.6261017,-122.3756048,47.6260921,-122.3756013,-0.916630805,-3.749023914,47.6260923,-122.3755956,1.1968749550481637,-6.029999733,VFR_alt,190.50094752543967,0.19718803853417435,2.0854639368263452,3.1395149182572752,0.19600839709649925,6.094482422,-6.029999733
10/8/2025,11:04:50,21,SURFTRAK,13.558485380116956,5.369707602339162,72.80522701754403,114.00,1.5277777777777777,47.6260951,-122.3755979,47.6260905,-122.3756015,-1.094777822,-3.768480062,47.62609070127226,-122.3755959,1.2328654966856305,-6.079999924,VFR_alt,187.86401141971564,0.21248413378383682,2.148174729073452,3.33080617,0.17920631045607102,6.142382621765137,-6.079999924
10/8/2025,11:04:51,21,SURFTRAK,13.56525668449202,4.802352941176479,65.14515999999993,115.00,1.5555555555555556,47.6260903,-122.3755974,47.6260889,-122.3756021,-1.269192815,-3.816418886,47.62608913255292,-122.3755965,1.228663122,-6.119999886,VFR_alt,187.8146524178495,0.20058833341547513,2.140852409463095,3.3080855418284183,0.18088316773007532,6.181283473968506,-6.119999886
10/8/2025,11:04:52,21,SURFTRAK,13.583166666666662,4.532849462365587,61.57208892473132,116.00,1.5833333333333333,47.6260904,-122.3755953,47.6260874,-122.3756027,-1.43969059,-3.854853392,47.62608759906573,-122.375597,1.2602688074111938,-6.150000095,VFR_alt,186.3726883959871,0.1895333315416049,2.1959229220043577,3.480813161991527,0.17477614973629851,6.219054698944092,-6.150000095
10/8/2025,11:04:53,21,SURFTRAK,13.582728260869557,3.8928804347826165,52.87027320652162,117.00,1.5833333333333333,47.62609,-122.3755957,47.6260861,-122.3756027,-1.577086926,-3.839217901,47.62608636329874,-122.3755968,1.2802717102610546,-6.199999809,VFR_alt,181.90094261889735,0.1593117232070021,2.2307764648488124,3.5917207544123166,0.13828312115872785,6.2619805335998535,-6.199999809
10/8/2025,11:04:54,21,SURFTRAK,13.556925531914867,5.716276595744673,77.49512468085089,119.00,1.6111111111111112,47.6260905,-122.3755968,47.6260849,-122.375602,-1.712580323,-3.786043882,47.62608514464712,-122.3755961,1.257712759,-6.25,VFR_alt,175.34264346515974,0.15649948150236556,2.1914692005943643,3.4666559643262316,0.14555389759619297,6.316030502319336,-6.25
10/8/2025,11:04:55,21,SURFTRAK,13.54765405405403,6.1867567567567825,83.81496497297277,121.00,1.6388888888888888,47.626093,-122.3755973,47.6260835,-122.3756015,-1.869121909,-3.749962568,47.626083736684365,-122.3755956,1.2324865031886745,-6.319999695,VFR_alt,175.1447734551994,0.19284155819867108,2.1475143616166346,3.3286414687757695,0.1606459752041394,6.379446983337402,-6.319999695
10/8/2025,11:04:56,21,SURFTRAK,13.508399999999984,9.052842105263133,122.2764255789478,123.00,1.6666666666666667,47.6260858,-122.3755917,47.6260815,-122.3756015,-2.098493814,-3.765513182,47.62608167367282,-122.3755958,1.2051578785243788,-6.359999657,VFR_alt,181.7299506772035,0.2487813689206776,2.099896303489447,3.183048212502949,0.22989843959993697,6.426685333251953,-6.359999657
10/8/2025,11:04:57,21,SURFTRAK,13.50299462365592,9.391290322580636,126.8105419892477,126.00,1.6944444444444444,47.6260852,-122.3755895,47.6260793,-122.3756021,-2.345009565,-3.810740709,47.626079456466485,-122.3755964,1.2583333253860474,-6.409999847,VFR_alt,184.99861671721973,0.2656594596562847,2.192550491202966,3.4706109906860334,0.2506302948345911,6.47135067,-6.409999847
10/8/2025,11:04:58,21,SURFTRAK,13.499564516129015,9.58,129.3662590860219,129.00,1.7222222222222223,47.626082,-122.3755881,47.6260774,-122.3756022,-2.558353186,-3.812401533,47.62607753761617,-122.3755964,1.2836558818817139,-6.489999771,VFR_alt,183.33083074670512,0.23945731397277564,2.2366731275211733,3.610791880788137,0.2133500847400895,6.549890041351318,-6.489999771
10/8/2025,11:04:59,21,SURFTRAK,13.510603174603142,8.86,119.74251111111097,131.00,1.7777777777777777,47.6260803,-122.3755822,47.6260756,-122.3756013,-2.756679058,-3.734840393,47.62607575383814,-122.3755954,1.2725396610441662,-6.569999695,VFR_alt,178.4912109064534,0.22614372044644027,2.217303954849689,3.5488646032881626,0.21295276969114202,6.631662368774414,-6.569999695
10/8/2025,11:05:00,21,SURFTRAK,13.509094674556223,9.060769230769269,122.40281958579892,134.00,1.8055555555555556,47.6260785,-122.3755852,47.6260738,-122.3756004,-2.948400497,-3.665242434,47.62607402946155,-122.3755945,1.2666863746191623,-6.659999847,VFR_alt,175.15450262395123,0.21935319433198172,2.2071050466849087,3.516052239905923,0.20396319834715873,6.718687057495117,-6.659999847
10/8/2025,11:05:01,21,SURFTRAK,13.514962765957419,8.926489361702108,120.64195202127672,136.00,1.8333333333333333,47.6260791,-122.3755813,47.6260722,-122.3755995,-3.132889748,-3.595430851,47.62607237013255,-122.3755936,1.2271276350985183,-6.739999771,VFR_alt,174.9898206702376,0.21223670553336751,2.1381769399443824,3.3004778522334877,0.1972560277745581,6.806663513183594,-6.739999771
10/8/2025,11:05:02,21,SURFTRAK,13.51841847826085,8.373641304347794,113.19842472826068,138.00,1.8611111111111112,47.6260775,-122.37558,47.6260704,-122.3755988,-3.330009937,-3.544082165,47.62607059719863,-122.3755929,1.1874455926210985,-6.809999943,VFR_alt,175.23893679032253,0.21926019518919612,2.069033987142818,3.0897954457520096,0.20369844562636266,6.877826214,-6.809999943
10/8/2025,11:05:03,21,SURFTRAK,13.516999999999998,8.341276595744654,112.74903574468077,141.00,1.8888888888888888,47.6260756,-122.3755774,47.6260687,-122.375598,-3.520725489,-3.482859373,47.626068881869166,-122.3755921,1.1776595242480015,-6.889999866,VFR_alt,175.2079637605808,0.20518118674133687,2.0519825043715123,3.0391152085766113,0.2003014022838215,6.951824665,-6.889999866
10/8/2025,11:05:04,21,SURFTRAK,13.515254054054067,8.252972972972998,111.54137470270271,143.00,1.9166666666666667,47.626073,-122.3755739,47.6260672,-122.3755968,-3.688147068,-3.387802839,47.62606737604982,-122.3755908,1.1857296718133463,-6.980000019,VFR_alt,175.0053234396721,0.18235831937274416,2.0660441251293102,3.0809503055059038,0.19252462142892654,7.047227859,-6.980000019
10/8/2025,11:05:05,21,SURFTRAK,13.524449197860932,7.865401069518709,106.37438973262002,145.00,1.9722222222222223,47.6260724,-122.3755728,47.6260656,-122.3755956,-3.855401039,-3.29553628,47.626065871737964,-122.3755896,1.1521390115513521,-7.059999943,VFR_alt,174.83624327418903,0.18722897449279213,2.0075149443697753,2.908987235740867,0.19101572937652062,7.127042293548584,-7.059999943
10/8/2025,11:05:06,21,SURFTRAK,13.535957671957695,7.488730158730179,101.36713777777774,147.00,2.00,47.626071,-122.3755707,47.6260641,-122.375594,-4.03131485,-3.185105085,47.626064289537965,-122.3755881,1.1360846455135043,-7.119999886,VFR_alt,175.13466380202615,0.20240528810591923,1.9795414277886767,2.828595616,0.20770343637326946,7.180514335632324,-7.119999886
10/8/2025,11:05:07,21,SURFTRAK,13.533700534759364,7.5360962566844965,101.99134524064145,149.00,2.0277777777777777,47.626071,-122.3755707,47.6260623,-122.3755931,-4.231057644,-3.118302822,47.62606249301587,-122.3755872,1.158288738306831,-7.159999847,VFR_alt,174.6091839718283,0.21433234645083626,2.0182303773528063,2.940274929698756,0.21061748775041664,7.2274956703186035,-7.159999847
10/8/2025,11:05:08,21,SURFTRAK,13.545086021505384,6.694731182795704,90.68065817204327,151.00,2.0277777777777777,47.6260724,-122.375571,47.6260607,-122.3755919,-4.404355049,-3.023053646,47.626060934348295,-122.3755859,1.147849440574646,-7.239999771,VFR_alt,171.3802988586676,0.2065762169258569,2.000040691910363,2.8876858902326306,0.19774831528345482,7.2991251945495605,-7.239999771
10/8/2025,11:05:09,21,SURFTRAK,13.543032967032945,6.5821978021978085,89.14291351648325,153.00,2.0555555555555554,47.6260684,-122.3755663,47.6260594,-122.3755904,-4.553277969,-2.91433382,47.62605959490916,-122.3755845,1.1315384553028986,-7.309999943,VFR_alt,171.15292897870265,0.17814931027836853,1.9716200357550464,2.8057140906091993,0.18438556526717326,7.372477054595947,-7.309999943
10/8/2025,11:05:10,21,SURFTRAK,13.548977011494237,6.330229885057482,85.76813873563236,155.00,2.0833333333333335,47.6260683,-122.3755655,47.6260581,-122.3755888,-4.691581249,-2.798099279,47.62605835098495,-122.375583,1.1232183925036727,-7.379999638,VFR_alt,171.30833523848122,0.17174944521366864,1.9571229566351838,2.7647460353038937,0.18066063691914827,7.447245121002197,-7.379999638
10/8/2025,11:05:11,21,SURFTRAK,13.522000000000036,7.942391304347815,107.3635750000004,157.00,2.111111111111111,47.6260679,-122.3755659,47.6260569,-122.3755873,-4.825457573,-2.681022167,47.62605714687756,-122.3755814,1.136249989271164,-7.449999809,VFR_alt,171.44702683082548,0.18303391596545343,1.9798295267603567,2.829272687711646,0.17784802570736666,7.509028911590576,-7.449999809
10/8/2025,11:05:12,21,SURFTRAK,13.50205263157895,9.291578947368397,125.45541789473629,160.00,2.1666666666666665,47.6260667,-122.3755643,47.6260554,-122.3755861,-4.998081684,-2.590714931,47.62605559426571,-122.3755802,1.125210526115016,-7.46999979,VFR_alt,171.61760761063064,0.20603344660056264,1.9605940985337351,2.774956986933668,0.19481909706732986,7.535651683807373,-7.46999979
10/8/2025,11:05:13,21,SURFTRAK,13.461172043010766,12.485268817204313,167.94222688172087,164.00,2.2222222222222223,47.6260656,-122.3755635,47.6260534,-122.375585,-5.224105835,-2.502526283,47.626053561364444,-122.375579,1.1630107164382935,-7.509999752,VFR_alt,171.28048298823785,0.2576447933591822,2.026458066521264,2.964044307933222,0.24261936122719036,7.578098297119141,-7.509999752
10/8/2025,11:05:14,21,SURFTRAK,13.419350785340347,15.647434554973872,209.97321130890072,168.00,2.2777777777777777,47.6260655,-122.3755641,47.6260513,-122.3755835,-5.461030006,-2.397189856,47.62605143042645,-122.3755776,1.188952818590933,-7.589999676,VFR_alt,171.08695186867794,0.2778872562016492,2.0716602142114686,3.097696331297978,0.2592852213574851,7.651811122894287,-7.589999676
10/8/2025,11:05:15,21,SURFTRAK,13.295937172774863,23.75078534031411,315.7889447120411,175.00,2.361111111111111,47.6260632,-122.37556,47.6260488,-122.3755818,-5.745735168,-2.268236399,47.626048869737765,-122.3755759,1.2384293135548137,-7.679999828,VFR_alt,170.41522214580942,0.3244876703978833,2.157869258466726,3.3617054751566724,0.3125476337103329,7.737405776977539,-7.679999828
10/8/2025,11:05:16,21,SURFTRAK,13.287372881355939,23.977118644067833,318.5925669491535,181.00,2.4444444444444446,47.6260614,-122.3755577,47.626046,-122.3755803,-6.05659914,-2.154314756,47.626046073772116,-122.3755744,1.2959321595854678,-7.769999981,VFR_alt,170.0969756275324,0.34465428782721697,2.2580636113989265,3.680620740446741,0.33108088059047175,7.831010818481445,-7.769999981
10/8/2025,11:05:17,21,SURFTRAK,13.277642487046585,24.359015544041515,323.42784191709876,188.00,2.5277777777777777,47.6260597,-122.3755539,47.6260434,-122.3755785,-6.334152699,-2.020191193,47.62604357740621,-122.3755726,1.3045595334601525,-7.859999657,VFR_alt,168.2802647483453,0.3186537641935398,2.273096156786635,3.729458095435795,0.30826142819034447,7.924434185028076,-7.859999657
10/8/2025,11:05:18,21,SURFTRAK,13.277000000000031,24.518877005347477,325.53712999999874,195.00,2.611111111111111,47.6260541,-122.3755458,47.6260411,-122.3755761,-6.594974041,-1.825271487,47.62604123,-122.37557,1.3224598239449894,-7.980000019,VFR_alt,164.75566547672145,0.30337223538102953,2.3042860568738504,3.832550775485553,0.3256093736928243,8.039131164550781,-7.980000019
10/8/2025,11:05:19,21,SURFTRAK,13.268947643979034,24.700471204188535,327.75,202.00,2.7222222222222223,47.6260524,-122.3755431,47.6260389,-122.3755729,-6.841486454,-1.58716011,47.62603901435643,-122.3755668,1.3210470526630342,-8.099999428,VFR_alt,160.64552324685326,0.3157477135433576,2.301824409943171,3.824548058956024,0.34273225339766455,8.164732933044434,-8.099999428
10/8/2025,11:05:20,21,SURFTRAK,13.157050279329612,28.353631284916187,372.69,210.00,2.8333333333333335,47.6260496,-122.375538,47.6260367,-122.3755695,-7.087197781,-1.32984972,47.62603680438516,-122.3755634,1.2826815330782415,-8.229999542,VFR_alt,156.72508943925786,0.31640067629973984,2.234975398545426,3.605452915,0.3557846161150945,8.291129112243652,-8.229999542
10/8/2025,11:05:21,21,SURFTRAK,13.264559322033909,25.311864406779623,335.75114644067673,217.00,2.9166666666666665,47.6260461,-122.3755326,47.6260343,-122.3755664,-7.351735115,-1.114824653,47.62603442508946,-122.3755606,1.2472316201797313,-8.349999428,VFR_alt,153.21490070509714,0.3151834684576692,2.1732066109192285,3.409396077708198,0.3409043573992093,8.412320137023926,-8.349999428
10/8/2025,11:05:22,21,SURFTRAK,13.142608695652156,29.917499999999983,393.5780651086945,226.00,3.0277777777777777,47.6260452,-122.3755303,47.6260319,-122.3755638,-7.61370182,-0.910471201,47.62603206891445,-122.3755578,1.2026086436665577,-8.479999542,VFR_alt,152.00573562464638,0.3008450441386389,2.095454454873547,3.169493155559567,0.3322452225854967,8.537600517,-8.479999542
10/8/2025,11:05:23,21,SURFTRAK,13.219947368420987,28.937368421052543,382.54859842105355,234.00,3.138888888888889,47.626044,-122.3755296,47.6260295,-122.3755622,-7.881064892,-0.807135344,47.626029664203585,-122.3755565,1.2042104507747449,-8.590000153,VFR_alt,172.87389590393045,0.30360655408156545,2.0982454824105345,3.1776943741599695,0.28663794479014815,8.648414611816406,-8.590000153
10/8/2025,11:05:24,21,SURFTRAK,13.282799999999954,24.426666666666712,324.4544993333338,240.00,3.2222222222222223,47.6260453,-122.3755276,47.6260273,-122.3755613,-8.133863449,-0.741019011,47.62602739048855,-122.3755556,1.2429999901188744,-8.68999958,VFR_alt,184.30484799805305,0.3319624036550522,2.1658333161162253,3.3869922139295667,0.26130151177137273,8.754403114318848,-8.68999958
10/8/2025,11:05:25,21,SURFTRAK,13.274596774193514,24.66801075268828,327.45822661290254,247.00,3.3055555555555554,47.626044,-122.3755277,47.626025,-122.3755602,-8.383384705,-0.64816767,47.626025146250136,-122.3755543,1.2540322542190552,-8.819999695,VFR_alt,182.13296847439105,0.32643248236948447,2.1850562005332073,3.4461516990809518,0.2662371657485211,8.878810883,-8.819999695
10/8/2025,11:05:26,21,SURFTRAK,13.25130000000001,26.180631578947338,346.8968909999991,255.00,3.4166666666666665,47.6260421,-122.375527,47.6260227,-122.3755598,-8.636479378,-0.62199229,47.62602286987179,-122.375554,1.2292631557113245,-8.929999352,VFR_alt,190.1171699205719,0.32870482049490274,2.1418979228303434,3.3114313256274555,0.25444461889679615,8.994304656982422,-8.929999352
10/8/2025,11:05:27,21,SURFTRAK,13.272055555555529,24.60966666666663,326.6208648888897,261.00,3.50,47.6260398,-122.3755245,47.6260202,-122.3755611,-8.924860001,-0.738995314,47.62602027612533,-122.3755556,1.2391111214955648,-9.050000191,VFR_alt,198.3745279284941,0.3357039120462206,2.1590572571513675,3.3647488989700802,0.31121229278508955,9.105835914611816,-9.050000191
10/8/2025,11:05:28,21,SURFTRAK,13.27247282608698,24.987771739130494,331.6476854347838,268.00,3.5833333333333335,47.6260357,-122.3755239,47.626018,-122.3755604,-9.15984726,-0.665192306,47.626018162608254,-122.3755546,1.2613586848196776,-9.179999352,VFR_alt,193.88237957261572,0.3168318704094576,2.1978219508221706,3.486558465231218,0.24630447779480324,9.243695259094238,-9.179999352
10/8/2025,11:05:29,21,SURFTRAK,13.277914893616995,24.886489361702125,330.40086978723457,275.00,3.6944444444444446,47.6260315,-122.3755209,47.6260159,-122.3755575,-9.386199951,-0.43577525,47.62601612675198,-122.3755515,1.231648935282484,-9.319999695,VFR_alt,167.70618512315554,0.3010448268119325,2.1460549629922077,3.3243215954435095,0.3222851633725702,9.378252983093262,-9.319999695
10/8/2025,11:05:30,21,SURFTRAK,13.259704918032813,26.669071038251413,353.62360196721113,283.00,3.7777777777777777,47.6260298,-122.375518,47.6260141,-122.3755536,-9.589622498,-0.147403419,47.62601429713347,-122.3755477,1.1824043168396245,-9.429999352,VFR_alt,158.2379647910009,0.30143444101667144,2.060249946008432,3.064290665831397,0.3529009002479213,9.494335174560547,-9.429999352
10/8/2025,11:05:31,21,SURFTRAK,13.237639999999962,26.604228571428575,352.14010457142837,290.00,3.888888888888889,47.6260286,-122.3755232,47.6260115,-122.3755524,-9.884520531,-0.068437219,47.62601164476829,-122.3755466,1.1391999864578246,-9.519999504,VFR_alt,174.84220645909363,0.31116007140704566,1.9849696733734787,2.8441820435534297,0.3052875869554154,9.582198143005371,-9.519999504
10/8/2025,11:05:32,21,SURFTRAK,13.278646739130432,24.16489130434784,320.8768825543494,296.00,3.9722222222222223,47.6260246,-122.3755138,47.6260087,-122.3755509,-10.20313072,0.044369385,47.626008779131745,-122.3755451,1.1432065043760382,-9.619999886,VFR_alt,180.15189882388492,0.3593141723262227,1.9919507273218802,2.864970655086601,0.33799080428309947,9.675360679626465,-9.619999886
10/8/2025,11:05:33,21,SURFTRAK,13.271287234042562,24.063989361702166,319.3600849468092,303.00,4.055555555555555,47.6260235,-122.3755173,47.6260059,-122.3755498,-10.50982761,0.13003003597259521,47.62600602064554,-122.375544,1.1504255076672167,-9.719999313,VFR_alt,179.37371786118587,0.3638281061294231,2.0045292936625696,2.9007647812331503,0.31843481376256844,9.784068108,-9.719999313
10/8/2025,11:05:34,21,SURFTRAK,13.28685474860336,24.008268156424684,318.99428223463605,310.00,4.138888888888889,47.626021,-122.3755149,47.6260033,-122.3755489,-10.80272293,0.19148537516593933,47.626003386293135,-122.3755432,1.133128483868178,-9.829999924,VFR_alt,178.59397721867032,0.33436674195960914,1.9743905400733364,2.813976927438144,0.2992731619797845,9.890315055847168,-9.829999924
10/8/2025,11:05:35,21,SURFTRAK,13.28633678756477,23.92813471502587,317.9180045077711,316.00,4.222222222222222,47.6260155,-122.3755084,47.6260005,-122.3755476,-11.10875225,0.29857730865478516,47.626000633811174,-122.3755418,1.146476663456062,-9.929999352,VFR_alt,178.90831173821883,0.34559463,1.9976487317794966,2.8803859956629276,0.32422619692599836,9.986146926879883,-9.929999352
10/8/2025,11:05:36,21,SURFTRAK,13.286116022099426,23.751988950276242,315.5716946408835,323.00,4.333333333333333,47.6260134,-122.3755054,47.6259977,-122.3755462,-11.423419,0.3963249623775482,47.62599780364265,-122.3755405,1.1466298136263262,-10.0199995,VFR_alt,178.67033030707947,0.3500217069249127,1.9979155843488974,2.881053952515557,0.3294992657574531,10.083857536315918,-10.0199995
10/8/2025,11:05:37,21,SURFTRAK,13.238422459893048,26.78433155080215,354.4388231550809,331.00,4.416666666666667,47.6260101,-122.3755059,47.6259956,-122.375546,-11.64922905,0.39303654432296753,47.62599577266702,-122.3755405,1.126684490372153,-10.10999966,VFR_alt,196.64822563091215,0.29657903807685976,1.9631623695878375,2.782303769250041,0.22583399391992895,10.167346000671387,-10.10999966
10/8/2025,11:05:38,21,SURFTRAK,13.284388297872281,24.17962765957445,321.21188255318987,337.00,4.50,47.6260095,-122.3755087,47.6259936,-122.3755474,-11.87176514,0.2909036874771118,47.62599377113799,-122.3755419,1.1427659405038713,-10.17999935,VFR_alt,208.6493459720979,0.3423039751484039,1.9911830781506796,2.8627516309717613,0.244853896,10.242496490478516,-10.17999935
10/8/2025,11:05:39,21,SURFTRAK,13.280336956521714,24.045326086956607,319.33002021739014,344.00,4.611111111111111,47.6260068,-122.3755032,47.6259916,-122.3755485,-12.09351254,0.21736575663089752,47.62599177670258,-122.3755428,1.1834782051003498,-10.2699995,VFR_alt,209.5470524,0.3563410129560077,2.062121114947574,3.0691324011972996,0.23362306384403317,10.33281421661377,-10.2699995
10/8/2025,11:05:40,21,SURFTRAK,13.284067039106144,23.793575418994383,316.07239106145295,351.00,4.694444444444445,47.6259995,-122.3754981,47.6259892,-122.3755485,-12.37255764,0.2173372060060501,47.62598926692143,-122.3755428,1.1957541224676804,-10.36999989,VFR_alt,203.58496581523326,0.3554905371625996,2.083510970966408,3.1333123437881123,0.27904510644105374,10.42695140838623,-10.36999989
10/8/2025,11:05:41,21,SURFTRAK,13.282045714285655,24.15,320.7011585142855,357.00,4.777777777777778,47.6259983,-122.375499,47.6259864,-122.3755481,-12.67534065,0.257951945,47.62598654363733,-122.3755423,1.2006284993035452,-10.46999931,VFR_alt,191.2428925855069,0.33789522119930815,2.0920042033319306,3.1588962716636355,0.30549486022025024,10.531049728393555,-10.46999931
10/8/2025,11:05:42,21,SURFTRAK,13.27502173913048,24.567717391304374,326.13697706521697,364.00,4.861111111111111,47.6259946,-122.3755048,47.6259839,-122.3755473,-12.9608593,0.31521368,47.62598398,-122.3755415,1.2074456338001334,-10.57999992,VFR_alt,187.42567969769192,0.30942975729703903,2.1038825437426563,3.1951700296369188,0.29120405846943825,10.635784149169922,-10.57999992
10/8/2025,11:05:43,21,SURFTRAK,13.28114054054049,24.24508108108103,322.0021899459453,371.00,4.944444444444445,47.6259926,-122.3755057,47.6259811,-122.3755465,-13.26684666,0.3656759262084961,47.62598122352745,-122.3755409,1.2067566987630483,-10.67000008,VFR_alt,186.84700658470294,0.3263665245996939,2.1026821266325837,3.191273426609162,0.3101204630112633,10.73110580444336,-10.67000008
10/8/2025,11:05:44,21,SURFTRAK,13.278629629629632,24.136931216931227,320.50657301587137,378.00,5.055555555555555,47.625993,-122.3755122,47.6259783,-122.3755455,-13.57936001,0.4485431909561157,47.625978412726944,-122.3755398,1.2172486712692907,-10.7699995,VFR_alt,174.68319697109666,0.33582018323676294,2.1209635938783094,3.246937479774099,0.3233134367688445,10.830313682556152,-10.7699995
10/8/2025,11:05:45,21,SURFTRAK,13.274727272727288,24.87224598930473,330.17228053476015,385.00,5.138888888888889,47.6259884,-122.3755116,47.6259758,-122.3755446,-13.86051559,0.5217282176017761,47.62597588396375,-122.3755388,1.2056683958532977,-10.86999989,VFR_alt,175.8210619,0.3100927958195222,2.1007858412595284,3.1856480984331332,0.2905245459519535,10.932122230529785,-10.86999989
10/8/2025,11:05:46,21,SURFTRAK,13.275865168539301,24.956573033707905,331.3195780898867,392.00,5.222222222222222,47.625987,-122.3755104,47.6259731,-122.3755442,-14.15307045,0.5305566787719727,47.625973252673504,-122.3755387,1.1842134266756894,-10.96999931,VFR_alt,185.50425995130578,0.3087204364913233,2.0634021828439995,3.0733075631923086,0.2926880337723945,11.030705451965332,-10.96999931
10/8/2025,11:05:47,21,SURFTRAK,13.271768421052641,25.055157894736855,332.49390989473625,398.00,5.333333333333333,47.6259831,-122.375506,47.6259705,-122.3755449,-14.4483099,0.4836520552635193,47.62597059723755,-122.3755393,1.188578886734812,-11.06999969,VFR_alt,193.4626678257017,0.34933575031004455,2.071008666280348,3.0958958226128686,0.29894209420056744,11.13315486907959,-11.06999969
10/8/2025,11:05:48,21,SURFTRAK,13.257646739130436,26.30201086956531,348.7027633152172,406.00,5.416666666666667,47.6259786,-122.3755037,47.625968,-122.3755463,-14.7245636,0.3700045645236969,47.62596811256276,-122.3755408,1.176630385543989,-11.17000008,VFR_alt,205.9028429305762,0.37094694797111594,2.0501893081448244,3.0343895231912543,0.29871702170579767,11.230642318725586,-11.17000008
10/8/2025,11:05:49,21,SURFTRAK,13.273010695187201,25.15144385026749,333.81107272727286,413.00,5.50,47.6259786,-122.3755037,47.6259657,-122.3755496,-14.97602272,0.12530218064785004,47.625965850894765,-122.3755441,1.1570587929557352,-11.25,VFR_alt,214.5007042362322,0.38575536060460747,2.016087291,2.933871152916193,0.3508716953000348,11.31395149230957,-11.25
10/8/2025,11:05:50,21,SURFTRAK,13.285891891891884,24.244864864864876,322.11323351351496,419.00,5.611111111111111,47.6259779,-122.3755077,47.6259635,-122.3755515,-15.22876263,-0.015110911,47.62596358,-122.3755459,1.1697296870721352,-11.34000015,VFR_alt,212.23131831623138,0.35919412181184096,2.0381653638378063,2.9982521649939096,0.28912505341417377,11.399530410766602,-11.34000015
10/8/2025,11:05:51,21,SURFTRAK,13.286335260115596,24.150924855491386,320.8772758381518,426.00,5.694444444444445,47.6259725,-122.375513,47.6259614,-122.3755536,-15.45766354,-0.173856005,47.62596151893182,-122.375548,1.1513294546590376,-11.42999935,VFR_alt,212.0033454641988,0.33481956699680043,2.0061043528149862,2.9047862018312705,0.27855992401708307,11.488524436950684,-11.42999935
10/8/2025,11:05:52,21,SURFTRAK,13.285194594594588,24.29967567567563,322.82646962162084,433.00,5.777777777777778,47.6259705,-122.3755152,47.6259592,-122.3755547,-15.70537663,-0.255950361,47.62595929095635,-122.3755491,1.1514053802232485,-11.5199995,VFR_alt,212.19400982930824,0.3426415399925129,2.0062366473586857,2.905167600856907,0.2609621769763371,11.574546813964844,-11.5199995
10/8/2025,11:05:53,21,SURFTRAK,13.29,24.00747311827968,319.01,440.00,5.861111111111111,47.6259699,-122.3755217,47.6259569,-122.3755562,-15.95563412,-0.373338938,47.625957040096075,-122.3755507,1.149999976158142,-11.59999943,VFR_alt,212.79042385635518,0.36376819094663027,2.003787837245243,2.897902198482033,0.2764215805131296,11.657681465148926,-11.59999943
10/8/2025,11:05:54,21,SURFTRAK,13.289838709677417,23.92000000000005,317.8929419354843,446.00,5.944444444444445,47.6259663,-122.3755223,47.6259546,-122.3755579,-16.21955681,-0.501417041,47.62595466632857,-122.3755524,1.152795672416687,-11.67999935,VFR_alt,213.17142150272096,0.37363891656039866,2.0086591261805857,2.9123619490975496,0.2933584624512407,11.737472534179688,-11.67999935
10/8/2025,11:05:55,21,SURFTRAK,13.29501554404145,23.712746113989553,315.2612834196881,453.00,6.055555555555555,47.6259663,-122.3755223,47.6259521,-122.3755613,-16.48662949,-0.757497728,47.62595226422949,-122.3755558,1.126683936217906,-11.75999928,VFR_alt,213.23074137563364,0.3678591237475835,1.9631614040160432,2.7825300500500436,0.3700069369687325,11.823521614074707,-11.75999928
10/8/2025,11:05:56,21,SURFTRAK,13.289564245810043,23.717765363128535,315.19851921787654,459.00,6.138888888888889,47.6259563,-122.3755149,47.6259498,-122.3755624,-16.74852371,-0.831966221,47.62594990870637,-122.3755568,1.0896647808938054,-11.82999992,VFR_alt,212.4533803535808,0.35479492948041946,1.898658330345265,2.6020591609627886,0.272275857,11.892261505126953,-11.82999992
10/8/2025,11:05:57,21,SURFTRAK,13.28896739130437,23.814510869565247,316.4702569021728,466.00,6.222222222222222,47.6259539,-122.3755131,47.6259472,-122.3755639,-17.03217506,-0.9472574,47.62594735749579,-122.3755583,1.1255434777425684,-11.88999939,VFR_alt,212.1951178,0.3659634860637395,1.9611742415211375,2.776465274,0.30618645500386416,11.948124885559082,-11.88999939
10/8/2025,11:05:58,21,SURFTRAK,13.282016042780718,23.80465240641708,316.17,473.00,6.305555555555555,47.6259548,-122.3755277,47.6259448,-122.3755653,-17.30972672,-1.051736593,47.62594486,-122.3755597,1.1672192110734827,-11.94999981,VFR_alt,212.0627664644498,0.36394859380263056,2.03379105,2.9874988280567827,0.29656503652141003,12.009281158447266,-11.94999981
10/8/2025,11:05:59,21,SURFTRAK,13.272062500000045,24.383958333333236,323.6251524999996,479.00,6.388888888888889,47.6259502,-122.3755326,47.6259424,-122.3755666,-17.5742836,-1.151603937,47.62594248167544,-122.375561,1.203906174749136,-12.02999973,VFR_alt,212.1126858919807,0.35017753625288606,2.097715304487125,3.176184769171217,0.28277876804146723,12.086042404174805,-12.02999973
10/8/2025,11:06:00,21,SURFTRAK,13.276469945355174,23.78513661202193,315.7826232786884,486.00,6.50,47.6259474,-122.3755323,47.6259401,-122.3755681,-17.82267189,-1.258956075,47.62594024762709,-122.3755625,1.208797734291827,-12.11999989,VFR_alt,212.04606785885287,0.3268966197641821,2.106238476417572,3.201831550713699,0.2705942058698979,12.176558494567871,-12.11999989
10/8/2025,11:06:01,21,SURFTRAK,13.276454022988473,24.513160919540315,325.4468799999998,493.00,6.583333333333333,47.6259455,-122.3755375,47.625938,-122.3755697,-18.06393814,-1.379452705,47.62593807763564,-122.3755641,1.205747049430321,-12.19999981,VFR_alt,212.62473954601936,0.3422587913000721,2.100922889158888,3.185814485464183,0.26968285389707597,12.263435363769531,-12.19999981
10/8/2025,11:06:02,21,SURFTRAK,13.291016042780697,23.973529411764645,318.6324690909079,499.00,6.666666666666667,47.6259424,-122.3755417,47.6259358,-122.3755716,-18.30872726,-1.522857666,47.62593587595883,-122.375566,1.1922994010588701,-12.28999996,VFR_alt,213.57298834997832,0.34013537337435756,2.0774913806328743,3.115184163639278,0.28370177605201635,12.344606399536133,-12.28999996
10/8/2025,11:06:03,21,SURFTRAK,13.288605405405407,24.183297297297305,321.3622657297299,506.00,6.75,47.6259371,-122.3755293,47.6259333,-122.3755726,-18.58727646,-1.593912244,47.625933370637966,-122.3755669,1.1662161769093693,-12.35999966,VFR_alt,213.3220973853265,0.34090734994089283,2.032043338554199,2.980652455663371,0.2874689664910589,12.418265342712402,-12.35999966
10/8/2025,11:06:04,21,SURFTRAK,13.35,20.528650000000013,273.81776084999814,511.00,6.833333333333333,47.6259343,-122.3755318,47.6259308,-122.3755741,-18.86191177,-1.714849114,47.62593090051921,-122.3755685,1.1724499547481537,-12.43999958,VFR_alt,214.82056903563617,0.3406970317661762,2.0429052241823826,3.0123248549638855,0.3000837930935756,12.49809741973877,-12.43999958
10/8/2025,11:06:05,21,SURFTRAK,13.341659574468085,19.056808510638334,254.24942063829815,517.00,6.888888888888889,47.62593,-122.3755339,47.6259286,-122.3755757,-19.10936356,-1.832380533,47.62592867489397,-122.3755701,1.1512765706853663,-12.52999973,VFR_alt,215.3040155566365,0.3312973551293637,2.006012206497224,2.9053640293881347,0.2739452845593921,12.591193199157715,-12.52999973
10/8/2025,11:06:06,21,SURFTRAK,13.438955801104967,9.896298342541403,132.9170662430942,519.00,6.916666666666667,47.6259287,-122.3755334,47.625927,-122.3755769,-19.27624321,-1.918373227,47.62592717394875,-122.3755712,1.1138121653656934,-12.61999989,VFR_alt,214.6493475184286,0.19172421715206864,1.9407333184402196,2.7186681907547596,0.1877326884172811,12.678851127624512,-12.61999989
10/8/2025,11:06:07,21,SURFTRAK,13.558000000000007,5.8508376963350655,79.14475591623015,521.00,6.944444444444445,47.6259271,-122.3755428,47.6259259,-122.375577,-19.39518356,-1.925235391,47.625926104178106,-122.3755713,1.068010438799234,-12.71000004,VFR_alt,215.35884270247152,0.16221562558443758,1.8609272797259424,2.5006561739588102,0.11913814231338415,12.77042293548584,-12.71000004
10/8/2025,11:06:08,21,SURFTRAK,13.631277173913059,1.962880434782614,26.754237391304414,521.00,6.944444444444445,47.6259252,-122.3755475,47.6259254,-122.3755766,-19.45813751,-1.88623178,47.62592553795913,-122.3755708,1.007065187005893,-12.79999924,VFR_alt,213.3238849646186,0.055774761,1.754734795540577,2.2254564187381543,0.074057284,12.861506462097168,-12.79999924
10/8/2025,11:06:09,21,SURFTRAK,13.641705882352909,1.3689839572192568,18.67536000000007,522.00,6.972222222222222,47.6259252,-122.3755475,47.6259253,-122.3755756,-19.45549965,-1.810208201,47.62592556168452,-122.3755698,0.9289304757500715,-12.88000011,VFR_alt,210.85781349198606,0.016197208,1.618590980473605,1.8911502379076752,0.076069329,12.939998626708984,-12.88000011
10/8/2025,11:06:10,21,SURFTRAK,13.643069518716581,1.4667379679144423,20.01,522.00,6.972222222222222,47.6259178,-122.3755196,47.6259253,-122.3755747,-19.45327377,-1.744392395,47.625925581704436,-122.3755689,0.8833154857477402,-12.93999958,VFR_alt,210.83907298695672,0.022058210500022945,1.539110316075609,1.7103291311022053,0.065853435,12.999427795410156,-12.93999958
10/8/2025,11:06:11,21,SURFTRAK,13.647215116279101,1.581627906976745,21.585065406976813,523.00,6.972222222222222,47.6259178,-122.3755155,47.6259253,-122.375573,-19.45053864,-1.610729456,47.625925606304726,-122.3755672,0.8210464882296186,-12.96999931,VFR_alt,211.2294256671696,0.036731579,1.4306113052485783,1.4793301919242714,0.13369092063719534,13.035648345947266,-12.96999931
10/8/2025,11:06:12,21,SURFTRAK,13.637069518716562,1.5956684491978628,21.760241871657698,523.00,6.972222222222222,47.6259206,-122.3755267,47.6259256,-122.3755721,-19.41555023,-1.543877125,47.62592592099663,-122.3755663,0.7732085340163287,-12.96999931,VFR_alt,211.6992521087973,0.05071887,1.3472572941193641,1.3100780438471793,0.075454772,13.034031867980957,-12.96999931
10/8/2025,11:06:13,21,SURFTRAK,13.635426229508202,1.664371584699453,22.69423098360651,523.00,7.00,47.6259186,-122.37552,47.6259258,-122.3755704,-19.39800262,-1.421260595,47.62592607882291,-122.3755646,0.7816939588452949,-12.92999935,VFR_alt,211.79876663972294,0.050996678041630106,1.3620425040486233,1.339000977068542,0.12386578149030991,12.997146606445312,-12.92999935
10/8/2025,11:06:14,21,SURFTRAK,13.455559782608713,13.16,175.30271157608678,528.00,7.055555555555555,47.6259244,-122.3755403,47.625925,-122.3755702,-19.50008583,-1.414965987,47.625925160668444,-122.3755646,0.8205978128573169,-12.88000011,VFR_alt,208.64067117692713,0.1962372851760491,1.4298295224028974,1.4762116856814471,0.10227708968611858,12.947399139404297,-12.88000011
10/8/2025,11:06:15,21,SURFTRAK,13.314512820512796,21.122666666666603,281.23,533.00,7.111111111111111,47.6259211,-122.375533,47.6259226,-122.37557,-19.76719284,-1.395858765,47.625922758260614,-122.3755643,0.865179461,-12.84000015,VFR_alt,195.68747189955724,0.2526081264019012,1.507509667,1.6411495054922363,0.26778954551100514,12.907636642456055,-12.84000015
10/8/2025,11:06:16,21,SURFTRAK,13.378812834224604,18.312192513369073,244.97104748663054,538.00,7.166666666666667,47.6259213,-122.3755442,47.6259201,-122.3755712,-20.05109215,-1.495152712,47.62592020481987,-122.3755656,0.9449197748765589,-12.80999947,VFR_alt,205.79887565658743,0.2781931953952912,1.6464511228909753,1.957567931558556,0.30076253857833174,12.874334335327148,-12.80999947
10/8/2025,11:06:17,21,SURFTRAK,13.422814207650253,15.110710382513677,202.82811158469937,542.00,7.222222222222222,47.6259213,-122.3755442,47.6259177,-122.3755737,-20.31700134,-1.683640957,47.62591781318535,-122.3755681,1.0685245489162174,-12.77999973,VFR_alt,209.75073568609147,0.3293795416263935,1.8618230776570446,2.5067243783878745,0.3259379058410897,12.844347953796387,-12.77999973
10/8/2025,11:06:18,21,SURFTRAK,13.426079787234071,14.253882978723363,191.3718554787236,546.00,7.277777777777778,47.6259125,-122.3755218,47.6259154,-122.3755743,-20.56953239,-1.720891356,47.625915541876275,-122.3755686,1.1851063541909481,-12.75999928,VFR_alt,211.33936235245648,0.3191095124533836,2.0649580413933206,3.0789304443722356,0.25526363687339837,12.83023738861084,-12.75999928
10/8/2025,11:06:19,21,SURFTRAK,13.408760869565215,13.687010869565182,183.51014445652146,550.00,7.333333333333333,47.6259122,-122.3755287,47.625913,-122.3755754,-20.83479691,-1.807319045,47.62591316,-122.3755698,1.2471739157386448,-12.7699995,VFR_alt,207.89941042022042,0.33892895378496335,2.173106065302189,3.4094498519040393,0.2789892582342193,12.82988166809082,-12.7699995
10/8/2025,11:06:20,21,SURFTRAK,13.38041269841275,17.44656084656084,233.43782857142915,555.00,7.416666666666667,47.6259074,-122.3755225,47.6259102,-122.3755759,-21.15283394,-1.839171171,47.625910295558704,-122.3755702,1.3056613225785514,-12.78999996,VFR_alt,205.7245343660254,0.32402734072120104,2.275015940856572,3.7362552038602264,0.3196280844191592,12.852164268493652,-12.78999996
10/8/2025,11:06:21,21,SURFTRAK,13.335141176470584,18.93200000000004,252.44771788235306,559.00,7.472222222222222,47.6259037,-122.3755234,47.6259078,-122.3755775,-21.41739082,-1.962713242,47.62590791608714,-122.3755718,1.2905293731128469,-12.82999992,VFR_alt,214.64972544964348,0.34066345200819126,2.2486496652723895,3.6495212249190665,0.2919811439679657,12.892014503479004,-12.82999992
10/8/2025,11:06:22,21,SURFTRAK,13.382405405405397,15.773783783783754,211.10207648648753,564.00,7.527777777777778,47.6259024,-122.3755217,47.6259053,-122.3755792,-21.69381523,-2.093631983,47.62590542987696,-122.3755736,1.290432394,-12.86999989,VFR_alt,216.3988239558111,0.3569459961878287,2.2484806862939735,3.6490393288081564,0.30585972294456615,12.93470573425293,-12.86999989
10/8/2025,11:06:23,21,SURFTRAK,13.39,17.068900523560192,228.50951136125718,569.00,7.583333333333333,47.6258993,-122.3755223,47.6259028,-122.3755811,-21.97382545,-2.236277819,47.625902911415295,-122.3755755,1.3259685320379846,-12.92000008,VFR_alt,216.44918577953104,0.35354165038513263,2.3103997149146713,3.853502208012096,0.31425079108105564,12.982329368591309,-12.92000008
10/8/2025,11:06:24,21,SURFTRAK,13.410652406417126,15.992994652406459,214.47677828876965,573.00,7.638888888888889,47.6258942,-122.3755218,47.6259003,-122.3755829,-22.25156212,-2.368152142,47.62590041340245,-122.3755772,1.353048089353796,-12.97999954,VFR_alt,216.72777047313696,0.3418088802360596,2.3575837920558573,4.012220130644886,0.30745486086086554,13.040497779846191,-12.97999954
10/8/2025,11:06:25,21,SURFTRAK,13.373505747126451,17.80333333333329,238.01490287356282,579.00,7.722222222222222,47.6258936,-122.3755216,47.6258978,-122.3755844,-22.52685928,-2.482164383,47.62589793733088,-122.3755788,1.360517246969815,-13.05999947,VFR_alt,216.32142618682602,0.3326902288472515,2.3705982333564912,4.056321535411427,0.2979720124308126,13.118908882141113,-13.05999947
10/8/2025,11:06:26,21,SURFTRAK,13.343489361702176,20.02372340425541,267.17825489361775,584.00,7.805555555555555,47.6258893,-122.3755325,47.6258953,-122.3755856,-22.80830574,-2.570837021,47.62589541,-122.3755799,1.3805319096179718,-13.15999985,VFR_alt,215.11124443921244,0.32821256080840494,2.4054722667585815,4.178193965,0.29508464010495716,13.214333534240723,-13.15999985
10/8/2025,11:06:27,21,SURFTRAK,13.354688172043026,19.319354838709632,258.00369118279525,590.00,7.861111111111111,47.6258893,-122.3755325,47.6258925,-122.3755862,-23.1145649,-2.614216089,47.62589265140231,-122.3755805,1.4049999713897705,-13.2699995,VFR_alt,206.1983112118687,0.324363621,2.448106010754897,4.325980063458459,0.3093160418760247,13.32241439819336,-13.2699995
10/8/2025,11:06:28,21,SURFTRAK,13.323124324324338,20.542594594594636,273.6904451891888,595.00,7.944444444444445,47.6258852,-122.3755241,47.6258901,-122.3755874,-23.38803101,-2.706505775,47.62589019179959,-122.3755817,1.3865945835371276,-13.36999989,VFR_alt,205.44542716878007,0.3032551319212527,2.4160360167692314,4.214292847143644,0.28861929877175146,13.427290916442871,-13.36999989
10/8/2025,11:06:29,21,SURFTRAK,13.314212765957448,21.137446808510603,281.41881361702036,601.00,8.027777777777779,47.6258797,-122.3755175,47.6258876,-122.3755888,-23.66545486,-2.812558413,47.62588769660016,-122.3755831,1.427925481441173,-13.48999977,VFR_alt,205.58666262678517,0.3048694463486367,2.488051975238401,4.468031704328163,0.2970036349610019,13.54529094696045,-13.48999977
10/8/2025,11:06:30,21,SURFTRAK,13.304483870967772,22.096505376344023,293.9825731182797,607.00,8.11,47.6258758,-122.375506,47.6258848,-122.3755888,-23.97080231,-2.812752962,47.625884950251084,-122.3755831,1.3446236047693478,-13.61999989,VFR_alt,204.85749748679984,0.3032180815935135,2.342904766,3.9638272678128597,0.30534750460475674,13.67204761505127,-13.61999989
10/8/2025,11:06:31,21,SURFTRAK,13.290605714285705,23.320514285714356,309.9050930285723,614.00,8.194444444444445,47.6258741,-122.3755119,47.625882,-122.3755887,-24.28875923,-2.801349401,47.62588209049007,-122.375583,1.3137142249516078,-13.75,VFR_alt,205.63381546966832,0.31931720427104404,2.2890475131732613,3.781955786421048,0.3181613537084751,13.798343658447266,-13.75
10/8/2025,11:06:32,21,SURFTRAK,13.240049180327897,26.771639344262386,354.41179360655707,621.00,8.305555555555555,47.625872,-122.3755115,47.6258791,-122.3755887,-24.60780144,-2.802861452,47.62587922096785,-122.375583,1.280437129442809,-13.86999989,VFR_alt,213.03619268347555,0.32149957095990417,2.2310646952412636,3.593627412401082,0.3190457888541439,13.922987937927246,-13.86999989
10/8/2025,11:06:33,21,SURFTRAK,13.24391578947365,24.62715789473679,326.1251294736839,630.00,8.39,47.6258682,-122.3755019,47.6258761,-122.3755887,-24.94081306,-2.801625252,47.62587622580217,-122.375583,1.2273684194213466,-13.96999931,VFR_alt,223.30351820698655,0.34831013287368573,2.1385964883856787,3.3011256257686044,0.3330139216907201,14.02674674987793,-13.96999931
10/8/2025,11:06:34,21,SURFTRAK,13.12724719101128,37.006348314606655,485.5264698876414,639.00,8.527777777777779,47.6258658,-122.3754939,47.6258732,-122.3755893,-25.25961876,-2.845839262,47.62587335840718,-122.3755836,1.2479775146152197,-14.09000015,VFR_alt,226.1215278,0.3534899891427394,2.1745062754659177,3.414808591234538,0.3218570328547588,14.137312889099121,-14.09000015
10/8/2025,11:06:35,21,SURFTRAK,13.259773684210538,25.58505263157887,339.2498735263161,646.00,8.61,47.6258628,-122.3754917,47.6258705,-122.3755893,-25.56219482,-2.848674774,47.62587063698435,-122.3755836,1.2701578755127756,-14.25,VFR_alt,220.1136639205872,0.3351565340631886,2.2131538739995387,3.5359966006262127,0.3025893509007114,14.292205810546875,-14.25
10/8/2025,11:06:36,21,SURFTRAK,13.249106951871605,26.449999999999907,350.4388788770052,654.00,8.722222222222221,47.6258615,-122.3754897,47.625868,-122.3755891,-25.83954239,-2.833025932,47.62586814247112,-122.3755834,1.2133689768174116,-14.42000008,VFR_alt,219.51226678379462,0.30254341128038215,2.114203520212151,3.2275746685192064,0.27778869288543373,14.467491149902344,-14.42000008
10/8/2025,11:06:37,21,SURFTRAK,13.218147540983635,28.22,372.99156043716005,662.00,8.833333333333334,47.6258578,-122.3754946,47.6258661,-122.37559,-26.05937195,-2.902074099,47.62586616528504,-122.3755843,1.127213093752418,-14.5899992,VFR_alt,228.86289697191992,0.2996040685255019,1.9640834209322422,2.7896542290986055,0.2304184984316197,14.635323524475098,-14.5899992
10/8/2025,11:06:38,21,SURFTRAK,13.24695698924737,25.847419354838685,342.4000682795681,669.00,8.916666666666666,47.6258568,-122.375488,47.6258641,-122.3755915,-26.27569771,-3.010048628,47.62586421961275,-122.3755858,1.086989261129851,-14.72999954,VFR_alt,230.6564814099109,0.3256373732320724,1.8939964398474687,2.589777681675878,0.24177537790536133,14.782378196716309,-14.72999954
10/8/2025,11:06:39,21,SURFTRAK,13.243322580645136,25.532580645161193,338.1361751612911,676.00,9.027777777777779,47.6258554,-122.3754894,47.6258622,-122.3755936,-26.4869175,-3.166348219,47.625862319864474,-122.3755879,1.0316128730773926,-14.85999966,VFR_alt,229.65129223766522,0.3305064691330797,1.7975072788469773,2.3322442782310886,0.2627610337164061,14.914979934692383,-14.85999966
10/8/2025,11:06:40,21,SURFTRAK,13.261508108108137,25.177135135135085,333.88719454054063,683.00,9.11,47.6258506,-122.3754808,47.6258597,-122.3755939,-26.76703072,-3.190194607,47.62585980047645,-122.3755882,1.0180540368363664,-14.97999954,VFR_alt,218.40215166732304,0.31830966633719365,1.7738820338815529,2.271164128935857,0.2811264241462367,15.034671783447266,-14.97999954
10/8/2025,11:06:41,21,SURFTRAK,13.263631578947358,24.90894736842102,330.37,690.00,9.194444444444445,47.6258496,-122.3754893,47.6258569,-122.3755934,-27.07777405,-3.148597717,47.62585700559576,-122.3755876,1.0138011564288223,-15.10999966,VFR_alt,199.76904536262285,0.2909891246355068,1.7664717119593167,2.2523132201637077,0.3135151025736217,15.16430950164795,-15.10999966
10/8/2025,11:06:42,21,SURFTRAK,13.274851648351646,24.32747252747248,322.9435580769236,697.00,9.277777777777779,47.6258454,-122.3754946,47.6258541,-122.3755929,-27.39191246,-3.119421005,47.625854180179125,-122.3755872,1.0029670301374498,-15.22999954,VFR_alt,195.59009654457483,0.28844627263126793,1.7475940676637436,2.2043634092830566,0.3154904479028181,15.283401489257812,-15.22999954
10/8/2025,11:06:43,21,SURFTRAK,13.28636464088401,23.903038674033038,317.58457955801094,703.00,9.39,47.6258436,-122.3754951,47.6258507,-122.3755918,-27.76818085,-3.026533842,47.62585079595445,-122.375586,1.0387292448328345,-15.3399992,VFR_alt,196.1106933561879,0.3157945334582039,1.8099070175117624,2.365048162,0.38756409020460114,15.389364242553711,-15.3399992
10/8/2025,11:06:44,21,SURFTRAK,13.275048128342222,24.052620320855592,319.2993795721907,710.00,9.472222222222221,47.6258411,-122.3754969,47.6258473,-122.3755901,-28.14303207,-2.900774002,47.62584742447597,-122.3755843,1.059999942779541,-15.43999958,VFR_alt,196.46388138196914,0.32250858867232174,1.8469695972673874,2.462066309026905,0.3953845970674451,15.489917755126953,-15.43999958
10/8/2025,11:06:45,21,SURFTRAK,13.271026737967908,24.70909090909094,327.91500524064304,717.00,9.555555555555555,47.6258396,-122.3754983,47.6258444,-122.3755898,-28.46663094,-2.88469553,47.62584451397036,-122.3755841,1.0586630456587847,-15.53999996,VFR_alt,199.85749841886758,0.31913937189999747,1.8446401553145546,2.4558851704069493,0.3239980564079741,15.595959663391113,-15.53999996
10/8/2025,11:06:46,21,SURFTRAK,13.274994652406393,24.36433155080211,323.43583775400907,723.00,9.64,47.6258359,-122.3754994,47.6258413,-122.3755887,-28.81562614,-2.805210114,47.62584137504549,-122.375583,1.0499999523162842,-15.65999985,VFR_alt,199.13912797677537,0.328686232,1.8295453714601975,2.4158313921496375,0.3579323778954413,15.71064281463623,-15.65999985
10/8/2025,11:06:47,21,SURFTRAK,13.260924324324318,24.286594594594664,322.0577797837849,730.00,9.722222222222221,47.6258354,-122.3755046,47.6258381,-122.375587,-29.17301178,-2.664180279,47.62583816065563,-122.3755812,1.0472431981885755,-15.77999973,VFR_alt,196.06352510557792,0.32234592035010057,1.8247419362376749,2.4033579729297685,0.3842055526172745,15.831510543823242,-15.77999973
10/8/2025,11:06:48,21,SURFTRAK,13.24788648648653,25.28216216216213,334.9349392432445,737.00,9.833333333333334,47.6258302,-122.3754986,47.625835,-122.3755868,-29.51264572,-2.655666113,47.62583510592766,-122.3755811,1.0215134929966283,-15.88000011,VFR_alt,203.1669324753343,0.3378589630126953,1.779909874160797,2.286642492250181,0.3397406442296595,15.937569618225098,-15.88000011
10/8/2025,11:06:49,21,SURFTRAK,13.440731182795657,17.271021505376293,231.03003123656026,741.00,9.89,47.625829,-122.375513,47.625833,-122.3755855,-29.73465157,-2.556724548,47.62583310916767,-122.3755797,0.9918279256871951,-16,VFR_alt,202.18526933171677,0.16493008437977041,1.7281850220307213,2.1561329645716136,0.24305560684608662,16.047748565673828,-16
10/8/2025,11:06:50,21,SURFTRAK,13.616461139896394,2.4462694300518018,33.30779383419701,742.00,9.89,47.6258293,-122.3755162,47.6258329,-122.3755844,-29.74979782,-2.475460529,47.62583297293956,-122.3755787,0.8863730325600027,-16.11999893,VFR_alt,198.52651846045882,0.03201059,1.5444378597636401,1.7244948923694217,0.082663473,16.167436599731445,-16.11999893
10/8/2025,11:06:51,21,SURFTRAK,13.633023952095817,1.7501197604790493,23.859421257485018,742.00,9.89,47.6258244,-122.3755104,47.6258327,-122.3755818,-29.76590347,-2.281929016,47.625832828082444,-122.3755761,0.7914371065750807,-16.22999954,VFR_alt,198.63292961334105,0.035948120827178756,1.379019200850523,1.374041844652357,0.19420051140157513,16.278301239013672,-16.22999954
10/8/2025,11:06:52,21,SURFTRAK,13.61,3.0572972972972967,41.55345891891883,743.00,9.916666666666666,47.6258236,-122.3754968,47.6258331,-122.3755806,-29.71623611,-2.184379101,47.625833274799476,-122.3755748,0.6798918678953841,-16.30999947,VFR_alt,203.5498751904582,0.096137524,1.1846600728480203,1.0158757031021584,0.10946612475096083,16.36859130859375,-16.30999947
10/8/2025,11:06:53,21,SURFTRAK,13.64950270270272,1.179243243243244,16.092299891891884,743.00,9.916666666666666,47.6258232,-122.3754916,47.6258337,-122.3755789,-29.65534973,-2.058954239,47.62583382,-122.3755731,0.612486478,-16.37999916,VFR_alt,204.28984392939955,0.10111901711773227,1.0672112876376956,0.8226838433421799,0.13942219201529774,16.432703018188477,-16.37999916
10/8/2025,11:06:54,21,SURFTRAK,13.510502617801084,7.845602094240885,105.99741664921453,746.00,9.944444444444445,47.6258263,-122.3754949,47.6258345,-122.3755753,-29.55867195,-1.796359897,47.62583469195946,-122.3755696,0.5442931717602995,-16.40999985,VFR_alt,173.82792606437377,0.14592928337957223,0.9483896174611296,0.6519609978470701,0.279825627,16.469526290893555,-16.40999985
10/8/2025,11:06:55,21,SURFTRAK,13.548518716577574,6.110320855614951,82.79072550802103,747.00,9.972222222222221,47.625825,-122.3754919,47.6258363,-122.375572,-29.36223602,-1.543216944,47.62583645873902,-122.3755663,0.4572192416152852,-16.37999916,VFR_alt,132.93512607782844,0.23943748807205872,0.7966698906933013,0.45919986619973924,0.3204191451165314,16.44847297668457,-16.37999916
10/8/2025,11:06:56,21,SURFTRAK,13.543037433155094,6.588556149732608,89.22494459893042,749.00,10.00,47.6258276,-122.3754949,47.6258384,-122.3755718,-29.13266373,-1.523492932,47.625838523553014,-122.375566,0.4143315327358756,-16.29999924,VFR_alt,91.43266792070712,0.27318299358541315,0.7219413070397838,0.3764322728999357,0.23041804569677124,16.37717056274414,-16.29999924
10/8/2025,11:06:57,21,SURFTRAK,13.556755434782593,5.496086956521739,74.50903532608719,751.00,10.00,47.6258289,-122.375498,47.6258397,-122.3755722,-28.98525047,-1.564723015,47.62583984941399,-122.3755665,0.3960325925246529,-16.19999886,VFR_alt,57.678084336593805,0.25047773074196733,0.6900567900050778,0.3437861720314139,0.15307052980628635,16.284135818481445,-16.19999886
10/8/2025,11:06:58,21,SURFTRAK,13.596405405405367,3.7287567567567685,50.672884864864685,751.00,10.027777777777779,47.6258307,-122.3755049,47.6258404,-122.375572,-28.9016819,-1.547456622,47.62584060104457,-122.3755663,0.44394593319377385,-16.07999992,VFR_alt,33.48506047182548,0.17706782157356674,0.7735421563224874,0.43300251692563196,0.085333667,16.165550231933594,-16.07999992
10/8/2025,11:06:59,21,SURFTRAK,13.61740740740736,2.37,32.293303703703685,752.00,10.027777777777779,47.6258321,-122.3755036,47.6258407,-122.3755708,-28.87217712,-1.454988241,47.625840866415764,-122.3755651,0.5469841066176299,-15.93999958,VFR_alt,27.280474031254638,0.075793157,0.9530783675913258,0.6589620882462062,0.097061492,16.025053024291992,-15.93999958
10/8/2025,11:07:00,21,SURFTRAK,13.609200000000046,2.881105263157901,39.19681468421049,754.00,10.055555555555555,47.6258317,-122.3754956,47.6258408,-122.3755703,-28.87430763,-1.411954284,47.62584084725359,-122.3755645,0.6912631439535242,-15.79999924,VFR_alt,49.63483313483227,0.080983859,1.2044736599190184,1.0526601615341902,0.043086663,15.878702163696289,-15.79999924
10/8/2025,11:07:01,21,SURFTRAK,13.580976470588215,7.330294117647052,99.23959317647048,755.00,10.055555555555555,47.6258317,-122.3754956,47.6258406,-122.375571,-28.89444733,-1.461838126,47.62584066611361,-122.3755652,0.827882326,-15.67000008,VFR_alt,350.92510902044774,0.028322597,1.4425222346967546,1.5050710527348272,0.053795957,15.75024414,-15.67000008
10/8/2025,11:07:02,21,SURFTRAK,13.625500000000013,1.7849999999999968,24.320139999999917,755.00,10.083333333333334,47.6258317,-122.3754956,47.6258408,-122.375571,-28.86958313,-1.471327066,47.62584088974661,-122.3755653,0.9536558982505593,-15.54999924,VFR_alt,346.52927509577165,0.018211467161534295,1.661673156042641,1.9953933189120001,0.026613309982805332,15.627254486083984,-15.54999924
10/8/2025,11:07:03,21,SURFTRAK,13.630604278074818,1.4660427807486638,19.982865401069525,756.00,10.083333333333334,47.6258333,-122.3754914,47.625841,-122.3755693,-28.83436394,-1.338440537,47.625841206514266,-122.3755635,1.055187130356855,-15.46000004,VFR_alt,342.86832472641356,0.043931812,1.8385836362278547,2.4420664532813516,0.13747443799512202,15.535497665405273,-15.46000004
10/8/2025,11:07:04,21,SURFTRAK,13.67,1.1939890710382546,16.321024590163958,756.00,10.083333333333334,47.6258347,-122.3754899,47.6258411,-122.3755676,-28.822855,-1.212433815,47.625841310027724,-122.3755619,1.1555190965777538,-15.38000011,VFR_alt,338.67463653364996,0.032313092006115963,2.013404486461233,2.9266024994914517,0.1265312208135527,15.452013969421387,-15.38000011
10/8/2025,11:07:05,21,SURFTRAK,13.631701030927793,1.7521649484536042,23.88490572164948,757.00,10.083333333333334,47.6258379,-122.375503,47.6258416,-122.3755658,-28.77097321,-1.080327988,47.625841776661744,-122.3755601,1.198453538196603,-15.32999992,VFR_alt,338.1382659408463,0.064816874,2.0882144983728628,3.147507951657914,0.14192839661348697,15.398091316223145,-15.32999992
10/8/2025,11:07:06,21,SURFTRAK,13.630901639344264,1.8443715846994506,25.140436284152933,757.00,10.11111111111111,47.6258383,-122.3755054,47.6258419,-122.3755642,-28.73664856,-0.959320426,47.625842085383695,-122.3755585,1.232459017487823,-15.28999996,VFR_alt,339.0167465542619,0.051142164185398915,2.1474664698651513,3.3285940661139652,0.12578160162512111,15.359503746032715,-15.28999996
10/8/2025,11:07:07,21,SURFTRAK,13.617931578947408,2.064105263157898,28.10936794736848,758.00,10.11111111111111,47.6258386,-122.3755065,47.6258424,-122.3755631,-28.68408394,-0.874159098,47.62584255815922,-122.3755574,1.209842063878712,-15.30999947,VFR_alt,339.77502018987934,0.065831276,2.1080581416068407,3.2076717418506355,0.10007742611796495,15.36722183227539,-15.30999947
10/8/2025,11:07:08,21,SURFTRAK,13.619010752688133,2.1690322580645187,29.540115053763515,758.00,10.11111111111111,47.6258385,-122.3755022,47.6258429,-122.3755619,-28.62654877,-0.786135554,47.625843075640766,-122.3755562,1.1627956628799438,-15.34999943,VFR_alt,339.71235015771697,0.083775272,2.0260833519877757,2.9634317060189703,0.1051591182247974,15.412138938903809,-15.34999943
10/8/2025,11:07:09,21,SURFTRAK,13.612919354838699,2.4462903225806385,33.30111919354842,759.00,10.11111111111111,47.6258391,-122.3755043,47.6258436,-122.3755605,-28.55623817,-0.680855393,47.62584370802671,-122.3755548,1.086129028310058,-15.40999985,VFR_alt,339.07846443602006,0.08044834,1.8924975493281346,2.5880646680081423,0.1265997303272958,15.46623706817627,-15.40999985
10/8/2025,11:07:10,21,SURFTRAK,13.627263440860192,2.0908064516128975,28.49122919354841,760.00,10.13888888888889,47.6258393,-122.3755003,47.6258445,-122.3755589,-28.45176506,-0.562502503,47.625844647676416,-122.3755532,0.9887634118398031,-15.47999954,VFR_alt,340.3641392373664,0.1069562991940847,1.7228453388117804,2.1438868231540065,0.15786715341239657,15.533720016479492,-15.47999954
10/8/2025,11:07:11,21,SURFTRAK,13.639476744186034,1.6480813953488378,22.479122965116304,760.00,10.13888888888889,47.625839,-122.375498,47.6258452,-122.3755577,-28.37647247,-0.468747765,47.62584532487131,-122.375552,0.9080813613741897,-15.5,VFR_alt,341.34972299006165,0.10101982682596805,1.582262978,1.8084160166474836,0.12024526894455272,15.568269729614258,-15.5
10/8/2025,11:07:12,21,SURFTRAK,13.648817204301038,1.410322580645159,19.249236129032354,761.00,10.13888888888889,47.6258407,-122.3754987,47.6258459,-122.375556,-28.29170036,-0.346062034,47.62584609,-122.3755503,0.8679032053357811,-15.48999977,VFR_alt,341.42289659179283,0.093976609,1.5122555850547696,1.6513736553376588,0.1491244416224626,15.561927795410156,-15.48999977
10/8/2025,11:07:13,21,SURFTRAK,13.653935483870956,1.4399999999999984,19.66166709677416,761.00,10.13888888888889,47.625841,-122.375498,47.6258468,-122.3755547,-28.19511795,-0.244887322,47.62584695600605,-122.375549,0.8204838633537292,-15.46999931,VFR_alt,341.4640045351503,0.10380500210549241,1.4296309740254338,1.475384910829594,0.13987310260264574,15.542301177978516,-15.46999931
10/8/2025,11:07:14,21,SURFTRAK,13.65464705882348,1.3544385026737917,18.493789946524014,761.00,10.166666666666666,47.6258424,-122.3754964,47.6258474,-122.3755532,-28.12175179,-0.135689646,47.62584761587435,-122.3755475,0.8166310009471873,-15.43999958,VFR_alt,340.63042715178193,0.090764809,1.4229176531655503,1.4615682576131532,0.13155503287200526,15.508522987365723,-15.43999958
10/8/2025,11:07:15,21,SURFTRAK,13.591906735751294,2.752020725388588,37.402716269429924,762.00,10.166666666666666,47.6258425,-122.3754953,47.6258476,-122.3755527,-28.0957222,-0.09507183,47.62584784998908,-122.375547,0.8167875606778989,-15.40999985,VFR_alt,314.6076231718111,0.044135092,1.4231904466357297,1.4619094913077326,0.048242578469360066,15.479236602783203,-15.40999985
10/8/2025,11:07:16,21,SURFTRAK,13.705475675675725,5.302162162162165,72.76535059459476,764.00,10.194444444444445,47.6258474,-122.3754969,47.6258473,-122.3755525,-28.14467049,-0.082417436,47.62584740973949,-122.3755468,0.8576215876115335,-15.39999962,VFR_alt,285.30038182406383,0.065713424,1.4943406450806993,1.6130297776132339,0.050557577,15.465841293334961,-15.39999962
10/8/2025,11:07:17,21,SURFTRAK,13.381462365591394,14.017204301075319,187.23685870967807,768.00,10.25,47.6258467,-122.3755004,47.6258461,-122.3755526,-28.28298569,-0.089969218,47.62584616570802,-122.3755469,0.9408602047992008,-15.36999989,VFR_alt,254.08873854012322,0.19273105207630384,1.6393776295743665,1.9401413485515613,0.1385212048127181,15.434154510498047,-15.36999989
10/8/2025,11:07:18,21,SURFTRAK,13.286999999999983,22.974999999999905,305.26882500000096,774.00,10.333333333333334,47.6258474,-122.3755046,47.6258467,-122.3755553,-28.19864845,-0.28691721,47.62584692425205,-122.3755495,0.9554787062584086,-15.3399992,VFR_alt,265.4297422988106,0.21861242629746172,1.6648492609048047,2.0013008486615442,0.21424584153623735,15.415414810180664,-15.3399992
10/8/2025,11:07:19,21,SURFTRAK,13.411031914893638,16.417287234042522,220.00760856383056,778.00,10.38888888888889,47.6258483,-122.3755096,47.6258463,-122.3755579,-28.26113129,-0.484223008,47.625846362270316,-122.3755522,1.022287203276411,-15.29999924,VFR_alt,257.0541955083256,0.18120682849845987,1.7812580057089034,2.2908229401937885,0.20696299829016213,15.367124557495117,-15.29999924
10/8/2025,11:07:20,21,SURFTRAK,13.510715025906716,10.597616580310872,143.13468637305704,781.00,10.416666666666666,47.625851,-122.3755262,47.6258461,-122.3755604,-28.28465843,-0.675849199,47.62584615066295,-122.3755547,1.0514507281347878,-15.29999924,VFR_alt,252.56739358461792,0.18822261606164548,1.8320732384166811,2.4227434115594506,0.19306507633574535,15.359039306640625,-15.29999924
10/8/2025,11:07:21,21,SURFTRAK,13.567000000000004,5.066666666666669,68.73946666666664,782.00,10.444444444444445,47.6258533,-122.3755335,47.6258459,-122.3755619,-28.30157471,-0.785520554,47.62584599851497,-122.3755562,1.101309529372624,-15.28999996,VFR_alt,250.9479815798632,0.15106947480567864,1.9189484223916908,2.6585104163684257,0.1109683122037229,15.359258651733398,-15.28999996
10/8/2025,11:07:22,21,SURFTRAK,13.56885026737964,4.843796791443878,65.72,783.00,10.444444444444445,47.6258459,-122.375528,47.6258456,-122.3755632,-28.33976364,-0.881690204,47.625845655036905,-122.3755575,1.136737957,-15.27999973,VFR_alt,250.12367331707702,0.14094596599193818,1.980679773073141,2.833311346549245,0.10347461714243501,15.344476699829102,-15.27999973
10/8/2025,11:07:23,21,SURFTRAK,13.554754010695223,5.429946524064162,73.59271379679164,785.00,10.472222222222221,47.6258449,-122.375531,47.625845,-122.3755643,-28.39840317,-0.970907152,47.62584513,-122.3755586,1.1728876548654892,-15.25999928,VFR_alt,244.80857018650948,0.1369311246961196,2.0436678834777413,3.0145083554481245,0.10676262353322162,15.328112602233887,-15.25999928
10/8/2025,11:07:24,21,SURFTRAK,13.547358695652191,6.380652173913053,86.44,787.00,10.50,47.6258449,-122.375531,47.6258445,-122.3755655,-28.46053886,-1.062787652,47.62584456876311,-122.3755599,1.2162499537934428,-15.23999977,VFR_alt,237.26815574332286,0.10649838764220476,2.1192234043370637,3.2419907600117868,0.11091830825850549,15.308257102966309,-15.23999977
10/8/2025,11:07:25,21,SURFTRAK,13.509363157894708,7.772210526315785,104.97,789.00,10.527777777777779,47.6258442,-122.3755371,47.6258441,-122.3755653,-28.50620651,-1.044860959,47.625844158020165,-122.3755596,1.2214210428689656,-15.22999954,VFR_alt,229.04236508448284,0.055573357,2.1282336353019904,3.2696445207517595,0.049060171455456277,15.299800872802734,-15.22999954
10/8/2025,11:07:26,21,SURFTRAK,13.587329729729774,4.331837837837841,58.76885178378427,790.00,10.555555555555555,47.6258418,-122.3755378,47.625844,-122.375566,-28.51327896,-1.101506948,47.62584409440931,-122.3755604,1.2627567445909655,-15.27999973,VFR_alt,231.56910421972742,0.041215166,2.200257964060021,3.494139619892996,0.057085791999346484,15.329294204711914,-15.27999973
10/8/2025,11:07:27,21,SURFTRAK,13.62140526315789,1.9635789473684129,26.74108278947364,791.00,10.555555555555555,47.6258426,-122.3755419,47.6258444,-122.3755647,-28.46324921,-0.998772323,47.62584454,-122.375559,1.2008947039905347,-15.31999969,VFR_alt,225.16436355936315,0.067367873,2.092468044831987,3.162892264566649,0.11426889162346329,15.379511833190918,-15.31999969
10/8/2025,11:07:28,21,SURFTRAK,13.558849462365576,5.722688172043036,77.57996698924703,792.00,10.583333333333334,47.6258409,-122.3755404,47.6258447,-122.3755637,-28.42447281,-0.916728079,47.625844893147594,-122.3755579,1.164032220840454,-15.34999943,VFR_alt,226.7627226,0.069808586,2.0282379605553316,2.969264379277825,0.090746168,15.401117324829102,-15.34999943
10/8/2025,11:07:29,21,SURFTRAK,13.621031914893587,1.9813297872340365,26.987522765957348,793.00,10.583333333333334,47.6258413,-122.3755436,47.6258451,-122.3755626,-28.38201332,-0.842239678,47.625845275035765,-122.3755569,1.1284574263907494,-15.40999985,VFR_alt,227.24140231119844,0.076797216,1.9662515762869108,2.792654387703786,0.085739898,15.463115692138672,-15.40999985
10/8/2025,11:07:30,21,SURFTRAK,13.617569892473135,2.560806451612897,34.87190172043012,794.00,10.583333333333334,47.6258429,-122.3755414,47.6258456,-122.375561,-28.32442856,-0.716710508,47.62584579296333,-122.3755553,1.0227956771850586,-15.43999958,VFR_alt,226.1864393,0.10240183794690717,1.7821439829739711,2.292931756502286,0.138107123,15.49768352508545,-15.43999958
10/8/2025,11:07:31,21,SURFTRAK,13.572041176470593,4.99,67.55856135294114,796.00,10.61111111111111,47.6258387,-122.3755421,47.6258452,-122.3755612,-28.37156487,-0.739472985,47.625845369011024,-122.3755556,0.9971764564514161,-15.46000004,VFR_alt,224.3832968961967,0.098308765,1.7375044316956543,2.178918287933561,0.052344644,15.519476890563965,-15.46000004
10/8/2025,11:07:32,21,SURFTRAK,13.50550000000001,9.01,121.61697499999964,798.00,10.63888888888889,47.6258387,-122.3755421,47.6258439,-122.3755625,-28.52025414,-0.829237282,47.625844031673324,-122.3755568,1.0219354437243553,-15.46999931,VFR_alt,214.14075247559575,0.1686451824442033,1.7806450913378973,2.289569432991692,0.1736839890040929,15.533609390258789,-15.46999931
10/8/2025,11:07:33,21,SURFTRAK,13.508674033149184,9.346906077348098,126.26319259668512,801.00,10.694444444444445,47.6258373,-122.3755386,47.6258423,-122.3755642,-28.69340134,-0.954136848,47.625842474356645,-122.3755584,1.048176749635138,-15.46999931,VFR_alt,214.67170872758237,0.20990995593492498,1.8263685789097153,2.4075470963415526,0.21349439109918653,15.538506507873535,-15.46999931
10/8/2025,11:07:34,21,SURFTRAK,13.506886486486502,8.802540540540559,118.89464794594595,803.00,10.722222222222221,47.6258402,-122.3755425,47.6258407,-122.3755662,-28.8741436,-1.106808066,47.62584084872862,-122.3755605,1.0963243110759837,-15.46999931,VFR_alt,213.32676000473344,0.2268055041899552,1.9102620571778486,2.6355551140049966,0.23659304026544498,15.536683082580566,-15.46999931
10/8/2025,11:07:35,21,SURFTRAK,13.519473684210578,8.49,114.72166894736827,805.00,10.75,47.6258376,-122.375541,47.6258399,-122.3755678,-28.9654789,-1.230456114,47.62584002724274,-122.3755621,1.1666841707731548,-15.52999973,VFR_alt,213.79608317986032,0.14297012008334462,2.0328587824077644,2.98301758,0.1537237003462811,15.58221149,-15.52999973
10/8/2025,11:07:36,21,SURFTRAK,13.545257894736833,8.173578947368426,110.71193873684179,808.00,10.777777777777779,47.6258394,-122.3755512,47.6258408,-122.3755698,-28.8709774,-1.373940229,47.62584087720594,-122.375564,1.0977368241862246,-15.60999966,VFR_alt,215.94676415862278,0.157745393,1.912723254,2.642514320690656,0.17180868445806058,15.658984184265137,-15.60999966
10/8/2025,11:07:37,21,SURFTRAK,13.496956521739083,9.945543478260875,134.23451793478307,810.00,10.805555555555555,47.6258414,-122.3755575,47.625842,-122.3755707,-28.73233795,-1.452251673,47.625842124153756,-122.375565,0.9962499737739563,-15.65999985,VFR_alt,216.12514005514933,0.13187470242543065,1.7358901058182574,2.178865400868211,0.15922807313052514,15.717849731445312,-15.65999985
10/8/2025,11:07:38,21,SURFTRAK,13.605777777777808,3.13,42.55515407407398,811.00,10.833333333333334,47.6258416,-122.3755678,47.6258434,-122.3755717,-28.57446289,-1.521424651,47.62584354411009,-122.375566,0.8760317245488445,-15.68999958,VFR_alt,231.02209563186125,0.14098625259582329,1.5264189139866224,1.683091010427873,0.17236425336404584,15.751021385192871,-15.68999958
10/8/2025,11:07:39,21,SURFTRAK,13.554237837837844,6.437027027027049,87.24882972973008,813.00,10.833333333333334,47.6258417,-122.3755672,47.625845,-122.3755719,-28.40194702,-1.540547967,47.62584509574843,-122.3755662,0.7931351142960625,-15.69999981,VFR_alt,269.7375697763086,0.14414276714260513,1.3819778506673854,1.3793866259951575,0.17357253905200126,15.768533706665039,-15.69999981
10/8/2025,11:07:40,21,SURFTRAK,13.611918478260847,3.316141304347812,45.04219451086957,813.00,10.86111111111111,47.6258417,-122.3755673,47.6258462,-122.3755717,-28.26716042,-1.516823053,47.62584630804309,-122.3755659,0.7531521709068961,-15.67000008,VFR_alt,295.18244559801633,0.10296218032422273,1.3123106008226255,1.2434756548227883,0.13685868857218864,15.743253707885742,-15.67000008
10/8/2025,11:07:41,21,SURFTRAK,13.65712154696127,1.4264640883977895,19.481097292817694,814.00,10.86111111111111,47.6258417,-122.3755673,47.6258469,-122.3755716,-28.17871475,-1.513754129,47.625847103539094,-122.3755659,0.7338673821470355,-15.60999966,VFR_alt,301.1985032,0.077852878,1.2787083173774105,1.1801639857063648,0.088498891,15.688694953918457,-15.60999966
10/8/2025,11:07:42,21,SURFTRAK,13.641584269662918,1.4578651685393214,19.887412921348297,814.00,10.86111111111111,47.6258325,-122.3755571,47.6258471,-122.3755713,-28.15496254,-1.492916703,47.62584731717072,-122.3755656,0.7707864977000805,-15.5199995,VFR_alt,302.1941975029535,0.047704053,1.3430370793258992,1.303577723661799,0.031596929,15.602238655090332,-15.5199995
10/8/2025,11:07:43,21,SURFTRAK,13.619578947368367,3.08,42.01137694736855,815.00,10.88888888888889,47.6258366,-122.3755564,47.6258473,-122.3755712,-28.14642715,-1.485474229,47.62584731717072,-122.3755656,0.8602105018339659,-15.39999962,VFR_alt,299.89533919790256,0.021829172214002986,1.4988516319834242,1.6238124120821935,0,15.484184265136719,-15.39999962
10/8/2025,11:07:44,21,SURFTRAK,13.630999999999974,1.76,24.005992096774197,816.00,10.88888888888889,47.625846,-122.3755704,47.6258475,-122.375571,-28.1218338,-1.470314741,47.625847538367694,-122.3755654,0.9666128764229436,-15.28999996,VFR_alt,299.29993570447294,0.02779675,1.6842497089187651,2.049084309137339,0.02889019,15.372071266174316,-15.28999996
10/8/2025,11:07:45,21,SURFTRAK,13.628102702702735,1.8501081081081108,25.213463189189206,816.00,10.88888888888889,47.6258466,-122.3755704,47.6258477,-122.3755706,-28.09799767,-1.441041708,47.625847752754126,-122.375565,1.0419999760550422,-15.21000004,VFR_alt,298.80060035043965,0.037786271946655736,1.8156060188837873,2.3807054857381864,0.037750123738568696,15.289066314697266,-15.21000004
10/8/2025,11:07:46,21,SURFTRAK,13.625026455026465,1.8807936507936456,25.625844232804205,817.00,10.88888888888889,47.6258446,-122.3755672,47.6258479,-122.37557,-28.07266617,-1.396980643,47.62584798059011,-122.3755644,1.1142328145012024,-15.18999958,VFR_alt,298.4619318826068,0.046732654,1.9414662676914844,2.7208323946199755,0.050823835,15.257506370544434,-15.18999958
10/8/2025,11:07:47,21,SURFTRAK,13.624882978723367,1.986329787234038,27.063502021276552,817.00,10.916666666666666,47.6258427,-122.3755615,47.6258481,-122.3755693,-28.04776764,-1.341195822,47.6258482,-122.3755637,1.126382977404493,-15.21999931,VFR_alt,298.2082817084327,0.052691384,1.9626370060835814,2.780445364094106,0.061089140278183275,15.2735014,-15.21999931
10/8/2025,11:07:48,21,SURFTRAK,13.615919354838695,2.58,35.12321397849472,818.00,10.916666666666666,47.625845,-122.3755662,47.6258484,-122.3755685,-28.01935959,-1.283937216,47.62584846003895,-122.3755629,1.0705376049523712,-15.28999996,VFR_alt,297.9980105794803,0.056411309388055594,1.865330675295802,2.5133577246657586,0.063918427,15.338395118713379,-15.28999996
10/8/2025,11:07:49,21,SURFTRAK,13.610107526881693,2.5932258064515996,35.294075268817174,819.00,10.916666666666666,47.6258425,-122.375553,47.6258485,-122.3755678,-27.99892807,-1.229748011,47.62584864380365,-122.3755622,0.9716128828704998,-15.39999962,VFR_alt,298.36367180721453,0.052599357,1.6929618413652612,2.070611409401048,0.057913012,15.443869590759277,-15.39999962
10/8/2025,11:07:50,21,SURFTRAK,13.61960846560848,2.2356613756613712,30.448156243386148,819.00,10.944444444444445,47.6258445,-122.3755578,47.6258487,-122.375567,-27.97610283,-1.169353843,47.62584884909792,-122.3755614,0.8438624030067807,-15.52999973,VFR_alt,298.7542784706493,0.052095047,1.470366308269389,1.5637721008346488,0.064563513,15.574653625488281,-15.52999973
10/8/2025,11:07:51,21,SURFTRAK,13.631291428571442,1.6214285714285757,22.102127085714354,820.00,10.944444444444445,47.6258448,-122.3755569,47.625849,-122.3755663,-27.95033264,-1.114495993,47.62584908087956,-122.3755607,0.7132571203368051,-15.63999939,VFR_alt,299.0971188243952,0.055833738,1.2427964975565526,1.1171843930091572,0.060609292,15.686549186706543,-15.63999939
10/8/2025,11:07:52,21,SURFTRAK,13.646633333333327,1.4393333333333256,19.64211566666673,820.00,10.944444444444445,47.6258429,-122.3755608,47.6258493,-122.3755657,-27.92061043,-1.074405551,47.62584934820643,-122.3755601,0.6231666468911701,-15.71000004,VFR_alt,299.49918745914323,0.048897834,1.0858206726133999,0.8524531245741399,0.049906447538528825,15.76326847076416,-15.71000004
10/8/2025,11:07:53,21,SURFTRAK,13.65319672131142,1.287213114754102,17.57475344262292,820.00,10.944444444444445,47.6258429,-122.3755608,47.6258496,-122.3755652,-27.88457489,-1.036200881,47.62584967231645,-122.3755596,0.5564480730093242,-15.75,VFR_alt,299.5896048091597,0.047432946,0.9695686120617031,0.6791532947472975,0.052518156716711645,15.809990882873535,-15.75
10/8/2025,11:07:54,21,SURFTRAK,13.650958549222747,1.2111398963730589,16.53322170984455,821.00,10.944444444444445,47.6258429,-122.3755608,47.6258499,-122.3755646,-27.85204887,-0.99001646,47.62584996486122,-122.375559,0.5182901379975631,-15.75999928,VFR_alt,299.4308451784934,0.054112031,0.9030813010563625,0.5889334580932529,0.056488427,15.822089195251465,-15.75999928
10/8/2025,11:07:55,21,SURFTRAK,13.647086021505375,1.3313978494623657,18.169662580645124,821.00,10.972222222222221,47.6258429,-122.3755608,47.6258501,-122.3755637,-27.83077049,-0.92439276,47.625850156242755,-122.3755581,0.5133333206176758,-15.71999931,VFR_alt,298.5410087824234,0.069532753,0.8944444222883772,0.5774622455589064,0.068987242,15.795598030090332,-15.71999931
10/8/2025,11:07:56,21,SURFTRAK,13.648112299465268,1.3273796791443873,18.117170160427797,821.00,10.972222222222221,47.6258429,-122.3755608,47.6258508,-122.3755631,-27.75471497,-0.878988862,47.625850840299655,-122.3755575,0.5134759229772231,-15.67000008,VFR_alt,297.33198103421466,0.075108489,0.8946928960966793,0.5777840944268104,0.088577407,15.74499225616455,-15.67000008
10/8/2025,11:07:57,21,SURFTRAK,13.636805405405386,1.519027027027027,20.713994702702752,822.00,10.972222222222221,47.6258429,-122.3755608,47.625851,-122.3755623,-27.72590446,-0.815942407,47.62585109942641,-122.3755567,0.5500540456256351,-15.59999943,VFR_alt,294.9197234,0.067580445,0.9584275037416359,0.6636467057382867,0.06931739,15.683274269104004,-15.59999943
10/8/2025,11:07:58,21,SURFTRAK,13.600414893617085,3.155638297872341,42.92,823.00,10.972222222222221,47.6258429,-122.3755608,47.6258513,-122.3755619,-27.69023132,-0.784823239,47.62585142027699,-122.3755563,0.579999992,-15.53999996,VFR_alt,297.6375109558599,0.033102842,1.0106060464417908,0.7376007967305048,0.047338944,15.610493659973145,-15.53999996
10/8/2025,11:07:59,21,SURFTRAK,13.532645161290297,5.693924731182795,77.02,824.00,11.00,47.6258429,-122.3755608,47.6258505,-122.3755616,-27.77266693,-0.763685167,47.62585067883649,-122.375556,0.63768816,-15.46999931,VFR_alt,298.11515662279237,0.07346195,1.1111233089909434,0.8916976498973261,0.085102571,15.550165176391602,-15.46999931
10/8/2025,11:08:00,21,SURFTRAK,13.558138297872341,4.316702127659579,58.52416446808484,826.00,11.027777777777779,47.6258429,-122.3755608,47.62585,-122.3755618,-27.82878876,-0.77368027,47.62585017406682,-122.3755561,0.7072872151719763,-15.39999962,VFR_alt,298.96934389278397,0.032594527162492594,1.232394390072382,1.0987609986579372,0.057004925,15.480637550354004,-15.39999962
10/8/2025,11:08:01,21,SURFTRAK,13.656994444444477,1.6812777777777832,22.96025633333334,826.00,11.027777777777779,47.6258522,-122.3755605,47.6258495,-122.3755622,-27.89461708,-0.815675855,47.62584958199519,-122.3755567,0.8401110854413775,-15.32999992,VFR_alt,294.0859862987013,0.056127777,1.463829921602401,1.5506460727494353,0.078083272,15.413495063781738,-15.32999992
10/8/2025,11:08:02,21,SURFTRAK,13.622168539325797,1.9162359550561776,26.10166915730341,827.00,11.027777777777779,47.6258522,-122.3755605,47.6258498,-122.3755621,-27.86779213,-0.806111276,47.62584982326357,-122.3755566,0.8986516628372535,-15.27999973,VFR_alt,289.0569436392475,0.031642004795205056,1.5658324428224895,1.7697976854912627,0.028479100545675668,15.349867820739746,-15.27999973
10/8/2025,11:08:03,21,SURFTRAK,13.615776595744666,2.524042553191492,34.366655212765984,827.00,11.055555555555555,47.6258553,-122.3755678,47.62585,-122.3755624,-27.83732605,-0.826110363,47.62585009728089,-122.3755568,0.9334574405183184,-15.25,VFR_alt,284.8086655312629,0.026643169,1.6264788736304043,1.9095862454994188,0.036443730436389384,15.316886901855469,-15.25
10/8/2025,11:08:04,21,SURFTRAK,13.598194594594618,3.0805945945946025,41.89090756756753,828.00,11.055555555555555,47.6258578,-122.375578,47.6258506,-122.3755633,-27.77628899,-0.890570462,47.62585064625907,-122.3755577,0.9349729663616902,-15.2699995,VFR_alt,287.0364692281544,0.063771751,1.6291195625999095,1.9156388094215457,0.088772898,15.330738067626953,-15.2699995
10/8/2025,11:08:05,21,SURFTRAK,13.599566844919824,3.2265775401069634,43.88,829.00,11.055555555555555,47.6258578,-122.375578,47.6258507,-122.3755642,-27.75302887,-0.956096828,47.625850855464684,-122.3755585,0.898716555,-15.32999992,VFR_alt,279.25055006838124,0.071167126,1.565945512364468,1.7702211981760068,0.069532278,15.378538131713867,-15.32999992
10/8/2025,11:08:06,21,SURFTRAK,13.593909090909033,3.324866310160421,45.19769385026736,830.00,11.083333333333334,47.6258578,-122.375578,47.6258507,-122.3755647,-27.76025581,-0.998728573,47.62585079046427,-122.3755591,0.8552406207125455,-15.38000011,VFR_alt,267.4546888577863,0.048699645215974134,1.4901919906354923,1.6033162383826236,0.043239963341140365,15.435721397399902,-15.38000011
10/8/2025,11:08:07,21,SURFTRAK,13.588893617021226,4.181542553191472,56.816966382978904,831.00,11.11111111111111,47.6258578,-122.375578,47.6258512,-122.3755659,-27.70362282,-1.084626079,47.62585129983148,-122.3755603,0.8085638119819316,-15.43999958,VFR_alt,267.84115380969234,0.085690629,1.4088611875442762,1.4330891522840086,0.10288672220045289,15.490239143371582,-15.43999958
10/8/2025,11:08:08,21,SURFTRAK,13.568058823529363,5.028181818181823,68.20974796791462,832.00,11.11111111111111,47.6258578,-122.375578,47.6258514,-122.3755662,-27.68811798,-1.109203577,47.625851439284745,-122.3755606,0.7517646834812063,-15.46999931,VFR_alt,266.4881938968066,0.055044504868633604,1.3098930090960397,1.2395169083236306,0.029059480396031623,15.534235000610352,-15.46999931
10/8/2025,11:08:09,21,SURFTRAK,13.564096774193544,4.340000000000005,58.86818000000008,834.00,11.13888888888889,47.6258578,-122.375578,47.6258519,-122.3755683,-27.62462044,-1.260597825,47.62585201,-122.3755626,0.7006989038118752,-15.50999928,VFR_alt,268.5385085390188,0.14029357546279508,1.2209147566419025,1.0764678300640704,0.16417111907915927,15.563504219055176,-15.50999928
10/8/2025,11:08:10,21,SURFTRAK,13.56251595744681,4.98,67.47,835.00,11.166666666666666,47.6258578,-122.375578,47.6258518,-122.375569,-27.63116837,-1.3181144,47.62585195149966,-122.3755634,0.6629787055735893,-15.52999973,VFR_alt,263.93227949069205,0.089729106,1.155190168802468,0.9637986912902701,0.057888096728044056,15.597521781921387,-15.52999973
10/8/2025,11:08:11,21,SURFTRAK,13.578419889502788,4.764585635359129,64.68,836.00,11.166666666666666,47.6258578,-122.375578,47.6258522,-122.3755713,-27.58952904,-1.478998303,47.625852326011156,-122.3755655,0.62558011,-15.52999973,VFR_alt,263.3568240370598,0.1280935916288123,1.090025949144853,0.8575931327626749,0.16618502953946443,15.592672348022461,-15.52999973
10/8/2025,11:08:12,21,SURFTRAK,13.579011235955097,4.547584269662915,61.75,838.00,11.194444444444445,47.6258578,-122.375578,47.6258521,-122.3755724,-27.60409737,-1.569417357,47.62585219498101,-122.3755667,0.6244382027829631,-15.5199995,VFR_alt,260.15344268668497,0.10324138896853736,1.0880362624248625,0.8544654055323876,0.09158516,15.596954345703125,-15.5199995
10/8/2025,11:08:13,21,SURFTRAK,13.580562841530101,4.474480874316922,60.757495027322285,839.00,11.194444444444445,47.6258578,-122.375578,47.6258523,-122.3755744,-27.58010864,-1.715395451,47.625852410739824,-122.3755686,0.6344808652752736,-15.48999977,VFR_alt,260.9328399699113,0.12446758684401955,1.105534841009949,0.8824252547667338,0.14793600828163306,15.563353538513184,-15.48999977
10/8/2025,11:08:14,21,SURFTRAK,13.59293650793655,3.8595238095238025,52.46238206349203,840.00,11.222222222222221,47.6258578,-122.375578,47.6258522,-122.3755757,-27.594841,-1.818674922,47.62585227823435,-122.37557,0.6641798646992476,-15.46999931,VFR_alt,260.3024723253331,0.11886740795203618,1.1572830975820232,0.9667395019565802,0.10432493310825416,15.542421340942383,-15.46999931
10/8/2025,11:08:15,21,SURFTRAK,13.586414893617022,4.0622872340425475,55.189926968085146,841.00,11.25,47.6258417,-122.3755599,47.6258419,-122.375561,-28.74451637,-0.713579059,47.62584193784903,-122.3755553,0.6902127633703515,-15.46000004,VFR_alt,258.27953166341075,0.13362353485315404,1.2026434513271247,1.044032737146446,1.594675616501847,15.521443367004395,-15.46000004
10/8/2025,11:08:16,21,SURFTRAK,13.51579347826087,7.854130434782627,106.14758576086922,843.00,11.277777777777779,47.6258319,-122.3755437,47.6258391,-122.3755569,-29.00738525,-0.461844116,47.62583957,-122.375552,0.7002717269503552,-15.46999931,VFR_alt,255.6836624502424,0.14079800487050545,1.2201704333225856,1.0748068520270293,0.3639650118350949,15.535382270812988,-15.46999931
10/8/2025,11:08:17,21,SURFTRAK,13.55982258064516,6.029838709677429,81.75916370967768,845.00,11.277777777777779,47.6258319,-122.3755437,47.625839,-122.3755574,-29.07798767,-0.430866718,47.625838938548924,-122.3755516,0.6551075090644181,-15.47999954,VFR_alt,259.33216820030225,0.14107799325739184,1.1414752051880037,0.9407859094655252,0.07709929,15.544363021850586,-15.47999954
10/8/2025,11:08:18,21,SURFTRAK,13.536148148148172,6.086666666666677,82.38996740740737,847.00,11.305555555555555,47.6258319,-122.3755437,47.6258393,-122.3755589,-29.04371262,-0.542612076,47.62583924682484,-122.375553,0.6503174361728487,-15.46999931,VFR_alt,265.3819792,0.11979930532514733,1.1331288660587542,0.9267779669285352,0.11688372134891481,15.537383079528809,-15.46999931
10/8/2025,11:08:19,21,SURFTRAK,13.555351351351343,5.564324324324321,75.42549189189204,848.00,11.333333333333334,47.6258319,-122.3755437,47.6258397,-122.3755609,-28.99570274,-0.705318093,47.62583967863414,-122.3755552,0.6478378160579784,-15.44999981,VFR_alt,269.65550859774567,0.14553795456886293,1.1288083158586015,0.9196830623333933,0.16964137461184023,15.511662483215332,-15.44999981
10/8/2025,11:08:20,21,SURFTRAK,13.51910638297874,8.081914893617006,109.25165744680882,851.00,11.36111111111111,47.6258319,-122.3755437,47.6258402,-122.3755626,-28.93566513,-0.832644582,47.625840218623075,-122.3755569,0.6309042420793087,-15.44999981,VFR_alt,281.16039006820046,0.1370284397234308,1.0993028460472811,0.8727845493729083,0.14077126708590465,15.51292610168457,-15.44999981
10/8/2025,11:08:21,21,SURFTRAK,13.533631016042763,4.858663101604289,65.75529700534734,852.00,11.38888888888889,47.6258319,-122.3755437,47.6258413,-122.3755645,-28.81254196,-0.969349623,47.62584132601471,-122.3755587,0.5999999642372131,-15.46000004,VFR_alt,292.0528339552667,0.1590803113372568,1.0454544831405959,0.7888428811692043,0.18397712615234044,15.519394874572754,-15.46000004
10/8/2025,11:08:22,21,SURFTRAK,13.594720930232592,3.4760465116279153,47.23742255813943,853.00,11.38888888888889,47.6258319,-122.3755437,47.6258419,-122.375566,-28.74728203,-1.090403676,47.62584191297412,-122.3755603,0.5863953260488288,-15.46000004,VFR_alt,292.19377667664634,0.11516786197763543,1.0217494317517453,0.7536762148918391,0.13752433507812453,15.522960662841797,-15.46000004
10/8/2025,11:08:23,21,SURFTRAK,13.629294117647106,1.7262032085561527,23.52685251336907,854.00,11.416666666666666,47.6258319,-122.3755437,47.6258426,-122.3755672,-28.66972733,-1.181288838,47.62584261051487,-122.3755615,0.561764707,-15.44999981,VFR_alt,291.2630395,0.10261242792886846,0.978832443,0.6915394536723288,0.11947738135743106,15.514344215393066,-15.44999981
10/8/2025,11:08:24,21,SURFTRAK,13.618418478260823,3.0920652173912972,42.10898766304361,854.00,11.416666666666666,47.6258319,-122.3755437,47.6258432,-122.3755684,-28.605093,-1.269616604,47.625843191847444,-122.3755627,0.5445651949747748,-15.42000008,VFR_alt,292.82571191391236,0.1225655163111894,0.9488635973045337,0.650109451,0.10945039916417564,15.487579345703125,-15.42000008
10/8/2025,11:08:25,21,SURFTRAK,13.594000000000038,3.5132989690721566,47.75978618556721,855.00,11.416666666666666,47.6258319,-122.3755437,47.6258439,-122.3755702,-28.52662277,-1.401742697,47.62584389762261,-122.3755645,0.5367525422695986,-15.38000011,VFR_alt,290.09596343042597,0.14645054283523068,0.9352506418333941,0.6313487661866116,0.15367134228674503,15.453764915466309,-15.38000011
10/8/2025,11:08:26,21,SURFTRAK,13.592475409836027,3.5416393442622875,48.13949573770488,856.00,11.444444444444445,47.6258319,-122.3755437,47.6258445,-122.3755723,-28.45508766,-1.553629041,47.62584454102206,-122.3755665,0.5361201929264381,-15.34999943,VFR_alt,285.3675411599848,0.1622205793531866,0.9341488210081895,0.6300601278733228,0.16788905119391573,15.420698165893555,-15.34999943
10/8/2025,11:08:27,21,SURFTRAK,13.578591160220993,4.492651933701665,61.00386635359106,858.00,11.444444444444445,47.6258319,-122.3755437,47.6258452,-122.3755738,-28.37441635,-1.674622655,47.62584526659413,-122.3755681,0.5478453069760655,-15.29999924,VFR_alt,290.07910112693844,0.14506199124438987,0.9545789439734456,0.6578461400551127,0.14542116421640214,15.380221366882324,-15.29999924
10/8/2025,11:08:28,21,SURFTRAK,13.584427027027047,4.162810810810822,56.54227486486479,859.00,11.472222222222221,47.6258319,-122.3755437,47.6258462,-122.3755753,-28.26415062,-1.783953667,47.62584626,-122.3755696,0.5670270227097176,-15.23999977,VFR_alt,296.7532092795153,0.13476752936840058,0.9880016304790512,0.7046570733741931,0.15527975317810777,15.321089744567871,-15.23999977
10/8/2025,11:08:29,21,SURFTRAK,13.600283422459901,3.237165775401061,44.02494368983948,860.00,11.472222222222221,47.6258319,-122.3755437,47.6258468,-122.3755764,-28.20289993,-1.870862007,47.62584680924324,-122.3755707,0.587807462,-15.17999935,VFR_alt,295.8229914316921,0.11292076118808379,1.0242099725307603,0.7572891936810717,0.10632359218457686,15.25730037689209,-15.17999935
10/8/2025,11:08:30,21,SURFTRAK,13.603575268817211,3.0098924731182732,40.94529844086042,860.00,11.50,47.6258319,-122.3755437,47.6258477,-122.3755777,-28.10266113,-1.962435365,47.62584771080879,-122.3755719,0.6177956952202704,-15.13000011,VFR_alt,296.3824249906832,0.13484681429721976,1.0764621962171403,0.8365045849163831,0.13577001456170903,15.203757286071777,-15.13000011
10/8/2025,11:08:31,21,SURFTRAK,13.602042105263182,3.321368421052637,45.17571536842096,861.00,11.50,47.6258438,-122.3755917,47.6258442,-122.3755924,-28.48272324,-3.07277441,47.62584429246183,-122.3755867,0.646947347,-15.0899992,VFR_alt,295.4719198546459,0.14233922032933485,1.1272567418393553,0.9173435908506437,1.1735842527742173,15.164631843566895,-15.0899992
10/8/2025,11:08:32,21,SURFTRAK,13.597081395348816,3.4951162790697707,47.52324523255791,862.00,11.527777777777779,47.6258486,-122.375605,47.6258474,-122.3756011,-28.16578865,-3.640419245,47.62584714302749,-122.3755943,0.6499999761581421,-15.04999924,VFR_alt,295.5723109268616,0.1332305574486422,1.132575716033129,0.9257948127085178,0.6501293638090064,15.119084358215332,-15.04999924
10/8/2025,11:08:33,21,SURFTRAK,13.596000000000002,3.782648648648663,51.42889102702701,863.00,11.527777777777779,47.6258502,-122.3756131,47.6258495,-122.375608,-27.90650749,-4.208735466,47.625849475048014,-122.3756018,0.6603783446389275,-15,VFR_alt,295.05914640491096,0.14341778086649404,1.1506592368708612,0.9556807977559165,0.6246679489513339,15.078824043273926,-15
10/8/2025,11:08:34,21,SURFTRAK,13.573946524064171,4.256737967914433,57.78078588235305,865.00,11.555555555555555,47.6258578,-122.3756292,47.6258532,-122.3756176,-27.54468346,-4.860654354,47.625852729357284,-122.3756105,0.6599999666213989,-14.96999931,VFR_alt,294.47456690235543,0.15322883466985773,1.1499999418403188,0.954499903,0.7455969886079598,15.041001319885254,-14.96999931
10/8/2025,11:08:35,21,SURFTRAK,13.561016759776534,4.933016759776523,66.89565798882703,866.00,11.583333333333334,47.6258615,-122.3756413,47.6258566,-122.3756266,-27.12968636,-5.601400375,47.62585646191445,-122.3756203,0.6599999666213989,-14.93999958,VFR_alt,293.7411994720774,0.16060935218906935,1.1499999418403188,0.9544999034549264,0.8490743558286397,15.009010314941406,-14.93999958
10/8/2025,11:08:36,21,SURFTRAK,13.565000000000042,4.871027027027025,66.07548162162138,867.00,11.583333333333334,47.6258655,-122.3756505,47.6258592,-122.3756325,-26.84366417,-6.039127827,47.62585903444862,-122.3756262,0.649945922,-14.90999985,VFR_alt,294.2918589029669,0.17903081629727338,1.1324815310287657,0.9257225613215155,0.522890058,14.98025131225586,-14.90999985
10/8/2025,11:08:37,21,SURFTRAK,13.557510526315749,5.614368421052635,76.11660657894724,869.00,11.61111111111111,47.6258715,-122.3756658,47.6258623,-122.3756405,-26.50955772,-6.618180752,47.62586203946103,-122.3756339,0.6498947131006341,-14.86999989,VFR_alt,293.5903696825096,0.16366643623301858,1.1323923031298955,0.9256310470990164,0.6685277906546918,14.948979377746582,-14.86999989
10/8/2025,11:08:38,21,SURFTRAK,13.585925133689784,4.38,59.52871016042778,870.00,11.63888888888889,47.6258768,-122.3756783,47.625865,-122.3756471,-26.19596672,-7.136881351,47.62586485995398,-122.3756408,0.6360427702174467,-14.8399992,VFR_alt,294.11043107253835,0.15589885373804022,1.1082563420455538,0.8865765124655809,0.6061267437781735,14.911155700683594,-14.8399992
10/8/2025,11:08:39,21,SURFTRAK,13.59851851851855,3.7684126984126887,51.24483068783056,871.00,11.63888888888889,47.6258759,-122.3756777,47.6258671,-122.3756524,-25.95417213,-7.550590992,47.62586703469727,-122.3756463,0.6360317355110532,-14.79999924,VFR_alt,294.1126400169394,0.1435270210895589,1.1082371149056256,0.88671211,0.4791871122555511,14.874128341674805,-14.79999924
10/8/2025,11:08:40,21,SURFTRAK,13.599978494623645,3.427096774193559,46.61,872.00,11.666666666666666,47.6258759,-122.3756777,47.6258679,-122.3756539,-25.85311508,-7.684217453,47.625867943622325,-122.3756481,0.6414515972137451,-14.75999928,VFR_alt,295.1744562416844,0.14941713742671475,1.1176808133269827,0.9017820130559577,0.1675367391643847,14.835114479064941,-14.75999928
10/8/2025,11:08:41,21,SURFTRAK,13.59794300518131,3.3863212435233265,46.04657129533685,873.00,11.666666666666666,47.6258759,-122.3756777,47.6258687,-122.3756552,-25.73208237,-7.809937,47.62586903221203,-122.3756497,0.637461128,-14.73999977,VFR_alt,297.5125925309351,0.14993292108718595,1.1107277230520929,0.8908305284743506,0.17451166903292423,14.80074691772461,-14.73999977
10/8/2025,11:08:42,21,SURFTRAK,13.612771929824548,2.3199999999999945,31.581630877192957,874.00,11.694444444444445,47.6258759,-122.3756777,47.6258695,-122.3756566,-25.64024925,-7.968798637,47.625869858175335,-122.3756518,0.6497660582525688,-14.69999981,VFR_alt,296.10241067459214,0.1254523583410079,1.132168131803721,0.9253181242692472,0.1834947974427586,14.763733863830566,-14.69999981
10/8/2025,11:08:43,21,SURFTRAK,13.606430851063827,2.6648404255319025,36.25877776595742,875.00,11.694444444444445,47.6258631,-122.3756641,47.6258695,-122.3756595,-25.6628418,-8.134936333,47.625869654973954,-122.3756541,0.6747872106572415,-14.65999985,VFR_alt,290.1730331441249,0.10971951964212225,1.1757655943270087,0.9979585591732716,0.16766680313421842,14.717445373535156,-14.65999985
10/8/2025,11:08:44,21,SURFTRAK,13.610378378378337,2.4984864864864917,34.00545881081085,875.00,11.694444444444445,47.625862,-122.3756595,47.6258695,-122.3756607,-25.67427063,-8.227835655,47.625869552180994,-122.3756553,0.6864864758543066,-14.60999966,VFR_alt,291.52305055144535,0.098934365,1.196150677624928,1.0329246996650165,0.093599692,14.667374610900879,-14.60999966
10/8/2025,11:08:45,21,SURFTRAK,13.612594594594587,2.3899999999999904,32.53410108108103,876.00,11.722222222222221,47.625864,-122.3756656,47.6258694,-122.3756622,-25.68113136,-8.33532238,47.62586949047434,-122.3756567,0.6952432271596548,-14.56999969,VFR_alt,291.9530868670967,0.09566212,1.2114086533842439,1.059475289504463,0.1077054579743982,14.634988784790039,-14.56999969
10/8/2025,11:08:46,21,SURFTRAK,13.612056701030916,2.2708247422680374,30.91064432989689,877.00,11.722222222222221,47.625869,-122.375675,47.6258697,-122.3756639,-25.63240623,-8.468691826,47.62586992871677,-122.3756585,0.7226803788204783,-14.54999924,VFR_alt,291.8342615020302,0.095714428,1.259215811581133,1.144705476417973,0.14199136307805313,14.61233139038086,-14.54999924
10/8/2025,11:08:47,21,SURFTRAK,13.61200000000004,2.222044198895032,30.246465635359105,877.00,11.722222222222221,47.625869,-122.375675,47.6258701,-122.3756655,-25.58586502,-8.59371376,47.62587034731669,-122.3756602,0.7365745780217713,-14.52999973,VFR_alt,291.47919775584114,0.084155036,1.283425401098541,1.188884158019705,0.13340378071117745,14.591989517211914,-14.52999973
10/8/2025,11:08:48,21,SURFTRAK,13.61,2.3017204301075234,31.333320215053728,878.00,11.722222222222221,47.6258614,-122.3756635,47.6258702,-122.375667,-25.6062851,-8.680822372,47.62587016365492,-122.3756613,0.7261827754718001,-14.50999928,VFR_alt,291.1599381226359,0.072889002,1.2653184724129816,1.1559906474879043,0.089470049,14.572449684143066,-14.50999928
10/8/2025,11:08:49,21,SURFTRAK,13.608080645161298,2.450698924731187,33.34866586021514,879.00,11.75,47.625849,-122.3756422,47.6258689,-122.3756664,-25.77881622,-8.596458435,47.625868611879326,-122.3756602,0.7247849106788635,-14.5,VFR_alt,290.46038687963437,0.098333343,1.2628827989101377,1.1512075900719332,0.1920527636734172,14.570154190063477,-14.5
10/8/2025,11:08:50,21,SURFTRAK,13.574825396825409,4.2857142857143025,58.17678031746043,880.00,11.75,47.6258492,-122.375639,47.6258675,-122.375665,-25.91794968,-8.519130707,47.62586736048835,-122.3756592,0.7093650585129148,-14.50999928,VFR_alt,290.2438999152599,0.13607713044005096,1.2360148746815907,1.102894932619149,0.1591781875950702,14.580950736999512,-14.50999928
10/8/2025,11:08:51,21,SURFTRAK,13.59998924731178,3.1495161290322637,42.83,881.00,11.777777777777779,47.6258489,-122.3756384,47.6258676,-122.3756658,-25.86461258,-8.612189293,47.62586784021167,-122.3756604,0.6811827831370856,-14.5199995,VFR_alt,291.32143118881487,0.12792472413150213,1.1869093948600706,1.0169735934781439,0.10726018079917396,14.585149765014648,-14.5199995
10/8/2025,11:08:52,21,SURFTRAK,13.604497076023344,2.7139766081871453,36.920683684210594,882.00,11.777777777777779,47.6258489,-122.3756384,47.6258681,-122.3756672,-25.80600357,-8.708374023,47.625868367351494,-122.3756617,0.6813450225612574,-14.50999928,VFR_alt,291.3222237774434,0.10009930060620893,1.1871920847658277,1.0173549784705462,0.11263444543443978,14.577144622802734,-14.50999928
10/8/2025,11:08:53,21,SURFTRAK,13.612145945945908,2.366162162162156,32.21,882.00,11.805555555555555,47.6258489,-122.3756384,47.6258685,-122.3756682,-25.76317978,-8.776090622,47.625868752516276,-122.3756626,0.6736215968389769,-14.48999977,VFR_alt,291.11802952672855,0.07767644,1.173734600552763,0.9943566332249473,0.080121251,14.556419372558594,-14.48999977
10/8/2025,11:08:54,21,SURFTRAK,13.61292432432434,2.350000000000007,31.990372162162164,883.00,11.805555555555555,47.6258383,-122.3756219,47.6258683,-122.375668,-25.81634712,-8.737957954,47.62586827431976,-122.3756621,0.6702702380515434,-14.46999931,VFR_alt,290.9526323240242,0.070653969,1.167895111756477,0.9845114722099195,0.065428333,14.53407096862793,-14.46999931
10/8/2025,11:08:55,21,SURFTRAK,13.601685567010275,2.9555670103092746,40.191767886597894,884.00,11.805555555555555,47.6258365,-122.3756192,47.6258678,-122.3756676,-25.86628723,-8.728549957,47.62586782514955,-122.375662,0.6798453558351576,-14.44999981,VFR_alt,291.2758765675303,0.11213551534666229,1.1845790291067135,1.0128510979586514,0.050818548997565834,14.515963554382324,-14.44999981
10/8/2025,11:08:56,21,SURFTRAK,13.597161290322614,3.6219354838709688,49.248161290322614,885.00,11.833333333333334,47.6258492,-122.3756564,47.6258681,-122.3756689,-25.80378723,-8.842263222,47.62586838728563,-122.3756635,0.6865591406822205,-14.43999958,VFR_alt,291.5022953691867,0.12598443479948146,1.196277290582654,1.032915423925159,0.1297572985051806,14.498430252075195,-14.43999958
10/8/2025,11:08:57,21,SURFTRAK,13.595594594594633,3.61,49.09626113513531,886.00,11.833333333333334,47.6258492,-122.3756564,47.6258688,-122.3756705,-25.73449707,-8.96104908,47.62586901049362,-122.375665,0.6914054016809206,-14.40999985,VFR_alt,291.36798362220014,0.12918254410898364,1.2047215332319041,1.0476107019008076,0.1375180225543687,14.478523254394531,-14.40999985
10/8/2025,11:08:58,21,SURFTRAK,13.595156424581026,3.7081564245810146,50.412943463687114,887.00,11.86111111111111,47.6258492,-122.3756564,47.6258693,-122.375672,-25.67138863,-9.074362755,47.625869578102154,-122.3756666,0.6880446922179707,-14.39999962,VFR_alt,291.0142097002947,0.12967719903538347,1.1988657515919159,1.0373750285067893,0.1297022153106944,14.463798522949219,-14.39999962
10/8/2025,11:08:59,21,SURFTRAK,13.573968586387435,4.175706806282726,56.66884125654433,888.00,11.86111111111111,47.6258492,-122.3756564,47.6258702,-122.3756735,-25.56636047,-9.18724823,47.62587052274398,-122.3756681,0.6777486794906137,-14.39999962,VFR_alt,290.1855165987757,0.1679037028426275,1.1809257294154627,1.0066202761249579,0.1541883371470979,14.461755752563477,-14.39999962
10/8/2025,11:09:00,21,SURFTRAK,13.547510869565203,7.579999999999994,102.69013239130467,890.00,11.88888888888889,47.6258492,-122.3756564,47.6258713,-122.3756749,-25.42743683,-9.28541851,47.62587177224789,-122.3756694,0.6574456296537233,-14.38999939,VFR_alt,293.0383776119253,0.15605018093534137,1.1455492031845207,0.9477035476778951,0.1701093269354418,14.45578384399414,-14.38999939
10/8/2025,11:09:01,21,SURFTRAK,13.566973262032075,4.972673796791436,67.46183743315478,891.00,11.916666666666666,47.6258492,-122.3756564,47.6258728,-122.375676,-25.31998825,-9.334740639,47.62587273865947,-122.37567,0.6449197670992683,-14.36999989,VFR_alt,306.05259778411147,0.16395214805628527,1.123723836612364,0.9116338529553215,0.11822803909503095,14.434969902038574,-14.36999989
10/8/2025,11:09:02,21,SURFTRAK,13.568543352601178,4.550520231213865,61.74306820809266,893.00,11.944444444444445,47.6258491,-122.3756471,47.6258721,-122.3756752,-25.38983727,-9.270964622,47.62587211042503,-122.3756692,0.6388439174332371,-14.34000015,VFR_alt,313.0106350864428,0.15298602941063788,1.113137128860946,0.8945261108232907,0.094584698,14.398442268371582,-14.34000015
10/8/2025,11:09:03,21,SURFTRAK,13.557999999999995,4.833695652173944,65.53524565217405,894.00,11.944444444444445,47.6258406,-122.3756309,47.6258717,-122.3756738,-25.40124702,-9.183150291,47.62587200780363,-122.375668,0.6189130385932715,-14.29999924,VFR_alt,324.8024747128625,0.14959153670655645,1.078409082397367,0.8414110565311956,0.088552467,14.358870506286621,-14.29999924
10/8/2025,11:09:04,21,SURFTRAK,13.588468085106449,3.7780851063829664,51.333294893617015,895.00,11.972222222222221,47.6258406,-122.3756309,47.6258729,-122.3756745,-25.25931931,-9.25420475,47.625873284326715,-122.3756689,0.611276591,-14.25999928,VFR_alt,329.18561799917154,0.1448507766298791,1.0651031511203486,0.8200796523959026,0.15872055173496108,14.319260597229004,-14.25999928
10/8/2025,11:09:05,21,SURFTRAK,13.590945945945915,3.33,45.240337783783694,896.00,11.972222222222221,47.6258406,-122.3756309,47.6258742,-122.3756754,-25.1151104,-9.312732697,47.62587458136723,-122.3756697,0.6132432228810079,-14.21999931,VFR_alt,328.66611721568546,0.1445465340002163,1.0685298580502407,0.8269904655741585,0.1556333180529768,14.27765179,-14.21999931
10/8/2025,11:09:06,21,SURFTRAK,13.592687830687838,3.331058201058204,45.28,897.00,12.00,47.6258406,-122.3756309,47.6258749,-122.3756752,-25.09516716,-9.238009453,47.62587476074023,-122.3756687,0.6303703419115178,-14.15999985,VFR_alt,327.84966263450644,0.13055345688074355,1.0983725654518839,0.8740574137923559,0.077338838,14.225578308105469,-14.15999985
10/8/2025,11:09:07,21,SURFTRAK,13.599462765957496,3.3558510638297894,45.63766356382992,898.00,12.00,47.6258369,-122.3756252,47.6258739,-122.3756728,-25.21354485,-9.070412636,47.6258737,-122.3756665,0.6687233860188342,-14.09999943,VFR_alt,327.63396138206036,0.12240928264849997,1.1651998392752412,0.9823425612298039,0.20518764463176395,14.161993026733398,-14.09999943
10/8/2025,11:09:08,21,SURFTRAK,13.590872340425555,3.3532446808510517,45.57340542553196,899.00,12.027777777777779,47.6258388,-122.3756238,47.6258727,-122.3756706,-25.34950447,-8.90547657,47.62587247318528,-122.3756643,0.689946786,-14.04999924,VFR_alt,326.89062157674255,0.13233394647373797,1.2021800051584388,1.044082794915788,0.2137496794301421,14.111913681030273,-14.04999924
10/8/2025,11:09:09,21,SURFTRAK,13.593451086956533,3.7799999999999834,51.38,900.00,12.027777777777779,47.6258388,-122.3756238,47.6258724,-122.3756696,-25.30785561,-8.874934196,47.625872847782574,-122.3756639,0.7393478080630302,-14.0199995,VFR_alt,326.28130753435795,0.1512463270160167,1.2882575443522502,1.1981004647684588,0.051647503,14.08383846282959,-14.0199995
10/8/2025,11:09:10,21,SURFTRAK,13.576697297297292,4.414486486486497,59.92634443243231,901.00,12.055555555555555,47.6258315,-122.3756072,47.6258725,-122.3756676,-25.36048508,-8.672944069,47.62587237442374,-122.3756612,0.7388648567972956,-14.00999928,VFR_alt,327.04015533291954,0.19406779054048898,1.287416038358925,1.1965053917553805,0.20873397622919374,14.07946491241455,-14.00999928
10/8/2025,11:09:11,21,SURFTRAK,13.56848148148151,5.18,70.27,902.00,12.055555555555555,47.6258346,-122.3756055,47.6258719,-122.3756641,-25.41623878,-8.400161743,47.62587187296494,-122.3756576,0.7041269682702564,-14.00999928,VFR_alt,332.27075605070667,0.1766431836224107,1.2268878992587768,1.0865882519536925,0.2784217541458596,14.07207202911377,-14.00999928
10/8/2025,11:09:12,21,SURFTRAK,13.580210843373461,4.514216867469869,61.30390240963855,904.00,12.083333333333334,47.6258372,-122.3756085,47.6258711,-122.3756603,-25.5084343,-8.132972717,47.62587104374209,-122.375654,0.6805421627429594,-13.98999977,VFR_alt,341.4184083,0.1668221325759428,1.1857931623551574,1.0150030243625043,0.28264816959188027,14.051485061645508,-13.98999977
10/8/2025,11:09:13,21,SURFTRAK,13.597929729729731,3.663459459459456,49.81526302702716,905.00,12.083333333333334,47.6258427,-122.3756198,47.6258706,-122.3756582,-25.55827332,-7.993758678,47.625870595481075,-122.3756522,0.6574594285037066,-13.96999931,VFR_alt,342.18139738908866,0.15920657918259903,1.145573246635249,0.9472641122181367,0.14786641439078854,14.033432006835938,-13.96999931
10/8/2025,11:09:14,21,SURFTRAK,13.59840641711231,3.411443850267379,46.39041304812841,905.00,12.11111111111111,47.6258464,-122.3756266,47.6258712,-122.3756579,-25.4432354,-7.995944023,47.62587163015253,-122.3756522,0.6381818056106567,-13.94999981,VFR_alt,341.7025510613258,0.15854420500961855,1.1119834491700864,0.8926018045086042,0.11505867342408749,14.013497352600098,-13.94999981
10/8/2025,11:09:15,21,SURFTRAK,13.600693548387106,2.819999999999996,38.35395580645173,906.00,12.11111111111111,47.6258413,-122.3756191,47.6258716,-122.375657,-25.41644859,-7.908453941,47.62587187107779,-122.375651,0.6280645132064819,-13.92999935,VFR_alt,341.3365154464097,0.14515496213589946,1.0943548336173574,0.8643980079751337,0.091498892,13.989026069641113,-13.92999935
10/8/2025,11:09:16,21,SURFTRAK,13.602671957671966,2.6496825396825354,36.04238915343906,907.00,12.13888888888889,47.6258463,-122.3756241,47.6258718,-122.3756557,-25.41938972,-7.794945717,47.62587184462472,-122.3756495,0.6219576748590621,-13.88999939,VFR_alt,341.5872889413976,0.1312303854517205,1.0837141304362472,0.8478867895137129,0.11354632218306598,13.94787311553955,-13.88999939
10/8/2025,11:09:17,21,SURFTRAK,13.595616161616205,3.4250505050505153,46.57,908.00,12.13888888888889,47.6258481,-122.3756266,47.6258717,-122.3756545,-25.42235184,-7.709890366,47.625871817982954,-122.3756484,0.6510605812072754,-13.82999992,VFR_alt,341.59871987445445,0.12091318092713452,1.1344237399823764,0.9288946260277621,0.085106914,13.894787788391113,-13.82999992
10/8/2025,11:09:18,21,SURFTRAK,13.60006451612904,3.2752688172042914,44.54331741935468,909.00,12.166666666666666,47.6258544,-122.375637,47.6258717,-122.3756535,-25.41756439,-7.652406216,47.62587186104209,-122.3756476,0.6477419137954712,-13.77999973,VFR_alt,341.14193996423063,0.10057238777798991,1.1286412134315054,0.9196452362059095,0.057683162,13.844520568847656,-13.77999973
10/8/2025,11:09:19,21,SURFTRAK,13.63729255319144,2.5467021276595805,34.73155234042534,910.00,12.166666666666666,47.6258552,-122.3756386,47.6258718,-122.3756532,-25.39889145,-7.633491039,47.62587202898986,-122.3756474,0.6715957271925946,-13.72999954,VFR_alt,338.78914154855414,0.093403894,1.170204676168912,0.988953552,0.026579366104370887,13.786420822143555,-13.72999954
10/8/2025,11:09:20,21,SURFTRAK,13.566522727272746,4.235681818181805,57.46512977272723,911.00,12.194444444444445,47.6258605,-122.3756496,47.6258725,-122.3756531,-25.30157852,-7.629379272,47.6258729,-122.3756473,0.7342613640833985,-13.63999939,VFR_alt,340.5845340891875,0.14499283014712008,1.2793948010544098,1.1819808518649484,0.097399756,13.70287036895752,-13.63999939
10/8/2025,11:09:21,21,SURFTRAK,13.573049723756917,4.160607734806628,56.47214110497243,912.00,12.194444444444445,47.6258683,-122.3756631,47.6258738,-122.3756535,-25.1707058,-7.667098522,47.62587408133213,-122.3756478,0.7717679350415646,-13.53999996,VFR_alt,341.5235068610938,0.13342625927694596,1.3447471595421234,1.305679117,0.13619989840596153,13.597868919372559,-13.53999996
10/8/2025,11:09:22,21,SURFTRAK,13.588923076923106,3.471923076923081,47.17564384615376,913.00,12.222222222222221,47.6258708,-122.3756681,47.6258748,-122.3756542,-25.05341148,-7.721283436,47.625875136297985,-122.3756486,0.8143406392453791,-13.43999958,VFR_alt,341.6366665447895,0.12262894000325884,1.418926871,1.4536297260577455,0.1292051097341631,13.498411178588867,-13.43999958
10/8/2025,11:09:23,21,SURFTRAK,13.592193548387044,3.578494623655917,48.64,914.00,12.222222222222221,47.6258732,-122.3756709,47.6258757,-122.3756549,-24.95288086,-7.779928684,47.62587604048826,-122.3756493,0.8665053517587723,-13.35999966,VFR_alt,340.52191862687255,0.14069059963828773,1.509819931094831,1.645796605,0.11638587372016046,13.424328804016113,-13.35999966
10/8/2025,11:09:24,21,SURFTRAK,13.580416216216193,4.245081081081072,57.649929405405466,915.00,12.25,47.6258733,-122.3756719,47.6258768,-122.3756557,-24.82855415,-7.840441704,47.62587715870471,-122.3756501,0.9039459183409407,-13.29999924,VFR_alt,340.59932905246546,0.1537226028539039,1.5750572819577007,1.7907409574791908,0.13827131063434067,13.366318702697754,-13.29999924
10/8/2025,11:09:25,21,SURFTRAK,13.57881081081083,4.200540540540551,57.03788378378394,916.00,12.25,47.6258753,-122.3756747,47.6258782,-122.3756564,-24.67179298,-7.887934685,47.625878568642484,-122.3756508,0.9127026667466035,-13.25999928,VFR_alt,340.7744653849883,0.16377012729644774,1.5903152526645372,1.8253955296634705,0.1637975808196593,13.322861671447754,-13.25999928
10/8/2025,11:09:26,21,SURFTRAK,13.577338983050849,4.1842937853107465,56.81151581920916,917.00,12.277777777777779,47.6258731,-122.3756708,47.6258796,-122.3756571,-24.51721001,-7.937551975,47.625879958989216,-122.3756514,0.9041807631314811,-13.22999954,VFR_alt,340.8362635138774,0.16573229145869023,1.5754664812139463,1.7915226998204996,0.1623507695873622,13.291274070739746,-13.22999954
10/8/2025,11:09:27,21,SURFTRAK,13.57744736842108,4.19,56.902355526315965,919.00,12.277777777777779,47.6258697,-122.3756646,47.6258807,-122.3756576,-24.39464951,-7.982617378,47.62588106132012,-122.375652,0.8808947312204461,-13.21000004,VFR_alt,340.7580560828565,0.16625146073730368,1.5348923347022934,1.700506703732371,0.13058318029407193,13.273898124694824,-13.21000004
10/8/2025,11:09:28,21,SURFTRAK,13.570142857142862,4.238857142857151,57.52169714285716,920.00,12.305555555555555,47.625867,-122.3756587,47.6258819,-122.3756582,-24.26482201,-8.024412155,47.62588222901169,-122.3756526,0.8568571209907532,-13.18999958,VFR_alt,340.5336481598882,0.17616221146924155,1.4930086199081272,1.6090079437447415,0.1363890867161647,13.25467300415039,-13.18999958
10/8/2025,11:09:29,21,SURFTRAK,13.577505263157905,4.3578947368421135,59.16909810526338,921.00,12.333333333333334,47.6258659,-122.3756571,47.6258831,-122.3756586,-24.12963486,-8.050131798,47.625883444908894,-122.3756529,0.8265263024129366,-13.15999985,VFR_alt,340.4186185352792,0.18848087042570114,1.4401594663255677,1.4973369390746822,0.13761200995978562,13.22616958618164,-13.15999985
10/8/2025,11:09:30,21,SURFTRAK,13.579808510638285,4.301063829787216,58.407505319149074,922.00,12.333333333333334,47.6258634,-122.3756496,47.6258841,-122.3756587,-24.01612473,-8.050480843,47.62588446583916,-122.3756529,0.8057978546365778,-13.11999989,VFR_alt,340.60899404483166,0.17084299455931845,1.404041716412221,1.4230164860526644,0.11351066849280812,13.183077812194824,-13.11999989
10/8/2025,11:09:31,21,SURFTRAK,13.58726086956523,3.849130434782623,52.29861782608698,923.00,12.36111111111111,47.6258687,-122.3756602,47.6258851,-122.3756589,-23.90275002,-8.077773094,47.625885485551414,-122.3756533,0.801793452,-13.05999947,VFR_alt,340.74235765812375,0.14736522232060847,1.3970643479489901,1.408805104702224,0.11661342925705206,13.121047019958496,-13.05999947
10/8/2025,11:09:32,21,SURFTRAK,13.590895953757169,3.9590751445086747,53.80732728323686,924.00,12.36111111111111,47.6258732,-122.3756656,47.625886,-122.3756595,-23.8137989,-8.122866631,47.62588628559349,-122.3756539,0.8137572242345424,-12.98999977,VFR_alt,340.5431357934324,0.14064544775237928,1.4179103149541241,1.4510860214120542,0.099728267,13.05413818359375,-12.98999977
10/8/2025,11:09:33,21,SURFTRAK,13.572627659574476,7.056382978723421,95.77276755319122,926.00,12.38888888888889,47.6258744,-122.3756678,47.625887,-122.37566,-23.68889236,-8.160978317,47.625887409025076,-122.3756544,0.8219680760769134,-12.93999958,VFR_alt,339.72325978177065,0.17674820545188924,1.4322171022552244,1.4804990179956754,0.1305915172499839,13.002416610717773,-12.93999958
10/8/2025,11:09:34,21,SURFTRAK,13.534612903225861,6.926236559139808,93.67,928.00,12.416666666666666,47.6258825,-122.3756796,47.6258886,-122.3756603,-23.51506424,-8.173763275,47.62588897246607,-122.3756546,0.8238171935081482,-12.88999939,VFR_alt,342.28169229069726,0.17482204518971906,1.4354390492944973,1.4871845580055605,0.17429765399785457,12.95661735534668,-12.88999939
10/8/2025,11:09:35,21,SURFTRAK,13.551403141361313,5.985183246073294,81.09441078534061,930.00,12.444444444444445,47.6258919,-122.3756968,47.6258903,-122.3756602,-23.32077026,-8.164500237,47.62589071998057,-122.3756544,0.8213612480937499,-12.84999943,VFR_alt,356.0432762995419,0.18335892150851443,1.4311597504663787,1.4783876142666301,0.1945146599323999,12.908190727233887,-12.84999943
10/8/2025,11:09:36,21,SURFTRAK,13.55816216216216,4.674324324324339,63.37521081081073,931.00,12.444444444444445,47.625891,-122.3756914,47.6258918,-122.3756606,-23.15200615,-8.20043087,47.62589223787496,-122.3756549,0.820810803,-12.78999996,VFR_alt,357.57502440793974,0.1645346914594238,1.4302006413905342,1.4764569953602107,0.17254662190076522,12.854241371154785,-12.78999996
10/8/2025,11:09:37,21,SURFTRAK,13.566475138121568,4.409337016574584,59.81922099447491,932.00,12.472222222222221,47.625891,-122.3756914,47.6258932,-122.3756609,-22.99896049,-8.22963047,47.62589361439473,-122.3756553,0.8354695913541382,-12.72999954,VFR_alt,356.46287397108415,0.15396681485584426,1.4557424697837225,1.5296313379464783,0.15580625453476002,12.79697322845459,-12.72999954
10/8/2025,11:09:38,21,SURFTRAK,13.571446808510586,4.379999999999993,59.44292776595766,933.00,12.472222222222221,47.6258977,-122.3757009,47.6258948,-122.3756616,-22.82285881,-8.278269768,47.62589519828453,-122.375656,0.8494680498508697,-12.67999935,VFR_alt,355.6696349616344,0.1636847122869593,1.4801337232249967,1.5812640517737797,0.18269533263980875,12.746292114257812,-12.67999935
10/8/2025,11:09:39,21,SURFTRAK,13.56993406593405,4.27,57.95554901098911,934.00,12.50,47.6258966,-122.3756955,47.6258964,-122.3756623,-22.64291763,-8.329879761,47.62589682,-122.3756566,0.8662087783053681,-12.63000011,VFR_alt,355.7817157674134,0.17491150974899858,1.5093031743199619,1.6443390400180578,0.18719620372255286,12.694613456726074,-12.63000011
10/8/2025,11:09:40,21,SURFTRAK,13.571460317460307,4.327037037037049,58.724159365079366,936.00,12.527777777777779,47.6258947,-122.3756906,47.6258979,-122.3756626,-22.47781181,-8.348687172,47.62589830169844,-122.3756569,0.8715343948394533,-12.57999992,VFR_alt,356.3084709474543,0.16804848816344348,1.5185826576748065,1.6644262275813546,0.16617355510228699,12.642751693725586,-12.57999992
10/8/2025,11:09:41,21,SURFTRAK,13.562021276595795,5.036542553191504,68.30634962765951,937.00,12.527777777777779,47.625894,-122.3756891,47.6258992,-122.3756627,-22.33545113,-8.353907585,47.625899582115714,-122.375657,0.8728191510159918,-12.52999973,VFR_alt,81.09117787469542,0.16304080719326405,1.5208212479824115,1.6693528221598315,0.14245637223382793,12.591632843017578,-12.52999973
10/8/2025,11:09:42,21,SURFTRAK,13.567970059880265,4.2899999999999965,58.20659155688636,938.00,12.555555555555555,47.6258935,-122.375687,47.6259005,-122.3756627,-22.1834774,-8.337172508,47.62590094899437,-122.3756567,0.8665269438378111,-12.48999977,VFR_alt,5.304780198287919,0.16442616631884774,1.5098575536567937,1.6454526973601151,0.15289236637724254,12.556931495666504,-12.48999977
10/8/2025,11:09:43,21,SURFTRAK,13.579627659574431,4.188404255319146,56.88,939.00,12.555555555555555,47.6258925,-122.3756842,47.6259019,-122.3756624,-22.03651619,-8.321543694,47.625902270789595,-122.3756565,0.8632978524299378,-12.46999931,VFR_alt,4.767240048116601,0.17805551515614731,1.5042311065067089,1.6332009331955188,0.14778991077827286,12.538605690002441,-12.46999931
10/8/2025,11:09:44,21,SURFTRAK,13.591000000000006,3.8155319148936235,51.85582191489353,940.00,12.583333333333334,47.6258955,-122.3756868,47.6259032,-122.3756624,-21.88855171,-8.32026577,47.62590360160836,-122.3756565,0.8673935979604721,-12.44999981,VFR_alt,4.431930777849998,0.16398875193392976,1.5113676328099126,1.6487411893012756,0.1479699959522005,12.511670112609863,-12.44999981
10/8/2025,11:09:45,21,SURFTRAK,13.594967741935509,3.6499999999999875,49.621632258064324,942.00,12.61111111111111,47.6258968,-122.3756878,47.6259045,-122.3756623,-21.74991226,-8.315252304,47.62590484855617,-122.3756565,0.8676881565842577,-12.40999985,VFR_alt,4.513591968,0.15688773581097204,1.5118808788968117,1.6498421696516123,0.13873006868287224,12.474857330322266,-12.40999985
10/8/2025,11:09:46,21,SURFTRAK,13.591379679144381,3.960534759358297,53.82904171122984,943.00,12.61111111111111,47.6258966,-122.3756852,47.6259056,-122.3756622,-21.62686348,-8.306798935,47.62590595527875,-122.3756563,0.8552940768354079,-12.36999989,VFR_alt,4.310851420317869,0.151387291,1.490285133879874,1.6030009542518335,0.12333881095303652,12.434748649597168,-12.36999989
10/8/2025,11:09:47,21,SURFTRAK,13.598534759358296,3.8258823529411736,52.01,944.00,12.63888888888889,47.6258958,-122.3756826,47.6259065,-122.3756622,-21.52659225,-8.310018539,47.62590685713594,-122.3756564,0.8639037175612017,-12.32999992,VFR_alt,4.132565729510881,0.1315562902765478,1.505286780599063,1.6354323933296837,0.10032290073154126,12.390822410583496,-12.32999992
10/8/2025,11:09:48,21,SURFTRAK,13.610909090909107,3.0398395721925047,41.37492550802134,944.00,12.63888888888889,47.6258958,-122.3756826,47.6259074,-122.3756622,-21.42976189,-8.307983398,47.62590772804544,-122.3756564,0.8758288762148689,-12.28999996,VFR_alt,4.223748857657334,0.13729935800806087,1.526065466,1.6808940749814063,0.096851753,12.353720664978027,-12.28999996
10/8/2025,11:09:49,21,SURFTRAK,13.591427027027011,3.623405405405408,49.24728567567589,945.00,12.63888888888889,47.625904,-122.3756938,47.6259084,-122.3756623,-21.31752777,-8.328050613,47.62590873749899,-122.3756566,0.8972972760329375,-12.25,VFR_alt,4.601466528855685,0.13839410591769863,1.5634725264210287,1.764355015085826,0.11401398958518262,12.318015098571777,-12.25
10/8/2025,11:09:50,21,SURFTRAK,13.591983783783732,3.455567567567571,46.96798335135154,946.00,12.666666666666666,47.625906,-122.3756962,47.6259094,-122.3756628,-21.2046566,-8.362208366,47.62590975268231,-122.3756571,0.901729704,-12.21999931,VFR_alt,4.735340158732402,0.12919079379455464,1.5711956967788103,1.7817569215147602,0.11792647334871183,12.288366317749023,-12.21999931
10/8/2025,11:09:51,21,SURFTRAK,13.587063157894727,3.5944210526315854,48.83763442105258,947.00,12.666666666666666,47.6259072,-122.3756963,47.6259104,-122.3756633,-21.09195709,-8.405265808,47.62591076632168,-122.3756577,0.9013683959057457,-12.21000004,VFR_alt,4.260338884244919,0.12957962649433236,1.5705661443812238,1.7803239267617363,0.12064461256315706,12.271120071411133,-12.21000004
10/8/2025,11:09:52,21,SURFTRAK,13.594871345029253,3.642982456140347,49.52570309941499,948.00,12.694444444444445,47.6259098,-122.3756979,47.6259116,-122.3756639,-20.96300507,-8.444720268,47.625911926139075,-122.3756582,0.8885379987850524,-12.19999981,VFR_alt,3.944902196022183,0.14142872680697524,1.5482101493982008,1.7300673997037495,0.13485280690242119,12.261310577392578,-12.19999981
10/8/2025,11:09:53,21,SURFTRAK,13.59099999999994,3.6865760869565194,50.10425559782616,949.00,12.694444444444445,47.6259109,-122.3756992,47.6259129,-122.3756642,-20.8101635,-8.468241692,47.62591330082326,-122.3756585,0.8813586895880492,-12.18999958,VFR_alt,4.130712897538579,0.154168536,1.5357007470094814,1.7021585365602705,0.15464088160166814,12.25311279296875,-12.18999958
10/8/2025,11:09:54,21,SURFTRAK,13.590544502617798,3.6591623036649215,49.72999853403156,950.00,12.722222222222221,47.6259108,-122.3756966,47.6259142,-122.3756643,-20.67614746,-8.478019714,47.625914506187264,-122.3756586,0.8735078548261632,-12.17000008,VFR_alt,4.404406107,0.13910229870786217,1.5220212621971037,1.6719937625338355,0.13437227355000453,12.235085487365723,-12.17000008
10/8/2025,11:09:55,21,SURFTRAK,13.59934759358292,3.243475935828867,44.109749251336794,951.00,12.722222222222221,47.6259113,-122.3756964,47.6259152,-122.3756645,-20.56575394,-8.49319458,47.625915499086204,-122.3756588,0.864705882,-12.14999962,VFR_alt,4.407941134891627,0.12403165166550141,1.5066844907567694,1.6387052726067193,0.11143162355613317,12.216411590576172,-12.14999962
10/8/2025,11:09:56,21,SURFTRAK,13.598989189189231,3.2405945945945933,44.06843172972968,952.00,12.75,47.6259127,-122.3756952,47.6259161,-122.3756648,-20.45773697,-8.516547203,47.62591647060998,-122.3756591,0.8574053625802736,-12.13000011,VFR_alt,4.278941124268831,0.131668636,1.4939638893444127,1.6109688037264713,0.1105124894628956,12.190013885498047,-12.13000011
10/8/2025,11:09:57,21,SURFTRAK,13.59903763440865,3.350483870967754,45.56,953.00,12.75,47.6259138,-122.3756974,47.6259173,-122.3756651,-20.32761765,-8.532702446,47.625917640926254,-122.3756593,0.8650537540194809,-12.09000015,VFR_alt,4.321763931,0.14321444087451504,1.5072906320036428,1.6398697379111762,0.1311183827000479,12.15459919,-12.09000015
10/8/2025,11:09:58,21,SURFTRAK,13.599936842105217,3.49,47.47666442105277,954.00,12.777777777777779,47.6259121,-122.3756922,47.6259185,-122.3756652,-20.1919632,-8.528308868,47.625918861026435,-122.3756593,0.8644210322907097,-12.05999947,VFR_alt,4.389779992,0.14663682085903068,1.5061881623247204,1.6376448599651114,0.13572558042975355,12.124835968017578,-12.05999947
10/8/2025,11:09:59,21,SURFTRAK,13.589762162162138,3.803135135135136,51.68248627027035,955.00,12.777777777777779,47.62591,-122.3756859,47.6259197,-122.3756649,-20.05923843,-8.506950378,47.62592005,-122.375659,0.8585945506353636,-12.03999996,VFR_alt,4.4856394286668095,0.14567201282526995,1.496035959440403,1.6153678426323397,0.13443231580527398,12.10394001,-12.03999996
10/8/2025,11:10:00,21,SURFTRAK,13.572021390374308,4.222352941176468,57.305865240641786,956.00,12.805555555555555,47.6259082,-122.3756805,47.6259208,-122.3756646,-19.943964,-8.49132061,47.62592109157517,-122.3756588,0.8646523962046373,-12.0199995,VFR_alt,4.280191589,0.14699722706952834,1.5065912964171728,1.6383572176709156,0.11632920404910442,12.079861640930176,-12.0199995
10/8/2025,11:10:01,21,SURFTRAK,13.574363636363648,4.343208556149723,58.95614160427808,958.00,12.805555555555555,47.6259098,-122.3756862,47.6259219,-122.3756644,-19.81544876,-8.470842361,47.62592224746407,-122.3756585,0.8600534605469933,-11.98999977,VFR_alt,5.255047416195391,0.16207236593419855,1.4985779994379422,1.6210546802197179,0.13013656859320097,12.04980469,-11.98999977
10/8/2025,11:10:02,21,SURFTRAK,13.57233918128654,4.742923976608176,64.37202339181295,959.00,12.833333333333334,47.625913,-122.3756926,47.6259232,-122.375664,-19.66604805,-8.446305275,47.62592359120056,-122.3756582,0.8552046456532172,-11.96000004,VFR_alt,8.708021841,0.17742631841472714,1.4901293068199963,1.6027248010545987,0.15140224925134607,12.020328521728516,-11.96000004
10/8/2025,11:10:03,21,SURFTRAK,13.573010752688182,4.523602150537657,61.40,960.00,12.86111111111111,47.625919,-122.3757035,47.6259247,-122.3756639,-19.49346924,-8.437889099,47.625925143405006,-122.3756581,0.8520967364311218,-11.92999935,VFR_alt,9.586962471563602,0.1797805792221459,1.4847140104481633,1.591020507112761,0.17278390620883627,11.996350288391113,-11.92999935
10/8/2025,11:10:04,21,SURFTRAK,13.569876344086047,4.5539784946236415,61.796954892473096,961.00,12.86111111111111,47.6259217,-122.3757058,47.6259262,-122.3756636,-19.32675171,-8.405179977,47.62592664289204,-122.3756577,0.8469354510307312,-11.90999985,VFR_alt,9.527853909,0.17434445279900745,1.4757208616444524,1.5719403276118018,0.16989591289230033,11.971538543701172,-11.90999985
10/8/2025,11:10:05,21,SURFTRAK,13.573693548387075,4.404838709677404,59.789391774193525,963.00,12.88888888888889,47.6259258,-122.3757101,47.6259276,-122.3756635,-19.17364502,-8.403238297,47.62592801996077,-122.3756576,0.8397849202156067,-11.86999989,VFR_alt,9.465332886439512,0.16691877572767197,1.463261603405978,1.5454205746190854,0.15311900104182022,11.934593200683594,-11.86999989
10/8/2025,11:10:06,21,SURFTRAK,13.57551322751322,4.438624338624358,60.256599999999956,964.00,12.88888888888889,47.6259334,-122.3757148,47.6259291,-122.3756633,-19.01041031,-8.395090103,47.625929488122715,-122.3756575,0.8503703342543708,-11.82999992,VFR_alt,9.515929833016383,0.1753109031253391,1.4817058854432184,1.5847325344530008,0.1634379510094473,11.893701553344727,-11.82999992
10/8/2025,11:10:07,21,SURFTRAK,13.566972972972962,5.101675675675671,69.20719232432454,965.00,12.916666666666666,47.6259372,-122.3757136,47.6259308,-122.3756634,-18.8118763,-8.397294044,47.62593127377283,-122.3756575,0.8548648347725739,-11.78999996,VFR_alt,9.253075899279606,0.19606449974549783,1.489537212103724,1.6014683878084277,0.1985462445252091,11.851311683654785,-11.78999996
10/8/2025,11:10:08,21,SURFTRAK,13.560642045454596,5.417386363636344,73.46,967.00,12.944444444444445,47.6259424,-122.3757191,47.6259327,-122.3756636,-18.59862137,-8.431015015,47.62593319182549,-122.375658,0.8539204150438309,-11.75,VFR_alt,9.066553289,0.19455487856810744,1.4878916322733386,1.5978538380865037,0.2159045353751442,11.816990852355957,-11.75
10/8/2025,11:10:09,21,SURFTRAK,13.559338709677442,5.629301075268816,76.32959881720433,968.00,12.972222222222221,47.6259457,-122.3757187,47.6259345,-122.3756639,-18.40412712,-8.435853958,47.625934941141246,-122.3756581,0.8476881384849548,-11.71999931,VFR_alt,10.902677477670537,0.1874313552373199,1.4770323625116604,1.5746616918719334,0.19455443366810282,11.782612800598145,-11.71999931
10/8/2025,11:10:10,21,SURFTRAK,13.564149732620326,5.039037433155082,68.34893989304786,970.00,12.972222222222221,47.6259421,-122.3757091,47.6259361,-122.3756637,-18.22431564,-8.421457291,47.62593655839756,-122.3756579,0.8409090638160706,-11.67999935,VFR_alt,11.156852530763963,0.18136189726584737,1.4652203384673923,1.5495806828786411,0.18038689401734054,11.74643325805664,-11.67999935
10/8/2025,11:10:11,21,SURFTRAK,13.570063157894722,4.644473684210529,63.02577115789465,971.00,13.00,47.6259388,-122.3757015,47.6259378,-122.3756637,-18.04512596,-8.419399261,47.62593817006135,-122.3756578,0.8401052368314643,-11.63999939,VFR_alt,11.202653846152344,0.18560731042372552,1.4638197308426995,1.5466118984509194,0.1792015000545345,11.708313941955566,-11.63999939
10/8/2025,11:10:12,21,SURFTRAK,13.571952941176436,4.619764705882357,62.69923011764711,972.00,13.027777777777779,47.6259363,-122.3756982,47.6259394,-122.3756638,-17.86823845,-8.433391571,47.62593976101901,-122.375658,0.843352912,-11.60999966,VFR_alt,10.908342513899223,0.18485917142208885,1.469478558357171,1.5586260030670354,0.1774400650977791,11.675049781799316,-11.60999966
10/8/2025,11:10:13,21,SURFTRAK,13.568356382978699,4.66,63.18438313829788,974.00,13.027777777777779,47.6259386,-122.375702,47.6259409,-122.3756638,-17.69735527,-8.426830292,47.62594129797263,-122.3756579,0.849361667,-11.57999992,VFR_alt,10.94007728690195,0.18364412852741302,1.479948359120665,1.5809213809155491,0.17100909669478348,11.643096923828125,-11.57999992
10/8/2025,11:10:14,21,SURFTRAK,13.55,6.517065217391321,88.29828782608712,976.00,13.055555555555555,47.6259384,-122.3756994,47.6259425,-122.3756638,-17.52041435,-8.429711342,47.62594288941063,-122.375658,0.8592391020577886,-11.52999973,VFR_alt,10.83027159778525,0.196251073,1.4971590414643274,1.6179020688121133,0.1769643718417904,11.596095085144043,-11.52999973
10/8/2025,11:10:15,21,SURFTRAK,13.553978378378423,6.071459459459457,82.29242832432456,977.00,13.083333333333334,47.6259392,-122.3757025,47.6259441,-122.3756634,-17.33322525,-8.39484024,47.62594457302262,-122.3756575,0.846918886,-11.47999954,VFR_alt,10.610737106214197,0.1965550370313026,1.4756919984979542,1.5718204373559403,0.19040943696069865,11.54778767,-11.47999954
10/8/2025,11:10:16,21,SURFTRAK,13.573684491978625,5.221016042780778,70.84956272727273,978.00,13.11111111111111,47.6259398,-122.3756998,47.6259457,-122.375663,-17.16918373,-8.364645004,47.62594604844114,-122.3756571,0.8385561248835396,-11.43999958,VFR_alt,10.887722244475373,0.18313721204823988,1.4611205206304063,1.540904824846371,0.16679739895907644,11.506913185119629,-11.43999958
10/8/2025,11:10:17,21,SURFTRAK,13.588999999999979,3.765628415300544,51.17,980.00,13.11111111111111,47.6259453,-122.3757104,47.625947,-122.375663,-17.01620674,-8.368647575,47.62594742434333,-122.3756572,0.8396721052341773,-11.40999985,VFR_alt,11.146185869833847,0.17207669381235466,1.463065031847427,1.5450089805901224,0.15302934348429623,11.473044395446777,-11.40999985
10/8/2025,11:10:18,21,SURFTRAK,13.57,4.710000000000005,63.919767446808564,981.00,13.13888888888889,47.6259516,-122.3757121,47.6259485,-122.3756632,-16.85629463,-8.397684097,47.62594886262119,-122.3756576,0.8423935885125018,-11.36999989,VFR_alt,11.014625522838553,0.16180351749062538,1.4678070102869316,1.5551126742101025,0.16252692801344032,11.431602478027344,-11.36999989
10/8/2025,11:10:19,21,SURFTRAK,13.574443850267391,4.447112299465228,60.367123689839545,982.00,13.13888888888889,47.6259573,-122.3757206,47.6259499,-122.3756638,-16.69532967,-8.443200111,47.62595031036864,-122.3756582,0.8373261795324438,-11.31999969,VFR_alt,10.869976381178295,0.14962096584034476,1.4589774340338002,1.5363993312839748,0.16727650092289043,11.381572723388672,-11.31999969
10/8/2025,11:10:20,21,SURFTRAK,13.574580645161301,4.361290322580639,59.20276000000018,983.00,13.166666666666666,47.6259637,-122.3757218,47.6259514,-122.3756646,-16.52488327,-8.497114182,47.62595184339376,-122.3756589,0.8471505045890808,-11.2699995,VFR_alt,9.994280954193286,0.14984765392477795,1.4760955761779404,1.5727555587746762,0.17876996622576619,11.330729484558105,-11.2699995
10/8/2025,11:10:21,21,SURFTRAK,13.575565217391297,4.2810869565217216,58.11818326086961,984.00,13.194444444444445,47.6259637,-122.3757218,47.6259528,-122.3756644,-16.36957932,-8.470351219,47.62595324022508,-122.3756585,0.8570651748906011,-11.22999954,VFR_alt,7.556938366214906,0.15618720318636167,1.4933711380669532,1.6096372656686437,0.15759306652321534,11.290966987609863,-11.22999954
10/8/2025,11:10:22,21,SURFTRAK,13.570166666666687,4.987643678160909,67.67,986.00,13.194444444444445,47.6259671,-122.3757226,47.6259546,-122.375665,-16.1680069,-8.535990715,47.62595505320316,-122.3756594,0.8492528385129469,-11.18999958,VFR_alt,6.451323901,0.17450835350258598,1.4797587337725557,1.5805029361678888,0.21199052620243047,11.255882263183594,-11.18999958
10/8/2025,11:10:23,21,SURFTRAK,13.563470899470953,5.196878306878307,70.48768560846574,987.00,13.222222222222221,47.6259676,-122.3757185,47.6259565,-122.375666,-15.96156502,-8.616682053,47.62595690997803,-122.3756605,0.8437036739455329,-11.14999962,VFR_alt,6.748870636267222,0.17477127681018184,1.4700897349050916,1.5598476009896582,0.22165139629353628,11.215311050415039,-11.14999962
10/8/2025,11:10:24,21,SURFTRAK,13.561413978494596,5.169462365591382,70.10521779569895,989.00,13.25,47.62597,-122.3757193,47.6259582,-122.3756667,-15.76849937,-8.65350914,47.62595864644467,-122.375661,0.8305376172065735,-11.09999943,VFR_alt,6.992714370496661,0.17588341844979152,1.4471488784659958,1.5117392743331661,0.19654662803888337,11.168004035949707,-11.09999943
10/8/2025,11:10:25,21,SURFTRAK,13.56242857142855,5.192499999999997,70.42280678571437,990.00,13.25,47.6259724,-122.3757205,47.62596,-122.3756671,-15.57328415,-8.687854767,47.62596040224503,-122.3756614,0.8180357090064457,-11.05000019,VFR_alt,6.777570187977768,0.17908071620123728,1.4253652505415313,1.4663675097858404,0.19821353697466434,11.117716789245605,-11.05000019
10/8/2025,11:10:26,21,SURFTRAK,13.560984848484859,5.204242424242437,70.57465333333361,992.00,13.277777777777779,47.6259685,-122.3757138,47.6259617,-122.3756674,-15.38263988,-8.711979866,47.62596211693335,-122.3756617,0.8059090758212889,-11.01000023,VFR_alt,6.990880251539293,0.17883211622635523,1.4042355109007318,1.4233668307381606,0.19216465827770465,11.075079917907715,-11.01000023
10/8/2025,11:10:27,21,SURFTRAK,13.558010638297867,5.181063829787259,70.24491872340406,993.00,13.305555555555555,47.6259659,-122.3757099,47.6259632,-122.3756676,-15.21203709,-8.729755402,47.625963651365176,-122.375662,0.7862233697099889,-10.96000004,VFR_alt,7.031543862007207,0.1713893105216483,1.3699346593431658,1.3547199701130337,0.17152633765202532,11.026857376098633,-10.96000004
10/8/2025,11:10:28,21,SURFTRAK,13.55891978609624,5.255401069518692,71.25751058823555,995.00,13.305555555555555,47.6259659,-122.3757111,47.6259647,-122.3756682,-15.04831123,-8.770508766,47.62596512394453,-122.3756625,0.7666310001822079,-10.89999962,VFR_alt,7.050441764261447,0.16123621205595087,1.3357964397114264,1.2881458399177454,0.16872163955091574,10.961410522460938,-10.89999962
10/8/2025,11:10:29,21,SURFTRAK,13.560701086956573,5.34,72.45079646739138,996.00,13.333333333333334,47.6259654,-122.3757093,47.6259661,-122.3756686,-14.89666367,-8.80180645,47.62596648788965,-122.3756629,0.780489101,-10.81999969,VFR_alt,6.871611037837251,0.15875345411831918,1.3599431311542372,1.3350082650785098,0.15484356560790694,10.88672161102295,-10.81999969
10/8/2025,11:10:30,21,SURFTRAK,13.559999999999958,5.225326086956523,70.85542173913078,998.00,13.36111111111111,47.6259644,-122.3757087,47.6259675,-122.3756689,-14.73910046,-8.823893547,47.625967905041094,-122.3756632,0.8033151940807052,-10.75,VFR_alt,6.654474744369347,0.16933634472282036,1.3997158684739555,1.4141402852756315,0.15910375501497517,10.817325592041016,-10.75
10/8/2025,11:10:31,21,SURFTRAK,13.560521276595782,5.250744680851062,71.20,999.00,13.38888888888889,47.6259643,-122.3757086,47.625969,-122.3756693,-14.57714176,-8.855154991,47.62596936172632,-122.3756636,0.7987765692015911,-10.68999958,VFR_alt,6.873478731859663,0.17247587925893196,1.3918076584573194,1.3982718687676214,0.16494816336427293,10.760039329528809,-10.68999958
10/8/2025,11:10:32,21,SURFTRAK,13.58,4.485988372093041,60.89944593023271,1000.00,13.38888888888889,47.625965,-122.3757091,47.6259701,-122.3756694,-14.44909191,-8.851397514,47.62597051342938,-122.3756636,0.8104651012392932,-10.61999989,VFR_alt,7.031581896651536,0.13636923035563425,1.4121740400381613,1.4394523770582923,0.12810496803704058,10.683035850524902,-10.61999989
10/8/2025,11:10:33,21,SURFTRAK,13.597973118279539,3.6392473118279662,49.486388978494666,1001.00,13.416666666666666,47.6259682,-122.3757145,47.6259711,-122.3756701,-14.34306431,-8.910687447,47.62597146706044,-122.3756644,0.8281720280647278,-10.52999973,VFR_alt,6.8810403598604815,0.11761215729739076,1.4430270185976284,1.5030073472735976,0.12147900516523433,10.593877792358398,-10.52999973
10/8/2025,11:10:34,21,SURFTRAK,13.591021505376315,3.7052688172042996,50.358121612903275,1002.00,13.416666666666666,47.6259711,-122.3757145,47.6259721,-122.3756708,-14.23483562,-8.964046478,47.62597244048839,-122.3756651,0.8553225664041375,-10.46000004,VFR_alt,6.759479039906669,0.12698276124654279,1.4903347747950875,1.6034611301249306,0.12066745289242822,10.522309303283691,-10.46000004
10/8/2025,11:10:35,21,SURFTRAK,13.595578947368399,3.7548421052631458,51.049312421052655,1003.00,13.444444444444445,47.6259732,-122.3757176,47.6259732,-122.3756714,-14.10734367,-9.014554024,47.62597359,-122.3756658,0.872052634,-10.40999985,VFR_alt,6.637356454158678,0.13000014965471468,1.519485650830673,1.6664134966099862,0.13713208857319747,10.47218132019043,-10.40999985
10/8/2025,11:10:36,21,SURFTRAK,13.594180327868788,3.7206557377049343,50.57926622950802,1004.00,13.444444444444445,47.6259771,-122.3757208,47.6259745,-122.375672,-13.96324921,-9.05574894,47.62597488318478,-122.3756663,0.8750273223783149,-10.35999966,VFR_alt,7.067656967194531,0.12901656622769403,1.5246688192955506,1.6778203938754872,0.14986739656253906,10.429205894470215,-10.35999966
10/8/2025,11:10:37,21,SURFTRAK,13.593387978142022,3.8070491803278785,51.75058306010925,1005.00,13.472222222222221,47.6259802,-122.3757214,47.6259757,-122.3756728,-13.82763767,-9.125199318,47.62597610289896,-122.3756672,0.8884699325092503,-10.30999947,VFR_alt,7.061240023131055,0.12074019926818993,1.548091549,1.729921338707885,0.15236089802968958,10.376762390136719,-10.30999947
10/8/2025,11:10:38,21,SURFTRAK,13.595989189189202,3.7448108108108076,50.91437783783774,1006.00,13.472222222222221,47.6259839,-122.3757271,47.6259768,-122.3756735,-13.70278072,-9.1702528,47.62597722588449,-122.3756678,0.8826486413543289,-10.26000023,VFR_alt,6.757588142651844,0.11828227051206537,1.5379483902386049,1.707322670747925,0.13273685969656507,10.323587417602539,-10.26000023
10/8/2025,11:10:39,21,SURFTRAK,13.593483870967752,3.710107526881723,50.433286559139894,1007.00,13.50,47.6259879,-122.3757266,47.6259781,-122.3756743,-13.55664158,-9.229481697,47.62597854028588,-122.3756686,0.8633870684331463,-10.21999931,VFR_alt,6.4759486566056585,0.13220625522957052,1.5043865586335117,1.6334738650114253,0.15768548418424186,10.290356636047363,-10.21999931
10/8/2025,11:10:40,21,SURFTRAK,13.59048677248677,3.821851851851849,51.940782328042374,1009.00,13.50,47.6259811,-122.3757185,47.6259794,-122.3756746,-13.41304779,-9.256100655,47.62597983179386,-122.375669,0.8469840940975008,-10.19999981,VFR_alt,6.704887791213139,0.14202321726809103,1.4758056185032176,1.5720628292579406,0.14604021670014145,10.267596244812012,-10.19999981
10/8/2025,11:10:41,21,SURFTRAK,13.593588235294146,3.798449197860958,51.634520481283296,1010.00,13.527777777777779,47.6259804,-122.3757175,47.6259807,-122.3756752,-13.27448368,-9.29616642,47.62598107806402,-122.3756695,0.8232085459372577,-10.17000008,VFR_alt,6.946448127803756,0.1342820067377014,1.434378527011885,1.4851175570811639,0.14424034831087654,10.23443603515625,-10.17000008
10/8/2025,11:10:42,21,SURFTRAK,13.593000000000002,3.709659090909098,50.42539602272718,1011.00,13.527777777777779,47.6259812,-122.375721,47.6259817,-122.3756757,-13.16040993,-9.332187653,47.62598210406358,-122.37567,0.8003976883536036,-10.10999966,VFR_alt,6.955715662388719,0.12083913703364405,1.394632335767646,1.4038403104499522,0.11962587681317377,10.172554969787598,-10.10999966
10/8/2025,11:10:43,21,SURFTRAK,13.594133333333357,3.6146666666666687,49.13790133333336,1012.00,13.555555555555555,47.6259812,-122.375721,47.6259827,-122.3756759,-13.05139351,-9.332759857,47.62598308457659,-122.37567,0.8001666294203864,-10.03999996,VFR_alt,6.8251395494979405,0.1182741779834032,1.3942297330809774,1.403201788680111,0.10901792013834781,10.105231285095215,-10.03999996
10/8/2025,11:10:44,21,SURFTRAK,13.596520833333372,3.335729166666671,45.35432822916666,1013.00,13.555555555555555,47.6259823,-122.375721,47.6259837,-122.375676,-12.93992996,-9.361279488,47.62598408709949,-122.3756704,0.8114062510430813,-9.989999771,VFR_alt,6.8173733383381645,0.12115365165906648,1.4138139222720323,1.4426890371038847,0.1150542983757137,10.053117752075195,-9.989999771
10/8/2025,11:10:45,21,SURFTRAK,13.597000000000024,3.289347826086945,44.725262391304156,1013.00,13.583333333333334,47.6259863,-122.3757242,47.6259848,-122.375677,-12.82122612,-9.436479568,47.625985154742885,-122.3756714,0.8188043418137924,-9.929999352,VFR_alt,6.757563299920519,0.11003283557036649,1.4267045349785745,1.4692057288931515,0.14051923109443523,10.000669479370117,-9.929999352
10/8/2025,11:10:46,21,SURFTRAK,13.597515789473654,3.1674736842105182,43.06971894736841,1014.00,13.583333333333334,47.6259912,-122.375732,47.6259858,-122.3756779,-12.71244431,-9.50318718,47.62598613,-122.3756723,0.8380526072100589,-9.859999657,VFR_alt,6.662712050829116,0.10085526057764103,1.4602431792296446,1.539363546,0.12760638134044977,9.928738594055176,-9.859999657
10/8/2025,11:10:47,21,SURFTRAK,13.594367567567504,3.164270270270267,43.016104054054246,1015.00,13.61111111111111,47.6259928,-122.3757282,47.6259867,-122.3756786,-12.61128426,-9.553790092,47.625987042997224,-122.3756729,0.8680540403804263,-9.789999962,VFR_alt,6.737470547312919,0.10018520000818613,1.5125184036931691,1.6514900951873233,0.11311061133530588,9.856371879577637,-9.789999962
10/8/2025,11:10:48,21,SURFTRAK,13.594614130434756,3.0592934782608663,41.58990701086953,1016.00,13.61111111111111,47.6259921,-122.3757271,47.6259877,-122.3756793,-12.49706841,-9.603311539,47.62598807027483,-122.3756736,0.8891847690810328,-9.739999771,VFR_alt,6.952990966969584,0.10780738630210576,1.5493370976411953,1.7326309014573948,0.12448949440556846,9.806449890136719,-9.739999771
10/8/2025,11:10:49,21,SURFTRAK,13.602386243386203,2.9826455026454908,40.570965238095084,1017.00,13.61111111111111,47.6259938,-122.3757286,47.6259888,-122.3756797,-12.3742981,-9.633971214,47.62598917449276,-122.375674,0.8782539651507423,-9.710000038,VFR_alt,7.233439238,0.11509279638686508,1.5302909998838705,1.6903302571193402,0.1265407625621112,9.776549339294434,-9.710000038
10/8/2025,11:10:50,21,SURFTRAK,13.594935483870994,3.1320967741935446,42.58069838709691,1018.00,13.63888888888889,47.6259948,-122.3757299,47.6259899,-122.3756803,-12.25443172,-9.679629326,47.62599025259214,-122.3756746,0.8731720447540283,-9.679999352,VFR_alt,7.102165928003463,0.11089836617791525,1.5214361385865662,1.6707060473151865,0.1282677281554568,9.743636131286621,-9.679999352
10/8/2025,11:10:51,21,SURFTRAK,13.59506951871659,3.16,42.98368556149716,1019.00,13.63888888888889,47.6259936,-122.375728,47.6259908,-122.375681,-12.15460014,-9.731301308,47.62599115049507,-122.3756753,0.8663636229254983,-9.63999939,VFR_alt,6.790339691415412,0.098251313,1.5095729793398827,1.644757473068702,0.11241146868712072,9.701778411865234,-9.63999939
10/8/2025,11:10:52,21,SURFTRAK,13.593294444444393,3.701666666666654,50.31688611111115,1020.00,13.666666666666666,47.6259915,-122.3757234,47.6259917,-122.3756817,-12.05012417,-9.7813797,47.62599209,-122.375676,0.8668888873524137,-9.599999428,VFR_alt,6.881554661400054,0.11712438522113694,1.510488212811026,1.6468168321970222,0.11585799371663448,9.664037704467773,-9.599999428
10/8/2025,11:10:53,21,SURFTRAK,13.587164772727288,3.7511363636363573,50.96585568181827,1021.00,13.666666666666666,47.6259902,-122.3757222,47.6259928,-122.3756823,-11.92561245,-9.832392693,47.625993210050964,-122.3756766,0.8409090638160706,-9.579999924,VFR_alt,6.916146062606213,0.1298063746230169,1.4652203384673925,1.5497451713240293,0.13455665552658452,9.64771843,-9.579999924
10/8/2025,11:10:54,21,SURFTRAK,13.593010638297867,3.5017021276595743,47.59867595744681,1022.00,13.694444444444445,47.6259913,-122.3757241,47.625994,-122.3756827,-11.7926054,-9.849411964,47.62599440633995,-122.3756769,0.8080850896683145,-9.559999466,VFR_alt,6.685976751155123,0.13065969904369495,1.4080270501796404,1.4311298699042594,0.13409150177071597,9.626402854919434,-9.559999466
10/8/2025,11:10:55,21,SURFTRAK,13.592499999999962,3.701290322580651,50.30973064516145,1023.00,13.694444444444445,47.6259923,-122.3757235,47.625995,-122.375683,-11.68472767,-9.880931854,47.625995376611385,-122.3756773,0.8047849225100651,-9.510000229,VFR_alt,6.684305080521123,0.11420040725860545,1.402276758919052,1.4192681496578914,0.11238820387586161,9.57884407,-9.510000229
10/8/2025,11:10:56,21,SURFTRAK,13.592410810810769,3.7171891891891864,50.525653405405386,1024.00,13.722222222222221,47.6259938,-122.3757248,47.6259959,-122.3756834,-11.5873394,-9.906449318,47.62599625253873,-122.3756776,0.7990810474833927,-9.43999958,VFR_alt,6.718963189838315,0.11246680424020097,1.3923381887968242,1.399282953635641,0.10067579452305654,9.511352539,-9.43999958
10/8/2025,11:10:57,21,SURFTRAK,13.594000000000038,3.793817204301081,51.57315107526884,1025.00,13.722222222222221,47.6259955,-122.3757259,47.6259969,-122.3756839,-11.47162056,-9.950195313,47.62599729,-122.3756782,0.8083870821101691,-9.369999886,VFR_alt,7.712436362449519,0.12933904220980982,1.4085532491313544,1.4320421126150809,0.12371160952408246,9.440972328186035,-9.369999886
10/8/2025,11:10:58,21,SURFTRAK,13.592451612903186,3.703870967741931,50.344739354838545,1026.00,13.75,47.6259963,-122.375725,47.6259981,-122.375684,-11.33673954,-9.945288658,47.62599851,-122.3756781,0.8070429983318493,-9.319999695,VFR_alt,10.39188149140975,0.14494279988350406,1.4062112849721604,1.4272343724106749,0.13497023636062289,9.384387016296387,-9.319999695
10/8/2025,11:10:59,21,SURFTRAK,13.592037433155069,3.5514438502673817,48.271262887700544,1027.00,13.75,47.6259996,-122.3757282,47.6259993,-122.3756841,-11.20144653,-9.963897705,47.625999723327574,-122.3756784,0.7997860573829814,-9.260000229,VFR_alt,12.64453285620291,0.1368238195219142,1.3935666151370165,1.4017053989334733,0.1365668127441358,9.326487541,-9.260000229
10/8/2025,11:11:00,21,SURFTRAK,13.596021390374332,3.3533155080213937,45.59174866310157,1028.00,13.777777777777779,47.6259986,-122.3757249,47.6260003,-122.3756843,-11.0922823,-9.965272903,47.62600070517009,-122.3756784,0.7948128016874751,-9.179999352,VFR_alt,13.191744583444027,0.11992279886402549,1.384901094,1.3843900140593806,0.10917289967495607,9.250890731811523,-9.179999352
10/8/2025,11:11:01,21,SURFTRAK,13.595468085106369,3.289840425531907,44.72699446808514,1029.00,13.777777777777779,47.6260015,-122.3757275,47.6260014,-122.3756844,-10.97611332,-9.988466263,47.626001750014446,-122.3756787,0.8081914826910547,-9.099999428,VFR_alt,12.978735660728455,0.13125346660455492,1.408212431961685,1.431286088542282,0.11846165145103785,9.172534942626953,-9.099999428
10/8/2025,11:11:02,21,SURFTRAK,13.596502732240468,3.304972677595626,44.93606754098362,1030.00,13.805555555555555,47.6260008,-122.3757256,47.6260025,-122.3756848,-10.84803581,-10.01029778,47.626002901966245,-122.375679,0.8055191056324484,-9.039999962,VFR_alt,13.243856328965196,0.14971597525265698,1.4035560173898733,1.4218582603343475,0.12992483496283022,9.112323760986328,-9.039999962
10/8/2025,11:11:03,21,SURFTRAK,13.59919774011305,3.3011864406779683,44.89348338983072,1031.00,13.805555555555555,47.6260022,-122.3757257,47.6260037,-122.3756849,-10.71210861,-10.02256203,47.62600412451959,-122.3756792,0.8134463183623922,-8.989999771,VFR_alt,14.113774646747801,0.14522588379302268,1.4173685850253774,1.450037457,0.13647935981716516,9.058052062988281,-8.989999771
10/8/2025,11:11:04,21,SURFTRAK,13.593445054945002,3.400659340659336,46.226600934065736,1031.00,13.833333333333334,47.6260023,-122.3757244,47.6260047,-122.375685,-10.60363674,-10.01610374,47.62600510013482,-122.3756791,0.8130769225267264,-8.909999847,VFR_alt,15.946296265885886,0.11900753265881277,1.4167249407662625,1.4487236062841107,0.10866395945941489,8.978627205,-8.909999847
10/8/2025,11:11:05,21,SURFTRAK,13.593032967032967,3.1270329670329553,42.505355604395746,1032.00,13.833333333333334,47.6260027,-122.3757253,47.6260056,-122.3756847,-10.50881577,-10.00144196,47.62600595297149,-122.3756789,0.8309340483539707,-8.819999695,VFR_alt,16.53250475710456,0.11351447396880977,1.447839629707673,1.5133756787215207,0.095947827,8.890154838562012,-8.819999695
10/8/2025,11:11:06,21,SURFTRAK,13.585776595744688,4.081063829787243,55.44440787234031,1034.00,13.833333333333334,47.6260042,-122.375725,47.6260066,-122.3756848,-10.38836193,-10.00415325,47.62600703635462,-122.3756789,0.8499999642372131,-8.75,VFR_alt,16.482204228700578,0.14353228186039216,1.4810605437466557,1.583163893410277,0.1204843449594664,8.818849563598633,-8.75
10/8/2025,11:11:07,21,SURFTRAK,13.579877659574434,4.122659574468103,55.98485749999971,1035.00,13.86111111111111,47.6260057,-122.3757264,47.6260081,-122.3756848,-10.22915077,-10.00472927,47.62600847,-122.3756789,0.8435638001624574,-8.710000038,VFR_alt,16.615496096969267,0.167199804,1.4698460154345814,1.5594951307983835,0.15921220075582845,8.775679588317871,-8.710000038
10/8/2025,11:11:08,21,SURFTRAK,13.582258064516134,4.22,57.29866478494636,1036.00,13.88888888888889,47.626009,-122.3757283,47.6260094,-122.3756846,-10.08158684,-9.993059158,47.626009795544185,-122.3756788,0.8197311758995056,-8.659999847,VFR_alt,16.69759102919471,0.1547672070002043,1.428319473158226,1.472564587962036,0.14802468119251483,8.726336479187012,-8.659999847
10/8/2025,11:11:09,21,SURFTRAK,13.590720430107469,4.046451612903238,54.994152473118184,1037.00,13.88888888888889,47.626009,-122.3757283,47.6260106,-122.3756846,-9.946681976,-9.99135685,47.62601100890241,-122.3756788,0.8028494398440084,-8.590000153,VFR_alt,16.80790002560723,0.14736109250976193,1.398904327000925,1.4125201067524815,0.1349156013871359,8.658905982971191,-8.590000153
10/8/2025,11:11:10,21,SURFTRAK,13.562923497267773,4.890819672131135,66.33,1038.00,13.916666666666666,47.6260146,-122.375732,47.626012,-122.3756846,-9.795063019,-9.989634514,47.62601237259019,-122.3756787,0.7899999618530273,-8.519999504,VFR_alt,16.683263737452705,0.15882948716807235,1.376515085046945,1.3675468146698164,0.15162873975592667,8.589912414550781,-8.519999504
10/8/2025,11:11:11,21,SURFTRAK,13.593026041666656,3.684166666666656,50.078962656250106,1039.00,13.916666666666666,47.6260186,-122.3757343,47.6260134,-122.3756846,-9.635378838,-10.00030804,47.626013808818016,-122.3756789,0.7833333015441895,-8.460000038,VFR_alt,16.605411951447365,0.15813687133292356,1.3648989345088183,1.3446119584234546,0.16004050056762112,8.528060913085938,-8.460000038
10/8/2025,11:11:12,21,SURFTRAK,13.597999999999969,3.434789473684215,46.706267263157926,1040.00,13.944444444444445,47.6260169,-122.3757277,47.6260148,-122.3756848,-9.480018616,-10.01483536,47.62601520615538,-122.3756791,0.7935789164743925,-8.38999939,VFR_alt,16.48451591702882,0.14824974811390826,1.3827511423417458,1.3800945175522261,0.15603794919402914,8.458586692810059,-8.38999939
10/8/2025,11:11:13,21,SURFTRAK,13.596872727272721,3.523636363636376,47.91048436363642,1041.00,13.944444444444445,47.6260231,-122.3757337,47.6260161,-122.3756852,-9.340358734,-10.04053593,47.626016462281115,-122.3756794,0.8154545426368713,-8.300000191,VFR_alt,16.452499784386244,0.13194416508530127,1.420867763685455,1.4573873860651334,0.1420049357628608,8.369286537,-8.300000191
10/8/2025,11:11:14,21,SURFTRAK,13.592486772486744,3.345978835978845,45.48026021164037,1042.00,13.972222222222221,47.6260181,-122.3757245,47.6260172,-122.3756854,-9.217132568,-10.05489254,47.62601757059909,-122.3756796,0.8299999833106995,-8.210000038,VFR_alt,16.691178465902865,0.13161099674525084,1.4462120921322759,1.5096754282927722,0.12405966416262652,8.274672508239746,-8.210000038
10/8/2025,11:11:15,21,SURFTRAK,13.59302717391304,3.475543478260867,47.243157608695654,1043.00,13.972222222222221,47.6260192,-122.3757272,47.6260185,-122.3756859,-9.070412636,-10.10087109,47.62601889022418,-122.3756802,0.8294565055681311,-8.13999939,VFR_alt,16.764056945928974,0.1501915832252606,1.445265123338407,1.5077808751441548,0.15375553750895307,8.206816673278809,-8.13999939
10/8/2025,11:11:16,21,SURFTRAK,13.595324324324313,3.4197297297297418,46.49252135135126,1044.00,14.00,47.626021,-122.3757299,47.62602,-122.3756859,-8.90694809,-10.08530235,47.62602036045329,-122.37568,0.8382702456938254,-8.090000153,VFR_alt,16.90969972964283,0.1600717595300159,1.4606223977998438,1.539802446074767,0.16420427314623515,8.156395912,-8.090000153
10/8/2025,11:11:17,21,SURFTRAK,13.60,3.3415508021390403,45.43823850267375,1045.00,14.00,47.6260247,-122.3757308,47.6260214,-122.3756864,-8.741999626,-10.13595486,47.62602184,-122.3756807,0.8324063981280607,-8.019999504,VFR_alt,16.609742231694995,0.15203548505663234,1.450405087647375,1.5185132833721597,0.17255049043498405,8.093972206115723,-8.019999504
10/8/2025,11:11:18,21,SURFTRAK,13.594978378378402,3.469945945945962,47.173840216216306,1046.00,14.027777777777779,47.6260269,-122.3757316,47.6260227,-122.375687,-8.596661568,-10.17741299,47.626023151225255,-122.3756812,0.8167567526971972,-7.949999809,VFR_alt,16.495003769657078,0.14069467460786975,1.4231367660632948,1.4617994542679806,0.15113546166832434,8.020588874816895,-7.949999809
10/8/2025,11:11:19,21,SURFTRAK,13.592999999999991,3.439157894736837,46.74847326315769,1047.00,14.027777777777779,47.6260329,-122.3757354,47.6260242,-122.3756879,-8.434932709,-10.25292015,47.62602460584327,-122.3756822,0.8168947326509576,-7.879999638,VFR_alt,16.25618008681893,0.1428558515874963,1.4233771856796953,1.462292278052946,0.1784868500256716,7.9526801109313965,-7.879999638
10/8/2025,11:11:20,21,SURFTRAK,13.599148936170264,3.4638297872340584,47.10512574468075,1048.00,14.055555555555555,47.6260363,-122.3757363,47.6260257,-122.375689,-8.264604568,-10.33561516,47.62602613780474,-122.3756833,0.8218085017610104,-7.829999924,VFR_alt,16.28511801211068,0.14751717353120763,1.4319390560987266,1.4799220722292767,0.18934133093535155,7.895255088806152,-7.829999924
10/8/2025,11:11:21,21,SURFTRAK,13.60,2.890322580645151,39.312847043010564,1049.00,14.055555555555555,47.6260393,-122.3757374,47.6260273,-122.3756903,-8.092701912,-10.42597389,47.626027683927695,-122.3756845,0.8351075053215027,-7.769999981,VFR_alt,16.338805718012292,0.13097673806772436,1.455111562302615,1.5282995415725178,0.1942040786504188,7.837544918060303,-7.769999981
10/8/2025,11:11:22,21,SURFTRAK,13.601486338797873,2.861366120218578,38.91885584699464,1049.00,14.055555555555555,47.6260357,-122.3757315,47.6260285,-122.3756909,-7.955267429,-10.47385502,47.626028920037776,-122.3756852,0.8538797527063088,-7.690000057,VFR_alt,16.47201366572159,0.11867668487823727,1.4878207812306872,1.597833189910292,0.14553638468165905,7.760296821594238,-7.690000057
10/8/2025,11:11:23,21,SURFTRAK,13.586554913294796,3.9224855491329453,53.28590138728339,1051.00,14.083333333333334,47.6260347,-122.3757328,47.6260296,-122.3756914,-7.833545208,-10.50480175,47.626030014829006,-122.3756856,0.8719653208131735,-7.619999886,VFR_alt,21.41020475928819,0.11731406228046197,1.519333513538109,1.6660786793108202,0.12559458336667742,7.6889729499816895,-7.619999886
10/8/2025,11:11:24,21,SURFTRAK,13.600016304347783,3.0673913043478147,41.716571141304165,1051.00,14.083333333333334,47.6260351,-122.3757317,47.6260308,-122.3756916,-7.700287342,-10.52000999,47.626031213373864,-122.3756858,0.8746739023405573,-7.579999924,VFR_alt,29.28862156180828,0.12484178230490374,1.524053011654003,1.6765461313698238,0.13412288962428542,7.645148277282715,-7.579999924
10/8/2025,11:11:25,21,SURFTRAK,13.598894179894222,3.036349206349211,41.290980687830825,1052.00,14.11111111111111,47.6260376,-122.3757356,47.6260321,-122.3756919,-7.555591106,-10.54605484,47.62603251479745,-122.3756861,0.8516930843156482,-7.549999714,VFR_alt,29.368040292263167,0.13766167324686807,1.4840106772166561,1.5895752650217083,0.14702154466122072,7.617907524108887,-7.549999714
10/8/2025,11:11:26,21,SURFTRAK,13.59897326203203,3.152941176470591,42.876760641711115,1053.00,14.11111111111111,47.6260337,-122.375726,47.6260334,-122.3756924,-7.410639763,-10.58663273,47.62603381851552,-122.3756867,0.8398930220042958,-7.509999752,VFR_alt,28.49829057033046,0.136062751,1.4634499625832393,1.545888404511719,0.15052394170764924,7.576872825622559,-7.509999752
10/8/2025,11:11:27,21,SURFTRAK,13.593983783783822,3.3336756756756807,45.31793248648651,1054.00,14.13888888888889,47.6260337,-122.375726,47.6260346,-122.3756924,-7.283298969,-10.57291985,47.62603496384119,-122.3756865,0.8247567450678026,-7.460000038,VFR_alt,28.489264169518837,0.13258130832298382,1.4370761467090467,1.4905815350916671,0.12807701150939924,7.528264523,-7.460000038
10/8/2025,11:11:28,21,SURFTRAK,13.594368421052602,3.378736842105258,45.93182663157875,1055.00,14.13888888888889,47.626034,-122.3757267,47.6260357,-122.375692,-7.153598309,-10.55426502,47.62603613039192,-122.3756862,0.7993157509126161,-7.409999847,VFR_alt,28.50794302692259,0.13459565984575372,1.392747141741683,1.400190379902259,0.13103535332090693,7.4791083335876465,-7.409999847
10/8/2025,11:11:29,21,SURFTRAK,13.59452432432432,3.4231891891891877,46.53644091891888,1056.00,14.13888888888889,47.6260366,-122.3757316,47.626037,-122.3756922,-7.008903027,-10.5697031,47.62603743180692,-122.3756864,0.798702656,-7.359999657,VFR_alt,28.774030650051404,0.14694457609911224,1.3916788707494183,1.3978674918081433,0.14551652461811015,7.428045272827148,-7.359999657
10/8/2025,11:11:30,21,SURFTRAK,13.591074866310134,3.589999999999999,48.79195877005359,1057.00,14.166666666666666,47.6260374,-122.3757287,47.6260384,-122.3756924,-6.858926773,-10.58182049,47.62603878071992,-122.3756866,0.7934224184821633,-7.289999962,VFR_alt,29.291723366923062,0.15218091855712115,1.3824784564461972,1.3794708462012797,0.15046497152804558,7.358382701873779,-7.289999962
10/8/2025,11:11:31,21,SURFTRAK,13.593394736842095,3.5535789473684156,48.30509700000001,1058.00,14.166666666666666,47.6260376,-122.3757292,47.6260396,-122.3756924,-6.721727371,-10.57579041,47.626040014715656,-122.3756865,0.7987367956261886,-7.210000038,VFR_alt,29.208605095439754,0.1473141231819203,1.391738356015332,1.397986435294792,0.13733185270322046,7.2793073654174805,-7.210000038
10/8/2025,11:11:32,21,SURFTRAK,13.590505494505486,3.5962637362637437,48.875099560439594,1059.00,14.194444444444445,47.6260372,-122.3757265,47.6260407,-122.3756924,-6.60003376,-10.57161045,47.62604110924956,-122.3756865,0.8106043895522317,-7.129999638,VFR_alt,29.297980068854226,0.1381586818740918,1.4124167393713096,1.4398828149607794,0.12176537690730534,7.202423572540283,-7.129999638
10/8/2025,11:11:33,21,SURFTRAK,13.591526011560711,3.4929479768786185,47.47448878612737,1060.00,14.194444444444445,47.626037,-122.3757269,47.6260419,-122.3756921,-6.467490673,-10.55374146,47.62604230136558,-122.3756862,0.8243930522417058,-7.059999943,VFR_alt,29.48048513788351,0.14645568690548053,1.43644244,1.489560445,0.13374218077744818,7.132672309875488,-7.059999943
10/8/2025,11:11:34,21,SURFTRAK,13.592824468085102,3.60,48.870355851063835,1061.00,14.222222222222221,47.6260377,-122.3757243,47.6260432,-122.3756922,-6.323374748,-10.56247616,47.62604359756974,-122.3756864,0.8501063471144819,-7,VFR_alt,29.552035739109893,0.15502667680699775,1.4812459078509876,1.5837117003483396,0.14438038242338228,7.067789554595947,-7
10/8/2025,11:11:35,21,SURFTRAK,13.593433155080206,3.5802139037433105,48.667809625668546,1062.00,14.222222222222221,47.6260355,-122.3757235,47.6260443,-122.375692,-6.19983387,-10.5436945,47.626044708718304,-122.3756861,0.8494117295040804,-6.929999828,VFR_alt,34.477786034581314,0.14639348405248978,1.4800355892874093,1.5810441436107159,0.12496039147316783,7.000932693481445,-6.929999828
10/8/2025,11:11:36,21,SURFTRAK,13.598526881720485,2.413064516129019,32.81,1063.00,14.25,47.6260382,-122.3757252,47.6260452,-122.375692,-6.10144186,-10.5427227,47.626045593673474,-122.3756861,0.85532254,-6.869999886,VFR_alt,37.41070772214404,0.11293952399364082,1.4903347284504826,1.6031076051165793,0.098396809,6.937960624694824,-6.869999886
10/8/2025,11:11:37,21,SURFTRAK,13.607524324324299,2.1990270270270256,29.92169124324321,1063.00,14.25,47.6260445,-122.3757296,47.626046,-122.3756923,-6.009768009,-10.57803345,47.626046418204325,-122.3756866,0.8672972965884853,-6.819999695,VFR_alt,37.02953736429252,0.11296126222288286,1.5111998349647868,1.6483560924521719,0.098239217,6.891305446624756,-6.819999695
10/8/2025,11:11:38,21,SURFTRAK,13.59598924731183,3.5645161290322545,48.46312903225807,1064.00,14.277777777777779,47.6260448,-122.3757272,47.6260471,-122.3756928,-5.885486126,-10.61117363,47.62604753601761,-122.375687,0.8787096738815308,-6.779999733,VFR_alt,37.05648976029557,0.13258702828679034,1.5310850378238807,1.691940935409435,0.12862448521734715,6.8469462394714355,-6.779999733
10/8/2025,11:11:39,21,SURFTRAK,13.594000000000038,3.2900000000000023,44.72426000000012,1065.00,14.277777777777779,47.6260456,-122.3757283,47.6260484,-122.3756928,-5.747169971,-10.60425472,47.62604878005761,-122.3756869,0.839139768,-6.739999771,VFR_alt,37.14672170023407,0.1413430043606348,1.4621374748814688,1.543766583357985,0.1384890965617691,6.808557987213135,-6.739999771
10/8/2025,11:11:40,21,SURFTRAK,13.602680628272262,3.1254973821989616,42.512751623036735,1066.00,14.277777777777779,47.6260455,-122.3757253,47.6260494,-122.3756928,-5.6381073,-10.61050129,47.62604976098661,-122.375687,0.8063350635049231,-6.690000057,VFR_alt,36.95811175956034,0.11849653088921652,1.4049777621676702,1.4248676482215028,0.1092414113162226,6.762063026428223,-6.690000057
10/8/2025,11:11:41,21,SURFTRAK,13.59145945945945,3.0687027027026987,41.70925556756766,1067.00,14.305555555555555,47.626047,-122.3757277,47.6260503,-122.3756933,-5.535601139,-10.65450096,47.626050682945184,-122.3756876,0.8048107781925717,-6.639999866,VFR_alt,36.91957176169449,0.1322141586123286,1.4023218104870558,1.4194256946387647,0.11155036584131227,6.709799766540527,-6.639999866
10/8/2025,11:11:42,21,SURFTRAK,13.593117021276587,3.1104255319148977,42.28031968085088,1068.00,14.305555555555555,47.62605,-122.3757276,47.6260514,-122.375694,-5.409642696,-10.70291328,47.626051815837734,-122.3756882,0.7553191248406755,-6.579999924,VFR_alt,36.99807716272697,0.1361860919030423,1.3160863538890522,1.2535236276180215,0.1349417737487189,6.649429798126221,-6.579999924
10/8/2025,11:11:43,21,SURFTRAK,13.602371428571493,2.708971428571437,36.84829965714295,1068.00,14.333333333333334,47.626051,-122.3757265,47.6260525,-122.3756946,-5.289140701,-10.74554443,47.62605289965403,-122.3756888,0.6941142794064113,-6.5,VFR_alt,37.113459591661446,0.1296731361746788,1.2094415474505624,1.0560441052160014,0.127820756,6.575129032,-6.5
10/8/2025,11:11:44,21,SURFTRAK,13.606000000000037,2.6249999999999996,35.71578000000015,1069.00,14.333333333333334,47.6260518,-122.3757269,47.6260535,-122.3756947,-5.182289124,-10.74524498,47.62605386069606,-122.3756888,0.7417582207983666,-6.399999619,VFR_alt,37.070284101501365,0.1111583839078526,1.2924575059365475,1.211394013921051,0.10685199737057872,6.478860855102539,-6.399999619
10/8/2025,11:11:45,21,SURFTRAK,13.61570212765953,2.1890425531914874,29.80534723404258,1070.00,14.333333333333334,47.6260534,-122.3757269,47.6260541,-122.3756956,-5.115376472,-10.82668781,47.62605446252029,-122.3756899,0.8804786966202107,-6.279999733,VFR_alt,36.820655478561555,0.067002279,1.5341674259291596,1.7069346446967597,0.10540511330359272,6.359183311462402,-6.279999733
10/8/2025,11:11:46,21,SURFTRAK,13.614526315789426,2.273157894736847,30.94628378947365,1071.00,14.36111111111111,47.6260539,-122.3757267,47.6260547,-122.3756967,-5.041425705,-10.90634346,47.626055127646595,-122.3756909,1.0023157668741125,-6.190000057,VFR_alt,36.685634946587236,0.092409873,1.7464592907655045,2.2044192870782346,0.10869102152255751,6.263604164123535,-6.190000057
10/8/2025,11:11:47,21,SURFTRAK,13.589228260869575,3.6910869565217355,50.15496749999996,1072.00,14.36111111111111,47.6260536,-122.3757254,47.6260558,-122.3756971,-4.922858715,-10.93195915,47.62605619405911,-122.3756913,1.0654890679794808,-6.150000095,VFR_alt,36.91138585,0.13467906893271467,1.8565339820854645,2.4881026258571253,0.1213024928737134,6.215969085693359,-6.150000095
10/8/2025,11:11:48,21,SURFTRAK,13.576702127659543,4.2798936170212585,58.10683968085117,1073.00,14.38888888888889,47.6260518,-122.3757244,47.6260571,-122.3756968,-4.781935692,-10.90685558,47.62605746154576,-122.3756909,1.0490956978595003,-6.150000095,VFR_alt,38.53663996,0.16163333275533737,1.8279697765733771,2.4121447666629985,0.14314149521588623,6.216974258422852,-6.150000095
10/8/2025,11:11:49,21,SURFTRAK,13.590413978494642,3.7698924731182717,51.232653440860126,1074.00,14.38888888888889,47.6260509,-122.3757223,47.6260582,-122.3756966,-4.654688358,-10.88965034,47.62605860603083,-122.3756907,1.0180644883263497,-6.190000057,VFR_alt,39.14894736935803,0.1486068191707775,1.7739002448110714,2.2717404119147835,0.1284052339900812,6.247821331,-6.190000057
10/8/2025,11:11:50,21,SURFTRAK,13.594418478260872,3.0996195652173895,42.137398369565226,1075.00,14.416666666666666,47.6260513,-122.3757227,47.6260592,-122.3756965,-4.54567194,-10.88062668,47.62605958654382,-122.3756906,0.9685325791006503,-6.230000019,VFR_alt,39.096765284699984,0.1534819054700758,1.6875946454026498,2.0560493022746233,0.10938924100737339,6.289303779602051,-6.230000019
10/8/2025,11:11:51,21,SURFTRAK,13.594138297872378,2.9804255319148885,40.52,1075.00,14.416666666666666,47.6260514,-122.3757209,47.6260603,-122.3756963,-4.420340061,-10.86432076,47.62606071380094,-122.3756904,0.8997340287933958,-6.269999981,VFR_alt,38.62735344830139,0.1595858669978507,1.5677183835036466,1.7763174442540293,0.1263881440203926,6.326824665,-6.269999981
10/8/2025,11:11:52,21,SURFTRAK,13.609336956521764,2.562826086956517,34.87749249999991,1076.00,14.416666666666666,47.6260525,-122.3757226,47.6260614,-122.3756964,-4.297763824,-10.87743187,47.62606181627332,-122.3756905,0.8233151970350224,-6.289999962,VFR_alt,34.15720068859767,0.1439496022041725,1.4345643584701138,1.4860888699645367,0.12327544416107634,6.355804920196533,-6.289999962
10/8/2025,11:11:53,21,SURFTRAK,13.607959537572242,2.67,36.34187248554905,1077.00,14.444444444444445,47.6260549,-122.3757202,47.6260623,-122.3756964,-4.204410553,-10.87408829,47.626062655909195,-122.3756905,0.7795375440851112,-6.289999962,VFR_alt,32.58464570491096,0.12389700213780983,1.3582851146937578,1.331741130730275,0.09341313,6.354971885681152,-6.289999962
10/8/2025,11:11:54,21,SURFTRAK,13.596852631578976,3.4749473684210543,47.24825073684202,1078.00,14.444444444444445,47.6260557,-122.3757228,47.6260632,-122.3756965,-4.100703716,-10.88343525,47.62606358866686,-122.3756906,0.7523683984028665,-6.259999752,VFR_alt,33.15483284,0.14813685981850874,1.310944936611054,1.241370054828105,0.1041271995041427,6.32955265,-6.259999752
10/8/2025,11:11:55,21,SURFTRAK,13.579486631016058,4.174705882352948,56.69008278074854,1079.00,14.472222222222221,47.626058,-122.3757235,47.6260646,-122.3756961,-3.943445444,-10.85353661,47.62606500307562,-122.3756902,0.7027807340902441,-6.210000038,VFR_alt,33.09286393285114,0.1840544114297724,1.2245421881875433,1.0823553243623507,0.16007527307168737,6.283400058746338,-6.210000038
10/8/2025,11:11:56,21,SURFTRAK,13.55502702702708,5.56,75.36127708108101,1081.00,14.50,47.6260599,-122.3757221,47.6260663,-122.3756962,-3.758334875,-10.85756493,47.62606666799288,-122.3756903,0.7055134963344883,-6.139999866,VFR_alt,28.287702028926912,0.2048045081866754,1.2293038193706964,1.090815802984154,0.18515439535731862,6.214328289031982,-6.139999866
10/8/2025,11:11:57,21,SURFTRAK,13.564946808510648,5.315904255319159,72.11,1082.00,14.50,47.6260595,-122.3757185,47.6260676,-122.3756961,-3.613668203,-10.85501957,47.62606796915056,-122.3756902,0.6967552989087207,-6.039999962,VFR_alt,24.74366819510108,0.16034857048950296,1.214043323856101,1.0655871644115111,0.14468906232696777,6.116528034210205,-6.039999962
10/8/2025,11:11:58,21,SURFTRAK,13.548508021390386,6.396042780748662,86.56335342245961,1084.00,14.527777777777779,47.6260556,-122.3757136,47.6260683,-122.3756956,-3.528574467,-10.81190205,47.62606873,-122.3756897,0.7509090709176293,-5.949999809,VFR_alt,28.34977458089825,0.1467095892378353,1.3084021690231455,1.236997586292469,0.09539426,6.019100189208984,-5.949999809
10/8/2025,11:11:59,21,SURFTRAK,13.592910112359585,3.589213483146059,48.786217078651624,1085.00,14.555555555555555,47.6260584,-122.3757147,47.626069,-122.375695,-3.457748175,-10.77118301,47.62606937152292,-122.3756891,0.8441011088617733,-5.859999657,VFR_alt,34.06113912694777,0.14890079702554124,1.4707822351379358,1.5657510776919472,0.081697021,5.933108329772949,-5.859999657
10/8/2025,11:12:00,21,SURFTRAK,13.593721925133684,4.015347593582877,54.58353128342228,1086.00,14.555555555555555,47.6260545,-122.3757094,47.6260698,-122.3756943,-3.365433693,-10.71523285,47.62607020181572,-122.3756884,0.9531015893992256,-5.789999962,VFR_alt,41.68583301229101,0.14712293087479902,1.6607073148622888,1.991164049187446,0.10794621104338463,5.861730575561523,-5.789999962
10/8/2025,11:12:01,21,SURFTRAK,13.599048387096781,3.325591397849457,45.221350268817126,1087.00,14.583333333333334,47.6260528,-122.3757062,47.6260706,-122.3756936,-3.277672291,-10.6621151,47.62607099115732,-122.3756877,0.9718816876411438,-5.730000019,VFR_alt,42.33709415716902,0.11119866355132031,1.6934302133141161,2.069769027391283,0.10258440080912774,5.802484035491943,-5.730000019
10/8/2025,11:12:02,21,SURFTRAK,13.597877659574465,2.995212765957442,40.73,1088.00,14.583333333333334,47.6260547,-122.3757088,47.6260711,-122.3756931,-3.21837306,-10.62584496,47.62607152,-122.3756872,0.9932978587581757,-5.71999979,VFR_alt,41.210272680458864,0.11256048190308378,1.7307462690483415,2.1621523335742605,0.069512027,5.7799553871154785,-5.71999979
10/8/2025,11:12:03,21,SURFTRAK,13.56500000000004,4.801647058823515,65.13434235294142,1089.00,14.61111111111111,47.6260563,-122.3757079,47.626072,-122.3756923,-3.122609854,-10.56608677,47.626072385816336,-122.3756864,0.987294079,-5.730000019,VFR_alt,41.19288934594641,0.16006522222476846,1.7202851369100465,2.1360963807593376,0.11287884013572824,5.790295124053955,-5.730000019
10/8/2025,11:12:04,21,SURFTRAK,13.566460317460368,4.887037037037031,66.29977042328038,1090.00,14.61111111111111,47.626057,-122.3757063,47.6260731,-122.3756912,-3.002189636,-10.48141384,47.62607347,-122.3756853,0.9547089574828981,-5.75,VFR_alt,41.171480809834016,0.1913603934503737,1.6635080319777729,1.9986872562852338,0.14720914882544167,5.812889575958252,-5.75
10/8/2025,11:12:05,21,SURFTRAK,13.579273224043677,4.095628415300538,55.61007049180317,1091.00,14.63888888888889,47.6260585,-122.3757072,47.6260741,-122.3756902,-2.889732599,-10.41209984,47.626074480355605,-122.3756844,0.8843169192798802,-5.769999981,VFR_alt,41.22282016281597,0.17346789178952493,1.540855238139187,1.7144940887255846,0.1321022943598256,5.829922199249268,-5.769999981
10/8/2025,11:12:06,21,SURFTRAK,13.589064864864842,3.6762702702702867,49.95705983783782,1092.00,14.63888888888889,47.6260593,-122.3757052,47.626075,-122.3756893,-2.785000086,-10.3428936,47.62607542233838,-122.3756834,0.8532432043874586,-5.769999981,VFR_alt,41.34116233977521,0.15187870183506527,1.4867116440084471,1.5954039761312673,0.12553247674744372,5.834679604,-5.769999981
10/8/2025,11:12:07,21,SURFTRAK,13.59,3.2116756756756737,43.65771545945932,1093.00,14.666666666666666,47.6260668,-122.3757113,47.6260761,-122.3756887,-2.663567066,-10.29608154,47.62607651452847,-122.3756828,0.8413513238365585,-5.769999981,VFR_alt,41.029807151161606,0.1649277104719265,1.4659909430485456,1.5513401513801222,0.1301435629808251,5.832630157470703,-5.769999981
10/8/2025,11:12:08,21,SURFTRAK,13.582661290322593,4.047365591397867,54.97133467741932,1095.00,14.666666666666666,47.6260692,-122.375704,47.6260773,-122.3756882,-2.531465292,-10.25692272,47.62607770267523,-122.3756823,0.8365591168403625,-5.75,VFR_alt,41.115816802932926,0.169711496,1.4576408854036587,1.5335408184593842,0.13778349691216166,5.815169334411621,-5.75
10/8/2025,11:12:09,21,SURFTRAK,13.590426229508143,3.7021857923497317,50.31425573770483,1096.00,14.694444444444445,47.6260755,-122.3757096,47.6260786,-122.3756878,-2.390659094,-10.22639275,47.62607896911113,-122.3756819,0.8453005151670487,-5.710000038,VFR_alt,41.10844543534855,0.16509149830198028,1.4728721097607633,1.565760990484955,0.144077982,5.781975269317627,-5.710000038
10/8/2025,11:12:10,21,SURFTRAK,13.580376344086051,4.152311827957004,56.39003360215055,1097.00,14.694444444444445,47.6260783,-122.3757063,47.6260798,-122.3756872,-2.255152941,-10.18413639,47.62608018787747,-122.3756813,0.8464515805244446,-5.679999828,VFR_alt,40.81247293593494,0.16311330628651444,1.4748777539441045,1.5700966328660797,0.14194194972523164,5.751817226409912,-5.679999828
10/8/2025,11:12:11,21,SURFTRAK,13.568784946236578,4.617849462365591,62.65813354838685,1098.00,14.722222222222221,47.6260848,-122.3757094,47.6260811,-122.3756866,-2.104596138,-10.13748646,47.626081542012024,-122.3756807,0.8583870639083206,-5.650000095,VFR_alt,40.92792665299509,0.1664243243554587,1.4956744295372222,1.6146704991106846,0.15761842243265398,5.721227169036865,-5.650000095
10/8/2025,11:12:12,21,SURFTRAK,13.580808510638274,3.7571276595744623,51.02479627659574,1099.00,14.75,47.6260863,-122.3757043,47.6260825,-122.3756862,-1.949649572,-10.10682106,47.62608293562889,-122.3756803,0.871914897,-5.619999886,VFR_alt,40.892701454609494,0.16791745925203283,1.5192456530955911,1.6658853197763388,0.15795190664438155,5.692166805267334,-5.619999886
10/8/2025,11:12:13,21,SURFTRAK,13.591879310344776,3.6186206896551742,49.183809310344785,1100.00,14.75,47.626087,-122.3757048,47.6260839,-122.3756856,-1.795078397,-10.06263828,47.62608432586942,-122.3756797,0.8839080374816368,-5.609999657,VFR_alt,40.77090079644753,0.1640589391363078,1.540142792581643,1.7121116109991419,0.16076183047576162,5.674317836761475,-5.609999657
10/8/2025,11:12:14,21,SURFTRAK,13.569935135135141,4.286918918918917,58.16572929729724,1101.00,14.777777777777779,47.6260869,-122.3757023,47.6260852,-122.3756849,-1.649885178,-10.00914192,47.626085631762955,-122.375679,0.8842162074269475,-5.589999676,VFR_alt,40.96913413772519,0.16499455248987352,1.5406797553651375,1.7133242676690803,0.15473503647798628,5.654325008392334,-5.589999676
10/8/2025,11:12:15,21,SURFTRAK,13.560945945945939,4.813945945945964,65.28150302702684,1103.00,14.777777777777779,47.6260852,-122.3757016,47.6260864,-122.3756843,-1.519464016,-9.966714859,47.62608680479398,-122.3756784,0.8918918757825285,-5.559999943,VFR_alt,41.06943073993423,0.1547581313429652,1.554054026,1.7431534002373015,0.13714858759887874,5.631842136383057,-5.559999943
10/8/2025,11:12:16,21,SURFTRAK,13.590299465240658,3.656042780748671,49.68654588235286,1104.00,14.805555555555555,47.6260828,-122.3756968,47.6260875,-122.3756838,-1.393526316,-9.929815292,47.62608793749995,-122.3756779,0.8851871560601627,-5.549999714,VFR_alt,40.935302003565596,0.15622518327146928,1.54237156,1.7170071592384306,0.13123216971721377,5.617410659790039,-5.549999714
10/8/2025,11:12:17,21,SURFTRAK,13.60247567567563,3.1845945945945955,43.30902129729703,1104.00,14.805555555555555,47.6260809,-122.3756964,47.6260885,-122.3756833,-1.288101315,-9.894597054,47.62608888571108,-122.3756775,0.8799999952316284,-5.529999733,VFR_alt,41.10723963974429,0.128205098,1.5333333250248087,1.6968888704993557,0.1111519456039491,5.596427917480469,-5.529999733
10/8/2025,11:12:18,21,SURFTRAK,13.602000000000002,2.974414893617013,40.45799138297863,1105.00,14.833333333333334,47.6260804,-122.3756944,47.6260892,-122.375683,-1.207779765,-9.871953964,47.62608960813733,-122.3756772,0.8853191390950629,-5.519999981,VFR_alt,41.02092412359777,0.1419004201889038,1.5426015302413987,1.7176076340140731,0.083452148,5.583376884460449,-5.519999981
10/8/2025,11:12:19,21,SURFTRAK,13.587116402116422,3.8715343915343845,52.602498412698566,1106.00,14.833333333333334,47.626081,-122.3756962,47.62609,-122.3756824,-1.113852978,-9.822910309,47.62609045293149,-122.3756765,0.8866137455380152,-5.5,VFR_alt,41.25910066289024,0.1383918547441089,1.5448572838919972,1.7225401550286747,0.10595999962913125,5.571683406829834,-5.5
10/8/2025,11:12:20,21,SURFTRAK,13.603264864864896,3.1757297297297313,43.18050356756742,1107.00,14.86111111111111,47.6260897,-122.3756976,47.626091,-122.3756821,-1.003867507,-9.803981781,47.62609144,-122.3756763,0.8798378332241161,-5.480000019,VFR_alt,40.73527940730655,0.11007483178699339,1.533050770011719,1.6963594222526261,0.11160238772884815,5.548526763916016,-5.480000019
10/8/2025,11:12:21,21,SURFTRAK,13.619999999999937,2.6497311827956924,36.089338709677534,1108.00,14.86111111111111,47.6260907,-122.3756965,47.626092,-122.3756821,-0.897240818,-9.801137924,47.62609240117964,-122.3756762,0.8812903165817261,-5.46999979,VFR_alt,40.279395068660506,0.12585493501636288,1.5355816122257362,1.701893353364942,0.10666460716296723,5.535360336303711,-5.46999979
10/8/2025,11:12:22,21,SURFTRAK,13.596064171122995,2.969090909090914,40.36793390374331,1109.00,14.86111111111111,47.6260913,-122.3756957,47.6260929,-122.3756819,-0.795264602,-9.7874403,47.62609332,-122.375676,0.8855614872539744,-5.449999809,VFR_alt,41.333735135210986,0.11369877543678895,1.5430238035485933,1.7184589945082642,0.10289204782598463,5.520553112030029,-5.449999809
10/8/2025,11:12:23,21,SURFTRAK,13.599794117647079,2.7011764705882357,36.73546852941178,1109.00,14.88888888888889,47.6260922,-122.3756967,47.6260937,-122.3756815,-0.70542711,-9.754976273,47.626094126386114,-122.3756756,0.8829411688972922,-5.440000057,VFR_alt,41.88398644821186,0.1085676631068482,1.538458097321043,1.7082961476194451,0.095523233,5.510159492492676,-5.440000057
10/8/2025,11:12:24,21,SURFTRAK,13.59841081081076,2.670000000000005,36.30775686486478,1110.00,14.88888888888889,47.6260912,-122.3756934,47.6260944,-122.3756812,-0.630500674,-9.731801987,47.62609480028774,-122.3756753,0.8857837734995662,-5.420000076,VFR_alt,41.75976419881764,0.092144294,1.5434111204916698,1.7193211268036275,0.078428428,5.488924503326416,-5.420000076
10/8/2025,11:12:25,21,SURFTRAK,13.600341968911927,2.674145077720208,36.36930932642494,1111.00,14.88888888888889,47.6260925,-122.3756957,47.6260951,-122.3756811,-0.550486445,-9.727501869,47.626095519949885,-122.3756752,0.9008289909115728,-5.400000095,VFR_alt,41.58778014197225,0.10234948471574586,1.5696262720428922,1.7782413455413795,0.080129694,5.465547561645508,-5.400000095
10/8/2025,11:12:26,21,SURFTRAK,13.603950819672129,2.5755737704918156,35.03787393442626,1112.00,14.916666666666666,47.6260958,-122.3756951,47.6260961,-122.3756811,-0.443482608,-9.724438667,47.626096482361355,-122.3756752,0.9054098070644941,-5.400000095,VFR_alt,41.43027863044958,0.1052774230801994,1.5776079971578318,1.796352676900919,0.10704767402864523,5.463044166564941,-5.400000095
10/8/2025,11:12:27,21,SURFTRAK,13.606978723404232,2.589042553191479,35.22904882978714,1112.00,14.916666666666666,47.6260959,-122.375695,47.6260969,-122.3756808,-0.351929456,-9.707863808,47.62609730580661,-122.375675,0.9012765706853664,-5.389999866,VFR_alt,41.495780527849966,0.090718682,1.5704061458911693,1.7800529799434606,0.093041418,5.460417271,-5.389999866
10/8/2025,11:12:28,21,SURFTRAK,13.606402173913068,2.4906521739130514,33.88880021739128,1113.00,14.916666666666666,47.6260961,-122.3756944,47.6260976,-122.3756805,-0.27281028,-9.685586929,47.62609801741849,-122.3756747,0.9019564960313879,-5.380000114,VFR_alt,41.56869610413192,0.09630083,1.5715908642971166,1.7828016944126397,0.082195519,5.443795204162598,-5.380000114
10/8/2025,11:12:29,21,SURFTRAK,13.602575916230432,2.559685863874356,34.81808795811511,1114.00,14.944444444444445,47.6260992,-122.375695,47.6260986,-122.3756803,-0.165925667,-9.665837288,47.62609897875763,-122.3756744,0.8982198731437403,-5.369999886,VFR_alt,41.50878292156746,0.12132671853790733,1.5650800819928814,1.7679993933748506,0.108693923,5.436346054077148,-5.369999886
10/8/2025,11:12:30,21,SURFTRAK,13.601032085561561,2.569839572192521,34.95246951871663,1114.00,14.944444444444445,47.6261024,-122.3756954,47.6260996,-122.3756801,-0.047488872,-9.652589798,47.626100043999145,-122.3756742,0.8846523972118602,-5.380000114,VFR_alt,41.963415863131054,0.11334608447424231,1.5414397830206668,1.7149916977916628,0.11917537637816078,5.441144943237305,-5.380000114
10/8/2025,11:12:31,21,SURFTRAK,13.59885869565218,2.6802173913043355,36.44707608695653,1115.00,14.944444444444445,47.6261066,-122.375697,47.6261006,-122.37568,0.061808072,-9.641736984,47.62610102703522,-122.3756741,0.8746195655802022,-5.369999886,VFR_alt,41.80004489372456,0.10160300981901262,1.5239583339655058,1.6762567879029362,0.10983444601639747,5.440829753875732,-5.369999886
10/8/2025,11:12:32,21,SURFTRAK,13.600264550264562,2.7309523809523872,37.141672698412684,1116.00,14.972222222222221,47.6261083,-122.3756956,47.6261014,-122.3756798,0.15400080382823944,-9.631738663,47.626101856232985,-122.375674,0.8778835951335846,-5.349999905,VFR_alt,41.75032274,0.081493847,1.529645658187308,1.6887732097698553,0.092733307,5.422393798828125,-5.349999905
10/8/2025,11:12:33,21,SURFTRAK,13.598069767441828,2.8474418604651226,38.71971813953478,1117.00,14.972222222222221,47.6261108,-122.375697,47.6261024,-122.3756796,0.25666895508766174,-9.613583565,47.62610277964853,-122.3756737,0.882965109,-5.329999924,VFR_alt,41.80162011128154,0.10863864777046581,1.5384998105839192,1.7083889975494921,0.10426100356804832,5.399258613586426,-5.329999924
10/8/2025,11:12:34,21,SURFTRAK,13.60540983606557,2.8025136612021915,38.129160109289536,1118.00,15.00,47.6261108,-122.375697,47.6261034,-122.3756789,0.3685324192047119,-9.559558868,47.62610378576832,-122.375673,0.88797813,-5.339999676,VFR_alt,41.499353994418904,0.12481677243129803,1.5472346199310916,1.7278318888732096,0.12422601345928648,5.404825687408447,-5.339999676
10/8/2025,11:12:35,21,SURFTRAK,13.605158730158713,2.816772486772491,38.32236238095249,1118.00,15.00,47.6261059,-122.3756943,47.6261043,-122.3756783,0.4692552983760834,-9.520130157,47.62610469168774,-122.3756725,0.8931745858419509,-5.329999924,VFR_alt,41.2518292,0.10187328346664944,1.5562890510882486,1.7481253547615807,0.10816525151250575,5.401273250579834,-5.329999924
10/8/2025,11:12:36,21,SURFTRAK,13.60110937500007,2.789583333333328,37.94143244791661,1119.00,15.00,47.6261028,-122.3756911,47.6261049,-122.375678,0.537038267,-9.492641449,47.62610530133976,-122.3756721,0.8930208161473274,-5.309999943,VFR_alt,41.30688998913932,0.092614309,1.556021119044586,1.7475222235058447,0.073144787,5.376424789428711,-5.309999943
10/8/2025,11:12:37,21,SURFTRAK,13.602896174863353,2.896448087431688,39.399752896174746,1120.00,15.027777777777779,47.626104,-122.3756916,47.6261057,-122.3756778,0.6221851110458374,-9.481791496,47.62610606716556,-122.375672,0.8922950654733376,-5.289999962,VFR_alt,41.48179871003555,0.11224934874010868,1.5547565534762717,1.7446756098318914,0.085835346,5.355938911437988,-5.289999962
10/8/2025,11:12:38,21,SURFTRAK,13.598042553191503,2.9766489361702146,40.476387765957575,1121.00,15.027777777777779,47.6261055,-122.3756915,47.6261067,-122.3756775,0.7350932359695435,-9.455986023,47.62610708268123,-122.3756716,0.8919148774857216,-5.289999962,VFR_alt,41.63802022,0.1272985279718612,1.5540941047099706,1.743184397542316,0.11581954553291332,5.3576202392578125,-5.289999962
10/8/2025,11:12:39,21,SURFTRAK,13.601521978022035,3.0599999999999974,41.62065725274725,1122.00,15.055555555555555,47.6261054,-122.3756896,47.6261076,-122.3756769,0.8436206579208374,-9.413441658,47.626108058796085,-122.3756711,0.8864835055319817,-5.299999714,VFR_alt,41.32091347596469,0.12464441670166267,1.544630350548152,1.7220350220410134,0.11656853907733028,5.369336128234863,-5.299999714
10/8/2025,11:12:40,21,SURFTRAK,13.57933333333332,3.5318518518518554,47.948102645502544,1123.00,15.055555555555555,47.6261038,-122.3756887,47.6261085,-122.3756765,0.9335311651229858,-9.380598068,47.626108867467096,-122.3756706,0.8792592551973131,-5.279999733,VFR_alt,41.51988100767372,0.11428095270243901,1.5320426416316832,1.6941063581939573,0.095721475,5.350385665893555,-5.279999733
10/8/2025,11:12:41,21,SURFTRAK,13.606782608695692,2.703804347826081,36.789471739130335,1123.00,15.055555555555555,47.6261051,-122.3756885,47.6261094,-122.3756765,1.0370732545852661,-9.381204605,47.62610979874297,-122.3756706,0.874673913,-5.259999752,VFR_alt,39.55627774993628,0.11771536124465258,1.5240530308448927,1.6764651927776475,0.1035438659563363,5.325078964233398,-5.259999752
10/8/2025,11:12:42,21,SURFTRAK,13.606222222222184,2.879999999999997,39.18591999999989,1124.00,15.083333333333334,47.6261059,-122.3756885,47.6261104,-122.3756768,1.1513257026672363,-9.408522606,47.62611082634972,-122.375671,0.8766666650772095,-5.269999981,VFR_alt,27.650550448780965,0.12127258443327808,1.5275252497557452,1.684106704850389,0.11747295458987408,5.333947182,-5.269999981
10/8/2025,11:12:43,21,SURFTRAK,13.609052631578914,2.2350292397660914,30.416641871345032,1125.00,15.083333333333334,47.6261082,-122.3756887,47.6261112,-122.375677,1.236352562904358,-9.428248405,47.626111591096354,-122.3756713,0.8644444213973151,-5.269999981,VFR_alt,21.70338390011734,0.097114175,1.5062289160710802,1.6374821089244935,0.087285017,5.337429523468018,-5.269999981
10/8/2025,11:12:44,21,SURFTRAK,13.609882352941192,2.44,33.21322566844924,1125.00,15.083333333333334,47.6261089,-122.3756893,47.6261117,-122.3756773,1.2943698167800903,-9.441884041,47.62611211291381,-122.3756714,0.8671122805320005,-5.239999771,VFR_alt,21.567237924046054,0.085839274,1.5108774585027265,1.6476634691462722,0.05959809,5.307851314544678,-5.239999771
10/8/2025,11:12:45,21,SURFTRAK,13.612835978835934,2.184444444444437,29.736559153439217,1126.00,15.11111111111111,47.6261089,-122.3756893,47.6261122,-122.3756775,1.3480548858642578,-9.46615696,47.626112595766834,-122.3756718,0.8813756552953569,-5.210000038,VFR_alt,22.535369080293066,0.075295673,1.5357303084691836,1.7022243376814494,0.05891741,5.279127597808838,-5.210000038
10/8/2025,11:12:46,21,SURFTRAK,13.619650793650731,2.129470899470889,29.002356507936597,1127.00,15.11111111111111,47.6261103,-122.3756878,47.6261128,-122.3756781,1.4210445880889893,-9.510222435,47.62611325224914,-122.3756724,0.8795238052095685,-5.199999809,VFR_alt,23.165416447117057,0.090703078,1.5325035999863708,1.6951834222510642,0.085259972,5.263795852661133,-5.199999809
10/8/2025,11:12:47,21,SURFTRAK,13.598999999999949,2.8406486486486404,38.62984594594582,1127.00,15.11111111111111,47.6261132,-122.3756897,47.6261138,-122.3756785,1.523242473602295,-9.541631699,47.62611417143501,-122.3756728,0.8872432315671767,-5.199999809,VFR_alt,23.49948418396268,0.095523238,1.545954115609476,1.725066882852483,0.10691561927036648,5.263383865356445,-5.199999809
10/8/2025,11:12:48,21,SURFTRAK,13.601000000000067,2.56,34.783648342246074,1128.00,15.13888888888889,47.6261166,-122.3756896,47.6261147,-122.3756789,1.6274137496948242,-9.568823814,47.62611510836992,-122.3756731,0.8848128248663509,-5.170000076,VFR_alt,24.383554935507018,0.08420959,1.5417193160550067,1.7156139129072925,0.10766181274500093,5.2406206130981445,-5.170000076
10/8/2025,11:12:49,21,SURFTRAK,13.606646739130445,2.49,33.814758097826115,1129.00,15.13888888888889,47.6261205,-122.3756915,47.6261158,-122.3756793,1.7483041286468506,-9.597552299,47.626116195679394,-122.3756735,0.8877173791760984,-5.139999866,VFR_alt,26.69217162381081,0.10141239007530005,1.546780281897749,1.7269420438793295,0.12425703030304523,5.212424278259277,-5.139999866
10/8/2025,11:12:50,21,SURFTRAK,13.60051595744678,2.834521276595753,38.55094436170224,1130.00,15.166666666666666,47.626124,-122.3756905,47.6261172,-122.3756794,1.9028481245040894,-9.609020233,47.626117585675445,-122.3756737,0.8946276408560733,-5.150000095,VFR_alt,27.63138820663607,0.11746866014251049,1.5588208893704316,1.7538246760580591,0.15496890061503563,5.208883762359619,-5.150000095
10/8/2025,11:12:51,21,SURFTRAK,13.603952380952371,2.703015873015865,36.77170841269825,1130.00,15.166666666666666,47.6261256,-122.3756919,47.6261184,-122.3756795,2.0416247844696045,-9.6147995,47.62611883,-122.3756737,0.8764550165524558,-5.150000095,VFR_alt,26.88821290633405,0.095661983,1.5271564682353422,1.6834180008591515,0.1388969447857448,5.218260765075684,-5.150000095
10/8/2025,11:12:52,21,SURFTRAK,13.60303243243245,2.5058918918918907,34.087723189189056,1131.00,15.166666666666666,47.6261265,-122.3756901,47.6261195,-122.3756797,2.1562774181365967,-9.623724937,47.62611986506339,-122.3756739,0.8688108096251617,-5.130000114,VFR_alt,26.788252500432698,0.084466344,1.513837016771117,1.654034338529399,0.11499952108148379,5.201099395751953,-5.130000114
10/8/2025,11:12:53,21,SURFTRAK,13.608082352941162,2.5957647058823463,35.32333035294112,1132.00,15.194444444444445,47.626126,-122.3756915,47.6261205,-122.3756797,2.270526885986328,-9.629652977,47.626120892643335,-122.3756739,0.8765294103061452,-5.099999905,VFR_alt,26.693297143345895,0.10140270174426191,1.5272860937152566,1.6835803803824958,0.11440315798465725,5.170488357543945,-5.099999905
10/8/2025,11:12:54,21,SURFTRAK,13.605968085106378,2.6403191489361606,35.92,1133.00,15.194444444444445,47.6261279,-122.3756914,47.6261217,-122.3756798,2.401886224746704,-9.631324768,47.626122074112494,-122.375674,0.8819148870224648,-5.089999676,VFR_alt,26.943312088598997,0.11936045406346625,1.5366698789027808,1.7043157360286119,0.13136997664979322,5.158645153045654,-5.089999676
10/8/2025,11:12:55,21,SURFTRAK,13.601032258064475,2.6802150537634373,36.453681935483814,1133.00,15.194444444444445,47.6261285,-122.3756912,47.6261229,-122.3756798,2.540792226791382,-9.627528191,47.626123323457676,-122.3756739,0.8792473077774048,-5.089999676,VFR_alt,27.05686381127213,0.10783658140609341,1.532021824157601,1.694061479,0.13895787636689508,5.155272006988525,-5.089999676
10/8/2025,11:12:56,21,SURFTRAK,13.601042553191451,2.7256382978723486,37.07151659574461,1134.00,15.222222222222221,47.6261294,-122.3756929,47.626124,-122.3756797,2.6604340076446533,-9.623210907,47.62612439953705,-122.3756739,0.8898404113789822,-5.069999695,VFR_alt,24.20755482147349,0.10543624886331406,1.5504795046755002,1.7351992349395213,0.11971965028217928,5.138185977935791,-5.069999695
10/8/2025,11:12:57,21,SURFTRAK,13.600486631016093,2.81,38.19845695187174,1135.00,15.222222222222221,47.6261276,-122.3756894,47.6261249,-122.3756796,2.766284465789795,-9.617437363,47.62612535157482,-122.3756738,0.8897860821555642,-5.039999962,VFR_alt,23.024765575842295,0.10472466601407464,1.550384840119545,1.7349822624488154,0.10600779831433864,5.110538959503174,-5.039999962
10/8/2025,11:12:58,21,SURFTRAK,13.599529411764697,2.7848128342245952,37.87198973262018,1136.00,15.222222222222221,47.6261282,-122.3756911,47.6261261,-122.3756797,2.8890459537506104,-9.620569229,47.62612645571338,-122.3756738,0.886524053,-5.029999733,VFR_alt,23.07525936551624,0.12007328983456056,1.5447010017546328,1.7221922852021168,0.12280143123696025,5.098699093,-5.029999733
10/8/2025,11:12:59,21,SURFTRAK,13.602000000000004,2.8756989247311906,39.11525677419371,1136.00,15.25,47.6261329,-122.3756902,47.6261273,-122.3756797,3.021925449371338,-9.620286942,47.626127650855096,-122.3756738,0.8894085884094238,-5.039999962,VFR_alt,23.01852265338488,0.11799044975189753,1.5497270858649064,1.7334694253724332,0.13287979546457293,5.106755733,-5.039999962
10/8/2025,11:13:00,21,SURFTRAK,13.602000000000002,2.6778609625668386,36.42426481283419,1137.00,15.25,47.626134,-122.3756914,47.6261284,-122.3756797,3.151217222213745,-9.631342888,47.62612881,-122.375674,0.8780213874929091,-5.019999981,VFR_alt,19.705988300500998,0.1035787119345869,1.529885750934616,1.6893015957023785,0.12976361768395975,5.091296672821045,-5.019999981
10/8/2025,11:13:01,21,SURFTRAK,13.601005405405367,2.918432432432422,39.693445945946124,1138.00,15.277777777777779,47.626135,-122.3756882,47.6261296,-122.3756799,3.2808492183685303,-9.642159462,47.62612997966133,-122.3756741,0.8900540396973894,-4.989999771,VFR_alt,15.632313611418596,0.12143744117504841,1.5508517358363618,1.735944851188789,0.1300824842254452,5.058056354522705,-4.989999771
10/8/2025,11:13:02,21,SURFTRAK,13.599434065934112,3.004505494505493,40.85948236263725,1139.00,15.277777777777779,47.6261352,-122.3756914,47.6261309,-122.37568,3.423248052597046,-9.651548386,47.626131260421666,-122.3756742,0.8926373458170629,-4.980000019,VFR_alt,13.330700251543588,0.13756988033816053,1.555352951044884,1.7462709706802135,0.14270802316916972,5.042825698852539,-4.980000019
10/8/2025,11:13:03,21,SURFTRAK,13.59704142011835,2.9756804733727815,40.46045414201183,1140.00,15.277777777777779,47.6261289,-122.3756874,47.6261321,-122.3756802,3.562079429626465,-9.668084145,47.62613250909565,-122.3756745,0.8771005854804135,-4.980000019,VFR_alt,13.07218563699416,0.13624685923376026,1.528281323185572,1.685801757463853,0.13981266957136004,5.046206474304199,-4.980000019
10/8/2025,11:13:04,21,SURFTRAK,13.597715789473645,3.1147894736842128,42.35366747368401,1141.00,15.305555555555555,47.6261321,-122.3756889,47.6261332,-122.3756803,3.6866605281829834,-9.670349121,47.626133629600105,-122.3756745,0.8634736563030042,-4.96999979,VFR_alt,13.594877342642816,0.13541934686271767,1.5045374314370514,1.6338021047894984,0.12460168632928359,5.037231922149658,-4.96999979
10/8/2025,11:13:05,21,SURFTRAK,13.598428571428625,3.109576719576723,42.285061851851765,1141.00,15.305555555555555,47.6261277,-122.3756874,47.6261341,-122.3756802,3.790071487426758,-9.660243034,47.62613455969659,-122.3756743,0.8633862150409234,-4.940000057,VFR_alt,13.899188477879465,0.12772588013971925,1.5043850716622145,1.6334706299477342,0.10390360667816685,5.009658336639404,-4.940000057
10/8/2025,11:13:06,21,SURFTRAK,13.597999999999969,2.824702702702703,38.41030735135119,1142.00,15.333333333333334,47.6261228,-122.375686,47.6261349,-122.3756802,3.879840612411499,-9.663902283,47.62613537,-122.3756744,0.8594053687276066,-4.920000076,VFR_alt,13.832594406708722,0.1312655840371106,1.497448748540523,1.6184652040925591,0.089843675,4.986846446990967,-4.920000076
10/8/2025,11:13:07,21,SURFTRAK,13.599882978723391,2.8664361702127743,38.98316712765958,1143.00,15.333333333333334,47.6261215,-122.3756853,47.6261358,-122.3756802,3.978764295578003,-9.664772034,47.62613625683311,-122.3756744,0.8671276585218755,-4.900000095,VFR_alt,13.887035887875085,0.12044923518724898,1.5109042534850883,1.6477167407660955,0.098927507,4.972829818725586,-4.900000095
10/8/2025,11:13:08,21,SURFTRAK,13.600494565217444,2.843586956521727,38.674160434782536,1144.00,15.333333333333334,47.6261293,-122.3756862,47.6261365,-122.3756802,4.054852009,-9.666507721,47.626136941179475,-122.3756744,0.8688043459602024,-4.869999886,VFR_alt,17.771669717621116,0.097638241,1.5138257543245974,1.654128924624248,0.076107508,4.943721294403076,-4.869999886
10/8/2025,11:13:09,21,SURFTRAK,13.599089473684257,3.0553684210526337,41.55023342105246,1145.00,15.36111111111111,47.6261275,-122.3756849,47.6261373,-122.3756802,4.136571884155273,-9.662288666,47.62613768,-122.3756744,0.8785789439552709,-4.839999676,VFR_alt,18.491183813050462,0.11196046926473316,1.530857250831155,1.6915088280797608,0.081828714,4.909631252288818,-4.839999676
10/8/2025,11:13:10,21,SURFTRAK,13.596478494623646,3.3462903225806366,45.49791580645148,1146.00,15.36111111111111,47.6261226,-122.3756841,47.626138,-122.3756802,4.218575954437256,-9.665709496,47.62613841374164,-122.3756744,0.873924732,-4.829999924,VFR_alt,15.63642233339934,0.13397272596115706,1.522747639453774,1.6736488905599864,0.08207539,4.895418643951416,-4.829999924
10/8/2025,11:13:11,21,SURFTRAK,13.593459459459451,3.26,44.33411416216228,1146.00,15.38888888888889,47.6261163,-122.3756823,47.6261386,-122.3756802,4.284213542938232,-9.658394814,47.62613900409773,-122.3756743,0.8821621553317921,-4.819999695,VFR_alt,15.19526379447232,0.1383931553847081,1.5371007251993363,1.7052747607065633,0.066043907,4.887376308441162,-4.819999695
10/8/2025,11:13:12,21,SURFTRAK,13.596988950276227,2.894475138121537,39.35614651933692,1147.00,15.38888888888889,47.6261206,-122.3756837,47.626139,-122.3756801,4.3363118171691895,-9.653660774,47.62613947267882,-122.3756743,0.8685082806408077,-4.799999714,VFR_alt,14.11853309936026,0.13088088215056046,1.5133098829347431,1.6531054156449922,0.052312917200255805,4.870907783508301,-4.799999714
10/8/2025,11:13:13,21,SURFTRAK,13.596569767441853,3.1832558139534837,43.28134825581377,1148.00,15.416666666666666,47.6261232,-122.375683,47.6261396,-122.3756799,4.398221015930176,-9.640717506,47.62614002950112,-122.3756741,0.8770930212597514,-4.769999981,VFR_alt,14.09079498108815,0.13205446445837962,1.528268143104116,1.6857416330147912,0.063247744,4.835169792175293,-4.769999981
10/8/2025,11:13:14,21,SURFTRAK,13.593609625668442,3.440374331550797,46.76717566844907,1149.00,15.416666666666666,47.6261218,-122.3756836,47.6261404,-122.3756798,4.482449054718018,-9.63039875,47.626140787063015,-122.375674,0.8752406414817361,-4.759999752,VFR_alt,14.322263779698618,0.15441367038112272,1.5250405116727233,1.6786383986904039,0.084857759,4.820599079,-4.759999752
10/8/2025,11:13:15,21,SURFTRAK,13.590994594594537,3.4746486486486488,47.223930648648704,1150.00,15.444444444444445,47.6261281,-122.3756843,47.6261414,-122.3756798,4.596557617,-9.63097477,47.62614181337563,-122.375674,0.8741081009040008,-4.75,VFR_alt,14.341483147276778,0.15459239233184505,1.5230671455145492,1.6743547210301755,0.11411001633104298,4.818283557891846,-4.75
10/8/2025,11:13:16,21,SURFTRAK,13.58957978723401,3.5422872340425484,48.13818196808516,1151.00,15.444444444444445,47.6261349,-122.3756845,47.6261424,-122.3756798,4.710816383361816,-9.630775452,47.62614284103922,-122.375674,0.8647872158821593,-4.730000019,VFR_alt,14.087436807984988,0.14350091507460208,1.5068262094916407,1.6390613157507665,0.11425894002359369,4.802409648895264,-4.730000019
10/8/2025,11:13:17,21,SURFTRAK,13.596819672131122,3.3763934426229563,45.90839213114736,1152.00,15.444444444444445,47.6261369,-122.3756841,47.6261434,-122.3756798,4.816319465637207,-9.633660316,47.62614378995262,-122.375674,0.8627868701851433,-4.690000057,VFR_alt,14.023299237893237,0.12472050494509317,1.503340758655931,1.6313782253658844,0.1055425166203803,4.763939857,-4.690000057
10/8/2025,11:13:18,21,SURFTRAK,13.591030769230708,3.2902564102564003,44.71797579487187,1153.00,15.472222222222221,47.6261392,-122.3756843,47.6261444,-122.3756798,4.9352288246154785,-9.637291908,47.62614485944445,-122.375674,0.8734358989275419,-4.659999847,VFR_alt,14.104250635199044,0.14032202722170414,1.521895884,1.6717178366060188,0.11896480198614447,4.730322360992432,-4.659999847
10/8/2025,11:13:19,21,SURFTRAK,13.593010869565216,3.415217391304347,46.42309086956501,1154.00,15.472222222222221,47.6261407,-122.3756857,47.6261458,-122.3756799,5.077115058898926,-9.636803627,47.62614613559437,-122.375674,0.8708695555510728,-4.670000076,VFR_alt,13.544769059389889,0.1615653061510428,1.5174242255814134,1.6619768345146657,0.14188707445611945,4.731250762939453,-4.670000076
10/8/2025,11:13:20,21,SURFTRAK,13.593524590163947,3.64,49.496090983606635,1155.00,15.50,47.6261438,-122.3756856,47.6261471,-122.3756799,5.2241129875183105,-9.63402462,47.626147457719775,-122.375674,0.8621311204029563,-4.650000095,VFR_alt,13.082400365745425,0.13813381116898332,1.502198164338481,1.6287678614014058,0.14702419494104496,4.720861434936523,-4.650000095
10/8/2025,11:13:21,21,SURFTRAK,13.592999999999991,3.5873157894736827,48.762383526315695,1156.00,15.50,47.626147,-122.3756841,47.6261482,-122.3756798,5.354154109954834,-9.635128975,47.62614862733265,-122.375674,0.8564736422739531,-4.599999905,VFR_alt,13.198629782021417,0.13761526714814337,1.4923404372955207,1.6074207906147793,0.13004581163653117,4.673424721,-4.599999905
10/8/2025,11:13:22,21,SURFTRAK,13.59154098360656,3.6096721311475295,49.06071442622947,1157.00,15.527777777777779,47.6261487,-122.3756868,47.6261496,-122.3756799,5.5023112297058105,-9.642130852,47.62614995988401,-122.3756741,0.8645901416168839,-4.579999924,VFR_alt,13.009245848580612,0.15934120875890137,1.5064828225142666,1.6380345093081772,0.14832248114180963,4.644847393035889,-4.579999924
10/8/2025,11:13:23,21,SURFTRAK,13.593185393258448,3.793426966292148,51.56404432584269,1158.00,15.527777777777779,47.6261504,-122.3756848,47.6261511,-122.3756799,5.6754279136657715,-9.640976906,47.626151516926114,-122.3756741,0.8700000047683716,-4.579999924,VFR_alt,13.122666594160293,0.16456461957331453,1.515909099,1.658542373552469,0.1731205298527181,4.642531394958496,-4.579999924
10/8/2025,11:13:24,21,SURFTRAK,13.59399999999994,3.620000000000004,49.21028000000005,1159.00,15.555555555555555,47.6261563,-122.3756852,47.6261526,-122.3756799,5.842202663421631,-9.640234947,47.62615301692773,-122.3756741,0.8643258190556858,-4.549999714,VFR_alt,13.204321716732972,0.15148447495832873,1.5060222604758136,1.6370325077695131,0.16677640018515985,4.6193084716796875,-4.549999714
10/8/2025,11:13:25,21,SURFTRAK,13.593480874316965,3.483879781420771,47.36,1160.00,15.555555555555555,47.6261593,-122.375684,47.626154,-122.3756799,5.992941379547119,-9.634200096,47.62615437269843,-122.375674,0.8717486369805257,-4.5,VFR_alt,13.270836257339496,0.13037449316900285,1.5189559583751606,1.6652477719256915,0.15085947092128005,4.570549964904785,-4.5
10/8/2025,11:13:26,21,SURFTRAK,13.597351063829855,3.1610106382978684,42.98130207446828,1161.00,15.583333333333334,47.6261567,-122.3756869,47.6261553,-122.37568,6.138713359832764,-9.648756981,47.62615568379742,-122.3756742,0.8665957324048306,-4.460000038,VFR_alt,13.002392511384533,0.13753685711863192,1.5099774125235708,1.6456373603336232,0.14649700724068743,4.5320024490356445,-4.460000038
10/8/2025,11:13:27,21,SURFTRAK,13.596079365079326,3.1528571428571315,42.86649571428557,1162.00,15.583333333333334,47.6261557,-122.3756858,47.6261567,-122.3756802,6.289521694,-9.663822174,47.62615704019428,-122.3756744,0.8679894051223835,-4.460000038,VFR_alt,12.962594071858469,0.15718426488379322,1.5124057816526395,1.651138498705745,0.1515589448202792,4.5227556228637695,-4.460000038
10/8/2025,11:13:28,21,SURFTRAK,13.593475138121498,3.4257458563535854,46.56777292817666,1163.00,15.61111111111111,47.626154,-122.3756888,47.6261579,-122.3756802,6.434680938720703,-9.666698456,47.626158345782216,-122.3756744,0.8674032945000665,-4.440000057,VFR_alt,13.211148439822608,0.1395742808422331,1.511384528,1.6487882761783508,0.14518773801975554,4.510620117,-4.440000057
10/8/2025,11:13:29,21,SURFTRAK,13.591989130434808,3.363967391304348,45.72244048913028,1164.00,15.61111111111111,47.6261584,-122.3756871,47.6261591,-122.3756802,6.564737796783447,-9.661034584,47.62615951553663,-122.3756744,0.8545651772747869,-4.389999866,VFR_alt,13.32861755206227,0.1357355666063402,1.4890150816151557,1.6002697647156747,0.1301801281783233,4.464136600494385,-4.389999866
10/8/2025,11:13:30,21,SURFTRAK,13.591096256684438,3.2890374331550714,44.70,1164.00,15.63888888888889,47.6261621,-122.3756873,47.6261605,-122.3756803,6.7133026123046875,-9.669041634,47.62616085175489,-122.3756745,0.8708021357097727,-4.360000134,VFR_alt,13.183971061141957,0.15171068117899053,1.5173067516155148,1.6616721699609356,0.14878043303312838,4.431203365325928,-4.360000134
10/8/2025,11:13:31,21,SURFTRAK,13.595570652173926,3.31,45.02645635869572,1165.00,15.63888888888889,47.6261651,-122.3756879,47.6261619,-122.3756804,6.875878810882568,-9.684617996,47.62616231399401,-122.3756747,0.8680434732333474,-4.349999905,VFR_alt,13.104301671839798,0.15009411877912024,1.5124999912399226,1.6511254977487027,0.16332067663400276,4.419361591339111,-4.349999905
10/8/2025,11:13:32,21,SURFTRAK,13.592978723404249,3.541489361702135,48.13939106382991,1166.00,15.666666666666666,47.6261609,-122.3756896,47.6261633,-122.3756806,7.028477191925049,-9.692568779,47.626163686490855,-122.3756748,0.8598935794323048,-4.319999695,VFR_alt,13.131423944707377,0.14546277104540073,1.4982994187078003,1.6202912553754194,0.152805369,4.396073341369629,-4.319999695
10/8/2025,11:13:33,21,SURFTRAK,13.589114130434762,3.4508695652173866,46.894257989130516,1167.00,15.666666666666666,47.6261584,-122.3756899,47.6261644,-122.3756806,7.148628234863281,-9.698894501,47.62616477,-122.3756749,0.8632608606763508,-4.279999733,VFR_alt,13.297537759939885,0.1426768410626961,1.5041666511784924,1.6331431030697734,0.12031744626065674,4.351963996887207,-4.279999733
10/8/2025,11:13:34,21,SURFTRAK,13.595977401129945,3.491016949152541,47.463788926553775,1168.00,15.666666666666666,47.6261543,-122.375691,47.6261654,-122.3756809,7.268345832824707,-9.718527794,47.62616584391186,-122.3756751,0.868361578,-4.25,VFR_alt,13.470226375184648,0.16190881648306119,1.5130542655438954,1.6523313802554054,0.12131681442256993,4.320302486419678,-4.25
10/8/2025,11:13:35,21,SURFTRAK,13.593510869565227,3.5082608695652193,47.68954228260852,1169.00,15.694444444444445,47.6261615,-122.3756901,47.6261668,-122.3756811,7.419908046722412,-9.732419014,47.626167207089246,-122.3756753,0.8708695620298386,-4.239999771,VFR_alt,13.222644030399376,0.166509836,1.517424236870176,1.6620340216703227,0.1521974726374902,4.310487747192383,-4.239999771
10/8/2025,11:13:36,21,SURFTRAK,13.592142857142811,3.476878306878316,47.258194338624484,1170.00,15.694444444444445,47.626166,-122.3756891,47.626168,-122.3756812,7.556644916534424,-9.737831116,47.626168436924864,-122.3756754,0.8662962935588978,-4.210000038,VFR_alt,13.058060633250278,0.13042744174205437,1.5094556630192932,1.644583395748358,0.13684393450676513,4.2835493087768555,-4.210000038
10/8/2025,11:13:37,21,SURFTRAK,13.600486486486455,2.92,39.77307383783769,1171.00,15.722222222222221,47.6261655,-122.3756903,47.6261689,-122.3756812,7.6553568840026855,-9.740754128,47.62616932475777,-122.3756754,0.8735135149311375,-4.159999847,VFR_alt,13.30653744109267,0.11839809989607011,1.5220311245012264,1.6720154670743517,0.098755235,4.234817981719971,-4.159999847
10/8/2025,11:13:38,21,SURFTRAK,13.593620320855567,3.076310160427791,41.817704117647146,1172.00,15.722222222222221,47.6261688,-122.3756904,47.6261701,-122.3756814,7.779260635375977,-9.754579544,47.626170439170046,-122.3756756,0.8845454454421997,-4.150000095,VFR_alt,13.298350710188805,0.1519428545778448,1.5412534276644403,1.7147268753976315,0.12467269848514739,4.2114667892456055,-4.150000095
10/8/2025,11:13:39,21,SURFTRAK,13.59,3.4100529100529124,46.349403280423346,1173.00,15.75,47.6261723,-122.3756919,47.6261716,-122.3756816,7.947944164276123,-9.772760391,47.62617195633956,-122.3756758,0.875132267,-4.139999866,VFR_alt,13.274145078396183,0.1567322601559301,1.5248516770114102,1.6782831076258906,0.1696604730806548,4.208847999572754,-4.139999866
10/8/2025,11:13:40,21,SURFTRAK,13.601869565217408,2.9699999999999993,40.394793913043706,1174.00,15.75,47.6261723,-122.3756919,47.6261727,-122.3756816,8.077779769897461,-9.770962715,47.626173124103985,-122.3756758,0.861032582,-4.099999905,VFR_alt,13.564769857791736,0.115436182,1.500284044128475,1.6246460625674153,0.12984805014466444,4.178689479827881,-4.099999905
10/8/2025,11:13:41,21,SURFTRAK,13.597999999999969,2.8020967741935454,38.10291193548383,1174.00,15.75,47.6261771,-122.3756889,47.6261737,-122.3756816,8.187569618225098,-9.771386147,47.62617411157332,-122.3756758,0.8667204184557802,-4.059999943,VFR_alt,12.662981233946162,0.12233141881804313,1.510194668521437,1.6461100237882118,0.1097906648579605,4.132776260375977,-4.059999943
10/8/2025,11:13:42,21,SURFTRAK,13.599452127659609,2.7693617021276533,37.66179898936153,1175.00,15.777777777777779,47.6261794,-122.3756906,47.626175,-122.3756821,8.334302902,-9.806222916,47.626175431318444,-122.3756763,0.8706382903012824,-4.039999962,VFR_alt,11.74767371809834,0.14141190868425876,1.517021263403748,1.6612487297874226,0.15081199260677938,4.109289169311523,-4.039999962
10/8/2025,11:13:43,21,SURFTRAK,13.604481081081099,2.735081081081079,37.20936145945934,1176.00,15.777777777777779,47.6261833,-122.3756901,47.6261765,-122.3756823,8.493470191955566,-9.825037003,47.62617686289721,-122.3756765,0.871027019,-4.039999962,VFR_alt,11.901435207750835,0.11771976617542473,1.5176985929678142,1.6625706342304136,0.1602753754874433,4.105428695678711,-4.039999962
10/8/2025,11:13:44,21,SURFTRAK,13.609166666666676,2.323563218390803,31.62173580459768,1177.00,15.805555555555555,47.6261851,-122.3756905,47.6261776,-122.3756825,8.624011039733887,-9.839520454,47.62617803700469,-122.3756767,0.8768965499154453,-3.99000001,VFR_alt,12.019867057869295,0.089954727,1.527925806670855,1.6850537184399594,0.13134185667934908,4.068417072296143,-3.99000001
10/8/2025,11:13:45,21,SURFTRAK,13.61201075268821,2.205967741935493,30.02765612903226,1177.00,15.805555555555555,47.6261825,-122.3756925,47.6261784,-122.375683,8.716447830200195,-9.872653008,47.626178868397545,-122.3756772,0.8880645036697388,-3.949999809,VFR_alt,12.002216831300037,0.082194344,1.5473851200306068,1.7282281484996014,0.098195348,4.016120433807373,-3.949999809
10/8/2025,11:13:46,21,SURFTRAK,13.617884210526352,2.0813684210526304,28.343433894736858,1178.00,15.805555555555555,47.6261825,-122.3756925,47.6261793,-122.3756833,8.812004089355469,-9.900146484,47.62617972784745,-122.3756775,0.9030526048258731,-3.949999809,VFR_alt,12.204548421666457,0.10032003600346415,1.5735007508329615,1.7870706033932184,0.099432841,4.008913040161133,-3.949999809
10/8/2025,11:13:47,21,SURFTRAK,13.619064516129026,2.0433870967741954,27.828795806451726,1178.00,15.805555555555555,47.6261806,-122.3756954,47.6261802,-122.3756838,8.911428451538086,-9.930895805,47.62618062208775,-122.3756779,0.9072580337524414,-3.939999819,VFR_alt,12.329149027417326,0.083165218,1.5808283921444064,1.8037607319642601,0.1040707669635923,4.010808468,-3.939999819
10/8/2025,11:13:48,21,SURFTRAK,13.617936170212737,2.0704255319148963,28.194922765957433,1179.00,15.833333333333334,47.6261789,-122.3756957,47.6261808,-122.3756841,8.97939682,-9.956157684,47.62618123340729,-122.3756783,0.8949999809265137,-3.909999847,VFR_alt,12.209175676539555,0.062141149,1.559469663735593,1.755285106442572,0.072511114,3.9848451614379883,-3.909999847
10/8/2025,11:13:49,21,SURFTRAK,13.610201086956527,2.0616847826086975,28.05994076086962,1180.00,15.833333333333334,47.6261779,-122.3756973,47.6261812,-122.3756845,9.026389122009277,-9.987661362,47.626181656064375,-122.3756787,0.8983151951561803,-3.889999866,VFR_alt,12.16053839,0.082611315,1.5652461733781944,1.7682883794624458,0.056575243,3.960771083831787,-3.889999866
10/8/2025,11:13:50,21,SURFTRAK,13.60941176470587,2.4304278074866326,33.076788770053525,1180.00,15.833333333333334,47.6261873,-122.3756945,47.6261823,-122.3756852,9.137775421142578,-10.03458977,47.62618265789245,-122.3756793,0.8836363554000854,-3.909999847,VFR_alt,12.14824281902963,0.10762837389733064,1.5396694071365138,1.711072094077195,0.12086845288142675,3.9686288833618164,-3.909999847
10/8/2025,11:13:51,21,SURFTRAK,13.609558510638326,2.4315957446808567,33.09294047872329,1181.00,15.86111111111111,47.626192,-122.3756936,47.6261837,-122.3756856,9.292734146118164,-10.06996632,47.626184051618644,-122.3756798,0.8799999952316284,-3.909999847,VFR_alt,12.117901220136755,0.10149114959417506,1.5333333250248082,1.696888870499356,0.15894560908917732,3.979081630706787,-3.909999847
10/8/2025,11:13:52,21,SURFTRAK,13.604567567567557,2.6570270270270173,36.14789108108117,1182.00,15.86111111111111,47.6261934,-122.3756949,47.6261847,-122.3756858,9.417908668518066,-10.08633137,47.626185177460464,-122.37568,0.8694594376796001,-3.879999876,VFR_alt,12.115943528875219,0.088768099,1.514967202017485,1.656668475,0.1262397558659634,3.9558849334716797,-3.879999876
10/8/2025,11:13:53,21,SURFTRAK,13.60111229946523,2.776631016042776,37.76437818181815,1182.00,15.86111111111111,47.6261954,-122.3756961,47.6261859,-122.375686,9.541132926940918,-10.10005474,47.62618628576125,-122.3756802,0.85850263,-3.869999886,VFR_alt,12.242189833902279,0.10984011548247567,1.495875794566673,1.6150234153679328,0.12398608325814917,3.933849811553955,-3.869999886
10/8/2025,11:13:54,21,SURFTRAK,13.591847058823502,3.5772941176470607,48.62203682352953,1183.00,15.88888888888889,47.6261963,-122.3756963,47.6261875,-122.3756864,9.719257354736328,-10.12998295,47.62618788784388,-122.3756806,0.8562940758817336,-3.859999895,VFR_alt,12.26445360709413,0.14868437095600015,1.4920275564605934,1.6067479546330201,0.18062117643141326,3.925816535949707,-3.859999895
10/8/2025,11:13:55,21,SURFTRAK,13.59103157894731,3.4731578947368495,47.20378652631574,1184.00,15.88888888888889,47.6261969,-122.3756981,47.6261892,-122.3756866,9.911207199,-10.14599895,47.626189614274736,-122.3756808,0.850421016,-3.839999914,VFR_alt,12.427255277291218,0.12866429925749176,1.4817941953595901,1.5847946285234724,0.19261686118614205,3.908991575241089,-3.839999914
10/8/2025,11:13:56,21,SURFTRAK,13.597497326203179,2.978823529411766,40.504489090908905,1185.00,15.916666666666666,47.6261983,-122.375698,47.6261905,-122.3756868,10.058480262756348,-10.16233635,47.62619093887473,-122.375681,0.8445454239845276,-3.779999971,VFR_alt,12.255262542035583,0.10644987699660388,1.4715564205790976,1.5629647523827905,0.148176468,3.8593790531158447,-3.779999971
10/8/2025,11:13:57,21,SURFTRAK,13.602462365591373,2.5404838709677495,34.55683940860213,1186.00,15.916666666666666,47.6261993,-122.3756961,47.6261918,-122.375687,10.191954612731934,-10.17196655,47.626192139366665,-122.3756812,0.8615591138280848,-3.75,VFR_alt,11.951480070071812,0.123029029,1.5012014862156013,1.626747032451275,0.13382130964829586,3.819087505340576,-3.75
10/8/2025,11:13:58,21,SURFTRAK,13.60393617021274,2.636436170212754,35.86584675531924,1187.00,15.916666666666666,47.6262041,-122.3756964,47.6261934,-122.3756874,10.368233680725098,-10.2060318,47.62619372485181,-122.3756816,0.871755322,-3.74000001,VFR_alt,11.670533171056174,0.13472951504778355,1.5189676069390934,1.6652734075910167,0.17954038776061823,3.8090343475341797,-3.74000001
10/8/2025,11:13:59,21,SURFTRAK,13.609842391304324,2.4979891304347923,33.997357499999914,1187.00,15.944444444444445,47.6262046,-122.3756952,47.6261947,-122.3756878,10.521138191223145,-10.23436737,47.62619510010204,-122.375682,0.8800543430058853,-3.699999809,VFR_alt,11.715507433951313,0.10342498585257841,1.5334280219041958,1.697247326740749,0.15550785810024156,3.775402307510376,-3.699999809
10/8/2025,11:14:00,21,SURFTRAK,13.608010695187165,2.5140641711230054,34.21141240641728,1188.00,15.944444444444445,47.6262065,-122.3756985,47.6261958,-122.375688,10.64664077758789,-10.25183964,47.626196228894514,-122.3756822,0.8949197670992683,-3.659999847,VFR_alt,11.813730606264306,0.0926861,1.559329897218423,1.7549704835484254,0.12671298001243692,3.73333478,-3.659999847
10/8/2025,11:14:01,21,SURFTRAK,13.612331550802129,2.4019786096256674,32.69602288770064,1189.00,15.944444444444445,47.6262118,-122.3756932,47.626197,-122.3756883,10.773859024047852,-10.26976204,47.62619737311794,-122.3756825,0.8851336801753324,-3.639999866,VFR_alt,11.95077690008888,0.099223042,1.5422783821236867,1.7168794351565184,0.12847449048469398,3.709959030151367,-3.639999866
10/8/2025,11:14:02,21,SURFTRAK,13.608999999999961,2.4855913978494644,33.82641333333337,1189.00,15.972222222222221,47.6262094,-122.375699,47.6261985,-122.3756888,10.936605453491211,-10.30464458,47.62619883688812,-122.3756829,0.8799999952316284,-3.639999866,VFR_alt,12.283604430946394,0.11575003885613974,1.5333333250248085,1.6968888704993559,0.16644275975575534,3.7034194469451904,-3.639999866
10/8/2025,11:14:03,21,SURFTRAK,13.617999999999975,1.950869565217394,26.566941739130336,1190.00,15.972222222222221,47.626208,-122.3756977,47.6261996,-122.3756891,11.065869331359863,-10.32925606,47.62619999951032,-122.3756832,0.8777717364870984,-3.619999886,VFR_alt,12.514427677856071,0.078836568,1.5294507529699461,1.6883442706361909,0.13158599746546562,3.689403533935547,-3.619999886
10/8/2025,11:14:04,21,SURFTRAK,13.605458823529432,2.0340588235294117,27.67233264705885,1191.00,15.972222222222221,47.6262087,-122.3756998,47.6262007,-122.3756895,11.183716773986816,-10.36047554,47.62620105945108,-122.3756837,0.8808235238580143,-3.589999914,VFR_alt,12.438678569640423,0.094191886,1.5347682612677558,1.7002401608044382,0.1219125744802511,3.6578688621520996,-3.589999914
10/8/2025,11:14:05,21,SURFTRAK,13.603694300518146,2.78,37.806715025906804,1191.00,16.00,47.626212,-122.3756969,47.626202,-122.3756896,11.334613800048828,-10.37339783,47.62620241664565,-122.3756838,0.8787564731014825,-3.589999914,VFR_alt,12.22852248516314,0.13253967575921913,1.5311665819192504,1.692213492929373,0.15144932477677708,3.655519485473633,-3.589999914
10/8/2025,11:14:06,21,SURFTRAK,13.598497326203262,3.0098930481283346,40.929956844919914,1192.00,16.00,47.6262139,-122.3756984,47.6262037,-122.3756901,11.51402759552002,-10.40648746,47.62620403032507,-122.3756843,0.8696791376659577,-3.579999924,VFR_alt,12.186606046637278,0.12437281088236181,1.5153500125997736,1.6573986718472817,0.18243967258308927,3.649620532989502,-3.579999924
10/8/2025,11:14:07,21,SURFTRAK,13.603131147541044,2.446830601092889,33.284434262294965,1193.00,16.00,47.6262147,-122.3756974,47.6262049,-122.3756904,11.658689498901367,-10.42728519,47.62620533143982,-122.3756846,0.8546994234043392,-3.549999952,VFR_alt,12.309644510602329,0.095368461,1.489248995325739,1.6008470244260746,0.14614927930696262,3.623600721359253,-3.549999952
10/8/2025,11:14:08,21,SURFTRAK,13.608142857142875,2.40,32.62483333333346,1193.00,16.02777777777778,47.6262145,-122.375699,47.6262059,-122.3756905,11.770679473876953,-10.43320751,47.62620633869747,-122.3756846,0.8614814533758416,-3.529999971,VFR_alt,12.12260793,0.091118565,1.5010661687609355,1.626321886562451,0.11214645932735016,3.597841262817383,-3.529999971
10/8/2025,11:14:09,21,SURFTRAK,13.604904761904777,2.43,33.007315873015976,1194.00,16.02777777777778,47.6262158,-122.3756992,47.6262071,-122.3756905,11.900273323059082,-10.44147301,47.626207504287486,-122.3756847,0.8624338372043832,-3.5,VFR_alt,12.165170931802145,0.11673683133074846,1.5027256254318795,1.6299182978790452,0.1298571682980941,3.568378448486328,-3.5
10/8/2025,11:14:10,21,SURFTRAK,13.597059139784928,3.011129032258051,40.942499354838674,1195.00,16.055555555555557,47.6262155,-122.3757002,47.6262085,-122.3756908,12.055203437805176,-10.45920753,47.62620889775635,-122.375685,0.8597311460843651,-3.480000019,VFR_alt,12.252651331009806,0.12391893024886808,1.4980163909045716,1.6196879309125538,0.1559418286541601,3.5548322200775146,-3.480000019
10/8/2025,11:14:11,21,SURFTRAK,13.598956989247355,2.781451612903213,37.82483801075254,1196.00,16.055555555555557,47.6262166,-122.375702,47.6262097,-122.3756912,12.189101219177246,-10.48937511,47.626210102056696,-122.3756854,0.8569892144972279,-3.429999828,VFR_alt,12.447810294033332,0.10158885518709819,1.4932387828360754,1.6094233271258402,0.13725413916656526,3.5049538612365723,-3.429999828
10/8/2025,11:14:12,21,SURFTRAK,13.597000000000023,3.080274725274728,41.88249543956045,1197.00,16.055555555555557,47.6262184,-122.3756999,47.626211,-122.3756913,12.33365535736084,-10.49259186,47.626211402202195,-122.3756854,0.8663736152779925,-3.409999847,VFR_alt,12.360727988581813,0.1475688193689336,1.5095903902571106,1.6449229736180357,0.14458992463013598,3.4761526584625244,-3.409999847
10/8/2025,11:14:13,21,SURFTRAK,13.594551020408167,3.348163265306126,45.51680938775501,1198.00,16.083333333333332,47.6262202,-122.3757031,47.6262127,-122.3756914,12.576337814331055,-10.510355,47.62621358493116,-122.3756857,0.8644387639906942,-3.409999847,VFR_alt,11.939560843738628,0.15379872264302508,1.5062190584686332,1.6376932016603905,0.24333167485187684,3.470799684524536,-3.409999847
10/8/2025,11:14:14,21,SURFTRAK,13.606942528735601,2.8079310344827664,38.20727724137933,1199.00,16.083333333333332,47.6262232,-122.3757003,47.6262141,-122.3756917,12.727043151855469,-10.53623104,47.626214940401624,-122.375686,0.8522988126195711,-3.369999886,VFR_alt,11.807370113274201,0.12869855478919787,1.4850661128977343,1.591777687,0.15291065520407643,3.4301226139068604,-3.369999886
10/8/2025,11:14:15,21,SURFTRAK,13.607978378378377,2.4367567567567474,33.159332756756605,1199.00,16.11111111111111,47.6262264,-122.3757009,47.6262152,-122.375692,12.837685585021973,-10.55259132,47.626215935539236,-122.3756862,0.8662702515318587,-3.329999924,VFR_alt,11.888486285912736,0.10355143913546123,1.5094102867600585,1.6445432832358409,0.11184545978047215,3.3872601985931396,-3.329999924
10/8/2025,11:14:16,21,SURFTRAK,13.604521739130451,2.506956521739137,34.105966956521804,1200.00,16.11111111111111,47.6262245,-122.3757046,47.6262162,-122.3756922,12.961133003234863,-10.57589817,47.62621704584717,-122.3756865,0.8706521699609964,-3.289999962,VFR_alt,11.744966745132876,0.10794209583621958,1.5170454476593138,1.6611027457197256,0.12562831751931453,3.3559234142303467,-3.289999962
10/8/2025,11:14:17,21,SURFTRAK,13.61093650793649,2.385608465608467,32.470476613756695,1201.00,16.11111111111111,47.6262275,-122.3757018,47.6262174,-122.3756925,13.095636367797852,-10.59776497,47.626218255594225,-122.3756868,0.8731216949129862,-3.269999981,VFR_alt,11.771001618264904,0.10534287886644797,1.5213484078029318,1.6705129731284767,0.1362692626789652,3.3306891918182373,-3.269999981
10/8/2025,11:14:18,21,SURFTRAK,13.602091891891897,2.185405405405402,29.726069945945802,1201.00,16.13888888888889,47.6262261,-122.3757037,47.6262185,-122.375693,13.207685470581055,-10.63252831,47.62621926338367,-122.3756873,0.8841080994219394,-3.230000019,VFR_alt,11.93682788660702,0.084145259,1.5404913853564106,1.7130447378637215,0.11731790561120065,3.293614625930786,-3.230000019
10/8/2025,11:14:19,21,SURFTRAK,13.619521052631523,2.0616842105263236,28.07917147368415,1202.00,16.13888888888889,47.6262251,-122.3757055,47.6262194,-122.3756933,13.305193901062012,-10.65738678,47.626220140391744,-122.3756876,0.8924210360175685,-3.199999809,VFR_alt,12.340334456174809,0.090564013,1.5549760476063699,1.745356535285511,0.10062722186781038,3.2649879455566406,-3.199999809
10/8/2025,11:14:20,21,SURFTRAK,13.597455026455052,2.766455026455027,37.61669026455037,1203.00,16.13888888888889,47.6262227,-122.375708,47.6262205,-122.3756936,13.433987617492676,-10.67892361,47.62622129878522,-122.3756879,0.8947089759130327,-3.199999809,VFR_alt,13.191017845509016,0.12521599315934712,1.5589626095454365,1.7541436967542978,0.1305819907683099,3.260432720184326,-3.199999809
10/8/2025,11:14:21,21,SURFTRAK,13.599213114754154,2.94,39.967564262294935,1203.00,16.166666666666668,47.6262201,-122.3757109,47.6262217,-122.3756939,13.568341255187988,-10.69774532,47.62622250718561,-122.3756882,0.8819672064703019,-3.189999819,VFR_alt,13.761993826242161,0.1262338391907228,1.536761041577043,1.7046192367314923,0.1356656071624805,3.2517192363739014,-3.189999819
10/8/2025,11:14:22,21,SURFTRAK,13.602053763440866,2.857956989247324,38.87406860215044,1204.00,16.166666666666668,47.6262225,-122.3757087,47.6262227,-122.3756943,13.675151824951172,-10.73730373,47.62622346785877,-122.3756887,0.8730645179748535,-3.169999838,VFR_alt,13.696054497412447,0.10639420436114393,1.5212487813198223,1.6702937193910297,0.11390068334236311,3.2363970279693604,-3.169999838
10/8/2025,11:14:23,21,SURFTRAK,13.60385714285719,2.5626984126984222,34.86257539682548,1205.00,16.166666666666668,47.626219,-122.3757124,47.6262235,-122.3756948,13.769731521606445,-10.76601982,47.626224318525296,-122.3756891,0.8652380761646089,-3.139999866,VFR_alt,14.498717272055343,0.11023272148200444,1.507611799377727,1.6404907181570598,0.09884297,3.2077794075012207,-3.139999866
10/8/2025,11:14:24,21,SURFTRAK,13.596561403508789,3.37,45.83472350877174,1206.00,16.194444444444443,47.6262232,-122.3757113,47.6262247,-122.3756949,13.90632438659668,-10.770854,47.62622554706569,-122.3756891,0.8691228007712559,-3.139999866,VFR_alt,16.321647973261896,0.14737123364244986,1.5143806377074926,1.655440011057444,0.1366783816674503,3.2065913677215576,-3.139999866
10/8/2025,11:14:25,21,SURFTRAK,13.592727272727268,3.5749732620320938,48.593238609625836,1207.00,16.194444444444443,47.626226,-122.3757091,47.6262261,-122.3756949,14.063069343566895,-10.77527905,47.626226956857565,-122.3756892,0.8429946233244503,-3.119999886,VFR_alt,16.416660938081886,0.13511561789614632,1.4688542679138115,1.5572218593455631,0.1568074060519011,3.1842687129974365,-3.119999886
10/8/2025,11:14:26,21,SURFTRAK,13.591433862433865,3.321693121693117,45.146599999999836,1208.00,16.22222222222222,47.6262311,-122.3757093,47.6262275,-122.3756952,14.211723327636719,-10.790205,47.62622829387781,-122.3756894,0.838148124,-3.089999914,VFR_alt,16.394039560555402,0.14107499724973446,1.4604096094566528,1.5394112085168232,0.14940144297837352,3.1484668254852295,-3.089999914
10/8/2025,11:14:27,21,SURFTRAK,13.597112299465262,2.809411764705875,38.19986823529433,1209.00,16.22222222222222,47.6262276,-122.3757119,47.6262286,-122.3756953,14.32820987701416,-10.80486298,47.626229341578444,-122.3756896,0.8556149321443894,-3.059999943,VFR_alt,16.035573847991632,0.12385809772154864,1.490844199948554,1.6042594457445998,0.11740516340764727,3.1263999938964844,-3.059999943
10/8/2025,11:14:28,21,SURFTRAK,13.600260869565254,2.882336956521747,39.19972228260879,1209.00,16.25,47.6262246,-122.3757167,47.6262296,-122.3756955,14.440458297729492,-10.81899357,47.62623035,-122.3756898,0.8569564903559892,-3.029999971,VFR_alt,15.79444484,0.12265483820405991,1.4931817634990694,1.6093110051143205,0.11313435195881233,3.090970039367676,-3.029999971
10/8/2025,11:14:29,21,SURFTRAK,13.593967567567605,3.0441621621621624,41.38224054054059,1210.00,16.25,47.6262254,-122.375714,47.6262306,-122.3756958,14.550987243652344,-10.84568596,47.62623135,-122.3756901,0.8700000047683716,-2.99000001,VFR_alt,15.804431355682713,0.12601973583569398,1.515909099217619,1.6585423735524683,0.11370633928818212,3.0494015216827393,-2.99000001
10/8/2025,11:14:30,21,SURFTRAK,13.591074866310102,3.1007486631016086,42.14250866310148,1211.00,16.25,47.6262255,-122.3757159,47.6262317,-122.375696,14.677318572998047,-10.85480404,47.62623248152382,-122.3756902,0.8722459823689996,-2.960000038,VFR_alt,16.077602631760232,0.13161820786840775,1.5198225450368947,1.6672252264415908,0.12665995483844394,3.0213539600372314,-2.960000038
10/8/2025,11:14:31,21,SURFTRAK,13.601284210526288,2.775315789473695,37.74687789473668,1212.00,16.27777777777778,47.6262278,-122.3757136,47.6262328,-122.3756962,14.79506778717041,-10.86916351,47.62623354058108,-122.3756904,0.8733684226086266,-2.929999828,VFR_alt,16.276045287600784,0.12464800535848267,1.5217783121210928,1.6714590883135318,0.11862154921006682,2.990565776824951,-2.929999828
10/8/2025,11:14:32,21,SURFTRAK,13.604043478260923,2.5690217391304326,34.94860478260874,1212.00,16.27777777777778,47.6262309,-122.3757167,47.6262338,-122.3756965,14.911277770996094,-10.89123154,47.626234585794236,-122.3756907,0.8823369495246721,-2.899999857,VFR_alt,16.115052872122334,0.12200053959437039,1.5374052908384457,1.7059526961241265,0.11828676176977326,2.9604291915893555,-2.899999857
10/8/2025,11:14:33,21,SURFTRAK,13.607967914438502,2.5881818181818224,35.21989411764717,1213.00,16.27777777777778,47.6262313,-122.3757172,47.6262348,-122.3756967,15.022558212280273,-10.90766716,47.626235586670205,-122.3756909,0.8851336801753324,-2.869999886,VFR_alt,16.286456137938345,0.11111138924398524,1.5422783821236867,1.7168630302536798,0.11248762741454428,2.935375452041626,-2.869999886
10/8/2025,11:14:34,21,SURFTRAK,13.604952380952398,2.6829761904761975,36.501760595237975,1214.00,16.305555555555557,47.6262394,-122.3757127,47.6262359,-122.375697,15.147849082946777,-10.92746925,47.62623671355846,-122.3756912,0.8729761924062457,-2.859999895,VFR_alt,16.213289577872793,0.11939510330557823,1.5210948807078566,1.6699550214533285,0.12684606883772712,2.9230055809020996,-2.859999895
10/8/2025,11:14:35,21,SURFTRAK,13.604218749999994,2.6389062500000073,35.89997671874983,1215.00,16.305555555555557,47.626241,-122.3757129,47.6262371,-122.3756971,15.283930778503418,-10.93728256,47.62623794,-122.3756913,0.8647395617639025,-2.839999914,VFR_alt,16.115860499457703,0.12060201187462856,1.506743175800735,1.6386009354828523,0.1364350720801738,2.903649091720581,-2.839999914
10/8/2025,11:14:36,21,SURFTRAK,13.603815217391354,2.6298913043478227,35.77655521739131,1215.00,16.333333333333332,47.6262431,-122.3757124,47.6262383,-122.3756973,15.410089492797852,-10.94970703,47.62623907219509,-122.3756915,0.8692391271824422,-2.809999943,VFR_alt,16.117986726055495,0.1125715781894067,1.5145833276663787,1.6558175959113577,0.12676903652789542,2.871539354324341,-2.809999943
10/8/2025,11:14:37,21,SURFTRAK,13.603394594594604,2.5932432432432413,35.27694843243261,1216.00,16.333333333333332,47.6262455,-122.3757122,47.6262395,-122.3756974,15.544622421264648,-10.9641819,47.62624028220805,-122.3756917,0.873243245,-2.789999962,VFR_alt,16.264190051746684,0.12256440560559968,1.5215601994794103,1.6709790752649687,0.1353093886908399,2.8509433269500732,-2.789999962
10/8/2025,11:14:38,21,SURFTRAK,13.608000000000004,2.4762433862433904,33.69671999999992,1217.00,16.333333333333332,47.6262475,-122.3757141,47.6262407,-122.3756976,15.681150436401367,-10.97443199,47.626241510165165,-122.3756918,0.8802645452438839,-2.769999981,VFR_alt,16.288782288891408,0.12252614386971035,1.5337942833794957,1.698042453570366,0.13691224669112526,2.831594705581665,-2.769999981
10/8/2025,11:14:39,21,SURFTRAK,13.609459459459456,2.4096756756756843,32.79438518918931,1217.00,16.36111111111111,47.6262504,-122.3757138,47.6262419,-122.3756979,15.816973686218262,-10.99820995,47.626242731783506,-122.3756921,0.8730810829111048,-2.74000001,VFR_alt,16.112705852080893,0.11153201211143185,1.5212776444663207,1.6703572401793532,0.1378888924275679,2.8045451641082764,-2.74000001
10/8/2025,11:14:40,21,SURFTRAK,13.606075675675699,2.312756756756759,31.467394810810895,1218.00,16.36111111111111,47.6262462,-122.375719,47.6262429,-122.3756985,15.924339294433594,-11.04506493,47.626243697448764,-122.3756928,0.8735675689336416,-2.710000038,VFR_alt,16.19579695856112,0.10480422655472885,1.5221253095055896,1.6722227454362188,0.1171441945092667,2.7726595401763916,-2.710000038
10/8/2025,11:14:41,21,SURFTRAK,13.607478723404228,2.5129255319149024,34.19450271276606,1219.00,16.36111111111111,47.6262459,-122.3757186,47.6262439,-122.3756987,16.037342071533203,-11.05516624,47.62624471381573,-122.3756929,0.8817553127065618,-2.690000057,VFR_alt,16.405078250306623,0.12235715533507631,1.536391832746283,1.7037574389550596,0.11345335722146545,2.757594347000122,-2.690000057
10/8/2025,11:14:42,21,SURFTRAK,13.60335978835973,2.694126984126978,36.649848941799156,1220.00,16.38888888888889,47.6262433,-122.3757223,47.6262451,-122.3756989,16.17516518,-11.07023811,47.62624595,-122.3756931,0.8846031654448736,-2.690000057,VFR_alt,16.26375489,0.13869970382521393,1.5413540003963717,1.7147421645317618,0.1386447599617162,2.752864122390747,-2.690000057
10/8/2025,11:14:43,21,SURFTRAK,13.607135869565239,2.4822826086956424,33.77688820652189,1220.00,16.38888888888889,47.6262452,-122.3757223,47.6262463,-122.3756992,16.29509925842285,-11.09919167,47.62624703212944,-122.3756935,0.8765760854534481,-2.669999838,VFR_alt,16.09323941946806,0.1077874828858868,1.5273674216234343,1.6837593633925436,0.12337946433805702,2.7343451976776123,-2.669999838
10/8/2025,11:14:44,21,SURFTRAK,13.612070175438632,2.269707602339187,30.89539883040938,1221.00,16.38888888888889,47.6262448,-122.3757232,47.6262471,-122.3756997,16.384645462036133,-11.13932419,47.626247837523835,-122.375694,0.8745029244506568,-2.629999876,VFR_alt,16.294019508571218,0.10107302138505624,1.523755095633724,1.6758095096045735,0.098128191,2.6900746822357178,-2.629999876
10/8/2025,11:14:45,21,SURFTRAK,13.617968421052604,2.10,28.58769621052638,1221.00,16.38888888888889,47.6262478,-122.3757224,47.6262479,-122.3757002,16.47925377,-11.17351055,47.626248688447674,-122.3756945,0.88121052,-2.619999886,VFR_alt,16.468141688841346,0.11221936098054835,1.535442573411994,1.7017084195251868,0.10059542316540275,2.681629180908203,-2.619999886
10/8/2025,11:14:46,21,SURFTRAK,13.61175675675672,2.15,29.208035405405493,1222.00,16.416666666666668,47.6262486,-122.3757234,47.6262487,-122.3757005,16.564266204833984,-11.19244576,47.62624945306456,-122.3756947,0.8794054012040834,-2.599999905,VFR_alt,17.647168831637522,0.072745155,1.532297289976814,1.694727253183989,0.087095673,2.664909601211548,-2.599999905
10/8/2025,11:14:47,21,SURFTRAK,13.619681318681296,2.0702197802197824,28.195312637362633,1223.00,16.416666666666668,47.6262486,-122.3757234,47.6262494,-122.3757005,16.64455223083496,-11.19783306,47.62625017517129,-122.3756948,0.8858241655014374,-2.569999933,VFR_alt,19.393444872374342,0.083355283,1.5434815004949307,1.7196439342198109,0.080466571,2.6345696449279785,-2.569999933
10/8/2025,11:14:48,21,SURFTRAK,13.617999999999974,2.1469633507853367,29.237346910994823,1223.00,16.416666666666668,47.6262524,-122.3757219,47.6262502,-122.375701,16.736597061157227,-11.23641682,47.62625100303878,-122.3756953,0.8873821871442945,-2.559999943,VFR_alt,19.850339138144605,0.078505221,1.5461962351756655,1.7256031400322611,0.099804594,2.6271815299987793,-2.559999943
10/8/2025,11:14:49,21,SURFTRAK,13.607872340425546,2.3325531914893562,31.74090638297869,1224.00,16.444444444444443,47.6262547,-122.3757246,47.6262512,-122.3757015,16.83904266357422,-11.27234268,47.626251924452646,-122.3756958,0.8952659381196854,-2.549999952,VFR_alt,21.645464950557876,0.096312148,1.5599330739964223,1.7563282710029344,0.10856228278289577,2.6149208545684814,-2.549999952
10/8/2025,11:14:50,21,SURFTRAK,13.630835106383012,1.834893617021271,25.010777872340444,1224.00,16.444444444444443,47.62625,-122.3757285,47.6262519,-122.3757021,16.909528732299805,-11.32139397,47.62625255841682,-122.3756964,0.9021808251421503,-2.539999962,VFR_alt,23.617416304562234,0.052043134,1.5719817407779897,1.7835461243369324,0.085873829,2.60603404,-2.539999962
10/8/2025,11:14:51,21,SURFTRAK,13.615129729729702,1.9200000000000006,26.141049081081142,1225.00,16.444444444444443,47.6262471,-122.3757324,47.6262523,-122.3757028,16.96525764465332,-11.36560059,47.626253059652505,-122.375697,0.8999999761581421,-2.539999962,VFR_alt,23.993349309657336,0.072691695,1.5681817766391883,1.774896600177463,0.071133233,2.600903034210205,-2.539999962
10/8/2025,11:14:52,21,SURFTRAK,13.609177419354813,2.357365591397853,32.07701150537638,1226.00,16.47222222222222,47.6262451,-122.3757343,47.6262529,-122.3757032,17.02720832824707,-11.3972578,47.62625361684791,-122.3756975,0.8904838562011719,-2.529999971,VFR_alt,26.760530178699693,0.075600687,1.551600658532346,1.7377458548398164,0.069570588,2.5987555980682373,-2.529999971
10/8/2025,11:14:53,21,SURFTRAK,13.605058823529403,2.6789304812834356,36.45,1226.00,16.47222222222222,47.6262431,-122.3757375,47.6262536,-122.3757035,17.107389450073242,-11.41909409,47.62625434,-122.3756977,0.8699465094403149,-2.50999999,VFR_alt,29.051337762827902,0.08947591,1.5158158876611543,1.6584801958020003,0.083101357,2.579019308,-2.50999999
10/8/2025,11:14:54,21,SURFTRAK,13.592406976744172,3.3595348837209404,45.664165116279165,1227.00,16.47222222222222,47.6262495,-122.37573,47.6262545,-122.3757037,17.209300994873047,-11.43649006,47.626255254621555,-122.375698,0.8644185738508091,-2.50999999,VFR_alt,29.882743780657098,0.1300136025475208,1.506183878679437,1.6374401800981049,0.1033856027077822,2.5760583877563477,-2.50999999
10/8/2025,11:14:55,21,SURFTRAK,13.595117647058851,3.278021390374322,44.565069465240725,1228.00,16.50,47.6262515,-122.3757319,47.6262556,-122.3757039,17.337236404418945,-11.4446373,47.62625640529525,-122.3756981,0.8557218839140499,-2.50999999,VFR_alt,29.96384068108266,0.1250484085338001,1.4910305553047805,1.6046976913692246,0.1281945651350421,2.5723536014556885,-2.50999999
10/8/2025,11:14:56,21,SURFTRAK,13.592999999999995,3.567135135135127,48.48806789189196,1229.00,16.50,47.6262534,-122.3757313,47.6262568,-122.3757039,17.474933624267578,-11.43645191,47.626257643768405,-122.375698,0.8604324092736115,-2.5,VFR_alt,29.930177952297754,0.1548892253959501,1.499238288885838,1.622420130231792,0.13794029472485195,2.5621109008789062,-2.5
10/8/2025,11:14:57,21,SURFTRAK,13.599489473684221,3.1095789473684254,42.288597473684376,1230.00,16.52777777777778,47.626256,-122.3757299,47.626258,-122.375704,17.597436904907227,-11.44593239,47.62625874558458,-122.3756981,0.8662105234045732,-2.460000038,VFR_alt,29.630991488947323,0.11705397826276327,1.5093062150231182,1.644260135209734,0.1228695780079704,2.5258867740631104,-2.460000038
10/8/2025,11:14:58,21,SURFTRAK,13.60160869565216,2.8214673913043415,38.374468043478124,1231.00,16.52777777777778,47.626256,-122.3757299,47.626259,-122.375704,17.710983276367188,-11.44134426,47.626259766840725,-122.375698,0.8752173910970273,-2.419999838,VFR_alt,29.405175491942718,0.13234079750659672,1.5249999996387615,1.678549241524761,0.11363903106917819,2.4791274070739746,-2.419999838
10/8/2025,11:14:59,21,SURFTRAK,13.60,2.822127659574478,38.385182872340565,1232.00,16.52777777777778,47.6262617,-122.375728,47.6262601,-122.3757038,17.84024429321289,-11.42491722,47.626260929437166,-122.3756978,0.899840402,-2.399999857,VFR_alt,29.35609112687732,0.13288697957041415,1.5679037304826902,1.7744525266029056,0.130300645,2.4607937335968018,-2.399999857
10/8/2025,11:15:00,21,SURFTRAK,13.594096256684528,2.738609625668435,37.23,1232.00,16.555555555555557,47.6262634,-122.375728,47.6262613,-122.3757037,17.965761184692383,-11.42466068,47.62626205835828,-122.3756978,0.8999465002733118,-2.389999866,VFR_alt,29.455978641564506,0.12506414164993215,1.5680885989610747,1.774768876095544,0.12551715364292138,2.4507815837860107,-2.389999866
10/8/2025,11:15:01,21,SURFTRAK,13.599037837837816,2.737621621621616,37.22905621621629,1233.00,16.555555555555557,47.6262648,-122.3757276,47.6262622,-122.3757038,18.073625564575195,-11.43283367,47.62626302850959,-122.3756979,0.9051351063960308,-2.359999895,VFR_alt,29.60143420965564,0.10702946874740961,1.5771293520536909,1.7952631791475542,0.10817357438360779,2.4287288188934326,-2.359999895
10/8/2025,11:15:02,21,SURFTRAK,13.601049999999988,3.1554999999999995,42.91573133333338,1234.00,16.583333333333332,47.6262617,-122.3757316,47.6262634,-122.3757037,18.20446777,-11.42655468,47.626264205327566,-122.3756978,0.9027777512868246,-2.359999895,VFR_alt,28.207455376519547,0.1497578031486935,1.5730218393634081,1.7860012583217575,0.13099278360553235,2.426889181137085,-2.359999895
10/8/2025,11:15:03,21,SURFTRAK,13.591010869565158,3.6645108695652087,49.80440690217383,1235.00,16.583333333333332,47.62626,-122.3757336,47.6262647,-122.3757039,18.35730553,-11.43363476,47.62626557997735,-122.3756979,0.8942934598611749,-2.379999876,VFR_alt,25.42531743526551,0.1622225475376067,1.5582386043035636,1.7525996607485808,0.15300165469299348,2.4426419734954834,-2.379999876
10/8/2025,11:15:04,21,SURFTRAK,13.592142857142807,3.6128571428571443,49.106473771428576,1236.00,16.61111111111111,47.6262663,-122.3757264,47.626266,-122.3757036,18.49536133,-11.41518974,47.62626682167564,-122.3756977,0.8663428453036717,-2.369999886,VFR_alt,25.419383001329756,0.1505010049683707,1.5095367759079124,1.645029305717052,0.1392825289636728,2.433877944946289,-2.369999886
10/8/2025,11:15:05,21,SURFTRAK,13.59696666666669,3.133500000000001,42.606500000000125,1237.00,16.61111111111111,47.6262709,-122.3757226,47.6262673,-122.3757036,18.635887145996094,-11.41985607,47.62626808558971,-122.3756978,0.863999993,-2.349999905,VFR_alt,25.75952999727517,0.14863009088569218,1.5054545325763302,1.635928829509809,0.14060327204356973,2.4122323989868164,-2.349999905
10/8/2025,11:15:06,21,SURFTRAK,13.59509677419356,3.00,40.81746709677402,1238.00,16.61111111111111,47.6262725,-122.3757246,47.6262686,-122.3757036,18.789752960205078,-11.41342068,47.62626946948606,-122.3756977,0.8619892244697899,-2.329999924,VFR_alt,27.428521522801322,0.1542712138384901,1.5019509214246327,1.6282667684718184,0.15400033468088392,2.3953139781951904,-2.329999924
10/8/2025,11:15:07,21,SURFTRAK,13.603124999999979,3.0768749999999976,41.85495375000023,1239.00,16.63888888888889,47.6262728,-122.3757238,47.6262699,-122.3757034,18.932571411132812,-11.39951992,47.62627075402047,-122.3756975,0.8500520475208759,-2.319999933,VFR_alt,29.588871773937097,0.13299217416594425,1.4811512949227348,1.5835348042901911,0.1434933481594514,2.3795535564422607,-2.319999933
10/8/2025,11:15:08,21,SURFTRAK,13.60411956521744,2.6840760869565323,36.514354510869474,1239.00,16.63888888888889,47.6262725,-122.3757281,47.6262709,-122.3757035,19.035306930541992,-11.41724205,47.62627167804188,-122.3756977,0.8591304152556087,-2.279999971,VFR_alt,29.067483292535044,0.094746142,1.4969696629453797,1.6176424891084569,0.10425286966646945,2.339107036590576,-2.279999971
10/8/2025,11:15:09,21,SURFTRAK,13.601365591397863,2.6780645161290373,36.425218709677296,1240.00,16.666666666666668,47.6262714,-122.3757285,47.6262717,-122.3757039,19.12881088256836,-11.43939209,47.626272519032966,-122.375698,0.8591935115475808,-2.230000019,VFR_alt,29.86441620010932,0.099577051,1.4970796034541145,1.6176686998203205,0.096091692,2.293381929397583,-2.230000019
10/8/2025,11:15:10,21,SURFTRAK,13.593895287958064,3.3340837696334975,45.32264481675383,1241.00,16.666666666666668,47.626272,-122.3757296,47.6262728,-122.3757038,19.25555419921875,-11.43016434,47.62627365898476,-122.3756979,0.8864921278354385,-2.210000038,VFR_alt,34.62741264089308,0.1397630321885903,1.5446453742587192,1.722522770915463,0.12707879341246045,2.2791872024536133,-2.210000038
10/8/2025,11:15:11,21,SURFTRAK,13.602000000000006,2.6508196721311568,36.05644918032776,1242.00,16.666666666666668,47.6262741,-122.3757273,47.626274,-122.3757036,19.385234832763672,-11.42159843,47.62627482535531,-122.3756978,0.896721291,-2.210000038,VFR_alt,34.995535971065316,0.10703886915100076,1.5624689157187983,1.7622665034392766,0.12996323097649132,2.2753655910491943,-2.210000038
10/8/2025,11:15:12,21,SURFTRAK,13.599957446808489,2.5912765957446706,35.24126170212766,1243.00,16.694444444444443,47.626277,-122.3757263,47.6262749,-122.3757037,19.482824325561523,-11.43398666,47.626275703092475,-122.3756979,0.9032978453534715,-2.169999838,VFR_alt,35.64371955166323,0.093989608,1.5739280638734736,1.7879763684186167,0.098372645,2.2351887226104736,-2.169999838
10/8/2025,11:15:13,21,SURFTRAK,13.606351351351348,2.7470270270270145,37.37696702702701,1243.00,16.694444444444443,47.6262784,-122.3757249,47.6262759,-122.3757039,19.590078353881836,-11.43622684,47.62627666775417,-122.375698,0.910594561,-2.149999857,VFR_alt,37.40914246132847,0.11394711877848651,1.586642037494373,1.8171197931926317,0.10727742074504464,2.210249662399292,-2.149999857
10/8/2025,11:15:14,21,SURFTRAK,13.605872093023294,2.5306976744186063,34.431754302325515,1244.00,16.694444444444443,47.6262825,-122.3757224,47.626277,-122.3757039,19.71555519104004,-11.43374538,47.62627779631504,-122.3756979,0.9102906640185866,-2.159999847,VFR_alt,40.102158035353185,0.12299005734885848,1.5861125206384492,1.8158687478497733,0.12550137174466694,2.223580837249756,-2.159999847
10/8/2025,11:15:15,21,SURFTRAK,13.60701063829785,2.4985106382978595,33.997261808510544,1245.00,16.72222222222222,47.626283,-122.3757227,47.626278,-122.3757037,19.824386596679688,-11.41310501,47.62627877516395,-122.3756977,0.8892021141153701,-2.159999847,VFR_alt,43.864653220942344,0.088356127,1.5493673200495093,1.7327189509128045,0.11077138556763924,2.224769115447998,-2.159999847
10/8/2025,11:15:16,21,SURFTRAK,13.600566844919795,2.837486631016049,38.58985272727265,1245.00,16.72222222222222,47.6262865,-122.3757216,47.626279,-122.3757032,19.941064834594727,-11.38242149,47.62627982458865,-122.3756973,0.8829411688972922,-2.139999866,VFR_alt,45.376657914556624,0.1160667274087508,1.5384580973210407,1.7083805156911664,0.12064530428671674,2.2086830139160156,-2.139999866
10/8/2025,11:15:17,21,SURFTRAK,13.60,2.872415730337076,39.06918775280915,1246.00,16.75,47.6262848,-122.3757231,47.6262801,-122.3757032,20.055234909057617,-11.38183498,47.626280851454496,-122.3756973,0.8570786473456393,-2.139999866,VFR_alt,44.69706538300573,0.090994972,1.4933946127992193,1.6104706820661077,0.11417158094944455,2.2019574642181396,-2.139999866
10/8/2025,11:15:18,21,SURFTRAK,13.608999999999961,2.31,31.441884278074788,1247.00,16.75,47.6262847,-122.3757256,47.626281,-122.3757032,20.15435791015625,-11.38431549,47.626281742984304,-122.3756973,0.8532085402764101,-2.119999886,VFR_alt,43.295553112415526,0.095588803,1.4866512444210174,1.5957488958379051,0.099154033,2.1890928745269775,-2.119999886
10/8/2025,11:15:19,21,SURFTRAK,13.601957894736843,2.453473684210521,33.37203621052644,1248.00,16.75,47.6262838,-122.3757258,47.6262819,-122.3757032,20.257566452026367,-11.37822056,47.626282671260185,-122.3756972,0.8660526165836736,-2.119999886,VFR_alt,43.02892367456418,0.099034477,1.509031074350339,1.643578501,0.10338835194459663,2.181189537,-2.119999886
10/8/2025,11:15:20,21,SURFTRAK,13.59238709677415,3.2767741935483916,44.53835548387106,1248.00,16.77777777777778,47.6262838,-122.3757258,47.6262828,-122.3757026,20.363998413085938,-11.33639622,47.62628362852806,-122.3756966,0.8589246974837396,-2.069999933,VFR_alt,43.43609682225827,0.1350316577540931,1.4966112153125735,1.6166826580655207,0.11435487667799546,2.138014316558838,-2.069999933
10/8/2025,11:15:21,21,SURFTRAK,13.597133689839573,3.2867379679144375,44.689912299465156,1249.00,16.77777777777778,47.626287,-122.3757231,47.626284,-122.3757026,20.49468231201172,-11.34299088,47.62628480392215,-122.3756967,0.8709625592206252,-2.059999943,VFR_alt,41.57840129556146,0.11294054427248909,1.5175862774298787,1.6623178050350267,0.13085018514023888,2.1215875148773193,-2.059999943
10/8/2025,11:15:22,21,SURFTRAK,13.619929729729668,2.1988648648648623,29.948372918918814,1250.00,16.77777777777778,47.6262911,-122.3757199,47.626285,-122.3757031,20.59923553466797,-11.37835121,47.62628574429232,-122.3756972,0.878594591,-2.029999971,VFR_alt,36.22454448605373,0.091840282,1.5308845149113657,1.6915801754629711,0.11037087365477781,2.0981669425964355,-2.029999971
10/8/2025,11:15:23,21,SURFTRAK,13.599847826086943,2.6663043478260824,36.25930434782624,1251.00,16.805555555555557,47.6262894,-122.3757235,47.6262857,-122.3757032,20.681917190551758,-11.38153553,47.626286487945755,-122.3756972,0.8899999856948853,-2,VFR_alt,36.09537345737255,0.11051703013641678,1.5507575508319988,1.735673612707677,0.082742952,2.066481828689575,-2
10/8/2025,11:15:24,21,SURFTRAK,13.594847953216393,3.0991228070175536,42.132104970760324,1251.00,16.805555555555557,47.626288,-122.3757248,47.6262868,-122.3757029,20.805326461791992,-11.3578825,47.62628759791056,-122.3756969,0.8966666460037231,-1.99000001,VFR_alt,36.38721109625794,0.15106207960181767,1.5623737013701269,1.7618222710208684,0.1256555373827057,2.0584020614624023,-1.99000001
10/8/2025,11:15:25,21,SURFTRAK,13.596967032967054,3.0789010989011114,41.86372131868138,1252.00,16.833333333333332,47.6262915,-122.3757214,47.626288,-122.3757027,20.93353843688965,-11.3455677,47.62628875107173,-122.3756968,0.8942856958934239,-2.00999999,VFR_alt,36.35623126302906,0.10795898743710675,1.5582250761779373,1.7525605185923572,0.12880203713447874,2.0718905925750732,-2.00999999
10/8/2025,11:15:26,21,SURFTRAK,13.598105820105834,3.027248677248683,41.16518761904739,1253.00,16.833333333333332,47.6262958,-122.3757157,47.626289,-122.3757027,21.047344207763672,-11.34266949,47.62628977466096,-122.3756967,0.8904761757169452,-1.959999919,VFR_alt,36.78780691024903,0.11568642344582018,1.5515872758704357,1.7375993429656866,0.11384266837020439,2.029529094696045,-1.959999919
10/8/2025,11:15:27,21,SURFTRAK,13.596172774869055,3.617801047120423,49.18825287958119,1254.00,16.86111111111111,47.6263001,-122.3757156,47.6262902,-122.3757021,21.190629959106445,-11.29754353,47.626291063398334,-122.3756961,0.8872774752022708,-1.9799999,VFR_alt,38.72266248775073,0.1527581300722991,1.546013782549412,1.725350747090389,0.15022369627141757,2.0408833026885986,-1.9799999
10/8/2025,11:15:28,21,SURFTRAK,13.591814207650282,3.5565027322404386,48.33918557377063,1255.00,16.86111111111111,47.6262956,-122.3757223,47.6262915,-122.3757016,21.331798553466797,-11.2589426,47.62629233309362,-122.3756956,0.8687431623375481,-1.959999919,VFR_alt,39.03448784875816,0.13130841473412644,1.5137191464972422,1.6540101938818905,0.1463509589460528,2.0211668014526367,-1.959999919
10/8/2025,11:15:29,21,SURFTRAK,13.594586021505355,2.8797849462365512,39.14796924731183,1256.00,16.86111111111111,47.6262939,-122.3757242,47.6262925,-122.3757014,21.439388275146484,-11.24773884,47.6262933,-122.3756955,0.8681182749168848,-1.949999928,VFR_alt,42.04662514167439,0.12649657993867833,1.512630327506695,1.6514090581139604,0.10817149615662686,2.0104007720947266,-1.949999928
10/8/2025,11:15:30,21,SURFTRAK,13.57238297872338,3.678936170212757,49.931640000000215,1257.00,16.88888888888889,47.6262967,-122.3757197,47.6262933,-122.3757011,21.52193260192871,-11.22578526,47.626294043192864,-122.3756952,0.876702126,-1.929999948,VFR_alt,50.74572866267635,0.079529225,1.5275870377905223,1.6842426853360242,0.085413849,1.9967842102050781,-1.929999948
10/8/2025,11:15:31,21,SURFTRAK,13.592885869565213,3.460489130434779,47.036484619565066,1258.00,16.88888888888889,47.6262989,-122.3757178,47.6262943,-122.3757008,21.638330459594727,-11.19937325,47.62629509009578,-122.3756948,0.8778804320356121,-1.909999967,VFR_alt,49.35734123934132,0.11711892882442992,1.529640147,1.6887610803856135,0.11935684124366881,1.9737200736999512,-1.909999967
10/8/2025,11:15:32,21,SURFTRAK,13.593518716577567,3.6218716577540024,49.234005133689756,1259.00,16.916666666666668,47.6263114,-122.3757052,47.6262956,-122.3757001,21.79284668,-11.14769363,47.62629647984198,-122.3756941,0.8800534711164587,-1.919999957,VFR_alt,48.29889406630904,0.11030158615686039,1.5334265027029217,1.697180643609618,0.16292956909710213,1.985119104385376,-1.919999957
10/8/2025,11:15:33,21,SURFTRAK,13.596000000000002,3.2442553191489396,44.10889531914882,1260.00,16.916666666666668,47.6263137,-122.3757086,47.626297,-122.3756996,21.93803596496582,-11.11224079,47.62629778570009,-122.3756937,0.8739893626659474,-1.889999986,VFR_alt,44.474323045258465,0.091209203,1.5228602531300615,1.6738401781855312,0.14945511906930395,1.9550411701202393,-1.889999986
10/8/2025,11:15:34,21,SURFTRAK,13.595046783625715,3.1540935672514503,42.88007643274862,1261.00,16.944444444444443,47.6263151,-122.37571,47.6262981,-122.3756991,22.068979263305664,-11.07066822,47.62629896342726,-122.3756931,0.8745614039270502,-1.860000014,VFR_alt,41.064775399693325,0.13152648722044905,1.523856991691076,1.6760337581247342,0.13738422770865402,1.9283967018127441,-1.860000014
10/8/2025,11:15:35,21,SURFTRAK,13.596614130434736,3.0571195652173957,41.56670233695644,1262.00,16.944444444444443,47.6263151,-122.3757107,47.6262995,-122.3756988,22.221233367919922,-11.05960941,47.62630033,-122.375693,0.8736412952775541,-1.860000014,VFR_alt,39.73529348162598,0.11483067816690258,1.522253772074528,1.6726674212947636,0.15265519837988983,1.924401879310608,-1.860000014
10/8/2025,11:15:36,21,SURFTRAK,13.60245833333334,2.715781249999992,36.94125239583351,1262.00,16.97222222222222,47.6263019,-122.3757257,47.6263006,-122.3756993,22.33150291442871,-11.09333515,47.62630132,-122.3756934,0.8706249954799811,-1.839999914,VFR_alt,32.54743859589308,0.11415551990891497,1.5169980981848166,1.661002907618223,0.11531174409546069,1.9090697765350342,-1.839999914
10/8/2025,11:15:37,21,SURFTRAK,13.596141304347816,3.0637500000000037,41.65514826086958,1263.00,16.97222222222222,47.6262972,-122.3757302,47.6263012,-122.3756997,22.40290641784668,-11.13279724,47.62630196682713,-122.3756939,0.8700000047683716,-1.809999943,VFR_alt,31.224158026045895,0.095654957,1.5159090992176192,1.6585423735524683,0.081582577,1.873128056526184,-1.809999943
10/8/2025,11:15:38,21,SURFTRAK,13.596542553191524,3.2775531914893663,44.56,1264.00,16.97222222222222,47.6263017,-122.375721,47.6263021,-122.3756998,22.50377846,-11.12463665,47.62630287408809,-122.3756938,0.8805851010566063,-1.779999971,VFR_alt,31.81039059447388,0.13975602134745171,1.5343528275986331,1.699216468,0.10120159909757208,1.8495023250579834,-1.779999971
10/8/2025,11:15:39,21,SURFTRAK,13.590760869565228,3.3021739130434784,44.87905217391308,1265.00,17.00,47.626299,-122.3757266,47.6263032,-122.3756998,22.630624771118164,-11.13068867,47.626304014966266,-122.3756939,0.8798912996831147,-1.779999971,VFR_alt,31.980305161488687,0.13973830057227093,1.533143931266035,1.6967292916642542,0.12699060656177552,1.8407480716705322,-1.779999971
10/8/2025,11:15:40,21,SURFTRAK,13.59003191489357,3.674840425531902,49.941174308510575,1266.00,17.00,47.6262969,-122.375726,47.6263043,-122.3757001,22.750471115112305,-11.1528511,47.62630509288547,-122.3756942,0.8768085089135678,-1.75999999,VFR_alt,31.820622490331534,0.1355196992133526,1.527772401894854,1.6846506267929058,0.12187829914303004,1.8281385898590088,-1.75999999
10/8/2025,11:15:41,21,SURFTRAK,13.594652173913017,3.191956521739139,43.391871304347994,1267.00,17.02777777777778,47.6262976,-122.3757259,47.6263053,-122.3757002,22.863557815551758,-11.16130638,47.62630611000724,-122.3756943,0.8691847758448642,-1.74000001,VFR_alt,31.538092154837525,0.14553047915029785,1.5144886245781746,1.655506761211299,0.11340235234241132,1.8060424327850342,-1.74000001
10/8/2025,11:15:42,21,SURFTRAK,13.595956521739145,3.2193478260869632,43.770173043478074,1268.00,17.02777777777778,47.6262998,-122.3757247,47.6263064,-122.3756999,22.978818893432617,-11.14613438,47.62630714668575,-122.3756941,0.8757065210653387,-1.730000019,VFR_alt,31.499947738437942,0.1241901324171087,1.5258522715532437,1.6804248853971628,0.1162553474076159,1.7956651449203491,-1.730000019
10/8/2025,11:15:43,21,SURFTRAK,13.590536458333276,3.2623958333333345,44.33774411458336,1269.00,17.055555555555557,47.6263063,-122.3757184,47.6263072,-122.3756999,23.077741622924805,-11.14231396,47.626308036414265,-122.3756941,0.8732812516391277,-1.689999938,VFR_alt,31.617107671538367,0.10135027172509581,1.5216264233106023,1.6711248178631724,0.098996475,1.7597439289093018,-1.689999938
10/8/2025,11:15:44,21,SURFTRAK,13.591568965517276,3.3091954022988426,44.97769385057469,1270.00,17.055555555555557,47.6263141,-122.3757159,47.6263084,-122.3756999,23.21001434326172,-11.13990879,47.62630922609849,-122.375694,0.8808045921654537,-1.669999957,VFR_alt,31.43237309313514,0.13365918586308928,1.5347352742276876,1.7001026720257324,0.1322945855726008,1.736411452293396,-1.669999957
10/8/2025,11:15:45,21,SURFTRAK,13.596000000000002,3.2520994475138063,44.21554408839776,1271.00,17.083333333333332,47.6263128,-122.3757192,47.6263095,-122.3756998,23.334657669067383,-11.12602329,47.62631035,-122.3756939,0.8818231979127746,-1.649999976,VFR_alt,31.45183507121973,0.10982530292391118,1.5365101175752913,1.7039601218411993,0.12541437606553202,1.7151851654052734,-1.649999976
10/8/2025,11:15:46,21,SURFTRAK,13.595364583333284,3.023645833333329,41.107074479166684,1272.00,17.083333333333332,47.6263134,-122.375719,47.6263106,-122.3756997,23.449907302856445,-11.13181114,47.62631138373818,-122.3756939,0.8926562331616879,-1.639999986,VFR_alt,31.52047047326219,0.10621984807463984,1.5553858608120323,1.7460922187543415,0.11539487549061347,1.7082494497299194,-1.639999986
10/8/2025,11:15:47,21,SURFTRAK,13.598464864864896,2.9881621621621575,40.634460702702704,1272.00,17.083333333333332,47.6263175,-122.3757145,47.6263116,-122.3757,23.56079102,-11.14515305,47.62631238104589,-122.3756941,0.8792972931990752,-1.610000014,VFR_alt,31.86809739098146,0.09745346,1.5321089199680875,1.6942487363410004,0.11168349990629683,1.6771163940429688,-1.610000014
10/8/2025,11:15:48,21,SURFTRAK,13.60098378378385,2.794054054054052,38.00188443243261,1273.00,17.11111111111111,47.6263212,-122.3757113,47.6263127,-122.3756997,23.68781089782715,-11.11913776,47.626313523485166,-122.3756938,0.8908107957324466,-1.610000014,VFR_alt,31.836800947325234,0.13808330728395565,1.5521703258974462,1.7392826246231858,0.12965664408503763,1.6746177673339844,-1.610000014
10/8/2025,11:15:49,21,SURFTRAK,13.598994736842053,3.0513157894736835,41.49509510526315,1274.00,17.11111111111111,47.6263198,-122.3757167,47.6263139,-122.3756995,23.82265281677246,-11.11442757,47.62631473627723,-122.3756937,0.85673682,-1.589999914,VFR_alt,31.210736397788946,0.10612997067602058,1.4927990045368729,1.6085545393529108,0.13492416041932687,1.6534653902053833,-1.589999914
10/8/2025,11:15:50,21,SURFTRAK,13.60,3.056439790575928,41.556836753926625,1275.00,17.13888888888889,47.6263217,-122.3757148,47.6263151,-122.3756997,23.951671600341797,-11.12257671,47.62631589669497,-122.3756938,0.8668062552731699,-1.569999933,VFR_alt,31.62184455859097,0.118394633,1.5103442326729466,1.6467520550764674,0.12927588758576702,1.6382347345352173,-1.569999933
10/8/2025,11:15:51,21,SURFTRAK,13.594467032967032,3.379999999999996,45.94929857142856,1276.00,17.13888888888889,47.6263241,-122.3757126,47.6263164,-122.3756997,24.098756790161133,-11.12051392,47.62631721960517,-122.3756938,0.8840659254199856,-1.539999962,VFR_alt,31.77320827448949,0.11676626079357587,1.5404179003530072,1.7126584909576865,0.14709965396936683,1.608141303062439,-1.539999962
10/8/2025,11:15:52,21,SURFTRAK,13.591540106951864,3.8221925133690005,51.949325454545395,1277.00,17.166666666666668,47.6263308,-122.3757063,47.626318,-122.3756991,24.28434181213379,-11.07123566,47.62631888878966,-122.3756931,0.8528876993107923,-1.549999952,VFR_alt,32.01136829152654,0.17476382245991956,1.4860922033445616,1.5954396002306834,0.19201600771288943,1.6101102828979492,-1.549999952
10/8/2025,11:15:53,21,SURFTRAK,13.589508108108117,3.80,51.599792054054056,1278.00,17.166666666666668,47.6263332,-122.3757051,47.6263194,-122.3756984,24.425514221191406,-11.02269936,47.626320158519256,-122.3756925,0.836270248,-1.50999999,VFR_alt,31.54756855683373,0.10907140092269794,1.4571375526384058,1.5329456776114825,0.14928302502565213,1.5769511461257935,-1.50999999
10/8/2025,11:15:54,21,SURFTRAK,13.59196648044695,3.620000000000004,49.202918659217936,1279.00,17.194444444444443,47.626339,-122.3756993,47.6263204,-122.375698,24.550458908081055,-10.99496174,47.62632128229386,-122.3756921,0.8644133962732453,-1.469999909,VFR_alt,32.299229595583654,0.13621054315034237,1.5061748571427789,1.6381136785266892,0.12798652353323095,1.5344706773757935,-1.469999909
10/8/2025,11:15:55,21,SURFTRAK,13.59639890710388,3.428469945355179,46.61527229508186,1280.00,17.194444444444443,47.6263462,-122.375694,47.626322,-122.3756978,24.722511291503906,-10.9757061,47.62632282976341,-122.3756919,0.8900546304515151,-1.469999909,VFR_alt,31.188895044078517,0.11766772924876603,1.5508527651806718,1.7359741581551307,0.17312654978653869,1.530306339263916,-1.469999909
10/8/2025,11:15:56,21,SURFTRAK,13.601261780104695,2.7820942408377034,37.839854764398105,1281.00,17.194444444444443,47.6263323,-122.3757169,47.6263233,-122.3756977,24.859691619873047,-10.97110081,47.62632406358753,-122.3756918,0.9035078421313101,-1.439999938,VFR_alt,26.493693489833035,0.12139692056085427,1.574293967350008,1.7898486425117976,0.13725760896068426,1.5035405158996582,-1.439999938
10/8/2025,11:15:57,21,SURFTRAK,13.593081967213076,3.3143169398907077,45.052294863387885,1282.00,17.22222222222222,47.6263328,-122.3757139,47.6263241,-122.3756977,24.958608627319336,-10.97343731,47.62632495326458,-122.3756918,0.8683059785535426,-1.419999957,VFR_alt,25.50257630675596,0.087454543,1.512957386873597,1.6526474632930397,0.098944599,1.4858968257904053,-1.419999957
10/8/2025,11:15:58,21,SURFTRAK,13.597438502673867,3.132834224598935,42.598080320855416,1283.00,17.22222222222222,47.6263384,-122.3757062,47.6263254,-122.3756977,25.101228713989258,-10.98095322,47.626326236014854,-122.3756919,0.8713903580119903,-1.389999986,VFR_alt,26.037417187678194,0.15850159629462238,1.5183316844148331,1.6641926219206022,0.14281798900730885,1.4551199674606323,-1.389999986
10/8/2025,11:15:59,21,SURFTRAK,13.586156756756731,3.786972972972956,51.44959800000016,1284.00,17.25,47.6263384,-122.3757062,47.6263267,-122.3756975,25.24286460876465,-10.95885181,47.62632750991313,-122.3756916,0.8900540396973894,-1.399999976,VFR_alt,25.955783524860315,0.12209386877916954,1.5508517358363614,1.7363523008372799,0.14334991688762125,1.4691905975341797,-1.399999976
10/8/2025,11:16:00,21,SURFTRAK,13.589989583333335,3.5134375000000055,47.75,1285.00,17.25,47.6263324,-122.3757191,47.6263276,-122.3756974,25.344099044799805,-10.95102692,47.626328420433545,-122.3756915,0.8873437382280827,-1.370000005,VFR_alt,26.596067223597274,0.093923061,1.5461292408519627,1.72551978,0.10153639773207569,1.4309027194976807,-1.370000005
10/8/2025,11:16:01,21,SURFTRAK,13.587364130434759,3.445054347826077,46.80926570652175,1286.00,17.27777777777778,47.6263318,-122.3757196,47.6263288,-122.3756973,25.487966537475586,-10.9455843,47.626329714403205,-122.3756914,0.9223912827994513,-1.350000024,VFR_alt,27.213838448568417,0.15777002773045198,1.6071969321505617,1.8647751658910168,0.14397040513216255,1.4111779928207397,-1.350000024
10/8/2025,11:16:02,21,SURFTRAK,13.58342473118282,4.066774193548381,55.240814462365734,1287.00,17.27777777777778,47.6263345,-122.3757165,47.6263306,-122.3756971,25.683849334716797,-10.92755795,47.62633147620771,-122.3756912,0.8904301005025064,-1.370000005,VFR_alt,26.612046667472814,0.1751876188221798,1.551506993299823,1.7379072827653959,0.19671049697181667,1.437591552734375,-1.370000005
10/8/2025,11:16:03,21,SURFTRAK,13.58699999999999,4.049130434782598,55.01553521739131,1288.00,17.305555555555557,47.6263483,-122.3757005,47.6263321,-122.375697,25.848325729370117,-10.91928673,47.62633295553748,-122.3756911,0.8605434398936189,-1.360000014,VFR_alt,26.083955824981707,0.11784410229681627,1.499431751329787,1.6228346811794483,0.1646842355374148,1.4246286153793335,-1.360000014
10/8/2025,11:16:04,21,SURFTRAK,13.587066298342531,3.9960220994475217,54.29420154696127,1289.00,17.333333333333332,47.6263457,-122.3757083,47.6263331,-122.3756969,25.95922279,-10.91451454,47.62633395296527,-122.375691,0.8516574212200734,-1.329999924,VFR_alt,26.540736048532708,0.10164734852906748,1.483948536974367,1.5894615560830212,0.11099969645028725,1.3970203399658203,-1.329999924
10/8/2025,11:16:05,21,SURFTRAK,13.593564245810079,3.5188826815642464,47.83405273743038,1290.00,17.333333333333332,47.6263502,-122.375702,47.6263347,-122.3756967,26.142515182495117,-10.89276409,47.62633560152941,-122.3756907,0.8682122796607417,-1.299999952,VFR_alt,26.552607220092938,0.1754305032211975,1.5127941236512952,1.6520690037914751,0.18457838962235967,1.3694586753845215,-1.299999952
10/8/2025,11:16:06,21,SURFTRAK,13.592435483870927,3.5993548387096896,48.92399741935491,1291.00,17.333333333333332,47.6263625,-122.3756916,47.6263365,-122.3756959,26.33277702331543,-10.83293629,47.626337312778034,-122.37569,0.861989237,-1.309999943,VFR_alt,25.79009583650225,0.12695367798529644,1.5019509432010123,1.6288864863542238,0.19944656996662835,1.3724933862686157,-1.309999943
10/8/2025,11:16:07,21,SURFTRAK,13.599135135135128,3.2829189189189303,44.643899243243425,1292.00,17.36111111111111,47.6263649,-122.3756936,47.6263375,-122.3756957,26.447612762451172,-10.82590675,47.62633834563097,-122.3756899,0.8400540277764604,-1.25,VFR_alt,25.875661538532214,0.067319201,1.463730502943829,1.5465644580716227,0.11505069023035176,1.311115026473999,-1.25
10/8/2025,11:16:08,21,SURFTRAK,13.598812834224633,3.014705882352934,40.99509893048121,1293.00,17.36111111111111,47.6263624,-122.3757,47.6263389,-122.3756957,26.60618019104004,-10.82420349,47.626339771814436,-122.3756898,0.8604812730442394,-1.209999919,VFR_alt,26.764821139348804,0.15837985763256562,1.499323430304356,1.6228170576081833,0.15857657617645562,1.2725143432617188,-1.209999919
10/8/2025,11:16:09,21,SURFTRAK,13.603664864864921,3.246216216216216,44.160462702702475,1293.00,17.38888888888889,47.626352,-122.3757161,47.6263405,-122.3756958,26.78177261352539,-10.83465481,47.626341351123706,-122.37569,0.8507567389591321,-1.220000029,VFR_alt,25.79748977427172,0.11452892442812791,1.4823791663681811,1.5870750105409492,0.1759031803516591,1.2868787050247192,-1.220000029
10/8/2025,11:16:10,21,SURFTRAK,13.598688172042955,2.7483870967741977,37.374231612903095,1294.00,17.38888888888889,47.626352,-122.3757161,47.6263413,-122.3756957,26.86469841003418,-10.82134533,47.62634209697298,-122.3756898,0.8510214917121395,-1.149999976,VFR_alt,26.435282803889276,0.067600911,1.4828404779832738,1.5878656972724117,0.083987082,1.2145119905471802,-1.149999976
10/8/2025,11:16:11,21,SURFTRAK,13.600183783783798,2.7822702702702644,37.837765189189305,1295.00,17.38888888888889,47.6263594,-122.375704,47.6263421,-122.375696,26.95167350769043,-10.85320377,47.62634287924238,-122.3756902,0.8780540511414812,-1.100000024,VFR_alt,26.793121733062048,0.090380398,1.5299426648677341,1.6894268494718563,0.092626282,1.1699118614196777,-1.100000024
10/8/2025,11:16:12,21,SURFTRAK,13.594097826086996,2.6582608695652183,36.136624239130526,1296.00,17.416666666666668,47.6263483,-122.3757223,47.6263434,-122.3756964,27.099069595336914,-10.88375664,47.62634420494884,-122.3756906,0.8605434528511503,-1.090000033,VFR_alt,26.81926456367502,0.15014643076321352,1.499431773907304,1.6234706636731286,0.15052934649648098,1.1543846130371094,-1.090000033
10/8/2025,11:16:13,21,SURFTRAK,13.61475935828874,2.452994652406408,33.397370588235354,1296.00,17.416666666666668,47.626347,-122.375723,47.6263441,-122.375697,27.16726303100586,-10.92556095,47.62634481829266,-122.3756912,0.7726203078892142,-1.069999933,VFR_alt,25.81505590492664,0.053209382,1.3462323546554527,1.3099433191253553,0.079987157,1.1361608505249023,-1.069999933
10/8/2025,11:16:14,21,SURFTRAK,13.559434782608733,4.399130434782607,59.60240434782625,1298.00,17.444444444444443,47.6263468,-122.375725,47.6263439,-122.3756972,27.12662696838379,-10.93824577,47.62634445280474,-122.3756914,0.8240217300860778,-1.019999981,VFR_alt,27.93973110332008,0.062373361185840935,1.4357954387863492,1.493082985915293,0.042569875,1.0859431028366089,-1.019999981
10/8/2025,11:16:15,2,ALT_HOLD,13.583207865168582,4.708651685393237,63.95803988764045,1299.00,17.47222222222222,47.6263485,-122.3757211,47.6263439,-122.3756972,27.147418975830078,-10.93190575,47.62634463981173,-122.3756913,0.8888202225894071,-1.019999981,VFR_alt,29.379968310732952,0.043313466,1.548701902996698,1.732513610133797,0.021737145952829336,1.083357572555542,-1.019999981
10/8/2025,11:16:16,2,ALT_HOLD,13.615814207650258,2.3006557377049113,31.282733114754173,1302.00,17.50,47.6263509,-122.3757189,47.6263439,-122.3756977,27.144968032836914,-10.9924593,47.626344617767515,-122.3756921,0.9557923322818318,-1,VFR_alt,28.992439470338034,0.063939223,1.6653957304910718,2.002048194105229,0.060603132,1.0641897916793823,-1
10/8/2025,11:16:17,2,ALT_HOLD,13.426535135135074,17.376486486486534,233.2634822162168,1306.00,17.555555555555557,47.6263443,-122.3757296,47.626343,-122.3757001,27.015092849731445,-11.17492485,47.62634344964714,-122.3756945,0.9050270167556969,-0.969999969,VFR_alt,230.08429014673237,0.16236167235954388,1.576941014044023,1.7990274282820522,0.2239670540990408,1.0317386388778687,-0.969999969
10/8/2025,11:16:18,2,ALT_HOLD,13.447329842931907,12.338062827225166,165.91177591622971,1309.00,17.583333333333332,47.6263419,-122.3757316,47.6263413,-122.3757013,26.826929092407227,-11.25846195,47.62634175726904,-122.3756956,1.016073263752523,-1,VFR_alt,298.6057207394999,0.05271658,1.7704306868415225,2.2648843555525824,0.20587386171737082,1.067802906036377,-1
10/8/2025,11:16:19,2,ALT_HOLD,13.63799999999997,6.089999999999993,83.13354000000025,1310.00,17.61111111111111,47.6263374,-122.3757383,47.6263402,-122.3757024,26.712329864501953,-11.33813572,47.626340726543326,-122.3756967,1.0783522203564644,-1.019999981,VFR_alt,275.35198913093467,0.061968303031542084,1.8789470506211123,2.5482476721676828,0.13957396676591044,1.0817756652832031,-1.019999981
10/8/2025,11:16:20,2,ALT_HOLD,13.575187165775358,6.14,82.97714064171124,1312.00,17.63888888888889,47.626332,-122.3757445,47.6263394,-122.3757026,26.628915786743164,-11.33171463,47.62633997630236,-122.3756966,1.1088235448388493,-1,VFR_alt,247.54049000201582,0.091321451,1.9320410250979907,2.6951795898710404,0.083660856,1.0639688968658447,-1
10/8/2025,11:16:21,2,ALT_HOLD,13.564915343915384,1.6857142857142913,22.86687492063499,1313.00,17.63888888888889,47.6263264,-122.3757513,47.6263388,-122.3757019,26.56506348,-11.29031372,47.62633940200341,-122.375696,1.1181481546825833,-1.00999999,VFR_alt,225.31932524067037,0.033750962,1.948288451,2.7403331677848977,0.076099624,1.077440619468689,-1.00999999
10/8/2025,11:16:22,2,ALT_HOLD,13.610983870967733,2.194086021505385,29.855659677419407,1314.00,17.666666666666668,47.6263257,-122.3757479,47.6263389,-122.3757027,26.58328628540039,-11.36442947,47.62633956590257,-122.375697,1.132741928100586,-0.979999959,VFR_alt,220.36248915230493,0.10864730127235894,1.9737169959328347,2.8124266201744197,0.0763231,1.0444164276123047,-0.979999959
10/8/2025,11:16:23,2,ALT_HOLD,13.482204301075289,9.609892473118284,129.55321849462328,1317.00,17.694444444444443,47.6263264,-122.3757475,47.6263386,-122.3757042,26.532453536987305,-11.47967052,47.62633910870383,-122.3756986,1.078709642092387,-1.039999962,VFR_alt,214.79906836099815,0.16296387788268826,1.8795698309185565,2.553035461508581,0.1259542301089059,1.106721282,-1.039999962
10/8/2025,11:16:24,2,ALT_HOLD,13.486475675675617,9.647135135135171,130.10583567567514,1319.00,17.72222222222222,47.6263266,-122.3757476,47.6263368,-122.3757069,26.325956344604492,-11.68111706,47.62633725143155,-122.3757012,1.112864859039719,-1.019999981,VFR_alt,214.76641472520868,0.19547892494781596,1.9390827089328397,2.7166140925169793,0.2884818819294238,1.083316683769226,-1.019999981
10/8/2025,11:16:25,2,ALT_HOLD,13.482228070175466,10.82415204678364,145.9338533918123,1323.00,17.77777777777778,47.6263395,-122.3757304,47.6263354,-122.3757087,26.18325424194336,-11.82123947,47.626335967943604,-122.3757031,1.1568420748961599,-1.100000024,VFR_alt,204.2636207498977,0.1904423248175292,2.0157096759554265,2.932904187718461,0.19999545221548834,1.1644141674041748,-1.100000024
10/8/2025,11:16:26,2,ALT_HOLD,13.555843750000063,8.170468750000001,110.50730171874943,1324.00,17.805555555555557,47.6263508,-122.375717,47.626335,-122.3757114,26.136985778808594,-12.01554108,47.626335551796835,-122.3757057,1.0956249870359898,-1.209999919,VFR_alt,208.28738216940164,0.14124986723375818,1.9090435380172586,2.631640364165737,0.19973453500512403,1.267708659172058,-1.209999919
10/8/2025,11:16:27,2,ALT_HOLD,13.591075268817146,3.138494623655916,42.65551526881711,1325.00,17.805555555555557,47.6263508,-122.375717,47.6263342,-122.3757129,26.051103591918945,-12.12590218,47.62633477935725,-122.3757072,0.9926881386387733,-1.309999943,VFR_alt,208.8216313200198,0.14957694332766278,1.7296838779311987,2.162690151010044,0.13984034557704728,1.3719290494918823,-1.309999943
10/8/2025,11:16:28,2,ALT_HOLD,13.539314917127047,7.2902762430939285,98.47883767955777,1328.00,17.86111111111111,47.6263356,-122.3757467,47.6263334,-122.3757142,25.958749771118164,-12.22544289,47.62633394871065,-122.3757085,0.908397779,-1.469999909,VFR_alt,204.91034402620238,0.1429135416588072,1.582814311808566,1.8090459487454222,0.13578505533834723,1.529114007949829,-1.469999909
10/8/2025,11:16:29,2,ALT_HOLD,13.495999999999945,9.993404255319163,134.8710472340422,1331.00,17.88888888888889,47.626335,-122.3757456,47.6263319,-122.3757163,25.777263641357422,-12.39590263,47.62633232,-122.3757107,0.8225531717564197,-1.599999905,VFR_alt,204.77016313937375,0.267123754,1.4332365871513382,1.484971188147244,0.24898542276615343,1.6614339351654053,-1.599999905
10/8/2025,11:16:30,2,ALT_HOLD,13.497052356020932,9.648952879581124,130.23241701570655,1333.00,17.916666666666668,47.6263303,-122.375752,47.6263301,-122.3757197,25.586402893066406,-12.64660454,47.62633059975694,-122.3757141,0.7634554845500366,-1.620000005,VFR_alt,212.88636335737706,0.25552348581908263,1.3302633442917342,1.2776066430822288,0.31508613117096396,1.6843510866165161,-1.620000005
10/8/2025,11:16:31,2,ALT_HOLD,13.50415217391304,9.237934782608704,124.74990043478229,1336.00,17.944444444444443,47.6263237,-122.3757551,47.6263283,-122.3757228,25.38521957397461,-12.88245296,47.62632879027856,-122.3757172,0.7312499877551327,-1.689999938,VFR_alt,214.82756736921618,0.2764535369756429,1.2741477059369728,1.1722356280026351,0.3099987230840106,1.7522380352020264,-1.689999938
10/8/2025,11:16:32,2,ALT_HOLD,13.506388297872405,9.093031914893634,122.81382127659613,1339.00,18.00,47.6263207,-122.3757577,47.6263263,-122.3757257,25.158784866333008,-13.0945282,47.626326753684744,-122.37572,0.7464361653683034,-1.689999938,VFR_alt,211.56510555414346,0.27944407191999415,1.300608469959926,1.222087688680322,0.31023955497587247,1.7541497945785522,-1.689999938
10/8/2025,11:16:33,2,ALT_HOLD,13.50507936507943,9.025079365079343,121.88438888888918,1341.00,18.02777777777778,47.6263177,-122.3757573,47.6263242,-122.3757284,24.919706344604492,-13.30101299,47.62632460337022,-122.3757228,0.7665608307671925,-1.75,VFR_alt,210.00438792661456,0.3097241844134356,1.335674174821627,1.287995951212933,0.3159026906498151,1.817548394203186,-1.75
10/8/2025,11:16:34,2,ALT_HOLD,13.50734972677601,8.794207650273199,118.78626393442586,1343.00,18.055555555555557,47.6263219,-122.3757498,47.626322,-122.375731,24.67695426940918,-13.48352528,47.626322420015114,-122.3757252,0.7630600854347313,-1.75,VFR_alt,206.66566001664202,0.2807473529720567,1.3295743912877926,1.277003546391036,0.3037092418353564,1.8151522874832153,-1.75
10/8/2025,11:16:35,2,ALT_HOLD,13.37236046511629,9.374186046511594,125.35167418604642,1346.00,18.083333333333332,47.6263228,-122.3757504,47.6263202,-122.3757318,24.481351852416992,-13.53663158,47.62632066073239,-122.3757259,0.7844185718270236,-1.779999971,VFR_alt,201.12749169866802,0.1958680153759413,1.366789935759211,1.3486640318686787,0.20268346129078507,1.8440139293670654,-1.779999971
10/8/2025,11:16:36,2,ALT_HOLD,13.497467741935473,9.807849462365553,132.38112198924762,1349.00,18.13888888888889,47.6263201,-122.3757518,47.6263187,-122.3757324,24.315608978271484,-13.59003639,47.626319170011676,-122.3757266,0.7791935205459595,-1.779999971,VFR_alt,204.08339190145568,0.21262392890389248,1.3576856797391752,1.3305610012714235,0.17413435574945124,1.8405989408493042,-1.779999971
10/8/2025,11:16:37,2,ALT_HOLD,13.504064516129022,9.240376344085993,124.78231000000024,1351.00,18.166666666666668,47.6263201,-122.3757509,47.6263172,-122.3757349,24.155353546142578,-13.79169846,47.62631772864596,-122.3757293,0.8053225570468492,-1.789999962,VFR_alt,219.91954690461293,0.2249399766486178,1.4032135463695088,1.4215889694768788,0.25758375612930545,1.8580447435379028,-1.789999962
10/8/2025,11:16:38,2,ALT_HOLD,13.49192553191487,9.100053191489375,122.77866111702161,1354.00,18.194444444444443,47.6263118,-122.3757617,47.6263162,-122.3757381,24.042531967163086,-14.02164078,47.626316713908686,-122.3757324,0.8194680784610991,-1.809999943,VFR_alt,224.63038549733608,0.20245021668837426,1.4278610458034269,1.471970710096553,0.25612922525120263,1.8729264736175537,-1.809999943
10/8/2025,11:16:39,2,ALT_HOLD,13.481639784946205,10.854032258064478,146.33014650537638,1357.00,18.25,47.6263072,-122.3757639,47.6263155,-122.3757383,23.97490692138672,-14.01236153,47.626316105677084,-122.3757323,0.8394085764884949,-1.799999952,VFR_alt,185.02462394783288,0.067447204,1.462605852972374,1.544029262443854,0.068258709,1.8649617433547974,-1.799999952
10/8/2025,11:16:40,2,ALT_HOLD,13.477392473118238,11.746021505376406,158.30539247311788,1360.00,18.27777777777778,47.6262961,-122.3757736,47.6263169,-122.3757378,24.155126571655273,-13.98703384,47.62631772660447,-122.3757319,0.8099999632886661,-1.849999905,VFR_alt,128.50428652674444,0.12805254012346268,1.411363572396922,1.438377753669681,0.1819906971344789,1.910137414932251,-1.849999905
10/8/2025,11:16:41,2,ALT_HOLD,13.47655080213906,7.373743315508063,99.38688775401037,1362.00,18.305555555555557,47.6262991,-122.3757655,47.6263185,-122.3757393,24.31945801,-14.11278915,47.62631920463045,-122.3757336,0.7718181610107422,-1.819999933,VFR_alt,85.47848557582144,0.14724104233922805,1.3448346744884179,1.3055549734215766,0.2069280525144662,1.8829416036605835,-1.819999933
10/8/2025,11:16:42,2,ALT_HOLD,13.623000000000035,1.966203208556155,26.79,1362.00,18.305555555555557,47.6262978,-122.3757665,47.6263185,-122.3757411,24.312808990478516,-14.24504471,47.62631914482798,-122.3757353,0.7111764572520944,-1.75999999,VFR_alt,70.82926598,0.14397441894612847,1.239171099757434,1.1097339907312922,0.13242258511315247,1.8285168409347534,-1.75999999
10/8/2025,11:16:43,2,ALT_HOLD,13.551382978723456,6.5162234042553004,87.99633143617037,1364.00,18.333333333333332,47.6262972,-122.3757654,47.6263182,-122.3757427,24.267683029174805,-14.36417866,47.62631873895709,-122.3757369,0.8017552932526203,-1.75,VFR_alt,75.79203260342867,0.16837211622995266,1.3969978594553223,1.4137153814506445,0.12739407464471195,1.8097052574157715,-1.75
10/8/2025,11:16:44,2,ALT_HOLD,13.617016042780712,1.85,25.20028481283422,1365.00,18.333333333333332,47.6263089,-122.3757552,47.6263177,-122.3757441,24.219240188598633,-14.46469021,47.62631830325361,-122.3757383,0.8452940863721511,-1.789999962,VFR_alt,79.82619901672807,0.090472112,1.472860908072684,1.5657371835042047,0.11157634457213211,1.8476721048355103,-1.789999962
10/8/2025,11:16:45,2,ALT_HOLD,13.612089820359317,2.1532934131736514,29.310816766467163,1365.00,18.36111111111111,47.6263078,-122.3757593,47.6263174,-122.3757452,24.18486213684082,-14.54752064,47.626317994051334,-122.3757394,0.8056287272961554,-1.849999905,VFR_alt,79.15384582231698,0.090428361,1.4037470248342123,1.4238247773395765,0.089681271,1.9114627838134766,-1.849999905
10/8/2025,11:16:46,2,ALT_HOLD,13.630210810810778,1.9301621621621694,26.30809924324325,1366.00,18.36111111111111,47.626303,-122.3757674,47.6263173,-122.3757462,24.17711067199707,-14.62665176,47.62631792433329,-122.3757404,0.7105945806245546,-1.929999948,VFR_alt,77.88187139061664,0.076827441,1.2381572238155085,1.1078008094092244,0.079509876,1.985072374343872,-1.929999948
10/8/2025,11:16:47,2,ALT_HOLD,13.632319148936121,1.6977127659574467,23.14289712765951,1366.00,18.36111111111111,47.6263131,-122.3757517,47.6263176,-122.3757468,24.216259002685547,-14.66469097,47.62631828,-122.3757409,0.6301063752554833,-2.069999933,VFR_alt,76.81245839674102,0.054782911,1.0979126235512209,0.8725223161605111,0.054585466,2.125298023223877,-2.069999933
10/8/2025,11:16:48,2,ALT_HOLD,13.630870967741904,1.5979032258064512,21.78078516129037,1367.00,18.36111111111111,47.6263122,-122.3757599,47.6263176,-122.3757477,24.22278594970703,-14.73695374,47.62631833514481,-122.3757419,0.5085483843921333,-2.180000067,VFR_alt,75.70965047950384,0.059175235,0.8861070334105342,0.5709463032069342,0.07255693,2.2382256984710693,-2.180000067
10/8/2025,11:16:49,2,ALT_HOLD,13.559020942408397,6.90,93.19988643979067,1369.00,18.38888888888889,47.6263096,-122.375763,47.6263179,-122.3757495,24.249996185302734,-14.87892246,47.62631857987846,-122.3757438,0.40136123905007126,-2.279999971,VFR_alt,51.68462489,0.12491689840848533,0.6993415528902767,0.3549655409626526,0.14455281525768726,2.3368775844573975,-2.279999971
10/8/2025,11:16:50,2,ALT_HOLD,13.637779411764654,1.5036764705882397,20.503008970588287,1369.00,18.416666666666668,47.6262889,-122.3757825,47.6263179,-122.3757521,24.243972778320312,-15.07410717,47.62631852570284,-122.3757464,0.3283333217396456,-2.339999914,VFR_alt,32.020880075666156,0.12279920842425496,0.5720959393948369,0.23717060780813548,0.1952776268004437,2.405691623687744,-2.339999914
10/8/2025,11:16:51,2,ALT_HOLD,13.585937799042998,5.380000000000006,73.09234535885139,1371.00,18.416666666666668,47.6262945,-122.3757729,47.6263171,-122.3757542,24.141244888305664,-15.22991371,47.62631760175002,-122.3757485,0.2842583597847149,-2.369999886,VFR_alt,111.90892031228745,0.13272375417383095,0.49529865720064037,0.17732504845604533,0.18662448323639322,2.4380648136138916,-2.369999886
10/8/2025,11:16:52,2,ALT_HOLD,13.615078431372561,3.823725490196109,51.99787862745093,1372.00,18.444444444444443,47.6262972,-122.3757707,47.6263154,-122.3757562,23.952640533447266,-15.37262154,47.62631590540909,-122.3757503,0.2683333158493042,-2.379999876,VFR_alt,335.2372350353328,0.083976349,0.4675504745859102,0.15780509493086078,0.23651030824081526,2.447462558746338,-2.379999876
10/8/2025,11:16:53,2,ALT_HOLD,13.620956521739183,1.7919806763284958,24.404800966183508,1372.00,18.444444444444443,47.6262959,-122.3757727,47.6263146,-122.3757574,23.873394012451172,-15.46345901,47.62631519265186,-122.3757516,0.274782604,-2.349999905,VFR_alt,322.38567565434147,0.081634017,0.4787878714727624,0.1657332365814981,0.12054649980500504,2.4212124347686768,-2.349999905
10/8/2025,11:16:54,2,ALT_HOLD,13.60100000000007,2.8191219512195205,38.34287765853646,1373.00,18.444444444444443,47.6262941,-122.3757752,47.6263148,-122.3757582,23.898305892944336,-15.51955032,47.626315416713716,-122.3757523,0.30009754808937633,-2.329999924,VFR_alt,322.4692368589512,0.054201808117511796,0.5228972428830038,0.19756132375176977,0.061374561,2.3945820331573486,-2.329999924
10/8/2025,11:16:55,2,ALT_HOLD,13.555194999999955,6.475750000000009,87.64858495000004,1375.00,18.50,47.6262891,-122.3757806,47.6263149,-122.3757596,23.90797996520996,-15.63797474,47.62631550372402,-122.3757539,0.34169999197125434,-2.289999962,VFR_alt,307.1146675259902,0.1290495764091611,0.5953863496468809,0.25622275999759997,0.11881889530562728,2.3578507900238037,-2.289999962
10/8/2025,11:16:56,2,ALT_HOLD,13.493255319148904,9.819787234042527,132.4994589361698,1378.00,18.52777777777778,47.6262849,-122.3757845,47.6263139,-122.3757632,23.78753089904785,-15.90320206,47.62631442038378,-122.3757574,0.375425527,-2.279999971,VFR_alt,276.83961784887015,0.19956512606524407,0.6541505395924194,0.3091126805956841,0.29129625409888477,2.343878984451294,-2.279999971
10/8/2025,11:16:57,2,ALT_HOLD,13.474386243386196,11.039206349206374,148.75,1381.00,18.555555555555557,47.6262987,-122.3757714,47.6263145,-122.3757665,23.87732506,-16.14916992,47.626315228008266,-122.3757607,0.38142856529780794,-2.289999962,VFR_alt,285.65621258372505,0.22805081244814332,0.6646103789280005,0.31882402551333633,0.26184572096331155,2.353367805480957,-2.289999962
10/8/2025,11:16:58,2,ALT_HOLD,13.458634408602173,9.504516129032236,127.84180559139774,1384.00,18.61111111111111,47.6263043,-122.3757736,47.6263157,-122.3757704,24.016529083251953,-16.44560623,47.62631648003381,-122.3757646,0.3916666507720947,-2.25,VFR_alt,298.2227657023442,0.29268152434979716,0.6824494672544092,0.3363102631069481,0.3274938876183475,2.3122713565826416,-2.25
10/8/2025,11:16:59,2,ALT_HOLD,13.47519354838715,13.331935483870957,178.06800935483915,1388.00,18.63888888888889,47.6263051,-122.3757777,47.6263159,-122.3757731,24.028736114501953,-16.64728546,47.626316589825976,-122.3757673,0.41677417918559045,-2.220000029,VFR_alt,290.29622353998286,0.1831307565012286,0.7261974334294362,0.38080520221022857,0.20204831926788477,2.2824039459228516,-2.220000029
10/8/2025,11:17:00,2,ALT_HOLD,13.623999999999974,2.0096296296296328,27.379194074073972,1388.00,18.666666666666668,47.6263051,-122.3757777,47.6263163,-122.3757747,24.076499938964844,-16.76102448,47.626317019422245,-122.3757688,0.47703702471874376,-2.180000067,VFR_alt,287.9654504297943,0.1433967625495618,0.8312008764038725,0.5003773110770338,0.1233610398722903,2.2481625080108643,-2.180000067
10/8/2025,11:17:01,2,ALT_HOLD,13.56305319148937,5.498457446808511,74.31746521276614,1390.00,18.694444444444443,47.6263066,-122.3757816,47.6263162,-122.3757759,24.054391860961914,-16.84967232,47.62631682057827,-122.37577,0.5293616741261584,-2.129999876,VFR_alt,287.3744163563249,0.1396229265138824,0.9223726140077029,0.6143696787492811,0.091363051,2.1972107887268066,-2.129999876
10/8/2025,11:17:02,2,ALT_HOLD,13.618483695652179,2.222663043478269,30.26925532608694,1391.00,18.694444444444443,47.6263118,-122.3757792,47.6263156,-122.375777,23.974885940551758,-16.93156052,47.626316105487966,-122.3757711,0.5887499875996424,-2.069999933,VFR_alt,286.0017722927492,0.072731408,1.025852251120591,0.7615656971984824,0.11413530782180893,2.138082743,-2.069999933
10/8/2025,11:17:03,2,ALT_HOLD,13.56118085106383,9.960159574468085,135.06902255319113,1393.00,18.72222222222222,47.6263162,-122.3757769,47.6263153,-122.3757776,23.943477630615234,-16.97595787,47.62631582299606,-122.3757717,0.6266489345976647,-2.059999943,VFR_alt,287.6543201969913,0.11730514135845799,1.091888295132297,0.8605976102501486,0.054383885356381854,2.125424861907959,-2.059999943
10/8/2025,11:17:04,2,ALT_HOLD,13.555870270270319,2.4851351351351245,33.68988194594606,1394.00,18.72222222222222,47.6263131,-122.3757815,47.6263148,-122.3757798,23.893770217895508,-17.14588165,47.62631537591878,-122.3757739,0.6549729443885185,-2.039999962,VFR_alt,284.67598295023527,0.18849629344972404,1.1412407364345423,0.9402095414603863,0.17704496233147887,2.100555181503296,-2.039999962
10/8/2025,11:17:05,2,ALT_HOLD,13.402889534883712,14.481744186046567,194.10224191860468,1398.00,18.77777777777778,47.6263151,-122.3757787,47.6263143,-122.3757827,23.83301544189453,-17.36531258,47.626314829479554,-122.3757769,0.6925581125325935,-2.029999971,VFR_alt,262.9283471602875,0.23016944553616436,1.206730044564365,1.0517701688278873,0.22768634780828917,2.0998950004577637,-2.029999971
10/8/2025,11:17:06,2,ALT_HOLD,13.495783068783073,9.148253968253952,123.4478498412693,1400.00,18.805555555555557,47.6263145,-122.3757831,47.6263135,-122.3757847,23.752553939819336,-17.51388168,47.62631410579456,-122.3757788,0.7243385983522607,-1.99000001,VFR_alt,245.21881515468007,0.15625323560187426,1.2621051334925744,1.1500295584889935,0.16895808026701187,2.0606274604797363,-1.99000001
10/8/2025,11:17:07,2,ALT_HOLD,13.562569148936223,5.978138297872347,80.82657159574481,1402.00,18.833333333333332,47.6263145,-122.3757831,47.6263134,-122.3757873,23.73834228515625,-17.70806503,47.62631398,-122.3757814,0.749627652,-2,VFR_alt,241.08747373080456,0.23018866079918882,1.3061693930898801,1.2325612945758206,0.1947027077207186,2.0618512630462646,-2
10/8/2025,11:17:08,2,ALT_HOLD,13.499491891891934,9.445675675675663,127.51,1405.00,18.88888888888889,47.6263136,-122.3757865,47.6263123,-122.3757899,23.615093231201172,-17.9034481,47.62631286944858,-122.375784,0.7901080801680281,-2.019999981,VFR_alt,225.53486712036826,0.2242870069838859,1.376703473,1.3683641197972987,0.23100838531463175,2.0808160305023193,-2.019999981
10/8/2025,11:17:09,2,ALT_HOLD,13.508955801104985,9.307679558011007,125.74,1407.00,18.916666666666668,47.6263166,-122.375786,47.6263108,-122.3757918,23.442066192626953,-18.04652977,47.62631131321279,-122.3757859,0.7974032871630969,-2.00999999,VFR_alt,215.31846930235577,0.24287051999766524,1.3894148185417612,1.3936043339579478,0.22452331493213498,2.0726754665374756,-2.00999999
10/8/2025,11:17:10,2,ALT_HOLD,13.498189189189194,9.715405405405381,131.13789702702735,1410.00,18.944444444444443,47.6263125,-122.3757917,47.6263088,-122.3757938,23.21919822692871,-18.1909008,47.62630930869889,-122.3757878,0.8329729534484245,-2,VFR_alt,207.00416302539952,0.2610406392329448,1.4513922673722515,1.5205717522351885,0.2655430760189829,2.062459707260132,-2
10/8/2025,11:17:11,2,ALT_HOLD,13.494631016042806,9.959893048128302,134.38738577540116,1413.00,19.00,47.6263108,-122.3757943,47.6263067,-122.3757949,22.988035202026367,-18.27261353,47.62630722957777,-122.3757889,0.8607486282440431,-2.019999981,VFR_alt,184.7062806534196,0.2577524898364582,1.4997892764858316,1.623750874326714,0.24518016466641063,2.080683708190918,-2.019999981
10/8/2025,11:17:12,2,ALT_HOLD,13.291673913043452,16.672934782608618,221.59825130434783,1418.00,19.055555555555557,47.6263073,-122.3757944,47.6263049,-122.375795,22.785537719726562,-18.28220177,47.62630540827961,-122.3757891,0.8489673565263334,-2.069999933,VFR_alt,164.1998521620238,0.23844719333979097,1.4792613030383048,1.5797805888500067,0.20272435649004159,2.1296732425689697,-2.069999933
10/8/2025,11:17:13,2,ALT_HOLD,13.522913513513519,11.393405405405376,154.28314400000016,1421.00,19.11111111111111,47.626303,-122.3757988,47.6263036,-122.375798,22.641027450561523,-18.5128746,47.626304108528664,-122.3757921,0.857189167,-2.039999962,VFR_alt,180.7352917625568,0.16685075143704542,1.493587184132951,1.611042315721958,0.2722006159114095,2.107539176940918,-2.039999962
10/8/2025,11:17:14,2,ALT_HOLD,13.471893617021232,8.755851063829812,118.00006755319114,1424.00,19.13888888888889,47.6262966,-122.375801,47.6263025,-122.3757999,22.51746178,-18.6532917,47.626302997157126,-122.375794,0.8987765730695522,-2.059999943,VFR_alt,197.87649767897057,0.22911556929032853,1.566050089439372,1.7701796314133462,0.18704394521047754,2.1186184883117676,-2.059999943
10/8/2025,11:17:15,2,ALT_HOLD,13.499024096385545,9.47,127.78615391566288,1426.00,19.166666666666668,47.6262958,-122.3758014,47.6263005,-122.3758015,22.29359245300293,-18.76824951,47.62630098363684,-122.3757955,0.9187349188758667,-2.00999999,VFR_alt,198.12688180885357,0.2760552878839424,1.6008259950109802,1.8504557817179355,0.25166003270419357,2.0830469131469727,-2.00999999
10/8/2025,11:17:16,2,ALT_HOLD,13.50148128342243,9.345828877005378,126.18245588235301,1429.00,19.194444444444443,47.6262968,-122.3757963,47.6262983,-122.3758021,22.050609588623047,-18.81289101,47.626298798205994,-122.3757961,0.9746523815042832,-1.969999909,VFR_alt,186.1790373904274,0.21461968147818417,1.698257937469588,2.0823648934786694,0.2470496618816832,2.036231041,-1.969999909
10/8/2025,11:17:17,2,ALT_HOLD,13.496709677419314,9.615430107526839,129.77206956989275,1431.00,19.25,47.6262951,-122.3757982,47.6262961,-122.3758027,21.810495376586914,-18.86024284,47.62629663857632,-122.3757968,0.9914515710646107,-1.9799999,VFR_alt,183.85455334793866,0.2393571199268423,1.7275292526125792,2.1541030855643926,0.24473870005373063,2.0414621829986572,-1.9799999
10/8/2025,11:17:18,2,ALT_HOLD,13.493468085106377,10.033563829787209,135.38745404255354,1434.00,19.27777777777778,47.626292,-122.3757969,47.6262939,-122.3758049,21.56033706665039,-19.0252018,47.62629438860823,-122.3757989,1.0145744541858106,-1.99000001,VFR_alt,198.81487666048648,0.2738731046940418,1.7678191247177055,2.255936994232726,0.29965085764608246,2.053534507751465,-1.99000001
10/8/2025,11:17:19,2,ALT_HOLD,13.508526315789506,8.94,120.7579888421056,1437.00,19.305555555555557,47.6262898,-122.3757994,47.6262914,-122.3758068,21.283763885498047,-19.16579819,47.626291901060114,-122.3758008,1.047736796579863,-1.9799999,VFR_alt,201.78065215445375,0.29905174531434714,1.8256019940406756,2.4065855609513305,0.3102580689510391,2.0426926612854004,-1.9799999
10/8/2025,11:17:20,2,ALT_HOLD,13.504917127071792,9.328729281767988,125.98331116022105,1439.00,19.36111111111111,47.6262874,-122.3757973,47.6262892,-122.3758082,21.04106330871582,-19.27293777,47.62628971816821,-122.3758022,1.077955726760527,-2.00999999,VFR_alt,197.8869588423079,0.2735822969707995,1.8782561905675903,2.546220369870706,0.26529693017291006,2.071941614151001,-2.00999999
10/8/2025,11:17:21,2,ALT_HOLD,13.507968749999982,8.951510416666695,120.91671395833335,1442.00,19.38888888888889,47.6262797,-122.3758032,47.6262869,-122.3758098,20.77960205078125,-19.39545441,47.62628736653941,-122.3758039,1.0809895421067874,-2.019999981,VFR_alt,194.00036527806148,0.3015852899601062,1.8835423839739533,2.560645503533451,0.2887426441261719,2.0913748741149902,-2.019999981
10/8/2025,11:17:22,2,ALT_HOLD,13.503508021390415,9.169304812834193,123.8176730481282,1444.00,19.416666666666668,47.6262797,-122.3758032,47.6262843,-122.3758106,20.499235153198242,-19.45393562,47.62628484486996,-122.3758046,1.1065775423763908,-2,VFR_alt,185.0434322417339,0.26119753080893326,1.9281275359588583,2.6837335718331343,0.28640120449385503,2.068328857421875,-2
10/8/2025,11:17:23,2,ALT_HOLD,13.500989247311841,9.185376344086013,124.01139462365578,1447.00,19.444444444444443,47.6262675,-122.3758092,47.6262818,-122.3758115,20.21304702758789,-19.51834869,47.62628227084335,-122.3758055,1.1336559057235718,-2.019999981,VFR_alt,183.91524222265878,0.2754013152212225,1.9753095327001582,2.8161670242167185,0.2933473826619678,2.0845630168914795,-2.019999981
10/8/2025,11:17:24,2,ALT_HOLD,13.505983425414371,9.13,123.24769756906056,1449.00,19.50,47.6262637,-122.3758089,47.6262787,-122.3758128,19.86882781982422,-19.61543655,47.62627917487491,-122.3758068,1.138674020108597,-2,VFR_alt,186.92835707377048,0.3280641839978445,1.9840532168558844,2.841338241,0.35764915150701565,2.064338207244873,-2
10/8/2025,11:17:25,2,ALT_HOLD,13.501145251396622,9.215139664804479,124.41443469273754,1452.00,19.52777777777778,47.6262594,-122.3758077,47.6262757,-122.3758135,19.539270401000977,-19.67215347,47.626276210777206,-122.3758076,1.1745809583024607,-2.00999999,VFR_alt,186.30317790668295,0.2676782841123016,2.0466183364361012,3.023233113940491,0.3344023044120465,2.0671310424804688,-2.00999999
10/8/2025,11:17:26,2,ALT_HOLD,13.502559782608708,9.197391304347814,124.18772168478296,1455.00,19.555555555555557,47.6262611,-122.3758019,47.6262731,-122.3758142,19.247421264648438,-19.72332573,47.62627358583446,-122.3758082,1.160597792138224,-2.069999933,VFR_alt,185.89389856301878,0.2976823946380097,2.0222537287256883,2.9518623870114076,0.2963013976037346,2.1281166076660156,-2.069999933
10/8/2025,11:17:27,2,ALT_HOLD,13.510000000000034,8.97,121.17885783783811,1457.00,19.583333333333332,47.6262638,-122.3757978,47.6262703,-122.375815,18.93520736694336,-19.78523445,47.62627077772745,-122.3758091,1.1450270079277658,-2.079999924,VFR_alt,186.17501417741724,0.2935408613166294,1.9951228168438295,2.873168560100911,0.31829264485758835,2.1397368907928467,-2.079999924
10/8/2025,11:17:28,2,ALT_HOLD,13.506960893854732,9.025977653631278,121.91350223463705,1460.00,19.61111111111111,47.6262569,-122.3758037,47.6262678,-122.3758159,18.65741729736328,-19.85155487,47.626268279234424,-122.3758099,1.151843549818966,-2.109999895,VFR_alt,186.3675558,0.26467714196476855,2.0070001246845575,2.907366101329787,0.2855971301938465,2.173198699951172,-2.109999895
10/8/2025,11:17:29,2,ALT_HOLD,13.509860962566872,8.877005347593576,119.92693048128353,1462.00,19.666666666666668,47.6262524,-122.3757997,47.6262652,-122.3758165,18.36920928955078,-19.89242744,47.62626568704063,-122.3758105,1.1344919510703673,-2.169999838,VFR_alt,186.64607279599642,0.2845588889032762,1.9767662783801843,2.8231425547192557,0.291091778,2.229306936264038,-2.169999838
10/8/2025,11:17:30,2,ALT_HOLD,13.510941176470604,8.851604278074843,119.59349679144398,1464.00,19.694444444444443,47.6262524,-122.3757997,47.6262624,-122.3758173,18.052268981933594,-19.95737839,47.62626283642344,-122.3758113,1.1362031978719376,-2.169999838,VFR_alt,186.8345178612972,0.2958036332844413,1.9797479962920077,2.828898425172264,0.3235270986921786,2.2323176860809326,-2.169999838
10/8/2025,11:17:31,2,ALT_HOLD,13.505516483516535,8.979010989010991,121.26616593406584,1467.00,19.72222222222222,47.6262471,-122.3757985,47.6262597,-122.3758181,17.752811431884766,-20.01194763,47.626260143049265,-122.3758121,1.150274701170869,-2.190000057,VFR_alt,186.80726692490833,0.2799805713878883,2.0042665247674183,2.8993553921654307,0.30438893986800947,2.2475314140319824,-2.190000057
10/8/2025,11:17:32,2,ALT_HOLD,13.506476439790559,9.02,121.86525413612587,1469.00,19.75,47.6262506,-122.3757961,47.6262569,-122.3758185,17.449726104736328,-20.04465866,47.62625741704623,-122.3758125,1.1471203977524922,-2.220000029,VFR_alt,186.4789947152947,0.3044678261454817,1.9987703900232767,2.883539901099485,0.3048454148488447,2.2809224128723145,-2.220000029
10/8/2025,11:17:33,2,ALT_HOLD,13.51047311827954,8.920000000000016,120.51342021505387,1472.00,19.77777777777778,47.62625,-122.3757942,47.6262543,-122.3758191,17.153486251831055,-20.09113312,47.626254752612596,-122.3758131,1.161344051361084,-2.200000048,VFR_alt,184.9309437904665,0.2875343694161343,2.023554028886732,2.955923803894711,0.29986317810460644,2.2609503269195557,-2.200000048
10/8/2025,11:17:34,2,ALT_HOLD,13.504478723404223,9.068191489361668,122.4612658510639,1475.00,19.833333333333332,47.6262394,-122.3758024,47.6262517,-122.3758194,16.865480422973633,-20.10737801,47.62625216223723,-122.3758133,1.1952126989973353,-2.24000001,VFR_alt,182.24822674311093,0.26172127091187114,2.0825675815862605,3.130375204622558,0.28846360923332093,2.299767017364502,-2.24000001
10/8/2025,11:17:35,2,ALT_HOLD,13.506000000000013,8.969590643274834,121.14329122807031,1477.00,19.86111111111111,47.6262376,-122.3757946,47.6262487,-122.3758196,16.53634262084961,-20.12354469,47.626249201913616,-122.3758136,1.1845613467065912,-2.220000029,VFR_alt,179.55304000187536,0.31514501519370497,2.064008407140269,3.0749649793806855,0.3295346029720819,2.287487268447876,-2.220000029
10/8/2025,11:17:36,2,ALT_HOLD,13.508951871657771,9.089999999999973,122.79637251336858,1480.00,19.88888888888889,47.6262341,-122.3757988,47.6262459,-122.3758197,16.21916389465332,-20.13021088,47.62624634915205,-122.3758136,1.234331549170183,-2.190000057,VFR_alt,176.44906804227912,0.27317623276124026,2.1507292144632024,3.339550088641161,0.31724877045242994,2.258375883102417,-2.190000057
10/8/2025,11:17:37,2,ALT_HOLD,13.503647058823509,9.095508021390355,122.82255326203243,1482.00,19.916666666666668,47.6262318,-122.3757941,47.6262432,-122.3758195,15.925039291381836,-20.11306,47.626243703743334,-122.3758134,1.2613368875840132,-2.210000038,VFR_alt,173.12719830747835,0.2725573118357735,2.197783970790331,3.4862980309164784,0.29462422659527665,2.2695422172546387,-2.210000038
10/8/2025,11:17:38,2,ALT_HOLD,13.504655913978494,9.125483870967702,123.2358684946232,1485.00,19.97222222222222,47.6262324,-122.3757919,47.6262403,-122.3758192,15.60395622253418,-20.08628654,47.626240815865415,-122.3758131,1.2783870697021484,-2.200000048,VFR_alt,169.69791905062684,0.3023766609289313,2.2274926214507182,3.5811725995973367,0.3221973849571965,2.269728899002075,-2.200000048
10/8/2025,11:17:39,2,ALT_HOLD,13.381000000000006,14.05098360655736,188.0162116393447,1488.00,20.00,47.626229,-122.3757936,47.6262375,-122.3758193,15.287172317504883,-20.10384941,47.626237966654934,-122.3758133,1.3202185324632405,-2.169999838,VFR_alt,165.1376178059882,0.29979918042167286,2.3003807762617074,3.820473546003862,0.3172703843020238,2.233956813812256,-2.169999838
10/8/2025,11:17:40,2,ALT_HOLD,13.491853403141326,14.566963350785368,196.4912709947643,1492.00,20.055555555555557,47.6262246,-122.3757912,47.6262347,-122.3758191,14.974167823791504,-20.07879448,47.62623515143714,-122.375813,1.3513612360230292,-2.210000038,VFR_alt,166.9227866468201,0.2821682139216917,2.3546445779189127,4.001832645540938,0.3140056730129012,2.271070718765259,-2.210000038
10/8/2025,11:17:41,2,ALT_HOLD,13.494531914893601,10.465851063829763,141.22109180851038,1494.00,20.083333333333332,47.6262235,-122.375791,47.6262318,-122.3758193,14.64821720123291,-20.09978676,47.62623221977958,-122.3758132,1.3746808513681938,-2.159999847,VFR_alt,184.45230529927912,0.3062303896914137,2.395277241020332,4.141257782002042,0.32662590853476814,2.2244985103607178,-2.159999847
10/8/2025,11:17:42,2,ALT_HOLD,13.509000000000013,9.071475409836072,122.54656131147522,1497.00,20.13888888888889,47.6262155,-122.3757915,47.6262288,-122.3758195,14.326125144958496,-20.1179409,47.62622932282664,-122.3758135,1.4448086765945936,-2.159999847,VFR_alt,190.61979585885754,0.29387101612455857,2.5174696637633005,4.575470835949894,0.3226032635759866,2.221095085144043,-2.159999847
10/8/2025,11:17:43,2,ALT_HOLD,13.506406417112286,9.096470588235313,122.86080470588269,1500.00,20.166666666666668,47.6262125,-122.375793,47.6262264,-122.3758196,14.053019523620605,-20.1272068,47.62622686646637,-122.3758136,1.4781817803408372,-2.200000048,VFR_alt,189.82090762405562,0.28754073014871323,2.5756197687756988,4.788053978,0.2732627623786878,2.263268471,-2.200000048
10/8/2025,11:17:44,2,ALT_HOLD,13.49989361702127,9.287819148936189,125.38483968085133,1502.00,20.194444444444443,47.6262111,-122.3757919,47.6262235,-122.3758201,13.73019027709961,-20.1649456,47.626223962882996,-122.3758141,1.481755257286924,-2.180000067,VFR_alt,188.90842354924368,0.28331910802962934,2.581846282,4.811681833,0.3250275979642952,2.2479538917541504,-2.180000067
10/8/2025,11:17:45,2,ALT_HOLD,13.500255813953492,9.930000000000012,134.0575402325582,1505.00,20.22222222222222,47.6262089,-122.3757898,47.6262206,-122.3758198,13.405529022216797,-20.13397408,47.62622104282223,-122.3758137,1.4901162760202276,-2.24000001,VFR_alt,183.40254998410038,0.2506025043684383,2.5964147233685817,4.867235029,0.32613519575931144,2.2928638458251953,-2.24000001
10/8/2025,11:17:46,2,ALT_HOLD,13.501149171270722,9.570220994475099,129.20794685082822,1507.00,20.27777777777778,47.6262106,-122.3757885,47.6262179,-122.3758195,13.10651683807373,-20.10987282,47.62621835345374,-122.3758134,1.4601657278629956,-2.319999933,VFR_alt,180.11470873513494,0.28349261537441234,2.5442281621855205,4.6736172832510965,0.29998192757333775,2.3751049041748047,-2.319999933
10/8/2025,11:17:47,2,ALT_HOLD,13.50516304347825,9.150163043478239,123.57403206521782,1510.00,20.305555555555557,47.6262102,-122.3757873,47.6262152,-122.3758194,12.813019752502441,-20.11003494,47.626215713689014,-122.3758134,1.422826041346011,-2.379999876,VFR_alt,180.10206660010067,0.2910048833683781,2.479166587193801,4.436362576477881,0.29349713034923774,2.441920042037964,-2.379999876
10/8/2025,11:17:48,2,ALT_HOLD,13.499627659574445,9.749840425531914,131.61921526595773,1513.00,20.333333333333332,47.626208,-122.3757895,47.6262128,-122.3758192,12.540364265441895,-20.09069061,47.626213261377316,-122.3758131,1.3713829650523814,-2.480000019,VFR_alt,180.06577995803477,0.2557290461152158,2.389530923954905,4.1218816273336545,0.2733408453212765,2.5314455032348633,-2.480000019
10/8/2025,11:17:49,2,ALT_HOLD,13.503508021390365,9.498181818181815,128.25820620320854,1515.00,20.38888888888889,47.6262043,-122.3757857,47.6262103,-122.3758191,12.264864921569824,-20.08165741,47.62621078348747,-122.375813,1.3114437916699577,-2.579999924,VFR_alt,180.35349636242285,0.2784293832625935,2.2850914551825077,3.7691715476102483,0.2756473965642316,2.6342413425445557,-2.579999924
10/8/2025,11:17:50,2,ALT_HOLD,13.509956989247335,8.97,121.19587612903216,1518.00,20.416666666666668,47.6262,-122.3757898,47.6262078,-122.375819,11.980751037597656,-20.07504082,47.62620822811693,-122.3758129,1.2641935348510742,-2.629999876,VFR_alt,180.52625893674892,0.27444791281095116,2.202761462240513,3.502229474452153,0.2841909188570843,2.6868512630462646,-2.629999876
10/8/2025,11:17:51,2,ALT_HOLD,13.509058823529399,8.920213903743363,120.50381262032097,1520.00,20.444444444444443,47.6262011,-122.3757832,47.6262054,-122.3758188,11.712848663330078,-20.05798912,47.62620581855557,-122.3758127,1.2478074887219597,-2.679999828,VFR_alt,180.2735918421021,0.2588497157243484,2.1742100182276625,3.4118958669842203,0.2684444868146708,2.7374067306518555,-2.679999828
10/8/2025,11:17:52,2,ALT_HOLD,13.507513513513565,8.824486486486476,119.19700594594573,1523.00,20.47222222222222,47.6261978,-122.3757873,47.6262027,-122.3758187,11.416929244995117,-20.06015205,47.62620315700395,-122.3758127,1.2343783932763177,-2.720000029,VFR_alt,180.09407953005763,0.2975042868304897,2.1508108367693466,3.338809953171838,0.2959273228824545,2.7798666954040527,-2.720000029
10/8/2025,11:17:53,2,ALT_HOLD,13.509521052631586,8.720210526315814,117.80587257894773,1525.00,20.50,47.6262043,-122.3757798,47.6262001,-122.3758187,11.127012252807617,-20.05217934,47.62620054943921,-122.3758126,1.2319473856373837,-2.730000019,VFR_alt,180.33868501935177,0.28478970449221763,2.146574990125749,3.325652515,0.2900265963320536,2.7901012897491455,-2.730000019
10/8/2025,11:17:54,2,ALT_HOLD,13.510043010752723,8.69,117.40808365591431,1528.00,20.555555555555557,47.6262063,-122.3757787,47.6261975,-122.3758186,10.842934608459473,-20.04015732,47.626197994394595,-122.3758124,1.2385483980178833,-2.75999999,VFR_alt,180.42094872995344,0.30376150819563097,2.1580767541220744,3.3613794339860292,0.2843319133435167,2.825751781463623,-2.75999999
10/8/2025,11:17:55,2,ALT_HOLD,13.512208092485563,8.719306358381484,117.81697144508671,1530.00,20.583333333333332,47.6262066,-122.3757783,47.626195,-122.3758187,10.557490348815918,-20.05563164,47.626195427058406,-122.3758127,1.2360693774471394,-2.769999981,VFR_alt,180.2258592397952,0.30682003101861544,2.1537572485821412,3.348068528168198,0.2858633938197501,2.834139347076416,-2.769999981
10/8/2025,11:17:56,2,ALT_HOLD,13.50716402116408,8.89,120.06710888888857,1532.00,20.61111111111111,47.6262046,-122.3757799,47.6261927,-122.3758181,10.299720764160156,-20.00426102,47.62619310863313,-122.375812,1.2585185103946261,-2.779999971,VFR_alt,180.4181224760135,0.2886820831311443,2.192873162051248,3.4706493446587428,0.26283854254567873,2.847017526626587,-2.779999971
10/8/2025,11:17:57,2,ALT_HOLD,13.511999999999995,8.831147540983567,119.32646557377053,1535.00,20.63888888888889,47.6261967,-122.3757826,47.6261902,-122.375818,10.032060623168945,-19.99695206,47.62619070125045,-122.3758119,1.2653551766129791,-2.789999962,VFR_alt,182.00052694301513,0.30514200105041756,2.2047855350074688,3.508600568538715,0.2677599147952238,2.853383779525757,-2.789999962
10/8/2025,11:17:58,2,ALT_HOLD,13.508812834224583,8.72,117.8469910160427,1537.00,20.666666666666668,47.6261956,-122.3757823,47.6261876,-122.3758179,9.741915702819824,-20.00149727,47.62618809163569,-122.3758119,1.3078074315015007,-2.779999971,VFR_alt,179.84065802985583,0.30290415245581437,2.278755373070802,3.7485435350765637,0.29018051925419097,2.846308708190918,-2.779999971
10/8/2025,11:17:59,2,ALT_HOLD,13.519587301587306,9.528730158730196,128.8311552380955,1540.00,20.72222222222222,47.6261916,-122.3757822,47.6261853,-122.3758179,9.483621597290039,-20.00078583,47.62618576849279,-122.3758119,1.3300528337085058,-2.799999952,VFR_alt,177.71191389835957,0.28065558889555553,2.3175163011587654,3.8765181619115427,0.25829508531868206,2.8648412227630615,-2.799999952
10/8/2025,11:18:00,2,ALT_HOLD,13.50447282608696,8.851413043478226,119.53339885869572,1543.00,20.75,47.626191,-122.3757832,47.626183,-122.3758187,9.222852707,-20.05410004,47.62618342309123,-122.3758126,1.3496195511973423,-2.799999952,VFR_alt,177.77047357558388,0.31643503467025963,2.3516098240559695,3.9916870885349436,0.26616314371094707,2.8678038120269775,-2.799999952
10/8/2025,11:18:01,2,ALT_HOLD,13.499497326203253,13.130427807486615,177.2485743315501,1546.00,20.805555555555557,47.6261893,-122.3757823,47.6261805,-122.3758195,8.951103210449219,-20.11730766,47.626180978928154,-122.3758135,1.3816577476613663,-2.779999971,VFR_alt,178.09595008642307,0.2902638661988916,2.407433954258435,4.183238242697237,0.2790035714003138,2.8451220989227295,-2.779999971
10/8/2025,11:18:02,2,ALT_HOLD,13.500290322580646,9.692258064516102,130.84,1549.00,20.833333333333332,47.6261881,-122.3757835,47.6261782,-122.3758203,8.696140289,-20.17674637,47.626178685746495,-122.3758143,1.424838662147522,-2.75999999,VFR_alt,188.16591600505404,0.2916789146200303,2.4826734264691606,4.448859672077555,0.261799639,2.8251452445983887,-2.75999999
10/8/2025,11:18:03,2,ALT_HOLD,13.499631016042779,8.951390374331577,120.84047598930465,1552.00,20.86111111111111,47.6261869,-122.3757828,47.626176,-122.3758211,8.451015472,-20.23877335,47.62617648,-122.3758151,1.4773261840330725,-2.74000001,VFR_alt,194.81139096598778,0.30157919969150726,2.5741289570273302,4.783299012359892,0.2528507895977563,2.8064308166503906,-2.74000001
10/8/2025,11:18:04,2,ALT_HOLD,13.506000000000004,9.065745856353576,122.4419635359116,1554.00,20.88888888888889,47.6261865,-122.3757837,47.6261738,-122.3758219,8.200295448303223,-20.29493713,47.62617422603023,-122.3758158,1.5282872658408149,-2.730000019,VFR_alt,193.2067435626258,0.3064293476099467,2.662924781389305,5.118455161636333,0.2569336520463972,2.793071985244751,-2.730000019
10/8/2025,11:18:05,2,ALT_HOLD,13.500594285714254,9.47,127.82909325714273,1557.00,20.944444444444443,47.6261787,-122.3757873,47.6261716,-122.3758225,7.959921360015869,-20.34224129,47.626172064063134,-122.3758165,1.5391999626159667,-2.75,VFR_alt,193.1435235494575,0.27888506702014376,2.681939328800555,5.191493067719621,0.24498445920685852,2.8084356784820557,-2.75
10/8/2025,11:18:06,2,ALT_HOLD,13.498033333333339,9.519999999999985,128.50127733333386,1560.00,20.97222222222222,47.6261766,-122.3757874,47.6261692,-122.3758234,7.694832801818848,-20.40763474,47.626169679809706,-122.3758173,1.516777761777242,-2.789999962,VFR_alt,194.74832593251188,0.28568371186653774,2.6428703424906557,5.041804553958565,0.27303524811291985,2.85144043,-2.789999962
10/8/2025,11:18:07,2,ALT_HOLD,13.47337634408598,11.276344086021503,151.92411096774242,1563.00,21.02777777777778,47.6261764,-122.3757868,47.6261668,-122.3758234,7.422735691070557,-20.40746689,47.62616723252013,-122.3758173,1.4869892199834187,-2.899999857,VFR_alt,196.04249133099873,0.2557877508863326,2.5909660651226205,4.8460544843077376,0.2720971625175015,2.9500043392181396,-2.899999857
10/8/2025,11:18:08,2,ALT_HOLD,13.463673575129553,12.194766839378218,164.14189673575063,1566.00,21.055555555555557,47.6261808,-122.3757863,47.6261648,-122.3758232,7.200498580932617,-20.39715385,47.62616523368022,-122.3758172,1.414507734343178,-3.049999952,VFR_alt,195.4987767143122,0.2564146893938588,2.4646725674161365,4.385971246777555,0.22247627242907547,3.096208333969116,-3.049999952
10/8/2025,11:18:09,2,ALT_HOLD,13.498999999999981,9.706923076923104,131.03375461538408,1569.00,21.11111111111111,47.626178,-122.3757875,47.626163,-122.3758231,7.0070695877075195,-20.38614464,47.626163493945604,-122.3758171,1.3206592876832564,-3.159999847,VFR_alt,193.94804078362782,0.2584011117508123,2.301148758842043,3.8227770587189975,0.19374204051729269,3.2113187313079834,-3.159999847
10/8/2025,11:18:10,2,ALT_HOLD,13.502048648648628,9.439837837837851,127.45711972972947,1572.00,21.13888888888889,47.6261807,-122.3757866,47.6261614,-122.3758235,6.8234453201293945,-20.42013359,47.62616184239643,-122.3758175,1.2693513328964645,-3.220000029,VFR_alt,192.37846563222968,0.23690649754292256,2.211748535,3.5315278973799993,0.18674346185327068,3.277613639831543,-3.220000029
10/8/2025,11:18:11,2,ALT_HOLD,13.502326203208563,9.491764705882325,128.15949882352933,1574.00,21.166666666666668,47.6261837,-122.3757852,47.6261595,-122.3758232,6.612119674682617,-20.3889904,47.62615994169615,-122.3758171,1.2515508006600773,-3.279999971,VFR_alt,181.51150200900506,0.2500617211674624,2.180732455695594,3.432828542557872,0.2136081145742917,3.3414244651794434,-3.279999971
10/8/2025,11:18:12,2,ALT_HOLD,13.498000000000035,9.617282608695609,129.81408065217352,1577.00,21.194444444444443,47.6261849,-122.3757881,47.6261576,-122.3758235,6.405602455,-20.41536522,47.626158084243706,-122.3758174,1.209021701760914,-3.349999905,VFR_alt,180.36455033938407,0.2437893926449444,2.106628722765224,3.2034930316888524,0.20819460351839209,3.4004199504852295,-3.349999905
10/8/2025,11:18:13,2,ALT_HOLD,13.492559139784998,10.07279569892472,135.90666430107487,1580.00,21.25,47.6261919,-122.3757846,47.6261559,-122.3758237,6.213751316070557,-20.42999458,47.626156358700605,-122.3758176,1.1606988906860352,-3.439999819,VFR_alt,181.60924778267196,0.2254805312521996,2.022429885286268,2.9528042485700703,0.19240810235893177,3.4935457706451416,-3.439999819
10/8/2025,11:18:14,2,ALT_HOLD,13.494427807486602,10.026042780748641,135.29468652406374,1582.00,21.27777777777778,47.6261782,-122.3757933,47.6261541,-122.3758234,6.013324261,-20.411129,47.62615455602418,-122.3758174,1.0904278009333075,-3.539999962,VFR_alt,181.97010030705363,0.2571767253034255,1.8999878349595547,2.606337395656583,0.20131297730044667,3.5940163135528564,-3.539999962
10/8/2025,11:18:15,2,ALT_HOLD,13.501688888888948,9.557666666666629,129.04464344444503,1585.00,21.305555555555557,47.6261752,-122.3757912,47.6261524,-122.3758232,5.8177900314331055,-20.38780022,47.6261528,-122.3758171,1.0459999561309814,-3.609999895,VFR_alt,181.42360304763136,0.2449280806713634,1.8225756811373215,2.397675848128396,0.19692096599518563,3.6657907962799072,-3.609999895
10/8/2025,11:18:16,2,ALT_HOLD,13.501494382022441,9.191797752808982,124.10292573033719,1588.00,21.36111111111111,47.6261647,-122.375794,47.6261506,-122.375823,5.6183247566223145,-20.37105751,47.626151,-122.3758169,1.0211235753605874,-3.669999838,VFR_alt,181.56041655535856,0.2552065085828974,1.7792304722192107,2.2852809625392188,0.20016671568858097,3.7287843227386475,-3.669999838
10/8/2025,11:18:17,2,ALT_HOLD,13.506936170212743,9.030691489361674,121.97698489361706,1590.00,21.38888888888889,47.6261592,-122.3757942,47.6261483,-122.3758229,5.370379925,-20.37515831,47.62614877326899,-122.3758169,1.0176595576266025,-3.689999819,VFR_alt,181.5487052897977,0.27923685882953886,1.773194683743328,2.2693990623654026,0.24797874142200263,3.7577624320983887,-3.689999819
10/8/2025,11:18:18,2,ALT_HOLD,13.506554973822048,8.844293193717252,119.45593842931953,1593.00,21.416666666666668,47.6261651,-122.3757935,47.6261461,-122.3758232,5.126845836639404,-20.38614845,47.62614658288028,-122.3758171,1.0205235406366318,-3.699999809,VFR_alt,180.88765283152418,0.2837867368578287,1.7781849571698942,2.2822800408642143,0.24378194215914678,3.766765594482422,-3.699999809
10/8/2025,11:18:19,2,ALT_HOLD,13.507999999999997,9.111590909090927,123.07937000000003,1595.00,21.444444444444443,47.6261622,-122.3757948,47.626144,-122.3758226,4.887659549713135,-20.34049034,47.62614443159647,-122.3758164,1.0460795015096664,-3.720000029,VFR_alt,175.01742656089326,0.2717877794057131,1.822714282933515,2.3980488272720724,0.24350511905485928,3.781144857406616,-3.720000029
10/8/2025,11:18:20,2,ALT_HOLD,13.51,8.881269841269878,119.98150211640231,1598.00,21.50,47.6261648,-122.3757946,47.626142,-122.3758217,4.6661577224731445,-20.27576637,47.62614243936981,-122.3758156,1.0832804220694083,-3.74000001,VFR_alt,168.75898274014256,0.275813939,1.8875340687573001,2.572045473309917,0.2307644937372341,3.8036444187164307,-3.74000001
10/8/2025,11:18:21,2,ALT_HOLD,13.50615135135133,9.026108108108087,121.90796724324333,1600.00,21.52777777777778,47.6261581,-122.3757948,47.6261399,-122.3758209,4.433175086975098,-20.2191124,47.62614034388273,-122.3758148,1.1045945889240987,-3.74000001,VFR_alt,168.04588242804164,0.27420985440950135,1.9246723897919882,2.6744109960679743,0.23977193641068284,3.8099074363708496,-3.74000001
10/8/2025,11:18:22,2,ALT_HOLD,13.507500000000052,8.735786516853906,117.9984719101123,1603.00,21.555555555555557,47.6261569,-122.3757955,47.6261375,-122.3758201,4.170172691345215,-20.15941048,47.62613798,-122.375814,1.1493819992194014,-3.74000001,VFR_alt,168.5173449212292,0.28519219176822835,2.002711059245923,2.895217327837003,0.2696934914040166,3.8093314170837402,-3.74000001
10/8/2025,11:18:23,2,ALT_HOLD,13.50313978494628,9.077795698924753,122.57845682795678,1605.00,21.583333333333332,47.6261583,-122.3757972,47.6261353,-122.3758195,3.9253714084625244,-20.11317062,47.62613577660652,-122.3758134,1.1923117791452715,-3.74000001,VFR_alt,171.2709498067857,0.27889704944625976,2.077512948510699,3.115709196528834,0.24913007064124626,3.802961826324463,-3.74000001
10/8/2025,11:18:24,2,ALT_HOLD,13.503032085561504,9.220588235294116,124.50588368983948,1608.00,21.61111111111111,47.6261585,-122.3757948,47.6261334,-122.3758195,3.713815927505493,-20.1171627,47.62613387383906,-122.3758135,1.2343315657447367,-3.74000001,VFR_alt,179.38185130515754,0.2777884803353784,2.1507292433431067,3.338957255019991,0.21159314315729638,3.8080055713653564,-3.74000001
10/8/2025,11:18:25,2,ALT_HOLD,13.506191489361719,8.880691489361695,119.94391707446847,1610.00,21.666666666666668,47.6261542,-122.3757948,47.6261313,-122.3758195,3.4772257804870605,-20.11233711,47.62613174590538,-122.3758134,1.2889361330803404,-3.730000019,VFR_alt,179.25733797727156,0.2947504051188205,2.245873565,3.641291036,0.23663935430259667,3.792729139328003,-3.730000019
10/8/2025,11:18:26,2,ALT_HOLD,13.505000000000056,9.124999999999982,123.23312499999979,1613.00,21.694444444444443,47.6261499,-122.375796,47.6261292,-122.3758195,3.2470383644104004,-20.11556053,47.62612968,-122.3758135,1.3372499577701091,-3.7099998,VFR_alt,178.25043668513197,0.28235493022948505,2.330056744599429,3.9191579104856293,0.23020998447356794,3.7793381214141846,-3.7099998
10/8/2025,11:18:27,2,ALT_HOLD,13.507969543147185,8.930609137055852,120.63439441624365,1615.00,21.72222222222222,47.6261484,-122.3757965,47.6261271,-122.3758195,3.009080171585083,-20.1130867,47.62612753532087,-122.3758134,1.3737563463637066,-3.689999819,VFR_alt,178.23340140457643,0.28490569446292624,2.393666361,4.135667250532102,0.23797105154489281,3.7598893642425537,-3.689999819
10/8/2025,11:18:28,2,ALT_HOLD,13.51,8.97,121.12434867021265,1618.00,21.75,47.6261418,-122.375796,47.626125,-122.3758196,2.776571512,-20.12182426,47.626125444096814,-122.3758135,1.4345212350500391,-3.679999828,VFR_alt,178.44199918604994,0.2692250297107595,2.499544576,4.510872646336508,0.2326727781775432,3.7418432235717773,-3.679999828
10/8/2025,11:18:29,2,ALT_HOLD,13.505524590163986,8.943060109289613,120.78069562841554,1620.00,21.77777777777778,47.6261436,-122.3757977,47.6261228,-122.37582,2.530154228210449,-20.15282059,47.62612322777612,-122.3758139,1.4925136683417148,-3.669999838,VFR_alt,178.54051607884833,0.277776055,2.600591997868146,4.881772998015522,0.24835911474409206,3.7371439933776855,-3.669999838
10/8/2025,11:18:30,2,ALT_HOLD,13.505491891891905,9.04,122.0940267027024,1623.00,21.833333333333332,47.6261458,-122.3757977,47.6261208,-122.3758201,2.304866313934326,-20.1639328,47.62612120149673,-122.3758141,1.5371350997203106,-3.649999857,VFR_alt,177.59507790214198,0.274845461,2.678341461633881,5.177968602958341,0.2255618,3.721410036087036,-3.649999857
10/8/2025,11:18:31,2,ALT_HOLD,13.506394594594585,9.10,122.90746081081097,1625.00,21.86111111111111,47.6261392,-122.3757981,47.6261187,-122.3758198,2.073941230773926,-20.1374588,47.62611912451564,-122.3758137,1.5984323778667966,-3.629999876,VFR_alt,171.66867317116402,0.26707610294625567,2.7851473250709318,5.599032943593515,0.23243766187287895,3.700991630554199,-3.629999876
10/8/2025,11:18:32,2,ALT_HOLD,13.504021505376361,9.07,122.47713967741939,1628.00,21.88888888888889,47.6261277,-122.3757989,47.6261165,-122.3758192,1.8298331499099731,-20.0919075,47.62611692896433,-122.3758131,1.637419343,-3.629999876,VFR_alt,169.79830116577222,0.2623442783150622,2.8530791582483173,5.875558272455773,0.2483217189035635,3.6948297023773193,-3.629999876
10/8/2025,11:18:33,2,ALT_HOLD,13.506296296296336,8.978941798941815,121.27225185185198,1630.00,21.916666666666668,47.6261174,-122.375799,47.626114,-122.3758186,1.5561747550964355,-20.04716301,47.626114467632256,-122.3758125,1.6908994080528381,-3.629999876,VFR_alt,170.07410581437193,0.2688830466497512,2.946264120092059,6.265636449444329,0.2772922403862386,3.6965396404266357,-3.629999876
10/8/2025,11:18:34,2,ALT_HOLD,13.504532258064518,8.958064516129014,120.97459483870931,1633.00,21.97222222222222,47.6261174,-122.375799,47.6261117,-122.3758179,1.3020085096359253,-19.99528122,47.62611218161603,-122.3758119,1.7468817067402664,-3.619999886,VFR_alt,170.00997467702527,0.25320846675544656,3.043809034,6.687748437843668,0.25940740251931166,3.690453529,-3.619999886
10/8/2025,11:18:35,2,ALT_HOLD,13.507476190476183,8.995820105820114,121.51093412698455,1635.00,22.00,47.6260972,-122.3757934,47.6261093,-122.3758173,1.034502387046814,-19.94864655,47.62610977561859,-122.3758112,1.7962962521447077,-3.619999886,VFR_alt,170.19186998455896,0.25874605562005726,3.1299101363127497,7.070870875,0.271540639,3.688223361968994,-3.619999886
10/8/2025,11:18:36,2,ALT_HOLD,13.50614285714287,9.080952380952349,122.6486999999999,1638.00,22.02777777777778,47.6260812,-122.3757928,47.6261069,-122.3758169,0.766088605,-19.91639519,47.626107361457485,-122.3758108,1.8410118321577709,-3.609999895,VFR_alt,168.14488266342326,0.2341971347729365,3.2078236469415784,7.426923419120741,0.27034442573641504,3.6796183586120605,-3.609999895
10/8/2025,11:18:37,2,ALT_HOLD,13.509446808510683,9.007925531914932,121.69204771276625,1640.00,22.055555555555557,47.6260784,-122.3757941,47.6261044,-122.3758164,0.4875551760196686,-19.8821888,47.626104856278495,-122.3758103,1.8762765945272242,-3.609999895,VFR_alt,168.1617445718339,0.2290291763208014,3.2692698237974396,7.714373776788294,0.28062599338229216,3.6705684661865234,-3.609999895
10/8/2025,11:18:38,2,ALT_HOLD,13.50639459459463,8.914000000000021,120.3960880540538,1642.00,22.083333333333332,47.6260706,-122.3757913,47.6261018,-122.3758158,0.19871971011161804,-19.83261681,47.62610225844116,-122.3758097,1.9210810371347375,-3.619999886,VFR_alt,168.17624903037202,0.22138673542319118,3.3473381707650764,8.087634736352902,0.29305854134410214,3.678499221801758,-3.619999886
10/8/2025,11:18:39,2,ALT_HOLD,13.507894179894166,9.297777777777789,125.5933536507939,1645.00,22.13888888888889,47.6260648,-122.3757902,47.6260992,-122.3758148,-0.087763064,-19.75879288,47.626099681764344,-122.3758087,1.9512697685332525,-3.629999876,VFR_alt,168.48734655051416,0.22586640447535844,3.3999397482018843,8.343241625069801,0.2958417686996609,3.694016218185425,-3.629999876
10/8/2025,11:18:40,2,ALT_HOLD,13.50288648648648,9.386162162162154,126.73859524324324,1648.00,22.166666666666668,47.6260629,-122.3757919,47.6260971,-122.3758141,-0.325818419,-19.70886993,47.62609754065232,-122.375808,1.9495134424518894,-3.649999857,VFR_alt,169.22490746737316,0.20115571561697368,3.3968794830601143,8.328461390348261,0.24323374086806393,3.7094526290893555,-3.649999857
10/8/2025,11:18:41,2,ALT_HOLD,13.50500543478267,9.09,122.76857315217431,1650.00,22.194444444444443,47.6260844,-122.375799,47.6260949,-122.3758132,-0.567133486,-19.63923073,47.626095370221854,-122.3758071,1.9755433823751367,-3.689999819,VFR_alt,168.3466116818832,0.20241195012045943,3.4422346814112275,8.552024020337056,0.25116245833040957,3.744204521179199,-3.689999819
10/8/2025,11:18:42,2,ALT_HOLD,13.505999999999998,9.14,123.42100588235353,1653.00,22.22222222222222,47.6260974,-122.3758023,47.6260931,-122.3758129,-0.777063787,-19.61747742,47.62609348207154,-122.3758068,1.9670587357352762,-3.720000029,VFR_alt,171.48442852906345,0.2123910148035396,3.427450827417531,8.478727739551573,0.2110543477485827,3.776872396469116,-3.720000029
10/8/2025,11:18:43,2,ALT_HOLD,13.504539682539695,9.218677248677233,124.49391777777772,1655.00,22.27777777777778,47.626099,-122.3758017,47.6260914,-122.3758127,-0.967645466,-19.60076904,47.62609176794616,-122.3758066,1.9821163251917198,-3.769999981,VFR_alt,172.62771449381265,0.2058921760667569,3.453687536318912,8.608910306205022,0.19131269237599965,3.8267109394073486,-3.769999981
10/8/2025,11:18:44,2,ALT_HOLD,13.502037837837866,9.54,128.77360891891942,1658.00,22.305555555555557,47.6261008,-122.3758021,47.62609,-122.3758125,-1.125502944,-19.59005547,47.62609034814805,-122.3758065,1.9603242429527077,-3.839999914,VFR_alt,172.17357818082402,0.1880211712540807,3.415716483932752,8.421620573184255,0.15822061810228952,3.890106201171875,-3.839999914
10/8/2025,11:18:45,2,ALT_HOLD,13.49805820105814,9.934761904761922,134.09995603174593,1661.00,22.333333333333332,47.6261008,-122.3758021,47.6260886,-122.3758125,-1.282558322,-19.58649445,47.626088935564155,-122.3758064,1.9286242874841841,-3.929999828,VFR_alt,172.5342931901048,0.17354725687592118,3.3604817130406284,8.151141622582967,0.15709574344625948,3.9730734825134277,-3.929999828
10/8/2025,11:18:46,2,ALT_HOLD,13.490058139534865,10.329709302325561,139.34836860465083,1663.00,22.38888888888889,47.6260971,-122.3757995,47.6260872,-122.3758123,-1.426743507,-19.56855202,47.62608763873705,-122.3758062,1.8804069542607595,-4.049999714,VFR_alt,172.4432695559361,0.1771508937831535,3.2764666627270738,7.749193431846444,0.14529727609921667,4.098217010498047,-4.049999714
10/8/2025,11:18:47,2,ALT_HOLD,13.494519553072609,9.989329608938515,134.80128720670393,1666.00,22.416666666666668,47.6260756,-122.3757933,47.6260857,-122.3758121,-1.598916531,-19.55547905,47.62608609018237,-122.375806,1.8058658685098148,-4.139999866,VFR_alt,172.47534570914507,0.17873992258942992,3.146584467858014,7.146717395599504,0.17266862021245125,4.189693450927734,-4.139999866
10/8/2025,11:18:48,2,ALT_HOLD,13.49853191489362,9.44,127.3981380319148,1669.00,22.444444444444443,47.6260683,-122.3757917,47.626084,-122.3758116,-1.78210187,-19.52184486,47.62608444258098,-122.3758056,1.7648404113789822,-4.199999809,VFR_alt,172.19547467620063,0.1621414359579695,3.075100716796714,6.825196822502747,0.186247488,4.255688667297363,-4.199999809
10/8/2025,11:18:49,2,ALT_HOLD,13.491531914893592,9.950691489361656,134.24500617021297,1672.00,22.50,47.6260723,-122.3758011,47.6260822,-122.3758108,-1.981977105,-19.46312904,47.626082644867694,-122.3758048,1.7556382924952405,-4.269999981,VFR_alt,169.8851209004004,0.18610881704916346,3.059066721772013,6.754099620349491,0.20832104393017606,4.320203781,-4.269999981
10/8/2025,11:18:50,2,ALT_HOLD,13.479344444444468,11.137444444444425,150.12525777777844,1675.00,22.52777777777778,47.6260683,-122.3757969,47.6260807,-122.3758099,-2.151015282,-19.39313316,47.62608112450838,-122.3758038,1.7031110531753963,-4.389999866,VFR_alt,168.54307840419415,0.121466356,2.9675419865934867,6.358229768177041,0.18295717630514532,4.428746700286865,-4.389999866
10/8/2025,11:18:51,2,ALT_HOLD,13.476705263157845,11.783999999999995,158.80941599999932,1678.00,22.583333333333332,47.6260668,-122.3757991,47.6260793,-122.3758096,-2.30441165,-19.37129593,47.62607974483427,-122.3758035,1.606578923526563,-4.559999943,VFR_alt,168.77494887926764,0.14225543086466036,2.799342063720529,5.658071796044909,0.1549429266997144,4.588334560394287,-4.559999943
10/8/2025,11:18:52,2,ALT_HOLD,13.45236898395721,12.58,169.2092508556151,1682.00,22.61111111111111,47.6260697,-122.3758013,47.6260781,-122.3758096,-2.44270134,-19.36881828,47.626078501032296,-122.3758035,1.4772192309884464,-4.75,VFR_alt,168.51847337739898,0.11547029221599753,2.573942599449562,4.786193301685023,0.1383118834166778,4.779214859008789,-4.75
10/8/2025,11:18:53,2,ALT_HOLD,13.486162921348319,10.623820224719069,143.27060342696683,1684.00,22.666666666666668,47.6260681,-122.375803,47.626077,-122.3758097,-2.56663537,-19.38119507,47.626077386347674,-122.3758037,1.3369662487105038,-4.880000114,VFR_alt,168.9566841001366,0.12950770431355144,2.329562403056186,3.9184984408846373,0.12455050677512235,4.9242095947265625,-4.880000114
10/8/2025,11:18:54,2,ALT_HOLD,13.499015544041422,9.55,128.98064124352368,1687.00,22.694444444444443,47.6260776,-122.3758037,47.6260757,-122.3758097,-2.715633154,-19.37915993,47.62607604623521,-122.3758037,1.2740932412715773,-4.940000057,VFR_alt,169.3069569136208,0.13939817435074348,2.2200109507004813,3.557892863866255,0.14901168187330513,5.001197814941406,-4.940000057
10/8/2025,11:18:55,2,ALT_HOLD,13.503354497354534,9.228571428571449,124.61652973544953,1690.00,22.72222222222222,47.6260793,-122.3758045,47.6260745,-122.3758098,-2.847500086,-19.39163399,47.62607486020066,-122.3758038,1.243809529713222,-4.96999979,VFR_alt,168.04562802581336,0.15662609915884715,2.167243877530619,3.3906266105771707,0.13245561485680907,5.033006668,-4.96999979
10/8/2025,11:18:56,2,ALT_HOLD,13.500563953488383,9.541802325581394,128.81820023255779,1692.00,22.77777777777778,47.6260813,-122.3758071,47.6260733,-122.3758098,-2.982658863,-19.38572502,47.62607364455867,-122.3758037,1.2754650919936423,-4.989999771,VFR_alt,163.95056437177635,0.14594727,2.222401296655594,3.5654121384323707,0.13528788173423079,5.048400879,-4.989999771
10/8/2025,11:18:57,2,ALT_HOLD,13.49206989247313,9.808870967741974,132.3419105376344,1695.00,22.805555555555557,47.6260825,-122.3758049,47.6260721,-122.3758098,-3.111988068,-19.39020729,47.62607248,-122.3758038,1.2839246988296509,-4.989999771,VFR_alt,164.75538397364204,0.15649268079188564,2.2371415206880334,3.6129371634320284,0.12940685410715383,5.052649974822998,-4.989999771
10/8/2025,11:18:58,2,ALT_HOLD,13.506850267379695,8.849197860962551,119.5246437433155,1698.00,22.833333333333332,47.6260811,-122.3758068,47.6260706,-122.3758098,-3.273227215,-19.38539505,47.626071031135446,-122.3758037,1.3342245345447152,-4.989999771,VFR_alt,164.80214473139782,0.18011213376879054,2.3247851738279146,3.9012429472203936,0.161310943,5.058462142944336,-4.989999771
10/8/2025,11:18:59,2,ALT_HOLD,13.506989583333306,8.86,119.64389718749995,1700.00,22.86111111111111,47.6260782,-122.3758052,47.6260693,-122.3758097,-3.422553062,-19.37791824,47.62606968807231,-122.3758036,1.376249998807907,-4.980000019,VFR_alt,165.6079294206016,0.16974340573263666,2.398011361559226,4.150578565,0.14951291384587737,5.0438690185546875,-4.980000019
10/8/2025,11:19:00,2,ALT_HOLD,13.508010869565208,8.909673913043504,120.35197173913043,1703.00,22.916666666666668,47.6260767,-122.3758055,47.626068,-122.3758096,-3.57174015,-19.36782646,47.62606834625722,-122.3758035,1.4365760282329891,-4.96999979,VFR_alt,165.65939328125177,0.17201208711966223,2.503124897678687,4.524153422964876,0.14952802842911087,5.029930114746094,-4.96999979
10/8/2025,11:19:01,2,ALT_HOLD,13.509470270270311,8.959405405405382,121.03686356756775,1705.00,22.944444444444443,47.6260736,-122.3758053,47.6260667,-122.3758094,-3.714718342,-19.35462952,47.62606706028604,-122.3758033,1.5085945316263147,-4.960000038,VFR_alt,165.17480657707617,0.167314909,2.628611683894339,4.991394036163412,0.14358594141292097,5.029670238494873,-4.960000038
10/8/2025,11:19:02,2,ALT_HOLD,13.509481283422504,8.835294117647038,119.36024326203241,1707.00,22.97222222222222,47.6260714,-122.3758054,47.6260652,-122.3758093,-3.879032373,-19.34333229,47.62606558241653,-122.3758032,1.5957753511673627,-4.949999809,VFR_alt,164.87607016986482,0.17089468184958168,2.780517657337069,5.580903169,0.16470193773958033,5.017799377441406,-4.949999809
10/8/2025,11:19:03,2,ALT_HOLD,13.508999999999975,8.931748633879792,120.65897480874314,1710.00,23.00,47.6260573,-122.3757986,47.6260637,-122.3758089,-4.042418003,-19.3229599,47.62606411289723,-122.3758029,1.643387960605934,-4.940000057,VFR_alt,163.93180561005798,0.15957515853675988,2.863479022267909,5.918992373656064,0.16465083747786619,5.004632472991943,-4.940000057
10/8/2025,11:19:04,2,ALT_HOLD,13.503731182795713,9.108064516129053,122.9921069892472,1713.00,23.02777777777778,47.6260526,-122.3758005,47.6260622,-122.3758079,-4.212095737,-19.24811554,47.62606258678562,-122.3758019,1.692204236984253,-4.920000076,VFR_alt,158.40341747544244,0.16401961549956312,2.9485376856543732,6.275046296,0.18545137319272564,4.990321159362793,-4.920000076
10/8/2025,11:19:05,2,ALT_HOLD,13.503974093264299,8.990103626943002,121.40217787564787,1715.00,23.083333333333332,47.6260488,-122.3757993,47.6260605,-122.3758073,-4.397956371,-19.19996071,47.626060915122146,-122.3758013,1.752849696831382,-4.909999847,VFR_alt,160.24157566825107,0.16366095037966813,3.0542078050849852,6.734329890853781,0.19199755976915178,4.974203109741211,-4.909999847
10/8/2025,11:19:06,2,ALT_HOLD,13.506562874251497,9.255029940119723,125.00382347305424,1718.00,23.11111111111111,47.6260444,-122.3757987,47.6260588,-122.3758067,-4.592500687,-19.15043831,47.626059165356104,-122.3758006,1.840239449175532,-4.880000114,VFR_alt,160.2092015040053,0.1589947830060285,3.206477828108889,7.422295403310056,0.20074849618981278,4.952888011932373,-4.880000114
10/8/2025,11:19:07,2,ALT_HOLD,13.502513227513203,9.516031746031777,128.49,1720.00,23.13888888888889,47.6260467,-122.3758003,47.6260572,-122.375806,-4.764834404,-19.10310364,47.62605762,-122.3758,1.9144444068272908,-4.869999886,VFR_alt,158.59986265269046,0.16786088979748823,3.3357743452293738,8.031834456238983,0.178716203,4.941867828369141,-4.869999886
10/8/2025,11:19:08,2,ALT_HOLD,13.495102150537612,9.077526881720459,122.50118758064505,1723.00,23.166666666666668,47.6260533,-122.3758016,47.6260557,-122.3758055,-4.930335045,-19.0663681,47.626056126814014,-122.3757995,1.9985483487447102,-4.859999657,VFR_alt,157.7284362222364,0.15018518180936896,3.482319092509733,8.754353050330367,0.16952864547160693,4.931098461151123,-4.859999657
10/8/2025,11:19:09,2,ALT_HOLD,13.512494680851063,6.6838297872340675,90.31312005319145,1725.00,23.194444444444443,47.6260534,-122.3758023,47.6260553,-122.3758053,-4.989482403,-19.05277443,47.626055594832195,-122.3757993,2.0385106015712657,-4.889999866,VFR_alt,153.4874214524103,0.041394497921809235,3.551950291,9.105879413145061,0.060689356,4.946015835,-4.889999866
10/8/2025,11:19:10,2,ALT_HOLD,13.60330687830686,2.9003174603174657,39.43818645502644,1726.00,23.22222222222222,47.6260539,-122.3758046,47.6260553,-122.3758058,-4.990550518,-19.09080505,47.62605558522537,-122.3757998,1.983491999131662,-5.009999752,VFR_alt,157.10078097324902,0.049834474,3.4560845439415373,8.623207905228961,0.038045621,5.049198627471924,-5.009999752
10/8/2025,11:19:11,2,ALT_HOLD,13.42,13.651182795698922,183.15705634408607,1730.00,23.27777777777778,47.6260515,-122.3758001,47.6260549,-122.3758055,-5.026826859,-19.0639801,47.626055258949535,-122.3757995,1.868978460629781,-5.150000095,VFR_alt,150.171987,0.076930768,3.2565533783700666,7.655967016425353,0.04511708,5.1872758865356445,-5.150000095
10/8/2025,11:19:12,2,ALT_HOLD,13.484032085561457,10.141069518716627,136.74249903743362,1733.00,23.305555555555557,47.626055,-122.3758049,47.6260539,-122.375805,-5.136667252,-19.02482605,47.62605427102557,-122.3757989,1.7938502255608053,-5.259999752,VFR_alt,154.16487298655426,0.10982373663607765,3.125648120295345,7.0526952845343756,0.11661025595765084,5.304278851,-5.259999752
10/8/2025,11:19:13,2,ALT_HOLD,13.493825396825423,11.30317460317457,152.52889539682562,1736.00,23.36111111111111,47.626055,-122.3758049,47.6260528,-122.375805,-5.262310982,-19.02277374,47.62605314,-122.3757989,1.7075131885589114,-5.309999943,VFR_alt,163.20631403169446,0.10953974834194889,2.975212374004157,6.391260219230499,0.12566049058462414,5.368851661682129,-5.309999943
10/8/2025,11:19:14,2,ALT_HOLD,13.489499999999996,10.229516129032282,137.9907856451618,1739.00,23.38888888888889,47.62606,-122.3758049,47.6260518,-122.3758045,-5.376164913,-18.99082947,47.62605211694116,-122.3757985,1.6819891929626465,-5.329999924,VFR_alt,159.86507891258293,0.1360058072674018,2.9307387453136955,6.199444206861551,0.11825038858465105,5.388830184936523,-5.329999924
10/8/2025,11:19:15,2,ALT_HOLD,13.493882352941178,10.08791443850265,136.1250444919791,1742.00,23.444444444444443,47.62606,-122.3758035,47.626051,-122.3758043,-5.457890511,-18.9651947,47.626051381886654,-122.3757981,1.6718716130537146,-5.369999886,VFR_alt,160.91753826763508,0.10362047718011122,2.913109628805708,6.124922441562992,0.085651704,5.4254841804504395,-5.369999886
10/8/2025,11:19:16,2,ALT_HOLD,13.48,10.949041916167626,147.6348846107789,1745.00,23.47222222222222,47.6260636,-122.3758054,47.6260503,-122.3758045,-5.555930614,-18.98723221,47.62605050009659,-122.3757984,1.730119738036287,-5.460000038,VFR_alt,167.23359732812602,0.087637355,3.0146025738511146,6.562125006378255,0.10048638539825962,5.495595455169678,-5.460000038
10/8/2025,11:19:17,2,ALT_HOLD,13.56840540540541,5.573567567567562,75.62084254054011,1746.00,23.50,47.6260642,-122.3758049,47.6260505,-122.3758047,-5.524876118,-19.00605202,47.62605077940624,-122.3757987,1.6698377995877653,-5.629999638,VFR_alt,171.3010759,0.030087301517660554,2.9095658629180723,6.116200157422912,0.036312077586187666,5.652419090270996,-5.629999638
10/8/2025,11:19:18,2,ALT_HOLD,13.569679144384995,4.750909090909074,64.46244930481303,1748.00,23.52777777777778,47.626054,-122.3758001,47.626051,-122.3758048,-5.46317482,-19.01135826,47.62605133435864,-122.3757988,1.453529377672124,-5.819999695,VFR_alt,170.82992115926282,0.046815693,2.5326648247317243,4.641404432575355,0.061929043021496495,5.849862575531006,-5.819999695
10/8/2025,11:19:19,2,ALT_HOLD,13.492088888888913,10.730833333333292,144.78,1751.00,23.555555555555557,47.6260534,-122.3758024,47.6260507,-122.3758044,-5.501404285,-18.97848892,47.626050990516056,-122.3757983,1.2837222132417891,-5.960000038,VFR_alt,167.8854454789537,0.079290369,2.2367887048910013,3.6141777770714327,0.050417115,6.004878520965576,-5.960000038
10/8/2025,11:19:20,2,ALT_HOLD,13.503420212765946,9.423670212765932,127.2514271276596,1754.00,23.583333333333332,47.6260542,-122.3758035,47.6260495,-122.3758039,-5.620306969,-18.94488525,47.62604992108425,-122.3757979,1.2296808520530134,-6.019999981,VFR_alt,168.8246432047723,0.1303465334658927,2.1426257270620734,3.3136673300156168,0.1235599231277188,6.079704284667969,-6.019999981
10/8/2025,11:19:21,2,ALT_HOLD,13.506591397849464,5.375806451612884,72.60655268817204,1756.00,23.61111111111111,47.6260561,-122.3758034,47.6260488,-122.3758036,-5.715210438,-18.91626167,47.626049067505626,-122.3757975,1.2363978624343872,-6.029999733,VFR_alt,169.42523505821953,0.07863457,2.1543296087871946,3.349740005592066,0.09912607,6.092243194580078,-6.029999733
10/8/2025,11:19:22,2,ALT_HOLD,13.61343548387097,2.098064516129039,28.56033494623658,1756.00,23.63888888888889,47.6260562,-122.3758033,47.6260486,-122.3758036,-5.726920605,-18.91630745,47.626049067505626,-122.3757975,1.240913971136975,-6.099999905,VFR_alt,172.84024856227046,0.008813479,2.162198586072003,3.3750474306927982,0,6.143468379974365,-6.099999905
10/8/2025,11:19:23,2,ALT_HOLD,13.588940540540571,3.6764324324324313,49.954658810811026,1757.00,23.63888888888889,47.6260571,-122.3758035,47.6260492,-122.3758034,-5.660820007,-18.90624428,47.62604966202612,-122.3757974,1.1096215969807393,-6.25,VFR_alt,173.51996877261885,0.027036584229082675,1.9334315704967464,2.705489654480296,0.066862219,6.283463954925537,-6.25
10/8/2025,11:19:24,2,ALT_HOLD,13.449999999999994,9.07,122.05874999999985,1760.00,23.666666666666668,47.6260574,-122.3758036,47.6260493,-122.3758028,-5.658929825,-18.86044121,47.62604967902676,-122.3757968,0.9420429968064831,-6.409999847,VFR_alt,169.0633473998374,0.065329922,1.6414385550415957,1.9488402817407307,0.045842055,6.443971633911133,-6.409999847
10/8/2025,11:19:25,2,ALT_HOLD,13.495441489361738,10.188670212765908,137.49870542553145,1762.00,23.72222222222222,47.6260531,-122.3758006,47.6260483,-122.375802,-5.760095596,-18.80672455,47.62604876912388,-122.375796,0.8639361417674004,-6.5,VFR_alt,167.81455246860548,0.11226668462474296,1.5053432773219821,1.6357068293592263,0.11454253722001596,6.548436641693115,-6.5
10/8/2025,11:19:26,2,ALT_HOLD,13.499090909090908,9.495227272727236,128.17673613636347,1765.00,23.75,47.6260471,-122.3757997,47.6260473,-122.3758013,-5.868744373,-18.75215912,47.62604779191752,-122.3757953,0.8292045295238495,-6.519999981,VFR_alt,169.01784714910397,0.11677513720298355,1.4448260741703407,1.5069240874804175,0.12158101357665975,6.587388038635254,-6.519999981
10/8/2025,11:19:27,2,ALT_HOLD,13.501000000000023,9.341081081081057,126.11393567567609,1768.00,23.77777777777778,47.6260446,-122.3757998,47.626046,-122.3758004,-6.010187149,-18.68293381,47.62604651975613,-122.3757944,0.8595135083069673,-6.529999733,VFR_alt,168.1764766048913,0.14447975094253954,1.4976371735651723,1.619351290940618,0.15747445039396435,6.591969013214111,-6.529999733
10/8/2025,11:19:28,2,ALT_HOLD,13.498453551912597,9.597978142076535,129.5559541530058,1770.00,23.805555555555557,47.6260469,-122.3758013,47.6260451,-122.3757996,-6.120688915,-18.62499619,47.62604552588366,-122.3757936,0.8850819575982015,-6.549999714,VFR_alt,168.4965017256507,0.1301015523450622,1.5421882594514136,1.7168649702228225,0.12476942087526956,6.615021228790283,-6.549999714
10/8/2025,11:19:29,2,ALT_HOLD,13.500978494623626,9.513548387096776,128.44228430107506,1773.00,23.86111111111111,47.6260526,-122.3758041,47.626044,-122.3757988,-6.239305496,-18.56358337,47.62604446,-122.3757928,0.9430645005677336,-6.579999924,VFR_alt,168.41015004350984,0.14261786631679021,1.6432184479589311,1.9495836448670056,0.13357180341902417,6.635322093963623,-6.579999924
10/8/2025,11:19:30,2,ALT_HOLD,13.500472826086945,9.280597826086934,125.29246027173893,1776.00,23.88888888888889,47.6260529,-122.3758025,47.6260431,-122.375798,-6.342698574,-18.50537872,47.62604352908943,-122.375792,0.975380399,-6.589999676,VFR_alt,168.5171859308087,0.13501700224435847,1.6995264522053997,2.084718667214975,0.1186503684414937,6.655465602874756,-6.589999676
10/8/2025,11:19:31,2,ALT_HOLD,13.502502617801024,9.49,128.1309235602097,1778.00,23.916666666666668,47.6260461,-122.3757976,47.6260421,-122.3757972,-6.44336319,-18.44713402,47.62604262369404,-122.3757913,0.9985339938033938,-6.599999905,VFR_alt,168.5154470105898,0.14180345856706508,1.7398698376877333,2.1864600937291354,0.11630051815884343,6.661121845245361,-6.599999905
10/8/2025,11:19:32,2,ALT_HOLD,13.459903225806421,12.053548387096786,162.10786903225804,1781.00,23.97222222222222,47.6260349,-122.3757926,47.6260407,-122.3757961,-6.605918407,-18.36696815,47.62604116164361,-122.3757902,1.0731182098388672,-6.609999657,VFR_alt,167.89254560258547,0.18723125138910868,1.8698271838101528,2.5238825072914506,0.18124779836437377,6.670581340789795,-6.609999657
10/8/2025,11:19:33,2,ALT_HOLD,13.417484042553216,15.41659574468089,206.85189840425474,1786.00,24.02777777777778,47.6260328,-122.3757928,47.626039,-122.3757953,-6.783387184,-18.29936028,47.62603956545797,-122.3757893,1.1167021121116394,-6.609999657,VFR_alt,168.32083493653695,0.18788341916304954,1.9457688317096704,2.7352989523271347,0.1899104844226725,6.672904968261719,-6.609999657
10/8/2025,11:19:34,2,ALT_HOLD,13.42353763440859,15.106666666666609,202.78488860215032,1790.00,24.083333333333332,47.6260324,-122.3757963,47.6260369,-122.3757942,-7.020958424,-18.22330475,47.62603742870014,-122.3757883,1.2403763314729095,-6.609999657,VFR_alt,167.53879247917618,0.2257042084970782,2.1612617896876505,3.372919787489763,0.2494484655609027,6.6707258224487305,-6.609999657
10/8/2025,11:19:35,2,ALT_HOLD,13.425573684210578,14.809947368421088,198.8320052105254,1794.00,24.13888888888889,47.6260322,-122.3757929,47.6260349,-122.3757933,-7.239554882,-18.15428352,47.62603546260483,-122.3757874,1.3278420730641014,-6.619999886,VFR_alt,166.8630873341497,0.22867812773114757,2.313664218217748,3.865737501,0.22923424948615498,6.677855491638184,-6.619999886
10/8/2025,11:19:36,2,ALT_HOLD,13.425363636363638,14.80999999999996,198.82963545454515,1798.00,24.194444444444443,47.6260329,-122.3757966,47.6260326,-122.3757921,-7.486821175,-18.07229233,47.62603323864797,-122.3757863,1.4427272435390588,-6.629999638,VFR_alt,165.62267090146364,0.26216245085904094,2.513842924348364,4.563213401130761,0.2605056153159413,6.689979076385498,-6.629999638
10/8/2025,11:19:37,2,ALT_HOLD,13.419677595628388,15.092295081967274,202.53276409836084,1802.00,24.25,47.6260332,-122.3757918,47.6260303,-122.3757906,-7.744662285,-17.95862007,47.626030919579314,-122.3757848,1.5546994013864486,-6.679999828,VFR_alt,164.72464889292513,0.28695270060841505,2.7089459266582123,5.299552835,0.28178612459682334,6.728325366973877,-6.679999828
10/8/2025,11:19:38,2,ALT_HOLD,13.391978947368417,16.583894736842065,222.0838776842105,1807.00,24.305555555555557,47.6260371,-122.3757969,47.6260284,-122.3757891,-7.964164734,-17.84039307,47.62602894533537,-122.3757832,1.5873157062028584,-6.789999962,VFR_alt,165.47760452675385,0.2495098634770042,2.7657773668686234,5.521061813012327,0.24931696662094682,6.827917098999023,-6.789999962
10/8/2025,11:19:39,2,ALT_HOLD,13.361983783783824,18.994648648648628,253.80617772972965,1812.00,24.38888888888889,47.6260418,-122.3757932,47.6260267,-122.3757879,-8.153412819,-17.74709129,47.626027243204526,-122.3757819,1.5907026335999772,-6.96999979,VFR_alt,165.08025844667227,0.22021394911650063,2.7716788312726943,5.545345327187459,0.21099776904680795,6.995660305023193,-6.96999979
10/8/2025,11:19:40,2,ALT_HOLD,13.35407526881721,19.93666666666663,266.2337370967748,1818.00,24.444444444444443,47.6260511,-122.3757992,47.6260255,-122.3757866,-8.291424751,-17.65315819,47.62602600190073,-122.3757807,1.507365568,-7.170000076,VFR_alt,164.85853415147406,0.21327245924421537,2.6264703084898944,4.980974222996545,0.16694526582190278,7.191888332366943,-7.170000076
10/8/2025,11:19:41,2,ALT_HOLD,13.37645989304819,17.646791443850304,236.05030556149723,1822.00,24.52777777777778,47.6260514,-122.375794,47.6260242,-122.3757855,-8.436943054,-17.56433487,47.62602469308332,-122.3757795,1.4042780469445622,-7.319999695,VFR_alt,166.43443999468198,0.2295203759549136,2.446848112100367,4.322835893364453,0.17048506793863172,7.356777191162109,-7.319999695
10/8/2025,11:19:42,2,ALT_HOLD,13.38127956989248,19.233225806451607,257.3643375268828,1828.00,24.583333333333332,47.626063,-122.3757985,47.6260227,-122.3757853,-8.600527763,-17.54346085,47.62602322177346,-122.3757792,1.3488709753559482,-7.409999847,VFR_alt,176.59774417305476,0.2427596473084983,2.3503054873626352,3.9870039987785515,0.16491113342609245,7.458957195281982,-7.409999847
10/8/2025,11:19:43,2,ALT_HOLD,13.396139784946268,15.677043010752707,210.00217962365613,1832.00,24.63888888888889,47.6260642,-122.3757964,47.6260214,-122.3757849,-8.765548706,-17.52523422,47.62602173754584,-122.375779,1.3767204066758514,-7.449999809,VFR_alt,178.17697899812683,0.2230591484776107,2.3988310116321596,4.154635301333857,0.16602446,7.511594295501709,-7.449999809
10/8/2025,11:19:44,2,ALT_HOLD,13.641476190476201,2.3845502645502714,32.52473481481464,1833.00,24.666666666666668,47.6260505,-122.3757884,47.6260213,-122.3757838,-8.789275169,-17.43648338,47.62602152414583,-122.3757778,1.429682487533206,-7.489999771,VFR_alt,172.88343150010706,0.092863111,2.491113425247246,4.479093910639077,0.091867603,7.547396183013916,-7.489999771
10/8/2025,11:19:45,2,ALT_HOLD,13.647725806451547,1.4577419354838723,19.89481870967749,1833.00,24.666666666666668,47.6260511,-122.37579,47.6260221,-122.3757833,-8.698064804,-17.40161896,47.62602234450801,-122.3757773,1.4081720113754272,-7.529999733,VFR_alt,170.6831287444639,0.065340301,2.453633050123844,4.345911994532658,0.097646602,7.587036609649658,-7.529999733
10/8/2025,11:19:46,2,ALT_HOLD,13.660749999999977,1.3124999999999947,17.929250000000067,1833.00,24.666666666666668,47.6260501,-122.3757896,47.6260228,-122.3757828,-8.604730606,-17.36116219,47.62602318397232,-122.3757768,1.3701190522738866,-7.549999714,VFR_alt,170.72771162393911,0.065747363,2.387328651689343,4.113790057,0.101725232,7.610494136810303,-7.549999714
10/8/2025,11:19:47,2,ALT_HOLD,13.66,1.2428947368421048,16.983626157894665,1834.00,24.666666666666668,47.626047,-122.3757883,47.6260238,-122.3757823,-8.49779892,-17.32778168,47.626024145734874,-122.3757764,1.3421052148467616,-7.569999695,VFR_alt,171.3253308746346,0.073559999,2.3385166622329994,3.947217732518051,0.11202072977448593,7.631843090057373,-7.569999695
10/8/2025,11:19:48,2,ALT_HOLD,13.66,1.3564705882353005,18.529388235294164,1834.00,24.666666666666668,47.6260481,-122.3757914,47.6260249,-122.3757818,-8.38058567,-17.28829384,47.62602519997161,-122.3757758,1.2964170680326574,-7.579999924,VFR_alt,172.11884871429143,0.076809471,2.258908527632666,3.6830633059039926,0.12368603477481006,7.645585536956787,-7.579999924
10/8/2025,11:19:49,2,ALT_HOLD,13.653234972677588,1.3012021857923466,17.76547475409839,1834.00,24.666666666666668,47.6260453,-122.3757899,47.626026,-122.3757814,-8.257056236,-17.25778389,47.62602631101723,-122.3757754,1.2538251329640873,-7.589999676,VFR_alt,173.199086,0.080674657,2.1846953074374302,3.4458200785125332,0.12724141655263543,7.653151512145996,-7.589999676
10/8/2025,11:19:50,2,ALT_HOLD,13.652522842639522,1.2964974619289302,17.700268680202967,1835.00,24.694444444444443,47.6260411,-122.3757846,47.626027,-122.375781,-8.116063118,-17.21445465,47.626027579134316,-122.3757749,1.2225380355331499,-7.559999943,VFR_alt,173.64936758109187,0.078163179,2.130179910398668,3.275406651769709,0.14750078761475452,7.626810550689697,-7.559999943
10/8/2025,11:19:51,2,ALT_HOLD,13.648393617021268,1.4297340425531964,19.513576542553132,1835.00,24.694444444444443,47.6260452,-122.3757898,47.6260279,-122.3757807,-8.016971588,-17.1926384,47.626028470381094,-122.3757746,1.207180789810546,-7.529999733,VFR_alt,173.8890450038296,0.076196401,2.1034210731547334,3.1936703244718103,0.1014646746957193,7.5926313400268555,-7.529999733
10/8/2025,11:19:52,2,ALT_HOLD,13.638315508021426,1.364973262032082,18.61589684491986,1836.00,24.694444444444443,47.6260526,-122.3757926,47.6260289,-122.3757804,-7.899469376,-17.17295265,47.62602952721682,-122.3757743,1.197807417196386,-7.5,VFR_alt,174.52480454532306,0.076539093,2.087088681478546,3.1440322111725996,0.1191398275714613,7.565490723,-7.5
10/8/2025,11:19:53,2,ALT_HOLD,13.643622950819676,1.452131147540977,19.81227770491802,1836.00,24.694444444444443,47.6260556,-122.3757925,47.62603,-122.3757801,-7.779372692,-17.15044785,47.62603060738769,-122.375774,1.1970491116164161,-7.480000019,VFR_alt,174.63991082115894,0.072647377,2.085767391452841,3.1401909823197887,0.12218706848379873,7.542710781097412,-7.480000019
10/8/2025,11:19:54,2,ALT_HOLD,13.645952127659589,1.5008510638297814,20.480541329787354,1837.00,24.694444444444443,47.6260636,-122.3757923,47.626031,-122.3757797,-7.660750866,-17.11849594,47.62603167429341,-122.3757736,1.1919680212406403,-7.460000038,VFR_alt,174.2686703329936,0.076391085,2.0769139764041404,3.1134339795921253,0.122849753,7.520610332489014,-7.460000038
10/8/2025,11:19:55,2,ALT_HOLD,13.635941176470615,1.4835294117647086,20.22934470588229,1837.00,24.72222222222222,47.6260634,-122.3757923,47.6260322,-122.3757794,-7.529182434,-17.09163094,47.626032857643196,-122.3757732,1.1838502112556906,-7.440000057,VFR_alt,173.86169763863182,0.081930931,2.0627693074909708,3.0713666284399963,0.1342832110903431,7.500119209289551,-7.440000057
10/8/2025,11:19:56,2,ALT_HOLD,13.637081395348847,1.5451162790697637,21.070800348837267,1837.00,24.72222222222222,47.6260656,-122.3757925,47.6260334,-122.375779,-7.388863564,-17.06495094,47.62603411969599,-122.3757729,1.1683720516604046,-7.419999599,VFR_alt,173.7293732095571,0.088311604,2.0357997869840347,2.991263813179261,0.14283279539393345,7.485796928405762,-7.419999599
10/8/2025,11:19:57,2,ALT_HOLD,13.63498924731186,1.6665053763440791,22.722782526881815,1838.00,24.72222222222222,47.6260648,-122.3757926,47.6260345,-122.3757786,-7.264141083,-17.03318024,47.62603524147208,-122.3757724,1.1508601903915405,-7.419999599,VFR_alt,173.83458316851053,0.087979199,2.0052866953791946,2.902614517165898,0.1287053805455396,7.482149600982666,-7.419999599
10/8/2025,11:19:58,2,ALT_HOLD,13.635593582887667,1.5706417112299407,21.42,1838.00,24.72222222222222,47.6260598,-122.3757873,47.6260357,-122.3757781,-7.138095379,-17.00177383,47.62603637514948,-122.375772,1.130160422886119,-7.409999847,VFR_alt,174.12975546194843,0.08742731,1.9692189186652027,2.799209038,0.12989950574239603,7.476846218109131,-7.409999847
10/8/2025,11:19:59,2,ALT_HOLD,13.639077720207256,1.5133678756476712,20.640945181347266,1839.00,24.75,47.6260545,-122.3757851,47.6260367,-122.3757777,-7.026756287,-16.97181702,47.626037376553015,-122.3757716,1.097616585,-7.409999847,VFR_alt,174.2737590716525,0.089609577,1.9125137462554578,2.6402806218042034,0.11529876142622465,7.473585605621338,-7.409999847
10/8/2025,11:20:00,2,ALT_HOLD,13.641076923076913,1.3899999999999935,18.96109692307688,1839.00,24.75,47.6260501,-122.3757839,47.6260377,-122.3757774,-6.918467045,-16.94471169,47.62603835052565,-122.3757713,1.0766482785507874,-7.409999847,VFR_alt,174.6779123006115,0.092033349,1.8759780611112256,2.5400607914701077,0.1116300088643592,7.476786136627197,-7.409999847
10/8/2025,11:20:01,2,ALT_HOLD,13.643698924731195,1.5407526881720492,21.02152602150532,1840.00,24.75,47.6260531,-122.3757869,47.6260386,-122.375777,-6.815024376,-16.91321182,47.62603928090735,-122.3757708,1.0560214519500732,-7.409999847,VFR_alt,174.90749998246577,0.09164417,1.8400373783978603,2.4443715509286816,0.10813245165305992,7.477081298828125,-7.409999847
10/8/2025,11:20:02,2,ALT_HOLD,13.652129032258038,1.4203225806451614,19.390505806451582,1840.00,24.75,47.6260597,-122.3757914,47.6260396,-122.3757766,-6.709645748,-16.88666534,47.626040228701406,-122.3757705,1.017634391784668,-7.399999619,VFR_alt,174.9700677467505,0.089139034,1.7731508341702602,2.269443203,0.10867092849885338,7.466151714324951,-7.399999619
10/8/2025,11:20:03,2,ALT_HOLD,13.650893617021284,1.3795744680851032,18.83242212765951,1840.00,24.75,47.6260651,-122.3757926,47.6260405,-122.3757762,-6.605007648,-16.85568237,47.62604116983501,-122.3757701,0.9981914809409608,-7.389999866,VFR_alt,175.39836080597524,0.087060138,1.739273034972894,2.1834888796319176,0.10912871485764963,7.454943656921387,-7.389999866
10/8/2025,11:20:04,2,ALT_HOLD,13.653369565217373,1.3461413043478243,18.379351086956454,1841.00,24.77777777777778,47.6260646,-122.3757888,47.6260415,-122.3757758,-6.50027895,-16.82418442,47.62604211178349,-122.3757697,0.9711412722649782,-7.389999866,VFR_alt,176.09932235665556,0.088177746,1.6921400956132213,2.066683905389392,0.10936279772967007,7.453831672668457,-7.389999866
10/8/2025,11:20:05,2,ALT_HOLD,13.653617801047163,1.456125654450263,19.881308691099438,1841.00,24.77777777777778,47.6260662,-122.3757893,47.6260425,-122.3757754,-6.385452747,-16.79806519,47.62604314,-122.3757693,0.9429319319924759,-7.389999866,VFR_alt,176.32867669972035,0.086191185,1.642987457259619,1.9483778816431314,0.11775937773891178,7.459256649017334,-7.389999866
10/8/2025,11:20:06,2,ALT_HOLD,13.654988023952095,1.389820359281444,18.977980718562865,1841.00,24.77777777777778,47.6260677,-122.3757885,47.6260435,-122.375775,-6.271449089,-16.76762009,47.62604416991981,-122.3757689,0.9129341041256568,-7.399999619,VFR_alt,176.2387218359751,0.08705631,1.5907185147644052,1.8266542354092605,0.11799889046172042,7.464536190032959,-7.399999619
10/8/2025,11:20:07,2,ALT_HOLD,13.652961325966832,1.3441436464088454,18.35154022099441,1842.00,24.77777777777778,47.626071,-122.3757893,47.6260446,-122.3757746,-6.149899483,-16.73674774,47.62604526315851,-122.3757685,0.8816574522144887,-7.399999619,VFR_alt,175.83254765290937,0.086108418,1.5362213182525202,1.703615093888346,0.12540896491609066,7.463456153869629,-7.399999619
10/8/2025,11:20:08,2,ALT_HOLD,13.649699999999955,1.3752631578947354,18.77194689473686,1842.00,24.77777777777778,47.626071,-122.3757893,47.6260455,-122.3757741,-6.04049921,-16.698246,47.62604624712394,-122.375768,0.8581578602916315,-7.389999866,VFR_alt,175.50478358963676,0.084309592,1.4952750595990516,1.6138722625799493,0.11597759929905356,7.454919815063477,-7.389999866
10/8/2025,11:20:09,2,ALT_HOLD,13.649064171122932,1.3920320855614967,18.99993641711223,1843.00,24.77777777777778,47.6260691,-122.3757834,47.6260467,-122.3757737,-5.911894321,-16.66949272,47.62604740381909,-122.3757676,0.833529392,-7.379999638,VFR_alt,175.20500299597356,0.090893919,1.4523618188877547,1.5226906785146679,0.13178000076128055,7.449528694152832,-7.379999638
10/8/2025,11:20:10,2,ALT_HOLD,13.657124324324371,1.36,18.59,1843.00,24.805555555555557,47.6260633,-122.3757828,47.6260478,-122.3757733,-5.798672676,-16.64026451,47.62604842215464,-122.3757672,0.7672432325981758,-7.389999866,VFR_alt,175.02231547352952,0.089650135,1.3368632083150045,1.2928567473024863,0.11693343945599169,7.450465679168701,-7.389999866
10/8/2025,11:20:11,2,ALT_HOLD,13.646152173913038,1.3777173913043437,18.800481521739027,1843.00,24.805555555555557,47.6260625,-122.3757824,47.6260486,-122.3757729,-5.705648899,-16.60612106,47.626049258826974,-122.3757668,0.7247282354080159,-7.379999638,VFR_alt,175.12430535427654,0.084224642,1.262784046544267,1.1510306673779305,0.099091867,7.449067115783691,-7.379999638
10/8/2025,11:20:12,2,ALT_HOLD,13.638059459459418,1.3562162162162132,18.496158810810783,1844.00,24.805555555555557,47.6260661,-122.3757839,47.6260496,-122.3757725,-5.59331274,-16.58220482,47.62605026919829,-122.3757664,0.6796756609066112,-7.379999638,VFR_alt,175.14525407899725,0.08523261,1.1842833485494004,1.0147173377147023,0.11485381715278112,7.448730945587158,-7.379999638
10/8/2025,11:20:13,2,ALT_HOLD,13.650977900552455,1.3759668508287308,18.783277955801022,1844.00,24.805555555555557,47.6260692,-122.3757856,47.6260507,-122.3757722,-5.473712921,-16.56038094,47.62605134490026,-122.3757662,0.5906077267715285,-7.389999866,VFR_alt,175.25934693247817,0.09000734,1.0290892208897824,0.7656038054439364,0.12157466274006211,7.451096534729004,-7.389999866
10/8/2025,11:20:14,2,ALT_HOLD,13.644926315789421,1.4463157894736876,19.73489431578954,1845.00,24.805555555555557,47.6260678,-122.3757822,47.6260517,-122.3757719,-5.360141754,-16.53429794,47.626052366379454,-122.3757658,0.5418420829271016,-7.379999638,VFR_alt,175.23528948884282,0.090072347,0.9441187808578304,0.6437223407723955,0.11652781844917667,7.4491753578186035,-7.379999638
10/8/2025,11:20:15,2,ALT_HOLD,13.634555555555531,1.2899999999999978,17.588576666666633,1845.00,24.833333333333332,47.6260683,-122.3757833,47.6260527,-122.3757715,-5.252196312,-16.50400925,47.62605333725989,-122.3757654,0.4525396686697763,-7.379999638,VFR_alt,175.27401621255777,0.08815077,0.7885160893488522,0.46570601250975546,0.11211433277945046,7.446494102478027,-7.379999638
10/8/2025,11:20:16,2,ALT_HOLD,13.655146464646492,1.3762121212121283,18.79239601010094,1845.00,24.833333333333332,47.626069,-122.3757817,47.6260536,-122.3757711,-5.165464878,-16.47719002,47.62605411733777,-122.375765,0.27949493581598456,-7.379999638,VFR_alt,175.35464295228562,0.07854483,0.4869987518005792,0.17146044887297637,0.090783328,7.449527740478516,-7.379999638
10/8/2025,11:20:17,2,ALT_HOLD,13.525842696629205,8.549606741573044,114.9088751123595,1848.00,24.86111111111111,47.6260708,-122.3757814,47.6260537,-122.3757705,-5.165028572,-16.4293499,47.62605412126199,-122.3757644,0.2932584175233091,-7.389999866,VFR_alt,167.1478476347838,0.10030068823377068,0.5109805759875853,0.1892336683818928,0.047842108,7.455009937286377,-7.389999866
10/8/2025,11:20:18,2,ALT_HOLD,13.534596858638732,1.9034031413612593,25.75968523560206,1850.00,24.88888888888889,47.6260698,-122.3757795,47.6260532,-122.3757703,-5.246940613,-16.41197205,47.626053384530564,-122.3757642,0.4062303607376458,-7.399999619,VFR_alt,164.30629229819337,0.092946445,0.7078256285580189,0.37022042566826185,0.083735131,7.466712951660156,-7.399999619
10/8/2025,11:20:19,2,ALT_HOLD,13.46430769230773,12.795384615384593,172.11327384615345,1853.00,24.944444444444443,47.6260692,-122.3757789,47.6260516,-122.3757691,-5.445929527,-16.29506874,47.62605159478899,-122.3757626,0.6184065829921555,-7.399999619,VFR_alt,166.92410374472354,0.20495512835927063,1.0775266218802706,0.8460135948589557,0.23078771809238133,7.465637683868408,-7.399999619
10/8/2025,11:20:20,2,ALT_HOLD,13.501491891891874,10.108324324324371,136.4703541621623,1856.00,24.97222222222222,47.6260683,-122.3757772,47.6260498,-122.3757672,-5.628956795,-16.16029358,47.62604995,-122.3757608,0.7757297103469436,-7.389999866,VFR_alt,162.78546470667067,0.21949968942113826,1.3516502528772485,1.3228386730511708,0.22729567715934726,7.450796127319336,-7.389999866
10/8/2025,11:20:21,2,ALT_HOLD,13.550308510638308,14.980851063829805,203.43258765957438,1861.00,25.02777777777778,47.6260729,-122.3757787,47.6260484,-122.3757661,-5.784538746,-16.10011864,47.62604854927766,-122.37576,0.8676063808354926,-7.389999866,VFR_alt,160.82256432791476,0.2108371763470325,1.5117383908497266,1.6520793837408723,0.1668135700944413,7.456467628479004,-7.389999866
10/8/2025,11:20:22,2,ALT_HOLD,13.383777777777764,19.46761904761911,259.9152104761921,1863.00,25.083333333333332,47.6260726,-122.3757759,47.6260473,-122.3757661,-5.901665211,-16.11146736,47.62604749582148,-122.3757602,0.9210052748836538,-7.389999866,VFR_alt,163.43276805016205,0.17761609005549597,1.6047819183578882,1.8590410401237443,0.11767498592102006,7.458405494689941,-7.389999866
10/8/2025,11:20:23,2,ALT_HOLD,13.602827956989314,2.9751612903225655,40.47048806451626,1864.00,25.083333333333332,47.626071,-122.3757723,47.6260464,-122.3757661,-5.996014595,-16.0873661,47.62604665,-122.3757599,1.0187096515650391,-7.389999866,VFR_alt,163.6523829672231,0.1441921084638565,1.7750243928784826,2.2767237002203773,0.097379037,7.450412750244141,-7.389999866
10/8/2025,11:20:24,2,ALT_HOLD,13.599999999999953,3.054648648648664,41.543221621621555,1865.00,25.083333333333332,47.6260637,-122.3757691,47.6260458,-122.3757649,-6.060610294,-16.00410843,47.62604606624122,-122.3757588,1.079081025639096,-7.369999886,VFR_alt,164.29061887376938,0.13716584202405568,1.8802169386135767,2.552092722668602,0.10537762971451713,7.436268329620361,-7.369999886
10/8/2025,11:20:25,2,ALT_HOLD,13.600936842105323,3.0165263157894597,41.02598221052647,1866.00,25.11111111111111,47.6260637,-122.3757691,47.6260448,-122.3757639,-6.185456753,-15.93023491,47.62604494335004,-122.3757578,1.1414736684999969,-7.359999657,VFR_alt,166.82582548877147,0.16743338264917074,1.9889313920833227,2.8555515202583917,0.14506527884306902,7.427596569061279,-7.359999657
10/8/2025,11:20:26,2,ALT_HOLD,13.470658823529426,8.507882352941197,114.53290141176458,1869.00,25.13888888888889,47.6260546,-122.3757647,47.6260431,-122.3757631,-6.392603874,-15.85959625,47.62604308,-122.3757568,1.209235295,-7.359999657,VFR_alt,170.08409418947915,0.24258446027250852,2.107000893025054,3.206289661108081,0.21886011451392307,7.428699016571045,-7.359999657
10/8/2025,11:20:27,2,ALT_HOLD,13.418032085561476,15.207326203208543,204.0523807486636,1874.00,25.194444444444443,47.6260511,-122.3757624,47.6260408,-122.3757616,-6.65448761,-15.74248791,47.62604072480336,-122.3757553,1.2910160036648022,-7.379999638,VFR_alt,166.6022642,0.2845025341459774,2.2494975821432206,3.6551198692653313,0.28687533089758877,7.445491313934326,-7.379999638
10/8/2025,11:20:28,2,ALT_HOLD,13.415117647058835,15.462192513369008,207.42420336898425,1878.00,25.27777777777778,47.6260478,-122.3757595,47.6260384,-122.3757601,-6.915337563,-15.63256645,47.62603837867266,-122.3757538,1.3981817794993598,-7.429999828,VFR_alt,163.62814990181025,0.300330668,2.4362258279155458,4.286548115925885,0.28306434635256245,7.494716167449951,-7.429999828
10/8/2025,11:20:29,2,ALT_HOLD,13.389027027027014,16.973459459459498,227.25036854054017,1883.00,25.333333333333332,47.6260545,-122.3757656,47.6260362,-122.3757588,-7.153301716,-15.53565407,47.62603623838089,-122.3757525,1.4699999654615248,-7.519999981,VFR_alt,161.02087987044615,0.28564073894474956,2.561363576,4.735441926065241,0.25694152725849523,7.591856479644775,-7.519999981
10/8/2025,11:20:30,2,ALT_HOLD,13.371736842105276,18.445368421052574,246.64658810526254,1888.00,25.38888888888889,47.6260535,-122.3757626,47.6260343,-122.3757574,-7.369791985,-15.43734074,47.62603429122904,-122.3757512,1.4815789448587517,-7.669999599,VFR_alt,159.99419004417578,0.2667413813503165,2.5815390705872208,4.810020770134527,0.237767844,7.748042106628418,-7.669999599
10/8/2025,11:20:31,2,ALT_HOLD,13.353759358288798,19.764064171123028,263.9188250267387,1894.00,25.47222222222222,47.6260493,-122.3757579,47.6260324,-122.3757562,-7.577003002,-15.34746647,47.626032427536416,-122.37575,1.4560427034602446,-7.869999886,VFR_alt,158.62843835338438,0.26407859749335016,2.537044104514056,4.645883881026357,0.22586232485988803,7.9415178298950195,-7.869999886
10/8/2025,11:20:32,2,ALT_HOLD,13.31031914893618,20.78218085106385,276.62000547872253,1899.00,25.555555555555557,47.6260441,-122.3757542,47.6260304,-122.3757552,-7.789048195,-15.26606178,47.626030520364345,-122.3757489,1.4000531675967764,-8.059999466,VFR_alt,157.91934228470578,0.2557343246137842,2.4394865799034675,4.296593727621438,0.22713407197858615,8.137887001037598,-8.059999466
10/8/2025,11:20:33,2,ALT_HOLD,13.358936842105244,19.34821052631571,258.47110705263225,1905.00,25.61111111111111,47.6260367,-122.3757473,47.6260284,-122.3757539,-8.02392292,-15.17106819,47.62602840785944,-122.3757477,1.353210499412135,-8.220000267,VFR_alt,160.65885976581714,0.27195860367072255,2.357866779278725,4.013548711781055,0.25335729512703725,8.295645713806152,-8.220000267
10/8/2025,11:20:34,2,ALT_HOLD,13.391707602339183,17.289766081871385,231.53083146198856,1909.00,25.694444444444443,47.6260296,-122.3757442,47.6260261,-122.3757525,-8.289466858,-15.06870556,47.62602602,-122.3757463,1.306315735766762,-8.329999924,VFR_alt,170.67374389704256,0.2840440855388753,2.2761562062602723,3.7393563020203833,0.2845903923607757,8.399091720581055,-8.329999924
10/8/2025,11:20:35,2,ALT_HOLD,13.286806451612847,24.591935483870966,325.8638087096784,1916.00,25.77777777777778,47.6260235,-122.3757409,47.6260236,-122.3757504,-8.561812401,-14.8900919,47.62602356998608,-122.3757439,1.3549462172292894,-8.38999939,VFR_alt,169.08317771572746,0.31163747047865265,2.360891136081332,4.025009908418311,0.32569147248869473,8.461418151855469,-8.38999939
10/8/2025,11:20:36,2,ALT_HOLD,13.413954285714299,15.73114285714284,211.01682754285713,1921.00,25.833333333333332,47.6260211,-122.3757383,47.6260213,-122.3757477,-8.82095623,-14.70167255,47.626021239200526,-122.3757414,1.4144571052278792,-8.460000038,VFR_alt,164.0168038368007,0.3139732321671077,2.464584350018269,4.384272574117099,0.32040189253986023,8.532792091369629,-8.460000038
10/8/2025,11:20:37,2,ALT_HOLD,13.406152046783609,16.332222222222263,218.9506083040927,1925.00,25.88888888888889,47.6260262,-122.3757463,47.626019,-122.375746,-9.07307148,-14.57766819,47.626018971631275,-122.3757398,1.427836207,-8.559999466,VFR_alt,165.31548621621982,0.2918408324843959,2.487896421150849,4.467334319,0.2809611741724166,8.630392074584961,-8.559999466
10/8/2025,11:20:38,2,ALT_HOLD,13.407219251336846,16.209358288770023,217.31812374331503,1930.00,25.944444444444443,47.626027,-122.375742,47.6260167,-122.3757444,-9.326369286,-14.45728493,47.62601669342591,-122.3757382,1.4513368472695989,-8.649999619,VFR_alt,165.67028989921457,0.2968018909189153,2.528844506606118,4.617348840711054,0.2804494755540521,8.723731041,-8.649999619
10/8/2025,11:20:39,2,ALT_HOLD,13.415780748663073,13.593743315508023,182.36934967914422,1933.00,26.00,47.6260298,-122.3757449,47.6260145,-122.3757429,-9.567100525,-14.34563446,47.626014528246465,-122.3757367,1.5487165310803581,-8.729999542,VFR_alt,163.19331062003639,0.29666651187733534,2.6985212283976003,5.2564159454945205,0.265362688,8.795948982,-8.729999542
10/8/2025,11:20:40,2,ALT_HOLD,13.446553191489377,14.160851063829822,190.33176638297886,1938.00,26.055555555555557,47.6260315,-122.3757453,47.6260124,-122.3757416,-9.811258316,-14.24928856,47.62601233224799,-122.3757354,1.5829786670968888,-8.779999733,VFR_alt,162.6154307104501,0.3218154068639938,2.7582204047900354,5.491367738659579,0.26247963674734126,8.845098495483398,-8.779999733
10/8/2025,11:20:41,2,ALT_HOLD,13.415888888888915,15.079444444444464,202.3041711111116,1942.00,26.11111111111111,47.6260315,-122.375742,47.6260103,-122.3757399,-10.03189754,-14.12283802,47.62601034777964,-122.3757337,1.6498333096504212,-8.809999466,VFR_alt,163.90831519360586,0.27241701144311165,2.8747095546939097,5.9671160777030146,0.2543057372844418,8.872342109680176,-8.809999466
10/8/2025,11:20:42,2,ALT_HOLD,13.520342245989259,2.591711229946514,35.040967700534694,1942.00,26.13888888888889,47.626026,-122.3757344,47.6260092,-122.3757387,-10.12591362,-14.04289627,47.626009502182384,-122.3757327,1.7426737438548694,-8.899999619,VFR_alt,162.91474855017756,0.1271953542920995,3.036476977928943,6.657628075027421,0.12340869381209325,8.972511291503906,-8.899999619
10/8/2025,11:20:43,2,ALT_HOLD,13.60073913043482,3.123043478260864,42.47490304347838,1943.00,26.13888888888889,47.6260208,-122.3757293,47.6260093,-122.3757379,-10.11277103,-13.97329044,47.62600962038912,-122.3757317,1.6465760450000348,-9.069999695,VFR_alt,163.6946752606722,0.0610722,2.8690340178030893,5.94267275,0.070835717,9.140560150146484,-9.069999695
10/8/2025,11:20:44,2,ALT_HOLD,13.498000000000019,10.610855614973246,142.60190122994615,1947.00,26.194444444444443,47.626014,-122.3757228,47.6260086,-122.3757364,-10.21737576,-13.8728447,47.62600867955572,-122.3757304,1.5025133213257407,-9.260000229,VFR_alt,165.06205980042128,0.17203865052863238,2.618015635643332,4.952287215999773,0.14502239770398911,9.330222129821777,-9.260000229
10/8/2025,11:20:45,2,ALT_HOLD,13.286465240641705,24.219999999999942,321.79818812834185,1954.00,26.27777777777778,47.6260049,-122.3757141,47.626007,-122.3757355,-10.39221287,-13.81762695,47.62600710703973,-122.3757297,1.4201069088543163,-9.399999619,VFR_alt,182.2070650542582,0.17513813285585395,2.474428704821908,4.420956051742334,0.18334943418210303,9.468489646911621,-9.399999619
10/8/2025,11:20:46,2,ALT_HOLD,13.308810055865917,23.046145251396776,306.70900435754197,1959.00,26.36111111111111,47.6259965,-122.3757037,47.6260064,-122.3757371,-10.42959595,-13.96108246,47.62600677080967,-122.3757316,1.2888826624641205,-9.479999542,VFR_alt,235.46305147942854,0.13941052156453693,2.245780396717791,3.644918388064581,0.14824633775015536,9.547595024108887,-9.479999542
10/8/2025,11:20:47,2,ALT_HOLD,13.352784530386772,20.323977900552535,270.78601060773445,1965.00,26.444444444444443,47.6259922,-122.375701,47.6260064,-122.3757391,-10.4535284,-14.10737133,47.62600655555689,-122.3757335,1.2282872805937877,-9.510000229,VFR_alt,259.8308090667249,0.1890015136965072,2.1401975343679682,3.306205974513438,0.1482335876208486,9.575388908,-9.510000229
10/8/2025,11:20:48,2,ALT_HOLD,13.32709473684216,19.05000000000006,253.88115473684292,1970.00,26.50,47.6259861,-122.3756919,47.6260049,-122.3757407,-10.6231699,-14.23411751,47.62600503,-122.3757352,1.291368381600631,-9.539999962,VFR_alt,246.6146962742122,0.22981424794385308,2.250111574001105,3.6566306393122128,0.21176125777900792,9.602195739746094,-9.539999962
10/8/2025,11:20:49,2,ALT_HOLD,13.395929729729682,16.774108108108127,224.65685470270301,1975.00,26.555555555555557,47.6259817,-122.375699,47.626004,-122.3757435,-10.70949745,-14.4499445,47.626004253325846,-122.3757381,1.2737837611018001,-9.539999962,VFR_alt,247.9336337931151,0.2517829768561028,2.219471704950111,3.5566334517841156,0.23245157606661454,9.610045433044434,-9.539999962
10/8/2025,11:20:50,2,ALT_HOLD,13.423047872340387,17.90632978723411,240.3482988829786,1980.00,26.63888888888889,47.6259853,-122.3757091,47.6260032,-122.3757465,-10.81494236,-14.67046738,47.62600330493561,-122.375741,1.2437766016797815,-9.529999733,VFR_alt,249.49028812601935,0.23360985208381999,2.167186502926897,3.3903522630992398,0.24443602332924536,9.591460227966309,-9.529999733
10/8/2025,11:20:51,2,ALT_HOLD,13.420956284153005,15.152622950819621,203.36268158469937,1984.00,26.694444444444443,47.6259853,-122.3757091,47.6260018,-122.3757492,-10.96694851,-14.87722683,47.626001937765324,-122.3757438,1.3508196554548753,-9.5,VFR_alt,248.03626485189784,0.26386639068686896,2.353700914807732,4.001189167108488,0.25662295445445354,9.562111854553223,-9.5
10/8/2025,11:20:52,2,ALT_HOLD,13.417257731958745,15.349536082474176,205.94868273195854,1988.00,26.75,47.6259757,-122.3757028,47.6260006,-122.3757517,-11.09855366,-15.05770779,47.62600075408526,-122.3757462,1.3939690540746315,-9.469999313,VFR_alt,245.86560299773575,0.2656223426774605,2.428885473008821,4.258205669154079,0.22336806153531027,9.534505844116211,-9.469999313
10/8/2025,11:20:53,2,ALT_HOLD,13.348265957446756,19.670957446808476,262.32498489361654,1994.00,26.805555555555557,47.6259633,-122.3756902,47.625999,-122.3757541,-11.30215549,-15.22731209,47.62599892285422,-122.3757484,1.4185637882415285,-9.43999958,VFR_alt,237.34794327102196,0.2896789642090493,2.4717399340572026,4.410402398648452,0.26498929632238416,9.500890731811523,-9.43999958
10/8/2025,11:20:54,2,ALT_HOLD,13.295074468085103,29.382287234042558,390.6351268085115,2002.00,26.916666666666668,47.6259611,-122.3756972,47.6259963,-122.3757561,-11.61135197,-15.38182735,47.62599614188632,-122.3757505,1.4965957308069189,-9.420000076,VFR_alt,224.3194622072314,0.3226597668959739,2.607704682466608,4.908980933690221,0.3456550678891953,9.480082511901855,-9.420000076
10/8/2025,11:20:55,2,ALT_HOLD,13.117269841269833,34.34380952380949,450.4968961904749,2011.00,27.055555555555557,47.6259595,-122.3756985,47.6259933,-122.3757586,-11.93967819,-15.58755398,47.625993188862005,-122.3757532,1.5499999523162842,-9.399999619,VFR_alt,224.2420766225872,0.35251715432399167,2.700757493,5.265200748009203,0.38745522817261013,9.464395523071289,-9.399999619
10/8/2025,11:20:56,2,ALT_HOLD,13.129691011235915,34.27,449.9848654494389,2021.00,27.166666666666668,47.6259527,-122.3756994,47.6259904,-122.3757617,-12.27049541,-15.81321907,47.62599021343321,-122.3757562,1.6303932378801067,-9.369999886,VFR_alt,224.4774810543712,0.36995586953806076,2.8408367023668464,5.826884263451226,0.4004557013257784,9.438788414001465,-9.369999886
10/8/2025,11:20:57,2,ALT_HOLD,13.117005617977595,34.36999999999991,450.8314830898856,2031.00,27.305555555555557,47.6259517,-122.3757043,47.6259872,-122.375764,-12.6242342,-15.97576237,47.625987031843856,-122.3757584,1.748764011297333,-9.349999428,VFR_alt,217.10282749883052,0.37073154379142803,3.0470888075635405,6.705037006530528,0.38929609708278123,9.415018081665039,-9.349999428
10/8/2025,11:20:58,2,ALT_HOLD,13.110668421052651,34.23578947368422,448.85400373684195,2040.00,27.416666666666668,47.6259488,-122.3757029,47.6259843,-122.3757665,-12.94281292,-16.17231941,47.62598416649034,-122.375761,1.8145262542523837,-9.329999924,VFR_alt,216.50255225297664,0.3620057145231648,3.1616745339246086,7.215034148145316,0.37433550837232027,9.399441719055176,-9.329999924
10/8/2025,11:20:59,2,ALT_HOLD,13.125999999999966,34.06032085561503,447.07472898395764,2050.00,27.555555555555557,47.6259399,-122.3756971,47.625981,-122.3757687,-13.32150459,-16.32973862,47.62598076047026,-122.3757631,1.8631550194745394,-9.319999695,VFR_alt,217.14037036677314,0.38050338386851834,3.2464064733268563,7.6080794815611945,0.4101075339747313,9.388239860534668,-9.319999695
10/8/2025,11:21:00,2,ALT_HOLD,13.127677419354828,33.80016129032269,443.7176154838702,2059.00,27.666666666666668,47.6259391,-122.3757068,47.6259778,-122.375771,-13.6763134,-16.5030117,47.62597756925693,-122.3757654,1.914032220840454,-9.329999924,VFR_alt,217.66447798786322,0.38593247580912804,3.335056142373522,8.028254683,0.3948580153818625,9.393430709838867,-9.329999924
10/8/2025,11:21:01,2,ALT_HOLD,13.129425531914862,34.03505319148925,446.8595838297874,2068.00,27.805555555555557,47.6259284,-122.375694,47.6259743,-122.3757734,-14.05738163,-16.68574715,47.625974141861676,-122.3757678,1.9465424849631938,-9.329999924,VFR_alt,217.056482,0.40325599464964357,3.3917028147085997,8.303220941,0.4226171291350871,9.393091201782227,-9.329999924
10/8/2025,11:21:02,2,ALT_HOLD,13.119648351648351,34.311208791208855,450.15139076923066,2078.00,27.916666666666668,47.6259336,-122.375714,47.625971,-122.3757757,-14.42965603,-16.85684776,47.62597079,-122.3757701,1.9645603790388002,-9.319999695,VFR_alt,217.02548006942152,0.4102576111371701,3.4230976301433733,8.457671181924342,0.4097116656332501,9.388561248779297,-9.319999695
10/8/2025,11:21:03,2,ALT_HOLD,13.117095744680814,33.92,444.9724176595743,2087.00,28.055555555555557,47.6259392,-122.3757313,47.6259677,-122.3757782,-14.7841301,-17.04718018,47.62596760535704,-122.3757726,2.0006382782408534,-9.319999695,VFR_alt,216.6838911359133,0.40304201032887116,3.485960636,8.771187762645589,0.4023410145572793,9.381949424743652,-9.319999695
10/8/2025,11:21:04,2,ALT_HOLD,13.116297297297267,33.887567567567665,444.4800854054041,2097.00,28.166666666666668,47.6259392,-122.3757313,47.6259647,-122.375781,-15.12023354,-17.25681686,47.62596458238307,-122.3757754,2.0294053773622256,-9.319999695,VFR_alt,216.81679926498654,0.39666368155866055,3.536085127,9.024628703364352,0.39612253531353353,9.380968094,-9.319999695
10/8/2025,11:21:05,2,ALT_HOLD,13.126834254143626,34.09508287292835,447.5573086740328,2106.00,28.305555555555557,47.6259395,-122.3757394,47.6259619,-122.3757839,-15.42037773,-17.47828102,47.62596188283291,-122.3757784,2.0702761760732744,-9.309999466,VFR_alt,217.04236633188296,0.3839320685323431,3.6072993977034438,9.392390477539642,0.3730052426016907,9.375833511352539,-9.309999466
10/8/2025,11:21:06,2,ALT_HOLD,13.199395061728401,37.622222222222256,496.57536716049276,2116.00,28.416666666666668,47.6259413,-122.3757444,47.6259597,-122.3757872,-15.64844322,-17.74126434,47.62595983157139,-122.3757819,2.1235801290582725,-9.319999695,VFR_alt,226.3761015653136,0.366950219,3.7001774976015462,9.881958752030425,0.3481006977646363,9.381322860717773,-9.319999695
10/8/2025,11:21:07,2,ALT_HOLD,13.078473988439262,37.76895953757218,493.62205236994134,2126.00,28.555555555555557,47.6259395,-122.3757435,47.6259589,-122.375792,-15.75219822,-18.09949303,47.625958898380446,-122.3757866,2.043063542746395,-9.309999466,VFR_alt,243.10431005814112,0.3830952075864538,3.559883445694487,9.149406527336819,0.37295159084914714,9.378067970275879,-9.309999466
10/8/2025,11:21:08,2,ALT_HOLD,13.118167597765376,33.55,440.04747296089397,2135.00,28.666666666666668,47.6259436,-122.3757585,47.6259567,-122.3757965,-16.00283432,-18.43102074,47.62595664411482,-122.375791,2.034078179790987,-9.309999466,VFR_alt,243.06512669984338,0.4132023701787661,3.544227131454003,9.067933329573316,0.4156068785290414,9.376542091369629,-9.309999466
10/8/2025,11:21:09,2,ALT_HOLD,13.052160220994447,33.911767955801196,442.62121176795546,2145.00,28.805555555555557,47.6259427,-122.3757593,47.6259551,-122.3758007,-16.16501427,-18.74679565,47.625955185439544,-122.3757952,2.066961262107554,-9.309999466,VFR_alt,244.19785039628505,0.4132852633355072,3.6015234112480217,9.362241112838582,0.35498751212287327,9.376221656799316,-9.309999466
10/8/2025,11:21:10,2,ALT_HOLD,13.11664779874215,33.69132075471695,441.91406716981044,2155.00,28.916666666666668,47.6259401,-122.3757632,47.6259538,-122.375805,-16.31056023,-19.06483078,47.625953876373295,-122.3757995,2.0957860721732087,-9.300000191,VFR_alt,242.7569485649729,0.3829116798796744,3.6517484590896916,9.625218867575793,0.3497570121076252,9.366194725036621,-9.300000191
10/8/2025,11:21:11,2,ALT_HOLD,13.081005780346805,37.04011560693627,484.44162526011525,2165.00,29.055555555555557,47.6259341,-122.3757671,47.625952,-122.3758084,-16.51973915,-19.31151962,47.625951994980895,-122.3758028,2.1151443988601595,-9.300000191,VFR_alt,240.50956391074578,0.3732962677244506,3.685478876801804,9.803916294988245,0.3234365588940198,9.360425949,-9.300000191
10/8/2025,11:21:12,2,ALT_HOLD,13.012999999999963,33.827167630057694,440.19293236994133,2175.00,29.194444444444443,47.6259321,-122.3757698,47.6259505,-122.3758116,-16.69078636,-19.55304527,47.62595046,-122.375806,2.0367629707204125,-9.300000191,VFR_alt,246.07117667681484,0.3214045058440611,3.5489051762552744,9.091957080672355,0.2959590983661327,9.363452911376953,-9.300000191
10/8/2025,11:21:13,2,ALT_HOLD,13.104416666666653,33.624166666666724,440.45565000000056,2184.00,29.305555555555557,47.6259324,-122.3757764,47.6259469,-122.3758133,-17.11162376,-19.6450901,47.62594667146567,-122.3758072,2.108630891357149,-9.279999733,VFR_alt,220.1092758,0.32222038755814236,3.674129583425338,9.75447716,0.4307857588181044,9.345625877380371,-9.279999733
10/8/2025,11:21:14,2,ALT_HOLD,13.10,34.521049382716086,452.1926532716051,2194.00,29.444444444444443,47.6259311,-122.3757813,47.6259436,-122.375813,-17.45911217,-19.62557411,47.62594354609333,-122.3758069,2.288148111767239,-9.289999962,VFR_alt,197.21636890034358,0.38361571232477826,3.9869247402004873,11.473580035828194,0.34803601014125757,9.356323242,-9.289999962
10/8/2025,11:21:15,2,ALT_HOLD,13.108006134969319,34.048957055214785,446.31372822085893,2203.00,29.555555555555557,47.6259273,-122.3757817,47.6259408,-122.3758138,-17.78609276,-19.70243454,47.62594060517189,-122.375808,2.2445398825077922,-9.309999466,VFR_alt,198.24229167580359,0.33385112936511363,3.910940704369634,11.040064512066522,0.33589259,9.373795509338379,-9.309999466
10/8/2025,11:21:16,2,ALT_HOLD,13.117082352941168,33.207882352941084,435.59,2212.00,29.694444444444443,47.6259272,-122.3757906,47.625937,-122.3758147,-18.21276283,-19.765728,47.62593676762556,-122.3758088,2.284176437995013,-9.319999695,VFR_alt,199.42071469546468,0.3461969538646586,3.9800043995367584,11.434468072895376,0.43133909415346916,9.385146141052246,-9.319999695
10/8/2025,11:21:17,2,ALT_HOLD,13.115662162162215,33.74155405405401,442.54514695945966,2222.00,29.805555555555557,47.6259272,-122.3757926,47.6259332,-122.3758156,-18.63511467,-19.83728409,47.62593296891821,-122.3758097,2.4000674743910095,-9.300000191,VFR_alt,202.11728604223964,0.38908480510518356,4.181935750832825,12.626350271795094,0.4283705738659848,9.367226600646973,-9.300000191
10/8/2025,11:21:18,2,ALT_HOLD,13.109918128654956,33.82999999999994,443.50853029239767,2231.00,29.916666666666668,47.6259222,-122.3757904,47.6259295,-122.3758166,-19.04167366,-19.9049015,47.62592931225452,-122.3758106,2.5234502700337194,-9.279999733,VFR_alt,203.02903218320193,0.40552423397699994,4.396920925058763,13.955596890008511,0.4121435766053674,9.345760345458984,-9.279999733
10/8/2025,11:21:19,2,ALT_HOLD,13.12905095541396,33.689299363057266,442.3071057324847,2241.00,30.055555555555557,47.6259197,-122.3757917,47.625926,-122.3758174,-19.43442535,-19.97069931,47.62592577977611,-122.3758115,2.5890445010677263,-9.269999504,VFR_alt,203.35052506494833,0.39689241074452736,4.511213903375594,14.689380157166145,0.3982251174531638,9.334043502807617,-9.269999504
10/8/2025,11:21:20,2,ALT_HOLD,13.11187573964497,33.83485207100603,443.6389844378698,2250.00,30.166666666666668,47.6259187,-122.3757936,47.6259223,-122.3758186,-19.83853531,-20.06743622,47.62592214513948,-122.3758128,2.6569820988107713,-9.279999733,VFR_alt,203.20860629312085,0.3965419446222881,4.629590020655142,15.469705591895721,0.4155272373231265,9.340553283691406,-9.279999733
10/8/2025,11:21:21,2,ALT_HOLD,13.134322981366436,33.879130434782596,444.97954062111796,2259.00,30.305555555555557,47.6259165,-122.3757942,47.6259188,-122.37582,-20.23300934,-20.16791344,47.62591859717007,-122.3758141,2.7100621276760695,-9.279999733,VFR_alt,202.14899920620522,0.40374985577897254,4.7220779497385985,16.093937550973234,0.40706932019685643,9.348758697509766,-9.279999733
10/8/2025,11:21:22,2,ALT_HOLD,13.108920731707286,33.93487804878052,444.8498096341446,2269.00,30.416666666666668,47.625896,-122.3757774,47.6259153,-122.3758212,-20.6161747,-20.25795555,47.62591515091284,-122.3758153,2.761890232563019,-9.300000191,VFR_alt,201.80700999650057,0.3944432342924723,4.812384496132524,16.71526050248498,0.3936029408662187,9.362215995788574,-9.300000191
10/8/2025,11:21:23,2,ALT_HOLD,13.103850931677018,34.092173913043545,446.7394749068315,2278.00,30.555555555555557,47.6258923,-122.3757771,47.6259117,-122.375822,-21.02936745,-20.31027031,47.62591143458394,-122.375816,2.7924844315333397,-9.359999657,VFR_alt,200.57735494514765,0.3888116573324855,4.865692570095963,17.08743940587657,0.4164913946069169,9.429852485656738,-9.359999657
10/8/2025,11:21:24,2,ALT_HOLD,13.104169811320773,35.84094339622634,469.66513679245367,2288.00,30.666666666666668,47.6258874,-122.3757785,47.625908,-122.3758224,-21.43328667,-20.34191132,47.62590780166281,-122.3758165,2.762452818312735,-9.5,VFR_alt,197.2539196241632,0.3552889630854505,4.8133647591812725,16.72297066593489,0.4051566234830162,9.565422058105469,-9.5
10/8/2025,11:21:25,2,ALT_HOLD,13.043452830188672,38.14433962264151,497.5137915094331,2299.00,30.833333333333332,47.6258865,-122.3757873,47.6259048,-122.3758228,-21.78792,-20.37440109,47.62590461202771,-122.3758169,2.6638363982146642,-9.710000038,VFR_alt,196.20955019347957,0.30231077,4.641533118101318,15.552359438414738,0.3561184988909708,9.775319099,-9.710000038
10/8/2025,11:21:26,2,ALT_HOLD,12.940965116279093,43.08186046511641,557.4910910465126,2311.00,30.97222222222222,47.6258865,-122.3757873,47.6259022,-122.3758242,-22.06678963,-20.47848129,47.62590210382477,-122.3758183,2.5168022554974225,-9.989999771,VFR_alt,196.52002446370378,0.28456651679305145,4.385337263366718,13.887288072561187,0.29765913054869647,10.054301261901855,-9.989999771
10/8/2025,11:21:27,2,ALT_HOLD,12.846591836734715,47.15020408163276,605.72,2324.00,31.13888888888889,47.6258758,-122.3757804,47.6258996,-122.3758244,-22.35872269,-20.48756981,47.62589947812703,-122.3758184,2.3124489200358487,-10.30999947,VFR_alt,195.29700225831752,0.2727114831914707,4.029267058,11.731839941508122,0.2920744981485316,10.373001098632812,-10.30999947
10/8/2025,11:21:28,2,ALT_HOLD,12.888764705882293,48.52679144385013,625.4128489304821,2338.00,31.333333333333332,47.6258668,-122.3757719,47.625897,-122.3758241,-22.64741707,-20.46370697,47.62589688155854,-122.3758181,2.0505882297607667,-10.65999985,VFR_alt,192.16964436713056,0.24274821053532994,3.572994642764987,9.244372510459375,0.2896789276183677,10.726737976074219,-10.65999985
10/8/2025,11:21:29,2,ALT_HOLD,12.902977528089934,50.51275280898887,651.7209151123623,2352.00,31.50,47.6258648,-122.3757778,47.6258942,-122.3758235,-22.96048355,-20.40368843,47.625894065783044,-122.3758173,1.7273595098699077,-11.01000023,VFR_alt,190.9903617502034,0.24650794150454275,3.009793085379386,6.560882304325073,0.31876770157529155,11.075482368469238,-11.01000023
10/8/2025,11:21:30,2,ALT_HOLD,12.992155080213864,42.83470588235284,556.5125706417122,2364.00,31.63888888888889,47.6258677,-122.3757867,47.6258912,-122.3758231,-23.29319572,-20.38382721,47.62589107331071,-122.375817,1.4583422047569152,-11.27999973,VFR_alt,195.3127741145148,0.2806658292199201,2.541050811,4.673105746756047,0.3333044531382887,11.342667579650879,-11.27999973
10/8/2025,11:21:31,2,ALT_HOLD,13.094112820512876,37.80682051282038,495.00580805128055,2374.00,31.77777777777778,47.6258643,-122.3757836,47.625888,-122.3758231,-23.65429878,-20.38579559,47.62588782548572,-122.375817,1.261025621340825,-11.46000004,VFR_alt,195.86007925632282,0.3183244755634895,2.1972416129423458,3.489573774191213,0.36110842268153026,11.52353286743164,-11.46000004
10/8/2025,11:21:32,2,ALT_HOLD,13.10241884816753,34.36,450.1768864921471,2383.00,31.916666666666668,47.6258585,-122.3757761,47.6258847,-122.3758234,-24.0258255,-20.40993118,47.62588448390849,-122.3758174,1.1438743275497596,-11.57999992,VFR_alt,195.57567502395906,0.351158315,1.9931143586094242,2.869036491608498,0.3723098561372483,11.644987106323242,-11.57999992
10/8/2025,11:21:33,2,ALT_HOLD,13.109915254237261,33.80192090395482,443.1402830508478,2393.00,32.02777777777778,47.6258535,-122.3757734,47.6258809,-122.3758233,-24.46004295,-20.38372612,47.625880578479666,-122.375817,1.1037853309663677,-11.65999985,VFR_alt,189.59617131955824,0.3796745291200735,1.9232623191080613,2.669806464431076,0.43500747328313055,11.72360610961914,-11.65999985
10/8/2025,11:21:34,2,ALT_HOLD,13.103134078212358,33.502681564245684,438.99133083798876,2402.00,32.166666666666664,47.625854,-122.3757795,47.6258769,-122.3758213,-24.89601517,-20.23472404,47.625876657268186,-122.375815,1.1302234587056676,-11.71000004,VFR_alt,177.39846639006893,0.40845684315905223,1.9693287538053261,2.799348335917873,0.4607313637797276,11.771793365478516,-11.71000004
10/8/2025,11:21:35,2,ALT_HOLD,13.129535353535337,33.19035353535353,435.77,2411.00,32.27777777777778,47.6258514,-122.3757829,47.6258729,-122.3758203,-25.34012413,-20.15944481,47.625872662873334,-122.375814,1.1600504716237385,-11.71999931,VFR_alt,177.09428392386246,0.40223392242133016,2.021300064192872,2.9501984069245006,0.45044393033633207,11.786614418029785,-11.71999931
10/8/2025,11:21:36,2,ALT_HOLD,13.129607526881701,33.25892473118292,436.67677489247274,2420.00,32.388888888888886,47.6258498,-122.3757816,47.6258685,-122.3758193,-25.8337307,-20.09618759,47.62586822328826,-122.3758132,1.2420967477624134,-11.71999931,VFR_alt,182.87385626465482,0.4316069804212099,2.1642594847375434,3.3820050740512877,0.4976433651899201,11.788586616516113,-11.71999931
10/8/2025,11:21:37,2,ALT_HOLD,13.160111111111108,32.644814814814765,429.4474381481493,2428.00,32.50,47.6258498,-122.3757816,47.6258646,-122.3758192,-26.2659874,-20.08121872,47.62586433549479,-122.375813,1.3271604467321325,-11.71999931,VFR_alt,185.05633824603936,0.40487228002813125,2.3124765359726536,3.863466407028573,0.43251580389956756,11.783123970031738,-11.71999931
10/8/2025,11:21:38,2,ALT_HOLD,13.327953608247396,21.15149484536084,280.0707366494846,2434.00,32.583333333333336,47.6258345,-122.375765,47.6258607,-122.3758185,-26.699049,-20.03432655,47.625860440461885,-122.3758124,1.4428865608480788,-11.71000004,VFR_alt,184.68490412751143,0.42469452475149605,2.514120522689834,4.563691314301922,0.4355929572514273,11.774070739746094,-11.71000004
10/8/2025,11:21:39,2,ALT_HOLD,13.121285714285692,33.10708571428556,434.4063246857142,2444.00,32.69444444444444,47.6258299,-122.3757624,47.6258575,-122.3758179,-27.04522514,-19.98462105,47.62585732689216,-122.3758117,1.5095999908447266,-11.68999958,VFR_alt,182.60395824488378,0.3049026737894331,2.6303636204112726,4.996002940183968,0.349726411,11.753935813903809,-11.68999958
10/8/2025,11:21:40,2,ALT_HOLD,13.65252941176467,16.777433155080168,229.62761080213988,2446.00,32.75,47.6258309,-122.3757732,47.6258553,-122.3758172,-27.26563644,-19.93767738,47.62585534,-122.3758111,1.6127272429950734,-11.67000008,VFR_alt,181.9421320338301,0.15805250721022407,2.8100550446126213,5.700423799724697,0.2253549402603093,11.732215881347656,-11.67000008
10/8/2025,11:21:41,2,ALT_HOLD,13.428109947643945,14.545863874345589,195.27,2450.00,32.77777777777778,47.6258313,-122.3757767,47.625854,-122.3758165,-27.42442322,-19.87705994,47.625853916317354,-122.3758103,1.6433507678396415,-11.63000011,VFR_alt,178.8280464,0.22885857729231499,2.8634142166902774,5.917749355723291,0.16996386193784796,11.69676685333252,-11.63000011
10/8/2025,11:21:42,2,ALT_HOLD,13.21200546448087,33.77999999999997,446.30154459016507,2459.00,32.916666666666664,47.6258221,-122.375766,47.6258515,-122.3758147,-27.71300697,-19.72997093,47.625851320743806,-122.3758083,1.6937157814619972,-11.60999966,VFR_alt,163.71882515842103,0.27894441872998016,2.9511714373958973,6.286861295923132,0.3239070224373395,11.671043395996094,-11.60999966
10/8/2025,11:21:43,2,ALT_HOLD,13.096096256684486,34.74732620320865,455.03621657753985,2469.00,33.05555555555556,47.6258121,-122.3757513,47.625848,-122.3758123,-28.10519409,-19.57321548,47.62584779334322,-122.3758062,1.745347557220867,-11.59999943,VFR_alt,167.5729900433163,0.3342018452557651,3.041135895157574,6.676006415131297,0.42235412419768703,11.660585403442383,-11.59999943
10/8/2025,11:21:44,2,ALT_HOLD,13.059846938775534,37.78249999999999,493.39038163265343,2480.00,33.19444444444444,47.6258158,-122.3757671,47.6258446,-122.3758137,-28.47337532,-19.69552612,47.62584448185587,-122.3758079,1.8120918054969943,-11.56999969,VFR_alt,203.34535708395072,0.3219548375630865,3.157432691,7.198246682916328,0.3879656033642194,11.634529113769531,-11.56999969
10/8/2025,11:21:45,2,ALT_HOLD,13.10175882352942,33.90776470588241,444.2508263529416,2489.00,33.30555555555556,47.6258146,-122.3757654,47.6258414,-122.3758145,-28.83261299,-19.73454094,47.62584125080848,-122.3758084,1.9771175959530998,-11.53999996,VFR_alt,209.05504453799426,0.3741551537724102,3.4449776293122247,8.573050916727947,0.3613500520025179,11.607488632202148,-11.53999996
10/8/2025,11:21:46,2,ALT_HOLD,13.132337423312928,33.371963190184154,438.25,2498.00,33.416666666666664,47.6258045,-122.3757507,47.6258384,-122.3758136,-29.16145706,-19.66915703,47.62583829312653,-122.3758075,2.0947238360445923,-11.5199995,VFR_alt,194.15680622980213,0.36150693125520017,3.649897593108012,9.615390096481892,0.33528119317223887,11.58456802368164,-11.5199995
10/8/2025,11:21:47,2,ALT_HOLD,13.128611464968143,33.46,439.34540025477673,2508.00,33.55555555555556,47.6258078,-122.3757617,47.6258355,-122.3758138,-29.490345,-19.68482018,47.62583534,-122.3758077,2.1203183565929438,-11.5,VFR_alt,190.5651465979128,0.3354776638328649,3.6944941061846848,9.852582094163472,0.3292607035326406,11.562769889831543,-11.5
10/8/2025,11:21:48,2,ALT_HOLD,13.111421052631615,35.38502923976613,463.94686233918065,2517.00,33.666666666666664,47.6258078,-122.3757617,47.6258322,-122.3758138,-29.86154175,-19.6865921,47.62583199644055,-122.3758077,2.217485373480278,-11.48999977,VFR_alt,186.1571271748162,0.3456960358814886,3.8638002719732065,10.777479950353888,0.37120097599440766,11.555611610412598,-11.48999977
10/8/2025,11:21:49,2,ALT_HOLD,13.058981707317033,37.00,483.2183193902435,2528.00,33.80555555555556,47.6257852,-122.375733,47.6258283,-122.3758114,-30.29109573,-19.48149109,47.625828132955704,-122.375805,2.295853614807129,-11.55000019,VFR_alt,172.66918590663184,0.35042697990812904,4.000350995497265,11.550178544366863,0.4760074076630428,11.611359596252441,-11.55000019
10/8/2025,11:21:50,2,ALT_HOLD,13.048549019607874,37.492418300653725,489.1957984313722,2538.00,33.94444444444444,47.6257911,-122.37575,47.625825,-122.3758089,-30.66510582,-19.29752731,47.62582476904255,-122.3758026,2.246666669845581,-11.69999981,VFR_alt,166.2069149326716,0.2873878122544756,3.91464647,11.061798414784699,0.4168047687108265,11.761591911315918,-11.69999981
10/8/2025,11:21:51,2,ALT_HOLD,13.018765432098787,37.36074074074062,486.3892575308655,2549.00,34.083333333333336,47.6257965,-122.3757656,47.6258216,-122.3758076,-31.0418148,-19.2124939,47.62582138085505,-122.3758014,2.179691338,-11.93999958,VFR_alt,170.42283678249268,0.2527040910941583,3.7979470287598494,10.413742906229865,0.38618692478214617,11.996124267578125,-11.93999958
10/8/2025,11:21:52,2,ALT_HOLD,13.032675824175797,40.31840659340644,525.26,2560.00,34.22222222222222,47.625796,-122.3757673,47.6258185,-122.3758061,-31.38145447,-19.09461403,47.62581832607559,-122.3757999,2.0320878605266195,-12.17999935,VFR_alt,173.3978823852912,0.31856438926943054,3.540759151,9.055875955364012,0.3595146232494706,12.234662055969238,-12.17999935
10/8/2025,11:21:53,2,ALT_HOLD,13.011255319148917,40.28648936170228,524.1060192553184,2572.00,34.388888888888886,47.625794,-122.3757651,47.6258154,-122.3758044,-31.72418976,-18.96685982,47.62581524345351,-122.3757982,1.8743616551794904,-12.38999939,VFR_alt,172.25784861765572,0.31331898493969695,3.265933187055167,7.702242378513416,0.3657712644671338,12.454207420349121,-12.38999939
10/8/2025,11:21:54,2,ALT_HOLD,12.93166666666665,45.000793650793476,581.93,2584.00,34.55555555555556,47.6257852,-122.375754,47.6258128,-122.3758031,-32.00536728,-18.8747139,47.625812714492945,-122.3757969,1.7056084259477242,-12.65999985,VFR_alt,169.5541118039635,0.22483217692564403,2.971893469454361,6.382815273138965,0.29589131232931976,12.714364051818848,-12.65999985
10/8/2025,11:21:55,2,ALT_HOLD,12.89505649717517,46.820677966101705,603.7372201694928,2597.00,34.69444444444444,47.6257852,-122.375754,47.6258105,-122.3758021,-32.26268005,-18.79993629,47.62581040017615,-122.3757959,1.483954785233837,-12.96999931,VFR_alt,171.2406637920033,0.21948918380306265,2.585678792452894,4.837422208816992,0.2679581197408925,13.02890396118164,-12.96999931
10/8/2025,11:21:56,2,ALT_HOLD,13.001010152284236,40.261015228426615,523.4079804060892,2608.00,34.861111111111114,47.6257649,-122.3757267,47.6258078,-122.3758009,-32.57451248,-18.70689201,47.625807595499914,-122.3757947,1.2595431096662724,-13.21999931,VFR_alt,175.44760030066413,0.2939782440662384,2.1946584486609235,3.4859527417100256,0.32541773363920024,13.281475067138672,-13.21999931
10/8/2025,11:21:57,2,ALT_HOLD,13.067670520231188,37.175433526011645,485.7902169364156,2618.00,34.97222222222222,47.625772,-122.3757435,47.6258047,-122.3757997,-32.90999603,-18.6146965,47.625804578101274,-122.3757935,1.0987283170567772,-13.38999939,VFR_alt,171.7969414198712,0.3293438085241814,1.914450855477721,2.6502793089584014,0.3479212917200201,13.449105262756348,-13.38999939
10/8/2025,11:21:58,2,ALT_HOLD,13.131956989247316,34.716129032258095,455.8824647311839,2628.00,35.111111111111114,47.6257731,-122.3757461,47.6258021,-122.3757977,-33.20032501,-18.46775055,47.625801966830856,-122.3757915,0.9886559010833822,-13.47999954,VFR_alt,163.7833609514767,0.2909582455952962,1.7226580094634747,2.1431824012250678,0.3253982629709948,13.54108715057373,-13.47999954
10/8/2025,11:21:59,2,ALT_HOLD,13.07372727272729,36.82335227272733,481.2693957954545,2638.00,35.25,47.6257731,-122.3757461,47.6257995,-122.3757974,-33.48948288,-18.45244217,47.62579936609364,-122.3757913,0.9365908974273638,-13.53999996,VFR_alt,160.32446301631333,0.2656222525984049,1.6319386849113124,1.9223291081502003,0.28956280631276793,13.604676246643066,-13.53999996
10/8/2025,11:22:00,2,ALT_HOLD,13.068964102564102,35.644358974358866,465.8231383589734,2648.00,35.388888888888886,47.6257843,-122.3757732,47.6257968,-122.3757973,-33.79631042,-18.45925331,47.62579660643221,-122.3757914,0.9177435621237143,-13.63000011,VFR_alt,169.53299977912195,0.3066958234860347,1.5990986309731452,1.845705915827285,0.30690313476324826,13.68817425,-13.63000011
10/8/2025,11:22:01,2,ALT_HOLD,13.067770053475972,37.76219251336912,493.38451053475956,2658.00,35.50,47.625782,-122.3757712,47.6257943,-122.3758,-34.07307434,-18.66001511,47.62579411716836,-122.3757941,0.9162031749990535,-13.67000008,VFR_alt,201.9554306156193,0.3391142693114153,1.5964146231044118,1.8394745828263193,0.3419116312112986,13.733210563659668,-13.67000008
10/8/2025,11:22:02,2,ALT_HOLD,13.117351955307205,32.99614525139661,432.8223315083795,2668.00,35.638888888888886,47.6257862,-122.3757822,47.6257913,-122.3758007,-34.40055847,-18.70846748,47.62579117171792,-122.3757947,0.9526256779052692,-13.68999958,VFR_alt,199.19914917713172,0.3730925804409901,1.6598780751379698,1.9889271891247762,0.33104907314870335,13.758780479431152,-13.68999958
10/8/2025,11:22:03,2,ALT_HOLD,13.110738219895316,36.09,473.09672921465966,2677.00,35.75,47.6257803,-122.375774,47.6257882,-122.3758007,-34.74935913,-18.69674683,47.625788034542836,-122.3757946,1.003979036945323,-13.71000004,VFR_alt,187.2282365908518,0.38533903120075846,1.7493574128592804,2.209785872924635,0.3489975267145436,13.776712417602539,-13.71000004
10/8/2025,11:22:04,2,ALT_HOLD,13.086937500000028,35.07585227272736,459.01255892045515,2687.00,35.888888888888886,47.6257785,-122.3757729,47.6257852,-122.3757998,-35.07728958,-18.64129066,47.62578508507811,-122.3757938,1.0522726774215698,-13.72999954,VFR_alt,179.35922925965585,0.32251441648060625,1.8335054227800134,2.426473789,0.3325864792405554,13.790337562561035,-13.72999954
10/8/2025,11:22:05,2,ALT_HOLD,13.185428571428586,28.854387755102014,380.1505239795923,2695.00,36.00,47.6257785,-122.3757729,47.6257827,-122.3758001,-35.36504364,-18.67189789,47.625782496966984,-122.3757942,1.0761734423588734,-13.69999981,VFR_alt,184.8436311,0.2554137362357305,1.8751506950192465,2.538776287319129,0.28937726328914776,13.768532752990723,-13.69999981
10/8/2025,11:22:06,2,ALT_HOLD,13.02217021276597,35.466808510638465,461.84216680851046,2705.00,36.111111111111114,47.6257738,-122.3757717,47.6257807,-122.3758037,-35.57182693,-18.95391464,47.62578063712123,-122.375798,1.1378191367108772,-13.69999981,VFR_alt,214.94362534808425,0.3504569687424822,1.9825636472992507,2.837301912808957,0.3497038469609687,13.768885612487793,-13.69999981
10/8/2025,11:22:07,2,ALT_HOLD,13.105824561403498,32.99,432.3002680701757,2714.00,36.25,47.6257757,-122.3757801,47.6257784,-122.3758063,-35.83601761,-19.13965034,47.62577826094334,-122.3758005,1.2169005445569578,-13.69999981,VFR_alt,214.4864798355358,0.3544930184793751,2.1203570094553097,3.247050978506735,0.3229465332316926,13.763410568237305,-13.69999981
10/8/2025,11:22:08,2,ALT_HOLD,13.11,35.29224719101115,462.49151494381925,2724.00,36.361111111111114,47.6257691,-122.3757711,47.6257759,-122.3758085,-36.11131287,-19.30566788,47.62577578488888,-122.3758027,1.307078597250949,-13.65999985,VFR_alt,215.54034383133654,0.3696060006538134,2.2774854346039315,3.744219233113341,0.3214798592241179,13.728236198425293,-13.65999985
10/8/2025,11:22:09,2,ALT_HOLD,13.115951086956507,33.04831521739132,433.46007798913075,2733.00,36.50,47.6257704,-122.3757836,47.6257735,-122.3758113,-36.37872314,-19.51331139,47.625773379753305,-122.3758054,1.3867934508168178,-13.63000011,VFR_alt,216.30572075393258,0.3479673949920613,2.416382527938389,4.216919297228005,0.3385617871885052,13.695422172546387,-13.63000011
10/8/2025,11:22:10,2,ALT_HOLD,13.08962983425418,34.73685082872919,454.6594934254149,2743.00,36.611111111111114,47.6257704,-122.3757836,47.6257711,-122.3758131,-36.6428833,-19.6515789,47.62577100384993,-122.3758073,1.450718182226571,-13.59999943,VFR_alt,213.93640414644722,0.32303961601046566,2.527766529637206,4.612164565974614,0.29815850555067963,13.667360305786133,-13.59999943
10/8/2025,11:22:11,2,ALT_HOLD,13.127416243654798,33.33918781725897,437.6543844162441,2752.00,36.75,47.6257688,-122.375792,47.6257691,-122.3758159,-36.86923218,-19.85623932,47.62576897,-122.37581,1.5180202873830262,-13.55999947,VFR_alt,215.71233463627914,0.30194064445301966,2.6450353492280074,5.051249983018632,0.30515520613571684,13.631364822387695,-13.55999947
10/8/2025,11:22:12,2,ALT_HOLD,13.110838709677376,34.464838709677494,451.8633535483854,2761.00,36.861111111111114,47.6257583,-122.3757854,47.6257669,-122.3758177,-37.11332321,-19.9960041,47.62576677262976,-122.3758119,1.6014516013924793,-13.53999996,VFR_alt,215.48679805212603,0.31457074611417707,2.7904080933353743,5.620431901111287,0.2812732269308765,13.603694915771484,-13.53999996
10/8/2025,11:22:13,2,ALT_HOLD,13.117465517241353,32.94063218390795,432.0948478160926,2770.00,36.97222222222222,47.6257583,-122.3757854,47.6257647,-122.3758194,-37.35669327,-20.11188889,47.62576458371623,-122.3758134,1.6475287141471073,-13.50999928,VFR_alt,211.4610221997711,0.2832886043122445,2.870693971619954,5.9493984022114805,0.26955197397177183,13.579288482666016,-13.50999928
10/8/2025,11:22:14,2,ALT_HOLD,13.127618090452218,33.63201005025134,441.5065843216072,2780.00,37.111111111111114,47.6257581,-122.3757904,47.6257624,-122.3758201,-37.61381531,-20.17520905,47.62576227111492,-122.3758142,1.7142712992040356,-13.48999977,VFR_alt,203.06980949440987,0.2673255601270714,2.986987869825205,6.4398497895412286,0.26480405208303837,13.56018066,-13.48999977
10/8/2025,11:22:15,2,ALT_HOLD,13.155825842696684,34.65999999999992,455.98092370786725,2790.00,37.25,47.6257508,-122.3757869,47.6257605,-122.3758222,-37.81130981,-20.3377037,47.62576049481422,-122.3758164,1.7720224509078466,-13.47999954,VFR_alt,219.80007810433798,0.26451522379778747,3.087614876581859,6.881143091717639,0.25575104021613687,13.545648574829102,-13.47999954
10/8/2025,11:22:16,2,ALT_HOLD,13.011000000000038,41.15696969696982,535.4533460606049,2800.00,37.361111111111114,47.6257456,-122.3757807,47.6257596,-122.3758254,-37.9243927,-20.57615662,47.625759477726625,-122.3758196,1.7995959122975667,-13.46000004,VFR_alt,239.55907780035082,0.30629796835810247,3.1356595441548505,7.097886537346629,0.26390818477630756,13.52779769897461,-13.46000004
10/8/2025,11:22:17,2,ALT_HOLD,13.093374269005896,33.26,435.53492976608186,2809.00,37.50,47.6257412,-122.3757828,47.6257581,-122.3758286,-38.08322525,-20.81750488,47.62575804915841,-122.3758228,1.8523976008097331,-13.43999958,VFR_alt,239.25847345878952,0.34103919696389584,3.227662486259384,7.519010872,0.28892345828366445,13.509883880615234,-13.43999958
10/8/2025,11:22:18,2,ALT_HOLD,13.06349735449733,39.830793650793744,520.3137893121698,2820.00,37.638888888888886,47.625743,-122.3757893,47.6257567,-122.3758315,-38.24316788,-21.03528595,47.62575661060597,-122.3758257,1.890899445644762,-13.43999958,VFR_alt,241.49319827003225,0.3305084027310528,3.294749034077998,7.835135108396534,0.270204066,13.501194953918457,-13.43999958
10/8/2025,11:22:19,2,ALT_HOLD,12.975362162162147,42.49027027027021,551.3259403243229,2832.00,37.77777777777778,47.6257426,-122.3757935,47.625757,-122.3758354,-38.17870712,-21.32761002,47.62575719037738,-122.3758296,1.8828648573643452,-13.42999935,VFR_alt,269.6690941024445,0.32891937252637504,3.280749372680301,7.768777844663059,0.29934686989287423,13.492227554321289,-13.42999935
10/8/2025,11:22:20,2,ALT_HOLD,13.021799999999986,38.60859459459444,502.6893899999987,2842.00,37.916666666666664,47.625746,-122.3758093,47.6257584,-122.375839,-38.02004242,-21.59585762,47.62575861743586,-122.3758331,1.880432427251661,-13.42000008,VFR_alt,291.43200173001264,0.3710939950234181,3.276511047483958,7.748397052,0.3116588926142238,13.485427856445312,-13.42000008
10/8/2025,11:22:21,2,ALT_HOLD,13.109297297297267,32.868054054054056,430.87669735135165,2852.00,38.05555555555556,47.6257453,-122.37581,47.6257593,-122.3758431,-37.93870544,-21.90499306,47.62575934899498,-122.3758373,1.8461621084728757,-13.40999985,VFR_alt,275.40154494207707,0.3624303606716362,3.2167976132482026,7.468798021386917,0.3196567251513146,13.477348327636719,-13.40999985
10/8/2025,11:22:22,2,ALT_HOLD,13.040129032258056,32.48048387096782,423.5101106451608,2861.00,38.166666666666664,47.6257445,-122.3758112,47.625758,-122.3758466,-38.09208298,-22.16989136,47.625757969490145,-122.3758408,1.8572042898465229,-13.44999981,VFR_alt,251.71453658255476,0.3672631197078254,3.2360377777628724,7.558241858116584,0.30609765933442834,13.510994911193848,-13.44999981
10/8/2025,11:22:23,2,ALT_HOLD,13.105662921348355,33.62348314606731,440.66,2870.00,38.27777777777778,47.625748,-122.3758216,47.6257576,-122.3758507,-38.13795853,-22.47872353,47.62575755687723,-122.3758449,1.831404416748647,-13.44999981,VFR_alt,251.19151172347492,0.31532586391052503,3.191083453425676,7.349653562074187,0.3122208743411507,13.519651412963867,-13.44999981
10/8/2025,11:22:24,2,ALT_HOLD,13.097915343915314,34.10968253968266,446.7657816931216,2880.00,38.416666666666664,47.6257453,-122.3758214,47.6257566,-122.3758548,-38.24993515,-22.78226662,47.62575654973952,-122.3758489,1.8514814288527877,-13.43999958,VFR_alt,249.0149511766687,0.3299064863295782,3.2260661260313808,7.512081433534698,0.32353851734079914,13.503471374511719,-13.43999958
10/8/2025,11:22:25,2,ALT_HOLD,13.084456521739094,33.91586956521742,443.76909021739107,2889.00,38.52777777777778,47.6257512,-122.3758398,47.6257557,-122.3758584,-38.3532753,-23.04998398,47.62575562027981,-122.3758525,1.8813586895880492,-13.42999935,VFR_alt,244.59135201377165,0.27584024,3.2781249894337243,7.7567879561961295,0.286969984,13.49370288848877,-13.42999935
10/8/2025,11:22:26,2,ALT_HOLD,13.079204301075295,35.51548387096785,464.48964172042923,2899.00,38.666666666666664,47.625748,-122.3758362,47.6257547,-122.3758622,-38.45566177,-23.33754539,47.62575469939761,-122.3758563,1.8875806331634521,-13.40999985,VFR_alt,245.89113290281682,0.332611072,3.2889662547545027,7.807802972614744,0.30524507942778484,13.480416297912598,-13.40999985
10/8/2025,11:22:27,2,ALT_HOLD,13.097593023255882,32.50587209302326,425.7487563953495,2908.00,38.77777777777778,47.6257551,-122.3758532,47.6257535,-122.375866,-38.60312271,-23.614048,47.62575337310766,-122.37586,1.9053488082663959,-13.40999985,VFR_alt,235.6082276733498,0.2800412258609783,3.3199259537975077,7.956092667270677,0.31336627293321984,13.475692749023438,-13.40999985
10/8/2025,11:22:28,2,ALT_HOLD,13.396818181818222,17.034652406417255,224.18825983957285,2913.00,38.833333333333336,47.6257542,-122.3758543,47.6257521,-122.3758676,-38.74498749,-23.73571777,47.625752097150645,-122.3758616,1.9560427034602446,-13.40999985,VFR_alt,222.80596158649288,0.198504208,3.408256225726188,8.384190885,0.18689341240760857,13.479315757751465,-13.40999985
10/8/2025,11:22:29,2,ALT_HOLD,13.127430851063817,32.60005319148923,427.94892867021355,2922.00,38.94444444444444,47.625758,-122.3758675,47.6257506,-122.3758695,-38.92169571,-23.86718178,47.62575051,-122.3758634,1.972340374550921,-13.40999985,VFR_alt,209.56337925294804,0.22210747391936628,3.436653682929638,8.525867588020667,0.2202466344951843,13.477804183959961,-13.40999985
10/8/2025,11:22:30,2,ALT_HOLD,13.140643243243257,33.465837837837825,439.7642695135131,2931.00,39.083333333333336,47.625757,-122.3758702,47.6257488,-122.3758689,-39.11584473,-23.8198204,47.62574876159474,-122.3758627,2.0175134968113255,-13.39999962,VFR_alt,188.2399051529147,0.18962167283973178,3.5153644262621686,8.919234171922943,0.19984228949243169,13.468583106994629,-13.39999962
10/8/2025,11:22:31,2,ALT_HOLD,13.036499999999974,31.559999999999942,411.4971899999995,2939.00,39.19444444444444,47.6257649,-122.3758943,47.6257478,-122.3758718,-39.23239517,-24.05410576,47.625747713319285,-122.3758659,2.0277472262854106,-13.38999939,VFR_alt,209.54656403546272,0.20846670342015697,3.5331959245882256,9.010006025,0.2616746715793869,13.458150863647461,-13.38999939
10/8/2025,11:22:32,2,ALT_HOLD,13.118401197604813,32.53946107784443,426.8658701197613,2948.00,39.30555555555556,47.6257649,-122.3758943,47.6257454,-122.375874,-39.50473785,-24.21131516,47.62574526,-122.3758679,2.0847903382992317,-13.40999985,VFR_alt,204.84386872100796,0.30295073807596445,3.6325892258244292,9.528282919582233,0.31446038014475985,13.469975471496582,-13.40999985
10/8/2025,11:22:33,2,ALT_HOLD,13.094006024096421,34.32337349397598,449.4304626506021,2958.00,39.44444444444444,47.6257691,-122.3759037,47.6257437,-122.3758748,-39.6894722,-24.27036285,47.62574360228729,-122.3758687,2.1557830256151864,-13.46000004,VFR_alt,199.06267236665875,0.21620743201080575,3.7562886052385895,10.184532050258682,0.19394176648042113,13.518665313720703,-13.46000004
10/8/2025,11:22:34,2,ALT_HOLD,13.092832298136603,34.761987577639836,455.13293465838603,2968.00,39.55555555555556,47.6257693,-122.3759065,47.6257423,-122.3758766,-39.83961487,-24.40579033,47.62574225187742,-122.3758705,2.1012421394727245,-13.56999969,VFR_alt,201.2327606376173,0.2353473098381706,3.6612552430206664,9.674926829319482,0.20219649412445365,13.620196342468262,-13.56999969
10/8/2025,11:22:35,2,ALT_HOLD,13.02,38.11948275862064,496.39865724137917,2978.00,39.69444444444444,47.6257607,-122.3758938,47.6257408,-122.3758779,-40.00252533,-24.49895287,47.62574078663177,-122.3758718,2.0647700298791642,-13.75999928,VFR_alt,201.32518602407515,0.17129836244315938,3.5977053550924993,9.345898236225132,0.187667463,13.814105987548828,-13.75999928
10/8/2025,11:22:36,2,ALT_HOLD,12.951655555555579,42.860000000000205,555.1076161111122,2990.00,39.861111111111114,47.6257632,-122.3759061,47.62574,-122.3758789,-40.09844208,-24.57479286,47.62573992393948,-122.3758728,1.8841110659970177,-14.02999973,VFR_alt,202.03916119809753,0.1416240118030045,3.282920797,7.787204266876936,0.12227725708576784,14.073386192321777,-14.02999973
10/8/2025,11:22:37,2,ALT_HOLD,12.91026285714286,45.43365714285726,586.5904846857118,3003.00,40.02777777777778,47.6257644,-122.3759116,47.6257389,-122.3758811,-40.21751785,-24.751297,47.62573885295078,-122.3758751,1.6718856934138706,-14.27999973,VFR_alt,214.1203081061838,0.23241207139832634,2.913134162766591,6.136399336530354,0.21291488897062485,14.325530052185059,-14.27999973
10/8/2025,11:22:38,2,ALT_HOLD,13.039924324324295,37.376918918918925,487.38,3013.00,40.138888888888886,47.6257663,-122.3759166,47.6257373,-122.3758836,-40.40314102,-24.93031311,47.62573718342299,-122.3758775,1.4867567281465273,-14.44999981,VFR_alt,213.48063523210806,0.26910352610252997,2.5905609657098547,4.849634677673512,0.25788123170100097,14.506485939025879,-14.44999981
10/8/2025,11:22:39,2,ALT_HOLD,13.050107526881725,36.29892473118272,473.70482043010816,3023.00,40.27777777777778,47.6257582,-122.3759055,47.6257358,-122.3758851,-40.56686783,-25.04029846,47.62573571083499,-122.375879,1.3682795359242348,-14.55999947,VFR_alt,212.17583579677654,0.2025007282694181,2.384123433807382,4.104004856160378,0.19723905488280796,14.616840362548828,-14.55999947
10/8/2025,11:22:40,2,ALT_HOLD,13.124808510638298,36.56,479.9421591489357,3033.00,40.416666666666664,47.6257449,-122.3758914,47.6257355,-122.3758878,-40.59109497,-25.25143242,47.625735492931724,-122.3758818,1.2887233673258032,-14.63999939,VFR_alt,235.0945116378101,0.18568104204345257,2.2455028370070864,3.640519443901822,0.21251941602074498,14.698976516723633,-14.63999939
10/8/2025,11:22:41,2,ALT_HOLD,13.100397849462347,33.898064516129125,444.0710073118285,3043.00,40.52777777777778,47.6257399,-122.3758895,47.625735,-122.3758919,-40.65921021,-25.56217194,47.62573488029113,-122.3758859,1.227580645392018,-14.68999958,VFR_alt,244.95342262119823,0.33119635139742204,2.1389662760618497,3.3026520433418556,0.31811748256116734,14.755051612854004,-14.68999958
10/8/2025,11:22:42,2,ALT_HOLD,13.130336898395688,31.517540106951813,413.81457957219334,3051.00,40.638888888888886,47.6257253,-122.3758714,47.6257328,-122.3758926,-40.90146255,-25.59987068,47.62573270143045,-122.3758864,1.2253476011561837,-14.75,VFR_alt,207.79392241279194,0.22510673830853425,2.1350753656509314,3.2902720590752224,0.24516809833047157,14.814136505126953,-14.75
10/8/2025,11:22:43,2,ALT_HOLD,13.286130434782649,26.845652173913074,355.32647391304346,3059.00,40.75,47.6257138,-122.3758595,47.6257312,-122.3758923,-41.08396912,-25.57543182,47.62573105993401,-122.3758861,1.175326054510863,-14.78999996,VFR_alt,188.53784660164038,0.24307823035380113,2.047916610132559,3.027789721826195,0.18413555520841995,14.851550102233887,-14.78999996
10/8/2025,11:22:44,2,ALT_HOLD,13.11301058201057,33.112645502645506,434.20309137566113,3068.00,40.861111111111114,47.6257114,-122.3758613,47.6257285,-122.3758916,-41.38528061,-25.51385689,47.62572834988489,-122.3758853,1.1881480879253812,-14.79999924,VFR_alt,176.06894178730215,0.25390487901432807,2.0702580319911887,3.0934490366387974,0.3075387593431644,14.858418464660645,-14.79999924
10/8/2025,11:22:45,2,ALT_HOLD,13.097709677419346,33.87844086021517,443.73340112903196,3077.00,41.00,47.6257041,-122.3758587,47.6257252,-122.3758921,-41.75099182,-25.56855583,47.625725060613256,-122.375886,1.2225268681844075,-14.81999969,VFR_alt,183.85696644158293,0.2966133064480238,2.130160452139503,3.2758624120995217,0.3697792113991534,14.886856079101562,-14.81999969
10/8/2025,11:22:46,2,ALT_HOLD,13.185759358288802,33.84609625668458,446.3896813903759,3087.00,41.111111111111114,47.6257009,-122.3758612,47.6257221,-122.3758917,-42.09013748,-25.52611542,47.62572201027692,-122.3758854,1.269251319,-14.82999992,VFR_alt,173.39397010714666,0.2810153138031934,2.211574267151102,3.5304389786777435,0.3417908245481406,14.895868301391602,-14.82999992
10/8/2025,11:22:47,2,ALT_HOLD,13.159046783625756,31.298421052631642,411.81739947368396,3095.00,41.22222222222222,47.6256973,-122.3758623,47.6257194,-122.3758906,-42.39467621,-25.45353889,47.62571927120148,-122.3758845,1.3126315192172402,-14.8399992,VFR_alt,162.4174632,0.28345659497188547,2.287160980454287,3.7762099423822604,0.3130673853832259,14.902443885803223,-14.8399992
10/8/2025,11:22:48,2,ALT_HOLD,13.212872222222229,26.384222222222174,348.61141750000144,3102.00,41.333333333333336,47.6256999,-122.3758737,47.6257163,-122.3758914,-42.73362732,-25.51350212,47.62571622261495,-122.3758853,1.3593888680140178,-14.85999966,VFR_alt,177.79023588489974,0.26898468600379094,2.368632118509268,4.049716415019209,0.34421424149803975,14.918272018432617,-14.85999966
10/8/2025,11:22:49,2,ALT_HOLD,13.09419354838713,33.92774193548376,443.43705806451595,3113.00,41.47222222222222,47.6257007,-122.3758773,47.6257148,-122.3758948,-42.90036392,-25.77495193,47.62571472295625,-122.3758887,1.3838709592819214,-14.8399992,VFR_alt,213.9227790328694,0.2551510546316383,2.4112903078397054,4.196613946323342,0.3100920828820119,14.911613464355469,-14.8399992
10/8/2025,11:22:50,2,ALT_HOLD,13.142785714285765,31.674450549450416,416.2617224175831,3122.00,41.583333333333336,47.6256985,-122.3758774,47.6257126,-122.3758952,-43.14769745,-25.79632378,47.625712498394556,-122.375889,1.4425274264681471,-14.79999924,VFR_alt,209.48440368473885,0.2879404142335221,2.5134947582399514,4.562900083,0.24825516911463094,14.866456985473633,-14.79999924
10/8/2025,11:22:51,2,ALT_HOLD,13.109999999999985,33.190851063829946,435.1320574468078,3131.00,41.69444444444444,47.6256915,-122.375868,47.6257106,-122.3758954,-43.36749649,-25.8032341,47.62571052,-122.3758891,1.5328191176373909,-14.7699995,VFR_alt,201.6260409780927,0.22716041987246655,2.670821189822733,5.148765533361652,0.21990764273321836,14.83441162109375,-14.7699995
10/8/2025,11:22:52,2,ALT_HOLD,13.106500000000029,32.91999999999993,431.4672050000012,3140.00,41.80555555555556,47.6256883,-122.3758678,47.6257086,-122.3758965,-43.59754181,-25.90200043,47.625708452414415,-122.3758904,1.5537911574919145,-14.75,VFR_alt,203.28819507531145,0.2600338020167508,2.707363380478343,5.290647401726392,0.2503510254453923,14.811361312866211,-14.75
10/8/2025,11:22:53,2,ALT_HOLD,13.122545454545465,32.88042780748675,431.4711354010687,3149.00,41.94444444444444,47.625686,-122.3758666,47.6257056,-122.3758972,-43.93014526,-25.94805527,47.62570546091983,-122.375891,1.5991978071590158,-14.75,VFR_alt,191.85583925165577,0.2864219254669659,2.786481027625556,5.604563743,0.3357768698118133,14.810181617736816,-14.75
10/8/2025,11:22:54,2,ALT_HOLD,13.058962162162157,34.845567567567464,455.0455671351344,3159.00,42.05555555555556,47.6256711,-122.3758471,47.6257028,-122.3758977,-44.24282455,-25.99154472,47.62570264862671,-122.3758916,1.6336756674019066,-14.77999973,VFR_alt,194.09222618168099,0.2828675278135248,2.8465560871396796,5.848298169113495,0.31568920107585025,14.839211463928223,-14.77999973
10/8/2025,11:22:55,2,ALT_HOLD,13.133857142857194,32.920687830687704,432.38185560846523,3168.00,42.19444444444444,47.6256752,-122.3758625,47.6257005,-122.3758999,-44.49481201,-26.14885712,47.62570038,-122.3758937,1.639312155663021,-14.77999973,VFR_alt,200.35498013814026,0.2418841394797835,2.8563772409279844,5.888665177087477,0.29706037715387534,14.845948219299316,-14.77999973
10/8/2025,11:22:56,2,ALT_HOLD,13.11237765957445,33.12244680851058,434.3081326063814,3177.00,42.30555555555556,47.6256786,-122.375873,47.625698,-122.3759014,-44.77570724,-26.26361275,47.62569785578503,-122.3758952,1.6636701758871688,-14.75999928,VFR_alt,201.62757726202517,0.33789691011956396,2.898819245863999,6.065294247680661,0.3034320133715136,14.829459190368652,-14.75999928
10/8/2025,11:22:57,2,ALT_HOLD,13.121511363636415,32.36749999999994,424.7081373863644,3186.00,42.416666666666664,47.6256778,-122.375878,47.6256955,-122.3759034,-45.05687332,-26.4174366,47.62569532692733,-122.3758973,1.7037499248981476,-14.7699995,VFR_alt,201.84403123469585,0.2887730529870499,2.9686551721710086,6.360862658,0.32049358850751464,14.832606315612793,-14.7699995
10/8/2025,11:22:58,2,ALT_HOLD,13.058533333333344,35.72033333333329,466.45580033333266,3196.00,42.55555555555556,47.6256821,-122.3758884,47.6256931,-122.375905,-45.31258011,-26.5383873,47.62569302705502,-122.3758989,1.6991665959358215,-14.84999943,VFR_alt,201.34036287451138,0.2803586944109864,2.9606690686760464,6.326903598924904,0.2828692852303283,14.899762153625488,-14.84999943
10/8/2025,11:22:59,2,ALT_HOLD,13.053984042553191,36.70595744680851,479.1617553723411,3207.00,42.69444444444444,47.6256852,-122.3759001,47.6256909,-122.3759073,-45.56670761,-26.70693016,47.62569074138707,-122.3759011,1.6303191223043076,-14.97999954,VFR_alt,204.66408710445327,0.29711472171735254,2.840707561590837,5.825931535528702,0.30493849184305893,15.031442642211914,-14.97999954
10/8/2025,11:23:00,2,ALT_HOLD,13.018126315789495,37.82,492.3153764210518,3217.00,42.833333333333336,47.6256857,-122.3759015,47.6256891,-122.3759083,-45.76287079,-26.77955818,47.62568897706057,-122.3759021,1.503789446228429,-15.13000011,VFR_alt,200.2811012335984,0.22291099170320913,2.6202391866101427,4.9594902010608894,0.20917653231741157,15.18700122833252,-15.13000011
10/8/2025,11:23:01,2,ALT_HOLD,13.036804347826058,36.936847826087025,481.52941108695495,3227.00,42.94444444444444,47.6256935,-122.3759219,47.6256865,-122.3759102,-46.04849625,-26.92409706,47.62568640809441,-122.375904,1.4017391049343606,-15.2699995,VFR_alt,201.1521202955404,0.3308834914603959,2.442424197991683,4.307542166108122,0.3201146509913815,15.318361282348633,-15.2699995
10/8/2025,11:23:02,2,ALT_HOLD,13.041324607329809,36.623403141361315,477.5883030890059,3237.00,43.083333333333336,47.6257014,-122.3759416,47.6256844,-122.3759117,-46.28129196,-27.03521919,47.62568431428834,-122.3759055,1.2902617585596614,-15.42000008,VFR_alt,196.45009722607557,0.23407849513423382,2.248183367187294,3.6515053649298075,0.257957309,15.468936920166016,-15.42000008
10/8/2025,11:23:03,2,ALT_HOLD,13.016486631016052,38.91,506.5157780213894,3248.00,43.22222222222222,47.6257044,-122.375948,47.6256822,-122.3759138,-46.53048325,-27.19165993,47.62568207301761,-122.3759076,1.1433154829045669,-15.61999989,VFR_alt,193.34265396932364,0.3011099017240147,1.992140614151897,2.869225199974404,0.29422780228198225,15.659246444702148,-15.61999989
10/8/2025,11:23:04,2,ALT_HOLD,13.013706521739106,38.189239130434785,496.9672438043462,3258.00,43.361111111111114,47.6256913,-122.3759296,47.6256808,-122.3759156,-46.67268372,-27.32814407,47.62568079404129,-122.3759094,0.9934782330756602,-15.79999924,VFR_alt,192.93594527860688,0.2127731993753949,1.7310605576318299,2.169134662,0.1971012323692909,15.84900951385498,-15.79999924
10/8/2025,11:23:05,2,ALT_HOLD,13.005259459459506,26.532108108108016,345.47797151351307,3266.00,43.44444444444444,47.6256831,-122.3759185,47.6256811,-122.3759171,-46.64064789,-27.44572449,47.62568108,-122.375911,0.8363243009593035,-15.93999958,VFR_alt,196.98520094824335,0.15309963792663167,1.4572317365199998,1.5377272963301858,0.1218665170014561,15.99355697631836,-15.93999958
10/8/2025,11:23:06,2,ALT_HOLD,13.349000000000009,8.432096774193559,112.56005983870908,3268.00,43.50,47.6256831,-122.3759185,47.6256819,-122.3759197,-46.55223083,-27.63490105,47.62568187741586,-122.3759135,0.6806451383457389,-16.04999924,VFR_alt,202.95677202744338,0.17610239217518478,1.1859725895418205,1.0194663812390408,0.2088189310030399,16.10204315185547,-16.04999924
10/8/2025,11:23:07,2,ALT_HOLD,13.491787234042517,5.657872340425514,76.35535117021293,3270.00,43.52777777777778,47.6256777,-122.3759134,47.6256827,-122.375921,-46.45856094,-27.7341423,47.625682719899494,-122.3759148,0.612021269,-16.07999992,VFR_alt,207.7862425780863,0.19482607156672377,1.0664006959836665,0.8217347235560334,0.13646565714881861,16.147764205932617,-16.07999992
10/8/2025,11:23:08,2,ALT_HOLD,13.573084745762769,5.117683615819192,69.40137672316426,3271.00,43.52777777777778,47.6256727,-122.3759101,47.6256839,-122.3759216,-46.32579803,-27.78104401,47.62568391,-122.3759154,0.5621468929921166,-16.01000023,VFR_alt,208.86421960589635,0.11215979807962806,0.9794983741529287,0.692795277,0.1408039762299088,16.084070205688477,-16.01000023
10/8/2025,11:23:09,2,ALT_HOLD,13.615858695652163,1.9170652173913088,26.10230641304338,3272.00,43.55555555555556,47.625675,-122.3759179,47.6256847,-122.3759219,-46.23374176,-27.79667854,47.625684741963205,-122.3759156,0.6334239072773767,-15.88999939,VFR_alt,210.56973182373858,0.10636897806240164,1.1036931717711869,0.8815927438408666,0.093374495,15.967320442199707,-15.88999939
10/8/2025,11:23:10,2,ALT_HOLD,13.565010582010567,4.10,55.62315904761906,3273.00,43.55555555555556,47.6256725,-122.3759144,47.6256849,-122.3759212,-46.21340179,-27.73821259,47.62568492490447,-122.3759149,0.7522222115879967,-15.71999931,VFR_alt,208.7502693555204,0.072459716,1.3106902171609043,1.2440449875363684,0.061903008,15.798820495605469,-15.71999931
10/8/2025,11:23:11,2,ALT_HOLD,13.278461956521747,20.746358695652138,272.8000329347831,3279.00,43.638888888888886,47.6256726,-122.3759153,47.6256841,-122.3759215,-46.30953598,-27.75992203,47.62568406025652,-122.3759152,0.9119021623678829,-15.53999996,VFR_alt,198.24633341133034,0.14174934067641912,1.5889204344288894,1.8297238543450154,0.098554967,15.619881629943848,-15.53999996
10/8/2025,11:23:12,2,ALT_HOLD,13.139655913978535,27.01903225806452,354.9174649462368,3285.00,43.72222222222222,47.6256742,-122.3759191,47.6256842,-122.3759201,-46.28608704,-27.65953064,47.62568427116048,-122.3759138,1.0674193309199425,-15.39999962,VFR_alt,152.20368744790983,0.12911203607756605,1.8598973190271715,2.5000878475123858,0.10309356794402835,15.480813026428223,-15.39999962
10/8/2025,11:23:13,2,ALT_HOLD,13.296610810810781,23.212648648648614,302.94376259459426,3294.00,43.833333333333336,47.6256707,-122.375915,47.6256864,-122.3759212,-46.04846191,-27.74609184,47.62568640840308,-122.375915,1.1773513239783209,-15.32999992,VFR_alt,94.86391847762484,0.2782677167170757,2.0514454887501055,3.0393111646234487,0.2529002580153791,15.397775650024414,-15.32999992
10/8/2025,11:23:14,2,ALT_HOLD,13.180783783783776,27.97827027027019,364.2514822702705,3301.00,43.916666666666664,47.6256711,-122.3759166,47.6256881,-122.3759237,-45.85322571,-27.93400002,47.625688164392194,-122.3759175,1.213081036387263,-15.21000004,VFR_alt,49.43736410315114,0.22874639138982103,2.1137018058262917,3.2247566822078073,0.2709735365073295,15.292254447937012,-15.21000004
10/8/2025,11:23:15,2,ALT_HOLD,13.60899999999996,10.202433862433876,138.84492243386222,3303.00,43.94444444444444,47.62567,-122.3759151,47.6256892,-122.3759236,-45.73251343,-27.92752647,47.62568925,-122.3759174,1.2956084422964267,-15.0899992,VFR_alt,44.593900700448124,0.24508108080379545,2.257499558546805,3.681583595582662,0.12088573673206784,15.16161823272705,-15.0899992
10/8/2025,11:23:16,2,ALT_HOLD,13.148883597883618,30.57798941798935,399.85319936508023,3311.00,44.05555555555556,47.6256721,-122.3759179,47.6256891,-122.3759246,-45.75079727,-28.00018501,47.62568908565175,-122.3759184,1.3784126951580955,-15.0899992,VFR_alt,220.7083363506063,0.11891228965823612,2.4017796961087967,4.163616156090827,0.074923709,15.155176162719727,-15.0899992
10/8/2025,11:23:17,2,ALT_HOLD,13.585994565217401,2.6140217391304303,35.50732445652176,3312.00,44.083333333333336,47.62568,-122.3759334,47.6256891,-122.3759259,-45.76272964,-28.10462189,47.625688978329855,-122.3759197,1.4008151927719945,-15.02999973,VFR_alt,345.6951101,0.067834636,2.4408143510421056,4.300545718105666,0.10511632727035793,15.104838371276855,-15.02999973
10/8/2025,11:23:18,2,ALT_HOLD,13.604238636363636,2.004431818181818,27.268753409090944,3313.00,44.083333333333336,47.6256763,-122.3759244,47.6256896,-122.3759256,-45.69504547,-28.07117653,47.62568958709335,-122.3759193,1.4481249302625656,-14.97999954,VFR_alt,347.72105507993535,0.091749474,2.523247984548404,4.595563919927711,0.075496618,15.044214248657227,-14.97999954
10/8/2025,11:23:19,2,ALT_HOLD,13.414189189189235,18.90005405405408,250.03077691891838,3319.00,44.166666666666664,47.6256744,-122.3759179,47.6256899,-122.3759243,-45.65978622,-27.97302818,47.625689904221275,-122.375918,1.480648652282921,-14.96000004,VFR_alt,354.1415019535151,0.089465319,2.579918106250551,4.803947142750941,0.10428955987505674,15.022420883178711,-14.96000004
10/8/2025,11:23:20,2,ALT_HOLD,13.617654054054103,8.319189189189178,113.25082648648643,3322.00,44.19444444444444,47.6256757,-122.3759196,47.6256901,-122.3759212,-45.63492203,-27.74204826,47.62569012785424,-122.3759149,1.4929729796744682,-14.94999981,VFR_alt,238.63355119612675,0.17974345047731657,2.6013923130691556,4.8844352033201135,0.23231433761809006,15.020896911621094,-14.94999981
10/8/2025,11:23:21,2,ALT_HOLD,13.616302702702688,1.5770270270270283,21.47313902702712,3322.00,44.19444444444444,47.6256721,-122.3759111,47.6256903,-122.375919,-45.61742783,-27.57463646,47.62569028520018,-122.3759127,1.5097297204507363,-14.94999981,VFR_alt,11.236935762580005,0.16583657232490745,2.6305896644217444,4.994586478,0.1683233770958858,15.012632369995117,-14.94999981
10/8/2025,11:23:22,2,ALT_HOLD,13.600203208556161,1.7408556149732655,23.646683743315503,3323.00,44.22222222222222,47.6256805,-122.3759288,47.6256904,-122.3759183,-45.60683823,-27.52435303,47.62569038044492,-122.375912,1.5051871608285343,-14.96000004,VFR_alt,91.31455074147465,0.073732761,2.622674598413362,4.964481052422873,0.05138641,15.020508766174316,-14.96000004
10/8/2025,11:23:23,2,ALT_HOLD,13.562470899470947,4.157619047619037,56.234258042328136,3324.00,44.22222222222222,47.6256862,-122.3759374,47.6256903,-122.3759187,-45.61527252,-27.55510521,47.62569030458537,-122.3759124,1.5048677202255007,-14.96000004,VFR_alt,258.8183109781994,0.05940742,2.6221179973626216,4.962434436493425,0.031887835,15.02642822265625,-14.96000004
10/8/2025,11:23:24,2,ALT_HOLD,13.607999999999999,1.990000000000005,27.079920000000055,3325.00,44.25,47.6256907,-122.3759399,47.6256906,-122.375918,-45.57999039,-27.5038662,47.62569062191916,-122.3759117,1.503858691972235,-14.96000004,VFR_alt,2.537830877,0.03906161,2.6203598420728405,4.955773778918108,0.062211459,15.024832725524902,-14.96000004
10/8/2025,11:23:25,21,SURFTRAK,13.63801604278079,1.6954545454545524,23.122891283422444,3325.00,44.25,47.625689,-122.3759322,47.6256908,-122.3759174,-45.5573349,-27.4544735,47.62569082568663,-122.3759111,1.4911230031181784,-14.97999954,VFR_alt,2.646622644,0.066234389,2.598168869,4.872326422576759,0.054340684,15.041603088378906,-14.97999954
10/8/2025,11:23:26,21,SURFTRAK,13.641285714285724,1.4724338624338644,20.085289629629557,3325.00,44.25,47.6256875,-122.3759283,47.6256911,-122.3759168,-45.52403641,-27.41237831,47.62569113,-122.3759105,1.4766137385494496,-15,VFR_alt,3.4786000237937285,0.065921802,2.5728875747452498,4.777782024970881,0.05367303,15.058943748474121,-15
10/8/2025,11:23:27,21,SURFTRAK,13.641822916666618,1.528333333333335,20.849012500000068,3326.00,44.25,47.6256818,-122.3759134,47.6256915,-122.3759162,-45.48363876,-27.36375237,47.62569148852278,-122.3759099,1.4454165995121002,-15.05999947,VFR_alt,5.427937633010155,0.07210763,2.5185289233922887,4.578498069476052,0.0632175,15.113482475280762,-15.05999947
10/8/2025,11:23:28,21,SURFTRAK,13.60973214285714,2.5618452380952315,34.86528369047627,3327.00,44.27777777777778,47.6256792,-122.3759098,47.6256916,-122.3759158,-45.46731949,-27.33358574,47.625691635301244,-122.3759095,1.3788095003082639,-15.17999935,VFR_alt,5.935051679622147,0.046562025,2.402471099021975,4.168435002244091,0.034297872472619666,15.230493545532227,-15.17999935
10/8/2025,11:23:29,21,SURFTRAK,13.602173684210527,3.264999999999997,44.41,3328.00,44.27777777777778,47.6256736,-122.3758982,47.625692,-122.3759156,-45.42636108,-27.31861496,47.625692003688414,-122.3759093,1.242999964011343,-15.34999943,VFR_alt,6.123001851063891,0.043482244,2.1658332706258197,3.3923924928413762,0.043608659,15.390484809875488,-15.34999943
10/8/2025,11:23:30,21,SURFTRAK,13.613272727272731,2.4053475935828876,32.74457497326195,3328.00,44.27777777777778,47.6256694,-122.3758932,47.6256921,-122.3759153,-45.4131546,-27.30617905,47.625692003688414,-122.3759093,1.079839533663051,-15.5,VFR_alt,6.252697773723268,0.049820863,1.8815385813825924,2.5589480755095257,0,15.547296524047852,-15.5
10/8/2025,11:23:31,21,SURFTRAK,13.631977777777792,1.8975000000000033,25.866227888888886,3329.00,44.30555555555556,47.6256785,-122.3759111,47.6256924,-122.3759153,-45.37568283,-27.30366707,47.625692340716185,-122.3759092,0.939777762,-15.60999966,VFR_alt,5.856585117339172,0.059997937207420665,1.6374915556273453,1.938547462184105,0.037555874,15.663576126098633,-15.60999966
10/8/2025,11:23:32,21,SURFTRAK,13.641113989637347,1.555077720207251,21.21298046632128,3329.00,44.30555555555556,47.6256863,-122.3759233,47.6256928,-122.3759156,-45.33715439,-27.32963371,47.62569268724784,-122.3759096,0.8481865074350426,-15.67999935,VFR_alt,5.786755235656573,0.065405429,1.4779007326519664,1.5780219379515674,0.046461893,15.74179458618164,-15.67999935
10/8/2025,11:23:33,21,SURFTRAK,13.651808510638327,1.473936170212766,20.121889361702145,3330.00,44.30555555555556,47.625692,-122.3759331,47.6256935,-122.3759157,-45.25395584,-27.3289547,47.62569343555035,-122.3759096,0.771914873,-15.72999954,VFR_alt,5.396993108169341,0.092021552,1.3450031873105377,1.3061224886232565,0.083201318,15.787007331848145,-15.72999954
10/8/2025,11:23:34,21,SURFTRAK,13.64056315789478,1.5910526315789462,21.702889894736778,3330.00,44.30555555555556,47.6257065,-122.3759575,47.6256943,-122.3759159,-45.16925049,-27.34883308,47.62569419740535,-122.3759098,0.7268420871935393,-15.73999977,VFR_alt,5.187283127077239,0.081953133,1.2664672731402542,1.1586280549684531,0.087006592,15.80478286743164,-15.73999977
10/8/2025,11:23:35,21,SURFTRAK,13.644771739130418,1.474239130434782,20.115595760869642,3330.00,44.30555555555556,47.6257121,-122.3759647,47.6256953,-122.3759157,-45.05339432,-27.33045387,47.62569523943635,-122.3759096,0.7268477885619454,-15.73999977,VFR_alt,4.795989319353512,0.11427947526554698,1.2664772073427804,1.157691254345222,0.1173049346417751,15.803834915161133,-15.73999977
10/8/2025,11:23:36,21,SURFTRAK,13.630902702702704,2.0234594594594606,27.581551135135197,3331.00,44.333333333333336,47.625709,-122.3759538,47.6256963,-122.3759158,-44.94323349,-27.33872223,47.625696230242404,-122.3759097,0.7335134899294055,-15.68999958,VFR_alt,4.579603347147087,0.11677312552928924,1.2780916869982082,1.1791993590154903,0.11047069141584548,15.764630317687988,-15.68999958
10/8/2025,11:23:37,21,SURFTRAK,13.623436170212786,2.099840425531909,28.604591329787166,3332.00,44.333333333333336,47.6257133,-122.3759581,47.6256976,-122.3759157,-44.80604553,-27.32735062,47.625697464135285,-122.3759096,0.7528723376862546,-15.63999939,VFR_alt,1.7575095500981532,0.1180609163451702,1.311823012635144,1.242420682871063,0.1376584517104841,15.711848258972168,-15.63999939
10/8/2025,11:23:38,21,SURFTRAK,13.652797752809004,1.478033707865172,20.17928443820221,3332.00,44.333333333333336,47.6257047,-122.3759375,47.6256985,-122.3759154,-44.69955444,-27.30310631,47.62569842193506,-122.3759092,0.8038202142447568,-15.57999992,VFR_alt,2.745938385902804,0.11690609990043586,1.4005958278507094,1.4161996135965986,0.10921601760451251,15.657550811767578,-15.57999992
10/8/2025,11:23:39,21,SURFTRAK,13.63508108108111,1.6098378378378455,21.95026864864867,3332.00,44.333333333333336,47.6257047,-122.3759375,47.6256994,-122.375915,-44.59708786,-27.27333641,47.62569934353773,-122.3759088,0.8468648414354066,-15.5199995,VFR_alt,2.9507814691926786,0.11045286437949618,1.475597829773812,1.5726531396121604,0.10670354951061456,15.591790199279785,-15.5199995
10/8/2025,11:23:40,21,SURFTRAK,13.645364130434784,1.535489130434783,20.951932554347774,3333.00,44.361111111111114,47.625706,-122.3759366,47.6257005,-122.3759147,-44.48133469,-27.24956894,47.62570038464235,-122.3759085,0.9034782337105792,-15.46000004,VFR_alt,1.7940164555590568,0.11304105972142323,1.574242377,1.788982387224724,0.11816805805259327,15.534457206726074,-15.46000004
10/8/2025,11:23:41,21,SURFTRAK,13.65597916666667,1.3416145833333377,18.321082864583328,3333.00,44.361111111111114,47.625708,-122.3759375,47.6257013,-122.3759145,-44.38609695,-27.23746109,47.625701241227446,-122.3759084,0.9507291465997696,-15.40999985,VFR_alt,85.26253253945865,0.1037245864669482,1.6565735130147523,1.9810594441276468,0.0960043,15.482941627502441,-15.40999985
10/8/2025,11:23:42,21,SURFTRAK,13.638104972375688,2.399999999999993,32.731451933701585,3334.00,44.361111111111114,47.6257141,-122.3759444,47.6257024,-122.3759146,-44.2685585,-27.25244713,47.62570229838917,-122.3759086,0.9770165368996931,-15.36999989,VFR_alt,354.3255977420426,0.10639714231477916,1.702377299143406,2.091825940892085,0.11848995347548416,15.438288688659668,-15.36999989
10/8/2025,11:23:43,21,SURFTRAK,13.623863874345568,1.9500523560209417,26.55947371727754,3334.00,44.361111111111114,47.6257084,-122.3759311,47.6257036,-122.3759145,-44.13884354,-27.24407196,47.625703465068625,-122.3759085,0.9915706690069268,-15.34999943,VFR_alt,271.5205437848253,0.12805520282833988,1.727736771754499,2.1554950235503854,0.12998505988853065,15.416242599487305,-15.34999943
10/8/2025,11:23:44,21,SURFTRAK,13.62447593582882,2.6300534759358336,35.834313368984105,3335.00,44.388888888888886,47.6257073,-122.3759271,47.6257049,-122.3759141,-43.99147415,-27.20466614,47.625704790535075,-122.3759079,0.9875935647576888,-15.3399992,VFR_alt,29.209857564930978,0.14430426475517252,1.7208069688959733,2.1379682750762727,0.15254689257114057,15.40540885925293,-15.3399992
10/8/2025,11:23:45,21,SURFTRAK,13.602609625668455,1.8605882352941217,25.30850759358301,3336.00,44.388888888888886,47.6257142,-122.3759411,47.6257062,-122.3759144,-43.8499794,-27.23326302,47.625706063164024,-122.3759083,0.9940106785871128,-15.3399992,VFR_alt,357.2496993273325,0.1393865389141807,1.7319883035987644,2.1652121895402674,0.14435562333427313,15.404471397399902,-15.3399992
10/8/2025,11:23:46,21,SURFTRAK,13.654212765957404,1.371382978723409,18.724730744680905,3336.00,44.388888888888886,47.6257092,-122.3759275,47.6257072,-122.3759145,-43.73228455,-27.24474907,47.625707121732475,-122.3759085,0.9870212417333684,-15.3399992,VFR_alt,354.8528013262915,0.10838685929775238,1.7198097393839018,2.1348574354130703,0.11825399889918098,15.40385627746582,-15.3399992
10/8/2025,11:23:47,21,SURFTRAK,13.634595744680786,1.6959042553191483,23.11832824468087,3337.00,44.388888888888886,47.6257099,-122.3759285,47.6257082,-122.3759146,-43.62352371,-27.25045586,47.62570809994675,-122.3759085,0.9698403946896816,-15.3399992,VFR_alt,355.41143644942923,0.11681322499792626,1.689873414989599,2.061554966199539,0.10891045117426809,15.405176162719727,-15.3399992
10/8/2025,11:23:48,21,SURFTRAK,13.60898816568044,2.2955029585798874,31.23946828402373,3337.00,44.416666666666664,47.6257151,-122.375939,47.6257096,-122.3759146,-43.47107315,-27.24666405,47.62570947111419,-122.3759085,0.9220709874785158,-15.34999943,VFR_alt,356.4631144073314,0.1571270349110372,1.6066388418186268,1.8632810042702623,0.15249770990059483,15.40981674194336,-15.34999943
10/8/2025,11:23:49,21,SURFTRAK,13.611999999999975,2.6247593582887796,35.727896256684545,3338.00,44.416666666666664,47.6257101,-122.3759268,47.6257111,-122.3759146,-43.30221558,-27.25390053,47.62571098984924,-122.3759086,0.9130480920567232,-15.34999943,VFR_alt,357.0436086221145,0.1566965516238289,1.5909171300988363,1.8268697236333906,0.16901256493704453,15.41599178314209,-15.34999943
10/8/2025,11:23:50,21,SURFTRAK,13.644784210526337,1.4288947368421072,19.50,3338.00,44.416666666666664,47.6257099,-122.3759255,47.6257123,-122.3759147,-43.16356277,-27.26192474,47.625712236917174,-122.3759087,0.9023683949520713,-15.34999943,VFR_alt,357.4698949489902,0.13568817949608752,1.5723085669619428,1.784559916853754,0.1388847990428096,15.414529800415039,-15.34999943
10/8/2025,11:23:51,21,SURFTRAK,13.632999999999987,1.9204371584699391,26.18,3339.00,44.44444444444444,47.625697,-122.3759007,47.6257134,-122.3759146,-43.0449791,-27.24487877,47.62571330347986,-122.3759085,0.8667759318820766,-15.3399992,VFR_alt,357.9254959527875,0.1337090673668137,1.5102913964611904,1.6468760564810652,0.119802564,15.403738021850586,-15.3399992
10/8/2025,11:23:52,21,SURFTRAK,13.638763440860217,1.686827956989248,23.005285107526923,3339.00,44.44444444444444,47.6256876,-122.3759011,47.6257143,-122.3759143,-42.94515991,-27.22414017,47.62571420127134,-122.3759082,0.8844085931777954,-15.30999947,VFR_alt,358.32661184854095,0.109179013,1.5410149729613116,1.7142796837977545,0.10195076735569084,15.382431030273438,-15.30999947
10/8/2025,11:23:53,21,SURFTRAK,13.641521739130397,1.6595652173913067,22.637720434782597,3340.00,44.44444444444444,47.6256849,-122.3758938,47.6257151,-122.375914,-42.8526535,-27.20126534,47.62571503329042,-122.3759079,0.8812499940395355,-15.28999996,VFR_alt,356.6050776473159,0.11522903386503458,1.5355113532507076,1.702060883686029,0.095292673,15.35635757446289,-15.28999996
10/8/2025,11:23:54,21,SURFTRAK,13.632101604278082,2.0786631016042763,28.33654005347583,3340.00,44.44444444444444,47.625692,-122.3759181,47.625716,-122.375914,-42.7540741,-27.19922447,47.62571591993112,-122.3759079,0.8901069374645457,-15.25999928,VFR_alt,351.6327345,0.11269654050708454,1.550943906188225,1.7362782509461556,0.09860053,15.332263946533203,-15.25999928
10/8/2025,11:23:55,21,SURFTRAK,13.630134020618561,2.007835051546392,27.36581319587622,3341.00,44.47222222222222,47.6256991,-122.3759343,47.6257171,-122.3759138,-42.63204956,-27.18617249,47.625717017441474,-122.3759077,0.899484513,-15.25,VFR_alt,349.4381011316608,0.12753570717327373,1.5672836206697445,1.7730509984026936,0.12272058415399263,15.314663887023926,-15.25
10/8/2025,11:23:56,21,SURFTRAK,13.623494565217326,2.068532608695645,28.180996902173955,3341.00,44.47222222222222,47.6257059,-122.3759461,47.6257182,-122.3759137,-42.50686264,-27.17785645,47.62571814339489,-122.3759076,0.880217378,-15.21999931,VFR_alt,349.25898773640694,0.12398336621244317,1.5337120973025333,1.698117830859697,0.1254628291669834,15.291891098022461,-15.21999931
10/8/2025,11:23:57,21,SURFTRAK,13.615999999999987,2.1415300546448184,29.159073224043773,3342.00,44.47222222222222,47.6257059,-122.3759461,47.6257194,-122.3759136,-42.37922668,-27.17110252,47.62571929137536,-122.3759075,0.8609289598595249,-15.19999981,VFR_alt,349.7855027,0.129043679,1.5001034906643262,1.624785425336696,0.1278145244931841,15.267377853393555,-15.19999981
10/8/2025,11:23:58,21,SURFTRAK,13.621451977401122,2.0666101694915286,28.15029542372885,3342.00,44.47222222222222,47.6257023,-122.3759323,47.6257204,-122.3759135,-42.2640152,-27.16159248,47.62572032760794,-122.3759074,0.8772881243188503,-15.17000008,VFR_alt,349.9905828492326,0.11629243245569326,1.5286080954040602,1.6879382255343511,0.11560331985127026,15.235273361206055,-15.17000008
10/8/2025,11:23:59,21,SURFTRAK,13.61941758241761,1.944725274725276,26.486213076923136,3343.00,44.50,47.6257014,-122.3759239,47.6257214,-122.3759134,-42.15330124,-27.1590023,47.62572132338896,-122.3759073,0.9045604113694076,-15.13999939,VFR_alt,350.0717326544995,0.125877136,1.5761279895073024,1.7929838656537935,0.11074425352804144,15.205352783203125,-15.13999939
10/8/2025,11:24:00,21,SURFTRAK,13.616069518716564,2.0679679144385004,28.16,3344.00,44.50,47.6256916,-122.3759039,47.6257224,-122.3759133,-42.04285431,-27.1540947,47.625722316768275,-122.3759073,0.917540078,-15.10999966,VFR_alt,350.56295423906005,0.13003854493406367,1.5987440761648974,1.8448823727388626,0.11055590869746722,15.178671836853027,-15.10999966
10/8/2025,11:24:01,21,SURFTRAK,13.634208556149732,1.8222459893048075,24.844558930481348,3344.00,44.50,47.6256868,-122.375893,47.6257234,-122.3759133,-41.93219376,-27.15471077,47.62572331206895,-122.3759073,0.8948662912144381,-15.07999992,VFR_alt,350.9187426280591,0.11780272571638943,1.5592367195403096,1.755620820572396,0.11066226787935365,15.149310111999512,-15.07999992
10/8/2025,11:24:02,21,SURFTRAK,13.629021164021141,1.811640211640209,24.690852910052904,3345.00,44.50,47.6256868,-122.375893,47.6257244,-122.3759133,-41.82017517,-27.14998627,47.625724319584016,-122.3759072,0.9185713870184762,-15.04999924,VFR_alt,351.1311101681025,0.11183236965111323,1.6005410531382542,1.8489288140452806,0.11211817138992075,15.118877410888672,-15.04999924
10/8/2025,11:24:03,21,SURFTRAK,13.624047368421028,1.9699999999999989,26.839371894736757,3345.00,44.52777777777778,47.6256773,-122.3758724,47.6257253,-122.3759132,-41.72127914,-27.14272118,47.62572520907245,-122.3759071,0.9187368003945602,-15.0199995,VFR_alt,349.8636392937705,0.11064539724274686,1.600829273414764,1.8495921136812477,0.099162521,15.089401245117188,-15.0199995
10/8/2025,11:24:04,21,SURFTRAK,13.628978021978012,1.930109890109891,26.30540527472524,3346.00,44.52777777777778,47.6256773,-122.3758724,47.6257262,-122.3759132,-41.62482834,-27.13733482,47.625726076568135,-122.375907,0.9355494452046824,-15,VFR_alt,348.24436502340546,0.1060186516043249,1.6301240333111897,1.9179876352869139,0.096601091,15.067502975463867,-15
10/8/2025,11:24:05,21,SURFTRAK,13.63377659574473,1.7897872340425605,24.401430851063957,3346.00,44.52777777777778,47.6256878,-122.3758857,47.6257269,-122.3759129,-41.54421234,-27.12332153,47.62572680164275,-122.3759068,0.9371276513693181,-14.97999954,VFR_alt,346.83562756333805,0.1088764472527707,1.632873937991989,1.9244644593439566,0.081824882,15.051127433776855,-14.97999954
10/8/2025,11:24:06,21,SURFTRAK,13.619684210526252,2.702526315789483,36.80727157894745,3347.00,44.55555555555556,47.6256994,-122.3759144,47.6257279,-122.3759128,-41.43373871,-27.11025047,47.62572779526225,-122.3759067,0.9221578623119153,-14.97999954,VFR_alt,346.7772528829294,0.15802229352687536,1.6067902146343982,1.8635871943264233,0.11124421855106727,15.04498577,-14.97999954
10/8/2025,11:24:07,21,SURFTRAK,13.599329729729707,3.8141621621621695,51.86927816216216,3348.00,44.55555555555556,47.6256994,-122.3759144,47.6257293,-122.3759128,-41.27340698,-27.11385155,47.62572923731429,-122.3759067,0.8914594437624958,-14.96000004,VFR_alt,347.07360699629254,0.16805494870688464,1.5533005459498046,1.7418315561916173,0.160372161,15.02331256866455,-14.96000004
10/8/2025,11:24:08,21,SURFTRAK,13.596627218934916,4.87,66.16535372781064,3349.00,44.583333333333336,47.6257033,-122.3759164,47.6257308,-122.3759128,-41.11203003,-27.11042213,47.625730688767284,-122.3759067,0.8688757077476682,-14.93999958,VFR_alt,344.25399798072726,0.16943268045871215,1.5139500968330553,1.6548456677292889,0.1614133881446887,15.004215240478516,-14.93999958
10/8/2025,11:24:09,21,SURFTRAK,13.578861702127604,2.5491489361702007,34.61467755319144,3350.00,44.583333333333336,47.6257035,-122.3759059,47.625732,-122.3759118,-40.97929001,-27.04197121,47.62573188265461,-122.3759058,0.8355850843673057,-14.90999985,VFR_alt,324.08338049332747,0.1553702770554005,1.4559437076096957,1.5305942273668125,0.14935006734824585,14.983592987060547,-14.90999985
10/8/2025,11:24:10,21,SURFTRAK,13.600516129032258,4.354193548387113,59.19178322580687,3351.00,44.611111111111114,47.6257099,-122.3759103,47.6257333,-122.3759108,-40.8323822,-26.96143341,47.625733203969524,-122.3759047,0.8454838395118713,-14.86999989,VFR_alt,4.651985868734779,0.16219436625639597,1.4731915385434087,1.5665294073979201,0.16753578772330363,14.944597244262695,-14.86999989
10/8/2025,11:24:11,21,SURFTRAK,13.616344086021472,2.11,28.75128295698926,3352.00,44.611111111111114,47.625707,-122.3758994,47.6257343,-122.3759104,-40.71804047,-26.93533707,47.62573423237942,-122.3759043,0.8497311472892761,-14.81999969,VFR_alt,5.030229489187094,0.15329171164381888,1.4805921505797959,1.582309785469064,0.11728193264407408,14.893539428710938,-14.81999969
10/8/2025,11:24:12,21,SURFTRAK,13.619000000000002,2.160641711229947,29.425779465240563,3353.00,44.611111111111114,47.625707,-122.3758994,47.6257354,-122.37591,-40.59754944,-26.90470505,47.625735316097135,-122.3759039,0.8771122776888272,-14.75999928,VFR_alt,3.629865850860767,0.1399405799447534,1.528301695972955,1.6868700779743977,0.12432380455354529,14.834600448608398,-14.75999928
10/8/2025,11:24:13,21,SURFTRAK,13.619459459459407,2.3312432432432457,31.750378378378343,3353.00,44.638888888888886,47.6257053,-122.3758968,47.6257364,-122.3759094,-40.48496628,-26.86046219,47.62573632869008,-122.3759034,0.9222702451654383,-14.68999958,VFR_alt,3.328224183717336,0.14356966953019837,1.6069860332428128,1.8643864461565425,0.12096445167159728,14.769362449645996,-14.68999958
10/8/2025,11:24:14,21,SURFTRAK,13.625807486631057,2.171711229946519,29.58820604278084,3354.00,44.638888888888886,47.6257166,-122.3759148,47.6257374,-122.3759089,-40.37679291,-26.81974983,47.62573730162058,-122.3759028,0.9385561487253975,-14.63999939,VFR_alt,3.0801012140063375,0.1201656223299669,1.6353629864154668,1.9303744529612568,0.11558102799594222,14.711946487426758,-14.63999939
10/8/2025,11:24:15,21,SURFTRAK,13.623201058201092,1.9058201058201067,25.963339153439264,3354.00,44.638888888888886,47.6257211,-122.375915,47.6257383,-122.3759086,-40.27826309,-26.79941177,47.625738187815244,-122.3759025,0.9596825185276213,-14.60999966,VFR_alt,281.57202537178927,0.12044184288335225,1.6721740853132816,2.0182437646406353,0.10060696396928002,14.675643920898438,-14.60999966
10/8/2025,11:24:16,21,SURFTRAK,13.626131147540963,2.202021857923496,29.997294972677622,3355.00,44.666666666666664,47.6257234,-122.3759123,47.6257393,-122.3759083,-40.16276169,-26.77503586,47.625739226655405,-122.3759022,0.9562841282516229,-14.5899992,VFR_alt,354.9610398,0.15416529945662763,1.6662526477111577,2.004779419,0.11804558246521567,14.65927505493164,-14.5899992
10/8/2025,11:24:17,21,SURFTRAK,13.574710526315776,3.806894736842106,51.68030142105285,3356.00,44.666666666666664,47.6257238,-122.3759065,47.6257408,-122.3759079,-40.00083542,-26.74589348,47.625740683049045,-122.3759018,0.9484210334326092,-14.57999992,VFR_alt,354.9686370963406,0.18965018893543042,1.6525518006780329,1.9720058696259088,0.1645277941942526,14.646928787231445,-14.57999992
10/8/2025,11:24:18,21,SURFTRAK,13.604826347305405,3.709999999999999,50.47,3357.00,44.69444444444444,47.6257267,-122.3759091,47.6257426,-122.3759075,-39.80532837,-26.71326065,47.625742441474195,-122.3759014,0.9172454901084215,-14.55999947,VFR_alt,248.4625862662389,0.1883534040458188,1.5982307782192224,1.844289082927015,0.19821177531974463,14.628475189208984,-14.55999947
10/8/2025,11:24:19,21,SURFTRAK,13.595421052631583,3.5998947368420846,48.92106778947354,3358.00,44.69444444444444,47.6257369,-122.3759239,47.6257439,-122.3759068,-39.65069962,-26.66199875,47.62574383223267,-122.3759007,0.8744210415764859,-14.53999996,VFR_alt,6.793565419,0.15450878119782396,1.5236124209287238,1.677176997836001,0.16290437084663204,14.605456352233887,-14.53999996
10/8/2025,11:24:20,21,SURFTRAK,13.639540540540503,1.4718918918918917,20.08,3358.00,44.69444444444444,47.6257391,-122.3759219,47.6257449,-122.3759066,-39.53759003,-26.64420891,47.62574484956041,-122.3759005,0.880540522,-14.50999928,VFR_alt,6.739577058415349,0.1293314436802993,1.5342751514901871,1.6992837726071315,0.11450003262245705,14.57590103149414,-14.50999928
10/8/2025,11:24:21,21,SURFTRAK,13.634000000000013,1.8590322580645142,25.346045806451656,3359.00,44.69444444444444,47.6257437,-122.375927,47.6257459,-122.3759066,-39.43124771,-26.64233398,47.625745806022096,-122.3759005,0.8879032135009766,-14.46999931,VFR_alt,5.503286949785366,0.1364968135472267,1.5471040841304908,1.7282835176067768,0.10635884280009648,14.539203643798828,-14.46999931
10/8/2025,11:24:22,21,SURFTRAK,13.622494623655937,2.228010752688173,30.351070806451627,3360.00,44.72222222222222,47.6257414,-122.3759167,47.6257471,-122.3759064,-39.30263901,-26.628685,47.62574696275162,-122.3759003,0.9053763266532652,-14.42000008,VFR_alt,5.006519070436369,0.13406333094963463,1.5775496600776573,1.7968324915031593,0.12933094558613284,14.495067596435547,-14.42000008
10/8/2025,11:24:23,21,SURFTRAK,13.62561290322576,2.0041935483871023,27.30848774193558,3360.00,44.72222222222222,47.6257416,-122.3759154,47.6257481,-122.375906,-39.18372345,-26.60453415,47.62574803229928,-122.3758999,0.9394623544267429,-14.38000011,VFR_alt,4.879398908304865,0.12455294974228387,1.6369419811981136,1.9344040910552833,0.1213432049163178,14.44813060760498,-14.38000011
10/8/2025,11:24:24,21,SURFTRAK,13.628401098901087,1.75,23.849701923077006,3361.00,44.72222222222222,47.6257374,-122.3759041,47.625749,-122.3759055,-39.08164215,-26.56484604,47.62574895043662,-122.3758994,0.9425274677329011,-14.34000015,VFR_alt,5.119060787279737,0.10809921076173311,1.6422827089285408,1.9469901370158202,0.10952505500439047,14.409024238586426,-14.34000015
10/8/2025,11:24:25,21,SURFTRAK,13.638349206349263,1.647089947089944,22.463549629629615,3361.00,44.72222222222222,47.6257419,-122.3759105,47.6257498,-122.375905,-38.99423599,-26.52795982,47.62574973658314,-122.3758989,0.9615343686134096,-14.31999969,VFR_alt,5.273946010086774,0.10436041866030012,1.6754007937960946,2.0259269765199495,0.094870593,14.383615493774414,-14.31999969
10/8/2025,11:24:26,21,SURFTRAK,13.624139037433142,2.0207486631015965,27.53073882352938,3362.00,44.75,47.6257375,-122.3758996,47.6257507,-122.3759045,-38.89827728,-26.48895836,47.625750599652825,-122.3758984,0.9624598692445194,-14.30999947,VFR_alt,5.544451906859227,0.12569556082474356,1.6770134085321189,2.030023785335091,0.10358179487955764,14.375767707824707,-14.30999947
10/8/2025,11:24:27,21,SURFTRAK,13.626000000000023,1.9193548387096682,26.153129032258157,3362.00,44.75,47.6257313,-122.3758878,47.6257516,-122.375904,-38.79692841,-26.4499073,47.62575151120264,-122.3758979,0.9294623601180251,-14.29999924,VFR_alt,5.377552146,0.1266167543187577,1.6195177486904995,1.8936354470116343,0.10861206114978796,14.369757652282715,-14.29999924
10/8/2025,11:24:28,21,SURFTRAK,13.628261904761912,1.9802380952380967,26.987067142857093,3363.00,44.75,47.6257307,-122.3758856,47.6257523,-122.3759033,-38.7115593,-26.40151596,47.62575227902757,-122.3758972,0.9314880931661242,-14.28999996,VFR_alt,4.985029998,0.11688526200928859,1.6230474350621837,1.9017050202845565,0.098130561,14.356945991516113,-14.28999996
10/8/2025,11:24:29,21,SURFTRAK,13.635978947368445,1.6664210526315815,22.723198842105308,3363.00,44.75,47.6257256,-122.3758764,47.625753,-122.3759027,-38.63982391,-26.35906982,47.625752924228344,-122.3758967,0.9036841831709209,-14.27999973,VFR_alt,2.060867692348886,0.1025941905222441,1.5746012282523625,1.7895893626792365,0.083352502,14.343445777893066,-14.27999973
10/8/2025,11:24:30,21,SURFTRAK,13.626940217391269,2.226304347826092,30.337690326086896,3364.00,44.77777777777778,47.6257272,-122.3758789,47.6257536,-122.3759021,-38.56726837,-26.31236458,47.625753576805785,-122.3758961,0.8967391097027323,-14.2699995,VFR_alt,320.42494106707073,0.12206128296320853,1.5624999638759742,1.7621064955677472,0.086288392,14.33337402,-14.2699995
10/8/2025,11:24:31,21,SURFTRAK,13.618809523809507,2.4016402116402173,32.70666312169293,3364.00,44.77777777777778,47.6257285,-122.3758814,47.6257546,-122.3759015,-38.46713257,-26.26761818,47.625754477444985,-122.3758955,0.8935449558591085,-14.25,VFR_alt,359.2780793043776,0.13248590888485076,1.5569343927848112,1.7495780580011977,0.1096787094374824,14.320611000061035,-14.25
10/8/2025,11:24:32,21,SURFTRAK,13.622393617021308,2.1524468085106334,29.321198617021366,3365.00,44.77777777777778,47.6257313,-122.3758837,47.6257555,-122.3759008,-38.36478043,-26.21542931,47.625755398018335,-122.3758948,0.8847872247087195,-14.22999954,VFR_alt,359.4414716337807,0.13764049413990467,1.5416747097197396,1.7154560343224894,0.11488968420072308,14.298534393310547,-14.22999954
10/8/2025,11:24:33,21,SURFTRAK,13.620047368420991,2.1594736842105338,29.412131526315672,3366.00,44.80555555555556,47.6257355,-122.3758907,47.6257564,-122.3759003,-38.2629509,-26.17636871,47.62575631,-122.3758943,0.8738947253478201,-14.18999958,VFR_alt,39.223639982269596,0.12800455673744804,1.522695354772715,1.6736248971577659,0.10906412258692712,14.259557723999023,-14.18999958
10/8/2025,11:24:34,21,SURFTRAK,13.626284153005527,2.1184153005464483,28.866160983606513,3366.00,44.80555555555556,47.625738,-122.3758923,47.6257573,-122.3758998,-38.16497803,-26.13429832,47.625757195076595,-122.3758937,0.885245892,-14.13999939,VFR_alt,3.868136250587808,0.12186394147371334,1.5424739024974332,1.717234964772573,0.10662364111412954,14.213475227355957,-14.13999939
10/8/2025,11:24:35,21,SURFTRAK,13.632666666666676,1.825806451612905,24.890077419354824,3367.00,44.80555555555556,47.6257416,-122.3758958,47.625758,-122.3758995,-38.0800705,-26.11605453,47.62575795875001,-122.3758934,0.8977956771850586,-14.09999943,VFR_alt,3.617100668082108,0.11341029209315136,1.5643409526709366,1.7664839324066164,0.086845408,14.17031192779541,-14.09999943
10/8/2025,11:24:36,21,SURFTRAK,13.631064171122997,1.8000000000000063,24.535915508021425,3367.00,44.80555555555556,47.6257455,-122.375899,47.6257588,-122.3758993,-37.99003983,-26.09693527,47.62575876850185,-122.3758932,0.9286096258596941,-14.05999947,VFR_alt,3.3001370830083476,0.11583692281641425,1.6180319238464376,1.8895589823219148,0.092038404,14.135045051574707,-14.05999947
10/8/2025,11:24:37,21,SURFTRAK,13.631640883977907,1.7700552486187855,24.13,3368.00,44.833333333333336,47.6257473,-122.3758985,47.6257597,-122.375899,-37.89170456,-26.07374382,47.62575965,-122.3758929,0.9387292805956213,-14.02999973,VFR_alt,3.3513708941069034,0.12173154871931392,1.6356646555832806,1.9309643568544403,0.10103300455129072,14.10074234008789,-14.02999973
10/8/2025,11:24:38,21,SURFTRAK,13.624639534883705,2.0269186046511596,27.615883546511604,3368.00,44.833333333333336,47.6257551,-122.3759116,47.6257608,-122.3758988,-37.77619934,-26.06001091,47.62576069182116,-122.3758927,0.9404651134513146,-14,VFR_alt,1.9096351360811727,0.12655170993922754,1.6386892128318358,1.9382248877142862,0.11631873590890658,14.068263053894043,-14
10/8/2025,11:24:39,21,SURFTRAK,13.628725806451616,1.7627419354838667,24.023921774193653,3369.00,44.833333333333336,47.6257556,-122.3759069,47.6257617,-122.3758986,-37.67580032,-26.04683685,47.62576159482776,-122.3758925,0.9372043013572693,-13.96999931,VFR_alt,0.6094271309306939,0.10973207055721232,1.6330074947891828,1.9247156003710488,0.1012596585993112,14.038989067077637,-13.96999931
10/8/2025,11:24:40,21,SURFTRAK,13.627016393442588,1.929180327868858,26.28896950819678,3369.00,44.833333333333336,47.6257609,-122.3759147,47.6257627,-122.3758984,-37.56681824,-26.02968407,47.625762575032006,-122.3758923,0.927814185,-13.94999981,VFR_alt,238.01923696389315,0.11666757340639666,1.6166459277856993,1.8864757341582086,0.11032367463426987,14.021493911743164,-13.94999981
10/8/2025,11:24:41,21,SURFTRAK,13.628317460317446,1.8062433862433838,24.615939894179878,3370.00,44.861111111111114,47.6257626,-122.3759121,47.6257638,-122.3758981,-37.4448967,-26.01217461,47.625763671615985,-122.3758921,0.9205290687778008,-13.94999981,VFR_alt,0.1742820424677285,0.12942651753860807,1.6039521652946531,1.856864818007248,0.12317241148943814,14.016800880432129,-13.94999981
10/8/2025,11:24:42,21,SURFTRAK,13.615010869565186,2.225054347826092,30.294139184782694,3370.00,44.861111111111114,47.6257672,-122.3759144,47.625765,-122.375898,-37.30500793,-25.99756432,47.62576492980038,-122.3758919,0.8948369376037432,-13.92999935,VFR_alt,0.4702357437662611,0.14171159988188226,1.5591855730974327,1.7547170542438406,0.1406496595183722,14.003639221191406,-13.92999935
10/8/2025,11:24:43,21,SURFTRAK,13.620644808743192,2.216065573770485,30.18,3371.00,44.861111111111114,47.6257662,-122.375907,47.6257663,-122.3758977,-37.159832,-25.98222351,47.62576623553852,-122.3758917,0.8836611939258263,-13.89999962,VFR_alt,0.4827736586575563,0.14210484824219688,1.5397126863859112,1.7110887487942061,0.14598421854912796,13.969752311706543,-13.89999962
10/8/2025,11:24:44,21,SURFTRAK,13.619157894736801,2.224263157894731,30.29259136842099,3372.00,44.888888888888886,47.6257648,-122.3759017,47.6257675,-122.3758975,-37.026474,-25.96170998,47.62576743498408,-122.3758914,0.8796315745303506,-13.85999966,VFR_alt,0.48801685920417026,0.13985739726769297,1.532691379863491,1.695536075226558,0.13492650488091376,13.929361343383789,-13.85999966
10/8/2025,11:24:45,21,SURFTRAK,13.626937172774836,2.0698952879581083,28.206331780104655,3372.00,44.888888888888886,47.6257627,-122.3758972,47.6257686,-122.3758971,-36.90589905,-25.93122673,47.625768519456614,-122.375891,0.8736649227391987,-13.81999969,VFR_alt,0.5257960949485606,0.133806792,1.5222949411364837,1.6726763702563034,0.12436859381543143,13.89226245880127,-13.81999969
10/8/2025,11:24:46,21,SURFTRAK,13.624461956521781,2.049891304347823,27.92860820652172,3373.00,44.888888888888886,47.6257627,-122.3758972,47.6257697,-122.3758967,-36.7802887,-25.90760231,47.62576964921842,-122.3758907,0.8781521709068961,-13.78999996,VFR_alt,0.4043215353395661,0.12740507426307254,1.5301136311256542,1.6898626489522959,0.12781265057824007,13.85832405090332,-13.78999996
10/8/2025,11:24:47,21,SURFTRAK,13.620924731182816,1.9306451612903255,26.297055698924815,3373.00,44.888888888888886,47.625748,-122.3758713,47.6257705,-122.3758961,-36.69200516,-25.86314964,47.62577044325625,-122.3758901,0.8968279361724854,-13.73999977,VFR_alt,0.4168972858894546,0.12036237389009485,1.5626547372702408,1.7625302968852563,0.098843426,13.81860637664795,-13.73999977
10/8/2025,11:24:48,21,SURFTRAK,13.61822413793101,1.8608045977011543,25.34085166666663,3374.00,44.916666666666664,47.6257506,-122.3758778,47.6257713,-122.3758955,-36.60923004,-25.81742477,47.625771187750345,-122.3758895,0.9108620429861134,-13.68999958,VFR_alt,0.5974720694138672,0.11743680773110225,1.587108105203077,1.818309400125931,0.094564705,13.769147872924805,-13.68999958
10/8/2025,11:24:49,21,SURFTRAK,13.629038461538439,1.8451648351648287,25.147832527472534,3374.00,44.916666666666664,47.6257564,-122.375887,47.625772,-122.3758951,-36.52137375,-25.78588676,47.625771977945455,-122.3758891,0.936153837,-13.63999939,VFR_alt,0.3249521099284569,0.11507062937368404,1.6311771407242108,1.9206905399852512,0.093345456,13.717533111572266,-13.63999939
10/8/2025,11:24:50,21,SURFTRAK,13.629763157894795,1.8097894736842126,24.66696157894733,3375.00,44.916666666666664,47.6257598,-122.3758912,47.6257728,-122.3758947,-36.44182587,-25.75526428,47.62577269341324,-122.3758886,0.9431052578122993,-13.60999966,VFR_alt,236.8155325732082,0.10824692563006752,1.6432894643699172,1.9491606192742796,0.0852385,13.678081512451172,-13.60999966
10/8/2025,11:24:51,21,SURFTRAK,13.61508108108105,1.9795135135135153,26.95123459459455,3375.00,44.916666666666664,47.6257651,-122.3759011,47.6257737,-122.3758943,-36.33475876,-25.72869682,47.625773656393825,-122.3758883,0.9483783680039484,-13.59000015,VFR_alt,134.3119477794511,0.11336833407750001,1.6524774594008202,1.971011779326776,0.11031407676219998,13.659067153930664,-13.59000015
10/8/2025,11:24:52,21,SURFTRAK,13.626774193548382,1.9074193548387104,25.991665161290236,3376.00,44.94444444444444,47.6257765,-122.3759164,47.6257747,-122.3758943,-36.226017,-25.72332954,47.62577463443654,-122.3758882,0.9384408593177795,-13.57999992,VFR_alt,0.33338346499381927,0.10401353748735562,1.6351621033567383,1.9298626308808673,0.10887413883722775,13.647538185119629,-13.57999992
10/8/2025,11:24:53,21,SURFTRAK,13.632531578947368,1.6956842105263141,23.116367947368445,3376.00,44.94444444444444,47.6257801,-122.3759152,47.6257756,-122.3758942,-36.12502289,-25.71761322,47.625775542795495,-122.3758881,0.9264736737075605,-13.56999969,VFR_alt,0.21479943405629126,0.094362783,1.6143101890358977,1.8809003100626638,0.1011557543334889,13.635053634643555,-13.56999969
10/8/2025,11:24:54,21,SURFTRAK,13.63472727272723,1.5871122994652405,21.639796363636368,3377.00,44.94444444444444,47.6257871,-122.3759195,47.6257765,-122.3758942,-36.02853012,-25.71580887,47.62577641066858,-122.3758881,0.9199999570846558,-13.53999996,VFR_alt,297.6212846098479,0.085158032,1.6030302282535673,1.8546573109013764,0.096509636,13.613598823547363,-13.53999996
10/8/2025,11:24:55,21,SURFTRAK,13.642945652173946,1.491576086956517,20.348852771739168,3377.00,44.94444444444444,47.6257864,-122.3759113,47.6257773,-122.3758945,-35.93215561,-25.7417202,47.62577727747805,-122.3758885,0.9174456243281779,-13.52999973,VFR_alt,352.73118937182153,0.08270326,1.5985794969354594,1.8445074498894696,0.099797012,13.594524383544922,-13.52999973
10/8/2025,11:24:56,21,SURFTRAK,13.630095744680823,1.8672872340425581,25.449315425531964,3378.00,44.97222222222222,47.6257852,-122.3759075,47.6257781,-122.3758952,-35.84617996,-25.79178238,47.625778050758285,-122.3758891,0.9088829464100777,-13.50999928,VFR_alt,340.14517196104754,0.074518689,1.5836596793508935,1.8102115081323955,0.099488862,13.580089569091797,-13.50999928
10/8/2025,11:24:57,21,SURFTRAK,13.640000000000017,1.920662983425416,26.19784309392258,3378.00,44.97222222222222,47.6257838,-122.3759034,47.6257786,-122.3758955,-35.78353119,-25.82250786,47.62577861423247,-122.3758895,0.9076795268453945,-13.5,VFR_alt,327.98994413395366,0.057136596195934884,1.5815628119275829,1.8054103625567677,0.069777674,13.56976318359375,-13.5
10/8/2025,11:24:58,21,SURFTRAK,13.633284090909074,1.8684090909090978,25.471684204545454,3379.00,44.97222222222222,47.6257846,-122.3759038,47.6257792,-122.3758956,-35.71725464,-25.82534409,47.625779210335544,-122.3758896,0.9139772423289039,-13.46999931,VFR_alt,323.59195818051063,0.053964832734147254,1.5925361040579438,1.8306409781484967,0.066337209,13.545843124389648,-13.46999931
10/8/2025,11:24:59,21,SURFTRAK,13.617070270270318,2.209837837837831,30.085120972973012,3379.00,44.97222222222222,47.6257833,-122.3759007,47.6257801,-122.3758953,-35.63378525,-25.79807854,47.62577996107407,-122.3758892,0.9216756411500879,-13.44999981,VFR_alt,320.20401668048015,0.12219452539811264,1.6059499807918207,1.8614501592889827,0.087809734,13.521873474121094,-13.44999981
10/8/2025,11:25:00,21,SURFTRAK,13.563999999999998,6.848858695652208,92.89791934782593,3381.00,45.00,47.6257838,-122.3759008,47.6257811,-122.3758953,-35.51785278,-25.80376816,47.62578100379124,-122.3758893,0.9039673636788907,-13.42999935,VFR_alt,318.38771856562386,0.095014767,1.575094648834432,1.7907627603881155,0.11607199548099903,13.50304126739502,-13.42999935
10/8/2025,11:25:01,21,SURFTRAK,13.623291005290973,2.202857142857153,30.009397883597895,3382.00,45.02777777777778,47.6257887,-122.375908,47.6257824,-122.3758953,-35.37467194,-25.80390549,47.62578229158522,-122.3758893,0.892645486,-13.42000008,VFR_alt,319.6985329844345,0.11212367733950337,1.5553671343788735,1.7461428147391533,0.14318091302621086,13.486737251281738,-13.42000008
10/8/2025,11:25:02,21,SURFTRAK,13.629206703910587,1.8837988826815604,25.674319441340813,3383.00,45.02777777777778,47.6257887,-122.375908,47.6257832,-122.3758957,-35.28153992,-25.83142281,47.62578312923113,-122.3758897,0.8858659114251589,-13.38999939,VFR_alt,321.6635782929641,0.085449552,1.543554239604446,1.7196911111829551,0.097112182,13.463805198669434,-13.38999939
10/8/2025,11:25:03,21,SURFTRAK,13.63004210526322,1.6432631578947328,22.397748421052583,3383.00,45.02777777777778,47.6257904,-122.3759067,47.6257839,-122.3758959,-35.19902039,-25.8508358,47.62578387142645,-122.3758899,0.8883684083035118,-13.35999966,VFR_alt,323.3286741918789,0.07169943,1.5479146508318775,1.7294263052113252,0.084772268,13.43260669708252,-13.35999966
10/8/2025,11:25:04,21,SURFTRAK,13.632543010752695,1.6810752688172075,22.917359892473165,3383.00,45.02777777777778,47.6257925,-122.3759077,47.6257847,-122.3758961,-35.1164093,-25.86713219,47.62578461444521,-122.3758901,0.9070429801940918,-13.30999947,VFR_alt,324.7455002654085,0.061178224,1.5804536776109184,1.8029879115769711,0.084203108,13.387701034545898,-13.30999947
10/8/2025,11:25:05,21,SURFTRAK,13.635235294117694,1.659197860962564,22.623087433155046,3384.00,45.05555555555556,47.625798,-122.3759167,47.6257854,-122.3758963,-35.03165436,-25.87786484,47.62578537674623,-122.3758903,0.9225133434336453,-13.25999928,VFR_alt,325.8803582400671,0.059080576,1.6074096135586284,1.8651858336465374,0.085431787,13.339804649353027,-13.25999928
10/8/2025,11:25:06,21,SURFTRAK,13.639118918918939,1.5899999999999992,21.68619908108119,3384.00,45.05555555555556,47.6258065,-122.3759261,47.6257864,-122.3758968,-34.92943192,-25.91084099,47.62578629615304,-122.3758907,0.9550810643144556,-13.22999954,VFR_alt,325.8703964974154,0.064587216,1.664156399941856,1.9988510397113537,0.1074097494609156,13.299824714660645,-13.22999954
10/8/2025,11:25:07,21,SURFTRAK,13.627459893048075,1.7957219251336864,24.471368342246052,3385.00,45.05555555555556,47.6258045,-122.3759176,47.6257874,-122.3758973,-34.81657791,-25.95287514,47.62578731118199,-122.3758913,0.9585561296519112,-13.21000004,VFR_alt,325.9992073119714,0.07461206,1.670211438029847,2.013547388699152,0.12042796973341008,13.278016090393066,-13.21000004
10/8/2025,11:25:08,21,SURFTRAK,13.627719298245626,1.9557309941520424,26.652160350877285,3385.00,45.05555555555556,47.6258081,-122.375923,47.6257884,-122.3758978,-34.70931625,-25.98360443,47.62578827591239,-122.3758917,0.9554385793836493,-13.19999981,VFR_alt,326.2160326449131,0.082808223,1.6647793428654496,2.000601050651461,0.11157666742922308,13.268088340759277,-13.19999981
10/8/2025,11:25:09,21,SURFTRAK,13.62645945945943,2.0135135135135096,27.437008108108245,3386.00,45.083333333333336,47.6258103,-122.3759252,47.6257894,-122.3758984,-34.59527969,-26.02824593,47.62578930157746,-122.3758923,0.9436216157835883,-13.18999958,VFR_alt,326.1650776620884,0.082787452,1.6441891790168597,1.9511699103649673,0.12246305599485392,13.259795188903809,-13.18999958
10/8/2025,11:25:10,21,SURFTRAK,13.631181347150319,1.8930569948186606,25.804323834196946,3387.00,45.083333333333336,47.6258035,-122.3759119,47.6257906,-122.375899,-34.46409607,-26.07673073,47.62579048146627,-122.3758929,0.9365284983358235,-13.17999935,VFR_alt,325.9312063027744,0.090834302,1.6318299592215126,1.9219464292206783,0.13985678147597966,13.24416732788086,-13.17999935
10/8/2025,11:25:11,21,SURFTRAK,13.592204301075292,3.3018817204301167,44.871323709677355,3387.00,45.083333333333336,47.6258024,-122.3759108,47.625792,-122.3758997,-34.31523132,-26.13064384,47.625791820382226,-122.3758936,0.9130107263724009,-13.15999985,VFR_alt,326.15640417993257,0.14639894391900748,1.5908520232246386,1.8268593817731034,0.15832667733346606,13.230485916137695,-13.15999985
10/8/2025,11:25:12,21,SURFTRAK,13.598070652173881,3.106304347826081,42.24,3388.00,45.111111111111114,47.6258035,-122.3759151,47.6257934,-122.3759007,-34.15154648,-26.20199013,47.62579329259279,-122.3758946,0.8753260788710221,-13.13999939,VFR_alt,326.33823534218106,0.15005634514533955,1.5251893798510259,1.6792446887965227,0.17855817137601568,13.215152740478516,-13.13999939
10/8/2025,11:25:13,21,SURFTRAK,13.61146276595749,2.485691489361699,33.83388063829789,3389.00,45.111111111111114,47.6258035,-122.3759151,47.6257948,-122.3759016,-33.99691391,-26.26973152,47.62579468338557,-122.3758955,0.8420744398806957,-13.10999966,VFR_alt,326.3840394524265,0.14140165050296075,1.4672509179739361,1.5539541204936669,0.16881980826994664,13.186068534851074,-13.10999966
10/8/2025,11:25:14,21,SURFTRAK,13.61003225806449,2.4048387096774317,32.729927419354944,3390.00,45.138888888888886,47.6258048,-122.3759164,47.6257961,-122.3759025,-33.84633636,-26.34100723,47.62579603770674,-122.3758964,0.8397311568260193,-13.05999947,VFR_alt,326.2573710290419,0.13720555755720343,1.463167924772606,1.5452874515479496,0.16659479012043213,13.140706062316895,-13.05999947
10/8/2025,11:25:15,21,SURFTRAK,13.617905759162277,3.2798429319371705,44.66449958115177,3391.00,45.138888888888886,47.6258032,-122.3759137,47.6257974,-122.3759032,-33.7085228,-26.39094353,47.62579727722644,-122.3758971,0.8420418566434171,-13,VFR_alt,326.3121247405537,0.14451795426338754,1.4671941441514051,1.5536935934120557,0.14658176240788753,13.077187538146973,-13
10/8/2025,11:25:16,21,SURFTRAK,13.608032608695636,3.5859239130434646,48.79803016304346,3391.00,45.138888888888886,47.6258095,-122.3759248,47.6257987,-122.375904,-33.56131363,-26.44974899,47.625798601251844,-122.3758979,0.8427173624867978,-12.92999935,VFR_alt,326.3401258568783,0.14640181746495806,1.4683711619088111,1.5562546569199653,0.15852009899782374,13.012290000915527,-12.92999935
10/8/2025,11:25:17,21,SURFTRAK,13.606064171123057,2.8135294117647085,38.279934652406304,3392.00,45.166666666666664,47.6258151,-122.3759312,47.6258002,-122.3759052,-33.39664459,-26.53538704,47.62580008231439,-122.375899,0.8518181443214417,-12.86999989,VFR_alt,327.99013019536346,0.15283675069477468,1.4842285848025085,1.5900563023326955,0.18560648337315694,12.952614784240723,-12.86999989
10/8/2025,11:25:18,21,SURFTRAK,13.589741379310327,4.073218390804602,55.35,3393.00,45.166666666666664,47.6258234,-122.3759421,47.625802,-122.3759057,-33.20420837,-26.58915901,47.62580181311991,-122.3758997,0.8542528337445753,-12.81999969,VFR_alt,340.6896192770494,0.16019948974423026,1.4884708466761507,1.599099412272779,0.19980771542214368,12.89573860168457,-12.81999969
10/8/2025,11:25:19,21,SURFTRAK,13.593195652173936,3.6155978260869546,49.13,3394.00,45.19444444444444,47.6258342,-122.3759584,47.6258038,-122.3759059,-33.00197983,-26.59766579,47.62580363199937,-122.3758999,0.8617391022651092,-12.75999928,VFR_alt,355.7157795288802,0.1617918993629839,1.5015151024316287,1.6272886337876231,0.2024073864615123,12.839069366455078,-12.75999928
10/8/2025,11:25:20,21,SURFTRAK,13.631962162162148,1.8127027027027038,24.70316124324331,3395.00,45.19444444444444,47.6258418,-122.3759622,47.6258052,-122.3759065,-32.83795929,-26.64394951,47.62580510722922,-122.3759005,0.8646486285570506,-12.68999958,VFR_alt,356.31692068386945,0.11324775363947893,1.5065847315766783,1.6383888816972416,0.17042570202058982,12.773533821105957,-12.68999958
10/8/2025,11:25:21,21,SURFTRAK,13.638753846153815,1.5647179487179435,21.340725025641156,3395.00,45.19444444444444,47.6258379,-122.3759474,47.6258063,-122.375907,-32.67648697,-26.68569374,47.62580655953994,-122.375901,0.9135384461818598,-12.63000011,VFR_alt,333.40825720788325,0.086279076,1.5917715350138508,1.829729085510093,0.16678096781723956,12.684545516967773,-12.63000011
10/8/2025,11:25:22,21,SURFTRAK,13.627109947643945,1.6681675392670154,22.73229937172764,3396.00,45.19444444444444,47.6258409,-122.3759503,47.6258073,-122.375907,-32.56083298,-26.68147278,47.625807599752484,-122.375901,0.9572774680497135,-12.56999969,VFR_alt,2.432651464663081,0.07777893,1.6679834670563212,2.0081031952109507,0.11573099118471018,12.626306533813477,-12.56999969
10/8/2025,11:25:23,21,SURFTRAK,13.616824175824192,2.29,31.164715714285695,3396.00,45.22222222222222,47.6258167,-122.3759164,47.6258083,-122.3759071,-32.45566559,-26.69780922,47.62580854564666,-122.3759012,0.9831318246139275,-12.52999973,VFR_alt,261.85968470290595,0.099681136,1.7130327247060875,2.118210552614178,0.10642865684235218,12.591038703918457,-12.52999973
10/8/2025,11:25:24,21,SURFTRAK,13.612000000000041,2.8762365591397856,39.151332043010605,3397.00,45.22222222222222,47.6258167,-122.3759164,47.6258092,-122.3759073,-32.34683609,-26.70042038,47.625809524478505,-122.3759012,0.9879569411277771,-12.50999928,VFR_alt,349.0567937634068,0.10745614586818603,1.7214401246923412,2.1388056779212747,0.10886081873784181,12.569814682006836,-12.50999928
10/8/2025,11:25:25,21,SURFTRAK,13.607170212765922,2.98,40.55,3398.00,45.25,47.625828,-122.375942,47.6258105,-122.3759073,-32.19852066,-26.70153236,47.62581085845382,-122.3759012,0.9685638001624574,-12.48999977,VFR_alt,349.2583301444065,0.11996732743338068,1.6876490457376172,2.055978989573147,0.14831959813984974,12.553656578063965,-12.48999977
10/8/2025,11:25:26,21,SURFTRAK,13.604795698924779,2.6625806451612952,36.22154709677425,3399.00,45.25,47.625826,-122.3759326,47.625812,-122.3759073,-32.03173065,-26.7035923,47.62581235859277,-122.3759013,0.9340860145066374,-12.47999954,VFR_alt,349.75292936559197,0.15539668292127629,1.6275741161858022,1.9122208449913922,0.1668027286614212,12.54714298248291,-12.47999954
10/8/2025,11:25:27,21,SURFTRAK,13.594073684210565,3.508736842105274,47.69802505263174,3400.00,45.25,47.6258186,-122.3759167,47.6258136,-122.3759074,-31.85402107,-26.7238636,47.62581395694428,-122.3759015,0.8952105070415296,-12.47999954,VFR_alt,346.9185815755062,0.17133601425509704,1.5598364895420598,1.756413012,0.178862015,12.541109085083008,-12.47999954
10/8/2025,11:25:28,21,SURFTRAK,13.607386363636339,2.995568181818172,40.76210011363638,3401.00,45.27777777777778,47.6258289,-122.3759464,47.6258151,-122.375908,-31.68150711,-26.75941658,47.62581550856548,-122.375902,0.8557954217222604,-12.46000004,VFR_alt,342.0212952236732,0.15957907460291276,1.4911586893645414,1.6050662486951988,0.17613938030577214,12.525129318237305,-12.46000004
10/8/2025,11:25:29,21,SURFTRAK,13.603222826086974,2.7951086956521656,38.02228581521752,3401.00,45.27777777777778,47.6258352,-122.375955,47.6258167,-122.3759082,-31.51113892,-26.778162,47.625817040887256,-122.3759023,0.8261412913384645,-12.42999935,VFR_alt,342.2401384544739,0.15682928458504056,1.439488613695806,1.496032794581482,0.17139636105837594,12.489950180053711,-12.42999935
10/8/2025,11:25:30,21,SURFTRAK,13.608005405405404,2.5991891891891803,35.37,3402.00,45.30555555555556,47.6258386,-122.3759533,47.6258181,-122.3759085,-31.34916306,-26.79540825,47.625818497726904,-122.3759025,0.8043243108568965,-12.38000011,VFR_alt,342.55532304538025,0.15041193100246222,1.4014741780082285,1.4177355536797662,0.16289141299794124,12.436155319213867,-12.38000011
10/8/2025,11:25:31,21,SURFTRAK,13.607934782608682,2.504782608695657,34.084998043478336,3403.00,45.30555555555556,47.6258456,-122.3759557,47.6258196,-122.3759087,-31.19084549,-26.81528473,47.62581992166321,-122.3759028,0.8104347560716711,-12.30999947,VFR_alt,342.74986580231774,0.13969063685963984,1.4121211658824557,1.439657390129029,0.1595604153274145,12.36749554,-12.30999947
10/8/2025,11:25:32,21,SURFTRAK,13.612053763440871,2.4686559139784894,33.60,3403.00,45.30555555555556,47.6258516,-122.3759543,47.625821,-122.375909,-31.03244019,-26.83613014,47.62582134638863,-122.375903,0.8419354557991028,-12.22999954,VFR_alt,342.70469957555554,0.13260816914900656,1.4670087487408574,1.5533749690328988,0.15977099728334074,12.286258697509766,-12.22999954
10/8/2025,11:25:33,21,SURFTRAK,13.626188481675415,1.8634031413612566,25.391049738219866,3404.00,45.30555555555556,47.6258416,-122.3759318,47.6258222,-122.3759091,-30.90404892,-26.83687019,47.62582250116248,-122.375903,0.8829319211825026,-12.13999939,VFR_alt,342.57457643241725,0.1017541875233825,1.5384419838786036,1.7087834227945882,0.12839339869075003,12.203217506408691,-12.13999939
10/8/2025,11:25:34,21,SURFTRAK,13.631573684210556,1.7191578947368462,23.43467921052636,3404.00,45.333333333333336,47.6258396,-122.3759279,47.6258232,-122.3759091,-30.79506874,-26.82969093,47.62582348134956,-122.3759029,0.9291578860659349,-12.07999992,VFR_alt,342.2878295752477,0.088239215,1.6189872257209486,1.8923742922709315,0.109216396,12.136285781860352,-12.07999992
10/8/2025,11:25:35,21,SURFTRAK,13.63319354838713,1.7186021505376319,23.429762258064553,3405.00,45.333333333333336,47.6258396,-122.3759279,47.625824,-122.3759089,-30.71120644,-26.81608772,47.62582423562202,-122.3759028,0.9659677147865295,-12.0199995,VFR_alt,342.06968204377506,0.076090029,1.6831255636431972,2.0449209691262933,0.084958422,12.084439277648926,-12.0199995
10/8/2025,11:25:36,21,SURFTRAK,13.63,1.788152173913046,24.376126630434857,3405.00,45.333333333333336,47.6258476,-122.3759411,47.6258247,-122.3759088,-30.63282013,-26.81240273,47.62582494064238,-122.3759027,0.9907064826592155,-11.98999977,VFR_alt,341.63067625748363,0.059772341,1.7262309925122739,2.1507604338594923,0.078472876,12.049766540527344,-11.98999977
10/8/2025,11:25:37,21,SURFTRAK,13.63536216216214,1.7012972972972937,23.197124972973043,3406.00,45.333333333333336,47.6258565,-122.3759554,47.6258256,-122.3759089,-30.53204155,-26.82255173,47.62582584706282,-122.3759028,1.006972958268346,-11.96999931,VFR_alt,341.783544,0.074148318,1.7545740939524264,2.222145722960415,0.10128832297887519,12.031728744506836,-11.96999931
10/8/2025,11:25:38,21,SURFTRAK,13.593209944751369,3.1451933701657455,42.75419138121536,3407.00,45.361111111111114,47.625857,-122.3759476,47.6258269,-122.3759092,-30.36858559,-26.86427307,47.625827317214764,-122.3759034,0.9749170999500633,-11.96000004,VFR_alt,340.17440888679954,0.12674619315078903,1.6987191893069298,2.0832910835659724,0.16869653946951987,12.027338027954102,-11.96000004
10/8/2025,11:25:39,21,SURFTRAK,13.58318888888893,4.281666666666651,58.15866222222233,3408.00,45.388888888888886,47.6258553,-122.3759407,47.6258287,-122.3759103,-30.16354561,-26.93818092,47.62582916138073,-122.3759044,0.9187777512603336,-11.97999954,VFR_alt,333.8308598679994,0.15333046747578516,1.600900627196037,1.8509882834514775,0.21795358038412144,12.043298721313477,-11.97999954
10/8/2025,11:25:40,21,SURFTRAK,13.60002259887001,3.5905084745762723,48.830982372881294,3409.00,45.388888888888886,47.6258514,-122.3759328,47.6258306,-122.3759109,-29.96315384,-26.98408318,47.62583096373987,-122.375905,0.8457062018793181,-11.97999954,VFR_alt,334.03169719076493,0.16185327312030362,1.473578988123051,1.5688380357166614,0.20558180367854353,12.047243118286133,-11.97999954
10/8/2025,11:25:41,21,SURFTRAK,13.604486631016059,3.039465240641722,41.35038962566854,3410.00,45.388888888888886,47.625856,-122.3759413,47.6258323,-122.3759117,-29.76577568,-27.04631233,47.625832738994056,-122.3759058,0.7942780409267242,-11.96000004,VFR_alt,331.8393509648264,0.17056890772306982,1.3839693137359623,1.382590153397589,0.20695556382517036,12.027059555053711,-11.96000004
10/8/2025,11:25:42,21,SURFTRAK,13.602070270270275,2.8997297297297164,39.44230156756746,3411.00,45.416666666666664,47.625857,-122.3759398,47.625834,-122.3759125,-29.57814026,-27.10208702,47.62583442662036,-122.3759066,0.760702692,-11.90999985,VFR_alt,331.1716158859711,0.15132628912861282,1.3254668126820968,1.268233239910836,0.19574950165528168,11.970056533813477,-11.90999985
10/8/2025,11:25:43,21,SURFTRAK,13.610000000000012,2.540000000000006,34.56935000000006,3411.00,45.416666666666664,47.6258545,-122.3759353,47.6258356,-122.3759132,-29.41075897,-27.15372467,47.625835932077365,-122.3759073,0.7484239145465519,-11.82999992,VFR_alt,331.29334645109003,0.13171995414987855,1.304071972315965,1.2274927876812796,0.17516547022900722,11.885263442993164,-11.82999992
10/8/2025,11:25:44,21,SURFTRAK,13.612000000000041,2.55,34.693036129032315,3412.00,45.416666666666664,47.625857,-122.375939,47.625837,-122.3759138,-29.26080513,-27.20095062,47.62583728078884,-122.3759079,0.7674731016159058,-11.72999954,VFR_alt,331.3267967820641,0.11512148564541212,1.3372637376640815,1.2908432205959934,0.15721464733223237,11.788597106933594,-11.72999954
10/8/2025,11:25:45,21,SURFTRAK,13.615999999999987,2.277419354838712,31.009341935483786,3413.00,45.44444444444444,47.6258579,-122.3759386,47.6258382,-122.3759143,-29.1292038,-27.23749542,47.62583846443461,-122.3759084,0.8258064309115051,-11.63000011,VFR_alt,331.5959660454193,0.10248363558803836,1.4389051447700434,1.495521800050658,0.13658123371402092,11.689699172973633,-11.63000011
10/8/2025,11:25:46,21,SURFTRAK,13.611983783783746,2.365351351351359,32.196929243243346,3413.00,45.44444444444444,47.6258585,-122.37594,47.6258391,-122.3759146,-29.02813911,-27.26141167,47.62583937,-122.3759087,0.89664863,-11.52999973,VFR_alt,331.5253332369356,0.085111459,1.5623423097369957,1.7628839403209873,0.10385594205655076,11.592438697814941,-11.52999973
10/8/2025,11:25:47,21,SURFTRAK,13.61351336898396,2.320213903743307,31.586362994652493,3414.00,45.44444444444444,47.6258703,-122.3759588,47.6258402,-122.3759153,-28.90788841,-27.30978012,47.625840454984456,-122.3759093,0.9640641457894269,-11.43999958,VFR_alt,331.3921145153276,0.077113977,1.6798087388755185,2.0371177403183687,0.12961380578025752,11.50356388092041,-11.43999958
10/8/2025,11:25:48,21,SURFTRAK,13.618924731182796,2.2315053763440904,30.390698602150486,3414.00,45.47222222222222,47.6258595,-122.3759356,47.6258411,-122.3759156,-28.80266953,-27.33488846,47.62584140134181,-122.3759097,1.0020430001520342,-11.38000011,VFR_alt,331.4286878181938,0.079517113,1.7459840154164283,2.200610320732313,0.10817320767123485,11.444191932678223,-11.38000011
10/8/2025,11:25:49,21,SURFTRAK,13.612624277456645,2.202080924855495,29.976047283236944,3415.00,45.47222222222222,47.6258566,-122.3759298,47.6258422,-122.375916,-28.68776131,-27.36346436,47.62584243484673,-122.37591,1.0186705024256182,-11.35999966,VFR_alt,331.7104482122208,0.087303919,1.7749561784688856,2.273842329710092,0.11840811016936931,11.421767234802246,-11.35999966
10/8/2025,11:25:50,21,SURFTRAK,13.628021505376285,2.0172580645161307,27.49115532258063,3416.00,45.47222222222222,47.6258568,-122.3759332,47.6258431,-122.3759164,-28.5798893,-27.39306831,47.62584340506674,-122.3759104,0.9932257718937372,-11.35999966,VFR_alt,331.91461750471296,0.084858056,1.7306206631481809,2.162108176753488,0.11186046988318613,11.421416282653809,-11.35999966
10/8/2025,11:25:51,21,SURFTRAK,13.622224598930472,2.3143850267379698,31.526962032085457,3416.00,45.50,47.6258554,-122.375931,47.6258442,-122.3759168,-28.4616375,-27.42047691,47.62584446864443,-122.3759108,0.9563636183738708,-11.35999966,VFR_alt,331.9626190138913,0.11090820979944525,1.666391153227201,2.0045094504250813,0.1213866536164435,11.42585277557373,-11.35999966
10/8/2025,11:25:52,21,SURFTRAK,13.599554347826084,2.9818478260869457,40.55143923913045,3417.00,45.50,47.6258554,-122.375931,47.6258455,-122.3759172,-28.2975769,-27.44563484,47.625845944234534,-122.3759111,0.8976630309353704,-11.35999966,VFR_alt,332.2153228028175,0.1554863172299836,1.5641098266298135,1.7662615297108446,0.1659783101066471,11.426072120666504,-11.35999966
10/8/2025,11:25:53,21,SURFTRAK,13.541761658031096,5.97,80.88590113989655,3419.00,45.52777777777778,47.6258513,-122.3759255,47.6258473,-122.3759173,-28.09123993,-27.45152473,47.62584780006591,-122.3759112,0.83829014,-11.35999966,VFR_alt,335.75207833773896,0.1941157298384553,1.460657061774717,1.5409084163191165,0.20642102152405087,11.42432975769043,-11.35999966
10/8/2025,11:25:54,21,SURFTRAK,13.521956521739128,5.660054347826067,76.53,3421.00,45.55555555555556,47.6258492,-122.3759227,47.6258496,-122.3759164,-27.83868599,-27.36919975,47.62585007158088,-122.3759101,0.7784782411611598,-11.34999943,VFR_alt,353.2721377666645,0.23500324040651321,1.3564393595989943,1.3288668974702182,0.2656330083563365,11.418205261230469,-11.34999943
10/8/2025,11:25:55,21,SURFTRAK,13.556724719101107,5.803314606741589,78.67365640449425,3422.00,45.55555555555556,47.6258475,-122.375919,47.6258517,-122.375916,-27.61343956,-27.34997749,47.62585209748725,-122.3759099,0.7062921212630325,-11.31999969,VFR_alt,359.2036557819113,0.22633095579535772,1.2306605143219478,1.0940468702222383,0.2260651437928757,11.382865905761719,-11.31999969
10/8/2025,11:25:56,21,SURFTRAK,13.585989189189192,3.7582702702702635,51.055130270270496,3423.00,45.583333333333336,47.6258443,-122.3759158,47.6258533,-122.3759157,-27.4408493,-27.32379723,47.62585364979464,-122.3759095,0.6734053795402114,-11.25999928,VFR_alt,358.08154565322303,0.20248916495490718,1.1733578582897621,0.9937170276272067,0.1745646091656242,11.324028015136719,-11.25999928
10/8/2025,11:25:57,21,SURFTRAK,13.568978835978806,4.458095238095236,60.49179650793668,3424.00,45.611111111111114,47.6258449,-122.3759156,47.6258548,-122.3759152,-27.26659775,-27.28576469,47.625855217044084,-122.375909,0.6759259006964466,-11.17999935,VFR_alt,357.81535914575636,0.19270376813790155,1.1777496754559271,1.0014908057599865,0.17835380112860097,11.242012977600098,-11.17999935
10/8/2025,11:25:58,21,SURFTRAK,13.565117948717948,4.83,65.51085169230753,3426.00,45.611111111111114,47.6258387,-122.3759043,47.6258565,-122.3759146,-27.07975578,-27.23944855,47.625856897533886,-122.3759084,0.6891282035754277,-11.09999943,VFR_alt,357.9216581211543,0.19461303658974477,1.2007536880480905,1.0406838994812473,0.19249702657480827,11.157755851745605,-11.09999943
10/8/2025,11:25:59,21,SURFTRAK,13.583467455621271,4.18,56.70305289940836,3427.00,45.638888888888886,47.6258394,-122.3759056,47.625858,-122.3759142,-26.92165184,-27.21758461,47.62585831954881,-122.3759081,0.7034319374688278,-11.01000023,VFR_alt,353.5683131,0.17337950790774892,1.225676860741137,1.0845371644433455,0.1596085477317932,11.070475578308105,-11.01000023
10/8/2025,11:26:00,21,SURFTRAK,13.596000000000002,3.431657142857135,46.65681051428572,3428.00,45.638888888888886,47.6258309,-122.3758901,47.625859,-122.3759143,-26.82043457,-27.22416687,47.62585923,-122.3759082,0.7311428383418492,-10.92000008,VFR_alt,342.7851536352226,0.14564635302339282,1.2739610062017097,1.171505634329208,0.10143106956913453,10.982685089111328,-10.92000008
10/8/2025,11:26:01,21,SURFTRAK,13.58434715025907,3.948756476683938,53.63503891191691,3429.00,45.666666666666664,47.6258335,-122.3758996,47.6258597,-122.3759143,-26.74129486,-27.23218727,47.625859941711504,-122.3759083,0.7750776962912762,-10.82999992,VFR_alt,333.17941729429776,0.1398634719879516,1.3505141677802575,1.3169941551712228,0.079545084,10.891735076904297,-10.82999992
10/8/2025,11:26:02,21,SURFTRAK,13.578347826086986,4.195000000000013,56.95671152173917,3430.00,45.666666666666664,47.6258329,-122.3758952,47.6258607,-122.3759145,-26.61917686,-27.25133324,47.62586104006244,-122.3759086,0.8056521509652552,-10.75,VFR_alt,332.4473681,0.15397470816969872,1.4037878388030958,1.4224633895989443,0.123609761,10.80866813659668,-10.75
10/8/2025,11:26:03,21,SURFTRAK,13.562973118279626,5.217311827956971,70.76225112903207,3432.00,45.69444444444444,47.6258373,-122.3759056,47.6258622,-122.3759151,-26.44723892,-27.29726219,47.62586258650281,-122.3759092,0.8102688,-10.67999935,VFR_alt,332.9363464,0.18952545804041687,1.4118319996242674,1.4387701228606702,0.17796664009690358,10.739996910095215,-10.67999935
10/8/2025,11:26:04,21,SURFTRAK,13.562714285714286,5.549999999999981,75.27306428571457,3433.00,45.72222222222222,47.6258407,-122.3759123,47.6258636,-122.3759157,-26.29640961,-27.34427643,47.62586394308845,-122.3759098,0.7828042015196786,-10.60999966,VFR_alt,332.0288395861834,0.17861758653449003,1.3639770177994432,1.3429331759750558,0.15798677396648086,10.666443824768066,-10.60999966
10/8/2025,11:26:05,21,SURFTRAK,13.578238095238131,4.176931216931219,56.71017227513237,3434.00,45.72222222222222,47.6258452,-122.3759201,47.6258649,-122.3759167,-26.15130997,-27.41640472,47.62586524814037,-122.3759107,0.7680952208382743,-10.52999973,VFR_alt,328.2589795006941,0.17296913881150502,1.3383477332788147,1.2927946256975744,0.16203825648953524,10.589879989624023,-10.52999973
10/8/2025,11:26:06,21,SURFTRAK,13.567021621621626,4.506216216216203,61.13593335135154,3436.00,45.75,47.6258465,-122.3759159,47.6258662,-122.3759173,-26.00995255,-27.45852089,47.62586651953411,-122.3759113,0.7864864516902614,-10.43999958,VFR_alt,328.473628,0.1663966874818544,1.3703930597633378,1.3556442992448046,0.14749810875745678,10.50472354888916,-10.43999958
10/8/2025,11:26:07,21,SURFTRAK,13.578152173913061,4.13,56.095702173913274,3437.00,45.75,47.625844,-122.3759067,47.6258675,-122.3759178,-25.86716843,-27.50126076,47.6258678,-122.3759119,0.800434756,-10.35999966,VFR_alt,328.81174807425765,0.15493440806217815,1.3946969237065663,1.404269019650951,0.14904362069544613,10.415762901306152,-10.35999966
10/8/2025,11:26:08,21,SURFTRAK,13.58856989247315,3.6688709677419253,49.85249306451608,3438.00,45.77777777777778,47.6258408,-122.3758973,47.6258686,-122.3759183,-25.74436951,-27.53381348,47.62586890823508,-122.3759123,0.8223118185997009,-10.26000023,VFR_alt,328.8766199037903,0.1451142060981002,1.4328160475600817,1.482114102,0.12704036443539346,10.322656631469727,-10.26000023
10/8/2025,11:26:09,21,SURFTRAK,13.602000000000023,3.0319018404908036,41.23992883435592,3438.00,45.77777777777778,47.6258343,-122.3758855,47.6258695,-122.3759185,-25.65545464,-27.54472923,47.625869707951225,-122.3759125,0.8482208464043272,-10.17000008,VFR_alt,328.9752600175772,0.12434532923018274,1.477960565704512,1.5775218984927093,0.089582409,10.230205535888672,-10.17000008
10/8/2025,11:26:10,21,SURFTRAK,13.603695431472028,2.947715736040616,40.09972040609142,3439.00,45.80555555555556,47.6258298,-122.3758811,47.62587,-122.3759184,-25.59428024,-27.53949738,47.62587025816457,-122.3759124,0.8943147023922295,-10.07999992,VFR_alt,328.79402341661165,0.11877396203539699,1.5582756178046422,1.7530421557900242,0.061397709,10.142992973327637,-10.07999992
10/8/2025,11:26:11,21,SURFTRAK,13.605457446808478,2.85,38.787782180851195,3440.00,45.80555555555556,47.6258273,-122.3758769,47.6258706,-122.3759183,-25.53352547,-27.53347778,47.62587080460381,-122.3759123,0.9269680748594568,-10.0199995,VFR_alt,328.8358689165339,0.12491018606468718,1.6151716455884513,1.8830420365728382,0.061052259,10.08055305480957,-10.0199995
10/8/2025,11:26:12,21,SURFTRAK,13.605031413612581,2.7967015706806286,38.04921345549745,3441.00,45.833333333333336,47.625835,-122.3758952,47.6258712,-122.3759184,-25.46543121,-27.54119682,47.62587141705561,-122.3759124,0.9314136183698764,-9.969999313,VFR_alt,328.8942378837067,0.12859118952176957,1.6229176683717559,1.9009876918522257,0.068530365,10.036378860473633,-9.969999313
10/8/2025,11:26:13,21,SURFTRAK,13.61,2.8042937853107417,38.15501372881357,3442.00,45.833333333333336,47.6258387,-122.3758955,47.6258719,-122.3759186,-25.39008141,-27.55141449,47.62587209476516,-122.3759125,0.9168926359569959,-9.93999958,VFR_alt,328.8138169980759,0.12409946907543193,1.5976159565917374,1.8423481385289404,0.076039426,10.00202465057373,-9.93999958
10/8/2025,11:26:14,21,SURFTRAK,13.60357541899442,2.8457541899441434,38.71245418994398,3442.00,45.833333333333336,47.6258411,-122.3758974,47.6258725,-122.3759186,-25.31900978,-27.55653763,47.62587273399596,-122.3759126,0.8938547306220624,-9.909999847,VFR_alt,328.4717249353047,0.12170222888612214,1.5574741518414745,1.7510232282942335,0.071256034,9.973303795,-9.909999847
10/8/2025,11:26:15,21,SURFTRAK,13.604984455958565,2.926062176165801,39.809029119170816,3443.00,45.861111111111114,47.6258489,-122.3759086,47.6258732,-122.3759189,-25.23858833,-27.57654762,47.62587345732073,-122.3759129,0.8613471129397654,-9.88999939,VFR_alt,328.41517680015136,0.12266801629659425,1.5008320907283754,1.6258860685626095,0.082873453,9.950574875,-9.88999939
10/8/2025,11:26:16,21,SURFTRAK,13.602000000000004,2.9832432432432343,40.57807459459453,3444.00,45.861111111111114,47.6258606,-122.3759209,47.6258741,-122.3759193,-25.12976837,-27.611166,47.62587443606679,-122.3759133,0.8412972698340545,-9.859999657,VFR_alt,328.2456418,0.13476987916070063,1.4658967580441824,1.5509362548880388,0.11419376561290491,9.926033973693848,-9.859999657
10/8/2025,11:26:17,21,SURFTRAK,13.598118279569846,3.166827956989247,43.06297107526902,3445.00,45.888888888888886,47.6258606,-122.3759209,47.6258752,-122.3759199,-25.012743,-27.65602875,47.62587548861377,-122.3759139,0.8067741768975412,-9.829999924,VFR_alt,327.42020906441076,0.13915149747363983,1.4057428839881416,1.4268726865470844,0.12532998270665413,9.892063141,-9.829999924
10/8/2025,11:26:18,21,SURFTRAK,13.602016129032263,3.0838709677419436,41.946860967741785,3446.00,45.888888888888886,47.6258639,-122.3759146,47.6258761,-122.3759204,-24.91584396,-27.68801117,47.625876360140865,-122.3759144,0.7839784622192383,-9.769999504,VFR_alt,327.0183016568554,0.12145162714264726,1.3660230781092824,1.3468314606408438,0.10204066751254545,9.837599754333496,-9.769999504
10/8/2025,11:26:19,21,SURFTRAK,13.603300578034709,2.940693641618507,40.003191676300666,3447.00,45.888888888888886,47.625858,-122.3759033,47.6258768,-122.3759206,-24.83274269,-27.70244026,47.62587710756846,-122.3759146,0.7884392696998023,-9.699999809,VFR_alt,326.8771262289313,0.10868322190349501,1.3737956972042042,1.3621776720225458,0.084344651,9.765375137329102,-9.699999809
10/8/2025,11:26:20,21,SURFTRAK,13.604989247311842,2.968817204301074,40.390724301075295,3447.00,45.916666666666664,47.6258571,-122.375903,47.6258777,-122.3759206,-24.74417877,-27.70203018,47.62587790412806,-122.3759145,0.8026881455093302,-9.63999939,VFR_alt,327.09860582503137,0.11981161751894541,1.3986232838420154,1.411927517892879,0.088564868,9.697744369506836,-9.63999939
10/8/2025,11:26:21,21,SURFTRAK,13.603983783783775,3.0490270270270385,41.47891551351341,3448.00,45.916666666666664,47.6258597,-122.3759089,47.6258785,-122.3759208,-24.65564728,-27.72164726,47.62587870039603,-122.3759148,0.816324313,-9.569999695,VFR_alt,327.20168282734005,0.12419951993065911,1.4223832725551036,1.460389934173094,0.090678858,9.630460739135742,-9.569999695
10/8/2025,11:26:22,21,SURFTRAK,13.614258064516116,2.5581720430107606,34.82,3449.00,45.94444444444444,47.6258675,-122.3759173,47.6258792,-122.3759211,-24.57440567,-27.7440567,47.625879431097474,-122.3759151,0.8440322279930115,-9.5,VFR_alt,327.25858370921816,0.10306951720067249,1.470662215442365,1.5612056650048616,0.08427563,9.561067581176758,-9.5
10/8/2025,11:26:23,21,SURFTRAK,13.61155913978496,2.320860215053767,31.59049161290317,3450.00,45.94444444444444,47.6258727,-122.3759251,47.6258799,-122.3759213,-24.49583817,-27.75874329,47.62588013774756,-122.3759153,0.8698386937700292,-9.429999352,VFR_alt,327.2683420849451,0.095884616,1.5156280270235374,1.6581499942639668,0.079928397,9.496957778930664,-9.429999352
10/8/2025,11:26:24,21,SURFTRAK,13.618877005347594,2.6192513368983943,35.67121497326203,3450.00,45.94444444444444,47.6258734,-122.3759211,47.6258807,-122.3759215,-24.40437317,-27.77373314,47.62588096039996,-122.3759155,0.8957753812565523,-9.380000114,VFR_alt,327.3004399824029,0.10330525550612792,1.5608207400682361,1.758326461085947,0.092685173,9.443422317504883,-9.380000114
10/8/2025,11:26:25,21,SURFTRAK,13.59598941798942,3.1340740740740745,42.61083576719572,3451.00,45.97222222222222,47.6258741,-122.3759211,47.6258817,-122.3759219,-24.28709221,-27.80456161,47.625882015245736,-122.3759159,0.8980952160699027,-9.340000153,VFR_alt,327.11547492167506,0.12537001018170957,1.5648628764854373,1.7674255549451232,0.12126507546496751,9.408005714416504,-9.340000153
10/8/2025,11:26:26,21,SURFTRAK,13.594940860215067,3.23,43.87127123655936,3452.00,45.97222222222222,47.6258755,-122.3759191,47.6258828,-122.3759227,-24.17390633,-27.87381172,47.62588303325964,-122.3759168,0.880967726,-9.319999695,VFR_alt,321.2107421615592,0.1379047712331177,1.5350195219993379,1.7011016434695114,0.13268994425421182,9.388224601745605,-9.319999695
10/8/2025,11:26:27,21,SURFTRAK,13.572929729729738,4.6240540540540405,62.761913945946006,3453.00,46.00,47.6258808,-122.3759277,47.6258838,-122.3759238,-24.04393387,-27.95503235,47.62588420225498,-122.3759179,0.8290270009556332,-9.309999466,VFR_alt,318.29083821756706,0.15779049960342614,1.4445167440893596,1.5069517506312156,0.1532632703281855,9.376956939697266,-9.309999466
10/8/2025,11:26:28,21,SURFTRAK,13.57,4.9864705882353135,67.64339283422478,3455.00,46.00,47.6258893,-122.3759339,47.6258856,-122.3759247,-23.84572601,-28.02267265,47.625885984971596,-122.3759188,0.7739037205191219,-9.289999962,VFR_alt,324.91045790017336,0.18124478354173548,1.3484686039348373,1.3132852045305363,0.20943152741276513,9.355440139770508,-9.289999962
10/8/2025,11:26:29,21,SURFTRAK,13.56098837209303,5.242500000000013,71.09198110465134,3456.00,46.02777777777778,47.6258901,-122.3759328,47.6258874,-122.3759257,-23.64064598,-28.09322166,47.62588782949779,-122.3759198,0.7147092857333117,-9.25,VFR_alt,329.1162438079048,0.2002647391758686,1.245326785747434,1.1196435628081505,0.21687550035380457,9.315271377563477,-9.25
10/8/2025,11:26:30,21,SURFTRAK,13.574983783783779,4.424054054054045,60.056462594594635,3457.00,46.05555555555556,47.6258873,-122.3759248,47.6258891,-122.3759263,-23.46148682,-28.14151001,47.625889440887114,-122.3759204,0.6851891797942085,-9.18999958,VFR_alt,331.47027897709023,0.18702996896730886,1.1938902375202114,1.0289449551847905,0.1855526084272893,9.250697135925293,-9.18999958
10/8/2025,11:26:31,21,SURFTRAK,13.570397849462339,4.453817204301067,60.43998209677422,3459.00,46.05555555555556,47.6258813,-122.3759151,47.6258904,-122.3759269,-23.31771851,-28.17967606,47.625890733964816,-122.3759209,0.6853225827217102,-9.099999428,VFR_alt,330.6517982789583,0.16233313179785205,1.1941226820150983,1.0292032945150158,0.14874802249327582,9.165936470031738,-9.099999428
10/8/2025,11:26:32,21,SURFTRAK,13.574605405405395,4.398810810810796,59.71217318918921,3460.00,46.083333333333336,47.6258758,-122.3759102,47.6258915,-122.3759271,-23.19618988,-28.18900108,47.62589182701483,-122.375921,0.7206486260568773,-9.010000229,VFR_alt,330.5173857363624,0.1511111994852891,1.2556756363112247,1.1384590578817673,0.12188586033789656,9.071415901184082,-9.010000229
10/8/2025,11:26:33,21,SURFTRAK,13.58699999999999,4.037326203208569,54.855151122994414,3461.00,46.083333333333336,47.6258764,-122.3759142,47.6258926,-122.3759271,-23.07574081,-28.19550514,47.62589291035511,-122.3759211,0.7672192349153406,-8.909999847,VFR_alt,331.5470187039869,0.14401219187573316,1.3368213941706726,1.2904718226278666,0.12062454277919957,8.972707748413086,-8.909999847
10/8/2025,11:26:34,21,SURFTRAK,13.576144385026746,4.323850267379663,58.69770545454559,3462.00,46.111111111111114,47.6258763,-122.3759145,47.6258937,-122.3759272,-22.94788742,-28.19291878,47.62589406029122,-122.3759211,0.7997860704513795,-8.809999466,VFR_alt,336.3469586515398,0.14574196233468897,1.3935666379077052,1.4020218259976316,0.12787955085176692,8.874305725097656,-8.809999466
10/8/2025,11:26:35,21,SURFTRAK,13.599246073298456,3.6097905759162354,49.08920293193733,3463.00,46.111111111111114,47.6258849,-122.3759283,47.6258948,-122.3759273,-22.82736969,-28.2116127,47.625895144249085,-122.3759213,0.8297905594266523,-8.720000267,VFR_alt,338.86888843638036,0.13742186885853713,1.4458471868797693,1.5091164369429964,0.1219589529671377,8.785950660705566,-8.720000267
10/8/2025,11:26:36,21,SURFTRAK,13.602000000000004,3.4243010752688163,46.57734322580642,3464.00,46.138888888888886,47.625886,-122.375927,47.6258959,-122.3759277,-22.70431709,-28.23887634,47.625896251005976,-122.3759217,0.8815591255182861,-8.649999619,VFR_alt,338.0005574069048,0.14031408615009758,1.5360499914333787,1.703546168864603,0.12603669219638533,8.713604927062988,-8.649999619
10/8/2025,11:26:37,21,SURFTRAK,13.598648648648707,3.282810810810807,44.64128010810784,3465.00,46.138888888888886,47.6258918,-122.3759323,47.6258971,-122.375928,-22.57418442,-28.26390457,47.625897421442346,-122.375922,0.9059999704360961,-8.590000153,VFR_alt,338.15177574111044,0.1342896898856034,1.5786363121235019,1.7986933398162044,0.1325176417764281,8.654447555541992,-8.590000153
10/8/2025,11:26:38,21,SURFTRAK,13.594042105263195,3.2491578947368436,44.169194315789554,3466.00,46.166666666666664,47.6258933,-122.3759285,47.6258984,-122.3759283,-22.43482399,-28.27998924,47.62589867487476,-122.3759222,0.9114736494265104,-8.539999962,VFR_alt,338.12544154866134,0.1444476466429861,1.5881737830916474,1.820584863919901,0.14028558548250586,8.604158401489258,-8.539999962
10/8/2025,11:26:39,21,SURFTRAK,13.597982558139508,3.4151162790697693,46.43869098837201,3467.00,46.166666666666664,47.6258922,-122.3759249,47.6258996,-122.3759284,-22.29805946,-28.29301262,47.625899904959184,-122.3759224,0.9143022880997769,-8.489999771,VFR_alt,338.0083085445629,0.14941341152717902,1.5931024716890076,1.8318099339055518,0.13738320132747733,8.558541297912598,-8.489999771
10/8/2025,11:26:40,21,SURFTRAK,13.594924324324317,3.5644864864864805,48.45870502702698,3468.00,46.19444444444444,47.6258923,-122.375924,47.6259009,-122.3759286,-22.14696312,-28.30864334,47.62590126,-122.3759226,0.896432412,-8.470000267,VFR_alt,337.9703725161945,0.15836682110219388,1.5619655663512177,1.7613180907058272,0.15190268147755592,8.530650139,-8.470000267
10/8/2025,11:26:41,21,SURFTRAK,13.595201086956537,3.5551630434782675,48.33284869565217,3469.00,46.19444444444444,47.6258911,-122.3759225,47.6259023,-122.3759289,-21.99054337,-28.32811546,47.625902670813524,-122.3759229,0.8757608581496321,-8.449999809,VFR_alt,337.8725277096096,0.17240784981328508,1.5259469498061793,1.6810738774799516,0.15762710107388042,8.514056205749512,-8.449999809
10/8/2025,11:26:42,21,SURFTRAK,13.570999999999955,4.486190476190486,60.88209095238077,3470.00,46.22222222222222,47.6258915,-122.3759222,47.6259039,-122.3759292,-21.81390381,-28.35371208,47.62590425954104,-122.3759232,0.8334920434724717,-8.429999352,VFR_alt,337.68093729179253,0.19157667355562644,1.4522967424141517,1.5226906287887418,0.17848450897173082,8.496248245239258,-8.429999352
10/8/2025,11:26:43,21,SURFTRAK,13.567972972972967,4.76,64.55847016216197,3471.00,46.25,47.6258976,-122.3759309,47.6259056,-122.3759297,-21.62836075,-28.38668633,47.625905928348246,-122.3759237,0.8001080964062665,-8.399999619,VFR_alt,337.7360212679429,0.20135391966716662,1.3941277437381936,1.4033729328571232,0.18845033281675796,8.463464736938477,-8.399999619
10/8/2025,11:26:44,21,SURFTRAK,13.58,4.425810055865907,60.08037150837991,3473.00,46.25,47.6258985,-122.3759299,47.6259072,-122.37593,-21.45118141,-28.41428375,47.62590752193063,-122.375924,0.7563687090101189,-8.349999428,VFR_alt,337.7041040852894,0.19292010017280473,1.3179151747903621,1.2538306329452729,0.17931574191040212,8.418802261352539,-8.349999428
10/8/2025,11:26:45,21,SURFTRAK,13.565000000000042,4.341276595744697,58.88941702127675,3474.00,46.27777777777778,47.6258974,-122.375925,47.6259087,-122.3759303,-21.28467178,-28.43477249,47.62590901954777,-122.3759243,0.7597340332700852,-8.289999962,VFR_alt,337.7180841260521,0.17785228321209867,1.3237789973645455,1.2649005883093145,0.16776544561264284,8.354550362,-8.289999962
10/8/2025,11:26:46,21,SURFTRAK,13.59700000000003,3.679523809523806,50.030485238095274,3475.00,46.27777777777778,47.6258977,-122.3759251,47.62591,-122.3759306,-21.13272858,-28.45605659,47.62591038615193,-122.3759246,0.7665079207647414,-8.210000038,VFR_alt,336.31392792662365,0.16523089405720826,1.3355819831506892,1.2878742162522392,0.15342669632765285,8.278855323791504,-8.210000038
10/8/2025,11:26:47,21,SURFTRAK,13.591890109890098,3.8484065934065925,52.30634489010989,3476.00,46.30555555555556,47.6258977,-122.3759251,47.6259113,-122.3759311,-20.99417114,-28.49364471,47.625911632362076,-122.3759251,0.7980219544945183,-8.13999939,VFR_alt,333.19372021690924,0.1582994452053374,1.3904927994980225,1.3957559476482984,0.14356541807641773,8.201632499694824,-8.13999939
10/8/2025,11:26:48,21,SURFTRAK,13.58699999999999,3.4699470899471057,47.146171111111094,3477.00,46.30555555555556,47.6258933,-122.375917,47.6259125,-122.3759313,-20.86957932,-28.50891495,47.62591275296309,-122.3759253,0.8213756529111711,-8.059999466,VFR_alt,333.32694572293207,0.13802748776617504,1.4311848497694615,1.478512450904474,0.12552411510784917,8.119295120239258,-8.059999466
10/8/2025,11:26:49,21,SURFTRAK,13.601190751445086,3.04,41.412668208092335,3478.00,46.333333333333336,47.6258956,-122.3759233,47.6259134,-122.3759316,-20.7679348,-28.5340538,47.62591367,-122.3759256,0.847283216,-7.980000019,VFR_alt,333.5689931419231,0.12547264239519318,1.4763268155503717,1.5735744652065677,0.10470706595457908,8.047304153442383,-7.980000019
10/8/2025,11:26:50,21,SURFTRAK,13.604075675675665,3.01,40.948997081080925,3479.00,46.333333333333336,47.6258965,-122.3759224,47.6259143,-122.375932,-20.67261696,-28.5611248,47.625914524477466,-122.375926,0.8823243173393043,-7.919999599,VFR_alt,333.4292944241738,0.11948242384839702,1.5373832802124259,1.7060434671770965,0.099087485,7.982297897338867,-7.919999599
10/8/2025,11:26:51,21,SURFTRAK,13.610947089947105,2.9987830687830668,40.82,3480.00,46.333333333333336,47.6258951,-122.3759209,47.6259151,-122.3759325,-20.5822525,-28.59859276,47.62591533723141,-122.3759265,0.8973015660331363,-7.859999657,VFR_alt,333.7132713502217,0.12093046319390101,1.5634800014213746,1.7643126194316447,0.097824244,7.9263739585876465,-7.859999657
10/8/2025,11:26:52,21,SURFTRAK,13.60153296703298,3.022692307692313,41.11,3480.00,46.361111111111114,47.6258951,-122.3759191,47.625916,-122.3759331,-20.4708786,-28.64575005,47.62591633894803,-122.3759271,0.8929670158323351,-7.829999924,VFR_alt,335.4251470155387,0.13515811405339084,1.5559273760714947,1.7473112023965116,0.12094608583710377,7.891368865966797,-7.829999924
10/8/2025,11:26:53,21,SURFTRAK,13.58340625000001,4.248958333333347,57.71218968750021,3482.00,46.361111111111114,47.6259021,-122.3759381,47.6259173,-122.3759332,-20.32994652,-28.64481544,47.62591760651618,-122.3759271,0.882916659,-7.799999714,VFR_alt,348.4454162054439,0.13949840143322945,1.5384153908852383,1.7082649977440818,0.14093518203074695,7.869771480560303,-7.799999714
10/8/2025,11:26:54,21,SURFTRAK,13.603956284152998,3.1945901639344414,43.45905289617503,3483.00,46.388888888888886,47.6259075,-122.3759433,47.6259185,-122.3759332,-20.19112206,-28.64295959,47.62591885512803,-122.3759271,0.8584699086804207,-7.779999733,VFR_alt,356.40556845041084,0.14542403165759937,1.4958187802764873,1.6150588651874018,0.1388368671387704,7.846844196,-7.779999733
10/8/2025,11:26:55,21,SURFTRAK,13.57934391534391,3.906190476190464,53.03669481481497,3484.00,46.416666666666664,47.6259126,-122.3759449,47.6259197,-122.3759334,-20.0571022,-28.67227173,47.625920060526354,-122.3759275,0.8461904440607343,-7.759999752,VFR_alt,352.38493409468344,0.15785249279289648,1.4744227434391548,1.569056556819645,0.13718790702107136,7.821455478668213,-7.759999752
10/8/2025,11:26:56,21,SURFTRAK,13.57,4.594550264550278,62.35746206349228,3485.00,46.416666666666664,47.6259163,-122.375947,47.6259211,-122.3759339,-19.9071064,-28.70427322,47.625921409615216,-122.3759279,0.8293650632812863,-7.71999979,VFR_alt,349.7766349544525,0.1523422574397748,1.4451057920810257,1.5073079742216886,0.15337156474676544,7.789468765258789,-7.71999979
10/8/2025,11:26:57,21,SURFTRAK,13.588999999999979,3.774945652173928,51.29773646739146,3486.00,46.44444444444444,47.625918,-122.3759413,47.6259225,-122.3759341,-19.74454689,-28.72051811,47.625922871704276,-122.3759281,0.8129347721519677,-7.699999809,VFR_alt,350.1332438903597,0.15277713537216187,1.4164772545072155,1.4482794625198763,0.163369185,7.761173725128174,-7.699999809
10/8/2025,11:26:58,21,SURFTRAK,13.602313829787203,3.5306914893617165,48.02588712765951,3487.00,46.44444444444444,47.6259188,-122.3759398,47.6259237,-122.3759347,-19.62229538,-28.76678848,47.62592397125604,-122.3759287,0.7956382670301072,-7.649999619,VFR_alt,343.0194185979197,0.132630388,1.386339404673675,1.3872842317693383,0.1307148768640034,7.717866421,-7.649999619
10/8/2025,11:26:59,21,SURFTRAK,13.596058139534875,3.233313953488364,43.96026988372105,3488.00,46.47222222222222,47.6259177,-122.3759341,47.6259246,-122.375935,-19.52467346,-28.78283119,47.62592484928489,-122.3759289,0.8094185982332673,-7.589999676,VFR_alt,340.21240229025284,0.10913434901902842,1.4103505878306901,1.4357961102355539,0.098931326,7.652904987335205,-7.589999676
10/8/2025,11:27:00,21,SURFTRAK,13.599952127659531,3.167925531914899,43.083629734042425,3489.00,46.47222222222222,47.6259192,-122.3759358,47.6259254,-122.3759353,-19.42523193,-28.81152534,47.62592574367963,-122.3759293,0.8278191343266913,-7.519999981,VFR_alt,341.53985667564655,0.11170052447693145,1.4424121279934738,1.5019986976856659,0.10349865680977449,7.5811309814453125,-7.519999981
10/8/2025,11:27:01,21,SURFTRAK,13.594016393442564,3.6395628415300645,49.47520284152986,3490.00,46.47222222222222,47.6259197,-122.3759353,47.6259265,-122.3759357,-19.30568504,-28.83462524,47.62592681890557,-122.3759296,0.8542076209203793,-7.460000038,VFR_alt,347.2018790776634,0.12990797771130755,1.4883920667552037,1.5990617133835927,0.12175822074031444,7.528719902038574,-7.460000038
10/8/2025,11:27:02,21,SURFTRAK,13.603352941176448,2.997593582887708,40.77781812834209,3491.00,46.50,47.6259214,-122.375937,47.6259276,-122.3759361,-19.18045616,-28.87194252,47.62592794523634,-122.3759301,0.8589304465661074,-7.419999599,VFR_alt,350.18174477626883,0.12473744560371745,1.4966212326530626,1.6166967533681993,0.13067077689373496,7.486817359924316,-7.419999599
10/8/2025,11:27:03,21,SURFTRAK,13.604915789473703,3.012631578947371,40.98657978947378,3491.00,46.50,47.6259248,-122.3759452,47.6259287,-122.3759365,-19.06798172,-28.90208626,47.62592895685141,-122.3759305,0.8729473612810436,-7.379999638,VFR_alt,350.0782068556133,0.12560868710279466,1.521044644656365,1.6699113547467093,0.11644374146015232,7.444782257080078,-7.379999638
10/8/2025,11:27:04,21,SURFTRAK,13.599702702702702,3.1372972972972986,42.666074594594605,3492.00,46.52777777777778,47.6259248,-122.3759452,47.6259296,-122.3759368,-18.95785141,-28.91809273,47.625929947382964,-122.3759307,0.8674594434531959,-7.339999676,VFR_alt,350.14689171446497,0.11780545417521451,1.5114823635926888,1.648970763432935,0.11128743085681041,7.400959014892578,-7.339999676
10/8/2025,11:27:05,21,SURFTRAK,13.595412698412717,3.3663492063492044,45.76702523809529,3493.00,46.52777777777778,47.6259277,-122.3759445,47.6259307,-122.3759368,-18.84082603,-28.91911697,47.62593099992995,-122.3759307,0.8660317309319027,-7.299999714,VFR_alt,354.1299126578707,0.11555936258463632,1.508994682684375,1.643499327389628,0.11702985755743357,7.3661651611328125,-7.299999714
10/8/2025,11:27:06,21,SURFTRAK,13.596143617021278,2.9386702127659707,39.95451494680851,3494.00,46.55555555555556,47.6259301,-122.3759444,47.6259318,-122.3759368,-18.72112656,-28.92317963,47.62593207652829,-122.3759308,0.852340395,-7.269999981,VFR_alt,219.63165460735317,0.11326126262862632,1.4851385661953849,1.5919847793843633,0.11976840240769662,7.339425563812256,-7.269999981
10/8/2025,11:27:07,21,SURFTRAK,13.606540983606576,2.500819672131135,34.027550327868965,3495.00,46.55555555555556,47.62593,-122.3759409,47.6259327,-122.375937,-18.61966896,-28.93714905,47.62593299,-122.375931,0.8559015979532336,-7.25,VFR_alt,196.70412796427564,0.10368082277436073,1.4913436934033582,1.6052773382828325,0.1024147864544393,7.312293529510498,-7.25
10/8/2025,11:27:08,21,SURFTRAK,13.607507853403112,2.4493717277486944,33.32985612565447,3495.00,46.55555555555556,47.6259322,-122.3759446,47.6259334,-122.3759371,-18.538908,-28.94355202,47.62593371543425,-122.3759311,0.875026169,-7.210000038,VFR_alt,359.1294092948625,0.087698246,1.5246668095089768,1.6778825112738338,0.081014381,7.274390221,-7.210000038
10/8/2025,11:27:09,21,SURFTRAK,13.612904761904783,2.4900000000000055,33.89613285714293,3496.00,46.583333333333336,47.6259337,-122.3759434,47.6259341,-122.3759372,-18.46159744,-28.94552422,47.62593441077917,-122.3759311,0.8952975996903011,-7.170000076,VFR_alt,358.83341968848856,0.078154236,1.5599882418846192,1.7566663626853545,0.077335714,7.232095241546631,-7.170000076
10/8/2025,11:27:10,21,SURFTRAK,13.60707407407404,2.5202645502645575,34.293484708994676,3497.00,46.583333333333336,47.625932,-122.3759387,47.6259348,-122.3759372,-18.38515091,-28.94778252,47.62593509835286,-122.3759311,0.8995237861360822,-7.149999619,VFR_alt,359.0710877814884,0.080266155,1.5673520516007502,1.773086807819307,0.076479882,7.212506294250488,-7.149999619
10/8/2025,11:27:11,21,SURFTRAK,13.60692349726777,2.485573770491803,33.82098218579227,3498.00,46.583333333333336,47.6259371,-122.3759466,47.6259356,-122.3759374,-18.29603767,-28.96715927,47.62593589985311,-122.3759314,0.8884699325092503,-7.139999866,VFR_alt,359.30507060909673,0.090678878,1.548091549,1.7297393352113264,0.091195545,7.205442428588867,-7.139999866
10/8/2025,11:27:12,21,SURFTRAK,13.591010471204127,3.7987434554973896,51.62876272251309,3499.00,46.611111111111114,47.6259348,-122.375939,47.6259366,-122.3759375,-18.17731094,-28.97356796,47.62593696770238,-122.3759315,0.8718848094266123,-7.129999638,VFR_alt,359.34431688967476,0.12350263508982684,1.5191932285463718,1.6658456644971429,0.1188995703287179,7.194657325744629,-7.129999638
10/8/2025,11:27:13,21,SURFTRAK,13.595627027027003,3.8002162162162203,51.66618886486503,3500.00,46.611111111111114,47.625933,-122.375937,47.6259379,-122.3759375,-18.04289055,-28.96570396,47.625938176703265,-122.3759314,0.8440540239617631,-7.119999886,VFR_alt,359.4509644323077,0.12613748932206953,1.470700193266705,1.5616093130356867,0.13465023221454303,7.183311462402344,-7.119999886
10/8/2025,11:27:14,21,SURFTRAK,13.595112299465253,3.1747058823529475,43.16021358288783,3500.00,46.638888888888886,47.6259285,-122.3759287,47.6259389,-122.3759374,-17.92741394,-28.95316887,47.62593921532036,-122.3759312,0.8356149512178758,-7.099999905,VFR_alt,358.7302428997932,0.11913432937892363,1.4559957483341741,1.530142026820211,0.11615496403967741,7.163418769836426,-7.099999905
10/8/2025,11:27:15,21,SURFTRAK,13.599999999999953,3.080869565217392,41.899826086956395,3501.00,46.638888888888886,47.625926,-122.3759269,47.6259398,-122.3759373,-17.83263588,-28.95215797,47.62594006777106,-122.3759312,0.8289130278255629,-7.069999695,VFR_alt,357.67435036528633,0.10885474624355203,1.444318154544538,1.5057277895194385,0.094783452,7.136895656585693,-7.069999695
10/8/2025,11:27:16,21,SURFTRAK,13.601000000000067,2.879999999999997,39.170879999999876,3502.00,46.666666666666664,47.6259389,-122.3759515,47.6259407,-122.3759375,-17.7318821,-28.96987343,47.625940973968476,-122.3759314,0.8205319072337861,-7.039999962,VFR_alt,357.5688881947046,0.1083760123620642,1.429714686846745,1.4753717766689607,0.10229937605162416,7.102129936218262,-7.039999962
10/8/2025,11:27:17,21,SURFTRAK,13.60041052631575,2.8050526315789397,38.14976610526324,3503.00,46.666666666666664,47.6259459,-122.3759592,47.6259416,-122.3759377,-17.62289047,-28.98822975,47.62594195425846,-122.3759317,0.8185263100423311,-7,VFR_alt,357.51960837863516,0.11170650540213836,1.4262200856798157,1.4681197922937226,0.11052659621446091,7.062290668487549,-7
10/8/2025,11:27:18,21,SURFTRAK,13.58895135135133,4.167567567567557,56.63287427027012,3504.00,46.666666666666664,47.6259519,-122.3759579,47.6259429,-122.3759379,-17.48306847,-29.00448418,47.62594321184238,-122.3759319,0.8324324134233836,-6.949999809,VFR_alt,357.83016670991293,0.13608607102084805,1.4504504173286195,1.5184965998643314,0.1407636308092959,7.0146942138671875,-6.949999809
10/8/2025,11:27:19,21,SURFTRAK,13.586218390804605,3.920229885057455,53.25960000000009,3505.00,46.69444444444444,47.6259555,-122.3759579,47.6259442,-122.3759381,-17.32975388,-29.0145874,47.625944590780996,-122.375932,0.8439080160239647,-6.899999619,VFR_alt,357.8642978649031,0.140667336,1.4704457854962991,1.560705062399451,0.15364712433305036,6.969971179962158,-6.899999619
10/8/2025,11:27:20,21,SURFTRAK,13.57795675675681,4.2875675675675735,58.20638183783791,3506.00,46.72222222222222,47.6259571,-122.3759529,47.6259457,-122.3759383,-17.16438484,-29.03596115,47.62594607813942,-122.3759323,0.8353513295586045,-6.869999886,VFR_alt,355.17141771687255,0.1617121663447973,1.4555364075642316,1.5294432657393873,0.16674457856639072,6.940392017364502,-6.869999886
10/8/2025,11:27:21,21,SURFTRAK,13.558096774193544,4.8645161290322525,65.95,3508.00,46.72222222222222,47.6259555,-122.3759468,47.6259473,-122.3759386,-16.98601151,-29.05492401,47.625947682460854,-122.3759325,0.8220430016517639,-6.829999924,VFR_alt,352.23328326814783,0.16824314446859462,1.4323476543932216,1.4807699136781027,0.17937847513501481,6.900740146636963,-6.829999924
10/8/2025,11:27:22,21,SURFTRAK,13.567532608695686,4.645326086956506,63.02561565217411,3509.00,46.75,47.6259519,-122.3759412,47.6259489,-122.3759389,-16.80719948,-29.079813,47.62594929072793,-122.3759329,0.8114130322052084,-6.789999962,VFR_alt,351.0273466762507,0.1750020299754713,1.4138257379333172,1.442803765401955,0.18053587712696334,6.858975410461426,-6.789999962
10/8/2025,11:27:23,21,SURFTRAK,13.566967567567586,4.65,63.05017513513531,3510.00,46.75,47.6259504,-122.3759409,47.6259505,-122.3759391,-16.63337326,-29.0912838,47.62595085415176,-122.375933,0.7958918577915913,-6.739999771,VFR_alt,351.23276384644004,0.1784555182263658,1.386781267,1.3881455791841246,0.17420428546255462,6.808089733123779,-6.739999771
10/8/2025,11:27:24,21,SURFTRAK,13.571010416666622,4.365260416666673,59.24099463541683,3511.00,46.77777777777778,47.6259381,-122.3759199,47.625952,-122.3759391,-16.47167969,-29.09365654,47.62595230845244,-122.3759331,0.7834895513951778,-6.679999828,VFR_alt,351.52080425287386,0.17443556726599732,1.3651711880370556,1.3452339476306543,0.16171098123518368,6.749327182769775,-6.679999828
10/8/2025,11:27:25,21,SURFTRAK,13.580461538461533,4.322032967032954,58.69488884615389,3513.00,46.80555555555556,47.6259327,-122.3759268,47.6259532,-122.3759392,-16.33422279,-29.10262299,47.625953544764116,-122.3759332,0.7899999618530273,-6.619999886,VFR_alt,351.2466984984101,0.1575457262960109,1.376515085046945,1.3675468146698164,0.1377490284498172,6.687381267547607,-6.619999886
10/8/2025,11:27:26,21,SURFTRAK,13.582851851851819,3.8721693121693135,52.595075873015965,3514.00,46.80555555555556,47.6259327,-122.3759268,47.6259544,-122.3759395,-16.20209694,-29.12554741,47.625954733127486,-122.3759335,0.8115872832202407,-6.549999714,VFR_alt,351.3767030813269,0.1574668097432959,1.4141293571261733,1.4436764898231746,0.134099853,6.6142144203186035,-6.549999714
10/8/2025,11:27:27,21,SURFTRAK,13.585181818181843,3.578288770053469,48.61,3515.00,46.833333333333336,47.6259414,-122.3759437,47.6259556,-122.37594,-16.07400703,-29.15706635,47.62595588519081,-122.3759339,0.8207486552350661,-6.480000019,VFR_alt,351.4666551025755,0.15370207491086765,1.4300923538186725,1.4763901404196578,0.13191082989790381,6.5429182052612305,-6.480000019
10/8/2025,11:27:28,21,SURFTRAK,13.600951871657708,3.177914438502679,43.222503208556155,3516.00,46.833333333333336,47.6259441,-122.3759448,47.6259567,-122.3759402,-15.94360256,-29.17629433,47.625957058071755,-122.3759342,0.8424598644761478,-6.409999847,VFR_alt,351.30087206619595,0.1388865482201551,1.4679224911326783,1.5555040298470557,0.1318144213821754,6.479223251342773,-6.409999847
10/8/2025,11:27:29,21,SURFTRAK,13.597976608187105,3.7488888888888887,50.97730783625743,3517.00,46.861111111111114,47.6259508,-122.3759493,47.6259579,-122.3759405,-15.8143034,-29.20088959,47.62595822101136,-122.3759345,0.8668421036318729,-6.349999905,VFR_alt,351.3515445982969,0.13930237031819528,1.5104066957222069,1.6466405082668603,0.1316176303125779,6.417872428894043,-6.349999905
10/8/2025,11:27:30,21,SURFTRAK,13.594000000000038,3.549569892473117,48.252853118279674,3518.00,46.861111111111114,47.625958,-122.3759538,47.6259591,-122.375941,-15.67645931,-29.233675,47.62595946080551,-122.3759349,0.8838709592819214,-6.299999714,VFR_alt,351.22601764954146,0.14648565978452724,1.5400781866275917,1.7120389762206563,0.14168936247983843,6.369121074676514,-6.299999714
10/8/2025,11:27:31,21,SURFTRAK,13.592451086956482,3.643260869565223,49.520695326087214,3519.00,46.888888888888886,47.6259629,-122.3759536,47.6259606,-122.3759416,-15.51509666,-29.28586388,47.625960912129784,-122.3759356,0.8808152118454808,-6.269999981,VFR_alt,351.34315553884664,0.16039762305824654,1.5347537782156124,1.7001792855930618,0.16959240156406413,6.331350803375244,-6.269999981
10/8/2025,11:27:32,21,SURFTRAK,13.593460317460323,3.7113756613756697,50.45042582010599,3520.00,46.888888888888886,47.625967,-122.3759569,47.6259621,-122.3759422,-15.33887386,-29.32695007,47.62596249710891,-122.3759362,0.8613227438674402,-6.239999771,VFR_alt,351.1957332530587,0.1736053291451994,1.5007896294659937,1.6259567597960871,0.1809490294017256,6.304113388061523,-6.239999771
10/8/2025,11:27:33,21,SURFTRAK,13.595741935483819,3.716236559139775,50.52467913978498,3521.00,46.916666666666664,47.6259691,-122.3759536,47.6259637,-122.3759427,-15.17091084,-29.36613846,47.62596400779817,-122.3759367,0.8345161080360413,-6.210000038,VFR_alt,350.7835279294236,0.15721119908235406,1.454081097335523,1.5261401213808192,0.17247408002127138,6.273609638214111,-6.210000038
10/8/2025,11:27:34,21,SURFTRAK,13.601068421052636,3.2247894736842184,43.86058042105278,3522.00,46.916666666666664,47.6259651,-122.3759462,47.6259649,-122.3759431,-15.03437328,-29.39449883,47.62596523584112,-122.3759371,0.8141578821759475,-6.159999847,VFR_alt,351.0060431278912,0.13815769066936093,1.418608431,1.4527776949828872,0.13945183211270393,6.227235794067383,-6.159999847
10/8/2025,11:27:35,21,SURFTRAK,13.603195652173927,2.7929347826086905,37.992897717391386,3522.00,46.916666666666664,47.6259558,-122.3759356,47.625966,-122.3759435,-14.91773224,-29.42291641,47.625966284931366,-122.3759374,0.8088586816321248,-6.109999657,VFR_alt,350.97679324455186,0.13163686276453992,1.4093749755711258,1.4337184855684082,0.12005287400186127,6.179558277130127,-6.109999657
10/8/2025,11:27:36,21,SURFTRAK,13.605000000000016,2.8406382978723452,38.646884042553026,3523.00,46.94444444444444,47.6259536,-122.375936,47.6259669,-122.3759438,-14.81399727,-29.44212723,47.62596721794209,-122.3759377,0.8165425493362102,-6.059999943,VFR_alt,350.77196119104127,0.11960537969431978,1.4227635329343025,1.4611159711198267,0.10549881255076816,6.128854751586914,-6.059999943
10/8/2025,11:27:37,21,SURFTRAK,13.604951871657768,2.848502673796783,38.753745561497446,3524.00,46.94444444444444,47.6259511,-122.3759348,47.6259677,-122.3759439,-14.72234917,-29.45364761,47.625968042241375,-122.3759379,0.8420320573975059,-5.989999771,VFR_alt,350.9449437952885,0.1040617958667444,1.4671770697077717,1.5537158939852884,0.092369334,6.059790611,-5.989999771
10/8/2025,11:27:38,21,SURFTRAK,13.600918918918872,2.8083783783783685,38.19648010810802,3525.00,46.97222222222222,47.6259594,-122.3759545,47.6259685,-122.3759442,-14.63982391,-29.47435188,47.62596878448814,-122.3759381,0.8578378148981043,-5.929999828,VFR_alt,351.10341602220535,0.10189101091913275,1.4947174047466962,1.6131766920350927,0.085082808,5.997077465057373,-5.929999828
10/8/2025,11:27:39,21,SURFTRAK,13.596104046242775,2.982023121387286,40.54389121387306,3526.00,46.97222222222222,47.6259633,-122.3759558,47.6259694,-122.3759446,-14.53752422,-29.50395775,47.62596970458969,-122.3759385,0.8793063542746395,-5.889999866,VFR_alt,351.14427587359046,0.1137126061010223,1.532124708205815,1.6942973945380564,0.10649757694557466,5.951814651489258,-5.889999866
10/8/2025,11:27:40,21,SURFTRAK,13.60809677419357,2.819731182795715,38.37,3526.00,46.97222222222222,47.6259695,-122.375961,47.6259704,-122.3759452,-14.42845917,-29.55031013,47.62597068554015,-122.3759391,0.8902150392532349,-5.849999905,VFR_alt,351.04911567659474,0.11080788913112814,1.5511322653654862,1.7365972271634285,0.11850624514698548,5.920400619506836,-5.849999905
10/8/2025,11:27:41,21,SURFTRAK,13.60653225806451,2.676451612903218,36.42,3527.00,47.00,47.6259714,-122.3759591,47.6259712,-122.3759458,-14.34013176,-29.5997963,47.62597147997251,-122.3759398,0.8826344013214111,-5.819999695,VFR_alt,350.90569662670276,0.090163878,1.537923578060036,1.7072689312049842,0.1012453012948263,5.889033794403076,-5.819999695
10/8/2025,11:27:42,21,SURFTRAK,13.608999999999961,2.713315217391294,36.93,3528.00,47.00,47.6259755,-122.375963,47.6259719,-122.3759464,-14.25820923,-29.64403915,47.625972216798274,-122.3759404,0.8832608616870382,-5.789999962,VFR_alt,350.9271381126515,0.093298569,1.539015137788023,1.7095360690455481,0.093106024,5.856391429901123,-5.789999962
10/8/2025,11:27:43,21,SURFTRAK,13.600466321243484,3.1403108808290185,42.70960829015534,3529.00,47.02777777777778,47.6259745,-122.3759576,47.6259729,-122.375947,-14.14828396,-29.68432617,47.62597320548564,-122.3759409,0.8745595751031076,-5.779999733,VFR_alt,350.96595998891877,0.12079811856691083,1.5238538051039014,1.676106220458704,0.11707522712895763,5.844954967498779,-5.779999733
10/8/2025,11:27:44,21,SURFTRAK,13.604219780219792,3.2224175824175836,43.837200879120736,3530.00,47.02777777777778,47.6259759,-122.3759618,47.625974,-122.3759476,-14.02984524,-29.73140144,47.625974270744486,-122.3759415,0.8462087590615828,-5.769999981,VFR_alt,350.9377362798598,0.11111810680601623,1.4744546559406333,1.5691773552551875,0.1274512132488877,5.838726997375488,-5.769999981
10/8/2025,11:27:45,21,SURFTRAK,13.61,2.4939459459459408,33.94,3530.00,47.02777777777778,47.6259759,-122.3759581,47.6259747,-122.3759483,-13.94570541,-29.78095245,47.62597502751298,-122.3759422,0.829729713,-5.75,VFR_alt,350.76638293585125,0.089785632,1.445741167,1.5086206744974273,0.097646365,5.813507556915283,-5.75
10/8/2025,11:27:46,21,SURFTRAK,13.604499999999993,2.780591397849457,37.82739822580634,3531.00,47.05555555555556,47.6259756,-122.3759584,47.6259755,-122.3759491,-13.85193539,-29.84941292,47.62597587089722,-122.3759431,0.828602135,-5.699999809,VFR_alt,351.3913225120988,0.1347647776366562,1.4437764476646042,1.5044846593735557,0.11610190864145344,5.771375656,-5.699999809
10/8/2025,11:27:47,21,SURFTRAK,13.579483870967753,4.146774193548382,56.275429032258316,3532.00,47.05555555555556,47.6259788,-122.3759647,47.6259766,-122.3759501,-13.73127842,-29.92578316,47.625976956107365,-122.3759441,0.8203225629304045,-5.659999847,VFR_alt,353.96649274497327,0.12974034538192133,1.429349920257522,1.474940738674965,0.14279536816469057,5.727280139923096,-5.659999847
10/8/2025,11:27:48,21,SURFTRAK,13.62087368421054,1.9388421052631546,26.408444526315773,3533.00,47.083333333333336,47.6259752,-122.3759573,47.6259775,-122.3759513,-13.640378,-30.00891876,47.62597777368187,-122.3759452,0.8114210335831893,-5.619999886,VFR_alt,352.8251072762099,0.095779911,1.413839679728281,1.442889456762711,0.12318447694035894,5.685791492462158,-5.619999886
10/8/2025,11:27:49,21,SURFTRAK,13.625875739644968,1.9289940828402292,26.28322911242608,3533.00,47.083333333333336,47.6259751,-122.3759629,47.6259776,-122.3759519,-13.62906456,-30.05532646,47.62597787543694,-122.3759459,0.8368047105490103,-5.559999943,VFR_alt,350.22453446967876,0.056939433,1.4580688138353939,1.5348414739008418,0.047766813,5.6304216384887695,-5.559999943
10/8/2025,11:27:50,21,SURFTRAK,13.628329729729707,1.8548108108108166,25.277995783783748,3534.00,47.083333333333336,47.6259755,-122.3759616,47.6259776,-122.3759525,-13.6360178,-30.10246086,47.62597781289827,-122.3759465,0.8797837586016268,-5.5,VFR_alt,347.97423777546345,0.036389520865034414,1.532956549078594,1.6966519026631293,0.047644508,5.565605163574219,-5.5
10/8/2025,11:27:51,21,SURFTRAK,13.622597938144368,2.8160309278350435,38.36134592783509,3535.00,47.083333333333336,47.6259805,-122.3759701,47.6259778,-122.3759531,-13.60982704,-30.1411972,47.62597805,-122.375947,0.9291752570683194,-5.480000019,VFR_alt,351.8537382365025,0.045788089792753006,1.619017493376619,1.8921952929785835,0.046759598911268845,5.542143821716309,-5.480000019
10/8/2025,11:27:52,21,SURFTRAK,13.605628415300531,3.2568306010929047,44.30880349726792,3535.00,47.111111111111114,47.6259865,-122.3759744,47.6259783,-122.3759533,-13.54739094,-30.1572361,47.625978610023985,-122.3759472,0.9226229347166468,-5.489999771,VFR_alt,48.12983786,0.040339918,1.607600568066883,1.8655728605091029,0.06446327,5.557036876678467,-5.489999771
10/8/2025,11:27:53,21,SURFTRAK,13.59992473118278,2.82,38.29214962365607,3536.00,47.111111111111114,47.625992,-122.3759774,47.625979,-122.375954,-13.46757221,-30.21476555,47.62597932792775,-122.375948,0.8880107297051337,-5.529999733,VFR_alt,4.179081794,0.077743875,1.5472914229710684,1.728717011553911,0.098390378,5.594768047332764,-5.529999733
10/8/2025,11:27:54,21,SURFTRAK,13.561000000000002,4.605652173913023,62.45724913043482,3538.00,47.138888888888886,47.6259929,-122.3759767,47.6259802,-122.3759546,-13.33601189,-30.25536919,47.625980511204645,-122.3759485,0.8247825866160186,-5.569999695,VFR_alt,3.1410585596442364,0.12631876333414213,1.4371211736491223,1.4914657144657644,0.13768360349731498,5.636500835418701,-5.569999695
10/8/2025,11:27:55,21,SURFTRAK,13.590185185185224,3.610317460317476,49.061000582010706,3538.00,47.138888888888886,47.6259971,-122.3759785,47.6259816,-122.375955,-13.1837101,-30.28848267,47.62598188103394,-122.375949,0.76164019,-5.609999657,VFR_alt,2.504645608954993,0.1229807476281489,1.3271003318402532,1.2719443012683673,0.15585999249552077,5.673043727874756,-5.609999657
10/8/2025,11:27:56,21,SURFTRAK,13.60369892473122,2.5596236559139767,34.821222956989075,3539.00,47.166666666666664,47.626002,-122.3759838,47.6259826,-122.3759552,-13.07340431,-30.29966354,47.625982873143734,-122.3759491,0.7198924422264099,-5.609999657,VFR_alt,4.611265322874228,0.089212169,1.2543580432732868,1.1356651842552132,0.11087099927481907,5.672145843505859,-5.609999657
10/8/2025,11:27:57,21,SURFTRAK,13.597047120418875,3.5254450261780064,47.93563717277469,3540.00,47.166666666666664,47.6260084,-122.3759855,47.6259835,-122.3759552,-12.96262169,-30.30018044,47.625983869542296,-122.3759491,0.714816728,-5.579999924,VFR_alt,11.972531391647497,0.088454403,1.2455139955404924,1.119692310436844,0.11078382914505461,5.643472194671631,-5.579999924
10/8/2025,11:27:58,21,SURFTRAK,13.599999999999953,3.2032795698924748,43.56460215053769,3541.00,47.19444444444444,47.6260153,-122.3759922,47.6259846,-122.3759555,-12.84880924,-30.32540321,47.625984893191614,-122.3759495,0.721774161,-5.549999714,VFR_alt,13.57308071453504,0.091114151,1.2576367954413064,1.141570897983705,0.11657384589161485,5.614590644836426,-5.549999714
10/8/2025,11:27:59,21,SURFTRAK,13.603475903614447,2.6652409638554264,36.25659373493979,3542.00,47.19444444444444,47.6260205,-122.3759922,47.6259854,-122.3759559,-12.75470066,-30.351408,47.62598573962088,-122.3759498,0.7220481598233602,-5.5,VFR_alt,13.181220500925232,0.073830997,1.258114217874034,1.1425101113372487,0.097635415,5.5729169845581055,-5.5
10/8/2025,11:28:00,21,SURFTRAK,13.605000000000016,2.782162162162167,37.85131621621601,3542.00,47.19444444444444,47.6260187,-122.3759862,47.6259863,-122.3759563,-12.65949631,-30.380373,47.62598659590571,-122.3759502,0.7249729469015792,-5.449999809,VFR_alt,12.112010092157117,0.058511358,1.2632104377830538,1.1518054172779495,0.099513014,5.516587257385254,-5.449999809
10/8/2025,11:28:01,21,SURFTRAK,13.611177083333315,2.8639583333333345,38.98180677083318,3543.00,47.22222222222222,47.6260219,-122.37599,47.625987,-122.3759565,-12.58366585,-30.39724922,47.62598727793831,-122.3759504,0.7519270814955235,-5.380000114,VFR_alt,13.452265593178398,0.048097730129181095,1.3101759753331124,1.2391762128974124,0.077685684,5.447320938110352,-5.380000114
10/8/2025,11:28:02,21,SURFTRAK,13.621589189189207,2.158432432432429,29.401155243243224,3544.00,47.22222222222222,47.6260254,-122.37599,47.6259877,-122.375957,-12.4992466,-30.43927002,47.62598803722001,-122.375951,0.7874053803650108,-5.329999924,VFR_alt,13.32534812819135,0.0496355,1.3719942233632776,1.358909859288386,0.094299296,5.394307613372803,-5.329999924
10/8/2025,11:28:03,21,SURFTRAK,13.61983243243237,2.620162162162155,35.686070756756735,3545.00,47.22222222222222,47.6260257,-122.3759889,47.6259887,-122.3759576,-12.39102936,-30.4833374,47.62598901054505,-122.3759516,0.8167567526971972,-5.299999714,VFR_alt,12.93496671403733,0.074284372,1.423136766063295,1.461799454267983,0.11684564658961959,5.366966724395752,-5.299999714
10/8/2025,11:28:04,21,SURFTRAK,13.588037234042558,3.583138297872337,48.68745079787246,3546.00,47.25,47.626024,-122.3759864,47.6259898,-122.3759579,-12.26311016,-30.50036049,47.62599016107299,-122.3759518,0.8182978668111436,-5.269999981,VFR_alt,13.716120254081902,0.093553752,1.4258220406557771,1.4673038603066801,0.12904691572390298,5.335507392883301,-5.269999981
10/8/2025,11:28:05,21,SURFTRAK,13.562994708994719,3.9953968253968157,54.17322724867736,3547.00,47.25,47.626024,-122.3759864,47.6259911,-122.3759582,-12.12611198,-30.52099228,47.625991393258886,-122.3759521,0.8290476032665798,-5.239999771,VFR_alt,14.230386984331437,0.14620656137743954,1.4445526420554007,1.506589158164563,0.13854302995837656,5.308215618133545,-5.239999771
10/8/2025,11:28:06,21,SURFTRAK,13.575412698412691,3.883862433862447,52.72,3548.00,47.27777777777778,47.6260269,-122.3759914,47.6259925,-122.3759587,-11.96867371,-30.56972313,47.62599280928667,-122.3759527,0.7523809280345048,-5.230000019,VFR_alt,14.037769601044438,0.10803422781210097,1.3109667685449695,1.2428867216444477,0.164807485,5.296630859,-5.230000019
10/8/2025,11:28:07,21,SURFTRAK,13.60142780748665,2.6840641711229947,36.50703786096256,3549.00,47.27777777777778,47.6260298,-122.3759921,47.6259936,-122.37596,-11.84037018,-30.66362381,47.62599396327134,-122.375954,0.6494117490748034,-5.21999979,VFR_alt,115.73866054188389,0.11785543594449599,1.1315507749030664,0.9297261594941006,0.15899412901234464,5.286527156829834,-5.21999979
10/8/2025,11:28:08,21,SURFTRAK,13.59749729729727,3.316972972972978,45.102565621621444,3550.00,47.30555555555556,47.626026,-122.3759872,47.6259946,-122.3759606,-11.72870255,-30.70230865,47.625994967629815,-122.3759545,0.646540523,-5.170000076,VFR_alt,356.6787184878225,0.10342131095963555,1.1265478813677512,0.9188444845519789,0.11817858309727644,5.2437310218811035,-5.170000076
10/8/2025,11:28:09,21,SURFTRAK,13.600138728323659,2.798554913294813,38.06068947976865,3550.00,47.30555555555556,47.6260261,-122.3759907,47.6259958,-122.375961,-11.60112858,-30.74012184,47.625996115052686,-122.375955,0.6989017232305053,-5.089999676,VFR_alt,356.0986870827245,0.10053703408537573,1.217783305628908,1.0706617806205398,0.13305996443445023,5.164431571960449,-5.089999676
10/8/2025,11:28:10,21,SURFTRAK,13.613427027026995,2.358162162162166,32.102499891891796,3551.00,47.30555555555556,47.6260269,-122.3759911,47.6259968,-122.3759616,-11.49236012,-30.77740097,47.62599709333553,-122.3759555,0.7417296976656527,-5.009999752,VFR_alt,355.8492786642279,0.06728958,1.2924078065386388,1.206823047892509,0.11497961573169839,5.078079700469971,-5.009999752
10/8/2025,11:28:11,21,SURFTRAK,13.615772972972927,2.001837837837843,27.256493621621576,3551.00,47.333333333333336,47.6260305,-122.3759966,47.6259974,-122.3759621,-11.42844868,-30.81844139,47.62599766816632,-122.375956,0.7987567212130572,-4.920000076,VFR_alt,353.8858638507638,0.035649715,1.3917730748409343,1.398356707810896,0.075953855,4.990994453430176,-4.920000076
10/8/2025,11:28:12,21,SURFTRAK,13.621673684210517,2.7801052631578864,37.86944526315799,3552.00,47.333333333333336,47.6260385,-122.3760002,47.6259981,-122.375963,-11.33937263,-30.89032745,47.62599846933204,-122.375957,0.8469473625484266,-4.869999886,VFR_alt,349.2368660813821,0.086566792,1.4757416165616537,1.5731604611768164,0.11446461151342273,4.932997226715088,-4.869999886
10/8/2025,11:28:13,21,SURFTRAK,13.593142076502724,3.456994535519136,46.99024442622932,3553.00,47.361111111111114,47.6260421,-122.3760005,47.6259995,-122.3759639,-11.18282032,-30.95476341,47.62599987739131,-122.3759578,0.9116939850192253,-4.849999905,VFR_alt,321.4084543597723,0.12221003486647632,1.5885577011698624,1.8259032551447452,0.16929447731892114,4.917481899261475,-4.849999905
10/8/2025,11:28:14,21,SURFTRAK,13.57059042553186,5.149361702127671,69.82692260638291,3555.00,47.361111111111114,47.6260541,-122.3760069,47.626001,-122.375964,-11.02317905,-30.96004486,47.626001313233154,-122.3759579,0.9304787009320361,-4.869999886,VFR_alt,7.995408102668032,0.093239374,1.621288645563394,1.8974574859665252,0.1597286056569892,4.929474830627441,-4.869999886
10/8/2025,11:28:15,21,SURFTRAK,13.617500000000032,2.280053191489352,31.04530978723393,3555.00,47.388888888888886,47.6260579,-122.3760067,47.6260021,-122.375965,-10.89634609,-31.04010773,47.62600245399128,-122.375959,0.8765957127226159,-4.880000114,VFR_alt,3.031834370263794,0.069050866,1.5274016206530419,1.6848742961168672,0.14998887560339128,4.945331573486328,-4.880000114
10/8/2025,11:28:16,21,SURFTRAK,13.625860215053782,1.901827956989244,25.91401838709679,3556.00,47.388888888888886,47.6260565,-122.376005,47.6260026,-122.3759657,-10.84156799,-31.08648109,47.62600294667521,-122.3759596,0.8477956652641296,-4.920000076,VFR_alt,120.10268471186076,0.065776696,1.4772197197784043,1.5756041551649267,0.071771368,4.97774601,-4.920000076
10/8/2025,11:28:17,21,SURFTRAK,13.607064171123064,2.624759358288761,35.71147812834218,3557.00,47.388888888888886,47.6260566,-122.3760055,47.626004,-122.3759666,-10.69079018,-31.15889359,47.626004302797625,-122.3759605,0.8097326025605839,-4.949999809,VFR_alt,109.92746963912299,0.10202804681929675,1.410897716582837,1.437161222592051,0.16726481656644773,5.011288166046143,-4.949999809
10/8/2025,11:28:18,21,SURFTRAK,13.587075268817197,3.7716129032257952,51.245172473118274,3558.00,47.416666666666664,47.6260491,-122.3759995,47.6260056,-122.3759674,-10.50610733,-31.21383476,47.62600596386788,-122.3759613,0.7840860011757061,-4.96999979,VFR_alt,39.33703756629178,0.11695743131861892,1.366210456594037,1.347620816906839,0.19268182738097045,5.032924652099609,-4.96999979
10/8/2025,11:28:19,21,SURFTRAK,13.594920454545472,3.4271590909090843,46.59180647727276,3559.00,47.416666666666664,47.6260445,-122.376003,47.6260069,-122.3759678,-10.35859299,-31.24339104,47.626007290638036,-122.3759617,0.7421022616326809,-4.96999979,VFR_alt,1.0398544807787358,0.10966840073127639,1.2930569710266395,1.2072447057725393,0.15044618581132443,5.032003879547119,-4.96999979
10/8/2025,11:28:20,21,SURFTRAK,13.59602197802199,3.2559890109890124,44.26817373626361,3560.00,47.44444444444444,47.6260447,-122.3760046,47.6260084,-122.3759683,-10.19468498,-31.28345299,47.62600876485568,-122.3759622,0.7136263487103222,-4.949999809,VFR_alt,0.8660541777311905,0.12000160570164303,1.2434398500255581,1.1160321358448833,0.16873290703719349,5.012787818908691,-4.949999809
10/8/2025,11:28:21,21,SURFTRAK,13.598021857923465,3.359836065573781,45.687126666666565,3560.00,47.44444444444444,47.6260432,-122.3760046,47.6260099,-122.3759689,-10.02643204,-31.32777405,47.62601028,-122.3759628,0.7112568079448137,-4.920000076,VFR_alt,0.6826410725926129,0.12080751583387292,1.2393111047523238,1.1085374455786128,0.17399255690585452,4.985570907592773,-4.920000076
10/8/2025,11:28:22,21,SURFTRAK,13.602000000000004,3.251513513513517,44.22708681081068,3561.00,47.44444444444444,47.6260498,-122.3760118,47.6260112,-122.3759695,-9.890244484,-31.37431717,47.626011503047486,-122.3759634,0.715405379,-4.869999886,VFR_alt,0.3705635605707182,0.089470191,1.2465396751691598,1.1215368242347419,0.1439212001288233,4.937598705291748,-4.869999886
10/8/2025,11:28:23,21,SURFTRAK,13.58119786096258,3.2752406417112323,44.47,3562.00,47.47222222222222,47.6260549,-122.3760094,47.6260125,-122.3759701,-9.73653698,-31.42126465,47.626012885520026,-122.375964,0.7227807248977416,-4.809999943,VFR_alt,0.670717233,0.11350076701392464,1.2593906570187914,1.1449377746318168,0.16071733782456202,4.8770551681518555,-4.809999943
10/8/2025,11:28:24,21,SURFTRAK,13.596000000000002,4.1499999999999915,56.42340000000011,3563.00,47.47222222222222,47.6260535,-122.376009,47.6260143,-122.3759707,-9.537306786,-31.46550941,47.626014677431705,-122.3759646,0.7627419233322144,-4.75,VFR_alt,1.0020710681023826,0.14419223007655912,1.3290200179273466,1.2755187585589272,0.20408397677690418,4.822000026702881,-4.75
10/8/2025,11:28:25,21,SURFTRAK,13.565947089947127,4.693227513227514,63.66818095238118,3565.00,47.50,47.6260586,-122.3760152,47.6260161,-122.3759711,-9.33578968,-31.49512482,47.62601648991226,-122.375965,0.7856613416520376,-4.710000038,VFR_alt,0.7329033543700519,0.14884878813274324,1.3689553680300688,1.3526209558428202,0.2036816528253334,4.780660629272461,-4.710000038
10/8/2025,11:28:26,21,SURFTRAK,13.589540106951882,4.251550802139037,57.77644770053463,3566.00,47.52777777777778,47.6260617,-122.3760137,47.6260179,-122.3759716,-9.13780117,-31.5267601,47.62601827065601,-122.3759654,0.8004277702321343,-4.670000076,VFR_alt,2.1890961897532297,0.14681978204989815,1.3946847511620535,1.404116930056909,0.20049997846583575,4.7429585456848145,-4.670000076
10/8/2025,11:28:27,21,SURFTRAK,13.59701069518719,3.7233155080213916,50.63,3567.00,47.52777777777778,47.6260617,-122.3760137,47.6260194,-122.3759719,-8.975950241,-31.55147552,47.62601972637196,-122.3759658,0.8301604109651902,-4.650000095,VFR_alt,74.70351858569362,0.13461483704215066,1.4464916251666158,1.51026864,0.16372713722942658,4.714923382,-4.650000095
10/8/2025,11:28:28,21,SURFTRAK,13.593838709677378,3.119301075268813,42.40215892473104,3568.00,47.55555555555556,47.6260688,-122.3760175,47.6260209,-122.3759726,-8.80965519,-31.6041069,47.62602122205913,-122.3759665,0.8365591168403625,-4.630000114,VFR_alt,358.3347324385447,0.1196191492740826,1.4576408854036587,1.5335408184593886,0.17442507315954028,4.699884414672852,-4.630000114
10/8/2025,11:28:29,21,SURFTRAK,13.602249999999971,3.0158333333333402,41.022145666666596,3569.00,47.55555555555556,47.6260746,-122.3760187,47.6260225,-122.3759732,-8.631536484,-31.65075302,47.62602282409034,-122.3759671,0.8267777641614278,-4.619999886,VFR_alt,358.8121949168918,0.10924233657618364,1.4405976193721817,1.4978885907620878,0.1841253205772004,4.684800624847412,-4.619999886
10/8/2025,11:28:30,21,SURFTRAK,13.60543999999998,2.609600000000011,35.50,3569.00,47.55555555555556,47.6260733,-122.3760162,47.626024,-122.3759739,-8.457315445,-31.70223236,47.62602439106524,-122.3759678,0.8148571406091962,-4.619999886,VFR_alt,359.3155018518557,0.10533978670835495,1.4198268359099602,1.4550145989780598,0.18166753362271476,4.682987689971924,-4.619999886
10/8/2025,11:28:31,21,SURFTRAK,13.604539682539704,2.76,37.50,3570.00,47.583333333333336,47.6260735,-122.3760176,47.6260255,-122.3759747,-8.292072296,-31.76648521,47.62602587729142,-122.3759686,0.7908465300918256,-4.619999886,VFR_alt,292.91574600693673,0.11084254117554458,1.3779901660690936,1.3706400695983563,0.1772955932779464,4.686122417449951,-4.619999886
10/8/2025,11:28:32,21,SURFTRAK,13.608248677248627,2.7103174603174613,36.882578148148056,3571.00,47.583333333333336,47.6260744,-122.3760182,47.6260271,-122.3759756,-8.114942551,-31.82657051,47.62602747042773,-122.3759694,0.7712698209853399,-4.630000114,VFR_alt,1.570986078076235,0.11571417070885814,1.3438792335350656,1.303581497851059,0.18704328270812579,4.690462589263916,-4.630000114
10/8/2025,11:28:33,21,SURFTRAK,13.593984042553227,3.409255319148935,46.34536351063812,3572.00,47.611111111111114,47.6260765,-122.37602,47.6260285,-122.3759761,-7.957328796,-31.86580276,47.62602888803377,-122.3759699,0.7488829686920694,-4.610000134,VFR_alt,2.243042570341662,0.11210906200427959,1.304871839,1.2291998476301742,0.1624231057824051,4.675605297088623,-4.610000134
10/8/2025,11:28:34,21,SURFTRAK,13.589220430107492,3.668494623655915,49.85054677419336,3573.00,47.611111111111114,47.6260744,-122.3760175,47.6260303,-122.3759768,-7.760883331,-31.91989899,47.62603065,-122.3759707,0.7433333281547793,-4.579999924,VFR_alt,2.1335485767834035,0.14473938625506175,1.2952020111787852,1.2108857313008454,0.20375775317771277,4.651038646697998,-4.579999924
10/8/2025,11:28:35,21,SURFTRAK,13.571994413407838,4.738491620111739,64.31063502793285,3574.00,47.638888888888886,47.6260724,-122.3760181,47.6260323,-122.3759776,-7.5364151,-31.98038292,47.62603267380613,-122.3759715,0.7330167509990031,-4.559999943,VFR_alt,1.682649382665693,0.1646886524541418,1.277226157043718,1.1777422896419067,0.23247428440293486,4.631242752075195,-4.559999943
10/8/2025,11:28:36,21,SURFTRAK,13.569564516128999,4.325107526881738,58.689687258064666,3575.00,47.638888888888886,47.6260664,-122.3760178,47.6260342,-122.3759783,-7.329351425,-32.03284836,47.626034536173506,-122.3759722,0.7201074957847595,-4.539999962,VFR_alt,1.6939973011283855,0.14071384040258264,1.2547327578067748,1.1364191552154173,0.21360708730549843,4.605263710021973,-4.539999962
10/8/2025,11:28:37,21,SURFTRAK,13.60061290322585,3.6687096774193626,49.89818612903214,3576.00,47.666666666666664,47.6260654,-122.3760165,47.6260358,-122.3759791,-7.151428223,-32.0907135,47.626036136446324,-122.3759729,0.7245161033445789,-4.480000019,VFR_alt,1.721331781875537,0.12633402713684624,1.2624144224943412,1.1503535134484395,0.18709634081646226,4.555285930633545,-4.480000019
10/8/2025,11:28:38,21,SURFTRAK,13.58608854166671,4.0003645833333366,54.34856578125005,3578.00,47.666666666666664,47.6260654,-122.3760165,47.6260372,-122.3759794,-6.997525215,-32.11481857,47.62603752067726,-122.3759733,0.7497916668653488,-4.429999828,VFR_alt,2.0853859835854363,0.15148909118336937,1.3064551771138688,1.2320239065852858,0.15577929970622043,4.501572608947754,-4.429999828
10/8/2025,11:28:39,21,SURFTRAK,13.586055555555532,4.086222222222214,55.515626222222245,3579.00,47.69444444444444,47.6260629,-122.3760161,47.6260387,-122.37598,-6.821718693,-32.1627388,47.626039101912276,-122.3759739,0.7532222191492717,-4.389999866,VFR_alt,1.924397596495104,0.14932180047035218,1.3124326545782796,1.2432992983743467,0.18222042000888763,4.463497638702393,-4.389999866
10/8/2025,11:28:40,21,SURFTRAK,13.593528089887636,3.7752808988764075,51.31932303370773,3580.00,47.69444444444444,47.6260666,-122.3760208,47.6260402,-122.3759808,-6.656598091,-32.22365189,47.62604058703623,-122.3759747,0.7714606536908096,-4.339999676,VFR_alt,2.445389079016294,0.1355079056674175,1.3442117450673232,1.304220316277438,0.17599777592067925,4.414607524871826,-4.339999676
10/8/2025,11:28:41,21,SURFTRAK,13.600914438502677,3.1128877005347633,42.330735775401024,3581.00,47.72222222222222,47.6260717,-122.376025,47.6260416,-122.3759814,-6.507726669,-32.2623291,47.626041926012185,-122.3759752,0.78053473,-4.289999962,VFR_alt,5.785601969376188,0.11481767374882723,1.3600226360208882,1.3350428135902819,0.15381361200374016,4.361257076263428,-4.289999962
10/8/2025,11:28:42,21,SURFTRAK,13.607918918918918,2.8159999999999994,38.31985394594582,3581.00,47.72222222222222,47.6260665,-122.3760184,47.6260429,-122.375982,-6.364859104,-32.31025314,47.62604321098837,-122.3759759,0.7947567140733873,-4.259999752,VFR_alt,6.640464414118914,0.11532141280335349,1.3848033654309055,1.3842072561952306,0.15069125704829422,4.3292107582092285,-4.259999752
10/8/2025,11:28:43,21,SURFTRAK,13.596358288770013,3.364224598930481,45.741100641711384,3582.00,47.75,47.6260691,-122.3760231,47.6260442,-122.3759828,-6.217473507,-32.37023544,47.626044536600546,-122.3759767,0.8153475832174168,-4.230000019,VFR_alt,6.249003367318177,0.12210258478946227,1.4206813950000414,1.4568225615129784,0.15912382147374912,4.297376633,-4.230000019
10/8/2025,11:28:44,21,SURFTRAK,13.600240437158483,2.8491803278688637,38.74882010928957,3583.00,47.75,47.6260732,-122.3760244,47.6260455,-122.3759833,-6.069279671,-32.40922928,47.62604586948217,-122.3759772,0.8184699396618077,-4.210000038,VFR_alt,6.239828921206538,0.12189855552761933,1.4261218645622373,1.4679184538852612,0.15323815547805553,4.278323173522949,-4.210000038
10/8/2025,11:28:45,21,SURFTRAK,13.581202127659559,3.8819148936170325,52.710200531914815,3584.00,47.77777777777778,47.6260762,-122.3760228,47.6260471,-122.3759841,-5.898200512,-32.46512222,47.62604740819844,-122.3759779,0.8095744600955476,-4.190000057,VFR_alt,5.956304835568848,0.13990457,1.4106221653179987,1.436225677,0.17997805365217476,4.257326602935791,-4.190000057
10/8/2025,11:28:46,21,SURFTRAK,13.57805759162303,4.20,57.02665738219887,3585.00,47.77777777777778,47.6260753,-122.3760222,47.6260489,-122.3759847,-5.693894386,-32.51559067,47.62604924576393,-122.3759786,0.7985339976106015,-4.190000057,VFR_alt,6.441892296599885,0.16389984009465622,1.3913849958366575,1.3973716555267643,0.2104472781894739,4.250669479370117,-4.190000057
10/8/2025,11:28:47,21,SURFTRAK,13.589032258064462,3.5063978494623633,47.64879413978495,3586.00,47.80555555555556,47.6260651,-122.3760151,47.6260505,-122.3759853,-5.510939598,-32.56072235,47.62605089129172,-122.3759792,0.7744623422622681,-4.179999828,VFR_alt,6.407166166080703,0.14508537507505828,1.3494419600024403,1.3143930349139308,0.18843917684549144,4.248093605041504,-4.179999828
10/8/2025,11:28:48,21,SURFTRAK,13.59396774193552,3.8999999999999897,53.01646935483879,3587.00,47.80555555555556,47.6260593,-122.3760147,47.6260519,-122.3759859,-5.363465786,-32.60237503,47.62605221769731,-122.3759797,0.7577419281005859,-4.159999847,VFR_alt,6.672267858997879,0.1369049421721889,1.3203079050237516,1.2584024380376557,0.15324317590379768,4.225127220153809,-4.159999847
10/8/2025,11:28:49,21,SURFTRAK,13.588978378378364,4.027675675675679,54.73203318918919,3588.00,47.833333333333336,47.6260598,-122.3760177,47.6260532,-122.3759861,-5.219688416,-32.61878586,47.62605351085645,-122.37598,0.7297296968666283,-4.130000114,VFR_alt,6.531140263198895,0.15133532607877576,1.2714987142373033,1.166902380665418,0.1447109101556169,4.1983561515808105,-4.130000114
10/8/2025,11:28:50,21,SURFTRAK,13.58629999999997,3.8821250000000114,52.74250175000005,3589.00,47.833333333333336,47.6260682,-122.3760242,47.6260547,-122.3759867,-5.047956467,-32.66431808,47.62605505544403,-122.3759806,0.7338124785572291,-4.110000134,VFR_alt,5.542909887143859,0.1545618657954037,1.2786126520315384,1.1799871352729698,0.177665545,4.175258636474609,-4.110000134
10/8/2025,11:28:51,21,SURFTRAK,13.58902083333331,3.9681249999999904,53.92293458333349,3590.00,47.861111111111114,47.6260867,-122.3760276,47.6260564,-122.3759878,-4.855232239,-32.74349976,47.62605678883988,-122.3759816,0.7366666595141093,-4.059999943,VFR_alt,4.0727258778490745,0.14002936830123267,1.2835858461230705,1.1891807625201556,0.2083563415560351,4.135327339172363,-4.059999943
10/8/2025,11:28:52,21,SURFTRAK,13.605432432432435,3.013675675675676,40.98868221621603,3591.00,47.861111111111114,47.6260937,-122.3760267,47.6260579,-122.3759886,-4.691712856,-32.80330276,47.62605825956218,-122.3759824,0.7514594580676105,-4,VFR_alt,3.955663602787032,0.1003282316633173,1.3093611769359912,1.2375974982685631,0.1741119993998735,4.075483322143555,-4
10/8/2025,11:28:53,21,SURFTRAK,13.601085106383021,2.684095744680854,36.50614856382987,3592.00,47.861111111111114,47.6260947,-122.3760248,47.6260592,-122.3759895,-4.54338789,-32.87073135,47.626059593623204,-122.3759833,0.7881382700610668,-3.949999809,VFR_alt,4.196965876181921,0.1030244776939458,1.373271228136709,1.3613892601887077,0.1629322259814731,4.023903846740723,-3.949999809
10/8/2025,11:28:54,21,SURFTRAK,13.597052910052938,2.976825396825403,40.47604624338623,3593.00,47.888888888888886,47.626098,-122.3760285,47.6260607,-122.3759906,-4.378791332,-32.95252228,47.62606107403379,-122.3759844,0.8134920625459581,-3.909999847,VFR_alt,4.359367447229489,0.10937056355375462,1.417448290799772,1.450138941902063,0.18379821011104336,3.9775030612945557,-3.909999847
10/8/2025,11:28:55,21,SURFTRAK,13.603968085106429,2.84,38.65630898936152,3594.00,47.888888888888886,47.6260936,-122.3760243,47.6260619,-122.3759913,-4.24623394,-33.00722504,47.62606226627845,-122.3759851,0.8443084803033383,-3.879999876,VFR_alt,4.202537709719069,0.097047138,1.471143564164904,1.5622551460375793,0.14340102518770773,3.948451280593872,-3.879999876
10/8/2025,11:28:56,21,SURFTRAK,13.59900000000004,3.0234594594594633,41.11583827027018,3594.00,47.916666666666664,47.6260915,-122.376025,47.6260632,-122.3759921,-4.107060909,-33.07017136,47.626063518025354,-122.375986,0.8547567164575731,-3.849999905,VFR_alt,4.181901666212653,0.10331874522002968,1.4893488241306165,1.600987462791038,0.15274610196519905,3.9209656715393066,-3.849999905
10/8/2025,11:28:57,21,SURFTRAK,13.59799456521736,3.0476086956521757,41.44136635869579,3595.00,47.916666666666664,47.6260867,-122.3760217,47.6260645,-122.375993,-3.960333586,-33.1341095,47.62606484,-122.3759868,0.862717368,-3.849999905,VFR_alt,4.736777520864464,0.11741880566367636,1.503219655856038,1.630994688686687,0.16005309534244233,3.9158761501312256,-3.849999905
10/8/2025,11:28:58,21,SURFTRAK,13.599361702127648,3.070478723404255,41.76,3596.00,47.94444444444444,47.6260748,-122.3760144,47.6260658,-122.3759939,-3.818651915,-33.20186996,47.62606611202695,-122.3759877,0.835478701,-3.869999886,VFR_alt,4.420233222852031,0.12168315017318472,1.455758343505364,1.5298016557880445,0.15705151033193712,3.9328787326812744,-3.869999886
10/8/2025,11:28:59,21,SURFTRAK,13.595369565217398,3.5797826086956603,48.66620369565223,3597.00,47.94444444444444,47.6260768,-122.3760216,47.6260671,-122.3759947,-3.668224812,-33.26228714,47.62606746499496,-122.3759885,0.8153260842613552,-3.879999876,VFR_alt,4.425944451078456,0.14822973829248678,1.4206439346978126,1.456775271323519,0.16210659579477657,3.947251558303833,-3.879999876
10/8/2025,11:29:00,21,SURFTRAK,13.589070588235275,4.112941176470587,55.891051294117645,3598.00,47.97222222222222,47.6260768,-122.3760216,47.6260685,-122.375995,-3.515414953,-33.28598785,47.62606884,-122.3759888,0.785058798,-3.879999876,VFR_alt,4.228539010172077,0.13992941217387425,1.3679054816404588,1.3508935078723328,0.15463691878015579,3.9492135047912598,-3.879999876
10/8/2025,11:29:01,21,SURFTRAK,13.594526595744682,3.763191489361712,51.15818382978715,3599.00,47.97222222222222,47.6260686,-122.3760185,47.6260696,-122.3759954,-3.386043072,-33.31562042,47.62607000298753,-122.3759892,0.7646808370630792,-3.869999886,VFR_alt,4.087695587946163,0.12523718657804297,1.3323984282159749,1.2813476221248075,0.13272216403652454,3.9355030059814453,-3.869999886
10/8/2025,11:29:02,21,SURFTRAK,13.591500000000039,3.659999999999987,49.741490000000084,3600.00,48.00,47.626061,-122.3760133,47.6260707,-122.3759959,-3.269405603,-33.35235214,47.62607105204558,-122.3759897,0.7630978135958962,-3.859999895,VFR_alt,4.303160465046292,0.14763497609807097,1.3296401297504286,1.2760999494150642,0.12228457904538521,3.923485279083252,-3.859999895
10/8/2025,11:29:03,21,SURFTRAK,13.57611764705884,4.127433155080195,56.034510160427914,3601.00,48.00,47.6260442,-122.3760017,47.6260718,-122.3759963,-3.14223671,-33.38154221,47.62607219582513,-122.3759901,0.7619251223171458,-3.849999905,VFR_alt,3.925599003737737,0.158602333,1.3275968040374544,1.2721674498055022,0.1304760030030973,3.9183969497680664,-3.849999905
10/8/2025,11:29:04,21,SURFTRAK,13.597064171123009,3.268823529411766,44.43779818181832,3602.00,48.02777777777778,47.6260551,-122.376019,47.6260728,-122.375997,-3.036653042,-33.43315887,47.62607314546333,-122.3759908,0.7605347493115593,-3.819999933,VFR_alt,4.0301966645047935,0.14157292948049657,1.3251741844065084,1.2675998517864926,0.11752527976751033,3.8888771533966064,-3.819999933
10/8/2025,11:29:05,21,SURFTRAK,13.60192513368981,2.945561497326202,40.06527700534774,3603.00,48.02777777777778,47.6260675,-122.3760245,47.6260737,-122.3759977,-2.935155869,-33.48650742,47.626074058346894,-122.3759915,0.7802138749290916,-3.779999971,VFR_alt,4.158069055490777,0.11803641492988974,1.3594635699522084,1.3339647761125208,0.11466360819513882,3.853402614593506,-3.779999971
10/8/2025,11:29:06,21,SURFTRAK,13.60204712041885,2.8702617801047103,39.041433612565484,3604.00,48.02777777777778,47.6260635,-122.3760165,47.6260745,-122.3759983,-2.844736576,-33.52878952,47.626074871594035,-122.3759921,0.7905758775341574,-3.75,VFR_alt,3.859303961362438,0.10690564529589958,1.377518574491338,1.3696175826973644,0.099816957,3.821502685546875,-3.75
10/8/2025,11:29:07,21,SURFTRAK,13.601442622950804,2.8612568306010795,38.91707857923489,3605.00,48.05555555555556,47.6260612,-122.3760143,47.6260754,-122.375999,-2.742180824,-33.58101654,47.626075793998645,-122.3759928,0.8091803124693574,-3.74000001,VFR_alt,4.183716512475928,0.13070479784506916,1.4099353929390284,1.4351481495517553,0.11508841763181629,3.8082666397094727,-3.74000001
10/8/2025,11:29:08,21,SURFTRAK,13.598999999999945,3.0499999999999905,41.476990000000114,3606.00,48.05555555555556,47.6260613,-122.3760154,47.6260764,-122.3759994,-2.633259058,-33.61728287,47.62607677,-122.3759932,0.8110869497708653,-3.730000019,VFR_alt,4.499970261706592,0.11560122267869503,1.4132575639946878,1.4418105822724314,0.11480068656994166,3.7986695766448975,-3.730000019
10/8/2025,11:29:09,21,SURFTRAK,13.599941798941751,3.1528571428571492,42.878670899471075,3606.00,48.083333333333336,47.6260666,-122.3760209,47.6260773,-122.376,-2.537647724,-33.65859604,47.62607763360558,-122.3759938,0.8061375438220917,-3.7099998,VFR_alt,4.533941144396712,0.12133666939994014,1.4046335990839462,1.4244064012770783,0.10415519809418856,3.7807154655456543,-3.7099998
10/8/2025,11:29:10,21,SURFTRAK,13.585480000000038,3.7888571428571307,51.47155691428571,3608.00,48.083333333333336,47.6260688,-122.3760194,47.6260784,-122.3760005,-2.409588814,-33.69396591,47.626078785390106,-122.3759943,0.8072571301460266,-3.7099998,VFR_alt,4.502409301,0.1456550120455878,1.4065843934362576,1.4282602647048595,0.13285372574554027,3.7757463455200195,-3.7099998
10/8/2025,11:29:11,21,SURFTRAK,13.595139784946259,3.6575268817204414,49.72474731182805,3609.00,48.111111111111114,47.6260685,-122.3760182,47.6260797,-122.3760009,-2.266657591,-33.73072433,47.626080070938855,-122.3759948,0.806021495,-3.7099998,VFR_alt,4.416114273322563,0.1356874347854686,1.4044313931715675,1.4236848227568761,0.14758223515957922,3.771918773651123,-3.7099998
10/8/2025,11:29:12,21,SURFTRAK,13.602000000000007,3.3828571428571412,46.01362285714301,3609.00,48.111111111111114,47.6260661,-122.3760143,47.6260808,-122.3760014,-2.140939474,-33.76231766,47.62608120166986,-122.3759952,0.7885713917868478,-3.689999819,VFR_alt,4.004666979574321,0.13938790952766333,1.374025909931632,1.3627766790768434,0.1296270917839991,3.7574613094329834,-3.689999819
10/8/2025,11:29:13,21,SURFTRAK,13.584947368421066,3.863684210526323,52.486124210526455,3611.00,48.138888888888886,47.6260635,-122.3760123,47.626082,-122.3760017,-2.015077591,-33.78501129,47.62608233369393,-122.3759955,0.7852104927364149,-3.689999819,VFR_alt,4.184906625547841,0.1488130759251745,1.368169797949817,1.351069931103349,0.12789141745669813,3.7506895065307617,-3.689999819
10/8/2025,11:29:14,21,SURFTRAK,13.589848648648678,4.084054054054061,55.50177632432422,3612.00,48.138888888888886,47.6260729,-122.3760215,47.6260831,-122.3760021,-1.887531519,-33.81939697,47.62608348086589,-122.3759959,0.7629189065984777,-3.669999838,VFR_alt,4.143250710222842,0.13598620142485646,1.3293283978609873,1.2755045648578387,0.13209986961586273,3.7365756034851074,-3.669999838
10/8/2025,11:29:15,21,SURFTRAK,13.569048387096746,4.39,59.51122112903226,3613.00,48.166666666666664,47.6260744,-122.3760196,47.6260843,-122.3760025,-1.752024412,-33.84833908,47.626084699640806,-122.3759963,0.7669892311096191,-3.649999857,VFR_alt,4.692667361336277,0.16570496214653857,1.3364206299637336,1.2890867037974847,0.13856342090383716,3.7118771076202393,-3.649999857
10/8/2025,11:29:16,21,SURFTRAK,13.579431693989056,4.335519125683059,58.873325683060095,3614.00,48.166666666666664,47.6260803,-122.3760207,47.6260858,-122.376003,-1.590047717,-33.88549423,47.626086156487894,-122.3759968,0.7614753988922619,-3.629999876,VFR_alt,4.194429496233594,0.16345864021387257,1.3268131950395505,1.2706897329112803,0.16618349802527121,3.7012722492218018,-3.629999876
10/8/2025,11:29:17,21,SURFTRAK,13.586232432432395,4.110702702702685,55.84815524324322,3615.00,48.19444444444444,47.6260803,-122.3760207,47.6260871,-122.3760034,-1.441858888,-33.91678619,47.62608748932446,-122.3759972,0.7611351245158428,-3.609999895,VFR_alt,4.083327903074291,0.1565379344933742,1.3262202927170021,1.2695550837305944,0.15145664736357267,3.675008535385132,-3.609999895
10/8/2025,11:29:18,21,SURFTRAK,13.586031914893585,4.099946808510649,55.70201138297879,3616.00,48.19444444444444,47.626087,-122.3760203,47.6260885,-122.3760038,-1.293725729,-33.94272614,47.626088821660325,-122.3759976,0.7649999856948853,-3.579999924,VFR_alt,4.026150347348735,0.14524626391048126,1.3329545205289703,1.2824175942688496,0.1503872110978613,3.646122694015503,-3.579999924
10/8/2025,11:29:19,21,SURFTRAK,13.58700000000002,4.135706806282735,56.191981989528855,3618.00,48.22222222222222,47.6260877,-122.3760201,47.6260897,-122.3760042,-1.153263211,-33.97006989,47.626090085005096,-122.3759979,0.7831936856214913,-3.539999962,VFR_alt,4.323620996688192,0.14836880049780402,1.3646556643404806,1.3441935981987077,0.14309926468524087,3.6090517044067383,-3.539999962
10/8/2025,11:29:20,21,SURFTRAK,13.574656626506036,4.390240963855427,59.593679036144664,3619.00,48.25,47.6260885,-122.3760184,47.6260913,-122.3760047,-0.984310865,-34.00968933,47.626091604592425,-122.3759985,0.7936746571437422,-3.529999971,VFR_alt,6.283929289491758,0.18481723506407566,1.3829179632050086,1.3803496598956644,0.1735355746039741,3.590580463409424,-3.529999971
10/8/2025,11:29:21,21,SURFTRAK,13.56707936507937,4.640052910052919,62.95197322751301,3620.00,48.25,47.6260927,-122.3760208,47.6260929,-122.376005,-0.798800349,-34.03630447,47.62609327310687,-122.3759988,0.8033862126567376,-3.50999999,VFR_alt,7.1597104155500695,0.17094955802279174,1.399839612962499,1.414333667763789,0.18741002490763464,3.582604408,-3.50999999
10/8/2025,11:29:22,21,SURFTRAK,13.568699453551925,4.756994535519116,64.54612207650301,3621.00,48.27777777777778,47.626093,-122.3760187,47.6260944,-122.3760053,-0.633485377,-34.05685043,47.62609475997901,-122.3759991,0.8132786877819749,-3.480000019,VFR_alt,6.921952530573102,0.16807827931609962,1.4170765014382867,1.4493768300449654,0.1665868438697509,3.5499143600463867,-3.480000019
10/8/2025,11:29:23,21,SURFTRAK,13.568100529100551,4.692962962962956,63.674363968253985,3623.00,48.27777777777778,47.6260891,-122.3760155,47.6260959,-122.3760054,-0.466288418,-34.0644989,47.62609626377808,-122.3759992,0.8114285724503654,-3.470000029,VFR_alt,7.074514708208107,0.18339002660657994,1.413852815633209,1.4427687626011303,0.16737180840226623,3.533665657043457,-3.470000029
10/8/2025,11:29:24,21,SURFTRAK,13.56,4.954516129032263,67.20,3624.00,48.30555555555556,47.6260797,-122.3760085,47.6260975,-122.3760058,-0.287590533,-34.09451675,47.62609787101851,-122.3759996,0.809462357,-3.460000038,VFR_alt,7.065097997933352,0.19959448205847893,1.4104268346412718,1.4358284869197215,0.18120155976531163,3.529510021209717,-3.460000038
10/8/2025,11:29:25,21,SURFTRAK,13.561999999999967,5.170000000000013,70.11468999999988,3625.00,48.333333333333336,47.6260769,-122.3760097,47.6260992,-122.3760061,-0.099584498,-34.11365128,47.62609956,-122.3759999,0.8144086003303528,-3.460000038,VFR_alt,6.863204952652301,0.2286237764262384,1.4190452884543994,1.4534125451151283,0.18897724592841486,3.525007963180542,-3.460000038
10/8/2025,11:29:26,21,SURFTRAK,13.558912087912061,5.407637362637361,73.32175318681337,3627.00,48.361111111111114,47.6260636,-122.3760009,47.6261007,-122.3760061,0.062142115,-34.11723328,47.62610102,-122.3759999,0.7974175588115231,-3.449999809,VFR_alt,3.904030534901634,0.19987527608543962,1.3894396858079605,1.3936140799118721,0.16176627569297278,3.5166008472442627,-3.449999809
10/8/2025,11:29:27,21,SURFTRAK,13.559999999999958,5.577903225806453,75.63636774193527,3629.00,48.361111111111114,47.6260589,-122.3760018,47.6261017,-122.3760065,0.1815737634897232,-34.1426239,47.62610209,-122.3760002,0.783279538,-3.429999828,VFR_alt,105.05775103641056,0.21113883159173433,1.3648052558754464,1.3444269999053378,0.12210078819665927,3.4967997074127197,-3.429999828
10/8/2025,11:29:28,21,SURFTRAK,13.560010526315748,5.501894736842106,74.60575242105257,3630.00,48.388888888888886,47.6260589,-122.3760018,47.6261034,-122.376007,0.3593204915523529,-34.18231201,47.62610368945085,-122.3760008,0.7823157586549457,-3.439999819,VFR_alt,359.59725327397916,0.23116487445015657,1.3631259431108937,1.3413881615825527,0.18212370916563345,3.5002553462982178,-3.439999819
10/8/2025,11:29:29,21,SURFTRAK,13.55069729729728,6.430972972972998,87.13590351351334,3632.00,48.416666666666664,47.6260564,-122.376006,47.6261049,-122.3760076,0.5319709777832031,-34.23132706,47.62610524229991,-122.3760014,0.7698378189190014,-3.419999838,VFR_alt,119.1587713639015,0.22094579024894817,1.3413840784194757,1.2986913142163543,0.17947329898448836,3.4931676387786865,-3.419999838
10/8/2025,11:29:30,21,SURFTRAK,13.58737058823529,3.605294117647048,48.99,3633.00,48.44444444444444,47.6260739,-122.3760135,47.6261059,-122.3760084,0.6459329724311829,-34.28531647,47.626106267294276,-122.3760021,0.761529401,-3.379999876,VFR_alt,1.4453961848211956,0.17717028102454016,1.3269072892194158,1.2707821716985426,0.12610389629003527,3.453843593597412,-3.379999876
10/8/2025,11:29:31,21,SURFTRAK,13.606423280423273,2.7091534391534347,36.86150576719569,3634.00,48.44444444444444,47.6260823,-122.3760165,47.6261068,-122.3760091,0.7440376877784729,-34.34235001,47.62610714966545,-122.3760029,0.7822751014951675,-3.369999886,VFR_alt,1.161381264868085,0.1668019015637655,1.363055101090068,1.3410294740009436,0.11347845488689962,3.4371330738067627,-3.369999886
10/8/2025,11:29:32,21,SURFTRAK,13.582150537634394,4.0601612903225766,55.144284569892434,3635.00,48.47222222222222,47.626091,-122.376017,47.6261077,-122.3760098,0.8512716293334961,-34.39358139,47.62610811414651,-122.3760036,0.7845698595046997,-3.329999924,VFR_alt,1.046339833547995,0.14360031974251553,1.3670535430763742,1.3488660043401182,0.11884348091670403,3.404841184616089,-3.329999924
10/8/2025,11:29:33,21,SURFTRAK,13.588999999999979,3.8250000000000046,51.97792499999996,3636.00,48.47222222222222,47.626091,-122.3760132,47.6261089,-122.3760105,0.9770678877830505,-34.44395828,47.626109245580324,-122.3760042,0.8053260733899863,-3.299999952,VFR_alt,1.0463920900195833,0.18128060095984003,1.4032196733310365,1.4212320463777461,0.13550841264120417,3.3722972869873047,-3.299999952
10/8/2025,11:29:34,21,SURFTRAK,13.585663101604236,4.057379679144372,55.12088090909105,3637.00,48.50,47.6260875,-122.3760109,47.6261103,-122.3760111,1.1372321844100952,-34.49177551,47.626110686126374,-122.3760049,0.8105347529452115,-3.299999952,VFR_alt,0.960236689,0.18874182508272283,1.412295402859079,1.439637235436161,0.1671499010480989,3.3642027378082275,-3.299999952
10/8/2025,11:29:35,21,SURFTRAK,13.57350267379676,4.468395721925125,60.65162743315494,3639.00,48.50,47.6260909,-122.3760137,47.6261116,-122.3760117,1.280941367149353,-34.53759766,47.62611197867221,-122.3760055,0.7952405985663918,-3.289999962,VFR_alt,1.1674261970555697,0.18962336176219471,1.3856464975020497,1.3858054879523702,0.15083765459437437,3.3605620861053467,-3.289999962
10/8/2025,11:29:36,21,SURFTRAK,13.565032608695693,4.5060869565217425,61.125215652173765,3640.00,48.52777777777778,47.6260973,-122.3760172,47.626113,-122.3760124,1.4334973096847534,-34.5870018,47.62611335078738,-122.3760061,0.8041847613842591,-3.279999971,VFR_alt,1.0450258863029265,0.18887265706839768,1.4012310236240864,1.4173580670442893,0.16035611954523565,3.3472886085510254,-3.279999971
10/8/2025,11:29:37,21,SURFTRAK,13.569516304347859,4.568206521739124,61.99,3641.00,48.52777777777778,47.6261028,-122.3760166,47.6261144,-122.3760132,1.5941638946533203,-34.64647675,47.626114795851095,-122.3760069,0.7950543048589126,-3.269999981,VFR_alt,1.1643216461211972,0.18809956822382368,1.3853218948299268,1.385156430189831,0.17132139567592278,3.336017370223999,-3.269999981
10/8/2025,11:29:38,21,SURFTRAK,13.56848387096772,4.672365591397858,63.396949892473046,3642.00,48.55555555555556,47.6261053,-122.3760179,47.626116,-122.376014,1.7683207988739014,-34.71035004,47.62611636224912,-122.3760078,0.7975268495339219,-3.25999999,VFR_alt,1.191179031474105,0.20354441016592006,1.389630116612137,1.3938675183204008,0.18550047060011293,3.323896646499634,-3.25999999
10/8/2025,11:29:39,21,SURFTRAK,13.568032085561525,4.5649732620321055,61.93770385026735,3644.00,48.583333333333336,47.6261078,-122.3760185,47.6261177,-122.3760145,1.9585336446762085,-34.74505615,47.62611807305714,-122.3760083,0.7915507736690541,-3.25999999,VFR_alt,1.4042044739504296,0.1942226837344348,1.3792172571506283,1.373128041432462,0.19335315145289636,3.3261640071868896,-3.25999999
10/8/2025,11:29:40,21,SURFTRAK,13.572176136363653,4.601363636363627,62.450514431818036,3645.00,48.583333333333336,47.6261201,-122.3760217,47.6261192,-122.3760151,2.1210103034973145,-34.79411316,47.62611953,-122.3760089,0.7899999618530273,-3.220000029,VFR_alt,1.0396984139274332,0.170119537,1.376515085046945,1.3675468146698162,0.16972110823751796,3.2957067489624023,-3.220000029
10/8/2025,11:29:41,21,SURFTRAK,13.58889010989012,4.0546153846153965,55.09542527472527,3646.00,48.611111111111114,47.6261267,-122.3760221,47.6261207,-122.3760158,2.2886147499084473,-34.83985901,47.62612104186506,-122.3760095,0.7981867754197383,-3.199999809,VFR_alt,0.9879740826385072,0.17142416291184479,1.3907799874737878,1.3961303330003565,0.17373523883560826,3.2702572345733643,-3.199999809
10/8/2025,11:29:42,21,SURFTRAK,13.578560846560846,4.2717460317460185,57.99986571428577,3647.00,48.611111111111114,47.6261298,-122.3760196,47.6261225,-122.3760163,2.484264850616455,-34.88288498,47.62612280157672,-122.3760101,0.7997354196492957,-3.210000038,VFR_alt,1.1801322759145203,0.18534742335163096,1.3934783827222592,1.4015932304296648,0.20032522567313132,3.2714271545410156,-3.210000038
10/8/2025,11:29:43,21,SURFTRAK,13.572573770491795,4.4023497267759515,59.75102956284148,3648.00,48.638888888888886,47.6261287,-122.3760211,47.6261241,-122.3760169,2.6691946983337402,-34.93008041,47.626124464868525,-122.3760107,0.8100000023841858,-3.179999828,VFR_alt,2.717929212534567,0.16770983963716227,1.4113636405178964,1.4376663307774107,0.1908571654956107,3.2508764266967773,-3.179999828
10/8/2025,11:29:44,21,SURFTRAK,13.599326203208545,3.1123529411764768,42.32617657754028,3649.00,48.638888888888886,47.6261206,-122.3760155,47.6261254,-122.3760174,2.819303274154663,-34.96147537,47.62612581497164,-122.3760111,0.8100000023841858,-3.169999838,VFR_alt,3.730752439515529,0.15443797895615113,1.4113636405178964,1.4376663307774105,0.15335653867363203,3.2391085624694824,-3.169999838
10/8/2025,11:29:45,21,SURFTRAK,13.600913043478323,3.4596739130434804,47.05470228260869,3650.00,48.666666666666664,47.6261133,-122.376015,47.6261265,-122.376018,2.940570831298828,-35.00524521,47.62612690567351,-122.3760117,0.8073912820090419,-3.159999847,VFR_alt,4.491605769373113,0.14421948786501004,1.4068181428945434,1.4285488196662361,0.1289248579462199,3.226327896118164,-3.159999847
10/8/2025,11:29:46,21,SURFTRAK,13.583984126984106,4.060476190476185,55.154236984127145,3651.00,48.69444444444444,47.626102,-122.376011,47.6261276,-122.3760183,3.0556206703186035,-35.03077698,47.62612794045213,-122.3760121,0.8059259050737613,-3.159999847,VFR_alt,7.027005387246785,0.18855162020082827,1.4042648345982194,1.4235878834910336,0.11784878733560666,3.223569155,-3.159999847
10/8/2025,11:29:47,21,SURFTRAK,13.568022222222215,4.722888888888906,64.08016644444425,3653.00,48.69444444444444,47.6260913,-122.3760087,47.6261289,-122.3760186,3.2046098709106445,-35.05013657,47.62612928048738,-122.3760123,0.8118333256906933,-3.159999847,VFR_alt,7.565080432984383,0.18086268413398002,1.4145580674913583,1.4442752899913858,0.15024172378107567,3.230900526046753,-3.159999847
10/8/2025,11:29:48,21,SURFTRAK,13.55718749999997,5.271458333333336,71.46612249999961,3654.00,48.72222222222222,47.6261046,-122.3760179,47.6261301,-122.376019,3.3403310775756836,-35.08614349,47.62613050118794,-122.3760128,0.8046353921915094,-3.139999866,VFR_alt,7.788939697750814,0.19223256898112595,1.4020162136670233,1.4187406244904837,0.14041632656461725,3.210139036178589,-3.139999866
10/8/2025,11:29:49,21,SURFTRAK,13.571673913043446,4.871304347826107,66.11083891304345,3655.00,48.75,47.6260997,-122.3760154,47.6261313,-122.3760194,3.4704365730285645,-35.1152153,47.62613167,-122.3760132,0.8067934645906739,-3.139999866,VFR_alt,8.480123482781524,0.18868674920952838,1.405776491332234,1.426354047070241,0.13331395260574033,3.2005727291107178,-3.139999866
10/8/2025,11:29:50,21,SURFTRAK,13.565372093023255,4.986744186046517,67.64296534883697,3657.00,48.75,47.626107,-122.3760203,47.6261327,-122.3760198,3.627535104751587,-35.14011383,47.62613308435182,-122.3760135,0.8044767189164495,-3.129999876,VFR_alt,10.677453749323124,0.1709777821115283,1.4017397375059362,1.4181808440606867,0.15905937702166242,3.1973791122436523,-3.129999876
10/8/2025,11:29:51,21,SURFTRAK,13.58599999999997,3.4442162162162004,46.79312151351351,3658.00,48.77777777777778,47.6261072,-122.3760186,47.6261338,-122.3760202,3.7476303577423096,-35.17763138,47.626134164509786,-122.376014,0.7993513120187296,-3.119999886,VFR_alt,10.81468871926232,0.16990690191049834,1.392809104275061,1.4001842989425541,0.12581906123231426,3.185997486114502,-3.119999886
10/8/2025,11:29:52,21,SURFTRAK,13.59902673796789,3.030213903743301,41.21,3659.00,48.77777777777778,47.626102,-122.3760154,47.6261346,-122.3760205,3.8399832248687744,-35.1986084,47.62613499514782,-122.3760143,0.7981817811568153,-3.109999895,VFR_alt,10.279898605856628,0.14096653907694282,1.3907712853489997,1.3961183538421138,0.094705266,3.1802496910095215,-3.109999895
10/8/2025,11:29:53,21,SURFTRAK,13.59879999999999,3.1014736842105344,42.17659178947345,3660.00,48.80555555555556,47.626102,-122.3760154,47.6261353,-122.3760207,3.9140141010284424,-35.21399689,47.626135660994635,-122.3760145,0.799684182,-3.089999914,VFR_alt,10.421264927048155,0.12940576656868583,1.3933891043946325,1.401423269438205,0.075613334,3.163145065307617,-3.089999914
10/8/2025,11:29:54,21,SURFTRAK,13.597999999999969,3.007473118279568,40.895619462365495,3660.00,48.80555555555556,47.6261055,-122.3760168,47.626136,-122.376021,4.0012664794921875,-35.2364502,47.62613644575798,-122.3760148,0.8086559096331237,-3.079999924,VFR_alt,10.308420160093291,0.12985298766564296,1.4090216607243793,1.4329245315198016,0.090095109,3.142378330230713,-3.079999924
10/8/2025,11:29:55,21,SURFTRAK,13.595754010695197,3.2520320855615052,44.21312866310164,3661.00,48.80555555555556,47.6261193,-122.3760197,47.6261372,-122.3760218,4.128378391265869,-35.28865814,47.626137589025014,-122.3760155,0.8118181738623961,-3.079999924,VFR_alt,4.601762903648741,0.1791881043961979,1.414531666578416,1.4442235807980557,0.13741582085577403,3.1467137336730957,-3.079999924
10/8/2025,11:29:56,21,SURFTRAK,13.576360655737709,4.714754098360679,64.00135606557394,3663.00,48.833333333333336,47.6261203,-122.3760198,47.6261387,-122.3760221,4.289643287658691,-35.31793594,47.62613903947004,-122.3760159,0.7919671730917008,-3.089999914,VFR_alt,4.250077394112865,0.16886028606709236,1.379942801599179,1.3744581641397096,0.16390105695224075,3.1528217792510986,-3.089999914
10/8/2025,11:29:57,21,SURFTRAK,13.582000000000019,4.471344086021503,60.729795376344136,3664.00,48.861111111111114,47.6261172,-122.3760171,47.6261399,-122.3760223,4.427506446838379,-35.33356094,47.62614028,-122.3760161,0.7884945869445801,-3.069999933,VFR_alt,4.7190133931035225,0.17727224761119453,1.3738920833125294,1.362367976162573,0.13874577933762114,3.1402571201324463,-3.069999933
10/8/2025,11:29:58,21,SURFTRAK,13.57293717277489,4.534083769633491,61.53919712041867,3665.00,48.861111111111114,47.6261153,-122.3760169,47.626141,-122.3760226,4.5517497062683105,-35.35118484,47.62614139690158,-122.3760163,0.7966491701715279,-3.059999943,VFR_alt,4.642361373672842,0.18147667914785015,1.3881008268140294,1.3907130307071802,0.1254870089418568,3.123858929,-3.059999943
10/8/2025,11:29:59,21,SURFTRAK,13.592016216216166,3.889027027027037,52.85965843243245,3666.00,48.888888888888886,47.6261287,-122.37602,47.6261423,-122.376023,4.698338031768799,-35.38246536,47.62614271534293,-122.3760167,0.7965945501585264,-3.059999943,VFR_alt,4.462767538777617,0.17563407260018427,1.388005655579254,1.390522731507555,0.14988865184860556,3.1255855560302734,-3.059999943
10/8/2025,11:30:00,21,SURFTRAK,13.571058823529373,4.391764705882344,59.60089058823529,3667.00,48.888888888888886,47.626133,-122.3760201,47.6261437,-122.3760234,4.847217082977295,-35.41267014,47.626144054387474,-122.3760171,0.7943528988782097,-3.049999952,VFR_alt,4.171096488966418,0.1718840535949258,1.3840997480453687,1.382802919239491,0.15191214631376868,3.1168642044067383,-3.049999952
10/8/2025,11:30:01,21,SURFTRAK,13.574572972972982,4.299027027027038,58.35742616216227,3669.00,48.916666666666664,47.6261329,-122.3760203,47.6261451,-122.3760235,5.007579326629639,-35.42586136,47.626145496713896,-122.3760173,0.7938918500333219,-3.029999971,VFR_alt,4.547534162193659,0.1765066445679278,1.3832964053610945,1.381196390093422,0.1609038767626886,3.096712350845337,-3.029999971
10/8/2025,11:30:02,21,SURFTRAK,13.578724324324341,4.246756756756766,57.66546637837823,3670.00,48.94444444444444,47.626129,-122.3760178,47.6261464,-122.3760238,5.151037693023682,-35.44524002,47.62614678700384,-122.3760176,0.7999999523162842,-3.00999999,VFR_alt,4.409916213383967,0.17440539550136874,1.393939310854135,1.4023873443008126,0.1447613050286464,3.0827462673187256,-3.00999999
10/8/2025,11:30:03,21,SURFTRAK,13.575983957219265,4.2853475935829035,58.17780914438487,3671.00,48.94444444444444,47.6261303,-122.3760185,47.6261477,-122.3760241,5.291362285614014,-35.46374512,47.626148049108075,-122.3760178,0.8017646756401674,-3,VFR_alt,4.228197851582578,0.17129027963003374,1.3970142075548388,1.408676354400059,0.14153949936230364,3.0685696601867676,-3
10/8/2025,11:30:04,21,SURFTRAK,13.579792349726805,4.35,59.00602830601081,3672.00,48.97222222222222,47.6261322,-122.3760188,47.626149,-122.3760243,5.439018249511719,-35.48510742,47.62614937715196,-122.3760181,0.8055191131237426,-3,VFR_alt,4.239153110708583,0.1772429809544256,1.4035560304428816,1.421913366932422,0.14919326974137262,3.0625367164611816,-3
10/8/2025,11:30:05,21,SURFTRAK,13.585148936170157,4.020851063829767,54.619051914893696,3673.00,48.97222222222222,47.6261324,-122.3760206,47.6261502,-122.3760247,5.572168827056885,-35.51412582,47.62615057473183,-122.3760185,0.7992552997584038,-2.980000019,VFR_alt,4.427097376772587,0.1641140247279025,1.3926418101850968,1.3999957396770515,0.1362759845351553,3.049546718597412,-2.980000019
10/8/2025,11:30:06,21,SURFTRAK,13.60399999999999,2.7750819672131035,37.752215081967314,3674.00,49.00,47.6261308,-122.3760186,47.6261511,-122.3760252,5.678824424743652,-35.54581833,47.62615153401115,-122.3760189,0.8112021870300418,-2.980000019,VFR_alt,4.112552015713936,0.14597403335441006,1.4134583561887062,1.4419601805088484,0.11126469064203934,3.0411412715911865,-2.980000019
10/8/2025,11:30:07,21,SURFTRAK,13.596747422680366,3.274381443298969,44.52,3675.00,49.00,47.6261257,-122.3760169,47.6261521,-122.3760255,5.7856340408325195,-35.57239532,47.62615249467575,-122.3760193,0.8083505012939886,-2.960000038,VFR_alt,4.562288173988028,0.14535139324431567,1.4084895098304338,1.431908080326709,0.11006648353355053,3.031620502471924,-2.960000038
10/8/2025,11:30:08,21,SURFTRAK,13.597370967741938,3.1784408602150487,43.21679016129045,3676.00,49.02777777777778,47.6261313,-122.3760186,47.6261528,-122.3760259,5.868280888,-35.6017189,47.62615323801612,-122.3760196,0.8134946227073669,-2.950000048,VFR_alt,5.747377135562932,0.14152158420252545,1.4174527516870756,1.4501480860451164,0.087694775,3.0163187980651855,-2.950000048
10/8/2025,11:30:09,21,SURFTRAK,13.592500000000017,2.985543478260871,40.58150304347835,3677.00,49.02777777777778,47.6261414,-122.3760199,47.6261539,-122.3760263,5.980853080749512,-35.62739563,47.62615425051036,-122.37602,0.8107608514635459,-2.950000048,VFR_alt,7.086104642025883,0.14249282848575842,1.4126893623986019,1.4409102325902032,0.11546338378127617,3.015990972518921,-2.950000048
10/8/2025,11:30:10,21,SURFTRAK,13.593552325581415,3.425348837209302,46.562655697674295,3678.00,49.02777777777778,47.6261474,-122.3760214,47.6261551,-122.3760266,6.112001419067383,-35.65675735,47.62615543008173,-122.3760204,0.8086046465607577,-2.950000048,VFR_alt,6.860982814804339,0.14668157306867977,1.4089323387043495,1.4327436815016086,0.1343949311912928,3.0111067295074463,-2.950000048
10/8/2025,11:30:11,21,SURFTRAK,13.594467741935485,3.5815591397849356,48.68893290322574,3679.00,49.05555555555556,47.6261553,-122.3760207,47.6261563,-122.3760271,6.2496113777160645,-35.68884659,47.62615666777006,-122.3760208,0.8087096733431662,-2.939999819,VFR_alt,6.740103342417401,0.14603657387597588,1.4091153399161214,1.433114203490108,0.14130187408308237,3.004236936569214,-2.939999819
10/8/2025,11:30:12,21,SURFTRAK,13.583069518716623,5.252887700534751,71.35,3680.00,49.083333333333336,47.6261553,-122.3760207,47.6261577,-122.3760272,6.408329486846924,-35.70565796,47.62615809530883,-122.376021,0.8019250956448641,-2.939999819,VFR_alt,12.339321575141334,0.16013902298269425,1.3972937272599941,1.4091790208417643,0.1596059533849489,3.002993345,-2.939999819
10/8/2025,11:30:13,21,SURFTRAK,13.555127659574477,5.661489361702101,76.73404893617035,3681.00,49.083333333333336,47.6261711,-122.3760193,47.6261593,-122.3760267,6.578342437744141,-35.65746307,47.62615962443541,-122.3760204,0.7999999523162842,-2.939999819,VFR_alt,23.543398925096938,0.13375674144543231,1.393939310854135,1.4023873443008124,0.17671205515588528,3.0100326538085938,-2.939999819
10/8/2025,11:30:14,21,SURFTRAK,13.58,4.129130434782593,56.07,3683.00,49.111111111111114,47.6261773,-122.3760217,47.6261607,-122.3760266,6.737400531768799,-35.65131378,47.62616105503207,-122.3760203,0.7979347449929818,-2.929999828,VFR_alt,20.73911601518181,0.13287762629435115,1.390340843548379,1.3952515904701701,0.15917691750615787,2.9962501525878906,-2.929999828
10/8/2025,11:30:15,21,SURFTRAK,13.582000000000019,4.470860215053753,60.72322344085996,3684.00,49.111111111111114,47.6261884,-122.3760191,47.6261624,-122.3760265,6.919531822,-35.64530182,47.62616269315314,-122.3760202,0.79693545,-2.909999847,VFR_alt,13.723596858845656,0.1468250840421646,1.3885996477364675,1.3917905558265333,0.18223048771707964,2.9795620441436768,-2.909999847
10/8/2025,11:30:16,21,SURFTRAK,13.58706282722515,4.4326178010471295,60.226470000000255,3685.00,49.138888888888886,47.6261832,-122.3760214,47.626164,-122.3760265,7.104897975921631,-35.64601898,47.62616436036913,-122.3760202,0.8065444877010366,-2.909999847,VFR_alt,10.402613564185021,0.1477105332762783,1.4053426679639238,1.425475686235754,0.18536754102793054,2.9741382598876953,-2.909999847
10/8/2025,11:30:17,21,SURFTRAK,13.58394594594592,4.154324324324307,56.432167027027056,3686.00,49.166666666666664,47.626183,-122.3760214,47.6261656,-122.3760265,7.279956817626953,-35.63933945,47.626165934879346,-122.3760202,0.8091891652828939,-2.899999857,VFR_alt,11.067726935888496,0.14297007249819266,1.4099508182959521,1.4349692481115892,0.17518622732923717,2.9693987369537354,-2.899999857
10/8/2025,11:30:18,21,SURFTRAK,13.58699999999999,4.080645161290308,55.44372580645179,3687.00,49.166666666666664,47.626183,-122.3760214,47.6261668,-122.3760265,7.423875809,-35.64902496,47.62616722931223,-122.3760203,0.8116128934967902,-2.879999876,VFR_alt,11.589861928750791,0.14026755871631766,1.4141739810928886,1.4435048570168332,0.14424453273225754,2.9494245052337646,-2.879999876
10/8/2025,11:30:19,21,SURFTRAK,13.589808510638283,4.050212765957439,55.04158595744698,3689.00,49.19444444444444,47.6261889,-122.3760202,47.6261684,-122.3760267,7.595519065856934,-35.66500092,47.62616877310206,-122.3760205,0.8150531890544486,-2.869999886,VFR_alt,11.274871188968639,0.16340658179623016,1.4201684354736572,1.4557148263240824,0.17238514660219278,2.9362874031066895,-2.869999886
10/8/2025,11:30:20,21,SURFTRAK,13.59319298245613,4.002456140350883,54.41,3690.00,49.19444444444444,47.6261895,-122.3760199,47.6261702,-122.3760268,7.790891170501709,-35.67148209,47.626170530313345,-122.3760206,0.8228070077143217,-2.879999876,VFR_alt,11.460463745041894,0.1726038600617682,1.4336788770779818,1.4835322007090685,0.1954795765454263,2.9458632469177246,-2.879999876
10/8/2025,11:30:21,21,SURFTRAK,13.58698924731182,3.9480645161290457,53.64231118279586,3691.00,49.22222222222222,47.6261858,-122.3760215,47.6261719,-122.3760271,7.978918075561523,-35.68777084,47.62617222146061,-122.3760208,0.8197311758995056,-2.869999886,VFR_alt,11.181724521128197,0.15188828351036196,1.428319473158226,1.4725009717144077,0.18873113320684473,2.9420173168182373,-2.869999886
10/8/2025,11:30:22,21,SURFTRAK,13.590276595744688,3.897765957446821,52.97198797872346,3692.00,49.22222222222222,47.626183,-122.3760219,47.6261733,-122.3760273,8.136922836303711,-35.70978928,47.626173642583396,-122.3760211,0.8182978668111436,-2.859999895,VFR_alt,11.097787853482792,0.14441275802698542,1.4258220406557771,1.467376124152981,0.1595315510866535,2.9233810901641846,-2.859999895
10/8/2025,11:30:23,21,SURFTRAK,13.594583783783817,3.799405405405402,51.65,3693.00,49.25,47.6261791,-122.3760222,47.6261748,-122.3760275,8.304767608642578,-35.71964264,47.626175152208994,-122.3760212,0.8137297285569681,-2.859999895,VFR_alt,11.61511163791717,0.16927618666275127,1.4178624058189564,1.4509878149442053,0.16813374546659937,2.9254672527313232,-2.859999895
10/8/2025,11:30:24,21,SURFTRAK,13.576000000000016,4.162349726775963,56.50805989071035,3694.00,49.25,47.6261745,-122.3760237,47.6261763,-122.3760277,8.476322174072266,-35.73410416,47.62617669520112,-122.3760214,0.8082513597493615,-2.879999876,VFR_alt,10.857319613821844,0.1559670660339418,1.4083167631996418,1.4314973276776752,0.17216301694431954,2.9403984546661377,-2.879999876
10/8/2025,11:30:25,21,SURFTRAK,13.573962365591395,4.387365591397843,59.55395677419377,3695.00,49.27777777777778,47.6261663,-122.3760227,47.6261776,-122.3760278,8.623894691467285,-35.74315643,47.626178022494464,-122.3760215,0.800537598,-2.869999886,VFR_alt,11.57450092511104,0.16927629621118628,1.394876117289128,1.4043453536704478,0.14784989550943667,2.9369027614593506,-2.869999886
10/8/2025,11:30:26,21,SURFTRAK,13.579333333333345,4.199139784946246,57.020768709677554,3696.00,49.27777777777778,47.6261634,-122.3760223,47.6261789,-122.3760279,8.764685631,-35.75254059,47.62617929,-122.3760217,0.7954838372045948,-2.869999886,VFR_alt,11.721607579447536,0.15813114,1.386070322401949,1.386723630410301,0.14110333436144132,2.9385499954223633,-2.869999886
10/8/2025,11:30:27,21,SURFTRAK,13.574999999999996,4.358729281767972,59.16975000000013,3697.00,49.30555555555556,47.6261621,-122.3760258,47.62618,-122.3760281,8.890275955200195,-35.76740646,47.62618042,-122.3760219,0.7839226195825397,-2.849999905,VFR_alt,11.318483586848386,0.16551681159280282,1.3659257765453379,1.346639349030868,0.1264670859557444,2.9208858013153076,-2.849999905
10/8/2025,11:30:28,21,SURFTRAK,13.581518518518525,4.203015873015896,57.083440370370504,3699.00,49.333333333333336,47.6261683,-122.3760239,47.6261812,-122.3760281,9.017893791,-35.76536179,47.62618157,-122.3760218,0.7864549916888041,-2.849999905,VFR_alt,11.79303129120651,0.15675457460539682,1.3703382430941315,1.3554208586120606,0.12763421473878572,2.9153647422790527,-2.849999905
10/8/2025,11:30:29,21,SURFTRAK,13.587994594594562,3.969783783783775,53.94133637837845,3700.00,49.333333333333336,47.6261683,-122.3760239,47.6261823,-122.3760283,9.147091866,-35.78207779,47.626182728222446,-122.376022,0.7784324053171519,-2.839999914,VFR_alt,11.319287441087697,0.15501488173330152,1.3563594941132227,1.3283771276100287,0.13027496760178325,2.907006264,-2.839999914
10/8/2025,11:30:30,21,SURFTRAK,13.590999999999946,3.773529411764699,51.28603823529414,3701.00,49.361111111111114,47.6261875,-122.3760176,47.6261837,-122.3760284,9.290737152,-35.79242325,47.62618402019358,-122.3760222,0.789647026,-2.829999924,VFR_alt,11.271234723325833,0.15595019117874256,1.3759001215352114,1.3671807685437105,0.14401734920667975,2.899353265762329,-2.829999924
10/8/2025,11:30:31,21,SURFTRAK,13.592005291005275,3.8477777777777584,52.29897063492042,3702.00,49.361111111111114,47.6261962,-122.3760215,47.6261851,-122.3760284,9.449119567871094,-35.79378891,47.62618544471306,-122.3760222,0.8016931007778834,-2.799999952,VFR_alt,11.832068532705607,0.12473550691175714,1.3968894937796472,1.4084950589267207,0.15838830341055704,2.8781046867370605,-2.799999952
10/8/2025,11:30:32,21,SURFTRAK,13.592569892473083,3.6645161290322545,49.81004602150559,3703.00,49.388888888888886,47.6262004,-122.3760221,47.6261864,-122.3760286,9.600984573364258,-35.80683899,47.626186810613795,-122.3760224,0.814301074,-2.779999971,VFR_alt,11.67300237888169,0.1389507099345166,1.4188579311876555,1.4531227373996793,0.15242468456378022,2.8495469093322754,-2.779999971
10/8/2025,11:30:33,21,SURFTRAK,13.596000000000002,3.3547540983606567,45.61123672131142,3704.00,49.388888888888886,47.6262012,-122.376024,47.6261878,-122.3760289,9.758272171020508,-35.82493591,47.62618822528629,-122.3760226,0.8198360585775532,-2.789999962,VFR_alt,11.259665739880676,0.12744295,1.4285022232790665,1.4728648824998616,0.15832525707705433,2.854335308074951,-2.789999962
10/8/2025,11:30:34,21,SURFTRAK,13.597840425531873,3.3821808510638287,45.990286382978645,3705.00,49.416666666666664,47.6262016,-122.3760222,47.6261892,-122.3760291,9.912402153015137,-35.84313202,47.62618961155863,-122.3760229,0.8213829702519356,-2.779999971,VFR_alt,11.526971686483602,0.12990479171276093,1.4311975996813995,1.4783835501855533,0.15520035316217595,2.8515381813049316,-2.779999971
10/8/2025,11:30:35,21,SURFTRAK,13.589895027624303,3.9352486187845215,53.479230718231996,3706.00,49.416666666666664,47.6261982,-122.3760261,47.6261906,-122.376029,10.063483238220215,-35.83602905,47.62619097040864,-122.3760228,0.826850815,-2.779999971,VFR_alt,12.214066240821065,0.13624547331372677,1.4407249049996251,1.4981527084352189,0.15124796341480137,2.842665910720825,-2.779999971
10/8/2025,11:30:36,21,SURFTRAK,13.590999999999942,3.8896174863388073,52.86379125683068,3707.00,49.44444444444444,47.6261982,-122.3760249,47.6261919,-122.3760291,10.215094566345215,-35.84288788,47.62619233402776,-122.3760229,0.820491796,-2.789999962,VFR_alt,11.668997600537748,0.13572859446533392,1.4296447954631446,1.4752141667019194,0.15176639386104007,2.852116107940674,-2.789999962
10/8/2025,11:30:37,21,SURFTRAK,13.592010752688124,3.815107526881703,51.85498747311823,3708.00,49.44444444444444,47.6261954,-122.3760245,47.6261932,-122.3760292,10.35137653,-35.85108185,47.62619356,-122.376023,0.8058064406917941,-2.779999971,VFR_alt,11.953528029769604,0.12756177742955505,1.4040566769629736,1.4230698620310185,0.13652807664989738,2.8450405597686768,-2.779999971
10/8/2025,11:30:38,21,SURFTRAK,13.59990374331546,3.377005347593581,45.92694641711237,3709.00,49.47222222222222,47.6261937,-122.3760268,47.6261943,-122.3760294,10.481152534484863,-35.86709976,47.62619472700022,-122.3760232,0.8133154989563846,-2.789999962,VFR_alt,11.462552946509021,0.1303516389294104,1.4171406421209716,1.4495692417668231,0.13076078920135478,2.847792625427246,-2.789999962
10/8/2025,11:30:39,21,SURFTRAK,13.593459459459451,3.36,45.61368421621625,3710.00,49.47222222222222,47.6261917,-122.3760246,47.6261954,-122.3760296,10.597672462463379,-35.88108826,47.62619577500108,-122.3760234,0.8035675377459139,-2.779999971,VFR_alt,11.810125399252208,0.11886862838590467,1.4001555581936385,1.4149733610978683,0.11735660017626502,2.853238105773926,-2.779999971
10/8/2025,11:30:40,21,SURFTRAK,13.59387999999996,3.386400000000004,46.03,3711.00,49.50,47.6261899,-122.3760271,47.6261963,-122.3760298,10.70607852935791,-35.89219666,47.62619675002443,-122.3760235,0.8081142786570957,-2.769999981,VFR_alt,12.007027081308655,0.11101477197238377,1.4080779097813003,1.4310137218989643,0.1089737209394441,2.8368592262268066,-2.769999981
10/8/2025,11:30:41,21,SURFTRAK,13.593972677595666,3.3612021857923517,45.692074863387866,3712.00,49.50,47.6261875,-122.3760271,47.6261972,-122.3760301,10.80872631072998,-35.91743469,47.62619767325674,-122.3760239,0.8093442532534156,-2.769999981,VFR_alt,11.287814638335862,0.12188749707461706,1.4102210473354968,1.435412795638163,0.10570489836210305,2.831303596496582,-2.769999981
10/8/2025,11:30:42,21,SURFTRAK,13.588950276243073,4.059337016574571,55.16212287292808,3713.00,49.52777777777778,47.6261923,-122.3760248,47.6261983,-122.3760302,10.92076587677002,-35.92913055,47.62619868096042,-122.376024,0.8117679564992367,-2.769999981,VFR_alt,12.081508679409673,0.1351978947609169,1.414444166627455,1.4439809425371521,0.11264838011293701,2.8354575634002686,-2.769999981
10/8/2025,11:30:43,21,SURFTRAK,13.581326203208596,4.288770053475932,58.24736128342267,3714.00,49.52777777777778,47.626196,-122.3760245,47.6261995,-122.3760303,11.059025764465332,-35.93362808,47.62619992449433,-122.3760241,0.8064705834669226,-2.769999981,VFR_alt,11.64407588902422,0.14317447624423288,1.4052138954347861,1.425292298523127,0.1383330195734785,2.8332955837249756,-2.769999981
10/8/2025,11:30:44,21,SURFTRAK,13.571467391304294,4.307010869565218,58.45234565217388,3715.00,49.55555555555556,47.6262015,-122.3760237,47.6262007,-122.3760303,11.192654609680176,-35.92620087,47.62620112637581,-122.376024,0.8034782500370689,-2.75999999,VFR_alt,11.038569491905012,0.1304752589000956,1.3999999811251969,1.4148012711771123,0.1338350918282182,2.831362009048462,-2.75999999
10/8/2025,11:30:45,21,SURFTRAK,13.560402116402074,4.558201058201059,61.810613756613414,3717.00,49.55555555555556,47.6262019,-122.3760253,47.6262019,-122.3760304,11.326895713806152,-35.93696976,47.626202333764056,-122.3760241,0.7999470624974165,-2.75,VFR_alt,11.251099124259813,0.13759555498128215,1.393847154351558,1.4023514750335473,0.13467235439018746,2.811634063720703,-2.75
10/8/2025,11:30:46,21,SURFTRAK,13.589312169312125,3.5253968253968226,47.90746835978832,3718.00,49.583333333333336,47.6262065,-122.3760237,47.6262032,-122.3760305,11.471817970275879,-35.94599533,47.62620363722047,-122.3760242,0.8169841227077302,-2.75999999,VFR_alt,11.085444319280324,0.13757846922313094,1.4235329410816477,1.4626115530267112,0.14520303509720908,2.823204755783081,-2.75999999
10/8/2025,11:30:47,21,SURFTRAK,13.582308510638285,4.112819148936179,55.86156638297876,3719.00,49.583333333333336,47.6262097,-122.3760227,47.6262044,-122.3760306,11.605558395385742,-35.95819473,47.626204840105515,-122.3760244,0.8072340285524409,-2.74000001,VFR_alt,11.364706596266593,0.1138874397395139,1.406544140659555,1.4282066849350452,0.13429566900759743,2.8073346614837646,-2.74000001
10/8/2025,11:30:48,21,SURFTRAK,13.577967391304329,4.230000000000008,57.43479358695658,3720.00,49.611111111111114,47.626216,-122.3760233,47.6262056,-122.3760306,11.735618591308594,-35.95296097,47.626206009889934,-122.3760243,0.8177173863286558,-2.75,VFR_alt,15.11293808,0.13142722508991542,1.4248105973908363,1.465297244364903,0.1301654595347236,2.8140389919281006,-2.75
10/8/2025,11:30:49,21,SURFTRAK,13.568048648648636,4.760486486486477,64.59,3721.00,49.638888888888886,47.6262156,-122.3760244,47.626207,-122.3760306,11.888628959655762,-35.95247269,47.62620738609226,-122.3760243,0.8082702536840697,-2.74000001,VFR_alt,15.63912514217315,0.13567682524790636,1.4083496844495167,1.4316397880423386,0.15301114743807107,2.804703474,-2.74000001
10/8/2025,11:30:50,21,SURFTRAK,13.561119999999994,5.185657142857119,70.32326651428599,3723.00,49.638888888888886,47.6262119,-122.3760265,47.6262084,-122.3760306,12.04622745513916,-35.94684982,47.62620880356101,-122.3760242,0.8022856892858232,-2.74000001,VFR_alt,15.175026034679123,0.15437724002770015,1.3979220343616616,1.4105337930720612,0.15769877100219096,2.804105520248413,-2.74000001
10/8/2025,11:30:51,21,SURFTRAK,13.568054644808768,4.65,63.104798579234874,3724.00,49.666666666666664,47.6262102,-122.3760287,47.6262097,-122.3760304,12.187788963317871,-35.93597412,47.62621007679026,-122.3760241,0.796338773,-2.730000019,VFR_alt,15.248746604117962,0.12940539753502184,1.3875599824093252,1.3897704864416258,0.14197866561474076,2.7979612350463867,-2.730000019
10/8/2025,11:30:52,21,SURFTRAK,13.574612903225756,4.629999999999996,62.85045774193566,3725.00,49.69444444444444,47.6262055,-122.3760281,47.626211,-122.3760303,12.329333305358887,-35.92526245,47.626211349865116,-122.376024,0.7972042675941221,-2.730000019,VFR_alt,14.47401704192444,0.15469256251729946,1.3890680420200618,1.3927318437934444,0.14194907761707798,2.790438652038574,-2.730000019
10/8/2025,11:30:53,21,SURFTRAK,13.565268041237124,4.875927835051537,66.14324386597956,3727.00,49.72222222222222,47.6262024,-122.37603,47.6262121,-122.3760303,12.499489784240723,-35.92811584,47.62621288028259,-122.376024,0.7968040790754495,-2.720000029,VFR_alt,14.131285714748492,0.13186931917347858,1.3883707438435897,1.3912527420476077,0.17018040181008684,2.7862234115600586,-2.720000029
10/8/2025,11:30:54,21,SURFTRAK,13.565000000000042,4.8449180327869055,65.72131311475398,3728.00,49.72222222222222,47.626205,-122.376027,47.6262131,-122.3760303,12.611433982849121,-35.92617416,47.62621388712852,-122.376024,0.8071584480056346,-2.700000048,VFR_alt,14.63280629380262,0.13127470749323486,1.4064124472825437,1.4277159036090474,0.11196103664590568,2.762289524078369,-2.700000048
10/8/2025,11:30:55,21,SURFTRAK,13.565906250000042,4.881562499999976,66.22266937499985,3730.00,49.75,47.6262089,-122.3760276,47.6262142,-122.3760302,12.735069274902344,-35.91430283,47.62621499912621,-122.3760238,0.8200520761311054,-2.679999828,VFR_alt,14.738588587309145,0.1339429043388615,1.428878617501165,1.4736424205806022,0.12420392145338668,2.749565601348877,-2.679999828
10/8/2025,11:30:56,21,SURFTRAK,13.571898936170168,4.821542553191485,65.43739707446798,3731.00,49.77777777777778,47.6262108,-122.3760272,47.6262153,-122.3760301,12.851656913757324,-35.91151047,47.626216047736065,-122.3760238,0.8235106277973094,-2.679999828,VFR_alt,13.97605392952317,0.11810038991748019,1.4349048817680357,1.4860761604041712,0.11662107356393472,2.7451891899108887,-2.679999828
10/8/2025,11:30:57,21,SURFTRAK,13.563967213114758,5.552021857923516,75.30743300546457,3733.00,49.77777777777778,47.6262113,-122.3760267,47.6262163,-122.37603,12.965034484863281,-35.90299606,47.626217067473995,-122.3760237,0.8230600992187125,-2.669999838,VFR_alt,14.510358613981648,0.13734937711654466,1.4341198698507835,1.484514314619193,0.11369682805785299,2.7373251914978027,-2.669999838
10/8/2025,11:30:58,21,SURFTRAK,13.567193548387102,4.900645161290308,66.48254709677406,3734.00,49.80555555555556,47.6262131,-122.3760278,47.6262175,-122.37603,13.105565071105957,-35.90737152,47.62621833143095,-122.3760237,0.8216666579246521,-2.700000048,VFR_alt,10.565619622502535,0.14500818653933464,1.4316919039596177,1.479409231548036,0.14059868527248687,2.7622838020324707,-2.700000048
10/8/2025,11:30:59,21,SURFTRAK,13.567688172042965,4.8237634408602075,65.44756247311823,3735.00,49.833333333333336,47.6262149,-122.3760254,47.6262185,-122.3760301,13.1978178,-35.91378021,47.626219161168336,-122.3760238,0.810698914,-2.700000048,VFR_alt,5.0385761915011775,0.098641949,1.4125814409753559,1.440315788240018,0.092475066,2.763947010040283,-2.700000048
10/8/2025,11:31:00,21,SURFTRAK,13.591027777777722,3.2103333333333404,43.631732555555494,3736.00,49.833333333333336,47.6262173,-122.3760263,47.6262191,-122.3760301,13.262557029724121,-35.92077637,47.62621974,-122.3760239,0.8013333125246895,-2.690000057,VFR_alt,6.7115759934214365,0.071629286,1.3962625900051424,1.4072397973175925,0.065116156,2.751530408859253,-2.690000057
10/8/2025,11:31:01,21,SURFTRAK,13.578480446927381,3.9441340782122913,53.54630972067033,3737.00,49.861111111111114,47.6262245,-122.3760201,47.62622,-122.3760301,13.378013610839844,-35.91988373,47.62622078188133,-122.3760239,0.8008379533304183,-2.690000057,VFR_alt,6.656638818578842,0.11604812824526313,1.3953994641363352,1.4054024714597118,0.11546003173220458,2.7575345039367676,-2.690000057
10/8/2025,11:31:02,21,SURFTRAK,13.570161290322577,4.8986559139785015,66.47467338709679,3739.00,49.861111111111114,47.626229,-122.3760206,47.6262211,-122.3760304,13.496307373046875,-35.94302368,47.626221845836355,-122.3760242,0.7996236281369322,-2.690000057,VFR_alt,6.603575877659793,0.107355418,1.3932835944810198,1.4012199365597633,0.12053576909083238,2.7574706077575684,-2.690000057
10/8/2025,11:31:03,21,SURFTRAK,13.574999999999992,4.554516129032256,61.827556451612615,3740.00,49.888888888888886,47.6262409,-122.3760185,47.6262222,-122.3760305,13.629165649414062,-35.94789124,47.626223040787195,-122.3760243,0.8023655635695304,-2.669999838,VFR_alt,6.971816325743419,0.11694871421943429,1.3980612092499378,1.4107918433659175,0.13294741320683465,2.7378885746002197,-2.669999838
10/8/2025,11:31:04,21,SURFTRAK,13.569381720430115,4.760268817204299,64.59255779569878,3741.00,49.916666666666664,47.626249,-122.3760176,47.6262235,-122.3760305,13.769722938537598,-35.95067215,47.62622430498432,-122.3760243,0.8050537410602775,-2.669999838,VFR_alt,5.986635056601351,0.10185711025711029,1.4027451548777568,1.4202165095094166,0.14058479651135086,2.7346296310424805,-2.669999838
10/8/2025,11:31:05,21,SURFTRAK,13.55978947368423,4.721052631578939,64.01677894736862,3743.00,49.916666666666664,47.6262544,-122.3760142,47.6262249,-122.3760305,13.928385734558105,-35.93797684,47.626225732025574,-122.3760241,0.7914210219132273,-2.659999847,VFR_alt,6.800766905671753,0.12378842046386317,1.3789911745457784,1.3726962321270715,0.15916988974211776,2.722607374191284,-2.659999847
10/8/2025,11:31:06,21,SURFTRAK,13.55301069518719,5.966042780748683,80.85783812834211,3744.00,49.94444444444444,47.6262475,-122.3760255,47.6262265,-122.3760304,14.109668731689453,-35.94161987,47.626227362516936,-122.3760242,0.8073262001741379,-2.659999847,VFR_alt,6.1005214991551435,0.13362763009288095,1.4067047427276613,1.4282920639181051,0.1813195983875167,2.720381498336792,-2.659999847
10/8/2025,11:31:07,21,SURFTRAK,13.554000000000043,5.64,76.44455999999992,3746.00,49.97222222222222,47.6262363,-122.3760312,47.6262279,-122.3760304,14.256535530090332,-35.93701935,47.62622868346289,-122.3760241,0.8151086931643279,-2.659999847,VFR_alt,6.315392462263355,0.14004961457913337,1.4202651471802652,1.4559130706687597,0.14693883524072693,2.721585512161255,-2.659999847
10/8/2025,11:31:08,21,SURFTRAK,13.559175531914864,5.477925531914871,74.27592425531898,3747.00,49.97222222222222,47.62623,-122.3760327,47.6262289,-122.3760305,14.364940643310547,-35.95658875,47.62622965847767,-122.3760244,0.8114361604477497,-2.649999857,VFR_alt,6.012330681588155,0.11382643486115526,1.4138660371438052,1.442875122524882,0.11015729603689901,2.717491865158081,-2.649999857
10/8/2025,11:31:09,21,SURFTRAK,13.569097297297267,4.3594594594594644,59.153917945945736,3749.00,50.00,47.6262225,-122.3760351,47.6262297,-122.3760308,14.448180198669434,-35.9717598,47.62623040714897,-122.3760246,0.8057297107335684,-2.639999866,VFR_alt,6.698912828020267,0.09912682,1.403922981,1.4226012500657799,0.084610782,2.7049543857574463,-2.639999866
10/8/2025,11:31:10,21,SURFTRAK,13.577891304347805,4.285217391304366,58.18412521739143,3750.00,50.02777777777778,47.6262313,-122.376026,47.6262306,-122.3760309,14.563024520874023,-35.9765892,47.62623144007913,-122.3760246,0.8100000023841858,-2.639999866,VFR_alt,6.934699059161729,0.11992949968122918,1.4113636405178964,1.4376663307774107,0.11494581989822598,2.7033722400665283,-2.639999866
10/8/2025,11:31:11,21,SURFTRAK,13.559080459770081,5.3164942528735795,72.09,3751.00,50.02777777777778,47.6262315,-122.3760283,47.6262318,-122.3760309,14.694326400756836,-35.96831131,47.626232621031455,-122.3760245,0.8126436663770128,-2.649999857,VFR_alt,6.661262122,0.1333131580345932,1.4159700247478249,1.447194355381315,0.13156255992636878,2.7159128189086914,-2.649999857
10/8/2025,11:31:12,21,SURFTRAK,13.557064516129008,5.630430107526858,76.33,3753.00,50.05555555555556,47.6262313,-122.3760303,47.626233,-122.3760308,14.81966495513916,-35.97429276,47.62623374834859,-122.3760246,0.7999999523162842,-2.639999866,VFR_alt,6.525168773869675,0.1175642911224596,1.393939310854135,1.4023873443008126,0.12548119740693134,2.7029407024383545,-2.639999866
10/8/2025,11:31:13,21,SURFTRAK,13.559368983957242,5.602566844919771,75.96749828876999,3754.00,50.083333333333336,47.626229,-122.3760321,47.626234,-122.376031,14.941018104553223,-35.98298264,47.62623483982029,-122.3760247,0.8102673735210603,-2.629999876,VFR_alt,6.490575499913896,0.1486128248314169,1.4118295144685107,1.438682234827441,0.12166388491896722,2.6936323642730713,-2.629999876
10/8/2025,11:31:14,21,SURFTRAK,13.557320855615014,5.797807486630986,78.60168989304819,3756.00,50.111111111111114,47.6262335,-122.3760279,47.6262352,-122.376031,15.071036338806152,-35.98167801,47.626236009227284,-122.3760247,0.8162032050244948,-2.639999866,VFR_alt,6.234090998410449,0.1294998623390886,1.4221722511790407,1.4598223448996603,0.13002477951706926,2.701293706893921,-2.639999866
10/8/2025,11:31:15,21,SURFTRAK,13.546188481675387,6.29,85.20193235602086,3758.00,50.138888888888886,47.6262431,-122.376026,47.6262364,-122.376031,15.195991516113281,-35.98318481,47.62623713309625,-122.3760247,0.8084293138918452,-2.619999886,VFR_alt,5.768331484051783,0.13231027126312256,1.408626834811545,1.432125128713021,0.12496426208492382,2.6839733123779297,-2.619999886
10/8/2025,11:31:16,21,SURFTRAK,13.555220430107545,5.9209677419354785,80.26008397849485,3760.00,50.138888888888886,47.6262449,-122.3760266,47.6262375,-122.376031,15.327624320983887,-35.98063278,47.626238317024985,-122.3760247,0.809999991,-2.619999886,VFR_alt,5.705829085661343,0.11564383872093693,1.4113636215333605,1.4377464019270927,0.13165754132534307,2.6861941814422607,-2.619999886
10/8/2025,11:31:17,21,SURFTRAK,13.54055978260865,7.068369565217419,95.70985032608674,3762.00,50.166666666666664,47.6262419,-122.3760334,47.6262386,-122.376031,15.441873550415039,-35.98422623,47.626239344602766,-122.3760247,0.8078804288221442,-2.619999886,VFR_alt,5.005615785028413,0.11006921319210011,1.4076704441597958,1.4303244886779996,0.11430572720260691,2.6832098960876465,-2.619999886
10/8/2025,11:31:18,21,SURFTRAK,13.546234042553209,7.911914893617047,107.17552638297873,3764.00,50.19444444444444,47.626241,-122.3760332,47.6262397,-122.376031,15.577305793762207,-35.98985291,47.62624056270431,-122.3760248,0.8053191367616045,-2.609999895,VFR_alt,6.132300776782499,0.13747722600051698,1.4032075867815823,1.4212180647228156,0.13554907616289844,2.676175355911255,-2.609999895
10/8/2025,11:31:19,21,SURFTRAK,13.506838709677414,8.903494623655925,120.25463295698897,3766.00,50.25,47.626241,-122.3760335,47.6262411,-122.3760313,15.724358558654785,-36.00205231,47.62624188532289,-122.376025,0.8069892253286095,-2.609999895,VFR_alt,5.6666647052225105,0.14458395973328622,1.406117589587727,1.427112996420979,0.14755792445064775,2.6785240173339844,-2.609999895
10/8/2025,11:31:20,21,SURFTRAK,13.512218085106374,8.349946808510616,112.82529313829754,3768.00,50.27777777777778,47.626245,-122.3760295,47.6262423,-122.376031,15.858441352844238,-35.97584152,47.626243091287265,-122.3760246,0.7947872,-2.589999914,VFR_alt,10.957638016611172,0.11869877620421826,1.3848564846574487,1.3842887614869503,0.1366206461094373,2.6527340412139893,-2.589999914
10/8/2025,11:31:21,21,SURFTRAK,13.51,8.73,117.89149238372103,3771.00,50.30555555555556,47.6262525,-122.3760275,47.6262436,-122.3760308,16.00705909729004,-35.96052933,47.62624442798155,-122.3760244,0.8129069680391356,-2.579999924,VFR_alt,14.493260085587723,0.14297703272381493,1.4164288079469758,1.4481103075753707,0.14940447541654225,2.641004800796509,-2.579999924
10/8/2025,11:31:22,21,SURFTRAK,13.504565934065942,9.18,123.97191527472495,3773.00,50.333333333333336,47.6262621,-122.3760221,47.6262451,-122.3760303,16.176862716674805,-35.91558838,47.62624595522534,-122.3760238,0.8152197776259956,-2.579999924,VFR_alt,17.877096810383183,0.1332177162006661,1.420458703439232,1.456309831671776,0.17565010107317658,2.644660711288452,-2.579999924
10/8/2025,11:31:23,21,SURFTRAK,13.514565445026134,8.846649214659704,119.55795549738234,3776.00,50.361111111111114,47.6262738,-122.3760182,47.6262466,-122.3760293,16.34883689880371,-35.84096909,47.62624750199156,-122.3760228,0.816753923,-2.569999933,VFR_alt,22.94884446909824,0.13797929071631107,1.4231318349112336,1.461789346,0.18746508538524598,2.636122703552246,-2.569999933
10/8/2025,11:31:24,21,SURFTRAK,13.504977777777839,8.995833333333312,121.48852138888884,3778.00,50.416666666666664,47.6262742,-122.3760217,47.6262479,-122.3760285,16.484128952026367,-35.78449249,47.626248718832215,-122.3760221,0.8151111086209615,-2.559999943,VFR_alt,24.705432385791216,0.1273237670875258,1.4202693559304602,1.4559216979689442,0.14660677073066988,2.6240458488464355,-2.559999943
10/8/2025,11:31:25,21,SURFTRAK,13.505242105263155,8.839052631578992,119.37163642105318,3781.00,50.44444444444444,47.6262784,-122.3760231,47.6262493,-122.3760277,16.649417877197266,-35.72006989,47.62625020547004,-122.3760212,0.821999991,-2.559999943,VFR_alt,23.274592958786993,0.14898774937579506,1.432272711486524,1.480743574173383,0.1773998340787947,2.6210129261016846,-2.559999943
10/8/2025,11:31:26,21,SURFTRAK,13.505394594594605,8.73,117.92157978378388,3783.00,50.47222222222222,47.6262725,-122.3760294,47.626251,-122.3760269,16.839893341064453,-35.66069031,47.62625191864005,-122.3760204,0.8150810786195704,-2.559999943,VFR_alt,22.778607171329412,0.1590210548123798,1.4202170309280362,1.4558144396423212,0.1995165070256979,2.6227478981018066,-2.559999943
10/8/2025,11:31:27,21,SURFTRAK,13.506240641711234,8.34,112.70335844919761,3785.00,50.50,47.6262667,-122.3760339,47.6262526,-122.376026,17.010433197021484,-35.5978508,47.62625345250568,-122.3760196,0.8145454525947571,-2.549999952,VFR_alt,23.962014004653188,0.15812895682087558,1.4192837431575278,1.4539013411256112,0.18174885485924133,2.6130805015563965,-2.549999952
10/8/2025,11:31:28,21,SURFTRAK,13.51155497382199,8.667329842931931,117.10354617801035,3788.00,50.52777777777778,47.6262676,-122.3760297,47.6262543,-122.3760255,17.20549774169922,-35.55879593,47.626255206950695,-122.3760191,0.8167015666736982,-2.549999952,VFR_alt,22.283726825288785,0.18070039527578505,1.4230406085981069,1.4616023460342351,0.19893581756019135,2.620706081390381,-2.549999952
10/8/2025,11:31:29,21,SURFTRAK,13.519173913043499,8.44,114.04001706521716,3790.00,50.55555555555556,47.626271,-122.3760277,47.6262559,-122.3760248,17.37313461303711,-35.50363159,47.626256714706365,-122.3760183,0.8043478030873381,-2.559999943,VFR_alt,23.782084391846116,0.15012619186840628,1.4015151114400595,1.4178570419738803,0.17648009725195757,2.6187896728515625,-2.559999943
10/8/2025,11:31:30,21,SURFTRAK,13.531106382978727,9.42,127.49338404255317,3793.00,50.611111111111114,47.626271,-122.3760277,47.6262571,-122.3760243,17.504104614257812,-35.46552658,47.62625789267372,-122.3760178,0.7956382654448773,-2.529999971,VFR_alt,22.594890673132365,0.13381911703246704,1.3863394019115298,1.3872725706830151,0.13640063446340403,2.6000866889953613,-2.529999971
10/8/2025,11:31:31,21,SURFTRAK,13.51566467065872,9.517065868263511,128.56572718562924,3795.00,50.638888888888886,47.6262756,-122.3760262,47.6262582,-122.3760231,17.630449295043945,-35.3699913,47.62625902904012,-122.3760166,0.8068862143390907,-2.559999943,VFR_alt,35.46959992153844,0.1402587876794581,1.4059381007423526,1.4266812571439762,0.15839813056563948,2.627776861190796,-2.559999943
10/8/2025,11:31:32,21,SURFTRAK,13.535084210526364,6.84,92.51,3797.00,50.666666666666664,47.62628,-122.3760243,47.6262594,-122.3760226,17.758939743041992,-35.33650208,47.62626018470593,-122.3760161,0.8084210471103066,-2.549999952,VFR_alt,34.02390902276301,0.094311569,1.4086124305709853,1.4320959644916296,0.13278299428597673,2.609304428100586,-2.549999952
10/8/2025,11:31:33,21,SURFTRAK,13.542064864864821,6.670108108108101,90.32699383783729,3799.00,50.666666666666664,47.6262817,-122.3760245,47.6262602,-122.3760213,17.84480094909668,-35.23472595,47.62626095695679,-122.3760148,0.8104864687532992,-2.519999981,VFR_alt,37.97319057743057,0.12705744859334586,1.4122112713125652,1.4395483492560641,0.13315602099649174,2.585596799850464,-2.519999981
10/8/2025,11:31:34,21,SURFTRAK,13.549281081081116,6.555297297297271,88.81723118918883,3801.00,50.69444444444444,47.6262833,-122.3760235,47.6262616,-122.3760203,18.02029800415039,-35.16160583,47.62626253540834,-122.3760138,0.8180540487572954,-2.529999971,VFR_alt,36.110866103382925,0.15275675412770864,1.4253972061680111,1.4664330139781694,0.19012040361318136,2.596987724304199,-2.529999971
10/8/2025,11:31:35,21,SURFTRAK,13.538580645161257,7.4052688172043215,100.25352946236545,3803.00,50.72222222222222,47.6262815,-122.3760266,47.6262631,-122.3760192,18.177223205566406,-35.07471085,47.62626394682135,-122.3760126,0.8114516036484831,-2.549999952,VFR_alt,36.67200252988973,0.15451433573679257,1.4138929457511438,1.4429264209706647,0.17937741762870607,2.611487627029419,-2.549999952
10/8/2025,11:31:36,21,SURFTRAK,13.550000000000008,5.230752688172045,70.87669892473123,3804.00,50.75,47.6262803,-122.3760267,47.6262643,-122.3760181,18.301881790161133,-35.00239944,47.626265068022704,-122.3760117,0.8016666273276011,-2.529999971,VFR_alt,35.732878876491085,0.13380395725209226,1.396843365798094,1.4082671753802436,0.14411350207682513,2.5970399379730225,-2.529999971
10/8/2025,11:31:37,21,SURFTRAK,13.56113471502594,5.208911917098454,70.63,3806.00,50.77777777777778,47.6262769,-122.3760278,47.6262653,-122.3760174,18.421188354492188,-34.94795609,47.62626614108705,-122.376011,0.7952331353963348,-2.529999971,VFR_alt,33.40038129901763,0.13425924748645546,1.3856334934936174,1.3860814902365777,0.13114166261152665,2.5902488231658936,-2.529999971
10/8/2025,11:31:38,21,SURFTRAK,13.55512021857921,5.455901639344276,73.96,3807.00,50.80555555555556,47.6262776,-122.3760262,47.6262665,-122.3760166,18.556779861450195,-34.89282608,47.626267360621036,-122.3760102,0.7937704500604849,-2.529999971,VFR_alt,33.735859037168225,0.14053080837583282,1.3830848751053937,1.3807384878149098,0.14637067396689274,2.594998836517334,-2.529999971
10/8/2025,11:31:39,21,SURFTRAK,13.554000000000043,5.974331550802146,80.97608983957217,3809.00,50.80555555555556,47.6262819,-122.3760215,47.6262677,-122.3760159,18.67824363708496,-34.8319931,47.62626845308771,-122.3760094,0.7899999618530273,-2.519999981,VFR_alt,33.48302712988954,0.12361860825097497,1.376515085046945,1.3675468146698166,0.1358458682405069,2.5823934078216553,-2.519999981
10/8/2025,11:31:40,21,SURFTRAK,13.553027027027051,5.922270270270275,80.26,3811.00,50.833333333333336,47.6262842,-122.3760195,47.6262689,-122.376015,18.814863204956055,-34.7625885,47.62626968186825,-122.3760085,0.8065405249595642,-2.50999999,VFR_alt,33.51403977380571,0.14260978493336085,1.4053357631871162,1.4256038401773696,0.15323806678208812,2.5733633041381836,-2.50999999
10/8/2025,11:31:41,21,SURFTRAK,13.559028735632154,5.441609195402318,73.78300051724172,3812.00,50.861111111111114,47.6262868,-122.3760181,47.62627,-122.3760141,18.940635681152344,-34.70397186,47.62627081308814,-122.3760077,0.809597693,-2.50999999,VFR_alt,30.79804628069514,0.12320223891700821,1.4106626462195233,1.436312514904938,0.13876103934639739,2.5741944313049316,-2.50999999
10/8/2025,11:31:42,21,SURFTRAK,13.547053763440882,6.6508602150537595,90.09956193548406,3814.00,50.888888888888886,47.6262926,-122.3760161,47.6262712,-122.3760132,19.07072639465332,-34.62952423,47.62627198314702,-122.3760067,0.8006451286936319,-2.49000001,VFR_alt,30.21203417953983,0.13450726502204455,1.3950634818146634,1.4047506278546102,0.14988676934663867,2.5551040172576904,-2.49000001
10/8/2025,11:31:43,21,SURFTRAK,13.551999999999994,6.464652406417102,87.60896941176497,3816.00,50.916666666666664,47.6262966,-122.3760149,47.6262725,-122.3760122,19.227636337280273,-34.55926514,47.62627339442279,-122.3760058,0.8068983825770292,-2.49000001,VFR_alt,31.88684108613059,0.1432162629251174,1.4059593029751256,1.426724185239214,0.17192169850945926,2.556356191635132,-2.49000001
10/8/2025,11:31:44,21,SURFTRAK,13.546513368983984,6.692139037433151,90.65519090909108,3818.00,50.94444444444444,47.6262934,-122.3760205,47.6262741,-122.3760114,19.400136947631836,-34.49422073,47.62627494592378,-122.3760049,0.8084491924806074,-2.49000001,VFR_alt,30.991198800305163,0.16514373088584228,1.4086614717465098,1.4321952580083104,0.1843562717761376,2.558345317840576,-2.49000001
10/8/2025,11:31:45,21,SURFTRAK,13.53225789473685,7.609421052631577,102.97265173684198,3820.00,50.97222222222222,47.6262915,-122.3760208,47.6262754,-122.3760105,19.54351043701172,-34.42841339,47.626276235450305,-122.376004,0.8128947261132692,-2.49000001,VFR_alt,33.17314916153433,0.12746911295934726,1.416407477318574,1.4480815489336416,0.15775475836795408,2.5551719665527344,-2.49000001
10/8/2025,11:31:46,21,SURFTRAK,13.549590425531925,6.952393617021273,94.20154728723388,3821.00,51.00,47.6262912,-122.3760208,47.6262766,-122.3760096,19.669958114624023,-34.36156845,47.62627737274306,-122.3760032,0.8076063683058353,-2.460000038,VFR_alt,35.29302076,0.14843580043537818,1.4071929144722852,1.4296787697365563,0.14302888240476005,2.522860527038574,-2.460000038
10/8/2025,11:31:47,21,SURFTRAK,13.547760869565206,6.440380434782605,87.24929494565241,3823.00,51.00,47.6262926,-122.3760187,47.6262779,-122.376009,19.819822311401367,-34.32260895,47.62627872064815,-122.3760026,0.8220652082692022,-2.470000029,VFR_alt,32.69015134,0.1344849352684358,1.4323863477417884,1.4808502023752188,0.15484547253074574,2.5349509716033936,-2.470000029
10/8/2025,11:31:48,21,SURFTRAK,13.55,6.471397849462349,87.66201591397812,3825.00,51.02777777777778,47.6262908,-122.3760236,47.626279,-122.3760081,19.934202194213867,-34.25019455,47.626279749401036,-122.3760017,0.8102150383175061,-2.460000038,VFR_alt,35.597027478821545,0.1265802788798527,1.4117383243411075,1.4385639656536675,0.13537578312943435,2.526979684829712,-2.460000038
10/8/2025,11:31:49,21,SURFTRAK,13.546326086956512,6.4207608695652425,86.97584902173956,3827.00,51.05555555555556,47.6262933,-122.3760186,47.6262801,-122.3760072,20.071407318115234,-34.1831398,47.626280983448176,-122.3760008,0.7982608656520429,-2.460000038,VFR_alt,36.30254692231993,0.15320494625231493,1.3909090840906793,1.3970237474208738,0.15271406394272455,2.5263185501098633,-2.460000038
10/8/2025,11:31:50,21,SURFTRAK,13.551973262032062,6.534117647058841,88.55,3829.00,51.083333333333336,47.6262898,-122.3760228,47.6262814,-122.3760061,20.208450317382812,-34.09376526,47.62628221603714,-122.3759996,0.8081818114627491,-2.470000029,VFR_alt,37.72028455169226,0.1561106558152061,1.4081955805790316,1.4312519695998485,0.16361110123768074,2.5402750968933105,-2.470000029
10/8/2025,11:31:51,21,SURFTRAK,13.544697674418579,6.708023255813956,90.85726755813955,3831.00,51.111111111111114,47.6262878,-122.3760232,47.6262826,-122.3760053,20.337677001953125,-34.04153442,47.626283378324786,-122.3759989,0.8065697526515916,-2.460000038,VFR_alt,35.019979250812376,0.13858628324991049,1.4053866902262553,1.4255648179743874,0.13938291188575352,2.5287554264068604,-2.460000038
10/8/2025,11:31:52,21,SURFTRAK,13.548577540106985,6.603743315508033,89.46870545454549,3832.00,51.138888888888886,47.626285,-122.3760249,47.6262834,-122.3760042,20.42339324951172,-33.95767212,47.626284149271875,-122.3759978,0.8043315362802801,-2.460000038,VFR_alt,36.66047751862569,0.13891640146148396,1.4014867677610958,1.4177530253224535,0.11991731002247012,2.5284035205841064,-2.460000038
10/8/2025,11:31:53,21,SURFTRAK,13.550914893617014,6.0687765957446755,82.23705558510666,3834.00,51.166666666666664,47.6262856,-122.3760211,47.6262843,-122.3760035,20.528804779052734,-33.91333389,47.6262851,-122.3759972,0.8061170042195218,-2.450000048,VFR_alt,35.59831723156023,0.11468127013203945,1.4045978103824985,1.4239675753902188,0.11435676137961615,2.5192649364471436,-2.450000048
10/8/2025,11:31:54,21,SURFTRAK,13.553000000000022,6.353225806451598,86.10526935483865,3836.00,51.19444444444444,47.6262879,-122.3760197,47.6262853,-122.376003,20.636077880859375,-33.86271667,47.62628606219504,-122.3759965,0.8078494430870138,-2.460000038,VFR_alt,33.62044564477209,0.14271546107146046,1.407616453863736,1.4301595231149238,0.11861543378100896,2.5250353813171387,-2.460000038
10/8/2025,11:31:55,21,SURFTRAK,13.559668449197924,5.425080213903763,73.56185187165791,3837.00,51.19444444444444,47.6262981,-122.3760058,47.6262863,-122.376002,20.75017738342285,-33.7948494,47.62628708842614,-122.3759956,0.8055079933156304,-2.440000057,VFR_alt,33.41209241941476,0.11121248023554603,1.4035366550196609,1.421877646516459,0.13275791521131428,2.5089590549468994,-2.440000057
10/8/2025,11:31:56,21,SURFTRAK,13.555247311827952,6.146666666666673,83.31628430107493,3839.00,51.22222222222222,47.6263068,-122.3760039,47.6262875,-122.3760012,20.883617401123047,-33.73564529,47.626288288609246,-122.3759948,0.7951074944388482,-2.450000048,VFR_alt,33.38970687,0.1379130123763956,1.3854145736434489,1.385504321,0.14598412230667845,2.513859510421753,-2.450000048
10/8/2025,11:31:57,21,SURFTRAK,13.570945652173872,4.999999999999993,67.85470000000001,3840.00,51.25,47.6263091,-122.3760054,47.6262887,-122.3760006,21.010597229003906,-33.69025803,47.62628943068826,-122.3759942,0.8089130300542583,-2.440000057,VFR_alt,32.85457759746175,0.094344836,1.4094696735793881,1.433907838558555,0.13484762063597747,2.5074398517608643,-2.440000057
10/8/2025,11:31:58,21,SURFTRAK,13.566138121546919,5.108950276243105,69.30672662983451,3842.00,51.25,47.6263136,-122.3760021,47.6262896,-122.3759998,21.120073318481445,-33.62918472,47.62629041533557,-122.3759934,0.8170165702782942,-2.440000057,VFR_alt,34.295494973657526,0.11763302718407541,1.4235894785152063,1.4627274461988888,0.12535933365258708,2.500314950942993,-2.440000057
10/8/2025,11:31:59,21,SURFTRAK,13.57310362694304,4.588082901554396,62.270569430051644,3843.00,51.27777777777778,47.6263263,-122.3759924,47.6262908,-122.3759991,21.255170822143555,-33.57493973,47.62629163042641,-122.3759927,0.8100000023841858,-2.440000057,VFR_alt,33.86001652580655,0.093187829,1.4113636405178962,1.4376663307774102,0.1455810942086827,2.5027499198913574,-2.440000057
10/8/2025,11:32:00,21,SURFTRAK,13.565000000000042,4.51,61.23596803278667,3844.00,51.30555555555556,47.6263261,-122.3759982,47.626292,-122.3759983,21.38951301574707,-33.51721191,47.62629283872384,-122.3759919,0.8063934256470269,-2.429999828,VFR_alt,35.008609886222665,0.10837423308788101,1.4050794537789095,1.4251056030070497,0.14622012672397966,2.4996097087860107,-2.429999828
10/8/2025,11:32:01,21,SURFTRAK,13.565234285714334,5.023657142857157,68.14547685714263,3846.00,51.30555555555556,47.6263221,-122.3760063,47.6262934,-122.3759977,21.543638229370117,-33.47259521,47.62629422495327,-122.3759913,0.7981142510686602,-2.429999828,VFR_alt,34.053862536457316,0.12113802986485618,1.3906536192863026,1.3959000962898498,0.16045320602445512,2.4977362155914307,-2.429999828
10/8/2025,11:32:02,21,SURFTRAK,13.556180851063873,5.917393617021286,80.22,3847.00,51.333333333333336,47.626318,-122.3760084,47.6262947,-122.375997,21.687782287597656,-33.4168396,47.62629552141041,-122.3759906,0.799414854,-2.429999828,VFR_alt,34.16151226170221,0.14105134647577366,1.3929198215385965,1.4004047758878009,0.15455160352603217,2.494863271713257,-2.429999828
10/8/2025,11:32:03,21,SURFTRAK,13.565000000000042,5.062688172043002,68.67536505376383,3849.00,51.361111111111114,47.626318,-122.3760084,47.626296,-122.3759963,21.836139678955078,-33.3634491,47.62629685576302,-122.3759899,0.7879031896591187,-2.419999838,VFR_alt,35.029469549726876,0.12802251304189363,1.3728616183454374,1.3603334324632994,0.15767200567464157,2.489323616027832,-2.419999838
10/8/2025,11:32:04,21,SURFTRAK,13.570079365079309,4.7897354497354705,64.99698867724854,3850.00,51.388888888888886,47.6263132,-122.3760097,47.6262973,-122.3759954,21.98094940185547,-33.29533005,47.62629815820727,-122.375989,0.7926983719780332,-2.419999838,VFR_alt,35.485472208806215,0.15586523475154998,1.381216860264758,1.3769482274273874,0.16003143657731017,2.485276460647583,-2.419999838
10/8/2025,11:32:05,21,SURFTRAK,13.568903225806459,5.073333333333319,68.83935752688198,3852.00,51.388888888888886,47.6263107,-122.3760101,47.6262985,-122.3759946,22.112184524536133,-33.24331665,47.626299338559164,-122.3759883,0.8017741730136256,-2.419999838,VFR_alt,35.49740573632153,0.1227356809922444,1.3970307560085922,1.4087808851283812,0.1411667486168086,2.479384183883667,-2.419999838
10/8/2025,11:32:06,21,SURFTRAK,13.574086956521741,4.303043478260868,58.409796521739125,3853.00,51.416666666666664,47.6263123,-122.3760067,47.6262996,-122.375994,22.233501434326172,-33.19111252,47.62630042970489,-122.3759876,0.8003804087638855,-2.389999866,VFR_alt,35.19388750611342,0.1381530052293902,1.3946022273916172,1.403874837631884,0.13207219240717827,2.458447217941284,-2.389999866
10/8/2025,11:32:07,21,SURFTRAK,13.571884210526362,4.582736842105277,62.19635494736829,3854.00,51.416666666666664,47.6263159,-122.3760022,47.6263008,-122.3759931,22.36349868774414,-33.12222672,47.62630159892316,-122.3759867,0.7968420696885963,-2.399999857,VFR_alt,36.03439373633796,0.12911978712991665,1.3884369396089213,1.3914519941464072,0.1471208339489894,2.4621646404266357,-2.399999857
10/8/2025,11:32:08,21,SURFTRAK,13.566074468085127,4.9532978723404035,67.19691648936144,3855.00,51.44444444444444,47.6263171,-122.3760019,47.6263021,-122.3759921,22.50993537902832,-33.0500412,47.62630291600065,-122.3759857,0.8021276225434973,-2.389999866,VFR_alt,35.02695475935421,0.1479639354300626,1.3976466150379123,1.4098935116362554,0.16326191633704956,2.456747055053711,-2.389999866
10/8/2025,11:32:09,21,SURFTRAK,13.568000000000028,5.226630434782606,70.91492173913048,3857.00,51.47222222222222,47.6263185,-122.3760003,47.6263034,-122.375991,22.652151107788086,-32.96787643,47.626304195114045,-122.3759846,0.8031521585324536,-2.389999866,VFR_alt,34.79832201881078,0.15229936251821724,1.3994317913823038,1.4136294231854207,0.1642448234078774,2.451016902923584,-2.389999866
10/8/2025,11:32:10,21,SURFTRAK,13.563544973544975,5.142275132275111,69.74742592592594,3858.00,51.50,47.6263223,-122.3759968,47.6263047,-122.3759898,22.794519424438477,-32.87383652,47.62630547559985,-122.3759834,0.7944444099431316,-2.379999876,VFR_alt,34.86483534290798,0.15659499901627738,1.3842591991433388,1.3831752854889565,0.17062310386862445,2.4449493885040283,-2.379999876
10/8/2025,11:32:11,21,SURFTRAK,13.562824561403506,5.122163742690047,69.47066485380122,3860.00,51.50,47.6263252,-122.3759956,47.626306,-122.3759888,22.946821212768555,-32.80458069,47.626306845429056,-122.3759824,0.8023976251395822,-2.369999886,VFR_alt,34.37434356334598,0.1490003148540419,1.3981170741068514,1.410846048660702,0.16730871035086137,2.4369192123413086,-2.369999886
10/8/2025,11:32:12,21,SURFTRAK,13.565000000000042,5.120648648648647,69.46159891891932,3861.00,51.52777777777778,47.6263099,-122.3760136,47.6263072,-122.3759882,23.08108139038086,-32.75659943,47.62630805298883,-122.3759818,0.794756724,-2.369999886,VFR_alt,34.15410186,0.15879631203574104,1.3848033833952844,1.3841954483270407,0.1425762841971535,2.436887741088867,-2.369999886
10/8/2025,11:32:13,21,SURFTRAK,13.567946524064201,5.003957219251333,67.89,3863.00,51.55555555555556,47.6263077,-122.3760129,47.6263083,-122.3759874,23.19281768798828,-32.6965065,47.626309057964846,-122.375981,0.7949197512259458,-2.359999895,VFR_alt,35.15159985,0.13726602088321338,1.3850874453179394,1.3847462272216449,0.12687064262983547,2.4259583950042725,-2.359999895
10/8/2025,11:32:14,21,SURFTRAK,13.56409574468088,5.026223404255323,68.17625526595717,3864.00,51.55555555555556,47.6263058,-122.3760105,47.6263093,-122.3759865,23.30726432800293,-32.63699722,47.62631008731815,-122.3759802,0.803085095,-2.349999905,VFR_alt,35.531782614977054,0.15348713631008534,1.3993149378284693,1.4134228810593557,0.12899374985098264,2.4134411811828613,-2.349999905
10/8/2025,11:32:15,21,SURFTRAK,13.569021052631548,4.670526315789482,63.374468210526196,3865.00,51.583333333333336,47.6262912,-122.376023,47.6263102,-122.3759859,23.399211883544922,-32.58956146,47.62631091431072,-122.3759796,0.8100000023841858,-2.349999905,VFR_alt,36.91460352192699,0.13201381093577336,1.4113636405178962,1.4376663307774105,0.1034625746063561,2.417020320892334,-2.349999905
10/8/2025,11:32:16,21,SURFTRAK,13.58,4.1833689839572274,56.80982326203213,3866.00,51.583333333333336,47.6262892,-122.3760167,47.6263107,-122.3759853,23.456968307495117,-32.54355621,47.62631143378221,-122.375979,0.8031015721234408,-2.329999924,VFR_alt,38.99116382492747,0.10809921182413153,1.3993436483969057,1.4133294898390085,0.073839606,2.3923990726470947,-2.329999924
10/8/2025,11:32:17,21,SURFTRAK,13.595604278074909,3.6012299465240556,48.96,3867.00,51.611111111111114,47.6262841,-122.3760186,47.626311,-122.3759849,23.483360290527344,-32.51430893,47.62631167115637,-122.3759786,0.8138502660919639,-2.329999924,VFR_alt,43.35812451192708,0.090585631,1.4180724333420551,1.4514183395429485,0.039394675,2.391873598098755,-2.329999924
10/8/2025,11:32:18,21,SURFTRAK,13.59601092896175,3.188797814207652,43.35,3868.00,51.611111111111114,47.6262901,-122.3760075,47.6263113,-122.3759844,23.526445388793945,-32.4814949,47.62631205867137,-122.3759781,0.813278676,-2.309999943,VFR_alt,45.015406893205785,0.079815633,1.4170764810074867,1.4494630011183014,0.054157973,2.376884698867798,-2.309999943
10/8/2025,11:32:19,21,SURFTRAK,13.59888297872335,3.2273404255319047,43.88819340425524,3869.00,51.638888888888886,47.6262998,-122.3760019,47.6263118,-122.3759839,23.58589744567871,-32.43930435,47.62631259339367,-122.3759776,0.8153191462476203,-2.319999933,VFR_alt,44.75372691971027,0.096482259,1.4206318457344864,1.4566647471423264,0.072901233,2.384277105331421,-2.319999933
10/8/2025,11:32:20,21,SURFTRAK,13.59081182795701,3.8439247311828066,52.241995161290305,3870.00,51.638888888888886,47.6262951,-122.3760112,47.6263124,-122.3759832,23.651203155517578,-32.38919449,47.62631318076476,-122.3759769,0.8100000023841858,-2.309999943,VFR_alt,45.07338436402425,0.10811377729299249,1.4113636405178964,1.4376663307774105,0.082315455,2.3794820308685303,-2.309999943
10/8/2025,11:32:21,21,SURFTRAK,13.588190751445069,4.496936416184968,61.09166317919096,3872.00,51.666666666666664,47.6262951,-122.3760106,47.626313,-122.3759824,23.71930694580078,-32.32403183,47.626313793302295,-122.375976,0.8031791589852703,-2.309999943,VFR_alt,45.48458785527691,0.11278274999877622,1.3994788376258507,1.4136032070534876,0.094256556,2.3789782524108887,-2.309999943
10/8/2025,11:32:22,21,SURFTRAK,13.57162032085561,4.65,63.12282812834198,3873.00,51.69444444444444,47.6263084,-122.3759981,47.6263137,-122.3759814,23.793190002441406,-32.24552536,47.62631445781956,-122.375975,0.7940641291001264,-2.309999943,VFR_alt,46.37687569271104,0.13180455999737756,1.3835965885835568,1.3817066021134299,0.10780524962862187,2.3784759044647217,-2.309999943
10/8/2025,11:32:23,21,SURFTRAK,13.612877659574476,3.2413297872340476,44.12844542553172,3874.00,51.69444444444444,47.6263142,-122.3759935,47.6263145,-122.3759807,23.879915237426758,-32.20033264,47.62631523784165,-122.3759744,0.8001063573867717,-2.309999943,VFR_alt,40.24142675004566,0.09787589,1.3941247136284671,1.4029212434415268,0.097793907,2.372361421585083,-2.309999943
10/8/2025,11:32:24,21,SURFTRAK,13.606999999999976,2.7005405405405494,36.74625513513526,3874.00,51.69444444444444,47.6263064,-122.3760071,47.6263149,-122.3759805,23.921140670776367,-32.18872452,47.62631560863048,-122.3759742,0.8061081026051495,-2.289999962,VFR_alt,34.91964733038621,0.076618889,1.404582299993818,1.424021451967282,0.042828552,2.352444648742676,-2.289999962
10/8/2025,11:32:25,21,SURFTRAK,13.585358695652163,3.937608695652176,53.481105869565425,3876.00,51.72222222222222,47.6263056,-122.3760065,47.6263157,-122.3759799,24.01273536682129,-32.13611221,47.626316432449364,-122.3759735,0.8128804344197978,-2.299999952,VFR_alt,37.48185243281499,0.1530901676286822,1.4163825751254022,1.4479543862480642,0.10562974461813283,2.366896629333496,-2.299999952
10/8/2025,11:32:26,21,SURFTRAK,13.571273684210507,5.004421052631576,67.91689410526307,3877.00,51.75,47.6263133,-122.3759952,47.6263166,-122.3759789,24.121015548706055,-32.06340027,47.62631740634046,-122.3759726,0.797684174,-2.299999952,VFR_alt,40.29791628409357,0.11445674955060607,1.3899042428347899,1.3943859334837545,0.13042861907424413,2.363351345062256,-2.299999952
10/8/2025,11:32:27,21,SURFTRAK,13.579190476190483,3.78,51.34936941798938,3878.00,51.75,47.6263198,-122.3759907,47.6263176,-122.3759781,24.23675537109375,-32.00468826,47.626318447324884,-122.3759718,0.7950793337569666,-2.279999971,VFR_alt,41.03538663443682,0.16022146079275343,1.385365505788655,1.3854500025082195,0.1297798369921097,2.3453383445739746,-2.279999971
10/8/2025,11:32:28,21,SURFTRAK,13.596313513513508,3.315945945945941,45.08446243243236,3879.00,51.77777777777778,47.6263054,-122.3760085,47.6263186,-122.3759775,24.329023361206055,-31.96370125,47.62631927719949,-122.3759712,0.8045945805472297,-2.299999952,VFR_alt,42.44466274695848,0.10597456431872136,1.401945102468657,1.4186748195787349,0.10096196006002549,2.3600685596466064,-2.299999952
10/8/2025,11:32:29,21,SURFTRAK,13.588741758241735,3.833296703296715,52.07767653846146,3880.00,51.77777777777778,47.6263086,-122.3760005,47.6263189,-122.3759773,24.371219635009766,-31.9470787,47.626319656720234,-122.375971,0.7899999618530273,-2.25,VFR_alt,48.00870886993636,0.068489534,1.376515085046945,1.3675468146698164,0.045352337,2.3173587322235107,-2.25
10/8/2025,11:32:30,21,SURFTRAK,13.575718918918938,4.678648648648655,63.51548172972984,3881.00,51.80555555555556,47.626316,-122.3759929,47.6263198,-122.3759766,24.471426010131836,-31.88826752,47.626320557994084,-122.3759702,0.8096756712810413,-2.269999981,VFR_alt,49.73325681416186,0.16828423287417438,1.410798518141205,1.4366642632679112,0.11618981633078533,2.3307273387908936,-2.269999981
10/8/2025,11:32:31,21,SURFTRAK,13.556755813953531,5.530930232558117,74.97480639534903,3883.00,51.80555555555556,47.626316,-122.3759929,47.6263208,-122.3759752,24.589460372924805,-31.78025436,47.62632161961601,-122.3759688,0.8013371683137361,-2.25999999,VFR_alt,47.52106704154591,0.11382046324569126,1.3962693084254527,1.4071048831901267,0.15999672508335508,2.3296375274658203,-2.25999999
10/8/2025,11:32:32,21,SURFTRAK,13.572217391304353,4.6454891304347905,63.04889043478281,3884.00,51.833333333333336,47.6263343,-122.3759763,47.6263217,-122.375974,24.685903549194336,-31.68591118,47.62632248704298,-122.3759676,0.8067391164924788,-2.24000001,VFR_alt,47.15105477718364,0.15604050676135914,1.4056817938884067,1.4261623134480808,0.13491450213025638,2.302581310272217,-2.24000001
10/8/2025,11:32:33,21,SURFTRAK,13.582925133689884,4.360053475935839,59.22227245989323,3885.00,51.861111111111114,47.6263384,-122.3759762,47.6263229,-122.3759723,24.82581329345703,-31.5653286,47.626323745415945,-122.3759659,0.8098395622987798,-2.25,VFR_alt,47.707033100262834,0.159294167,1.4110840858236282,1.4371846855741481,0.1847021799430279,2.314094305038452,-2.25
10/8/2025,11:32:34,21,SURFTRAK,13.579780748663094,4.213582887700541,57.217013582887844,3886.00,51.861111111111114,47.6263373,-122.3759878,47.626324,-122.3759711,24.946170806884766,-31.47760582,47.626324827932685,-122.3759648,0.7927272396291641,-2.230000019,VFR_alt,47.498705920426694,0.128212683,1.3812671599599105,1.377194105019605,0.1489335988779629,2.294720411300659,-2.230000019
10/8/2025,11:32:35,21,SURFTRAK,13.593661290322617,3.531129032258049,48.00067435483888,3887.00,51.888888888888886,47.6263324,-122.3759934,47.6263251,-122.3759703,25.065034866333008,-31.4143219,47.62632589701704,-122.3759639,0.8021505106520909,-2.220000029,VFR_alt,46.247856414836505,0.15909324089686075,1.3976864958331872,1.4102028061004555,0.13466075595935167,2.284621238708496,-2.220000029
10/8/2025,11:32:36,21,SURFTRAK,13.573000000000004,4.6178947368421275,62.678685263158066,3888.00,51.888888888888886,47.6263289,-122.3759915,47.6263263,-122.3759694,25.19355583190918,-31.35098076,47.62632705295731,-122.3759631,0.8113157783683977,-2.220000029,VFR_alt,43.344440075288546,0.14211203001047434,1.4136562804903894,1.4424558517481452,0.1432820250546862,2.2811169624328613,-2.220000029
10/8/2025,11:32:37,21,SURFTRAK,13.590217391304357,3.320000000000003,45.12,3889.00,51.916666666666664,47.6263302,-122.3759879,47.6263272,-122.3759686,25.301010131835938,-31.28690147,47.62632801942027,-122.3759622,0.8167934741662897,-2.210000038,VFR_alt,44.19790539261698,0.1394282974626707,1.4232007504412592,1.461930612547823,0.1251102765415703,2.278550863265991,-2.210000038
10/8/2025,11:32:38,21,SURFTRAK,13.605224598930494,2.9374331550802277,39.963725614973136,3890.00,51.916666666666664,47.6263338,-122.3759816,47.626328,-122.3759678,25.38397979736328,-31.23300934,47.626328765664105,-122.3759615,0.8094117558576206,-2.190000057,VFR_alt,44.34042248524205,0.10062927744764695,1.4103386655094872,1.435651999720097,0.098935978,2.258458375930786,-2.190000057
10/8/2025,11:32:39,21,SURFTRAK,13.610808510638313,3.5683510638297915,48.57,3891.00,51.94444444444444,47.626333,-122.3759834,47.6263289,-122.3759673,25.48241615,-31.19697762,47.62632965,-122.375961,0.8196808442156366,-2.210000038,VFR_alt,41.293825548967355,0.12549519530953246,1.4282317740120904,1.4723669964278188,0.10482366701260629,2.271286725997925,-2.210000038
10/8/2025,11:32:40,21,SURFTRAK,13.592999999999995,3.863440860215067,52.51575161290327,3892.00,51.94444444444444,47.6263341,-122.3759811,47.6263296,-122.3759665,25.56460952758789,-31.13466454,47.62633039027983,-122.3759602,0.8063440752285783,-2.190000057,VFR_alt,41.960615139957675,0.098103969,1.404993464,1.424975997347208,0.10314393221167646,2.256439685821533,-2.190000057
10/8/2025,11:32:41,21,SURFTRAK,13.602000000000018,2.8282248520710014,38.46951443786969,3893.00,51.94444444444444,47.6263364,-122.375979,47.6263305,-122.3759656,25.660139083862305,-31.06343651,47.62633124948954,-122.3759593,0.807928986,-2.200000048,VFR_alt,43.268917835124164,0.13823738777954903,1.4077550515342763,1.4303600318029648,0.11916093320072833,2.2668492794036865,-2.200000048
10/8/2025,11:32:42,21,SURFTRAK,13.59700000000003,3.1961904761904814,43.45860190476206,3894.00,51.97222222222222,47.626338,-122.3759773,47.6263312,-122.3759647,25.744909286499023,-31.00028801,47.62633201192773,-122.3759584,0.7920634604635692,-2.190000057,VFR_alt,43.487116284494526,0.082591566,1.380110575050162,1.3749193424160393,0.10570581877226527,2.2543458938598633,-2.190000057
10/8/2025,11:32:43,21,SURFTRAK,13.597000000000028,3.1605882352941137,42.97451823529402,3895.00,51.97222222222222,47.6263353,-122.3759836,47.6263322,-122.375964,25.855680465698242,-30.94216919,47.62633300822329,-122.3759577,0.7966309715719784,-2.180000067,VFR_alt,42.191371837839476,0.1644774694095321,1.388069117132996,1.3906496257620284,0.1250921716236189,2.240767478942871,-2.180000067
10/8/2025,11:32:44,21,SURFTRAK,13.577962765957444,4.668617021276581,63.38500558510626,3896.00,52.00,47.6263259,-122.3759897,47.6263334,-122.3759631,25.98254395,-30.8802166,47.62633414925585,-122.3759568,0.7982446348413508,-2.190000057,VFR_alt,39.57653682631818,0.12834869749209982,1.390880803,1.3962717194187764,0.14118238553130988,2.2536051273345947,-2.190000057
10/8/2025,11:32:45,21,SURFTRAK,13.58917460317458,3.308095238095251,44.954312063492154,3897.00,52.00,47.6263267,-122.3759842,47.6263341,-122.3759625,26.063318252563477,-30.83639145,47.62633487575424,-122.3759562,0.8036507718146794,-2.159999847,VFR_alt,42.79534858179939,0.12372872351653992,1.4003005872528496,1.4153226513440902,0.091897402,2.2282979488372803,-2.159999847
10/8/2025,11:32:46,21,SURFTRAK,13.59845945945949,3.38,46.02319210810815,3898.00,52.02777777777778,47.6263264,-122.375983,47.6263349,-122.3759617,26.150346755981445,-30.77590942,47.62633565850398,-122.3759554,0.806432428,-2.159999847,VFR_alt,46.255345957737305,0.13286384573659382,1.405147412,1.4251585252014636,0.10598129916636881,2.225888252258301,-2.159999847
10/8/2025,11:32:47,21,SURFTRAK,13.596680851063857,3.626223404255327,49.304266010638464,3899.00,52.02777777777778,47.6263265,-122.3759822,47.6263356,-122.3759609,26.234947204589844,-30.71529579,47.626336419415374,-122.3759546,0.7907446524564256,-2.139999866,VFR_alt,45.92521257363571,0.12734461765974125,1.3778126520074094,1.370339502139679,0.10407328337993181,2.206038236618042,-2.139999866
10/8/2025,11:32:48,21,SURFTRAK,13.566968586387441,4.804031413612557,65.18,3900.00,52.05555555555556,47.6263261,-122.3759822,47.6263366,-122.3759598,26.336868286132812,-30.62944221,47.62633734,-122.3759535,0.8108900429690695,-2.129999876,VFR_alt,45.74241944575961,0.14482083042878754,1.412914468809739,1.440925601233708,0.13326193563140906,2.1995339393615723,-2.129999876
10/8/2025,11:32:49,21,SURFTRAK,13.56666666666671,4.790000000000026,64.98,3901.00,52.083333333333336,47.6263257,-122.3759809,47.6263374,-122.3759586,26.432924270629883,-30.54105949,47.6263382,-122.3759523,0.8000546149868782,-2.119999886,VFR_alt,45.49613619086741,0.15503423713921197,1.3940345564165313,1.4027095063562165,0.13053067654671693,2.1867501735687256,-2.119999886
10/8/2025,11:32:50,21,SURFTRAK,13.573111702127667,4.660585106382987,63.25858409574449,3903.00,52.083333333333336,47.6263212,-122.3759828,47.6263383,-122.3759577,26.529706954956055,-30.46906853,47.62633907053665,-122.3759514,0.8023404123935294,-2.119999886,VFR_alt,45.533970182617466,0.16267958077344488,1.3980173852311515,1.4108120480128048,0.12062167005031971,2.1848647594451904,-2.119999886
10/8/2025,11:32:51,21,SURFTRAK,13.580965116279096,4.233081395348818,57.48942709302331,3904.00,52.111111111111114,47.6263208,-122.375982,47.6263391,-122.3759567,26.614322662353516,-30.4000206,47.626339831585284,-122.3759504,0.8006394994120265,-2.109999895,VFR_alt,45.53606021,0.1511798677749412,1.3950536732179286,1.404709836912608,0.10921279357127352,2.1769964694976807,-2.109999895
10/8/2025,11:32:52,21,SURFTRAK,13.571157608695659,5.259999999999993,71.38428902173911,3905.00,52.138888888888886,47.6263223,-122.3759772,47.6263397,-122.3759555,26.68358803,-30.3027668,47.62634045457021,-122.3759491,0.7971738806885221,-2.089999914,VFR_alt,45.42864393510953,0.1623825863327669,1.3890150951390954,1.392634041453895,0.11939846053028598,2.160341978,-2.089999914
10/8/2025,11:32:53,21,SURFTRAK,13.57103174603174,4.638201058201073,62.94509619047597,3907.00,52.138888888888886,47.6263223,-122.3759772,47.6263405,-122.3759542,26.77075768,-30.20376587,47.62634123858942,-122.3759478,0.8011110850742885,-2.079999924,VFR_alt,45.38462853853585,0.1596755847413704,1.3958753755082312,1.4064255454390897,0.1319080425615568,2.1445627212524414,-2.079999924
10/8/2025,11:32:54,21,SURFTRAK,13.56911052631576,4.580736842105271,62.15652552631566,3908.00,52.166666666666664,47.6263393,-122.3759571,47.6263416,-122.3759527,26.899059295654297,-30.09586525,47.62634239255686,-122.3759464,0.8011052338700545,-2.079999924,VFR_alt,45.240070880114374,0.1790359253161832,1.395865180228129,1.406381215072807,0.16764202787077287,2.147183895111084,-2.079999924
10/8/2025,11:32:55,21,SURFTRAK,13.571870967741974,4.609838709677413,62.56405290322579,3909.00,52.166666666666664,47.6263479,-122.3759517,47.6263426,-122.3759511,27.007949829101562,-29.97805595,47.626343371937544,-122.3759448,0.7991935309543404,-2.059999943,VFR_alt,45.29605767460705,0.15096773287301424,1.392534182723474,1.3998769608034023,0.16042499311825326,2.1248605251312256,-2.059999943
10/8/2025,11:32:56,21,SURFTRAK,13.575416216216205,4.386918918918926,59.554317837838106,3910.00,52.19444444444444,47.6263539,-122.3759504,47.6263438,-122.3759497,27.146133422851562,-29.87021446,47.626344614785204,-122.3759434,0.8102702653085864,-2.059999943,VFR_alt,45.57449544119784,0.1833999033715274,1.4118345531892003,1.4389443254038554,0.17528403496490405,2.12135911,-2.059999943
10/8/2025,11:32:57,21,SURFTRAK,13.569290322580615,4.015483870967756,54.48714000000006,3912.00,52.22222222222222,47.6263345,-122.3759771,47.6263447,-122.3759487,27.24295997619629,-29.79606819,47.62634548566033,-122.3759424,0.8033870702148765,-2.049999952,VFR_alt,42.295929947374255,0.13030374891334964,1.3998411071925896,1.4144851314803546,0.12195511837984135,2.1158969402313232,-2.049999952
10/8/2025,11:32:58,21,SURFTRAK,13.596502732240463,3.4335519125682974,46.68423256830615,3912.00,52.22222222222222,47.6263308,-122.3759785,47.6263453,-122.3759481,27.30768585205078,-29.75437737,47.62634607,-122.3759419,0.8084699400787145,-2.029999971,VFR_alt,36.236455059403895,0.13483950108941137,1.4086976228644237,1.4322684530651424,0.076990675,2.090188742,-2.029999971
10/8/2025,11:32:59,21,SURFTRAK,13.585951871657713,3.9065240641711294,53.070869946524255,3914.00,52.25,47.6263276,-122.3759753,47.6263461,-122.3759473,27.399459838867188,-29.69037628,47.62634689324775,-122.375941,0.8118716583532446,-2.029999971,VFR_alt,36.37448993738659,0.1611369390857411,1.4146248592518624,1.4443513350384332,0.11188656456083816,2.0986578464508057,-2.029999971
10/8/2025,11:33:00,21,SURFTRAK,13.574999999999994,4.4582608695652075,60.52,3915.00,52.25,47.6263284,-122.3759717,47.6263469,-122.3759464,27.488243103027344,-29.6270256,47.62634769178011,-122.3759402,0.7967391052971715,-2.019999981,VFR_alt,36.91615471005177,0.13709976273062435,1.3882575319571964,1.3914169814426867,0.1090677602841636,2.0870635509490967,-2.019999981
10/8/2025,11:33:01,21,SURFTRAK,13.571930232558154,4.602790697674394,62.468714418604534,3916.00,52.27777777777778,47.6263269,-122.3759674,47.6263478,-122.3759455,27.587154388427734,-29.56067848,47.62634858140569,-122.3759393,0.7921511364537616,-2.00999999,VFR_alt,36.77551422,0.18663540404549864,1.3802633438209517,1.3752531077885009,0.11910240552889141,2.0765321254730225,-2.00999999
10/8/2025,11:33:02,21,SURFTRAK,13.571398936170214,4.542234042553196,61.64163755319133,3917.00,52.27777777777778,47.6263277,-122.3759664,47.626349,-122.3759447,27.72007179260254,-29.49699593,47.626349776888304,-122.3759384,0.7932446503892858,-2.029999971,VFR_alt,33.84808865006104,0.15223056046252556,1.382168709011638,1.3790869331419375,0.14738556337262074,2.0986380577087402,-2.029999971
10/8/2025,11:33:03,21,SURFTRAK,13.563027027027083,4.890270270270253,66.33,3919.00,52.30555555555556,47.6263297,-122.375963,47.6263499,-122.3759439,27.817066192626953,-29.44350624,47.626350649273085,-122.3759377,0.7749729491568901,-1.9799999,VFR_alt,31.970142373938266,0.1640379493300979,1.3503316538339785,1.3164402634015318,0.11076578913980437,2.0475451946258545,-1.9799999
10/8/2025,11:33:04,21,SURFTRAK,13.56399999999997,5.0784946236559065,68.88349505376318,3920.00,52.333333333333336,47.6263288,-122.3759645,47.626351,-122.3759429,27.939443588256836,-29.36148453,47.62635174995701,-122.3759366,0.796774149,-1.99000001,VFR_alt,32.13540628781434,0.19015398942014222,1.3883185928518156,1.3911484637746845,0.1473220567557332,2.055259943008423,-1.99000001
10/8/2025,11:33:05,21,SURFTRAK,13.570005405405386,4.666216216216233,63.32062427027014,3921.00,52.333333333333336,47.626332,-122.3759589,47.6263521,-122.3759419,28.06251335144043,-29.2875843,47.62635286,-122.3759356,0.7884323957804087,-1.969999909,VFR_alt,32.20131254465356,0.16960605270153767,1.3737837199204126,1.3622914199587215,0.14355281096778014,2.0321457386016846,-1.969999909
10/8/2025,11:33:06,21,SURFTRAK,13.569189473684192,4.89,66.39678600000012,3923.00,52.361111111111114,47.6263329,-122.3759588,47.626353,-122.3759411,28.166208267211914,-29.22631836,47.626353789518596,-122.3759348,0.7961578507172434,-1.959999919,VFR_alt,32.070575701377955,0.16158495772826045,1.3872447398861092,1.3890012460741672,0.12044148631948622,2.024991512298584,-1.959999919
10/8/2025,11:33:07,21,SURFTRAK,13.574940540540533,4.64,63.03687037837819,3924.00,52.388888888888886,47.6263482,-122.375941,47.6263543,-122.3759399,28.311805725097656,-29.13368416,47.626355099047856,-122.3759336,0.7867567217027819,-1.929999948,VFR_alt,32.142443845676105,0.190523059,1.3708639847851538,1.3563893170364518,0.17256800093564886,1.996916651725769,-1.929999948
10/8/2025,11:33:08,21,SURFTRAK,13.569957219251316,4.759732620320861,64.59,3925.00,52.388888888888886,47.6263437,-122.3759554,47.6263556,-122.3759389,28.461118698120117,-29.06108093,47.62635644199512,-122.3759326,0.7968983509961296,-1.939999938,VFR_alt,32.447859419852655,0.17593498153482529,1.3885350055235626,1.3915811907254234,0.16602888994393136,2.005277395248413,-1.939999938
10/8/2025,11:33:09,21,SURFTRAK,13.599978723404208,3.5226595744680966,47.90809425531898,3926.00,52.416666666666664,47.6263474,-122.3759487,47.6263566,-122.3759381,28.565052032470703,-29.00432396,47.62635737678988,-122.3759319,0.7977127315516167,-1.899999976,VFR_alt,32.26491977,0.13165524815942378,1.389954002,1.394591039942619,0.11842082588639724,1.9679392576217651,-1.899999976
10/8/2025,11:33:10,21,SURFTRAK,13.584451086956493,4.101032608695652,55.70367815217395,3928.00,52.416666666666664,47.6263407,-122.3759589,47.6263577,-122.3759373,28.69088363647461,-28.94236183,47.626358508541564,-122.3759311,0.8071195421659428,-1.909999967,VFR_alt,32.21600405773109,0.20772218493663747,1.4063446568042957,1.427585390291444,0.14026010777664435,1.973392367362976,-1.909999967
10/8/2025,11:33:11,21,SURFTRAK,13.571662790697706,4.708953488372107,63.90712395348821,3929.00,52.44444444444444,47.6263324,-122.3759618,47.6263589,-122.3759367,28.81734848022461,-28.89734268,47.62635964598871,-122.3759305,0.7938953156388083,-1.899999976,VFR_alt,32.194874381081256,0.13716309803516366,1.3833024439161088,1.3814292958447063,0.13423889358770286,1.9712600708007812,-1.899999976
10/8/2025,11:33:12,21,SURFTRAK,13.575079787234035,4.220319148936176,57.29116994680827,3930.00,52.47222222222222,47.6263317,-122.3759603,47.6263595,-122.3759358,28.887178421020508,-28.83198357,47.62636027405153,-122.3759296,0.7952127228391931,-1.870000005,VFR_alt,32.846483061533284,0.16796229676680363,1.3855979261592035,1.3857666446452102,0.095645359,1.9358880519866943,-1.870000005
10/8/2025,11:33:13,21,SURFTRAK,13.582532258064536,4.208817204301095,57.166347043010866,3931.00,52.47222222222222,47.6263344,-122.3759519,47.6263603,-122.3759348,28.97629737854004,-28.7551651,47.626361075603164,-122.3759286,0.7931182384490967,-1.870000005,VFR_alt,33.245046017778265,0.16894761168508118,1.3819484457825202,1.378561859913528,0.11765740663731315,1.9334572553634644,-1.870000005
10/8/2025,11:33:14,21,SURFTRAK,13.581278074866283,4.255721925133669,57.79858064171137,3932.00,52.50,47.6263355,-122.375951,47.626361,-122.3759339,29.056421279907227,-28.68614769,47.626361796251686,-122.3759276,0.7615507911233341,-1.849999905,VFR_alt,34.05131072122171,0.14046765170632836,1.3269445602906613,1.271055430575671,0.105750851,1.9204946756362915,-1.849999905
10/8/2025,11:33:15,21,SURFTRAK,13.579158730158737,3.9033333333333387,53.00,3934.00,52.50,47.626336,-122.3759511,47.6263617,-122.3759329,29.129426956176758,-28.61288834,47.626362452877636,-122.3759267,0.773544951,-1.829999924,VFR_alt,34.993540193226025,0.16192155910862815,1.3478434753853785,1.3113620974418632,0.10342515005057763,1.8991202116012573,-1.829999924
10/8/2025,11:33:16,21,SURFTRAK,13.595064171123006,3.515401069518728,47.79192727272709,3934.00,52.52777777777778,47.6263321,-122.3759561,47.6263623,-122.3759322,29.19219970703125,-28.56033707,47.62636301746684,-122.375926,0.7713368780472699,-1.819999933,VFR_alt,35.731482451168695,0.12334912405772643,1.3439960753853981,1.3040304877280755,0.081866075,1.886491298675537,-1.819999933
10/8/2025,11:33:17,21,SURFTRAK,13.590478723404228,3.5295212765957333,47.966906010638304,3935.00,52.52777777777778,47.6263374,-122.3759464,47.6263628,-122.3759314,29.25005340576172,-28.5042057,47.626363537813226,-122.3759252,0.7604255219723316,-1.789999962,VFR_alt,36.31487617395426,0.1508274303868096,1.3249838640427023,1.267291125134376,0.080608811,1.8567723035812378,-1.789999962
10/8/2025,11:33:18,21,SURFTRAK,13.563097297297352,4.950756756756773,67.14759745945963,3937.00,52.55555555555556,47.6263399,-122.3759473,47.6263634,-122.3759305,29.324474334716797,-28.43534851,47.62636421,-122.3759243,0.7716756550041405,-1.769999981,VFR_alt,36.74102989685163,0.1418402033883172,1.344586368567824,1.3051133897274105,0.10138928786333706,1.837579607963562,-1.769999981
10/8/2025,11:33:19,21,SURFTRAK,13.574074866310163,4.6380213903743535,62.956210481283286,3938.00,52.583333333333336,47.6263406,-122.3759468,47.6263643,-122.3759295,29.425148010253906,-28.35687828,47.62636511264502,-122.3759233,0.7621925017412972,-1.730000019,VFR_alt,36.46233937392783,0.17424665032861067,1.328062692428021,1.2733521189840666,0.12764311951098892,1.800202488899231,-1.730000019
10/8/2025,11:33:20,21,SURFTRAK,13.586297872340404,3.7208510638298042,50.545930638298024,3939.00,52.583333333333336,47.6263531,-122.3759319,47.6263651,-122.3759284,29.515907287597656,-28.2714119,47.626365928949994,-122.3759221,0.7650531771335196,-1.709999919,VFR_alt,36.4198794,0.1248642623107484,1.3330472025811362,1.2827987279475337,0.12466655273059975,1.7739001512527466,-1.709999919
10/8/2025,11:33:21,21,SURFTRAK,13.584104651162782,3.735116279069769,50.73,3940.00,52.611111111111114,47.6263544,-122.3759343,47.626366,-122.3759273,29.609689712524414,-28.19124031,47.626366772445685,-122.3759211,0.7862208956895873,-1.679999948,VFR_alt,36.42438817423289,0.16384554455100103,1.3699303485500418,1.3546682523938236,0.12338000761819123,1.743206501,-1.679999948
10/8/2025,11:33:22,21,SURFTRAK,13.584604278074874,3.95,53.657733529411765,3941.00,52.611111111111114,47.6263556,-122.3759344,47.6263669,-122.3759262,29.70560646057129,-28.11431885,47.62636763513785,-122.37592,0.7801603990442613,-1.659999967,VFR_alt,36.25587970295358,0.12650434820250395,1.3593703922740952,1.3339964139717895,0.12295094154946985,1.7224985361099243,-1.659999967
10/8/2025,11:33:23,21,SURFTRAK,13.589540540540549,3.74,50.76235378378382,3942.00,52.638888888888886,47.6263548,-122.3759368,47.6263675,-122.3759252,29.780595779418945,-28.03572845,47.62636830960504,-122.375919,0.7925405102807123,-1.620000005,VFR_alt,36.29935885236772,0.13519719404143257,1.3809417982163936,1.376651700649949,0.1086271044609387,1.6870346069335938,-1.620000005
10/8/2025,11:33:24,21,SURFTRAK,13.593085561497322,3.227486631016034,43.871487593582884,3943.00,52.638888888888886,47.6263507,-122.37594,47.6263682,-122.3759244,29.857410430908203,-27.98004723,47.62636900048958,-122.3759182,0.7979144205384076,-1.599999905,VFR_alt,36.09675616493344,0.12203428069537973,1.3903054297260145,1.395472769656053,0.09487302,1.6639981269836426,-1.599999905
10/8/2025,11:33:25,21,SURFTRAK,13.59664324324325,3.0976756756756747,42.11785399999991,3944.00,52.638888888888886,47.6263505,-122.3759394,47.6263689,-122.3759237,29.932010650634766,-27.92537498,47.62636967145714,-122.3759175,0.7885405037854168,-1.579999924,VFR_alt,35.79269514283657,0.14423180512479833,1.373972089929139,1.3626041142138718,0.092489171,1.6493638753890991,-1.579999924
10/8/2025,11:33:26,21,SURFTRAK,13.595575268817251,3.0826881720430057,41.91,3945.00,52.666666666666664,47.6263504,-122.3759383,47.6263694,-122.375923,29.992271423339844,-27.87623596,47.62637021345318,-122.3759169,0.7786558866500854,-1.559999943,VFR_alt,35.91250337752908,0.093753391,1.3567488934054555,1.3291732229249076,0.077756056,1.6257721185684204,-1.559999943
10/8/2025,11:33:27,21,SURFTRAK,13.605000000000016,2.9531550802139006,40.17767486631031,3946.00,52.666666666666664,47.6263416,-122.3759444,47.6263698,-122.3759227,30.02738380432129,-27.85422134,47.626370529260136,-122.3759166,0.7887700273391397,-1.529999971,VFR_alt,35.55916461303799,0.13034472761944654,1.3743720173333505,1.3636155314977683,0.041443005,1.5970046520233154,-1.529999971
10/8/2025,11:33:28,21,SURFTRAK,13.598578947368368,3.2018421052631623,43.54043657894724,3947.00,52.69444444444444,47.6263491,-122.3759304,47.6263703,-122.3759222,30.08391761779785,-27.81682396,47.626371037735254,-122.3759161,0.7950525995932127,-1.519999981,VFR_alt,34.803466624357256,0.11883444252767061,1.3853189235336292,1.3853073353424437,0.067783748,1.5850539207458496,-1.519999981
10/8/2025,11:33:29,21,SURFTRAK,13.601145945945948,3.037837837837846,41.31783524324344,3947.00,52.69444444444444,47.6263546,-122.3759264,47.6263708,-122.3759218,30.139291763305664,-27.78238297,47.626371535780116,-122.3759156,0.7711351149790996,-1.5,VFR_alt,35.048002848124945,0.088218406,1.343644518524192,1.3031187798701243,0.065211027,1.5618863105773926,-1.5
10/8/2025,11:33:30,21,SURFTRAK,13.596005347593586,3.1911229946524036,43.38652566844937,3948.00,52.72222222222222,47.6263548,-122.3759271,47.6263714,-122.375921,30.214942932128906,-27.71996498,47.626372216200096,-122.3759148,0.781390344,-1.469999909,VFR_alt,35.28463721262438,0.1456173088222264,1.3615134788707013,1.3380988153146796,0.098077031,1.535460114479065,-1.469999909
10/8/2025,11:33:31,21,SURFTRAK,13.595074285714285,3.3803999999999945,45.95654262857153,3949.00,52.72222222222222,47.6263604,-122.3759207,47.6263721,-122.3759202,30.28693199157715,-27.66263199,47.62637286368241,-122.375914,0.7934856929097857,-1.459999919,VFR_alt,35.071458133347896,0.086648466,1.3825887073428094,1.380487653436081,0.092029869,1.5259987115859985,-1.459999919
10/8/2025,11:33:32,21,SURFTRAK,13.596119565217384,3.370108695652167,45.82024076086979,3950.00,52.72222222222222,47.6263596,-122.3759235,47.626373,-122.3759195,30.38596534729004,-27.6113224,47.62637375440591,-122.3759133,0.7655434634374536,-1.409999967,VFR_alt,35.08237121169788,0.15162217572493397,1.3339014893228391,1.284689802382332,0.11153599918973855,1.4780073165893555,-1.409999967
10/8/2025,11:33:33,21,SURFTRAK,13.600874345549801,3.2927748691099463,44.78460125654439,3951.00,52.75,47.6263647,-122.37592,47.6263739,-122.3759186,30.487350463867188,-27.54308319,47.626374666281556,-122.3759124,0.7773821728391798,-1.419999957,VFR_alt,35.06792474376898,0.11456359207084042,1.3545295435834226,1.3248086842157971,0.12221101391721727,1.4920437335968018,-1.419999957
10/8/2025,11:33:34,21,SURFTRAK,13.543810810810836,3.0232972972972996,40.96336859459454,3952.00,52.75,47.6263591,-122.3759282,47.6263743,-122.3759179,30.533334732055664,-27.49288177,47.62637507987218,-122.3759118,0.7852432202648472,-1.370000005,VFR_alt,34.689371822152474,0.094212409,1.368226823,1.3519002976869916,0.068078889,1.4330379962921143,-1.370000005
10/8/2025,11:33:35,21,SURFTRAK,13.59377297297291,3.262810810810816,44.35266594594591,3953.00,52.77777777777778,47.626353,-122.3759303,47.6263747,-122.3759169,30.576061248779297,-27.41280937,47.62637546416202,-122.3759107,0.8149729603045696,-1.370000005,VFR_alt,34.406566898109574,0.16168205399770993,1.4200286429549307,1.455504078105725,0.090758718,1.4338772296905518,-1.370000005
10/8/2025,11:33:36,21,SURFTRAK,13.58322340425533,4.139468085106382,56.225418723404104,3954.00,52.77777777777778,47.6263513,-122.3759306,47.6263753,-122.3759159,30.641321182250977,-27.34072685,47.62637605112138,-122.3759097,0.8030850649514096,-1.360000014,VFR_alt,34.12233431478828,0.11757916624241686,1.3993148859001847,1.4133388563648355,0.097235531,1.4253343343734741,-1.360000014
10/8/2025,11:33:37,21,SURFTRAK,13.592192708333362,3.693125000000006,50.19763364583347,3955.00,52.80555555555556,47.6263495,-122.3759311,47.6263759,-122.375915,30.70790672302246,-27.27092361,47.62637665,-122.3759088,0.7941145530591408,-1.309999943,VFR_alt,34.37426180203726,0.12084633391350508,1.383684448512143,1.3821059704858014,0.096468266,1.3823859691619873,-1.309999943
10/8/2025,11:33:38,21,SURFTRAK,13.59749999999997,3.342500000000003,45.44967456521722,3956.00,52.80555555555556,47.6263436,-122.3759369,47.6263766,-122.375914,30.793373107910156,-27.20151138,47.626377418703264,-122.3759079,0.788260845,-1.319999933,VFR_alt,34.50520751302878,0.1625706597595759,1.3734848052263295,1.3618734798936918,0.11010250142476012,1.3814231157302856,-1.319999933
10/8/2025,11:33:39,21,SURFTRAK,13.594000000000038,3.412934782608703,46.39543543478274,3957.00,52.833333333333336,47.6263455,-122.3759291,47.6263769,-122.3759134,30.822473526000977,-27.15568733,47.62637768043756,-122.3759073,0.7523369542930437,-1.299999952,VFR_alt,34.46734324574688,0.080794362,1.310890147631822,1.240613958345517,0.054283312115701206,1.3741872310638428,-1.299999952
10/8/2025,11:33:40,21,SURFTRAK,13.590129032258062,3.4156989247311715,46.41948967741952,3958.00,52.833333333333336,47.6263607,-122.375908,47.6263775,-122.3759123,30.88987159729004,-27.07058144,47.62637828662772,-122.3759061,0.7908064325650533,-1.279999971,VFR_alt,34.696895337354206,0.18010694621711648,1.3779202991663795,1.3713391233810819,0.1085611051287867,1.340043067932129,-1.279999971
10/8/2025,11:33:41,21,SURFTRAK,13.593546511627915,3.6396511627907016,49.47538627906973,3959.00,52.861111111111114,47.6263553,-122.3759203,47.626378,-122.3759113,30.941242218017578,-26.99776077,47.62637874866415,-122.3759052,0.7706976643828458,-1.25999999,VFR_alt,34.42064099208362,0.081761695,1.3428822940004166,1.3027349007283777,0.08911672,1.3320783376693726,-1.25999999
10/8/2025,11:33:42,21,SURFTRAK,13.590809523809469,4.110000000000011,55.85822714285723,3960.00,52.861111111111114,47.6263763,-122.3758933,47.6263787,-122.3759099,31.022850036621094,-26.88765907,47.62637948265928,-122.3759037,0.7704761819864707,-1.199999928,VFR_alt,34.54774469608504,0.17037272748966065,1.3424963777036998,1.3028430106072117,0.1370482410046984,1.2671083211898804,-1.199999928
10/8/2025,11:33:43,21,SURFTRAK,13.589787234042541,3.7432978723404435,50.86571808510623,3961.00,52.888888888888886,47.6263763,-122.3758933,47.6263801,-122.3759084,31.176347732543945,-26.77736282,47.62638086324468,-122.3759022,0.7725531769559738,-1.209999919,VFR_alt,34.36513375224614,0.17873571892368031,1.346115384089958,1.3089944208071627,0.1890153572677303,1.2702677249908447,-1.209999919
10/8/2025,11:33:44,21,SURFTRAK,13.570026455026449,4.8358730158730205,65.62295396825407,3962.00,52.888888888888886,47.6263814,-122.3758974,47.6263812,-122.3759069,31.30198860168457,-26.66427612,47.62638199328084,-122.3759007,0.7451322611677583,-1.169999957,VFR_alt,34.297553168274874,0.12814820329190563,1.298336515671096,1.216950238865069,0.16903913693193734,1.2431869506835938,-1.169999957
10/8/2025,11:33:45,21,SURFTRAK,13.574999999999996,4.62,62.76721978021994,3964.00,52.916666666666664,47.6263785,-122.3759006,47.6263823,-122.3759054,31.420391082763672,-26.5535717,47.62638305821367,-122.3758993,0.8023626182105515,-1.120000005,VFR_alt,34.24828092444298,0.1918901891171277,1.398056077185051,1.4118277950141807,0.16209446805919203,1.1905890703201294,-1.120000005
10/8/2025,11:33:46,21,SURFTRAK,13.581510638297878,4.857021276595727,65.96417914893635,3965.00,52.94444444444444,47.6263735,-122.3759065,47.6263835,-122.3759042,31.56293487548828,-26.46561432,47.62638434027772,-122.3758981,0.81510636,-1.129999995,VFR_alt,34.394200021897866,0.1626484492357741,1.4202610810655396,1.4564595374221008,0.16749696692230345,1.1947335004806519,-1.129999995
10/8/2025,11:33:47,21,SURFTRAK,13.596957446808535,3.4061170212765965,46.312823776595536,3966.00,52.94444444444444,47.6263696,-122.3759068,47.6263842,-122.3759034,31.632436752319336,-26.40291595,47.62638496538987,-122.3758973,0.7807978429692857,-1.100000024,VFR_alt,32.546640717929414,0.10683882874535754,1.3604810900222437,1.3363509495944752,0.093603396,1.1705656051635742,-1.100000024
10/8/2025,11:33:48,21,SURFTRAK,13.59298369565217,3.764347826086941,51.16871429347815,3967.00,52.97222222222222,47.6263679,-122.3759082,47.6263848,-122.3759024,31.706174850463867,-26.33145332,47.62638562860334,-122.3758963,0.7946195226648579,-1.069999933,VFR_alt,31.64973352709222,0.16871840482496697,1.3845643197948316,1.3836416245537007,0.1026850270470657,1.128188133239746,-1.069999933
10/8/2025,11:33:49,21,SURFTRAK,13.594691891891845,3.630378378378362,49.351763243243084,3968.00,52.97222222222222,47.6263643,-122.3759114,47.6263856,-122.3759018,31.790613174438477,-26.28187752,47.62638638805653,-122.3758957,0.770216197,-1.049999952,VFR_alt,28.837927346636462,0.093974689,1.342043373450018,1.3006278856793525,0.097916245,1.1209986209869385,-1.049999952
10/8/2025,11:33:50,21,SURFTRAK,13.597031578947357,3.2927368421052536,44.77135010526319,3969.00,53.00,47.6263673,-122.3759003,47.6263862,-122.3759013,31.85968017578125,-26.24324417,47.626387009257336,-122.3758951,0.7869999854188217,-1.039999962,VFR_alt,25.185324017726575,0.15323137088041555,1.3712878533812787,1.3591844684876584,0.079137767,1.1002649068832397,-1.039999962
10/8/2025,11:33:51,21,SURFTRAK,13.600462857142904,3.006514285714276,40.889908799999986,3970.00,53.00,47.626367,-122.3759015,47.6263868,-122.3759006,31.927080154418945,-26.19142723,47.626387615464644,-122.3758945,0.8103428275244576,-1.00999999,VFR_alt,25.55755746478902,0.11376356899738312,1.4119609873532237,1.4393190315883149,0.085016189,1.0725910663604736,-1.00999999
10/8/2025,11:33:52,21,SURFTRAK,13.599527472527464,3.412967032967025,46.41386131868122,3971.00,53.00,47.6263691,-122.3758979,47.6263874,-122.3758998,31.98766326904297,-26.1434803,47.62638816035988,-122.3758938,0.8127472417040186,-1.019999981,VFR_alt,26.20194036707754,0.11235102139167734,1.4161504969085164,1.447558123831554,0.077260739,1.087483286857605,-1.019999981
10/8/2025,11:33:53,21,SURFTRAK,13.596523809523807,3.2782539682539618,44.57,3972.00,53.02777777777778,47.6263762,-122.3758885,47.6263881,-122.3758991,32.07287598,-26.07675171,47.62638892677802,-122.3758929,0.7878306517525325,-0.969999969,VFR_alt,25.79619415775876,0.14557186071637762,1.3727352265385069,1.3604757553578253,0.10823082048240378,1.0347728729248047,-0.969999969
10/8/2025,11:33:54,21,SURFTRAK,13.597128342246014,3.2111764705882324,43.66270914438522,3972.00,53.02777777777778,47.6263807,-122.3758837,47.626389,-122.3758978,32.165889739990234,-25.99191666,47.62638976336023,-122.3758918,0.7327807242857581,-1.019999981,VFR_alt,24.135428426002576,0.12271283993268395,1.276814898376696,1.179876763489067,0.12589100967905278,1.077850580215454,-1.019999981
10/8/2025,11:33:55,21,SURFTRAK,13.60639344262297,2.829562841530056,38.500342622950946,3973.00,53.05555555555556,47.6263831,-122.3758864,47.6263897,-122.3758967,32.243770599365234,-25.89978409,47.62639046383443,-122.3758906,0.6759562544483956,-1,VFR_alt,23.001397507027196,0.11316876638619626,1.177802564569177,1.0015766438283382,0.12063929048814666,1.0652207136154175,-1
10/8/2025,11:33:56,21,SURFTRAK,13.598331550802117,3.1336363636363656,42.61077818181815,3974.00,53.05555555555556,47.6263846,-122.3758843,47.6263904,-122.3758959,32.328224182128906,-25.83797455,47.626391223424875,-122.3758897,0.6674866093033776,-1.019999981,VFR_alt,22.23243786367979,0.13935665391823826,1.1630448495437657,0.9775066843250797,0.10465575402853111,1.0805103778839111,-1.019999981
10/8/2025,11:33:57,21,SURFTRAK,13.600023121387238,3.061040462427738,41.63021872832387,3975.00,53.083333333333336,47.6263848,-122.375885,47.6263912,-122.3758947,32.412933349609375,-25.75018692,47.62639198531409,-122.3758886,0.5089017245810845,-1.00999999,VFR_alt,22.17573399004879,0.096107608,0.8867227019215893,0.5749585924025299,0.1219930765069084,1.0765206813812256,-1.00999999
10/8/2025,11:33:58,21,SURFTRAK,13.598983695652207,3.166847826086959,43.06486885869564,3976.00,53.083333333333336,47.6263827,-122.3758865,47.6263921,-122.3758935,32.51142501831055,-25.66060448,47.62639287116555,-122.3758874,0.5224456255850585,-1.049999952,VFR_alt,22.376997744588685,0.14332276096810465,0.9103219233679087,0.5990311452569361,0.1331376090363137,1.1118884086608887,-1.049999952
10/8/2025,11:33:59,21,SURFTRAK,13.591109890109834,3.50,47.52698593406596,3977.00,53.111111111111114,47.6263801,-122.3758898,47.6263926,-122.3758927,32.56559371948242,-25.60294533,47.62639335836841,-122.3758866,0.489340651,-1,VFR_alt,22.393197061271508,0.089667974,0.8526390122545613,0.526509325,0.07911274,1.0647176504135132,-1
10/8/2025,11:34:00,21,SURFTRAK,13.601021739130495,2.704293478260865,36.781152989130526,3978.00,53.111111111111114,47.626377,-122.3758921,47.6263934,-122.375892,32.66084289550781,-25.54968834,47.62639421505632,-122.3758859,0.5932608528629594,-1.049999952,VFR_alt,22.023982164260474,0.17220185348845046,1.0337120921096994,0.773323304,0.10912704687798272,1.1068599224090576,-1.049999952
10/8/2025,11:34:01,21,SURFTRAK,13.602925287356314,2.810919540229882,38.236902183907986,3979.00,53.111111111111114,47.6263724,-122.3758946,47.626394,-122.3758915,32.72486877441406,-25.51021004,47.62639479091639,-122.3758854,0.5934482463474932,-1.039999962,VFR_alt,22.021306337278162,0.056311536494685316,1.0340386110600237,0.771758857,0.075218678,1.1053006649017334,-1.039999962
10/8/2025,11:34:02,21,SURFTRAK,13.592115384615436,3.61,49.10734648351629,3980.00,53.138888888888886,47.6263912,-122.3758683,47.6263946,-122.375891,32.79203414916992,-25.47079277,47.62639539501364,-122.3758849,0.5901648087815924,-1,VFR_alt,22.18995821502815,0.14766121156268067,1.0283174698467117,0.7633463748009286,0.077877522,1.0672588348388672,-1
10/8/2025,11:34:03,21,SURFTRAK,13.59027567567567,3.4475675675675785,46.85,3981.00,53.138888888888886,47.6263921,-122.3758689,47.6263958,-122.3758897,32.925140380859375,-25.37464333,47.626396592194595,-122.3758836,0.5960540220544145,-1.039999962,VFR_alt,22.062201283596675,0.14284871381682318,1.0385789778220833,0.778553584,0.16420104934994748,1.1037691831588745,-1.039999962
10/8/2025,11:34:04,21,SURFTRAK,13.610826086956473,2.9700000000000135,40.42,3981.00,53.166666666666664,47.6263874,-122.3758789,47.6263965,-122.3758891,33.00157547,-25.33194923,47.62639727966529,-122.375883,0.5836956319601639,-1.019999981,VFR_alt,21.993670220890916,0.075189263,1.0170454193245255,0.7467427165269368,0.087550604,1.0828982591629028,-1.019999981
10/8/2025,11:34:05,21,SURFTRAK,13.489487046632131,10.569119170984468,141.39625341968923,3985.00,53.22222222222222,47.6263874,-122.3758789,47.6263966,-122.3758897,33.00603485107422,-25.38421059,47.626397319773744,-122.3758837,0.5972538818967157,-1.049999952,VFR_alt,140.56363918390304,0.070244493,1.040669643,0.782479314,0.052451264,1.1056865453720093,-1.049999952
10/8/2025,11:34:06,21,SURFTRAK,13.36555555555557,19.059611111111085,254.74,3990.00,53.27777777777778,47.6263749,-122.3758924,47.6263946,-122.3758909,32.76818084716797,-25.46690178,47.626395180472805,-122.3758848,0.5488888806766934,-1.090000033,VFR_alt,295.6029499310745,0.15472298860549927,0.9563972920881793,0.6605196294063749,0.25181810997682885,1.1532833576202393,-1.090000033
10/8/2025,11:34:07,21,SURFTRAK,13.363610810810815,19.413783783783842,259.4199127567574,3995.00,53.333333333333336,47.6263743,-122.3758883,47.6263922,-122.3758885,32.51915359,-25.28693962,47.62639294067769,-122.3758824,0.5340540325319445,-1.069999933,VFR_alt,235.46993771286358,0.18454757832192087,0.9305486930480852,0.6256495542052929,0.3072473770791984,1.125590443611145,-1.069999933
10/8/2025,11:34:08,2,ALT_HOLD,13.55212432432433,3.4697297297297536,46.88709167567571,3996.00,53.361111111111114,47.6263808,-122.3758797,47.6263923,-122.3758879,32.51988602,-25.24324799,47.626392947265224,-122.3758818,0.5601080907357706,-1.100000024,VFR_alt,224.5218567,0.136483356,0.9759459156759656,0.6878710326377214,0.043697773653773926,1.1652075052261353,-1.100000024
10/8/2025,11:34:09,2,ALT_HOLD,13.619000000000002,9.568085106382954,130.3077510638295,3998.00,53.388888888888886,47.6263888,-122.3758693,47.6263923,-122.3758903,32.52531433105469,-25.43474579,47.62639299608841,-122.3758844,0.5423936051257113,-1.049999952,VFR_alt,229.61098588892617,0.11717907517672853,0.9450797665069225,0.6454280778235718,0.1915747244477858,1.1129461526870728,-1.049999952
10/8/2025,11:34:10,2,ALT_HOLD,13.376046632124359,14.163212435233163,189.42817544041534,4002.00,53.44444444444444,47.626389,-122.3758723,47.6263913,-122.3758929,32.406219482421875,-25.62490082,47.62639192492828,-122.3758869,0.5222797714984478,-1.049999952,VFR_alt,227.7223289649426,0.23088054806766115,0.9100329351866921,0.5978175834533742,0.22437138440043533,1.1096184253692627,-1.049999952
10/8/2025,11:34:11,2,ALT_HOLD,13.397533707865126,16.472584269662907,220.6567819662928,4006.00,53.50,47.626389,-122.3758723,47.6263888,-122.3758951,32.12663650512695,-25.79681206,47.626389410309564,-122.3758892,0.54449437,-1.069999933,VFR_alt,210.74927847542529,0.3145731453145488,0.9487401902584324,0.6540822719116408,0.3282074275548334,1.134148120880127,-1.069999933
10/8/2025,11:34:12,2,ALT_HOLD,13.24432584269663,21.873820224718987,289.69496932584184,4012.00,53.583333333333336,47.6263961,-122.375867,47.6263881,-122.375898,32.06577682495117,-26.00910568,47.62638886292682,-122.375892,0.6378651562701451,-1.110000014,VFR_alt,217.08771044834876,0.21715749381633287,1.111431711682831,0.8915870300971933,0.22084493164867858,1.1620385646820068,-1.110000014
10/8/2025,11:34:13,2,ALT_HOLD,13.461178378378367,9.997243243243261,133.94107708108146,4014.00,53.611111111111114,47.6263961,-122.375867,47.6263878,-122.3758999,32.02404022216797,-26.1489563,47.62638848754042,-122.3758939,0.6189729568120595,-1.139999986,VFR_alt,204.96213258229446,0.14135979401904183,1.0785134853543434,0.8403107907380561,0.14594567117509258,1.212704062461853,-1.139999986
10/8/2025,11:34:14,2,ALT_HOLD,13.643435483871016,7.66,104.68174370967769,4017.00,53.638888888888886,47.6263901,-122.3758803,47.6263875,-122.3759006,32.001468658447266,-26.20046234,47.626388284527785,-122.3758946,0.6449999729151367,-1.110000014,VFR_alt,185.79460314406214,0.19824974190804265,1.1238635891703164,0.9126438865025945,0.056234757,1.1725566387176514,-1.110000014
10/8/2025,11:34:15,2,ALT_HOLD,13.388591397849456,10.056666666666652,134.63386419354774,4020.00,53.666666666666664,47.6263811,-122.375893,47.6263876,-122.3759018,31.999893188476562,-26.2851162,47.62638827035773,-122.3758957,0.6439247131347656,-1.139999986,VFR_alt,190.9179086515647,0.1675352196219147,1.1219900304620942,0.9093547091413738,0.084668513,1.2133471965789795,-1.139999986
10/8/2025,11:34:16,2,ALT_HOLD,13.464935828877026,9.994812834224618,134.06289919786113,4023.00,53.72222222222222,47.6263772,-122.3758958,47.6263871,-122.3759053,31.947521209716797,-26.55875969,47.626387799314834,-122.3758993,0.6254010691362268,-1.149999976,VFR_alt,215.68919060878338,0.23937467832297565,1.089713984101004,0.8573675551701369,0.27861009633082867,1.213787317276001,-1.149999976
10/8/2025,11:34:17,2,ALT_HOLD,13.423913978494602,15.167956989247267,203.61372473118277,4028.00,53.77777777777778,47.6263912,-122.3758722,47.6263855,-122.3759087,31.760034561157227,-26.81240082,47.626386113026754,-122.3759027,0.6511290182349503,-1.079999924,VFR_alt,225.5241244,0.37740279782202935,1.134542986318474,0.9299193019925126,0.31541253221006366,1.1497222185134888,-1.079999924
10/8/2025,11:34:18,2,ALT_HOLD,13.423860103626925,14.910466321243522,200.15600145077758,4032.00,53.833333333333336,47.6263973,-122.3758727,47.6263831,-122.3759114,31.49527359008789,-27.0118618,47.62638373171976,-122.3759054,0.7293264130854236,-1.110000014,VFR_alt,224.55368961750963,0.33050665182153177,1.2707960228003599,1.1671810206658995,0.33148613191376947,1.1666507720947266,-1.110000014
10/8/2025,11:34:19,2,ALT_HOLD,13.417540983606587,14.87295081967213,199.55811475409826,4036.00,53.888888888888886,47.6263973,-122.3758727,47.6263814,-122.3759147,31.308189392089844,-27.260149,47.62638204905138,-122.3759087,0.7653005338105999,-1.100000024,VFR_alt,226.83908654090763,0.38342132317563876,1.3334782028518015,1.2876759549115682,0.3108810564912271,1.162719727,-1.100000024
10/8/2025,11:34:20,2,ALT_HOLD,13.307994652406402,23.382032085561477,310.0726641711226,4043.00,53.97222222222222,47.62639,-122.3758869,47.6263793,-122.3759181,31.07076072692871,-27.51929474,47.62637991357597,-122.3759121,0.8135828669058448,-1.129999995,VFR_alt,227.02835333898003,0.386209997,1.4176065105177607,1.4615576932353227,0.35146676071436317,1.1909228563308716,-1.129999995
10/8/2025,11:34:21,2,ALT_HOLD,13.40,17.88551351351348,239.67,4048.00,54.05555555555556,47.62639,-122.3758869,47.6263763,-122.3759199,30.735301971435547,-27.65021896,47.62637689640063,-122.3759139,0.9083783668440741,-1.120000005,VFR_alt,208.6164427655199,0.39731558319684623,1.5827804876828597,1.8101754588281538,0.3601023872324597,1.187018871307373,-1.120000005
10/8/2025,11:34:22,2,ALT_HOLD,13.419942528735639,16.26356321839079,218.2560768965519,4052.00,54.111111111111114,47.6263893,-122.375886,47.626373,-122.3759207,30.376022338867188,-27.71353912,47.62637366497613,-122.3759147,0.9812068661739086,-1.129999995,VFR_alt,197.30189567426663,0.42083510739364843,1.7096786304545373,2.110438176236506,0.36481679927019595,1.1919445991516113,-1.129999995
10/8/2025,11:34:23,2,ALT_HOLD,13.422540106951876,14.93,200.33789427807494,4057.00,54.166666666666664,47.6263893,-122.375886,47.6263705,-122.375923,30.09037208557129,-27.88270378,47.626371095787256,-122.375917,1.0452940849696888,-1.090000033,VFR_alt,199.7844495822193,0.3866889994730924,1.821345754113852,2.3982102203136253,0.3319830546676912,1.1539579629898071,-1.090000033
10/8/2025,11:34:24,2,ALT_HOLD,13.425000000000006,18.62577540106957,250.0510347593586,4061.00,54.22222222222222,47.6263863,-122.3758884,47.6263676,-122.3759251,29.772520065307617,-28.04094505,47.626368236969995,-122.3759191,1.1236363649368286,-1.120000005,VFR_alt,201.16746631684708,0.4071288290508291,1.9578512419353788,2.768473250049466,0.3550636660392356,1.174902319908142,-1.120000005
10/8/2025,11:34:25,2,ALT_HOLD,13.30092708333334,22.891249999999932,304.4744051041672,4068.00,54.30555555555556,47.6263822,-122.3758924,47.6263642,-122.3759274,29.39457893371582,-28.20982552,47.626364837700635,-122.3759213,1.1847916096448898,-1.129999995,VFR_alt,200.42614008568282,0.4726996176565687,2.064409623,3.076334376772369,0.4139566518520732,1.2033461332321167,-1.129999995
10/8/2025,11:34:26,2,ALT_HOLD,13.12985263157894,28.430105263157845,373.31679368421004,4076.00,54.416666666666664,47.6263792,-122.3758943,47.6263604,-122.3759297,28.970617294311523,-28.38898468,47.62636102451471,-122.3759237,1.2616315515417802,-1.120000005,VFR_alt,199.64681097114092,0.4915914518268485,2.1982974004137126,3.4903751385768342,0.46026240112046185,1.1909124851226807,-1.120000005
10/8/2025,11:34:27,2,ALT_HOLD,13.132000000000025,33.844324324324354,444.44366702702695,4085.00,54.55555555555556,47.6263777,-122.3758938,47.6263565,-122.3759326,28.535810470581055,-28.60367966,47.62635711378526,-122.3759265,1.3514594438913705,-1.139999986,VFR_alt,200.1899758440939,0.5174051323452511,2.3548156976895034,4.004643001,0.4849236094773927,1.2031934261322021,-1.139999986
10/8/2025,11:34:28,2,ALT_HOLD,13.122801075268763,33.81349462365582,443.7283229032257,4094.00,54.666666666666664,47.6263595,-122.3759175,47.6263526,-122.3759351,28.102344512939453,-28.78975677,47.626353215115806,-122.375929,1.4301612530985186,-1.139999986,VFR_alt,196.18980272117417,0.47243348228675064,2.491947637974689,4.483939451359524,0.4717175322664351,1.2027225494384766,-1.139999986
10/8/2025,11:34:29,2,ALT_HOLD,13.11407734806633,34.212651933701764,448.66692729281885,4104.00,54.77777777777778,47.6263491,-122.375924,47.6263481,-122.3759357,27.609241485595703,-28.83520508,47.626348780060034,-122.3759296,1.4920994550483662,-1.139999986,VFR_alt,178.42084238969858,0.5333879175107124,2.599870262584281,4.879120965260229,0.49519303694760247,1.2084569931030273,-1.139999986
10/8/2025,11:34:30,2,ALT_HOLD,13.110110526315774,34.69531578947379,454.8594230526316,4114.00,54.916666666666664,47.6263355,-122.3759231,47.6263442,-122.375933,27.17283058166504,-28.63010406,47.62634485,-122.3759269,1.553473633214047,-1.149999976,VFR_alt,150.0889389169655,0.48329849039253436,2.7068101184790283,5.288702809953516,0.4822042126304124,1.207326889038086,-1.149999976
10/8/2025,11:34:31,2,ALT_HOLD,13.122248618784525,34.39801104972385,451.3818609944756,4123.00,55.05555555555556,47.6263312,-122.3759198,47.626341,-122.3759291,26.80956459,-28.33614159,47.62634159,-122.375923,1.546243049821801,-1.129999995,VFR_alt,135.39604444555115,0.44864997597030515,2.6942113746895084,5.2392208986677815,0.46730730704460677,1.1915552616119385,-1.129999995
10/8/2025,11:34:32,2,ALT_HOLD,13.130373563218338,33.80045977011491,443.81267281609166,4133.00,55.166666666666664,47.6263298,-122.3759173,47.6263376,-122.3759252,26.433368682861328,-28.04116058,47.62633820405205,-122.3759191,1.5567815550442399,-1.189999938,VFR_alt,133.88407791140807,0.455040639,2.7125739216680005,5.311232534410779,0.47805559604185993,1.2490668296813965,-1.189999938
10/8/2025,11:34:33,2,ALT_HOLD,13.12109392265198,33.82016574585631,443.76,4142.00,55.27777777777778,47.6263306,-122.3759075,47.6263341,-122.3759201,26.049240112304688,-27.66169357,47.626334749131686,-122.375914,1.5197789866621323,-1.179999948,VFR_alt,128.8622754477805,0.4899654968008811,2.6480997494870553,5.061698715072063,0.5399536746557179,1.246707797050476,-1.179999948
10/8/2025,11:34:34,2,ALT_HOLD,13.133455026454978,33.631322751322756,441.69612359788374,4151.00,55.416666666666664,47.6263343,-122.3758945,47.6263315,-122.3759142,25.756872177124023,-27.2179451,47.626332119522644,-122.3759081,1.5479364622206915,-1.209999919,VFR_alt,123.60148713726393,0.4924263036440289,2.6971620175057573,5.250681831874083,0.5314054175548119,1.2723902463912964,-1.209999919
10/8/2025,11:34:35,2,ALT_HOLD,13.087724324324336,37.353945945945995,488.7942338378393,4162.00,55.55555555555556,47.6263385,-122.3758842,47.6263285,-122.375909,25.41916847229004,-26.83002281,47.62632908215572,-122.3759029,1.530864835429836,-1.199999928,VFR_alt,122.0856531,0.5298319185102308,2.6674160011277515,5.135463511075074,0.514322363,1.2746707201004028,-1.199999928
10/8/2025,11:34:36,2,ALT_HOLD,13.072588235294107,38.212245989304655,499.3295480213896,4173.00,55.69444444444444,47.6263257,-122.3758894,47.6263249,-122.3759047,25.029029846191406,-26.50711441,47.62632557317987,-122.3758987,1.5573796244228588,-1.230000019,VFR_alt,136.47961684345697,0.48102665075006334,2.7136160122519577,5.315070558112624,0.5064365540978223,1.2877147197723389,-1.230000019
10/8/2025,11:34:37,2,ALT_HOLD,13.139247311827965,33.81349462365602,444.28376612903315,4182.00,55.80555555555556,47.6263223,-122.3758879,47.6263208,-122.3759022,24.561729431152344,-26.31781197,47.62632137019731,-122.3758961,1.5611289739608765,-1.209999919,VFR_alt,151.0133177462294,0.48109896865583235,2.720148969780322,5.340521912682251,0.5041875577336843,1.2732460498809814,-1.209999919
10/8/2025,11:34:38,2,ALT_HOLD,13.106105820105817,34.513544973544896,452.3379528042339,4192.00,55.94444444444444,47.6263181,-122.3758868,47.6263164,-122.3759003,24.074417114257812,-26.16970444,47.626316987224165,-122.3758942,1.5918517642550998,-1.209999919,VFR_alt,165.12853149555707,0.5149695390746707,2.773681104383893,5.552742073950624,0.5093222302734738,1.2773079872131348,-1.209999919
10/8/2025,11:34:39,2,ALT_HOLD,13.12187165775401,33.758983957219186,442.9810302673782,4201.00,56.05555555555556,47.6262997,-122.3758881,47.6263118,-122.3758997,23.57173728942871,-26.13059425,47.626312466032964,-122.3758936,1.6436898058111018,-1.230000019,VFR_alt,169.64127597568174,0.4741593074989829,2.864004964670852,5.921333779593837,0.504198981,1.2943576574325562,-1.230000019
10/8/2025,11:34:40,2,ALT_HOLD,13.114181818181784,33.66898395721913,441.54004363636204,4210.00,56.19444444444444,47.6263003,-122.3758818,47.6263073,-122.3758987,23.070566177368164,-26.05348778,47.62630795841136,-122.3758926,1.687112282,-1.159999967,VFR_alt,163.20039553508502,0.4838663618513607,2.939665339267769,6.240280965693148,0.5070679364532327,1.2248902320861816,-1.159999967
10/8/2025,11:34:41,2,ALT_HOLD,13.13080219780219,33.83450549450533,444.2736507692299,4220.00,56.30555555555556,47.6262991,-122.3758765,47.6263033,-122.3758961,22.616802215576172,-25.86055946,47.626303877178046,-122.37589,1.7681318508399713,-1.159999967,VFR_alt,152.11798916769817,0.4616029174118252,3.0808358007060144,6.850807335582502,0.49307511339012555,1.2356022596359253,-1.159999967
10/8/2025,11:34:42,2,ALT_HOLD,13.131000000000014,33.46931034482761,439.48551413792995,4229.00,56.44444444444444,47.6263023,-122.3758636,47.6262997,-122.3758927,22.2237606,-25.61044502,47.62630034209227,-122.3758867,1.7862068620221367,-1.110000014,VFR_alt,141.8272941394909,0.4612915570708527,3.1123301383719104,6.993334491783776,0.4658743836178695,1.1737812757492065,-1.110000014
10/8/2025,11:34:43,2,ALT_HOLD,13.120564516129026,33.510698924731315,439.67907064516123,4238.00,56.55555555555556,47.6262917,-122.3758732,47.6262964,-122.3758882,21.855485916137695,-25.27411079,47.62629702976452,-122.3758822,1.8417741060256958,-1.120000005,VFR_alt,133.45867003570243,0.4696533514927792,3.2091518514084103,7.4331255144909365,0.49874538556615383,1.187917947769165,-1.120000005
10/8/2025,11:34:44,2,ALT_HOLD,13.12253763440862,33.639408602150624,441.43467763440884,4248.00,56.666666666666664,47.6262917,-122.3758732,47.6262929,-122.375884,21.46901512145996,-24.95331001,47.626293553777785,-122.375878,1.8480644386301759,-1.090000033,VFR_alt,131.6553559998604,0.48445081406383106,3.2201122794313797,7.484069347294336,0.5022676740438806,1.162158727645874,-1.090000033
10/8/2025,11:34:45,2,ALT_HOLD,13.124044198895021,33.51016574585634,439.7888976795579,4257.00,56.80555555555556,47.6262848,-122.3758611,47.6262897,-122.3758795,21.106504440307617,-24.6159935,47.62629029329252,-122.3758735,1.9014916874427163,-1.110000014,VFR_alt,133.41124135954138,0.4732034440198656,3.313205212968371,7.9238342552894965,0.4951731252133148,1.1606417894363403,-1.110000014
10/8/2025,11:34:46,2,ALT_HOLD,13.130989189189195,33.67345945945937,442.1662177837827,4266.00,56.916666666666664,47.6262925,-122.3758444,47.626286,-122.3758752,20.69479751586914,-24.29389,47.62628659032755,-122.3758692,1.9056756464210716,-1.100000024,VFR_alt,141.90001671379702,0.5168014184848683,3.320495444521567,7.958301332295686,0.5227363164911685,1.172460913658142,-1.100000024
10/8/2025,11:34:47,2,ALT_HOLD,13.134435483871014,33.36854838709683,438.28,4276.00,57.05555555555556,47.626285,-122.3758462,47.6262817,-122.3758717,20.225990295410156,-24.0297699,47.62628237379245,-122.3758657,1.930053711,-1.110000014,VFR_alt,151.46538020597876,0.5077112730472318,3.3629723751183747,8.163168377,0.5380888757420204,1.172330617904663,-1.110000014
10/8/2025,11:34:48,2,ALT_HOLD,13.123999999999983,33.65356382978721,441.66937170212617,4285.00,57.166666666666664,47.6262835,-122.3758448,47.6262774,-122.3758694,19.747446060180664,-23.85857201,47.62627806968095,-122.3758634,1.9522339688970687,-1.129999995,VFR_alt,161.6879639733959,0.5140910424450611,3.4016197942903514,8.351671563660819,0.5082453177696877,1.1908109188079834,-1.129999995
10/8/2025,11:34:49,2,ALT_HOLD,13.13008021390374,33.55,440.56594518716656,4294.00,57.27777777777778,47.6262862,-122.3758347,47.6262732,-122.3758682,19.27971076965332,-23.76617622,47.62627386278702,-122.3758622,1.9773796229438985,-1.090000033,VFR_alt,166.95675442228332,0.49372570033379415,3.4454341914931597,8.569019599,0.4767738275357322,1.1590700149536133,-1.090000033
10/8/2025,11:34:50,2,ALT_HOLD,13.132878306878307,33.68,442.35511005290965,4304.00,57.416666666666664,47.6262871,-122.3758302,47.6262693,-122.3758662,18.84395980834961,-23.61749077,47.62626994356581,-122.3758602,2.034814782,-1.120000005,VFR_alt,161.6856471475479,0.4833367429082356,3.5455106043253792,9.073027206615615,0.4604196617234082,1.187627911567688,-1.120000005
10/8/2025,11:34:51,2,ALT_HOLD,13.106481283422488,34.86342245989313,456.93607999999955,4314.00,57.52777777777778,47.6262882,-122.3758245,47.6262655,-122.3758651,18.413291931152344,-23.52615547,47.62626607006275,-122.375859,2.033155048594755,-1.110000014,VFR_alt,170.29194010395923,0.47288147491567273,3.542618645278751,9.058192671860548,0.44024647285383917,1.169342279434204,-1.110000014
10/8/2025,11:34:52,2,ALT_HOLD,13.132113772455035,33.38574850299397,438.42549053892276,4323.00,57.666666666666664,47.6262885,-122.3758226,47.6262611,-122.3758654,17.932504653930664,-23.55421257,47.62626174577695,-122.3758594,2.048562827938331,-1.120000005,VFR_alt,174.5699319815747,0.5106367923899325,3.5694655335289207,9.195818477,0.48160523949416073,1.188535213470459,-1.120000005
10/8/2025,11:34:53,2,ALT_HOLD,13.124716981132075,33.27,436.67,4332.00,57.77777777777778,47.6262899,-122.3758199,47.6262575,-122.3758635,17.52662467956543,-23.41495705,47.626258095220656,-122.3758575,2.0822640724901884,-1.120000005,VFR_alt,172.4931839650025,0.47768194645455797,3.6281873990359443,9.502001551,0.4291044796626706,1.1727062463760376,-1.120000005
10/8/2025,11:34:54,2,ALT_HOLD,13.130914110429476,33.75337423312877,443.2126625766867,4341.00,57.916666666666664,47.6262829,-122.3758279,47.6262538,-122.3758622,17.115036010742188,-23.31838608,47.62625439331937,-122.3758562,2.1316563161604245,-1.120000005,VFR_alt,171.63420837636602,0.5219419565668867,3.714249641794689,9.957364206052066,0.4227661106160534,1.1975822448730469,-1.120000005
10/8/2025,11:34:55,2,ALT_HOLD,13.122607361963137,33.619263803680944,441.1719500613507,4351.00,58.02777777777778,47.6262829,-122.3758279,47.62625,-122.3758614,16.69569969177246,-23.25882339,47.626250621734336,-122.3758554,2.142637931496088,-1.120000005,VFR_alt,170.89248813184608,0.46927874091944083,3.733384275,10.061359117743596,0.42354534777967134,1.1821938753128052,-1.120000005
10/8/2025,11:34:56,2,ALT_HOLD,13.122879518072276,33.21463855421675,435.8717749397586,4360.00,58.138888888888886,47.6262625,-122.3758353,47.6262463,-122.3758601,16.284944534301758,-23.16243744,47.62624692732979,-122.3758542,2.193072343447122,-1.129999995,VFR_alt,170.11412465598355,0.473904088,3.8212624166124054,10.539141992800378,0.4219123746304377,1.1859391927719116,-1.129999995
10/8/2025,11:34:57,2,ALT_HOLD,13.155876543209839,33.34024691358021,438.6201698765438,4369.00,58.27777777777778,47.6262625,-122.3758353,47.6262421,-122.3758593,15.817879676818848,-23.09793282,47.62624272646583,-122.3758533,2.1961111625035605,-1.110000014,VFR_alt,169.6295260788572,0.5185701425796674,3.826557328604685,10.568146876267436,0.47149806737376476,1.1814743280410767,-1.110000014
10/8/2025,11:34:58,2,ALT_HOLD,13.139222222222234,33.67975308641986,442.53,4379.00,58.388888888888886,47.6262538,-122.3758302,47.6262379,-122.3758584,15.356029510498047,-23.02833748,47.62623857250372,-122.3758524,2.2460493864836515,-1.129999995,VFR_alt,168.44239729241767,0.4601916448201662,3.913570900691207,11.055666794450469,0.46706432860017605,1.1845614910125732,-1.129999995
10/8/2025,11:34:59,2,ALT_HOLD,13.125842767295575,33.236729559748476,436.2598499371067,4388.00,58.52777777777778,47.6262475,-122.3758286,47.6262339,-122.3758571,14.901951789855957,-22.93694305,47.626234488448375,-122.3758512,2.2644653950097426,-1.139999986,VFR_alt,167.48941951101034,0.49588585612159103,3.9456594003957592,11.23657880719558,0.46318410724241843,1.1994616985321045,-1.139999986
10/8/2025,11:35:00,2,ALT_HOLD,13.11799999999998,33.23999999999987,436.04231999999996,4397.00,58.638888888888886,47.6262456,-122.3758273,47.6262298,-122.3758561,14.443191528320312,-22.8616581,47.62623036227742,-122.3758501,2.2817283648031728,-1.129999995,VFR_alt,167.13787180478664,0.4882599413394928,3.975738817460069,11.408424808038731,0.4648965502647992,1.1948680877685547,-1.129999995
10/8/2025,11:35:01,2,ALT_HOLD,13.134408284023678,33.21644970414189,436.27863443786947,4406.00,58.75,47.6262423,-122.3758288,47.6262256,-122.3758553,13.982913970947266,-22.80198479,47.62622622245963,-122.3758494,2.3204733055724196,-1.120000005,VFR_alt,167.21802981566842,0.49464303184543135,4.043248941527694,11.79975733347211,0.46412965178626053,1.1807693243026733,-1.120000005
10/8/2025,11:35:02,2,ALT_HOLD,13.128833333333299,33.64064102564104,441.66168217948666,4416.00,58.888888888888886,47.6262376,-122.375827,47.6262215,-122.3758544,13.523934364318848,-22.72871399,47.62622209431584,-122.3758484,2.3612178426522474,-1.139999986,VFR_alt,170.17349013453477,0.49823949677057755,4.114243210681941,12.21713565,0.4647912317381788,1.2108879089355469,-1.139999986
10/8/2025,11:35:03,2,ALT_HOLD,13.124225000000015,32.97999999999992,432.8369404999995,4425.00,59.00,47.6262388,-122.3758209,47.6262175,-122.3758534,13.075122833251953,-22.65770149,47.626218057625515,-122.3758474,2.372999882698059,-1.120000005,VFR_alt,171.13939662512814,0.48088411390781405,4.134772522882976,12.340765103552249,0.45439472393661673,1.1778255701065063,-1.120000005
10/8/2025,11:35:04,2,ALT_HOLD,13.146302469135831,33.01648148148158,434.0441108024702,4434.00,59.111111111111114,47.6262385,-122.3758206,47.6262136,-122.3758516,12.650009155273438,-22.52547455,47.626214234077864,-122.3758457,2.4290739827685885,-1.159999967,VFR_alt,166.6112449940611,0.5172085211968717,4.232477394217989,12.92935316549095,0.4452028795010139,1.2346289157867432,-1.159999967
10/8/2025,11:35:05,2,ALT_HOLD,13.129521739130436,33.30298136645955,437.25158621118123,4443.00,59.25,47.6262359,-122.37582,47.6262099,-122.3758496,12.229694366455078,-22.37170982,47.62621045369226,-122.3758436,2.430062014123668,-1.120000005,VFR_alt,160.99622459273985,0.46685978622169966,4.234198964003369,12.941501493813373,0.4475579429204214,1.1766008138656616,-1.120000005
10/8/2025,11:35:06,2,ALT_HOLD,13.127371257485057,33.17556886227539,435.5113782035923,4452.00,59.361111111111114,47.6262348,-122.3758202,47.626206,-122.3758475,11.799071311950684,-22.21971893,47.62620658,-122.3758416,2.507904184078742,-1.149999976,VFR_alt,155.25070036046844,0.49771929161991185,4.369833048015999,13.782023543267842,0.4566590039258706,1.2211387157440186,-1.149999976
10/8/2025,11:35:07,2,ALT_HOLD,13.11914545454547,33.452363636363735,438.86518618181856,4462.00,59.50,47.6262333,-122.375816,47.6262022,-122.3758454,11.37660026550293,-22.0569725,47.626202780812925,-122.3758394,2.531515121459961,-1.110000014,VFR_alt,156.2224107822333,0.46891219001827816,4.4109733176953965,14.042881381344857,0.4527341221768275,1.1797653436660767,-1.110000014
10/8/2025,11:35:08,2,ALT_HOLD,13.128418750000028,34.029625000000024,446.75389600000005,4471.00,59.611111111111114,47.6262249,-122.375812,47.626199,-122.3758419,11.018388748168945,-21.81368637,47.62619956,-122.3758362,2.5956249088048935,-1.139999986,VFR_alt,146.98822594168823,0.4518797017633915,4.522679765341869,14.764156643622254,0.43301689755663897,1.1930639743804932,-1.139999986
10/8/2025,11:35:09,2,ALT_HOLD,13.029999999999982,19.940000000000072,259.81819999999897,4479.00,59.72222222222222,47.6262218,-122.3758139,47.6261967,-122.375839,10.755324363708496,-21.57803535,47.626197192947416,-122.3758331,2.6163123890757563,-1.110000014,VFR_alt,151.43611846835643,0.3405334545299411,4.558726132480493,14.999520585988176,0.3531773942713618,1.1842663288116455,-1.110000014
10/8/2025,11:35:10,2,ALT_HOLD,13.547884848484903,4.225696969696978,56.519166545454574,4481.00,59.75,47.6262035,-122.3758182,47.6261942,-122.3758361,10.482998847961426,-21.36394691,47.626194743603506,-122.3758302,2.6683029463796903,-1.110000014,VFR_alt,150.12778720286582,0.34942543949141647,4.649315739903998,15.604894749871288,0.3464030118856546,1.1607799530029297,-1.110000014
10/8/2025,11:35:11,2,ALT_HOLD,13.13,33.37622641509444,438.0629716981129,4490.00,59.861111111111114,47.6262005,-122.3758179,47.6261918,-122.3758326,10.208993911743164,-21.10582161,47.626192279154566,-122.3758268,2.7097484660598465,-1.149999976,VFR_alt,142.76488827014535,0.4224601646639266,4.721531418134574,16.090097046235044,0.3764404046380567,1.2229063510894775,-1.149999976
10/8/2025,11:35:12,2,ALT_HOLD,13.644999999999985,12.144864864864877,165.71668108108105,4495.00,59.916666666666664,47.6261983,-122.3758167,47.6261896,-122.3758306,9.969695091247559,-20.94546509,47.62619013,-122.3758247,2.3907432846120886,-1.110000014,VFR_alt,145.35176286920833,0.19713127542589162,4.165689056521063,14.149798809589239,0.2880592638890587,1.1737323999404907,-1.110000014
10/8/2025,11:35:13,2,ALT_HOLD,13.626163636363644,2.3447272727272788,31.957919999999984,4496.00,59.94444444444444,47.6262045,-122.3758073,47.6261888,-122.3758298,9.872367858886719,-20.89094162,47.626189251480255,-122.3758239,2.3600605646769206,-1.129999995,VFR_alt,158.40708437499976,0.13088280554070617,4.112226741,14.487859030085838,0.11155894730448461,1.1893738508224487,-1.129999995
10/8/2025,11:35:14,2,ALT_HOLD,13.623826086956543,1.7909316770186348,24.40291204968937,4496.00,59.94444444444444,47.6262021,-122.3758097,47.6261888,-122.3758291,9.873106002807617,-20.83429718,47.626189258119254,-122.3758232,2.800434734510339,-1.120000005,VFR_alt,160.43322779616338,0.090214047,4.879545370737703,17.184735389335284,0.056649249,1.192578911781311,-1.120000005
10/8/2025,11:35:15,2,ALT_HOLD,13.633962732919265,2.13,29.10724074534157,4497.00,59.94444444444444,47.6262052,-122.3758088,47.6261889,-122.3758282,9.883820533752441,-20.7694664,47.626189354487636,-122.3758223,2.8047204447088774,-1.079999924,VFR_alt,159.36775264870477,0.064665512,4.887012896083642,17.237274512592112,0.065710206,1.1507443189620972,-1.079999924
10/8/2025,11:35:16,2,ALT_HOLD,13.637676829268289,1.9193902439024393,26.17448585365856,4497.00,59.94444444444444,47.6262115,-122.3758064,47.6261892,-122.3758271,9.925319672,-20.68422699,47.62618972773823,-122.3758212,2.818109691143036,-1.100000024,VFR_alt,156.3320539043008,0.046222252,4.9103426436583115,17.402448424184065,0.094804723,1.1598376035690308,-1.100000024
10/8/2025,11:35:17,2,ALT_HOLD,13.63,1.7843750000000014,24.320590750000036,4498.00,59.97222222222222,47.6262115,-122.3758064,47.6261894,-122.3758266,9.932537078857422,-20.6441288,47.62618979265285,-122.3758206,2.8062499463558197,-1.090000033,VFR_alt,152.35108318174085,0.06030372,4.889677936832102,17.25613937247724,0.040742556,1.1671069860458374,-1.090000033
10/8/2025,11:35:18,2,ALT_HOLD,13.626213017751478,1.9057988165680473,25.96878532544382,4498.00,59.97222222222222,47.6262139,-122.3758055,47.6261898,-122.3758258,9.986861228942871,-20.58322144,47.626190281253876,-122.3758198,2.8111242020623926,-1.079999924,VFR_alt,148.72569800352366,0.030611531,4.898170958139008,17.31635508916525,0.081613848,1.1373791694641113,-1.079999924
10/8/2025,11:35:19,2,ALT_HOLD,13.623169811320722,1.7408176100628967,23.715458679245167,4499.00,59.97222222222222,47.626205,-122.3758141,47.6261901,-122.3758254,10.023021697998047,-20.55193329,47.62619060648753,-122.3758194,2.8154716356745304,-1.149999976,VFR_alt,147.73554787115967,0.044026720431287705,4.905746031857128,17.370395961310766,0.04781765,1.2111186981201172,-1.149999976
10/8/2025,11:35:20,2,ALT_HOLD,13.627560975609764,2.1489024390243943,29.283854878048707,4499.00,59.97222222222222,47.6261951,-122.3758142,47.6261902,-122.3758253,10.029690742492676,-20.54403305,47.62619060648753,-122.3758194,2.768963396549225,-1.129999995,VFR_alt,148.05345365276509,0.040209375,4.824708948532733,16.800990976937577,0,1.1850173473358154,-1.129999995
10/8/2025,11:35:21,2,ALT_HOLD,13.633981366459638,1.86,25.391383291925454,4500.00,60.00,47.6261903,-122.3758166,47.6261901,-122.3758253,10.008833885192871,-20.55243301,47.626190418897274,-122.3758195,2.767950293440256,-1.159999967,VFR_alt,148.56455231545198,0.065688801,4.822943693115589,16.78922683357941,0.022484837,1.240217924118042,-1.159999967
10/8/2025,11:35:22,2,ALT_HOLD,13.621027972027942,2.2216783216783225,30.257969370629343,4500.00,60.00,47.6261889,-122.3758168,47.6261899,-122.3758253,9.989630699157715,-20.54350662,47.626190246180414,-122.3758194,2.510209798812866,-1.159999967,VFR_alt,149.27032727963763,0.03287399,4.373850407022418,15.072144559489157,0.021176469,1.2077645063400269,-1.159999967
10/8/2025,11:35:23,2,ALT_HOLD,13.631880239520951,1.8386826347305378,25.06476886227536,4501.00,60.00,47.6261894,-122.3758162,47.6261894,-122.3758256,9.939182281,-20.57691383,47.626189792438424,-122.3758199,1.7586227576889677,-1.139999986,VFR_alt,149.7565657209818,0.09598858,3.0642669262762365,10.577123394306037,0.060506897,1.2233084440231323,-1.139999986
10/8/2025,11:35:24,2,ALT_HOLD,13.618198757763956,1.9634161490683202,26.738140993788814,4502.00,60.00,47.6261906,-122.3758165,47.6261894,-122.3758259,9.948169708251953,-20.59723091,47.62618987327293,-122.3758201,2.7882608330768086,-1.139999986,VFR_alt,150.01620839491216,0.034038331625717025,4.858333269755037,17.036605629024905,0.022216153659522193,1.1871153116226196,-1.139999986
10/8/2025,11:35:25,2,ALT_HOLD,13.63327325581397,1.780116279069767,24.268723430232516,4502.00,60.02777777777778,47.6261918,-122.3758177,47.6261896,-122.3758261,9.963227272033691,-20.61690331,47.626190008703325,-122.3758204,2.7631976618323217,-1.129999995,VFR_alt,150.4276661443061,0.070937453,4.814662592586611,16.731592486589445,0.024773641331408826,1.211292028427124,-1.129999995
10/8/2025,11:35:26,2,ALT_HOLD,13.632804878048793,2.0432926829268347,27.85575182926829,4503.00,60.02777777777778,47.626207,-122.375814,47.6261899,-122.3758263,9.993162155151367,-20.62576294,47.62619027794295,-122.3758205,2.774756073951721,-1.110000014,VFR_alt,150.96618590853237,0.042451304042848144,4.834802250067384,16.871157049323426,0.031218429636357296,1.1644635200500488,-1.110000014
10/8/2025,11:35:27,2,ALT_HOLD,13.63969565217389,1.5071428571428596,20.556855093167663,4503.00,60.02777777777778,47.6262123,-122.3758135,47.6261905,-122.3758263,10.063281059265137,-20.63197899,47.62619090860479,-122.3758206,2.767329176020178,-1.120000005,VFR_alt,151.35947743271683,0.029713039338496162,4.821861443065454,16.78084572606795,0.070393892,1.1863077878952026,-1.120000005
10/8/2025,11:35:28,2,ALT_HOLD,13.632521472392678,1.7068711656441755,23.268917668711612,4504.00,60.02777777777778,47.6261997,-122.3758203,47.6261907,-122.3758267,10.093764305114746,-20.65683746,47.62619118,-122.3758209,2.772944763394221,-1.149999976,VFR_alt,151.85330456079674,0.069061398,4.831646178641438,16.848904638452346,0.039334108,1.221008539199829,-1.149999976
10/8/2025,11:35:29,2,ALT_HOLD,13.629596385542198,1.7895180722891602,24.389290843373445,4504.00,60.05555555555556,47.6261856,-122.3758261,47.6261909,-122.3758271,10.099757194519043,-20.68336105,47.62619123667761,-122.3758213,2.742530128,-1.100000024,VFR_alt,152.29280906312985,0.046419875,4.778650979919119,16.481672835097406,0.027192196574800345,1.1591739654541016,-1.100000024
10/8/2025,11:35:30,2,ALT_HOLD,13.63230434782614,1.672049689440988,22.793893726708106,4505.00,60.05555555555556,47.6261839,-122.3758246,47.6261907,-122.3758276,10.094695091247559,-20.72153091,47.62619119114815,-122.3758218,2.770558986604584,-1.179999948,VFR_alt,152.38834845097762,0.083362113,4.827489143326161,16.821109886837778,0.038504066876944444,1.245124340057373,-1.179999948
10/8/2025,11:35:31,2,ALT_HOLD,13.628533742331303,1.9630061349693215,26.751844110429513,4505.00,60.05555555555556,47.6261898,-122.3758245,47.6261905,-122.375828,10.064106941223145,-20.75064087,47.626190916032925,-122.3758222,2.727177935875267,-1.100000024,VFR_alt,152.37357716630063,0.037792449377111494,4.751900948873563,16.29771525010668,0.042225873,1.1794601678848267,-1.100000024
10/8/2025,11:35:32,2,ALT_HOLD,13.63734013605439,4.614353741496601,62.94764006802732,4506.00,60.05555555555556,47.6261936,-122.3758245,47.6261901,-122.375828,10.032530784606934,-20.75444984,47.62619063203138,-122.3758222,2.7552380902426585,-1.149999976,VFR_alt,152.38168124090902,0.089595731,4.8007936420894755,16.63541634042481,0.031805062,1.2003430128097534,-1.149999976
10/8/2025,11:35:33,2,ALT_HOLD,13.362567901234526,35.29388888888887,471.47920728395127,4514.00,60.19444444444444,47.6261936,-122.3758245,47.6261888,-122.3758276,9.885317802,-20.73076439,47.626189307971764,-122.3758219,2.7188889185587564,-1.149999976,VFR_alt,152.21010059568496,0.280282372,4.737457964155402,16.19846071877191,0.14910621353748132,1.2245280742645264,-1.149999976
10/8/2025,11:35:34,2,ALT_HOLD,13.14401190476195,33.410178571428666,439.07,4524.00,60.30555555555556,47.6261971,-122.3758237,47.6261859,-122.3758244,9.573684692382812,-20.49577522,47.62618650508837,-122.3758188,2.7670237932886397,-1.159999967,VFR_alt,145.22497070749154,0.3385768147806327,4.821329336790802,16.77801165,0.3903012984050183,1.2171653509140015,-1.159999967
10/8/2025,11:35:35,2,ALT_HOLD,13.123938271604947,37.44030864197533,491.36671827160603,4534.00,60.44444444444444,47.62619,-122.3758236,47.6261831,-122.3758212,9.257990837097168,-20.25378036,47.62618366568192,-122.3758156,2.803333282470703,-1.169999957,VFR_alt,143.38071716369285,0.39805048630561357,4.884595870971672,17.22022240074602,0.39777395774609153,1.2319308519363403,-1.169999957
10/8/2025,11:35:36,2,ALT_HOLD,13.119341614906816,33.877763975155325,444.45401540372694,4544.00,60.55555555555556,47.6261818,-122.3758203,47.6261795,-122.375818,8.863926887512207,-20.0131588,47.62618012140096,-122.3758124,2.8372048857789602,-1.179999948,VFR_alt,145.3996179481157,0.4638217650585293,4.943614573705756,17.63995559172636,0.4617197578169387,1.238843560218811,-1.179999948
10/8/2025,11:35:37,2,ALT_HOLD,13.133623456790168,33.87234567901227,444.8575476543195,4553.00,60.69444444444444,47.6261869,-122.3758154,47.6261757,-122.3758147,8.440290451049805,-19.76958084,47.626176311139815,-122.3758091,2.907901083981549,-1.159999967,VFR_alt,146.06960950877215,0.46937556840755323,5.066797343301175,18.529508373348403,0.48866967525062144,1.241062045097351,-1.159999967
10/8/2025,11:35:38,2,ALT_HOLD,13.063112500000017,37.14,485.1393058749992,4563.00,60.833333333333336,47.6261909,-122.3758111,47.6261727,-122.3758114,8.096515655517578,-19.51851082,47.62617321916841,-122.3758058,3.0075624749064445,-1.069999933,VFR_alt,147.83333438307196,0.45122384279966354,5.2404497668824535,19.82295668205014,0.4256962136113689,1.1518714427947998,-1.069999933
10/8/2025,11:35:39,2,ALT_HOLD,13.02722424242428,40.22799999999993,524.0564344242434,4574.00,60.97222222222222,47.6261909,-122.3758111,47.6261699,-122.3758085,7.791706085205078,-19.29928589,47.62617047765714,-122.3758029,3.1482423291061865,-0.930000007,VFR_alt,146.96049005956388,0.3951716110561833,5.4855737552607815,21.72260408712004,0.3754576460855497,1.0332164764404297,-0.930000007
10/8/2025,11:35:40,2,ALT_HOLD,13.073988165680534,36.87325443786977,482.0497244970414,4584.00,61.111111111111114,47.6261943,-122.3758042,47.6261677,-122.3758059,7.534067153930664,-19.10180855,47.62616816040696,-122.3758002,3.329112350588014,-0.779999971,VFR_alt,147.39226902840076,0.3791524025462788,5.800726065418498,24.293131428300605,0.3246153400526104,0.8586302995681763,-0.779999971
10/8/2025,11:35:41,2,ALT_HOLD,12.984296296296291,42.33888888888884,549.0536237037034,4594.00,61.22222222222222,47.6261885,-122.375806,47.6261646,-122.3758044,7.208345890045166,-18.98544502,47.62616523081224,-122.3757987,3.498765414143786,-0.74000001,VFR_alt,154.99379512321067,0.4597533391213711,6.096333676159643,26.82664213109589,0.34588265609668967,0.8276574015617371,-0.74000001
10/8/2025,11:35:42,2,ALT_HOLD,12.907580152671768,47.19389312977103,609.1584844274803,4608.00,61.388888888888886,47.6261853,-122.3758043,47.6261613,-122.3758033,6.838194847106934,-18.90392685,47.626161901608235,-122.3757976,3.632213614369167,-0.610000014,VFR_alt,163.28964114947865,0.4082907112955137,6.328857055,28.913996822988768,0.37902111702783015,0.6596477031707764,-0.610000014
10/8/2025,11:35:43,2,ALT_HOLD,12.913128654970784,45.82204678362579,591.6289145614046,4620.00,61.55555555555556,47.6261849,-122.3758029,47.6261581,-122.3758024,6.478444576263428,-18.82750893,47.62615866595061,-122.3757966,3.1011695262284307,-0.610000014,VFR_alt,173.81116487154412,0.4785362281645948,5.403552962367714,25.74492995,0.36777704703200265,0.7279438972473145,-0.610000014
10/8/2025,11:35:44,2,ALT_HOLD,13.036036363636404,38.60242424242425,503.1983987878798,4631.00,61.72222222222222,47.6261853,-122.3758027,47.6261549,-122.375803,6.127678871154785,-18.86187172,47.626155511101764,-122.375797,3.9398180455872507,-0.491107821,NEDz,186.22323646907353,0.33538781946355645,6.864834473371724,34.029335651238014,0.35244486295160604,0.4911078214645386,-0.429999977
10/8/2025,11:35:45,2,ALT_HOLD,13.035103658536586,40.39024390243909,526.4908106707314,4642.00,61.861111111111114,47.6261815,-122.375802,47.6261529,-122.3758,5.885532379150391,-18.68250084,47.626153333193315,-122.3757947,4.175670606334035,-0.507863402,NEDz,147.57568433587753,0.33222954938324484,7.2757896928547705,38.221423987546466,0.30134504513522714,0.5078634023666382,-0.419999987
10/8/2025,11:35:46,2,ALT_HOLD,12.94443558282208,45.51386503067485,588.8474631901844,4655.00,62.02777777777778,47.6261789,-122.3758002,47.6261534,-122.3757956,5.924755573272705,-18.33942413,47.626153685973584,-122.3757901,4.444048852276948,-0.445191354,NEDz,93.03735557,0.43809936419586465,7.743418454724973,43.28878088782441,0.34531157685593494,0.445191354,-0.379999995
10/8/2025,11:35:47,2,ALT_HOLD,12.994826086956522,45.76565217391297,594.7332073913046,4668.00,62.19444444444444,47.6261677,-122.3758009,47.6261532,-122.375792,5.906466484069824,-18.07757378,47.62615352147822,-122.3757866,4.296273137,-0.460154414,NEDz,85.11820378783413,0.3347471837671647,7.4859304655165895,40.44596621707266,0.2624882859749168,0.4601544141769409,-0.399999976
10/8/2025,11:35:48,2,ALT_HOLD,12.99040740740739,46.68481481481497,606.46,4681.00,62.361111111111114,47.626156,-122.3757937,47.6261523,-122.3757862,5.820382118225098,-17.65629959,47.62615274722006,-122.375781,4.273580077253742,-0.426688522,NEDz,94.91572738482351,0.37395348041145887,7.446389528548187,40.019778288025506,0.4299796008446461,0.4266885221004486,-0.370000005
10/8/2025,11:35:49,2,ALT_HOLD,13.011931677018618,45.16347826086961,587.6481013664586,4693.00,62.50,47.6261521,-122.3757918,47.6261513,-122.3757798,5.708032608032227,-17.17219162,47.62615174,-122.3757746,4.320807261496597,-0.469284922,NEDz,109.54019284532696,0.4503542579108884,7.528679319274381,40.91297116195656,0.49697378221757077,0.46928492188453674,-0.409999996
10/8/2025,11:35:50,2,ALT_HOLD,13.083372781065101,36.34,475.32625810650893,4703.00,62.638888888888886,47.6261509,-122.3757912,47.6261493,-122.375775,5.497716426849365,-16.79291916,47.62614984510743,-122.3757695,4.604141926624366,-0.519731462,NEDz,124.29602468449288,0.4056063386110159,8.022368508512141,46.46631919643707,0.4336824825755931,0.5197314620018005,-0.439999998
10/8/2025,11:35:51,2,ALT_HOLD,13.023267080745365,39.84347826086948,518.8926509316763,4714.00,62.77777777777778,47.6261516,-122.3757827,47.6261498,-122.3757702,5.516360282897949,-16.44087982,47.626150012793474,-122.3757648,4.6465837229853095,-0.43138665,NEDz,92.56519187571531,0.4279607073490664,8.096320123383514,47.317186277797575,0.352532677,0.43138664960861206,-0.389999986
10/8/2025,11:35:52,2,ALT_HOLD,12.931100671140966,43.67,564.5520097986589,4727.00,62.94444444444444,47.6261548,-122.3757747,47.6261525,-122.3757678,5.82309103,-16.24667358,47.62615277158408,-122.3757622,4.6522818955799075,-0.475156873,NEDz,56.91647460688684,0.4057345244308446,8.106248757,47.441871304096644,0.36304244116854706,0.47515687346458435,-0.409999996
10/8/2025,11:35:53,2,ALT_HOLD,12.928109677419402,46.09161290322564,595.8768673548374,4739.00,63.111111111111114,47.6261477,-122.375771,47.6261537,-122.3757626,5.966548442840576,-15.88467693,47.62615406186534,-122.3757574,2.4231612051686935,-0.504155338,NEDz,63.77957136496144,0.4538604036454231,4.2221748271878665,24.32110303654181,0.38938618925074314,0.5041553378105164,-0.429999977
10/8/2025,11:35:54,2,ALT_HOLD,12.929311377245531,48.46,626.55,4753.00,63.27777777777778,47.6261437,-122.3757652,47.6261541,-122.3757559,6.014899253845215,-15.38305187,47.626154496740895,-122.3757508,4.601556729413792,-0.466877818,NEDz,76.76850192637247,0.45776201400928157,8.017863998,46.398320942507326,0.503949901,0.466877818,-0.419999987
10/8/2025,11:35:55,2,ALT_HOLD,12.942888888888909,45.63,590.5541974074074,4765.00,63.44444444444444,47.6261449,-122.3757628,47.626155,-122.3757495,6.104983329772949,-14.89985371,47.62615530697284,-122.3757443,4.633456742322004,-0.554481745,NEDz,75.89207357371122,0.5034004385456626,8.073447354045937,47.04364267481507,0.49152376164194644,0.5544817447662354,-0.48999998
10/8/2025,11:35:56,2,ALT_HOLD,12.916306748466239,44.236809815950735,571.38,4778.00,63.611111111111114,47.6261483,-122.3757542,47.6261558,-122.3757431,6.198920726776123,-14.42617416,47.62615615186225,-122.375738,4.668343552782492,-0.48761034,NEDz,74.104805,0.5359581361519047,8.134234978333149,47.75784683961368,0.48290428,0.4876103401184082,-0.429999977
10/8/2025,11:35:57,2,ALT_HOLD,12.97826543209875,42.56407407407397,552.4056648765435,4790.00,63.77777777777778,47.6261501,-122.375745,47.6261566,-122.3757371,6.280250549316406,-13.97238445,47.62615688335691,-122.375732,4.740493630185539,-0.519999981,VFR_alt,72.04852354096134,0.497853085,8.259951022292972,49.242260707245926,0.461020218,0.565539539,-0.519999981
10/8/2025,11:35:58,2,ALT_HOLD,12.974685185185232,44.75907407407422,580.7327357407398,4802.00,63.916666666666664,47.6261507,-122.3757406,47.6261571,-122.3757308,6.342478275299072,-13.50383949,47.62615744304392,-122.3757258,4.706728405422634,-0.50999999,VFR_alt,73.35911904300458,0.49924736883905196,8.201117676115203,48.543737250465966,0.47265914721177854,0.5948790311813354,-0.50999999
10/8/2025,11:35:59,2,ALT_HOLD,12.946404761904764,44.692857142857015,578.6123345238079,4815.00,64.08333333333333,47.626147,-122.3757335,47.6261576,-122.3757243,6.402175426483154,-13.01173687,47.62615797997048,-122.3757192,4.7782737499191645,-0.477095127,NEDz,74.34174049,0.525011203,8.325780018798556,50.038908138053415,0.49571034022807997,0.4770951271057129,-0.409999996
10/8/2025,11:36:00,2,ALT_HOLD,12.928162499999985,45.49,588.03,4827.00,64.25,47.6261549,-122.3757285,47.6261582,-122.3757183,6.468743324279785,-12.55964565,47.626158578693776,-122.3757132,4.910000056028366,-0.537897348,NEDz,74.24808210001883,0.4575816847383976,8.555303128,52.827034884451066,0.4569658122252576,0.5378973484039307,-0.459999979
10/8/2025,11:36:01,2,ALT_HOLD,12.913310559006218,46.82080745341631,604.5839903726692,4840.00,64.41666666666667,47.6261559,-122.3757248,47.6261586,-122.3757131,6.5106611251831055,-12.1661253,47.62615895570978,-122.375708,4.966583723,-0.368565112,NEDz,75.45524923438971,0.42588911034305643,8.653895880752842,54.05621063763492,0.3957466007544135,0.3685651123523712,-0.269999981
10/8/2025,11:36:02,2,ALT_HOLD,12.907203821656077,46.04184713375794,594.26,4853.00,64.58333333333333,47.6261568,-122.375722,47.626159,-122.3757077,6.552976131439209,-11.75678921,47.62615933629831,-122.3757025,5.100955367847613,-0.262669206,NEDz,75.77895721033474,0.44873508488296704,8.888028292,57.018112157412006,0.41151742903903327,0.2626692056655884,-0.179999992
10/8/2025,11:36:03,2,ALT_HOLD,12.877648648648616,48.005405405405455,618.1917167567576,4866.00,64.75,47.6261465,-122.3757103,47.6261598,-122.3757029,6.652099609,-11.39348888,47.626160227832315,-122.3756977,3.4377702732343933,-0.126973733,NEDz,75.55113231253986,0.3910409198016734,5.990054263969009,39.52043052199851,0.3765801228468623,0.1269737333059311,-0.049999997
10/8/2025,11:36:04,2,ALT_HOLD,12.963769696969694,43.33709090909079,561.6500205454531,4878.00,64.91666666666667,47.6261537,-122.3757076,47.6261598,-122.3756986,6.638282775878906,-11.07651806,47.62616010356119,-122.3756935,5.339030124201919,-0.085038185,NEDz,72.29235707433182,0.3526934934384895,9.302855519442742,62.462898661734044,0.31727182180719443,0.085038185,0.019999999552965164
10/8/2025,11:36:05,2,ALT_HOLD,12.951487804878012,40.352439024390264,522.46,4889.00,65.05555555555556,47.6261579,-122.3757027,47.6261593,-122.3756943,6.5848565101623535,-10.74600697,47.62615962303582,-122.3756891,5.427743827424398,-0.04493279,NEDz,70.93696843663457,0.4426501823998079,9.457432426572785,64.56214740361023,0.33480135686221624,0.04493279,-0.02
10/8/2025,11:36:06,2,ALT_HOLD,12.929319018404938,45.79282208588974,592.07,4902.00,65.22222222222223,47.6261576,-122.3757006,47.6261595,-122.3756884,6.618133544921875,-10.32690811,47.62615992233522,-122.3756835,5.442269740660498,-0.2139377,NEDz,73.88351056,0.41086463931879386,9.48274273,64.90461737044124,0.4204178998579074,0.2139376997947693,-0.119999997
10/8/2025,11:36:07,2,ALT_HOLD,12.931234567901264,45.074938271605006,582.8755346913586,4914.00,65.36111111111111,47.6261603,-122.375693,47.6261609,-122.3756821,6.750452041625977,-9.840597153,47.62616111243103,-122.375677,5.463827136,-0.021268317,NEDz,75.46023529,0.5821528357488138,9.520304858394642,65.42956283148764,0.5039906083248056,0.021268317475914955,-0.01
10/8/2025,11:36:08,2,ALT_HOLD,12.916303225806429,44.79103225806442,578.5422289677432,4927.00,65.52777777777777,47.6261599,-122.37569,47.6261621,-122.3756763,6.888396739959717,-9.414037704,47.62616235312992,-122.3756713,5.566451463391704,-0.340453237,NEDz,75.58141098982699,0.4839960555876455,9.699119974091607,67.90082882289396,0.4483098288941098,0.34045323729515076,-0.299999982
10/8/2025,11:36:09,2,ALT_HOLD,12.90067251461985,45.59538011695896,588.1167230994137,4940.00,65.69444444444444,47.6261632,-122.3756844,47.6261629,-122.3756706,6.991792202,-8.979636192,47.62616328308686,-122.3756656,5.395847858741269,-0.295819283,NEDz,76.19934166513113,0.441621155,9.401856117503703,63.80445080793234,0.44653700330923685,0.2958192825317383,-0.269999981
10/8/2025,11:36:10,2,ALT_HOLD,12.847402439024421,52.46591463414649,673.85,4954.00,65.88888888888889,47.6261711,-122.3756731,47.6261639,-122.3756654,7.097466945648193,-8.588511467,47.626164233544095,-122.3756604,5.386646186433187,-0.629999995,VFR_alt,75.70349966,0.45467556140771725,9.385822900603301,63.58794316960301,0.40514898768192004,0.6120394468307495,-0.629999995
10/8/2025,11:36:11,2,ALT_HOLD,12.80348124999998,51.63637499999993,661.0577885625004,4968.00,66.08333333333333,47.6261735,-122.3756706,47.626165,-122.3756608,7.215134620666504,-8.240855217,47.626165291867906,-122.3756557,5.073624837398529,-0.859999955,VFR_alt,76.07401915315118,0.36122589781880377,8.840406913648966,56.42837761268979,0.36702935837379175,0.8750531077384949,-0.859999955
10/8/2025,11:36:12,2,ALT_HOLD,12.772291925465852,55.93484472049683,714.4247367701846,4984.00,66.27777777777777,47.6261715,-122.3756693,47.6261652,-122.3756564,7.256194114685059,-7.913672924,47.62616566116417,-122.3756514,4.864782528847641,-1.100000024,VFR_alt,88.01745839015321,0.36849298129170577,8.476515012,51.867971423648775,0.3297485934183481,1.10721755,-1.100000024
10/8/2025,11:36:13,2,ALT_HOLD,12.811145833333331,50.04208333333344,640.9047960416665,4998.00,66.44444444444444,47.6261791,-122.3756599,47.6261645,-122.3756516,7.172051429748535,-7.557395458,47.626164904369865,-122.3756466,3.6681249704625873,-1.289999962,VFR_alt,100.83365047027388,0.4023433760222461,6.391429872775719,37.57840466725665,0.36607871295620426,1.3244962692260742,-1.289999962
10/8/2025,11:36:14,2,ALT_HOLD,12.913189024390253,45.667865853658505,589.7479741463421,5010.00,66.61111111111111,47.6261767,-122.3756584,47.6261643,-122.3756463,7.1418352127075195,-7.16266489,47.626164632599746,-122.3756414,4.503719396707488,-1.429999948,VFR_alt,100.23255882669135,0.4120377785548931,7.8473898578993895,44.44952633740113,0.39588538875827534,1.4547799825668335,-1.429999948
10/8/2025,11:36:15,2,ALT_HOLD,12.924527272727303,45.52054545454538,588.3316590909095,5023.00,66.77777777777777,47.6261761,-122.375652,47.6261644,-122.3756412,7.155725479125977,-6.775769234,47.626164757531136,-122.3756362,4.4142423889853735,-1.559999943,VFR_alt,87.96120540132425,0.43344143376205907,7.691482950504808,42.701722943761496,0.3871449193597282,1.6071791648864746,-1.559999943
10/8/2025,11:36:16,2,ALT_HOLD,12.919731707317109,45.24457317073179,584.54,5035.00,66.94444444444444,47.6261823,-122.3756426,47.6261659,-122.3756358,7.311553001403809,-6.374274254,47.62616615907133,-122.3756309,4.311890139812377,-1.620000005,VFR_alt,76.50168393794705,0.45068954349291035,7.5131419102791295,40.741676074826714,0.4306743962098792,1.6729282140731812,-1.620000005
10/8/2025,11:36:17,2,ALT_HOLD,12.974214285714268,36.421818181818225,471.9861601948036,5046.00,67.08333333333333,47.6261823,-122.3756426,47.6261662,-122.3756302,7.374538421630859,-5.957792759,47.62616672557322,-122.3756254,4.278636220213655,-1.699999928,VFR_alt,93.38915882518509,0.41558347158617787,7.455199474614699,40.115580907155994,0.4212172821220492,1.7542935609817505,-1.699999928
10/8/2025,11:36:18,2,ALT_HOLD,12.980839285714266,46.04785714285723,597.7454860714298,5058.00,67.22222222222223,47.6261849,-122.3756394,47.6261643,-122.3756253,7.164190769195557,-5.577714443,47.62616483366908,-122.3756203,4.244761790548052,-1.75,VFR_alt,118.28126494446944,0.4930730536580086,7.396175847167066,39.48192789881922,0.4344026484459934,1.8011194467544556,-1.75
10/8/2025,11:36:19,2,ALT_HOLD,12.95,44.02090909090916,569.9236242424244,5070.00,67.38888888888889,47.6261695,-122.3756354,47.6261613,-122.3756208,6.853382587432861,-5.239830494,47.62616203820518,-122.3756158,4.269151453538375,-1.769999981,VFR_alt,131.01853148561787,0.5212227134993582,7.438672987225943,39.939706978582834,0.4590939871437406,1.8346892595291138,-1.769999981
10/8/2025,11:36:20,2,ALT_HOLD,12.93163636363634,44.490606060606005,575.3370399999994,5082.00,67.52777777777777,47.6261687,-122.3756317,47.6261581,-122.3756175,6.493575572967529,-4.976306915,47.62615880203714,-122.3756123,4.349878727306019,-1.789999962,VFR_alt,140.72197343612345,0.49811019771026843,7.579334146063504,41.46219254140021,0.4459885246950756,1.8450782299041748,-1.789999962
10/8/2025,11:36:21,2,ALT_HOLD,12.935863354037242,44.44304347826091,574.9091802484484,5095.00,67.69444444444444,47.6261662,-122.3756293,47.626154,-122.375615,6.055380344390869,-4.790354729,47.62615486083165,-122.3756098,4.3814907103591825,-1.769999981,VFR_alt,148.9246293674586,0.49829034868234434,7.634415631686436,42.066587399498374,0.47601814465721576,1.846455454826355,-1.769999981
10/8/2025,11:36:22,2,ALT_HOLD,12.942296296296274,44.419506172839604,574.8950861728384,5107.00,67.86111111111111,47.6261579,-122.3756264,47.6261497,-122.3756123,5.5696821212768555,-4.599952698,47.62615049237581,-122.3756073,4.467654272362038,-1.75,VFR_alt,151.32845632036367,0.49366217189364964,7.784549110933835,43.74117159195596,0.5216854390569321,1.8227263689041138,-1.75
10/8/2025,11:36:23,2,ALT_HOLD,12.95761538461539,45.07,584.0635039860146,5120.00,68.02777777777777,47.6261571,-122.3756243,47.6261455,-122.3756106,5.101690769195557,-4.444354534,47.626146283178706,-122.3756052,3.629230699339113,-1.730000019,VFR_alt,154.6467564423042,0.5083945014260032,6.323659551878762,36.52586167967444,0.49318018425322857,1.800832748413086,-1.730000019
10/8/2025,11:36:24,2,ALT_HOLD,12.934926829268273,44.33365853658547,573.4528951219527,5132.00,68.19444444444444,47.6261458,-122.3756203,47.6261413,-122.3756084,4.631886005401611,-4.294136524,47.626142057671466,-122.3756032,3.977438961587301,-1.709999919,VFR_alt,153.2061299544301,0.5048280803532135,6.930386069432416,40.90354857032345,0.49323621784743427,1.776542306,-1.709999919
10/8/2025,11:36:25,2,ALT_HOLD,12.913846625766896,44.05601226993854,568.8601908588952,5147.00,68.36111111111111,47.6261429,-122.3756196,47.6261375,-122.375606,4.047152996063232,-4.074239254,47.626136798479216,-122.3756003,4.769999852209735,-1.679999948,VFR_alt,152.81308508953464,0.45854289363498335,8.311363379,49.85963045981792,0.6247139358558349,1.7467142343521118,-1.679999948
10/8/2025,11:36:26,2,ALT_HOLD,13.021890243902417,37.733292682926916,490.2681718292686,5157.00,68.50,47.626133,-122.3756163,47.6261344,-122.3756035,3.7879602909088135,-3.833837748,47.62613447,-122.3755971,4.877621752459828,-1.649999976,VFR_alt,136.94693935082074,0.3658364892187642,8.498886386861825,52.13276143573975,0.3535162552078336,1.705592155456543,-1.649999976
10/8/2025,11:36:27,2,ALT_HOLD,13.235974999999959,3.5676249999999947,47.21304574999999,5162.00,68.55555555555556,47.6261319,-122.3756143,47.626134,-122.3756005,3.749899149,-3.689556122,47.626134124925436,-122.3755952,5.039249810576439,-1.649999976,VFR_alt,123.47991855396813,0.19313539320137352,8.780511034,55.65662568847792,0.14921741874286926,1.7218130826950073,-1.649999976
10/8/2025,11:36:28,2,ALT_HOLD,13.404537037037045,23.80191358024683,318.1092199382715,5166.00,68.63888888888889,47.6261311,-122.3756125,47.6261343,-122.3756009,3.8473637104034424,-3.710272312,47.626135001538955,-122.3755955,5.055308621606709,-1.620000005,VFR_alt,97.39046594,0.063062557,8.808492295,56.00921691781771,0.099641865,1.6767464876174927,-1.620000005
10/8/2025,11:36:29,2,ALT_HOLD,13.550454545454588,5.0587272727272525,68.54822454545443,5168.00,68.63888888888889,47.6261311,-122.3756125,47.6261348,-122.3756009,3.825615167617798,-3.732132673,47.62613480592871,-122.3755957,4.981575775146484,-1.480000019,VFR_alt,91.00273127566939,0.034878447454309826,8.680018396,54.378882909266196,0.030836253,1.5329346656799316,-1.480000019
10/8/2025,11:36:30,2,ALT_HOLD,13.496345454545443,9.930303030303019,134.0129450909092,5171.00,68.69444444444444,47.6261351,-122.3756107,47.6261334,-122.3756019,3.6765058040618896,-3.801274538,47.626133464812675,-122.3755967,5.075696855602843,-1.25,VFR_alt,98.74040595,0.1827666128675143,8.844017248,56.45868575224143,0.16435997008041592,1.2903773784637451,-1.25
10/8/2025,11:36:31,2,ALT_HOLD,13.456289308176093,12.41622641509431,167.00141283018806,5174.00,68.72222222222223,47.6261305,-122.3756095,47.6261325,-122.3756024,3.5857083797454834,-3.841273308,47.626132648164564,-122.3755972,5.325723198224914,-0.98999995,VFR_alt,103.31629382725606,0.042907802224065525,9.279669209028242,62.17180430100862,0.099217306,1.0355825424194336,-0.98999995
10/8/2025,11:36:32,2,ALT_HOLD,13.552018292682899,5.934939024390227,80.43,5175.00,68.75,47.6261285,-122.375613,47.6261318,-122.3756036,3.516965389251709,-3.93397665,47.62613202987793,-122.3755984,5.630182731442336,-0.729999959,VFR_alt,104.80205421093544,0.13996960602064684,9.810166880543445,69.47050065,0.11541017477309708,0.7670126557350159,-0.729999959
10/8/2025,11:36:33,2,ALT_HOLD,13.534458333333296,5.319583333333336,71.39785374999987,5181.00,68.83333333333333,47.6261267,-122.3756118,47.6261314,-122.3756044,3.450878620147705,-4.001600742,47.626131435481824,-122.3755993,4.854305422968334,-0.519999981,VFR_alt,119.58341046503139,0.065075001,8.458259449111496,62.50001028850241,0.094554106,0.572212279,-0.519999981
10/8/2025,11:36:34,2,ALT_HOLD,13.359485549132973,23.747514450867044,314.9047853757236,5185.00,68.88888888888889,47.6261259,-122.3756145,47.6261303,-122.3756064,3.3550853729248047,-4.146995544,47.626130573900376,-122.3756013,4.531445012616285,-0.390016466,NEDz,162.50691584102606,0.1153282986124816,7.895699643195046,61.29323143088922,0.17411488933838326,0.39001646637916565,-0.340000004
10/8/2025,11:36:35,2,ALT_HOLD,13.411950310559021,15.067639751552791,200.82900099378898,5190.00,68.94444444444444,47.6261296,-122.3756149,47.6261309,-122.3756069,3.461163282394409,-4.186090469,47.62613152798388,-122.3756018,6.4579501922086155,-0.341351807,NEDz,133.08582268761822,0.11742879306862813,11.252488971272578,91.40445848511044,0.11305280196647244,0.34135180711746216,-0.289999992
10/8/2025,11:36:36,2,ALT_HOLD,13.489506172839512,9.488024691358005,127.97509753086374,5192.00,68.97222222222223,47.6261325,-122.3756166,47.6261329,-122.3756079,3.6801743507385254,-4.272770882,47.626133497808205,-122.3756029,5.508765450230351,-0.207655549,NEDz,94.85961514622372,0.15489899206124705,9.598606466310443,67.14646321339384,0.2355405314004907,0.20765554904937744,-0.140000001
10/8/2025,11:36:37,2,ALT_HOLD,13.37151533742332,19.166073619631874,253.97975570552094,5198.00,69.05555555555556,47.626131,-122.3756161,47.6261337,-122.3756113,3.7353711128234863,-4.551933289,47.62613399425759,-122.3756067,5.571226871818121,-0.295175642,NEDz,38.00840446685517,0.25130295835755356,9.707440761501278,68.88508203667425,0.28456692004308176,0.2951756417751312,-0.239999995
10/8/2025,11:36:38,2,ALT_HOLD,13.505433962264162,9.165031446540851,123.77784125786184,5201.00,69.08333333333333,47.6261298,-122.3756147,47.6261334,-122.3756133,3.695309877,-4.648073673,47.62613363393974,-122.3756079,5.276666662228182,-0.212426215,NEDz,8.077972534559576,0.13511578438791838,9.194191911458217,61.88068054813144,0.10415313797137718,0.21242621541023254,-0.140000001
10/8/2025,11:36:39,2,ALT_HOLD,13.260627218934937,37.45715976331376,496.6552300591712,5211.00,69.22222222222223,47.6261287,-122.3756169,47.6261323,-122.3756124,3.5576865673065186,-4.514432907,47.626132396131304,-122.3756062,4.938875759847066,-0.251277626,NEDz,54.24645408182762,0.22038631683446952,8.605616854278997,53.45104484865829,0.19183333874846994,0.2512776255607605,-0.189999998
10/8/2025,11:36:40,2,ALT_HOLD,13.280672955974808,25.804276729559742,340.61373106918154,5216.00,69.30555555555556,47.6261287,-122.3756169,47.6261311,-122.3756108,3.408208131790161,-4.468441486,47.62613105169579,-122.3756055,5.762012478690477,-0.266913563,NEDz,122.38752126545229,0.16720108125569685,10.039870228021272,73.66125888850141,0.15639377694345638,0.2669135630130768,-0.199999988
10/8/2025,11:36:41,2,ALT_HOLD,13.32704347826084,13.577018633540382,181.70375701863375,5220.00,69.36111111111111,47.6261351,-122.3756197,47.6261307,-122.3756127,3.4196887016296387,-4.639044285,47.62613115495405,-122.3756078,6.078012378,-0.224041522,NEDz,186.16453402773797,0.14213827777630794,10.590476112448293,81.36287463888526,0.17098864970188982,0.22404152154922485,-0.149999991
10/8/2025,11:36:42,2,ALT_HOLD,13.501018181818177,4.497939393939398,60.708328727272665,5222.00,69.38888888888889,47.6261246,-122.3756187,47.6261309,-122.3756142,3.4348034858703613,-4.737266541,47.62613129089909,-122.3756091,6.3396966760808775,-0.275329918,NEDz,220.30915803510678,0.071563819,11.046441178019736,88.07205902645754,0.099378409,0.27532991766929626,-0.219999999
10/8/2025,11:36:43,2,ALT_HOLD,13.481000000000032,9.84,132.52063255319152,5224.00,69.41666666666667,47.6261258,-122.3756195,47.6261315,-122.3756156,3.519155263900757,-4.81233263,47.626132049573926,-122.3756101,6.321772785051494,-0.276530832,NEDz,267.3463160745522,0.14505261853865697,11.015210155771568,87.57214454,0.1129165190273211,0.27653083205223083,-0.199999988
10/8/2025,11:36:44,2,ALT_HOLD,13.640216560509543,5.970382165605085,81.45247872611476,5227.00,69.44444444444444,47.6261268,-122.3756209,47.6261324,-122.3756157,3.6198384761810303,-4.872433662,47.62613295513655,-122.3756109,5.234967906004305,-0.326442301,NEDz,300.5846515819478,0.2017412389729433,9.121534987734798,70.37284127,0.1172571674288663,0.32644230127334595,-0.25999999
10/8/2025,11:36:45,2,ALT_HOLD,13.203053571428624,47.53,627.6358637499991,5240.00,69.61111111111111,47.6261305,-122.3756202,47.6261335,-122.3756186,3.7714414596557617,-5.109517097,47.626134318680585,-122.3756141,6.181607036363511,-0.300917804,NEDz,306.64115148520494,0.3514347880014351,10.77098195730007,83.75070061907235,0.2814107669895062,0.3009178042411804,-0.229999989
10/8/2025,11:36:46,2,ALT_HOLD,12.920416149068354,45.07,582.2757763354051,5252.00,69.75,47.6261305,-122.3756202,47.6261355,-122.3756244,3.988875628,-5.557444096,47.62613627432183,-122.37562,6.217701784572246,-0.382931679,NEDz,302.7968766483859,0.4091702866258088,10.833874321603169,84.71430634039581,0.4979118526557855,0.3829316794872284,-0.319999993
10/8/2025,11:36:47,2,ALT_HOLD,12.929142857142903,44.67863354037248,577.6591693167695,5264.00,69.91666666666667,47.6261332,-122.3756261,47.6261382,-122.3756302,4.306683064,-6.004776001,47.626139132738025,-122.375626,6.027701668117357,-0.491894424,NEDz,302.29560072897374,0.4452292291644197,10.502813512628753,79.62507252016404,0.5487325395195881,0.4918944239616394,-0.409999996
10/8/2025,11:36:48,2,ALT_HOLD,12.92895679012345,43.93444444444439,568.0262659876539,5277.00,70.08333333333333,47.6261332,-122.3756261,47.6261407,-122.3756365,4.5941853523254395,-6.476136684,47.626141718584336,-122.3756323,5.807160312746778,-0.46184361,NEDz,302.7916746295862,0.5508765269208837,10.118536908573953,73.90891740663062,0.5521217800177012,0.4618436098098755,-0.399999976
10/8/2025,11:36:49,2,ALT_HOLD,12.926074074074098,44.537407407407436,575.6951777777765,5289.00,70.25,47.62613,-122.3756366,47.6261433,-122.3756423,4.860509872436523,-6.902392864,47.626144113954076,-122.3756379,5.695370279712441,-0.554549575,NEDz,302.47180238822324,0.5184188840197929,9.923751244953467,71.07789463018202,0.5026162361466727,0.5545495748519897,-0.479999989
10/8/2025,11:36:50,2,ALT_HOLD,12.949319526627173,44.41142011834334,575.0971002366879,5301.00,70.38888888888889,47.6261339,-122.3756413,47.6261454,-122.3756484,5.088605880737305,-7.367598057,47.626146165489786,-122.3756441,5.605443554,-0.513216257,NEDz,300.1363335539435,0.6013560778290562,9.767060737702185,68.85551218879857,0.5181154892425461,0.5132162570953369,-0.459999979
10/8/2025,11:36:51,2,ALT_HOLD,12.931207547169837,45.01924528301892,582.1532875471692,5314.00,70.55555555555556,47.6261339,-122.3756413,47.6261477,-122.3756546,5.353386402130127,-7.828671932,47.62614854697251,-122.3756502,5.533899241273508,-0.566593885,NEDz,297.4034192677833,0.5465435273242447,9.642400193128067,67.10478639,0.5316933732054167,0.5665938854217529,-0.48999998
10/8/2025,11:36:52,2,ALT_HOLD,12.93358895705521,44.707668711656574,578.2307930061336,5326.00,70.72222222222223,47.6261389,-122.3756537,47.6261497,-122.3756605,5.564952850341797,-8.271390915,47.62615044983845,-122.3756561,5.433128781113888,-0.529999971,VFR_alt,299.51957464077566,0.5635666686333031,9.466815300425726,64.69084411807427,0.49067347559120666,0.5910217761993408,-0.529999971
10/8/2025,11:36:53,2,ALT_HOLD,12.934282894736842,44.259144736842224,572.4602869736825,5338.00,70.88888888888889,47.6261367,-122.3756625,47.6261519,-122.3756666,5.8313446044921875,-8.740109444,47.62615284581288,-122.3756624,5.341644494157088,-0.528473616,NEDz,300.07805872001853,0.5368603391474799,9.307410861031295,62.52303836777263,0.5391304349325848,0.5284736156463623,-0.459999979
10/8/2025,11:36:54,2,ALT_HOLD,12.934870967741974,44.339419354838846,573.5242001935484,5351.00,71.05555555555556,47.6261322,-122.3756682,47.6261542,-122.3756733,6.072311878204346,-9.231080055,47.62615501311501,-122.3756689,2.8385160384639616,-0.569999993,VFR_alt,299.20183965364293,0.6096244081374138,4.945899157929624,32.97074041810483,0.546916235,0.6348503232002258,-0.569999993
10/8/2025,11:36:55,2,ALT_HOLD,12.931975609756133,44.571280487804785,576.3935459146353,5363.00,71.19444444444444,47.6261421,-122.3756712,47.6261561,-122.3756794,6.273032188415527,-9.68450737,47.62615681842886,-122.3756749,5.201524362331483,-0.561814785,NEDz,299.74352152015695,0.5353849250368956,9.063262146486672,59.287797968567205,0.4958678984368681,0.5618147850036621,-0.5
10/8/2025,11:36:56,2,ALT_HOLD,12.932121951219559,44.12134146341457,570.5833759756086,5375.00,71.36111111111111,47.6261474,-122.3756749,47.6261581,-122.3756853,6.509036540985107,-10.13132477,47.626158941093635,-122.3756809,5.179207327889233,-0.514897048,NEDz,299.68456120321883,0.5772701996128734,9.024376404655479,58.778588952804334,0.5053155861943934,0.5148970484733582,-0.439999998
10/8/2025,11:36:57,2,ALT_HOLD,12.935122699386515,44.37803680981584,574.0179790184064,5387.00,71.52777777777777,47.626146,-122.3756832,47.6261611,-122.3756902,6.879261493682861,-10.43178844,47.626162270962325,-122.3756849,5.129693157102433,-0.50999999,VFR_alt,320.9799529694843,0.4612335471287827,8.938101713133046,57.66253732563378,0.47680702225060495,0.5757673382759094,-0.50999999
10/8/2025,11:36:58,2,ALT_HOLD,12.992106918239001,40.91628930817602,531.0560584276712,5397.00,71.63888888888889,47.626146,-122.3756873,47.6261641,-122.375689,7.161556720733643,-10.28728199,47.62616480997555,-122.375683,5.149748355337659,-0.522287726,NEDz,73.27858595710468,0.3542977972600445,8.973046376724703,58.11999047898102,0.3171320081582728,0.5222877264022827,-0.449999988
10/8/2025,11:36:59,2,ALT_HOLD,13.285503105590058,25.405465838509233,337.3566705590064,5405.00,71.75,47.6261606,-122.375692,47.6261652,-122.3756858,7.265619755,-10.02474499,47.626165745936845,-122.3756795,5.096707921590864,-0.546726704,NEDz,59.28383582339706,0.35726581152921877,8.880627439135598,56.93278528,0.2824089105752361,0.5467267036437988,-0.48999998
10/8/2025,11:37:00,2,ALT_HOLD,13.054514792899425,45.157278106508926,589.5093433136091,5417.00,71.91666666666667,47.6261495,-122.3756924,47.626166,-122.3756814,7.355788230895996,-9.686742783,47.62616655692799,-122.375675,5.018461447495681,-0.53742677,NEDz,68.21180797,0.3822009071443208,8.744288885787935,55.18637897362079,0.34982259017528466,0.53742677,-0.469999999
10/8/2025,11:37:01,2,ALT_HOLD,12.911701863354075,44.541304347826156,575.1052986335397,5430.00,72.05555555555556,47.6261613,-122.3756849,47.6261663,-122.3756759,7.379107952,-9.256879807,47.62616676666954,-122.3756693,5.042360125121123,-0.496534795,NEDz,75.63343168830366,0.4082083492915823,8.785930521044389,55.71412564103837,0.43049504944569644,0.4965347945690155,-0.429999977
10/8/2025,11:37:02,2,ALT_HOLD,12.921629629629683,44.90530864197529,580.2392170370357,5442.00,72.22222222222223,47.6261613,-122.3756849,47.626167,-122.37567,7.489316940307617,-8.821230888,47.62616775790855,-122.3756635,5.097530771184851,-0.551959336,NEDz,70.52656243835968,0.4151290800468421,8.882061192216046,56.93937640834438,0.44937289745230397,0.5519593358039856,-0.48999998
10/8/2025,11:37:03,2,ALT_HOLD,12.925162162162195,44.64222972972981,577.0080782432447,5455.00,72.38888888888889,47.626161,-122.3756814,47.6261684,-122.375664,7.628838062286377,-8.36151886,47.62616901278605,-122.3756573,5.089459374144271,-0.49048844,NEDz,66.70395989841734,0.4480208367914767,8.867997394342307,56.75877810189459,0.48041783129786025,0.4904884397983551,-0.419999987
10/8/2025,11:37:04,2,ALT_HOLD,12.933703225806418,44.554451612903144,576.2531388387085,5467.00,72.55555555555556,47.6261608,-122.3756698,47.6261701,-122.3756581,7.808076858520508,-7.912121773,47.626170624891344,-122.3756514,2.7735483415665163,-0.53720516,NEDz,69.92675435297082,0.4772452594772462,4.832697867881054,31.479965396883717,0.483822579,0.53720516,-0.469999999
10/8/2025,11:37:05,2,ALT_HOLD,12.927376543209931,44.99672839506185,581.6900477777771,5479.00,72.72222222222223,47.6261585,-122.3756636,47.6261704,-122.3756515,7.832433700561523,-7.432316303,47.626170843960914,-122.375645,5.166172763447703,-0.49645564,NEDz,79.55314726071518,0.497284037,9.001664663583128,58.48305265433998,0.48042329702955006,0.4964556396007538,-0.439999998
10/8/2025,11:37:06,2,ALT_HOLD,12.920629629629662,44.05685185185192,569.2421238888885,5492.00,72.86111111111111,47.6261536,-122.375655,47.62617,-122.375645,7.766590118408203,-6.923762321,47.626170251751866,-122.3756382,5.225246918054275,-0.502953708,NEDz,85.88628058672052,0.5199317244099982,9.104596903,59.831539071095435,0.5127987224009989,0.5029537081718445,-0.429999977
10/8/2025,11:37:07,2,ALT_HOLD,12.93,44.723575757575624,578.3018622424227,5504.00,73.02777777777777,47.6261536,-122.375655,47.6261693,-122.3756384,7.6754255294799805,-6.453170776,47.626169431801245,-122.3756319,5.300908967220422,-0.486940295,NEDz,86.82443979740323,0.4988689323266347,9.236432291368912,61.57445691864872,0.4793405726607593,0.48694029450416565,-0.429999977
10/8/2025,11:37:08,2,ALT_HOLD,12.932055555555536,44.111543209876636,570.4525998765448,5516.00,73.19444444444444,47.6261532,-122.3756517,47.6261689,-122.3756325,7.6538519859313965,-6.005671978,47.62616923776483,-122.375626,5.327530661,-0.434871405,NEDz,80.62127037263627,0.5164747653919973,9.282818576,62.19416357,0.44801851783621616,0.4348714053630829,-0.370000005
10/8/2025,11:37:09,2,ALT_HOLD,12.934257668711618,44.34,573.55,5529.00,73.36111111111111,47.6261493,-122.3756335,47.6261689,-122.3756266,7.666439533233643,-5.556995392,47.62616935097931,-122.37562,5.351349552716214,-0.495137841,NEDz,75.70515247214564,0.4903662049331548,9.324321190338852,62.75058543969168,0.4488531221984675,0.4951378405094147,-0.429999977
10/8/2025,11:37:10,2,ALT_HOLD,12.930813664596233,44.37093167701876,573.7501028571411,5541.00,73.50,47.6261539,-122.3756293,47.6261688,-122.3756199,7.642513751983643,-5.058426857,47.626169135786405,-122.3756134,5.323664487518879,-0.464529932,NEDz,77.34975556177253,0.49797061604002246,9.276082062,62.103159156905186,0.4991422912877346,0.46452993154525757,-0.399999976
10/8/2025,11:37:11,2,ALT_HOLD,12.924466666666707,44.67278787878785,577.3691760606058,5554.00,73.66666666666667,47.6261612,-122.3756187,47.6261686,-122.3756134,7.6157965660095215,-4.567097187,47.62616889548712,-122.3756069,5.377818075815837,-0.47544831,NEDz,84.50747272594859,0.5032324296055418,9.370440586648805,63.374207876361936,0.4920555381274585,0.4754483103752136,-0.409999996
10/8/2025,11:37:12,2,ALT_HOLD,12.920037267080698,45.40937888198774,586.6890599999996,5566.00,73.83333333333333,47.6261606,-122.3756161,47.6261674,-122.3756071,7.455931186676025,-4.092241287,47.62616745762943,-122.3756005,5.406024802545583,-0.52602005,NEDz,95.54314909332264,0.5298634634254882,9.419588671102126,64.03935101224029,0.5010439752103188,0.5260200500488281,-0.459999979
10/8/2025,11:37:13,2,ALT_HOLD,12.92757516339872,44.039411764705854,569.3219950980393,5578.00,74.00,47.6261595,-122.3756054,47.6261664,-122.3756005,7.364904403686523,-3.599716663,47.626166638918235,-122.375594,5.447843096614663,-0.440302312,NEDz,94.40499087031642,0.5131623281372918,9.492453880464929,65.03702315988366,0.5008656310234709,0.440302312,-0.379999995
10/8/2025,11:37:14,2,ALT_HOLD,12.938764705882335,44.32594771241834,573.5210496078432,5591.00,74.13888888888889,47.6261595,-122.3756054,47.6261658,-122.3755937,7.305264472961426,-3.102087021,47.62616610250595,-122.3755874,3.7736601050383127,-0.509453475,NEDz,92.54795073638964,0.5725101045533723,6.575316849687972,43.935475423566224,0.5011907644981182,0.5094534754753113,-0.439999998
10/8/2025,11:37:15,2,ALT_HOLD,12.935683229813696,43.73211180124229,565.7040195652175,5603.00,74.30555555555556,47.6261644,-122.3755944,47.6261651,-122.3755878,7.207619667053223,-2.646671534,47.62616522427112,-122.3755813,5.496086786992802,-0.501023769,NEDz,92.05355806,0.43745354206665704,9.576514856123804,66.19104915826053,0.4657657932737423,0.5010237693786621,-0.439999998
10/8/2025,11:37:16,2,ALT_HOLD,12.918716049382732,44.22450617283959,571.3257703703694,5615.00,74.47222222222223,47.626165,-122.375591,47.6261644,-122.375581,7.143298625946045,-2.135047913,47.626164645756084,-122.3755745,5.524259175783322,-0.409395367,NEDz,92.91372878208797,0.558170368,9.625603109319451,66.88259745995025,0.5156509729273259,0.40939536690711975,-0.340000004
10/8/2025,11:37:17,2,ALT_HOLD,12.936831325301172,44.366385542168786,573.9601500000009,5627.00,74.61111111111111,47.626163,-122.3755812,47.6261639,-122.3755743,7.085850715637207,-1.641607285,47.62616412905923,-122.3755679,5.622288916484419,-0.55720216,NEDz,92.80791952323841,0.5004907758480095,9.796412505995576,69.26603851388415,0.49677350554449407,0.55720216,-0.48999998
10/8/2025,11:37:18,2,ALT_HOLD,12.93417177914109,44.456257668711494,575.0052165644171,5640.00,74.77777777777777,47.6261635,-122.3755773,47.6261632,-122.3755679,7.004803181,-1.153120518,47.62616340010316,-122.3755614,5.598098041089766,-0.398229808,NEDz,92.80532730009851,0.5220626658457188,9.754261738262453,68.67331782727594,0.49516464360233736,0.39822980761528015,-0.329999983
10/8/2025,11:37:19,2,ALT_HOLD,12.923411042944771,43.887239263803636,567.1728780368122,5652.00,74.94444444444444,47.6261639,-122.3755734,47.6261626,-122.3755616,6.944600582122803,-0.691072822,47.62616285863016,-122.3755553,5.710797444,-0.490269363,NEDz,92.72413084930535,0.49271080866913125,9.950631911,71.46417554,0.4659532448204086,0.49026936292648315,-0.429999977
10/8/2025,11:37:20,2,ALT_HOLD,12.924300613496941,44.07349693251546,569.6170611042957,5664.00,75.11111111111111,47.6261627,-122.3755563,47.6261624,-122.375555,6.929096221923828,-0.197185278,47.62616271918101,-122.3755487,5.692822008776519,-0.426708668,NEDz,89.09411744806957,0.47738630365740303,9.919311075898477,71.01528982010659,0.49413084399351975,0.4267086684703827,-0.370000005
10/8/2025,11:37:21,2,ALT_HOLD,12.90766459627327,44.84173913043489,578.8004719254661,5677.00,75.25,47.6261627,-122.3755563,47.6261613,-122.375549,6.7726335525512695,0.2506031095981598,47.62616131192792,-122.3755428,5.769440796064294,-0.430711448,NEDz,100.03158296135761,0.5177451309210025,10.05281350829387,72.94193676462002,0.4743363858277956,0.43071144819259644,-0.359999985
10/8/2025,11:37:22,2,ALT_HOLD,12.933781818181844,43.82593939393923,566.8358283636356,5689.00,75.41666666666667,47.6261556,-122.3755489,47.6261593,-122.3755429,6.554833889007568,0.716708243,47.626159352999025,-122.3755366,5.820363475337173,-0.444001853,NEDz,103.71878889672792,0.4837614225618767,10.141542419148111,74.23219687561497,0.5144809896621588,0.44400185346603394,-0.379999995
10/8/2025,11:37:23,2,ALT_HOLD,12.920006249999991,44.341687499999935,572.89,5701.00,75.58333333333333,47.6261491,-122.375539,47.6261584,-122.3755363,6.4776129722595215,1.2082725763320923,47.62615865846025,-122.37553,5.812062314152717,-0.43713671,NEDz,91.39402704,0.509080077,10.12707827466004,74.02051022929788,0.4975927691321615,0.43713671,-0.370000005
10/8/2025,11:37:24,2,ALT_HOLD,12.92235416666666,44.421666666666546,574.0326702083336,5713.00,75.72222222222223,47.6261485,-122.3755356,47.6261574,-122.3755302,6.370071887969971,1.6619038581848145,47.626157691216534,-122.375524,4.056388662921058,-0.450148493,NEDz,88.98827461495885,0.47767684650090003,7.067949942968521,51.91980064391669,0.4662042735599022,0.45014849305152893,-0.389999986
10/8/2025,11:37:25,2,ALT_HOLD,12.925506493506509,44.098051948051804,569.9921316883123,5726.00,75.88888888888889,47.6261474,-122.3755293,47.6261574,-122.375524,6.397264003753662,2.127405881881714,47.62615793578706,-122.3755178,5.831882941258418,-0.442589462,NEDz,76.52652528349334,0.5026452974839644,10.161614215829104,74.52677652,0.46629555565832104,0.4425894618034363,-0.379999995
10/8/2025,11:37:26,2,ALT_HOLD,12.917230769230832,43.75147928994083,565.1548390532557,5738.00,76.05555555555556,47.6261459,-122.3755166,47.6261582,-122.3755176,6.480888366699219,2.614197254180908,47.626158687919215,-122.3755113,5.833195093820787,-0.465818226,NEDz,69.76479919722529,0.45732661623221177,10.163900542263455,74.55936814719045,0.4939219313039086,0.46581822633743286,-0.399999976
10/8/2025,11:37:27,2,ALT_HOLD,12.936893081760966,43.840000000000096,567.1533927044019,5750.00,76.19444444444444,47.6261529,-122.3755102,47.6261586,-122.3755111,6.540820121765137,3.095167875289917,47.62615922695585,-122.3755049,5.834465173805285,-0.450342983,NEDz,70.49736447,0.4932079197100873,10.16611356041831,74.59189976011338,0.4846901625113376,0.45034298300743103,-0.389999986
10/8/2025,11:37:28,2,ALT_HOLD,12.929536585365895,43.446524390244065,561.7439164634133,5762.00,76.36111111111111,47.6261552,-122.3755069,47.6261598,-122.3755041,6.654919624328613,3.619271993637085,47.62616025318677,-122.3754979,5.8543901443481445,-0.531611145,NEDz,72.02138420231158,0.5443904854175521,10.200831312121798,75.10514387358671,0.5363802973205625,0.5316111445426941,-0.469999999
10/8/2025,11:37:29,2,ALT_HOLD,12.913134969325133,44.46,574.1524006748448,5774.00,76.52777777777777,47.6261556,-122.375496,47.6261598,-122.3754974,6.634102821350098,4.128331661224365,47.626160065956554,-122.3754912,5.755766728173004,-0.410136074,NEDz,83.54823971401188,0.4783242147393022,10.028987480907475,72.59374303634026,0.5094851170057066,0.41013607382774353,-0.349999994
10/8/2025,11:37:30,2,ALT_HOLD,12.927893750000015,43.98999999999985,568.70,5787.00,76.66666666666667,47.6261556,-122.375496,47.6261592,-122.3754909,6.571993827819824,4.611268997192383,47.62615950733709,-122.3754847,5.854937255382538,-0.543053329,NEDz,91.05121937458644,0.537154921,10.201784611651437,75.11983259466582,0.4869147744207701,0.5430533289909363,-0.469999999
10/8/2025,11:37:31,2,ALT_HOLD,12.922263473053892,44.04,569.0361343712563,5799.00,76.83333333333333,47.6261493,-122.3754816,47.626158,-122.3754842,6.429169178009033,5.125103950500488,47.62615822274671,-122.3754779,5.760598745,-0.413478315,NEDz,91.05691313402974,0.48694606901642806,10.037406904471153,72.72151937728232,0.5333153287078086,0.4134783148765564,-0.359999985
10/8/2025,11:37:32,2,ALT_HOLD,12.915073619631855,44.12754601226983,569.9043936809808,5811.00,77.00,47.6261477,-122.3754781,47.6261577,-122.3754774,6.398346900939941,5.6262359619140625,47.62615795,-122.3754712,5.8153986228755645,-0.499572098,NEDz,82.59832340313726,0.5425729923453068,10.132891539858935,74.10775939945003,0.5020789834549326,0.49957209825515747,-0.429999977
10/8/2025,11:37:33,2,ALT_HOLD,12.925749999999994,44.35153846153837,573.2765428846143,5823.00,77.16666666666667,47.6261448,-122.3754697,47.626157,-122.3754708,6.323483467102051,6.119485855102539,47.626157272190326,-122.3754647,5.769935739,-0.478122771,NEDz,83.02609822955766,0.4615160268850816,10.053675909466598,72.95337563687998,0.49889877816691813,0.4781227707862854,-0.409999996
10/8/2025,11:37:34,2,ALT_HOLD,12.939422818791922,43.45550335570474,562.2888293959736,5836.00,77.30555555555556,47.626148,-122.3754642,47.6261564,-122.3754637,6.258795261383057,6.657349586486816,47.62615669037293,-122.3754575,4.063087069748232,-0.485066712,NEDz,83.80863496831121,0.5132771094373408,7.079621409409806,51.333202080632276,0.5417397507085492,0.4850667119026184,-0.419999987
10/8/2025,11:37:35,2,ALT_HOLD,12.926094339622683,43.93905660377348,567.9603009433964,5848.00,77.47222222222223,47.6261486,-122.3754558,47.6261564,-122.3754568,6.255680561065674,7.170700550079346,47.62615666235857,-122.3754507,5.771131935359547,-0.489276141,NEDz,83.47554226707729,0.5120801050333107,10.055760190399177,72.98162481479308,0.5133604125557847,0.48927614092826843,-0.419999987
10/8/2025,11:37:36,2,ALT_HOLD,12.909369047619098,44.04,568.5530685714299,5860.00,77.63888888888889,47.6261488,-122.3754501,47.626156,-122.37545,6.212513446807861,7.677898406982422,47.626156274105696,-122.3754439,5.7789879356111795,-0.442173749,NEDz,83.58810505567101,0.48523893029916854,10.069448675686148,73.18045139,0.5090314978470589,0.4421737492084503,-0.379999995
10/8/2025,11:37:37,2,ALT_HOLD,12.932245398772984,43.682944785275886,564.9185482208601,5872.00,77.77777777777777,47.626148,-122.3754378,47.6261556,-122.375443,6.171165943145752,8.213621139526367,47.62615590221871,-122.3754368,5.814416920480553,-0.467537642,NEDz,83.50954095165271,0.5350493061030569,10.131180997807004,74.08131941045828,0.5373159798697966,0.46753764152526855,-0.399999976
10/8/2025,11:37:38,2,ALT_HOLD,12.923999999999984,43.76080745341597,565.5646755279492,5884.00,77.94444444444444,47.6261474,-122.3754306,47.6261555,-122.375436,6.147930622,8.735160827636719,47.62615569323591,-122.3754299,5.784968832264775,-0.508569539,NEDz,83.56903208,0.452160974,10.079869935006803,73.33219571,0.5220570145283975,0.5085695385932922,-0.449999988
10/8/2025,11:37:39,2,ALT_HOLD,12.922925000000006,44.189999999999856,571.0640557500001,5897.00,78.11111111111111,47.6261493,-122.375427,47.6261551,-122.3754293,6.124873161315918,9.234158515930176,47.62615548585282,-122.3754232,5.750999847054482,-0.407143712,NEDz,83.38474876,0.5070807635784149,10.020681551685882,72.47641537,0.49953011863156144,0.4071437120437622,-0.340000004
10/8/2025,11:37:40,2,ALT_HOLD,12.937274390243894,43.64731707317063,564.6776017682919,5909.00,78.25,47.6261518,-122.3754166,47.6261552,-122.3754224,6.144744873046875,9.749668121,47.626155664582306,-122.3754164,5.814877836,-0.50860399,NEDz,83.20528604686238,0.4945901970310909,10.131984107686407,74.09270700838391,0.5158924676662144,0.5086039900779724,-0.439999998
10/8/2025,11:37:41,2,ALT_HOLD,12.926530864197497,43.47481481481478,561.9784814814803,5921.00,78.41666666666667,47.6261518,-122.3754166,47.6261551,-122.3754152,6.117806434631348,10.291643142700195,47.62615542229298,-122.3754092,5.743024549366515,-0.460374415,NEDz,83.42185140451984,0.5033794807063209,10.006785199653821,72.2738669,0.5426440852390615,0.4603744149208069,-0.399999976
10/8/2025,11:37:42,2,ALT_HOLD,12.926952095808348,43.49880239520957,562.3069395209595,5933.00,78.55555555555556,47.6261523,-122.3754056,47.626155,-122.3754083,6.112087249755859,10.806282997131348,47.62615537085342,-122.3754023,5.797245371127557,-0.473336577,NEDz,83.51667684328868,0.49816803625243866,10.101260873934375,73.64655247,0.5146716320573319,0.4733365774154663,-0.409999996
10/8/2025,11:37:43,2,ALT_HOLD,12.92,43.41746753246765,561.1564245454559,5945.00,78.72222222222223,47.6261561,-122.3753976,47.6261552,-122.3754015,6.144000053405762,11.316776275634766,47.62615565788261,-122.3753955,5.788116643955181,-0.493162155,NEDz,83.31021590054489,0.5004625119172134,10.085354758406739,73.41248586017413,0.511489799,0.4931621551513672,-0.429999977
10/8/2025,11:37:44,2,ALT_HOLD,12.928370860927139,43.67086092715237,564.5929072847683,5957.00,78.88888888888889,47.6261572,-122.3753879,47.6261553,-122.3753943,6.141024589538574,11.86047363,47.62615563112053,-122.3753883,4.101986559811017,-0.438875765,NEDz,83.67569884926026,0.49444962949152815,7.147400823913144,52.033447572586404,0.5437054989489051,0.4388757646083832,-0.379999995
10/8/2025,11:37:45,2,ALT_HOLD,12.922191358024717,43.499629629629624,562.1105325925929,5969.00,79.02777777777777,47.6261564,-122.3753802,47.6261553,-122.3753874,6.157782077789307,12.375590324401855,47.62615578184014,-122.3753814,5.821543057759603,-0.470640212,NEDz,83.30398081,0.5069428251849281,10.143597752156914,74.26281677,0.5153891921319621,0.4706402122974396,-0.399999976
10/8/2025,11:37:46,2,ALT_HOLD,12.933703030303054,43.53133333333324,563.0211796969696,5981.00,79.19444444444444,47.6261562,-122.3753758,47.6261557,-122.3753804,6.1907453536987305,12.89937973022461,47.62615607831746,-122.3753745,5.795575714111328,-0.495168328,NEDz,83.02863837452183,0.48350184415325975,10.09835162,73.60211487,0.5248256083794258,0.4951683282852173,-0.429999977
10/8/2025,11:37:47,2,ALT_HOLD,12.927648148148199,43.644814814815014,564.2245996296294,5993.00,79.36111111111111,47.6261549,-122.3753689,47.6261557,-122.3753733,6.194548606872559,13.439157485961914,47.62615611252436,-122.3753673,5.765987532,-0.432739913,NEDz,82.88535492828211,0.5157743799097744,10.046796456642781,72.85118898855833,0.5397911543583366,0.43273991346359253,-0.370000005
10/8/2025,11:37:48,2,ALT_HOLD,12.926203703703685,44.206481481481404,571.4199055555553,6004.00,79.50,47.6261552,-122.3753607,47.6261557,-122.3753661,6.198169708251953,13.970749855041504,47.62615614509298,-122.3753602,5.814691178592635,-0.508756757,NEDz,85.42472132015321,0.5006997191611632,10.131658871790208,74.08801132334979,0.531604702,0.5087567567825317,-0.439999998
10/8/2025,11:37:49,2,ALT_HOLD,12.93,44.19453416149084,571.2250429813665,6016.00,79.63888888888889,47.6261564,-122.375349,47.6261554,-122.3753593,6.138911724090576,14.480881690979004,47.62615561211598,-122.3753534,5.823602303214695,-0.481454074,NEDz,90.36918228958908,0.4643863374772279,10.14718583135895,74.31654091918391,0.5135620690080551,0.481454074,-0.419999987
10/8/2025,11:37:50,2,ALT_HOLD,12.924871951219496,43.46432926829278,561.7710665853674,6029.00,79.80555555555556,47.6261559,-122.3753453,47.6261553,-122.3753517,6.135767459869385,15.05630111694336,47.62615558383566,-122.3753458,5.833231547983681,-0.469528228,NEDz,89.97091022995329,0.561857069,10.163964060880655,74.5615101,0.5754280165013179,0.4695282280445099,-0.399999976
10/8/2025,11:37:51,2,ALT_HOLD,12.928892215568892,44.168862275448994,571.0544390419171,6041.00,79.97222222222223,47.626153,-122.3753353,47.6261548,-122.3753443,6.070350170135498,15.608274459838867,47.62615499546074,-122.3753384,5.845928009398683,-0.52530241,NEDz,89.64377382471889,0.49507879675505406,10.18608668304316,74.88574849250479,0.5558363005988086,0.5253024101257324,-0.459999979
10/8/2025,11:37:52,2,ALT_HOLD,12.916842767295616,43.81704402515736,565.9804976100636,6053.00,80.11111111111111,47.626153,-122.3753353,47.6261543,-122.3753378,6.013616561889648,16.092208862304688,47.62615448518843,-122.375332,5.839307929,-0.44659695,NEDz,90.82310022470936,0.47434506157659134,10.174551694443577,74.71695530055968,0.48724861025409205,0.4465969502925873,-0.379999995
10/8/2025,11:37:53,2,ALT_HOLD,12.917807228915677,43.990722891566385,568.2617087951793,6065.00,80.27777777777777,47.6261509,-122.3753254,47.6261528,-122.3753311,5.832589626312256,16.585113525390625,47.62615285699994,-122.3753254,5.896867315453219,-0.512935519,NEDz,101.31956528031067,0.5271178211074278,10.274844564804887,76.19648270950792,0.5250959515140095,0.5129355192184448,-0.449999988
10/8/2025,11:37:54,2,ALT_HOLD,12.931000000000028,43.381205673758956,560.9623705673747,6077.00,80.44444444444444,47.626152,-122.3753133,47.6261511,-122.3753246,5.642731189727783,17.070846557617188,47.62615114937937,-122.375319,4.730638230100591,-0.517181516,NEDz,107.74727467087585,0.4637074500110978,8.242778734266183,61.18911188468661,0.5215197067593046,0.5171815156936646,-0.449999988
10/8/2025,11:37:55,2,ALT_HOLD,12.966275000000016,41.66174999999995,540.14,6089.00,80.58333333333333,47.6261524,-122.375311,47.6261514,-122.3753187,5.750692844390869,17.49084473,47.62615212040548,-122.3753134,5.957249838113785,-0.468377948,NEDz,76.86821410514548,0.3795807076618075,10.38005653610738,77.76617410731457,0.4336521426154916,0.468377948,-0.399999976
10/8/2025,11:37:56,2,ALT_HOLD,12.970017964071864,40.839221556886265,529.6829116766463,6100.00,80.72222222222223,47.6261557,-122.3753039,47.6261542,-122.3753185,6.058793544769287,17.459360122680664,47.62615489151773,-122.3753138,5.937664491687706,-0.473850161,NEDz,142.0199888436475,0.3533067314210766,10.345930553698308,77.25425749729726,0.309705218,0.47385016083717346,-0.409999996
10/8/2025,11:37:57,2,ALT_HOLD,12.945891566265018,44.67445783132516,578.3511514457839,6112.00,80.88888888888889,47.6261547,-122.3752968,47.6261562,-122.3753183,6.281534671783447,17.527986526489258,47.62615689489084,-122.3753129,6.032831255211888,-0.455087334,NEDz,136.34187312245749,0.3423264052673995,10.511751429535892,79.76850599173368,0.23307336390767264,0.4550873339176178,-0.389999986
10/8/2025,11:37:58,2,ALT_HOLD,12.954303797468329,41.46981012658237,537.1424301265808,6124.00,81.02777777777777,47.6261539,-122.375292,47.6261576,-122.3753123,6.403015613555908,17.99234962463379,47.62615798751177,-122.3753067,6.230252969114086,-0.472536087,NEDz,58.50775588115493,0.3972366962440406,10.85574380982002,85.06776157759437,0.47999031879019355,0.4725360870361328,-0.409999996
10/8/2025,11:37:59,2,ALT_HOLD,12.884766871165704,46.30,596.5799061349676,6137.00,81.19444444444444,47.6261564,-122.3752922,47.626156,-122.3753072,6.183862209320068,18.354507446289062,47.62615601640715,-122.3753019,5.939447675014566,-0.55443877,NEDz,112.00323600305276,0.4482066256502655,10.349037615555687,77.31812905179822,0.42330426689823275,0.5544387698173523,-0.48999998
10/8/2025,11:38:00,2,ALT_HOLD,12.896650306748464,46.08398773006148,594.3284444171783,6149.00,81.36111111111111,47.6261553,-122.3752906,47.6261526,-122.3753045,5.783888339996338,18.546615600585938,47.62615241897134,-122.3752993,5.738711585296444,-0.44643265,NEDz,144.8410270730354,0.4575709387934281,9.999270186501375,72.16754647817665,0.4437168456224629,0.4464326500892639,-0.379999995
10/8/2025,11:38:01,2,ALT_HOLD,12.930506024096434,43.142409638554355,557.8267710843393,6161.00,81.52777777777777,47.6261559,-122.375286,47.6261495,-122.3753016,5.468028545379639,18.790206909179688,47.62614957807237,-122.3752961,5.9829517416207185,-0.534490585,NEDz,143.3807351956764,0.29185692642826633,10.424840155854307,78.46466855588268,0.3988785974174585,0.5344905853271484,-0.469999999
10/8/2025,11:38:02,2,ALT_HOLD,13.044392638036829,40.728098159509116,530.5056223312894,6172.00,81.66666666666667,47.6261531,-122.3752837,47.6261486,-122.3752964,5.412794113,19.180675506591797,47.626149081283984,-122.3752909,6.045398636098288,-0.506914437,NEDz,102.96464792844083,0.3971566119077016,10.533649138656155,80.09685901325234,0.3943558901141156,0.5069144368171692,-0.439999998
10/8/2025,11:38:03,2,ALT_HOLD,12.951987499999978,45.334499999999856,587.1703327500018,6185.00,81.83333333333333,47.6261531,-122.3752837,47.626149,-122.3752911,5.423844814300537,19.577075958251953,47.62614918067582,-122.3752856,5.996187394857406,-0.468166858,NEDz,90.00602779854293,0.45699698608368633,10.447902278918217,78.79570467380049,0.39655445536784917,0.46816685795783997,-0.399999976
10/8/2025,11:38:04,2,ALT_HOLD,12.903202797202825,45.61874125874134,588.5955702097895,6197.00,82.00,47.6261477,-122.3752745,47.6261473,-122.3752862,5.242116451263428,19.944847106933594,47.62614754617864,-122.3752807,4.881748206131942,-0.469217271,NEDz,95.61935838,0.320838842,8.506076419775367,65.50484674914857,0.4102204477287314,0.4692172706127167,-0.399999976
10/8/2025,11:38:05,2,ALT_HOLD,12.90796273291929,44.73546583850942,577.4342373913024,6210.00,82.13888888888889,47.6261469,-122.3752657,47.6261486,-122.3752802,5.413728237,20.39387321472168,47.62614908968528,-122.3752748,5.128012372840265,-0.482888073,NEDz,70.67147582304301,0.4356783795060578,8.935173073888349,67.22630627580793,0.48070266332860806,0.4828880727291107,-0.419999987
10/8/2025,11:38:06,2,ALT_HOLD,13.035380952380958,33.08547619047611,431.2812814285709,6219.00,82.27777777777777,47.626147,-122.3752569,47.6261482,-122.3752741,5.330254554748535,20.860567092895508,47.626148338908024,-122.3752686,5.988333253633408,-0.338513702,NEDz,76.39014964,0.30088254667463754,10.434217032846123,78.58095608277563,0.47410023368370013,0.33851370215415955,-0.269999981
10/8/2025,11:38:07,2,ALT_HOLD,12.975506172839449,38.28024691358023,496.23665975308603,6230.00,82.41666666666667,47.6261467,-122.3752521,47.6261478,-122.3752683,5.324056625366211,21.289350509643555,47.62614828316261,-122.3752629,6.220493605107437,-0.250471473,NEDz,83.83381358972287,0.4184550039562178,10.838738857384183,84.81421562647675,0.42882820896806395,0.25047147274017334,-0.189999998
10/8/2025,11:38:08,2,ALT_HOLD,12.865094339622651,47.62553459119508,612.6715182389953,6244.00,82.58333333333333,47.6261482,-122.3752464,47.6261485,-122.3752627,5.399720191955566,21.71034049987793,47.62614896369399,-122.3752572,6.319874022741738,-0.153094113,NEDz,80.35793755938535,0.34804183750782375,11.01190170629242,87.52192435234957,0.4277353705114425,0.1530941128730774,-0.089999996
10/8/2025,11:38:09,2,ALT_HOLD,12.89,44.67658536585351,575.7920862804868,6256.00,82.75,47.6261482,-122.3752464,47.6261484,-122.3752568,5.392113686,22.147790908813477,47.62614889527957,-122.3752514,6.371158419585809,0.000915635,NEDz,80.56902306475686,0.5000650559256716,11.10126088261162,88.95057063,0.43751653593515083,-0.000915635,0.059999999
10/8/2025,11:38:10,2,ALT_HOLD,12.955185185185206,43.92580246913564,569.07,6268.00,82.91666666666667,47.6261476,-122.3752386,47.62615,-122.3752512,5.584671974182129,22.566354751586914,47.626150627182774,-122.3752459,6.446049301712601,-0.041895736,NEDz,61.75071759174213,0.35453664428657955,11.231752571165892,91.05170037857712,0.46073244402353414,0.041895736,0.01
10/8/2025,11:38:11,2,ALT_HOLD,12.915329341317337,32.11,414.4572902994019,6277.00,83.02777777777777,47.6261466,-122.375233,47.6261516,-122.3752481,5.722595691680908,22.799835205078125,47.62615186769306,-122.3752428,6.321257377099134,-0.14461869,NEDz,50.21424639584922,0.25469311897804636,11.0143121,87.56037453114222,0.2711753565705125,0.1446186900138855,-0.079999998
10/8/2025,11:38:12,2,ALT_HOLD,13.04913496932518,24.984846625766767,326.0308684049072,6283.00,83.11111111111111,47.6261491,-122.3752272,47.6261512,-122.375242,5.675880432128906,23.266279220581055,47.62615144752758,-122.3752365,6.446134918306503,0.011166911572217941,NEDz,72.85041386,0.476946638,11.231901751594663,91.08976986538839,0.4687774899389989,-0.011166912,0.07
10/8/2025,11:38:13,2,ALT_HOLD,12.926654088050373,36.658679245283054,473.0803947169815,6295.00,83.25,47.6261511,-122.3752223,47.6261511,-122.3752358,5.682188987731934,23.724645614624023,47.62615150426768,-122.3752305,6.6635848171306105,-0.058952816,NEDz,83.26683526952495,0.31921257959596766,11.61079172681848,97.29933393948089,0.45840980471816983,0.058952816,0
10/8/2025,11:38:14,2,ALT_HOLD,12.941152777777738,42.654722222222155,551.7727343055573,6307.00,83.41666666666667,47.6261514,-122.3752205,47.6261532,-122.3752316,5.954658508300781,24.016279220581055,47.62615395490673,-122.3752266,5.469305389457279,-0.041549791,NEDz,66.16482122634265,0.4276394094857905,9.529850299811915,77.38374119545438,0.39911126238496286,0.041549790650606155,0.01
10/8/2025,11:38:15,2,ALT_HOLD,13.158964071856303,22.016347305389274,289.6489476047899,6313.00,83.50,47.6261514,-122.3752205,47.6261553,-122.3752274,6.153481483459473,24.3605957,47.62615574315567,-122.375222,4.184431064628555,-0.167404264,NEDz,62.99902763319113,0.37270594232096643,7.2910541277618695,59.329366202963136,0.3975983093555462,0.16740426421165466,-0.099999994
10/8/2025,11:38:16,2,ALT_HOLD,13.286251533742387,21.69,288.2438755214731,6319.00,83.58333333333333,47.6261529,-122.3752085,47.6261566,-122.3752215,6.311148643493652,24.78708839416504,47.62615716124187,-122.3752163,6.431104107137107,0.04986389,NEDz,62.42408910670696,0.41343368068794534,11.20571170182979,90.64007041693327,0.45470314367048076,-0.04986389,0.099999994
10/8/2025,11:38:17,19,MANUAL,13.225396341463407,25.007073170731733,330.4884397560966,6326.00,83.66666666666667,47.6261522,-122.3752069,47.6261567,-122.3752186,6.323091506958008,24.988325119018555,47.62615726865807,-122.3752136,6.537072946385639,-0.168104172,NEDz,66.86056889730078,0.37250605261907344,11.39035437627803,93.70911978190695,0.20159080191689746,0.1681041717529297,-0.099999994
10/8/2025,11:38:18,19,MANUAL,13.696099378881954,0.9372670807453443,12.836899378881956,6326.00,83.66666666666667,47.6261542,-122.3752017,47.6261572,-122.3752156,6.346891403198242,25.189552307128906,47.62615748271852,-122.375211,6.788322836715983,-0.075931191,NEDz,67.86375093127329,0.3031559895654643,11.828138276096064,101.17449958236237,0.20262975175389406,0.075931191,-0.01
10/8/2025,11:38:19,19,MANUAL,13.707212500000008,0.8517500000000009,11.674979750000004,6326.00,83.66666666666667,47.6261534,-122.3752053,47.6261554,-122.3752168,6.151099681854248,25.10149383544922,47.62615572,-122.3752121,7.159687313437462,-0.146129102,NEDz,67.43569048199238,0.23792566992342473,12.475212743110763,112.47419092228714,0.21468277197159202,0.14612910151481628,-0.079999998
10/8/2025,11:38:20,19,MANUAL,13.699810810810808,0.9008108108108107,12.338395135135153,6326.00,83.66666666666667,47.6261533,-122.375203,47.6261547,-122.3752166,6.051126003265381,25.138755798339844,47.62615482255214,-122.3752116,7.730945670926893,0.06876567,NEDz,74.37019200509553,0.18725183827651515,13.470587153887752,131.8447333258201,0.10669203479666341,-0.06876567,0.11999999731779099
10/8/2025,11:38:21,19,MANUAL,13.694389312977087,1.0229007633587794,14.007911755725203,6327.00,83.66666666666667,47.6261518,-122.375205,47.6261544,-122.3752164,6.037875652313232,25.118534088134766,47.62615470337614,-122.3752119,1.6632061295836937,-0.181010038,NEDz,69.19663730496184,0.11823581429269478,2.8980106803352235,30.54064206253629,0.024176214839657217,0.18101003766059875,-0.109999999
10/8/2025,11:38:22,19,MANUAL,13.715047244094475,0.7593700787401589,10.41507322834647,6327.00,83.66666666666667,47.6261514,-122.3752041,47.6261531,-122.3752166,5.912963867,25.128711700439453,47.62615357989742,-122.3752118,0,0.6317232847213745,NEDz,77.95098270958978,0.26218532521541665,0,0,0.1253257270296952,-0.631723285,0.6899999976158142
10/8/2025,11:38:23,19,MANUAL,13.722460937499985,0.7860937500000021,10.787197890625004,6327.00,83.66666666666667,47.6261514,-122.3752041,47.626156,-122.3752151,6.2360920906066895,25.241451263427734,47.62615648616986,-122.3752103,0,-0.485162288,NEDz,86.76938391,0.36635595676489174,0,0,0.3422310006893447,0.48516228795051575,-0.439999998
10/8/2025,11:38:24,19,MANUAL,13.713984732824466,0.6899999999999987,9.462649465648846,6327.00,83.66666666666667,47.6261514,-122.3752041,47.626155,-122.3752148,6.081218242645264,25.25530433654785,47.62615509320705,-122.3752101,0,-0.43386966,NEDz,79.56499966107559,0.14787760638553676,0,0,0.15549217477818664,0.4338696599006653,-0.359999985
10/8/2025,11:38:25,19,MANUAL,13.690045801526722,0.8148091603053446,11.154915114503808,6328.00,83.69444444444444,47.6261514,-122.3752041,47.626153,-122.3752148,5.873299598693848,25.246238708496094,47.626153223149956,-122.3752102,0,-0.18786934,NEDz,81.24744110732713,0.1903264697726446,0,0,0.2081161889776202,0.1878693401813507,-0.119999997
10/8/2025,11:38:26,19,MANUAL,13.705023437499975,0.8364062500000012,11.463262187500005,6328.00,83.69444444444444,47.6261514,-122.3752041,47.6261514,-122.3752147,5.685348987579346,25.260101318359375,47.62615153268888,-122.37521,0,0.12269794195890427,NEDz,80.98065163442061,0.17732382181566209,0,0,0.1884611476419909,-0.122697942,0.17999999225139618
10/8/2025,11:38:27,19,MANUAL,13.652335937499965,3.5899218750000075,49.01145773437498,6329.00,83.69444444444444,47.6261514,-122.3752041,47.6261496,-122.3752157,5.4864301681518555,25.174436569213867,47.62614974357778,-122.3752112,0,-0.107015967,NEDz,82.28496670308013,0.29909011,0,0,0.2165805761572105,0.10701596736907959,-0.049999997
10/8/2025,11:38:28,19,MANUAL,13.594929687499976,2.5364062499999958,34.48341257812502,6329.00,83.69444444444444,47.6261514,-122.3752041,47.6261458,-122.3752152,5.033038139343262,25.22489356994629,47.626145665689585,-122.3752105,0,0.077264234,NEDz,81.41593478774881,0.3250586164649576,0,0,0.45619101340346935,-0.077264234,0.12999999523162842
10/8/2025,11:38:29,19,MANUAL,13.668000000000028,0.7112500000000004,9.722639999999993,6329.00,83.72222222222223,47.6261514,-122.3752041,47.6261401,-122.3752166,4.386422634124756,25.106595993041992,47.62613984991524,-122.3752121,0,-0.049149238,NEDz,82.95715640851336,0.46093568252399564,0,0,0.6573476464477618,0.049149238,0.01
10/8/2025,11:38:30,19,MANUAL,13.67,0.8348837209302334,11.411540155038773,6330.00,83.72222222222223,47.6261514,-122.3752041,47.6261318,-122.3752164,3.429807662963867,25.12859535217285,47.626131245950816,-122.3752118,0,0.033211320638656616,NEDz,84.66541990997041,0.5955733056216277,0,0,0.9568678983283515,-0.033211321,0.079999998
10/8/2025,11:38:31,19,MANUAL,13.72379844961241,0.8240310077519365,11.308262015503892,6330.00,83.72222222222223,47.6261514,-122.3752041,47.626121,-122.3752175,2.2210161685943604,25.03186798095703,47.626120373866044,-122.3752131,0,-0.161614239,NEDz,85.59403929861898,0.8647816518480463,0,0,1.212655376107486,0.16161423921585083,-0.089999996
10/8/2025,11:38:32,19,MANUAL,13.68697637795273,0.7960629921259857,10.895374488188978,6330.00,83.72222222222223,47.6261514,-122.3752041,47.626111,-122.3752185,1.1031296253204346,24.973657608032227,47.62611031939649,-122.3752138,0,0.12142830342054367,NEDz,86.49816785143568,0.9549001952794594,0,0,1.1194010769822278,-0.121428303,0.17999999225139618
10/8/2025,11:38:33,19,MANUAL,13.714015267175563,1.873587786259545,25.694413282442785,6331.00,83.72222222222223,47.6261514,-122.3752041,47.6260997,-122.3752194,-0.171095923,24.892236709594727,47.626098858786214,-122.3752149,0,-0.104020879,NEDz,87.82113472,1.1084391542973409,0,0,1.2768242281724758,0.10402087867259979,-0.039999999
10/8/2025,11:38:34,19,MANUAL,13.689843749999959,1.3409375000000034,18.370812187500057,6331.00,83.72222222222223,47.6261514,-122.3752041,47.6260866,-122.3752204,-1.655540586,24.825660705566406,47.626085507427966,-122.3752158,0,-0.063896596,NEDz,88.75932334782024,1.319621106609702,0,0,1.485936849805377,0.063896596,0
10/8/2025,11:38:35,19,MANUAL,13.712571428571422,1.3407142857142846,18.388270714285742,6331.00,83.72222222222223,47.6261514,-122.3752041,47.6260672,-122.3752215,-3.85534668,24.739463806152344,47.62606572198223,-122.3752169,0,-0.020258116,NEDz,88.61021360917036,1.522397478421529,0,0,2.2014942101705337,0.020258115604519844,0.039999999
10/8/2025,11:38:36,19,MANUAL,13.71950381679392,0.7007633587786276,9.614103053435104,6332.00,83.75,47.6261514,-122.3752041,47.6260525,-122.3752224,-5.434608459,24.657468795776367,47.62605151782194,-122.375218,0,0.007820688,NEDz,89.87855084401602,1.3137798518233912,0,0,1.581388930913814,-0.007820688,0.049999997
10/8/2025,11:38:37,19,MANUAL,13.708671999999975,0.7388000000000006,10.12779104000003,6332.00,83.75,47.6261514,-122.3752041,47.6260525,-122.3752224,-5.434608459,24.657468795776367,47.62605151782194,-122.375218,0,0.007820688,NEDz,89.61159663928716,0.2900547957420349,0,0,0,-0.007820688,0.049999997
10/8/2025,11:38:38,19,MANUAL,13.718790322580631,0.7072580645161287,9.702881935483875,6332.00,83.75,47.6261514,-122.3752041,47.6260525,-122.3752224,-5.434608459,24.657468795776367,47.62605151782194,-122.375218,0,0.007820688,NEDz,89.48623655642456,0.4517294531387667,0,0,0,-0.007820688,0.049999997
10/8/2025,11:38:39,19,MANUAL,13.69796850393698,0.7697637795275587,10.544196692913385,6332.00,83.75,47.6261514,-122.3752041,47.6260525,-122.3752224,-5.434608459,24.657468795776367,47.62605151782194,-122.375218,0,0.007820688,NEDz,89.86623502435711,0.6389457283057566,0,0,0,-0.007820688,0.049999997
10/8/2025,11:38:40,19,MANUAL,13.712906249999978,0.7978124999999984,10.940380312499977,6332.00,83.75,47.6261514,-122.3752041,47.6260525,-122.3752224,-5.434608459,24.657468795776367,47.62605151782194,-122.375218,0,0.007820688,NEDz,90.08097504,0.8070622091181576,0,0,0,-0.007820688,0.049999997
10/8/2025,11:38:41,19,MANUAL,13.70562992125988,0.8293700787401559,11.367065905511792,6333.00,83.75,47.6261514,-122.3752041,47.6260525,-122.3752224,-5.434608459,24.657468795776367,47.62605151782194,-122.375218,0,0.007820688,NEDz,90.04014525,0.9161571104695477,0,0,0,-0.007820688,0.049999997
10/8/2025,11:38:42,19,MANUAL,13.709016000000004,0.7490399999999998,10.268607119999979,6333.00,83.75,47.6261514,-122.3752041,47.6260525,-122.3752224,-5.434608459,24.657468795776367,47.62605151782194,-122.375218,0,0.007820688,NEDz,90.47190983649921,0.9605888314247132,0,0,0,-0.007820688,0.049999997
10/8/2025,11:38:43,19,MANUAL,13.684455284552811,0.7526829268292703,10.299373170731695,6333.00,83.75,47.6261514,-122.3752041,47.6260525,-122.3752224,-5.434608459,24.657468795776367,47.62605151782194,-122.375218,0,0.007820688,NEDz,91.78140502118661,1.0220952174527858,0,0,0,-0.007820688,0.049999997
10/8/2025,11:38:44,19,MANUAL,13.718406249999996,0.83,11.372416406250021,6333.00,83.75,47.6261514,-122.3752041,47.6260525,-122.3752224,-5.434608459,24.657468795776367,47.62605151782194,-122.375218,0,0.007820688,NEDz,90.54985103543665,1.1562940534204245,0,0,0,-0.007820688,0.049999997
10/8/2025,11:38:45,19,MANUAL,13.710047619047641,0.7716666666666655,10.579585238095259,6333.00,83.77777777777777,47.6261514,-122.3752041,47.6260525,-122.3752224,-5.434608459,24.657468795776367,47.62605151782194,-122.375218,0,0.007820688,NEDz,92.55113160841859,1.1690784692764282,0,0,0,-0.007820688,0.049999997
10/8/2025,11:38:46,19,MANUAL,13.712936507936492,0.7496031746031755,10.279275238095243,6334.00,83.77777777777777,47.6261514,-122.3752041,47.6260525,-122.3752224,-5.434608459,24.657468795776367,47.62605151782194,-122.375218,0,0.007820688,NEDz,92.63058280819753,1.290790359179179,0,0,0,-0.007820688,0.049999997
10/8/2025,11:38:47,19,MANUAL,13.715612903225797,0.7488709677419364,10.271466129032271,6334.00,83.77777777777777,47.6261514,-122.3752041,47.6260525,-122.3752224,-5.434608459,24.657468795776367,47.62605151782194,-122.375218,0,0.007820688,NEDz,92.6851459,1.2749622521861907,0,0,0,-0.007820688,0.049999997
10/8/2025,11:38:48,19,MANUAL,13.71802400000002,0.7617599999999997,10.449840960000028,6334.00,83.77777777777777,47.6261514,-122.3752041,47.6260525,-122.3752224,-5.434608459,24.657468795776367,47.62605151782194,-122.375218,0,0.007820688,NEDz,93.45538438656807,1.218777386,0,0,0,-0.007820688,0.049999997
10/8/2025,11:38:49,19,MANUAL,13.719872000000027,0.7415200000000007,10.17353791999998,6334.00,83.77777777777777,47.6261514,-122.3752041,47.6260525,-122.3752224,-5.434608459,24.657468795776367,47.62605151782194,-122.375218,0,0.007820688,NEDz,93.72503506405627,1.1726582040786744,0,0,0,-0.007820688,0.049999997
10/8/2025,11:38:50,19,MANUAL,13.723166666666636,0.7941269841269856,10.89817420634922,6335.00,83.77777777777777,47.6261514,-122.3752041,47.6260525,-122.3752224,-5.434608459,24.657468795776367,47.62605151782194,-122.375218,0,0.007820688,NEDz,94.25571579139472,1.1218626063967507,0,0,0,-0.007820688,0.049999997
10/8/2025,11:38:51,19,MANUAL,13.723564516128995,1.17,16.056570483870967,6335.00,83.77777777777777,47.6261514,-122.3752041,47.6260525,-122.3752224,-5.434608459,24.657468795776367,47.62605151782194,-122.375218,0,0.007820688,NEDz,94.26646083568474,1.0223642481911568,0,0,0,-0.007820688,0.049999997
10/8/2025,11:38:52,19,MANUAL,13.69233333333336,0.8309523809523816,11.374411904761896,6335.00,83.77777777777777,47.6261514,-122.3752041,47.6260525,-122.3752224,-5.434608459,24.657468795776367,47.62605151782194,-122.375218,0,0.007820688,NEDz,94.85534189317971,0.9672121433984666,0,0,0,-0.007820688,0.049999997
10/8/2025,11:38:53,19,MANUAL,13.717999999999979,0.8262500000000002,11.33549124999998,6335.00,83.77777777777777,47.6261514,-122.3752041,47.6260525,-122.3752224,-5.434608459,24.657468795776367,47.62605151782194,-122.375218,0,0.007820688,NEDz,95.17051312245547,0.8700135322287679,0,0,0,-0.007820688,0.049999997
10/8/2025,11:38:54,19,MANUAL,13.728772357723535,0.7699999999999997,10.571154715447168,6335.00,83.80555555555556,47.6261514,-122.3752041,47.6260525,-122.3752224,-5.434608459,24.657468795776367,47.62605151782194,-122.375218,0,0.007820688,NEDz,95.31036363523661,0.8248905437748607,0,0,0,-0.007820688,0.049999997
10/8/2025,11:38:55,19,MANUAL,13.731465116279095,0.7695348837209297,10.56683837209302,6336.00,83.80555555555556,47.6261514,-122.3752041,47.6260525,-122.3752224,-5.434608459,24.657468795776367,47.62605151782194,-122.375218,0,0.007820688,NEDz,96.14455611,0.7774425370748653,0,0,0,-0.007820688,0.049999997
10/8/2025,11:38:56,19,MANUAL,13.733776000000018,0.7716799999999985,10.59796063999999,6336.00,83.80555555555556,47.6261514,-122.3752041,47.6260525,-122.3752224,-5.434608459,24.657468795776367,47.62605151782194,-122.375218,0,0.007820688,NEDz,96.63509890485022,0.7296222138404846,0,0,0,-0.007820688,0.049999997
10/8/2025,11:38:57,19,MANUAL,13.737919999999962,1.9600000000000022,26.926323200000017,6336.00,83.80555555555556,47.6261514,-122.3752041,47.6260525,-122.3752224,-5.434608459,24.657468795776367,47.62605151782194,-122.375218,0,0.007820688,NEDz,97.13609830749006,0.7098895077705383,0,0,0,-0.007820688,0.049999997
10/8/2025,11:38:58,19,MANUAL,13.728904761904763,0.9892063492063506,13.583222857142886,6337.00,83.80555555555556,47.6261514,-122.3752041,47.6260525,-122.3752224,-5.434608459,24.657468795776367,47.62605151782194,-122.375218,0,0.007820688,NEDz,97.85533091826056,0.6614498212223962,0,0,0,-0.007820688,0.049999997
10/8/2025,11:38:59,19,MANUAL,13.72375781249996,0.8888281250000022,12.197830546875025,6337.00,83.80555555555556,47.6261514,-122.3752041,47.6260525,-122.3752224,-5.434608459,24.657468795776367,47.62605151782194,-122.375218,0,0.007820688,NEDz,98.38755153816041,0.6189729776233435,0,0,0,-0.007820688,0.049999997
10/8/2025,11:39:00,19,MANUAL,13.74299999999999,0.7195161290322563,9.89,6337.00,83.80555555555556,47.6261514,-122.3752041,47.6260525,-122.3752224,-5.434608459,24.657468795776367,47.62605151782194,-122.375218,0,0.007820688,NEDz,99.25824835169212,0.5219458336791685,0,0,0,-0.007820688,0.049999997
10/8/2025,11:39:01,19,MANUAL,13.724511627906939,0.7613953488372107,10.450832093023276,6337.00,83.80555555555556,47.6261514,-122.3752041,47.6260525,-122.3752224,-5.434608459,24.657468795776367,47.62605151782194,-122.375218,0,0.007820688,NEDz,99.92026598954425,0.5425381408643353,0,0,0,-0.007820688,0.049999997
10/8/2025,11:39:02,19,MANUAL,13.745620967741965,0.7365322580645157,10.124116048387087,6338.00,83.83333333333333,47.6261514,-122.3752041,47.6260525,-122.3752224,-5.434608459,24.657468795776367,47.62605151782194,-122.375218,0,0.007820688,NEDz,100.64444075196347,0.4575852415254039,0,0,0,-0.007820688,0.049999997
10/8/2025,11:39:03,19,MANUAL,13.747000000000018,0.7699999999999997,10.58519000000001,6338.00,83.83333333333333,47.6261514,-122.3752041,47.6260525,-122.3752224,-5.434608459,24.657468795776367,47.62605151782194,-122.375218,0,0.007820688,NEDz,101.25041337249742,0.45784379926420027,0,0,0,-0.007820688,0.049999997
10/8/2025,11:39:04,19,MANUAL,13.73414843750002,0.7914062499999976,10.86917656249997,6338.00,83.83333333333333,47.6261514,-122.3752041,47.6260525,-122.3752224,-5.434608459,24.657468795776367,47.62605151782194,-122.375218,0,0.007820688,NEDz,101.6804263979932,0.43340266356244683,0,0,0,-0.007820688,0.049999997
10/8/2025,11:39:05,19,MANUAL,13.72538709677423,0.7575806451612894,10.398867580645181,6338.00,83.83333333333333,47.6261514,-122.3752041,47.6260525,-122.3752224,-5.434608459,24.657468795776367,47.62605151782194,-122.375218,0,0.007820688,NEDz,102.30090076325467,0.3560444260797193,0,0,0,-0.007820688,0.049999997
10/8/2025,11:39:06,19,MANUAL,13.694855999999982,0.7699999999999997,10.545039120000004,6338.00,83.83333333333333,47.6261514,-122.3752041,47.6260525,-122.3752224,-5.434608459,24.657468795776367,47.62605151782194,-122.375218,0,0.007820688,NEDz,103.1897225,0.38701847910881043,0,0,0,-0.007820688,0.049999997
10/8/2025,11:39:07,19,MANUAL,13.715261904761874,0.8156349206349192,11.186303650793665,6339.00,83.83333333333333,47.6261514,-122.3752041,47.6260525,-122.3752224,-5.434608459,24.657468795776367,47.62605151782194,-122.375218,0,0.007820688,NEDz,103.45204413771016,0.29361931577561395,0,0,0,-0.007820688,0.049999997
10/8/2025,11:39:08,19,MANUAL,13.714142857142802,0.7098412698412709,9.735038730158728,6339.00,83.83333333333333,47.6261514,-122.3752041,47.6260525,-122.3752224,-5.434608459,24.657468795776367,47.62605151782194,-122.375218,0,0.007820688,NEDz,104.32512315102733,0.24628290581324744,0,0,0,-0.007820688,0.049999997
10/8/2025,11:39:09,19,MANUAL,13.650799999999975,0.7402399999999989,10.10488720000001,6339.00,83.83333333333333,47.6261514,-122.3752041,47.6260525,-122.3752224,-5.434608459,24.657468795776367,47.62605151782194,-122.375218,0,0.007820688,NEDz,105.07030002113098,0.227977407,0,0,0,-0.007820688,0.049999997
10/8/2025,11:39:10,19,MANUAL,13.740617187500003,1.4133593750000015,19.42647484375003,6339.00,83.83333333333333,47.6261514,-122.3752041,47.6260525,-122.3752224,-5.434608459,24.657468795776367,47.62605151782194,-122.375218,0,0.007820688,NEDz,105.33524957717057,0.18613419961184263,0,0,0,-0.007820688,0.049999997
10/8/2025,11:39:11,19,MANUAL,13.721177419354833,0.7633870967741918,10.473786774193533,6340.00,83.86111111111111,47.6261514,-122.3752041,47.6260525,-122.3752224,-5.434608459,24.657468795776367,47.62605151782194,-122.375218,0,0.007820688,NEDz,106.30638511253247,0.12162317317580024,0,0,0,-0.007820688,0.049999997
10/8/2025,11:39:12,19,MANUAL,13.710000000000024,0.7508130081300826,10.293646341463392,6340.00,83.86111111111111,47.6261514,-122.3752041,47.6260525,-122.3752224,-5.434608459,24.657468795776367,47.62605151782194,-122.375218,0,0.007820688,NEDz,106.64914518350656,0.16227990400985004,0,0,0,-0.007820688,0.049999997
10/8/2025,11:39:13,19,MANUAL,13.740627906976712,0.8374418604651138,11.50743093023252,6340.00,83.86111111111111,47.6261514,-122.3752041,47.6260525,-122.3752224,-5.434608459,24.657468795776367,47.62605151782194,-122.375218,0,0.007820688,NEDz,107.4671773008609,0.10960270862939746,0,0,0,-0.007820688,0.049999997
10/8/2025,11:39:14,19,MANUAL,13.666190476190463,0.7609523809523803,10.398878095238093,6340.00,83.86111111111111,47.6261514,-122.3752041,47.6260525,-122.3752224,-5.434608459,24.657468795776367,47.62605151782194,-122.375218,0,0.007820688,NEDz,108.01561725147941,0.1370607136733948,0,0,0,-0.007820688,0.049999997
10/8/2025,11:39:15,19,MANUAL,13.679629921259886,0.8102362204724421,11.083682362204744,6341.00,83.86111111111111,47.6261514,-122.3752041,47.6260525,-122.3752224,-5.434608459,24.657468795776367,47.62605151782194,-122.375218,0,0.007820688,NEDz,108.43241114905686,0.1380573257686585,0,0,0,-0.007820688,0.049999997
10/8/2025,11:39:16,19,MANUAL,13.747304000000018,0.79,10.854877919999979,6341.00,83.86111111111111,47.6261514,-122.3752041,47.6260525,-122.3752224,-5.434608459,24.657468795776367,47.62605151782194,-122.375218,0,0.007820688,NEDz,109.05529941599217,0.10510348284244538,0,0,0,-0.007820688,0.049999997
10/8/2025,11:39:17,19,MANUAL,13.72770400000002,0.81,11.102716319999994,6341.00,83.86111111111111,47.6261514,-122.3752041,47.6260525,-122.3752224,-5.434608459,24.657468795776367,47.62605151782194,-122.375218,0,0.007820688,NEDz,109.62606679677697,0.1688757516145706,0,0,0,-0.007820688,0.049999997
10/8/2025,11:39:18,19,MANUAL,13.73378740157481,0.8411811023622059,11.552328425196873,6341.00,83.86111111111111,47.6261514,-122.3752041,47.6260525,-122.3752224,-5.434608459,24.657468795776367,47.62605151782194,-122.375218,0,0.007820688,NEDz,109.96202857169607,0.21047810916825543,0,0,0,-0.007820688,0.049999997
10/8/2025,11:39:19,19,MANUAL,13.731040650406538,1.4608943089430892,20.05549544715448,6342.00,83.88888888888889,47.6261514,-122.3752041,47.6260525,-122.3752224,-5.434608459,24.657468795776367,47.62605151782194,-122.375218,0,0.007820688,NEDz,110.31596888922354,0.21839451184117697,0,0,0,-0.007820688,0.049999997
10/8/2025,11:39:20,19,MANUAL,13.739212598425214,0.7728346456692886,10.618666141732271,6342.00,83.88888888888889,47.6261514,-122.3752041,47.6260525,-122.3752224,-5.434608459,24.657468795776367,47.62605151782194,-122.375218,0,0.007820688,NEDz,111.05554492333306,0.24332348075438673,0,0,0,-0.007820688,0.049999997
10/8/2025,11:39:21,19,MANUAL,13.738524193548416,0.7995161290322562,10.98418693548385,6342.00,83.88888888888889,47.6261514,-122.3752041,47.6260525,-122.3752224,-5.434608459,24.657468795776367,47.62605151782194,-122.375218,0,0.007820688,NEDz,110.89449043672248,0.3102217131564694,0,0,0,-0.007820688,0.049999997
10/8/2025,11:39:22,19,MANUAL,13.706507812499973,0.9939843750000025,13.62,6342.00,83.88888888888889,47.6261514,-122.3752041,47.6260525,-122.3752224,-5.434608459,24.657468795776367,47.62605151782194,-122.375218,0,0.007820688,NEDz,111.55934520923546,0.26566961081698537,0,0,0,-0.007820688,0.049999997
10/8/2025,11:39:23,19,MANUAL,13.723178861788629,0.7800813008130066,10.704749837398367,6343.00,83.88888888888889,47.6261514,-122.3752041,47.6260525,-122.3752224,-5.434608459,24.657468795776367,47.62605151782194,-122.375218,0,0.007820688,NEDz,112.07557838243018,0.24501261502746643,0,0,0,-0.007820688,0.049999997
10/8/2025,11:39:24,19,MANUAL,13.721303999999975,0.8294399999999987,11.380985119999997,6343.00,83.88888888888889,47.6261514,-122.3752041,47.6260525,-122.3752224,-5.434608459,24.657468795776367,47.62605151782194,-122.375218,0,0.007820688,NEDz,112.29819269232341,0.25238022112846376,0,0,0,-0.007820688,0.049999997
10/8/2025,11:39:25,19,MANUAL,13.72294531249996,0.7618750000000013,10.455215937500016,6343.00,83.88888888888889,47.6261514,-122.3752041,47.6260525,-122.3752224,-5.434608459,24.657468795776367,47.62605151782194,-122.375218,0,0.007820688,NEDz,112.84556870760929,0.243703953,0,0,0,-0.007820688,0.049999997
10/8/2025,11:39:26,19,MANUAL,13.739285714285732,0.7955555555555562,10.930762063492036,6343.00,83.88888888888889,47.6261514,-122.3752041,47.6260525,-122.3752224,-5.434608459,24.657468795776367,47.62605151782194,-122.375218,0,0.007820688,NEDz,113.61061929171025,0.25038740618361366,0,0,0,-0.007820688,0.049999997
10/8/2025,11:39:27,19,MANUAL,13.747936507936537,0.7395238095238091,10.16692571428571,6343.00,83.88888888888889,47.6261514,-122.3752041,47.6260525,-122.3752224,-5.434608459,24.657468795776367,47.62605151782194,-122.375218,0,0.007820688,NEDz,113.4603243399109,0.3034470320220978,0,0,0,-0.007820688,0.049999997
10/8/2025,11:39:28,19,MANUAL,13.731666666666703,0.73,10.061457460317476,6344.00,83.91666666666667,47.6261514,-122.3752041,47.6260525,-122.3752224,-5.434608459,24.657468795776367,47.62605151782194,-122.375218,0,0.007820688,NEDz,114.6731543632644,0.2550012283618488,0,0,0,-0.007820688,0.049999997
10/8/2025,11:39:29,19,MANUAL,13.744415999999962,0.9597599999999972,13.19125439999998,6344.00,83.91666666666667,47.6261514,-122.3752041,47.6260525,-122.3752224,-5.434608459,24.657468795776367,47.62605151782194,-122.375218,0,0.007820688,NEDz,115.12341809773864,0.309521041,0,0,0,-0.007820688,0.049999997
10/8/2025,11:39:30,19,MANUAL,13.675149606299197,0.8206299212598399,11.222144251968517,6344.00,83.91666666666667,47.6261514,-122.3752041,47.6260525,-122.3752224,-5.434608459,24.657468795776367,47.62605151782194,-122.375218,0,0.007820688,NEDz,115.39075752483126,0.2990325109695825,0,0,0,-0.007820688,0.049999997
10/8/2025,11:39:31,19,MANUAL,13.73,0.7255999999999984,9.961838239999995,6344.00,83.91666666666667,47.6261514,-122.3752041,47.6260525,-122.3752224,-5.434608459,24.657468795776367,47.62605151782194,-122.375218,0,0.007820688,NEDz,116.53004430356324,0.256819243,0,0,0,-0.007820688,0.049999997
10/8/2025,11:39:32,19,MANUAL,13.720428571428531,0.7949206349206366,10.906532063492088,6345.00,83.91666666666667,47.6261514,-122.3752041,47.6260525,-122.3752224,-5.434608459,24.657468795776367,47.62605151782194,-122.375218,0,0.007820688,NEDz,116.60712605867946,0.14237809825747733,0,0,0,-0.007820688,0.049999997
10/8/2025,11:39:33,19,MANUAL,13.684672000000004,0.7492000000000001,10.252505599999992,6345.00,83.91666666666667,47.6261514,-122.3752041,47.6260525,-122.3752224,-5.434608459,24.657468795776367,47.62605151782194,-122.375218,0,0.007820688,NEDz,116.59862005852844,0.066837723,0,0,0,-0.007820688,0.049999997
10/8/2025,11:39:34,19,MANUAL,13.73,0.7390243902439032,10.142985365853662,6345.00,83.91666666666667,47.6261514,-122.3752041,47.6260525,-122.3752224,-5.434608459,24.657468795776367,47.62605151782194,-122.375218,0,0.007820688,NEDz,117.03123629488128,0.043420864,0,0,0,-0.007820688,0.049999997
10/8/2025,11:39:35,19,MANUAL,13.745920000000034,0.8120800000000016,11.162749440000006,6345.00,83.91666666666667,47.6261514,-122.3752041,47.6260525,-122.3752224,-5.434608459,24.657468795776367,47.62605151782194,-122.375218,0,0.007820688,NEDz,117.20031732259208,0.047482397966086866,0,0,0,-0.007820688,0.049999997
10/8/2025,11:39:36,19,MANUAL,13.723769841269807,0.9506349206349226,13.046314682539698,6346.00,83.91666666666667,47.6261514,-122.3752041,47.6260525,-122.3752224,-5.434608459,24.657468795776367,47.62605151782194,-122.375218,0,0.007820688,NEDz,116.90883795636898,0.021296065452227755,0,0,0,-0.007820688,0.049999997
10/8/2025,11:39:37,19,MANUAL,13.750903225806475,0.8806451612903223,12.110301290322607,6346.00,83.94444444444444,47.6261514,-122.3752041,47.6260525,-122.3752224,-5.434608459,24.657468795776367,47.62605151782194,-122.375218,0,0.007820688,NEDz,117.36550353345316,0.057678127,0,0,0,-0.007820688,0.049999997
10/8/2025,11:39:38,19,MANUAL,13.725293650793647,0.7573809523809498,10.394990158730161,6346.00,83.94444444444444,47.6261514,-122.3752041,47.6260525,-122.3752224,-5.434608459,24.657468795776367,47.62605151782194,-122.375218,0,0.007820688,NEDz,117.35600003342246,0.084519585,0,0,0,-0.007820688,0.049999997
10/8/2025,11:39:39,19,MANUAL,13.744911999999996,0.7675999999999998,10.550587040000016,6346.00,83.94444444444444,47.6261514,-122.3752041,47.6260525,-122.3752224,-5.434608459,24.657468795776367,47.62605151782194,-122.375218,0,0.007820688,NEDz,117.40916396220213,0.044921029,0,0,0,-0.007820688,0.049999997
10/8/2025,11:39:40,19,MANUAL,13.746032786885221,0.7044262295081964,9.68,6346.00,83.94444444444444,47.6261514,-122.3752041,47.6260525,-122.3752224,-5.434608459,24.657468795776367,47.62605151782194,-122.375218,0,0.007820688,NEDz,118.08233210717478,0.055098333380749966,0,0,0,-0.007820688,0.049999997
10/8/2025,11:39:41,19,MANUAL,13.725849206349238,0.78,10.737835793650792,6347.00,83.94444444444444,47.6261514,-122.3752041,47.6260525,-122.3752224,-5.434608459,24.657468795776367,47.62605151782194,-122.375218,0,0.007820688,NEDz,118.2782129340675,0.043413184937976655,0,0,0,-0.007820688,0.049999997
10/8/2025,11:39:42,19,MANUAL,13.747000000000018,0.7947580645161305,10.925539112903252,6347.00,83.94444444444444,47.6261514,-122.3752041,47.6260525,-122.3752224,-5.434608459,24.657468795776367,47.62605151782194,-122.375218,0,0.007820688,NEDz,118.4325103977041,0.062469119,0,0,0,-0.007820688,0.049999997
10/8/2025,11:39:43,19,MANUAL,13.743669354838707,0.7671774193548385,10.543989919354853,6347.00,83.94444444444444,47.6261514,-122.3752041,47.6260525,-122.3752224,-5.434608459,24.657468795776367,47.62605151782194,-122.375218,0,0.007820688,NEDz,118.48956605244277,0.073110405,0,0,0,-0.007820688,0.049999997
10/8/2025,11:39:44,19,MANUAL,13.73315625000003,0.7180468750000005,9.860426015624997,6347.00,83.94444444444444,47.6261514,-122.3752041,47.6260525,-122.3752224,-5.434608459,24.657468795776367,47.62605151782194,-122.375218,0,0.007820688,NEDz,116.57825486938587,0.077603589,0,0,0,-0.007820688,0.049999997
10/8/2025,11:39:45,19,MANUAL,13.742349593495925,0.7695121951219509,10.574924796748002,6347.00,83.94444444444444,47.6261514,-122.3752041,47.6260525,-122.3752224,-5.434608459,24.657468795776367,47.62605151782194,-122.375218,0,0.007820688,NEDz,116.85290105519218,0.069720597,0,0,0,-0.007820688,0.049999997
10/8/2025,11:39:46,19,MANUAL,13.66259677419352,0.7209677419354852,9.851140322580646,6348.00,83.94444444444444,47.6261514,-122.3752041,47.6260525,-122.3752224,-5.434608459,24.657468795776367,47.62605151782194,-122.375218,0,0.007820688,NEDz,115.93498640023464,0.072272198,0,0,0,-0.007820688,0.049999997
10/8/2025,11:39:47,19,MANUAL,13.657677419354856,0.7399999999999989,10.106681290322593,6348.00,83.97222222222223,47.6261514,-122.3752041,47.6260525,-122.3752224,-5.434608459,24.657468795776367,47.62605151782194,-122.375218,0,0.007820688,NEDz,115.70173488925703,0.049210267,0,0,0,-0.007820688,0.049999997
10/8/2025,11:39:48,19,MANUAL,13.672755905511776,0.8266929133858282,11.304292913385844,6348.00,83.97222222222223,47.6261514,-122.3752041,47.6260525,-122.3752224,-5.434608459,24.657468795776367,47.62605151782194,-122.375218,0,0.007820688,NEDz,114.83771979678606,0.041715317,0,0,0,-0.007820688,0.049999997
10/8/2025,11:39:49,19,MANUAL,13.73661788617884,1.3974796747967442,19.198253658536593,6348.00,83.97222222222223,47.6261514,-122.3752041,47.6260525,-122.3752224,-5.434608459,24.657468795776367,47.62605151782194,-122.375218,0,0.007820688,NEDz,114.30200465101066,0.027733807,0,0,0,-0.007820688,0.049999997
10/8/2025,11:39:50,19,MANUAL,13.72658064516133,0.7324999999999983,10.055045483870966,6349.00,83.97222222222223,47.6261514,-122.3752041,47.6260525,-122.3752224,-5.434608459,24.657468795776367,47.62605151782194,-122.375218,0,0.007820688,NEDz,113.41425738588165,0.04398979,0,0,0,-0.007820688,0.049999997
10/8/2025,11:39:51,19,MANUAL,13.718634920634928,0.9365079365079351,12.847612698412672,6349.00,83.97222222222223,47.6261514,-122.3752041,47.6260525,-122.3752224,-5.434608459,24.657468795776367,47.62605151782194,-122.375218,0,0.007820688,NEDz,113.04578010227814,0.066467031,0,0,0,-0.007820688,0.049999997
10/8/2025,11:39:52,19,MANUAL,13.73202459016395,0.7199999999999992,9.89,6349.00,83.97222222222223,47.6261514,-122.3752041,47.6260525,-122.3752224,-5.434608459,24.657468795776367,47.62605151782194,-122.375218,0,0.007820688,NEDz,112.12690424313372,0.060558737912138956,0,0,0,-0.007820688,0.049999997
10/8/2025,11:39:53,19,MANUAL,13.749039370078762,0.7785826771653533,10.704786141732297,6349.00,83.97222222222223,47.6261514,-122.3752041,47.6260525,-122.3752224,-5.434608459,24.657468795776367,47.62605151782194,-122.375218,0,0.007820688,NEDz,111.2130931322466,0.047502398050910846,0,0,0,-0.007820688,0.049999997
10/8/2025,11:39:54,19,MANUAL,13.725744000000015,1.7760000000000036,24.376459199999967,6350.00,84.00,47.6261514,-122.3752041,47.6260525,-122.3752224,-5.434608459,24.657468795776367,47.62605151782194,-122.375218,0,0.007820688,NEDz,110.44386687485866,0.063625451,0,0,0,-0.007820688,0.049999997
10/8/2025,11:39:55,19,MANUAL,13.745991869918724,0.74,10.209973333333355,6350.00,84.00,47.6261514,-122.3752041,47.6260525,-122.3752224,-5.434608459,24.657468795776367,47.62605151782194,-122.375218,0,0.007820688,NEDz,109.09988347157909,0.020152272389183292,0,0,0,-0.007820688,0.049999997
10/8/2025,11:39:56,19,MANUAL,13.742301587301606,0.8414285714285689,11.56376603174602,6350.00,84.00,47.6261514,-122.3752041,47.6260525,-122.3752224,-5.434608459,24.657468795776367,47.62605151782194,-122.375218,0,0.007820688,NEDz,108.14706971704909,0.062448537538922023,0,0,0,-0.007820688,0.049999997
10/8/2025,11:39:57,19,MANUAL,13.712198412698404,0.7600000000000006,10.421274761904767,6350.00,84.00,47.6261514,-122.3752041,47.6260525,-122.3752224,-5.434608459,24.657468795776367,47.62605151782194,-122.375218,0,0.007820688,NEDz,107.18044340291038,0.044245533,0,0,0,-0.007820688,0.049999997
10/8/2025,11:39:58,19,MANUAL,13.744471999999972,0.7792000000000017,10.709704160000005,6351.00,84.00,47.6261514,-122.3752041,47.6260525,-122.3752224,-5.434608459,24.657468795776367,47.62605151782194,-122.375218,0,0.007820688,NEDz,106.36204982172019,0.057049092635512354,0,0,0,-0.007820688,0.049999997
10/8/2025,11:39:59,19,MANUAL,13.723744000000009,1.112799999999997,15.27867712000003,6351.00,84.00,47.6261514,-122.3752041,47.6260525,-122.3752224,-5.434608459,24.657468795776367,47.62605151782194,-122.375218,0,0.007820688,NEDz,105.43976101794188,0.041912542,0,0,0,-0.007820688,0.049999997
10/8/2025,11:40:00,19,MANUAL,13.715496000000028,0.9752000000000011,13.37518128000001,6351.00,84.00,47.6261514,-122.3752041,47.6260525,-122.3752224,-5.434608459,24.657468795776367,47.62605151782194,-122.375218,0,0.007820688,NEDz,104.3388472491777,0.048616484418511394,0,0,0,-0.007820688,0.049999997
10/8/2025,11:40:01,19,MANUAL,13.730407999999997,0.7965600000000015,10.936733519999992,6351.00,84.00,47.6261514,-122.3752041,47.6260525,-122.3752224,-5.434608459,24.657468795776367,47.62605151782194,-122.375218,0,0.007820688,NEDz,103.37950341239736,0.048763791233301164,0,0,0,-0.007820688,0.049999997
10/8/2025,11:40:02,19,MANUAL,13.72103278688524,0.7716393442622954,10.584839508196742,6352.00,84.00,47.6261514,-122.3752041,47.6260525,-122.3752224,-5.434608459,24.657468795776367,47.62605151782194,-122.375218,0,0.007820688,NEDz,101.6735526593692,0.049823084,0,0,0,-0.007820688,0.049999997
10/8/2025,11:40:03,19,MANUAL,13.744351562500023,0.7109374999999988,9.77,6352.00,84.02777777777777,47.6261514,-122.3752041,47.6260525,-122.3752224,-5.434608459,24.657468795776367,47.62605151782194,-122.375218,0,0.007820688,NEDz,100.84138835126753,0.045403855,0,0,0,-0.007820688,0.049999997
10/8/2025,11:40:04,19,MANUAL,13.73954471544713,0.74,10.163968780487801,6352.00,84.02777777777777,47.6261514,-122.3752041,47.6260525,-122.3752224,-5.434608459,24.657468795776367,47.62605151782194,-122.375218,0,0.007820688,NEDz,98.73350801465466,0.05164325,0,0,0,-0.007820688,0.049999997
10/8/2025,11:40:05,19,MANUAL,13.728196721311472,0.7486885245901658,10.27790360655739,6352.00,84.02777777777777,47.6261514,-122.3752041,47.6260525,-122.3752224,-5.434608459,24.657468795776367,47.62605151782194,-122.375218,0,0.007820688,NEDz,97.55945791433271,0.068269355,0,0,0,-0.007820688,0.049999997
10/8/2025,11:40:06,19,MANUAL,13.711047619047639,0.7399999999999989,10.146175238095216,6352.00,84.02777777777777,47.6261514,-122.3752041,47.6260525,-122.3752224,-5.434608459,24.657468795776367,47.62605151782194,-122.375218,0,0.007820688,NEDz,95.72389596037956,0.060213110572288904,0,0,0,-0.007820688,0.049999997
10/8/2025,11:40:07,19,MANUAL,13.688679999999975,0.7372800000000018,10.095496320000029,6353.00,84.02777777777777,47.6261514,-122.3752041,47.6260525,-122.3752224,-5.434608459,24.657468795776367,47.62605151782194,-122.375218,0,0.007820688,NEDz,94.06777494015488,0.1031507734656334,0,0,0,-0.007820688,0.049999997
10/8/2025,11:40:08,19,MANUAL,13.67655999999998,0.7634400000000016,10.441044959999996,6353.00,84.02777777777777,47.6261514,-122.3752041,47.6260525,-122.3752224,-5.434608459,24.657468795776367,47.62605151782194,-122.375218,0,0.007820688,NEDz,92.44505794,0.10213135331869125,0,0,0,-0.007820688,0.049999997
10/8/2025,11:40:09,19,MANUAL,13.693677419354813,0.8355645161290304,11.441251129032242,6353.00,84.02777777777777,47.6261514,-122.3752041,47.6260525,-122.3752224,-5.434608459,24.657468795776367,47.62605151782194,-122.375218,0,0.007820688,NEDz,91.04868881841698,0.049709141,0,0,0,-0.007820688,0.049999997
10/8/2025,11:40:10,19,MANUAL,13.713999999999967,0.8000000000000027,10.971199999999964,6353.00,84.02777777777777,47.6261514,-122.3752041,47.6260525,-122.3752224,-5.434608459,24.657468795776367,47.62605151782194,-122.375218,0,0.007820688,NEDz,90.00353371227904,0.076707691,0,0,0,-0.007820688,0.049999997
10/8/2025,11:40:11,19,MANUAL,13.71081724845996,0.8203696098562657,11.247493388090357,6353.00,84.02777777777777,47.6261514,-122.3752041,47.6260525,-122.3752224,-5.434608459,24.657468795776367,47.62605151782194,-122.375218,0,0.007820688,NEDz,89.83840453440035,0.076010175,0,0,0,-0.007820688,0.049999997
10/8/2025,11:40:12,19,MANUAL,13.689000000000009,0.9599999999999962,13.141440000000019,6354.00,84.05555555555556,47.6261514,-122.3752041,47.6260525,-122.3752224,-5.434608459,24.657468795776367,47.62605151782194,-122.375218,0,0.007820688,NEDz,87.31541688192812,0.063892673,0,0,0,-0.007820688,0.049999997
10/8/2025,11:40:13,19,MANUAL,13.698933673469348,0.8230612244897957,11.274844897959147,6354.00,84.05555555555556,47.6261514,-122.3752041,47.6260525,-122.3752224,-5.434608459,24.657468795776367,47.62605151782194,-122.375218,0,0.007820688,NEDz,84.81840982180861,0.050746742,0,0,0,-0.007820688,0.049999997
10/8/2025,11:40:14,19,MANUAL,13.712816326530671,0.82,11.304005170067995,6354.00,84.05555555555556,47.6261514,-122.3752041,47.6260525,-122.3752224,-5.434608459,24.657468795776367,47.62605151782194,-122.375218,0,0.007820688,NEDz,83.09388583857202,0.062504369,0,0,0,-0.007820688,0.049999997
10/8/2025,11:40:15,19,MANUAL,13.730510067114096,0.7614093959731549,10.454513288590604,6354.00,84.05555555555556,47.6261514,-122.3752041,47.6260525,-122.3752224,-5.434608459,24.657468795776367,47.62605151782194,-122.375218,0,0.007820688,NEDz,80.76966927445633,0.067758192,0,0,0,-0.007820688,0.049999997
10/8/2025,11:40:16,19,MANUAL,13.720221476510025,0.8151006711409404,11.183878859060394,6355.00,84.05555555555556,47.6261514,-122.3752041,47.6260525,-122.3752224,-5.434608459,24.657468795776367,47.62605151782194,-122.375218,0,0.007820688,NEDz,78.86545855741322,0.037993489,0,0,0,-0.007820688,0.049999997
10/8/2025,11:40:17,19,MANUAL,13.73104761904759,1.4907482993197299,20.484218231292488,6355.00,84.05555555555556,47.6261514,-122.3752041,47.6260525,-122.3752224,-5.434608459,24.657468795776367,47.62605151782194,-122.375218,0,0.007820688,NEDz,76.34275174059837,0.027669032972280672,0,0,0,-0.007820688,0.049999997
10/8/2025,11:40:18,19,MANUAL,13.74794594594598,1.8405405405405397,25.310021621621694,6356.00,84.05555555555556,47.6261514,-122.3752041,47.6260525,-122.3752224,-5.434608459,24.657468795776367,47.62605151782194,-122.375218,0,0.007820688,NEDz,74.29109476866267,0.056845004,0,0,0,-0.007820688,0.049999997
10/8/2025,11:40:19,19,MANUAL,13.69,0.8900662251655637,12.181579867549646,6356.00,84.08333333333333,47.6261514,-122.3752041,47.6260525,-122.3752224,-5.434608459,24.657468795776367,47.62605151782194,-122.375218,0,0.007820688,NEDz,71.51983984062964,0.054798857,0,0,0,-0.007820688,0.049999997
10/8/2025,11:40:20,19,MANUAL,13.680612244897997,0.8876190476190464,12.144152380952358,6356.00,84.08333333333333,47.6261514,-122.3752041,47.6260525,-122.3752224,-5.434608459,24.657468795776367,47.62605151782194,-122.375218,0,0.007820688,NEDz,69.38927839948894,0.089169535,0,0,0,-0.007820688,0.049999997
10/8/2025,11:40:21,19,MANUAL,13.71233986928105,0.9011764705882379,12.357363137254886,6356.00,84.08333333333333,47.6261514,-122.3752041,47.6260525,-122.3752224,-5.434608459,24.657468795776367,47.62605151782194,-122.375218,0,0.007820688,NEDz,66.72447393060146,0.052533155112387306,0,0,0,-0.007820688,0.049999997
10/8/2025,11:40:22,19,MANUAL,13.72313513513515,0.7526351351351355,10.32892783783785,6356.00,84.08333333333333,47.6261514,-122.3752041,47.6260525,-122.3752224,-5.434608459,24.657468795776367,47.62605151782194,-122.375218,0,0.007820688,NEDz,64.64786214537787,0.097135786,0,0,0,-0.007820688,0.049999997
10/8/2025,11:40:23,19,MANUAL,13.731798657718125,0.75,10.25271530201345,6357.00,84.08333333333333,47.6261514,-122.3752041,47.6260525,-122.3752224,-5.434608459,24.657468795776367,47.62605151782194,-122.375218,0,0.007820688,NEDz,62.78951070230058,0.098372537,0,0,0,-0.007820688,0.049999997
10/8/2025,11:40:24,19,MANUAL,13.741281690140806,1.135492957746477,15.602219436619738,6357.00,84.08333333333333,47.6261514,-122.3752041,47.6260525,-122.3752224,-5.434608459,24.657468795776367,47.62605151782194,-122.375218,0,0.007820688,NEDz,61.11249258828001,0.11095367608145928,0,0,0,-0.007820688,0.049999997
10/8/2025,11:40:25,19,MANUAL,13.701194805194786,1.071753246753245,14.686515129870106,6357.00,84.08333333333333,47.6261514,-122.3752041,47.6260525,-122.3752224,-5.434608459,24.657468795776367,47.62605151782194,-122.375218,0,0.007820688,NEDz,59.53919501831118,0.10537491373524263,0,0,0,-0.007820688,0.049999997
10/8/2025,11:40:26,19,MANUAL,13.707708609271517,0.7727814569536436,10.592779933774827,6357.00,84.08333333333333,47.6261514,-122.3752041,47.6260525,-122.3752224,-5.434608459,24.657468795776367,47.62605151782194,-122.375218,0,0.007820688,NEDz,58.04690116070479,0.11346504467212601,0,0,0,-0.007820688,0.049999997
10/8/2025,11:40:27,19,MANUAL,13.719465753424672,0.7511643835616427,10.305545136986309,6358.00,84.08333333333333,47.6261514,-122.3752041,47.6260525,-122.3752224,-5.434608459,24.657468795776367,47.62605151782194,-122.375218,0,0.007820688,NEDz,56.19811438419922,0.06925169,0,0,0,-0.007820688,0.049999997
10/8/2025,11:40:28,19,MANUAL,13.691577181208078,0.79,10.841103422818817,6358.00,84.11111111111111,47.6261514,-122.3752041,47.6260525,-122.3752224,-5.434608459,24.657468795776367,47.62605151782194,-122.375218,0,0.007820688,NEDz,54.60896338308928,0.082474108,0,0,0,-0.007820688,0.049999997
10/8/2025,11:40:29,19,MANUAL,13.656727272727311,0.7477272727272735,10.213102272727271,6358.00,84.11111111111111,47.6261514,-122.3752041,47.6260525,-122.3752224,-5.434608459,24.657468795776367,47.62605151782194,-122.375218,0,0.007820688,NEDz,52.76461276898088,0.073331918,0,0,0,-0.007820688,0.049999997
10/8/2025,11:40:30,19,MANUAL,13.71458108108108,0.7556756756756766,10.363715270270268,6358.00,84.11111111111111,47.6261514,-122.3752041,47.6260525,-122.3752224,-5.434608459,24.657468795776367,47.62605151782194,-122.375218,0,0.007820688,NEDz,50.76529142911178,0.058667385,0,0,0,-0.007820688,0.049999997
10/8/2025,11:40:31,19,MANUAL,13.71804729729726,0.8377702702702698,11.493003648648633,6359.00,84.11111111111111,47.6261514,-122.3752041,47.6260525,-122.3752224,-5.434608459,24.657468795776367,47.62605151782194,-122.375218,0,0.007820688,NEDz,49.635063384107866,0.062282363,0,0,0,-0.007820688,0.049999997
10/8/2025,11:40:32,19,MANUAL,13.720885906040238,0.8446308724832188,11.589396241610718,6359.00,84.11111111111111,47.6261514,-122.3752041,47.6260525,-122.3752224,-5.434608459,24.657468795776367,47.62605151782194,-122.375218,0,0.007820688,NEDz,47.133132566584216,0.075958576,0,0,0,-0.007820688,0.049999997
10/8/2025,11:40:33,19,MANUAL,13.716731543624123,0.7070469798657704,9.698431879194622,6359.00,84.11111111111111,47.6261514,-122.3752041,47.6260525,-122.3752224,-5.434608459,24.657468795776367,47.62605151782194,-122.375218,0,0.007820688,NEDz,46.206876311097574,0.059547786,0,0,0,-0.007820688,0.049999997
10/8/2025,11:40:34,19,MANUAL,13.720755102040776,0.7563265306122466,10.37830326530614,6359.00,84.11111111111111,47.6261514,-122.3752041,47.6260525,-122.3752224,-5.434608459,24.657468795776367,47.62605151782194,-122.375218,0,0.007820688,NEDz,43.78888117,0.090823897,0,0,0,-0.007820688,0.049999997
10/8/2025,11:40:35,19,MANUAL,13.728946308724865,0.7746308724832217,10.634720134228203,6359.00,84.11111111111111,47.6261514,-122.3752041,47.6260525,-122.3752224,-5.434608459,24.657468795776367,47.62605151782194,-122.375218,0,0.007820688,NEDz,42.44887292685445,0.052613366070209736,0,0,0,-0.007820688,0.049999997
10/8/2025,11:40:36,19,MANUAL,13.731614379084954,0.7908496732026132,10.859932026143804,6360.00,84.11111111111111,47.6261514,-122.3752041,47.6260525,-122.3752224,-5.434608459,24.657468795776367,47.62605151782194,-122.375218,0,0.007820688,NEDz,40.51748539569047,0.048908840499672236,0,0,0,-0.007820688,0.049999997
10/8/2025,11:40:37,19,MANUAL,13.72722147651003,0.7575167785234902,10.399055973154367,6360.00,84.13888888888889,47.6261514,-122.3752041,47.6260525,-122.3752224,-5.434608459,24.657468795776367,47.62605151782194,-122.375218,0,0.007820688,NEDz,39.205069332628675,0.034409384,0,0,0,-0.007820688,0.049999997
10/8/2025,11:40:38,19,MANUAL,13.717999999999966,0.8562837837837824,11.745572972972965,6360.00,84.13888888888889,47.6261514,-122.3752041,47.6260525,-122.3752224,-5.434608459,24.657468795776367,47.62605151782194,-122.375218,0,0.007820688,NEDz,37.524877907762665,0.017459103,0,0,0,-0.007820688,0.049999997
10/8/2025,11:40:39,19,MANUAL,13.695297297297307,0.7514189189189197,10.290849729729759,6360.00,84.13888888888889,47.6261514,-122.3752041,47.6260525,-122.3752224,-5.434608459,24.657468795776367,47.62605151782194,-122.375218,0,0.007820688,NEDz,36.37836959922286,0.026376616,0,0,0,-0.007820688,0.049999997
10/8/2025,11:40:40,19,MANUAL,13.688899999999943,0.8075999999999994,11.05510880000001,6361.00,84.13888888888889,47.6261514,-122.3752041,47.6260525,-122.3752224,-5.434608459,24.657468795776367,47.62605151782194,-122.375218,0,0.007820688,NEDz,35.272275855665725,0.069124172,0,0,0,-0.007820688,0.049999997
10/8/2025,11:40:41,19,MANUAL,13.725410958904092,0.7329452054794529,10.05966575342467,6361.00,84.13888888888889,47.6261514,-122.3752041,47.6260525,-122.3752224,-5.434608459,24.657468795776367,47.62605151782194,-122.375218,0,0.007820688,NEDz,34.12482622425311,0.039455102947987104,0,0,0,-0.007820688,0.049999997
10/8/2025,11:40:42,19,MANUAL,13.744149659863961,0.71,9.772552380952382,6361.00,84.13888888888889,47.6261514,-122.3752041,47.6260525,-122.3752224,-5.434608459,24.657468795776367,47.62605151782194,-122.375218,0,0.007820688,NEDz,33.029998621272696,0.044107675,0,0,0,-0.007820688,0.049999997
10/8/2025,11:40:43,19,MANUAL,13.728675496688698,0.7241721854304636,9.942613112582775,6361.00,84.13888888888889,47.6261514,-122.3752041,47.6260525,-122.3752224,-5.434608459,24.657468795776367,47.62605151782194,-122.375218,0,0.007820688,NEDz,32.28831406897135,0.033944664,0,0,0,-0.007820688,0.049999997
10/8/2025,11:40:44,19,MANUAL,13.720723684210503,0.7844736842105287,10.763471842105266,6361.00,84.13888888888889,47.6261514,-122.3752041,47.6260525,-122.3752224,-5.434608459,24.657468795776367,47.62605151782194,-122.375218,0,0.007820688,NEDz,30.90297233366928,0.033537675185423145,0,0,0,-0.007820688,0.049999997
10/8/2025,11:40:45,19,MANUAL,13.721094594594618,0.7681081081081093,10.539760810810815,6362.00,84.13888888888889,47.6261514,-122.3752041,47.6260525,-122.3752224,-5.434608459,24.657468795776367,47.62605151782194,-122.375218,0,0.007820688,NEDz,30.48712311931714,0.03994178,0,0,0,-0.007820688,0.049999997
10/8/2025,11:40:46,19,MANUAL,13.695399999999996,0.7821333333333339,10.712910133333326,6362.00,84.13888888888889,47.6261514,-122.3752041,47.6260525,-122.3752224,-5.434608459,24.657468795776367,47.62605151782194,-122.375218,0,0.007820688,NEDz,29.449063319139057,0.051225477,0,0,0,-0.007820688,0.049999997
10/8/2025,11:40:47,19,MANUAL,13.72,0.84,11.472822635135126,6362.00,84.16666666666667,47.6261514,-122.3752041,47.6260525,-122.3752224,-5.434608459,24.657468795776367,47.62605151782194,-122.375218,0,0.007820688,NEDz,29.100558167062495,0.06445957,0,0,0,-0.007820688,0.049999997
10/8/2025,11:40:48,19,MANUAL,13.715536912751647,0.7481879194630894,10.261911677852357,6362.00,84.16666666666667,47.6261514,-122.3752041,47.6260525,-122.3752224,-5.434608459,24.657468795776367,47.62605151782194,-122.375218,0,0.007820688,NEDz,28.171266424143347,0.052037481699863934,0,0,0,-0.007820688,0.049999997
10/8/2025,11:40:49,19,MANUAL,13.710240000000026,0.74,10.096363200000006,6362.00,84.16666666666667,47.6261514,-122.3752041,47.6260525,-122.3752224,-5.434608459,24.657468795776367,47.62605151782194,-122.375218,0,0.007820688,NEDz,27.939730700437902,0.032414299,0,0,0,-0.007820688,0.049999997
10/8/2025,11:40:50,19,MANUAL,13.718835616438385,1.1635616438356184,15.955297945205476,6363.00,84.16666666666667,47.6261514,-122.3752041,47.6260525,-122.3752224,-5.434608459,24.657468795776367,47.62605151782194,-122.375218,0,0.007820688,NEDz,27.287441566905084,0.021042453,0,0,0,-0.007820688,0.049999997
10/8/2025,11:40:51,19,MANUAL,13.723993243243246,0.7927702702702711,10.880335540540548,6363.00,84.16666666666667,47.6261514,-122.3752041,47.6260525,-122.3752224,-5.434608459,24.657468795776367,47.62605151782194,-122.375218,0,0.007820688,NEDz,26.664871070264496,0.061346255,0,0,0,-0.007820688,0.049999997
10/8/2025,11:40:52,19,MANUAL,13.707522875817013,0.7133333333333324,9.778406666666637,6363.00,84.16666666666667,47.6261514,-122.3752041,47.6260525,-122.3752224,-5.434608459,24.657468795776367,47.62605151782194,-122.375218,0,0.007820688,NEDz,21.71342994770074,0.2677171202072131,0,0,0,-0.007820688,0.049999997
10/8/2025,11:40:53,19,MANUAL,13.715986486486443,0.7648648648648656,10.491178648648628,6363.00,84.16666666666667,47.6261514,-122.3752041,47.6260525,-122.3752224,-5.434608459,24.657468795776367,47.62605151782194,-122.375218,0,0.007820688,NEDz,7.443161927101503,0.4128357016959706,0,0,0,-0.007820688,0.049999997
10/8/2025,11:40:54,19,MANUAL,13.702630872483224,0.7214765100671117,9.886050201342275,6364.00,84.16666666666667,47.6261514,-122.3752041,47.6260525,-122.3752224,-5.434608459,24.657468795776367,47.62605151782194,-122.375218,0,0.007820688,NEDz,7.549417813466612,0.33917061234480583,0,0,0,-0.007820688,0.049999997
10/8/2025,11:40:55,19,MANUAL,13.721714285714304,0.7683673469387776,10.54311469387756,6364.00,84.19444444444444,47.6261514,-122.3752041,47.6260525,-122.3752224,-5.434608459,24.657468795776367,47.62605151782194,-122.375218,0,0.007820688,NEDz,6.317606894950728,0.18600605863469596,0,0,0,-0.007820688,0.049999997
10/8/2025,11:40:56,19,MANUAL,13.722403973509943,0.8466225165562913,11.617321986754973,6364.00,84.19444444444444,47.6261514,-122.3752041,47.6260525,-122.3752224,-5.434608459,24.657468795776367,47.62605151782194,-122.375218,0,0.007820688,NEDz,4.254804155095913,0.38288514207530494,0,0,0,-0.007820688,0.049999997
10/8/2025,11:40:57,19,MANUAL,13.718724137931012,0.8742758620689631,11.994395241379353,6364.00,84.19444444444444,47.6261514,-122.3752041,47.6260525,-122.3752224,-5.434608459,24.657468795776367,47.62605151782194,-122.375218,0,0.007820688,NEDz,0.963953168,0.27685868123482016,0,0,0,-0.007820688,0.049999997
10/8/2025,11:40:58,19,MANUAL,13.710322147651015,0.89,12.201261140939565,6365.00,84.19444444444444,47.6261514,-122.3752041,47.6260525,-122.3752224,-5.434608459,24.657468795776367,47.62605151782194,-122.375218,0,0.007820688,NEDz,0.5831019060784546,0.146695187,0,0,0,-0.007820688,0.049999997
10/8/2025,11:40:59,19,MANUAL,13.712210526315815,1.066578947368422,14.629958947368449,6365.00,84.19444444444444,47.6261514,-122.3752041,47.6260525,-122.3752224,-5.434608459,24.657468795776367,47.62605151782194,-122.375218,0,0.007820688,NEDz,156.33441258204496,0.12127065423287843,0,0,0,-0.007820688,0.049999997
10/8/2025,11:41:00,19,MANUAL,13.704686666666712,0.8386666666666667,11.493529199999989,6365.00,84.19444444444444,47.6261514,-122.3752041,47.6260525,-122.3752224,-5.434608459,24.657468795776367,47.62605151782194,-122.375218,0,0.007820688,NEDz,134.45182030134438,0.072799511,0,0,0,-0.007820688,0.049999997
10/8/2025,11:41:01,19,MANUAL,13.691447552447528,0.6983216783216778,9.561071468531475,6365.00,84.19444444444444,47.6261514,-122.3752041,47.6260525,-122.3752224,-5.434608459,24.657468795776367,47.62605151782194,-122.375218,0,0.007820688,NEDz,0.23251829269684357,0.17437784759314745,0,0,0,-0.007820688,0.049999997
10/8/2025,11:41:02,19,MANUAL,13.652948051948073,1.1920779220779234,16.266160389610373,6366.00,84.19444444444444,47.6261514,-122.3752041,47.6260525,-122.3752224,-5.434608459,24.657468795776367,47.62605151782194,-122.375218,0,0.007820688,NEDz,163.6705070170781,0.17264743599218207,0,0,0,-0.007820688,0.049999997
10/8/2025,11:41:03,19,MANUAL,13.694966442953016,0.80,10.955973154362441,6366.00,84.22222222222223,47.6261514,-122.3752041,47.6260525,-122.3752224,-5.434608459,24.657468795776367,47.62605151782194,-122.375218,0,0.007820688,NEDz,0.462587204,0.12001837314975342,0,0,0,-0.007820688,0.049999997
10/8/2025,11:41:04,19,MANUAL,13.721148648648631,0.7702027027027021,10.568528513513495,6366.00,84.22222222222223,47.6261514,-122.3752041,47.6260525,-122.3752224,-5.434608459,24.657468795776367,47.62605151782194,-122.375218,0,0.007820688,NEDz,0.6695194346123862,0.11009417887072305,0,0,0,-0.007820688,0.049999997
10/8/2025,11:41:05,19,MANUAL,13.720000000000045,1.0467586206896542,14.358447172413761,6366.00,84.22222222222223,47.6261514,-122.3752041,47.6260525,-122.3752224,-5.434608459,24.657468795776367,47.62605151782194,-122.375218,0,0.007820688,NEDz,0.9160484881306518,0.071551538,0,0,0,-0.007820688,0.049999997
10/8/2025,11:41:06,19,MANUAL,13.705342105263137,0.95,12.985651052631612,6367.00,84.22222222222223,47.6261514,-122.3752041,47.6260525,-122.3752224,-5.434608459,24.657468795776367,47.62605151782194,-122.375218,0,0.007820688,NEDz,1.6730836976927588,0.048077346,0,0,0,-0.007820688,0.049999997
10/8/2025,11:41:07,19,MANUAL,13.689098039215674,0.7199346405228749,9.86,6367.00,84.22222222222223,47.6261514,-122.3752041,47.6260525,-122.3752224,-5.434608459,24.657468795776367,47.62605151782194,-122.375218,0,0.007820688,NEDz,2.0303658546367944,0.048747909030103995,0,0,0,-0.007820688,0.049999997
10/8/2025,11:41:08,19,MANUAL,13.712577181208049,0.8142953020134232,11.16398617449666,6367.00,84.22222222222223,47.6261514,-122.3752041,47.6260525,-122.3752224,-5.434608459,24.657468795776367,47.62605151782194,-122.375218,0,0.007820688,NEDz,2.776390631538113,0.036870819,0,0,0,-0.007820688,0.049999997
10/8/2025,11:41:09,19,MANUAL,13.708722972972996,0.8024324324324296,11.000441959459414,6367.00,84.22222222222223,47.6261514,-122.3752041,47.6260525,-122.3752224,-5.434608459,24.657468795776367,47.62605151782194,-122.375218,0,0.007820688,NEDz,3.297382406832737,0.052758362,0,0,0,-0.007820688,0.049999997
10/8/2025,11:41:10,19,MANUAL,13.698838926174473,0.7184563758389244,9.84,6368.00,84.22222222222223,47.6261514,-122.3752041,47.6260525,-122.3752224,-5.434608459,24.657468795776367,47.62605151782194,-122.375218,0,0.007820688,NEDz,4.0344579668209315,0.056842285739695464,0,0,0,-0.007820688,0.049999997
10/8/2025,11:41:11,19,MANUAL,13.725973333333313,0.7372666666666654,10.119136066666675,6368.00,84.22222222222223,47.6261514,-122.3752041,47.6260525,-122.3752224,-5.434608459,24.657468795776367,47.62605151782194,-122.375218,0,0.007820688,NEDz,4.851074953452712,0.045179098,0,0,0,-0.007820688,0.049999997
10/8/2025,11:41:12,19,MANUAL,13.734671232876686,0.9745205479452055,13.384051780821892,6368.00,84.25,47.6261514,-122.3752041,47.6260525,-122.3752224,-5.434608459,24.657468795776367,47.62605151782194,-122.375218,0,0.007820688,NEDz,5.442704319801303,0.040280397796416526,0,0,0,-0.007820688,0.049999997
10/8/2025,11:41:13,19,MANUAL,13.706199999999994,0.9006000000000025,12.343319799999977,6368.00,84.25,47.6261514,-122.3752041,47.6260525,-122.3752224,-5.434608459,24.657468795776367,47.62605151782194,-122.375218,0,0.007820688,NEDz,5.738330329311347,0.029615335228542487,0,0,0,-0.007820688,0.049999997
10/8/2025,11:41:14,19,MANUAL,13.726297709923685,0.80,10.92252480916029,6368.00,84.25,47.6261514,-122.3752041,47.6260525,-122.3752224,-5.434608459,24.657468795776367,47.62605151782194,-122.375218,0,0.007820688,NEDz,6.2921288469825285,0.033949746,0,0,0,-0.007820688,0.049999997
10/8/2025,11:41:15,19,MANUAL,13.705166666666711,0.7900000000000024,10.827081666666697,6369.00,84.25,47.6261514,-122.3752041,47.6260525,-122.3752224,-5.434608459,24.657468795776367,47.62605151782194,-122.375218,0,0.007820688,NEDz,6.790678001981164,0.047447300022689716,0,0,0,-0.007820688,0.049999997
10/8/2025,11:41:16,19,MANUAL,13.704689189189214,0.7460810810810823,10.22541594594595,6369.00,84.25,47.6261514,-122.3752041,47.6260525,-122.3752224,-5.434608459,24.657468795776367,47.62605151782194,-122.375218,0,0.007820688,NEDz,7.037675560558625,0.044788855153161125,0,0,0,-0.007820688,0.049999997
10/8/2025,11:41:17,19,MANUAL,13.730885906040303,0.7789261744966457,10.69536026845635,6369.00,84.25,47.6261514,-122.3752041,47.6260525,-122.3752224,-5.434608459,24.657468795776367,47.62605151782194,-122.375218,0,0.007820688,NEDz,7.289077228627745,0.05558892,0,0,0,-0.007820688,0.049999997
10/8/2025,11:41:18,19,MANUAL,13.669418918918899,0.7372972972972961,10.078240270270275,6369.00,84.25,47.6261514,-122.3752041,47.6260525,-122.3752224,-5.434608459,24.657468795776367,47.62605151782194,-122.375218,0,0.007820688,NEDz,7.659146403,0.035755815,0,0,0,-0.007820688,0.049999997
10/8/2025,11:41:19,19,MANUAL,13.715986666666693,0.7504000000000004,10.29211253333331,6369.00,84.25,47.6261514,-122.3752041,47.6260525,-122.3752224,-5.434608459,24.657468795776367,47.62605151782194,-122.375218,0,0.007820688,NEDz,7.671440939389771,0.054398281,0,0,0,-0.007820688,0.049999997
10/8/2025,11:41:20,19,MANUAL,13.732204081632595,0.7699999999999994,10.573413265306137,6370.00,84.25,47.6261514,-122.3752041,47.6260525,-122.3752224,-5.434608459,24.657468795776367,47.62605151782194,-122.375218,0,0.007820688,NEDz,7.946705336811709,0.049910073,0,0,0,-0.007820688,0.049999997
10/8/2025,11:41:21,19,MANUAL,13.694099337748304,0.8062913907284753,11.041312384105947,6370.00,84.27777777777777,47.6261514,-122.3752041,47.6260525,-122.3752224,-5.434608459,24.657468795776367,47.62605151782194,-122.375218,0,0.007820688,NEDz,8.188023731965174,0.023147169710291144,0,0,0,-0.007820688,0.049999997
10/8/2025,11:41:22,19,MANUAL,13.712827586206885,0.7024137931034471,9.631810344827587,6370.00,84.27777777777777,47.6261514,-122.3752041,47.6260525,-122.3752224,-5.434608459,24.657468795776367,47.62605151782194,-122.375218,0,0.007820688,NEDz,8.326573050531312,0.056002046,0,0,0,-0.007820688,0.049999997
10/8/2025,11:41:23,19,MANUAL,13.726272727272706,0.7472727272727256,10.256948181818194,6370.00,84.27777777777777,47.6261514,-122.3752041,47.6260525,-122.3752224,-5.434608459,24.657468795776367,47.62605151782194,-122.375218,0,0.007820688,NEDz,8.184877408400741,0.061507043,0,0,0,-0.007820688,0.049999997
10/8/2025,11:41:24,19,MANUAL,13.693358108108066,0.7460810810810803,10.21610087837838,6371.00,84.27777777777777,47.6261514,-122.3752041,47.6260525,-122.3752224,-5.434608459,24.657468795776367,47.62605151782194,-122.375218,0,0.007820688,NEDz,8.216608242348688,0.055235486,0,0,0,-0.007820688,0.049999997
10/8/2025,11:41:25,19,MANUAL,13.666114093959761,0.7836241610738272,10.709460671140958,6371.00,84.27777777777777,47.6261514,-122.3752041,47.6260525,-122.3752224,-5.434608459,24.657468795776367,47.62605151782194,-122.375218,0,0.007820688,NEDz,8.123394765877237,0.067213172,0,0,0,-0.007820688,0.049999997
10/8/2025,11:41:26,19,MANUAL,13.738543624161066,0.7826174496644303,10.751807449664437,6371.00,84.27777777777777,47.6261514,-122.3752041,47.6260525,-122.3752224,-5.434608459,24.657468795776367,47.62605151782194,-122.375218,0,0.007820688,NEDz,8.199883023,0.045477092503601275,0,0,0,-0.007820688,0.049999997
10/8/2025,11:41:27,19,MANUAL,13.712405405405406,0.7369594594594592,10.103777500000017,6371.00,84.27777777777777,47.6261514,-122.3752041,47.6260525,-122.3752224,-5.434608459,24.657468795776367,47.62605151782194,-122.375218,0,0.007820688,NEDz,8.56417185,0.058814051,0,0,0,-0.007820688,0.049999997
10/8/2025,11:41:28,19,MANUAL,13.685162162162193,0.8164864864864878,11.171834189189187,6371.00,84.27777777777777,47.6261514,-122.3752041,47.6260525,-122.3752224,-5.434608459,24.657468795776367,47.62605151782194,-122.375218,0,0.007820688,NEDz,9.165058348105722,0.044699775,0,0,0,-0.007820688,0.049999997
10/8/2025,11:41:29,19,MANUAL,13.702026666666615,0.8137333333333359,11.150078666666664,6372.00,84.27777777777777,47.6261514,-122.3752041,47.6260525,-122.3752224,-5.434608459,24.657468795776367,47.62605151782194,-122.375218,0,0.007820688,NEDz,9.988623021577373,0.027225484686593214,0,0,0,-0.007820688,0.049999997
10/8/2025,11:41:30,19,MANUAL,13.728446666666665,0.7707999999999996,10.582766066666666,6372.00,84.27777777777777,47.6261514,-122.3752041,47.6260525,-122.3752224,-5.434608459,24.657468795776367,47.62605151782194,-122.375218,0,0.007820688,NEDz,10.50414193,0.069237345,0,0,0,-0.007820688,0.049999997
10/8/2025,11:41:31,19,MANUAL,13.739466666666692,0.8526666666666651,11.716877333333342,6372.00,84.30555555555556,47.6261514,-122.3752041,47.6260525,-122.3752224,-5.434608459,24.657468795776367,47.62605151782194,-122.375218,0,0.007820688,NEDz,11.628869511823414,0.06421853,0,0,0,-0.007820688,0.049999997
10/8/2025,11:41:32,19,MANUAL,13.749208053691278,0.7689932885906053,10.573047919463061,6372.00,84.30555555555556,47.6261514,-122.3752041,47.6260525,-122.3752224,-5.434608459,24.657468795776367,47.62605151782194,-122.375218,0,0.007820688,NEDz,12.002782690563173,0.072021591,0,0,0,-0.007820688,0.049999997
10/8/2025,11:41:33,19,MANUAL,13.740533783783802,0.7583783783783796,10.419174797297302,6373.00,84.30555555555556,47.6261514,-122.3752041,47.6260525,-122.3752224,-5.434608459,24.657468795776367,47.62605151782194,-122.375218,0,0.007820688,NEDz,13.225868743117632,0.091635716,0,0,0,-0.007820688,0.049999997
10/8/2025,11:41:34,19,MANUAL,13.714234899328856,1.0206711409395992,14.002338926174522,6373.00,84.30555555555556,47.6261514,-122.3752041,47.6260525,-122.3752224,-5.434608459,24.657468795776367,47.62605151782194,-122.375218,0,0.007820688,NEDz,13.663472048997944,0.066370407,0,0,0,-0.007820688,0.049999997
10/8/2025,11:41:35,19,MANUAL,13.72486486486487,1.2647972972972992,17.369920067567506,6373.00,84.30555555555556,47.6261514,-122.3752041,47.6260525,-122.3752224,-5.434608459,24.657468795776367,47.62605151782194,-122.375218,0,0.007820688,NEDz,14.344376223887034,0.034319985,0,0,0,-0.007820688,0.049999997
10/8/2025,11:41:36,19,MANUAL,13.708241610738229,0.9761744966442985,13.380426308724829,6373.00,84.30555555555556,47.6261514,-122.3752041,47.6260525,-122.3752224,-5.434608459,24.657468795776367,47.62605151782194,-122.375218,0,0.007820688,NEDz,14.951591898612461,0.047783325582542675,0,0,0,-0.007820688,0.049999997
10/8/2025,11:41:37,19,MANUAL,13.714244897959178,0.7499999999999989,10.28622081632651,6374.00,84.30555555555556,47.6261514,-122.3752041,47.6260525,-122.3752224,-5.434608459,24.657468795776367,47.62605151782194,-122.375218,0,0.007820688,NEDz,15.145799552070834,0.028380856,0,0,0,-0.007820688,0.049999997
10/8/2025,11:41:38,19,MANUAL,13.702052631578974,0.84,11.554811973684183,6374.00,84.30555555555556,47.6261514,-122.3752041,47.6260525,-122.3752224,-5.434608459,24.657468795776367,47.62605151782194,-122.375218,0,0.007820688,NEDz,15.960033990242119,0.020821703132241964,0,0,0,-0.007820688,0.049999997
10/8/2025,11:41:39,19,MANUAL,13.705469798657747,0.8531543624161074,11.692824966442936,6374.00,84.33333333333333,47.6261514,-122.3752041,47.6260525,-122.3752224,-5.434608459,24.657468795776367,47.62605151782194,-122.375218,0,0.007820688,NEDz,15.922591474206419,0.026959983719475316,0,0,0,-0.007820688,0.049999997
10/8/2025,11:41:40,19,MANUAL,13.696463087248297,0.90,12.35,6374.00,84.33333333333333,47.6261514,-122.3752041,47.6260525,-122.3752224,-5.434608459,24.657468795776367,47.62605151782194,-122.375218,0,0.007820688,NEDz,16.74205404334404,0.029860408307871962,0,0,0,-0.007820688,0.049999997
10/8/2025,11:41:41,19,MANUAL,13.72798000000001,0.9231999999999964,12.668154799999966,6375.00,84.33333333333333,47.6261514,-122.3752041,47.6260525,-122.3752224,-5.434608459,24.657468795776367,47.62605151782194,-122.375218,0,0.007820688,NEDz,16.975835901268965,0.037446179,0,0,0,-0.007820688,0.049999997
10/8/2025,11:41:42,19,MANUAL,13.737986486486518,0.7184459459459471,9.870222297297266,6375.00,84.33333333333333,47.6261514,-122.3752041,47.6260525,-122.3752224,-5.434608459,24.657468795776367,47.62605151782194,-122.375218,0,0.007820688,NEDz,17.55853633499626,0.073864993,0,0,0,-0.007820688,0.049999997
10/8/2025,11:41:43,19,MANUAL,13.747557046979878,0.7712080536912755,10.602306711409401,6375.00,84.33333333333333,47.6261514,-122.3752041,47.6260525,-122.3752224,-5.434608459,24.657468795776367,47.62605151782194,-122.375218,0,0.007820688,NEDz,17.657624284513272,0.06927031,0,0,0,-0.007820688,0.049999997
10/8/2025,11:41:44,19,MANUAL,13.74543835616442,0.76,10.439016164383567,6375.00,84.33333333333333,47.6261514,-122.3752041,47.6260525,-122.3752224,-5.434608459,24.657468795776367,47.62605151782194,-122.375218,0,0.007820688,NEDz,18.363510080581605,0.039250688,0,0,0,-0.007820688,0.049999997
10/8/2025,11:41:45,19,MANUAL,13.734403973509906,0.8974834437086096,12.320736225165563,6376.00,84.33333333333333,47.6261514,-122.3752041,47.6260525,-122.3752224,-5.434608459,24.657468795776367,47.62605151782194,-122.375218,0,0.007820688,NEDz,18.063799420761548,0.10707951514728811,0,0,0,-0.007820688,0.049999997
10/8/2025,11:41:46,19,MANUAL,13.715856209150358,1.3394117647058894,18.36160496732027,6376.00,84.33333333333333,47.6261514,-122.3752041,47.6260525,-122.3752224,-5.434608459,24.657468795776367,47.62605151782194,-122.375218,0,0.007820688,NEDz,18.62187145740511,0.046721799,0,0,0,-0.007820688,0.049999997
10/8/2025,11:41:47,19,MANUAL,13.71064429530197,0.8051677852348978,11.039348053691295,6376.00,84.36111111111111,47.6261514,-122.3752041,47.6260525,-122.3752224,-5.434608459,24.657468795776367,47.62605151782194,-122.375218,0,0.007820688,NEDz,18.460565027150395,0.057514965034171237,0,0,0,-0.007820688,0.049999997
10/8/2025,11:41:48,19,MANUAL,13.664486666666681,0.7253333333333326,9.911790866666653,6376.00,84.36111111111111,47.6261514,-122.3752041,47.6260525,-122.3752224,-5.434608459,24.657468795776367,47.62605151782194,-122.375218,0,0.007820688,NEDz,18.634780216506286,0.056413754522800445,0,0,0,-0.007820688,0.049999997
10/8/2025,11:41:49,19,MANUAL,13.729149659863925,0.7728571428571429,10.609913673469366,6377.00,84.36111111111111,47.6261514,-122.3752041,47.6260525,-122.3752224,-5.434608459,24.657468795776367,47.62605151782194,-122.375218,0,0.007820688,NEDz,18.406947109458095,0.042863789,0,0,0,-0.007820688,0.049999997
10/8/2025,11:41:50,19,MANUAL,13.75048630136982,0.7452739726027386,10.24786294520546,6377.00,84.36111111111111,47.6261514,-122.3752041,47.6260525,-122.3752224,-5.434608459,24.657468795776367,47.62605151782194,-122.375218,0,0.007820688,NEDz,18.475904305250857,0.018802445611520988,0,0,0,-0.007820688,0.049999997
10/8/2025,11:41:51,19,MANUAL,13.725952702702688,0.7472972972972979,10.257302364864856,6377.00,84.36111111111111,47.6261514,-122.3752041,47.6260525,-122.3752224,-5.434608459,24.657468795776367,47.62605151782194,-122.375218,0,0.007820688,NEDz,18.025547392838316,0.009297958,0,0,0,-0.007820688,0.049999997
10/8/2025,11:41:52,19,MANUAL,13.743154362416117,0.7769798657718126,10.677996644295328,6377.00,84.36111111111111,47.6261514,-122.3752041,47.6260525,-122.3752224,-5.434608459,24.657468795776367,47.62605151782194,-122.375218,0,0.007820688,NEDz,17.94679399194408,0.048879346,0,0,0,-0.007820688,0.049999997
10/8/2025,11:41:53,19,MANUAL,13.71425490196076,0.7876470588235305,10.801851960784328,6377.00,84.36111111111111,47.6261514,-122.3752041,47.6260525,-122.3752224,-5.434608459,24.657468795776367,47.62605151782194,-122.375218,0,0.007820688,NEDz,17.262890057008576,0.031853238510247926,0,0,0,-0.007820688,0.049999997
10/8/2025,11:41:54,19,MANUAL,13.71958940397355,0.76,10.403189668874154,6378.00,84.36111111111111,47.6261514,-122.3752041,47.6260525,-122.3752224,-5.434608459,24.657468795776367,47.62605151782194,-122.375218,0,0.007820688,NEDz,17.27486625299121,0.055025059,0,0,0,-0.007820688,0.049999997
10/8/2025,11:41:55,19,MANUAL,13.708581081081132,0.7558108108108094,10.360704729729713,6378.00,84.36111111111111,47.6261514,-122.3752041,47.6260525,-122.3752224,-5.434608459,24.657468795776367,47.62605151782194,-122.375218,0,0.007820688,NEDz,16.58152751230957,0.053109114,0,0,0,-0.007820688,0.049999997
10/8/2025,11:41:56,19,MANUAL,13.719680272108858,0.7876870748299339,10.80717965986397,6378.00,84.38888888888889,47.6261514,-122.3752041,47.6260525,-122.3752224,-5.434608459,24.657468795776367,47.62605151782194,-122.375218,0,0.007820688,NEDz,16.81155391601601,0.063437818,0,0,0,-0.007820688,0.049999997
10/8/2025,11:41:57,19,MANUAL,13.730926174496684,0.7538926174496644,10.351663624161075,6378.00,84.38888888888889,47.6261514,-122.3752041,47.6260525,-122.3752224,-5.434608459,24.657468795776367,47.62605151782194,-122.375218,0,0.007820688,NEDz,17.13832724808679,0.083430254,0,0,0,-0.007820688,0.049999997
10/8/2025,11:41:58,19,MANUAL,13.724081081081106,1.1876351351351355,16.310026216216237,6379.00,84.38888888888889,47.6261514,-122.3752041,47.6260525,-122.3752224,-5.434608459,24.657468795776367,47.62605151782194,-122.375218,0,0.007820688,NEDz,17.353038210210286,0.045826099649373744,0,0,0,-0.007820688,0.049999997
10/8/2025,11:41:59,19,MANUAL,13.735108108108104,0.7651351351351366,10.510481621621603,6379.00,84.38888888888889,47.6261514,-122.3752041,47.6260525,-122.3752224,-5.434608459,24.657468795776367,47.62605151782194,-122.375218,0,0.007820688,NEDz,18.26664071389686,0.094349413,0,0,0,-0.007820688,0.049999997
10/8/2025,11:42:00,19,MANUAL,13.732520000000017,0.7511333333333339,10.314813533333334,6379.00,84.38888888888889,47.6261514,-122.3752041,47.6260525,-122.3752224,-5.434608459,24.657468795776367,47.62605151782194,-122.375218,0,0.007820688,NEDz,19.008441162663022,0.062831727,0,0,0,-0.007820688,0.049999997
10/8/2025,11:42:01,19,MANUAL,13.661768211920549,0.7300662251655652,9.972748344370851,6379.00,84.38888888888889,47.6261514,-122.3752041,47.6260525,-122.3752224,-5.434608459,24.657468795776367,47.62605151782194,-122.375218,0,0.007820688,NEDz,19.390849200606926,0.071245929,0,0,0,-0.007820688,0.049999997
10/8/2025,11:42:02,19,MANUAL,13.718864864864907,0.8053378378378371,11.048231756756746,6380.00,84.38888888888889,47.6261514,-122.3752041,47.6260525,-122.3752224,-5.434608459,24.657468795776367,47.62605151782194,-122.375218,0,0.007820688,NEDz,20.808119987725238,0.043773222651735354,0,0,0,-0.007820688,0.049999997
10/8/2025,11:42:03,19,MANUAL,13.732359999999993,0.81,11.084913200000027,6380.00,84.38888888888889,47.6261514,-122.3752041,47.6260525,-122.3752224,-5.434608459,24.657468795776367,47.62605151782194,-122.375218,0,0.007820688,NEDz,20.671792145198093,0.062907491,0,0,0,-0.007820688,0.049999997
10/8/2025,11:42:04,19,MANUAL,13.706093959731549,0.7673154362416102,10.516683489932877,6380.00,84.38888888888889,47.6261514,-122.3752041,47.6260525,-122.3752224,-5.434608459,24.657468795776367,47.62605151782194,-122.375218,0,0.007820688,NEDz,21.87626238781109,0.046497858,0,0,0,-0.007820688,0.049999997
10/8/2025,11:42:05,19,MANUAL,13.74,0.7722448979591847,10.608427755102035,6380.00,84.41666666666667,47.6261514,-122.3752041,47.6260525,-122.3752224,-5.434608459,24.657468795776367,47.62605151782194,-122.375218,0,0.007820688,NEDz,21.915625182898435,0.036014992,0,0,0,-0.007820688,0.049999997
10/8/2025,11:42:06,19,MANUAL,13.746870503597153,0.8957553956834513,12.314486834532392,6380.00,84.41666666666667,47.6261514,-122.3752041,47.6260525,-122.3752224,-5.434608459,24.657468795776367,47.62605151782194,-122.375218,0,0.007820688,NEDz,22.60121138885536,0.058485068256879665,0,0,0,-0.007820688,0.049999997
10/8/2025,11:42:07,19,MANUAL,13.660597484276764,0.7642138364779886,10.437989119496867,6381.00,84.41666666666667,47.6261514,-122.3752041,47.6260525,-122.3752224,-5.434608459,24.657468795776367,47.62605151782194,-122.375218,0,0.007820688,NEDz,23.15652184571429,0.040957427305409556,0,0,0,-0.007820688,0.049999997
10/8/2025,11:42:08,19,MANUAL,13.712966216216236,0.7618243243243253,10.447523581081061,6381.00,84.41666666666667,47.6261514,-122.3752041,47.6260525,-122.3752224,-5.434608459,24.657468795776367,47.62605151782194,-122.375218,0,0.007820688,NEDz,23.51900681675247,0.08197735,0,0,0,-0.007820688,0.049999997
10/8/2025,11:42:09,19,MANUAL,13.738315789473706,0.8426973684210506,11.576918618421045,6381.00,84.41666666666667,47.6261514,-122.3752041,47.6260525,-122.3752224,-5.434608459,24.657468795776367,47.62605151782194,-122.375218,0,0.007820688,NEDz,24.65786441380194,0.061212152,0,0,0,-0.007820688,0.049999997
10/8/2025,11:42:10,19,MANUAL,13.672201342281864,0.9317449664429542,12.737700335570453,6381.00,84.41666666666667,47.6261514,-122.3752041,47.6260525,-122.3752224,-5.434608459,24.657468795776367,47.62605151782194,-122.375218,0,0.007820688,NEDz,25.198572497238374,0.069193132,0,0,0,-0.007820688,0.049999997
10/8/2025,11:42:11,19,MANUAL,13.709295302013397,0.82,11.206202416107418,6382.00,84.41666666666667,47.6261514,-122.3752041,47.6260525,-122.3752224,-5.434608459,24.657468795776367,47.62605151782194,-122.375218,0,0.007820688,NEDz,25.847708347033695,0.066579987,0,0,0,-0.007820688,0.049999997
10/8/2025,11:42:12,19,MANUAL,13.737810810810792,0.7830405405405418,10.757122905405419,6382.00,84.41666666666667,47.6261514,-122.3752041,47.6260525,-122.3752224,-5.434608459,24.657468795776367,47.62605151782194,-122.375218,0,0.007820688,NEDz,26.37002182986668,0.036722749213662906,0,0,0,-0.007820688,0.049999997
10/8/2025,11:42:13,19,MANUAL,13.651114864864889,0.7481756756756741,10.215125675675699,6382.00,84.44444444444444,47.6261514,-122.3752041,47.6260525,-122.3752224,-5.434608459,24.657468795776367,47.62605151782194,-122.375218,0,0.007820688,NEDz,26.366812910079727,0.044256854,0,0,0,-0.007820688,0.049999997
10/8/2025,11:42:14,19,MANUAL,13.684409395973193,0.9010738255033558,12.331586174496618,6382.00,84.44444444444444,47.6261514,-122.3752041,47.6260525,-122.3752224,-5.434608459,24.657468795776367,47.62605151782194,-122.375218,0,0.007820688,NEDz,26.809185103278054,0.031247111312394975,0,0,0,-0.007820688,0.049999997
10/8/2025,11:42:15,19,MANUAL,13.676346938775474,1.5802040816326481,21.607050408163236,6383.00,84.44444444444444,47.6261514,-122.3752041,47.6260525,-122.3752224,-5.434608459,24.657468795776367,47.62605151782194,-122.375218,0,0.007820688,NEDz,26.71044740349428,0.019281742760125977,0,0,0,-0.007820688,0.049999997
10/8/2025,11:42:16,19,MANUAL,13.735768211920561,0.8015231788079481,11.00962788079473,6383.00,84.44444444444444,47.6261514,-122.3752041,47.6260525,-122.3752224,-5.434608459,24.657468795776367,47.62605151782194,-122.375218,0,0.007820688,NEDz,26.692309142579944,0.024765830974261098,0,0,0,-0.007820688,0.049999997
10/8/2025,11:42:17,19,MANUAL,13.722398692810446,1.0183660130718937,13.974341372549045,6383.00,84.44444444444444,47.6261514,-122.3752041,47.6260525,-122.3752224,-5.434608459,24.657468795776367,47.62605151782194,-122.375218,0,0.007820688,NEDz,26.724662042757117,0.047313226,0,0,0,-0.007820688,0.049999997
10/8/2025,11:42:18,19,MANUAL,13.723091503267982,0.7792156862745119,10.692823660130708,6383.00,84.44444444444444,47.6261514,-122.3752041,47.6260525,-122.3752224,-5.434608459,24.657468795776367,47.62605151782194,-122.375218,0,0.007820688,NEDz,26.737245204285163,0.058462116,0,0,0,-0.007820688,0.049999997
10/8/2025,11:42:19,19,MANUAL,13.706114864864864,0.8553378378378379,11.723585405405403,6384.00,84.44444444444444,47.6261514,-122.3752041,47.6260525,-122.3752224,-5.434608459,24.657468795776367,47.62605151782194,-122.375218,0,0.007820688,NEDz,27.018437612497316,0.053608409,0,0,0,-0.007820688,0.049999997
10/8/2025,11:42:20,19,MANUAL,13.689344594594633,0.8095270270270257,11.081867027027018,6384.00,84.44444444444444,47.6261514,-122.3752041,47.6260525,-122.3752224,-5.434608459,24.657468795776367,47.62605151782194,-122.375218,0,0.007820688,NEDz,27.452207004960062,0.08620574,0,0,0,-0.007820688,0.049999997
10/8/2025,11:42:21,19,MANUAL,13.695148648648635,0.8214189189189166,11.24947101351352,6384.00,84.47222222222223,47.6261514,-122.3752041,47.6260525,-122.3752224,-5.434608459,24.657468795776367,47.62605151782194,-122.375218,0,0.007820688,NEDz,27.66701435453534,0.051321555,0,0,0,-0.007820688,0.049999997
10/8/2025,11:42:22,19,MANUAL,13.704310810810766,1.4887162162162182,20.39767101351348,6385.00,84.47222222222223,47.6261514,-122.3752041,47.6260525,-122.3752224,-5.434608459,24.657468795776367,47.62605151782194,-122.375218,0,0.007820688,NEDz,28.657691608724335,0.071206282,0,0,0,-0.007820688,0.049999997
10/8/2025,11:42:23,19,MANUAL,13.70732653061227,0.8469387755102028,11.61054081632655,6385.00,84.47222222222223,47.6261514,-122.3752041,47.6260525,-122.3752224,-5.434608459,24.657468795776367,47.62605151782194,-122.375218,0,0.007820688,NEDz,28.67149935084443,0.046854238,0,0,0,-0.007820688,0.049999997
10/8/2025,11:42:24,19,MANUAL,13.698119205298033,0.9135761589403986,12.514190198675507,6385.00,84.47222222222223,47.6261514,-122.3752041,47.6260525,-122.3752224,-5.434608459,24.657468795776367,47.62605151782194,-122.375218,0,0.007820688,NEDz,29.498516178275704,0.040754550611538605,0,0,0,-0.007820688,0.049999997
10/8/2025,11:42:25,19,MANUAL,13.697506756756757,0.9562837837837822,13.09792405405402,6385.00,84.47222222222223,47.6261514,-122.3752041,47.6260525,-122.3752224,-5.434608459,24.657468795776367,47.62605151782194,-122.375218,0,0.007820688,NEDz,29.57782218108492,0.054794984,0,0,0,-0.007820688,0.049999997
10/8/2025,11:42:26,19,MANUAL,13.713579999999972,0.8085999999999985,11.088742599999994,6386.00,84.47222222222223,47.6261514,-122.3752041,47.6260525,-122.3752224,-5.434608459,24.657468795776367,47.62605151782194,-122.375218,0,0.007820688,NEDz,29.689522678806686,0.055051601864397524,0,0,0,-0.007820688,0.049999997
10/8/2025,11:42:27,19,MANUAL,13.699775510204097,0.7770748299319714,10.645759387755115,6386.00,84.47222222222223,47.6261514,-122.3752041,47.6260525,-122.3752224,-5.434608459,24.657468795776367,47.62605151782194,-122.375218,0,0.007820688,NEDz,29.915304723490777,0.04796574,0,0,0,-0.007820688,0.049999997
10/8/2025,11:42:28,19,MANUAL,13.695563380281653,0.8070422535211254,11.052971267605633,6386.00,84.47222222222223,47.6261514,-122.3752041,47.6260525,-122.3752224,-5.434608459,24.657468795776367,47.62605151782194,-122.375218,0,0.007820688,NEDz,30.050382137941117,0.024583142116324792,0,0,0,-0.007820688,0.049999997
10/8/2025,11:42:29,19,MANUAL,13.699743589743624,1.086730769230768,14.887734551282042,6386.00,84.50,47.6261514,-122.3752041,47.6260525,-122.3752224,-5.434608459,24.657468795776367,47.62605151782194,-122.375218,0,0.007820688,NEDz,29.96911047242266,0.03881336,0,0,0,-0.007820688,0.049999997
10/8/2025,11:42:30,19,MANUAL,13.700048275862088,1.3044827586206884,17.871566413793094,6387.00,84.50,47.6261514,-122.3752041,47.6260525,-122.3752224,-5.434608459,24.657468795776367,47.62605151782194,-122.375218,0,0.007820688,NEDz,29.956419211265217,0.03642749,0,0,0,-0.007820688,0.049999997
10/8/2025,11:42:31,19,MANUAL,13.709673267326732,0.8718811881188123,11.954360198019819,6387.00,84.50,47.6261514,-122.3752041,47.6260525,-122.3752224,-5.434608459,24.657468795776367,47.62605151782194,-122.375218,0,0.007820688,NEDz,29.577607194163946,0.0403998,0,0,0,-0.007820688,0.049999997
