"","X","time","date","flight_time","depth","heading","battery_remaining","lat","lon","satellite_count","temp","seq","avg_dist","avg_conf","EucDIS","clock","clock_min","lat_smooth","lon_smooth","EucSmooth","heading_degrees","radians","sim_x","sim_y","sim_steps","width","height","area"
"1",1,"14:05:27","10/6/2022","00:23:44",-6.67512,276,88,47.6302642,-122.3983306,10,55.26,23.7666666666667,0.748333333333333,100,NA,1,0.0166666666666667,47.6302635503159,-122.398323957805,NA,276,4.81710926666667,47.63037,-122.3983306,0,2.09824928073292,0.917158512916098,1.92442719004427
"2",2,"14:05:28","10/6/2022","00:23:45",-6.61416,275,88,47.6302642,-122.3983306,10,55.22,23.7833333333333,0.688444444444444,100,0,2,0.0333333333333333,47.6302644328296,-122.398325067835,0.128744713610098,275,4.79965597222222,47.6303701427475,-122.398332231601,1.6378339368772e-06,1.93032702946119,0.843758596292226,1.62873002476312
"3",3,"14:05:29","10/6/2022","00:23:46",-6.52272,274,88,47.6302642,-122.3983306,10,55.2,23.8,0.701111111111111,100,0,3,0.05,47.6302652579735,-122.398326200421,0.125102318607584,274,4.78220267777778,47.6303702835184,-122.398334244704,2.01801883347167e-06,1.96584305292126,0.859282882925105,1.68921528589247
"4",4,"14:05:30","10/6/2022","00:23:47",-6.43128,275,88,47.6302642,-122.3983306,10,55.2,23.8166666666667,0.744111111111111,100,0,4,0.0666666666666667,47.6302660299532,-122.398327355659,0.122041992158579,275,4.79965597222222,47.6303702835184,-122.398334244704,0,2.08641060624623,0.911983750705139,1.90277257019542
"5",5,"14:05:31","10/6/2022","00:23:48",-6.37032,276,88,47.630268,-122.3983306,10,55.2,23.8333333333333,0.814111111111111,100,0.422337487654203,5,0.0833333333333333,47.6302667528677,-122.39832853363,0.119530825324761,276,4.81710926666667,47.6303703777396,-122.398335141154,9.01387823684699e-07,2.28268336747291,0.997775861044729,2.27760636247277
"6",6,"14:05:32","10/6/2022","00:23:49",-6.30936,276,88,47.630268,-122.3983306,10,55.18,23.85,0.902777777777778,100,0,6,0.1,47.6302674307101,-122.398329734403,0.117532571513278,276,4.81710926666667,47.6303704841797,-122.398336153859,1.01828286602018e-06,2.53129553169338,1.10644586747488,2.80074148039977
"7",7,"14:05:33","10/6/2022","00:23:50",-6.33984,276,88,47.630268,-122.3983306,10,55.18,23.8666666666667,0.969,100,0,7,0.116666666666667,47.6302680673674,-122.398330958037,0.116008581423269,276,4.81710926666667,47.6303706572059,-122.398337800085,1.65529454262024e-06,2.71697579469514,1.18760792741519,3.22670199237513
"8",8,"14:05:34","10/6/2022","00:23:51",-6.33984,276,88,47.630268,-122.3983306,10,55.17,23.8833333333333,1.00355555555556,100,0,8,0.133333333333333,47.6302686666201,-122.398332204576,0.114918695263217,276,4.81710926666667,47.630370949917,-122.398340585031,2.80028570182324e-06,2.81386599904674,1.22995927077331,3.46094057224133
"9",9,"14:05:35","10/6/2022","00:23:52",-6.33984,276,88,47.6302719,-122.3983306,10,55.17,23.9,1.03522222222222,100,0.433451632508959,9,0.15,47.6302692321429,-122.398333474051,0.114222344973329,276,4.81710926666667,47.6303710965149,-122.39834197981,1.4024621146407e-06,2.90265605769689,1.2687699873555,3.68280288962144
"10",10,"14:05:36","10/6/2022","00:23:53",-6.37032,276,88,47.6302719,-122.3983306,10,55.17,23.9166666666667,1.04122222222222,100,0,10,0.166666666666667,47.630269767504,-122.398334766485,0.113879589352463,276,4.81710926666667,47.6303710965149,-122.39834197981,0,2.9194794372306,1.27612359681318,3.72561660026082
"11",11,"14:05:37","10/6/2022","00:23:54",-6.37032,276,88,47.6302719,-122.3983306,10,55.17,23.9333333333333,1.03311111111111,100,0,11,0.183333333333333,47.6302702761659,-122.398336081883,0.113852018893039,276,4.81710926666667,47.630371158187,-122.398342566578,5.89999999078827e-07,2.89673672045355,1.26618260625002,3.667797650324
"12",12,"14:05:38","10/6/2022","00:23:55",-6.37032,276,88,47.6302719,-122.3983306,10,55.17,23.95,1.01144444444444,100,0,12,0.2,47.6302707614844,-122.398337420243,0.114103427054537,276,4.81710926666667,47.6303713923506,-122.398344794484,2.24017856278132e-06,2.8359856276929,1.23962790543062,3.51556692348828
"13",13,"14:05:39","10/6/2022","00:23:56",-6.37032,277,88,47.6302719,-122.3983306,10,55.15,23.9666666666667,0.999111111111111,100,0,13,0.216666666666667,47.6302712267095,-122.398338781547,0.114600541612655,277,4.83456256111111,47.6303716382894,-122.398346797486,2.01804360291664e-06,2.80140423642916,1.2245121526565,3.43035353201092
"14",14,"14:05:40","10/6/2022","00:23:57",-6.37032,273,88,47.6302719,-122.3983306,10,55.17,23.9833333333333,1.02166666666667,100,0,14,0.233333333333333,47.6302716749849,-122.398340165765,0.115313179295856,273,4.76474938333333,47.6303717670371,-122.398349254114,2.46000000008347e-06,2.86464768171332,1.25215627709927,3.5869865763352
"15",15,"14:05:41","10/6/2022","00:23:58",-6.37032,273,88,47.630268,-122.3983383,10,55.15,24,1.02922222222222,100,0.722864607754315,15,0.25,47.6302721093481,-122.398341572857,0.116214529945564,273,4.76474938333333,47.6303719252596,-122.398352273148,3.02317713876147e-06,2.88583267816317,1.26141637789782,3.64023660410775
"16",16,"14:05:42","10/6/2022","00:23:59",-6.37032,273,88,47.6302719,-122.3983383,10,55.13,24.0166666666667,1.00711111111111,100,0.433451634038271,16,0.266666666666667,47.6302725327306,-122.398343002768,0.117281221318717,273,4.76474938333333,47.6303720038149,-122.398353772057,1.50096635909847e-06,2.82383540914078,1.23431696526674,3.48550795262341
"17",17,"14:05:43","10/6/2022","00:24:00",-6.37032,274,88,47.6302719,-122.3983383,10,55.13,24.0333333333333,0.98,100,0,17,0.283333333333333,47.6302729479575,-122.398344455433,0.118493044345216,274,4.78220267777778,47.6303721955147,-122.398356513471,2.74810842731136e-06,2.74781865717362,1.20108954475427,3.30037626001194
"18",18,"14:05:44","10/6/2022","00:24:01",-6.37032,274,88,47.630268,-122.3983459,10,55.13,24.05,0.9706,100,0.716866374170335,18,0.3,47.6302733577479,-122.398345930772,0.119832958099153,274,4.78220267777778,47.6303723859142,-122.398359236291,2.72946880954451e-06,2.72146202923746,1.18956888993724,3.23736656512635
"19",19,"14:05:45","10/6/2022","00:24:02",-6.4008,274,88,47.630268,-122.3983459,10,55.13,24.0666666666667,0.969888888888889,100,0,19,0.316666666666667,47.6302737647147,-122.398347428696,0.12128666816157,274,4.78220267777778,47.6303724547054,-122.398360220043,9.86154158230484e-07,2.71946814721865,1.18869735103855,3.23262458283252
"20",20,"14:05:46","10/6/2022","00:24:03",-6.4008,274,88,47.630268,-122.3983459,10,55.13,24.0833333333333,0.955888888888889,100,0,20,0.333333333333333,47.6302741713647,-122.3983489491,0.122842423093051,274,4.78220267777778,47.6303725830355,-122.398362055236,1.83967389144428e-06,2.68021359497332,1.17153892897063,3.13997456446756
"21",21,"14:05:47","10/6/2022","00:24:04",-6.4008,274,88,47.6302719,-122.3983535,10,55.11,24.1,0.941444444444444,100,0.716866375246714,21,0.35,47.6302745800983,-122.398350491869,0.124490686039275,274,4.78220267777778,47.6303726848042,-122.398363510585,1.45890369791156e-06,2.63971286646622,1.15383579509103,3.04579519409108
"22",22,"14:05:48","10/6/2022","00:24:05",-6.43128,275,88,47.6302719,-122.3983535,10,55.11,24.1166666666667,0.927777777777778,100,0,22,0.366666666666667,47.63027499321,-122.398352056875,0.126223789765302,275,4.79965597222222,47.6303729413518,-122.39836644292,2.94353529137481e-06,2.6013929464172,1.13708590688187,2.95800725763291
"23",23,"14:05:49","10/6/2022","00:24:06",-6.4008,275,88,47.6302719,-122.3983535,10,55.11,24.1333333333333,0.912777777777778,100,0,23,0.383333333333333,47.630275412888,-122.398353643978,0.128035660327476,275,4.79965597222222,47.6303730141886,-122.398367275443,8.35703300989674e-07,2.55933449758291,1.11870188323768,2.86313232228115
"24",24,"14:05:50","10/6/2022","00:24:07",-6.37032,275,88,47.6302757,-122.3983612,10,55.09,24.15,0.903888888888889,100,0.716255418460987,24,0.4,47.6302758412143,-122.398355253025,0.129921503245561,275,4.79965597222222,47.6303733192554,-122.398370762352,3.50022856190682e-06,2.53441097234778,1.10780764700408,2.80763985581791
"25",25,"14:05:51","10/6/2022","00:24:08",-6.33984,275,88,47.6302757,-122.3983612,10,55.11,24.1666666666667,0.923444444444445,100,0,25,0.416666666666667,47.6302762801649,-122.398356883852,0.131877571956457,275,4.79965597222222,47.6303734752359,-122.398372545206,1.78966477020742e-06,2.58924272786507,1.131774966718,2.93044010215431
"26",26,"14:05:52","10/6/2022","00:24:09",-6.30936,274,88,47.6302795,-122.3983612,10,55.09,24.1833333333333,0.958888888888889,100,0.422337488228867,26,0.433333333333333,47.6302767316094,-122.398358536281,0.133900844545493,274,4.78220267777778,47.630373628741,-122.398374740414,2.2005681056875e-06,2.68862528474017,1.17521573369947,3.15971473664887
"27",27,"14:05:53","10/6/2022","00:24:10",-6.30936,275,88,47.6302795,-122.3983612,10,55.09,24.2,0.9941,100,0,27,0.45,47.6302771973116,-122.398360210122,0.13598886895274,275,4.79965597222222,47.6303738393348,-122.398377147497,2.4162781287048e-06,2.78735359907785,1.21837052697981,3.39602947338756
"28",28,"14:05:54","10/6/2022","00:24:11",-6.30936,275,88,47.6302795,-122.3983612,10,55.09,24.2166666666667,1.01077777777778,100,0,28,0.466666666666667,47.6302776789287,-122.398361905174,0.138139518238998,275,4.79965597222222,47.6303739507313,-122.398378420757,1.27812362482003e-06,2.83411636330028,1.23881083771311,3.51093406619644
"29",29,"14:05:55","10/6/2022","00:24:12",-6.33984,275,88,47.6302795,-122.3983612,10,55.09,24.2333333333333,0.998333333333333,100,0,29,0.483333333333333,47.630278178012,-122.398363621222,0.140350844892584,275,4.79965597222222,47.6303740331435,-122.398379362727,9.45568602543283e-07,2.79922342797108,1.22355890698606,3.42501475793808
"30",30,"14:05:56","10/6/2022","00:24:13",-6.33984,275,88,47.6302833,-122.3983688,10,55.09,24.25,0.979555555555556,100,0.710201304868783,30,0.5,47.6302786960065,-122.39836535804,0.14262092758566,275,4.79965597222222,47.6303741924012,-122.39838118304,1.82726571759711e-06,2.74657248091186,1.20054483294259,3.29738340026104
"31",31,"14:05:57","10/6/2022","00:24:14",-6.30936,275,88,47.6302833,-122.3983688,10,55.09,24.2666666666667,0.967444444444444,100,0,31,0.516666666666667,47.6302792342513,-122.398367115388,0.144947739871166,275,4.79965597222222,47.6303743843053,-122.398383376501,2.20184013682359e-06,2.71261417777899,1.18570143607431,3.21635052610808
"32",32,"14:05:58","10/6/2022","00:24:15",-6.33984,276,88,47.6302833,-122.3983688,10,55.08,24.2833333333333,0.963555555555555,100,0,32,0.533333333333333,47.6302797939789,-122.398368893016,0.147329011214584,276,4.81710926666667,47.6303746317456,-122.398385730726,2.36719242233503e-06,2.70171013548862,1.18093520772211,3.19054462005818
"33",33,"14:05:59","10/6/2022","00:24:16",-6.33984,276,88,47.6302833,-122.3983764,10,55.08,24.3,0.963777777777778,100,0.570978906984813,33,0.55,47.630280376316,-122.39837069066,0.149762182700032,276,4.81710926666667,47.6303751357834,-122.398390526301,4.82199128873045e-06,2.7023332236195,1.18120756362795,3.19201644318245
"34",34,"14:06:00","10/6/2022","00:24:17",-6.30936,276,88,47.6302833,-122.3983764,10,55.08,24.3166666666667,0.959222222222222,100,0,34,0.566666666666667,47.630280982283,-122.398372508043,0.15224432699982,276,4.81710926666667,47.630375263873,-122.398391744986,1.22539788786971e-06,2.68955991693649,1.17562426755823,3.16191190740243
"35",35,"14:06:01","10/6/2022","00:24:18",-6.33984,276,88,47.6302833,-122.3983764,10,55.08,24.3333333333333,0.955333333333333,100,0,35,0.583333333333333,47.6302816127942,-122.398374344877,0.154772110926318,276,4.81710926666667,47.6303755103576,-122.398394090119,2.35805004738919e-06,2.67865587464612,1.17085803920603,3.13632576509587
"36",36,"14:06:02","10/6/2022","00:24:19",-6.33984,276,88,47.6302909,-122.3983764,10,55.06,24.35,0.959111111111111,100,0.844674977975482,36,0.6,47.6302822686575,-122.398376200862,0.157341711852718,276,4.81710926666667,47.6303757746817,-122.398396604981,2.52871509699881e-06,2.68924837287105,1.17548808960531,3.16117943230038
"37",37,"14:06:03","10/6/2022","00:24:20",-6.33984,274,88,47.6302909,-122.3983764,10,55.06,24.3666666666667,0.95,100,0,37,0.616666666666667,47.6302829505749,-122.398378075684,0.159948843619966,274,4.78220267777778,47.6303759266559,-122.398398778297,2.17862340941966e-06,2.66370175950504,1.16432149746587,3.10140522142938
"38",38,"14:06:04","10/6/2022","00:24:21",-6.33984,274,88,47.6302909,-122.398384,10,55.06,24.3833333333333,0.94,100,0.570978823782509,38,0.633333333333333,47.6302836591422,-122.398379969019,0.162588755527443,274,4.78220267777778,47.6303760053454,-122.398399903601,1.1280514088768e-06,2.63566279361551,1.15206548170307,3.03645612593352
"39",39,"14:06:05","10/6/2022","00:24:22",-6.30936,277,88,47.6302947,-122.398384,10,55.02,24.4,0.943333333333333,100,0.422337490066332,39,0.65,47.630284394849,-122.398381880529,0.165256122422402,277,4.83456256111111,47.6303761957941,-122.398401454674,1.56272197789969e-06,2.64500911557869,1.15615082029067,3.0580294586526
"40",40,"14:06:06","10/6/2022","00:24:23",-6.33984,276,88,47.6302909,-122.3983917,10,55.06,24.4166666666667,0.934,100,0.716255250168767,40,0.666666666666667,47.6302851580786,-122.398383809863,0.167945244835996,276,4.81710926666667,47.6303763876725,-122.398403280265,1.83564701791778e-06,2.6188394140818,1.14471187224539,2.9978165688036
"41",41,"14:06:07","10/6/2022","00:24:24",-6.33984,279,88,47.6302909,-122.3983917,10,55.06,24.4333333333333,0.925,100,0,41,0.683333333333333,47.6302859491084,-122.398385756658,0.17064985256273,279,4.86946915,47.6303765549994,-122.398404336723,1.06962610052393e-06,2.59360434478122,1.13368145805887,2.94032115521941
"42",42,"14:06:08","10/6/2022","00:24:25",-6.33984,274,88,47.6302909,-122.3983917,10,55.06,24.45,0.921222222222222,100,0,42,0.7,47.6302867681093,-122.398387720542,0.173363288137623,274,4.78220267777778,47.6303765549994,-122.398404336723,0,2.58301184655629,1.12905140765959,2.91635316135579
"43",43,"14:06:09","10/6/2022","00:24:26",-6.33984,274,88,47.6302909,-122.3983993,10,55.02,24.4666666666667,0.917222222222222,100,0.570978823243083,43,0.716666666666667,47.6302876151463,-122.398389701125,0.176078429996142,274,4.78220267777778,47.6303766492127,-122.398405684025,1.35059245991059e-06,2.57179626020048,1.12414900135448,2.89108219759154
"44",44,"14:06:10","10/6/2022","00:24:27",-6.33984,269,88,47.6302909,-122.3983993,10,55.02,24.4833333333333,0.912888888888889,100,0,44,0.733333333333333,47.6302884901782,-122.39839169801,0.178787779466984,269,4.69493620555556,47.6303766398146,-122.398406222459,5.38516480409383e-07,2.55964604164835,1.1188380611906,2.86382941457202
"45",45,"14:06:11","10/6/2022","00:24:28",-6.33984,272,88,47.6302909,-122.3983993,10,55.02,24.5,0.907888888888889,100,0,45,0.75,47.6302893930575,-122.398393710783,0.181483441005446,272,4.74729608888889,47.6303766951077,-122.398407805824,1.58432952091018e-06,2.54562655870359,1.1127100533092,2.83254426384038
"46",46,"14:06:12","10/6/2022","00:24:29",-6.33984,272,88,47.6302909,-122.3983993,10,55.02,24.5166666666667,0.9049,100,0,46,0.766666666666667,47.6302903235308,-122.398395739022,0.184157215839817,272,4.74729608888889,47.6303767579287,-122.398409604755,1.80002778435258e-06,2.53724602334327,1.10904686637565,2.81392475141293
"47",47,"14:06:13","10/6/2022","00:24:30",-6.30936,272,88,47.6302947,-122.3983993,10,55.02,24.5333333333333,0.916444444444445,100,0.422337488487512,47,0.783333333333333,47.6302912812381,-122.398397782289,0.186800553066928,272,4.74729608888889,47.6303768301338,-122.398411672407,2.06891275109248e-06,2.56961545174241,1.12319575568404,2.88618116913719
"48",48,"14:06:14","10/6/2022","00:24:31",-6.33984,272,88,47.6302909,-122.3983993,10,55.02,24.55,0.921444444444445,100,0.422337488487512,48,0.8,47.6302922657137,-122.398399840136,0.189404670059229,272,4.74729608888889,47.6303768861578,-122.398413276702,1.60527256671878e-06,2.58363493468717,1.12932376356544,2.91776032812005
"49",49,"14:06:15","10/6/2022","00:24:32",-6.33984,272,88,47.6302947,-122.3983993,10,55.02,24.5666666666667,0.909888888888889,100,0.422337488487512,49,0.816666666666667,47.6302932763854,-122.398401912101,0.191960500096189,272,4.74729608888889,47.6303769423122,-122.398414884728,1.60900590872401e-06,2.55123435188149,1.11516125646176,2.84503770537256
"50",50,"14:06:16","10/6/2022","00:24:33",-6.33984,272,88,47.6302947,-122.3984069,10,55.02,24.5833333333333,0.892222222222222,100,0.570978783353217,50,0.833333333333333,47.6302943125751,-122.398403997713,0.194458839736653,272,4.74729608888889,47.6303770053219,-122.398416689064,1.80543622725441e-06,2.50169884547666,1.09350896194748,2.73563010762239
"51",51,"14:06:17","10/6/2022","00:24:34",-6.33984,273,88,47.6302909,-122.3984069,10,55.02,24.6,0.888555555555556,100,0.422337487235621,51,0.85,47.6302953734982,-122.398406096483,0.196890161135598,273,4.76474938333333,47.6303770409146,-122.398417368206,6.80073524764554e-07,2.49141789131717,1.08901508950112,2.71319167789746
"52",52,"14:06:18","10/6/2022","00:24:35",-6.33984,272,88,47.6302909,-122.3984069,10,55.02,24.6166666666667,0.894222222222222,100,0,52,0.866666666666667,47.6302964582642,-122.398408207914,0.199244955139849,272,4.74729608888889,47.6303770409146,-122.398417368206,0,2.50730663865457,1.09596016510004,2.74790819765628
"53",53,"14:06:19","10/6/2022","00:24:36",-6.33984,273,88,47.6302909,-122.3984069,10,55.02,24.6333333333333,0.892111111111111,100,0,53,0.883333333333333,47.6302975658765,-122.398410331497,0.20151355302259,273,4.76474938333333,47.6303771056512,-122.398418603442,1.23693168663033e-06,2.50138730141122,1.09337278399456,2.73494879759262
"54",54,"14:06:20","10/6/2022","00:24:37",-6.33984,272,88,47.6302947,-122.3984069,10,55.02,24.65,0.8833,100,0.422337487235621,54,0.9,47.6302986952321,-122.398412466707,0.203686109017853,272,4.74729608888889,47.6303771580059,-122.398420102662,1.5001333236432e-06,2.47668185702189,1.082573872328,2.6811910684807
"55",55,"14:06:21","10/6/2022","00:24:38",-6.30936,272,88,47.63027375,-122.3984031,10,55.02,24.6666666666667,0.874666666666667,100,2.34585006029911,55,0.916666666666667,47.6302998451218,-122.39841461301,0.205752838271106,272,4.74729608888889,47.6303772173524,-122.398421802096,1.70047052174833e-06,2.45247488313727,1.07199284538612,2.62903552821232
"56",56,"14:06:22","10/6/2022","00:24:39",-6.2484,272,88,47.6302528,-122.3983993,10,55.02,24.6833333333333,0.868222222222222,100,2.34585006754417,56,0.933333333333333,47.6303010142306,-122.398416769858,0.207703842981921,272,4.74729608888889,47.6303773035236,-122.398424269681,2.46908890001379e-06,2.4344053273418,1.06409452411676,2.59043737830508
"57",57,"14:06:23","10/6/2022","00:24:40",-6.21792,272,88,47.6302833,-122.3984146,10,55,24.7,0.881111111111111,100,3.57940258084697,57,0.95,47.630302201137,-122.398418936692,0.209529310248619,272,4.74729608888889,47.630377384311,-122.398426583093,2.31482180345805e-06,2.47054443893274,1.07989116665548,2.66791911643329
"58",58,"14:06:24","10/6/2022","00:24:41",-6.21792,272,88,47.6302909,-122.3984146,10,55,24.7166666666667,0.913888888888889,100,0.844674974746904,58,0.966666666666667,47.6303036309809,-122.398420904244,0.217036015506022,272,4.74729608888889,47.6303774472482,-122.398428385352,1.80335798581589e-06,2.5624499382373,1.12006366276688,2.87010706347883
"59",59,"14:06:25","10/6/2022","00:24:42",-6.18744,272,88,47.6302986,-122.3984222,10,55,24.7333333333333,0.946666666666667,100,1.02878170145468,59,0.983333333333333,47.6303050289537,-122.398423096894,0.226444270428529,272,4.74729608888889,47.6303774982596,-122.398429846104,1.46164291308346e-06,2.65435543754186,1.16023615887827,3.07967915715123
"60",60,"14:06:26","10/6/2022","00:24:43",-6.18744,272,88,47.6303024,-122.3984222,10,55,24.75,0.978444444444444,100,0.42233748752393,60,1,47.6303064612988,-122.398425239046,0.226369596267946,272,4.74729608888889,47.6303775105541,-122.398430198168,3.52278294540031e-07,2.74345704025747,1.19918305341339,3.2899071904444
"61",61,"14:06:27","10/6/2022","00:24:44",-6.18744,272,88,47.6303062,-122.3984298,10,55,24.7666666666667,0.991222222222222,100,0.710201100198616,61,1.01666666666667,47.6303079234046,-122.398427341941,0.226642024741376,272,4.74729608888889,47.6303775701146,-122.398431903733,1.7066048149851e-06,2.77928460778298,1.21484351799918,3.37639589044006
"62",62,"14:06:28","10/6/2022","00:24:45",-6.18744,272,88,47.6303062,-122.3984298,10,55.02,24.7833333333333,0.990666666666667,100,0,62,1.03333333333333,47.6303093398201,-122.398429416504,0.221526420447357,272,4.74729608888889,47.6303776735324,-122.398434865186,2.96325833075386e-06,2.77772688745578,1.21416262823459,3.37261217819119
"63",63,"14:06:29","10/6/2022","00:24:46",-6.18744,272,88,47.6303062,-122.3984298,10,55,24.8,0.985888888888889,100,0,63,1.05,47.6303107610537,-122.398431584755,0.226906333739561,272,4.74729608888889,47.6303777128952,-122.398435992373,1.12787410382398e-06,2.7643304926419,1.20830697625903,3.34015981894475
"64",64,"14:06:30","10/6/2022","00:24:47",-6.18744,271,88,47.6303138,-122.3984298,10,55,24.8166666666667,0.9762,100,0.844674977206896,64,1.06666666666667,47.6303121823992,-122.398433717502,0.225007834224678,271,4.72984279444444,47.6303777236766,-122.398436610017,6.17737802289446e-07,2.7371638501356,1.1964322587644,3.274831127826
"65",65,"14:06:31","10/6/2022","00:24:48",-6.18744,272,88,47.6303176,-122.3984298,10,55,24.8333333333333,0.965888888888889,100,0.422337489071353,65,1.08333333333333,47.6303135439501,-122.398436050666,0.231570598128294,272,4.74729608888889,47.6303777896773,-122.398438500002,1.89113721643338e-06,2.70825256086284,1.18379494473343,3.2060156906108
"66",66,"14:06:32","10/6/2022","00:24:49",-6.18744,273,88,47.6303176,-122.3984375,10,55,24.85,0.968222222222222,100,0.578491407696055,66,1.1,47.6303149499348,-122.398438206578,0.225061734156509,273,4.76474938333333,47.6303778498551,-122.398439648253,1.14982607235461e-06,2.71479498623706,1.18665468174475,3.22152418039538
"67",67,"14:06:33","10/6/2022","00:24:50",-6.18744,272,88,47.6303176,-122.3984375,10,55.02,24.8666666666667,0.967222222222222,100,0,67,1.11666666666667,47.6303163115322,-122.39844034357,0.220628395712786,272,4.74729608888889,47.6303778885123,-122.398440755233,1.1076551721932e-06,2.71199108964811,1.18542908016847,3.21487310282664
"68",68,"14:06:34","10/6/2022","00:24:51",-6.18744,272,88,47.6303176,-122.3984375,10,55,24.8833333333333,0.966666666666667,100,0,68,1.13333333333333,47.630317625831,-122.398442477136,0.216866172167917,272,4.74729608888889,47.6303779588244,-122.398442768677,2.01467119178469e-06,2.71043336932092,1.18474819040387,3.21118102951322
"69",69,"14:06:35","10/6/2022","00:24:52",-6.18744,272,88,47.6303215,-122.3984451,10,55,24.9,0.948888888888889,100,0.716865939818617,69,1.15,47.6303188903127,-122.398444622677,0.21385336920603,272,4.74729608888889,47.6303779869617,-122.398443574411,8.0622577455697e-07,2.66058631885065,1.16295971793667,3.09415471491671
"70",70,"14:06:36","10/6/2022","00:24:53",-6.21792,272,88,47.6303215,-122.3984451,10,55,24.9166666666667,0.927888888888889,100,0,70,1.16666666666667,47.6303201028662,-122.398446795566,0.211686038349473,272,4.74729608888889,47.630378122082,-122.398447443693,3.87164047354066e-06,2.60170449048264,1.13722208483479,2.95871580479071
"71",71,"14:06:37","10/6/2022","00:24:54",-6.18744,272,88,47.6303253,-122.3984527,10,55,24.9333333333333,0.928333333333333,100,0.710200932910705,71,1.18333333333333,47.6303212618014,-122.398449235374,0.224030587572488,272,4.74729608888889,47.6303781744658,-122.398448943745,1.50096636511052e-06,2.6029506667444,1.13776679664647,2.96155084193057
"72",72,"14:06:38","10/6/2022","00:24:55",-6.18744,272,88,47.6303291,-122.3984451,10,55,24.95,0.9322,100,0.710200900818965,72,1.2,47.6303224390747,-122.398451531877,0.216536132968975,272,4.74729608888889,47.6303782095763,-122.398449949164,1.00603181652135e-06,2.61379240022168,1.14250578940809,2.98627294956414
"73",73,"14:06:39","10/6/2022","00:24:56",-6.18744,272,88,47.6303329,-122.3984527,10,55,24.9666666666667,0.92675,100,0.710200867911879,73,1.21666666666667,47.6303235622673,-122.39845370338,0.205423312703269,272,4.74729608888889,47.6303782278747,-122.398450473154,5.24309067139119e-07,2.59851116381189,1.13582626081736,2.95145721888463
"74",74,"14:06:40","10/6/2022","00:24:57",-6.18744,272,88,47.6303291,-122.3984603,10,55,24.9833333333333,0.9223,100,0.710200865566551,74,1.23333333333333,47.6303246722345,-122.398456022383,0.213477048633971,272,4.74729608888889,47.6303782807848,-122.398451988278,1.51604749014818e-06,2.58603382399105,1.13037233380292,2.92318108891805
"75",75,"14:06:41","10/6/2022","00:24:58",-6.18744,272,88,47.6303291,-122.3984603,10,55,25,0.921111111111111,100,0,75,1.25,47.6303257740133,-122.398458219908,0.205552688761907,272,4.74729608888889,47.6303782990031,-122.398452509975,5.2201532371922e-07,2.58270030249085,1.12891522970667,2.91564970524996
"76",76,"14:06:42","10/6/2022","00:24:59",-6.18744,270,88,47.6303367,-122.398468,10,55,25.0166666666667,0.920555555555556,100,1.02378119147258,76,1.26666666666667,47.6303268155859,-122.398460422425,0.201945309440196,270,4.7123895,47.6303782990035,-122.398453311287,8.01311415499784e-07,2.58114258216366,1.12823433994208,2.9121336974838
"77",77,"14:06:43","10/6/2022","00:25:00",-6.18744,260,88,47.6303329,-122.398468,10,55.02,25.0333333333333,0.919333333333333,100,0.422337489327471,77,1.28333333333333,47.6303278025201,-122.39846275635,0.20682736917889,260,4.53785655555556,47.6303779802477,-122.398455119046,1.83564703185267e-06,2.57771559744382,1.12673638245995,2.90440594727445
"78",78,"14:06:44","10/6/2022","00:25:01",-6.18744,262,88,47.6303367,-122.3984756,10,55.02,25.05,0.921111111111111,100,0.710200833156775,78,1.3,47.6303286676378,-122.398465065759,0.198363796453181,262,4.57276314444444,47.6303779062764,-122.398455645381,5.315072945085e-07,2.58270030249085,1.12891522970667,2.91564970524996
"79",79,"14:06:45","10/6/2022","00:25:02",-6.18744,263,88,47.6303367,-122.3984756,10,55.02,25.0666666666667,0.92,100,0,79,1.31666666666667,47.6303294729948,-122.398467450029,0.200245654491464,263,4.59021643888889,47.6303778443627,-122.39845614963,5.08035434149777e-07,2.57958486183646,1.12755345017747,2.90861981098928
"80",80,"14:06:46","10/6/2022","00:25:03",-6.18744,263,88,47.6303367,-122.3984756,10,55.02,25.0833333333333,0.917333333333333,100,0,80,1.33333333333333,47.6303302239417,-122.398469785288,0.194285278919841,263,4.59021643888889,47.6303776728954,-122.398457546125,1.40698258954154e-06,2.57210780426592,1.12428517930739,2.89178268391706
"81",81,"14:06:47","10/6/2022","00:25:04",-6.18744,264,88,47.6303367,-122.3984756,10,55.02,25.1,0.924222222222222,100,0,81,1.35,47.6303308549428,-122.398471947371,0.176927273379597,264,4.60766973333333,47.6303776101438,-122.398458143169,6.00333239333261e-07,2.59142353632315,1.13272821238843,2.93537854984063
"82",82,"14:06:48","10/6/2022","00:25:05",-6.18744,265,88,47.6303367,-122.3984832,10,55.02,25.1166666666667,0.9194,100,0.570978320210793,82,1.36666666666667,47.6303314263769,-122.398474066093,0.171379100599379,265,4.62512302777778,47.6303774957611,-122.398459450578,1.31240237134895e-06,2.57790252388309,1.12681808923171,2.90482719618753
"83",83,"14:06:49","10/6/2022","00:25:06",-6.21792,265,88,47.6303329,-122.3984832,10,55.02,25.1333333333333,0.906888888888889,100,0.422337488685453,83,1.38333333333333,47.6303318720302,-122.398476158176,0.164795157021158,265,4.62512302777778,47.6303774057082,-122.398460479893,1.03324730819113e-06,2.54282266211463,1.11148445173292,2.82630785245452
"84",84,"14:06:50","10/6/2022","00:25:07",-6.18744,265,88,47.6303329,-122.3984832,10,55.02,25.15,0.906777777777778,100,0,84,1.4,47.6303322515675,-122.398478240138,0.162003211455701,265,4.62512302777778,47.6303771958902,-122.398462878138,2.40740524035755e-06,2.5425111180492,1.11134827378,2.82561534211042
"85",85,"14:06:51","10/6/2022","00:25:08",-6.18744,263,88,47.6303329,-122.3984832,10,55.02,25.1666666666667,0.922777777777778,100,0,85,1.41666666666667,47.6303325693581,-122.398480439702,0.168982852041817,263,4.59021643888889,47.6303771091233,-122.3984635848,7.11969102176485e-07,2.58737346347244,1.13095789900047,2.92621045617837
"86",86,"14:06:52","10/6/2022","00:25:09",-6.21792,261,88,47.6303367,-122.3984756,10,55.02,25.1833333333333,0.933444444444445,100,0.710200830901539,86,1.43333333333333,47.6303322710958,-122.398482387663,0.150055219742211,261,4.55530985,47.6303770566771,-122.398463915933,3.35261092896479e-07,2.6172816937546,1.14403098248079,2.99425134753507
"87",87,"14:06:53","10/6/2022","00:25:10",-6.21792,262,88,47.6303367,-122.3984832,10,55.02,25.2,0.926222222222222,100,0.570978320210793,87,1.45,47.6303314329201,-122.398484023109,0.154190927167532,262,4.57276314444444,47.6303769130122,-122.398464938166,1.03227903485735e-06,2.59703132950105,1.13517941554099,2.94809650676465
"88",88,"14:06:54","10/6/2022","00:25:11",-6.18744,264,88,47.6303367,-122.3984832,10,55.02,25.2166666666667,0.906111111111111,100,0,88,1.46666666666667,47.6303302425235,-122.398485529688,0.174112914613078,264,4.60766973333333,47.6303768074648,-122.398465942387,1.00975244204452e-06,2.54064185365656,1.11053120606248,2.82146206191403
"89",89,"14:06:55","10/6/2022","00:25:12",-6.18744,262,88,47.6303367,-122.3984832,10,55.02,25.2333333333333,0.900555555555556,100,0,89,1.48333333333333,47.6303288186171,-122.398486973587,0.19186500521991,262,4.57276314444444,47.6303765938949,-122.398467462022,1.53456833942841e-06,2.5250646503846,1.10372230841648,2.78697018482334
"90",90,"14:06:56","10/6/2022","00:25:13",-6.15696,261,88,47.6303367,-122.3984909,10,55.02,25.25,0.912,100,0.578491194357206,90,1.5,47.6303272672449,-122.398488272555,0.198123779558446,261,4.55530985,47.6303760770564,-122.398470725222,3.30387651399578e-06,2.55715368912484,1.11774863756724,2.85825505206932
"91",91,"14:06:57","10/6/2022","00:25:14",-6.15696,261,88,47.6303367,-122.3984909,10,55.02,25.2666666666667,0.9324,100,0,91,1.51666666666667,47.6303265769806,-122.398489947001,0.147346138811937,261,4.55530985,47.630375558705,-122.398473997975,3.31354794241144e-06,2.61435317953947,1.14275090972335,2.98755447425685
"92",92,"14:06:58","10/6/2022","00:25:15",-6.18744,260,88,47.6303329,-122.3984985,10,55.02,25.2833333333333,0.937777777777778,100,0.710200829907043,92,1.53333333333333,47.6303266027063,-122.398491952669,0.150710459176879,260,4.53785655555556,47.6303752799531,-122.39847557886,1.6052725672942e-06,2.62943191230673,1.14934192264467,3.02211632955387
"93",93,"14:06:59","10/6/2022","00:25:16",-6.18744,260,88,47.6303329,-122.3984985,10,55.02,25.3,0.920333333333333,100,0,93,1.55,47.6303270130605,-122.398494251029,0.178594392225628,260,4.53785655555556,47.6303750168095,-122.398477071226,1.51538774047791e-06,2.58051949403277,1.12796198403623,2.91072788833339
"94",94,"14:07:00","10/6/2022","00:25:17",-6.18744,260,88,47.6303329,-122.3984909,10,55.02,25.3166666666667,0.908777777777778,100,0.570978361004933,94,1.56666666666667,47.630327751953,-122.398496804423,0.208671923555648,260,4.53785655555556,47.6303747233295,-122.398478735638,1.69008875356008e-06,2.5481189112271,1.11379947693256,2.8380935104867
"95",95,"14:07:01","10/6/2022","00:25:18",-6.15696,260,88,47.6303367,-122.3984909,10,55.02,25.3333333333333,0.915444444444445,100,0.422337489292584,95,1.58333333333333,47.6303286234331,-122.398499327154,0.212844676022658,260,4.53785655555556,47.6303743055309,-122.398481105099,2.40601329966198e-06,2.56681155515345,1.12197015410776,2.87988595610109
"96",96,"14:07:02","10/6/2022","00:25:19",-6.18744,261,88,47.6303367,-122.3984909,10,55.02,25.35,0.925333333333333,100,0,96,1.6,47.6303295601365,-122.39850203947,0.228826489216549,261,4.55530985,47.6303739820452,-122.398483147514,2.06787330827986e-06,2.59453897697754,1.13408999191763,2.94244068743044
"97",97,"14:07:03","10/6/2022","00:25:20",-6.15696,264,88,47.6303329,-122.3985137,10,55.02,25.3666666666667,0.932555555555556,100,1.76423222457942,97,1.61666666666667,47.6303306297091,-122.398504766997,0.236899595614569,264,4.60766973333333,47.6303738333324,-122.398484562429,1.42270868126874e-06,2.61478934123109,1.14294155885743,2.98855140575046
"98",98,"14:07:04","10/6/2022","00:25:21",-6.15696,265,88,47.6303291,-122.3985137,10,55.02,25.3833333333333,0.935444444444445,100,0.422337488327342,98,1.63333333333333,47.6303316656345,-122.398507594884,0.24164697891054,265,4.62512302777778,47.630373682637,-122.398486284895,1.72904598709196e-06,2.62288948693251,1.14648218563335,3.00709607165312
"99",99,"14:07:05","10/6/2022","00:25:22",-6.15696,265,88,47.6303253,-122.3985137,10,55.02,25.4,0.947777777777778,100,0.422337486462947,99,1.65,47.6303325789036,-122.398510384467,0.232863777131471,265,4.62512302777778,47.6303735895766,-122.398487348587,1.06775465869788e-06,2.65747087819626,1.16159793840747,3.08691269349066
"100",100,"14:07:06","10/6/2022","00:25:23",-6.15696,264,88,47.6303253,-122.3985137,10,55.02,25.4166666666667,0.962555555555555,100,0,100,1.66666666666667,47.6303332988303,-122.398512999547,0.212136041661712,264,4.60766973333333,47.6303735466819,-122.398487756705,4.10365684356982e-07,2.69890623889966,1.17970960614583,3.18392561611684
"101",101,"14:07:07","10/6/2022","00:25:24",-6.15696,273,88,47.6303253,-122.3985137,10,55.02,25.4333333333333,0.964,100,0,101,1.68333333333333,47.6303338828292,-122.398515890962,0.22671788573483,273,4.76474938333333,47.63037369719,-122.398490628541,2.87577815067496e-06,2.70295631175038,1.18147991953379,3.19348860571018
"102",102,"14:07:08","10/6/2022","00:25:25",-6.15696,270,88,47.6303215,-122.3985214,10,55.02,25.45,0.960555555555555,100,0.716254969909253,102,1.7,47.6303343752265,-122.398518753719,0.221928620312744,270,4.7123895,47.6303736971905,-122.398491490168,8.61626363905011e-07,2.69329844572176,1.17725840299327,3.17070822699465
"103",103,"14:07:09","10/6/2022","00:25:26",-6.15696,271,88,47.6303215,-122.3985214,10,55.02,25.4666666666667,0.952,100,0,103,1.71666666666667,47.6303346987969,-122.398521573247,0.214858522227329,271,4.72984279444444,47.6303736971905,-122.398491490168,0,2.66930955268294,1.16677270061843,3.11447751557045
"104",104,"14:07:10","10/6/2022","00:25:27",-6.18744,270,88,47.6303215,-122.3985214,10,55.02,25.4833333333333,0.947444444444444,100,0,104,1.73333333333333,47.6303347753705,-122.398524226768,0.199537238011879,270,4.7123895,47.6303736971921,-122.398494733762,3.24359369507424e-06,2.65653624599994,1.16118940454871,3.08474174165473
"105",105,"14:07:11","10/6/2022","00:25:28",-6.15696,270,88,47.6303215,-122.3985214,10,55.02,25.5,0.944666666666667,100,0,105,1.75,47.6303347277239,-122.398526734264,0.188459355827023,270,4.7123895,47.630373697193,-122.398496457014,1.72325274100447e-06,2.64874764436396,1.15778495572571,3.06668017415851
"106",106,"14:07:12","10/6/2022","00:25:29",-6.18744,272,88,47.6303176,-122.3985214,10,55.02,25.5166666666667,0.942111111111111,100,0.433451629844626,106,1.76666666666667,47.6303343726523,-122.398529115872,0.183227408525431,272,4.74729608888889,47.6303737830357,-122.398498915191,2.45967477221733e-06,2.64158213085886,1.15465286280855,3.05011036974009
"107",107,"14:07:13","10/6/2022","00:25:30",-6.15696,273,88,47.6303176,-122.3985214,10,55.02,25.5333333333333,0.940555555555555,100,0,107,1.78333333333333,47.630333835732,-122.398531362096,0.178996011069743,273,4.76474938333333,47.6303737830357,-122.398498915191,0,2.63722051394271,1.15274637146767,3.04004637820756
"108",108,"14:07:14","10/6/2022","00:25:31",-6.15696,273,88,47.6303176,-122.398529,10,55.02,25.55,0.948,100,0.570978526205863,108,1.8,47.6303331889398,-122.398533460292,0.173251961849667,273,4.76474938333333,47.6303738451731,-122.398500100829,1.18726576597945e-06,2.65809396632713,1.16187029431331,3.08836041896894
"109",109,"14:07:15","10/6/2022","00:25:32",-6.18744,274,88,47.6303176,-122.398529,10,55.02,25.5666666666667,0.954333333333333,100,0,109,1.81666666666667,47.6303323251336,-122.398535431105,0.17646542609641,274,4.78220267777778,47.6303739553118,-122.398501675875,1.57889201683918e-06,2.67585197805717,1.16963243762975,3.12976327183139
"110",110,"14:07:16","10/6/2022","00:25:33",-6.18744,274,88,47.6303176,-122.398529,10,55.02,25.5833333333333,0.9571,100,0,110,1.83333333333333,47.6303312646887,-122.398537295333,0.183048721406265,274,4.78220267777778,47.6303740393104,-122.398502877101,1.20415945778939e-06,2.6836094252866,1.17302326865746,3.14793629984965
"111",111,"14:07:17","10/6/2022","00:25:34",-6.18744,274,88,47.6303176,-122.398529,10,55.02,25.6,0.959666666666667,100,0,111,1.85,47.6303300128289,-122.398539185341,0.19879738076623,274,4.78220267777778,47.6303741981987,-122.398505149293,2.27774010601114e-06,2.69080609319825,1.17616897936991,3.16484265631932
"112",112,"14:07:18","10/6/2022","00:25:35",-6.18744,273,88,47.6303176,-122.398529,10,55.02,25.6166666666667,0.957888888888889,100,0,112,1.86666666666667,47.6303280745164,-122.398540696312,0.243505457422384,273,4.76474938333333,47.6303742936407,-122.398506970416,1.82362276841992e-06,2.68582138815122,1.17399013212319,3.15312780633494
"113",113,"14:07:19","10/6/2022","00:25:36",-6.18744,273,88,47.6303176,-122.398529,10,55.02,25.6333333333333,0.947555555555555,100,0,113,1.88333333333333,47.6303257939419,-122.398541961039,0.270690760673602,273,4.76474938333333,47.6303744307433,-122.398509586463,2.61963737978854e-06,2.65684779006537,1.16132558250163,3.08546530741584
"114",114,"14:07:20","10/6/2022","00:25:37",-6.15696,273,88,47.6303176,-122.398529,10,55.02,25.65,0.935888888888889,100,0,114,1.9,47.6303225359061,-122.398542746522,0.366879945234217,273,4.76474938333333,47.6303744307433,-122.398509586463,0,2.62413566319426,1.14702689744503,3.00995418822858
"115",115,"14:07:21","10/6/2022","00:25:38",-6.15696,273,88,47.6303138,-122.3985443,10,55.02,25.6666666666667,0.941,100,1.22460204242491,115,1.91666666666667,47.6303188156242,-122.398543372274,0.416141523816468,273,4.76474938333333,47.6303745322761,-122.398511523805,1.93999999709149e-06,2.63846669020446,1.15329108327935,3.04292010734239
"116",116,"14:07:22","10/6/2022","00:25:39",-6.15696,273,88,47.6303138,-122.3985443,10,55.02,25.6833333333333,0.954555555555555,100,0,116,1.93333333333333,47.6303147875536,-122.39854378293,0.448747401900976,273,4.76474938333333,47.6303746391258,-122.398513562599,2.04159252431292e-06,2.67647506618804,1.16990479353559,3.13122100971188
"117",117,"14:07:23","10/6/2022","00:25:40",-6.18744,273,88,47.6303138,-122.3985443,10,55.02,25.7,0.960666666666667,100,0,117,1.95,47.6303115522404,-122.398544524198,0.363864435572275,273,4.76474938333333,47.6303747519641,-122.398515715659,2.15601483872016e-06,2.6936099897872,1.17739458094619,3.17144180515797
"118",118,"14:07:24","10/6/2022","00:25:41",-6.18744,273,88,47.6303138,-122.3985443,10,55.02,25.7166666666667,0.952333333333333,100,0,118,1.96666666666667,47.6303090670896,-122.398545543005,0.286612765431136,273,4.76474938333333,47.6303747519641,-122.398515715659,0,2.67024418487926,1.16718123447719,3.11665890406291
"119",119,"14:07:25","10/6/2022","00:25:42",-6.18744,273,88,47.6303138,-122.3985519,10,55.02,25.7333333333333,0.9403,100,0.570978566457502,119,1.98333333333333,47.6303072389594,-122.398546788479,0.22369184076421,273,4.76474938333333,47.6303749019389,-122.398518577321,2.86558894138311e-06,2.6365039625922,1.15243316217596,3.03839459869956
"120",120,"14:07:26","10/6/2022","00:25:43",-6.15696,273,88,47.6303138,-122.3985519,10,55,25.75,0.925,100,0,120,2,47.6303059953318,-122.398548243157,0.17620523447315,273,4.76474938333333,47.6303750343667,-122.398521104169,2.53031618536886e-06,2.59360434478122,1.13368145805887,2.94032115521941
"121",121,"14:07:27","10/6/2022","00:25:44",-6.15696,273,88,47.63031,-122.3985671,10,55.02,25.7666666666667,0.914444444444445,100,1.21755293173711,121,2.01666666666667,47.6303051258847,-122.398549891697,0.157089693567445,273,4.76474938333333,47.6303750725006,-122.3985218318,7.2862884413046e-07,2.5640076585645,1.12074455253148,2.87359761598515
"122",122,"14:07:28","10/6/2022","00:25:45",-6.15696,273,88,47.6303176,-122.3985595,10,55.02,25.7833333333333,0.923222222222222,100,1.01955496345611,122,2.03333333333333,47.6303047716448,-122.398551720896,0.142953908941218,273,4.76474938333333,47.6303752068342,-122.398524395011,2.56672943509509e-06,2.58861963973419,1.13150261081215,2.92902988075886
"123",123,"14:07:29","10/6/2022","00:25:46",-6.12648,274,88,47.6303176,-122.3985595,10,55.02,25.8,0.937666666666667,100,0,123,2.05,47.630304715731,-122.398553575176,0.139448322353063,274,4.78220267777778,47.6303753912673,-122.398527032507,2.64393646183562e-06,2.62912036824129,1.14920574469175,3.02140023066899
"124",124,"14:07:30","10/6/2022","00:25:47",-6.12648,275,88,47.6303176,-122.3985595,10,55.02,25.8166666666667,0.948,100,0,124,2.06666666666667,47.630304903764,-122.398555555353,0.150228935870111,275,4.79965597222222,47.6303754571611,-122.398527785673,7.56042318362359e-07,2.65809396632713,1.16187029431331,3.08836041896894
"125",125,"14:07:31","10/6/2022","00:25:48",-6.12648,274,88,47.6303176,-122.3985595,10,55.02,25.8333333333333,0.973222222222222,100,0,125,2.08333333333333,47.6303052854392,-122.398557651517,0.163095326493253,274,4.78220267777778,47.6303757396391,-122.398531825265,4.04945674909297e-06,2.72881446918183,1.19278268962615,3.25488266204145
"126",126,"14:07:32","10/6/2022","00:25:49",-6.12648,271,88,47.6303176,-122.3985595,10,55.02,25.85,0.992333333333333,100,0,126,2.1,47.6303059096994,-122.398559826005,0.177489149212147,271,4.72984279444444,47.630375754511,-122.39853267725,8.52115015170537e-07,2.78240004843737,1.21620529752838,3.38396967875276
"127",127,"14:07:33","10/6/2022","00:25:50",-6.12648,271,88,47.6303176,-122.3985748,10,55.02,25.8666666666667,0.986444444444444,100,1.14946992539725,127,2.11666666666667,47.6303065782676,-122.398562039851,0.182167078033915,271,4.72984279444444,47.6303757811723,-122.39853420463,1.52761251721665e-06,2.76588821296909,1.20898786602363,3.3439252882574
"128",128,"14:07:34","10/6/2022","00:25:51",-6.12648,271,88,47.6303176,-122.3985748,10,55.02,25.8833333333333,0.969444444444444,100,0,128,2.13333333333333,47.6303071837906,-122.398564146508,0.171984568546134,271,4.72984279444444,47.6303757811723,-122.39853420463,0,2.71822197095689,1.18815263922687,3.22966260879689
"129",129,"14:07:35","10/6/2022","00:25:52",-6.12648,271,88,47.6303215,-122.3985671,10,55.02,25.9,0.957333333333333,100,0.722864157314219,129,2.15,47.6303078434684,-122.398566506253,0.191847181230051,271,4.72984279444444,47.6303758067847,-122.398535671921,1.46751490854175e-06,2.68426366782402,1.17330924235859,3.14947137038529
"130",130,"14:07:36","10/6/2022","00:25:53",-6.12648,271,88,47.6303253,-122.3985748,10,55.02,25.9166666666667,0.9691,100,0.716254966591472,130,2.16666666666667,47.6303084681367,-122.398568836564,0.188336727589139,271,4.72984279444444,47.6303758278703,-122.398536879876,1.20813906352902e-06,2.71725618435403,1.18773048757282,3.22736801270307
"131",131,"14:07:37","10/6/2022","00:25:54",-6.12648,271,88,47.6303253,-122.3985748,10,55.02,25.9333333333333,0.967111111111111,100,0,131,2.18333333333333,47.6303091694834,-122.398571414798,0.208795424261797,271,4.72984279444444,47.6303758278703,-122.398536879876,0,2.71167954558267,1.18529290221555,3.21413451846223
"132",132,"14:07:38","10/6/2022","00:25:55",-6.12648,271,88,47.6303253,-122.3985748,10,55.02,25.95,0.957222222222222,100,0,132,2.2,47.630309985603,-122.398574018851,0.21564338167606,271,4.72984279444444,47.6303758485915,-122.398538066961,1.18726576214924e-06,2.68395212375858,1.17317306440567,3.14874033774796
"133",133,"14:07:39","10/6/2022","00:25:56",-6.096,271,88,47.6303253,-122.3985824,10,55.02,25.9666666666667,0.957555555555555,100,0.570978439690517,133,2.21666666666667,47.6303102732743,-122.398576238866,0.16982377297114,271,4.72984279444444,47.6303758485915,-122.398538066961,0,2.6848867559549,1.17358159826443,3.15093369021255
"134",134,"14:07:40","10/6/2022","00:25:57",-6.12648,270,88,47.6303253,-122.39859,10,55,25.9833333333333,0.965444444444444,100,0.570978439373575,134,2.23333333333333,47.6303103821884,-122.398578653972,0.181847236142754,270,4.7123895,47.6303758485923,-122.398539498743,1.43178210916417e-06,2.70700638460108,1.18325023292175,3.20306593509989
"135",135,"14:07:41","10/6/2022","00:25:58",-6.096,270,88,47.6303253,-122.3985977,10,55.02,26,0.970666666666667,100,0.578491314961189,135,2.25,47.6303101449609,-122.398581027862,0.180285817476092,270,4.7123895,47.6303758485923,-122.398539498743,0,2.72164895567673,1.18965059670899,3.23781130415321
"136",136,"14:07:42","10/6/2022","00:25:59",-6.096,270,88,47.6303253,-122.3985977,10,55,26.0166666666667,0.968444444444444,100,0,136,2.26666666666667,47.6303097488634,-122.398582717705,0.134371826663494,270,4.7123895,47.6303758485936,-122.398542069035,2.57029182441621e-06,2.71541807436794,1.18692703765059,3.2230031309924
"137",137,"14:07:43","10/6/2022","00:26:00",-6.12648,270,88,47.6303253,-122.3985977,10,55,26.0333333333333,0.973555555555556,100,0,137,2.28333333333333,47.6303087849938,-122.398584043466,0.146275964548657,270,4.7123895,47.6303758485942,-122.398543172711,1.10367568275732e-06,2.72974910137815,1.19319122348491,3.25711267008022
"138",138,"14:07:44","10/6/2022","00:26:01",-6.096,270,88,47.6303253,-122.3985977,10,55,26.05,0.972333333333333,100,0,138,2.3,47.6303074418385,-122.398585262304,0.17512743442867,270,4.7123895,47.6303758485942,-122.398543172711,0,2.72632211665831,1.19169326600279,3.24893970737618
"139",139,"14:07:45","10/6/2022","00:26:02",-6.12648,271,88,47.6303253,-122.3985977,10,55,26.0666666666667,0.9617,100,0,139,2.31666666666667,47.6303055317615,-122.39858598654,0.219150742978024,271,4.72984279444444,47.6303758485942,-122.398543172711,0,2.69650734959578,1.17866103590835,3.17826814600903
"140",140,"14:07:46","10/6/2022","00:26:03",-6.12648,270,88,47.6303253,-122.3985977,10,55,26.0833333333333,0.957555555555555,100,0,140,2.33333333333333,47.6303031526264,-122.398586364403,0.265940040677842,270,4.7123895,47.6303758485952,-122.398545174735,2.00202397085134e-06,2.6848867559549,1.17358159826443,3.15093369021255
"141",141,"14:07:47","10/6/2022","00:26:04",-6.12648,271,88,47.6303253,-122.3986053,10,55,26.1,0.957777777777778,100,0.570978438608853,141,2.35,47.6303002769487,-122.398586432372,0.31964776490314,271,4.72984279444444,47.63037588552,-122.398547290092,2.11567955516505e-06,2.68550984408578,1.17385395417027,3.15239634944328
"142",142,"14:07:48","10/6/2022","00:26:05",-6.12648,270,88,47.63028714,-122.39858852,10,55,26.1166666666667,0.956222222222222,100,4.42455444920171,142,2.36666666666667,47.6302969330223,-122.398586226568,0.371970292285777,270,4.7123895,47.6303758855204,-122.398548060871,7.70778827252947e-07,2.68114822716963,1.17194746282939,3.14216486230097
"143",143,"14:07:49","10/6/2022","00:26:06",-6.12648,271,88,47.63024898,-122.39857174,10,55,26.1333333333333,0.962222222222222,100,4.42455469091242,143,2.38333333333333,47.6302930778525,-122.398585925473,0.429065850552904,271,4.72984279444444,47.6303759153057,-122.398549767216,1.7066048149851e-06,2.69797160670335,1.17930107228707,3.18172080878532
"144",144,"14:07:50","10/6/2022","00:26:07",-6.12648,271,88,47.63021082,-122.39855496,10,55,26.15,0.961555555555555,100,4.42455493207935,144,2.4,47.630288793878,-122.398585313743,0.47834005359289,271,4.72984279444444,47.6303759367728,-122.398550997029,1.23000000004173e-06,2.69610234231071,1.17848400456955,3.17731348509567
"145",145,"14:07:51","10/6/2022","00:26:08",-6.12648,272,88,47.63017266,-122.39853818,10,55,26.1666666666667,0.946888888888889,100,4.42455517317895,145,2.41666666666667,47.6302841077208,-122.398584538202,0.524075253968704,272,4.74729608888889,47.6303760038135,-122.398552916796,1.92093726815544e-06,2.65497852567274,1.16050851478411,3.08112518561218
"146",146,"14:07:52","10/6/2022","00:26:09",-6.12648,272,88,47.6301345,-122.3985214,10,55,26.1833333333333,0.942111111111111,100,4.42455541287817,146,2.43333333333333,47.630279045796,-122.398583634173,0.566674530435427,272,4.74729608888889,47.6303760651314,-122.398554672683,1.75695760100729e-06,2.64158213085886,1.15465286280855,3.05011036974009
"147",147,"14:07:53","10/6/2022","00:26:10",-6.12648,272,88,47.6301574,-122.398529,10,55,26.2,0.960555555555555,100,2.60840009640996,147,2.45,47.6302736342496,-122.398582492324,0.607534167158485,272,4.74729608888889,47.6303760793035,-122.398555078514,4.06078801689676e-07,2.69329844572176,1.17725840299327,3.17070822699465
"148",148,"14:07:54","10/6/2022","00:26:11",-6.12648,271,88,47.6301803,-122.3985366,10,55,26.2166666666667,0.9595,100,2.60840004764182,148,2.46666666666667,47.6302678988962,-122.398581257468,0.644151255752275,271,4.72984279444444,47.6303761198233,-122.39855739982,2.32165889419063e-06,2.69033877710009,1.17596471244053,3.16374346638011
"149",149,"14:07:55","10/6/2022","00:26:12",-6.12648,269,88,47.6301994,-122.3985443,10,54.99,26.2333333333333,0.945333333333333,100,2.20021368102634,149,2.48333333333333,47.6302619364908,-122.398579818789,0.671427294656503,269,4.69493620555556,47.6303760868374,-122.398559289638,1.89010581150689e-06,2.65061690875659,1.15860202344323,3.07101011385823
"150",150,"14:07:56","10/6/2022","00:26:13",-6.12648,272,88,47.6302146,-122.3985519,10,55.02,26.25,0.942111111111111,100,1.78323328745696,150,2.5,47.6302557178824,-122.398578316276,0.70030272908562,272,4.74729608888889,47.6303761551639,-122.398561246224,1.95777936044876e-06,2.64158213085886,1.15465286280855,3.05011036974009
"151",151,"14:07:57","10/6/2022","00:26:14",-6.096,272,88,47.6302223,-122.3985519,10,55,26.2666666666667,0.948222222222222,100,0.855789099316182,151,2.51666666666667,47.6302492691414,-122.398576921053,0.724346945352155,272,4.74729608888889,47.6303762238212,-122.398563212283,1.96725697614105e-06,2.65871705445801,1.16214265021915,3.08980848385069
"152",152,"14:07:58","10/6/2022","00:26:15",-6.12648,272,88,47.6302337,-122.3985595,10,55,26.2833333333333,0.951111111111111,100,1.38972590739296,152,2.53333333333333,47.6302425444922,-122.398575553203,0.754419180527073,272,4.74729608888889,47.630376294682,-122.39856524144,2.03039404554341e-06,2.66681720015943,1.16568327699507,3.10866421302866
"153",153,"14:07:59","10/6/2022","00:26:16",-6.12648,271,88,47.6302452,-122.3985671,10,55.02,26.3,0.946111111111111,100,1.39986606580378,153,2.55,47.6302356230349,-122.39857424419,0.775521600707921,271,4.72984279444444,47.630376294682,-122.39856524144,0,2.65279771721467,1.15955526911367,3.07606557088899
"154",154,"14:08:00","10/6/2022","00:26:17",-6.12648,271,88,47.6302528,-122.3985748,10,55.02,26.3166666666667,0.932111111111111,100,1.02378169673133,154,2.56666666666667,47.6302285988297,-122.398572597561,0.790421234433412,271,4.72984279444444,47.6303763017693,-122.398565647457,4.06078815687801e-07,2.61354316496933,1.14239684704575,2.98570347127894
"155",155,"14:08:01","10/6/2022","00:26:18",-6.096,271,88,47.6302566,-122.3985748,10,55,26.3333333333333,0.916777777777778,100,0.422337481989241,155,2.58333333333333,47.6302215110572,-122.398570969689,0.797182500024388,271,4.72984279444444,47.6303763145242,-122.398566378167,7.30821457562597e-07,2.57055008393872,1.1236042895428,2.88828110079814
"156",156,"14:08:02","10/6/2022","00:26:19",-6.096,271,88,47.6302566,-122.3985748,10,55,26.35,0.920222222222222,100,0,156,2.6,47.6302143996954,-122.398569382688,0.799309506863666,271,4.72984279444444,47.6303763287299,-122.398567191984,8.13941038662055e-07,2.58020794996734,1.12782580608331,2.91002511103449
"157",157,"14:08:03","10/6/2022","00:26:20",-6.096,271,88,47.6302604,-122.3985977,10,55.02,26.3666666666667,0.934222222222222,100,1.77152998210925,157,2.61666666666667,47.6302072341923,-122.398567858487,0.804574986203222,271,4.72984279444444,47.6303763287299,-122.398567191984,0,2.61946250221267,1.14498422815123,2.99924325126707
"158",158,"14:08:04","10/6/2022","00:26:21",-6.06552,268,88,47.630268,-122.3986053,10,55,26.3833333333333,0.9457,100,1.01955525689593,158,2.63333333333333,47.6302000389225,-122.39856641887,0.806973519105864,268,4.67748291111111,47.6303762598444,-122.398569164636,1.97385408955975e-06,2.65164500417254,1.15905141068787,3.07339288272962
"159",159,"14:08:05","10/6/2022","00:26:22",-6.096,270,88,47.6302719,-122.3986129,10,55,26.4,0.951333333333333,100,0.716866359341044,159,2.65,47.63019290879,-122.398564940969,0.800193994130553,270,4.7123895,47.630376259845,-122.398570305907,1.1412712168002e-06,2.66744028829031,1.16595563290091,3.11011702955891
"160",160,"14:08:06","10/6/2022","00:26:23",-6.096,272,88,47.6302757,-122.3986129,10,55,26.4166666666667,0.950888888888889,100,0.422337480388576,160,2.66666666666667,47.6301858123863,-122.39856355605,0.795538000381301,272,4.74729608888889,47.6303763376689,-122.398572534459,2.22991031449757e-06,2.66619411202855,1.16541092108923,3.10721173590188
"161",161,"14:08:07","10/6/2022","00:26:24",-6.12648,272,88,47.6302795,-122.3986129,10,54.99,26.4333333333333,0.94,100,0.422337479458184,161,2.68333333333333,47.6301787731205,-122.398562282409,0.788184039879851,272,4.74729608888889,47.6303764043453,-122.398574443792,1.91049731486223e-06,2.63566279361551,1.15206548170307,3.03645612593352
"162",162,"14:08:08","10/6/2022","00:26:25",-6.096,271,88,47.6302795,-122.3986129,10,55,26.45,0.923444444444445,100,0,162,2.7,47.6301718134891,-122.398561138215,0.778265426169858,271,4.72984279444444,47.6303764278394,-122.39857578973,1.34614263748124e-06,2.58924272786507,1.131774966718,2.93044010215431
"163",163,"14:08:09","10/6/2022","00:26:26",-6.06552,272,88,47.6302833,-122.3986206,10,55,26.4666666666667,0.917888888888889,100,0.716255335754978,163,2.71666666666667,47.6301650282302,-122.398560141552,0.757831728441958,272,4.74729608888889,47.6303764873345,-122.39857749342,1.7047287121717e-06,2.57366552459311,1.124966069072,2.89528638830763
"164",164,"14:08:10","10/6/2022","00:26:27",-6.06552,272,88,47.6302871,-122.3986206,10,55,26.4833333333333,0.927666666666667,100,0.422337480068094,164,2.73333333333333,47.6301583823032,-122.398559310455,0.741272306023924,272,4.74729608888889,47.6303765483736,-122.398579241326,1.74897113034426e-06,2.60108140235176,1.13694972892895,2.95729879532598
"165",165,"14:08:11","10/6/2022","00:26:28",-6.096,272,88,47.6302871,-122.3986206,10,55,26.5,0.946666666666667,100,0,165,2.75,47.6301518967889,-122.398558520276,0.723249914180539,272,4.74729608888889,47.6303766481663,-122.398582098972,2.85938804778008e-06,2.65435543754186,1.16023615887827,3.07967915715123
"166",166,"14:08:12","10/6/2022","00:26:29",-6.096,269,88,47.6302871,-122.3986206,10,55,26.5166666666667,0.939777777777778,100,0,166,2.76666666666667,47.6301455916954,-122.398557897295,0.70231846473345,269,4.69493620555556,47.6303766281392,-122.39858324636,1.14756263597234e-06,2.63503970548463,1.15179312579723,3.03502061897997
"167",167,"14:08:13","10/6/2022","00:26:30",-6.03504,270,87,47.6302909,-122.3986282,10,55,26.5333333333333,0.914888888888889,100,0.710201222468388,167,2.78333333333333,47.6301394859018,-122.398557456375,0.679414723494973,270,4.7123895,47.63037662814,-122.398584847141,1.60078106375021e-06,2.56525383482626,1.12128926434316,2.87639158530579
"168",168,"14:08:14","10/6/2022","00:26:31",-6.03504,272,87,47.63022988,-122.39860378,10,55,26.55,0.93,100,7.02562640338977,168,2.8,47.6301335971018,-122.398557212342,0.654746443580806,272,4.74729608888889,47.6303767151972,-122.398587340095,2.49447389190805e-06,2.60762382772598,1.13980946594027,2.97219432245349
"169",169,"14:08:15","10/6/2022","00:26:32",-6.00456,272,87,47.63016886,-122.39857936,10,55.02,26.5666666666667,0.978666666666667,100,7.02562690778148,169,2.81666666666667,47.6301279417474,-122.398557180023,0.628548928312329,272,4.74729608888889,47.6303767700569,-122.398588911047,1.57190966400674e-06,2.74408012838835,1.19945540931923,3.29140175360081
"170",170,"14:08:16","10/6/2022","00:26:33",-6.00456,272,87,47.63010784,-122.39855494,10,55,26.5833333333333,1.00722222222222,100,7.02562740772155,170,2.83333333333333,47.6301225349918,-122.398557374279,0.601091790172437,272,4.74729608888889,47.6303768400799,-122.398590916215,2.00638980169213e-06,2.82414695320621,1.23445314321966,3.48627708329964
"171",171,"14:08:17","10/6/2022","00:26:34",-6.03504,271,87,47.63004682,-122.39853052,10,55,26.6,1.00822222222222,100,7.02562791304674,171,2.85,47.630117390634,-122.39855781004,0.572687859590666,271,4.72984279444444,47.6303768400799,-122.398590916215,0,2.82695084979516,1.23567874479594,3.49320307767471
"172",172,"14:08:18","10/6/2022","00:26:35",-6.03504,271,87,47.6299858,-122.3985061,10,55.02,26.6166666666667,1.01344444444444,100,7.02562841292939,172,2.86666666666667,47.6301125923955,-122.398558215128,0.534150841878093,271,4.72984279444444,47.6303768629852,-122.398592228417,1.31240238542551e-06,2.8415934208708,1.24207910858318,3.52948382315102
"173",173,"14:08:19","10/6/2022","00:26:36",-6.03504,272,87,47.6299858,-122.3985061,10,55.02,26.6333333333333,1.00544444444444,100,0,173,2.88333333333333,47.6301081249169,-122.398559493603,0.505727009354705,272,4.74729608888889,47.6303768837382,-122.398592822698,5.94642753687239e-07,2.81916224815918,1.23227429597294,3.47398117458384
"174",174,"14:08:20","10/6/2022","00:26:37",-6.03504,271,87,47.6299896,-122.3985137,10,55.02,26.65,1.00266666666667,100,0.710203853651408,174,2.9,47.6301039921327,-122.398561483476,0.483039959693713,271,4.72984279444444,47.6303769001115,-122.398593760691,9.3813644539206e-07,2.81137364652322,1.22886984714995,3.45481230328438
"175",175,"14:08:21","10/6/2022","00:26:38",-6.00456,271,87,47.6299896,-122.3985137,10,55,26.6666666666667,1.00855555555556,100,0,175,2.91666666666667,47.630100169342,-122.39856336888,0.44786075040763,271,4.72984279444444,47.6303769440946,-122.398596280407,2.52009920945513e-06,2.8278854819915,1.23608727865471,3.49551326978203
"176",176,"14:08:22","10/6/2022","00:26:39",-6.03504,271,87,47.6299896,-122.3985137,10,55.02,26.6833333333333,1.01644444444444,100,0,176,2.93333333333333,47.6300966658793,-122.398565049456,0.409338852374936,271,4.72984279444444,47.6303769825877,-122.398598485609,2.20553848391742e-06,2.85000511063766,1.24575591331202,3.55041071954633
"177",177,"14:08:23","10/6/2022","00:26:40",-6.03504,271,87,47.6299896,-122.3985137,10,55,26.7,1.00622222222222,100,0,177,2.95,47.6300934893934,-122.398566674213,0.373546396697794,271,4.72984279444444,47.6303770464341,-122.398602143262,3.65820994493282e-06,2.82134305661726,1.23322754164338,3.47935796184472
"178",178,"14:08:24","10/6/2022","00:26:41",-6.03504,271,87,47.630001,-122.3985137,10,55,26.7166666666667,0.985,100,1.26701238634155,178,2.96666666666667,47.6300907171273,-122.398567993876,0.323672310400023,271,4.72984279444444,47.6303770769643,-122.398603892281,1.74928556696164e-06,2.76183814011838,1.20721755263567,3.33413948028955
"179",179,"14:08:25","10/6/2022","00:26:42",-6.03504,271,87,47.630001,-122.3985137,10,55,26.7333333333333,0.971555555555556,100,0,179,2.98333333333333,47.6300881564122,-122.398569402088,0.303630041760441,271,4.72984279444444,47.6303771014009,-122.398605292211,1.4001428416755e-06,2.72414130820024,1.19074002033235,3.24374407671455
"180",180,"14:08:26","10/6/2022","00:26:43",-6.03504,271,87,47.630001,-122.3985137,10,55.02,26.75,0.973888888888889,100,0,180,3,47.6300859193702,-122.398570817144,0.270403633074975,271,4.72984279444444,47.6303771014009,-122.398605292211,0,2.73068373357446,1.19359975734367,3.25934344177678
"181",181,"14:08:27","10/6/2022","00:26:44",-6.00456,271,87,47.630001,-122.3985137,10,55.02,26.7666666666667,0.985666666666667,100,0,181,3.01666666666667,47.6300840048105,-122.398572267107,0.239050153565857,271,4.72984279444444,47.6303771613133,-122.398608724486,3.43279769522916e-06,2.76370740451102,1.20803462035319,3.33865422517576
"182",182,"14:08:28","10/6/2022","00:26:45",-6.00456,271,87,47.6300125,-122.3985214,10,55.02,26.7833333333333,0.989666666666667,100,1.40294821936165,182,3.03333333333333,47.6300824095187,-122.398573778521,0.210547438254665,271,4.72984279444444,47.6303771774041,-122.3986096463,9.21954449567112e-07,2.77492299086683,1.21293702665831,3.36580684174778
"183",183,"14:08:29","10/6/2022","00:26:46",-6.03504,271,87,47.6300125,-122.3985214,10,55.02,26.8,0.985333333333333,100,0,183,3.05,47.6300811282015,-122.398575376462,0.186258785670259,271,4.72984279444444,47.63037720196,-122.398611053068,1.40698258883452e-06,2.7627727723147,1.20762608649443,3.33639647090375
"184",184,"14:08:30","10/6/2022","00:26:47",-6.03504,271,87,47.6300125,-122.3985214,10,55,26.8166666666667,0.976333333333333,100,0,184,3.06666666666667,47.6300801534314,-122.398576797382,0.152095569880535,271,4.72984279444444,47.6303772376465,-122.398613097481,2.04472491486722e-06,2.73753770301412,1.19659567230791,3.27572576820643
"185",185,"14:08:31","10/6/2022","00:26:48",-6.03504,270,87,47.6300239,-122.398529,10,55.02,26.8333333333333,0.964222222222222,100,1.38972680721618,185,3.08333333333333,47.6300794755918,-122.398578281474,0.134563829847118,270,4.7123895,47.6303772376475,-122.398615047379,1.94989743496447e-06,2.70357939988125,1.18175227543963,3.19496110764138
"186",186,"14:08:32","10/6/2022","00:26:49",-6.00456,271,87,47.6300354,-122.3985366,10,55.02,26.85,0.959888888888889,100,1.39986695951923,186,3.1,47.63007900961,-122.398579987744,0.138257069057683,271,4.72984279444444,47.6303772797264,-122.398617458007,2.41099564436522e-06,2.69142918132913,1.17644133527575,3.16630853988296
"187",187,"14:08:33","10/6/2022","00:26:50",-6.03504,271,87,47.6300506,-122.3985671,10,55,26.8666666666667,0.964444444444444,100,2.84685713619654,187,3.11666666666667,47.6300787255301,-122.398581674931,0.130629817738092,271,4.72984279444444,47.6303772926416,-122.398618197894,7.40000002848147e-07,2.70420248801213,1.18202463134547,3.19643394897604
"188",188,"14:08:34","10/6/2022","00:26:51",-6.00456,271,87,47.6300773,-122.3985824,10,55,26.8833333333333,0.9719,100,3.18232777874707,188,3.13333333333333,47.6300786592845,-122.398583467441,0.134870750647909,271,4.72984279444444,47.6303773366994,-122.398620721891,2.52438110609645e-06,2.7251070948031,1.1911621719864,3.24604448594121
"189",189,"14:08:35","10/6/2022","00:26:52",-6.03504,271,87,47.6300773,-122.3985824,10,55,26.9,0.968375,100,0,189,3.15,47.6300787885849,-122.398585375446,0.144065202348188,271,4.72984279444444,47.6303773432854,-122.398621099193,3.77359243365461e-07,2.71522335932704,1.18684192643001,3.22254092247148
"190",190,"14:08:36","10/6/2022","00:26:53",-6.03504,271,87,47.63008875,-122.3986129,10,55,26.9166666666667,0.9693,100,2.62109091787346,190,3.16666666666667,47.6300790885371,-122.398587265074,0.145827731951279,271,4.72984279444444,47.6303773940143,-122.398624005363,2.90661315365405e-06,2.71781696367183,1.18797560788807,3.22870025954655
"191",191,"14:08:37","10/6/2022","00:26:54",-6.03504,271,87,47.6301002,-122.3986434,10,55,26.9333333333333,0.964666666666667,100,2.62109047469425,191,3.18333333333333,47.6300795315839,-122.39858910936,0.147048965664202,271,4.72984279444444,47.6303774120686,-122.398625039662,1.03445636936436e-06,2.70482557614301,1.18229698725131,3.19790712971417
"192",192,"14:08:38","10/6/2022","00:26:55",-6.00456,272,87,47.6301231,-122.3986282,10,55,26.95,0.952333333333333,100,2.78958928482873,192,3.2,47.6300800874468,-122.398590874934,0.146327224089671,272,4.74729608888889,47.6303775224322,-122.398628200013,3.16227766162152e-06,2.67024418487926,1.16718123447719,3.11665890406291
"193",193,"14:08:39","10/6/2022","00:26:56",-6.00456,271,87,47.6301231,-122.3986282,10,55,26.9666666666667,0.959,100,0,193,3.21666666666667,47.6300807230689,-122.398592669785,0.15222973011896,271,4.72984279444444,47.6303775546138,-122.398630043641,1.84390889296869e-06,2.68893682880561,1.17535191165239,3.16044704204919
"194",194,"14:08:40","10/6/2022","00:26:57",-5.97408,271,87,47.6301345,-122.3986434,10,55,26.9833333333333,0.970777777777778,100,1.70569508147197,194,3.23333333333333,47.6300814025568,-122.398594487501,0.156053546359574,271,4.72984279444444,47.6303775582118,-122.398630249765,2.06155284551693e-07,2.72196049974217,1.18978677466191,3.23855260374535
"195",195,"14:08:41","10/6/2022","00:26:58",-5.97408,271,87,47.6301345,-122.3986434,10,54.99,27,0.972444444444444,100,0,195,3.25,47.6300820871232,-122.398596320122,0.157306586828705,271,4.72984279444444,47.6303775966653,-122.3986324527,2.20327029407277e-06,2.72663366072375,1.19182944395571,3.2496822797313
"196",196,"14:08:42","10/6/2022","00:26:59",-5.97408,271,87,47.6301345,-122.3986434,10,55,27.0166666666667,0.973111111111111,100,0,196,3.26666666666667,47.6300827350292,-122.398598158179,0.155738934280888,271,4.72984279444444,47.6303776110033,-122.398633274098,8.21522976884292e-07,2.72850292511639,1.19264651167323,3.25413949573026
"197",197,"14:08:43","10/6/2022","00:27:00",-5.97408,270,87,47.6301345,-122.3986434,10,55,27.0333333333333,0.983,100,0,197,3.28333333333333,47.6300833015268,-122.398599990744,0.151392252099382,270,4.7123895,47.6303776110039,-122.398634444568,1.17046998228906e-06,2.75623034694048,1.20476634948311,3.32061357341803
"198",198,"14:08:44","10/6/2022","00:27:01",-5.97408,270,87,47.6301345,-122.3986434,10,55,27.05,0.9963,100,0,198,3.3,47.6300837388012,-122.398601662795,0.134692962808568,270,4.7123895,47.6303776110053,-122.398637047336,2.60276775968982e-06,2.79352217157355,1.22106685044763,3.41107731969893
"199",199,"14:08:45","10/6/2022","00:27:02",-5.97408,271,87,47.6301345,-122.3986434,10,55,27.0666666666667,0.997333333333333,100,0,199,3.31666666666667,47.630084712257,-122.398603583828,0.180375178388526,271,4.72984279444444,47.6303776276771,-122.398638002439,9.5524866226601e-07,2.79641953138213,1.22233330540978,3.4181567291068
"200",200,"14:08:46","10/6/2022","00:27:03",-5.97408,271,87,47.6301345,-122.3986434,10,55,27.0833333333333,1.00655555555556,100,0,200,3.33333333333333,47.6300863406834,-122.398605811562,0.246511071064138,271,4.72984279444444,47.630377659764,-122.398639840636,1.83847763015356e-06,2.8222776888136,1.23363607550215,3.48166357200528
"201",201,"14:08:47","10/6/2022","00:27:04",-5.97408,271,87,47.6301345,-122.3986434,10,55,27.1,1.016,100,0,201,3.35,47.6300887559396,-122.398608409452,0.331890780377278,271,4.72984279444444,47.630377659764,-122.398639840636,0,2.84875893437591,1.24521120150034,3.54730653545907
"202",202,"14:08:48","10/6/2022","00:27:05",-5.97408,271,87,47.6301345,-122.3986434,10,55,27.1166666666667,1.00511111111111,100,0,202,3.36666666666667,47.6300921035857,-122.39861144704,0.436475225206811,271,4.72984279444444,47.630377689905,-122.398641567365,1.7269916095958e-06,2.81822761596287,1.23186576211418,3.47167810994934
"203",203,"14:08:49","10/6/2022","00:27:06",-5.97408,271,87,47.6301345,-122.3986434,10,55,27.1333333333333,0.989333333333333,100,0,203,3.38333333333333,47.6300965435242,-122.398615000297,0.561041655906129,271,4.72984279444444,47.6303776991797,-122.398642098697,5.31413209266847e-07,2.77398835867051,1.21252849279954,3.36353992358224
"204",204,"14:08:50","10/6/2022","00:27:07",-5.97408,271,87,47.6301345,-122.3986434,10,55,27.15,0.984,100,0,204,3.4,47.6301011044289,-122.398618694312,0.577905640458518,271,4.72984279444444,47.630377732815,-122.398644025604,1.9272000389651e-06,2.75903424352943,1.20599195105939,3.32737309039371
"205",205,"14:08:51","10/6/2022","00:27:08",-5.97408,271,87,47.6301345,-122.3986434,10,55,27.1666666666667,0.977888888888889,100,0,205,3.41666666666667,47.6301060928227,-122.398622508511,0.624094160184296,271,4.72984279444444,47.6303777616858,-122.398645679558,1.65420676268298e-06,2.74189931993027,1.19850216364879,3.28617226744357
"206",206,"14:08:52","10/6/2022","00:27:09",-5.97408,271,87,47.6301345,-122.3986434,10,55.02,27.1833333333333,0.971888888888889,100,0,206,3.43333333333333,47.6301109915888,-122.398626417526,0.61861179744975,271,4.72984279444444,47.6303777669216,-122.398645979513,3.00000010611257e-07,2.72507594039656,1.19114855419111,3.24597026646433
"207",207,"14:08:53","10/6/2022","00:27:10",-5.97408,271,87,47.6301345,-122.3986434,10,55,27.2,0.976666666666667,100,0,207,3.45,47.6301157951713,-122.398630396305,0.611865192288609,271,4.72984279444444,47.6303777945221,-122.398647560695,1.58142340929375e-06,2.73847233521044,1.19700420616667,3.27796290371796
"208",208,"14:08:54","10/6/2022","00:27:11",-5.97408,271,87,47.6301345,-122.3986434,10,55,27.2166666666667,0.980777777777778,100,0,208,3.46666666666667,47.6301205738511,-122.398634557937,0.616305948301145,271,4.72984279444444,47.6303777995472,-122.398647848575,2.87923604811348e-07,2.74999946563169,1.20204279042471,3.30561703133437
"209",209,"14:08:55","10/6/2022","00:27:12",-5.97408,271,87,47.6301345,-122.3986434,10,55,27.2333333333333,0.975111111111111,100,0,209,3.48333333333333,47.6301252135493,-122.398638761471,0.604683745973132,271,4.72984279444444,47.6303778258751,-122.398649356854,1.50850919398174e-06,2.73411071829429,1.19509771482579,3.2675294715142
"210",210,"14:08:56","10/6/2022","00:27:13",-5.9436,271,87,47.6301345,-122.3986434,10,55.02,27.25,0.966,100,0,210,3.5,47.6301296458253,-122.398642974224,0.585522352358063,271,4.72984279444444,47.6303778746197,-122.398652149349,2.79291962083202e-06,2.70856410492828,1.18393112268635,3.20675334161568
"211",211,"14:08:57","10/6/2022","00:27:14",-5.9436,271,87,47.6301345,-122.3986434,10,55.02,27.2666666666667,0.966666666666667,100,0,211,3.51666666666667,47.6301338699634,-122.398647158473,0.565004166623651,271,4.72984279444444,47.6303778991292,-122.39865355345,1.40431478182715e-06,2.71043336932092,1.18474819040387,3.21118102951322
"212",212,"14:08:58","10/6/2022","00:27:15",-5.91312,271,87,47.6301345,-122.3986434,10,55.02,27.2833333333333,0.97,100,0,212,3.53333333333333,47.6301378938648,-122.398651419224,0.549977785725928,271,4.72984279444444,47.630377947447,-122.398656321493,2.76846527873576e-06,2.71977969128409,1.18883352899147,3.23336528846859
"213",213,"14:08:59","10/6/2022","00:27:16",-5.9436,271,87,47.6301345,-122.3986434,10,55.02,27.3,0.975444444444444,100,0,213,3.55,47.6301417369114,-122.398655748463,0.536862607300185,271,4.72984279444444,47.6303779751664,-122.398657909489,1.58823801842758e-06,2.73504535049061,1.19550624868455,3.26976380694714
"214",214,"14:09:00","10/6/2022","00:27:17",-5.91312,271,87,47.6301345,-122.3986434,10,55.02,27.3166666666667,0.975,100,0,214,3.56666666666667,47.6301452887588,-122.398659708132,0.494298850258895,271,4.72984279444444,47.6303780089025,-122.398659842172,1.93297697640694e-06,2.73379917422886,1.19496153687287,3.26678486273829
"215",215,"14:09:01","10/6/2022","00:27:18",-5.91312,271,87,47.6301345,-122.3986434,10,55.02,27.3333333333333,0.972333333333333,100,0,215,3.58333333333333,47.6301502423649,-122.398664311773,0.650177045375409,271,4.72984279444444,47.6303780390617,-122.398661569942,1.72803356256513e-06,2.72632211665831,1.19169326600279,3.24893970737618
"216",216,"14:09:02","10/6/2022","00:27:19",-5.9436,271,87,47.6301345,-122.3986434,10,55.02,27.35,0.966,100,0,216,3.6,47.6301561224873,-122.398669293401,0.753106441059399,271,4.72984279444444,47.6303780390617,-122.398661569942,0,2.70856410492828,1.18393112268635,3.20675334161568
"217",217,"14:09:03","10/6/2022","00:27:20",-5.91312,271,87,47.6301345,-122.3986434,10,55.02,27.3666666666667,0.966444444444444,100,0,217,3.61666666666667,47.6301624436381,-122.398674547495,0.805841477583438,271,4.72984279444444,47.6303780636549,-122.398662978841,1.40911319833005e-06,2.70981028119004,1.18447583449803,3.2097047941439
"218",218,"14:09:04","10/6/2022","00:27:21",-5.91312,272,87,47.6301345,-122.3986434,10,55,27.3833333333333,0.967222222222222,100,0,218,3.63333333333333,47.6301687587981,-122.398679877041,0.808054869501113,272,4.74729608888889,47.6303780801172,-122.398663450252,4.71699048181436e-07,2.71199108964811,1.18542908016847,3.21487310282664
"219",219,"14:09:05","10/6/2022","00:27:22",-5.91312,271,87,47.6301345,-122.3986434,10,55.02,27.4,0.9777,100,0,219,3.65,47.6301747300636,-122.398685103968,0.771133143733512,271,4.72984279444444,47.6303780823861,-122.398663580233,1.29999996545394e-07,2.74136969501903,1.19827066112882,3.28490287684897
"220",220,"14:09:06","10/6/2022","00:27:23",-5.91312,271,87,47.6301345,-122.3986434,10,55.02,27.4166666666667,0.975333333333333,100,0,220,3.66666666666667,47.6301799297474,-122.39868992372,0.68197312448613,271,4.72984279444444,47.630378119097,-122.398665683338,2.10342578053532e-06,2.73473380642517,1.19537007073163,3.26901894361863
"221",221,"14:09:07","10/6/2022","00:27:24",-5.9436,271,87,47.6301345,-122.3986434,10,55.02,27.4333333333333,0.961111111111111,100,0,221,3.68333333333333,47.6301840194901,-122.398694303125,0.561124514535577,271,4.72984279444444,47.6303781470658,-122.398667285623,1.60252925482566e-06,2.69485616604896,1.17793929275787,3.17437696631989
"222",222,"14:09:08","10/6/2022","00:27:25",-5.91312,271,87,47.6301345,-122.3986434,10,55.02,27.45,0.960444444444444,100,0,222,3.7,47.6301867638818,-122.398698112398,0.41825511113776,271,4.72984279444444,47.6303781556604,-122.398667777991,4.92442880333434e-07,2.69298690165632,1.17712222504035,3.1699747336822
"223",223,"14:09:09","10/6/2022","00:27:26",-5.91312,271,87,47.6301345,-122.3986434,10,55.02,27.4666666666667,0.962888888888889,100,0,223,3.71666666666667,47.630185632899,-122.398700286656,0.206114925154292,271,4.72984279444444,47.6303781860124,-122.398669516806,1.73908021428897e-06,2.69984087109598,1.18011814000459,3.18613118710616
"224",224,"14:09:10","10/6/2022","00:27:27",-5.91312,271,87,47.6301345,-122.3986434,10,55.02,27.4833333333333,0.965777777777778,100,0,224,3.73333333333333,47.630180902414,-122.398700825277,0.527307910403108,271,4.72984279444444,47.6303782076351,-122.398670755528,1.23891081588297e-06,2.7079410167974,1.18365876678051,3.20527812445677
"225",225,"14:09:11","10/6/2022","00:27:28",-5.9436,271,87,47.6301345,-122.3986434,10,55.02,27.5,0.967,100,0,225,3.75,47.6301739903446,-122.398700119422,0.770045503918283,271,4.72984279444444,47.6303782275536,-122.398671896626,1.1412712168002e-06,2.71136800151723,1.18515672426263,3.21339601894867
"226",226,"14:09:12","10/6/2022","00:27:29",-5.91312,271,87,47.6301345,-122.3986434,10,55.02,27.5166666666667,0.961777777777778,100,0,226,3.76666666666667,47.6301654830954,-122.39869847577,0.953537612198724,271,4.72984279444444,47.6303782433232,-122.398672800037,9.0354854904669e-07,2.69672543044159,1.17875636047539,3.17878225358876
"227",227,"14:09:13","10/6/2022","00:27:30",-5.91312,271,87,47.6301345,-122.3986434,10,55.02,27.5333333333333,0.9428,100,0,227,3.78333333333333,47.6301559614037,-122.398696193444,1.07205605502634,271,4.72984279444444,47.6303783027977,-122.39867620723,3.40771184503791e-06,2.64351370406458,1.15549716611666,3.05457259363717
"228",228,"14:09:14","10/6/2022","00:27:31",-5.91312,270,87,47.6301345,-122.3986434,10,55.02,27.55,0.931,100,0,228,3.8,47.630146002314,-122.398693565102,1.12434340972831,270,4.7123895,47.6303783027985,-122.39867780876,1.60153052239855e-06,2.61042772431494,1.14103506751655,2.97858957466078
"229",229,"14:09:15","10/6/2022","00:27:32",-5.91312,269,87,47.6301364,-122.3986892,10,55.02,27.5666666666667,0.938444444444444,100,3.44738245670473,229,3.81666666666667,47.6301361298827,-122.398691147598,1.11216673962892,269,4.69493620555556,47.6303782692015,-122.39867973359,1.92512337424342e-06,2.63130117669936,1.15015899036219,3.02641470473138
"230",230,"14:09:16","10/6/2022","00:27:33",-5.91312,269,87,47.6301383,-122.398735,10,55.02,27.5833333333333,0.942444444444444,100,3.44738231893926,230,3.83333333333333,47.6301257872988,-122.398688696891,1.16414187493523,269,4.69493620555556,47.6303782410823,-122.398681344587,1.61124174683907e-06,2.64251676305517,1.15506139666731,3.05226910305129
"231",231,"14:09:17","10/6/2022","00:27:34",-5.91312,267,87,47.6301383,-122.398735,10,55.02,27.6,0.949,100,0,231,3.85,47.6301152163601,-122.39868617774,1.19001589351259,267,4.66002961666667,47.6303781176727,-122.398683699405,2.35805004738919e-06,2.66089786291609,1.16309589588959,3.09487938373908
"232",232,"14:09:18","10/6/2022","00:27:35",-5.91312,268,87,47.6301383,-122.398735,10,55.02,27.6166666666667,0.960888888888889,100,0,232,3.86666666666667,47.630105357537,-122.398683949275,1.10844075156731,268,4.67748291111111,47.6303780937752,-122.398684383751,6.84762738236037e-07,2.69423307791808,1.17766693685203,3.1729092160372
"233",233,"14:09:19","10/6/2022","00:27:36",-5.91312,273,87,47.6301383,-122.398735,10,55.02,27.6333333333333,0.960222222222222,100,0,233,3.88333333333333,47.6300963254126,-122.398682066052,1.01376490949395,273,4.76474938333333,47.630378209344,-122.398686588914,2.20818930029551e-06,2.69236381352544,1.17684986913451,3.16850800160991
"234",234,"14:09:20","10/6/2022","00:27:37",-5.9436,272,87,47.6301383,-122.398735,10,55.02,27.65,0.958,100,0,234,3.9,47.6300882286394,-122.398680581033,0.906776755103619,272,4.74729608888889,47.6303782833321,-122.398688707622,2.12000000595185e-06,2.68613293221666,1.17412631007611,3.15385934807747
"235",235,"14:09:21","10/6/2022","00:27:38",-5.91312,272,87,47.6301383,-122.398735,10,55.02,27.6666666666667,0.942,100,0,235,3.91666666666667,47.6300809561951,-122.398679545746,0.812003694066639,272,4.74729608888889,47.6303783154496,-122.398689627333,9.20271691999018e-07,2.64127058679342,1.15451668485563,3.04939096167143
"236",236,"14:09:22","10/6/2022","00:27:39",-5.91312,273,87,47.6301383,-122.398735,10,55.02,27.6833333333333,0.931666666666667,100,0,236,3.93333333333333,47.6300747679928,-122.398679010443,0.688940526402397,273,4.76474938333333,47.6303784883628,-122.398692926682,3.30387651399578e-06,2.61229698870757,1.14185213523407,2.98285689442128
"237",237,"14:09:23","10/6/2022","00:27:40",-5.91312,273,87,47.6301383,-122.398735,10,55,27.7,0.945111111111111,100,0,237,3.95,47.6300697515715,-122.398679024262,0.557533245134272,273,4.76474938333333,47.6303785407098,-122.398693925511,1.00019997751284e-06,2.64999382062571,1.15832966753739,3.06956646122152
"238",238,"14:09:24","10/6/2022","00:27:41",-5.9436,272,87,47.6301383,-122.398735,10,55.02,27.7166666666667,0.9437,100,0,238,3.96666666666667,47.6300659893684,-122.398679635385,0.42064984068829,272,4.74729608888889,47.6303786509745,-122.398697083033,3.15944615482422e-06,2.64603721099464,1.15660020753531,3.06040718738254
"239",239,"14:09:25","10/6/2022","00:27:42",-5.9436,272,87,47.6301383,-122.398735,10,55.02,27.7333333333333,0.930777777777778,100,0,239,3.98333333333333,47.6300633430946,-122.398680746657,0.305731038951099,272,4.74729608888889,47.6303787812391,-122.398700813265,3.73250585784006e-06,2.60980463618406,1.14076271161071,2.97716781354754
"240",240,"14:09:26","10/6/2022","00:27:43",-5.91312,271,87,47.6301383,-122.398735,10,55.02,27.75,0.923222222222222,100,0,240,4,47.6300620495198,-122.398682514483,0.195728483562604,271,4.72984279444444,47.6303787899655,-122.398701313188,4.99999990211109e-07,2.58861963973419,1.13150261081215,2.92902988075886
"241",241,"14:09:27","10/6/2022","00:27:44",-5.91312,271,87,47.6301383,-122.398735,10,55.02,27.7666666666667,0.922222222222222,100,0,241,4.01666666666667,47.6300621723914,-122.398684981852,0.185873595133989,271,4.72984279444444,47.6303788130377,-122.398702634955,1.32196822876786e-06,2.58581574314524,1.13027700923587,2.92268808459724
"242",242,"14:09:28","10/6/2022","00:27:45",-5.88264,271,87,47.6301383,-122.398735,10,55.02,27.7833333333333,0.938888888888889,100,0,242,4.03333333333333,47.6300635571661,-122.398688048628,0.277079562454054,271,4.72984279444444,47.6303788389834,-122.398704121336,1.48660687872153e-06,2.63254735296112,1.15070370217387,3.02928198520039
"243",243,"14:09:29","10/6/2022","00:27:46",-5.82168,271,87,47.6301383,-122.398735,10,55.02,27.8,0.945333333333333,100,0,243,4.05,47.6300662057328,-122.39869172261,0.403534059280115,271,4.72984279444444,47.6303788523037,-122.398704884436,7.63216882017016e-07,2.65061690875659,1.15860202344323,3.07101011385823
"244",244,"14:09:30","10/6/2022","00:27:47",-5.82168,272,87,47.6301383,-122.398735,10,55.02,27.8166666666667,0.952,100,0,244,4.06666666666667,47.6300700432898,-122.398695578327,0.515581893601199,272,4.74729608888889,47.6303788854147,-122.398705832594,9.48735996880672e-07,2.66930955268294,1.16677270061843,3.11447751557045
"245",245,"14:09:31","10/6/2022","00:27:48",-5.82168,271,87,47.6301383,-122.398735,10,55.02,27.8333333333333,0.987777777777778,100,0,245,4.08333333333333,47.6300748231932,-122.398699798397,0.618661731918398,271,4.72984279444444,47.6303789141824,-122.398707480646,1.64830215740161e-06,2.76962674175436,1.21062200145867,3.35297106939611
"246",246,"14:09:32","10/6/2022","00:27:49",-5.82168,271,87,47.6301383,-122.398735,10,55.02,27.85,1.02,100,0,246,4.1,47.6300809535897,-122.39870462305,0.771758722157049,271,4.72984279444444,47.6303789596083,-122.398710083017,2.60276775968982e-06,2.85997452073173,1.25011360780546,3.57529306634363
"247",247,"14:09:33","10/6/2022","00:27:50",-5.85216,271,87,47.6301383,-122.398735,10,55.02,27.8666666666667,1.0215,100,0,247,4.11666666666667,47.6300882323129,-122.398709495047,0.887922198296603,271,4.72984279444444,47.6303789708502,-122.398710727046,6.44127318939207e-07,2.86418036561515,1.25195201016988,3.585816366221
"248",248,"14:09:34","10/6/2022","00:27:51",-5.85216,271,87,47.6301383,-122.398735,10,55.02,27.8833333333333,1.01255555555556,100,0,248,4.13333333333333,47.6300966162853,-122.398714290865,0.999041404215185,271,4.72984279444444,47.6303789708502,-122.398710727046,0,2.83910106834731,1.24098968495983,3.52329514037744
"249",249,"14:09:35","10/6/2022","00:27:52",-5.85216,271,87,47.6301383,-122.398735,10,55.02,27.9,1.00422222222222,100,0,249,4.15,47.6301058388566,-122.398719731338,1.10349972854707,271,4.72984279444444,47.6303790261848,-122.398713897068,3.17050469785621e-06,2.81573526343935,1.23077633849082,3.46554033769537
"250",250,"14:09:36","10/6/2022","00:27:53",-5.85216,271,87,47.6301383,-122.398735,10,55.02,27.9166666666667,1.00066666666667,100,0,250,4.16666666666667,47.6301162177098,-122.39872558722,1.23457003182241,271,4.72984279444444,47.6303790710561,-122.398716467668,2.57099203409546e-06,2.80576585334532,1.22641864399739,3.44104355323394
"251",251,"14:09:37","10/6/2022","00:27:54",-5.85216,271,87,47.6301383,-122.398735,10,55.02,27.9333333333333,0.996222222222222,100,0,251,4.18333333333333,47.6301275169301,-122.398731565561,1.33371500817822,271,4.72984279444444,47.6303790804952,-122.398717008419,5.40832690742403e-07,2.79330409072774,1.22097152588058,3.41054475790433
"252",252,"14:09:38","10/6/2022","00:27:55",-5.85216,271,87,47.6301383,-122.398735,10,55.02,27.95,1.00188888888889,100,0,252,4.2,47.6301398730715,-122.39873787428,1.45277033191845,271,4.72984279444444,47.6303790939056,-122.398717776677,7.68374912144776e-07,2.80919283806514,1.22791660147951,3.44945452261751
"253",253,"14:09:39","10/6/2022","00:27:56",-5.82168,270,87,47.6301383,-122.398735,10,55.02,27.9666666666667,1.001,100,0,253,4.21666666666667,47.6301532518069,-122.398744497535,1.56798302858266,270,4.7123895,47.6303790939064,-122.398719319693,1.54301652286565e-06,2.80670048554162,1.22682717785614,3.4433364357645
"254",254,"14:09:40","10/6/2022","00:27:57",-5.82168,271,87,47.6301383,-122.398735,10,55.02,27.9833333333333,0.993666666666667,100,0,254,4.23333333333333,47.6301676151595,-122.39875141853,1.67891121548757,271,4.72984279444444,47.6303790939064,-122.398719319693,0,2.78613857722264,1.21783943296343,3.39306942504234
"255",255,"14:09:41","10/6/2022","00:27:58",-5.85216,271,87,47.6301383,-122.398735,10,55.02,28,0.983666666666667,100,0,255,4.25,47.6301822634155,-122.398758458313,1.71178335257033,271,4.72984279444444,47.6303791278101,-122.398721261973,1.94257561183781e-06,2.75809961133311,1.20558341720063,3.32511915441069
"256",256,"14:09:42","10/6/2022","00:27:59",-5.85216,271,87,47.6301383,-122.398735,10,55.02,28.0166666666667,0.972111111111111,100,0,256,4.26666666666667,47.630197319507,-122.398765639603,1.7581820073714,271,4.72984279444444,47.6303791576847,-122.398722973436,1.71172428980899e-06,2.72569902852744,1.19142091009695,3.24745481721852
"257",257,"14:09:43","10/6/2022","00:28:00",-5.82168,271,87,47.6301383,-122.398735,10,55.02,28.0333333333333,0.958777777777778,100,0,257,4.28333333333333,47.6302128865007,-122.398772980395,1.81591197813943,271,4.72984279444444,47.6303791902562,-122.398724839405,1.86625292892003e-06,2.68831374067473,1.17507955574655,3.15898251609941
"258",258,"14:09:44","10/6/2022","00:28:01",-5.85216,271,87,47.6301383,-122.398735,10,55.02,28.05,0.963,100,0,258,4.3,47.6302290485666,-122.39878049426,1.88288995027542,271,4.72984279444444,47.630379211643,-122.398726064616,1.22539790062634e-06,2.70015241516142,1.18025431795751,3.18686654713767
"259",259,"14:09:45","10/6/2022","00:28:02",-5.85216,272,87,47.6301383,-122.398735,10,55.02,28.0666666666667,0.9657,100,0,259,4.31666666666667,47.6302458719331,-122.398788190655,1.95713863946421,272,4.74729608888889,47.630379225254,-122.398726454379,3.89999996741608e-07,2.7077229359516,1.18356344221346,3.20476187863522
"260",260,"14:09:46","10/6/2022","00:28:03",-5.85216,272,87,47.6301383,-122.398735,10,55.02,28.0833333333333,0.960222222222222,100,0,260,4.33333333333333,47.6302634058277,-122.398796075212,2.03678278913998,272,4.74729608888889,47.6303792818835,-122.398728076012,1.62262133939928e-06,2.69236381352544,1.17684986913451,3.16850800160991
"261",261,"14:09:47","10/6/2022","00:28:04",-5.85216,272,87,47.6301651,-122.398735,10,55.02,28.1,0.958111111111111,100,2.97859055175382,261,4.35,47.6302816834049,-122.39880415004,2.12004664007878,272,4.74729608888889,47.6303792892125,-122.398728285884,2.10000003164623e-07,2.6864444762821,1.17426248802903,3.15459097467086
"262",262,"14:09:48","10/6/2022","00:28:05",-5.85216,271,87,47.6301651,-122.398735,10,55.02,28.1166666666667,0.962,100,0,262,4.36666666666667,47.630300722659,-122.398812414014,2.20525241783386,271,4.72984279444444,47.6303793486871,-122.398731693076,3.40771184503791e-06,2.69734851857247,1.17902871638123,3.18025136148531
"263",263,"14:09:49","10/6/2022","00:28:06",-5.85216,271,87,47.6301651,-122.398735,10,55.02,28.1333333333333,0.964111111111111,100,0,263,4.38333333333333,47.6303205273241,-122.398820863061,2.29081935657921,271,4.72984279444444,47.6303793782753,-122.398733388135,1.69531708936957e-06,2.70326785581581,1.18161609748671,3.19422481425035
"264",264,"14:09:50","10/6/2022","00:28:07",-5.82168,271,87,47.6301651,-122.398735,10,55.02,28.15,0.962222222222222,100,0,264,4.4,47.630341523371,-122.398829651766,2.42514777907803,271,4.72984279444444,47.6303794028493,-122.398734795934,1.40801278597858e-06,2.69797160670335,1.17930107228707,3.18172080878532
"265",265,"14:09:51","10/6/2022","00:28:08",-5.85216,271,87,47.6301651,-122.398735,10,55.02,28.1666666666667,0.964333333333333,100,0,265,4.41666666666667,47.6303636891179,-122.398838729949,2.55620089136661,271,4.72984279444444,47.630379425217,-122.398736077339,1.28160056222106e-06,2.70389094394669,1.18188845339255,3.19569748588327
"266",266,"14:09:52","10/6/2022","00:28:09",-5.85216,271,87,47.6301651,-122.398735,10,55.02,28.1833333333333,0.976444444444444,100,0,266,4.43333333333333,47.6303869740511,-122.398848049461,2.68096305574213,271,4.72984279444444,47.6303794514109,-122.398737577943,1.50083309833315e-06,2.73784924707956,1.19673185026083,3.27647139519274
"267",267,"14:09:53","10/6/2022","00:28:10",-5.85216,271,87,47.6301651,-122.398735,10,55.02,28.2,0.980222222222222,100,0,267,4.45,47.6304109665217,-122.398857675612,2.76288763033856,271,4.72984279444444,47.6303794898644,-122.398739780878,2.20327029407277e-06,2.7484417453045,1.20136190066011,3.30187319899259
"268",268,"14:09:54","10/6/2022","00:28:11",-5.85216,271,87,47.6301651,-122.398735,10,55.02,28.2166666666667,0.97,100,0,268,4.46666666666667,47.6304356546717,-122.398867424889,2.83995443532728,271,4.72984279444444,47.6303795236839,-122.398741718339,1.93775643278961e-06,2.71977969128409,1.18883352899147,3.23336528846859
"269",269,"14:09:55","10/6/2022","00:28:12",-5.85216,271,87,47.6301651,-122.398735,10,55.02,28.2333333333333,0.953888888888889,100,0,269,4.48333333333333,47.6304608837654,-122.398877258613,2.89969308077214,271,4.72984279444444,47.6303795558376,-122.398743560367,1.84230833406666e-06,2.67460580179541,1.16908772581807,3.12684881428081
"270",270,"14:09:56","10/6/2022","00:28:13",-5.85216,271,87,47.6301651,-122.398735,10,55.02,28.25,0.944222222222222,100,0,270,4.5,47.6304865613822,-122.398887029017,2.94673613878193,271,4.72984279444444,47.6303795795254,-122.3987449174,1.35723984139774e-06,2.6475014681022,1.15724024391403,3.06379524470935
"271",271,"14:09:57","10/6/2022","00:28:14",-5.85216,271,87,47.63028955,-122.398792225,10,55.02,28.2666666666667,0.944333333333333,100,14.4843152384967,271,4.51666666666667,47.6305125269281,-122.398896841715,2.97852371668851,271,4.72984279444444,47.6303795795254,-122.3987449174,0,2.64781301216764,1.15737642186695,3.06451634979534
"272",272,"14:09:58","10/6/2022","00:28:15",-5.85216,272,87,47.630414,-122.39884945,10,55.02,28.2833333333333,0.94,100,14.4843124276857,272,4.53333333333333,47.630538680657,-122.398906662226,2.99893661287722,272,4.74729608888889,47.6303795795254,-122.3987449174,0,2.63566279361551,1.15206548170307,3.03645612593352
"273",273,"14:09:59","10/6/2022","00:28:16",-5.85216,271,87,47.63053845,-122.398906675,10,55.02,28.3,0.939444444444444,100,14.4843096138893,273,4.55,47.6305648026192,-122.398916570073,2.99713740124463,271,4.72984279444444,47.6303795968874,-122.398745912035,9.94786408689739e-07,2.63410507328831,1.15138459193847,3.03286799493112
"274",274,"14:10:00","10/6/2022","00:28:17",-5.85216,268,87,47.6306629,-122.3989639,10,55.02,28.3166666666667,0.936777777777778,100,14.4843068007234,274,4.56666666666667,47.6305908052544,-122.398926396495,2.982772574197,268,4.67748291111111,47.6303795271164,-122.398747910042,1.99922485633427e-06,2.62662801571778,1.14811632106839,3.01567449422107
"275",275,"14:10:01","10/6/2022","00:28:18",-5.88264,258,87,47.63078735,-122.399021125,10,55.02,28.3333333333333,0.925444444444445,100,14.4843039893248,275,4.58333333333333,47.6306156761006,-122.398935939377,2.85564444334665,258,4.50294996666667,47.6303792410968,-122.398749255662,1.37568165741945e-06,2.59485052104298,1.13422616987055,2.94314736786919
"276",276,"14:10:02","10/6/2022","00:28:19",-5.88264,261,87,47.6309118,-122.39907835,10,55.02,28.35,0.921111111111111,100,14.4843011776342,276,4.6,47.6306394894068,-122.398945223633,2.73701517114265,261,4.55530985,47.6303791443477,-122.398749866514,6.18465836421887e-07,2.58270030249085,1.12891522970667,2.91564970524996
"277",277,"14:10:03","10/6/2022","00:28:20",-5.85216,261,87,47.63103625,-122.399135575,10,55.02,28.3666666666667,0.9102,100,14.4842983656551,277,4.61666666666667,47.6306623045324,-122.398954272497,2.62525578659264,261,4.55530985,47.6303789415801,-122.398751146742,1.29618671398141e-06,2.55210667526472,1.11554255472993,2.84698360046812
"278",278,"14:10:04","10/6/2022","00:28:21",-5.82168,260,87,47.6311607,-122.3991928,10,55.02,28.3833333333333,0.910888888888889,100,14.4842955525322,278,4.63333333333333,47.6306841670039,-122.398963107814,2.5188616678028,260,4.53785655555556,47.6303787301574,-122.398752345784,1.21753849774547e-06,2.55403824847045,1.11638685803804,2.85129473551889
"279",279,"14:10:05","10/6/2022","00:28:22",-5.82168,260,87,47.6311302,-122.39918515,10,55.02,28.4,0.926777777777778,100,3.43819008015538,279,4.65,47.6307051095523,-122.398971750334,2.41645178349213,260,4.53785655555556,47.6303786905215,-122.39875257057,2.28254243795853e-07,2.59858904982825,1.13586030530559,2.95163415150169
"280",280,"14:10:06","10/6/2022","00:28:23",-5.85216,261,87,47.6310997,-122.3991775,10,55.02,28.4166666666667,0.930555555555556,100,3.4381901171811,280,4.66666666666667,47.6307264605536,-122.398980677833,2.46594551504533,261,4.55530985,47.6303785044769,-122.398753745214,1.18928550163892e-06,2.60918154805318,1.14049035570487,2.97574639183777
"281",281,"14:10:07","10/6/2022","00:28:24",-5.88264,260,87,47.6310625,-122.3991489,10,55.02,28.4333333333333,0.915555555555556,100,4.65945030698581,281,4.68333333333333,47.6307478973921,-122.398989793199,2.47898906483222,260,4.53785655555556,47.6303782601576,-122.398755130821,1.40698257540121e-06,2.56712309921889,1.12210633206068,2.88058508481275
"282",282,"14:10:08","10/6/2022","00:28:25",-5.88264,261,87,47.6310253,-122.3991203,10,55.02,28.45,0.904777777777778,100,4.6594509972207,282,4.7,47.6307689541256,-122.398998843053,2.43703773885688,261,4.55530985,47.6303778102882,-122.398757971194,2.87577815067496e-06,2.53690332487129,1.10889707062744,2.81316466541478
"283",283,"14:10:09","10/6/2022","00:28:26",-5.82168,263,87,47.6309881,-122.3990917,10,55.02,28.4666666666667,0.910111111111111,100,4.65945168842668,283,4.71666666666667,47.6307896201872,-122.399007684359,2.39097253768524,263,4.59021643888889,47.630377639146,-122.398759365041,1.40431478182715e-06,2.55185744001237,1.1154336123676,2.84642756256012
"284",284,"14:10:10","10/6/2022","00:28:27",-5.82168,262,87,47.6309509,-122.3990631,10,55.02,28.4833333333333,0.925,100,4.65945237778808,284,4.73333333333333,47.6308094013029,-122.399016320473,2.29224138300329,262,4.57276314444444,47.6303773943881,-122.39876110659,1.75866426846555e-06,2.59360434478122,1.13368145805887,2.94032115521941
"285",285,"14:10:11","10/6/2022","00:28:28",-5.85216,261,87,47.6309102,-122.3990529,10,55.02,28.5,0.929888888888889,100,4.58790647639131,285,4.75,47.6308283289961,-122.399025094052,2.20449913311055,261,4.55530985,47.6303771470443,-122.398762668263,1.58113882833913e-06,2.60731228366055,1.13967328798735,2.97148416312923
"286",286,"14:10:12","10/6/2022","00:28:29",-5.88264,261,87,47.6308695,-122.3990427,10,55,28.5166666666667,0.922888888888889,100,4.58790654875577,286,4.76666666666667,47.630845746038,-122.399032735491,2.01908972942784,261,4.55530985,47.6303770678325,-122.398763168388,5.06359554723548e-07,2.58768500753788,1.13109407695339,2.92691518504719
"287",287,"14:10:13","10/6/2022","00:28:30",-5.85216,261,87,47.6308288,-122.3990325,10,55.02,28.5333333333333,0.9102,100,4.58790662083387,287,4.78333333333333,47.6308614245102,-122.399039060889,1.80616525706113,261,4.55530985,47.6303768306712,-122.398764665771,1.51604749989675e-06,2.55210667526472,1.11554255472993,2.84698360046812
"288",288,"14:10:14","10/6/2022","00:28:31",-5.82168,260,87,47.6308288,-122.3990325,10,55.02,28.55,0.908,100,0,288,4.8,47.6308754918005,-122.399044730215,1.62043702172607,260,4.53785655555556,47.6303765693674,-122.398766147702,1.50479235509381e-06,2.54593810276903,1.11284623126212,2.83323762269313
"289",289,"14:10:15","10/6/2022","00:28:32",-5.82168,260,87,47.6308288,-122.3990325,10,55.02,28.5666666666667,0.928555555555556,100,0,289,4.81666666666667,47.630887676876,-122.399049734581,1.40548594943713,260,4.53785655555556,47.6303762819294,-122.398767777849,1.65529454262024e-06,2.60357375487528,1.13803915255231,2.96296886960571
"290",290,"14:10:16","10/6/2022","00:28:33",-5.85216,261,87,47.6308288,-122.3990325,10,55.02,28.5833333333333,0.935888888888889,100,0,290,4.83333333333333,47.6308981563738,-122.399054178651,1.21161590314269,261,4.55530985,47.6303760188783,-122.398769438694,1.68154691568525e-06,2.62413566319426,1.14702689744503,3.00995418822858
"291",291,"14:10:17","10/6/2022","00:28:34",-5.85216,265,87,47.6308288,-122.3990325,10,55.02,28.6,0.925666666666667,100,0,291,4.85,47.630906614004,-122.399057918329,0.981082376480026,265,4.62512302777778,47.6303757916053,-122.398772036452,2.60768096421668e-06,2.59547360917386,1.13449852577639,2.94456098329928
"292",292,"14:10:18","10/6/2022","00:28:35",-5.85216,272,87,47.6308288,-122.3990325,10,55.02,28.6166666666667,0.914777777777778,100,0,292,4.86666666666667,47.6309130277249,-122.399060954393,0.748433972764708,272,4.74729608888889,47.6303758905399,-122.398774869526,2.83480157293308e-06,2.56494229076082,1.12115308639024,2.87569296569933
"293",293,"14:10:19","10/6/2022","00:28:36",-5.82168,271,87,47.6308288,-122.3990325,10,55.02,28.6333333333333,0.911666666666667,100,0,293,4.88333333333333,47.630917384446,-122.399063289898,0.515022649326266,271,4.72984279444444,47.6303759290947,-122.398777078262,2.2090722009479e-06,2.55621905692852,1.11734010370848,2.8561660661701
"294",294,"14:10:20","10/6/2022","00:28:37",-5.85216,271,87,47.6308288,-122.3990325,10,55.02,28.65,0.907444444444444,100,0,294,4.9,47.6309196800686,-122.399064930244,0.283342311198648,271,4.72984279444444,47.6303759536507,-122.398778485031,1.40698258883452e-06,2.54438038244183,1.11216534149752,2.829771676938
"295",295,"14:10:21","10/6/2022","00:28:38",-5.82168,271,87,47.6308288,-122.3990325,10,55.02,28.6666666666667,0.898111111111111,100,0,295,4.91666666666667,47.6309199195254,-122.399065883242,0.0763830472299248,271,4.72984279444444,47.6303759749124,-122.398779703081,1.21823643061561e-06,2.51821068094494,1.10072639345224,2.77186096078943
"296",296,"14:10:22","10/6/2022","00:28:39",-5.76072,271,87,47.6308288,-122.3990325,10,55.02,28.6833333333333,0.889,100,0,296,4.93333333333333,47.630918173958,-122.399066383337,0.197609426966564,271,4.72984279444444,47.6303760000495,-122.39878114314,1.44027775896199e-06,2.49266406757893,1.0895598013128,2.71590656621085
"297",297,"14:10:23","10/6/2022","00:28:40",-5.73024,270,87,47.6308288,-122.3990325,10,55.02,28.7,0.835333333333333,100,0,297,4.95,47.6309143948007,-122.399066162158,0.420349586023882,270,4.7123895,47.6303760000506,-122.398783272201,2.12906081985023e-06,2.3421882839718,1.02378585005245,2.39789922328895
"298",298,"14:10:24","10/6/2022","00:28:41",-5.69976,270,87,47.6308288,-122.3990325,10,55.02,28.7166666666667,0.731333333333333,100,0,298,4.96666666666667,47.630908671456,-122.399065240902,0.639855118456629,270,4.7123895,47.6303760000515,-122.398784894822,1.62262133939928e-06,2.05058303872072,0.89632328611934,1.83798532772674
"299",299,"14:10:25","10/6/2022","00:28:42",-5.69976,270,87,47.6308288,-122.3990325,10,55.02,28.7333333333333,0.667777777777778,100,0,299,4.98333333333333,47.6309009769367,-122.399063643194,0.8635627883874,270,4.7123895,47.6303760000516,-122.398785196318,3.01496265298882e-07,1.87237983328951,0.81842949704911,1.53241088524403
"300",300,"14:10:26","10/6/2022","00:28:43",-5.66928,270,87,47.6308288,-122.3990325,10,55.02,28.75,0.672222222222222,100,0,300,5,47.6308913646916,-122.399061395159,1.08158636492862,270,4.7123895,47.6303760000533,-122.398788396381,3.20006250832922e-06,1.88484159590707,0.823876615165908,1.55287691415983
"301",301,"14:10:27","10/6/2022","00:28:44",-5.60832,270,87,47.6308288,-122.3990325,10,55,28.7666666666667,0.718333333333333,100,0,301,5.01666666666667,47.6308798973142,-122.399058525496,1.29260687394392,270,4.7123895,47.6303760000541,-122.398789889833,1.49345237835936e-06,2.01413238306434,0.880390465627702,1.77322294656184
"302",302,"14:10:28","10/6/2022","00:28:45",-5.60832,269,87,47.6308288,-122.3990325,10,55.02,28.7833333333333,0.834222222222222,100,0,302,5.03333333333333,47.6308666465844,-122.399055065552,1.49546948704053,269,4.69493620555556,47.6303759633847,-122.398791990679,2.10116634595148e-06,2.33907284331741,1.02242407052325,2.39152437771497
"303",303,"14:10:29","10/6/2022","00:28:46",-5.6388,268,87,47.6308288,-122.3990325,10,55.02,28.8,1.02033333333333,100,0,303,5.05,47.6308516935115,-122.399051049391,1.68907393603451,268,4.67748291111111,47.6303759026675,-122.398793729418,1.73979883799609e-06,2.86090915292803,1.25052214166422,3.57763024102633
"304",304,"14:10:30","10/6/2022","00:28:47",-5.6388,268,87,47.6308288,-122.3990325,10,55.02,28.8166666666667,1.13277777777778,100,0,304,5.06666666666667,47.6308351283763,-122.399046513872,1.87233999928809,268,4.67748291111111,47.630375829217,-122.398795832798,2.10466148183545e-06,3.17619174715251,1.38833423001925,4.40961572367647
"305",305,"14:10:31","10/6/2022","00:28:48",-5.6388,270,87,47.6308288,-122.3990325,10,55.02,28.8333333333333,1.13544444444444,100,0,305,5.08333333333333,47.6308170507734,-122.399041498716,2.04419427308684,270,4.7123895,47.6303758292174,-122.398796682798,8.49999999275042e-07,3.18366880472303,1.39160250088932,4.43040147065588
"306",306,"14:10:32","10/6/2022","00:28:49",-5.60832,271,87,47.6308288,-122.3990325,10,55.02,28.85,1.1355,100,0,306,5.1,47.6307975696533,-122.399036046586,2.20356438505252,271,4.72984279444444,47.6303758359067,-122.398797066015,3.83275358502063e-07,3.18382457675576,1.39167058986579,4.43083502676287
"307",307,"14:10:33","10/6/2022","00:28:50",-5.60832,272,87,47.6308288,-122.3990325,10,55.02,28.8666666666667,1.141,100,0,307,5.11666666666667,47.6307768033655,-122.399030203154,2.34937617375446,272,4.74729608888889,47.6303759008329,-122.398798925231,1.86034943699457e-06,3.199246007995,1.39841139853532,4.47386208429884
"308",308,"14:10:34","10/6/2022","00:28:51",-5.60832,272,87,47.6308288,-122.3990325,10,55.02,28.8833333333333,1.143,100,0,308,5.13333333333333,47.6307549353725,-122.39902379302,2.47769267709195,272,4.74729608888889,47.6303759165999,-122.39879937673,4.51774285532823e-07,3.2048538011729,1.40086260168788,4.48955983394038
"309",309,"14:10:35","10/6/2022","00:28:52",-5.6388,272,87,47.6308288,-122.3990325,10,55.02,28.9,1.14522222222222,100,0,309,5.15,47.6307320331041,-122.399017149311,2.59386717458225,272,4.74729608888889,47.6303759624027,-122.398800688333,1.31240238542551e-06,3.21108468248168,1.40358616074628,4.50703402131566
"310",310,"14:10:36","10/6/2022","00:28:53",-5.6388,273,87,47.6308288,-122.3990325,10,55.02,28.9166666666667,1.13633333333333,100,0,310,5.16666666666667,47.630708244785,-122.399010321429,2.69317165070011,273,4.76474938333333,47.6303760149195,-122.398801690402,1.00344406321036e-06,3.18616115724654,1.39269192451268,4.43734091389324
"311",311,"14:10:37","10/6/2022","00:28:54",-5.60832,273,87,47.6307838666667,-122.399021488889,10,55.02,28.9333333333333,1.13888888888889,100,5.06200804970823,311,5.18333333333333,47.6306837281439,-122.399003362335,2.77452008479501,273,4.76474938333333,47.6303760149195,-122.398801690402,0,3.19332667075166,1.39582401742985,4.45732206253445
"312",312,"14:10:38","10/6/2022","00:28:55",-5.60832,272,87,47.6307389333333,-122.399010477778,10,55.02,28.95,1.15311111111111,100,5.06200813458509,312,5.2,47.6306587061295,-122.39899677693,2.82464922171823,272,4.74729608888889,47.6303761198177,-122.398804694249,3.00567797263165e-06,3.23320431112787,1.4132547954036,4.56934149722106
"313",313,"14:10:39","10/6/2022","00:28:56",-5.60832,272,87,47.630694,-122.398999466667,10,55.02,28.9666666666667,1.17477777777778,100,5.06200821547332,313,5.21666666666667,47.6306332857657,-122.398990063075,2.86992875603128,272,4.74729608888889,47.6303761561137,-122.398805733615,1.04000000297114e-06,3.29395540388852,1.439809496223,4.74266827065376
"314",314,"14:10:40","10/6/2022","00:28:57",-5.60832,272,87,47.6306490666667,-122.398988455556,10,55.02,28.9833333333333,1.17355555555556,100,5.0620082978785,314,5.23333333333333,47.6306076549805,-122.398983296301,2.89365006274655,272,4.74729608888889,47.6303762171638,-122.398807481835,1.74928556696164e-06,3.29052841916869,1.43831153874089,4.73280499384514
"315",315,"14:10:41","10/6/2022","00:28:58",-5.60832,272,87,47.6306041333333,-122.398977444444,10,55.02,29,1.1639,100,5.06200837908613,315,5.25,47.6305820113159,-122.398976555457,2.89471781900509,272,4.74729608888889,47.6303762360389,-122.398808022338,5.40832690742403e-07,3.26345523988201,1.42647767463213,4.65524604185295
"316",316,"14:10:42","10/6/2022","00:28:59",-5.60832,272,87,47.6305592,-122.398966433333,10,55.02,29.0166666666667,1.164,100,5.06200846238976,316,5.26666666666667,47.6305565619731,-122.398969922787,2.87203502392715,272,4.74729608888889,47.6303762942874,-122.398809690333,1.66901168103657e-06,3.26373562954091,1.42660023478976,4.65604601539477
"317",317,"14:10:43","10/6/2022","00:29:00",-5.60832,272,87,47.6305142666667,-122.398955422222,10,55.02,29.0333333333333,1.15144444444444,100,5.06200854178289,317,5.28333333333333,47.6305315238571,-122.39896348401,2.82450380894239,272,4.74729608888889,47.6303763493244,-122.398811266363,1.57699080020444e-06,3.22853115014627,1.4112121261098,4.55614230860963
"318",318,"14:10:44","10/6/2022","00:29:01",-5.60832,271,87,47.6304693333333,-122.398944411111,10,55.02,29.05,1.13877777777778,100,5.06200862448832,318,5.3,47.6305066205284,-122.398957328396,2.80616160528301,271,4.72984279444444,47.6303763990135,-122.398814112963,2.84703354714593e-06,3.19301512668622,1.39568783947693,4.45645238358184
"319",319,"14:10:45","10/6/2022","00:29:02",-5.60832,270,87,47.6304244,-122.3989334,10,55.02,29.0666666666667,1.15144444444444,100,5.06200870781302,319,5.31666666666667,47.63048247009,-122.398951548843,2.7190087596783,270,4.7123895,47.6303763990144,-122.398815768258,1.65529454262024e-06,3.22853115014627,1.4112121261098,4.55614230860963
"320",320,"14:10:46","10/6/2022","00:29:03",-5.6388,269,87,47.6304092,-122.3989334,10,55.02,29.0833333333333,1.165,100,1.68934991515287,320,5.33333333333333,47.6304593073719,-122.398946241954,2.60502904188148,269,4.69493620555556,47.6303763761125,-122.398817080346,1.31228807825529e-06,3.26653952612986,1.42782583636604,4.66404953091911
"321",321,"14:10:47","10/6/2022","00:29:04",-5.66928,269,87,47.6304016,-122.3989334,10,55.02,29.1,1.16077777777778,100,0.844674955239177,321,5.35,47.6304377121018,-122.398941396043,2.42758434610314,269,4.69493620555556,47.630376341135,-122.398819084261,2.00422055566426e-06,3.25470085164318,1.42265107415508,4.63030366264364
"322",322,"14:10:48","10/6/2022","00:29:05",-5.73024,270,87,47.6304016,-122.3989334,10,55.02,29.1166666666667,1.14133333333333,100,0,322,5.36666666666667,47.6304178525449,-122.398937143888,2.230218130241,270,4.7123895,47.6303763411357,-122.398820396664,1.31240238542551e-06,3.20018064019131,1.39881993239408,4.47647646676125
"323",323,"14:10:49","10/6/2022","00:29:06",-5.76072,270,87,47.6303863,-122.398941,10,55.02,29.1333333333333,1.10911111111111,100,1.7937651745615,323,5.38333333333333,47.6303995795306,-122.398933731414,2.04700722887364,270,4.7123895,47.6303763411357,-122.398820396664,0,3.10983286121395,1.35932832604729,4.22728389752081
"324",324,"14:10:50","10/6/2022","00:29:07",-5.7912,270,87,47.6303787,-122.398941,10,55.02,29.15,1.06166666666667,100,0.84467494992223,324,5.4,47.6303831825022,-122.398931265217,1.83178394245664,270,4.7123895,47.6303763411369,-122.39882261317,2.21650625729292e-06,2.97680354527143,1.30118034015046,3.87335824959737
"325",325,"14:10:51","10/6/2022","00:29:08",-5.82168,270,87,47.630371,-122.398941,10,55.02,29.1666666666667,1.02777777777778,100,0.855789095954399,325,5.41666666666667,47.630368959686,-122.398929856241,1.58428460623082,270,4.7123895,47.6303763411379,-122.398824617391,2.00422054194421e-06,2.88178260531247,1.25964606450986,3.63002611755484
"326",326,"14:10:52","10/6/2022","00:29:09",-5.82168,270,87,47.6303672,-122.3989334,10,55.02,29.1833333333333,1.00666666666667,100,0.710200504003093,326,5.43333333333333,47.6303572738132,-122.398929955349,1.29880608445589,270,4.7123895,47.6303763411394,-122.398827435191,2.81780056818179e-06,2.82258923287903,1.23377225345507,3.48243227842717
"327",327,"14:10:53","10/6/2022","00:29:10",-5.82168,270,87,47.6303634,-122.3989334,10,55.02,29.2,0.9867,100,0.42233747527466,327,5.45,47.6303483709835,-122.398931261506,0.994327361301752,270,4.7123895,47.6303763411406,-122.398829835274,2.40008333152535e-06,2.7666047643196,1.20930107531534,3.34565811646424
"328",328,"14:10:54","10/6/2022","00:29:11",-5.7912,270,87,47.6303634,-122.3989334,10,55.02,29.2166666666667,0.965666666666667,100,0,328,5.46666666666667,47.6303402413095,-122.398932833496,0.911229479724268,270,4.7123895,47.6303763411423,-122.39883308921,3.25393607272729e-06,2.70762947273196,1.18352258882759,3.20454064315361
"329",329,"14:10:55","10/6/2022","00:29:12",-5.7912,270,87,47.6303596,-122.398941,10,55.02,29.2333333333333,0.963666666666667,100,0.71020057069452,329,5.48333333333333,47.6303326561072,-122.398934549297,0.852828728703023,270,4.7123895,47.6303763411444,-122.398837193647,4.10443662749757e-06,2.70202167955406,1.18107138567503,3.19128048919488
"330",330,"14:10:56","10/6/2022","00:29:13",-5.7912,270,87,47.6303596,-122.398941,10,55.02,29.25,0.974444444444444,100,0,330,5.5,47.6303253424743,-122.398936266765,0.823025159691882,270,4.7123895,47.6303763411456,-122.398839395919,2.20227155189809e-06,2.73224145390166,1.19428064710827,3.2630630916217
"331",331,"14:10:57","10/6/2022","00:29:14",-5.82168,270,87,47.63030086,-122.3989288,10,55.02,29.2666666666667,0.987222222222222,100,6.59247581295712,331,5.51666666666667,47.6303179810982,-122.398937822681,0.826462392700618,270,4.7123895,47.630376341147,-122.398842115275,2.71935653701975e-06,2.76806902142717,1.20994111169407,3.34920050903149
"332",332,"14:10:58","10/6/2022","00:29:15",-5.82168,270,87,47.63024212,-122.3989166,10,55.02,29.2833333333333,0.971444444444444,100,6.59247589509586,332,5.53333333333333,47.6303102040248,-122.398939031782,0.869115297375917,270,4.7123895,47.6303763411476,-122.398843246646,1.1313708480469e-06,2.7238297641348,1.19060384237943,3.24300218316634
"333",333,"14:10:59","10/6/2022","00:29:16",-5.7912,270,87,47.63018338,-122.3989044,10,55.02,29.3,0.954666666666667,100,6.59247597660431,333,5.55,47.6303015923901,-122.398939685775,0.958369797967172,270,4.7123895,47.630376341148,-122.398844042196,7.95550124484433e-07,2.67678661025348,1.17004097148851,3.13195000592842
"334",334,"14:11:00","10/6/2022","00:29:17",-5.7912,270,87,47.63012464,-122.3988922,10,55.02,29.3166666666667,0.964,100,6.59247606087712,334,5.56666666666667,47.6302916741125,-122.39893955233,1.10237722798214,270,4.7123895,47.6303763411493,-122.398846502196,2.46000000008347e-06,2.70295631175038,1.18147991953379,3.19348860571018
"335",335,"14:11:01","10/6/2022","00:29:18",-5.7912,270,87,47.6300659,-122.39888,10,55.02,29.3333333333333,0.977888888888889,100,6.59247614422929,335,5.58333333333333,47.6302799215472,-122.398938374058,1.30919319548925,270,4.7123895,47.6303763411502,-122.398848306192,1.80399557192892e-06,2.74189931993027,1.19850216364879,3.28617226744357
"336",336,"14:11:02","10/6/2022","00:29:19",-5.82168,270,87,47.6300964,-122.39889905,10,55.02,29.35,0.981444444444444,100,3.67956480855926,336,5.6,47.6302686578424,-122.398937085316,1.25560297314946,270,4.7123895,47.6303763411512,-122.398850209373,1.90318154778016e-06,2.75186873002433,1.20285985814223,3.31011243022309
"337",337,"14:11:03","10/6/2022","00:29:20",-5.82168,270,87,47.6301269,-122.3989181,10,55.02,29.3666666666667,0.978444444444444,100,3.67956449944442,337,5.61666666666667,47.6302579391459,-122.398935669421,1.19603119849004,270,4.7123895,47.6303763411518,-122.398851402059,1.19268604427431e-06,2.74345704025747,1.19918305341339,3.2899071904444
"338",338,"14:11:04","10/6/2022","00:29:21",-5.82168,270,87,47.630146,-122.3989257,10,55.02,29.3833333333333,0.973111111111111,100,2.19825036063325,338,5.63333333333333,47.6302479507752,-122.398934502467,1.1135784553555,270,4.7123895,47.6303763411518,-122.398851402059,0,2.72850292511639,1.19264651167323,3.25413949573026
"339",339,"14:11:05","10/6/2022","00:29:22",-5.82168,270,87,47.6301803,-122.3989257,10,55.02,29.4,0.9686,100,3.81215128508474,339,5.65,47.6302387863251,-122.39893366177,1.02050659230925,270,4.7123895,47.6303763411518,-122.398851402059,0,2.71585423605956,1.18711768678468,3.22403859835539
"340",340,"14:11:06","10/6/2022","00:29:23",-5.85216,270,87,47.6301994,-122.3989257,10,55.02,29.4166666666667,0.959666666666667,100,2.12280145571034,340,5.66666666666667,47.6302305462495,-122.398933233256,0.916379535511136,270,4.7123895,47.6303763411523,-122.398852350743,9.48683300149185e-07,2.69080609319825,1.17616897936991,3.16484265631932
"341",341,"14:11:07","10/6/2022","00:29:24",-5.85216,270,87,47.6302337,-122.3989486,10,55.02,29.4333333333333,0.946111111111111,100,4.1823978490378,341,5.68333333333333,47.6302233382957,-122.398933311915,0.801124142628805,270,4.7123895,47.6303763411527,-122.398853090743,7.40000002848147e-07,2.65279771721467,1.15955526911367,3.07606557088899
"342",342,"14:11:08","10/6/2022","00:29:25",-5.82168,270,87,47.6302413,-122.3989486,10,55.02,29.45,0.935,100,0.844674929604426,342,5.7,47.6302173436532,-122.398933656866,0.666757037527504,270,4.7123895,47.6303763411537,-122.398854936305,1.84556225193384e-06,2.62164331067075,1.14593747382167,3.00423931269152
"343",343,"14:11:09","10/6/2022","00:29:26",-5.7912,270,87,47.6302413,-122.3989486,10,55.02,29.4666666666667,0.929111111111111,100,0,343,5.71666666666667,47.6302127018646,-122.398934299272,0.518147699442658,270,4.7123895,47.6303763411539,-122.398855436305,4.9999999589545e-07,2.60513147520247,1.13872004231691,2.96651542368368
"344",344,"14:11:10","10/6/2022","00:29:27",-5.76072,270,87,47.6302528,-122.3989486,10,55.02,29.4833333333333,0.931222222222222,100,1.27812653998309,344,5.73333333333333,47.6302095626346,-122.398935272925,0.356484284589323,270,4.7123895,47.6303763411547,-122.398856847829,1.41152398721183e-06,2.61105081244582,1.14130742342239,2.98001167517748
"345",345,"14:11:11","10/6/2022","00:29:28",-5.76072,270,87,47.6302528,-122.3989486,10,55.02,29.5,0.957111111111111,100,0,345,5.75,47.6302073223469,-122.39893642294,0.26355317901551,270,4.7123895,47.6303763411547,-122.398856847829,0,2.68364057969315,1.17303688645275,3.1480093899615
"346",346,"14:11:12","10/6/2022","00:29:29",-5.7912,270,87,47.630268,-122.3989562,10,55.02,29.5166666666667,0.998777777777778,100,1.78323305818697,346,5.76666666666667,47.6302059682519,-122.398937742651,0.180220619745835,270,4.7123895,47.630376341155,-122.398857583764,7.35934780363475e-07,2.80046960423284,1.22410361879774,3.42806497687451
"347",347,"14:11:13","10/6/2022","00:29:30",-5.76072,270,87,47.630268,-122.3989562,10,55.02,29.5333333333333,1.02166666666667,100,0,347,5.78333333333333,47.6302054820335,-122.398939224159,0.123728785375847,270,4.7123895,47.6303763411569,-122.398861239772,3.65600875965786e-06,2.86464768171332,1.25215627709927,3.5869865763352
"348",348,"14:11:14","10/6/2022","00:29:31",-5.7912,270,87,47.630268,-122.3989562,10,55.02,29.55,1.02166666666667,100,0,348,5.8,47.6302058396569,-122.398940858326,0.129046784471272,270,4.7123895,47.6303763411571,-122.398861575033,3.35261092896479e-07,2.86464768171332,1.25215627709927,3.5869865763352
"349",349,"14:11:15","10/6/2022","00:29:32",-5.82168,270,87,47.630268,-122.3989562,10,55.02,29.5666666666667,1.02266666666667,100,0,349,5.81666666666667,47.6302070112151,-122.398942634762,0.186457280574684,270,4.7123895,47.630376341158,-122.398863196175,1.62114157148281e-06,2.86745157830227,1.25338187867554,3.59401184622366
"350",350,"14:11:16","10/6/2022","00:29:33",-5.82168,270,87,47.630268,-122.3989562,10,55.02,29.5833333333333,1.0117,100,0,350,5.83333333333333,47.6302089607765,-122.39894454181,0.259762420132323,270,4.7123895,47.6303763411583,-122.398863813913,6.17737802289446e-07,2.83670217904342,1.23994111472234,3.51734366201838
"351",351,"14:11:17","10/6/2022","00:29:34",-5.85216,270,87,47.630268,-122.3989562,10,55.02,29.6,0.986555555555556,100,0,351,5.85,47.6302116462318,-122.398946566539,0.334993631558801,270,4.7123895,47.6303763411589,-122.398865071728,1.25781555972232e-06,2.76619975703453,1.20912404397655,3.34467863667253
"352",352,"14:11:18","10/6/2022","00:29:35",-5.85216,270,87,47.6302719,-122.3989715,10,55.02,29.6166666666667,0.966222222222222,100,1.22848024898342,352,5.86666666666667,47.6302150191413,-122.398948694726,0.407543649007128,270,4.7123895,47.6303763411592,-122.398865510021,4.38292144505894e-07,2.70918719305916,1.18420347859219,3.20822889817806
"353",353,"14:11:19","10/6/2022","00:29:36",-5.85216,270,87,47.6302719,-122.3989715,10,55.02,29.6333333333333,0.949777777777778,100,0,353,5.88333333333333,47.630219024582,-122.398950910853,0.4752865976211,270,4.7123895,47.6303763411597,-122.398866633631,1.12361025588293e-06,2.66307867137416,1.16404914156003,3.09995444131992
"354",354,"14:11:20","10/6/2022","00:29:37",-5.85216,270,87,47.6302757,-122.3989715,10,55.02,29.65,0.943222222222222,100,0.422337467109869,354,5.9,47.6302236009946,-122.398953198087,0.536872057255154,270,4.7123895,47.63037634116,-122.398867057423,4.23792405552453e-07,2.64469757151325,1.15601464233775,3.05730911722441
"355",355,"14:11:21","10/6/2022","00:29:38",-5.82168,270,87,47.6302757,-122.3989715,10,55.02,29.6666666666667,0.940222222222222,100,0,355,5.91666666666667,47.6302286800311,-122.398955538272,0.591237384260654,270,4.7123895,47.6303763411607,-122.398868502968,1.44554488238926e-06,2.63628588174639,1.15233783760891,3.03789197229054
"356",356,"14:11:22","10/6/2022","00:29:39",-5.85216,270,87,47.6302757,-122.3989715,10,55.02,29.6833333333333,0.941,100,0,356,5.93333333333333,47.6302341864013,-122.398957911917,0.637438701944807,270,4.7123895,47.6303763411607,-122.398868502968,0,2.63846669020446,1.15329108327935,3.04292010734239
"357",357,"14:11:23","10/6/2022","00:29:40",-5.85216,270,87,47.6302757,-122.3989715,10,55.02,29.7,0.949555555555555,100,0,357,5.95,47.6302400377206,-122.398960298186,0.674582715447557,270,4.7123895,47.6303763411614,-122.398869823006,1.32003787927166e-06,2.66245558324328,1.16377678565419,3.09850400061392
"358",358,"14:11:24","10/6/2022","00:29:41",-5.82168,270,87,47.6302757,-122.3989715,10,55.02,29.7166666666667,0.956,100,0,358,5.96666666666667,47.6302461443567,-122.398962674881,0.701795708832845,270,4.7123895,47.6303763411614,-122.398869823006,0,2.68052513903875,1.17167510692355,3.1407045788945
"359",359,"14:11:25","10/6/2022","00:29:42",-5.82168,271,87,47.6302757,-122.3989715,10,55.02,29.7333333333333,0.9527,100,0,359,5.98333333333333,47.6302524092769,-122.398965018436,0.718208204586668,271,4.72984279444444,47.6303763771415,-122.398871884245,2.06155281449719e-06,2.67127228029521,1.16763062172183,3.11905931342938
"360",360,"14:11:26","10/6/2022","00:29:43",-5.82168,270,87,47.6302757,-122.3989715,10,55.02,29.75,0.958,100,0,360,6,47.6302587278951,-122.398967303903,0.72294673112976,270,4.7123895,47.6303763771428,-122.398874284266,2.40002083287129e-06,2.68613293221666,1.17412631007611,3.15385934807747
"361",361,"14:11:27","10/6/2022","00:29:44",-5.85216,270,87,47.6302757,-122.3989715,10,55.02,29.7666666666667,0.977444444444444,100,0,361,6.01666666666667,47.6302649879194,-122.398969504937,0.715129174267094,270,4.7123895,47.6303763771438,-122.398876294465,2.01019899563698e-06,2.74065314366852,1.19795745183711,3.28318585635849
"362",362,"14:11:28","10/6/2022","00:29:45",-5.85216,270,87,47.6302757,-122.3989715,10,55.02,29.7833333333333,0.972555555555556,100,0,362,6.03333333333333,47.6302710691988,-122.398971593792,0.693862162551374,270,4.7123895,47.6303763771443,-122.398877229398,9.34933153212023e-07,2.72694520478919,1.19196562190863,3.2504249369373
"363",363,"14:11:29","10/6/2022","00:29:46",-5.82168,270,87,47.6302757,-122.3989715,10,55.02,29.8,0.957777777777778,100,0,363,6.05,47.6302768435704,-122.398973541302,0.658239369639354,270,4.7123895,47.6303763771451,-122.398878674008,1.44461068251427e-06,2.68550984408578,1.17385395417027,3.15239634944328
"364",364,"14:11:30","10/6/2022","00:29:47",-5.82168,270,87,47.6302795,-122.3989562,10,55.02,29.8166666666667,0.958777777777778,100,1.22460278229019,364,6.06666666666667,47.6302821747068,-122.39897531687,0.607340838831937,270,4.7123895,47.6303763771454,-122.398879282285,6.08276254297572e-07,2.68831374067473,1.17507955574655,3.15898251609941
"365",365,"14:11:31","10/6/2022","00:29:48",-5.82168,270,87,47.6302795,-122.3989562,10,55.02,29.8333333333333,0.964555555555555,100,0,365,6.08333333333333,47.630286917963,-122.398976888463,0.54023293083903,270,4.7123895,47.6303763771468,-122.398882069057,2.78677233652425e-06,2.70451403207757,1.18216080929839,3.19717049691967
"366",366,"14:11:32","10/6/2022","00:29:49",-5.85216,270,87,47.6302795,-122.3989562,10,55.02,29.85,0.969777777777778,100,0,366,6.1,47.6302909202237,-122.398978222592,0.455969863970796,270,4.7123895,47.6303763771472,-122.398882867556,7.98498593817945e-07,2.71915660315321,1.18856117308563,3.23188396204732
"367",367,"14:11:33","10/6/2022","00:29:50",-5.82168,270,87,47.6302795,-122.3989562,10,55.06,29.8666666666667,0.967888888888889,100,0,367,6.11666666666667,47.6302940197503,-122.398979284303,0.353600014082405,270,4.7123895,47.630376377148,-122.398884402776,1.53521984394358e-06,2.71386035404075,1.18624614788599,3.21930639088134
"368",368,"14:11:34","10/6/2022","00:29:51",-5.82168,270,87,47.6302833,-122.3989868,10,55.02,29.8833333333333,0.964333333333333,100,2.33741316764129,368,6.13333333333333,47.6302968895222,-122.398980243871,0.32699633935517,270,4.7123895,47.630376377149,-122.398886332957,1.93018133945351e-06,2.70389094394669,1.18188845339255,3.19569748588327
"369",369,"14:11:35","10/6/2022","00:29:52",-5.82168,270,87,47.6302833,-122.3989868,10,55.06,29.9,0.9717,100,0,369,6.15,47.630299553698,-122.398981113272,0.3032189316956,270,4.7123895,47.6303763771496,-122.398887440612,1.10765518713977e-06,2.72454631548531,1.19091705167114,3.24470866517925
"370",370,"14:11:36","10/6/2022","00:29:53",-5.85216,270,87,47.6302833,-122.3989868,10,55.06,29.9166666666667,0.978555555555556,100,0,370,6.16666666666667,47.6303020465593,-122.39898190769,0.283415748844867,270,4.7123895,47.6303763771501,-122.398888389348,9.48735996880672e-07,2.74376858432291,1.19931923136631,3.29065442959717
"371",371,"14:11:37","10/6/2022","00:29:55",-5.85216,270,87,47.6302833,-122.3989868,10,55.06,29.9333333333333,0.976444444444444,100,0,371,6.18333333333333,47.6303044131681,-122.398982645702,0.268808758750255,270,4.7123895,47.6303763771507,-122.398889473968,1.08461974640816e-06,2.73784924707956,1.19673185026083,3.27647139519274
"372",372,"14:11:38","10/6/2022","00:29:55",-5.82168,270,87,47.6302833,-122.3989868,10,55.06,29.95,0.973888888888889,100,0,372,6.2,47.6303067100386,-122.398983349469,0.260695543742974,270,4.7123895,47.6303763771512,-122.398890543968,1.07000000326707e-06,2.73068373357446,1.19359975734367,3.25934344177678
"373",373,"14:11:39","10/6/2022","00:29:56",-5.82168,270,87,47.6302833,-122.3989868,10,55.06,29.9666666666667,0.975777777777778,100,0,373,6.21666666666667,47.6303090058212,-122.39898404493,0.260451237761874,270,4.7123895,47.6303763771516,-122.398891315719,7.71751255774586e-07,2.73597998268693,1.19591478254331,3.27199890603788
"374",374,"14:11:40","10/6/2022","00:29:57",-5.82168,270,87,47.6302833,-122.3989868,10,55.06,29.9833333333333,0.980777777777778,100,0,374,6.23333333333333,47.6303113820022,-122.398984761996,0.269530892893536,270,4.7123895,47.6303763771528,-122.398893542915,2.22719554272557e-06,2.74999946563169,1.20204279042471,3.30561703133437
"375",375,"14:11:41","10/6/2022","00:29:58",-5.85216,270,87,47.6302833,-122.3989868,10,55.06,30,0.987333333333333,100,0,375,6.25,47.6303139336165,-122.398985534754,0.289471722563867,270,4.7123895,47.630376377154,-122.39889598932,2.44640552236374e-06,2.7683805654926,1.21007728964699,3.34995445140268
"376",376,"14:11:42","10/6/2022","00:29:59",-5.85216,270,87,47.6302833,-122.3989868,10,55.06,30.0166666666667,0.982,100,0,376,6.26666666666667,47.6303167699738,-122.39898640167,0.32189473558545,270,4.7123895,47.630376377154,-122.39889598932,0,2.75342645035152,1.20354074790683,3.31386092936251
"377",377,"14:11:43","10/6/2022","00:30:00",-5.82168,270,87,47.6303062,-122.39897915,10,55.06,30.0333333333333,0.975777777777778,100,2.60922456526942,377,6.28333333333333,47.6303194572416,-122.398987199093,0.304616155855136,270,4.7123895,47.6303763771547,-122.398897194351,1.20503111992555e-06,2.73597998268693,1.19591478254331,3.27199890603788
"378",378,"14:11:44","10/6/2022","00:30:01",-5.82168,270,87,47.6303291,-122.3989715,10,55.08,30.05,0.988444444444444,100,2.6092245192806,378,6.3,47.6303218581192,-122.398987924977,0.272352735830855,270,4.7123895,47.6303763771555,-122.398898697049,1.50269757060428e-06,2.771496006147,1.21143906917618,3.35749854191223
"379",379,"14:11:45","10/6/2022","00:30:02",-5.82168,270,87,47.6303291,-122.3989715,10,55.06,30.0666666666667,0.992,100,0,379,6.31666666666667,47.6303238046983,-122.398988577578,0.221831629670646,270,4.7123895,47.6303763771572,-122.398902099166,3.40211699939796e-06,2.78146541624105,1.21579676366962,3.38169665132486
"380",380,"14:11:46","10/6/2022","00:30:03",-5.82168,270,87,47.6303291,-122.3989715,10,55.06,30.0833333333333,0.9946,100,0,380,6.33333333333333,47.6303255253423,-122.398989012808,0.194010176863611,270,4.7123895,47.6303763771572,-122.398902099166,0,2.78875554737233,1.21898332776795,3.39944651746726
"381",381,"14:11:47","10/6/2022","00:30:04",-5.85216,270,87,47.6303291,-122.3989715,10,55.06,30.1,0.995111111111111,100,0,381,6.35,47.6303268836757,-122.39898933782,0.152929070381255,270,4.7123895,47.6303763771576,-122.398902919166,8.19999995406406e-07,2.79018865007335,1.21960974635138,3.40294127178847
"382",382,"14:11:48","10/6/2022","00:30:05",-5.82168,270,87,47.6303329,-122.3989944,10,55.06,30.1166666666667,0.984555555555556,100,1.77152761426893,382,6.36666666666667,47.6303278590659,-122.398989548647,0.109557282869377,270,4.7123895,47.6303763771582,-122.398903919366,1.00019997751284e-06,2.76059196385663,1.20667284082399,3.33113134738274
"383",383,"14:11:49","10/6/2022","00:30:06",-5.82168,270,87,47.6303329,-122.3989944,10,55.06,30.1333333333333,0.981888888888889,100,0,383,6.38333333333333,47.630328357419,-122.398989784233,0.0581468717442434,270,4.7123895,47.6303763771585,-122.398904542984,6.23618479813333e-07,2.75311490628608,1.20340456995391,3.3131110598329
"384",384,"14:11:50","10/6/2022","00:30:07",-5.82168,270,87,47.6303329,-122.3989944,10,55.06,30.15,0.994111111111111,100,0,384,6.4,47.6303283415187,-122.398989932879,0.0113065694119378,270,4.7123895,47.6303763771592,-122.398905868729,1.32574506756718e-06,2.78738475348439,1.2183841447751,3.39610538903325
"385",385,"14:11:51","10/6/2022","00:30:08",-5.82168,270,87,47.6303329,-122.3989944,10,55.08,30.1666666666667,1.00344444444444,100,0,385,6.41666666666667,47.630327842523,-122.398990553564,0.0724581819272705,270,4.7123895,47.6303763771608,-122.398909072805,3.20407553114987e-06,2.81355445498127,1.22982309282038,3.46017424164362
"386",386,"14:11:52","10/6/2022","00:30:09",-5.82168,270,87,47.6303329,-122.3989944,10,55.08,30.1833333333333,0.997666666666667,100,0,386,6.43333333333333,47.630326841364,-122.398991361834,0.126761616166799,270,4.7123895,47.6303763771613,-122.398909882805,8.10000003070854e-07,2.79735416357845,1.22274183926854,3.42044197505944
"387",387,"14:11:53","10/6/2022","00:30:10",-5.82168,270,87,47.6303329,-122.3989944,10,55.08,30.2,0.996888888888889,100,0,387,6.45,47.6303250554802,-122.398991779973,0.200956286851465,270,4.7123895,47.6303763771626,-122.398912435627,2.55282196790485e-06,2.79517335512038,1.2217885935981,3.41511092241542
"388",388,"14:11:54","10/6/2022","00:30:11",-5.82168,270,87,47.6303329,-122.3989944,10,55.08,30.2166666666667,0.999777777777778,100,0,388,6.46666666666667,47.6303235379505,-122.398992063137,0.169996815456375,270,4.7123895,47.6303763771637,-122.398914637898,2.20227155189809e-06,2.80327350082179,1.22532922037402,3.43493293325713
"389",389,"14:11:55","10/6/2022","00:30:12",-5.7912,270,87,47.6303329,-122.3989944,10,55.06,30.2333333333333,1.0045,100,0,389,6.48333333333333,47.630322559032,-122.398992291818,0.110146549985924,270,4.7123895,47.6303763771646,-122.398916275732,1.63783392603143e-06,2.81651412360296,1.23111678337312,3.46745780817505
"390",390,"14:11:56","10/6/2022","00:30:13",-5.7912,270,87,47.6303329,-122.3989944,10,55.06,30.25,1.01555555555556,100,0,390,6.5,47.630322286588,-122.39899255084,0.0359938920088926,270,4.7123895,47.6303763771646,-122.398916275732,0,2.84751275811417,1.24466648968867,3.54420370898566
"391",391,"14:11:57","10/6/2022","00:30:15",-5.82168,270,87,47.6303329,-122.3989944,10,55.06,30.2666666666667,1.02044444444444,100,0,391,6.51666666666667,47.6303229839288,-122.398992929622,0.0825627593806851,270,4.7123895,47.6303763771654,-122.398917912925,1.63719272122395e-06,2.86122069699347,1.25065831961714,3.57840946895562
"392",392,"14:11:58","10/6/2022","00:30:15",-5.82168,270,87,47.6303329,-122.3989944,10,55.06,30.2833333333333,1.02333333333333,100,0,392,6.53333333333333,47.6303249395542,-122.398993522435,0.221867174491098,270,4.7123895,47.6303763771665,-122.398919976635,2.0637102523004e-06,2.86932084269489,1.25419894639306,3.59869917777157
"393",393,"14:11:59","10/6/2022","00:30:16",-5.82168,270,87,47.6303329,-122.3989944,10,55.08,30.3,1.02922222222222,100,0,393,6.55,47.6303267930235,-122.398993842049,0.207392014465403,270,4.7123895,47.6303763771665,-122.398919976635,0,2.88583267816317,1.26141637789782,3.64023660410775
"394",394,"14:12:00","10/6/2022","00:30:17",-5.82168,270,87,47.6303329,-122.3989944,10,55.06,30.3166666666667,1.01944444444444,100,0,394,6.56666666666667,47.6303284821514,-122.398993851653,0.187733490582422,270,4.7123895,47.6303763771675,-122.398921827284,1.85064852780095e-06,2.85841680040452,1.24943271804086,3.57139947222306
"395",395,"14:12:01","10/6/2022","00:30:18",-5.7912,270,87,47.6303329,-122.3989944,10,55.06,30.3333333333333,1.01544444444444,100,0,395,6.58333333333333,47.6303301491392,-122.398993721693,0.18552851661671,270,4.7123895,47.630376377169,-122.398924733897,2.90661313996444e-06,2.84720121404871,1.24453031173574,3.5434282144944
"396",396,"14:12:02","10/6/2022","00:30:19",-5.7912,270,87,47.6303329,-122.3989944,10,55.06,30.35,1.01944444444444,100,0,396,6.6,47.630331478429,-122.39899359425,0.148049116415473,270,4.7123895,47.6303763771693,-122.398925300377,5.66480358479946e-07,2.85841680040452,1.24943271804086,3.57139947222306
"397",397,"14:12:03","10/6/2022","00:30:20",-5.82168,270,87,47.6303329,-122.3989944,10,55.08,30.3666666666667,1.02155555555556,100,0,397,6.61666666666667,47.6303326505876,-122.398993499809,0.130468465842026,270,4.7123895,47.6303763771699,-122.398926411638,1.11126054768077e-06,2.86433613764789,1.25202009914635,3.58620641504637
"398",398,"14:12:04","10/6/2022","00:30:21",-5.82168,270,87,47.6303329,-122.3989944,10,55.06,30.3833333333333,1.02233333333333,100,0,398,6.63333333333333,47.6303333319391,-122.398993038761,0.0832722771191334,270,4.7123895,47.6303763771714,-122.398929355173,2.94353529137481e-06,2.86651694610594,1.25297334481678,3.59166932593633
"399",399,"14:12:05","10/6/2022","00:30:22",-5.7912,270,87,47.6303329,-122.3989944,10,55.06,30.4,1.01855555555556,100,0,399,6.65,47.6303338999836,-122.398992567331,0.0723895298952592,270,4.7123895,47.6303763771722,-122.398931001411,1.64623814121659e-06,2.85592444788103,1.24834329441751,3.5651741338753
"400",400,"14:12:06","10/6/2022","00:30:23",-5.82168,270,87,47.6303329,-122.3989944,10,55.08,30.4166666666667,1.01466666666667,100,0,400,6.66666666666667,47.6303344147022,-122.398992535998,0.0572549844091,270,4.7123895,47.6303763771722,-122.398931001411,0,2.84502040559065,1.24357706606531,3.53800212888035
"401",401,"14:12:07","10/6/2022","00:30:24",-5.82168,270,87,47.6303329,-122.3989944,10,55.06,30.4333333333333,1.01122222222222,100,0,401,6.68333333333333,47.6303348715721,-122.398992489184,0.0508988338316468,270,4.7123895,47.6303763771727,-122.398931904129,9.02718116893729e-07,2.83536253956202,1.23935554952478,3.51402229832087
"402",402,"14:12:08","10/6/2022","00:30:25",-5.82168,270,87,47.6303329,-122.3989944,10,55.08,30.45,1.0141,100,0,402,6.7,47.630335271715,-122.398992429637,0.0446969076298766,270,4.7123895,47.6303763771738,-122.39893396813,2.0640009777618e-06,2.8434315308569,1.24288255850541,3.53405145600638
"403",403,"14:12:09","10/6/2022","00:30:26",-5.85216,270,87,47.6303329,-122.3989944,10,55.08,30.4666666666667,1.01822222222222,100,0,403,6.71666666666667,47.6303356164303,-122.398992360253,0.0386651416360869,270,4.7123895,47.6303763771743,-122.398934878954,9.10823801849978e-07,2.85498981568469,1.24793476055874,3.56284103203411
"404",404,"14:12:10","10/6/2022","00:30:27",-5.85216,271,87,47.6303329,-122.3989944,10,55.06,30.4833333333333,1.01711111111111,100,0,404,6.73333333333333,47.6303359071949,-122.398992284078,0.0328188342217571,271,4.72984279444444,47.6303764106952,-122.398936799313,1.9206509372296e-06,2.8518743750303,1.24657298102954,3.55506954120328
"405",405,"14:12:11","10/6/2022","00:30:28",-5.85216,271,87,47.6303329,-122.3989944,10,55.08,30.5,1.00188888888889,100,0,405,6.75,47.6303361456635,-122.398992204307,0.0271728936805026,271,4.72984279444444,47.6303764305517,-122.398937936856,1.1377170129711e-06,2.80919283806514,1.22791660147951,3.44945452261751
"406",406,"14:12:12","10/6/2022","00:30:29",-5.85216,271,87,47.6303329,-122.3989944,10,55.06,30.5166666666667,0.985777777777778,100,0,406,6.76666666666667,47.6303363336682,-122.398992124282,0.0217428415644084,271,4.72984279444444,47.6303764532466,-122.398939237004,1.30034610170739e-06,2.76401894857646,1.20817079830611,3.33940697963482
"407",407,"14:12:13","10/6/2022","00:30:30",-5.85216,271,87,47.6303329,-122.3989944,10,55.06,30.5333333333333,0.966333333333333,100,0,407,6.78333333333333,47.6303364732188,-122.398992047499,0.0165478969908396,271,4.72984279444444,47.6303764592647,-122.398939581771,3.44818797000313e-07,2.7094987371246,1.18433965654511,3.20896680373555
"408",408,"14:12:14","10/6/2022","00:30:31",-5.85216,270,87,47.6303329,-122.3989944,10,55.06,30.55,0.954666666666667,100,0,408,6.8,47.6303365665029,-122.3989919776,0.01162186202992,270,4.7123895,47.6303764592655,-122.398941204238,1.62246724855137e-06,2.67678661025348,1.17004097148851,3.13195000592842
"409",409,"14:12:15","10/6/2022","00:30:32",-5.88264,271,87,47.6303329,-122.3989944,10,55.06,30.5666666666667,0.957888888888889,100,0,409,6.81666666666667,47.6303366158854,-122.398991918375,0.00706545836590772,271,4.72984279444444,47.6303764803944,-122.398942414673,1.21061967571932e-06,2.68582138815122,1.17399013212319,3.15312780633494
"410",410,"14:12:16","10/6/2022","00:30:33",-5.85216,271,87,47.6303329,-122.3989944,10,55.06,30.5833333333333,0.961222222222222,100,0,410,6.83333333333333,47.6303366239091,-122.398991873767,0.00346796713945413,271,4.72984279444444,47.6303765074075,-122.39894396221,1.54777258712923e-06,2.6951677101144,1.17807547071079,3.17511096873754
"411",411,"14:12:17","10/6/2022","00:30:34",-5.85216,271,87,47.6303329,-122.3989944,10,55.06,30.6,0.9693,100,0,411,6.85,47.6303365932942,-122.398991847865,0.00391973849048305,271,4.72984279444444,47.6303765074075,-122.39894396221,0,2.71781696367183,1.18797560788807,3.22870025954655
"412",412,"14:12:18","10/6/2022","00:30:35",-5.85216,271,87,47.6303329,-122.3989944,10,55.06,30.6166666666667,0.980666666666667,100,0,412,6.86666666666667,47.6303365269386,-122.398991844909,0.00737820213986857,271,4.72984279444444,47.6303765274016,-122.398945107636,1.14560028430677e-06,2.74968792156625,1.20190661247179,3.30486809516429
"413",413,"14:12:19","10/6/2022","00:30:36",-5.85216,270,87,47.6303329,-122.3989944,10,55.06,30.6333333333333,0.984888888888889,100,0,413,6.88333333333333,47.6303364279177,-122.398991869288,0.0111566835289681,270,4.7123895,47.6303765274023,-122.398946507636,1.40000000214968e-06,2.76152659605294,1.20708137468275,3.33338731978655
"414",414,"14:12:20","10/6/2022","00:30:37",-5.85216,270,87,47.6303329,-122.3989944,10,55.06,30.65,0.977777777777778,100,0,414,6.9,47.6303362994848,-122.398991925539,0.0148866753378327,270,4.7123895,47.630376527403,-122.398947796395,1.28875909413245e-06,2.74158777586484,1.19836598569587,3.285425537396
"415",415,"14:12:21","10/6/2022","00:30:38",-5.85216,271,87,47.6303329,-122.3989944,10,55.06,30.6666666666667,0.968888888888889,100,0,415,6.91666666666667,47.6303361450705,-122.398992018349,0.0185242321781772,271,4.72984279444444,47.6303765891886,-122.398951335983,3.54012711091619e-06,2.7166642506297,1.18747174946227,3.22596205039685
"416",416,"14:12:22","10/6/2022","00:30:39",-5.82168,270,87,47.6303329,-122.3989944,10,55.06,30.6833333333333,0.970333333333333,100,0,416,6.93333333333333,47.6303359682831,-122.398992152555,0.0220844079930351,270,4.7123895,47.6303765891895,-122.398953038921,1.7029386310414e-06,2.72071432348041,1.18924206285023,3.235587914482
"417",417,"14:12:23","10/6/2022","00:30:40",-5.82168,270,87,47.6303329,-122.3989944,10,55.06,30.7,0.976333333333333,100,0,417,6.95,47.6303357729088,-122.398992333143,0.0256042494101946,270,4.7123895,47.63037658919,-122.398953940309,9.01387821714009e-07,2.73753770301412,1.19659567230791,3.27572576820643
"418",418,"14:12:24","10/6/2022","00:30:41",-5.85216,271,87,47.6303329,-122.3989944,10,55.06,30.7166666666667,0.978777777777778,100,0,418,6.96666666666667,47.6303355629109,-122.398992565246,0.0291342039882251,271,4.72984279444444,47.6303766122093,-122.398955259047,1.31893896565637e-06,2.74439167245379,1.19959158727215,3.2921491624553
"419",419,"14:12:25","10/6/2022","00:30:42",-5.88264,268,87,47.6303329,-122.3989944,10,55.06,30.7333333333333,0.975888888888889,100,0,419,6.98333333333333,47.6303353424306,-122.398992854149,0.0327349086447832,268,4.67748291111111,47.6303765560566,-122.398956867073,1.60900590872401e-06,2.73629152675237,1.19605096049623,3.27274410876986
"420",420,"14:12:26","10/6/2022","00:30:43",-5.85216,269,87,47.6303329,-122.3989944,10,55.08,30.75,0.966777777777778,100,0,420,7,47.6303351157869,-122.398993205286,0.0364751846096315,269,4.69493620555556,47.6303765560566,-122.398956867073,0,2.71074491338636,1.18488436835679,3.21191927447417
"421",421,"14:12:27","10/6/2022","00:30:44",-5.82168,269,87,47.6303329,-122.3989944,10,55.06,30.7666666666667,0.9661,100,0,421,7.01666666666667,47.6303348874761,-122.398993624238,0.0404299028834592,269,4.69493620555556,47.6303765059348,-122.398959738638,2.87200278791356e-06,2.70884449458718,1.18405368284398,3.20741730006758
"422",422,"14:12:28","10/6/2022","00:30:45",-5.82168,265,87,47.6303329,-122.3989944,10,55.06,30.7833333333333,0.975333333333333,100,0,422,7.03333333333333,47.6303346621722,-122.398994116738,0.0446776730957046,265,4.62512302777778,47.6303763741919,-122.398961244475,1.51158856938073e-06,2.73473380642517,1.19537007073163,3.26901894361863
"423",423,"14:12:29","10/6/2022","00:30:46",-5.85216,268,87,47.6303329,-122.3989944,10,55.06,30.8,0.982777777777778,100,0,423,7.05,47.6303344447268,-122.398994688665,0.0492982399746588,268,4.67748291111111,47.6303763661651,-122.398961474335,2.29999997714003e-07,2.7556072588096,1.20449399357727,3.31911239189408
"424",424,"14:12:30","10/6/2022","00:30:47",-5.88264,270,87,47.6303329,-122.3989944,10,55.06,30.8166666666667,0.975888888888889,100,0,424,7.06666666666667,47.6303342401693,-122.39899534605,0.0543700284453848,270,4.7123895,47.630376366166,-122.398963139147,1.66481229112387e-06,2.73629152675237,1.19605096049623,3.27274410876986
"425",425,"14:12:31","10/6/2022","00:30:48",-5.85216,272,87,47.6303329,-122.3989944,10,55.02,30.8333333333333,0.957444444444444,100,0,425,7.08333333333333,47.6303340537064,-122.398996095073,0.0599678241148925,272,4.74729608888889,47.6303763956333,-122.398963982967,8.44334052833114e-07,2.68457521188946,1.17344542031151,3.15020248787349
"426",426,"14:12:32","10/6/2022","00:30:49",-5.82168,273,87,47.6303329,-122.3989944,10,55.02,30.85,0.959,100,0,426,7.1,47.6303338907226,-122.398996942062,0.0661612335235297,273,4.76474938333333,47.6303764961534,-122.398965900986,1.9206509372296e-06,2.68893682880561,1.17535191165239,3.16044704204919
"427",427,"14:12:33","10/6/2022","00:30:50",-5.82168,272,87,47.6303329,-122.3989944,10,55.06,30.8666666666667,0.978333333333333,100,0,427,7.11666666666667,47.63033375678,-122.398997893495,0.0730136199044589,272,4.74729608888889,47.6303765415355,-122.39896720054,1.30034610154346e-06,2.74314549619203,1.19904687546047,3.2891600361425
"428",428,"14:12:34","10/6/2022","00:30:51",-5.85216,272,87,47.6303329,-122.3989944,10,55.06,30.8833333333333,0.988888888888889,100,0,428,7.13333333333333,47.6303336576184,-122.398998955998,0.0805817202426876,272,4.74729608888889,47.6303766183797,-122.398969401038,2.20184013682359e-06,2.77274218240875,1.21198378098787,3.36051855394031
"429",429,"14:12:35","10/6/2022","00:30:52",-5.85216,273,87,47.6303329,-122.3989944,10,55.06,30.9,0.985,100,0,429,7.15,47.6303335991551,-122.399000136348,0.0889159158351816,273,4.76474938333333,47.6303766738293,-122.398970459067,1.05948100281538e-06,2.76183814011838,1.20721755263567,3.33413948028955
"430",430,"14:12:36","10/6/2022","00:30:53",-5.85216,274,87,47.6303329,-122.3989944,10,55.06,30.9166666666667,0.974333333333333,100,0,430,7.16666666666667,47.6303335874849,-122.39900144147,0.0980607460293224,274,4.78220267777778,47.6303767345178,-122.398971326948,8.70000000929849e-07,2.73192990983622,1.19414446915535,3.26231899195099
"431",431,"14:12:37","10/6/2022","00:30:54",-5.82168,276,87,47.6303329,-122.3989944,10,55.06,30.9333333333333,0.964444444444444,100,0,431,7.18333333333333,47.6303336288804,-122.399002878439,0.108055636889695,276,4.81710926666667,47.6303768575605,-122.398972497615,1.17711511910337e-06,2.70420248801213,1.18202463134547,3.19643394897604
"432",432,"14:12:38","10/6/2022","00:30:55",-5.82168,276,87,47.6303329,-122.3989944,10,55.08,30.95,0.9764,100,0,432,7.2,47.6303337297918,-122.399004454478,0.118935830185345,276,4.81710926666667,47.6303769447906,-122.398973327549,8.34505845627004e-07,2.73772462945339,1.19667737907966,3.27617313421611
"433",433,"14:12:39","10/6/2022","00:30:56",-5.85216,276,87,47.6303329,-122.3989944,10,55.06,30.9666666666667,0.986,100,0,433,7.21666666666667,47.6303338968469,-122.399006176962,0.130733131921114,276,4.81710926666667,47.630377139251,-122.398975177707,1.86034943699457e-06,2.76464203670733,1.20844315421195,3.34091274310555
"434",434,"14:12:40","10/6/2022","00:30:57",-5.88264,275,87,47.6303329,-122.3989944,10,55.06,30.9833333333333,0.974777777777778,100,0,434,7.23333333333333,47.6303341368509,-122.399008053411,0.143476623074923,275,4.79965597222222,47.6303772187736,-122.398976086649,9.12414369765108e-07,2.73317608609798,1.19468918096703,3.26529589973906
"435",435,"14:12:41","10/6/2022","00:30:58",-5.85216,271,87,47.6303329,-122.3989944,10,55.06,31,0.955333333333333,100,0,435,7.25,47.630334456787,-122.399010091498,0.157193414924404,271,4.72984279444444,47.6303772187736,-122.398976086649,0,2.67865587464612,1.17085803920603,3.13632576509587
"436",436,"14:12:42","10/6/2022","00:30:59",-5.82168,272,87,47.6303329,-122.3989944,10,55.06,31.0166666666667,0.949666666666667,100,0,436,7.26666666666667,47.6303348638157,-122.399012299043,0.171908957227938,272,4.74729608888889,47.6303772382709,-122.398976644968,5.58659110010752e-07,2.66276712730872,1.16391296360711,3.09922917854149
"437",437,"14:12:43","10/6/2022","00:31:00",-5.82168,272,87,47.6303329,-122.3989944,10,55.06,31.0333333333333,0.969666666666667,100,0,437,7.28333333333333,47.6303353652753,-122.399014684016,0.187647630893015,272,4.74729608888889,47.6303772816874,-122.398977888236,1.24402571955866e-06,2.71884505908778,1.18842499513271,3.23114342611298
"438",438,"14:12:44","10/6/2022","00:31:01",-5.85216,272,87,47.6303329,-122.3989944,10,55.06,31.05,0.987333333333333,100,0,438,7.3,47.6303359686816,-122.399017254536,0.204432903394048,272,4.74729608888889,47.6303773349416,-122.398979413216,1.52590956143382e-06,2.7683805654926,1.21007728964699,3.34995445140268
"439",439,"14:12:45","10/6/2022","00:31:02",-5.88264,272,87,47.6303329,-122.3989944,10,55.06,31.0666666666667,0.979111111111111,100,0,439,7.31666666666667,47.630336681728,-122.399020018873,0.22228770916825,272,4.74729608888889,47.6303773349416,-122.398979413216,0,2.7453263046501,1.20000012113091,3.29439189812399
"440",440,"14:12:46","10/6/2022","00:31:03",-5.88264,272,87,47.6303329,-122.3989944,10,55.06,31.0833333333333,0.954888888888889,100,0,440,7.33333333333333,47.6303375122856,-122.399022985442,0.241234538447425,272,4.74729608888889,47.6303773886196,-122.39898095033,1.53805071062088e-06,2.67740969838436,1.17031332739435,3.13340825291411
"441",441,"14:12:47","10/6/2022","00:31:04",-5.82168,273,87,47.63034245,-122.39903255,10,55.06,31.1,0.947222222222222,100,3.05637839437307,441,7.35,47.6303384684031,-122.399026162812,0.261295582119758,273,4.76474938333333,47.6303774467791,-122.398982060067,1.11126054768077e-06,2.65591315786906,1.16091704864287,3.08329486468511
"442",442,"14:12:48","10/6/2022","00:31:05",-5.7912,272,87,47.630352,-122.3990707,10,55.06,31.1166666666667,0.9624,100,3.05637789680253,442,7.36666666666667,47.6303395583067,-122.399029559698,0.282492908538265,272,4.74729608888889,47.6303775201522,-122.398984161166,2.10237960642541e-06,2.69847007720805,1.17951895701174,3.18289661099583
"443",443,"14:12:49","10/6/2022","00:31:06",-5.85216,272,86,47.630352,-122.3990707,10,55.06,31.1333333333333,0.979777777777778,100,0,443,7.38333333333333,47.6303407904004,-122.399033184966,0.304848396800866,272,4.74729608888889,47.6303775726695,-122.398985665042,1.50479234092821e-06,2.74719556904274,1.20081718884843,3.29887966043476
"444",444,"14:12:50","10/6/2022","00:31:07",-5.88264,272,86,47.630352,-122.3990707,10,55.06,31.15,0.981777777777778,100,0,444,7.4,47.6303421732657,-122.399037047629,0.328383918886348,272,4.74729608888889,47.6303776413268,-122.3989876311,1.96725697614105e-06,2.75280336222065,1.20326839200099,3.31236127515415
"445",445,"14:12:51","10/6/2022","00:31:08",-5.85216,273,86,47.6303558,-122.3990707,10,55.08,31.1666666666667,0.955555555555555,100,0.422337467612797,445,7.41666666666667,47.6303437156618,-122.399041156852,0.353121321566374,273,4.76474938333333,47.6303777307426,-122.398989337238,1.70847885484042e-06,2.679278962777,1.17113039511187,3.13778503029194
"446",446,"14:12:52","10/6/2022","00:31:09",-5.82168,275,86,47.6303558,-122.3990707,10,55.06,31.1833333333333,0.941333333333333,100,0,446,7.43333333333333,47.6303454265253,-122.399045521948,0.379082410083727,275,4.79965597222222,47.6303778076626,-122.398990216433,8.82553111087276e-07,2.63940132240078,1.15369961713811,3.04507629512761
"447",447,"14:12:53","10/6/2022","00:31:10",-5.82168,271,86,47.6303558,-122.3990707,10,55.06,31.2,0.958666666666667,100,0,447,7.45,47.6303473149705,-122.399050152378,0.406289055128967,271,4.72984279444444,47.6303778190592,-122.398990869326,6.52993111796892e-07,2.6880021966093,1.17494337779363,3.15825038040082
"448",448,"14:12:54","10/6/2022","00:31:11",-5.85216,272,86,47.6303558,-122.3990707,10,55.06,31.2166666666667,0.976666666666667,100,0,448,7.46666666666667,47.6303493902897,-122.399055057755,0.434763157547172,272,4.74729608888889,47.6303779191444,-122.398993735348,2.86776916988652e-06,2.73847233521044,1.19700420616667,3.27796290371796
"449",449,"14:12:55","10/6/2022","00:31:12",-5.85216,274,86,47.6303558,-122.3990707,10,55.06,31.2333333333333,0.967444444444444,100,0,449,7.48333333333333,47.6303516619521,-122.399060247838,0.464526584736657,274,4.78220267777778,47.6303779970384,-122.398994849275,1.11664676739008e-06,2.71261417777899,1.18570143607431,3.21635052610808
"450",450,"14:12:56","10/6/2022","00:31:13",-5.85216,276,86,47.6303558,-122.3990707,10,55.06,31.25,0.946444444444444,100,0,450,7.5,47.6303541396051,-122.399065732538,0.495601352287312,276,4.81710926666667,47.6303780503379,-122.398995356384,5.09901951744087e-07,2.65373234941098,1.15996380297243,3.07823346809373
"451",451,"14:12:57","10/6/2022","00:31:14",-5.85216,271,86,47.6303558,-122.3990707,10,55.06,31.2666666666667,0.946444444444444,100,0,451,7.51666666666667,47.6303568330735,-122.399071521914,0.528009422387129,271,4.72984279444444,47.6303780592372,-122.398995866208,5.09901951744087e-07,2.65373234941098,1.15996380297243,3.07823346809373
"452",452,"14:12:58","10/6/2022","00:31:15",-5.82168,272,86,47.6303558,-122.3990707,10,55.06,31.2833333333333,0.961,100,0,452,7.53333333333333,47.6303597523596,-122.399077626173,0.561772852061537,272,4.74729608888889,47.6303780870348,-122.398996662215,7.96492310492267e-07,2.69454462198352,1.17780311480495,3.17364304875311
"453",453,"14:12:59","10/6/2022","00:31:16",-5.82168,274,86,47.6303558,-122.3990707,10,55.06,31.3,0.962888888888889,100,0,453,7.55,47.6303629076437,-122.399084055674,0.596913764378576,274,4.78220267777778,47.6303780870348,-122.398996662215,0,2.69984087109598,1.18011814000459,3.18613118710616
"454",454,"14:13:00","10/6/2022","00:31:17",-5.85216,275,86,47.6303558,-122.3990707,10,55.06,31.3166666666667,0.946555555555555,100,0,454,7.56666666666667,47.6303663092832,-122.399090820922,0.633454202383399,275,4.79965597222222,47.6303782526799,-122.398998555535,1.900552544473e-06,2.65404389347642,1.16009998092535,3.07895627019704
"455",455,"14:13:01","10/6/2022","00:31:18",-5.85216,272,86,47.6303558,-122.3990707,10,55.06,31.3333333333333,0.93,100,0,455,7.58333333333333,47.6303699678135,-122.399097932575,0.671416428689499,272,4.74729608888889,47.6303782806544,-122.398999356608,8.01560972056397e-07,2.60762382772598,1.13980946594027,2.97219432245349
