time,date,flight_time,depth,heading,battery_remaining,lat,lon,satellite_count,temp,seq,avg_dist,avg_conf,EucDIS,clock,clock_min,lat_smooth,lon_smooth,EucSmooth,heading_degrees,radians,sim_x,sim_y,sim_steps,width,height,area
13:50:40,10/6/2022,0:08:57,-6.52272,263,97,47.630268,-122.3982391,10,55.13,8.983333333,0.933333333,100,NA,1,0.016666667,47.63027742,-122.398237,NA,275,4.799655972,47.630268,-122.3982391,0,2.616970149,1.143894804,2.993538556
13:50:41,10/6/2022,0:08:58,-6.52272,263,97,47.630268,-122.3982391,10,55.13,9,0.935222222,100,0,2,0.033333333,47.63027546,-122.3982399,0,275,4.799655972,47.630268,-122.3982391,0,2.622266398,1.146209829,3.005667521
13:50:42,10/6/2022,0:08:59,-6.5532,263,97,47.630268,-122.3982391,10,55.11,9.016666667,0.941111111,100,0,3,0.05,47.63027371,-122.3982426,0,275,4.799655972,47.63026819,-122.3982413,2.21E-06,2.638778234,1.153427261,3.043638751
13:50:43,10/6/2022,0:09:00,-6.52272,263,97,47.6302642,-122.3982467,10,55.13,9.033333333,0.936111111,100,0.710201445,4,0.066666667,47.63027215,-122.3982454,0.710201445,275,4.799655972,47.63026829,-122.3982424,1.14E-06,2.624758751,1.147299253,3.011383755
13:50:44,10/6/2022,0:09:01,-6.49224,263,97,47.6302642,-122.3982467,10,55.11,9.05,0.928777778,100,0,5,0.083333333,47.63027077,-122.398248,0,275,4.799655972,47.63026855,-122.3982454,2.96E-06,2.604196844,1.138311509,2.964387238
13:50:45,10/6/2022,0:09:02,-6.46176,263,97,47.630268,-122.3982543,10,55.13,9.066666667,0.937666667,100,0.710201443,6,0.1,47.63026956,-122.3982506,0.710201443,275,4.799655972,47.63026861,-122.3982461,7.06E-07,2.629120369,1.149205745,3.021400233
13:50:46,10/6/2022,0:09:03,-6.46176,263,97,47.630268,-122.3982543,10,55.11,9.083333333,0.960888889,100,0,7,0.116666667,47.63026852,-122.3982532,0,275,4.799655972,47.63026875,-122.3982477,1.59E-06,2.694233078,1.177666937,3.172909217
13:50:47,10/6/2022,0:09:04,-6.46176,263,97,47.6302719,-122.3982543,10,55.11,9.1,0.987222222,100,0.433451636,8,0.133333333,47.63026764,-122.3982557,0.433451636,275,4.799655972,47.63026881,-122.3982483,6.72E-07,2.768069021,1.209941111,3.349200508
13:50:48,10/6/2022,0:09:05,-6.46176,263,97,47.6302719,-122.3982543,10,55.11,9.116666667,0.9858,100,0,9,0.15,47.6302669,-122.3982581,0,275,4.799655972,47.63026891,-122.3982495,1.15E-06,2.764081257,1.208198034,3.339557541
13:50:49,10/6/2022,0:09:06,-6.46176,263,97,47.6302719,-122.398262,10,55.11,9.133333333,0.969444444,100,0.578491919,10,0.166666667,47.63026631,-122.3982605,0.578491919,275,4.799655972,47.63026899,-122.3982504,9.22E-07,2.71822197,1.188152639,3.229662606
13:50:50,10/6/2022,0:09:07,-6.46176,263,97,47.6302719,-122.398262,10,55.11,9.15,0.957444444,100,0,11,0.183333333,47.63026585,-122.3982628,0,275,4.799655972,47.63026903,-122.3982509,5.12E-07,2.684575211,1.17344542,3.150202485
13:50:51,10/6/2022,0:09:08,-6.46176,263,97,47.6302719,-122.398262,10,55.11,9.166666667,0.958,100,0,12,0.2,47.63026553,-122.3982651,0,275,4.799655972,47.63026928,-122.3982538,2.85E-06,2.686132932,1.17412631,3.153859348
13:50:52,10/6/2022,0:09:09,-6.46176,264,97,47.630268,-122.3982696,10,55.13,9.183333333,0.967333333,100,0.71686638,13,0.216666667,47.63026532,-122.3982674,0.71686638,276,4.817109267,47.6302694,-122.3982548,1.10E-06,2.712302633,1.185565258,3.21561177
13:50:53,10/6/2022,0:09:10,-6.46176,264,97,47.630268,-122.3982696,10,55.13,9.2,0.966222222,100,0,14,0.233333333,47.63026522,-122.3982696,0,276,4.817109267,47.6302696,-122.3982568,1.94E-06,2.709187192,1.184203478,3.208228897
13:50:54,10/6/2022,0:09:11,-6.46176,264,97,47.630268,-122.3982696,10,55.13,9.216666667,0.960666667,100,0,15,0.25,47.63026523,-122.3982718,0,276,4.817109267,47.63026966,-122.3982574,5.98E-07,2.693609991,1.177394581,3.171441807
13:50:55,10/6/2022,0:09:12,-6.46176,264,97,47.630268,-122.3982772,10,55.11,9.233333333,0.965222222,100,0.570979078,16,0.266666667,47.63026534,-122.3982739,0.570979078,276,4.817109267,47.63026981,-122.3982588,1.41E-06,2.706383296,1.182977877,3.201591565
13:50:56,10/6/2022,0:09:13,-6.46176,264,97,47.630268,-122.3982772,10,55.11,9.25,0.968444444,100,0,17,0.283333333,47.63026555,-122.398276,0,276,4.817109267,47.63026998,-122.3982604,1.66E-06,2.715418073,1.186927037,3.223003128
13:50:57,10/6/2022,0:09:14,-6.49224,264,97,47.630268,-122.3982772,10,55.11,9.266666667,0.965888889,100,0,18,0.3,47.63026584,-122.398278,0,276,4.817109267,47.63027024,-122.3982629,2.44E-06,2.708252561,1.183794945,3.206015691
13:50:58,10/6/2022,0:09:15,-6.49224,264,97,47.6302757,-122.3982772,10,55.13,9.283333333,0.956,100,0.855789126,19,0.316666667,47.63026621,-122.3982801,0.855789126,276,4.817109267,47.63027039,-122.3982643,1.48E-06,2.680525139,1.171675107,3.140704579
13:50:59,10/6/2022,0:09:16,-6.46176,264,97,47.6302757,-122.3982772,10,55.11,9.3,0.943111111,100,0,20,0.333333333,47.63026666,-122.3982821,0,276,4.817109267,47.63027046,-122.398265,6.71E-07,2.644386027,1.155878464,3.05658886
13:51:00,10/6/2022,0:09:17,-6.43128,264,97,47.6302795,-122.3982772,10,55.11,9.316666667,0.942555556,100,0.422337492,21,0.35,47.63026717,-122.398284,0.422337492,276,4.817109267,47.63027059,-122.3982662,1.18E-06,2.642828308,1.155197575,3.052988853
13:51:01,10/6/2022,0:09:18,-6.43128,263,97,47.6302795,-122.3982849,10,55.11,9.333333333,0.950222222,100,0.578491834,22,0.366666667,47.63026775,-122.398286,0.578491834,275,4.799655972,47.63027065,-122.3982669,6.86E-07,2.664324847,1.164593853,3.102856339
13:51:02,10/6/2022,0:09:19,-6.43128,264,97,47.6302757,-122.3982849,10,55.11,9.35,0.96,100,0.422337491,23,0.383333333,47.63026838,-122.3982879,0.422337491,276,4.817109267,47.63027077,-122.398268,1.16E-06,2.691740725,1.176577513,3.167041609
13:51:03,10/6/2022,0:09:20,-6.43128,264,97,47.6302757,-122.3982925,10,55.11,9.366666667,0.959222222,100,0.570978996,24,0.4,47.63026906,-122.3982898,0.570978996,276,4.817109267,47.63027099,-122.3982702,2.16E-06,2.689559916,1.175624267,3.161911906
13:51:04,10/6/2022,0:09:21,-6.43128,264,97,47.6302719,-122.3982925,10,55.11,9.383333333,0.964555556,100,0.422337492,25,0.416666667,47.6302698,-122.3982916,0.422337492,276,4.817109267,47.63027104,-122.3982706,4.15E-07,2.704514033,1.18216081,3.1971705
13:51:05,10/6/2022,0:09:22,-6.43128,264,97,47.6302719,-122.3983001,10,55.11,9.4,0.971222222,100,0.570979037,26,0.433333333,47.63027057,-122.3982935,0.570979037,276,4.817109267,47.63027139,-122.3982739,3.38E-06,2.723206675,1.190331486,3.241518649
13:51:06,10/6/2022,0:09:23,-6.43128,264,97,47.6302719,-122.3983001,10,55.11,9.416666667,0.967111111,100,0,27,0.45,47.63027138,-122.3982953,0,276,4.817109267,47.63027154,-122.3982754,1.43E-06,2.711679545,1.185292902,3.214134518
13:51:07,10/6/2022,0:09:24,-6.43128,264,97,47.6302719,-122.3983001,10,55.11,9.433333333,0.962777778,100,0,28,0.466666667,47.63027222,-122.3982971,0,276,4.817109267,47.63027159,-122.3982758,4.31E-07,2.699529328,1.179981962,3.185395913
13:51:08,10/6/2022,0:09:25,-6.4008,264,97,47.6302719,-122.3983001,10,55.11,9.45,0.96,100,0,29,0.483333333,47.63027308,-122.3982989,0,276,4.817109267,47.63027183,-122.3982781,2.31E-06,2.691740725,1.176577513,3.167041609
13:51:09,10/6/2022,0:09:26,-6.43128,264,97,47.6302719,-122.3983078,10,55.11,9.466666667,0.968666667,100,0.578491916,30,0.5,47.63027397,-122.3983007,0.578491916,276,4.817109267,47.63027195,-122.3982792,1.14E-06,2.716041163,1.187199394,3.224482423
13:51:10,10/6/2022,0:09:27,-6.43128,264,96,47.6302719,-122.3983078,10,55.11,9.483333333,0.975777778,100,0,31,0.516666667,47.63027487,-122.3983025,0,276,4.817109267,47.63027208,-122.3982804,1.24E-06,2.735979983,1.195914783,3.271998908
13:51:11,10/6/2022,0:09:28,-6.43128,264,96,47.6302719,-122.3983078,10,55.11,9.5,0.960222222,100,0,32,0.533333333,47.63027579,-122.3983042,0,276,4.817109267,47.63027219,-122.3982816,1.13E-06,2.692363813,1.176849869,3.168508
13:51:12,10/6/2022,0:09:29,-6.4008,264,96,47.6302719,-122.3983154,10,55.11,9.516666667,0.949888889,100,0.570979036,33,0.55,47.63027672,-122.3983059,0.570979036,276,4.817109267,47.63027236,-122.3982832,1.62E-06,2.663390216,1.16418532,3.10067979
13:51:13,10/6/2022,0:09:30,-6.4008,264,96,47.6302719,-122.3983154,10,55.13,9.533333333,0.951555556,100,0,34,0.566666667,47.63027765,-122.3983077,0,276,4.817109267,47.63027251,-122.3982846,1.40E-06,2.668063378,1.166227989,3.111570188
13:51:14,10/6/2022,0:09:31,-6.43128,264,96,47.6302757,-122.3983078,10,55.11,9.55,0.956666667,100,0.710201374,35,0.583333333,47.63027859,-122.3983094,0.710201374,276,4.817109267,47.63027257,-122.3982851,5.66E-07,2.682394404,1.172492175,3.14508645
13:51:15,10/6/2022,0:09:32,-6.43128,264,96,47.6302795,-122.3983078,10,55.11,9.566666667,0.948666667,100,0.42233749,36,0.6,47.63027952,-122.3983111,0.42233749,276,4.817109267,47.63027257,-122.3982851,0,2.659963232,1.162687362,3.092705634
13:51:16,10/6/2022,0:09:33,-6.43128,264,96,47.6302795,-122.3983078,10,55.11,9.583333333,0.94,100,0,37,0.616666667,47.63028044,-122.3983128,0,276,4.817109267,47.63027282,-122.3982876,2.45E-06,2.635662794,1.152065482,3.036456126
13:51:17,10/6/2022,0:09:34,-6.43128,264,96,47.630268,-122.398323,10,55.11,9.6,0.9409,100,1.713964931,38,0.633333333,47.63028136,-122.3983145,1.713964931,276,4.817109267,47.63027301,-122.3982893,1.74E-06,2.638186301,1.153168523,3.0422734
13:51:18,10/6/2022,0:09:35,-6.43128,264,96,47.630268,-122.398323,10,55.13,9.616666667,0.942,100,0,39,0.65,47.63028226,-122.3983162,0,276,4.817109267,47.63027319,-122.3982911,1.78E-06,2.641270587,1.154516685,3.049390962
13:51:19,10/6/2022,0:09:36,-6.43128,264,96,47.6302642,-122.398323,10,55.13,9.633333333,0.938,100,0.422337488,40,0.666666667,47.63028315,-122.3983179,0.422337488,276,4.817109267,47.63027329,-122.398292,9.38E-07,2.630055,1.149614279,3.023548782
13:51:20,10/6/2022,0:09:37,-6.4008,263,96,47.630268,-122.3983306,10,55.11,9.65,0.936666667,100,0.710201438,41,0.683333333,47.63028402,-122.3983196,0.710201438,275,4.799655972,47.6302734,-122.3982933,1.31E-06,2.626316473,1.147980144,3.014959161
13:51:21,10/6/2022,0:09:38,-6.43128,263,96,47.6302795,-122.3983154,10,55.13,9.666666667,0.942777778,100,1.713964928,42,0.7,47.63028487,-122.3983213,1.713964928,275,4.799655972,47.63027355,-122.398295,1.70E-06,2.643451396,1.155469931,3.054428601
13:51:22,10/6/2022,0:09:39,-6.37032,264,96,47.6302833,-122.3983154,10,55.11,9.683333333,0.941222222,100,0.422337491,43,0.716666667,47.6302857,-122.398323,0.422337491,276,4.817109267,47.63027364,-122.3982958,8.44E-07,2.639089778,1.153563439,3.04435748
13:51:23,10/6/2022,0:09:40,-6.33984,263,96,47.6302871,-122.3983154,10,55.11,9.7,0.940666667,100,0.42233749,44,0.733333333,47.6302865,-122.3983246,0.42233749,275,4.799655972,47.63027364,-122.3982958,0,2.637532059,1.15288255,3.040764685
13:51:24,10/6/2022,0:09:41,-6.33984,263,96,47.6302909,-122.3983154,10,55.11,9.716666667,0.968333333,100,0.422337492,45,0.75,47.63028727,-122.3983263,0.422337492,275,4.799655972,47.63027378,-122.3982975,1.62E-06,2.715106529,1.186790859,3.222263611
13:51:25,10/6/2022,0:09:42,-6.33984,264,96,47.6302871,-122.398323,10,55.11,9.733333333,0.997,100,0.71020124,46,0.766666667,47.63028802,-122.398328,0.71020124,276,4.817109267,47.63027378,-122.3982975,0,2.795484899,1.221924772,3.415872247
13:51:26,10/6/2022,0:09:43,-6.33984,263,96,47.6302871,-122.398323,10,55.11,9.75,1.005666667,100,0,47,0.783333333,47.63028873,-122.3983297,0,275,4.799655972,47.63027404,-122.3983004,2.93E-06,2.819785337,1.232546652,3.475516978
13:51:27,10/6/2022,0:09:44,-6.33984,264,96,47.6302909,-122.398323,10,55.11,9.766666667,1.0037,100,0.422337492,48,0.8,47.6302894,-122.3983314,0.422337492,276,4.817109267,47.63027414,-122.3983014,1.00E-06,2.814271006,1.230136302,3.461936929
13:51:28,10/6/2022,0:09:45,-6.33984,264,96,47.6302947,-122.398323,10,55.11,9.783333333,1.003222222,100,0.422337491,49,0.816666667,47.63029004,-122.3983331,0.422337491,276,4.817109267,47.63027427,-122.3983026,1.26E-06,2.812931366,1.229550737,3.458641833
13:51:29,10/6/2022,0:09:46,-6.33984,264,96,47.6302986,-122.398323,10,55.11,9.8,0.996777778,100,0.433451637,50,0.833333333,47.63029065,-122.3983348,0.433451637,276,4.817109267,47.63027451,-122.3983048,2.22E-06,2.794861812,1.221652416,3.414349684
13:51:30,10/6/2022,0:09:47,-6.33984,264,96,47.6302986,-122.398323,10,55.11,9.816666667,0.988222222,100,0,51,0.85,47.63029121,-122.3983365,0,276,4.817109267,47.63027451,-122.3983048,0,2.770872917,1.211166713,3.355989043
13:51:31,10/6/2022,0:09:48,-6.33984,264,96,47.6302947,-122.3983306,10,55.11,9.833333333,0.991444444,100,0.716866145,52,0.866666667,47.63029174,-122.3983383,0.716866145,276,4.817109267,47.63027458,-122.3983055,7.03E-07,2.779907695,1.215115873,3.377909966
13:51:32,10/6/2022,0:09:49,-6.33984,264,96,47.6302909,-122.3983383,10,55.11,9.85,0.990666667,100,0.716255253,53,0.883333333,47.63029222,-122.39834,0.716255253,276,4.817109267,47.63027473,-122.398307,1.45E-06,2.777726888,1.214162629,3.37261218
13:51:33,10/6/2022,0:09:50,-6.33984,264,96,47.6302909,-122.3983383,10,55.11,9.866666667,0.987,100,0,54,0.9,47.63029267,-122.3983417,0,276,4.817109267,47.63027484,-122.398308,1.04E-06,2.767445933,1.209668756,3.347692879
13:51:34,10/6/2022,0:09:51,-6.33984,266,96,47.6302871,-122.3983459,10,55.11,9.883333333,0.991,100,0.710201238,55,0.916666667,47.63029307,-122.3983434,0.710201238,278,4.852015856,47.63027491,-122.3983085,4.92E-07,2.77866152,1.214571162,3.374882151
13:51:35,10/6/2022,0:09:52,-6.33984,265,96,47.6302871,-122.3983459,10,55.11,9.9,0.985222222,100,0,56,0.933333333,47.63029343,-122.3983452,0,277,4.834562561,47.63027512,-122.3983102,1.74E-06,2.762461228,1.207489908,3.335644054
13:51:36,10/6/2022,0:09:53,-6.33984,265,96,47.6302871,-122.3983459,10,55.11,9.916666667,0.973555556,100,0,57,0.95,47.63029374,-122.3983469,0,277,4.834562561,47.63027512,-122.3983102,0,2.729749103,1.193191224,3.257112673
13:51:37,10/6/2022,0:09:54,-6.33984,265,96,47.6302909,-122.3983459,10,55.13,9.933333333,0.9649,100,0.422337491,58,0.966666667,47.63029402,-122.3983487,0.422337491,277,4.834562561,47.63027556,-122.3983138,3.56E-06,2.705479819,1.182582961,3.199454335
13:51:38,10/6/2022,0:09:55,-6.30936,265,96,47.6302871,-122.3983535,10,55.11,9.95,0.964555556,100,0.710201239,59,0.983333333,47.63029425,-122.3983505,0.710201239,277,4.834562561,47.63027579,-122.3983157,1.92E-06,2.704514033,1.18216081,3.1971705
13:51:39,10/6/2022,0:09:56,-6.33984,265,96,47.6302909,-122.3983535,10,55.11,9.966666667,0.972333333,100,0.422337489,60,1,47.63029443,-122.3983522,0.422337489,277,4.834562561,47.63027608,-122.3983181,2.40E-06,2.726322116,1.191693266,3.248939705
13:51:40,10/6/2022,0:09:57,-6.33984,265,96,47.6302871,-122.3983535,10,55.11,9.983333333,0.979111111,100,0.422337489,61,1.016666667,47.63029457,-122.398354,0.422337489,277,4.834562561,47.63027608,-122.3983181,0,2.745326304,1.200000121,3.294391897
13:51:41,10/6/2022,0:09:58,-6.33984,265,96,47.6302909,-122.3983612,10,55.09,10,0.970333333,100,0.716255283,62,1.033333333,47.63029467,-122.3983558,0.716255283,277,4.834562561,47.63027631,-122.3983199,1.90E-06,2.720714323,1.189242062,3.235587912
13:51:42,10/6/2022,0:09:59,-6.33984,265,96,47.6302947,-122.3983612,10,55.11,10.01666667,0.960888889,100,0.42233749,63,1.05,47.63029458,-122.3983574,0.42233749,277,4.834562561,47.63027652,-122.3983216,1.70E-06,2.694233078,1.177666937,3.172909217
13:51:43,10/6/2022,0:10:00,-6.30936,265,96,47.6302947,-122.3983612,10,55.09,10.03333333,0.961444444,100,0,64,1.066666667,47.63029445,-122.3983591,0,277,4.834562561,47.63027652,-122.3983216,0,2.695790797,1.178347826,3.176579225
13:51:44,10/6/2022,0:10:01,-6.33984,265,96,47.6302947,-122.3983688,10,55.11,10.05,0.970777778,100,0.570978785,65,1.083333333,47.63029425,-122.3983608,0.570978785,277,4.834562561,47.63027668,-122.3983229,1.31E-06,2.7219605,1.189786775,3.238552605
13:51:45,10/6/2022,0:10:02,-6.33984,265,96,47.6302947,-122.3983688,10,55.11,10.06666667,0.970333333,100,0,66,1.1,47.63029409,-122.3983627,0,277,4.834562561,47.63027686,-122.3983244,1.47E-06,2.720714323,1.189242062,3.235587912
13:51:46,10/6/2022,0:10:03,-6.33984,265,96,47.6302909,-122.3983764,10,55.11,10.08333333,0.9456,100,0.710201203,67,1.116666667,47.63029389,-122.3983645,0.710201203,277,4.834562561,47.63027698,-122.3983254,1.02E-06,2.651364615,1.158928851,3.072742945
13:51:47,10/6/2022,0:10:04,-6.33984,265,96,47.6302947,-122.3983764,10,55.11,10.1,0.919444444,100,0.422337489,68,1.133333333,47.63029365,-122.3983663,0.422337489,277,4.834562561,47.63027714,-122.3983266,1.24E-06,2.57802714,1.12687256,2.905108043
13:51:48,10/6/2022,0:10:05,-6.30936,265,96,47.6302909,-122.3983764,10,55.11,10.11666667,0.921666667,100,0.422337489,69,1.15,47.63029337,-122.3983682,0.422337489,277,4.834562561,47.63027722,-122.3983273,7.00E-07,2.584258024,1.12959612,2.919167836
13:51:49,10/6/2022,0:10:06,-6.2484,266,96,47.6302947,-122.3983764,10,55.11,10.13333333,0.938444444,100,0.422337489,70,1.166666667,47.63029305,-122.3983702,0.422337489,278,4.852015856,47.6302775,-122.3983293,2.03E-06,2.631301175,1.15015899,3.026414702
13:51:50,10/6/2022,0:10:07,-6.2484,265,96,47.6302947,-122.3983764,10,55.11,10.15,0.955333333,100,0,71,1.183333333,47.63029275,-122.3983723,0,277,4.834562561,47.63027761,-122.3983302,8.50E-07,2.678655874,1.170858039,3.136325763
13:51:51,10/6/2022,0:10:08,-6.2484,265,96,47.6302947,-122.3983764,10,55.11,10.16666667,0.982444444,100,0,72,1.2,47.6302924,-122.3983743,0,277,4.834562561,47.63027797,-122.3983331,2.94E-06,2.754672625,1.204085459,3.316861253
13:51:52,10/6/2022,0:10:09,-6.2484,265,96,47.6302947,-122.398384,10,55.11,10.18333333,1.015,100,0.570978783,73,1.216666667,47.63029208,-122.3983763,0.570978783,277,4.834562561,47.63027808,-122.398334,9.35E-07,2.845955038,1.2439856,3.540327085
13:51:53,10/6/2022,0:10:10,-6.2484,265,96,47.6302947,-122.398384,10,55.11,10.2,1.016222222,100,0,74,1.233333333,47.63029162,-122.3983786,0,277,4.834562561,47.6302782,-122.398335,9.55E-07,2.849382022,1.245483557,3.548858456
13:51:54,10/6/2022,0:10:11,-6.2484,265,96,47.6302986,-122.398384,10,55.11,10.21666667,1.008666667,100,0.433451634,75,1.25,47.63029129,-122.3983807,0.433451634,277,4.834562561,47.63027843,-122.3983369,1.91E-06,2.828197027,1.236223457,3.496283506
13:51:55,10/6/2022,0:10:12,-6.2484,265,96,47.6302986,-122.398384,10,55.11,10.23333333,1.001777778,100,0,76,1.266666667,47.63029103,-122.3983829,0,277,4.834562561,47.63027851,-122.3983375,6.38E-07,2.808881295,1.227780424,3.448689466
13:51:56,10/6/2022,0:10:13,-6.2484,265,96,47.6303024,-122.3983764,10,55.13,10.25,1.0042,100,0.710201136,77,1.283333333,47.63029084,-122.3983851,0.710201136,277,4.834562561,47.63027871,-122.3983392,1.65E-06,2.815672955,1.230749103,3.465386963
13:51:57,10/6/2022,0:10:14,-6.2484,265,96,47.6302986,-122.398384,10,55.09,10.26666667,1.012666667,100,0.710201136,78,1.3,47.63029071,-122.3983871,0.710201136,277,4.834562561,47.63027893,-122.3983409,1.79E-06,2.839412613,1.241125863,3.524068431
13:51:58,10/6/2022,0:10:15,-6.2484,265,96,47.6302947,-122.3983917,10,55.11,10.28333333,1.012777778,100,0.72286437,79,1.316666667,47.63029059,-122.3983891,0.72286437,277,4.834562561,47.63027905,-122.3983419,1.02E-06,2.839724157,1.241262041,3.524841804
13:51:59,10/6/2022,0:10:16,-6.2484,265,96,47.6302947,-122.3983917,10,55.11,10.3,1.019555556,100,0,80,1.333333333,47.63029055,-122.3983913,0,277,4.834562561,47.63027923,-122.3983434,1.51E-06,2.858728346,1.249568897,3.572178024
13:52:00,10/6/2022,0:10:17,-6.2484,265,96,47.6302947,-122.3983917,10,55.11,10.31666667,1.013555556,100,0,81,1.35,47.63029044,-122.3983933,0,277,4.834562561,47.63027941,-122.3983449,1.44E-06,2.841904966,1.242215287,3.530257793
13:52:01,10/6/2022,0:10:18,-6.2484,265,96,47.6302947,-122.3983993,10,55.11,10.33333333,0.982777778,100,0.570978782,82,1.366666667,47.63029032,-122.3983954,0.570978782,277,4.834562561,47.63027951,-122.3983457,8.54E-07,2.755607259,1.204493994,3.319112393
13:52:02,10/6/2022,0:10:19,-6.2484,265,96,47.6302986,-122.3983917,10,55.11,10.35,0.984666667,100,0.716866141,83,1.383333333,47.63029019,-122.3983975,0.716866141,277,4.834562561,47.63027975,-122.3983476,1.90E-06,2.760903509,1.206809019,3.331883256
13:52:03,10/6/2022,0:10:20,-6.2484,265,96,47.6302986,-122.3983917,10,55.13,10.36666667,1.001888889,100,0,84,1.4,47.63029013,-122.3983994,0,277,4.834562561,47.63027996,-122.3983493,1.73E-06,2.809192838,1.227916602,3.449454523
13:52:04,10/6/2022,0:10:21,-6.2484,265,96,47.6302986,-122.3983917,10,55.11,10.38333333,1.007555556,100,0,85,1.416666667,47.63029015,-122.3984013,0,277,4.834562561,47.63028009,-122.3983504,1.12E-06,2.825081587,1.234861678,3.488584988
13:52:05,10/6/2022,0:10:22,-6.2484,265,96,47.6302986,-122.3983917,10,55.11,10.4,1.001666667,100,0,86,1.433333333,47.63029019,-122.3984032,0,277,4.834562561,47.63028024,-122.3983517,1.23E-06,2.808569751,1.227644246,3.447924494
13:52:06,10/6/2022,0:10:23,-6.2484,265,96,47.6302986,-122.3983917,10,55.11,10.41666667,0.9879,100,0,87,1.45,47.63029026,-122.3984052,0,277,4.834562561,47.63028055,-122.3983541,2.48E-06,2.76996944,1.210771797,3.353800877
13:52:07,10/6/2022,0:10:24,-6.2484,265,96,47.6302986,-122.3983917,10,55.11,10.43333333,0.975222222,100,0,88,1.466666667,47.63029031,-122.3984072,0,277,4.834562561,47.63028087,-122.3983567,2.63E-06,2.734422262,1.195233893,3.268274164
13:52:08,10/6/2022,0:10:25,-6.2484,265,96,47.6302986,-122.3983993,10,55.11,10.45,0.970333333,100,0.570978739,89,1.483333333,47.63029042,-122.3984091,0.570978739,277,4.834562561,47.63028123,-122.3983597,3.00E-06,2.720714323,1.189242062,3.235587912
13:52:09,10/6/2022,0:10:26,-6.2484,265,96,47.6302947,-122.3983993,10,55.11,10.46666667,0.975111111,100,0.433451632,90,1.5,47.63029057,-122.398411,0.433451632,277,4.834562561,47.63028126,-122.39836,2.50E-07,2.734110718,1.195097715,3.267529471
13:52:10,10/6/2022,0:10:27,-6.2484,265,96,47.6302947,-122.3984069,10,55.11,10.48333333,0.973,100,0.570978783,91,1.516666667,47.63029082,-122.3984128,0.570978783,277,4.834562561,47.63028138,-122.3983609,9.45E-07,2.728191381,1.192510334,3.253396414
13:52:11,10/6/2022,0:10:28,-6.2484,265,96,47.6302909,-122.3984069,10,55.11,10.5,0.965,100,0.422337487,92,1.533333333,47.63029109,-122.3984145,0.422337487,277,4.834562561,47.63028158,-122.3983625,1.62E-06,2.705760208,1.182705521,3.200117537
13:52:12,10/6/2022,0:10:29,-6.2484,265,96,47.6302909,-122.3984069,10,55.11,10.51666667,0.963888889,100,0,93,1.55,47.6302915,-122.3984161,0,277,4.834562561,47.63028177,-122.3983641,1.61E-06,2.702644768,1.181343742,3.192752483
13:52:13,10/6/2022,0:10:30,-6.2484,265,96,47.6302909,-122.3984069,10,55.11,10.53333333,0.967,100,0,94,1.566666667,47.63029191,-122.3984178,0,277,4.834562561,47.63028186,-122.3983648,6.90E-07,2.711368002,1.185156724,3.213396019
13:52:14,10/6/2022,0:10:31,-6.27888,265,96,47.6302795,-122.3984298,10,55.11,10.55,0.973222222,100,2.136648586,95,1.583333333,47.63029223,-122.3984195,2.136648586,277,4.834562561,47.63028198,-122.3983658,1.00E-06,2.728814469,1.192782689,3.254882661
13:52:15,10/6/2022,0:10:32,-6.27888,265,96,47.6302795,-122.3984298,10,55.11,10.56666667,0.971,100,0,96,1.6,47.63029253,-122.3984212,0,277,4.834562561,47.63028198,-122.3983658,0,2.722583588,1.190059131,3.240035457
13:52:16,10/6/2022,0:10:33,-6.2484,265,96,47.6302795,-122.3984298,10,55.11,10.58333333,0.9608,100,0,97,1.616666667,47.63029275,-122.398423,0,277,4.834562561,47.63028217,-122.3983673,1.54E-06,2.693983843,1.177557994,3.172322211
13:52:17,10/6/2022,0:10:34,-6.21792,265,96,47.6302719,-122.3984451,10,55.11,10.6,0.953555556,100,1.426449809,98,1.633333333,47.63029296,-122.3984247,1.426449809,277,4.834562561,47.63028233,-122.3983687,1.37E-06,2.673671171,1.168679193,3.124663865
13:52:18,10/6/2022,0:10:35,-6.2484,265,96,47.6302719,-122.3984451,10,55.11,10.61666667,0.948666667,100,0,99,1.65,47.63029339,-122.398426,0,277,4.834562561,47.63028253,-122.3983703,1.64E-06,2.659963232,1.162687362,3.092705634
13:52:19,10/6/2022,0:10:36,-6.2484,265,96,47.6302795,-122.3984298,10,55.11,10.63333333,0.938,100,1.426449809,100,1.666666667,47.63029411,-122.3984271,1.426449809,277,4.834562561,47.63028264,-122.3983712,8.90E-07,2.630055,1.149614279,3.023548782
13:52:20,10/6/2022,0:10:37,-6.2484,265,96,47.6302795,-122.3984298,10,55.11,10.65,0.928444444,100,0,101,1.683333333,47.63029487,-122.3984281,0,277,4.834562561,47.63028264,-122.3983712,0,2.60326221,1.137902974,2.962259811
13:52:21,10/6/2022,0:10:38,-6.2484,265,96,47.6302757,-122.3984451,10,55.11,10.66666667,0.933777778,100,1.224602836,102,1.7,47.63029574,-122.3984292,1.224602836,277,4.834562561,47.63028296,-122.3983738,2.60E-06,2.618216327,1.144439517,2.996390227
13:52:22,10/6/2022,0:10:39,-6.21792,265,96,47.6302757,-122.3984451,10,55.11,10.68333333,0.947666667,100,0,103,1.716666667,47.6302966,-122.3984302,0,277,4.834562561,47.63028317,-122.3983755,1.73E-06,2.657159335,1.161461761,3.08618896
13:52:23,10/6/2022,0:10:40,-6.2484,265,96,47.6302757,-122.3984451,10,55.09,10.7,0.949333333,100,0,104,1.733333333,47.63029731,-122.3984313,0,277,4.834562561,47.63028344,-122.3983777,2.20E-06,2.661832494,1.163504429,3.097053897
13:52:24,10/6/2022,0:10:41,-6.27888,265,96,47.6302757,-122.3984451,10,55.09,10.71666667,0.933333333,100,0,105,1.75,47.63029786,-122.398433,0,277,4.834562561,47.63028363,-122.3983792,1.58E-06,2.616970149,1.143894804,2.993538556
13:52:25,10/6/2022,0:10:42,-6.2484,265,96,47.6302833,-122.3984298,10,55.11,10.73333333,0.909666667,100,1.426449742,106,1.766666667,47.63029829,-122.3984347,1.426449742,277,4.834562561,47.63028379,-122.3983805,1.30E-06,2.550611265,1.114888901,2.84364819
13:52:26,10/6/2022,0:10:43,-6.21792,265,96,47.6302833,-122.3984298,10,55.09,10.75,0.9054,100,0,107,1.783333333,47.6302986,-122.3984364,0,277,4.834562561,47.63028402,-122.3983824,1.89E-06,2.538647972,1.109659667,2.817035263
13:52:27,10/6/2022,0:10:44,-6.06552,265,96,47.6302833,-122.3984375,10,55.09,10.76666667,0.92575,100,0.578491786,108,1.8,47.63029876,-122.3984384,0.578491786,277,4.834562561,47.63028422,-122.398384,1.62E-06,2.595707267,1.134600659,2.945091177
13:52:28,10/6/2022,0:10:45,-6.06552,265,96,47.6302871,-122.3984375,10,55.09,10.78333333,0.9879,100,0.422337486,109,1.816666667,47.63029887,-122.3984402,0.422337486,277,4.834562561,47.63028461,-122.3983872,3.20E-06,2.76996944,1.210771797,3.353800877
13:52:29,10/6/2022,0:10:46,-6.096,265,96,47.6302909,-122.3984298,10,55.09,10.8,1.048555556,100,0.716255281,110,1.833333333,47.63029886,-122.398442,0.716255281,277,4.834562561,47.63028477,-122.3983885,1.31E-06,2.940041347,1.285111342,3.778280481
13:52:30,10/6/2022,0:10:47,-6.15696,265,96,47.6302909,-122.3984298,10,55.11,10.81666667,1.047777778,100,0,111,1.85,47.6302988,-122.3984438,0,277,4.834562561,47.63028509,-122.3983911,2.64E-06,2.937860538,1.284158096,3.772677395
13:52:31,10/6/2022,0:10:48,-6.096,265,96,47.6302909,-122.3984375,10,55.11,10.83333333,1.036666667,100,0.578491702,112,1.866666667,47.63029867,-122.3984456,0.578491702,277,4.834562561,47.63028509,-122.3983911,0,2.906706131,1.270540301,3.693087284
13:52:32,10/6/2022,0:10:49,-6.03504,265,96,47.6302909,-122.3984527,10,55.09,10.85,1.039111111,100,1.141957643,113,1.883333333,47.63029851,-122.3984474,1.141957643,277,4.834562561,47.63028532,-122.398393,1.94E-06,2.9135601,1.273536216,3.710524303
13:52:33,10/6/2022,0:10:50,-6.06552,265,96,47.6302871,-122.3984527,10,55.09,10.86666667,1.064666667,100,0.422337487,114,1.9,47.63029835,-122.3984492,0.422337487,277,4.834562561,47.63028553,-122.3983947,1.70E-06,2.985215236,1.304857145,3.895279431
13:52:34,10/6/2022,0:10:51,-6.096,266,96,47.6302871,-122.3984527,10,55.09,10.88333333,1.078222222,100,0,115,1.916666667,47.6302984,-122.3984507,0,278,4.852015856,47.63028561,-122.3983953,5.41E-07,3.02322361,1.321470855,3.995101889
13:52:35,10/6/2022,0:10:52,-6.12648,265,96,47.63031765,-122.3984604,10,55.11,10.9,1.060222222,100,3.443670348,116,1.933333333,47.63029847,-122.3984523,3.443670348,277,4.834562561,47.6302858,-122.3983968,1.60E-06,2.972753472,1.299410026,3.862825668
13:52:36,10/6/2022,0:10:53,-6.096,265,96,47.6303482,-122.398468,10,55.11,10.91666667,1.037222222,100,3.443670309,117,1.95,47.63029857,-122.3984537,3.443670309,277,4.834562561,47.63028608,-122.3983991,2.31E-06,2.90826385,1.27122119,3.697046633
13:52:37,10/6/2022,0:10:54,-6.03504,265,96,47.6303482,-122.398468,10,55.09,10.93333333,1.045444444,100,0,118,1.966666667,47.63029865,-122.3984552,0,277,4.834562561,47.63028619,-122.3984,9.20E-07,2.93131811,1.281298358,3.755893083
13:52:38,10/6/2022,0:10:55,-6.06552,265,96,47.6303367,-122.398468,10,55.09,10.95,1.0605,100,1.278126613,119,1.983333333,47.63029876,-122.3984568,1.278126613,277,4.834562561,47.63028649,-122.3984024,2.41E-06,2.973532333,1.299750472,3.864850052
13:52:39,10/6/2022,0:10:56,-6.096,265,96,47.6303367,-122.398468,10,55.09,10.96666667,1.050111111,100,0,120,2,47.63029879,-122.3984584,0,277,4.834562561,47.6302867,-122.3984042,1.73E-06,2.944402962,1.287017833,3.78949912
13:52:40,10/6/2022,0:10:57,-6.096,265,96,47.6303253,-122.398468,10,55.09,10.98333333,1.037222222,100,1.267012467,121,2.016666667,47.63029884,-122.39846,1.267012467,277,4.834562561,47.63028698,-122.3984065,2.32E-06,2.90826385,1.27122119,3.697046633
13:52:41,10/6/2022,0:10:58,-6.096,265,96,47.6303138,-122.3984603,10,55.09,11,1.032666667,100,1.402946863,122,2.033333333,47.63029882,-122.3984615,1.402946863,277,4.834562561,47.63028724,-122.3984086,2.16E-06,2.895490545,1.265637895,3.664642558
13:52:42,10/6/2022,0:10:59,-6.06552,265,96,47.6303176,-122.3984527,10,55.09,11.01666667,1.038888889,100,0.710200998,123,2.05,47.63029883,-122.398463,0.710200998,277,4.834562561,47.63028758,-122.3984113,2.77E-06,2.912937012,1.27326386,3.708937424
13:52:43,10/6/2022,0:11:00,-6.06552,265,96,47.6303138,-122.3984527,10,55.09,11.03333333,1.050222222,100,0.422337487,124,2.066666667,47.63029877,-122.3984645,0.422337487,277,4.834562561,47.6302877,-122.3984123,9.77E-07,2.944714506,1.287154011,3.790301087
13:52:44,10/6/2022,0:11:01,-6.096,265,96,47.6303138,-122.3984527,10,55.09,11.05,1.045888889,100,0,125,2.083333333,47.63029868,-122.3984661,0,277,4.834562561,47.630288,-122.3984147,2.42E-06,2.932564288,1.281843071,3.759087213
13:52:45,10/6/2022,0:11:02,-6.12648,265,96,47.63031,-122.3984527,10,55.09,11.06666667,1.027111111,100,0.422337489,126,2.1,47.63029855,-122.3984677,0.422337489,277,4.834562561,47.63028831,-122.3984172,2.55E-06,2.879913341,1.258828997,3.625318421
13:52:46,10/6/2022,0:11:03,-6.06552,265,96,47.63031,-122.3984603,10,55.11,11.08333333,1.018666667,100,0.570978612,127,2.116666667,47.63029839,-122.3984692,0.570978612,277,4.834562561,47.63028844,-122.3984183,1.10E-06,2.856235993,1.248479473,3.565952007
13:52:47,10/6/2022,0:11:04,-6.03504,265,96,47.6303062,-122.3984603,10,55.09,11.1,1.028666667,100,0.422337487,128,2.133333333,47.63029835,-122.3984706,0.422337487,277,4.834562561,47.63028877,-122.3984211,2.74E-06,2.884274959,1.260735489,3.636307799
13:52:48,10/6/2022,0:11:05,-6.06552,265,96,47.6303062,-122.3984603,10,55.09,11.11666667,1.061,100,0,129,2.15,47.6302983,-122.3984719,0,277,4.834562561,47.63028893,-122.3984224,1.32E-06,2.974934281,1.300363272,3.868495277
13:52:49,10/6/2022,0:11:06,-6.12648,265,96,47.6303024,-122.3984603,10,55.09,11.13333333,1.053777778,100,0.422337487,130,2.166666667,47.63029815,-122.3984732,0.422337487,277,4.834562561,47.63028906,-122.3984234,1.06E-06,2.954683917,1.291511706,3.816008866
13:52:50,10/6/2022,0:11:07,-6.12648,266,96,47.6303024,-122.398468,10,55.09,11.15,0.999666667,100,0.578491572,131,2.183333333,47.63029796,-122.3984748,0.578491572,278,4.852015856,47.63028968,-122.3984278,4.44E-06,2.802961958,1.225193043,3.43416949
13:52:51,10/6/2022,0:11:08,-6.096,266,96,47.6303024,-122.398468,10,55.08,11.16666667,0.975222222,100,0,132,2.2,47.63029769,-122.3984763,0,278,4.852015856,47.63028996,-122.3984298,2.01E-06,2.734422262,1.195233893,3.268274164
13:52:52,10/6/2022,0:11:09,-6.03504,265,96,47.6302986,-122.398468,10,55.09,11.18333333,0.999777778,100,0.422337487,133,2.216666667,47.63029738,-122.3984778,0.422337487,277,4.834562561,47.63029016,-122.3984314,1.60E-06,2.803273501,1.225329221,3.434932935
13:52:53,10/6/2022,0:11:10,-6.096,265,96,47.6302986,-122.398468,10,55.09,11.2,1.017666667,100,0,134,2.233333333,47.63029706,-122.3984794,0,277,4.834562561,47.63029039,-122.3984333,1.88E-06,2.853432096,1.247253871,3.558954228
13:52:54,10/6/2022,0:11:11,-6.15696,266,96,47.6302871,-122.3984909,10,55.11,11.21666667,1.003111111,100,2.143257642,135,2.25,47.63029671,-122.3984808,2.143257642,278,4.852015856,47.63029066,-122.3984352,1.96E-06,2.812619822,1.229414559,3.457875758
13:52:55,10/6/2022,0:11:12,-6.15696,266,96,47.6302871,-122.3984832,10,55.09,11.23333333,0.972444444,100,0.578491742,136,2.266666667,47.63029635,-122.3984822,0.578491742,278,4.852015856,47.63029108,-122.3984382,3.05E-06,2.726633659,1.191829443,3.249682277
13:52:56,10/6/2022,0:11:13,-6.096,265,96,47.6302871,-122.3984909,10,55.09,11.25,0.963333333,100,0.578491742,137,2.283333333,47.6302959,-122.3984836,0.578491742,277,4.834562561,47.63029115,-122.3984387,5.31E-07,2.701087046,1.180662851,3.189073134
13:52:57,10/6/2022,0:11:14,-6.00456,264,96,47.6302871,-122.3984909,10,55.09,11.26666667,0.986,100,0,138,2.3,47.63029554,-122.3984852,0,276,4.817109267,47.63029136,-122.3984408,2.06E-06,2.764642037,1.208443154,3.340912743
13:52:58,10/6/2022,0:11:15,-6.06552,264,96,47.6302871,-122.3984909,10,55.09,11.28333333,1.0183,100,0,139,2.316666667,47.63029507,-122.3984869,0,276,4.817109267,47.63029149,-122.398442,1.23E-06,2.855207897,1.248030085,3.563385354
13:52:59,10/6/2022,0:11:16,-6.15696,266,96,47.6302833,-122.3984909,10,55.09,11.3,1.008555556,100,0.422337485,140,2.333333333,47.63029409,-122.3984883,0.422337485,278,4.852015856,47.63029163,-122.398443,1.00E-06,2.827885483,1.236087279,3.495513273
13:53:00,10/6/2022,0:11:17,-6.15696,267,96,47.6302833,-122.3984985,10,55.09,11.31666667,0.961111111,100,0.570978901,141,2.35,47.63029274,-122.3984894,0.570978901,279,4.86946915,47.63029178,-122.3984439,9.49E-07,2.694856166,1.177939293,3.174376966
13:53:01,10/6/2022,0:11:18,-6.03504,265,96,47.6302833,-122.3984985,10,55.09,11.33333333,0.943777778,100,0,142,2.366666667,47.63029107,-122.3984903,0,277,4.834562561,47.63029212,-122.3984467,2.78E-06,2.646255292,1.156695532,3.060911674
13:53:02,10/6/2022,0:11:19,-5.97408,264,96,47.6302795,-122.3984985,10,55.09,11.35,0.990444444,100,0.422337484,143,2.383333333,47.63028921,-122.3984913,0.422337484,276,4.817109267,47.63029233,-122.3984487,2.04E-06,2.777103798,1.213890272,3.371099284
13:53:03,10/6/2022,0:11:20,-6.06552,265,96,47.6302795,-122.3984985,10,55.11,11.36666667,1.044888889,100,0,144,2.4,47.63028811,-122.3984926,0,277,4.834562561,47.63029253,-122.3984503,1.60E-06,2.929760392,1.280617469,3.751902339
13:53:04,10/6/2022,0:11:21,-6.18744,265,96,47.6302833,-122.3984909,10,55.11,11.38333333,1.022777778,100,0.710201295,145,2.416666667,47.63028758,-122.3984943,0.710201295,277,4.834562561,47.63029282,-122.3984527,2.37E-06,2.867763123,1.253518057,3.594792858
13:53:05,10/6/2022,0:11:22,-6.21792,263,96,47.6302833,-122.3984909,10,55.09,11.4,0.937444444,100,0,146,2.433333333,47.63028747,-122.3984966,0,275,4.799655972,47.63029297,-122.3984544,1.74E-06,2.628497279,1.148933388,3.019968285
13:53:06,10/6/2022,0:11:23,-6.15696,265,96,47.6302833,-122.3984985,10,55.09,11.41666667,0.878333333,100,0.570978901,147,2.45,47.6302877,-122.398499,0.570978901,277,4.834562561,47.63029322,-122.3984565,2.07E-06,2.462755836,1.076486717,2.651123946
13:53:07,10/6/2022,0:11:24,-6.096,264,96,47.6302795,-122.3985061,10,55.09,11.43333333,0.888222222,100,0.710201297,148,2.466666667,47.63028807,-122.3985013,0.710201297,276,4.817109267,47.63029342,-122.3984584,1.93E-06,2.490483258,1.088606555,2.711156401
13:53:08,10/6/2022,0:11:25,-6.12648,265,96,47.6302757,-122.3985137,10,55.09,11.45,0.9144,100,0.710201327,149,2.483333333,47.6302884,-122.3985036,0.710201327,277,4.834562561,47.63029364,-122.3984601,1.76E-06,2.563883041,1.120690081,2.873318294
13:53:09,10/6/2022,0:11:26,-6.15696,266,96,47.6302757,-122.3985137,10,55.09,11.46666667,0.908333333,100,0,150,2.5,47.63028867,-122.3985058,0,278,4.852015856,47.63029391,-122.3984621,2.00E-06,2.546872734,1.113254765,2.835318206
13:53:10,10/6/2022,0:11:27,-6.15696,265,96,47.6302757,-122.3985137,10,55.09,11.48333333,0.882555556,100,0,151,2.516666667,47.63028909,-122.398508,0,277,4.834562561,47.63029414,-122.3984639,1.81E-06,2.474594513,1.081661481,2.676673565
13:53:11,10/6/2022,0:11:28,-6.096,265,96,47.6302795,-122.3985137,10,55.09,11.5,0.883666667,100,0.422337483,152,2.533333333,47.63028973,-122.3985101,0.422337483,277,4.834562561,47.63029428,-122.3984651,1.22E-06,2.477709953,1.08302326,2.683417511
13:53:12,10/6/2022,0:11:29,-6.03504,265,96,47.6302795,-122.3985137,10,55.09,11.51666667,0.921777778,100,0,153,2.55,47.6302902,-122.3985122,0,277,4.834562561,47.63029428,-122.3984651,0,2.584569568,1.129732298,2.919871716
13:53:13,10/6/2022,0:11:30,-6.03504,265,96,47.6302871,-122.3985061,10,55.09,11.53333333,0.954,100,1.019555151,154,2.566666667,47.6302906,-122.3985145,1.019555151,277,4.834562561,47.63029437,-122.3984658,7.12E-07,2.674917346,1.169223904,3.127577301
13:53:14,10/6/2022,0:11:31,-6.03504,266,96,47.6302871,-122.3985214,10,55.09,11.55,0.979777778,100,1.149470599,155,2.583333333,47.63029086,-122.3985167,1.149470599,278,4.852015856,47.63029478,-122.3984687,2.92E-06,2.74719557,1.200817189,3.298879662
13:53:15,10/6/2022,0:11:32,-6.00456,265,96,47.6302795,-122.398529,10,55.09,11.56666667,0.996888889,100,1.01955515,156,2.6,47.63029099,-122.3985189,1.01955515,277,4.834562561,47.63029488,-122.3984696,8.77E-07,2.795173355,1.221788594,3.415110923
13:53:16,10/6/2022,0:11:33,-5.9436,265,96,47.6302757,-122.3985366,10,55.09,11.58333333,1.020222222,100,0.710201326,157,2.616666667,47.63029121,-122.3985207,0.710201326,277,4.834562561,47.63029508,-122.3984712,1.61E-06,2.860597608,1.250385963,3.576851096
13:53:17,10/6/2022,0:11:34,-5.97408,264,96,47.6302719,-122.3985366,10,55.09,11.6,1.050777778,100,0.422337482,158,2.633333333,47.63029131,-122.3985225,0.422337482,276,4.817109267,47.63029526,-122.3984729,1.71E-06,2.946272227,1.287834901,3.794312203
13:53:18,10/6/2022,0:11:35,-6.03504,266,96,47.6302719,-122.3985366,10,55.11,11.61666667,1.0544,100,0,159,2.65,47.63029136,-122.3985243,0,278,4.852015856,47.63029543,-122.3984741,1.22E-06,2.956428563,1.292274302,3.820516658
13:53:19,10/6/2022,0:11:36,-6.06552,265,96,47.6302871,-122.3985137,10,55.09,11.63333333,1.020222222,100,2.41119273,160,2.666666667,47.63029152,-122.3985258,2.41119273,277,4.834562561,47.63029549,-122.3984746,5.00E-07,2.860597608,1.250385963,3.576851096
13:53:20,10/6/2022,0:11:37,-6.00456,265,96,47.6302947,-122.3985061,10,55.09,11.65,0.991333333,100,1.019555106,161,2.683333333,47.63029167,-122.3985272,1.019555106,277,4.834562561,47.63029563,-122.3984757,1.15E-06,2.779596151,1.214979696,3.377152885
13:53:21,10/6/2022,0:11:38,-5.91312,265,96,47.6302986,-122.3985061,10,55.09,11.66666667,1.002888889,100,0.43345163,162,2.7,47.63029172,-122.3985287,0.43345163,277,4.834562561,47.63029571,-122.3984764,6.18E-07,2.811996735,1.229142203,3.456343862
13:53:22,10/6/2022,0:11:39,-6.00456,265,96,47.6303024,-122.3985061,10,55.09,11.68333333,1.036888889,100,0.422337484,163,2.716666667,47.63029176,-122.3985302,0.422337484,277,4.834562561,47.63029587,-122.3984777,1.35E-06,2.907329219,1.270812657,3.694670769
13:53:23,10/6/2022,0:11:40,-6.06552,266,96,47.6303062,-122.3984985,10,55.11,11.7,1.035666667,100,0.710201097,164,2.733333333,47.63029188,-122.3985315,0.710201097,278,4.852015856,47.63029602,-122.3984788,1.07E-06,2.903902235,1.2693147,3.685965793
13:53:24,10/6/2022,0:11:41,-6.06552,266,96,47.63031,-122.3984985,10,55.11,11.71666667,0.990777778,100,0.422337485,165,2.75,47.63029203,-122.3985326,0.422337485,278,4.852015856,47.63029627,-122.3984805,1.80E-06,2.778038432,1.214298806,3.373368752
13:53:25,10/6/2022,0:11:42,-5.9436,265,96,47.6303062,-122.398529,10,55.09,11.73333333,0.965888889,100,2.33002328,166,2.766666667,47.63029223,-122.3985337,2.33002328,277,4.834562561,47.63029667,-122.3984838,3.28E-06,2.708252561,1.183794945,3.206015691
13:53:26,10/6/2022,0:11:43,-5.9436,265,96,47.6303062,-122.398529,10,55.09,11.75,0.998555556,100,0,167,2.783333333,47.63029243,-122.3985349,0,277,4.834562561,47.6302968,-122.3984849,1.11E-06,2.799846517,1.223831263,3.426539701
13:53:27,10/6/2022,0:11:44,-6.00456,265,96,47.6303062,-122.398529,10,55.11,11.76666667,1.031,100,0,168,2.8,47.63029259,-122.3985363,0,277,4.834562561,47.63029719,-122.398488,3.16E-06,2.890817383,1.263595225,3.652823042
13:53:28,10/6/2022,0:11:45,-6.03504,266,96,47.6302947,-122.3985519,10,55.09,11.78333333,1.0166,100,2.143257431,169,2.816666667,47.63029275,-122.3985377,2.143257431,278,4.852015856,47.63029736,-122.3984893,1.24E-06,2.850441272,1.245946562,3.551497505
13:53:29,10/6/2022,0:11:46,-6.00456,265,96,47.6302909,-122.3985519,10,55.09,11.8,0.994555556,100,0.422337484,170,2.833333333,47.63029294,-122.3985392,0.422337484,277,4.834562561,47.63029758,-122.3984911,1.82E-06,2.788630931,1.218928857,3.399142714
13:53:30,10/6/2022,0:11:47,-5.91312,265,96,47.6302871,-122.3985519,10,55.09,11.81666667,1.018222222,100,0.422337482,171,2.85,47.63029317,-122.3985405,0.422337482,277,4.834562561,47.6302977,-122.398492,9.49E-07,2.854989815,1.24793476,3.56284103
13:53:31,10/6/2022,0:11:48,-5.97408,266,96,47.6302871,-122.3985519,10,55.09,11.83333333,1.062777778,100,0,172,2.866666667,47.63029343,-122.398542,0,278,4.852015856,47.63029788,-122.3984933,1.30E-06,2.979918987,1.30254212,3.881469994
13:53:32,10/6/2022,0:11:50,-6.06552,266,96,47.6302871,-122.3985519,10,55.09,11.85,1.059222222,100,0,173,2.883333333,47.63029377,-122.3985435,0,278,4.852015856,47.63029813,-122.3984951,1.83E-06,2.969949575,1.298184425,3.855542281
13:53:33,10/6/2022,0:11:50,-6.06552,265,96,47.6302871,-122.3985519,10,55.11,11.86666667,1.009444444,100,0,174,2.9,47.6302942,-122.3985449,0,277,4.834562561,47.63029825,-122.398496,9.55E-07,2.830377833,1.237176702,3.501677512
13:53:34,10/6/2022,0:11:51,-5.9436,265,96,47.6302833,-122.3985595,10,55.09,11.88333333,0.976111111,100,0.71020126,175,2.916666667,47.63029477,-122.398546,0.71020126,277,4.834562561,47.63029885,-122.3985009,4.89E-06,2.736914615,1.196323316,3.274234768
13:53:35,10/6/2022,0:11:52,-5.9436,264,96,47.6302947,-122.3985519,10,55.09,11.9,0.993666667,100,1.389725648,176,2.933333333,47.63029549,-122.3985471,1.389725648,276,4.817109267,47.63029896,-122.3985019,1.04E-06,2.786138578,1.217839433,3.393069427
13:53:36,10/6/2022,0:11:53,-6.00456,265,96,47.6302986,-122.3985519,10,55.09,11.91666667,1.036666667,100,0.433451628,177,2.95,47.63029636,-122.3985482,0.433451628,277,4.834562561,47.6302991,-122.3985031,1.20E-06,2.906706131,1.270540301,3.693087284
13:53:37,10/6/2022,0:11:54,-6.06552,265,96,47.6302986,-122.3985519,10,55.09,11.93333333,1.038333333,100,0,178,2.966666667,47.63029686,-122.3985491,0,277,4.834562561,47.6302993,-122.3985048,1.67E-06,2.911379291,1.27258297,3.704971703
13:53:38,10/6/2022,0:11:55,-6.03504,265,96,47.6302986,-122.3985519,10,55.09,11.95,1.0028,100,0,179,2.983333333,47.63029682,-122.39855,0,277,4.834562561,47.63029942,-122.3985057,9.20E-07,2.811747499,1.229033261,3.455731197
13:53:39,10/6/2022,0:11:56,-5.9436,265,96,47.6303024,-122.3985595,10,55.09,11.96666667,0.986,100,0.710201126,180,3,47.63029664,-122.3985508,0.710201126,277,4.834562561,47.63029946,-122.3985061,3.86E-07,2.764642037,1.208443154,3.340912743
13:53:40,10/6/2022,0:11:57,-5.97408,262,96,47.6303024,-122.3985595,10,55.09,11.98333333,1.009,100,0,181,3.016666667,47.6302965,-122.3985516,0,274,4.782202678,47.63029955,-122.3985073,1.24E-06,2.829131658,1.23663199,3.498594714
13:53:41,10/6/2022,0:11:58,-6.00456,262,96,47.6303024,-122.3985595,10,55.09,12,1.029444444,100,0,182,3.033333333,47.63029613,-122.3985527,0,274,4.782202678,47.6302997,-122.3985094,2.11E-06,2.886455765,1.261688733,3.641808718
13:53:42,10/6/2022,0:11:59,-6.03504,264,96,47.6303024,-122.3985595,10,55.09,12.01666667,1.013111111,100,0,183,3.05,47.63029581,-122.3985538,0,276,4.817109267,47.63030003,-122.3985126,3.20E-06,2.840658788,1.241670575,3.52716243
13:53:43,10/6/2022,0:12:00,-6.00456,266,96,47.6303024,-122.3985595,10,55.09,12.03333333,0.991777778,100,0,184,3.066666667,47.63029561,-122.3985549,0,278,4.852015856,47.6303003,-122.3985145,1.93E-06,2.780842329,1.215524408,3.380181725
13:53:44,10/6/2022,0:12:01,-5.9436,265,96,47.6303024,-122.3985595,10,55.09,12.05,1.002222222,100,0,185,3.083333333,47.63029543,-122.398556,0,277,4.834562561,47.63030051,-122.3985163,1.76E-06,2.81012747,1.228325135,3.451750204
13:53:45,10/6/2022,0:12:02,-5.97408,264,96,47.6303062,-122.3985671,10,55.09,12.06666667,1.037222222,100,0.710201092,186,3.1,47.63029534,-122.398557,0.710201092,276,4.817109267,47.63030057,-122.3985167,4.83E-07,2.90826385,1.27122119,3.697046633
13:53:46,10/6/2022,0:12:03,-6.03504,264,96,47.6303062,-122.3985671,10,55.09,12.08333333,1.050111111,100,0,187,3.116666667,47.63029521,-122.3985581,0,276,4.817109267,47.63030068,-122.3985178,1.07E-06,2.944402962,1.287017833,3.78949912
13:53:47,10/6/2022,0:12:04,-6.096,269,96,47.6303062,-122.3985671,10,55.09,12.1,1.014,100,0,188,3.133333333,47.63029503,-122.3985594,0,281,4.904375739,47.63030074,-122.3985181,3.20E-07,2.843151141,1.242759998,3.533354508
13:53:48,10/6/2022,0:12:05,-6.03504,267,96,47.6303176,-122.3985595,10,55.09,12.11666667,0.9608,100,1.389725547,189,3.15,47.63029487,-122.3985605,1.389725547,279,4.86946915,47.63030093,-122.3985193,1.24E-06,2.693983843,1.177557994,3.172322211
13:53:49,10/6/2022,0:12:06,-6.00456,267,96,47.6303176,-122.3985595,10,55.11,12.13333333,0.950444444,100,0,190,3.166666667,47.63029465,-122.3985617,0,279,4.86946915,47.63030109,-122.3985203,9.93E-07,2.664947935,1.164866209,3.104307797
13:53:50,10/6/2022,0:12:07,-5.97408,265,96,47.6303176,-122.3985595,10,55.09,12.15,0.987222222,100,0,191,3.183333333,47.63029433,-122.3985632,0,277,4.834562561,47.63030119,-122.3985211,8.27E-07,2.768069021,1.209941111,3.349200508
13:53:51,10/6/2022,0:12:08,-6.00456,265,96,47.6303138,-122.3985748,10,55.11,12.16666667,1.010666667,100,1.224602039,192,3.2,47.63029381,-122.3985649,1.224602039,277,4.834562561,47.63030124,-122.3985215,3.94E-07,2.83380482,1.23867466,3.510162223
13:53:52,10/6/2022,0:12:09,-6.00456,266,96,47.6303138,-122.3985748,10,55.09,12.18333333,0.997111111,100,0,193,3.216666667,47.63029319,-122.3985666,0,278,4.852015856,47.63030161,-122.3985242,2.65E-06,2.795796443,1.222060949,3.416633655
13:53:53,10/6/2022,0:12:10,-6.00456,258,96,47.6303138,-122.3985748,10,55.09,12.2,0.979777778,100,0,194,3.233333333,47.63029252,-122.3985683,0,270,4.7123895,47.63030161,-122.398525,8.86E-07,2.74719557,1.200817189,3.298879662
13:53:54,10/6/2022,0:12:11,-5.97408,259,96,47.6303138,-122.3985748,10,55.09,12.21666667,0.981333333,100,0,195,3.25,47.63029176,-122.39857,0,271,4.729842794,47.63030164,-122.3985271,2.01E-06,2.751557185,1.20272368,3.309362983
13:53:55,10/6/2022,0:12:12,-5.97408,259,96,47.6303138,-122.3985748,10,55.08,12.23333333,0.990888889,100,0,196,3.266666667,47.6302911,-122.3985717,0,271,4.729842794,47.63030166,-122.3985283,1.29E-06,2.778349976,1.214434984,3.374125409
13:53:56,10/6/2022,0:12:13,-5.9436,258,96,47.6303138,-122.3985748,10,55.09,12.25,0.989777778,100,0,197,3.283333333,47.63029059,-122.398573,0,270,4.7123895,47.63030166,-122.3985327,4.34E-06,2.775234536,1.213073205,3.366562652
13:53:57,10/6/2022,0:12:14,-5.9436,260,96,47.6303138,-122.3985748,10,55.09,12.26666667,0.984555556,100,0,198,3.3,47.63029008,-122.3985744,0,272,4.747296089,47.6303017,-122.3985337,1.02E-06,2.760591965,1.206672841,3.33113135
13:53:58,10/6/2022,0:12:15,-5.97408,260,96,47.6303215,-122.3985824,10,55.09,12.28333333,0.9876,100,1.028781549,199,3.316666667,47.63028952,-122.3985759,1.028781549,272,4.747296089,47.63030182,-122.3985372,3.52E-06,2.769128271,1.210404117,3.351764259
13:53:59,10/6/2022,0:12:16,-5.97408,259,96,47.6303215,-122.3985824,10,55.09,12.3,0.983888889,100,0,200,3.333333333,47.63028898,-122.3985773,0,271,4.729842794,47.63030186,-122.3985396,2.41E-06,2.7587227,1.205855773,3.326621694
13:54:00,10/6/2022,0:12:17,-5.97408,259,96,47.63028335,-122.3985665,10,55.09,12.31666667,0.972,100,4.404933474,201,3.35,47.63028839,-122.3985789,4.404933474,271,4.729842794,47.63030188,-122.3985406,9.39E-07,2.725387484,1.191284732,3.246712499
13:54:01,10/6/2022,0:12:18,-5.9436,259,96,47.6302452,-122.3985506,10,55.11,12.33333333,0.959888889,100,4.404933687,202,3.366666667,47.63028783,-122.3985805,4.404933687,271,4.729842794,47.63030191,-122.3985424,1.81E-06,2.691429182,1.176441335,3.166308541
13:54:02,10/6/2022,0:12:19,-5.97408,259,96,47.63020705,-122.3985347,10,55.11,12.35,0.965222222,100,4.404933903,203,3.383333333,47.63028733,-122.3985819,4.404933903,271,4.729842794,47.63030193,-122.3985433,9.37E-07,2.706383296,1.182977877,3.201591565
13:54:03,10/6/2022,0:12:20,-6.00456,259,96,47.6301689,-122.3985188,10,55.09,12.36666667,0.980555556,100,4.404934117,204,3.4,47.63028677,-122.3985835,4.404934117,271,4.729842794,47.63030193,-122.3985435,2.06E-07,2.749376379,1.201770435,3.304119247
13:54:04,10/6/2022,0:12:21,-5.97408,260,96,47.6301956,-122.3985392,10,55.09,12.38333333,0.981777778,100,3.337595772,205,3.416666667,47.63028629,-122.398585,3.337595772,272,4.747296089,47.63030197,-122.3985446,1.13E-06,2.752803363,1.203268392,3.312361277
13:54:05,10/6/2022,0:12:22,-5.9436,259,96,47.6302223,-122.3985595,10,55.09,12.4,0.979,100,3.33759539,206,3.433333333,47.6302859,-122.3985866,3.33759539,271,4.729842794,47.63030198,-122.3985451,4.56E-07,2.745014761,1.199863943,3.293644235
13:54:06,10/6/2022,0:12:23,-6.00456,259,96,47.6302413,-122.39859,10,55.09,12.41666667,0.973,100,3.116067775,207,3.45,47.63028544,-122.3985884,3.116067775,271,4.729842794,47.63030201,-122.3985467,1.63E-06,2.728191381,1.192510334,3.253396414
13:54:07,10/6/2022,0:12:24,-6.03504,259,96,47.6302604,-122.3986053,10,55.11,12.43333333,0.958555556,100,2.414036211,208,3.466666667,47.63028523,-122.39859,2.414036211,271,4.729842794,47.63030204,-122.3985486,1.88E-06,2.687690654,1.1748072,3.157518332
13:54:08,10/6/2022,0:12:25,-6.00456,259,96,47.6302719,-122.3985977,10,55.09,12.45,0.948555556,100,1.399865948,209,3.483333333,47.63028507,-122.3985915,1.399865948,271,4.729842794,47.63030207,-122.3985503,1.66E-06,2.659651688,1.162551185,3.09198122
13:54:09,10/6/2022,0:12:26,-5.9436,259,96,47.6302719,-122.3985977,10,55.09,12.46666667,0.9476,100,0,210,3.5,47.63028503,-122.398593,0,271,4.729842794,47.63030209,-122.3985514,1.11E-06,2.656972408,1.161380054,3.085754757
13:54:10,10/6/2022,0:12:27,-5.97408,259,96,47.6302719,-122.3985977,10,55.09,12.48333333,0.954777778,100,0,211,3.516666667,47.63028512,-122.3985946,0,271,4.729842794,47.63030212,-122.3985531,1.75E-06,2.677098155,1.17017715,3.132679088
13:54:11,10/6/2022,0:12:28,-6.00456,259,96,47.6302871,-122.3985977,10,55.09,12.5,0.957777778,100,1.689349922,212,3.533333333,47.63028529,-122.3985961,1.689349922,271,4.729842794,47.63030215,-122.3985549,1.80E-06,2.685509845,1.173853954,3.152396351
13:54:12,10/6/2022,0:12:29,-5.9436,259,96,47.6303062,-122.3985977,10,55.09,12.51666667,0.950666667,100,2.122801553,213,3.55,47.63028565,-122.3985976,2.122801553,271,4.729842794,47.63030218,-122.3985564,1.40E-06,2.665571025,1.165138566,3.1057596
13:54:13,10/6/2022,0:12:30,-5.88264,259,96,47.6303062,-122.3986053,10,55.11,12.53333333,0.974222222,100,0.570978647,214,3.566666667,47.63028594,-122.3985992,0.570978647,271,4.729842794,47.63030221,-122.3985583,1.91E-06,2.731618365,1.194008291,3.261574976
13:54:14,10/6/2022,0:12:31,-5.85216,259,96,47.6303062,-122.3986129,10,55.09,12.55,1.043444444,100,0.570978648,215,3.583333333,47.63028629,-122.3986008,0.570978648,271,4.729842794,47.63030223,-122.3985597,1.45E-06,2.925710317,1.278847155,3.741536317
13:54:15,10/6/2022,0:12:32,-5.91312,259,96,47.6303062,-122.3986129,10,55.09,12.56666667,1.079222222,100,0,216,3.6,47.63028668,-122.3986025,0,271,4.729842794,47.63030227,-122.3985615,1.82E-06,3.026027507,1.322696456,4.002515861
13:54:16,10/6/2022,0:12:33,-5.97408,259,96,47.6303062,-122.3986129,10,55.09,12.58333333,1.045222222,100,0,217,3.616666667,47.63028714,-122.398604,0,271,4.729842794,47.63030229,-122.3985628,1.32E-06,2.930695023,1.281026003,3.754296531
13:54:17,10/6/2022,0:12:34,-5.97408,259,96,47.6303062,-122.3986129,10,55.11,12.6,1.002444444,100,0,218,3.633333333,47.63028777,-122.3986055,0,271,4.729842794,47.63030231,-122.3985643,1.46E-06,2.810750557,1.228597491,3.453281081
13:54:18,10/6/2022,0:12:35,-5.85216,259,96,47.6303024,-122.3986206,10,55.09,12.61666667,0.997666667,100,0.716255133,219,3.65,47.6302885,-122.3986069,0.716255133,271,4.729842794,47.63030235,-122.3985661,1.80E-06,2.797354165,1.22274184,3.420441977
13:54:19,10/6/2022,0:12:36,-5.85216,259,96,47.6303024,-122.3986206,10,55.09,12.63333333,1.027555556,100,0,220,3.666666667,47.63028932,-122.3986083,0,271,4.729842794,47.63030237,-122.3985674,1.30E-06,2.881159518,1.259373709,3.628456549
13:54:20,10/6/2022,0:12:37,-5.91312,259,96,47.6303024,-122.3986206,10,55.09,12.65,1.0475,100,0,221,3.683333333,47.63029022,-122.3986097,0,271,4.729842794,47.63030238,-122.398568,5.78E-07,2.937081677,1.283817651,3.7706773
13:54:21,10/6/2022,0:12:38,-5.9436,259,96,47.6303024,-122.3986206,10,55.11,12.66666667,1.034111111,100,0,222,3.7,47.63029093,-122.3986114,0,271,4.729842794,47.63030239,-122.3985688,8.35E-07,2.899540617,1.267408208,3.674901576
13:54:22,10/6/2022,0:12:39,-5.88264,259,96,47.6303024,-122.3986206,10,55.09,12.68333333,1.024888889,100,0,223,3.716666667,47.63029153,-122.3986134,0,271,4.729842794,47.63030241,-122.3985698,1.03E-06,2.87368246,1.256105438,3.609648165
13:54:23,10/6/2022,0:12:40,-5.85216,258,96,47.6303024,-122.3986206,10,55.11,12.7,1.041555556,100,0,224,3.733333333,47.63029249,-122.3986149,0,270,4.7123895,47.63030241,-122.3985727,2.87E-06,2.920414071,1.276532131,3.728002398
13:54:24,10/6/2022,0:12:41,-5.91312,259,96,47.6303024,-122.3986206,10,55.11,12.71666667,1.068111111,100,0,225,3.75,47.63029328,-122.3986167,0,271,4.729842794,47.63030245,-122.3985749,2.16E-06,2.994873101,1.309078661,3.920524469
13:54:25,10/6/2022,0:12:42,-5.97408,259,96,47.6303024,-122.3986206,10,55.09,12.73333333,1.066111111,100,0,226,3.766666667,47.63029399,-122.3986187,0,271,4.729842794,47.63030247,-122.398576,1.13E-06,2.989265308,1.306627458,3.905856131
13:54:26,10/6/2022,0:12:43,-5.91312,259,96,47.6303024,-122.3986206,10,55.11,12.75,1.047111111,100,0,227,3.783333333,47.6302945,-122.3986209,0,271,4.729842794,47.6303025,-122.3985779,1.92E-06,2.935991272,1.283341028,3.767878058
13:54:27,10/6/2022,0:12:44,-5.88264,259,96,47.6302986,-122.3986282,10,55.09,12.76666667,1.041333333,100,0.710201123,228,3.8,47.63029483,-122.3986232,0.710201123,271,4.729842794,47.6303025,-122.3985779,0,2.91979098,1.276259774,3.726411778
13:54:28,10/6/2022,0:12:45,-5.9436,259,96,47.6302986,-122.3986282,10,55.09,12.78333333,1.050111111,100,0,229,3.816666667,47.63029495,-122.3986258,0,271,4.729842794,47.63030253,-122.3985797,1.82E-06,2.944402962,1.287017833,3.78949912
13:54:29,10/6/2022,0:12:46,-6.096,259,96,47.6302947,-122.3986358,10,55.11,12.8,1.0357,100,0.716866126,230,3.833333333,47.63029495,-122.3986284,0.716866126,271,4.729842794,47.63030259,-122.3985827,3.00E-06,2.903995697,1.269355553,3.686203063
13:54:30,10/6/2022,0:12:47,-6.096,261,96,47.6302909,-122.3986434,10,55.09,12.81666667,0.972333333,100,0.710201188,231,3.85,47.63029509,-122.3986306,0.710201188,273,4.764749383,47.6303027,-122.3985849,2.14E-06,2.726322116,1.191693266,3.248939705
13:54:31,10/6/2022,0:12:48,-6.096,261,96,47.6302909,-122.3986434,10,55.11,12.83333333,0.901777778,100,0,232,3.866666667,47.63029528,-122.3986327,0,273,4.764749383,47.6303028,-122.3985868,1.90E-06,2.528491636,1.105220266,2.794540199
13:54:32,10/6/2022,0:12:49,-6.06552,261,96,47.6302909,-122.3986434,10,55.09,12.85,0.871,100,0,233,3.883333333,47.6302956,-122.3986348,0,273,4.764749383,47.63030291,-122.3985889,2.13E-06,2.442193929,1.067498973,2.607039511
13:54:33,10/6/2022,0:12:50,-6.096,261,96,47.6302909,-122.3986434,10,55.11,12.86666667,0.864555556,100,0,234,3.9,47.63029592,-122.3986368,0,273,4.764749383,47.63030304,-122.3985913,2.45E-06,2.424124374,1.059600652,2.568603768
13:54:34,10/6/2022,0:12:51,-6.15696,261,96,47.6302909,-122.3986434,10,55.11,12.88333333,0.843888889,100,0,235,3.916666667,47.63029627,-122.3986389,0,273,4.764749383,47.63030309,-122.3985924,1.08E-06,2.366177177,1.034271553,2.447269743
13:54:35,10/6/2022,0:12:52,-6.096,261,96,47.6302947,-122.3986358,10,55.11,12.9,0.826666667,100,0.710201188,236,3.933333333,47.63029665,-122.3986409,0.710201188,273,4.764749383,47.63030316,-122.3985937,1.32E-06,2.317887848,1.01316397,2.348400454
13:54:36,10/6/2022,0:12:53,-5.97408,260,96,47.6302947,-122.3986358,10,55.11,12.91666667,0.829111111,100,0,237,3.95,47.63029708,-122.3986427,0,272,4.747296089,47.6303032,-122.3985949,1.18E-06,2.324741816,1.016159885,2.362309375
13:54:37,10/6/2022,0:12:54,-5.97408,260,96,47.6302986,-122.3986358,10,55.09,12.93333333,0.861777778,100,0.433451624,238,3.966666667,47.63029742,-122.3986446,0.433451624,272,4.747296089,47.63030324,-122.3985961,1.14E-06,2.416335772,1.056196203,2.552124668
13:54:38,10/6/2022,0:12:55,-5.97408,260,96,47.6303024,-122.3986358,10,55.11,12.95,0.9175,100,0.42233748,239,3.983333333,47.63029773,-122.3986464,0.42233748,272,4.747296089,47.63030324,-122.3985961,0,2.57257512,1.124489446,2.892833573
13:54:39,10/6/2022,0:12:56,-5.9436,260,96,47.6303024,-122.3986358,10,55.09,12.96666667,0.956111111,100,0,240,4,47.63029804,-122.3986482,0,272,4.747296089,47.63030324,-122.3985961,0,2.680836683,1.171811285,3.141434677
13:54:40,10/6/2022,0:12:57,-5.91312,260,96,47.6303024,-122.3986358,10,55.09,12.98333333,0.974777778,100,0,241,4.016666667,47.6302983,-122.39865,0,272,4.747296089,47.63030327,-122.3985967,6.33E-07,2.733176087,1.194689181,3.265295901
13:54:41,10/6/2022,0:12:58,-5.9436,259,96,47.6303024,-122.3986358,10,55.11,13,0.984,100,0,242,4.033333333,47.63029853,-122.3986516,0,271,4.729842794,47.63030327,-122.3985967,0,2.759034244,1.205991951,3.32737309
13:54:42,10/6/2022,0:12:59,-5.9436,261,96,47.6302947,-122.3986587,10,55.09,13.01666667,0.986444444,100,1.92154104,243,4.05,47.63029877,-122.3986533,1.92154104,273,4.764749383,47.63030334,-122.3985981,1.45E-06,2.765888212,1.208987865,3.343925285
13:54:43,10/6/2022,0:13:00,-5.9436,261,96,47.6302909,-122.3986587,10,55.09,13.03333333,0.997333333,100,0.42233748,244,4.066666667,47.63029896,-122.3986549,0.42233748,273,4.764749383,47.63030344,-122.3986,1.89E-06,2.79641953,1.222333305,3.418156727
13:54:44,10/6/2022,0:13:01,-5.91312,262,96,47.6302909,-122.3986587,10,55.09,13.05,1.013111111,100,0,245,4.083333333,47.63029917,-122.3986563,0,274,4.782202678,47.63030361,-122.3986024,2.40E-06,2.840658788,1.241670575,3.52716243
13:54:45,10/6/2022,0:13:02,-5.9436,263,95,47.6302986,-122.3986511,10,55.09,13.06666667,1.023888889,100,1.028781679,246,4.1,47.63029946,-122.3986576,1.028781679,275,4.799655972,47.63030378,-122.3986043,1.93E-06,2.870878563,1.254879836,3.602607622
13:54:46,10/6/2022,0:13:03,-5.97408,263,95,47.6303062,-122.3986434,10,55.11,13.08333333,1.014111111,100,1.023781364,247,4.116666667,47.63029979,-122.3986589,1.023781364,275,4.799655972,47.630304,-122.398607,2.63E-06,2.843462685,1.242896176,3.534128898
13:54:47,10/6/2022,0:13:04,-5.97408,263,95,47.63031,-122.3986434,10,55.11,13.1,0.980888889,100,0.42233748,248,4.133333333,47.63029995,-122.3986603,0.42233748,275,4.799655972,47.63030423,-122.3986095,2.54E-06,2.75031101,1.202178969,3.306366053
13:54:48,10/6/2022,0:13:05,-5.91312,263,95,47.63031,-122.3986511,10,55.09,13.11666667,0.9673,100,0.578491481,249,4.15,47.63030025,-122.3986613,0.578491481,275,4.799655972,47.63030448,-122.3986124,2.91E-06,2.71220917,1.185524405,3.215390162
13:54:49,10/6/2022,0:13:06,-5.88264,263,95,47.6303176,-122.3986434,10,55.11,13.13333333,0.990333333,100,1.023781295,250,4.166666667,47.63030051,-122.3986622,1.023781295,275,4.799655972,47.63030464,-122.3986142,1.81E-06,2.776792254,1.213754094,3.370342967
13:54:50,10/6/2022,0:13:07,-5.9436,263,95,47.6303176,-122.3986434,10,55.09,13.15,1.011111111,100,0,251,4.183333333,47.63030053,-122.3986632,0,275,4.799655972,47.63030475,-122.3986154,1.27E-06,2.835050995,1.239219371,3.513250112
13:54:51,10/6/2022,0:13:08,-5.97408,263,95,47.6303176,-122.3986587,10,55.09,13.16666667,0.995444444,100,1.149469917,252,4.2,47.63030051,-122.3986642,1.149469917,275,4.799655972,47.63030479,-122.3986159,5.00E-07,2.791123281,1.22001828,3.405221424
13:54:52,10/6/2022,0:13:09,-5.97408,263,95,47.6303062,-122.398674,10,55.09,13.18333333,0.961333333,100,1.710731394,253,4.216666667,47.63030037,-122.3986653,1.710731394,275,4.799655972,47.63030499,-122.3986183,2.32E-06,2.695479253,1.178211648,3.175845054
13:54:53,10/6/2022,0:13:10,-5.91312,263,95,47.6303024,-122.398674,10,55.11,13.2,0.956666667,100,0.42233748,254,4.233333333,47.63030018,-122.3986663,0.42233748,275,4.799655972,47.63030516,-122.3986201,1.89E-06,2.682394404,1.172492175,3.14508645
13:54:54,10/6/2022,0:13:11,-5.91312,263,95,47.6303024,-122.398674,10,55.09,13.21666667,0.986444444,100,0,255,4.25,47.63029988,-122.3986671,0,275,4.799655972,47.63030529,-122.3986217,1.55E-06,2.765888212,1.208987865,3.343925285
13:54:55,10/6/2022,0:13:12,-5.9436,263,95,47.6302947,-122.3986816,10,55.11,13.23333333,1.014333333,100,1.028781657,256,4.266666667,47.63029946,-122.3986679,1.028781657,275,4.799655972,47.63030561,-122.3986253,3.60E-06,2.844085772,1.243168532,3.535677934
13:54:56,10/6/2022,0:13:13,-5.9436,263,95,47.6303024,-122.398674,10,55.09,13.25,1.008777778,100,1.028781657,257,4.283333333,47.63029892,-122.3986686,1.028781657,275,4.799655972,47.63030583,-122.3986279,2.62E-06,2.828508571,1.236359635,3.497053824
13:54:57,10/6/2022,0:13:14,-5.9436,263,95,47.6303024,-122.3986663,10,55.11,13.26666667,0.9855,100,0.578491562,258,4.3,47.63029814,-122.3986694,0.578491562,275,4.799655972,47.63030599,-122.3986297,1.83E-06,2.763240088,1.207830353,3.337525253
13:54:58,10/6/2022,0:13:15,-5.9436,263,95,47.6303024,-122.3986663,10,55.09,13.28333333,0.976555556,100,0,259,4.316666667,47.63029725,-122.3986702,0,275,4.799655972,47.63030609,-122.3986308,1.12E-06,2.738160792,1.196868029,3.27721711
13:54:59,10/6/2022,0:13:16,-5.91312,262,95,47.6302986,-122.398674,10,55.09,13.3,0.988625,100,0.716255163,260,4.333333333,47.63029608,-122.3986709,0.716255163,274,4.782202678,47.63030621,-122.3986325,1.70E-06,2.772002265,1.211660358,3.358725258
13:55:00,10/6/2022,0:13:17,-5.9436,263,95,47.6302986,-122.398674,10,55.11,13.31666667,0.9979,100,0,261,4.35,47.63029462,-122.3986715,0,275,4.799655972,47.63030627,-122.3986332,6.72E-07,2.798008406,1.223027813,3.422042102
13:55:01,10/6/2022,0:13:18,-5.9436,264,95,47.6302947,-122.3986816,10,55.09,13.33333333,0.991444444,100,0.716866126,262,4.366666667,47.63029303,-122.3986719,0.716866126,276,4.817109267,47.63030652,-122.3986356,2.45E-06,2.779907695,1.215115873,3.377909966
13:55:02,10/6/2022,0:13:19,-5.9436,264,95,47.6302909,-122.3986816,10,55.09,13.35,0.979222222,100,0.422337477,263,4.383333333,47.63029189,-122.3986724,0.422337477,276,4.817109267,47.63030673,-122.3986375,1.94E-06,2.745637848,1.200136299,3.295139645
13:55:03,10/6/2022,0:13:20,-5.9436,263,95,47.6302909,-122.3986816,10,55.09,13.36666667,0.975666667,100,0,264,4.4,47.63029139,-122.3986732,0,275,4.799655972,47.6303069,-122.3986395,1.96E-06,2.73566844,1.195778605,3.27125379
13:55:04,10/6/2022,0:13:21,-5.91312,263,95,47.6302833,-122.3986892,10,55.11,13.38333333,0.983555556,100,1.019555113,265,4.416666667,47.63029166,-122.3986744,1.019555113,275,4.799655972,47.63030704,-122.3986411,1.67E-06,2.757788069,1.20544724,3.324368015
13:55:05,10/6/2022,0:13:22,-5.9436,263,95,47.6302795,-122.3986892,10,55.11,13.4,1.000666667,100,0.422337478,266,4.433333333,47.63029286,-122.3986759,0.422337478,275,4.799655972,47.63030706,-122.3986413,2.06E-07,2.805765854,1.226418644,3.441043556
13:55:06,10/6/2022,0:13:23,-5.9436,263,95,47.6302795,-122.3986892,10,55.09,13.41666667,1.004777778,100,0,267,4.45,47.63029404,-122.3986773,0,275,4.799655972,47.63030716,-122.3986424,1.10E-06,2.817292984,1.231457229,3.469375811
13:55:07,10/6/2022,0:13:24,-5.9436,263,95,47.6302719,-122.3986968,10,55.09,13.43333333,0.996888889,100,1.019555181,268,4.466666667,47.63029513,-122.3986786,1.019555181,275,4.799655972,47.6303072,-122.3986429,4.88E-07,2.795173355,1.221788594,3.415110923
13:55:08,10/6/2022,0:13:25,-5.9436,263,95,47.6302833,-122.3986816,10,55.11,13.45,0.995111111,100,1.705692928,269,4.483333333,47.63029623,-122.3986793,1.705692928,275,4.799655972,47.6303074,-122.3986452,2.28E-06,2.79018865,1.219609746,3.402941271
13:55:09,10/6/2022,0:13:26,-5.9436,263,95,47.6302833,-122.3986816,10,55.11,13.46666667,0.9938,100,0,270,4.5,47.63029724,-122.3986799,0,275,4.799655972,47.6303074,-122.3986452,0,2.78651243,1.218002847,3.393980072
13:55:10,10/6/2022,0:13:27,-5.9436,263,95,47.6302833,-122.3986816,10,55.09,13.48333333,0.988555556,100,0,271,4.516666667,47.6302982,-122.3986808,0,275,4.799655972,47.6303074,-122.3986452,0,2.771807551,1.211575248,3.358253421
13:55:11,10/6/2022,0:13:28,-5.91312,262,95,47.6302833,-122.3986892,10,55.11,13.5,0.982,100,0.570978892,272,4.533333333,47.6302993,-122.3986816,0.570978892,274,4.782202678,47.63030749,-122.3986466,1.37E-06,2.75342645,1.203540748,3.313860929
13:55:12,10/6/2022,0:13:29,-5.9436,263,95,47.6302833,-122.3986892,10,55.11,13.51666667,0.978,100,0,273,4.55,47.63030053,-122.3986826,0,275,4.799655972,47.63030755,-122.3986472,6.72E-07,2.742210864,1.198638342,3.286919082
13:55:13,10/6/2022,0:13:30,-5.97408,263,95,47.6302909,-122.3986816,10,55.11,13.53333333,0.973555556,100,1.019555113,274,4.566666667,47.63030163,-122.3986837,1.019555113,275,4.799655972,47.63030755,-122.3986472,0,2.729749103,1.193191224,3.257112673
13:55:14,10/6/2022,0:13:31,-5.97408,263,95,47.6302871,-122.3986892,10,55.09,13.55,0.964111111,100,0.710201217,275,4.583333333,47.63030254,-122.3986847,0.710201217,275,4.799655972,47.63030772,-122.3986491,1.90E-06,2.703267856,1.181616097,3.194224814
13:55:15,10/6/2022,0:13:32,-5.9436,263,95,47.6302871,-122.3986892,10,55.11,13.56666667,0.963222222,100,0,276,4.6,47.6303034,-122.3986858,0,275,4.799655972,47.63030789,-122.3986511,1.94E-06,2.700775503,1.180526674,3.18833752
13:55:16,10/6/2022,0:13:33,-5.91312,263,95,47.6302947,-122.3986816,10,55.11,13.58333333,0.983666667,100,1.019555089,277,4.616666667,47.63030427,-122.3986867,1.019555089,275,4.799655972,47.63030813,-122.3986539,2.81E-06,2.758099612,1.205583418,3.325119157
13:55:17,10/6/2022,0:13:34,-5.97408,263,95,47.6302986,-122.3986816,10,55.11,13.6,1.002444444,100,0.433451624,278,4.633333333,47.63030513,-122.3986877,0.433451624,275,4.799655972,47.63030816,-122.3986542,3.74E-07,2.810750557,1.228597491,3.453281081
13:55:18,10/6/2022,0:13:35,-6.00456,263,95,47.6303024,-122.3986892,10,55.09,13.61666667,0.990111111,100,0.710201118,279,4.65,47.630306,-122.3986887,0.710201118,275,4.799655972,47.63030822,-122.3986549,7.03E-07,2.776169167,1.213481738,3.368830586
13:55:19,10/6/2022,0:13:36,-5.97408,263,95,47.6303024,-122.3986892,10,55.11,13.63333333,0.959111111,100,0,280,4.666666667,47.63030685,-122.3986896,0,275,4.799655972,47.63030842,-122.3986571,2.22E-06,2.689248373,1.175488089,3.161179432
13:55:20,10/6/2022,0:13:37,-5.88264,263,95,47.6303024,-122.3986892,10,55.11,13.65,0.9532,100,0,281,4.683333333,47.63030775,-122.3986904,0,275,4.799655972,47.63030853,-122.3986584,1.32E-06,2.672674229,1.168243423,3.122334088
13:55:21,10/6/2022,0:13:38,-5.91312,263,95,47.6303024,-122.3986968,10,55.11,13.66666667,0.971222222,100,0.570978684,282,4.7,47.6303087,-122.3986911,0.570978684,275,4.799655972,47.63030865,-122.3986598,1.40E-06,2.723206675,1.190331486,3.241518649
13:55:22,10/6/2022,0:13:39,-5.97408,263,95,47.6303024,-122.3986968,10,55.09,13.68333333,0.976222222,100,0,283,4.716666667,47.63030973,-122.398692,0,275,4.799655972,47.63030878,-122.3986612,1.41E-06,2.737226158,1.196459494,3.274980225
13:55:23,10/6/2022,0:13:40,-6.00456,263,95,47.6303024,-122.3986968,10,55.11,13.7,0.958111111,100,0,284,4.733333333,47.63031071,-122.3986928,0,275,4.799655972,47.63030879,-122.3986614,1.80E-07,2.686444476,1.174262488,3.154590974
13:55:24,10/6/2022,0:13:41,-5.91312,263,95,47.6303329,-122.3986663,10,55.11,13.71666667,0.943,100,4.091634921,285,4.75,47.63031173,-122.3986936,4.091634921,275,4.799655972,47.63030883,-122.3986618,4.04E-07,2.644074483,1.155742286,3.055868689
13:55:25,10/6/2022,0:13:42,-5.88264,263,95,47.6303329,-122.3986663,10,55.11,13.73333333,0.954555556,100,0,286,4.766666667,47.63031263,-122.3986947,0,275,4.799655972,47.63030902,-122.398664,2.20E-06,2.676475067,1.169904794,3.131221013
13:55:26,10/6/2022,0:13:43,-5.9436,263,95,47.6303405,-122.3986587,10,55.11,13.75,0.986444444,100,1.01955482,287,4.783333333,47.63031342,-122.3986959,1.01955482,275,4.799655972,47.63030915,-122.3986655,1.46E-06,2.765888212,1.208987865,3.343925285
13:55:27,10/6/2022,0:13:44,-6.00456,263,95,47.6303405,-122.3986587,10,55.09,13.76666667,0.999777778,100,0,288,4.8,47.63031415,-122.398697,0,275,4.799655972,47.63030938,-122.3986681,2.64E-06,2.803273501,1.225329221,3.434932935
13:55:28,10/6/2022,0:13:45,-6.00456,263,95,47.6303329,-122.3986892,10,55.11,13.78333333,0.969111111,100,2.442152628,289,4.816666667,47.63031483,-122.3986982,2.442152628,275,4.799655972,47.63030952,-122.3986698,1.66E-06,2.717287338,1.187744105,3.227442018
13:55:29,10/6/2022,0:13:46,-5.91312,263,95,47.6303253,-122.3987045,10,55.09,13.8,0.9393,100,1.42644884,290,4.833333333,47.63031551,-122.3986992,1.42644884,275,4.799655972,47.63030965,-122.3986712,1.45E-06,2.633700066,1.151207561,3.031935428
13:55:30,10/6/2022,0:13:47,-5.88264,263,95,47.6303215,-122.3987045,10,55.09,13.81666667,0.963888889,100,0.42233748,291,4.85,47.63031616,-122.3987003,0.42233748,275,4.799655972,47.63030974,-122.3986722,1.01E-06,2.702644768,1.181343742,3.192752483
13:55:31,10/6/2022,0:13:48,-5.9436,263,95,47.6303215,-122.3987045,10,55.09,13.83333333,0.99875,100,0,292,4.866666667,47.63031688,-122.3987013,0,275,4.799655972,47.63030984,-122.3986734,1.14E-06,2.800391718,1.224069574,3.427874298
13:55:32,10/6/2022,0:13:49,-6.00456,263,95,47.6303215,-122.3987045,10,55.09,13.85,0.9867,100,0,293,4.883333333,47.63031767,-122.3987022,0,275,4.799655972,47.63030999,-122.3986751,1.74E-06,2.766604764,1.209301075,3.345658116
13:55:33,10/6/2022,0:13:50,-5.9436,263,95,47.6303253,-122.3987045,10,55.09,13.86666667,0.952444444,100,0.42233748,294,4.9,47.63031843,-122.3987031,0.42233748,275,4.799655972,47.63031018,-122.3986773,2.20E-06,2.670555728,1.167317412,3.1173862
13:55:34,10/6/2022,0:13:51,-5.88264,263,95,47.6303253,-122.3987045,10,55.09,13.88333333,0.941777778,100,0,295,4.916666667,47.63031916,-122.398704,0,275,4.799655972,47.63031035,-122.3986792,1.91E-06,2.640647499,1.154244329,3.047952402
13:55:35,10/6/2022,0:13:52,-5.91312,263,95,47.6303253,-122.3987121,10,55.11,13.9,0.964666667,100,0.570978434,296,4.933333333,47.63031986,-122.3987049,0.570978434,275,4.799655972,47.63031038,-122.3986796,4.15E-07,2.704825577,1.182296988,3.197907132
13:55:36,10/6/2022,0:13:53,-5.97408,263,95,47.6303253,-122.3987121,10,55.11,13.91666667,0.991,100,0,297,4.95,47.63032054,-122.3987059,0,275,4.799655972,47.6303108,-122.3986843,4.77E-06,2.77866152,1.214571162,3.374882151
13:55:37,10/6/2022,0:13:54,-5.97408,263,95,47.6303215,-122.3987121,10,55.11,13.93333333,0.982888889,100,0.422337479,298,4.966666667,47.63032129,-122.3987069,0.422337479,275,4.799655972,47.63031101,-122.3986868,2.43E-06,2.755918803,1.204630172,3.319862941
13:55:38,10/6/2022,0:13:55,-5.91312,263,95,47.6303253,-122.3987121,10,55.11,13.95,0.9501,100,0.422337479,299,4.983333333,47.63032192,-122.3987082,0.422337479,275,4.799655972,47.63031118,-122.3986887,1.91E-06,2.663982149,1.164444058,3.102058183
13:55:39,10/6/2022,0:13:56,-5.91312,263,95,47.6303253,-122.3987121,10,55.11,13.96666667,0.945,100,0,300,5,47.63032249,-122.3987096,0,275,4.799655972,47.63031135,-122.3986906,1.96E-06,2.649682277,1.15819349,3.068844762
13:55:40,10/6/2022,0:13:57,-5.9436,263,95,47.6303253,-122.3987121,10,55.11,13.98333333,0.9617,100,0,301,5.016666667,47.63032292,-122.398711,0,275,4.799655972,47.63031145,-122.3986918,1.23E-06,2.69650735,1.178661036,3.178268146
13:55:41,10/6/2022,0:13:58,-5.9436,263,95,47.6303215,-122.3987197,10,55.11,14,0.965666667,100,0.710200918,302,5.033333333,47.63032328,-122.3987125,0.710200918,275,4.799655972,47.63031165,-122.3986941,2.26E-06,2.707629474,1.183522589,3.204540645
13:55:42,10/6/2022,0:13:59,-5.91312,262,95,47.6303215,-122.3987197,10,55.11,14.01666667,0.957888889,100,0,303,5.05,47.63032357,-122.398714,0,274,4.782202678,47.6303117,-122.3986948,6.71E-07,2.685821388,1.173990132,3.153127807
13:55:43,10/6/2022,0:14:00,-5.91312,262,95,47.6303215,-122.3987274,10,55.11,14.03333333,0.959444444,100,0.578491349,304,5.066666667,47.63032384,-122.3987157,0.578491349,274,4.782202678,47.63031181,-122.3986964,1.60E-06,2.690183004,1.175896623,3.163377109
13:55:44,10/6/2022,0:14:01,-5.97408,263,95,47.6303176,-122.3987274,10,55.11,14.05,0.958111111,100,0.433451623,305,5.083333333,47.63032421,-122.3987171,0.433451623,275,4.799655972,47.63031192,-122.3986977,1.31E-06,2.686444476,1.174262488,3.154590974
13:55:45,10/6/2022,0:14:02,-5.97408,263,95,47.6303176,-122.3987274,10,55.09,14.06666667,0.941444444,100,0,306,5.1,47.63032459,-122.3987185,0,275,4.799655972,47.63031201,-122.3986987,1.03E-06,2.639712865,1.153835795,3.045795191
13:55:46,10/6/2022,0:14:03,-5.88264,262,95,47.6303215,-122.3987197,10,55.09,14.08333333,0.929666667,100,0.722864147,307,5.116666667,47.63032488,-122.39872,0.722864147,274,4.782202678,47.63031218,-122.3987011,2.41E-06,2.606689196,1.139400932,2.970064101
13:55:47,10/6/2022,0:14:04,-5.91312,264,95,47.6303253,-122.3987197,10,55.09,14.1,0.945888889,100,0.42233748,308,5.133333333,47.63032502,-122.3987217,0.42233748,276,4.817109267,47.63031234,-122.3987026,1.53E-06,2.652174629,1.159282913,3.074620731
13:55:48,10/6/2022,0:14:05,-5.97408,264,95,47.6303176,-122.3987426,10,55.09,14.11666667,0.971333333,100,1.921540357,309,5.15,47.63032505,-122.3987235,1.921540357,276,4.817109267,47.63031234,-122.3987026,0,2.723518219,1.190467664,3.242260372
13:55:49,10/6/2022,0:14:06,-5.97408,263,95,47.6303291,-122.3987197,10,55.09,14.13333333,0.9638,100,2.143256798,310,5.166666667,47.63032495,-122.3987254,2.143256798,275,4.799655972,47.63031248,-122.3987042,1.61E-06,2.702395532,1.181234799,3.192163644
13:55:50,10/6/2022,0:14:07,-5.9436,263,95,47.6303291,-122.3987197,10,55.09,14.15,0.936777778,100,0,311,5.183333333,47.63032475,-122.3987276,0,275,4.799655972,47.63031284,-122.3987083,4.10E-06,2.626628016,1.148116321,3.015674496
13:55:51,10/6/2022,0:14:08,-5.91312,262,95,47.6303291,-122.3987197,10,55.11,14.16666667,0.940444444,100,0,312,5.2,47.63032435,-122.39873,0,274,4.782202678,47.63031295,-122.3987098,1.54E-06,2.636908969,1.152610193,3.039328155
13:55:52,10/6/2022,0:14:09,-5.91312,263,95,47.6303329,-122.3987197,10,55.11,14.18333333,0.969111111,100,0.422337479,313,5.216666667,47.63032383,-122.3987324,0.422337479,275,4.799655972,47.63031317,-122.3987124,2.55E-06,2.717287338,1.187744105,3.227442018
13:55:53,10/6/2022,0:14:10,-5.9436,263,95,47.6303329,-122.3987274,10,55.09,14.2,0.983666667,100,0.578491223,314,5.233333333,47.63032315,-122.3987346,0.578491223,275,4.799655972,47.63031323,-122.3987131,6.80E-07,2.758099612,1.205583418,3.325119157
13:55:54,10/6/2022,0:14:11,-5.97408,263,95,47.6303329,-122.398735,10,55.11,14.21666667,0.969333333,100,0.570978352,315,5.25,47.63032252,-122.3987368,0.570978352,275,4.799655972,47.63031339,-122.3987149,1.80E-06,2.717910426,1.188016461,3.228922325
13:55:55,10/6/2022,0:14:12,-6.00456,263,95,47.6303329,-122.398735,10,55.11,14.23333333,0.934666667,100,0,316,5.266666667,47.6303219,-122.3987388,0,275,4.799655972,47.63031359,-122.3987172,2.31E-06,2.620708679,1.14552894,3.002097637
13:55:56,10/6/2022,0:14:13,-5.91312,262,95,47.6303329,-122.398735,10,55.11,14.25,0.916888889,100,0,317,5.283333333,47.63032124,-122.3987408,0,274,4.782202678,47.63031359,-122.3987172,0,2.570861628,1.123740468,2.888981248
13:55:57,10/6/2022,0:14:14,-5.88264,260,95,47.6303329,-122.398735,10,55.09,14.26666667,0.935,100,0,318,5.3,47.63032068,-122.3987427,0,272,4.747296089,47.63031366,-122.3987192,2.02E-06,2.621643311,1.145937474,3.004239313
13:55:58,10/6/2022,0:14:15,-5.97408,261,95,47.6303253,-122.3987503,10,55.11,14.28333333,0.956444444,100,1.426448834,319,5.316666667,47.63031999,-122.3987445,1.426448834,273,4.764749383,47.63031375,-122.3987209,1.76E-06,2.681771314,1.172219818,3.143625482
13:55:59,10/6/2022,0:14:16,-6.00456,262,95,47.6303253,-122.3987503,10,55.11,14.3,0.9347,100,0,320,5.333333333,47.63031926,-122.3987465,0,274,4.782202678,47.6303139,-122.398723,2.10E-06,2.620802142,1.145569793,3.002311768
13:56:00,10/6/2022,0:14:17,-5.97408,262,95,47.6303138,-122.3987579,10,55.09,14.31666667,0.904777778,100,1.399865702,321,5.35,47.6303185,-122.3987485,1.399865702,274,4.782202678,47.63031404,-122.3987251,2.13E-06,2.536903325,1.108897071,2.813164667
13:56:01,10/6/2022,0:14:18,-5.88264,262,95,47.63031,-122.3987579,10,55.09,14.33333333,0.907111111,100,0.422337479,322,5.366666667,47.63031777,-122.3987504,0.422337479,274,4.782202678,47.63031418,-122.3987271,1.96E-06,2.54344575,1.111756808,2.827693127
13:56:02,10/6/2022,0:14:19,-5.91312,262,95,47.63031,-122.3987579,10,55.09,14.35,0.940111111,100,0,323,5.383333333,47.63031702,-122.3987523,0,274,4.782202678,47.63031427,-122.3987283,1.24E-06,2.635974337,1.15220166,3.037174006
13:56:03,10/6/2022,0:14:20,-5.97408,262,95,47.6303062,-122.3987579,10,55.11,14.36666667,0.966333333,100,0.422337475,324,5.4,47.63031633,-122.398754,0.422337475,274,4.782202678,47.63031427,-122.3987283,0,2.709498736,1.184339656,3.208966802
13:56:04,10/6/2022,0:14:21,-5.9436,262,95,47.6303062,-122.3987579,10,55.09,14.38333333,0.946888889,100,0,325,5.416666667,47.63031554,-122.3987561,0,274,4.782202678,47.63031429,-122.3987287,3.36E-07,2.654978526,1.160508515,3.081125186
13:56:05,10/6/2022,0:14:22,-5.91312,261,95,47.6303062,-122.3987579,10,55.09,14.4,0.916888889,100,0,326,5.433333333,47.6303148,-122.398758,0,273,4.764749383,47.63031449,-122.3987325,3.80E-06,2.570861628,1.123740468,2.888981248
13:56:06,10/6/2022,0:14:23,-5.9436,262,95,47.6303062,-122.3987579,10,55.09,14.41666667,0.919888889,100,0,327,5.45,47.6303142,-122.3987598,0,274,4.782202678,47.63031459,-122.3987339,1.41E-06,2.579273318,1.127417272,2.907917289
13:56:07,10/6/2022,0:14:24,-5.9436,263,95,47.6303062,-122.3987579,10,55.09,14.43333333,0.946888889,100,0,328,5.466666667,47.63031375,-122.3987615,0,275,4.799655972,47.63031467,-122.3987349,9.97E-07,2.654978526,1.160508515,3.081125186
13:56:08,10/6/2022,0:14:25,-5.91312,263,95,47.6303062,-122.3987579,10,55.09,14.45,0.969666667,100,0,329,5.483333333,47.63031342,-122.3987631,0,275,4.799655972,47.6303148,-122.3987363,1.46E-06,2.71884506,1.188424996,3.231143428
13:56:09,10/6/2022,0:14:26,-5.9436,263,95,47.63031,-122.3987503,10,55.09,14.46666667,0.9645,100,0.710201046,330,5.5,47.63031348,-122.3987643,0.710201046,275,4.799655972,47.63031498,-122.3987384,2.04E-06,2.70435826,1.18209272,3.196802212
13:56:10,10/6/2022,0:14:27,-6.00456,263,95,47.63031,-122.3987503,10,55.11,14.48333333,0.947,100,0,331,5.516666667,47.63031367,-122.3987656,0,275,4.799655972,47.63031509,-122.3987396,1.28E-06,2.65529007,1.160644693,3.081848327
13:56:11,10/6/2022,0:14:28,-5.97408,262,95,47.63031,-122.3987655,10,55.09,14.5,0.917444444,100,1.141957196,332,5.533333333,47.6303139,-122.3987668,1.141957196,274,4.782202678,47.63031509,-122.3987396,0,2.572419347,1.124421357,2.892483252
13:56:12,10/6/2022,0:14:29,-5.91312,262,95,47.63031,-122.3987655,10,55.09,14.51666667,0.894222222,100,0,333,5.55,47.63031416,-122.3987682,0,274,4.782202678,47.63031523,-122.3987416,2.02E-06,2.507306638,1.095960165,2.747908196
13:56:13,10/6/2022,0:14:30,-5.91312,263,95,47.63031,-122.3987655,10,55.09,14.53333333,0.904888889,100,0,334,5.566666667,47.63031448,-122.3987695,0,275,4.799655972,47.63031528,-122.3987421,5.02E-07,2.537214869,1.109033249,2.813855649
13:56:14,10/6/2022,0:14:31,-5.97408,263,95,47.63031,-122.3987808,10,55.09,14.55,0.917888889,100,1.149470072,335,5.583333333,47.63031487,-122.3987708,1.149470072,275,4.799655972,47.63031545,-122.3987441,1.95E-06,2.573665525,1.124966069,2.895286389
13:56:15,10/6/2022,0:14:32,-5.97408,263,95,47.6303138,-122.3987731,10,55.09,14.56666667,0.918777778,100,0.716255056,336,5.6,47.63031521,-122.3987722,0.716255056,275,4.799655972,47.63031553,-122.398745,9.20E-07,2.576157878,1.126055493,2.900896729
13:56:16,10/6/2022,0:14:33,-5.91312,261,95,47.63031,-122.3987808,10,55.09,14.58333333,0.904777778,100,0.716255056,337,5.616666667,47.63031568,-122.3987736,0.716255056,273,4.764749383,47.6303156,-122.3987463,1.31E-06,2.536903325,1.108897071,2.813164667
13:56:17,10/6/2022,0:14:34,-5.9436,262,95,47.63031,-122.3987808,10,55.11,14.6,0.893888889,100,0,338,5.633333333,47.63031624,-122.3987751,0,274,4.782202678,47.63031564,-122.398747,6.62E-07,2.506372007,1.095551631,2.745859941
13:56:18,10/6/2022,0:14:35,-5.91312,262,95,47.63031,-122.3987884,10,55.11,14.61666667,0.8968,100,0.570978598,339,5.65,47.63031667,-122.3987774,0.570978598,274,4.782202678,47.63031568,-122.3987476,6.21E-07,2.514534461,1.099119494,2.763773843
13:56:19,10/6/2022,0:14:36,-5.91312,263,95,47.63031,-122.3987884,10,55.11,14.63333333,0.91075,100,0,340,5.666666667,47.63031713,-122.3987796,0,275,4.799655972,47.63031584,-122.3987493,1.74E-06,2.553648818,1.116216636,2.850425293
13:56:20,10/6/2022,0:14:37,-5.9436,263,95,47.63031,-122.3987884,10,55.09,14.65,0.9138,100,0,341,5.683333333,47.63031764,-122.3987816,0,275,4.799655972,47.63031593,-122.3987504,1.08E-06,2.562200703,1.11995472,2.869548772
13:56:21,10/6/2022,0:14:38,-5.97408,263,95,47.63031,-122.3987884,10,55.11,14.66666667,0.908333333,100,0,342,5.7,47.63031824,-122.3987834,0,275,4.799655972,47.63031611,-122.3987525,2.12E-06,2.546872734,1.113254765,2.835318206
13:56:22,10/6/2022,0:14:39,-5.9436,263,95,47.6303138,-122.3987808,10,55.11,14.68333333,0.897,100,0.710201015,343,5.716666667,47.63031893,-122.3987852,0.710201015,275,4.799655972,47.63031625,-122.398754,1.54E-06,2.51509524,1.099364614,2.765006708
13:56:23,10/6/2022,0:14:40,-5.7912,262,95,47.6303215,-122.3987884,10,55.09,14.7,0.885777778,100,1.028781533,344,5.733333333,47.63031974,-122.3987867,1.028781533,274,4.782202678,47.63031643,-122.3987566,2.56E-06,2.48362929,1.085610641,2.696254386
13:56:24,10/6/2022,0:14:41,-5.7912,262,95,47.6303215,-122.3987884,10,55.09,14.71666667,0.929111111,100,0,345,5.75,47.63032065,-122.3987882,0,274,4.782202678,47.63031651,-122.3987578,1.22E-06,2.605131475,1.138720042,2.966515423
13:56:25,10/6/2022,0:14:42,-5.82168,262,95,47.6303291,-122.3987808,10,55.09,14.73333333,0.995888889,100,1.019554877,346,5.766666667,47.63032178,-122.3987896,1.019554877,274,4.782202678,47.63031659,-122.3987589,1.11E-06,2.792369459,1.220562992,3.408262822
13:56:26,10/6/2022,0:14:43,-5.7912,262,95,47.6303253,-122.3988037,10,55.09,14.75,1.031555556,100,1.771527765,347,5.783333333,47.63032248,-122.3987914,1.771527765,274,4.782202678,47.63031673,-122.3987609,1.95E-06,2.892375105,1.264276115,3.656760762
13:56:27,10/6/2022,0:14:44,-5.76072,262,95,47.6303215,-122.3988037,10,55.09,14.76666667,1.030444444,100,0.422337475,348,5.8,47.63032318,-122.3987932,0.422337475,274,4.782202678,47.6303168,-122.3987619,9.85E-07,2.889259662,1.262914335,3.648887444
13:56:28,10/6/2022,0:14:45,-5.76072,263,95,47.6303215,-122.3988037,10,55.09,14.78333333,1.038666667,100,0,349,5.816666667,47.63032374,-122.3987953,0,275,4.799655972,47.63031695,-122.3987637,1.81E-06,2.912313925,1.272991504,3.707350884
13:56:29,10/6/2022,0:14:46,-5.82168,263,95,47.6303215,-122.3988037,10,55.09,14.8,1.0549,100,0,350,5.833333333,47.6303242,-122.3987976,0,275,4.799655972,47.63031711,-122.3987654,1.76E-06,2.957830512,1.292887103,3.824140921
13:56:30,10/6/2022,0:14:47,-5.7912,263,95,47.6303215,-122.3988037,10,55.09,14.81666667,1.038888889,100,0,351,5.85,47.6303247,-122.3987998,0,275,4.799655972,47.63031728,-122.3987674,2.02E-06,2.912937012,1.27326386,3.708937424
13:56:31,10/6/2022,0:14:48,-5.76072,262,95,47.6303215,-122.3988037,10,55.11,14.83333333,1.024222222,100,0,352,5.866666667,47.63032517,-122.3988018,0,274,4.782202678,47.63031741,-122.3987692,1.77E-06,2.871813195,1.25528837,3.604953703
13:56:32,10/6/2022,0:14:49,-5.7912,262,95,47.6303253,-122.3988037,10,55.09,14.85,1.018222222,100,0.422337475,353,5.883333333,47.63032577,-122.3988037,0.422337475,274,4.782202678,47.63031752,-122.3987708,1.60E-06,2.854989815,1.24793476,3.56284103
13:56:33,10/6/2022,0:14:50,-5.7912,262,95,47.6303291,-122.3988037,10,55.11,14.86666667,1.019666667,100,0.422337477,354,5.9,47.63032633,-122.3988055,0.422337477,274,4.782202678,47.63031759,-122.3987718,1.03E-06,2.859039889,1.249705074,3.572956658
13:56:34,10/6/2022,0:14:51,-5.76072,262,95,47.6303291,-122.3988037,10,55.09,14.88333333,1.024666667,100,0,355,5.916666667,47.63032697,-122.3988072,0,274,4.782202678,47.63031759,-122.3987718,0,2.873059372,1.255833082,3.608083007
13:56:35,10/6/2022,0:14:52,-5.7912,263,95,47.6303291,-122.3988037,10,55.11,14.9,1.038,100,0,356,5.933333333,47.63032763,-122.3988088,0,275,4.799655972,47.63031771,-122.3987732,1.36E-06,2.910444659,1.272174436,3.702593294
13:56:36,10/6/2022,0:14:53,-5.82168,263,95,47.6303291,-122.3988037,10,55.09,14.91666667,1.032555556,100,0,357,5.95,47.63032835,-122.3988104,0,275,4.799655972,47.63031779,-122.3987741,9.20E-07,2.895179001,1.265501717,3.663853997
13:56:37,10/6/2022,0:14:54,-5.82168,263,95,47.6303291,-122.3988037,10,55.09,14.93333333,1.011666667,100,0,358,5.966666667,47.63032912,-122.3988118,0,275,4.799655972,47.63031779,-122.3987741,0,2.836608717,1.239900262,3.51711189
13:56:38,10/6/2022,0:14:55,-5.73024,262,95,47.6303405,-122.398796,10,55.09,14.95,1.004,100,1.392828982,359,5.983333333,47.63032987,-122.3988132,1.392828982,274,4.782202678,47.63031784,-122.3987749,8.14E-07,2.815112175,1.230503983,3.464006743
13:56:39,10/6/2022,0:14:56,-5.7912,262,95,47.6303367,-122.3988113,10,55.09,14.96666667,1.0185,100,1.224601545,360,6,47.63033069,-122.3988146,1.224601545,274,4.782202678,47.63031815,-122.3987793,4.44E-06,2.855768676,1.248275205,3.564785231
13:56:40,10/6/2022,0:14:57,-5.82168,262,95,47.6303405,-122.3988113,10,55.11,14.98333333,1.024555556,100,0.422337477,361,6.016666667,47.63033145,-122.398816,0.422337477,274,4.782202678,47.63031843,-122.3987833,3.98E-06,2.872747829,1.255696904,3.607300556
13:56:41,10/6/2022,0:14:58,-5.7912,262,95,47.6303405,-122.3988113,10,55.09,15,1.005333333,100,0,362,6.033333333,47.63033221,-122.3988174,0,274,4.782202678,47.63031855,-122.398785,1.71E-06,2.818850703,1.232138118,3.473213399
13:56:42,10/6/2022,0:14:59,-5.73024,262,95,47.6303405,-122.3988113,10,55.11,15.01666667,0.999,100,0,363,6.05,47.63033302,-122.3988188,0,274,4.782202678,47.63031855,-122.398785,0,2.801092692,1.224375975,3.429590595
13:56:43,10/6/2022,0:15:00,-5.7912,262,95,47.6303405,-122.3988113,10,55.11,15.03333333,1.019444444,100,0,364,6.066666667,47.63033399,-122.39882,0,274,4.782202678,47.63031861,-122.3987859,8.64E-07,2.858416799,1.249432717,3.571399469
13:56:44,10/6/2022,0:15:01,-5.82168,263,95,47.6303443,-122.3988113,10,55.09,15.05,1.031333333,100,0.422337478,365,6.083333333,47.630335,-122.3988212,0.422337478,275,4.799655972,47.63031886,-122.3987887,2.83E-06,2.891752014,1.264003759,3.655185415
13:56:45,10/6/2022,0:15:02,-5.76072,262,95,47.6303482,-122.3988113,10,55.09,15.06666667,1.014111111,100,0.433451621,366,6.1,47.63033603,-122.3988223,0.433451621,274,4.782202678,47.63031895,-122.39879,1.31E-06,2.843462685,1.242896176,3.534128898
13:56:46,10/6/2022,0:15:03,-5.76072,262,95,47.6303482,-122.3988113,10,55.09,15.08333333,1.001111111,100,0,367,6.116666667,47.63033714,-122.3988234,0,274,4.782202678,47.63031902,-122.3987911,1.07E-06,2.807012029,1.226963356,3.444100899
13:56:47,10/6/2022,0:15:04,-5.7912,262,95,47.6303443,-122.3988189,10,55.09,15.1,1.010666667,100,0.716865687,368,6.133333333,47.63033839,-122.3988246,0.716865687,274,4.782202678,47.63031914,-122.3987927,1.63E-06,2.83380482,1.23867466,3.510162223
13:56:48,10/6/2022,0:15:05,-5.76072,263,95,47.6303443,-122.3988189,10,55.09,15.11666667,1.012,100,0,369,6.15,47.63033976,-122.3988257,0,275,4.799655972,47.63031929,-122.3987944,1.71E-06,2.837543348,1.240308795,3.519429971
13:56:49,10/6/2022,0:15:06,-5.76072,263,95,47.6303482,-122.3988189,10,55.09,15.13333333,1.007,100,0.433451622,370,6.166666667,47.63034116,-122.398827,0.433451622,275,4.799655972,47.63031944,-122.3987961,1.71E-06,2.823523865,1.234180787,3.484738907
13:56:50,10/6/2022,0:15:07,-5.82168,263,95,47.6303482,-122.3988189,10,55.09,15.15,1.009,100,0,371,6.183333333,47.63034266,-122.3988279,0,275,4.799655972,47.63031946,-122.3987963,2.60E-07,2.829131658,1.23663199,3.498594714
13:56:51,10/6/2022,0:15:08,-5.85216,262,95,47.6303482,-122.3988418,10,55.09,15.16666667,0.997888889,100,1.720447407,372,6.2,47.63034385,-122.3988293,1.720447407,274,4.782202678,47.63031955,-122.3987977,1.36E-06,2.797977252,1.223014195,3.421965897
13:56:52,10/6/2022,0:15:09,-5.76072,262,95,47.6303482,-122.3988418,10,55.09,15.18333333,0.981777778,100,0,373,6.216666667,47.63034489,-122.3988308,0,274,4.782202678,47.63031973,-122.3988002,2.55E-06,2.752803363,1.203268392,3.312361277
13:56:53,10/6/2022,0:15:10,-5.73024,262,95,47.6303482,-122.3988418,10,55.09,15.2,0.980555556,100,0,374,6.233333333,47.63034577,-122.3988325,0,274,4.782202678,47.63031981,-122.3988014,1.20E-06,2.749376379,1.201770435,3.304119247
13:56:54,10/6/2022,0:15:11,-5.73024,262,95,47.6303443,-122.3988494,10,55.11,15.21666667,1.008333333,100,0.716865687,375,6.25,47.63034644,-122.3988343,0.716865687,274,4.782202678,47.63031986,-122.3988022,7.07E-07,2.827262393,1.235814922,3.493973055
13:56:55,10/6/2022,0:15:12,-5.76072,263,95,47.6303405,-122.3988571,10,55.09,15.23333333,1.035222222,100,0.71625478,376,6.266666667,47.63034695,-122.3988362,0.71625478,275,4.799655972,47.63031986,-122.3988022,0,2.902656057,1.268769987,3.682802888
13:56:56,10/6/2022,0:15:13,-5.73024,263,95,47.6303405,-122.3988571,10,55.09,15.25,1.041666667,100,0,377,6.283333333,47.63034729,-122.3988382,0,275,4.799655972,47.63031993,-122.3988029,7.32E-07,2.920725614,1.276668309,3.728797831
13:56:57,10/6/2022,0:15:14,-5.73024,263,95,47.6303405,-122.3988571,10,55.09,15.26666667,1.040666667,100,0,378,6.3,47.63034747,-122.3988406,0,275,4.799655972,47.63032006,-122.3988044,1.57E-06,2.917921718,1.275442707,3.721641976
13:56:58,10/6/2022,0:15:15,-5.76072,263,95,47.6303405,-122.3988571,10,55.11,15.28333333,1.037666667,100,0,379,6.316666667,47.63034749,-122.3988431,0,275,4.799655972,47.63032016,-122.3988056,1.14E-06,2.909510028,1.271765903,3.700215647
13:56:59,10/6/2022,0:15:16,-5.69976,261,95,47.6303405,-122.3988571,10,55.09,15.3,1.033888889,100,0,380,6.333333333,47.63034735,-122.3988457,0,273,4.764749383,47.63032027,-122.3988075,1.96E-06,2.898917529,1.267135852,3.673322333
13:57:00,10/6/2022,0:15:17,-5.69976,262,95,47.6303405,-122.3988571,10,55.09,15.31666667,1.0385,100,0,381,6.35,47.63034718,-122.3988481,0,274,4.782202678,47.63032036,-122.3988089,1.40E-06,2.911846608,1.272787237,3.706161198
13:57:01,10/6/2022,0:15:18,-5.76072,263,95,47.6303405,-122.3988571,10,55.11,15.33333333,1.045333333,100,0,382,6.366666667,47.63034687,-122.3988504,0,275,4.799655972,47.63032055,-122.3988111,2.14E-06,2.931006567,1.281162181,3.755094765
13:57:02,10/6/2022,0:15:19,-5.7912,264,95,47.6303405,-122.3988571,10,55.09,15.35,1.030444444,100,0,383,6.383333333,47.63034662,-122.3988527,0,276,4.817109267,47.63032079,-122.3988134,2.32E-06,2.889259662,1.262914335,3.648887444
13:57:03,10/6/2022,0:15:20,-5.73024,263,95,47.6303405,-122.3988571,10,55.11,15.36666667,1.022,100,0,384,6.4,47.6303465,-122.3988547,0,275,4.799655972,47.63032087,-122.3988142,8.32E-07,2.865582314,1.252564811,3.589327569
13:57:04,10/6/2022,0:15:21,-5.69976,263,95,47.6303405,-122.3988571,10,55.09,15.38333333,1.025111111,100,0,385,6.416666667,47.63034633,-122.3988569,0,275,4.799655972,47.63032097,-122.3988154,1.21E-06,2.874305547,1.256377794,3.611213662
13:57:05,10/6/2022,0:15:22,-5.76072,262,95,47.6303291,-122.39888,10,55.09,15.4,1.027111111,100,2.136647202,386,6.433333333,47.63034611,-122.3988592,2.136647202,274,4.782202678,47.63032097,-122.3988154,0,2.879913341,1.258828997,3.625318421
13:57:06,10/6/2022,0:15:23,-5.76072,263,95,47.6303291,-122.39888,10,55.11,15.41666667,1.015222222,100,0,387,6.45,47.63034581,-122.3988614,0,275,4.799655972,47.63032114,-122.3988173,1.91E-06,2.846578125,1.244257956,3.541877479
13:57:07,10/6/2022,0:15:24,-5.69976,264,95,47.6303253,-122.39888,10,55.09,15.43333333,1.005777778,100,0.422337474,388,6.466666667,47.63034543,-122.3988642,0.422337474,276,4.817109267,47.63032151,-122.3988209,3.60E-06,2.820096881,1.23268283,3.476285004
13:57:08,10/6/2022,0:15:25,-5.69976,263,95,47.6303253,-122.39888,10,55.09,15.45,1.023777778,100,0,389,6.483333333,47.63034499,-122.3988668,0,275,4.799655972,47.63032168,-122.3988227,1.86E-06,2.87056702,1.254743658,3.601825764
13:57:09,10/6/2022,0:15:26,-5.73024,262,95,47.6303253,-122.39888,10,55.11,15.46666667,1.037111111,100,0,390,6.5,47.6303445,-122.3988694,0,274,4.782202678,47.63032174,-122.3988236,8.94E-07,2.907952306,1.271085012,3.696254594
13:57:10,10/6/2022,0:15:27,-5.69976,262,95,47.6303367,-122.3988647,10,55.09,15.48333333,1.020333333,100,1.710731086,391,6.516666667,47.63034397,-122.398872,1.710731086,274,4.782202678,47.63032186,-122.3988254,1.82E-06,2.860909152,1.250522141,3.577630239
13:57:11,10/6/2022,0:15:28,-5.73024,263,95,47.630352,-122.3988494,10,55.09,15.5,1.0095,100,2.052524708,392,6.533333333,47.63034335,-122.3988747,2.052524708,275,4.799655972,47.63032196,-122.3988265,1.10E-06,2.830533607,1.237244791,3.502062961
13:57:12,10/6/2022,0:15:29,-5.76072,263,95,47.630352,-122.3988494,10,55.09,15.51666667,1.010666667,100,0,393,6.55,47.63034285,-122.3988771,0,275,4.799655972,47.63032206,-122.3988277,1.15E-06,2.83380482,1.23867466,3.510162223
13:57:13,10/6/2022,0:15:30,-5.73024,263,95,47.630352,-122.3988494,10,55.09,15.53333333,1.001222222,100,0,394,6.566666667,47.63034229,-122.3988794,0,275,4.799655972,47.63032206,-122.3988277,0,2.807323573,1.227099533,3.444865447
13:57:14,10/6/2022,0:15:31,-5.69976,261,95,47.630352,-122.3988494,10,55.09,15.55,0.997888889,100,0,395,6.583333333,47.63034168,-122.3988821,0,273,4.764749383,47.63032216,-122.3988295,1.81E-06,2.797977252,1.223014195,3.421965897
13:57:15,10/6/2022,0:15:32,-5.76072,262,95,47.630352,-122.3988494,10,55.09,15.56666667,1.001555556,100,0,396,6.6,47.63034104,-122.3988848,0,274,4.782202678,47.63032218,-122.3988298,3.26E-07,2.808258207,1.227508068,3.447159607
13:57:16,10/6/2022,0:15:33,-5.7912,263,95,47.630352,-122.3988494,10,55.09,15.58333333,0.992444444,100,0,397,6.616666667,47.63034038,-122.3988872,0,275,4.799655972,47.63032243,-122.3988327,2.92E-06,2.782711591,1.216341475,3.384727521
13:57:17,10/6/2022,0:15:34,-5.76072,263,95,47.630352,-122.3988494,10,55.09,15.6,0.978888889,100,0,398,6.633333333,47.63033964,-122.3988897,0,275,4.799655972,47.63032251,-122.3988336,9.03E-07,2.744703217,1.199727765,3.292896657
13:57:18,10/6/2022,0:15:35,-5.69976,260,95,47.630352,-122.3988494,10,55.11,15.61666667,0.966222222,100,0,399,6.65,47.63033886,-122.3988925,0,272,4.747296089,47.63032257,-122.3988354,1.81E-06,2.709187192,1.184203478,3.208228897
13:57:19,10/6/2022,0:15:36,-5.73024,262,95,47.6303443,-122.3989028,10,55.08,15.63333333,0.963888889,100,4.102133568,400,6.666666667,47.63033811,-122.3988951,4.102133568,274,4.782202678,47.63032269,-122.3988371,1.64E-06,2.702644768,1.181343742,3.192752483
13:57:20,10/6/2022,0:15:37,-5.73024,262,95,47.6303443,-122.3989028,10,55.09,15.65,0.978,100,0,401,6.683333333,47.63033741,-122.3988975,0,274,4.782202678,47.63032278,-122.3988383,1.28E-06,2.742210864,1.198638342,3.286919082
13:57:21,10/6/2022,0:15:38,-5.69976,261,95,47.6303443,-122.3989028,10,55.11,15.66666667,0.985888889,100,0,402,6.7,47.63033678,-122.3988997,0,273,4.764749383,47.63032278,-122.3988383,0,2.764330493,1.208306976,3.34015982
13:57:22,10/6/2022,0:15:39,-5.73024,262,95,47.6303443,-122.3989028,10,55.09,15.68333333,0.9873,100,0,403,6.716666667,47.63033615,-122.3989019,0,274,4.782202678,47.63032278,-122.3988383,0,2.768287102,1.210036436,3.34972826
13:57:23,10/6/2022,0:15:40,-5.76072,263,95,47.6303443,-122.3989028,10,55.09,15.7,0.993111111,100,0,404,6.733333333,47.63033567,-122.3989038,0,275,4.799655972,47.63032296,-122.3988405,2.12E-06,2.784580857,1.217158543,3.389276378
13:57:24,10/6/2022,0:15:41,-5.73024,262,95,47.6303443,-122.3989028,10,55.09,15.71666667,0.989222222,100,0,405,6.75,47.63033522,-122.3989058,0,274,4.782202678,47.63032307,-122.398842,1.57E-06,2.773676814,1.212392315,3.362784452
13:57:25,10/6/2022,0:15:42,-5.73024,262,95,47.6303443,-122.3989028,10,55.09,15.73333333,0.970666667,100,0,406,6.766666667,47.63033471,-122.3989076,0,274,4.782202678,47.63032315,-122.3988431,1.09E-06,2.721648957,1.189650597,3.237811306
13:57:26,10/6/2022,0:15:43,-5.7912,262,95,47.630352,-122.3989028,10,55.09,15.75,0.955555556,100,0.855789093,407,6.783333333,47.63033437,-122.3989094,0.855789093,274,4.782202678,47.63032323,-122.3988443,1.14E-06,2.679278964,1.171130396,3.137785033
13:57:27,10/6/2022,0:15:44,-5.76072,262,95,47.630352,-122.3989028,10,55.09,15.76666667,0.941888889,100,0,408,6.8,47.6303339,-122.3989112,0,274,4.782202678,47.63032338,-122.3988464,2.13E-06,2.640959043,1.154380507,3.048671639
13:57:28,10/6/2022,0:15:45,-5.69976,262,95,47.630352,-122.3989028,10,55.09,15.78333333,0.936222222,100,0,409,6.816666667,47.63033352,-122.3989127,0,274,4.782202678,47.63032346,-122.3988476,1.17E-06,2.625070295,1.147435431,3.012098665
13:57:29,10/6/2022,0:15:46,-5.69976,262,95,47.630352,-122.3989028,10,55.09,15.8,0.945111111,100,0,410,6.833333333,47.63033327,-122.3989141,0,274,4.782202678,47.63032366,-122.3988504,2.85E-06,2.64999382,1.158329667,3.06956646
13:57:30,10/6/2022,0:15:47,-5.76072,263,95,47.6303482,-122.3989181,10,55.09,15.81666667,0.954777778,100,1.224601297,411,6.85,47.63033309,-122.3989156,1.224601297,275,4.799655972,47.6303237,-122.3988509,5.12E-07,2.677098155,1.17017715,3.132679088
13:57:31,10/6/2022,0:15:48,-5.76072,263,95,47.6303443,-122.3989334,10,55.09,15.83333333,0.947888889,100,1.228478689,412,6.866666667,47.630333,-122.398917,1.228478689,275,4.799655972,47.63032387,-122.3988528,1.88E-06,2.657782423,1.161734116,3.087636515
13:57:32,10/6/2022,0:15:49,-5.73024,263,95,47.6303329,-122.3989486,10,55.09,15.85,0.9317,100,1.705692012,413,6.883333333,47.630333,-122.3989184,1.705692012,275,4.799655972,47.63032406,-122.398855,2.25E-06,2.612390452,1.141892989,2.983070341
13:57:33,10/6/2022,0:15:50,-5.73024,262,95,47.6303329,-122.3989486,10,55.09,15.86666667,0.925888889,100,0,414,6.9,47.63033309,-122.3989198,0,274,4.782202678,47.63032417,-122.3988565,1.48E-06,2.596096698,1.134770882,2.945974939
13:57:34,10/6/2022,0:15:51,-5.66928,262,95,47.6303253,-122.3989486,10,55.09,15.88333333,0.927777778,100,0.844674944,415,6.916666667,47.63033322,-122.3989211,0.844674944,274,4.782202678,47.63032428,-122.3988582,1.66E-06,2.601392947,1.137085907,2.958007259
13:57:35,10/6/2022,0:15:52,-5.4864,263,95,47.6303253,-122.3989486,10,55.09,15.9,0.949666667,100,0,416,6.933333333,47.63033338,-122.3989225,0,275,4.799655972,47.63032448,-122.3988604,2.22E-06,2.662767128,1.163912964,3.099229181
13:57:36,10/6/2022,0:15:53,-5.45592,263,95,47.6303253,-122.3989486,10,55.09,15.91666667,1.017888889,100,0,417,6.95,47.63033363,-122.3989239,0,275,4.799655972,47.63032454,-122.3988611,6.93E-07,2.854055184,1.247526227,3.560508695
13:57:37,10/6/2022,0:15:54,-5.45592,263,95,47.6303253,-122.3989486,10,55.11,15.93333333,1.125444444,100,0,418,6.966666667,47.63033397,-122.3989253,0,275,4.799655972,47.6303247,-122.3988629,1.84E-06,3.155629838,1.379346485,4.352706923
13:57:38,10/6/2022,0:15:55,-5.42544,263,95,47.6303253,-122.3989486,10,55.09,15.95,1.202,100,0,419,6.983333333,47.63033441,-122.3989267,0,275,4.799655972,47.63032478,-122.3988639,1.00E-06,3.3702837,1.473173095,4.965011268
13:57:39,10/6/2022,0:15:56,-5.39496,262,95,47.6303215,-122.3989486,10,55.09,15.96666667,1.219777778,100,0.422337471,420,7,47.63033495,-122.3989282,0.422337471,274,4.782202678,47.63032492,-122.3988659,2.03E-06,3.420130751,1.494961567,5.112964028
13:57:40,10/6/2022,0:15:57,-5.42544,262,95,47.6303176,-122.3989562,10,55.09,15.98333333,1.155888889,100,0.716865911,421,7.016666667,47.63033539,-122.3989298,0.716865911,274,4.782202678,47.63032492,-122.3988659,0,3.240992913,1.416659244,4.591382571
13:57:41,10/6/2022,0:15:58,-5.39496,263,95,47.6303138,-122.3989562,10,55.09,16,1.102555556,100,0.42233747,422,7.033333333,47.63033597,-122.3989312,0.42233747,275,4.799655972,47.63032502,-122.398867,1.14E-06,3.091451763,1.351293827,4.177459684
13:57:42,10/6/2022,0:15:59,-5.36448,263,95,47.63031,-122.3989562,10,55.09,16.01666667,1.044111111,100,0.422337472,423,7.05,47.63033656,-122.3989326,0.422337472,275,4.799655972,47.6303252,-122.398869,1.97E-06,2.927579583,1.279664223,3.746318853
13:57:43,10/6/2022,0:16:00,-5.36448,262,95,47.63031,-122.3989562,10,55.09,16.03333333,0.964,100,0,424,7.066666667,47.63033721,-122.3989341,0,274,4.782202678,47.63032532,-122.3988708,1.78E-06,2.702956312,1.18147992,3.193488606
13:57:44,10/6/2022,0:16:01,-5.42544,261,95,47.6303138,-122.3989486,10,55.09,16.05,0.9181,100,0.710201005,425,7.083333333,47.63033793,-122.3989356,0.710201005,273,4.764749383,47.63032538,-122.3988719,1.15E-06,2.574257458,1.125224807,2.896618352
13:57:45,10/6/2022,0:16:02,-5.42544,263,95,47.6303138,-122.3989486,10,55.08,16.06666667,0.895555556,100,0,426,7.1,47.63033872,-122.3989372,0,275,4.799655972,47.63032575,-122.3988761,4.21E-06,2.511045169,1.097594301,2.756108867
13:57:46,10/6/2022,0:16:03,-5.42544,263,95,47.6303138,-122.3989486,10,55.09,16.08333333,0.876888889,100,0,427,7.116666667,47.6303395,-122.3989388,0,275,4.799655972,47.63032582,-122.398877,8.41E-07,2.458705765,1.074716405,2.642411419
13:57:47,10/6/2022,0:16:04,-5.42544,263,95,47.6303138,-122.3989486,10,55.11,16.1,0.892666667,100,0,428,7.133333333,47.63034027,-122.3989405,0,275,4.799655972,47.63032605,-122.3988796,2.68E-06,2.502945023,1.094053674,2.738356198
13:57:48,10/6/2022,0:16:05,-5.42544,262,95,47.6303215,-122.3989486,10,55.08,16.11666667,0.912777778,100,0.855789084,429,7.15,47.63034107,-122.3989423,0.855789084,274,4.782202678,47.63032618,-122.3988814,1.79E-06,2.559334498,1.118701884,2.863132324
13:57:49,10/6/2022,0:16:06,-5.42544,262,95,47.6303367,-122.3989334,10,55.09,16.13333333,0.984222222,100,2.039109681,430,7.166666667,47.63034197,-122.398944,2.039109681,274,4.782202678,47.63032631,-122.3988833,1.86E-06,2.759657331,1.206264307,3.328876137
13:57:50,10/6/2022,0:16:07,-5.45592,262,95,47.6303482,-122.3989334,10,55.11,16.15,1.086555556,100,1.278126563,431,7.183333333,47.63034291,-122.3989458,1.278126563,274,4.782202678,47.63032644,-122.3988852,1.93E-06,3.046589417,1.331684202,4.057094997
13:57:51,10/6/2022,0:16:08,-5.4864,262,95,47.6303558,-122.3989257,10,55.09,16.16666667,1.167666667,100,1.023781035,432,7.2,47.63034372,-122.3989474,1.023781035,274,4.782202678,47.63032651,-122.3988862,9.97E-07,3.274016585,1.431094108,4.685425843
13:57:52,10/6/2022,0:16:09,-5.42544,262,95,47.6303558,-122.3989257,10,55.09,16.18333333,1.2251,100,0,433,7.216666667,47.63034456,-122.3989491,0,274,4.782202678,47.6303266,-122.3988875,1.31E-06,3.435053711,1.501484491,5.157679873
13:57:53,10/6/2022,0:16:10,-5.39496,261,95,47.6303558,-122.3989257,10,55.09,16.2,1.244125,100,0,434,7.233333333,47.63034544,-122.3989508,0,273,4.764749383,47.63032664,-122.3988882,7.02E-07,3.488397844,1.524801561,5.319114478
13:57:54,10/6/2022,0:16:11,-5.45592,260,95,47.6303558,-122.3989257,10,55.11,16.21666667,1.2447,100,0,435,7.25,47.63034636,-122.3989524,0,272,4.747296089,47.6303267,-122.39889,1.77E-06,3.490010084,1.525506282,5.324032308
13:57:55,10/6/2022,0:16:12,-5.51688,261,95,47.6303558,-122.3989257,10,55.09,16.23333333,1.215333333,100,0,436,7.266666667,47.63034731,-122.3989541,0,273,4.764749383,47.63032687,-122.3988931,3.16E-06,3.407668987,1.489514449,5.075772192
13:57:56,10/6/2022,0:16:13,-5.4864,263,95,47.6303558,-122.3989257,10,55.09,16.25,1.180777778,100,0,437,7.283333333,47.63034829,-122.3989557,0,275,4.799655972,47.63032687,-122.3988931,0,3.310778784,1.447163106,4.791236908
13:57:57,10/6/2022,0:16:14,-5.42544,263,95,47.6303558,-122.3989257,10,55.11,16.26666667,1.178777778,100,0,438,7.3,47.6303493,-122.3989573,0,275,4.799655972,47.63032687,-122.3988931,0,3.305170991,1.444711903,4.775019871
13:57:58,10/6/2022,0:16:15,-5.42544,263,95,47.6303558,-122.3989562,10,55.09,16.28333333,1.206888889,100,2.291425234,439,7.316666667,47.63035034,-122.3989589,2.291425234,275,4.799655972,47.63032699,-122.3988946,1.44E-06,3.383991639,1.479164925,5.005481738
13:57:59,10/6/2022,0:16:16,-5.45592,263,95,47.6303558,-122.3989562,10,55.09,16.3,1.223333333,100,0,440,7.333333333,47.6303514,-122.3989605,0,275,4.799655972,47.63032707,-122.3988955,9.12E-07,3.43010016,1.499319261,5.142815237
13:58:00,10/6/2022,0:16:17,-5.4864,263,95,47.6303558,-122.3989562,10,55.09,16.31666667,1.209777778,100,0,441,7.35,47.6303525,-122.3989621,0,275,4.799655972,47.63032725,-122.3988975,2.04E-06,3.392091785,1.482705552,5.029473322
13:58:01,10/6/2022,0:16:18,-5.51688,263,95,47.6303558,-122.3989562,10,55.09,16.33333333,1.195222222,100,0,442,7.366666667,47.63035361,-122.3989637,0,275,4.799655972,47.63032758,-122.3989013,3.78E-06,3.351279511,1.464866239,4.909176215
13:58:02,10/6/2022,0:16:19,-5.60832,262,95,47.6303558,-122.3989562,10,55.11,16.35,1.196333333,100,0,443,7.383333333,47.63035475,-122.3989653,0,274,4.782202678,47.63032769,-122.3989029,1.64E-06,3.354394952,1.466228019,4.918307864
13:58:03,10/6/2022,0:16:21,-5.76072,263,95,47.6303558,-122.3989562,10,55.09,16.36666667,1.179444444,100,0,444,7.4,47.6303559,-122.3989668,0,275,4.799655972,47.6303279,-122.3989052,2.31E-06,3.307040253,1.44552897,4.78042249
13:58:04,10/6/2022,0:16:21,-5.85216,263,95,47.6303672,-122.398941,10,55.09,16.38333333,1.079777778,100,1.705691683,445,7.416666667,47.63035707,-122.3989684,1.705691683,275,4.799655972,47.63032805,-122.398907,1.81E-06,3.027585229,1.323377347,4.006637707
13:58:05,10/6/2022,0:16:22,-5.85216,262,95,47.630371,-122.3989486,10,55.09,16.4,0.936,100,0.710200504,446,7.433333333,47.63035826,-122.3989699,0.710200504,274,4.782202678,47.63032816,-122.3989085,1.49E-06,2.624447207,1.147163075,3.010668929
13:58:06,10/6/2022,0:16:23,-5.73024,263,95,47.630371,-122.3989486,10,55.09,16.41666667,0.855555556,100,0,447,7.45,47.63035946,-122.3989714,0,275,4.799655972,47.63032841,-122.3989114,2.91E-06,2.398889305,1.048570238,2.51540393
13:58:07,10/6/2022,0:16:24,-5.6388,262,95,47.630371,-122.3989486,10,55.09,16.43333333,0.8841,100,0,448,7.466666667,47.63036067,-122.3989729,0,274,4.782202678,47.63032855,-122.3989134,2.06E-06,2.478924974,1.083554354,2.686049948
13:58:08,10/6/2022,0:16:25,-5.60832,261,95,47.630371,-122.3989791,10,55.09,16.45,0.960888889,100,2.291424566,449,7.483333333,47.63036188,-122.3989744,2.291424566,273,4.764749383,47.63032863,-122.3989148,1.37E-06,2.694233078,1.177666937,3.172909217
13:58:09,10/6/2022,0:16:26,-5.60832,263,95,47.630371,-122.3989791,10,55.09,16.46666667,1.019888889,100,0,450,7.5,47.6303631,-122.3989758,0,275,4.799655972,47.63032887,-122.3989176,2.80E-06,2.859662977,1.24997743,3.574514179
13:58:10,10/6/2022,0:16:27,-5.6388,263,95,47.630371,-122.3989791,10,55.09,16.48333333,1.04,100,0,451,7.516666667,47.63036433,-122.3989773,0,275,4.799655972,47.63032904,-122.3989196,1.99E-06,2.916052453,1.274625639,3.716875222
13:58:11,10/6/2022,0:16:28,-5.60832,263,95,47.630371,-122.3989791,10,55.09,16.5,1.051333333,100,0,452,7.533333333,47.63036555,-122.3989787,0,275,4.799655972,47.63032912,-122.3989205,9.00E-07,2.947829946,1.28851579,3.798325432
13:58:12,10/6/2022,0:16:29,-5.54736,263,95,47.630371,-122.3989791,10,55.11,16.51666667,1.082333333,100,0,453,7.55,47.63036676,-122.3989801,0,275,4.799655972,47.63032926,-122.398922,1.57E-06,3.034750741,1.326509439,4.025625502
13:58:13,10/6/2022,0:16:30,-5.54736,263,94,47.6303825,-122.3989562,10,55.09,16.53333333,1.114888889,100,2.143255355,454,7.566666667,47.63036797,-122.3989814,2.143255355,275,4.799655972,47.63032937,-122.3989233,1.26E-06,3.126033153,1.36640958,4.271441647
13:58:14,10/6/2022,0:16:31,-5.60832,262,94,47.6303825,-122.3989562,10,55.11,16.55,1.121444444,100,0,455,7.583333333,47.63036917,-122.3989828,0,274,4.782202678,47.63032947,-122.3989247,1.46E-06,3.144414251,1.374444078,4.321821547
13:58:15,10/6/2022,0:16:32,-5.6388,263,94,47.6303825,-122.3989868,10,55.09,16.56666667,1.088888889,100,2.298936927,456,7.6,47.63037035,-122.3989841,2.298936927,275,4.799655972,47.63032954,-122.3989256,8.22E-07,3.053131842,1.334543939,4.074538593
13:58:16,10/6/2022,0:16:33,-5.60832,263,94,47.6303825,-122.3989868,10,55.09,16.58333333,1.055777778,100,0,457,7.616666667,47.63037152,-122.3989854,0,275,4.799655972,47.63032966,-122.398927,1.41E-06,2.96029171,1.293962909,3.830507673
13:58:17,10/6/2022,0:16:34,-5.54736,263,94,47.6303825,-122.3989868,10,55.09,16.6,1.0678,100,0,458,7.633333333,47.63037267,-122.3989867,0,275,4.799655972,47.63032971,-122.3989275,5.12E-07,2.994000778,1.308697363,3.918240923
13:58:18,10/6/2022,0:16:35,-5.54736,262,94,47.6303825,-122.3989868,10,55.09,16.61666667,1.112,100,0,459,7.65,47.63037379,-122.3989879,0,274,4.782202678,47.63032979,-122.3989286,1.16E-06,3.117933007,1.362868953,4.249334092
13:58:19,10/6/2022,0:16:36,-5.60832,262,94,47.6303749,-122.3990173,10,55.09,16.63333333,1.121666667,100,2.44215084,460,7.666666667,47.63037488,-122.3989891,2.44215084,274,4.782202678,47.63033001,-122.3989318,3.22E-06,3.145037342,1.374716435,4.323534523
13:58:20,10/6/2022,0:16:37,-5.6388,263,94,47.6303749,-122.3990173,10,55.09,16.65,1.093222222,100,0,461,7.683333333,47.63037594,-122.3989903,0,275,4.799655972,47.63033012,-122.398933,1.20E-06,3.065282059,1.339854879,4.107033121
13:58:21,10/6/2022,0:16:38,-5.60832,263,94,47.6303749,-122.3990173,10,55.09,16.66666667,1.067555556,100,0,462,7.7,47.63037697,-122.3989914,0,275,4.799655972,47.63033026,-122.3989346,1.61E-06,2.993315382,1.308397772,3.916447177
13:58:22,10/6/2022,0:16:39,-5.54736,262,94,47.6303749,-122.3990173,10,55.09,16.68333333,1.077333333,100,0,463,7.716666667,47.63037795,-122.3989925,0,274,4.782202678,47.63033041,-122.3989368,2.20E-06,3.020731258,1.320381431,3.988517461
13:58:23,10/6/2022,0:16:40,-5.54736,262,94,47.630371,-122.3990173,10,55.09,16.7,1.113888889,100,0.433451615,464,7.733333333,47.6303789,-122.3989936,0.433451615,274,4.782202678,47.6303305,-122.3989381,1.22E-06,3.123229256,1.365183978,4.263782541
13:58:24,10/6/2022,0:16:41,-5.60832,262,94,47.6303749,-122.3990097,10,55.09,16.71666667,1.129111111,100,0.716865445,465,7.75,47.63037979,-122.3989946,0.716865445,274,4.782202678,47.63033068,-122.3989407,2.65E-06,3.165910793,1.383840357,4.381115123
13:58:25,10/6/2022,0:16:42,-5.6388,262,94,47.6303749,-122.3990097,10,55.09,16.73333333,1.112222222,100,0,466,7.766666667,47.63038063,-122.3989956,0,274,4.782202678,47.63033082,-122.3989426,1.89E-06,3.118556094,1.363141308,4.251032635
13:58:26,10/6/2022,0:16:43,-5.6388,263,94,47.6303749,-122.3990097,10,55.09,16.75,1.082777778,100,0,467,7.783333333,47.63038142,-122.3989966,0,275,4.799655972,47.63033107,-122.3989455,2.91E-06,3.035996918,1.327054151,4.028932314
13:58:27,10/6/2022,0:16:44,-5.6388,262,94,47.6303825,-122.399002,10,55.09,16.76666667,1.062666667,100,1.023780868,468,7.8,47.63038214,-122.3989975,1.023780868,274,4.782202678,47.63033119,-122.3989473,1.80E-06,2.979607443,1.302405942,3.880658439
13:58:28,10/6/2022,0:16:45,-5.6388,262,94,47.6303787,-122.399002,10,55.09,16.78333333,1.0502,100,0.422337474,469,7.816666667,47.6303828,-122.3989984,0.422337474,274,4.782202678,47.6303313,-122.3989488,1.50E-06,2.944652198,1.287126775,3.790140688
13:58:29,10/6/2022,0:16:46,-5.6388,262,94,47.6303787,-122.399002,10,55.09,16.8,1.055625,100,0,470,7.833333333,47.63038338,-122.3989992,0,274,4.782202678,47.6303314,-122.3989502,1.41E-06,2.959863337,1.293775664,3.829399154
13:58:30,10/6/2022,0:16:47,-5.66928,262,94,47.6303787,-122.399002,10,55.09,16.81666667,1.0559,100,0,471,7.85,47.63038389,-122.399,0,274,4.782202678,47.63033155,-122.3989524,2.20E-06,2.960634408,1.294112704,3.831394601
13:58:31,10/6/2022,0:16:48,-5.66928,263,94,47.6303787,-122.399002,10,55.09,16.83333333,1.047,100,0,472,7.866666667,47.63038432,-122.3990007,0,275,4.799655972,47.63033161,-122.3989531,6.80E-07,2.935679729,1.28320485,3.767078467
13:58:32,10/6/2022,0:16:49,-5.6388,262,94,47.6303787,-122.399002,10,55.11,16.85,1.047,100,0,473,7.883333333,47.63038467,-122.3990014,0,274,4.782202678,47.63033169,-122.3989541,1.08E-06,2.935679729,1.28320485,3.767078467
13:58:33,10/6/2022,0:16:50,-5.6388,262,94,47.6303787,-122.399002,10,55.09,16.86666667,1.060777778,100,0,474,7.9,47.63038492,-122.399002,0,274,4.782202678,47.63033191,-122.3989574,3.23E-06,2.974311193,1.300090917,3.866874966
13:58:34,10/6/2022,0:16:51,-5.66928,262,94,47.6303787,-122.399002,10,55.09,16.88333333,1.064888889,100,0,475,7.916666667,47.63038508,-122.3990026,0,274,4.782202678,47.63033202,-122.3989589,1.56E-06,2.985838323,1.305129501,3.896905681
13:58:35,10/6/2022,0:16:52,-5.66928,262,94,47.6303787,-122.399002,10,55.11,16.9,1.051,100,0,476,7.933333333,47.63038514,-122.3990031,0,274,4.782202678,47.63033233,-122.3989634,4.44E-06,2.946895315,1.288107257,3.79591724
13:58:36,10/6/2022,0:16:53,-5.6388,263,94,47.6303787,-122.399002,10,55.09,16.91666667,1.039666667,100,0,477,7.95,47.63038509,-122.3990036,0,275,4.799655972,47.63033237,-122.3989638,4.00E-07,2.915117821,1.274217106,3.714492993
13:58:37,10/6/2022,0:16:54,-5.6388,263,94,47.6303787,-122.399002,10,55.11,16.93333333,1.048333333,100,0,478,7.966666667,47.63038493,-122.399004,0,275,4.799655972,47.63033253,-122.3989657,1.93E-06,2.939418256,1.284838985,3.77667917
13:58:38,10/6/2022,0:16:55,-5.66928,263,94,47.6303787,-122.399002,10,55.09,16.95,1.0638,100,0,479,7.983333333,47.63038465,-122.3990043,0,275,4.799655972,47.63033266,-122.3989671,1.42E-06,2.982785191,1.303794957,3.88894029
13:58:39,10/6/2022,0:16:56,-5.6388,263,94,47.6303787,-122.399002,10,55.09,16.96666667,1.064,100,0,480,8,47.63038425,-122.3990046,0,275,4.799655972,47.63033295,-122.3989704,3.32E-06,2.983345971,1.304040077,3.89040271
13:58:40,10/6/2022,0:16:57,-5.6388,262,94,47.6303787,-122.399002,10,55.11,16.98333333,1.0624,100,0,481,8.016666667,47.63038372,-122.3990048,0,274,4.782202678,47.63033309,-122.3989724,2.04E-06,2.978859736,1.302079115,3.878711048
13:58:41,10/6/2022,0:16:58,-5.6388,262,94,47.6303787,-122.399002,10,55.09,17,1.063777778,100,0,482,8.033333333,47.63038306,-122.399005,0,274,4.782202678,47.63033323,-122.3989744,2.00E-06,2.982722883,1.303767722,3.888777817
13:58:42,10/6/2022,0:16:59,-5.6388,262,94,47.6303787,-122.399002,10,55.09,17.01666667,1.060111111,100,0,483,8.05,47.63038225,-122.3990051,0,274,4.782202678,47.63033324,-122.3989747,2.33E-07,2.972441928,1.299273849,3.862016064
13:58:43,10/6/2022,0:17:00,-5.66928,263,94,47.6303787,-122.399002,10,55.11,17.03333333,1.059888889,100,0,484,8.066666667,47.6303813,-122.3990051,0,275,4.799655972,47.63033336,-122.3989759,1.29E-06,2.971818841,1.299001493,3.860397111
13:58:44,10/6/2022,0:17:01,-5.69976,263,94,47.6303787,-122.399002,10,55.09,17.05,1.063888889,100,0,485,8.083333333,47.63038019,-122.399005,0,275,4.799655972,47.63033351,-122.3989777,1.81E-06,2.983034427,1.303903899,3.889590221
13:58:45,10/6/2022,0:17:02,-5.7912,262,94,47.6303787,-122.399002,10,55.09,17.06666667,1.057666667,100,0,486,8.1,47.63037893,-122.3990049,0,274,4.782202678,47.63033361,-122.3989791,1.40E-06,2.96558796,1.296277934,3.844226234
13:58:46,10/6/2022,0:17:03,-5.7912,262,94,47.6303787,-122.399002,10,55.09,17.08333333,1.031222222,100,0,487,8.116666667,47.63037749,-122.3990047,0,274,4.782202678,47.63033376,-122.3989812,2.11E-06,2.891440471,1.263867581,3.654397873
13:58:47,10/6/2022,0:17:04,-5.82168,262,94,47.6303787,-122.399002,10,55.11,17.1,0.979666667,100,0,488,8.133333333,47.63037589,-122.3990044,0,274,4.782202678,47.63033385,-122.3989826,1.32E-06,2.746884026,1.200681011,3.29813149
13:58:48,10/6/2022,0:17:05,-5.7912,262,94,47.6303787,-122.399002,10,55.09,17.11666667,0.949,100,0,489,8.15,47.63037411,-122.399004,0,274,4.782202678,47.63033392,-122.3989835,9.49E-07,2.660897863,1.163095896,3.094879384
13:58:49,10/6/2022,0:17:06,-5.7912,262,94,47.6303787,-122.399002,10,55.09,17.13333333,0.95,100,0,490,8.166666667,47.63037214,-122.3990036,0,274,4.782202678,47.63033402,-122.398985,1.50E-06,2.66370176,1.164321497,3.101405221
13:58:50,10/6/2022,0:17:07,-5.7912,262,94,47.6303787,-122.399002,10,55.09,17.15,0.950444444,100,0,491,8.183333333,47.63036998,-122.399003,0,274,4.782202678,47.63033402,-122.398985,0,2.664947935,1.164866209,3.104307797
13:58:51,10/6/2022,0:17:08,-5.7912,255,94,47.6303787,-122.399002,10,55.11,17.16666667,0.942444444,100,0,492,8.2,47.63036761,-122.3990024,0,267,4.660029617,47.63033402,-122.3989851,1.12E-07,2.642516762,1.155061396,3.0522691
