Date,Time,Latitude,Longitude,EKFlat,EKFlon,DVLx,DVLy,DVLlat,DVLlon,Altitude,Depth,Depth_Source,Heading,Velocity_mps,Width,Area_m2,Distance,NEDz,VFR_alt
2025-10-08,10:22:41,47.6257998,-122.3751988,47.6258046,-122.3751943,0.0,0.0,47.6257998,-122.3751988,0.8246376695840255,-15.779999732971191,VFR_alt,33.86396896835542,0.048397247252113,1.4368686666994344,1.490424123443773,0.0,16.776287078857422,-15.779999732971191
2025-10-08,10:22:42,47.6258046,-122.3751902,47.625805,-122.3751939,0.04500579833984375,0.03010845184326172,47.625800204790146,-122.37519839942674,0.8047290400331244,-15.769999504089355,VFR_alt,34.75637336386919,0.05585314263704375,1.4021793879365079,1.4190710029301432,0.05414832182630125,16.765295028686523,-15.769999504089355
2025-10-08,10:22:43,47.6258016,-122.3751948,47.6258054,-122.3751934,0.0876617431640625,0.06270027160644531,47.62580058844528,-122.37519796581387,0.791291826649716,-15.75999927520752,VFR_alt,35.728913162957504,0.06353966512106822,1.37876606158663,1.3720477443350652,0.053681992737999576,16.758012771606445,-15.75999927520752
2025-10-08,10:22:44,47.6258035,-122.3751909,47.6258059,-122.375193,0.147369384765625,0.09994125366210938,47.62580112546641,-122.37519747034693,0.7695813766745634,-15.75,VFR_alt,34.49578642359087,0.0799324448718581,1.3409372472359853,1.2981643723784777,0.07036968956938015,16.750961303710938,-15.75
2025-10-08,10:22:45,47.6258059,-122.3751861,47.6258066,-122.3751923,0.22501754760742188,0.14938068389892578,47.62580182384777,-122.3751968125876,0.7252403764197459,-15.739999771118164,VFR_alt,32.845638249017014,0.08798452685228907,1.263676413458645,1.153226670755366,0.09205158583559135,16.741811752319336,-15.739999771118164
2025-10-08,10:22:46,47.6258075,-122.3751826,47.6258074,-122.3751914,0.312103271484375,0.21730327606201172,47.625802607112234,-122.37519590892187,0.6925603816474694,-15.729999542236328,VFR_alt,32.438934616486996,0.10765269729826185,1.2067339983251322,1.0511491280157195,0.11044184817960005,16.725502014160156,-15.729999542236328
2025-10-08,10:22:47,47.6258084,-122.3751806,47.6258083,-122.3751904,0.41083526611328125,0.29012012481689453,47.625803495125325,-122.37519494014123,0.6523923252187848,-15.699999809265137,VFR_alt,32.44941788235889,0.1168078785165075,1.136744203032734,0.9331338748337589,0.1226796650875517,16.699399948120117,-15.699999809265137
2025-10-08,10:22:48,47.6258096,-122.3751786,47.6258092,-122.3751893,0.5128669738769531,0.3719167709350586,47.625804412816606,-122.37519385189023,0.6223113233188413,-15.65999984741211,VFR_alt,32.503996156966224,0.12081061602341679,1.0843303360858627,0.8487514301382709,0.13077140629874523,16.662940979003906,-15.65999984741211
2025-10-08,10:22:49,47.625811,-122.3751777,47.6258101,-122.3751883,0.6103248596191406,0.4470224380493164,47.62580528937012,-122.37519285265832,0.6056730641195407,-15.609999656677246,VFR_alt,32.46096437567682,0.116732323076576,1.0553394299052568,0.8039245070344053,0.12304024027128271,16.61136817932129,-15.609999656677246
2025-10-08,10:22:50,47.6258109,-122.3751772,47.6258109,-122.3751873,0.7002296447753906,0.5218477249145508,47.62580609798972,-122.37519185715666,0.6048076662879723,-15.539999961853027,VFR_alt,32.29812875820747,0.1139923045411706,1.0538315397441944,0.8016953164741989,0.11696877339040572,16.544416427612305,-15.539999961853027
2025-10-08,10:22:51,47.6258125,-122.3751755,47.6258118,-122.3751864,0.7964096069335938,0.5910825729370117,47.62580696304938,-122.37519093603214,0.6188516805046483,-15.460000038146973,VFR_alt,32.29378056766416,0.11583587206436687,1.0783021705762839,0.839318876297595,0.11850759174604236,16.46454429626465,-15.460000038146973
2025-10-08,10:22:52,47.6258115,-122.3751769,47.6258127,-122.3751855,0.9000167846679688,0.6598844528198242,47.62580789491072,-122.37519002066797,0.6376732552405631,-15.359999656677246,VFR_alt,28.950967287518633,0.12466140751643937,1.1110973386767415,0.8914521895879247,0.12437100125628694,16.37459945678711,-15.359999656677246
2025-10-08,10:22:53,47.6258123,-122.3751762,47.6258138,-122.3751851,1.0260963439941406,0.690943717956543,47.62580902889266,-122.37518960744468,0.6462926626205444,-15.279999732971191,VFR_alt,23.585733252268543,0.12124698478274229,1.1261160030509514,0.9153153968214124,0.12984888613582593,16.288461685180664,-15.279999732971191
2025-10-08,10:22:54,47.6258131,-122.375177,47.6258149,-122.3751843,1.1412849426269531,0.7488012313842773,47.625810064919385,-122.37518883768814,0.6499999761581421,-15.199999809265137,VFR_alt,22.398423379033467,0.1268912629739752,1.1325757160331291,0.9257948127085177,0.12890269630629003,16.209516525268555,-15.199999809265137
2025-10-08,10:22:55,47.6258124,-122.3751779,47.625816,-122.3751839,1.2737693786621094,0.7817869186401367,47.62581125650793,-122.37518839883504,0.6410526162699649,-15.119999885559082,VFR_alt,19.12058802778826,0.1356599364411888,1.116985619258275,0.9005034246430342,0.13652904949238742,16.130495071411133,-15.119999885559082
2025-10-08,10:22:56,47.6258143,-122.3751754,47.6258172,-122.3751833,1.4029960632324219,0.8230962753295898,47.62581241879566,-122.37518784924092,0.6411374253684311,-15.049999237060547,VFR_alt,18.725869451289665,0.13882632066288267,1.1171333926874205,0.9008594649784405,0.13566871030245517,16.057327270507812,-15.049999237060547
2025-10-08,10:22:57,47.6258167,-122.3751715,47.6258184,-122.3751828,1.5317192077636719,0.8633794784545898,47.625813576554485,-122.3751873132991,0.6299999952316284,-14.960000038146973,VFR_alt,19.07722055956493,0.1327904533738127,1.0977272644187492,0.8696993670000481,0.13487914735800743,15.97265911102295,-14.960000038146973
2025-10-08,10:22:58,47.6258167,-122.3751715,47.6258196,-122.3751824,1.6638069152832031,0.8915433883666992,47.62581476457478,-122.37518693859657,0.635392146952012,-14.880000114440918,VFR_alt,19.260615185351398,0.13236957050713838,1.1071226802951752,0.8848231391273343,0.13505690763268144,15.882978439331055,-14.880000114440918
2025-10-08,10:22:59,47.6258239,-122.3751608,47.6258206,-122.375182,1.7840461730957031,0.9193220138549805,47.62581584602802,-122.37518656902,0.6578672672335005,-14.779999732971191,VFR_alt,19.404257313902914,0.12358537584684472,1.1462838747250417,0.948492199216973,0.12340636593514547,15.790240287780762,-14.779999732971191
2025-10-08,10:23:00,47.6258278,-122.375154,47.6258217,-122.3751816,1.9026908874511719,0.9480733871459961,47.62581691313964,-122.37518618650165,0.6789952014621935,-14.6899995803833,VFR_alt,17.438630226922424,0.11661877304885947,1.1830976995174578,1.0103700461910703,0.12207870293630294,15.704178810119629,-14.6899995803833
2025-10-08,10:23:01,47.6258247,-122.3751619,47.6258227,-122.3751813,2.0187034606933594,0.9754724502563477,47.625817956577315,-122.3751858219749,0.6962380869047983,-14.609999656677246,VFR_alt,16.504882003485342,0.11439801550337246,1.213142121121993,1.0622448643915445,0.11920413503565615,15.621284484863281,-14.609999656677246
2025-10-08,10:23:02,47.6258244,-122.3751634,47.6258237,-122.3751808,2.1262779235839844,1.009324073791504,47.625818924121134,-122.375185371601,0.7176803835888499,-14.529999732971191,VFR_alt,16.752734701151766,0.10587106679671819,1.250503698677538,1.1287671144111848,0.11277498606593751,15.537286758422852,-14.529999732971191
2025-10-08,10:23:03,47.6258263,-122.3751602,47.6258246,-122.3751803,2.2292213439941406,1.0486478805541992,47.625819850012526,-122.37518484842326,0.7383172907508336,-14.449999809265137,VFR_alt,17.236881435223452,0.10352036636322737,1.286461946005244,1.1951507808574287,0.11019850082488407,15.453352928161621,-14.449999809265137
2025-10-08,10:23:04,47.6258303,-122.3751548,47.6258256,-122.3751797,2.340343475341797,1.0914011001586914,47.6258208494647,-122.37518427961939,0.7676554855547453,-14.369999885559082,VFR_alt,17.426772748910544,0.11232779053837488,1.3375815278605447,1.2914336076784534,0.11906286516708602,15.374924659729004,-14.369999885559082
2025-10-08,10:23:05,47.6258349,-122.3751486,47.6258267,-122.3751791,2.4574012756347656,1.1401739120483398,47.625821902303336,-122.37518363072874,0.7790430345033345,-14.299999237060547,VFR_alt,17.16354501987679,0.11379327632165982,1.357423469210359,1.3300076138503025,0.12681212792572952,15.301910400390625,-14.299999237060547
2025-10-08,10:23:06,47.6258291,-122.3751578,47.6258277,-122.3751783,2.573261260986328,1.1980485916137695,47.625822944368615,-122.37518286074362,0.785024356842041,-14.229999542236328,VFR_alt,17.203762444097936,0.11570147246849247,1.367845470255075,1.3505386073656196,0.1295106742336918,15.237903594970703,-14.229999542236328
2025-10-08,10:23:07,47.6258242,-122.3751687,47.6258287,-122.3751776,2.6824874877929688,1.2495641708374023,47.625823926768696,-122.3751821753622,0.7683796121014489,-14.179999351501465,VFR_alt,17.26920639488336,0.12544667582820962,1.338843263510104,1.2939063261262516,0.12076515857300105,15.185748100280762,-14.179999351501465
2025-10-08,10:23:08,47.6258262,-122.375169,47.6258298,-122.375177,2.805896759033203,1.2971792221069336,47.62582503673359,-122.37518154187477,0.7349999822321392,-14.130000114440918,VFR_alt,17.36914436468638,0.14009517998922438,1.280681787222664,1.1843506308101888,0.13227638237964412,15.135565757751465,-14.130000114440918
2025-10-08,10:23:09,47.6258262,-122.375169,47.6258312,-122.3751764,2.9560890197753906,1.3399553298950195,47.625826387589456,-122.37518097276633,0.7029999852180481,-14.079999923706055,VFR_alt,16.57363265487625,0.15983933068457104,1.2249242166678074,1.0831345746166985,0.15616501075576175,15.088473320007324,-14.079999923706055
2025-10-08,10:23:10,47.6258356,-122.3751535,47.6258326,-122.375176,3.1209487915039062,1.3729658126831055,47.62582787036751,-122.3751805335832,0.6451428288505191,-14.029999732971191,VFR_alt,13.344276607923701,0.16343102568671816,1.1241125048152976,0.9144943121742067,0.16813219890396008,15.038394927978516,-14.029999732971191
2025-10-08,10:23:11,47.6258369,-122.3751523,47.6258341,-122.3751752,3.2861709594726562,1.433272361755371,47.62582935640502,-122.37517973124353,0.5790995102358091,-13.969999313354492,VFR_alt,13.369949041995618,0.16411798585082682,1.0090370254108758,0.73517648043189,0.17588417964472933,14.977221488952637,-13.969999313354492
2025-10-08,10:23:12,47.6258379,-122.3751514,47.6258355,-122.3751744,3.442901611328125,1.4939146041870117,47.62583076606832,-122.37517892443766,0.5632642479758189,-13.889999389648438,VFR_alt,9.898594872058002,0.15386358783652745,0.9814452805639242,0.6952524537772834,0.16805349980937032,14.898588180541992,-13.889999389648438
2025-10-08,10:23:13,47.6258398,-122.3751495,47.6258368,-122.3751737,3.5827903747558594,1.5429773330688477,47.62583202425269,-122.37517827168973,0.5756190351077488,-13.799999237060547,VFR_alt,7.5513125943566335,0.13907449309315,1.0029725611725895,0.7266453868405757,0.1482431027018565,14.809781074523926,-13.799999237060547
2025-10-08,10:23:14,47.6258415,-122.3751487,47.625838,-122.3751729,3.715808868408203,1.6078271865844727,47.62583322064464,-122.37517740890428,0.6078365264603725,-13.699999809265137,VFR_alt,7.945588200606196,0.13221859280019999,1.0591090991355,0.8097344303574929,0.14798453687644744,14.708525657653809,-13.699999809265137
2025-10-08,10:23:15,47.6258441,-122.3751457,47.6258391,-122.3751723,3.8432655334472656,1.6522130966186523,47.6258343670125,-122.37517681837838,0.6464319044435528,-13.579999923706055,VFR_alt,8.223624708548325,0.12706122890184743,1.1263586213789205,0.9159435437082754,0.1349641080896772,14.59759521484375,-13.579999923706055
2025-10-08,10:23:16,47.6258454,-122.3751443,47.6258403,-122.3751714,3.9767990112304688,1.7135210037231445,47.6258355680363,-122.3751760027162,0.6829857797984263,-13.469999313354492,VFR_alt,8.233690336694627,0.12659109295544466,1.1900509799517998,1.022474871234698,0.14693484665800094,14.49089241027832,-13.469999313354492
2025-10-08,10:23:17,47.6258524,-122.3751351,47.6258415,-122.3751706,4.105112075805664,1.774867057800293,47.62583672210676,-122.37517518654649,0.7195734463596796,-13.369999885559082,VFR_alt,8.338137087738701,0.12408776351767128,1.2538022171418661,1.1351020059556398,0.142223700175163,14.38554859161377,-13.369999885559082
2025-10-08,10:23:18,47.6258438,-122.3751502,47.6258426,-122.3751698,4.234109878540039,1.838078498840332,47.625837882335894,-122.37517434555897,0.7571359155247512,-13.279999732971191,VFR_alt,8.365837001020894,0.12398671564980618,1.3192519740204034,1.2563292121369638,0.14365277368938986,14.289460182189941,-13.279999732971191
2025-10-08,10:23:19,47.6258469,-122.3751467,47.6258438,-122.375169,4.361286163330078,1.8948755264282227,47.62583902618197,-122.37517358991109,0.7808571134294783,-13.199999809265137,VFR_alt,8.509942056610457,0.13118561768815631,1.3605843643089428,1.3362936382228972,0.13928284085204728,14.207901954650879,-13.199999809265137
2025-10-08,10:23:20,47.6258469,-122.3751467,47.6258451,-122.3751684,4.506797790527344,1.942387580871582,47.62584033493937,-122.37517295779377,0.788212523944136,-13.130000114440918,VFR_alt,8.304115100706394,0.14786405494247656,1.3734006099026648,1.3615585157239072,0.1530719731597681,14.138206481933594,-13.130000114440918
2025-10-08,10:23:21,47.6258538,-122.3751352,47.6258465,-122.3751678,4.660655975341797,1.9905290603637695,47.6258417187672,-122.37517231730234,0.7693779719503302,-13.079999923706055,VFR_alt,8.087939285369654,0.15114642950621518,1.3405828299134577,1.2974075879574818,0.1612139667711676,14.080511093139648,-13.079999923706055
2025-10-08,10:23:22,47.6258563,-122.3751323,47.625848,-122.3751669,4.831403732299805,2.0513906478881836,47.62584325450284,-122.37517150757803,0.7416326443151552,-13.019999504089355,VFR_alt,8.076984341808563,0.15641121330613994,1.2922386984279213,1.2053712674159482,0.1812703211840891,14.027754783630371,-13.019999504089355
2025-10-08,10:23:23,47.6258498,-122.3751464,47.6258495,-122.3751663,4.998943328857422,2.097010612487793,47.625844761383725,-122.3751709006337,0.7063284844591997,-12.969999313354492,VFR_alt,8.059674166567097,0.16149912357042376,1.2307238744364806,1.093496997731771,0.1736395622683919,13.977864265441895,-12.969999313354492
2025-10-08,10:23:24,47.6258471,-122.375154,47.6258509,-122.3751657,5.158267974853516,2.146796226501465,47.62584619437787,-122.37517023826807,0.6752152902087526,-12.920000076293945,VFR_alt,8.246887718091443,0.16322328642224582,1.1765114905152538,0.9991003911521424,0.16692198831939103,13.9240083694458,-12.920000076293945
2025-10-08,10:23:25,47.6258461,-122.3751564,47.6258523,-122.3751651,5.309974670410156,2.187771797180176,47.62584755885483,-122.37516969311439,0.6474257211874027,-12.84999942779541,VFR_alt,8.429724379306611,0.16812305314706102,1.1280902717659318,0.9187459997740389,0.157142988609614,13.85992431640625,-12.84999942779541
2025-10-08,10:23:26,47.6258499,-122.3751523,47.6258536,-122.3751645,5.457281112670898,2.2322797775268555,47.625848883755125,-122.37516910096424,0.6336966741706522,-12.769999504089355,VFR_alt,8.598515633229317,0.16193639158637602,1.1041684474185636,0.8799867168457112,0.1538835541767144,13.783008575439453,-12.769999504089355
2025-10-08,10:23:27,47.6258512,-122.3751511,47.6258549,-122.375164,5.5989532470703125,2.2703046798706055,47.62585015797945,-122.37516859506728,0.6490384386135981,-12.679999351501465,VFR_alt,8.474859345947058,0.15434685636025208,1.1309003097055148,0.9230768467965025,0.1466863554102336,13.693343162536621,-12.679999351501465
2025-10-08,10:23:28,47.625855,-122.3751473,47.6258562,-122.3751636,5.740486145019531,2.304924964904785,47.62585143095145,-122.37516813446656,0.6616826573243508,-12.59000015258789,VFR_alt,8.330140731366868,0.14866104621726733,1.1529319029136444,0.9594438622060962,0.14570561189519027,13.6011323928833,-12.59000015258789
2025-10-08,10:23:29,47.6258573,-122.375144,47.6258573,-122.3751629,5.862548828125,2.3528547286987305,47.62585252880488,-122.37516749679175,0.6908530720037307,-12.489999771118164,VFR_alt,8.25851034990159,0.13234532719822292,1.2037591406125574,1.0459615194154939,0.1311356582484317,13.505900382995605,-12.489999771118164
2025-10-08,10:23:30,47.6258617,-122.3751384,47.6258583,-122.3751623,5.976371765136719,2.3968400955200195,47.62585355254856,-122.3751669115946,0.7295326869064402,-12.389999389648438,VFR_alt,8.265852065335308,0.12212163335252031,1.2711554393066762,1.166694999996582,0.12202611804190548,13.407355308532715,-12.389999389648438
2025-10-08,10:23:31,47.6258657,-122.3751325,47.6258593,-122.3751617,6.091096878051758,2.4458494186401367,47.625854584406575,-122.37516625955692,0.7775480506511835,-12.309999465942383,VFR_alt,8.183277429177918,0.1292696142425904,1.3548185731043385,1.3249242635397964,0.12475482069267109,13.320889472961426,-12.309999465942383
2025-10-08,10:23:32,47.6258674,-122.3751298,47.6258606,-122.3751607,6.228721618652344,2.521803855895996,47.625855822227926,-122.3751652490317,0.80269429041314,-12.239999771118164,VFR_alt,8.380268813455816,0.13989914281998272,1.39863399087138,1.4121038241436212,0.15719302072367222,13.247817039489746,-12.239999771118164
2025-10-08,10:23:33,47.6258684,-122.37513,47.6258618,-122.3751597,6.372344970703125,2.5949277877807617,47.625857114001846,-122.37516427616453,0.7973112950347504,-12.1899995803833,VFR_alt,8.405074878246365,0.15504261809137632,1.389254529227217,1.393292781965202,0.16116692175688688,13.193730354309082,-12.1899995803833
2025-10-08,10:23:34,47.6258675,-122.3751325,47.6258633,-122.3751587,6.534160614013672,2.671809196472168,47.62585856940046,-122.3751632533065,0.774230746122507,-12.149999618530273,VFR_alt,8.395193398640865,0.16173922456800938,1.3490384212740687,1.313676309255635,0.1791509235878542,13.149367332458496,-12.149999618530273
2025-10-08,10:23:35,47.6258572,-122.3751519,47.6258648,-122.3751579,6.69976806640625,2.733433723449707,47.62586005890327,-122.37516243343151,0.7342380776291801,-12.109999656677246,VFR_alt,8.191107159262884,0.1710082701983906,1.2793542261720536,1.1820112317496845,0.17670147314939247,13.115046501159668,-12.109999656677246
2025-10-08,10:23:36,47.6258583,-122.3751506,47.6258663,-122.3751571,6.862367630004883,2.78682804107666,47.625861521352604,-122.37516172305419,0.6813861293957966,-12.079999923706055,VFR_alt,7.982848517288963,0.17778796636232055,1.1872637103108576,1.0178417207761654,0.17114196223402894,13.079142570495605,-12.079999923706055
2025-10-08,10:23:37,47.6258611,-122.3751482,47.6258677,-122.3751564,7.023042678833008,2.8460588455200195,47.62586296649251,-122.3751609350261,0.6476811377898507,-12.019999504089355,VFR_alt,8.044981744993713,0.1702766547312483,1.1285353158459548,0.9195196426178547,0.17124473571741652,13.028663635253906,-12.019999504089355
2025-10-08,10:23:38,47.6258668,-122.3751428,47.6258689,-122.3751556,7.158891677856445,2.9051427841186523,47.62586418834252,-122.37516014895196,0.6356337926757167,-11.9399995803833,VFR_alt,8.4048665238786,0.14053636824301152,1.1075437296622366,0.8855009010024363,0.1481413593025153,12.954503059387207,-11.9399995803833
2025-10-08,10:23:39,47.6258692,-122.3751407,47.6258699,-122.3751548,7.265504837036133,2.964236259460449,47.625865147240184,-122.37515936275092,0.665235828397409,-11.84999942779541,VFR_alt,8.44626556234259,0.1149242354100043,1.1591230343288175,0.9699202082554801,0.12189505542984481,12.865464210510254,-11.84999942779541
2025-10-08,10:23:40,47.6258701,-122.3751393,47.6258706,-122.3751537,7.348102569580078,3.045220375061035,47.62586589013884,-122.37515828530884,0.7184761609349932,-11.75,VFR_alt,8.467723893019935,0.09887847350466819,1.2518902804170304,1.131595154031806,0.11567546153359488,12.7638521194458,-11.75
2025-10-08,10:23:41,47.625873,-122.3751365,47.6258712,-122.3751527,7.415149688720703,3.122653007507324,47.625866493172516,-122.37515725511697,0.772417036277988,-11.65999984741211,VFR_alt,8.411175517358528,0.08795620854149498,1.3458781692722555,1.307967199758898,0.1024262112577599,12.669418334960938,-11.65999984741211
2025-10-08,10:23:42,47.625873,-122.3751365,47.6258719,-122.3751517,7.494089126586914,3.193648338317871,47.62586720316783,-122.3751563105693,0.8134183397098463,-11.59000015258789,VFR_alt,8.75641389421328,0.08928810238686143,1.4173198343429105,1.4502780977265486,0.1061686010434929,12.598454475402832,-11.59000015258789
2025-10-08,10:23:43,47.6258802,-122.3751227,47.6258728,-122.3751509,7.593605041503906,3.255335807800293,47.62586809823162,-122.37515548985677,0.844807661496676,-11.539999961853027,VFR_alt,8.863726926704846,0.09762220503762364,1.4720133495775374,1.563973790002896,0.11708441917228252,12.544059753417969,-11.539999961853027
2025-10-08,10:23:44,47.6258856,-122.3751174,47.6258739,-122.3751498,7.715549468994141,3.336991310119629,47.62586919502144,-122.37515440348226,0.8354326704373727,-11.519999504089355,VFR_alt,8.66118015840951,0.11643304550447144,1.4556781378832968,1.5294587834056455,0.146758524300785,12.514307975769043,-11.519999504089355
2025-10-08,10:23:45,47.6258927,-122.375106,47.6258752,-122.3751485,7.860078811645508,3.434901237487793,47.62587049494399,-122.37515310085293,0.8225237999643599,-11.50999927520752,VFR_alt,8.47545778939773,0.12961910154138293,1.4331854090288048,1.4829068490215158,0.1745711452802996,12.503650665283203,-11.50999927520752
2025-10-08,10:23:46,47.6258897,-122.3751137,47.6258768,-122.3751468,8.032455444335938,3.5631799697875977,47.625872045330006,-122.3751513941859,0.77777249016468,-11.50999927520752,VFR_alt,8.523983751186167,0.14143874768114767,1.3552096419536126,1.3260775759002614,0.2148700459769492,12.50269889831543,-11.50999927520752
2025-10-08,10:23:47,47.6258901,-122.3751135,47.6258783,-122.3751452,8.200445175170898,3.6831159591674805,47.62587355625946,-122.37514979851372,0.7309661680373593,-11.489999771118164,VFR_alt,8.533574464472839,0.1453709505894334,1.273653171580244,1.1715577385898874,0.20641024978070732,12.491619110107422,-11.489999771118164
2025-10-08,10:23:48,47.6258901,-122.3751135,47.6258796,-122.3751438,8.346624374389648,3.789402961730957,47.6258748710211,-122.3751483844326,0.6683731923263039,-11.469999313354492,VFR_alt,8.659723318374098,0.14401736163921905,1.1645896532958355,0.9794789405722296,0.18073540106510255,12.467755317687988,-11.469999313354492
2025-10-08,10:23:49,47.6259053,-122.3750923,47.6258809,-122.3751424,8.494537353515625,3.890294075012207,47.62587620137668,-122.37514704214034,0.6352112578674102,-11.420000076293945,VFR_alt,8.432479760161552,0.13262245695635747,1.106807494768975,0.8842345151173846,0.17904543036070927,12.428484916687012,-11.420000076293945
2025-10-08,10:23:50,47.6259028,-122.3750986,47.6258823,-122.3751406,8.65379524230957,4.025988578796387,47.62587763377038,-122.375145236811,0.6296153802138108,-11.34999942779541,VFR_alt,8.56187546751597,0.1263662873265835,1.0970571018877033,0.8690441050515758,0.20922732493711094,12.361870765686035,-11.34999942779541
2025-10-08,10:23:51,47.6259016,-122.3751038,47.6258836,-122.375139,8.794658660888672,4.147723197937012,47.62587890072094,-122.37514361720902,0.6555023632551494,-11.269999504089355,VFR_alt,8.647817890146628,0.12289928509430452,1.1421632087021572,0.9415894798656302,0.1861768519207052,12.27939224243164,-11.269999504089355
2025-10-08,10:23:52,47.6259052,-122.3750979,47.6258849,-122.3751373,8.937522888183594,4.272845268249512,47.62588018566715,-122.37514195253912,0.6924489693982261,-11.170000076293945,VFR_alt,8.763849888057171,0.12622639301175975,1.2065398709211481,1.0509454140135108,0.18990976783688956,12.187426567077637,-11.170000076293945
2025-10-08,10:23:53,47.625901,-122.3751053,47.6258862,-122.3751356,9.084487915039062,4.399590492248535,47.625881507496665,-122.37514026627414,0.7184540767600571,-11.09000015258789,VFR_alt,8.565226266377968,0.12870072555426815,1.2518518004152475,1.1311236698150922,0.19406975788409506,12.098396301269531,-11.09000015258789
2025-10-08,10:23:54,47.6259022,-122.3751043,47.6258874,-122.3751342,9.22089958190918,4.507620811462402,47.6258827344074,-122.3751388289991,0.7503286331472262,-11.010000228881836,VFR_alt,8.56225376324117,0.12925137390553113,1.3073908001807766,1.233876725957446,0.1740077375513338,12.021439552307129,-11.010000228881836
2025-10-08,10:23:55,47.625898,-122.3751128,47.6258886,-122.3751329,9.353134155273438,4.605288505554199,47.62588392374861,-122.3751375295922,0.7629999876022339,-10.949999809265137,VFR_alt,8.537962639351578,0.1328150932987531,1.3294696753675324,1.275712435499519,0.16439270318975868,11.959206581115723,-10.949999809265137
2025-10-08,10:23:56,47.6258948,-122.3751164,47.6258898,-122.3751316,9.479118347167969,4.702485084533691,47.62588505687279,-122.37513623645314,0.778640749385056,-10.899999618530273,VFR_alt,8.56433772425056,0.13862654342524056,1.356722517867904,1.328653575811917,0.1591200539612614,11.904385566711426,-10.899999618530273
2025-10-08,10:23:57,47.6258965,-122.3751151,47.6258909,-122.3751303,9.604211807250977,4.803097724914551,47.625886181985564,-122.37513489786552,0.7768268974927756,-10.859999656677246,VFR_alt,8.445698173450833,0.1405518243375879,1.3535620183586277,1.3223674794294311,0.1605343488476756,11.861653327941895,-10.859999656677246
2025-10-08,10:23:58,47.6259001,-122.3751093,47.6258921,-122.3751288,9.738744735717773,4.9151811599731445,47.62588739199859,-122.3751334066662,0.7644230631681589,-10.829999923706055,VFR_alt,8.474511203324072,0.1451655745936128,1.3319492767324017,1.2804834138546208,0.17510512629956407,11.82693862915039,-10.829999923706055
2025-10-08,10:23:59,47.6259001,-122.3751093,47.6258933,-122.3751275,9.87070083618164,5.013602256774902,47.62588857883517,-122.37513209723562,0.7354589340767422,-10.800000190734863,VFR_alt,8.6103824040223,0.1430300868651717,1.2814814760428088,1.1854916751253115,0.16461811791322117,11.798476219177246,-10.800000190734863
2025-10-08,10:24:00,47.6259077,-122.375101,47.6258945,-122.375126,10.01080322265625,5.120181083679199,47.6258898389409,-122.37513067927156,0.7137499749660492,-10.769999504089355,VFR_alt,8.717715969733142,0.14428707133405483,1.2436552594105368,1.1163496834190814,0.17603330662172112,11.771944046020508,-10.769999504089355
2025-10-08,10:24:01,47.6259063,-122.3751044,47.6258959,-122.3751245,10.160490036010742,5.23673152923584,47.62589118525065,-122.37512912864138,0.7045754554136744,-10.729999542236328,VFR_alt,8.819227067380462,0.14560212321438878,1.227669354129884,1.087876635029566,0.18971069672444416,11.734101295471191,-10.729999542236328
2025-10-08,10:24:02,47.6259092,-122.3751005,47.6258972,-122.375123,10.304170608520508,5.351391792297363,47.6258924775392,-122.37512760315883,0.7081499803066253,-10.679999351501465,VFR_alt,8.702242375491796,0.1463903158903122,1.2338976929585102,1.0988834024331897,0.18382351003631656,11.685483932495117,-10.679999351501465
2025-10-08,10:24:03,47.625905,-122.3751084,47.6258984,-122.3751215,10.446281433105469,5.460322380065918,47.62589375570917,-122.37512615390598,0.70333331823349,-10.609999656677246,VFR_alt,8.688215811805374,0.1462530682484309,1.2255050241947139,1.084001675127496,0.17905686084543182,11.624560356140137,-10.609999656677246
2025-10-08,10:24:04,47.6259046,-122.3751103,47.6258997,-122.37512,10.583816528320312,5.571057319641113,47.625894992724206,-122.37512468064733,0.7097630119436725,-10.550000190734863,VFR_alt,8.708130972121285,0.15425104206489726,1.2367082783866987,1.1040000087675887,0.17657329712750536,11.558420181274414,-10.550000190734863
2025-10-08,10:24:05,47.6259047,-122.3751124,47.6259008,-122.3751188,10.71181869506836,5.665829658508301,47.625896143998396,-122.375123419761,0.7142307437383212,-10.489999771118164,VFR_alt,8.670872393866375,0.14940581298791444,1.244492962574344,1.1178561528867386,0.15926817292400833,11.499338150024414,-10.489999771118164
2025-10-08,10:24:06,47.6258986,-122.3751221,47.6259019,-122.3751177,10.826824188232422,5.747620582580566,47.625897178378196,-122.37512233158421,0.7045410465503085,-10.429999351501465,VFR_alt,8.755191818310212,0.13980112782710993,1.2276093992922004,1.0877331147006604,0.14112412521785334,11.440581321716309,-10.429999351501465
2025-10-08,10:24:07,47.6259013,-122.3751176,47.6259027,-122.3751165,10.919418334960938,5.833346366882324,47.62589801118638,-122.37512119105655,0.7330660274568593,-10.380000114440918,VFR_alt,8.880957870076031,0.1285941985629077,1.2773120175384707,1.1780209814682001,0.12618473006878997,11.386188507080078,-10.380000114440918
2025-10-08,10:24:08,47.6259074,-122.3751108,47.6259035,-122.3751155,11.003517150878906,5.91409969329834,47.625898767586044,-122.37512011668431,0.7684761728559222,-10.319999694824219,VFR_alt,8.718220609221834,0.1198152336691107,1.3390115133095648,1.2944891752359708,0.11659206905298473,11.32626724243164,-10.319999694824219
2025-10-08,10:24:09,47.6259073,-122.3751117,47.6259043,-122.3751142,11.096052169799805,6.005017280578613,47.62589959986241,-122.37511890708295,0.8023364173474713,-10.269999504089355,VFR_alt,8.816523767241609,0.12634756391711324,1.398010424166048,1.4106649288344786,0.12972562354275724,11.272605895996094,-10.269999504089355
2025-10-08,10:24:10,47.6259073,-122.3751117,47.6259053,-122.3751132,11.206291198730469,6.080933570861816,47.625900591371774,-122.3751178970644,0.8162801896316417,-10.229999542236328,VFR_alt,8.814320287511832,0.12889346962677684,1.4223063910248264,1.4600973112584994,0.13385038897940996,11.232813835144043,-10.229999542236328
2025-10-08,10:24:11,47.625908,-122.3751111,47.6259064,-122.3751123,11.326913833618164,6.1518049240112305,47.62590167627314,-122.37511695416555,0.8009952371719324,-10.210000038146973,VFR_alt,8.978766114879344,0.13699331886677946,1.3956735193147347,1.4060398266776413,0.13990199692813257,11.206646919250488,-10.210000038146973
2025-10-08,10:24:12,47.625909,-122.3751106,47.6259076,-122.3751115,11.462289810180664,6.211874961853027,47.62590289386869,-122.3751161549714,0.7845407833858412,-10.199999809265137,VFR_alt,8.971335453673108,0.14542779843417966,1.3670028801419996,1.348765975753788,0.1481049103729024,11.193669319152832,-10.199999809265137
2025-10-08,10:24:13,47.6259083,-122.3751129,47.6259089,-122.3751106,11.607261657714844,6.27841854095459,47.625904197771206,-122.3751152696508,0.7683494970636461,-10.1899995803833,VFR_alt,9.066097586690924,0.15889916149447264,1.3387907903381746,1.2938300645013907,0.15951452754253873,11.188135147094727,-10.1899995803833
2025-10-08,10:24:14,47.6259105,-122.3751104,47.6259101,-122.3751096,11.746917724609375,6.352269172668457,47.62590545386264,-122.37511428711444,0.7428435914889331,-10.179999351501465,VFR_alt,9.061884572474627,0.160868634474221,1.2943486821398087,1.209771048889176,0.15798016592277347,11.178953170776367,-10.179999351501465
2025-10-08,10:24:15,47.6259091,-122.3751166,47.6259113,-122.3751086,11.881391525268555,6.431492805480957,47.62590666334386,-122.37511323309364,0.7212918338022734,-10.149999618530273,VFR_alt,9.11128357486522,0.15798424590717663,1.2567963770797157,1.140151638743652,0.1560755812410597,11.155962944030762,-10.149999618530273
2025-10-08,10:24:16,47.6259107,-122.3751141,47.6259125,-122.3751076,12.007448196411133,6.502589225769043,47.625907797119915,-122.3751122872003,0.7199999690055847,-10.119999885559082,VFR_alt,9.13262200939856,0.1484842948474974,1.254545400540031,1.1359337864986132,0.14472382429070982,11.123038291931152,-10.119999885559082
2025-10-08,10:24:17,47.6259112,-122.3751169,47.6259135,-122.3751068,12.116682052612305,6.565447807312012,47.62590877958859,-122.37511145090622,0.719530485885244,-10.069999694824219,VFR_alt,9.21262491713393,0.13587794211548818,1.2537273617697404,1.1346087619178158,0.12602871345123043,11.080320358276367,-10.069999694824219
2025-10-08,10:24:18,47.6259102,-122.3751194,47.6259144,-122.3751061,12.219776153564453,6.614781379699707,47.62590970683522,-122.37511079455392,0.7322222149890402,-10.019999504089355,VFR_alt,8.962811965668367,0.1251949900086375,1.2758417382384828,1.1750277426372149,0.11428996025751233,11.030557632446289,-10.019999504089355
2025-10-08,10:24:19,47.6259106,-122.3751215,47.6259153,-122.3751057,12.324237823486328,6.647412300109863,47.625910646382025,-122.37511036041994,0.7563461477939899,-9.979999542236328,VFR_alt,8.701965927033077,0.12900482429764593,1.3178758635804404,1.2535839786670542,0.1094395607158614,10.983858108520508,-9.979999542236328
2025-10-08,10:24:20,47.6259102,-122.375122,47.6259162,-122.3751052,12.425691604614258,6.681672096252441,47.62591155887533,-122.37510990461477,0.7751922836670508,-9.929999351501465,VFR_alt,8.790880722155528,0.12783363762383276,1.350713827601683,1.3168388417765526,0.10708222698881861,10.940234184265137,-9.929999351501465
2025-10-08,10:24:21,47.6259105,-122.3751215,47.6259171,-122.3751047,12.518583297729492,6.717850685119629,47.62591239435971,-122.37510942328126,0.7953809091023036,-9.889999389648438,VFR_alt,8.770126412277584,0.11804747659535635,1.3858909779812902,1.386321467225536,0.09968829892337347,10.897549629211426,-9.889999389648438
2025-10-08,10:24:22,47.6259109,-122.3751235,47.6259178,-122.3751043,12.603044509887695,6.7487993240356445,47.625913154018825,-122.37510901152896,0.8024615031022292,-9.869999885559082,VFR_alt,8.80693733089118,0.12025299763832337,1.3982283766175212,1.4110714025104325,0.08995284659190568,10.865377426147461,-9.869999885559082
2025-10-08,10:24:23,47.6259144,-122.3751184,47.6259186,-122.3751038,12.694807052612305,6.790163993835449,47.625913979347416,-122.37510846119787,0.8094230764187299,-9.859999656677246,VFR_alt,9.033307249257922,0.12609348313596386,1.4103583907296016,1.4356310046345286,0.10065485658890302,10.8527250289917,-9.859999656677246
2025-10-08,10:24:24,47.6259176,-122.3751137,47.6259196,-122.3751032,12.800203323364258,6.836661338806152,47.62591492730017,-122.37510784257974,0.807047606649853,-9.84999942779541,VFR_alt,9.118042323956425,0.1311627888253757,1.406219314617168,1.4272506300081282,0.11519712226329085,10.846403121948242,-9.84999942779541
2025-10-08,10:24:25,47.6259178,-122.3751142,47.6259206,-122.3751025,12.913415908813477,6.885687828063965,47.62591594555424,-122.3751071903129,0.7938613443091365,-9.84999942779541,VFR_alt,9.103773178439413,0.13220048415483815,1.383243251447741,1.3810000884877258,0.12337214496410064,10.843162536621094,-9.84999942779541
2025-10-08,10:24:26,47.6259159,-122.3751184,47.6259217,-122.3751017,13.030933380126953,6.942885398864746,47.62591700252722,-122.37510642933492,0.7875565252692451,-9.84000015258789,VFR_alt,9.090211291271924,0.1382279939511243,1.3722575819085367,1.359140826633819,0.13069781241254258,10.835354804992676,-9.84000015258789
2025-10-08,10:24:27,47.6259159,-122.3751192,47.6259227,-122.375101,13.14267349243164,6.99759578704834,47.6259180075376,-122.37510570144732,0.7780192969501882,-9.829999923706055,VFR_alt,8.825751215390872,0.13830910327929805,1.355639684079877,1.3265930750020465,0.12441494794864358,10.826549530029297,-9.829999923706055
2025-10-08,10:24:28,47.6259152,-122.375122,47.6259236,-122.3751004,13.248218536376953,7.044747352600098,47.62591895682844,-122.37510507412514,0.7759405693205277,-9.819999694824219,VFR_alt,8.854165977803175,0.13506241799286095,1.3520176586645591,1.3193571480880746,0.11559855723753502,10.818658828735352,-9.819999694824219
2025-10-08,10:24:29,47.6259167,-122.3751208,47.6259245,-122.3750999,13.349855422973633,7.084303855895996,47.62591987096863,-122.37510454785053,0.7557345696535156,-9.809999465942383,VFR_alt,8.915618272597213,0.1368357368978844,1.3168102350023412,1.2523494042671022,0.10906316367162999,10.807519912719727,-9.809999465942383
2025-10-08,10:24:30,47.6259176,-122.3751216,47.6259253,-122.3750994,13.440008163452148,7.122328758239746,47.62592068181837,-122.3751040419529,0.7545497586941832,-9.789999961853027,VFR_alt,9.020055361027715,0.13250380274243828,1.3147457916641105,1.2476419692190628,0.09784380314582172,10.792671203613281,-9.789999961853027
2025-10-08,10:24:31,47.6259183,-122.3751217,47.6259262,-122.3750989,13.531835556030273,7.15871524810791,47.62592150773023,-122.37510355785331,0.7630143416555304,-9.779999732971191,VFR_alt,8.717106944348831,0.1358195402120289,1.3294946862179733,1.27578152732138,0.09877371448226037,10.77792739868164,-9.779999732971191
2025-10-08,10:24:32,47.6259183,-122.3751217,47.6259271,-122.3750981,13.63336181640625,7.217137336730957,47.62592242087542,-122.3751027805838,0.7623880478873182,-9.760000228881836,VFR_alt,8.559998954399965,0.13436009760816298,1.328403416773361,1.2736608570700985,0.11713548559258091,10.761164665222168,-9.760000228881836
2025-10-08,10:24:33,47.6259186,-122.3751236,47.6259279,-122.3750972,13.72519302368164,7.28237247467041,47.625923246821586,-122.3751019126709,0.7712682723999024,-9.729999542236328,VFR_alt,8.768985794088126,0.12452622463063497,1.3438765352422577,1.3036057034174904,0.11264365872802265,10.734243392944336,-9.729999542236328
2025-10-08,10:24:34,47.6259213,-122.3751191,47.6259286,-122.3750968,13.800254821777344,7.316720008850098,47.62592392194071,-122.37510145569833,0.7766190222331456,-9.710000038146973,VFR_alt,8.796114058327245,0.11888741659266608,1.3531998114668482,1.3216614504113413,0.08254711768187246,10.710010528564453,-9.710000038146973
2025-10-08,10:24:35,47.6259275,-122.3751079,47.6259293,-122.3750963,13.88016128540039,7.3516740798950195,47.62592464063361,-122.37510099065616,0.7829807377778567,-9.6899995803833,VFR_alt,8.642092152184903,0.12051818068497457,1.36428461885536,1.3434074851654538,0.08721714287543911,10.690069198608398,-9.6899995803833
2025-10-08,10:24:36,47.6259282,-122.3751064,47.6259301,-122.3750956,13.968868255615234,7.406586647033691,47.62592543847984,-122.3751002600786,0.7718957137157567,-9.679999351501465,VFR_alt,8.754400680534,0.12074254795697063,1.3449698042017009,1.305758330039762,0.10432792816142915,10.677450180053711,-9.679999351501465
2025-10-08,10:24:37,47.6259283,-122.3751074,47.6259309,-122.3750949,14.059743881225586,7.459542274475098,47.62592625583133,-122.37509955553689,0.7957211102430637,-9.670000076293945,VFR_alt,9.120441737512598,0.11580884180819759,1.3864837526962508,1.3875006871635818,0.10517926510384927,10.66348648071289,-9.670000076293945
2025-10-08,10:24:38,47.6259258,-122.3751115,47.6259316,-122.3750941,14.136968612670898,7.514449119567871,47.62592695040426,-122.37509882503544,0.7987559511901089,-9.649999618530273,VFR_alt,9.2229779157201,0.1071724163002945,1.391771733134281,1.39817689063327,0.09475452909936524,10.648414611816406,-9.649999618530273
2025-10-08,10:24:39,47.6259262,-122.3751129,47.6259322,-122.3750937,14.201168060302734,7.546128273010254,47.625927527825475,-122.37509840356398,0.7978260635177871,-9.639999389648438,VFR_alt,9.185435172098348,0.10049075341742972,1.3901514743112995,1.3949764135941347,0.07159006801965535,10.632920265197754,-9.639999389648438
2025-10-08,10:24:40,47.6259254,-122.3751137,47.6259328,-122.3750935,14.271404266357422,7.563899040222168,47.62592815954237,-122.37509816713496,0.7899999618530273,-9.619999885559082,VFR_alt,9.037063877008846,0.11509241978420276,1.3765150850469452,1.367546814669817,0.07244946382311301,10.621244430541992,-9.619999885559082
2025-10-08,10:24:41,47.6259264,-122.3751129,47.6259336,-122.3750931,14.362363815307617,7.589938163757324,47.62592897764869,-122.3750978207006,0.780744156726571,-9.619999885559082,VFR_alt,9.171484285059874,0.12578471465859303,1.3603875458114532,1.3358494231536413,0.09461329451880483,10.617331504821777,-9.619999885559082
2025-10-08,10:24:42,47.6259278,-122.3751128,47.6259345,-122.3750927,14.461540222167969,7.621586799621582,47.62592986965889,-122.37509739963515,0.7649999856948853,-9.619999885559082,VFR_alt,9.305210628583781,0.12994713025788465,1.3329545205289703,1.282527155584212,0.10410377433022482,10.615063667297363,-9.619999885559082
2025-10-08,10:24:43,47.6259278,-122.3751128,47.6259355,-122.3750922,14.566888809204102,7.657565116882324,47.62593081718277,-122.37509692096596,0.760191377840544,-9.59999942779541,VFR_alt,9.097856954847519,0.1311209281665857,1.3245758856312546,1.2662963393330218,0.11132279238064535,10.603715896606445,-9.59999942779541
2025-10-08,10:24:44,47.6259332,-122.3751059,47.6259365,-122.3750918,14.679353713989258,7.686516761779785,47.62593182871206,-122.37509653578228,0.7536714940831282,-9.579999923706055,VFR_alt,9.088804274785067,0.12720469295402656,1.313215482114545,1.2447152342312213,0.11613161735979972,10.582372665405273,-9.579999923706055
2025-10-08,10:24:45,47.6259327,-122.3751067,47.6259374,-122.3750916,14.786779403686523,7.701268196105957,47.62593279491777,-122.37509633952358,0.7457416165958751,-9.550000190734863,VFR_alt,9.135973916216814,0.12272487267067558,1.2993982713412984,1.2187917201994958,0.10843377528064106,10.555577278137207,-9.550000190734863
2025-10-08,10:24:46,47.6259377,-122.3751014,47.6259384,-122.3750912,14.892709732055664,7.731263160705566,47.62593374767394,-122.37509594045916,0.7775943133066285,-9.529999732971191,VFR_alt,9.383999848615966,0.12798932806219696,1.3548991822767047,1.3251517147246639,0.11009510602077541,10.529057502746582,-9.529999732971191
2025-10-08,10:24:47,47.6259323,-122.3751114,47.6259394,-122.3750909,15.010465621948242,7.7555646896362305,47.62593480679129,-122.37509561714238,0.7796171966351961,-9.510000228881836,VFR_alt,9.326227495653944,0.13457627672898143,1.3584239032279968,1.3318444713870434,0.12023732329339706,10.507360458374023,-9.510000228881836
2025-10-08,10:24:48,47.6259306,-122.3751149,47.6259404,-122.3750908,15.115983963012695,7.764433860778809,47.62593575584196,-122.37509549914355,0.7738966908253414,-9.489999771118164,VFR_alt,9.328246988711225,0.13411178674216562,1.3484563552259774,1.3124153045535427,0.10589042684657851,10.491976737976074,-9.489999771118164
2025-10-08,10:24:49,47.6259294,-122.3751198,47.6259413,-122.3750904,15.214815139770508,7.790698051452637,47.6259366447471,-122.37509514971475,0.76570046811864,-9.469999313354492,VFR_alt,9.237621529416563,0.12546840180521426,1.3341750580855125,1.285610753061576,0.10226147471597101,10.47026252746582,-9.469999313354492
2025-10-08,10:24:50,47.6259273,-122.3751242,47.6259421,-122.3750904,15.302871704101562,7.7919816970825195,47.62593743674345,-122.37509513263664,0.776682666861094,-9.4399995803833,VFR_alt,9.101773414396009,0.12507361900777772,1.3533107074094854,1.322223153013824,0.0880659200138867,10.447279930114746,-9.4399995803833
2025-10-08,10:24:51,47.6259271,-122.3751274,47.6259428,-122.3750907,15.3856201171875,7.773125648498535,47.62593818099736,-122.37509538350471,0.7468899551190828,-9.420000076293945,VFR_alt,9.06750321426712,0.1270353978045249,1.301399164222648,1.2224193498117162,0.08486960843813604,10.423641204833984,-9.420000076293945
2025-10-08,10:24:52,47.6259331,-122.3751175,47.6259437,-122.3750907,15.479829788208008,7.769461631774902,47.62593902833585,-122.3750954322522,0.7539285676819938,-9.399999618530273,VFR_alt,9.055737534367008,0.1347851076600503,1.3136634133852956,1.2458699171104186,0.09428089484271653,10.402705192565918,-9.399999618530273
2025-10-08,10:24:53,47.6259331,-122.3751193,47.6259447,-122.3750905,15.592342376708984,7.785666465759277,47.62594004029403,-122.3750952166569,0.7621153730612534,-9.369999885559082,VFR_alt,8.8699814713079,0.14140748139470816,1.327928301546127,1.2729173550158621,0.11367356427794124,10.374634742736816,-9.369999885559082
2025-10-08,10:24:54,47.6259331,-122.3751193,47.6259458,-122.3750902,15.713800430297852,7.807564735412598,47.6259411327093,-122.37509492531396,0.7663284868433855,-9.34000015258789,VFR_alt,8.807493125732423,0.1414998952605298,1.3352693331362055,1.286871504079394,0.12341634006648254,10.343833923339844,-9.34000015258789
2025-10-08,10:24:55,47.6259331,-122.3751193,47.625947,-122.3750896,15.849761962890625,7.857331275939941,47.625942355571425,-122.37509426320088,0.7604225252715635,-9.300000190734863,VFR_alt,8.922646510258671,0.13697085889852104,1.324978642518637,1.2672235344064031,0.14478344829791678,10.309232711791992,-9.300000190734863
2025-10-08,10:24:56,47.6259349,-122.3751209,47.6259477,-122.3750899,15.934022903442383,7.832119941711426,47.62594311342928,-122.37509459862211,0.7763207296155533,-9.269999504089355,VFR_alt,9.108330324825612,0.11626074122229837,1.3526800591786192,1.320828173164964,0.0879517906369665,10.278153419494629,-9.269999504089355
2025-10-08,10:24:57,47.6259342,-122.3751226,47.6259483,-122.3750903,15.997695922851562,7.799368858337402,47.625943686115704,-122.37509503435507,0.7829523495265416,-9.25,VFR_alt,9.206419641829466,0.11205143687270937,1.3642351544780684,1.3433013952093757,0.07160228252544752,10.251930236816406,-9.25
2025-10-08,10:24:58,47.6259379,-122.3751187,47.6259489,-122.3750907,16.065954208374023,7.767857551574707,47.62594430004284,-122.37509545359356,0.7828365071461751,-9.229999542236328,VFR_alt,9.363152197713239,0.11217337631835388,1.3640333079062177,1.3429028705781718,0.07518082199842249,10.23401165008545,-9.229999542236328
2025-10-08,10:24:59,47.6259358,-122.375125,47.6259497,-122.3750911,16.150300979614258,7.741885185241699,47.62594505867266,-122.37509579913987,0.7834134296729014,-9.220000267028809,VFR_alt,9.343886524476638,0.11574481807362574,1.3650385517027863,1.344887617753339,0.08825498077495902,10.216900825500488,-9.220000267028809
2025-10-08,10:25:00,47.6259358,-122.375125,47.6259505,-122.3750912,16.240554809570312,7.732108116149902,47.625945870431615,-122.37509592921775,0.7971497134885926,-9.199999809265137,VFR_alt,9.260725914633309,0.11367053009461665,1.3889729856240665,1.3924569517972896,0.09078185337258876,10.199747085571289,-9.199999809265137
2025-10-08,10:25:01,47.6259367,-122.3751258,47.6259512,-122.3750917,16.31938362121582,7.692666053771973,47.625946579431925,-122.37509645397007,0.7736815694552749,-9.179999351501465,VFR_alt,9.063436927891491,0.11859255339672316,1.3480815225357097,1.3116977467422637,0.08814566257092543,10.181914329528809,-9.179999351501465
2025-10-08,10:25:02,47.6259393,-122.3751216,47.6259519,-122.3750921,16.392471313476562,7.659354209899902,47.6259472367956,-122.37509689716363,0.7551612854003906,-9.170000076293945,VFR_alt,9.03550472129878,0.11632024476765304,1.3158113306218961,1.2497082094390255,0.08032116596612715,10.168082237243652,-9.170000076293945
2025-10-08,10:25:03,47.6259405,-122.3751196,47.6259526,-122.3750925,16.471633911132812,7.631251335144043,47.625947948798036,-122.37509727105507,0.7405796992606011,-9.149999618530273,VFR_alt,8.996631012169063,0.12283804152466825,1.290404021438926,1.2019565768642322,0.084002907314145,10.14953899383545,-9.149999618530273
2025-10-08,10:25:04,47.6259411,-122.3751205,47.6259534,-122.3750926,16.55877685546875,7.61923885345459,47.62594873257713,-122.37509743087374,0.7266037362926411,-9.119999885559082,VFR_alt,9.030722723240942,0.12768399399125352,1.2660519647523265,1.1569158309628482,0.08796699644682515,10.126362800598145,-9.119999885559082
2025-10-08,10:25:05,47.6259417,-122.3751198,47.6259542,-122.3750928,16.656293869018555,7.609375953674316,47.62594960966244,-122.37509756209354,0.733098567371637,-9.09000015258789,VFR_alt,8.840074204919159,0.13072883579092967,1.2773687158748228,1.1776937221949788,0.098014512822074,10.095767974853516,-9.09000015258789
2025-10-08,10:25:06,47.6259401,-122.3751277,47.625955,-122.3750929,16.747041702270508,7.600855827331543,47.62595042586455,-122.37509767544859,0.7498564594670346,-9.050000190734863,VFR_alt,8.735532094517227,0.12130702618491707,1.306568073313776,1.2320984984733825,0.09114692420932871,10.05778980255127,-9.050000190734863
2025-10-08,10:25:07,47.6259391,-122.3751286,47.6259557,-122.3750931,16.815608978271484,7.580750465393066,47.62595104257078,-122.37509794293805,0.7498076924910912,-9.010000228881836,VFR_alt,8.798219908187198,0.10841711091164213,1.3064831005526625,1.232088870877001,0.07145415954912099,10.01648235321045,-9.010000228881836
2025-10-08,10:25:08,47.6259421,-122.3751259,47.6259564,-122.3750932,16.896469116210938,7.575263023376465,47.6259517698412,-122.3750980159451,0.7454807735406436,-8.970000267028809,VFR_alt,8.905460802753247,0.11762569622638133,1.2989437720783976,1.2179322712000882,0.0810461222235398,9.978350639343262,-8.970000267028809
2025-10-08,10:25:09,47.6259474,-122.3751159,47.6259572,-122.3750932,16.990238189697266,7.575577735900879,47.62595261321688,-122.37509801175804,0.7559134558989451,-8.9399995803833,VFR_alt,8.941349514557253,0.1282495749899401,1.317121930733014,1.2521375572531275,0.09376960161191593,9.947640419006348,-8.9399995803833
2025-10-08,10:25:10,47.6259491,-122.3751167,47.6259582,-122.3750933,17.10027313232422,7.570900917053223,47.62595360289066,-122.37509807398024,0.7638461406414325,-8.90999984741211,VFR_alt,9.31840250581859,0.1335946088656783,1.3309440329358329,1.278549233440391,0.11013428727444809,9.916216850280762,-8.90999984741211
2025-10-08,10:25:11,47.6259505,-122.3751127,47.6259593,-122.3750933,17.221878051757812,7.5747175216674805,47.62595469662687,-122.37509802320265,0.7758256634440991,-8.880000114440918,VFR_alt,9.777592500603301,0.12900861086101706,1.3518174438798731,1.3189829633427257,0.12166479729663959,9.88463306427002,-8.880000114440918
2025-10-08,10:25:12,47.6259497,-122.3751168,47.6259603,-122.3750932,17.337209701538086,7.574093818664551,47.625955733940174,-122.37509803150064,0.7698968882413254,-8.84999942779541,VFR_alt,7.978686420741937,0.12454677396213885,1.3414870022386765,1.299492232343657,0.1153333362323119,9.85179615020752,-8.84999942779541
2025-10-08,10:25:13,47.6259484,-122.3751184,47.6259612,-122.3750938,17.436439514160156,7.530041694641113,47.625956626430714,-122.37509861758711,0.7637440627220118,-8.819999694824219,VFR_alt,4.000525613120041,0.12944581751574838,1.330766169894418,1.278207008785739,0.10856862043881511,9.824996948242188,-8.819999694824219
2025-10-08,10:25:14,47.6259524,-122.3751124,47.6259623,-122.3750948,17.550811767578125,7.455410957336426,47.625957655115045,-122.37509961050328,0.7835980987994471,-8.800000190734863,VFR_alt,0.7053322413761054,0.12571947645639706,1.3653603236657068,1.3455270180898895,0.13656778281331705,9.793173789978027,-8.800000190734863
2025-10-08,10:25:15,47.62595,-122.3751193,47.6259631,-122.3750955,17.6400089263916,7.403471946716309,47.62595845737012,-122.37510030151996,0.7864422729382148,-8.769999504089355,VFR_alt,1.431583453966392,0.1279590752405616,1.3703160816347717,1.3553075404229584,0.1032172173844713,9.768043518066406,-8.769999504089355
2025-10-08,10:25:16,47.6259515,-122.3751183,47.6259637,-122.3750963,17.71062660217285,7.34274959564209,47.625959092518016,-122.37510110939361,0.7790994983148801,-8.75,VFR_alt,1.4060447500684998,0.11470113189723255,1.3575218531244158,1.330244008484233,0.09313463401295148,9.745601654052734,-8.75
2025-10-08,10:25:17,47.6259465,-122.3751276,47.6259641,-122.3750968,17.753742218017578,7.303891181945801,47.6259594803075,-122.37510162638097,0.7635820765993488,-8.739999771118164,VFR_alt,1.4024462948903276,0.10125791492746837,1.3304839213473538,1.277663936932385,0.058042507222396775,9.733884811401367,-8.739999771118164
2025-10-08,10:25:18,47.6259503,-122.3751219,47.6259646,-122.3750976,17.807109832763672,7.244742393493652,47.62595996030529,-122.37510241331934,0.7639613393424214,-8.720000267028809,VFR_alt,1.3684177976425884,0.09789679634974198,1.3311447579451317,1.2789354465987879,0.07966606227901873,9.722199440002441,-8.720000267028809
2025-10-08,10:25:19,47.6259531,-122.3751191,47.6259653,-122.3750982,17.86431312561035,7.203713417053223,47.62596047480185,-122.37510295918473,0.7637272596359252,-8.710000038146973,VFR_alt,1.23568476273935,0.0944129964844747,1.3307368917898734,1.2781566511237488,0.07039597730163515,9.706840515136719,-8.710000038146973
2025-10-08,10:25:20,47.6259561,-122.3751136,47.6259659,-122.3750985,17.952274322509766,7.181527137756348,47.62596126594046,-122.37510325435959,0.7771759000089433,-8.679999351501465,VFR_alt,1.2318570276009486,0.0969247394758794,1.3541701288034655,1.3235528340706693,0.09071605783441228,9.676898002624512,-8.679999351501465
2025-10-08,10:25:21,47.6259597,-122.3751093,47.6259666,-122.3750984,18.029150009155273,7.183300971984863,47.62596195737402,-122.3751032307598,0.7740579480710237,-8.65999984741211,VFR_alt,1.159910104116171,0.09115049826062244,1.3487373337601205,1.3129629998157508,0.07689614870127477,9.653313636779785,-8.65999984741211
2025-10-08,10:25:22,47.6259597,-122.3751093,47.6259674,-122.3750983,18.117496490478516,7.201537132263184,47.62596275197793,-122.37510298813886,0.7690355148412249,-8.639999389648438,VFR_alt,0.9414735330602058,0.09510098117862256,1.339986124344562,1.2963719366837998,0.0902089701963977,9.630366325378418,-8.639999389648438
2025-10-08,10:25:23,47.6259647,-122.3751037,47.6259683,-122.3750982,18.223777770996094,7.207674980163574,47.62596370789062,-122.37510290647856,0.7308737699267933,-8.619999885559082,VFR_alt,0.9741874593578742,0.12374155773121176,1.2734921748724461,1.1750270874744775,0.10645836634715217,9.613330841064453,-8.619999885559082
2025-10-08,10:25:24,47.6259668,-122.3750995,47.6259694,-122.3750979,18.34518051147461,7.234005928039551,47.62596479980839,-122.37510255616141,0.7603414535522461,-8.59999942779541,VFR_alt,1.1653858929543452,0.12410357307370116,1.3248373811895233,1.2667994805500449,0.1242253766818246,9.591625213623047,-8.59999942779541
2025-10-08,10:25:25,47.6259742,-122.3750902,47.6259701,-122.3750975,18.424304962158203,7.260947227478027,47.62596551146773,-122.3751021977239,0.7727692090548002,-8.569999694824219,VFR_alt,1.203922455602787,0.11201573533889575,1.3464918036560947,1.3085859174067247,0.08358535943222424,9.575940132141113,-8.569999694824219
2025-10-08,10:25:26,47.6259758,-122.3750899,47.6259715,-122.3750966,18.58034324645996,7.327378273010254,47.62596691490374,-122.37510131389945,0.7366960137951216,-8.539999961853027,VFR_alt,0.7806103443728738,0.10849648369435172,1.283636993733928,1.193381702457304,0.16959077209076254,9.536190032958984,-8.539999961853027
2025-10-08,10:25:27,47.6259775,-122.3750903,47.6259726,-122.375096,18.701919555664062,7.374829292297363,47.62596800838262,-122.37510068259263,0.7116901214133966,-8.510000228881836,VFR_alt,0.7337399942198349,0.11167792034960689,1.2400661206445516,1.1116852328273248,0.13050823035761744,9.506669998168945,-8.510000228881836
2025-10-08,10:25:28,47.6259799,-122.3750888,47.6259737,-122.3750954,18.785526275634766,7.405381202697754,47.62596876035629,-122.37510027611812,0.7593170480030339,-8.479999542236328,VFR_alt,0.8600852017701056,0.11266030363920258,1.3230524321264998,1.265011171517588,0.08901405986344553,9.488057136535645,-8.479999542236328
2025-10-08,10:25:29,47.6259801,-122.3750897,47.6259748,-122.3750949,18.950151443481445,7.4566144943237305,47.62597024102424,-122.37509959449045,0.773457921553995,-8.460000038146973,VFR_alt,0.7896760524104844,0.11478058670029462,1.3476918330107523,1.3112445339715437,0.17241315512274527,9.45473575592041,-8.460000038146973
2025-10-08,10:25:30,47.6259798,-122.375091,47.625976,-122.3750944,19.082496643066406,7.495207786560059,47.62597143136043,-122.37509908103024,0.7828712557802106,-8.4399995803833,VFR_alt,1.0637377788408187,0.12277098645520683,1.3640938547685522,1.3430224139311302,0.137857513610328,9.431371688842773,-8.4399995803833
2025-10-08,10:25:31,47.6259802,-122.3750898,47.6259772,-122.3750939,19.216968536376953,7.532818794250488,47.62597264082447,-122.37509858063872,0.7939130033271901,-8.40999984741211,VFR_alt,1.163080607502889,0.12030490660581036,1.3833332633731372,1.3811927742890628,0.1396326537383454,9.407537460327148,-8.40999984741211
2025-10-08,10:25:32,47.6259847,-122.375083,47.6259784,-122.3750933,19.344499588012695,7.578089714050293,47.62597378786136,-122.37509797833673,0.8025961191608355,-8.389999389648438,VFR_alt,1.3569155632602325,0.1138804919229677,1.3984629349014597,1.4115463119437768,0.13532784381212423,9.388089179992676,-8.389999389648438
2025-10-08,10:25:33,47.6259891,-122.3750798,47.6259795,-122.3750927,19.470592498779297,7.620835304260254,47.62597492196335,-122.37509740963269,0.7960512381333571,-8.380000114440918,VFR_alt,1.259721768668124,0.11322301790500298,1.3870589755353984,1.3886298018311372,0.1331413069937052,9.37758731842041,-8.380000114440918
2025-10-08,10:25:34,47.6259917,-122.3750761,47.6259809,-122.3750919,19.62080955505371,7.678208351135254,47.625976273042184,-122.37509664631924,0.789719588288637,-8.380000114440918,VFR_alt,1.1889367424249822,0.1194383956700842,1.3760265553514164,1.3665822646407644,0.16080059236044944,9.378213882446289,-8.380000114440918
2025-10-08,10:25:35,47.6259926,-122.375078,47.6259822,-122.3750913,19.772262573242188,7.722990989685059,47.62597763523748,-122.37509605051349,0.7764953018348908,-8.380000114440918,VFR_alt,1.1090343150099,0.1269376475329154,1.3529842380456465,1.321241245566125,0.1579351177980422,9.37242317199707,-8.380000114440918
2025-10-08,10:25:36,47.6259919,-122.3750786,47.6259835,-122.3750908,19.91820240020752,7.7646684646606445,47.625978947846164,-122.37509549602004,0.7679146748583464,-8.359999656677246,VFR_alt,1.4800925105894434,0.12550525865142378,1.3380331455865162,1.292282795019249,0.15177432264718446,9.355571746826172,-8.359999656677246
2025-10-08,10:25:37,47.6259917,-122.3750799,47.6259848,-122.3750904,20.05503749847412,7.791193962097168,47.62598017856529,-122.37509514311442,0.7640191253862882,-8.34000015258789,VFR_alt,1.805213286746535,0.11748342098374116,1.3312454457488392,1.279129179082936,0.13938237382067187,9.338417053222656,-8.34000015258789
2025-10-08,10:25:38,47.625992,-122.3750778,47.6259859,-122.37509,20.17893409729004,7.825932502746582,47.625981292913266,-122.37509468093924,0.7642788325364773,-8.319999694824219,VFR_alt,1.8317528171887552,0.11262713222262952,1.3316979657832595,1.2800125104412972,0.1286745250801553,9.3184814453125,-8.319999694824219
2025-10-08,10:25:39,47.6259895,-122.3750827,47.6259869,-122.3750896,20.289844512939453,7.856310844421387,47.62598229046121,-122.37509427677385,0.7805768939164969,-8.309999465942383,VFR_alt,1.6607734762029824,0.11129177508589166,1.360096103036324,1.3351419191656717,0.11499549531367291,9.301898002624512,-8.309999465942383
2025-10-08,10:25:40,47.6259909,-122.3750814,47.625988,-122.3750891,20.410740852355957,7.888888359069824,47.62598337782431,-122.3750938433498,0.7956730545713351,-8.300000190734863,VFR_alt,1.4900081414831567,0.11871601010744388,1.3864000193288404,1.3876408743547701,0.12520870315189625,9.292328834533691,-8.300000190734863
2025-10-08,10:25:41,47.6259925,-122.37508,47.6259891,-122.3750887,20.537723541259766,7.922606468200684,47.62598451992913,-122.37509339475082,0.7922065325186286,-8.289999961853027,VFR_alt,1.5823946674657021,0.12112678856776914,1.380359867267311,1.375234631067266,0.13138308172897292,9.282750129699707,-8.289999961853027
2025-10-08,10:25:42,47.6259927,-122.3750803,47.6259902,-122.3750882,20.662302017211914,7.960869789123535,47.62598564041003,-122.37509288568054,0.7864928561929277,-8.269999504089355,VFR_alt,1.3641412628432903,0.1217843925854041,1.3704042191240444,1.3554815585402125,0.13032220992066224,9.266785621643066,-8.269999504089355
2025-10-08,10:25:43,47.6259927,-122.3750803,47.6259912,-122.3750878,20.774849891662598,7.992400169372559,47.62598665268556,-122.37509246618795,0.7894387378984568,-8.260000228881836,VFR_alt,1.430158800512969,0.1178427949851873,1.3755371948230721,1.3656160742205052,0.1168810888125827,9.257421493530273,-8.260000228881836
2025-10-08,10:25:44,47.6259917,-122.3750808,47.6259922,-122.3750876,20.888190269470215,8.005705833435059,47.62598767208901,-122.37509228916416,0.7925358480243592,-8.260000228881836,VFR_alt,1.561452763126698,0.13022447962082173,1.3809336745879013,1.3765057002194732,0.1141187186123184,9.25248908996582,-8.260000228881836
2025-10-08,10:25:45,47.6259945,-122.3750777,47.6259934,-122.3750874,21.01492404937744,8.019928932189941,47.6259888119551,-122.37509209993445,0.8086206892441059,-8.25,VFR_alt,1.7716685027987291,0.1352661956707245,1.4089602918647273,1.4328305020803354,0.12752939860190862,9.245959281921387,-8.25
2025-10-08,10:25:46,47.6259962,-122.3750754,47.6259946,-122.3750871,21.14800453186035,8.043641090393066,47.625990008904544,-122.37509178445855,0.790049713049362,-8.239999771118164,VFR_alt,2.068397664513346,0.1370028853416443,1.3766017727375282,1.3678902159634678,0.13517648192098428,9.239727973937988,-8.239999771118164
2025-10-08,10:25:47,47.6259964,-122.3750758,47.6259958,-122.3750868,21.28389263153076,8.067070960998535,47.625991231106205,-122.3750914727383,0.7941980710569417,-8.239999771118164,VFR_alt,2.1072812654168023,0.12851390840028817,1.38382997229619,1.3823221014433231,0.13789319950100634,9.231816291809082,-8.239999771118164
2025-10-08,10:25:48,47.6259991,-122.3750732,47.6259969,-122.3750864,21.410810470581055,8.097796440124512,47.62599237262775,-122.37509106395439,0.7767788449732157,-8.229999542236328,VFR_alt,1.8776126159528859,0.12090321418900903,1.3534782904836313,1.3238582317168452,0.1305840454906988,9.228049278259277,-8.229999542236328
2025-10-08,10:25:49,47.6260005,-122.3750722,47.6259981,-122.375086,21.5375919342041,8.12415599822998,47.62599351292271,-122.3750907132564,0.8094835678736368,-8.229999542236328,VFR_alt,1.3934274236776274,0.12438901090565982,1.4104637925070915,1.435844411288007,0.12949272497680145,9.228726387023926,-8.229999542236328
2025-10-08,10:25:50,47.6260019,-122.3750701,47.6259993,-122.3750856,21.676101684570312,8.154038429260254,47.62599475870396,-122.37509031568871,0.8121052515563782,-8.229999542236328,VFR_alt,1.2886421494980467,0.13613750696467442,1.4150318777118671,1.4452737304226857,0.1416965441737699,9.224698066711426,-8.229999542236328
2025-10-08,10:25:51,47.6260055,-122.3750671,47.6260007,-122.375085,21.824966430664062,8.201321601867676,47.62599609761988,-122.37508968661466,0.7922897121616613,-8.229999542236328,VFR_alt,1.0435488026422635,0.14373156456189734,1.3805048014938026,1.3769292785730898,0.15619350511906668,9.224242210388184,-8.229999542236328
2025-10-08,10:25:52,47.6260078,-122.3750662,47.626002,-122.3750843,21.973456382751465,8.253533363342285,47.62599743316484,-122.37508899196868,0.7933172698204334,-8.229999542236328,VFR_alt,0.9889390509200584,0.1369035171631437,1.3822952428689397,1.3791297859519593,0.15740182307457734,9.22313404083252,-8.229999542236328
2025-10-08,10:25:53,47.6260071,-122.3750679,47.6260032,-122.3750836,22.106850624084473,8.300898551940918,47.625998632936295,-122.37508836180342,0.7930569630212735,-8.229999542236328,VFR_alt,0.9416952640840605,0.12937361249034268,1.3818416779916165,1.378436003002493,0.14155382266753797,9.22618293762207,-8.229999542236328
2025-10-08,10:25:54,47.6260068,-122.3750693,47.6260043,-122.3750831,22.22541046142578,8.340020179748535,47.62599969928449,-122.37508784131376,0.8058851615093542,-8.239999771118164,VFR_alt,0.9954843236948794,0.12153097805366561,1.4041938420238709,1.4232398274634055,0.12484765433405338,9.233223915100098,-8.239999771118164
2025-10-08,10:25:55,47.6260065,-122.3750687,47.6260053,-122.3750827,22.342884063720703,8.372374534606934,47.6260007558629,-122.37508741085857,0.8053109865439566,-8.239999771118164,VFR_alt,0.9822382538249724,0.1232220119480311,1.4031933856447747,1.4211450096948743,0.12184765699203512,9.236532211303711,-8.239999771118164
2025-10-08,10:25:56,47.6260084,-122.3750643,47.6260064,-122.3750822,22.46790599822998,8.405539512634277,47.62600188033234,-122.37508696961851,0.7902884231163905,-8.239999771118164,VFR_alt,1.1027831201430074,0.12712750057331645,1.3770177069452294,1.3685518299476334,0.1293460470056825,9.231420516967773,-8.239999771118164
2025-10-08,10:25:57,47.6260096,-122.375062,47.6260076,-122.3750819,22.598031997680664,8.432002067565918,47.62600305070865,-122.37508661755015,0.799711491052921,-8.229999542236328,VFR_alt,1.0359016404728896,0.12456843905294171,1.3934366889558507,1.4013823290229939,0.13278946700152616,9.227917671203613,-8.229999542236328
2025-10-08,10:25:58,47.6260126,-122.3750602,47.6260087,-122.3750815,22.724617958068848,8.460761070251465,47.62600418924521,-122.37508623492893,0.7899999618530273,-8.229999542236328,VFR_alt,1.484042786767742,0.12270839097646047,1.3765150850469452,1.367546814669817,0.12981173137612054,9.224871635437012,-8.229999542236328
2025-10-08,10:25:59,47.6260165,-122.3750576,47.62601,-122.3750813,22.863449096679688,8.480340003967285,47.62600543791709,-122.375085974443,0.7784905388670148,-8.229999542236328,VFR_alt,1.7616223788996472,0.1331939197514417,1.356460787419802,1.3281047050621662,0.140204920360987,9.22464370727539,-8.229999542236328
2025-10-08,10:26:00,47.6260177,-122.375056,47.6260113,-122.3750811,23.01009178161621,8.488858222961426,47.62600675684739,-122.37508586111322,0.7834927910252621,-8.220000267028809,VFR_alt,2.0524649377838693,0.14158107639785017,1.3651768328470513,1.3451606391948991,0.14688988086394725,9.219350814819336,-8.220000267028809
2025-10-08,10:26:01,47.6260177,-122.375056,47.6260126,-122.3750811,23.15048122406006,8.493226051330566,47.62600801953492,-122.3750858030019,0.7835713965552193,-8.220000267028809,VFR_alt,1.896114014711236,0.1382867380976677,1.3653137970280373,1.3454310604322508,0.14045737244572348,9.214398384094238,-8.220000267028809
2025-10-08,10:26:02,47.6260144,-122.3750622,47.6260138,-122.3750809,23.283023834228516,8.509020805358887,47.62600921164665,-122.37508559286218,0.7865549890618575,-8.210000038146973,VFR_alt,1.64906626458931,0.13497431390878686,1.3705124809411189,1.3557225692812573,0.13348040217605994,9.209031105041504,-8.210000038146973
2025-10-08,10:26:03,47.6260142,-122.3750618,47.6260149,-122.3750806,23.409452438354492,8.532973289489746,47.62601034876792,-122.37508527418875,0.7823589434990517,-8.210000038146973,VFR_alt,1.4039939575963847,0.12890249207997934,1.363201189430169,1.3413363529663642,0.12867755607440626,9.202546119689941,-8.210000038146973
2025-10-08,10:26:04,47.6260139,-122.3750608,47.6260159,-122.37508,23.525988578796387,8.577937126159668,47.62601139691461,-122.37508467597189,0.7858936855758446,-8.199999809265137,VFR_alt,1.2821212492768155,0.1244557659695114,1.3693602097154902,1.3534202727789397,0.12490964189033758,9.197141647338867,-8.199999809265137
2025-10-08,10:26:05,47.6260187,-122.3750547,47.626017,-122.3750793,23.646100997924805,8.628108024597168,47.626012477227,-122.37508400847818,0.7791468916346111,-8.199999809265137,VFR_alt,1.16525651077009,0.12738070054359346,1.3576044323936443,1.3302658170462793,0.1301695520423524,9.190396308898926,-8.199999809265137
2025-10-08,10:26:06,47.6260194,-122.3750552,47.6260182,-122.3750786,23.77427577972412,8.67954158782959,47.62601363005369,-122.37508332418545,0.7657674268234608,-8.1899995803833,VFR_alt,0.9818003853513859,0.13002423089604045,1.3342917285560336,1.2850822297815707,0.13810932668030032,9.180463790893555,-8.1899995803833
2025-10-08,10:26:07,47.6260219,-122.3750523,47.6260193,-122.3750779,23.9017972946167,8.728005409240723,47.62601477700479,-122.37508267940335,0.7894736465654875,-8.179999351501465,VFR_alt,0.9245327605471989,0.12469342885690443,1.3755980205307772,1.3657361681240514,0.13642022850834182,9.172357559204102,-8.179999351501465
2025-10-08,10:26:08,47.6260249,-122.3750498,47.6260204,-122.3750772,24.02720355987549,8.78417682647705,47.626015904930966,-122.37508193207628,0.7838678922293321,-8.170000076293945,VFR_alt,1.1347369547733757,0.12159394170596914,1.3658304182783854,1.3464510742545284,0.13741164244886758,9.164892196655273,-8.170000076293945
2025-10-08,10:26:09,47.6260274,-122.3750489,47.6260216,-122.3750765,24.156039237976074,8.837309837341309,47.62601706370189,-122.37508122517337,0.7756190231868199,-8.15999984741211,VFR_alt,0.9838547107981772,0.12446057477167674,1.3514573888861292,1.3182650465005314,0.13936193452711232,9.158968925476074,-8.15999984741211
2025-10-08,10:26:10,47.6260226,-122.375054,47.6260228,-122.3750759,24.291101455688477,8.880749702453613,47.6260182784754,-122.37508064723197,0.7780768963006827,-8.149999618530273,VFR_alt,1.2649017545125456,0.1283113038024077,1.3557400465845264,1.3266129843179462,0.14187608866319792,9.149165153503418,-8.149999618530273
2025-10-08,10:26:11,47.6260226,-122.3750515,47.626024,-122.3750757,24.41885280609131,8.898375511169434,47.62601942749369,-122.37508041273112,0.7836231563402258,-8.139999389648438,VFR_alt,231.32205851408864,0.12890367987363235,1.3654039845322152,1.3456091260863403,0.12896153171637603,9.139425277709961,-8.139999389648438
2025-10-08,10:26:12,47.626023,-122.3750513,47.6260251,-122.3750754,24.54358959197998,8.916895866394043,47.62602054939845,-122.37508016632887,0.77177882538392,-8.139999389648438,VFR_alt,1.9160915189121153,0.12696871154296857,1.344766135138652,1.3052453476579227,0.12610420021348254,9.132122039794922,-8.139999389648438
2025-10-08,10:26:13,47.6260225,-122.375052,47.6260261,-122.3750751,24.661352157592773,8.943867683410645,47.62602160857583,-122.37507980748497,0.7729901741532719,-8.130000114440918,VFR_alt,9.211320335075644,0.12469804162780444,1.3468768186004014,1.309413742246127,0.12081184036709484,9.124910354614258,-8.130000114440918
2025-10-08,10:26:14,47.6260228,-122.3750506,47.6260273,-122.3750749,24.78603744506836,8.952303886413574,47.62602273001741,-122.37507969524633,0.7799999713897705,-8.109999656677246,VFR_alt,356.71718655165853,0.12385742022440983,1.3590908592397553,1.3331445303002722,0.12497035822136443,9.109810829162598,-8.109999656677246
2025-10-08,10:26:15,47.6260235,-122.3750503,47.6260282,-122.3750746,24.893433570861816,8.976561546325684,47.626023695957194,-122.37507937251264,0.7896190098353795,-8.09000015258789,VFR_alt,356.7497886137958,0.11501765527895519,1.3758513050161951,1.3664825035550316,0.11010159808038938,9.089371681213379,-8.09000015258789
2025-10-08,10:26:16,47.6260259,-122.3750492,47.6260292,-122.3750744,24.998273849487305,8.997340202331543,47.62602463890924,-122.37507909606502,0.7718269022611471,-8.069999694824219,VFR_alt,357.21775920311853,0.11158946829919632,1.3448499054550327,1.3054676308619055,0.1068795423253667,9.069353103637695,-8.069999694824219
2025-10-08,10:26:17,47.6260259,-122.3750492,47.6260301,-122.3750743,25.10705852508545,9.000670433044434,47.626025617337895,-122.37507905175829,0.7806634778660055,-8.069999694824219,VFR_alt,357.73096417993946,0.114761893677203,1.3602469690089527,1.3358653915862397,0.10883563792064906,9.064366340637207,-8.069999694824219
2025-10-08,10:26:18,47.6260279,-122.3750477,47.6260312,-122.3750739,25.22135829925537,9.03290843963623,47.62602664537032,-122.37507862285084,0.779377962413587,-8.069999694824219,VFR_alt,79.35583935422727,0.12231470676557869,1.3580070557206476,1.3311137123901815,0.1187591152051407,9.066649436950684,-8.069999694824219
2025-10-08,10:26:19,47.6260309,-122.3750424,47.6260322,-122.3750737,25.340335845947266,9.04811954498291,47.62602771547547,-122.37507842047614,0.7922221819559733,-8.059999465942383,VFR_alt,3.4868296871721727,0.1213976957515818,1.3803871352263206,1.3752891545878154,0.11994596426178636,9.056183815002441,-8.059999465942383
2025-10-08,10:26:20,47.6260309,-122.3750424,47.6260331,-122.3750736,25.440184593200684,9.055392265319824,47.626028613532796,-122.37507832371693,0.782843570573635,-8.050000190734863,VFR_alt,140.87891309721084,0.1054303097004574,1.3640456153934586,1.3429271704053567,0.10011325980696016,9.04251480102539,-8.050000190734863
2025-10-08,10:26:21,47.6260344,-122.3750382,47.626034,-122.3750732,25.538172721862793,9.078513145446777,47.626029494855395,-122.3750780161074,0.7907008957640033,-8.029999732971191,VFR_alt,359.60593738827595,0.10389848669694964,1.377736409285767,1.3699889078682497,0.10067893750207656,9.028264999389648,-8.029999732971191
2025-10-08,10:26:22,47.6260405,-122.3750387,47.6260351,-122.3750728,25.66153335571289,9.116425514221191,47.626030604382784,-122.3750775117059,0.7833333015441895,-8.029999732971191,VFR_alt,43.03644295455023,0.12113189271518163,1.3648989345088185,1.344684999300362,0.12905500257636288,9.026923179626465,-8.029999732971191
2025-10-08,10:26:23,47.6260405,-122.3750387,47.6260363,-122.3750726,25.792049407958984,9.132569313049316,47.62603177826728,-122.37507729692226,0.7703092589820784,-8.029999732971191,VFR_alt,0.1980547485689162,0.1263752305476936,1.3422055270142308,1.300443271033538,0.13151069209196659,9.027127265930176,-8.029999732971191
2025-10-08,10:26:24,47.626036,-122.3750467,47.6260374,-122.3750724,25.91479206085205,9.147503852844238,47.62603288223646,-122.37507709822708,0.7566666603088379,-8.010000228881836,VFR_alt,215.2713229867313,0.11997429339909087,1.318434332356312,1.2546512936168188,0.1236478844061389,9.010406494140625,-8.010000228881836
2025-10-08,10:26:25,47.6260379,-122.3750448,47.6260384,-122.375072,26.027301788330078,9.172917366027832,47.626033894168884,-122.37507676011539,0.7777227458387318,-7.989999771118164,VFR_alt,359.95041663814584,0.113251047079811,1.3551229662341575,1.325410145156843,0.1153442041435662,8.986409187316895,-7.989999771118164
2025-10-08,10:26:26,47.6260379,-122.3750448,47.6260394,-122.3750719,26.141048431396484,9.185412406921387,47.626034917226356,-122.37507659387629,0.7582568728595699,-7.96999979019165,VFR_alt,359.89569518695646,0.11450023470668617,1.3212051572553147,1.2602912131772388,0.11443087370027387,8.969970703125,-7.96999979019165
2025-10-08,10:26:27,47.6260437,-122.3750401,47.6260405,-122.3750714,26.265082359313965,9.216767311096191,47.62603603280949,-122.37507617671791,0.7303499746322631,-7.960000038146973,VFR_alt,359.83602061503535,0.12154381725937129,1.272579501253183,1.1690904078339728,0.1279357076443083,8.958898544311523,-7.960000038146973
2025-10-08,10:26:28,47.626047,-122.3750411,47.6260417,-122.375071,26.396910667419434,9.251675605773926,47.626037218496656,-122.37507571228376,0.74698630424395,-7.940000057220459,VFR_alt,162.74432116649757,0.128863418347215,1.3015670452735528,1.2230478118766053,0.13637188806809833,8.93929672241211,-7.940000057220459
2025-10-08,10:26:29,47.626047,-122.3750411,47.6260429,-122.3750707,26.525277137756348,9.275589942932129,47.62603837304745,-122.37507539411769,0.7874647530031876,-7.919999599456787,VFR_alt,346.26840108185905,0.12660641905287623,1.372097675687376,1.3588662585631166,0.13057505974907327,8.915220260620117,-7.919999599456787
2025-10-08,10:26:30,47.6260533,-122.3750359,47.626044,-122.37507,26.648125648498535,9.322190284729004,47.62603947796872,-122.37507477412777,0.8008094801789238,-7.889999866485596,VFR_alt,359.5931806746422,0.11706400783289046,1.3953498518269152,1.4052432622536788,0.13139006220852067,8.884926795959473,-7.889999866485596
2025-10-08,10:26:31,47.6260533,-122.3750359,47.626045,-122.3750697,26.758197784423828,9.350388526916504,47.62604046797701,-122.37507439896686,0.8079904132482538,-7.869999885559082,VFR_alt,359.75489081114205,0.1141227698711117,1.4078620836901365,1.4306836799222324,0.11362665166949643,8.861618041992188,-7.869999885559082
2025-10-08,10:26:32,47.6260632,-122.3750334,47.6260461,-122.3750692,26.88801383972168,9.384879112243652,47.62604163556562,-122.37507394009005,0.8118269191338465,-7.859999656677246,VFR_alt,143.67054875274022,0.12027658307208465,1.4145469045513965,1.444366416931507,0.13431980006426514,8.85854721069336,-7.859999656677246
2025-10-08,10:26:33,47.6260686,-122.3750323,47.6260473,-122.3750687,27.021592140197754,9.423909187316895,47.62604283699252,-122.37507342081801,0.7739378010053091,-7.869999885559082,VFR_alt,130.58400856467318,0.11994957900726734,1.3485279866001632,1.3128069792555737,0.1391636055809826,8.863741874694824,-7.869999885559082
2025-10-08,10:26:34,47.6260686,-122.3750323,47.6260484,-122.3750684,27.137189865112305,9.446282386779785,47.62604387669894,-122.37507312315583,0.7818957041790136,-7.859999656677246,VFR_alt,286.61046307851444,0.11912830558857082,1.3623940300088908,1.339857373612282,0.117742915114356,8.859041213989258,-7.859999656677246
2025-10-08,10:26:35,47.6260731,-122.3750302,47.6260495,-122.3750678,27.26228141784668,9.486729621887207,47.62604500179452,-122.37507258502929,0.7872595798510772,-7.849999904632568,VFR_alt,359.88896990999945,0.10916071743346177,1.371740177013244,1.358193008780809,0.13146815353283084,8.846593856811523,-7.849999904632568
2025-10-08,10:26:36,47.626077,-122.3750308,47.6260507,-122.3750672,27.39626693725586,9.532486915588379,47.62604620688403,-122.37507197625555,0.7798557407580889,-7.839999675750732,VFR_alt,359.93058813855265,0.12277128622652246,1.358839548290613,1.332816899376269,0.14158336533012264,8.836453437805176,-7.839999675750732
2025-10-08,10:26:37,47.6260785,-122.375032,47.6260522,-122.3750666,27.557841300964355,9.577862739562988,47.62604766011248,-122.37507137255703,0.7504245065293222,-7.829999923706055,VFR_alt,45.96614566379399,0.14183006407517307,1.3075578522859386,1.237093207182102,0.16782502914994568,8.824204444885254,-7.829999923706055
2025-10-08,10:26:38,47.6260724,-122.3750352,47.6260536,-122.375066,27.72203826904297,9.622178077697754,47.62604913692911,-122.37507078296763,0.7546534609086443,-7.809999942779541,VFR_alt,0.23042849701470017,0.1356512759581651,1.3149264849165807,1.2480489365435194,0.17007202450787653,8.808807373046875,-7.809999942779541
2025-10-08,10:26:39,47.6260712,-122.3750344,47.6260549,-122.3750655,27.863914966583252,9.665068626403809,47.62605041299327,-122.3750702123342,0.7587096691131592,-7.799999713897705,VFR_alt,160.93954589486918,0.1272946372628212,1.3219941204244476,1.261413610125593,0.14821807067035872,8.79249095916748,-7.799999713897705
2025-10-08,10:26:40,47.6260739,-122.3750326,47.6260561,-122.375065,28.000720024108887,9.702157020568848,47.626051643442196,-122.37506971889499,0.7539336455376793,-7.769999980926514,VFR_alt,40.95326505470686,0.12166142781481358,1.3136722611641416,1.246020875218801,0.1417433340454977,8.763075828552246,-7.769999980926514
2025-10-08,10:26:41,47.626082,-122.3750308,47.6260575,-122.3750642,28.157241821289062,9.757542610168457,47.62605305122698,-122.37506898202237,0.7635406569430703,-7.739999771118164,VFR_alt,0.015754202065068328,0.1287786433357371,1.330411750734141,1.2776383049472966,0.16603203464334357,8.737753868103027,-7.739999771118164
2025-10-08,10:26:42,47.6260838,-122.3750315,47.6260591,-122.3750635,28.330815315246582,9.8115816116333,47.62605461237774,-122.37506826306529,0.7619230655523447,-7.71999979019165,VFR_alt,0.08897166236700854,0.12972206994891167,1.3275932202806042,1.272683483143729,0.18179101045964416,8.715972900390625,-7.71999979019165
2025-10-08,10:26:43,47.6260887,-122.3750301,47.6260606,-122.3750628,28.49267339706421,9.867413520812988,47.626056068158015,-122.3750675202546,0.7861025348687783,-7.690000057220459,VFR_alt,203.04190713598342,0.12031364364501758,1.3697241137865102,1.354253381301502,0.1712169405530028,8.69045352935791,-7.690000057220459
2025-10-08,10:26:44,47.62609,-122.3750315,47.626062,-122.375062,28.650121688842773,9.923895835876465,47.62605748427585,-122.37506676879063,0.7943255485490311,-7.669999599456787,VFR_alt,231.0158708783483,0.11697680225899053,1.38405209216877,1.3826867067090396,0.16727288034501528,8.662650108337402,-7.669999599456787
2025-10-08,10:26:45,47.6260915,-122.375031,47.6260634,-122.3750614,28.8045916557312,9.972283363342285,47.62605887360609,-122.37506612502303,0.7905796714451002,-7.649999618530273,VFR_alt,0.12198112373076503,0.12282037353458036,1.3775251850937387,1.369613132309062,0.16187131767168475,8.646852493286133,-7.649999618530273
2025-10-08,10:26:46,47.6260962,-122.3750292,47.626065,-122.3750606,28.989820957183838,10.029448509216309,47.62606053959125,-122.37506536447435,0.7857211197798069,-7.639999866485596,VFR_alt,0.17833189140982952,0.13435591477900743,1.3690595268890609,1.352870852369821,0.1938498078911355,8.633380889892578,-7.639999866485596
2025-10-08,10:26:47,47.6260918,-122.3750316,47.6260665,-122.37506,29.154330253601074,10.078022956848145,47.62606201921701,-122.37506471821985,0.7871428217206683,-7.62999963760376,VFR_alt,0.28509772508163483,0.12855590067449071,1.3715367348163194,1.3577927183233365,0.1715307131986342,8.622893333435059,-7.62999963760376
2025-10-08,10:26:48,47.6260903,-122.3750317,47.6260679,-122.3750592,29.311343669891357,10.13150691986084,47.626063431423496,-122.3750640066471,0.7755768986848685,-7.609999656677246,VFR_alt,0.3387046191526984,0.11568567282162033,1.351383990132729,1.3181219745409192,0.1658726836905014,8.604843139648438,-7.609999656677246
2025-10-08,10:26:49,47.6260828,-122.3750344,47.6260691,-122.3750588,29.44172763824463,10.166548728942871,47.626064604120025,-122.37506354043637,0.7730475970676967,-7.589999675750732,VFR_alt,0.35624013726642123,0.1086335071495601,1.346976873678566,1.3095648265593265,0.1350107684123323,8.59001350402832,-7.589999675750732
2025-10-08,10:26:50,47.6260795,-122.3750341,47.6260702,-122.3750584,29.566697120666504,10.195965766906738,47.626065728117695,-122.37506314905993,0.7605940493026583,-7.579999923706055,VFR_alt,0.3571569094136177,0.10984879636233395,1.3252775101485745,1.267646328663148,0.1283850990549874,8.57353401184082,-7.579999923706055
2025-10-08,10:26:51,47.6260805,-122.3750337,47.6260714,-122.3750579,29.702659130096436,10.22986888885498,47.6260669509841,-122.37506269799876,0.7584651082061058,-7.559999942779541,VFR_alt,167.4809924512539,0.11862022329208463,1.3215679915712486,1.2606617540788716,0.14012526426759095,8.555054664611816,-7.559999942779541
2025-10-08,10:26:52,47.626078,-122.3750357,47.6260726,-122.3750575,29.837738513946533,10.261874198913574,47.626068165912,-122.37506227218685,0.7552558089411536,-7.539999961853027,VFR_alt,359.95297882156365,0.12034387657808703,1.3159760307308015,1.2501102249684013,0.13881923430587256,8.536705017089844,-7.539999961853027
2025-10-08,10:26:53,47.6260761,-122.3750348,47.6260738,-122.3750569,29.967350959777832,10.305079460144043,47.62606933166931,-122.37506169736615,0.7676922908196082,-7.519999980926514,VFR_alt,86.80008705566063,0.12068730692068735,1.3376456582462906,1.2915089444715728,0.13662386582279254,8.51829719543457,-7.519999980926514
2025-10-08,10:26:54,47.6260764,-122.3750354,47.6260749,-122.3750564,30.085651397705078,10.34449291229248,47.626070395684394,-122.37506117299323,0.7673076758017907,-7.5,VFR_alt,0.12203299072857404,0.11087797388720971,1.3369754957152449,1.290198561841588,0.12469327898501739,8.493473052978516,-7.5
2025-10-08,10:26:55,47.6260775,-122.3750363,47.626076,-122.375056,30.213059425354004,10.37250804901123,47.62607154161477,-122.37506080026822,0.7600956841519004,-7.46999979019165,VFR_alt,0.3117476152661814,0.13467475329859976,1.324409146628315,1.2662103674745948,0.1304517282168377,8.46960735321045,-7.46999979019165
2025-10-08,10:26:56,47.6260784,-122.3750337,47.6260773,-122.3750559,30.355395793914795,10.3828763961792,47.62607282181329,-122.37506066232342,0.7735237870897566,-7.449999809265137,VFR_alt,0.33102933248859984,0.15024576740605491,1.3478065987170036,1.3113532860951336,0.14271350475014222,8.446460723876953,-7.449999809265137
2025-10-08,10:26:57,47.6260751,-122.3750364,47.6260785,-122.3750557,30.49306869506836,10.3996000289917,47.62607406006775,-122.37506043982525,0.7535714251654488,-7.429999828338623,VFR_alt,0.6147307829995243,0.14026408528997786,1.3130411196064675,1.2443841303978973,0.13868492205891186,8.427417755126953,-7.429999828338623
2025-10-08,10:26:58,47.626084,-122.3750359,47.6260798,-122.3750553,30.630155563354492,10.430928230285645,47.62607529305133,-122.37506002302182,0.746124405609934,-7.409999847412109,VFR_alt,105.24229426176957,0.1303576261660699,1.300065252199131,1.2199135910128436,0.1406210000420047,8.404916763305664,-7.409999847412109
2025-10-08,10:26:59,47.626086,-122.3750359,47.626081,-122.3750546,30.770416259765625,10.481431007385254,47.62607655458088,-122.37505935111184,0.7594230679365305,-7.37999963760376,VFR_alt,359.8674508458177,0.13218170476074403,1.3232371638288067,1.2639522812522548,0.149075797675239,8.376480102539062,-7.37999963760376
2025-10-08,10:27:00,47.6260854,-122.3750371,47.6260823,-122.3750541,30.911083221435547,10.513728141784668,47.626077819764454,-122.3750589214173,0.7570422468051105,-7.349999904632568,VFR_alt,359.732670779492,0.1344908098099937,1.3190887633725445,1.2559402514454454,0.1443270556613038,8.3521728515625,-7.349999904632568
2025-10-08,10:27:01,47.6260847,-122.3750376,47.6260835,-122.3750537,31.044853687286377,10.548773765563965,47.62607902291971,-122.37505845515571,0.7459523848124913,-7.319999694824219,VFR_alt,359.52247575176307,0.1249977324335348,1.2997655189914656,1.2193519545578593,0.13828497127319408,8.32125473022461,-7.319999694824219
2025-10-08,10:27:02,47.6260847,-122.3750394,47.6260846,-122.3750532,31.16616725921631,10.588459968566895,47.626080114035474,-122.3750579271539,0.7679425666206762,-7.289999961853027,VFR_alt,359.4485070884885,0.11694973821274972,1.3380817448693634,1.29238768319058,0.12764003072386204,8.286295890808105,-7.289999961853027
2025-10-08,10:27:03,47.6260831,-122.3750398,47.6260855,-122.3750524,31.270467281341553,10.643315315246582,47.62608105212835,-122.37505719733547,0.7798453323619882,-7.259999752044678,VFR_alt,359.54350985373856,0.11196570532377233,1.3588214124489222,1.3327684069494032,0.11784567736949506,8.259086608886719,-7.259999752044678
2025-10-08,10:27:04,47.6260859,-122.3750386,47.6260864,-122.3750517,31.370503425598145,10.700818061828613,47.62608195187114,-122.3750564322949,0.7799999713897705,-7.239999771118164,VFR_alt,359.6972308732605,0.11015058880050978,1.3590908592397553,1.3331445303002722,0.1153854237856886,8.239638328552246,-7.239999771118164
2025-10-08,10:27:05,47.6260884,-122.3750371,47.6260874,-122.3750512,31.478164196014404,10.734416007995605,47.62608292019118,-122.37505598529377,0.7844497279116982,-7.230000019073486,VFR_alt,359.7348475713637,0.10874375412196063,1.3668442228764472,1.3484527238235609,0.11278148550743025,8.223729133605957,-7.230000019073486
2025-10-08,10:27:06,47.6260898,-122.3750382,47.6260883,-122.3750509,31.58335018157959,10.755536079406738,47.62608386625257,-122.3750557043035,0.785288427884762,-7.210000038146973,VFR_alt,359.74907700913053,0.09870929389189069,1.3683055940416344,1.3513380460726259,0.10728536235540602,8.20561408996582,-7.210000038146973
2025-10-08,10:27:07,47.6260898,-122.3750382,47.6260893,-122.3750507,31.687355041503906,10.770426750183105,47.626084801690695,-122.37505550619179,0.7799999713897705,-7.190000057220459,VFR_alt,359.7780580151564,0.10205939401473318,1.3590908592397553,1.3331445303002722,0.10506542230461377,8.188730239868164,-7.190000057220459
2025-10-08,10:27:08,47.6260955,-122.3750386,47.6260902,-122.3750506,31.794641494750977,10.783221244812012,47.62608576664407,-122.37505533596847,0.7753990368104317,-7.190000057220459,VFR_alt,359.8524416475505,0.1055354417909479,1.3510740792909073,1.3175178831988914,0.10804666650639859,8.180532455444336,-7.190000057220459
2025-10-08,10:27:09,47.6260946,-122.3750382,47.6260913,-122.3750501,31.909578800201416,10.8168306350708,47.62608680041055,-122.37505488881506,0.7613809415272303,-7.170000076293945,VFR_alt,18.88913866286581,0.10981538483784312,1.3266486102368444,1.2702844498291108,0.11975047097099537,8.171647071838379,-7.170000076293945
2025-10-08,10:27:10,47.6260955,-122.3750377,47.6260924,-122.3750495,32.03218626976013,10.863251686096191,47.626087903163835,-122.37505427120993,0.7588571344103132,-7.149999618530273,VFR_alt,353.07776050887185,0.10805523785806838,1.322251067533125,1.2618732632215026,0.13110112726400694,8.150167465209961,-7.149999618530273
2025-10-08,10:27:11,47.6260947,-122.3750413,47.6260933,-122.3750491,32.14202356338501,10.893462181091309,47.62608889105991,-122.37505386927683,0.7439336477297742,-7.12999963760376,VFR_alt,359.8900440144961,0.10934670965112216,1.2962480225594588,1.2128149146062812,0.11391621955932198,8.125295639038086,-7.12999963760376
2025-10-08,10:27:12,47.6260926,-122.3750425,47.6260944,-122.3750488,32.25438046455383,10.917189598083496,47.626089901617775,-122.37505355359731,0.745603859136646,-7.099999904632568,VFR_alt,359.7472672445645,0.11452305093767562,1.2991582394047654,1.2184448088940494,0.11483494049017424,8.099056243896484,-7.099999904632568
2025-10-08,10:27:13,47.6260926,-122.3750425,47.6260954,-122.3750484,32.36971688270569,10.942244529724121,47.626090938973945,-122.37505322025598,0.7481958780092063,-7.069999694824219,VFR_alt,359.74814639182455,0.12139169672100815,1.3036746359251354,1.226676810531815,0.11802643327499161,8.069185256958008,-7.069999694824219
2025-10-08,10:27:14,47.6260902,-122.3750446,47.6260964,-122.3750479,32.48129606246948,10.984341621398926,47.62609194253685,-122.37505266017857,0.7452857187816075,-7.039999961853027,VFR_alt,359.7518558591132,0.1248495971872693,1.298603903937653,1.217175334336272,0.11925635615864655,8.039786338806152,-7.039999961853027
2025-10-08,10:27:15,47.6260913,-122.3750443,47.6260973,-122.3750473,32.58421754837036,11.024430274963379,47.62609286823092,-122.37505212682225,0.7413953362509261,-7.009999752044678,VFR_alt,359.7288873608018,0.12385051447984784,1.2918252071038894,1.2046263719147112,0.11045330418170185,8.01022720336914,-7.009999752044678
2025-10-08,10:27:16,47.6260933,-122.3750432,47.6260982,-122.3750469,32.68380641937256,11.055752754211426,47.62609376395086,-122.37505171009481,0.7400961337754359,-6.980000019073486,VFR_alt,359.642392065513,0.11808412590135749,1.2895614452147723,1.200448702301093,0.10439847189368537,7.979456424713135,-6.980000019073486
2025-10-08,10:27:17,47.626098,-122.3750438,47.6260993,-122.3750465,32.801522731781006,11.086148262023926,47.626094822712226,-122.37505130570017,0.7398550519044849,-6.949999809265137,VFR_alt,359.66801969206153,0.12486581493546997,1.2891413783184236,1.19966686872329,0.12157720634322415,7.9471964836120605,-6.949999809265137
2025-10-08,10:27:18,47.6261021,-122.3750443,47.6261004,-122.3750461,32.93219876289368,11.11772632598877,47.626095998035595,-122.37505088557229,0.7534482725735369,-6.920000076293945,VFR_alt,359.8974685383544,0.13531823221392233,1.3128265355448026,1.2439766482724643,0.1344373431421772,7.915147304534912,-6.920000076293945
2025-10-08,10:27:19,47.6261032,-122.3750457,47.6261016,-122.3750457,33.062002182006836,11.147637367248535,47.62609716551054,-122.37505048762318,0.7536893168699395,-6.87999963760376,VFR_alt,171.26488562118234,0.12749871524792272,1.3132465369703525,1.2447742055199147,0.1332050975102299,7.8819427490234375,-6.87999963760376
2025-10-08,10:27:20,47.6261047,-122.3750449,47.6261027,-122.3750453,33.18497562408447,11.17618465423584,47.62609827155545,-122.37505010781803,0.766746395512631,-6.849999904632568,VFR_alt,180.8454184776336,0.11613768952314933,1.3359975073326182,1.2884885547345526,0.1262434752799423,7.845901966094971,-6.849999904632568
2025-10-08,10:27:21,47.6261048,-122.3750463,47.6261038,-122.375045,33.311039686203,11.197360038757324,47.626099405397945,-122.37504982609177,0.7759329896224173,-6.809999942779541,VFR_alt,359.7979844764457,0.12410035251715537,1.3520044516148215,1.3193817291619305,0.12783013990236175,7.809414386749268,-6.809999942779541
2025-10-08,10:27:22,47.6261064,-122.3750455,47.6261051,-122.3750448,33.447721004486084,11.214545249938965,47.62610063473393,-122.37504959745246,0.7829999685287475,-6.779999732971191,VFR_alt,217.65028755033424,0.13046565119709289,1.3643181269819122,1.3436154711293473,0.13775744717059218,7.7808732986450195,-6.779999732971191
2025-10-08,10:27:23,47.6261054,-122.3750484,47.6261062,-122.3750446,33.577595233917236,11.231358528137207,47.62610180284575,-122.3750493737615,0.7671717007954916,-6.759999752044678,VFR_alt,0.177459127283988,0.1246208669711845,1.3367385695679053,1.289698448488072,0.13095801538702045,7.7589006423950195,-6.759999752044678
2025-10-08,10:27:24,47.6261061,-122.3750459,47.6261073,-122.3750445,33.69477462768555,11.240391731262207,47.62610285677797,-122.37504925357995,0.7589854986771293,-6.739999771118164,VFR_alt,0.08465333650713504,0.12341775140468625,1.3224747325434865,1.2622979895180413,0.11752705681078841,7.736791133880615,-6.739999771118164
2025-10-08,10:27:25,47.6261069,-122.3750469,47.6261084,-122.3750443,33.812827348709106,11.252135276794434,47.62610391856504,-122.37504909733885,0.772265988617695,-6.71999979019165,VFR_alt,0.22665263618050002,0.12479929115825099,1.3456149801671993,1.3073689922689378,0.11863539017820046,7.713536739349365,-6.71999979019165
2025-10-08,10:27:26,47.6261047,-122.3750491,47.6261095,-122.3750442,33.93960499763489,11.262442588806152,47.62610505882567,-122.375048960206,0.7653488225715105,-6.699999809265137,VFR_alt,0.2721333685299061,0.13249224050100458,1.3335623423594536,1.2835870987053626,0.12719596278206147,7.694013595581055,-6.699999809265137
2025-10-08,10:27:27,47.6261075,-122.3750505,47.6261105,-122.3750441,34.05656039714813,11.266680717468262,47.62610611074326,-122.37504890382014,0.750616113156504,-6.670000076293945,VFR_alt,0.15257992545437277,0.13587096312317237,1.3078917123181544,1.2348113402887189,0.11703216314269875,7.666640281677246,-6.670000076293945
2025-10-08,10:27:28,47.6261128,-122.3750475,47.6261116,-122.3750441,34.17704737186432,11.269871711730957,47.626107194424456,-122.3750488613658,0.7406310531699541,-6.639999866485596,VFR_alt,0.10618601922291925,0.13149424577222288,1.2904935017355288,1.202152609603162,0.12052922268331247,7.639631271362305,-6.639999866485596
2025-10-08,10:27:29,47.6261154,-122.3750479,47.6261129,-122.3750439,34.32108676433563,11.281914710998535,47.626108489940265,-122.37504870114063,0.7442654018153512,-6.609999656677246,VFR_alt,56.38012475810113,0.1344117655008325,1.2968260789206913,1.2138918385851571,0.14454196765944471,7.610348701477051,-6.609999656677246
2025-10-08,10:27:30,47.6261142,-122.3750498,47.6261142,-122.3750439,34.46292269229889,11.284985542297363,47.62610976563772,-122.37504866028499,0.7430288427724288,-6.579999923706055,VFR_alt,359.83422019057764,0.13695452441103184,1.2946714684671146,1.2098805282226528,0.14186916672083488,7.578179359436035,-6.579999923706055
2025-10-08,10:27:31,47.6261136,-122.3750481,47.6261154,-122.3750437,34.595163345336914,11.296486854553223,47.626110955033575,-122.37504850726664,0.746588788299917,-6.539999961853027,VFR_alt,359.63511818385126,0.13279442287215562,1.3008744038559197,1.2214297695891398,0.13273986025128273,7.538604259490967,-6.539999961853027
2025-10-08,10:27:32,47.6261156,-122.3750506,47.6261166,-122.3750437,34.72599709033966,11.295084953308105,47.62611213177546,-122.37504852591813,0.7548113085751263,-6.5,VFR_alt,359.85627528783374,0.12790779734276375,1.3152015225172695,1.248654048162778,0.13084125556774812,7.4991044998168945,-6.5
2025-10-08,10:27:33,47.6261187,-122.3750473,47.6261177,-122.3750437,34.85807549953461,11.298977851867676,47.626113319712054,-122.37504847412535,0.7470833274225394,-6.460000038146973,VFR_alt,359.7763197518166,0.13446274353191257,1.301736100812004,1.2231083182496785,0.13213576667451843,7.462061405181885,-6.460000038146973
2025-10-08,10:27:34,47.6261194,-122.3750486,47.6261189,-122.3750437,34.99190270900726,11.300719261169434,47.62611452337768,-122.3750484509569,0.7550480721088556,-6.429999828338623,VFR_alt,358.0771124522975,0.13505169025693947,1.3156140650381611,1.2492699978057402,0.13383853892505873,7.426945686340332,-6.429999828338623
2025-10-08,10:27:35,47.6261188,-122.3750493,47.6261201,-122.3750437,35.122598469257355,11.295187950134277,47.6261156988785,-122.37504852454782,0.7563461477939899,-6.389999866485596,VFR_alt,357.37936298940383,0.13467090139881924,1.3178758635804404,1.2535650161317025,0.13081275606421972,7.389002323150635,-6.389999866485596
2025-10-08,10:27:36,47.6261186,-122.3750502,47.6261213,-122.3750438,35.25169080495834,11.285157203674316,47.62611685995783,-122.37504865800115,0.756190470286778,-6.349999904632568,VFR_alt,357.5571842022672,0.1316414612389746,1.3176046073178744,1.2530499169321172,0.12948145431404762,7.3528733253479,-6.349999904632568
2025-10-08,10:27:37,47.6261187,-122.375051,47.6261223,-122.3750438,35.36656656861305,11.2792387008667,47.626117893170786,-122.37504873674344,0.7636231754137122,-6.319999694824219,VFR_alt,357.6641709058824,0.12676363513953443,1.3305555329178353,1.2778017241015587,0.11502812591160608,7.3218560218811035,-6.319999694824219
2025-10-08,10:27:38,47.6261193,-122.3750524,47.6261233,-122.375044,35.480668634176254,11.268778800964355,47.62611891942497,-122.37504887590642,0.762350218636649,-6.289999961853027,VFR_alt,355.4161366167287,0.1289585654362006,1.3283375021699222,1.2735966378491383,0.11458049952656113,7.291937828063965,-6.289999961853027
2025-10-08,10:27:39,47.6261154,-122.3750522,47.6261244,-122.3750441,35.59379714727402,11.26111888885498,47.62611993692284,-122.37504897781716,0.744879210340804,-6.269999980926514,VFR_alt,354.6155670189107,0.13250406345595483,1.2978955937756465,1.2161656817814746,0.1133875422135699,7.263797760009766,-6.269999980926514
2025-10-08,10:27:40,47.6261164,-122.3750516,47.6261253,-122.3750441,35.70250006020069,11.264302253723145,47.62612091461609,-122.3750489354643,0.7486057705604113,-6.230000019073486,VFR_alt,354.85550955821725,0.13346423094089216,1.3043888426431445,1.2280150824315343,0.10874951535812886,7.232914924621582,-6.230000019073486
2025-10-08,10:27:41,47.6261104,-122.3750563,47.6261261,-122.3750441,35.792586870491505,11.269267082214355,47.62612172487282,-122.37504886941011,0.7528846126336318,-6.199999809265137,VFR_alt,354.8074376216733,0.12351152078750041,1.3118444008010286,1.2421600937416981,0.09022351639301225,7.201083660125732,-6.199999809265137
2025-10-08,10:27:42,47.6261086,-122.375056,47.6261266,-122.3750441,35.84317369014025,11.26789379119873,47.62612217985963,-122.37504888768096,0.7485576936831841,-6.170000076293945,VFR_alt,354.58571370990006,0.11773885707729138,1.3043050723267637,1.2278581146270933,0.05060545672541662,7.1659836769104,-6.170000076293945
2025-10-08,10:27:43,47.62611,-122.3750569,47.6261271,-122.375044,35.9000133946538,11.273993492126465,47.626122691085996,-122.37504880652793,0.7538265269629809,-6.12999963760376,VFR_alt,237.12327713646454,0.12523568471019364,1.3134856151627732,1.2452282005148665,0.05716605951607525,7.127718448638916,-6.12999963760376
2025-10-08,10:27:44,47.6261132,-122.3750539,47.6261279,-122.3750437,35.99249754846096,11.300366401672363,47.626123522904855,-122.37504845565144,0.7535576889148126,-6.099999904632568,VFR_alt,3.1394292275834212,0.13156725416103235,1.3130171852303587,1.2443386804685224,0.09617093668745859,7.100279808044434,-6.099999904632568
2025-10-08,10:27:45,47.6261147,-122.3750561,47.6261285,-122.3750435,36.06070040166378,11.311366081237793,47.62612413633339,-122.37504830930699,0.7510798111767836,-6.069999694824219,VFR_alt,2.660872889946307,0.11479398475286547,1.3086996709898537,1.2363045818043472,0.0690841670395433,7.07150936126709,-6.069999694824219
2025-10-08,10:27:46,47.626115,-122.3750558,47.6261293,-122.375043,36.13976031541824,11.347153663635254,47.62612484741225,-122.37504783317365,0.7452314636773534,-6.039999961853027,VFR_alt,5.546371086988002,0.10924897818929619,1.2985093685287248,1.2172822443557554,0.08678260780086189,7.035747051239014,-6.039999961853027
2025-10-08,10:27:47,47.6261123,-122.3750573,47.62613,-122.3750426,36.227435410022736,11.377446174621582,47.62612563597758,-122.3750474301491,0.7599999904632568,-6.009999752044678,VFR_alt,7.799347603151764,0.14436344651935193,1.3242424076253754,1.265654697345526,0.09276075913749017,7.008843898773193,-6.009999752044678
2025-10-08,10:27:48,47.6261112,-122.3750587,47.6261308,-122.3750425,36.313559889793396,11.387349128723145,47.6261264105964,-122.37504729839594,0.7599999904632568,-5.989999771118164,VFR_alt,6.930940465418743,0.14686667826026678,1.3242424076253754,1.2658148254218249,0.086691951850818,6.98658561706543,-5.989999771118164
2025-10-08,10:27:49,47.6261201,-122.3750546,47.6261317,-122.3750423,36.41036546230316,11.402806282043457,47.626127281282855,-122.37504709274734,0.7452682899265755,-5.960000038146973,VFR_alt,6.8084336473036675,0.12916965055756452,1.298573535478127,1.2172338709775956,0.09803184410032863,6.960596084594727,-5.960000038146973
2025-10-08,10:27:50,47.6261189,-122.3750576,47.6261325,-122.375042,36.497156858444214,11.422762870788574,47.62612806190004,-122.3750468272363,0.7351442159941564,-5.920000076293945,VFR_alt,6.5334758540291675,0.12716084922878787,1.2809331036261848,1.184276806380443,0.08905622874597148,6.922460079193115,-5.920000076293945
2025-10-08,10:27:51,47.6261183,-122.3750571,47.6261333,-122.3750419,36.58929526805878,11.431963920593262,47.626128890609216,-122.37504670482159,0.7451658813874303,-5.87999963760376,VFR_alt,6.46059805031302,0.14338219102242547,1.2983950963568898,1.2167840732199386,0.09259668376248327,6.883617877960205,-5.87999963760376
2025-10-08,10:27:52,47.6261219,-122.3750552,47.6261343,-122.3750417,36.701326966285706,11.4508695602417,47.62612989824216,-122.37504645329282,0.7325961185762515,-5.849999904632568,VFR_alt,6.746669518329488,0.14644622114988473,1.2764932369131625,1.1761259952737129,0.11361568825706331,6.846134662628174,-5.849999904632568
2025-10-08,10:27:53,47.6261273,-122.3750541,47.6261352,-122.3750414,36.80414891242981,11.471224784851074,47.626130823040945,-122.37504618247816,0.7299999594688416,-5.809999942779541,VFR_alt,6.7452435012214735,0.13148882316083324,1.2719696263472202,1.167706596687312,0.10481740207503298,6.809972286224365,-5.809999942779541
2025-10-08,10:27:54,47.6261302,-122.375054,47.6261362,-122.3750412,36.91327404975891,11.487648963928223,47.626131804531745,-122.37504596396381,0.7417370679792664,-5.75,VFR_alt,6.755395121377439,0.13175689152708636,1.2924206487517553,1.2058690461271475,0.1103541990839203,6.758459091186523,-5.75
2025-10-08,10:27:55,47.6261315,-122.3750515,47.6261372,-122.3750409,37.02465033531189,11.507308006286621,47.62613280626978,-122.37504570241144,0.7715384409977839,-5.710000038146973,VFR_alt,7.013610858604837,0.13265028381003782,1.3443472835567483,1.3045152892933987,0.11309798817851675,6.707419395446777,-5.710000038146973
2025-10-08,10:27:56,47.6261378,-122.3750531,47.6261384,-122.3750407,37.15341830253601,11.520813941955566,47.626133964431666,-122.37504552272266,0.7877033133255807,-5.670000076293945,VFR_alt,6.926934892263908,0.13801573687478116,1.3725133489763943,1.3597066207121289,0.1294743205478446,6.668691158294678,-5.670000076293945
2025-10-08,10:27:57,47.6261378,-122.3750531,47.6261395,-122.3750404,37.28108561038971,11.542618751525879,47.626135112694044,-122.37504523262207,0.8000473671049868,-5.639999866485596,VFR_alt,7.153132687326485,0.12707189336348484,1.394021927531415,1.4027103928785145,0.12951598826017072,6.638930797576904,-5.639999866485596
2025-10-08,10:27:58,47.6261407,-122.3750523,47.6261406,-122.3750405,37.40167260169983,11.537678718566895,47.62613619727479,-122.37504529834641,0.8016267761089014,-5.609999656677246,VFR_alt,7.4249391258553885,0.11747408355252024,1.396773928068537,1.408283850538244,0.1206881369433745,6.60871696472168,-5.609999656677246
2025-10-08,10:27:59,47.6261439,-122.3750519,47.6261416,-122.3750405,37.512075304985046,11.531397819519043,47.626137190256244,-122.3750453819102,0.8037018864773787,-5.589999675750732,VFR_alt,7.625867796714527,0.11300242147766627,1.400389650680283,1.4155021082538126,0.11058122166775437,6.584526538848877,-5.589999675750732
2025-10-08,10:28:00,47.6261455,-122.3750506,47.6261427,-122.3750407,37.6410676240921,11.514973640441895,47.626138350436,-122.37504560042457,0.8025961334888752,-5.569999694824219,VFR_alt,7.516038404116889,0.12287950408286773,1.3984629598669824,1.4117696996844569,0.13003373426528486,6.563989162445068,-5.569999694824219
2025-10-08,10:28:01,47.6261456,-122.3750508,47.6261439,-122.3750408,37.770649433135986,11.509257316589355,47.626139515917735,-122.37504567647701,0.7814832235637464,-5.549999713897705,VFR_alt,7.602599339758231,0.12009477109144749,1.3616753137853193,1.3383583954405214,0.12970783165820327,6.549466609954834,-5.549999713897705
2025-10-08,10:28:02,47.6261457,-122.3750494,47.626145,-122.3750408,37.890748023986816,11.511534690856934,47.62614059610572,-122.37504564617784,0.7647417699786979,-5.539999961853027,VFR_alt,7.452897909458833,0.11680032061019414,1.3325045992053104,1.281551904756379,0.12012018130984366,6.53875732421875,-5.539999961853027
2025-10-08,10:28:03,47.6261489,-122.3750507,47.626146,-122.3750408,38.00393629074097,11.518702507019043,47.62614161414103,-122.37504555081411,0.7551741244187996,-5.529999732971191,VFR_alt,7.3022777985313585,0.11018544161201116,1.3158337016388209,1.2496870743964485,0.11341499600732922,6.52490758895874,-5.529999732971191
2025-10-08,10:28:04,47.6261512,-122.3750505,47.6261471,-122.3750405,38.12100076675415,11.537358283996582,47.626142667039645,-122.37504530260956,0.7395566290822523,-5.509999752044678,VFR_alt,6.910775384047355,0.12136337649205635,1.2886213991584665,1.1986990772345156,0.11854167857288386,6.504086494445801,-5.509999752044678
2025-10-08,10:28:05,47.6261527,-122.3750507,47.6261482,-122.37504,38.248993158340454,11.572827339172363,47.62614381822587,-122.37504483071388,0.7114009433898373,-5.480000019073486,VFR_alt,6.660041178922425,0.1316094250926649,1.2395622498459247,1.109766073715529,0.13281606144982738,6.478800296783447,-5.480000019073486
2025-10-08,10:28:06,47.6261534,-122.37505,47.6261494,-122.3750397,38.3804132938385,11.596522331237793,47.626145000241834,-122.37504451546542,0.6676666339238485,-5.449999809265137,VFR_alt,6.822473253701376,0.12092235872433299,1.1633585288067085,0.9769015841126378,0.13353915030172153,6.448920726776123,-5.449999809265137
2025-10-08,10:28:07,47.6261546,-122.3750493,47.6261504,-122.3750397,38.494925022125244,11.6013765335083,47.62614603018059,-122.37504445088301,0.6697101089113576,-5.389999866485596,VFR_alt,6.8218713771901225,0.1055038659180996,1.1669191291637304,0.983090688910104,0.11461456798723231,6.390618801116943,-5.389999866485596
2025-10-08,10:28:08,47.6261546,-122.3750493,47.6261514,-122.3750393,38.5999391078949,11.626364707946777,47.62614697469587,-122.37504411842949,0.7334928090492504,-5.309999942779541,VFR_alt,6.7867941350268515,0.11177907217490046,1.278055652131273,1.1798045812302462,0.10794613041607298,6.316768169403076,-5.309999942779541
2025-10-08,10:28:09,47.6261541,-122.3750473,47.6261524,-122.3750389,38.71210169792175,11.654402732849121,47.62614798350607,-122.37504374539941,0.7698610830638144,-5.239999771118164,VFR_alt,6.706638640978973,0.1172714081282417,1.3414246144293784,1.2994330613233938,0.11561391543389968,6.249066352844238,-5.239999771118164
2025-10-08,10:28:10,47.6261582,-122.3750472,47.6261534,-122.3750386,38.8218629360199,11.677510261535645,47.62614897071808,-122.3750434379668,0.7370672930891697,-5.199999809265137,VFR_alt,6.812427841836164,0.1003883364252173,1.2842839197765872,1.1905407763368312,0.11216722904144542,6.198227405548096,-5.199999809265137
2025-10-08,10:28:11,47.6261612,-122.3750472,47.6261542,-122.3750383,38.91836643218994,11.701289176940918,47.62614983868761,-122.37504312160176,0.7650239091170462,-5.139999866485596,VFR_alt,6.82031771656355,0.0919847678767437,1.332996205279705,1.2829486259824139,0.09938994713195513,6.146681308746338,-5.139999866485596
2025-10-08,10:28:12,47.6261673,-122.3750474,47.6261552,-122.375038,39.02636241912842,11.722685813903809,47.626150810022644,-122.37504283693158,0.8178846039451085,-5.099999904632568,VFR_alt,6.834208529052898,0.11764011460428055,1.4251019614195035,1.4658741602581742,0.11009518276535689,6.095154285430908,-5.099999904632568
2025-10-08,10:28:13,47.6261678,-122.3750461,47.6261565,-122.3750378,39.16985559463501,11.740532875061035,47.62615210062567,-122.3750425994865,0.7993069140627833,-5.079999923706055,VFR_alt,6.9786456879536996,0.13692902803125948,1.392731744200307,1.4009533913580405,0.14459878633278822,6.07746696472168,-5.079999923706055
2025-10-08,10:28:14,47.6261678,-122.3750461,47.6261577,-122.3750376,39.304691791534424,11.752236366271973,47.626153313366295,-122.37504244377816,0.7589108825910209,-5.069999694824219,VFR_alt,7.254548704800801,0.11692084338847954,1.3223447196661764,1.262246360734911,0.1353431627413149,6.065887451171875,-5.069999694824219
2025-10-08,10:28:15,47.6261697,-122.3750444,47.6261587,-122.3750376,39.42232966423035,11.757185935974121,47.626154371422146,-122.37504237792692,0.7347342913277484,-5.039999961853027,VFR_alt,7.239962475729887,0.09955641807277421,1.2802188409498623,1.1837291475626064,0.11774195230527892,6.039096355438232,-5.039999961853027
2025-10-08,10:28:16,47.6261663,-122.3750407,47.6261598,-122.3750376,39.53999638557434,11.75854778289795,47.62615542973747,-122.3750423598083,0.7512322263130079,-5.009999752044678,VFR_alt,7.16340073365804,0.10790444320835774,1.3089652428181235,1.2366442874485504,0.11767460192789736,6.011196613311768,-5.009999752044678
2025-10-08,10:28:17,47.6261671,-122.3750406,47.626161,-122.3750374,39.66844916343689,11.766560554504395,47.6261565850645,-122.37504225320289,0.7193518292020868,-4.989999771118164,VFR_alt,7.060079287760424,0.12285742925962916,1.2534160660339364,1.1345338602300246,0.12870245005213526,5.987699508666992,-4.989999771118164
2025-10-08,10:28:18,47.6261698,-122.3750392,47.6261622,-122.3750372,39.805014848709106,11.78252124786377,47.62615781336045,-122.37504204085485,0.7055769058374258,-4.960000038146973,VFR_alt,6.982081367270037,0.12110360873003419,1.229414305625814,1.0910599586215235,0.13749520037580282,5.958252429962158,-4.960000038146973
2025-10-08,10:28:19,47.6261708,-122.3750395,47.6261633,-122.3750368,39.92951011657715,11.812960624694824,47.62615893309293,-122.37504163587606,0.7163681316731582,-4.909999847412109,VFR_alt,7.061822131413564,0.11327873007278537,1.2482171991274689,1.1245535713757813,0.12816250381214656,5.913775444030762,-4.909999847412109
2025-10-08,10:28:20,47.6261712,-122.3750383,47.6261644,-122.3750364,40.05184078216553,11.841961860656738,47.626160033356584,-122.37504125003092,0.7316345884822882,-4.859999656677246,VFR_alt,6.748033156977461,0.11913936370267318,1.274817843567624,1.1730119466398397,0.12572137221099047,5.861767768859863,-4.859999656677246
2025-10-08,10:28:21,47.6261751,-122.3750384,47.6261656,-122.375036,40.187307357788086,11.871733665466309,47.62616125176695,-122.37504085393378,0.737794085168371,-4.819999694824219,VFR_alt,6.634025883847498,0.12199668297726735,1.2855502999145856,1.1931538973485147,0.13869950783085547,5.816439628601074,-4.819999694824219
2025-10-08,10:28:22,47.6261798,-122.3750374,47.6261669,-122.3750356,40.32874917984009,11.903254508972168,47.62616252391974,-122.37504043456666,0.7663033019874899,-4.779999732971191,VFR_alt,6.621516491824929,0.12355769824642705,1.335225450432751,1.2867870697701924,0.1449115337049162,5.775999546051025,-4.779999732971191
2025-10-08,10:28:23,47.6261808,-122.3750353,47.6261682,-122.3750353,40.47176265716553,11.925122261047363,47.62616381020827,-122.3750401436285,0.781756067276001,-4.730000019073486,VFR_alt,6.632601505355344,0.12004687789736725,1.3621507232839447,1.339480920950924,0.14467568308992426,5.735405445098877,-4.730000019073486
2025-10-08,10:28:24,47.6261806,-122.3750343,47.6261695,-122.3750351,40.62319755554199,11.946209907531738,47.626165172240555,-122.37503986306919,0.7883332967758179,-4.699999809265137,VFR_alt,6.710918873814225,0.12054987135108071,1.3736110474124135,1.3618595811662577,0.15289609962500747,5.695973873138428,-4.699999809265137
2025-10-08,10:28:25,47.6261806,-122.3750343,47.6261706,-122.3750347,40.747663497924805,11.973843574523926,47.626166291709275,-122.37503949541875,0.7846411152889854,-4.670000076293945,VFR_alt,15.587725603752437,0.12869314446546246,1.3671777008823265,1.3491111407492935,0.12749662883651752,5.665435791015625,-4.670000076293945
2025-10-08,10:28:26,47.6261858,-122.3750336,47.626172,-122.3750352,40.89679193496704,11.925728797912598,47.62616763299684,-122.37504013555889,0.7712675853514336,-4.659999847412109,VFR_alt,342.87317828698156,0.1445044703396833,1.3438753381123498,1.3034857919241842,0.1566981890865949,5.650594234466553,-4.659999847412109
2025-10-08,10:28:27,47.626186,-122.3750319,47.6261725,-122.3750365,40.94893026351929,11.829554557800293,47.6261681019382,-122.37504141510327,0.7634634017944336,-4.670000076293945,VFR_alt,305.6485342380047,0.05897969141965959,1.3302771394903046,1.2772660698485103,0.10939785082624429,5.664152145385742,-4.670000076293945
2025-10-08,10:28:28,47.6261881,-122.3750325,47.6261722,-122.3750365,40.90543556213379,11.840886116027832,47.62616771073916,-122.37504126434324,0.7636841974760357,-4.659999847412109,VFR_alt,272.24237105142436,0.06191065098252593,1.3306618592385506,1.2780063056048179,0.044946560051663066,5.659751892089844,-4.659999847412109
2025-10-08,10:28:29,47.6261872,-122.3750325,47.6261725,-122.3750361,40.95028734207153,11.865971565246582,47.626168114144015,-122.37504093059539,0.7851442133004849,-4.619999885559082,VFR_alt,265.8373759435231,0.07228879952946535,1.3680543110538752,1.3514803216006224,0.051390290192703844,5.616828918457031,-4.619999885559082
2025-10-08,10:28:30,47.6261858,-122.3750326,47.626173,-122.3750361,41.00978755950928,11.867096900939941,47.626168649299515,-122.37504091562343,0.8281553248757297,-4.599999904632568,VFR_alt,267.2345276069459,0.05572032838047129,1.442997914556192,1.502909623876396,0.0595108582996547,5.592611789703369,-4.599999904632568
2025-10-08,10:28:31,47.626185,-122.3750314,47.6261733,-122.375036,41.04791975021362,11.872420310974121,47.62616899226718,-122.37504084479843,0.8289523652621678,-4.589999675750732,VFR_alt,270.3514994557296,0.03782711927557275,1.4443866970477126,1.5058657053460633,0.03850198257628552,5.585869789123535,-4.589999675750732
2025-10-08,10:28:32,47.6261861,-122.3750308,47.626174,-122.3750359,41.1155161857605,11.885132789611816,47.62616960024149,-122.37504067566603,0.8337142654827663,-4.589999675750732,VFR_alt,273.5070599597327,0.09066539130040578,1.4526839474320887,1.5231304979354023,0.06878143071902973,5.586709499359131,-4.589999675750732
2025-10-08,10:28:33,47.6261874,-122.3750309,47.626175,-122.3750357,41.231746196746826,11.897969245910645,47.62617064563478,-122.37504050488415,0.8014084285413715,-4.610000133514404,VFR_alt,274.0514984196396,0.0660508032800726,1.3963934739736055,1.408417947245495,0.11693669254854817,5.602540016174316,-4.610000133514404
2025-10-08,10:28:34,47.6261898,-122.3750317,47.6261762,-122.3750355,41.36462879180908,11.91108226776123,47.62617184080436,-122.37504033042273,0.7580850986724205,-4.630000114440918,VFR_alt,276.05522827966274,0.062174455223089835,1.3209058537474028,1.2594959467646891,0.13352803230982402,5.624553680419922,-4.630000114440918
2025-10-08,10:28:35,47.6261875,-122.3750288,47.6261767,-122.3750352,41.42337703704834,11.932049751281738,47.626172369196475,-122.3750400514621,0.755358846564042,-4.619999885559082,VFR_alt,279.38125375828787,0.026412206229588918,1.316155565982804,1.250298275274884,0.06237781403571902,5.614092826843262,-4.619999885559082
2025-10-08,10:28:36,47.6261875,-122.3750288,47.626177,-122.375035,41.45960474014282,11.95180606842041,47.62617269503485,-122.37503978861534,0.7593269141820761,-4.589999675750732,VFR_alt,280.98370833679934,0.014147025367352538,1.3230696231960453,1.2635519607601073,0.04126449488829048,5.58989953994751,-4.589999675750732
2025-10-08,10:28:37,47.62619,-122.3750305,47.6261775,-122.3750347,41.50717878341675,11.97307300567627,47.62617312292422,-122.37503950567063,0.778067606082861,-4.569999694824219,VFR_alt,280.8226378340006,0.014507370357568137,1.3557238590837764,1.3266237734930508,0.05211115248844553,5.5685858726501465,-4.569999694824219
2025-10-08,10:28:38,47.6261907,-122.3750295,47.6261778,-122.3750344,41.54745864868164,11.995858192443848,47.626173485208454,-122.37503920252645,0.7874145984649659,-4.559999942779541,VFR_alt,280.1473680232577,0.02052615446651854,1.3720102852041107,1.3592853489420282,0.04627777308591369,5.557772636413574,-4.559999942779541
2025-10-08,10:28:39,47.6261874,-122.3750264,47.6261779,-122.3750338,41.556275367736816,12.036763191223145,47.62617356450758,-122.3750386583083,0.7949288978960842,-4.529999732971191,VFR_alt,280.2009314726958,0.033180886552938355,1.385103382697719,1.38615263296091,0.041844395801973036,5.532073974609375,-4.529999732971191
2025-10-08,10:28:40,47.6261839,-122.3750245,47.6261781,-122.3750336,41.574759006500244,12.057276725769043,47.626173730752704,-122.37503838538719,0.8466350385363068,-4.489999771118164,VFR_alt,283.9835899040177,0.025425465495029897,1.4751974156314396,1.5709480549447414,0.02761249719787504,5.494083881378174,-4.489999771118164
2025-10-08,10:28:41,47.6261835,-122.3750246,47.6261783,-122.3750327,41.60044240951538,12.1201753616333,47.626173961753764,-122.37503754855598,0.8899519036595638,-4.460000038146973,VFR_alt,290.3319106788484,0.032663532971547775,1.5506737715280268,1.735999116614963,0.06794023538391984,5.46631383895874,-4.460000038146973
2025-10-08,10:28:42,47.6261854,-122.3750245,47.6261784,-122.3750316,41.607961654663086,12.20434284210205,47.62617402938318,-122.37503642875468,0.9432692201091692,-4.380000114440918,VFR_alt,297.2869744899091,0.03265625217822022,1.6435751562508285,1.950066564967769,0.08450268525939693,5.394874095916748,-4.380000114440918
2025-10-08,10:28:43,47.6261904,-122.3750252,47.6261786,-122.3750311,41.63020324707031,12.246541023254395,47.62617422942801,-122.37503586733146,1.0040579406535568,-4.279999732971191,VFR_alt,304.3000162992381,0.019610066668710846,1.7494948965933228,2.20988439421619,0.04770089019478795,5.295355796813965,-4.279999732971191
2025-10-08,10:28:44,47.6261944,-122.3750257,47.6261788,-122.3750305,41.65891075134277,12.287613868713379,47.62617448762838,-122.3750353208802,1.083056986640772,-4.190000057220459,VFR_alt,311.5097889096303,0.009198102856373385,1.887144749449828,2.5723762605365192,0.050110871431765944,5.205974102020264,-4.190000057220459
2025-10-08,10:28:45,47.6261947,-122.3750252,47.626179,-122.3750297,41.68194532394409,12.348965644836426,47.6261746948054,-122.3750345046291,1.1644019076698704,-4.089999675750732,VFR_alt,317.69649305182946,0.03133741509543651,2.028882111849018,2.9740617019564057,0.06553344160333616,5.105092525482178,-4.089999675750732
2025-10-08,10:28:46,47.6261925,-122.3750208,47.6261793,-122.3750289,41.71207523345947,12.406767845153809,47.626174965799144,-122.37503373560311,1.2612980661483912,-3.990000009536743,VFR_alt,322.92095146167804,0.029050861270381853,2.1977163273797777,3.48800589264312,0.0651836314494359,5.000077724456787,-3.990000009536743
2025-10-08,10:28:47,47.6261925,-122.3750208,47.6261794,-122.3750283,41.723114013671875,12.450104713439941,47.6261750650839,-122.37503315903028,1.3599999586366258,-3.879999876022339,VFR_alt,327.18701151369396,0.02400377744211341,2.3696968976244164,4.055599426033028,0.044720675547528906,4.889124393463135,-3.879999876022339
2025-10-08,10:28:48,47.6261935,-122.3750227,47.6261796,-122.3750278,41.74098443984985,12.492588996887207,47.62617522581368,-122.37503259380061,1.4659523566563923,-3.75,VFR_alt,330.6874509399959,0.03268107659227791,2.554310924477054,4.7114761650247,0.046089765369441704,4.772293567657471,-3.75
2025-10-08,10:28:49,47.6261949,-122.3750228,47.6261796,-122.3750272,41.742472648620605,12.534823417663574,47.626175239198886,-122.37503203189523,1.5759812693729578,-3.619999885559082,VFR_alt,333.6689419596557,0.028498319290996155,2.7460279693619722,5.445139910996709,0.04226063255159084,4.641351222991943,-3.619999885559082
2025-10-08,10:28:50,47.6261917,-122.3750195,47.6261797,-122.3750267,41.755924224853516,12.573498725891113,47.62617536018475,-122.37503151734185,1.6942788150448065,-3.490000009536743,VFR_alt,336.0658497277458,0.018920459498006564,2.952152480759882,6.292207658465044,0.04094782496842713,4.5095109939575195,-3.490000009536743
2025-10-08,10:28:51,47.6261908,-122.3750172,47.6261798,-122.3750261,41.76824188232422,12.615754127502441,47.626175470971944,-122.37503095515733,1.784460061033007,-3.359999895095825,VFR_alt,337.8413313196117,0.018987357598934936,3.1092864699817517,6.978602818782616,0.044014130127723754,4.379469871520996,-3.359999895095825
2025-10-08,10:28:52,47.6261947,-122.375021,47.62618,-122.3750256,41.786733627319336,12.65436840057373,47.62617563728997,-122.37503044141599,1.9174999487849902,-3.2200000286102295,VFR_alt,339.0048332323187,0.01920347687138139,3.341098395610218,8.06012980005492,0.042813627711144976,4.237090110778809,-3.2200000286102295
2025-10-08,10:28:53,47.626196,-122.3750202,47.6261801,-122.3750251,41.804786682128906,12.689595222473145,47.62617579966234,-122.37502997274278,2.0624614672783093,-3.2300000190734863,VFR_alt,339.9314749138518,0.0382066446237075,3.59368285965161,9.324689670409285,0.03958335217096182,4.21196985244751,-3.2300000190734863
2025-10-08,10:28:54,47.6262019,-122.3750222,47.6261799,-122.3750247,41.77026653289795,12.724503517150879,47.626175489182,-122.3750295083074,2.0077603744963803,-3.429999828338623,VFR_alt,341.9363630179211,0.08425702426272134,3.498370349501286,8.847837955337818,0.04909409068548965,4.384010314941406,-3.429999828338623
2025-10-08,10:28:55,47.6262034,-122.3750233,47.6261799,-122.3750242,41.76415777206421,12.761666297912598,47.62617543423872,-122.37502901387735,1.7218181545084172,-3.75,VFR_alt,345.8359157278491,0.05994007727532295,3.0001376934616295,6.511380625216467,0.03766150863769815,4.691676139831543,-3.75
2025-10-08,10:28:56,47.6262055,-122.3750231,47.6261799,-122.3750236,41.771785259246826,12.804911613464355,47.62617550284168,-122.37502843852258,1.4554838233279743,-4.059999942779541,VFR_alt,352.8047033462663,0.030868784314201723,2.5360702982229806,4.658705170652584,0.043912821338330056,4.99146032333374,-4.059999942779541
2025-10-08,10:28:57,47.62621,-122.3750255,47.6261798,-122.375023,41.75565814971924,12.8534574508667,47.6261753577916,-122.37502779264732,1.2478773267763965,-4.349999904632568,VFR_alt,140.11740267485706,0.08906052521658393,2.174331705746749,3.4215679834333983,0.0511544914040753,5.284477710723877,-4.349999904632568
2025-10-08,10:28:58,47.6262085,-122.3750215,47.62618,-122.3750221,41.779229164123535,12.917201042175293,47.62617556979347,-122.37502694457443,0.9844230525195599,-4.639999866485596,VFR_alt,19.738831225526894,0.07297331476225875,1.715282591511348,2.137789637965983,0.06796203464409081,5.579962253570557,-4.639999866485596
2025-10-08,10:28:59,47.6262082,-122.375022,47.6261802,-122.3750224,41.809863567352295,12.897658348083496,47.62617584532471,-122.37502720457907,0.7258415650023092,-4.889999866485596,VFR_alt,21.04826782369547,0.025922635948230133,1.264723939019175,1.168218672845265,0.03633708234775873,5.841506481170654,-4.889999866485596
2025-10-08,10:29:00,47.6262063,-122.3750186,47.6261802,-122.3750221,41.79664897918701,12.917191505432129,47.626175726470365,-122.37502694470132,0.5262857109308243,-5.049999713897705,VFR_alt,43.215682178119046,0.03395009092277004,0.9170129811673494,0.6126304718125792,0.02358324779127105,6.025222301483154,-5.049999713897705
2025-10-08,10:29:01,47.6262035,-122.3750171,47.62618,-122.3750214,41.79333162307739,12.970860481262207,47.62617569663348,-122.37502623066555,0.39868543279562757,-5.150000095367432,VFR_alt,60.535561099399345,0.01893690826607422,0.6946791632045045,0.35045283064779115,0.05377140334980609,6.1339240074157715,-5.150000095367432
2025-10-08,10:29:02,47.6262005,-122.3750147,47.6261803,-122.3750213,41.82182550430298,12.973870277404785,47.62617595291249,-122.3750261906219,0.3219130294478458,-5.210000038146973,VFR_alt,61.567498635603584,0.015228220869017683,0.5609090664621551,0.22770693615456788,0.028652401995603736,6.19688606262207,-5.210000038146973
2025-10-08,10:29:03,47.6262023,-122.3750191,47.6261805,-122.3750219,41.849650382995605,12.923676490783691,47.62617620317437,-122.37502685842222,0.28530172027390577,-5.190000057220459,VFR_alt,58.95203558833474,0.04442439703591939,0.49711663381059135,0.1784502167473665,0.0573902438540149,6.191831111907959,-5.190000057220459
2025-10-08,10:29:04,47.6262034,-122.3750189,47.6261808,-122.3750223,41.88036489486694,12.898545265197754,47.62617647942612,-122.37502719277916,0.30358406624435325,-5.119999885559082,VFR_alt,57.40883487443656,0.02947581903514477,0.5289722366378895,0.20240085139471634,0.03968576242112322,6.1319661140441895,-5.119999885559082
2025-10-08,10:29:05,47.6262044,-122.3750189,47.6261811,-122.3750224,41.91215372085571,12.88502025604248,47.62617676534045,-122.37502737272186,0.36981219570961354,-5.019999980926514,VFR_alt,54.21075112612103,0.017992055900569813,0.6443697349485707,0.30102258453699937,0.034546422830656426,6.039425373077393,-5.019999980926514
2025-10-08,10:29:06,47.6262025,-122.375015,47.6261813,-122.3750228,41.93671369552612,12.860552787780762,47.626176986237205,-122.37502769824786,0.4599999910309201,-4.900000095367432,VFR_alt,46.139295930326874,0.02058771194091865,0.801515135887211,0.4651794319391862,0.03466769907203827,5.923835277557373,-4.900000095367432
2025-10-08,10:29:07,47.6261994,-122.3750127,47.6261816,-122.3750229,41.9630069732666,12.85370922088623,47.626177222723605,-122.3750277892977,0.5637499877753166,-4.769999980926514,VFR_alt,39.28863868973968,0.009304511279669195,0.9822916453660844,0.7004457597996399,0.02716929999425578,5.793277263641357,-4.769999980926514
2025-10-08,10:29:08,47.6261992,-122.3750138,47.6261817,-122.3750227,41.9781928062439,12.876181602478027,47.626177359307675,-122.3750274903152,0.6898104155798094,-4.650000095367432,VFR_alt,36.660475827393554,0.02699848429533825,1.201942390783002,1.047330253345929,0.027122268666570446,5.66399621963501,-4.650000095367432
2025-10-08,10:29:09,47.6261987,-122.3750138,47.6261817,-122.3750223,41.97612476348877,12.903645515441895,47.62617734070733,-122.37502712492316,0.7987980641997777,-4.549999713897705,VFR_alt,36.398771876597834,0.0315856118238746,1.3918451118632453,1.4003405622950014,0.027541665093525215,5.55722713470459,-4.549999713897705
2025-10-08,10:29:10,47.6261952,-122.3750098,47.6261817,-122.375022,41.97167921066284,12.926506996154785,47.62617730072324,-122.37502682076392,0.8864593137964678,-4.489999771118164,VFR_alt,37.199223001473094,0.027784805468608887,1.544588198281723,1.7229728546991876,0.023289702452242367,5.49161434173584,-4.489999771118164
2025-10-08,10:29:11,47.6261939,-122.3750115,47.6261817,-122.3750214,41.96848821640015,12.970175743103027,47.62617727202287,-122.37502623977561,0.9557746254222493,-4.46999979019165,VFR_alt,44.45080389078299,0.06302517809918229,1.665364877629681,2.002124115547866,0.04378517904969861,5.466098785400391,-4.46999979019165
2025-10-08,10:29:12,47.6261946,-122.3750127,47.6261815,-122.3750205,41.94625282287598,13.041621208190918,47.626177072033805,-122.37502528923356,0.9633018621858561,-4.480000019073486,VFR_alt,66.41394777095287,0.038886840077433385,1.6784805174450563,2.0335320721743146,0.07482557855973915,5.4694905281066895,-4.480000019073486
2025-10-08,10:29:13,47.6261929,-122.3750098,47.626182,-122.3750203,42.01605796813965,13.049275398254395,47.62617769987364,-122.37502518739883,0.9174881382576098,-4.509999752044678,VFR_alt,46.80180861084618,0.03874148808031286,1.5986535742367411,1.8450440562016621,0.07022353544795473,5.4989423751831055,-4.509999752044678
2025-10-08,10:29:14,47.6261908,-122.3750083,47.6261827,-122.3750213,42.087684631347656,12.973462104797363,47.626178344096516,-122.37502619605243,0.8691709721026643,-4.539999961853027,VFR_alt,18.284710274358954,0.037929717132850635,1.5144645726031274,1.655590391923396,0.10429781563923243,5.535619258880615,-4.539999961853027
2025-10-08,10:29:15,47.626188,-122.375006,47.6261829,-122.375021,42.1089563369751,13.003035545349121,47.626178535418,-122.3750258025943,0.8535680359518024,-4.549999713897705,VFR_alt,13.013968230885414,0.043421903747558034,1.4872776384008637,1.5965334722351636,0.03642902477927286,5.544174671173096,-4.549999713897705
2025-10-08,10:29:16,47.6261869,-122.3750062,47.6261834,-122.3750195,42.162378787994385,13.116852760314941,47.62617901590897,-122.3750242883197,0.8324154399443364,-4.559999942779541,VFR_alt,24.519743426060764,0.09927112511966539,1.4504208423272489,1.5185427703382908,0.12573112858589905,5.550534725189209,-4.559999942779541
2025-10-08,10:29:17,47.6261859,-122.3750061,47.626184,-122.3750178,42.23352003097534,13.24181842803955,47.62617965576588,-122.37502262572114,0.7750480633515578,-4.559999942779541,VFR_alt,35.685077397885955,0.12007175740570976,1.3504625346277166,1.3195600086873625,0.1437967126283944,5.556854724884033,-4.559999942779541
2025-10-08,10:29:18,47.6261849,-122.3750048,47.6261849,-122.3750174,42.3319206237793,13.269465446472168,47.626180540798224,-122.37502225789297,0.668672949781915,-4.549999713897705,VFR_alt,20.183808633776085,0.09572700905432634,1.1651119579533395,0.9805319201663077,0.10221073472186398,5.552535057067871,-4.549999713897705
2025-10-08,10:29:19,47.6261844,-122.3750043,47.6261857,-122.3750178,42.42589330673218,13.23343563079834,47.62618138600515,-122.37502273724961,0.5391244115093337,-4.529999732971191,VFR_alt,3.2192712782168345,0.09701491470023783,0.9393834442965663,0.6564976725457932,0.1006429965713099,5.533510684967041,-4.529999732971191
2025-10-08,10:29:20,47.6261844,-122.3750043,47.6261865,-122.375017,42.51223087310791,13.29968547821045,47.626182162540495,-122.37502185583227,0.4733971174824181,-4.519999980926514,VFR_alt,2.9116287951014295,0.0919920149744983,0.8248586137951227,0.496463610189974,0.1088265484604367,5.514268398284912,-4.519999980926514
2025-10-08,10:29:21,47.6261837,-122.375002,47.6261874,-122.3750164,42.61100769042969,13.343230247497559,47.626183050956676,-122.37502127649334,0.5299028959667799,-4.5,VFR_alt,5.366602901702112,0.10743264448874205,0.9233156520633273,0.6168185797462191,0.10794909250423255,5.500641822814941,-4.5
2025-10-08,10:29:22,47.6261828,-122.3750009,47.6261884,-122.3750162,42.725144386291504,13.359818458557129,47.62618407752232,-122.37502105579642,0.4648095164980207,-4.489999771118164,VFR_alt,6.009526983934562,0.11221843113501867,0.8098953696556406,0.47516414271238133,0.11533583176276846,5.484916687011719,-4.489999771118164
2025-10-08,10:29:23,47.6261854,-122.3750039,47.6261894,-122.3750163,42.831966400146484,13.3565034866333,47.626185038298416,-122.37502109990028,0.4643396082914101,-4.480000019073486,VFR_alt,5.970425657275222,0.108191773787422,0.8090765902047279,0.4728137627476362,0.10687343768630916,5.476362228393555,-4.480000019073486
2025-10-08,10:29:24,47.6261867,-122.3750049,47.6261902,-122.375016,42.922457218170166,13.37926959991455,47.62618585218885,-122.3750207970098,0.48831680844915976,-4.46999979019165,VFR_alt,8.870300196982727,0.08309204374799634,0.8508550450250516,0.5244026265305178,0.09331068567173736,5.472181797027588,-4.46999979019165
2025-10-08,10:29:25,47.626187,-122.3750048,47.6261906,-122.3750155,42.9739031791687,13.410172462463379,47.62618631490292,-122.37502038586437,0.5290865107224538,-4.420000076293945,VFR_alt,13.582057644448774,0.04911515129228624,0.9218931626224601,0.6138236423306597,0.060013946852165656,5.429417610168457,-4.420000076293945
2025-10-08,10:29:26,47.6261905,-122.3750093,47.626191,-122.3750154,43.008663177490234,13.424391746520996,47.62618662754049,-122.3750201966847,0.6178743741362567,-4.309999942779541,VFR_alt,16.827006736866284,0.0525114811093047,1.076599288267717,0.8430118283490344,0.03755589863688789,5.326889514923096,-4.309999942779541
2025-10-08,10:29:27,47.6261949,-122.3750136,47.6261914,-122.3750153,43.057920932769775,13.431830406188965,47.626187070573465,-122.37502009771747,0.7403703527870001,-4.150000095367432,VFR_alt,12.775546266271446,0.06342128647008428,1.2900392510682612,1.2054242359688727,0.04981626353747354,5.184076309204102,-4.150000095367432
2025-10-08,10:29:28,47.6261948,-122.3750082,47.626192,-122.3750153,43.12965440750122,13.423375129699707,47.626187715757034,-122.37502021021022,0.8644075695937279,-4.029999732971191,VFR_alt,3.3152993202461825,0.043512931243644505,1.5061647045951274,1.6390683935903296,0.07223007059083286,5.052821636199951,-4.029999732971191
2025-10-08,10:29:29,47.626196,-122.3750092,47.6261924,-122.3750151,43.167171478271484,13.440215110778809,47.62618805319221,-122.37501998616362,0.9139903651980253,-3.9499998092651367,VFR_alt,0.6346136128908012,0.03222340112552047,1.5925589696632327,1.8311975454626552,0.04112317548445732,4.958497047424316,-3.9499998092651367
2025-10-08,10:29:30,47.6261988,-122.3750097,47.6261927,-122.3750147,43.20257091522217,13.4711275100708,47.62618837158101,-122.37501957489131,1.002966477540121,-3.8999998569488525,VFR_alt,4.5763533638508305,0.051851208700517716,1.7475931048047606,2.207019795264533,0.04699677187225716,4.903825759887695,-3.8999998569488525
2025-10-08,10:29:31,47.6261998,-122.3750106,47.6261934,-122.3750143,43.282596588134766,13.504338264465332,47.62618909134607,-122.37501913304065,1.055476172765096,-3.8999998569488525,VFR_alt,6.31955361647586,0.08842477475603422,1.8390872707270587,2.443967973928539,0.086643306334465,4.892119407653809,-3.8999998569488525
2025-10-08,10:29:32,47.6262029,-122.3750124,47.6261944,-122.3750142,43.38619327545166,13.514142036437988,47.62619002311302,-122.3750190026069,1.0503364973343337,-3.8899998664855957,VFR_alt,5.781555464313626,0.07179276269072524,1.830131775658314,2.417751910151787,0.1040595385725223,4.885871410369873,-3.8899998664855957
2025-10-08,10:29:33,47.6262024,-122.3750097,47.6261949,-122.375014,43.45244073867798,13.522183418273926,47.626190618954425,-122.37501889562078,0.9806160760151832,-3.8399999141693115,VFR_alt,6.856847552103493,0.05375154487682745,1.708649223359793,2.1079209871118008,0.06673372614917998,4.853075981140137,-3.8399999141693115
2025-10-08,10:29:34,47.6262011,-122.3750066,47.6261955,-122.3750137,43.511826515197754,13.550646781921387,47.62619115308061,-122.3750185169315,0.9987499729419748,-3.75,VFR_alt,11.028229477942524,0.08076322726750125,1.740246164974657,2.186354881353293,0.06585463934290664,4.766210079193115,-3.75
2025-10-08,10:29:35,47.6261986,-122.3750057,47.6261964,-122.3750132,43.61511754989624,13.582551002502441,47.62619208209845,-122.37501809246353,1.0496312890733992,-3.6399998664855957,VFR_alt,13.557254326225014,0.11012178007084104,1.8289030036885041,2.4147913154491634,0.10810604580673784,4.657898426055908,-3.6399998664855957
2025-10-08,10:29:36,47.6262017,-122.3750081,47.6261975,-122.3750129,43.7371563911438,13.608256340026855,47.626193179737385,-122.37501775046826,1.0544711018984134,-3.5799999237060547,VFR_alt,8.426928731518005,0.09863681088273342,1.8373360108836048,2.4365205903788567,0.12471665145557292,4.584800720214844,-3.5799999237060547
2025-10-08,10:29:37,47.6262017,-122.3750081,47.6261984,-122.3750125,43.83682680130005,13.63933277130127,47.626194076190686,-122.37501733701355,1.0544711018984134,-3.5399999618530273,VFR_alt,6.88360040170563,0.07842277384434755,1.8373360108836048,2.4367881728221343,0.10440275495152647,4.541822910308838,-3.5399999618530273
2025-10-08,10:29:38,47.6262056,-122.375009,47.6261991,-122.3750119,43.914785385131836,13.68017292022705,47.62619477736398,-122.37501679365796,1.0451442301273346,-3.5199999809265137,VFR_alt,7.948931385284922,0.08302900001693231,1.8210846434036927,2.398911729260703,0.08800828686741817,4.515489101409912,-3.5199999809265137
2025-10-08,10:29:39,47.6262051,-122.375007,47.6262001,-122.3750115,44.028624534606934,13.71179485321045,47.62619580125344,-122.37501637294564,0.987819883778197,-3.5299999713897705,VFR_alt,8.401865427312845,0.11579758133650957,1.7212013126438344,2.1406129685854487,0.11814947566036918,4.521413326263428,-3.5299999713897705
2025-10-08,10:29:40,47.6262044,-122.3750051,47.6262013,-122.3750111,44.1604528427124,13.746285438537598,47.62619698694058,-122.37501591406748,0.8877294414861191,-3.549999952316284,VFR_alt,8.380914807733154,0.12031765386534198,1.5468012995591471,1.7291707955005755,0.13626556165869536,4.536987781524658,-3.549999952316284
2025-10-08,10:29:41,47.6262053,-122.375007,47.6262025,-122.3750105,44.2927131652832,13.788809776306152,47.62619817651332,-122.37501534830466,0.832641490225522,-3.559999942779541,VFR_alt,8.192062187433583,0.13144731788702732,1.4508147178171935,1.5195273149905946,0.1389284428372621,4.551270008087158,-3.559999942779541
2025-10-08,10:29:42,47.6262067,-122.3750092,47.6262036,-122.37501,44.41675090789795,13.828997611999512,47.626199292130714,-122.3750148136277,0.8386915601859583,-3.569999933242798,VFR_alt,7.803013719656239,0.12694727796538968,1.461356506384628,1.543017304465284,0.13038567302690296,4.559762954711914,-3.569999933242798
2025-10-08,10:29:43,47.6262094,-122.375011,47.6262046,-122.3750093,44.52339553833008,13.87627124786377,47.626200251311396,-122.37501418467808,0.8018094894431886,-3.549999952316284,VFR_alt,7.650289101423416,0.10353390666700545,1.397092292211617,1.4090236894196317,0.11665279185613946,4.555233001708984,-3.549999952316284
2025-10-08,10:29:44,47.6262135,-122.3750131,47.6262053,-122.3750089,44.60824966430664,13.909148216247559,47.62620101450442,-122.37501374726816,0.757772013313412,-3.5,VFR_alt,7.547594855762064,0.08549294551265055,1.3203603262279184,1.258432726351184,0.09100064695020033,4.5079240798950195,-3.5
2025-10-08,10:29:45,47.62622,-122.3750153,47.6262062,-122.3750086,44.70029258728027,13.928631782531738,47.626201842354746,-122.37501348805006,0.8016345999561824,-3.429999828338623,VFR_alt,7.594314001563604,0.09843765697083794,1.396787560529708,1.409133919628124,0.09408245864495744,4.437978267669678,-3.429999828338623
2025-10-08,10:29:46,47.6262192,-122.375012,47.6262072,-122.3750083,44.81296920776367,13.950861930847168,47.62620285578822,-122.3750131922902,0.8329383657441884,-3.3899998664855957,VFR_alt,7.656029588266912,0.10548504240704938,1.4513320009179,1.5231844626983575,0.11484859728218628,4.391873359680176,-3.3899998664855957
2025-10-08,10:29:47,47.6262219,-122.3750129,47.6262083,-122.3750078,44.94068145751953,13.991084098815918,47.626204004454785,-122.37501265715642,0.8769047600882394,-3.3899998664855957,VFR_alt,7.7407441587763905,0.1087310352850528,1.5279401122749616,1.6850197166824536,0.13389638357255712,4.380757808685303,-3.3899998664855957
2025-10-08,10:29:48,47.6262207,-122.3750095,47.6262093,-122.3750074,45.053582191467285,14.02066707611084,47.62620501990397,-122.3750122635712,0.8497596053549876,-3.3899998664855957,VFR_alt,7.861111636957408,0.1058426219253586,1.4806417366033837,1.5829712040577033,0.11671215991306721,4.386899948120117,-3.3899998664855957
2025-10-08,10:29:49,47.6262216,-122.3750101,47.6262105,-122.3750072,45.181118965148926,14.039740562438965,47.62620616699229,-122.37501200980896,0.8184761847768511,-3.4099998474121094,VFR_alt,7.905481117333792,0.11622498219921476,1.426132746202085,1.4681264921137136,0.12895513375523748,4.3985209465026855,-3.4099998474121094
2025-10-08,10:29:50,47.6262227,-122.3750113,47.6262117,-122.375007,45.31536102294922,14.048521995544434,47.626207374389104,-122.37501189297681,0.7880281363854386,-3.419999837875366,VFR_alt,5.713093633660877,0.11318395535151164,1.3730793285503888,1.3608435206429137,0.13452896955616298,4.4118242263793945,-3.419999837875366
2025-10-08,10:29:51,47.626228,-122.3750143,47.6262128,-122.3750068,45.443613052368164,14.06554126739502,47.626208527910556,-122.37501166654476,0.77538092817579,-3.419999837875366,VFR_alt,5.596922271347542,0.1064626911566371,1.3510425263669104,1.3177318473527704,0.12937634507282295,4.41621208190918,-3.419999837875366
2025-10-08,10:29:52,47.6262287,-122.3750142,47.626214,-122.3750068,45.57412052154541,14.069077491760254,47.626209701717826,-122.37501161949724,0.7768720122875196,-3.3899998664855957,VFR_alt,5.867577050099807,0.10393087124513789,1.3536406274706816,1.3225207076408672,0.13055536907309143,4.391844272613525,-3.3899998664855957
2025-10-08,10:29:53,47.6262287,-122.3750136,47.6262151,-122.3750068,45.698232650756836,14.061299324035645,47.62621081800428,-122.3750117229815,0.787894700702868,-3.359999895095825,VFR_alt,5.5120617959842395,0.08908378692905299,1.3728468269822736,1.360557949427591,0.12435562114575201,4.3622517585754395,-3.359999895095825
2025-10-08,10:29:54,47.6262334,-122.3750176,47.6262161,-122.375007,45.80787372589111,14.043131828308105,47.62621180413551,-122.37501196469005,0.8018420730766497,-3.3299999237060547,VFR_alt,4.237796404335706,0.0776792368998653,1.397149066724465,1.4091859800167092,0.11113605741437114,4.332180023193359,-3.3299999237060547
2025-10-08,10:29:55,47.6262367,-122.3750203,47.6262173,-122.3750076,45.9379825592041,14.00194263458252,47.62621297435736,-122.37501251268966,0.8136619707228432,-3.319999933242798,VFR_alt,4.079321549233464,0.08462992642826878,1.4177443429261625,1.450745803903005,0.13647292107165734,4.316120147705078,-3.319999933242798
2025-10-08,10:29:56,47.6262351,-122.3750158,47.6262185,-122.375008,46.07692241668701,13.9771146774292,47.62621422400702,-122.37501284301202,0.7457004678998016,-3.319999933242798,VFR_alt,4.827812497242242,0.09927442360327439,1.2993265728557186,1.2192238825066986,0.1411407505073517,4.316280364990234,-3.319999933242798
2025-10-08,10:29:57,47.6262334,-122.3750152,47.6262199,-122.3750079,46.22597026824951,13.983630180358887,47.62621556456977,-122.37501275632683,0.7191345889407855,-3.3299999237060547,VFR_alt,6.930362520178106,0.11850266814088592,1.2530375413362136,1.1340628261018553,0.1491901934908049,4.318735122680664,-3.3299999237060547
2025-10-08,10:29:58,47.6262331,-122.3750162,47.6262213,-122.3750079,46.38228893280029,13.977444648742676,47.626216970527494,-122.37501283862194,0.644792611423176,-3.3499999046325684,VFR_alt,6.6825690252544705,0.11985585866023868,1.1235022774797792,0.9117497561215222,0.15644099746650436,4.337294101715088,-3.3499999046325684
2025-10-08,10:29:59,47.6262298,-122.3750103,47.6262223,-122.375008,46.49397659301758,13.96521282196045,47.62621797506607,-122.3750130013597,0.5871634434622067,-3.3399999141693115,VFR_alt,4.286667855082049,0.06154533579515723,1.0230878181538474,0.760389589867197,0.11235546729573126,4.342315196990967,-3.3399999141693115
2025-10-08,10:30:00,47.6262256,-122.3750093,47.6262229,-122.3750087,46.56130123138428,13.919098854064941,47.62621858059578,-122.3750136148808,0.5021255965106153,-3.2899999618530273,VFR_alt,2.107824430723199,0.05602691905653995,0.8749158121018322,0.5541526470740924,0.08160333918581245,4.302959442138672,-3.2899999618530273
2025-10-08,10:30:01,47.626225,-122.3750081,47.6262235,-122.3750088,46.63198661804199,13.91064167022705,47.62621921635266,-122.37501372739901,0.5249762794982765,-3.2100000381469727,VFR_alt,3.554730208655112,0.08779205099383802,0.9147313960954846,0.6040204173646728,0.07118952061517572,4.228578090667725,-3.2100000381469727
2025-10-08,10:30:02,47.6262259,-122.37501,47.6262244,-122.3750088,46.7278938293457,13.909625053405762,47.626220078959086,-122.37501374092454,0.5531730669049116,-3.119999885559082,VFR_alt,5.2251396079557555,0.08172149795035903,0.963862162031283,0.6707461632309092,0.09591259922354303,4.1338934898376465,-3.119999885559082
2025-10-08,10:30:03,47.6262294,-122.375015,47.6262253,-122.375009,46.82724857330322,13.892273902893066,47.626220972573236,-122.37501397177212,0.5674640884239708,-3.0399999618530273,VFR_alt,4.004361418580874,0.0791655747514022,0.9887631843750986,0.7069097613008812,0.10085845314587405,4.049878120422363,-3.0399999618530273
2025-10-08,10:30:04,47.6262295,-122.3750144,47.6262261,-122.3750092,46.91955375671387,13.878876686096191,47.62622180278238,-122.37501415001476,0.6539999686754667,-2.990000009536743,VFR_alt,303.54016305241646,0.0879020522420223,1.139545399964831,0.9380926497719964,0.09327235550995373,3.9904608726501465,-2.990000009536743
2025-10-08,10:30:05,47.6262297,-122.3750132,47.6262269,-122.3750092,47.01452350616455,13.8878755569458,47.6262226569571,-122.3750140302897,0.6951674548062411,-2.9800000190734863,VFR_alt,358.5590932409398,0.08991088671832564,1.2112766257987497,1.0591558654055664,0.09539514131911314,3.969165802001953,-2.9800000190734863
2025-10-08,10:30:06,47.6262303,-122.3750127,47.6262279,-122.375009,47.11708354949951,13.901814460754395,47.626223579400275,-122.3750138448402,0.6952830114454593,-2.990000009536743,VFR_alt,359.39139388990213,0.09051034617114742,1.2114779744882964,1.0594702533280114,0.1035029252159295,3.983311176300049,-2.990000009536743
2025-10-08,10:30:07,47.6262329,-122.3750142,47.6262288,-122.3750088,47.21617889404297,13.917134284973145,47.62622447068133,-122.3750136410183,0.6466509325886672,-3.009999990463257,VFR_alt,359.75230788449727,0.10332215826888129,1.1267402613287392,0.9215746642960949,0.1002725502033326,3.996453285217285,-3.009999990463257
2025-10-08,10:30:08,47.6262345,-122.3750152,47.6262298,-122.3750088,47.3341121673584,13.919487953186035,47.62622553139406,-122.37501360970403,0.6099521443604282,-3.0299999713897705,VFR_alt,359.6410917863151,0.11924380092529589,1.062795403052264,0.8154061178516014,0.1179567577926259,4.019237518310547,-3.0299999713897705
2025-10-08,10:30:09,47.6262343,-122.3750141,47.626231,-122.3750088,47.4609375,13.914118766784668,47.62622667208354,-122.37501368113813,0.6366028597480372,-3.049999952316284,VFR_alt,359.5495062721097,0.10094162033933202,1.1092322556215828,0.8890534692390052,0.1269389347767875,4.04273796081543,-3.049999952316284
2025-10-08,10:30:10,47.6262332,-122.3750118,47.6262317,-122.3750087,47.54701232910156,13.922764778137207,47.62622744625578,-122.37501356610765,0.6774879077782378,-3.0299999713897705,VFR_alt,359.24362048577547,0.07447200581647348,1.1804713544620773,1.0059695257540178,0.08650797487614321,4.032257556915283,-3.0299999713897705
2025-10-08,10:30:11,47.6262346,-122.3750148,47.6262324,-122.3750087,47.62551212310791,13.923090934753418,47.62622815229682,-122.37501356176831,0.6825836982453268,-2.990000009536743,VFR_alt,359.3811787905703,0.09557560403523833,1.18935038330625,1.0216605898010191,0.07850047157296135,3.9935355186462402,-2.990000009536743
2025-10-08,10:30:12,47.6262347,-122.3750166,47.6262333,-122.3750087,47.72238826751709,13.920001029968262,47.62622902361801,-122.37501360287781,0.7255607297487348,-2.9600000381469727,VFR_alt,359.36183646279574,0.1005318812051109,1.26423460486522,1.1537636862455813,0.09692540877999725,3.966036796569824,-2.9600000381469727
2025-10-08,10:30:13,47.6262362,-122.3750176,47.6262341,-122.3750087,47.808897972106934,13.919108390808105,47.62622980170159,-122.3750136147539,0.7749056366254699,-2.8899998664855957,VFR_alt,359.45435027805996,0.07401472888886929,1.3502143668474131,1.316228660678653,0.08651430975793703,3.908942222595215,-2.8899998664855957
2025-10-08,10:30:14,47.6262341,-122.3750145,47.6262348,-122.3750087,47.88923168182373,13.912718772888184,47.62623052423719,-122.37501369976428,0.8429319240659944,-2.809999942779541,VFR_alt,290.2345312491439,0.08645904021269364,1.4687450192058973,1.5579808892293598,0.08058741920439673,3.8293609619140625,-2.809999942779541
2025-10-08,10:30:15,47.6262337,-122.3750149,47.6262356,-122.3750087,47.98022651672363,13.915392875671387,47.62623134266082,-122.3750136641868,0.8908490414889354,-2.759999990463257,VFR_alt,81.51931340070014,0.09554491163987033,1.552236966230719,1.7396943093670227,0.09103411890140763,3.7658071517944336,-2.759999990463257
2025-10-08,10:30:16,47.6262325,-122.3750124,47.6262364,-122.3750087,48.071465492248535,13.920811653137207,47.62623216328031,-122.37501359209291,0.9163157703203447,-2.740000009536743,VFR_alt,0.4234095010577375,0.08623042242806495,1.5966108119218192,1.8405003814033896,0.09139974728661897,3.7389602661132812,-2.740000009536743
2025-10-08,10:30:17,47.626231,-122.3750144,47.6262371,-122.3750085,48.14422607421875,13.934845924377441,47.626232817701855,-122.37501340537456,0.9240865154335132,-2.740000009536743,VFR_alt,2.2303547633360674,0.08592265421667925,1.610150746588695,1.8712275182837592,0.07410170752343581,3.7303876876831055,-2.740000009536743
2025-10-08,10:30:18,47.6262282,-122.3750101,47.6262379,-122.3750085,48.22847557067871,13.941651344299316,47.62623357545674,-122.37501331483215,0.9033014084163465,-2.75,VFR_alt,3.024382058337564,0.11857865700881447,1.573934272240602,1.788007274916915,0.08452391019155481,3.7438161373138428,-2.75
2025-10-08,10:30:19,47.6262316,-122.3750156,47.6262387,-122.3750083,48.320136070251465,13.956568717956543,47.626234399867485,-122.3750131163646,0.8598591343897609,-2.7699999809265137,VFR_alt,4.058772840940602,0.09283443155562934,1.4982394008306401,1.623377656107077,0.09286643752592287,3.7637224197387695,-2.7699999809265137
2025-10-08,10:30:20,47.62623,-122.3750121,47.6262391,-122.3750083,48.37157440185547,13.9495210647583,47.626234862512945,-122.3750132101298,0.7849047311714717,-2.7799999713897705,VFR_alt,4.078945535580965,0.04972020792109626,1.3676370315866588,1.3500743865687457,0.051918892262895595,3.772514581680298,-2.7799999713897705
2025-10-08,10:30:21,47.6262368,-122.3750197,47.6262392,-122.3750085,48.38088321685791,13.93319034576416,47.626234862512945,-122.3750132101298,0.7799999713897705,-2.740000009536743,VFR_alt,2.2977820393397494,0.03304858460038338,1.3590908592397553,1.3331445303002722,0.0,3.752000570297241,-2.740000009536743
2025-10-08,10:30:22,47.6262398,-122.3750227,47.6262395,-122.3750091,48.41441631317139,13.887267112731934,47.62623516411555,-122.37501382111346,0.809234430059862,-2.679999828338623,VFR_alt,0.9547427464792642,0.040832183346081005,1.4100296887406647,1.4351311357223524,0.056863097704056544,3.6939642429351807,-2.679999828338623
2025-10-08,10:30:23,47.6262407,-122.3750213,47.6262399,-122.3750092,48.45461654663086,13.88017749786377,47.62623552568357,-122.37501391543694,0.8723696481560079,-2.569999933242798,VFR_alt,1.7726909025056266,0.043660593576623365,1.520038023302134,1.668626093106449,0.0408206003039519,3.5987839698791504,-2.569999933242798
2025-10-08,10:30:24,47.6262403,-122.375021,47.6262403,-122.3750092,48.49892807006836,13.879561424255371,47.62623592422925,-122.37501392363346,0.9513989489313235,-2.450000047683716,VFR_alt,2.3722703136009406,0.053090111212563636,1.6577405928348838,1.9848778197298234,0.04431580593922531,3.476747751235962,-2.450000047683716
2025-10-08,10:30:25,47.6262401,-122.3750201,47.6262408,-122.3750093,48.56218147277832,13.870312690734863,47.62623649314155,-122.37501404668284,1.023799976706505,-2.3499999046325684,VFR_alt,3.795617333792541,0.07051957920193672,1.7838938988067943,2.2977986837962288,0.06392598865971381,3.374682664871216,-2.3499999046325684
2025-10-08,10:30:26,47.6262389,-122.3750181,47.6262417,-122.3750096,48.65537929534912,13.848341941833496,47.626237331379244,-122.37501433899173,1.0754545076326891,-2.2799999713897705,VFR_alt,4.695233342414467,0.09185161458497698,1.8738980057236287,2.536044331836248,0.0957525348971263,3.294121265411377,-2.2799999713897705
2025-10-08,10:30:27,47.6262389,-122.3750181,47.6262425,-122.3750097,48.74267101287842,13.837576866149902,47.626238116496395,-122.37501448221522,1.0122659981544382,-2.2699999809265137,VFR_alt,4.563849246690518,0.06610161517494417,1.763796814966072,2.245530852918537,0.08795300338071496,3.262458324432373,-2.2699999809265137
2025-10-08,10:30:28,47.6262355,-122.3750102,47.6262431,-122.3750098,48.81801414489746,13.833727836608887,47.626238794145856,-122.37501453342448,0.9217326469940714,-2.2799999713897705,VFR_alt,197.28835588775706,0.0800001259966947,1.606049309156332,1.8623928560195386,0.07544138500085049,3.268641710281372,-2.2799999713897705
2025-10-08,10:30:29,47.6262281,-122.3750108,47.6262436,-122.3750096,48.87210750579834,13.859000205993652,47.62623928067111,-122.3750141971893,0.8165277584835335,-2.299999952316284,VFR_alt,356.3601851318568,0.09113945473951322,1.422737760994037,1.48380686247057,0.05970581502561349,3.2905077934265137,-2.299999952316284
2025-10-08,10:30:30,47.6262292,-122.3750127,47.626244,-122.3750089,48.91762924194336,13.906468391418457,47.626239690101656,-122.37501356565082,0.7867804512744997,-2.2699999809265137,VFR_alt,358.8608261363503,0.05707037803239939,1.3709053317661772,1.3571977987301669,0.0657682072827017,3.2821855545043945,-2.2699999809265137
2025-10-08,10:30:31,47.6262264,-122.3750103,47.6262441,-122.3750088,48.92772197723389,13.917733192443848,47.626239690101656,-122.37501356565082,0.8383018613423942,-2.180000066757202,VFR_alt,359.6594172662276,0.05451926017918114,1.4606774856723495,1.5405507006366979,0.0,3.2048888206481934,-2.180000066757202
2025-10-08,10:30:32,47.6262268,-122.3750113,47.6262443,-122.3750088,48.94381237030029,13.915303230285645,47.626239690101656,-122.37501356565082,0.914952362151373,-2.059999942779541,VFR_alt,359.33985486054365,0.061940435976499605,1.5942351764758835,1.8359568218740099,0.0,3.0898799896240234,-2.059999942779541
2025-10-08,10:30:33,47.6262275,-122.3750129,47.6262446,-122.3750086,48.979780197143555,13.929896354675293,47.62624001360265,-122.3750133714972,1.0078365072034872,-1.9399999380111694,VFR_alt,193.76999188520603,0.053710246816850625,1.7560787625515357,2.227205507346282,0.038815510395698916,2.964998483657837,-1.9399999380111694
2025-10-08,10:30:34,47.626231,-122.3750181,47.6262452,-122.3750084,49.042320251464844,13.948002815246582,47.626240576098965,-122.37501313060055,1.1030612429794,-1.8600000143051147,VFR_alt,154.2941249271177,0.09536410469029631,1.9220006506459193,2.6667097037176895,0.06510838892899617,2.864325761795044,-1.8600000143051147
2025-10-08,10:30:35,47.6262307,-122.3750163,47.6262458,-122.3750082,49.108747482299805,13.957295417785645,47.626241173557226,-122.3750130069675,1.0651442162119424,-1.8299999237060547,VFR_alt,221.5350754317263,0.05856545869475947,1.8559331040056612,2.494110092402771,0.06707405950403014,2.8320281505584717,-1.8299999237060547
2025-10-08,10:30:36,47.6262318,-122.3750182,47.6262463,-122.3750082,49.16375160217285,13.963210105895996,47.626241668274005,-122.37501292827578,1.016398088626952,-1.7999999523162842,VFR_alt,0.7150224203207872,0.06865803341235595,1.7709966695772703,2.263734183592731,0.05532121418092018,2.799621343612671,-1.7999999523162842
2025-10-08,10:30:37,47.6262347,-122.37502,47.6262468,-122.3750081,49.227426528930664,13.967684745788574,47.62624224097757,-122.37501286874311,0.9639906010157625,-1.809999942779541,VFR_alt,0.6350682904216411,0.10093109974279091,1.6796805926789768,2.043242148088746,0.06383195672843688,2.7988381385803223,-1.809999942779541
2025-10-08,10:30:38,47.6262356,-122.3750193,47.6262476,-122.375008,49.31782341003418,13.978848457336426,47.62624305402311,-122.37501272021598,0.8733492633372403,-1.8299999237060547,VFR_alt,0.7719036626576036,0.07936197718935149,1.521744928542161,1.6715470792796352,0.09108361306385894,2.8279170989990234,-1.8299999237060547
2025-10-08,10:30:39,47.6262361,-122.3750192,47.6262482,-122.3750079,49.381004333496094,13.982474327087402,47.62624362228352,-122.37501267197574,0.8407246107640474,-1.7999999523162842,VFR_alt,1.0249061693092492,0.07383106404168595,1.4648989429979573,1.5489447403632954,0.06328487987624919,2.810887336730957,-1.7999999523162842
2025-10-08,10:30:40,47.6262347,-122.3750177,47.6262486,-122.375008,49.42260932922363,13.974068641662598,47.6262439964862,-122.37501278380884,0.8499999642372131,-1.7400000095367432,VFR_alt,0.8931492103987682,0.08012313962553107,1.4810605437466553,1.5831638934102794,0.0424456265939062,2.7588844299316406,-1.7400000095367432
2025-10-08,10:30:41,47.6262371,-122.375022,47.6262492,-122.3750081,49.49370098114014,13.958754539489746,47.6262446358971,-122.37501298755468,0.875336522093186,-1.649999976158142,VFR_alt,0.9096604562020018,0.09152339635273585,1.5252075763744863,1.6795096300176315,0.07272238099497218,2.6735079288482666,-1.649999976158142
2025-10-08,10:30:42,47.6262364,-122.3750196,47.6262499,-122.3750083,49.56890296936035,13.948079109191895,47.62624531227709,-122.37501312958551,0.8996650633629429,-1.5399999618530273,VFR_alt,1.0573969696754677,0.0725615818106957,1.567598216465729,1.7744217201180346,0.0759559335688636,2.5716934204101562,-1.5399999618530273
2025-10-08,10:30:43,47.626233,-122.3750135,47.6262505,-122.3750083,49.6322660446167,13.944207191467285,47.626245882175795,-122.37501318109928,0.9392753367262762,-1.4299999475479126,VFR_alt,1.0608721343029301,0.09274916026903235,1.6366161170230602,1.9352660783516136,0.06348126536867173,2.4499571323394775,-1.4299999475479126
2025-10-08,10:30:44,47.6262352,-122.3750201,47.6262512,-122.3750083,49.71579456329346,13.944756507873535,47.626246633446065,-122.37501317379092,1.0083574793764933,-1.3899999856948853,VFR_alt,1.2786215687176006,0.11539331384471073,1.7569865170954109,2.228164855897879,0.08353032491764685,2.387331962585449,-1.3899999856948853
2025-10-08,10:30:45,47.6262343,-122.3750197,47.626252,-122.3750084,49.800668716430664,13.935311317443848,47.62624739681921,-122.37501329945408,0.9398019765273179,-1.3799999952316284,VFR_alt,1.1660401813160448,0.08867711673426155,1.6375337469794125,1.940341090527149,0.08539808834517978,2.3811087608337402,-1.3799999952316284
2025-10-08,10:30:46,47.6262316,-122.3750176,47.6262526,-122.3750087,49.86678886413574,13.918978691101074,47.62624799151552,-122.37501351675085,0.882656997528629,-1.3899999856948853,VFR_alt,1.2347856198188452,0.1190753440566109,1.5379629502392769,1.7071939952406996,0.06810747841312292,2.3764171600341797,-1.3899999856948853
2025-10-08,10:30:47,47.626227,-122.3750137,47.6262532,-122.375009,49.941476821899414,13.894137382507324,47.62624866327223,-122.37501384725105,0.858365363226487,-1.4199999570846558,VFR_alt,1.2605227115126165,0.13367426216315764,1.4956366177431173,1.6184406474799462,0.0787107467094421,2.408118963241577,-1.4199999570846558
2025-10-08,10:30:48,47.6262346,-122.3750247,47.6262539,-122.3750092,50.013718605041504,13.874905586242676,47.62624931302761,-122.37501410311972,0.7829468290586978,-1.4499999284744263,VFR_alt,1.5074795886680823,0.1313842026795742,1.3642255354810682,1.343295106345099,0.07475785723998302,2.4390196800231934,-1.4499999284744263
2025-10-08,10:30:49,47.6262346,-122.3750247,47.6262548,-122.3750097,50.11227512359619,13.8414888381958,47.62625019946237,-122.37501454771153,0.7061110939140673,-1.459999918937683,VFR_alt,0.7737650048588394,0.11772109047268275,1.2303450878805688,1.093448305075742,0.10406760494817197,2.4580228328704834,-1.459999918937683
2025-10-08,10:30:50,47.6262354,-122.3750234,47.6262552,-122.3750102,50.16198539733887,13.805502891540527,47.62625064656537,-122.37501502648514,0.6931481427616544,-1.459999918937683,VFR_alt,0.4236355020153137,0.10823304523472432,1.2077581275392428,1.0530404297056715,0.061368556054774065,2.4492552280426025,-1.459999918937683
2025-10-08,10:30:51,47.6262314,-122.3750179,47.626256,-122.3750104,50.251583099365234,13.787665367126465,47.62625145242294,-122.37501526380379,0.6997584265787244,-1.4299999475479126,VFR_alt,0.4268443063840152,0.14930288299270297,1.2192760463114116,1.0738245895050373,0.09135603694134263,2.428328037261963,-1.4299999475479126
2025-10-08,10:30:52,47.6262393,-122.3750259,47.6262565,-122.3750108,50.29138946533203,13.76768970489502,47.626251810448444,-122.37501552956921,0.7037197912948719,-1.3700000047683716,VFR_alt,267.7894707965886,0.09380750250125276,1.2261784242259093,1.0855217733284133,0.0445373310052068,2.3979763984680176,-1.3700000047683716
2025-10-08,10:30:53,47.6262415,-122.3750266,47.6262568,-122.3750113,50.33347225189209,13.717894554138184,47.62625218894848,-122.37501619206687,0.7287614523270808,-1.2599999904632568,VFR_alt,0.35215156580679813,0.09768756779782269,1.2698116214790063,1.1650138756501613,0.06519599653012037,2.2518723011016846,-1.2599999904632568
2025-10-08,10:30:54,47.6262418,-122.3750256,47.6262575,-122.375012,50.41680145263672,13.668055534362793,47.62625293842604,-122.37501685514817,0.8149755884961384,-1.1799999475479126,VFR_alt,0.48682320311908645,0.13040311590927403,1.420033222379631,1.4560896854773504,0.09709625939710778,2.1764726638793945,-1.1799999475479126
2025-10-08,10:30:55,47.6262409,-122.375024,47.6262584,-122.3750126,50.48902130126953,13.64194393157959,47.62625358798413,-122.37501720254899,0.8816841856429452,-1.1299999952316284,VFR_alt,0.5210180758287394,0.12076207956201152,1.5362678992263448,1.7044173999923924,0.07679532756915704,2.1412696838378906,-1.1299999952316284
2025-10-08,10:30:56,47.6262456,-122.3750276,47.6262589,-122.3750131,50.55345821380615,13.598124504089355,47.62625416754112,-122.37501778554288,0.9046728688979817,-1.0699999332427979,VFR_alt,0.6782507804434419,0.07927422880012298,1.5763239382313297,1.7935548068787297,0.07792469392191453,2.081312417984009,-1.0699999332427979
2025-10-08,10:30:57,47.626244,-122.3750244,47.6262594,-122.3750136,50.62978267669678,13.548134803771973,47.62625485401685,-122.37501845062894,0.9245581277581149,-1.0199999809265137,VFR_alt,1.0604010050512707,0.11972370244735896,1.610972495336112,1.873391948048324,0.09123811579249178,2.018291473388672,-1.0199999809265137
2025-10-08,10:30:58,47.6262554,-122.3750371,47.6262604,-122.3750141,50.73913288116455,13.509577751159668,47.62625583753193,-122.37501896360979,0.8461538140590374,-1.0299999713897705,VFR_alt,0.8624284869539205,0.12678341900643247,1.4743589184361976,1.569106320809192,0.11594875386692127,2.0255894660949707,-1.0299999713897705
2025-10-08,10:30:59,47.626258,-122.3750359,47.6262614,-122.3750148,50.85300064086914,13.458264350891113,47.6262568616787,-122.37501964630698,0.8555072286854619,-1.0399999618530273,VFR_alt,0.7137595859522299,0.10278393932874652,1.4906565348307264,1.6080487143963056,0.1248956834612915,2.0382676124572754,-1.0399999618530273
2025-10-08,10:31:00,47.626262,-122.3750406,47.6262623,-122.3750155,50.95220375061035,13.406329154968262,47.62625775392902,-122.37502033727685,0.9113145319508834,-1.0499999523162842,VFR_alt,0.7339595205181016,0.11415600608771956,1.587896532944716,1.8209052454660544,0.11197553999812512,2.046252489089966,-1.0499999523162842
2025-10-08,10:31:01,47.6262639,-122.3750404,47.6262633,-122.3750159,51.02628040313721,13.387309074401855,47.626258420187526,-122.3750205903288,0.7782296575427625,-1.0799999237060547,VFR_alt,0.26030187971555363,0.11737599958215604,1.3560062214760296,1.3305287539101132,0.07647949996134303,2.070683717727661,-1.0799999237060547
2025-10-08,10:31:02,47.6262706,-122.3750448,47.6262645,-122.3750162,51.18960094451904,13.350783348083496,47.626259889121364,-122.37502107628397,0.663317741077637,-1.0799999237060547,VFR_alt,0.10917960086526465,0.11202508942267606,1.1557809124837644,0.9679903540715541,0.16735509529243403,2.072736978530884,-1.0799999237060547
2025-10-08,10:31:03,47.6262725,-122.3750445,47.6262655,-122.3750169,51.30497455596924,13.299872398376465,47.62626092681202,-122.37502175362683,0.6242646934355006,-1.0799999237060547,VFR_alt,0.2606050927416051,0.10319800138035241,1.0877339355315563,0.8553177849918192,0.12610707759333933,2.072538137435913,-1.0799999237060547
2025-10-08,10:31:04,47.626271,-122.3750394,47.6262664,-122.3750176,51.40409278869629,13.24902629852295,47.62626181829894,-122.37502243010691,0.7055023751760784,-1.059999942779541,VFR_alt,22.507071353508582,0.0857606422886894,1.2292844415946784,1.091678312470828,0.11139905712907755,2.0524508953094482,-1.059999942779541
2025-10-08,10:31:05,47.6262698,-122.3750367,47.6262674,-122.375018,51.51274394989014,13.219136238098145,47.626262795526706,-122.37502282777814,0.7169897677947064,-1.0199999809265137,VFR_alt,53.2908891890653,0.11311203488433848,1.2493003529756213,1.1266199480708028,0.11268757935535727,2.0157268047332764,-1.0199999809265137
2025-10-08,10:31:06,47.6262675,-122.375033,47.6262682,-122.3750183,51.60368728637695,13.198750495910645,47.626263613487154,-122.37502309899952,0.6942232945590343,-0.9699999690055847,VFR_alt,328.4888492925767,0.07632022079767532,1.2096314980952834,1.0561209534465863,0.09320015523532957,1.9649393558502197,-0.9699999690055847
