Date,Time,Latitude,Longitude,EKFlat,EKFlon,DVLx,DVLy,DVLlat,DVLlon,Altitude,Depth,Depth_Source,Heading,Velocity_mps,Width,Area_m2,Distance,NEDz,VFR_alt
2025-10-08,11:23:39,47.6257047,-122.3759375,47.6256994,-122.375915,0.0,0.0,47.6257047,-122.3759375,0.8468648414354066,-15.519999504089355,VFR_alt,2.9507814691926786,0.11045286437949618,1.475597829773812,1.5726531396121604,0.0,15.591790199279785,-15.519999504089355
2025-10-08,11:23:40,47.625706,-122.3759366,47.6257005,-122.3759147,0.115753173828125,0.023767471313476562,47.625705741104625,-122.3759371837899,0.9034782337105792,-15.460000038146973,VFR_alt,1.7940164555590568,0.11304105972142323,1.57424237691995,1.788982387224724,0.11816805805259327,15.534457206726074,-15.460000038146973
2025-10-08,11:23:41,47.625708,-122.3759375,47.6257013,-122.3759145,0.21099090576171875,0.03587532043457031,47.62570659768971,-122.37593702270317,0.9507291465997696,-15.40999984741211,VFR_alt,85.26253253945865,0.1037245864669482,1.6565735130147523,1.9810594441276468,0.09600429987346522,15.482941627502441,-15.40999984741211
2025-10-08,11:23:42,47.6257141,-122.3759444,47.6257024,-122.3759146,0.32852935791015625,0.0208892822265625,47.62570765485144,-122.37593722208226,0.9770165368996931,-15.369999885559082,VFR_alt,354.3255977420426,0.10639714231477916,1.702377299143406,2.091825940892085,0.11848995347548416,15.438288688659668,-15.369999885559082
2025-10-08,11:23:43,47.6257084,-122.3759311,47.6257036,-122.3759145,0.45824432373046875,0.029264450073242188,47.62570882153089,-122.37593711065632,0.9915706690069268,-15.34999942779541,VFR_alt,271.5205437848253,0.12805520282833988,1.727736771754499,2.1554950235503854,0.12998505988853065,15.416242599487305,-15.34999942779541
2025-10-08,11:23:44,47.6257073,-122.3759271,47.6257049,-122.3759141,0.6056137084960938,0.06867027282714844,47.62571014699735,-122.3759365863885,0.9875935647576888,-15.339999198913574,VFR_alt,29.209857564930978,0.14430426475517252,1.7208069688959733,2.1379682750762727,0.15254689257114057,15.40540885925293,-15.339999198913574
2025-10-08,11:23:45,47.6257142,-122.3759411,47.6257062,-122.3759144,0.7471084594726562,0.040073394775390625,47.62571141962629,-122.37593696685063,0.9940106785871128,-15.339999198913574,VFR_alt,357.2496993273325,0.1393865389141807,1.7319883035987644,2.1652121895402674,0.14435562333427313,15.404471397399902,-15.339999198913574
2025-10-08,11:23:46,47.6257092,-122.3759275,47.6257072,-122.3759145,0.8648033142089844,0.02858734130859375,47.625712478194735,-122.37593711966481,0.9870212417333684,-15.339999198913574,VFR_alt,354.8528013262915,0.10838685929775238,1.7198097393839018,2.1348574354130703,0.11825399889918098,15.40385627746582,-15.339999198913574
2025-10-08,11:23:47,47.6257099,-122.3759285,47.6257082,-122.3759146,0.9735641479492188,0.02288055419921875,47.62571345640901,-122.37593719558976,0.9698403946896816,-15.339999198913574,VFR_alt,355.41143644942923,0.11681322499792626,1.689873414989599,2.061554966199539,0.10891045117426809,15.405176162719727,-15.339999198913574
2025-10-08,11:23:48,47.6257151,-122.375939,47.6257096,-122.3759146,1.1260147094726562,0.02667236328125,47.625714827576466,-122.3759371451423,0.9220709874785158,-15.34999942779541,VFR_alt,356.4631144073314,0.1571270349110372,1.6066388418186268,1.8632810042702623,0.15249770990059483,15.40981674194336,-15.34999942779541
2025-10-08,11:23:49,47.6257101,-122.3759268,47.6257111,-122.3759146,1.2948722839355469,0.019435882568359375,47.6257163463115,-122.3759372414188,0.9130480920567232,-15.34999942779541,VFR_alt,357.0436086221145,0.1566965516238289,1.5909171300988363,1.8268697236333906,0.16901256493704453,15.41599178314209,-15.34999942779541
2025-10-08,11:23:50,47.6257099,-122.3759255,47.6257123,-122.3759147,1.4335250854492188,0.011411666870117188,47.625717593379434,-122.37593734817557,0.9023683949520713,-15.34999942779541,VFR_alt,357.4698949489902,0.13568817949608752,1.5723085669619428,1.784559916853754,0.1388847990428096,15.414529800415039,-15.34999942779541
2025-10-08,11:23:51,47.625697,-122.3759007,47.6257134,-122.3759146,1.5521087646484375,0.0284576416015625,47.62571865994212,-122.37593712139036,0.8667759318820766,-15.339999198913574,VFR_alt,357.9254959527875,0.1337090673668137,1.5102913964611904,1.6468760564810652,0.119802563524193,15.403738021850586,-15.339999198913574
2025-10-08,11:23:52,47.6256876,-122.3759011,47.6257143,-122.3759143,1.6519279479980469,0.04919624328613281,47.62571955773359,-122.37593684547726,0.8844085931777954,-15.309999465942383,VFR_alt,358.32661184854095,0.109179012797853,1.5410149729613116,1.7142796837977545,0.10195076735569084,15.382431030273438,-15.309999465942383
2025-10-08,11:23:53,47.6256849,-122.3758938,47.6257151,-122.375914,1.7444343566894531,0.07207107543945312,47.62572038975267,-122.37593654114303,0.8812499940395355,-15.289999961853027,VFR_alt,356.6050776473159,0.11522903386503458,1.5355113532507076,1.702060883686029,0.09529267335437734,15.35635757446289,-15.289999961853027
2025-10-08,11:23:54,47.625692,-122.3759181,47.625716,-122.375914,1.8430137634277344,0.0741119384765625,47.62572127639337,-122.37593651399072,0.8901069374645457,-15.25999927520752,VFR_alt,351.632734457764,0.11269654050708454,1.550943906188225,1.7362782509461556,0.09860053019536827,15.332263946533203,-15.25999927520752
2025-10-08,11:23:55,47.6256991,-122.3759343,47.6257171,-122.3759138,1.9650382995605469,0.08716392517089844,47.62572237390374,-122.37593634034283,0.899484512732201,-15.25,VFR_alt,349.4381011316608,0.12753570717327373,1.5672836206697445,1.7730509984026936,0.12272058415399263,15.314663887023926,-15.25
2025-10-08,11:23:56,47.6257059,-122.3759461,47.6257182,-122.3759137,2.0902252197265625,0.09547996520996094,47.62572349985715,-122.37593622970351,0.880217377582322,-15.219999313354492,VFR_alt,349.25898773640694,0.12398336621244317,1.5337120973025333,1.698117830859697,0.1254628291669834,15.291891098022461,-15.219999313354492
2025-10-08,11:23:57,47.6257059,-122.3759461,47.6257194,-122.3759136,2.2178611755371094,0.10223388671875,47.62572464783762,-122.37593613984713,0.8609289598595249,-15.199999809265137,VFR_alt,349.785502688167,0.129043678727632,1.5001034906643262,1.624785425336696,0.1278145244931841,15.267377853393555,-15.199999809265137
2025-10-08,11:23:58,47.6257023,-122.3759323,47.6257204,-122.3759135,2.3330726623535156,0.11174392700195312,47.625725684070204,-122.37593601332243,0.8772881243188503,-15.170000076293945,VFR_alt,349.9905828492326,0.11629243245569326,1.5286080954040602,1.6879382255343511,0.11560331985127026,15.235273361206055,-15.170000076293945
2025-10-08,11:23:59,47.6257014,-122.3759239,47.6257214,-122.3759134,2.44378662109375,0.1143341064453125,47.62572667985122,-122.37593597886183,0.9045604113694076,-15.139999389648438,VFR_alt,350.0717326544995,0.125877135934738,1.5761279895073024,1.7929838656537935,0.11074425352804144,15.205352783203125,-15.139999389648438
2025-10-08,11:24:00,47.6256916,-122.3759039,47.6257224,-122.3759133,2.5542335510253906,0.11924171447753906,47.62572767323053,-122.3759359135694,0.917540078494638,-15.109999656677246,VFR_alt,350.56295423906005,0.13003854493406367,1.5987440761648974,1.8448823727388626,0.11055590869746722,15.178671836853027,-15.109999656677246
2025-10-08,11:24:01,47.6256868,-122.375893,47.6257234,-122.3759133,2.6648941040039062,0.11862564086914062,47.62572866853121,-122.37593592176586,0.8948662912144381,-15.079999923706055,VFR_alt,350.9187426280591,0.11780272571638943,1.5592367195403096,1.755620820572396,0.11066226787935365,15.149310111999512,-15.079999923706055
2025-10-08,11:24:02,47.6256868,-122.375893,47.6257244,-122.3759133,2.7769126892089844,0.12335014343261719,47.625729676046284,-122.37593585890953,0.9185713870184762,-15.049999237060547,VFR_alt,351.1311101681025,0.11183236965111323,1.6005410531382542,1.8489288140452806,0.11211817138992075,15.118877410888672,-15.049999237060547
2025-10-08,11:24:03,47.6256773,-122.3758724,47.6257253,-122.3759132,2.8758087158203125,0.130615234375,47.625730565534724,-122.37593576225237,0.9187368003945602,-15.019999504089355,VFR_alt,349.8636392937705,0.11064539724274686,1.600829273414764,1.8495921136812477,0.09916252127648638,15.089401245117188,-15.019999504089355
2025-10-08,11:24:04,47.6256773,-122.3758724,47.6257262,-122.3759132,2.972259521484375,0.1360015869140625,47.62573143303041,-122.37593569059057,0.9355494452046824,-15.0,VFR_alt,348.24436502340546,0.1060186516043249,1.6301240333111897,1.9179876352869139,0.09660109060938088,15.067502975463867,-15.0
2025-10-08,11:24:05,47.6256878,-122.3758857,47.6257269,-122.3759129,3.052875518798828,0.15001487731933594,47.625732158105016,-122.37593550415313,0.9371276513693181,-14.979999542236328,VFR_alt,346.83562756333805,0.1088764472527707,1.632873937991989,1.9244644593439566,0.08182488210187927,15.051127433776855,-14.979999542236328
2025-10-08,11:24:06,47.6256994,-122.3759144,47.6257279,-122.3759128,3.163349151611328,0.1630859375,47.625733151724496,-122.37593533025145,0.9221578623119153,-14.979999542236328,VFR_alt,346.7772528829294,0.15802229352687536,1.6067902146343982,1.8635871943264233,0.11124421855106727,15.0449857711792,-14.979999542236328
2025-10-08,11:24:07,47.6256994,-122.3759144,47.6257293,-122.3759128,3.323680877685547,0.15948486328125,47.625734593776535,-122.37593537816133,0.8914594437624958,-14.960000038146973,VFR_alt,347.07360699629254,0.16805494870688464,1.5533005459498046,1.7418315561916173,0.160372161304471,15.02331256866455,-14.960000038146973
2025-10-08,11:24:08,47.6257033,-122.3759164,47.6257308,-122.3759128,3.485057830810547,0.16291427612304688,47.62573604522953,-122.37593533253529,0.8688757077476682,-14.9399995803833,VFR_alt,344.25399798072726,0.16943268045871215,1.5139500968330553,1.6548456677292889,0.1614133881446887,15.004215240478516,-14.9399995803833
2025-10-08,11:24:09,47.6257035,-122.3759059,47.625732,-122.3759118,3.6177978515625,0.23136520385742188,47.62573723911686,-122.37593442184154,0.8355850843673057,-14.90999984741211,VFR_alt,324.08338049332747,0.1553702770554005,1.4559437076096957,1.5305942273668125,0.14935006734824585,14.983592987060547,-14.90999984741211
2025-10-08,11:24:10,47.6257099,-122.3759103,47.6257333,-122.3759108,3.7647056579589844,0.3119029998779297,47.62573856043177,-122.37593335034006,0.8454838395118713,-14.869999885559082,VFR_alt,4.651985868734779,0.16219436625639597,1.4731915385434087,1.5665294073979201,0.16753578772330363,14.944597244262695,-14.869999885559082
2025-10-08,11:24:11,47.625707,-122.3758994,47.6257343,-122.3759104,3.879047393798828,0.3379993438720703,47.62573958884166,-122.37593300314566,0.8497311472892761,-14.819999694824219,VFR_alt,5.030229489187094,0.15329171164381888,1.4805921505797959,1.582309785469064,0.11728193264407408,14.893539428710938,-14.819999694824219
2025-10-08,11:24:12,47.625707,-122.3758994,47.6257354,-122.37591,3.9995384216308594,0.36863136291503906,47.625740672559374,-122.37593259560713,0.8771122776888272,-14.75999927520752,VFR_alt,3.629865850860767,0.1399405799447534,1.528301695972955,1.6868700779743977,0.12432380455354529,14.834600448608398,-14.75999927520752
2025-10-08,11:24:13,47.6257053,-122.3758968,47.6257364,-122.3759094,4.11212158203125,0.4128742218017578,47.62574168515231,-122.37593200698547,0.9222702451654383,-14.6899995803833,VFR_alt,3.328224183717336,0.14356966953019837,1.6069860332428128,1.8643864461565425,0.12096445167159728,14.769362449645996,-14.6899995803833
2025-10-08,11:24:14,47.6257166,-122.3759148,47.6257374,-122.3759089,4.220294952392578,0.4535865783691406,47.62574265808282,-122.37593146533476,0.9385561487253975,-14.639999389648438,VFR_alt,3.0801012140063375,0.1201656223299669,1.6353629864154668,1.9303744529612568,0.11558102799594222,14.711946487426758,-14.639999389648438
2025-10-08,11:24:15,47.6257211,-122.375915,47.6257383,-122.3759086,4.318824768066406,0.4739246368408203,47.625743544277476,-122.37593119475048,0.9596825185276213,-14.609999656677246,VFR_alt,281.57202537178927,0.12044184288335225,1.6721740853132816,2.0182437646406353,0.10060696396928002,14.675643920898438,-14.609999656677246
2025-10-08,11:24:16,47.6257234,-122.3759123,47.6257393,-122.3759083,4.434326171875,0.49830055236816406,47.62574458311764,-122.3759308704452,0.9562841282516229,-14.589999198913574,VFR_alt,354.961039776018,0.15416529945662763,1.6662526477111577,2.00477941889407,0.11804558246521567,14.65927505493164,-14.589999198913574
2025-10-08,11:24:17,47.6257238,-122.3759065,47.6257408,-122.3759079,4.59625244140625,0.5274429321289062,47.62574603951128,-122.3759304827253,0.9484210334326092,-14.579999923706055,VFR_alt,354.9686370963406,0.18965018893543042,1.6525518006780329,1.9720058696259088,0.1645277941942526,14.646928787231445,-14.579999923706055
2025-10-08,11:24:18,47.6257267,-122.3759091,47.6257426,-122.3759075,4.791759490966797,0.5600757598876953,47.62574779793642,-122.37593004856728,0.9172454901084215,-14.559999465942383,VFR_alt,248.4625862662389,0.1883534040458188,1.5982307782192224,1.844289082927015,0.19821177531974463,14.628475189208984,-14.559999465942383
2025-10-08,11:24:19,47.6257369,-122.3759239,47.6257439,-122.3759068,4.946388244628906,0.6113376617431641,47.6257491886949,-122.37592936656185,0.8744210415764859,-14.539999961853027,VFR_alt,6.79356541933009,0.15450878119782396,1.5236124209287238,1.677176997836001,0.16290437084663204,14.605456352233887,-14.539999961853027
2025-10-08,11:24:20,47.6257391,-122.3759219,47.6257449,-122.3759066,5.059497833251953,0.6291275024414062,47.62575020602264,-122.37592912987988,0.880540521724804,-14.50999927520752,VFR_alt,6.739577058415349,0.1293314436802993,1.5342751514901871,1.6992837726071315,0.11450003262245705,14.57590103149414,-14.50999927520752
2025-10-08,11:24:21,47.6257437,-122.375927,47.6257459,-122.3759066,5.165840148925781,0.6310024261474609,47.62575116248432,-122.37592910493527,0.8879032135009766,-14.469999313354492,VFR_alt,5.503286949785366,0.1364968135472267,1.5471040841304908,1.7282835176067768,0.10635884280009648,14.539203643798828,-14.469999313354492
2025-10-08,11:24:22,47.6257414,-122.3759167,47.6257471,-122.3759064,5.2944488525390625,0.6446514129638672,47.62575231921386,-122.37592892334459,0.9053763266532652,-14.420000076293945,VFR_alt,5.006519070436369,0.13406333094963463,1.5775496600776573,1.7968324915031593,0.12933094558613284,14.495067596435547,-14.420000076293945
2025-10-08,11:24:23,47.6257416,-122.3759154,47.6257481,-122.375906,5.413364410400391,0.6688022613525391,47.6257533887615,-122.37592860203362,0.9394623544267429,-14.380000114440918,VFR_alt,4.879398908304865,0.12455294974228387,1.6369419811981136,1.9344040910552833,0.1213432049163178,14.44813060760498,-14.380000114440918
2025-10-08,11:24:24,47.6257374,-122.3759041,47.625749,-122.3759055,5.515445709228516,0.7084903717041016,47.62575430689884,-122.37592807400972,0.9425274677329011,-14.34000015258789,VFR_alt,5.119060787279737,0.10809921076173311,1.6422827089285408,1.9469901370158202,0.10952505500439047,14.409024238586426,-14.34000015258789
2025-10-08,11:24:25,47.6257419,-122.3759105,47.6257498,-122.375905,5.602851867675781,0.7453765869140625,47.625755093045356,-122.37592758326316,0.9615343686134096,-14.319999694824219,VFR_alt,5.273946010086774,0.10436041866030012,1.6754007937960946,2.0259269765199495,0.09487059295178911,14.383615493774414,-14.319999694824219
2025-10-08,11:24:26,47.6257375,-122.3758996,47.6257507,-122.3759045,5.698810577392578,0.7843780517578125,47.625755956115036,-122.3759270643746,0.9624598692445194,-14.309999465942383,VFR_alt,5.544451906859227,0.12569556082474356,1.6770134085321189,2.030023785335091,0.10358179487955764,14.375767707824707,-14.309999465942383
2025-10-08,11:24:27,47.6257313,-122.3758878,47.6257516,-122.375904,5.800159454345703,0.8234291076660156,47.62575686766483,-122.37592654482624,0.9294623601180251,-14.299999237060547,VFR_alt,5.37755214555928,0.1266167543187577,1.6195177486904995,1.8936354470116343,0.10861206114978796,14.369757652282715,-14.299999237060547
2025-10-08,11:24:28,47.6257307,-122.3758856,47.6257523,-122.3759033,5.885528564453125,0.8718204498291016,47.62575763548978,-122.37592590101158,0.9314880931661242,-14.289999961853027,VFR_alt,4.98502999833551,0.11688526200928859,1.6230474350621837,1.9017050202845565,0.09813056076920165,14.356945991516113,-14.289999961853027
2025-10-08,11:24:29,47.6257256,-122.3758764,47.625753,-122.3759027,5.957263946533203,0.9142665863037109,47.62575828069054,-122.37592533629393,0.9036841831709209,-14.279999732971191,VFR_alt,2.060867692348886,0.1025941905222441,1.5746012282523625,1.7895893626792365,0.08335250172487901,14.343445777893066,-14.279999732971191
2025-10-08,11:24:30,47.6257272,-122.3758789,47.6257536,-122.3759021,6.029819488525391,0.9609718322753906,47.625758933267974,-122.37592471491165,0.8967391097027323,-14.269999504089355,VFR_alt,320.42494106707073,0.12206128296320853,1.5624999638759742,1.7621064955677472,0.08628839246999091,14.3333740234375,-14.269999504089355
2025-10-08,11:24:31,47.6257285,-122.3758814,47.6257546,-122.3759015,6.129955291748047,1.0057182312011719,47.62575983390717,-122.37592411959051,0.8935449558591085,-14.25,VFR_alt,359.2780793043776,0.13248590888485076,1.5569343927848112,1.7495780580011977,0.1096787094374824,14.320611000061035,-14.25
2025-10-08,11:24:32,47.6257313,-122.3758837,47.6257555,-122.3759008,6.232307434082031,1.0579071044921875,47.625760754480524,-122.37592342525218,0.8847872247087195,-14.229999542236328,VFR_alt,359.4414716337807,0.13764049413990467,1.5416747097197396,1.7154560343224894,0.11488968420072308,14.298534393310547,-14.229999542236328
2025-10-08,11:24:33,47.6257355,-122.3758907,47.6257564,-122.3759003,6.334136962890625,1.0969676971435547,47.6257616703534,-122.3759229055769,0.8738947253478201,-14.1899995803833,VFR_alt,39.223639982269596,0.12800455673744804,1.522695354772715,1.6736248971577659,0.10906412258692712,14.259557723999023,-14.1899995803833
2025-10-08,11:24:34,47.625738,-122.3758923,47.6257573,-122.3758998,6.432109832763672,1.1390380859375,47.62576255153879,-122.37592234585827,0.885245891868091,-14.139999389648438,VFR_alt,3.868136250587808,0.12186394147371334,1.5424739024974332,1.717234964772573,0.10662364111412954,14.213475227355957,-14.139999389648438
2025-10-08,11:24:35,47.6257416,-122.3758958,47.625758,-122.3758995,6.517017364501953,1.1572818756103516,47.625763315212204,-122.37592210313674,0.8977956771850586,-14.09999942779541,VFR_alt,3.617100668082108,0.11341029209315136,1.5643409526709366,1.7664839324066164,0.08684540752114923,14.17031192779541,-14.09999942779541
2025-10-08,11:24:36,47.6257455,-122.375899,47.6257588,-122.3758993,6.607048034667969,1.176401138305664,47.62576412496404,-122.37592184876763,0.9286096258596941,-14.059999465942383,VFR_alt,3.3001370830083476,0.11583692281641425,1.6180319238464376,1.8895589823219148,0.09203840381359438,14.135045051574707,-14.059999465942383
2025-10-08,11:24:37,47.6257473,-122.3758985,47.6257597,-122.375899,6.70538330078125,1.1995925903320312,47.625765009408894,-122.37592154022073,0.9387292805956213,-14.029999732971191,VFR_alt,3.3513708941069034,0.12173154871931392,1.6356646555832806,1.9309643568544403,0.10103300455129072,14.10074234008789,-14.029999732971191
2025-10-08,11:24:38,47.6257551,-122.3759116,47.6257608,-122.3758988,6.820888519287109,1.2133255004882812,47.62576604828334,-122.37592135751345,0.9404651134513146,-14.0,VFR_alt,1.9096351360811727,0.12655170993922754,1.6386892128318358,1.9382248877142862,0.11631873590890658,14.068263053894043,-14.0
2025-10-08,11:24:39,47.6257556,-122.3759069,47.6257617,-122.3758986,6.921287536621094,1.2264995574951172,47.62576695128994,-122.37592118224134,0.9372043013572693,-13.969999313354492,VFR_alt,0.6094271309306939,0.10973207055721232,1.6330074947891828,1.9247156003710488,0.1012596585993112,14.038989067077637,-13.969999313354492
2025-10-08,11:24:40,47.6257609,-122.3759147,47.6257627,-122.3758984,7.030269622802734,1.24365234375,47.62576793149419,-122.37592095403487,0.927814184642229,-13.949999809265137,VFR_alt,238.01923696389315,0.11666757340639666,1.6166459277856993,1.8864757341582086,0.11032367463426987,14.021493911743164,-13.949999809265137
2025-10-08,11:24:41,47.6257626,-122.3759121,47.6257638,-122.3758981,7.152191162109375,1.2611618041992188,47.62576902807818,-122.37592072108308,0.9205290687778008,-13.949999809265137,VFR_alt,0.1742820424677285,0.12942651753860807,1.6039521652946531,1.856864818007248,0.12317241148943814,14.016800880432129,-13.949999809265137
2025-10-08,11:24:42,47.6257672,-122.3759144,47.625765,-122.375898,7.292079925537109,1.2757720947265625,47.62577028626257,-122.37592052670283,0.8948369376037432,-13.929999351501465,VFR_alt,0.4702357437662611,0.14171159988188226,1.5591855730974327,1.7547170542438406,0.1406496595183722,14.003639221191406,-13.929999351501465
2025-10-08,11:24:43,47.6257662,-122.375907,47.6257663,-122.3758977,7.437255859375,1.2911128997802734,47.62577159200071,-122.37592032260356,0.8836611939258263,-13.899999618530273,VFR_alt,0.4827736586575563,0.14210484824219688,1.5397126863859112,1.7110887487942061,0.14598421854912796,13.969752311706543,-13.899999618530273
2025-10-08,11:24:44,47.6257648,-122.3759017,47.6257675,-122.3758975,7.570613861083984,1.3116264343261719,47.625772791446266,-122.37592004968454,0.8796315745303506,-13.859999656677246,VFR_alt,0.48801685920417026,0.13985739726769297,1.532691379863491,1.695536075226558,0.13492650488091376,13.929361343383789,-13.859999656677246
2025-10-08,11:24:45,47.6257627,-122.3758972,47.6257686,-122.3758971,7.691188812255859,1.3421096801757812,47.62577387591879,-122.37591964412508,0.8736649227391987,-13.819999694824219,VFR_alt,0.5257960949485606,0.133806791527109,1.5222949411364837,1.6726763702563034,0.12436859381543143,13.89226245880127,-13.819999694824219
2025-10-08,11:24:46,47.6257627,-122.3758972,47.6257697,-122.3758967,7.816799163818359,1.3657341003417969,47.6257750056806,-122.37591932981776,0.8781521709068961,-13.789999961853027,VFR_alt,0.4043215353395661,0.12740507426307254,1.5301136311256542,1.6898626489522959,0.12781265057824007,13.85832405090332,-13.789999961853027
2025-10-08,11:24:47,47.625748,-122.3758713,47.6257705,-122.3758961,7.905082702636719,1.410186767578125,47.625775799718426,-122.37591873840435,0.8968279361724854,-13.739999771118164,VFR_alt,0.4168972858894546,0.12036237389009485,1.5626547372702408,1.7625302968852563,0.09884342593575197,13.81860637664795,-13.739999771118164
2025-10-08,11:24:48,47.6257506,-122.3758778,47.6257713,-122.3758955,7.987857818603516,1.455911636352539,47.62577654421253,-122.37591813006513,0.9108620429861134,-13.6899995803833,VFR_alt,0.5974720694138672,0.11743680773110225,1.587108105203077,1.818309400125931,0.09456470508468821,13.769147872924805,-13.6899995803833
2025-10-08,11:24:49,47.6257564,-122.375887,47.625772,-122.3758951,8.075714111328125,1.4874496459960938,47.62577733440764,-122.3759177104727,0.936153837285199,-13.639999389648438,VFR_alt,0.3249521099284569,0.11507062937368404,1.6311771407242108,1.9206905399852512,0.09334545636285249,13.717533111572266,-13.639999389648438
2025-10-08,11:24:50,47.6257598,-122.3758912,47.6257728,-122.3758947,8.155261993408203,1.5180721282958984,47.62577804987541,-122.37591730306076,0.9431052578122993,-13.609999656677246,VFR_alt,236.8155325732082,0.10824692563006752,1.6432894643699172,1.9491606192742796,0.08523850048908571,13.678081512451172,-13.609999656677246
2025-10-08,11:24:51,47.6257651,-122.3759011,47.6257737,-122.3758943,8.2623291015625,1.5446395874023438,47.62577901285599,-122.37591694959822,0.9483783680039484,-13.59000015258789,VFR_alt,134.3119477794511,0.11336833407750001,1.6524774594008202,1.971011779326776,0.11031407676219998,13.659067153930664,-13.59000015258789
2025-10-08,11:24:52,47.6257765,-122.3759164,47.6257747,-122.3758943,8.371070861816406,1.5500068664550781,47.6257799908987,-122.37591687819011,0.9384408593177795,-13.579999923706055,VFR_alt,0.33338346499381927,0.10401353748735562,1.6351621033567383,1.9298626308808673,0.10887413883722775,13.647538185119629,-13.579999923706055
2025-10-08,11:24:53,47.6257801,-122.3759152,47.6257756,-122.3758942,8.472064971923828,1.5557231903076172,47.62578089925766,-122.37591680213819,0.9264736737075605,-13.569999694824219,VFR_alt,0.21479943405629126,0.09436278272616236,1.6143101890358977,1.8809003100626638,0.1011557543334889,13.635053634643555,-13.569999694824219
2025-10-08,11:24:54,47.6257871,-122.3759195,47.6257765,-122.3758942,8.568557739257812,1.5575275421142578,47.625781767130746,-122.37591677813248,0.9199999570846558,-13.539999961853027,VFR_alt,297.6212846098479,0.08515803189201152,1.6030302282535673,1.8546573109013764,0.09650963596041884,13.613598823547363,-13.539999961853027
2025-10-08,11:24:55,47.6257864,-122.3759113,47.6257773,-122.3758945,8.664932250976562,1.5316162109375,47.62578263394023,-122.37591712286569,0.9174456243281779,-13.529999732971191,VFR_alt,352.73118937182153,0.08270325981404471,1.5985794969354594,1.8445074498894696,0.0997970119411353,13.594524383544922,-13.529999732971191
2025-10-08,11:24:56,47.6257852,-122.3759075,47.6257781,-122.3758952,8.750907897949219,1.4815540313720703,47.62578340722047,-122.37591778891006,0.9088829464100777,-13.50999927520752,VFR_alt,340.14517196104754,0.07451868927145892,1.5836596793508935,1.8102115081323955,0.09948886216661713,13.580089569091797,-13.50999927520752
2025-10-08,11:24:57,47.6257838,-122.3759034,47.6257786,-122.3758955,8.813556671142578,1.4508285522460938,47.62578397069466,-122.37591819769236,0.9076795268453945,-13.5,VFR_alt,327.98994413395366,0.057136596195934884,1.5815628119275829,1.8054103625567677,0.06977767443927754,13.56976318359375,-13.5
2025-10-08,11:24:58,47.6257846,-122.3759038,47.6257792,-122.3758956,8.879833221435547,1.4479923248291016,47.625784566797726,-122.3759182354265,0.9139772423289039,-13.469999313354492,VFR_alt,323.59195818051063,0.053964832734147254,1.5925361040579438,1.8306409781484967,0.06633720905116007,13.545843124389648,-13.469999313354492
2025-10-08,11:24:59,47.6257833,-122.3759007,47.6257801,-122.3758953,8.963302612304688,1.4752578735351562,47.62578531753624,-122.3759178726763,0.9216756411500879,-13.449999809265137,VFR_alt,320.20401668048015,0.12219452539811264,1.6059499807918207,1.8614501592889827,0.08780973384715168,13.521873474121094,-13.449999809265137
2025-10-08,11:25:00,47.6257838,-122.3759008,47.6257811,-122.3758953,9.079235076904297,1.4695682525634766,47.62578636025342,-122.37591794837297,0.9039673636788907,-13.429999351501465,VFR_alt,318.38771856562386,0.09501476674948049,1.575094648834432,1.7907627603881155,0.11607199548099903,13.50304126739502,-13.429999351501465
2025-10-08,11:25:01,47.6257887,-122.375908,47.6257824,-122.3758953,9.222415924072266,1.469430923461914,47.62578764804739,-122.37591795020005,0.89264548581744,-13.420000076293945,VFR_alt,319.6985329844345,0.11212367733950337,1.5553671343788735,1.7461428147391533,0.14318091302621086,13.486737251281738,-13.420000076293945
2025-10-08,11:25:02,47.6257887,-122.375908,47.6257832,-122.3758957,9.315547943115234,1.4419136047363281,47.62578848569331,-122.3759183162999,0.8858659114251589,-13.389999389648438,VFR_alt,321.6635782929641,0.08544955186171238,1.543554239604446,1.7196911111829551,0.09711218152665183,13.463805198669434,-13.389999389648438
2025-10-08,11:25:03,47.6257904,-122.3759067,47.6257839,-122.3758959,9.398067474365234,1.4225006103515625,47.625789227888646,-122.37591857457706,0.8883684083035118,-13.359999656677246,VFR_alt,323.3286741918789,0.07169942953868916,1.5479146508318775,1.7294263052113252,0.08477226780441036,13.43260669708252,-13.359999656677246
2025-10-08,11:25:04,47.6257925,-122.3759077,47.6257847,-122.3758961,9.48067855834961,1.4062042236328125,47.625789970907405,-122.3759187913898,0.9070429801940918,-13.309999465942383,VFR_alt,324.7455002654085,0.0611782239810113,1.5804536776109184,1.8029879115769711,0.0842031081205469,13.387701034545898,-13.309999465942383
2025-10-08,11:25:05,47.625798,-122.3759167,47.6257854,-122.3758963,9.565433502197266,1.3954715728759766,47.625790733208426,-122.37591893418067,0.9225133434336453,-13.25999927520752,VFR_alt,325.8803582400671,0.05908057609582967,1.6074096135586284,1.8651858336465374,0.08543178740309473,13.339804649353027,-13.25999927520752
2025-10-08,11:25:06,47.6258065,-122.3759261,47.6257864,-122.3758968,9.667655944824219,1.3624954223632812,47.62579165261522,-122.37591937290674,0.9550810643144556,-13.229999542236328,VFR_alt,325.8703964974154,0.06458721587786803,1.664156399941856,1.9988510397113537,0.1074097494609156,13.299824714660645,-13.229999542236328
2025-10-08,11:25:07,47.6258045,-122.3759176,47.6257874,-122.3758973,9.780509948730469,1.3204612731933594,47.62579266764417,-122.37591993214353,0.9585561296519112,-13.210000038146973,VFR_alt,325.9992073119714,0.07461206025299541,1.670211438029847,2.013547388699152,0.12042796973341008,13.278016090393066,-13.210000038146973
2025-10-08,11:25:08,47.6258081,-122.375923,47.6257884,-122.3758978,9.887771606445312,1.2897319793701172,47.62579363237457,-122.37592034097665,0.9554385793836493,-13.199999809265137,VFR_alt,326.2160326449131,0.08280822294845916,1.6647793428654496,2.000601050651461,0.11157666742922308,13.268088340759277,-13.199999809265137
2025-10-08,11:25:09,47.6258103,-122.3759252,47.6257894,-122.3758984,10.001808166503906,1.2450904846191406,47.625794658039645,-122.3759209349025,0.9436216157835883,-13.1899995803833,VFR_alt,326.1650776620884,0.08278745163131404,1.6441891790168597,1.9511699103649673,0.12246305599485392,13.259795188903809,-13.1899995803833
2025-10-08,11:25:10,47.6258035,-122.3759119,47.6257906,-122.375899,10.132991790771484,1.1966056823730469,47.62579583792845,-122.37592157996104,0.9365284983358235,-13.179999351501465,VFR_alt,325.9312063027744,0.09083430160203745,1.6318299592215126,1.9219464292206783,0.13985678147597966,13.24416732788086,-13.179999351501465
2025-10-08,11:25:11,47.6258024,-122.3759108,47.625792,-122.3758997,10.281856536865234,1.1426925659179688,47.625797176844415,-122.37592229723978,0.9130107263724009,-13.15999984741211,VFR_alt,326.15640417993257,0.14639894391900748,1.5908520232246386,1.8268593817731034,0.15832667733346606,13.230485916137695,-13.15999984741211
2025-10-08,11:25:12,47.6258035,-122.3759151,47.6257934,-122.3759007,10.445541381835938,1.0713462829589844,47.625798649054985,-122.37592324645541,0.8753260788710221,-13.139999389648438,VFR_alt,326.33823534218106,0.15005634514533955,1.5251893798510259,1.6792446887965227,0.17855817137601568,13.215152740478516,-13.139999389648438
2025-10-08,11:25:13,47.6258035,-122.3759151,47.6257948,-122.3759016,10.600173950195312,1.0036048889160156,47.62580003984776,-122.37592414771038,0.8420744398806957,-13.109999656677246,VFR_alt,326.3840394524265,0.14140165050296075,1.4672509179739361,1.5539541204936669,0.16881980826994664,13.186068534851074,-13.109999656677246
2025-10-08,11:25:14,47.6258048,-122.3759164,47.6257961,-122.3759025,10.750751495361328,0.9323291778564453,47.625801394168946,-122.37592509598714,0.8397311568260193,-13.059999465942383,VFR_alt,326.2573710290419,0.13720555755720343,1.463167924772606,1.5452874515479496,0.16659479012043213,13.140706062316895,-13.059999465942383
2025-10-08,11:25:15,47.6258032,-122.3759137,47.6257974,-122.3759032,10.888565063476562,0.8823928833007812,47.62580263368864,-122.37592576035694,0.8420418566434171,-13.0,VFR_alt,326.3121247405537,0.14451795426338754,1.4671941441514051,1.5536935934120557,0.14658176240788753,13.077187538146973,-13.0
2025-10-08,11:25:16,47.6258095,-122.3759248,47.6257987,-122.375904,11.035774230957031,0.8235874176025391,47.625803957714034,-122.37592654272528,0.8427173624867978,-12.929999351501465,VFR_alt,326.3401258568783,0.14640181746495806,1.4683711619088111,1.5562546569199653,0.15852009899782374,13.012290000915527,-12.929999351501465
2025-10-08,11:25:17,47.6258151,-122.3759312,47.6258002,-122.3759052,11.200443267822266,0.7379493713378906,47.62580543877659,-122.37592768208363,0.8518181443214417,-12.869999885559082,VFR_alt,327.99013019536346,0.15283675069477468,1.4842285848025085,1.5900563023326955,0.18560648337315694,12.952614784240723,-12.869999885559082
2025-10-08,11:25:18,47.6258234,-122.3759421,47.625802,-122.3759057,11.392879486083984,0.6841773986816406,47.62580716958211,-122.37592839748467,0.8542528337445753,-12.819999694824219,VFR_alt,340.6896192770494,0.16019948974423026,1.4884708466761507,1.599099412272779,0.19980771542214368,12.89573860168457,-12.819999694824219
2025-10-08,11:25:19,47.6258342,-122.3759584,47.6258038,-122.3759059,11.595108032226562,0.6756706237792969,47.625808988461564,-122.37592851066177,0.8617391022651092,-12.75999927520752,VFR_alt,355.7157795288802,0.1617918993629839,1.5015151024316287,1.6272886337876231,0.2024073864615123,12.839069366455078,-12.75999927520752
2025-10-08,11:25:20,47.6258418,-122.3759622,47.6258052,-122.3759065,11.75912857055664,0.6293869018554688,47.625810463691415,-122.37592912643656,0.8646486285570506,-12.6899995803833,VFR_alt,356.31692068386945,0.11324775363947893,1.5065847315766783,1.6383888816972416,0.17042570202058982,12.773533821105957,-12.6899995803833
2025-10-08,11:25:21,47.6258379,-122.3759474,47.6258063,-122.375907,11.920600891113281,0.5876426696777344,47.62581191600214,-122.3759296818164,0.9135384461818598,-12.630000114440918,VFR_alt,333.40825720788325,0.08627907645243865,1.5917715350138508,1.829729085510093,0.16678096781723956,12.684545516967773,-12.630000114440918
2025-10-08,11:25:22,47.6258409,-122.3759503,47.6258073,-122.375907,12.0362548828125,0.5918636322021484,47.62581295621468,-122.37592962565924,0.9572774680497135,-12.569999694824219,VFR_alt,2.432651464663081,0.07777893020532518,1.6679834670563212,2.0081031952109507,0.11573099118471018,12.626306533813477,-12.569999694824219
2025-10-08,11:25:23,47.6258167,-122.3759164,47.6258083,-122.3759071,12.141422271728516,0.5755271911621094,47.625813902108845,-122.37592984300497,0.9831318246139275,-12.529999732971191,VFR_alt,261.85968470290595,0.09968113551264281,1.7130327247060875,2.118210552614178,0.10642865684235218,12.591038703918457,-12.529999732971191
2025-10-08,11:25:24,47.6258167,-122.3759164,47.6258092,-122.3759073,12.250251770019531,0.5729160308837891,47.62581488094067,-122.37592987774475,0.9879569411277771,-12.50999927520752,VFR_alt,349.0567937634068,0.10745614586818603,1.7214401246923412,2.1388056779212747,0.10886081873784181,12.569814682006836,-12.50999927520752
2025-10-08,11:25:25,47.625828,-122.375942,47.6258105,-122.3759073,12.398567199707031,0.5718040466308594,47.62581621491599,-122.37592989253898,0.9685638001624574,-12.489999771118164,VFR_alt,349.2583301444065,0.11996732743338068,1.6876490457376172,2.055978989573147,0.14831959813984974,12.553656578063965,-12.489999771118164
2025-10-08,11:25:26,47.625826,-122.3759326,47.625812,-122.3759073,12.565357208251953,0.5697441101074219,47.62581771505495,-122.3759299199451,0.9340860145066374,-12.479999542236328,VFR_alt,349.75292936559197,0.15539668292127629,1.6275741161858022,1.9122208449913922,0.1668027286614212,12.54714298248291,-12.479999542236328
2025-10-08,11:25:27,47.6258186,-122.3759167,47.6258136,-122.3759074,12.743066787719727,0.5494728088378906,47.62581931340647,-122.37593018964161,0.8952105070415296,-12.479999542236328,VFR_alt,346.9185815755062,0.17133601425509704,1.5598364895420598,1.75641301212221,0.178862014664302,12.541109085083008,-12.479999542236328
2025-10-08,11:25:28,47.6258289,-122.3759464,47.6258151,-122.375908,12.915580749511719,0.5139198303222656,47.62582086502767,-122.37593066265093,0.8557954217222604,-12.460000038146973,VFR_alt,342.0212952236732,0.15957907460291276,1.4911586893645414,1.6050662486951988,0.17613938030577214,12.525129318237305,-12.460000038146973
2025-10-08,11:25:29,47.6258352,-122.375955,47.6258167,-122.3759082,13.085948944091797,0.4951744079589844,47.62582239734946,-122.37593091204663,0.8261412913384645,-12.429999351501465,VFR_alt,342.2401384544739,0.15682928458504056,1.439488613695806,1.496032794581482,0.17139636105837594,12.489950180053711,-12.429999351501465
2025-10-08,11:25:30,47.6258386,-122.3759533,47.6258181,-122.3759085,13.2479248046875,0.47792816162109375,47.62582385418911,-122.37593114149676,0.8043243108568965,-12.380000114440918,VFR_alt,342.55532304538025,0.15041193100246222,1.4014741780082285,1.4177355536797662,0.16289141299794124,12.436155319213867,-12.380000114440918
2025-10-08,11:25:31,47.6258456,-122.3759557,47.6258196,-122.3759087,13.406242370605469,0.4580516815185547,47.62582527812542,-122.37593140594046,0.8104347560716711,-12.309999465942383,VFR_alt,342.74986580231774,0.13969063685963984,1.4121211658824557,1.439657390129029,0.1595604153274145,12.3674955368042,-12.309999465942383
2025-10-08,11:25:32,47.6258516,-122.3759543,47.625821,-122.375909,13.564647674560547,0.4372062683105469,47.62582670285085,-122.3759316832752,0.8419354557991028,-12.229999542236328,VFR_alt,342.70469957555554,0.13260816914900656,1.4670087487408574,1.5533749690328988,0.15977099728334074,12.286258697509766,-12.229999542236328
2025-10-08,11:25:33,47.6258416,-122.3759318,47.6258222,-122.3759091,13.693038940429688,0.4364662170410156,47.6258278576247,-122.3759316931211,0.8829319211825026,-12.139999389648438,VFR_alt,342.57457643241725,0.1017541875233825,1.5384419838786036,1.7087834227945882,0.12839339869075003,12.203217506408691,-12.139999389648438
2025-10-08,11:25:34,47.6258396,-122.3759279,47.6258232,-122.3759091,13.802019119262695,0.4436454772949219,47.625828837811774,-122.37593159760569,0.9291578860659349,-12.079999923706055,VFR_alt,342.2878295752477,0.08823921456933022,1.6189872257209486,1.8923742922709315,0.109216396004756,12.136285781860352,-12.079999923706055
2025-10-08,11:25:35,47.6258396,-122.3759279,47.625824,-122.3759089,13.885881423950195,0.4572486877441406,47.62582959208422,-122.37593141662376,0.9659677147865295,-12.019999504089355,VFR_alt,342.06968204377506,0.07609002945083444,1.6831255636431972,2.0449209691262933,0.0849584220782426,12.084439277648926,-12.019999504089355
2025-10-08,11:25:36,47.6258476,-122.3759411,47.6258247,-122.3759088,13.96426773071289,0.4609336853027344,47.62583029710459,-122.37593136759725,0.9907064826592155,-11.989999771118164,VFR_alt,341.63067625748363,0.05977234108697461,1.7262309925122739,2.1507604338594923,0.07847287617324993,12.049766540527344,-11.989999771118164
2025-10-08,11:25:37,47.6258565,-122.3759554,47.6258256,-122.3759089,14.065046310424805,0.45078468322753906,47.62583120352503,-122.37593150262316,1.006972958268346,-11.969999313354492,VFR_alt,341.783544011037,0.07414831792986071,1.7545740939524264,2.222145722960415,0.10128832297887519,12.031728744506836,-11.969999313354492
2025-10-08,11:25:38,47.625857,-122.3759476,47.6258269,-122.3759092,14.22850227355957,0.40906333923339844,47.625832673676996,-122.37593205769872,0.9749170999500633,-11.960000038146973,VFR_alt,340.17440888679954,0.12674619315078903,1.6987191893069298,2.0832910835659724,0.16869653946951987,12.027338027954102,-11.960000038146973
2025-10-08,11:25:39,47.6258553,-122.3759407,47.6258287,-122.3759103,14.433542251586914,0.3351554870605469,47.62583451784295,-122.37593304099502,0.9187777512603336,-11.979999542236328,VFR_alt,333.8308598679994,0.15333046747578516,1.600900627196037,1.8509882834514775,0.21795358038412144,12.043298721313477,-11.979999542236328
2025-10-08,11:25:40,47.6258514,-122.3759328,47.6258306,-122.3759109,14.633934020996094,0.28925323486328125,47.62583632020209,-122.37593365169491,0.8457062018793181,-11.979999542236328,VFR_alt,334.03169719076493,0.16185327312030362,1.473578988123051,1.5688380357166614,0.20558180367854353,12.047243118286133,-11.979999542236328
2025-10-08,11:25:41,47.625856,-122.3759413,47.6258323,-122.3759117,14.83131217956543,0.22702407836914062,47.62583809545628,-122.37593447961376,0.7942780409267242,-11.960000038146973,VFR_alt,331.8393509648264,0.17056890772306982,1.3839693137359623,1.382590153397589,0.20695556382517036,12.027059555053711,-11.960000038146973
2025-10-08,11:25:42,47.625857,-122.3759398,47.625834,-122.3759125,15.01894760131836,0.1712493896484375,47.62583978308257,-122.3759352216601,0.76070269249581,-11.90999984741211,VFR_alt,331.1716158859711,0.15132628912861282,1.3254668126820968,1.268233239910836,0.19574950165528168,11.970056533813477,-11.90999984741211
2025-10-08,11:25:43,47.6258545,-122.3759353,47.6258356,-122.3759132,15.186328887939453,0.11961174011230469,47.62584128853957,-122.37593590866581,0.7484239145465519,-11.829999923706055,VFR_alt,331.29334645109003,0.13171995414987855,1.304071972315965,1.2274927876812796,0.17516547022900722,11.885263442993164,-11.829999923706055
2025-10-08,11:25:44,47.625857,-122.375939,47.625837,-122.3759138,15.336282730102539,0.07238578796386719,47.62584263725103,-122.37593653697674,0.7674731016159058,-11.729999542236328,VFR_alt,331.3267967820641,0.11512148564541212,1.3372637376640815,1.2908432205959934,0.15721464733223237,11.788597106933594,-11.729999542236328
2025-10-08,11:25:45,47.6258579,-122.3759386,47.6258382,-122.3759143,15.467884063720703,0.03584098815917969,47.62584382089679,-122.37593702318182,0.8258064309115051,-11.630000114440918,VFR_alt,331.5959660454193,0.10248363558803836,1.4389051447700434,1.495521800050658,0.13658123371402092,11.689699172973633,-11.630000114440918
2025-10-08,11:25:46,47.6258585,-122.37594,47.6258391,-122.3759146,15.568948745727539,0.01192474365234375,47.625844729890474,-122.3759373413721,0.896648629936012,-11.529999732971191,VFR_alt,331.5253332369356,0.08511145908284831,1.5623423097369957,1.7628839403209873,0.10385594205655076,11.592438697814941,-11.529999732971191
2025-10-08,11:25:47,47.6258703,-122.3759588,47.6258402,-122.3759153,15.689199447631836,-0.03644371032714844,47.62584581144663,-122.37593798488332,0.9640641457894269,-11.4399995803833,VFR_alt,331.3921145153276,0.0771139765327627,1.6798087388755185,2.0371177403183687,0.12961380578025752,11.50356388092041,-11.4399995803833
2025-10-08,11:25:48,47.6258595,-122.3759356,47.6258411,-122.3759156,15.794418334960938,-0.06155204772949219,47.62584675780398,-122.37593831893363,1.0020430001520342,-11.380000114440918,VFR_alt,331.4286878181938,0.07951711266431757,1.7459840154164283,2.200610320732313,0.10817320767123485,11.444191932678223,-11.380000114440918
2025-10-08,11:25:49,47.6258566,-122.3759298,47.6258422,-122.375916,15.909326553344727,-0.09012794494628906,47.6258477913089,-122.37593869911761,1.0186705024256182,-11.359999656677246,VFR_alt,331.7104482122208,0.08730391929776682,1.7749561784688856,2.273842329710092,0.11840811016936931,11.421767234802246,-11.359999656677246
2025-10-08,11:25:50,47.6258568,-122.3759332,47.6258431,-122.3759164,16.01719856262207,-0.11973190307617188,47.625848761528914,-122.3759390929793,0.9932257718937372,-11.359999656677246,VFR_alt,331.91461750471296,0.08485805579731541,1.7306206631481809,2.162108176753488,0.11186046988318613,11.421416282653809,-11.359999656677246
2025-10-08,11:25:51,47.6258554,-122.375931,47.6258442,-122.3759168,16.13545036315918,-0.1471405029296875,47.62584982510659,-122.37593945763315,0.9563636183738708,-11.359999656677246,VFR_alt,331.9626190138913,0.11090820979944525,1.666391153227201,2.0045094504250813,0.1213866536164435,11.42585277557373,-11.359999656677246
2025-10-08,11:25:52,47.6258554,-122.375931,47.6258455,-122.3759172,16.299510955810547,-0.17229843139648438,47.62585130069668,-122.37593979234327,0.8976630309353704,-11.359999656677246,VFR_alt,332.2153228028175,0.1554863172299836,1.5641098266298135,1.7662615297108446,0.1659783101066471,11.426072120666504,-11.359999656677246
2025-10-08,11:25:53,47.6258513,-122.3759255,47.6258473,-122.3759173,16.505847930908203,-0.17818832397460938,47.62585315652806,-122.37593987070453,0.838290139801144,-11.359999656677246,VFR_alt,335.75207833773896,0.1941157298384553,1.460657061774717,1.5409084163191165,0.20642102152405087,11.42432975769043,-11.359999656677246
2025-10-08,11:25:54,47.6258492,-122.3759227,47.6258496,-122.3759164,16.75840187072754,-0.09586334228515625,47.625855428043025,-122.3759387754233,0.7784782411611598,-11.34999942779541,VFR_alt,353.2721377666645,0.23500324040651321,1.3564393595989943,1.3288668974702182,0.2656330083563365,11.418205261230469,-11.34999942779541
2025-10-08,11:25:55,47.6258475,-122.375919,47.6258517,-122.375916,16.9836483001709,-0.07664108276367188,47.625857453949386,-122.37593851968342,0.7062921212630325,-11.319999694824219,VFR_alt,359.2036557819113,0.22633095579535772,1.2306605143219478,1.0940468702222383,0.2260651437928757,11.382865905761719,-11.319999694824219
2025-10-08,11:25:56,47.6258443,-122.3759158,47.6258533,-122.3759157,17.156238555908203,-0.0504608154296875,47.62585900625677,-122.37593817137169,0.6734053795402114,-11.25999927520752,VFR_alt,358.08154565322303,0.20248916495490718,1.1733578582897621,0.9937170276272067,0.1745646091656242,11.324028015136719,-11.25999927520752
2025-10-08,11:25:57,47.6258449,-122.3759156,47.6258548,-122.3759152,17.330490112304688,-0.01242828369140625,47.6258605735062,-122.37593766537313,0.6759259006964466,-11.179999351501465,VFR_alt,357.81535914575636,0.19270376813790155,1.1777496754559271,1.0014908057599865,0.17835380112860097,11.242012977600098,-11.179999351501465
2025-10-08,11:25:58,47.6258387,-122.3759043,47.6258565,-122.3759146,17.517332077026367,0.03388786315917969,47.625862253996,-122.37593704916634,0.6891282035754277,-11.09999942779541,VFR_alt,357.9216581211543,0.19461303658974477,1.2007536880480905,1.0406838994812473,0.19249702657480827,11.157755851745605,-11.09999942779541
2025-10-08,11:25:59,47.6258394,-122.3759056,47.625858,-122.3759142,17.67543601989746,0.055751800537109375,47.62586367601092,-122.37593675828059,0.7034319374688278,-11.010000228881836,VFR_alt,353.568313147515,0.17337950790774892,1.225676860741137,1.0845371644433455,0.1596085477317932,11.070475578308105,-11.010000228881836
2025-10-08,11:26:00,47.6258309,-122.3758901,47.625859,-122.3759143,17.776653289794922,0.04916954040527344,47.62586458637701,-122.37593684585336,0.7311428383418492,-10.920000076293945,VFR_alt,342.7851536352226,0.14564635302339282,1.2739610062017097,1.171505634329208,0.10143106956913453,10.982685089111328,-10.920000076293945
2025-10-08,11:26:01,47.6258335,-122.3758996,47.6258597,-122.3759143,17.855792999267578,0.041149139404296875,47.625865298173615,-122.37593695255968,0.7750776962912762,-10.829999923706055,VFR_alt,333.17941729429776,0.1398634719879516,1.3505141677802575,1.3169941551712228,0.07954508437127276,10.891735076904297,-10.829999923706055
2025-10-08,11:26:02,47.6258329,-122.3758952,47.6258607,-122.3759145,17.9779109954834,0.022003173828125,47.62586639652454,-122.37593720728457,0.8056521509652552,-10.75,VFR_alt,332.447368132503,0.15397470816969872,1.4037878388030958,1.4224633895989443,0.123609760931777,10.80866813659668,-10.75
2025-10-08,11:26:03,47.6258373,-122.3759056,47.6258622,-122.3759151,18.14984893798828,-0.02392578125,47.62586794296491,-122.37593781834008,0.810268799784363,-10.679999351501465,VFR_alt,332.936346374789,0.18952545804041687,1.4118319996242674,1.4387701228606702,0.17796664009690358,10.739996910095215,-10.679999351501465
2025-10-08,11:26:04,47.6258407,-122.3759123,47.6258636,-122.3759157,18.300678253173828,-0.07094001770019531,47.62586929955054,-122.37593844383458,0.7828042015196786,-10.609999656677246,VFR_alt,332.0288395861834,0.17861758653449003,1.3639770177994432,1.3429331759750558,0.15798677396648086,10.666443824768066,-10.609999656677246
2025-10-08,11:26:05,47.6258452,-122.3759201,47.6258649,-122.3759167,18.445777893066406,-0.1430683135986328,47.62587060460244,-122.3759394034557,0.7680952208382743,-10.529999732971191,VFR_alt,328.2589795006941,0.17296913881150502,1.3383477332788147,1.2927946256975744,0.16203825648953524,10.589879989624023,-10.529999732971191
2025-10-08,11:26:06,47.6258465,-122.3759159,47.6258662,-122.3759173,18.587135314941406,-0.18518447875976562,47.62587187599618,-122.37593996378452,0.7864864516902614,-10.4399995803833,VFR_alt,328.473627993797,0.1663966874818544,1.3703930597633378,1.3556442992448046,0.14749810875745678,10.50472354888916,-10.4399995803833
2025-10-08,11:26:07,47.625844,-122.3759067,47.6258675,-122.3759178,18.72991943359375,-0.22792434692382812,47.62587316022187,-122.37594053241132,0.800434756214204,-10.359999656677246,VFR_alt,328.81174807425765,0.15493440806217815,1.3946969237065663,1.404269019650951,0.14904362069544613,10.415762901306152,-10.359999656677246
2025-10-08,11:26:08,47.6258408,-122.3758973,47.6258686,-122.3759183,18.852718353271484,-0.26047706604003906,47.62587426469715,-122.37594096550458,0.8223118185997009,-10.260000228881836,VFR_alt,328.8766199037903,0.1451142060981002,1.4328160475600817,1.48211410234179,0.12704036443539346,10.322656631469727,-10.260000228881836
2025-10-08,11:26:09,47.6258343,-122.3758855,47.6258695,-122.3759185,18.941633224487305,-0.271392822265625,47.625875064413286,-122.37594111073179,0.8482208464043272,-10.170000076293945,VFR_alt,328.9752600175772,0.12434532923018274,1.477960565704512,1.5775218984927093,0.08958240930730949,10.230205535888672,-10.170000076293945
2025-10-08,11:26:10,47.6258298,-122.3758811,47.62587,-122.3759184,19.0028076171875,-0.2661609649658203,47.62587561462663,-122.37594104112524,0.8943147023922295,-10.079999923706055,VFR_alt,328.79402341661165,0.11877396203539699,1.5582756178046422,1.7530421557900242,0.0613977088582565,10.142992973327637,-10.079999923706055
2025-10-08,11:26:11,47.6258273,-122.3758769,47.6258706,-122.3759183,19.063562393188477,-0.26014137268066406,47.62587616106587,-122.37594096103838,0.9269680748594568,-10.019999504089355,VFR_alt,328.8358689165339,0.12491018606468718,1.6151716455884513,1.8830420365728382,0.06105225874780024,10.08055305480957,-10.019999504089355
2025-10-08,11:26:12,47.625835,-122.3758952,47.6258712,-122.3759184,19.131656646728516,-0.26786041259765625,47.62587677351767,-122.37594106373531,0.9314136183698764,-9.969999313354492,VFR_alt,328.8942378837067,0.12859118952176957,1.6229176683717559,1.9009876918522257,0.06853036511222774,10.036378860473633,-9.969999313354492
2025-10-08,11:26:13,47.6258387,-122.3758955,47.6258719,-122.3759186,19.207006454467773,-0.2780780792236328,47.625877451227204,-122.37594119967488,0.9168926359569959,-9.9399995803833,VFR_alt,328.8138169980759,0.12409946907543193,1.5976159565917374,1.8423481385289404,0.07603942554769014,10.00202465057373,-9.9399995803833
2025-10-08,11:26:14,47.6258411,-122.3758974,47.6258725,-122.3759186,19.278078079223633,-0.2832012176513672,47.625878090458016,-122.37594126783499,0.8938547306220624,-9.90999984741211,VFR_alt,328.4717249353047,0.12170222888612214,1.5574741518414745,1.7510232282942335,0.07125603407984064,9.97330379486084,-9.90999984741211
2025-10-08,11:26:15,47.6258489,-122.3759086,47.6258732,-122.3759189,19.35849952697754,-0.3032112121582031,47.6258788137828,-122.37594153405529,0.8613471129397654,-9.889999389648438,VFR_alt,328.41517680015136,0.12266801629659425,1.5008320907283754,1.6258860685626095,0.08287345255869262,9.95057487487793,-9.889999389648438
2025-10-08,11:26:16,47.6258606,-122.3759209,47.6258741,-122.3759193,19.46731948852539,-0.33782958984375,47.625879792528835,-122.37594199463086,0.8412972698340545,-9.859999656677246,VFR_alt,328.245641798833,0.13476987916070063,1.4658967580441824,1.5509362548880388,0.11419376561290491,9.926033973693848,-9.859999656677246
2025-10-08,11:26:17,47.6258606,-122.3759209,47.6258752,-122.3759199,19.5843448638916,-0.3826923370361328,47.62588084507582,-122.37594259150131,0.8067741768975412,-9.829999923706055,VFR_alt,327.42020906441076,0.13915149747363983,1.4057428839881416,1.4268726865470844,0.12532998270665413,9.89206314086914,-9.829999923706055
2025-10-08,11:26:18,47.6258639,-122.3759146,47.6258761,-122.3759204,19.681243896484375,-0.4146747589111328,47.625881716602926,-122.3759430170072,0.7839784622192383,-9.769999504089355,VFR_alt,327.0183016568554,0.12145162714264726,1.3660230781092824,1.3468314606408438,0.10204066751254545,9.837599754333496,-9.769999504089355
2025-10-08,11:26:19,47.625858,-122.3759033,47.6258768,-122.3759206,19.764345169067383,-0.4291038513183594,47.62588246403052,-122.37594320897715,0.7884392696998023,-9.699999809265137,VFR_alt,326.8771262289313,0.10868322190349501,1.3737956972042042,1.3621776720225458,0.08434465135746101,9.765375137329102,-9.699999809265137
2025-10-08,11:26:20,47.6258571,-122.375903,47.6258777,-122.3759206,19.852909088134766,-0.4286937713623047,47.62588326059012,-122.37594320352129,0.8026881455093302,-9.639999389648438,VFR_alt,327.09860582503137,0.11981161751894541,1.3986232838420154,1.411927517892879,0.08856486846455705,9.697744369506836,-9.639999389648438
2025-10-08,11:26:21,47.6258597,-122.3759089,47.6258785,-122.3759208,19.94144058227539,-0.44831085205078125,47.6258840568581,-122.37594346451414,0.81632431294467,-9.569999694824219,VFR_alt,327.20168282734005,0.12419951993065911,1.4223832725551036,1.460389934173094,0.09067885811758836,9.630460739135742,-9.569999694824219
2025-10-08,11:26:22,47.6258675,-122.3759173,47.6258792,-122.3759211,20.022682189941406,-0.4707202911376953,47.625884787559535,-122.37594376265756,0.8440322279930115,-9.5,VFR_alt,327.25858370921816,0.10306951720067249,1.470662215442365,1.5612056650048616,0.08427562978909692,9.561067581176758,-9.5
2025-10-08,11:26:23,47.6258727,-122.3759251,47.6258799,-122.3759213,20.10124969482422,-0.48540687561035156,47.62588549420962,-122.37594395805328,0.8698386937700292,-9.429999351501465,VFR_alt,327.2683420849451,0.09588461577571848,1.5156280270235374,1.6581499942639668,0.07992839662462418,9.496957778930664,-9.429999351501465
2025-10-08,11:26:24,47.6258734,-122.3759211,47.6258807,-122.3759215,20.19271469116211,-0.500396728515625,47.62588631686204,-122.37594415748381,0.8957753812565523,-9.380000114440918,VFR_alt,327.3004399824029,0.10330525550612792,1.5608207400682361,1.758326461085947,0.09268517273659299,9.443422317504883,-9.380000114440918
2025-10-08,11:26:25,47.6258741,-122.3759211,47.6258817,-122.3759219,20.309995651245117,-0.5312252044677734,47.6258873717078,-122.37594456763722,0.8980952160699027,-9.34000015258789,VFR_alt,327.11547492167506,0.12537001018170957,1.5648628764854373,1.7674255549451232,0.12126507546496751,9.408005714416504,-9.34000015258789
2025-10-08,11:26:26,47.6258755,-122.3759191,47.6258828,-122.3759227,20.423181533813477,-0.6004753112792969,47.62588838972171,-122.37594548896618,0.880967725669184,-9.319999694824219,VFR_alt,321.2107421615592,0.1379047712331177,1.5350195219993379,1.7011016434695114,0.13268994425421182,9.388224601745605,-9.319999694824219
2025-10-08,11:26:27,47.6258808,-122.3759277,47.6258838,-122.3759238,20.55315399169922,-0.6816959381103516,47.625889558717056,-122.37594656955538,0.8290270009556332,-9.309999465942383,VFR_alt,318.29083821756706,0.15779049960342614,1.4445167440893596,1.5069517506312156,0.1532632703281855,9.376956939697266,-9.309999465942383
2025-10-08,11:26:28,47.6258893,-122.3759339,47.6258856,-122.3759247,20.751361846923828,-0.7493362426757812,47.62589134143367,-122.37594746946698,0.7739037205191219,-9.289999961853027,VFR_alt,324.91045790017336,0.18124478354173548,1.3484686039348373,1.3132852045305363,0.20943152741276513,9.355440139770508,-9.289999961853027
2025-10-08,11:26:29,47.6258901,-122.3759328,47.6258874,-122.3759257,20.95644187927246,-0.81988525390625,47.625893185959875,-122.37594840807712,0.7147092857333117,-9.25,VFR_alt,329.1162438079048,0.2002647391758686,1.245326785747434,1.1196435628081505,0.21687550035380457,9.315271377563477,-9.25
2025-10-08,11:26:30,47.6258873,-122.3759248,47.6258891,-122.3759263,21.135601043701172,-0.8681735992431641,47.6258947973492,-122.37594905052316,0.6851891797942085,-9.1899995803833,VFR_alt,331.47027897709023,0.18702996896730886,1.1938902375202114,1.0289449551847905,0.1855526084272893,9.250697135925293,-9.1899995803833
2025-10-08,11:26:31,47.6258813,-122.3759151,47.6258904,-122.3759269,21.279369354248047,-0.9063396453857422,47.625896090426885,-122.37594955829839,0.6853225827217102,-9.09999942779541,VFR_alt,330.6517982789583,0.16233313179785205,1.1941226820150983,1.0292032945150158,0.14874802249327582,9.165936470031738,-9.09999942779541
2025-10-08,11:26:32,47.6258758,-122.3759102,47.6258915,-122.3759271,21.400897979736328,-0.9156646728515625,47.62589718347691,-122.37594968236202,0.7206486260568773,-9.010000228881836,VFR_alt,330.5173857363624,0.1511111994852891,1.2556756363112247,1.1384590578817673,0.12188586033789656,9.071415901184082,-9.010000228881836
2025-10-08,11:26:33,47.6258764,-122.3759142,47.6258926,-122.3759271,21.521347045898438,-0.9221687316894531,47.62589826681719,-122.37594976889443,0.7672192349153406,-8.90999984741211,VFR_alt,331.5470187039869,0.14401219187573316,1.3368213941706726,1.2904718226278666,0.12062454277919957,8.972707748413086,-8.90999984741211
2025-10-08,11:26:34,47.6258763,-122.3759145,47.6258937,-122.3759272,21.649200439453125,-0.9195823669433594,47.625899416753306,-122.37594973448446,0.7997860704513795,-8.809999465942383,VFR_alt,336.3469586515398,0.14574196233468897,1.3935666379077052,1.4020218259976316,0.12787955085176692,8.874305725097656,-8.809999465942383
2025-10-08,11:26:35,47.6258849,-122.3759283,47.6258948,-122.3759273,21.769718170166016,-0.9382762908935547,47.62590050071116,-122.37594998319538,0.8297905594266523,-8.720000267028809,VFR_alt,338.86888843638036,0.13742186885853713,1.4458471868797693,1.5091164369429964,0.1219589529671377,8.785950660705566,-8.720000267028809
2025-10-08,11:26:36,47.625886,-122.375927,47.6258959,-122.3759277,21.892770767211914,-0.9655399322509766,47.625901607468045,-122.37595034592101,0.8815591255182861,-8.649999618530273,VFR_alt,338.0005574069048,0.14031408615009758,1.5360499914333787,1.703546168864603,0.12603669219638533,8.713604927062988,-8.649999618530273
2025-10-08,11:26:37,47.6258918,-122.3759323,47.6258971,-122.375928,22.022903442382812,-0.9905681610107422,47.625902777904415,-122.3759506789059,0.9059999704360961,-8.59000015258789,VFR_alt,338.15177574111044,0.1342896898856034,1.5786363121235019,1.7986933398162044,0.1325176417764281,8.654447555541992,-8.59000015258789
2025-10-08,11:26:38,47.6258933,-122.3759285,47.6258984,-122.3759283,22.162263870239258,-1.00665283203125,47.62590403133683,-122.37595089290235,0.9114736494265104,-8.539999961853027,VFR_alt,338.12544154866134,0.1444476466429861,1.5881737830916474,1.820584863919901,0.14028558548250586,8.604158401489258,-8.539999961853027
2025-10-08,11:26:39,47.6258922,-122.3759249,47.6258996,-122.3759284,22.299028396606445,-1.0196762084960938,47.625905261421245,-122.37595106617022,0.9143022880997769,-8.489999771118164,VFR_alt,338.0083085445629,0.14941341152717902,1.5931024716890076,1.8318099339055518,0.13738320132747733,8.558541297912598,-8.489999771118164
2025-10-08,11:26:40,47.6258923,-122.375924,47.6259009,-122.3759286,22.450124740600586,-1.0353069305419922,47.62590662040858,-122.37595127412717,0.896432411992872,-8.470000267028809,VFR_alt,337.9703725161945,0.15836682110219388,1.5619655663512177,1.7613180907058272,0.15190268147755592,8.53065013885498,-8.470000267028809
2025-10-08,11:26:41,47.6258911,-122.3759225,47.6259023,-122.3759289,22.606544494628906,-1.054779052734375,47.62590802727561,-122.37595153319157,0.8757608581496321,-8.449999809265137,VFR_alt,337.8725277096096,0.17240784981328508,1.5259469498061793,1.6810738774799516,0.15762710107388042,8.514056205749512,-8.449999809265137
2025-10-08,11:26:42,47.6258915,-122.3759222,47.6259039,-122.3759292,22.783184051513672,-1.0803756713867188,47.62590961600312,-122.37595187373856,0.8334920434724717,-8.429999351501465,VFR_alt,337.68093729179253,0.19157667355562644,1.4522967424141517,1.5226906287887418,0.17848450897173082,8.496248245239258,-8.429999351501465
2025-10-08,11:26:43,47.6258976,-122.3759309,47.6259056,-122.3759297,22.968727111816406,-1.1133499145507812,47.62591128481033,-122.37595231244025,0.8001080964062665,-8.399999618530273,VFR_alt,337.7360212679429,0.20135391966716662,1.3941277437381936,1.4033729328571232,0.18845033281675796,8.463464736938477,-8.399999618530273
2025-10-08,11:26:44,47.6258985,-122.3759299,47.6259072,-122.37593,23.145906448364258,-1.1409473419189453,47.62591287839272,-122.37595267960677,0.7563687090101189,-8.34999942779541,VFR_alt,337.7041040852894,0.19292010017280473,1.3179151747903621,1.2538306329452729,0.17931574191040212,8.418802261352539,-8.34999942779541
2025-10-08,11:26:45,47.6258974,-122.375925,47.6259087,-122.3759303,23.312416076660156,-1.1614360809326172,47.62591437600987,-122.37595295219664,0.7597340332700852,-8.289999961853027,VFR_alt,337.7180841260521,0.17785228321209867,1.3237789973645455,1.2649005883093145,0.16776544561264284,8.3545503616333,-8.289999961853027
2025-10-08,11:26:46,47.6258977,-122.3759251,47.62591,-122.3759306,23.464359283447266,-1.1827201843261719,47.62591574261402,-122.37595323536834,0.7665079207647414,-8.210000038146973,VFR_alt,336.31392792662365,0.16523089405720826,1.3355819831506892,1.2878742162522392,0.15342669632765285,8.278855323791504,-8.210000038146973
2025-10-08,11:26:47,47.6258977,-122.3759251,47.6259113,-122.3759311,23.602916717529297,-1.2203083038330078,47.62591698882416,-122.37595373545481,0.7980219544945183,-8.139999389648438,VFR_alt,333.19372021690924,0.1582994452053374,1.3904927994980225,1.3957559476482984,0.14356541807641773,8.201632499694824,-8.139999389648438
2025-10-08,11:26:48,47.6258933,-122.375917,47.6259125,-122.3759313,23.727508544921875,-1.2355785369873047,47.62591810942516,-122.37595393861574,0.8213756529111711,-8.059999465942383,VFR_alt,333.32694572293207,0.13802748776617504,1.4311848497694615,1.478512450904474,0.12552411510784917,8.119295120239258,-8.059999465942383
2025-10-08,11:26:49,47.6258956,-122.3759233,47.6259134,-122.3759316,23.829153060913086,-1.2607173919677734,47.625919023633976,-122.37595427307254,0.847283215881083,-7.980000019073486,VFR_alt,333.5689931419231,0.12547264239519318,1.4763268155503717,1.5735744652065677,0.10470706595457908,8.047304153442383,-7.980000019073486
2025-10-08,11:26:50,47.6258965,-122.3759224,47.6259143,-122.375932,23.924470901489258,-1.2877883911132812,47.62591988093955,-122.37595463323531,0.8823243173393043,-7.919999599456787,VFR_alt,333.4292944241738,0.11948242384839702,1.5373832802124259,1.7060434671770965,0.09908748521806678,7.982297897338867,-7.919999599456787
2025-10-08,11:26:51,47.6258951,-122.3759209,47.6259151,-122.3759325,24.014835357666016,-1.32525634765625,47.62592069369351,-122.37595513172313,0.8973015660331363,-7.859999656677246,VFR_alt,333.7132713502217,0.12093046319390101,1.5634800014213746,1.7643126194316447,0.0978242439665494,7.9263739585876465,-7.859999656677246
2025-10-08,11:26:52,47.6258951,-122.3759191,47.625916,-122.3759331,24.126209259033203,-1.3724136352539062,47.62592169541013,-122.37595575912147,0.8929670158323351,-7.829999923706055,VFR_alt,335.4251470155387,0.13515811405339084,1.5559273760714947,1.7473112023965116,0.12094608583710377,7.891368865966797,-7.829999923706055
2025-10-08,11:26:53,47.6259021,-122.3759381,47.6259173,-122.3759332,24.267141342163086,-1.3714790344238281,47.62592296297829,-122.37595574668718,0.882916659116745,-7.799999713897705,VFR_alt,348.4454162054439,0.13949840143322945,1.5384153908852383,1.7082649977440818,0.14093518203074695,7.869771480560303,-7.799999713897705
2025-10-08,11:26:54,47.6259075,-122.3759433,47.6259185,-122.3759332,24.40596580505371,-1.3696231842041016,47.62592421159013,-122.37595572199625,0.8584699086804207,-7.779999732971191,VFR_alt,356.40556845041084,0.14542403165759937,1.4958187802764873,1.6150588651874018,0.1388368671387704,7.84684419631958,-7.779999732971191
2025-10-08,11:26:55,47.6259126,-122.3759449,47.6259197,-122.3759334,24.53998565673828,-1.398935317993164,47.62592541698845,-122.37595611197597,0.8461904440607343,-7.759999752044678,VFR_alt,352.38493409468344,0.15785249279289648,1.4744227434391548,1.569056556819645,0.13718790702107136,7.821455478668213,-7.759999752044678
2025-10-08,11:26:56,47.6259163,-122.375947,47.6259211,-122.3759339,24.68998146057129,-1.4309368133544922,47.62592676607733,-122.37595653773597,0.8293650632812863,-7.71999979019165,VFR_alt,349.7766349544525,0.1523422574397748,1.4451057920810257,1.5073079742216886,0.15337156474676544,7.789468765258789,-7.71999979019165
2025-10-08,11:26:57,47.625918,-122.3759413,47.6259225,-122.3759341,24.852540969848633,-1.4471817016601562,47.625928228166394,-122.37595675386412,0.8129347721519677,-7.699999809265137,VFR_alt,350.1332438903597,0.15277713537216187,1.4164772545072155,1.4482794625198763,0.163369184525584,7.761173725128174,-7.699999809265137
2025-10-08,11:26:58,47.6259188,-122.3759398,47.6259237,-122.3759347,24.97479248046875,-1.4934520721435547,47.625929327718154,-122.37595736946267,0.7956382670301072,-7.649999618530273,VFR_alt,343.0194185979197,0.132630388192991,1.386339404673675,1.3872842317693383,0.1307148768640034,7.71786642074585,-7.649999618530273
2025-10-08,11:26:59,47.6259177,-122.3759341,47.6259246,-122.375935,25.07241439819336,-1.5094947814941406,47.625930205747,-122.37595758290097,0.8094185982332673,-7.589999675750732,VFR_alt,340.21240229025284,0.10913434901902842,1.4103505878306901,1.4357961102355539,0.09893132640138703,7.652904987335205,-7.589999675750732
2025-10-08,11:27:00,47.6259192,-122.3759358,47.6259254,-122.3759353,25.171855926513672,-1.5381889343261719,47.625931100141734,-122.37595796465887,0.8278191343266913,-7.519999980926514,VFR_alt,341.53985667564655,0.11170052447693145,1.4424121279934738,1.5019986976856659,0.10349865680977449,7.5811309814453125,-7.519999980926514
2025-10-08,11:27:01,47.6259197,-122.3759353,47.6259265,-122.3759357,25.29140281677246,-1.561288833618164,47.62593217536767,-122.37595827198871,0.8542076209203793,-7.460000038146973,VFR_alt,347.2018790776634,0.12990797771130755,1.4883920667552037,1.5990617133835927,0.12175822074031444,7.528719902038574,-7.460000038146973
2025-10-08,11:27:02,47.6259214,-122.375937,47.6259276,-122.3759361,25.4166316986084,-1.5986061096191406,47.62593330169845,-122.37595876847193,0.8589304465661074,-7.419999599456787,VFR_alt,350.18174477626883,0.12473744560371745,1.4966212326530626,1.6166967533681993,0.13067077689373496,7.486817359924316,-7.419999599456787
2025-10-08,11:27:03,47.6259248,-122.3759452,47.6259287,-122.3759365,25.52910614013672,-1.6287498474121094,47.625934313313536,-122.37595916951568,0.8729473612810436,-7.37999963760376,VFR_alt,350.0782068556133,0.12560868710279466,1.521044644656365,1.6699113547467093,0.11644374146015232,7.444782257080078,-7.37999963760376
2025-10-08,11:27:04,47.6259248,-122.3759452,47.6259296,-122.3759368,25.639236450195312,-1.6447563171386719,47.625935303845075,-122.37595938247185,0.8674594434531959,-7.339999675750732,VFR_alt,350.14689171446497,0.11780545417521451,1.5114823635926888,1.648970763432935,0.11128743085681041,7.400959014892578,-7.339999675750732
2025-10-08,11:27:05,47.6259277,-122.3759445,47.6259307,-122.3759368,25.756261825561523,-1.6457805633544922,47.62593635639206,-122.3759593960988,0.8660317309319027,-7.299999713897705,VFR_alt,354.1299126578707,0.11555936258463632,1.508994682684375,1.643499327389628,0.11702985755743357,7.3661651611328125,-7.299999713897705
2025-10-08,11:27:06,47.6259301,-122.3759444,47.6259318,-122.3759368,25.875961303710938,-1.6498432159423828,47.6259374329904,-122.37595945014989,0.852340394512136,-7.269999980926514,VFR_alt,219.63165460735317,0.11326126262862632,1.4851385661953849,1.5919847793843633,0.11976840240769662,7.339425563812256,-7.269999980926514
2025-10-08,11:27:07,47.62593,-122.3759409,47.6259327,-122.375937,25.977418899536133,-1.6638126373291016,47.625938345518,-122.37595963600441,0.8559015979532336,-7.25,VFR_alt,196.70412796427564,0.10368082277436073,1.4913436934033582,1.6052773382828325,0.1024147864544393,7.312293529510498,-7.25
2025-10-08,11:27:08,47.6259322,-122.3759446,47.6259334,-122.3759371,26.05817985534668,-1.6702156066894531,47.62593907189637,-122.37595972119196,0.875026168935586,-7.210000038146973,VFR_alt,359.1294092948625,0.08769824624997784,1.5246668095089768,1.6778825112738338,0.08101438143973393,7.27439022064209,-7.210000038146973
2025-10-08,11:27:09,47.6259337,-122.3759434,47.6259341,-122.3759372,26.13549041748047,-1.6721878051757812,47.62593976724128,-122.37595974743084,0.8952975996903011,-7.170000076293945,VFR_alt,358.83341968848856,0.07815423643305189,1.5599882418846192,1.7566663626853545,0.07733571351136508,7.232095241546631,-7.170000076293945
2025-10-08,11:27:10,47.625932,-122.3759387,47.6259348,-122.3759372,26.211936950683594,-1.6744461059570312,47.625940454814945,-122.37595977747614,0.8995237861360822,-7.149999618530273,VFR_alt,359.0710877814884,0.0802661547506297,1.5673520516007502,1.773086807819307,0.0764798820683916,7.212506294250488,-7.149999618530273
2025-10-08,11:27:11,47.6259371,-122.3759466,47.6259356,-122.3759374,26.301050186157227,-1.6938228607177734,47.62594125631519,-122.37596003527189,0.8884699325092503,-7.139999866485596,VFR_alt,359.30507060909673,0.09067887780282015,1.54809154906915,1.7297393352113264,0.09119554463698912,7.205442428588867,-7.139999866485596
2025-10-08,11:27:12,47.6259348,-122.375939,47.6259366,-122.3759375,26.419776916503906,-1.7002315521240234,47.62594232416447,-122.37596012053557,0.8718848094266123,-7.12999963760376,VFR_alt,359.34431688967476,0.12350263508982684,1.5191932285463718,1.6658456644971429,0.1188995703287179,7.194657325744629,-7.12999963760376
2025-10-08,11:27:13,47.625933,-122.375937,47.6259379,-122.3759375,26.554197311401367,-1.6923675537109375,47.625943533165334,-122.37596001590993,0.8440540239617631,-7.119999885559082,VFR_alt,359.4509644323077,0.12613748932206953,1.470700193266705,1.5616093130356867,0.13465023221454303,7.183311462402344,-7.119999885559082
2025-10-08,11:27:14,47.6259285,-122.3759287,47.6259389,-122.3759374,26.669673919677734,-1.6798324584960938,47.62594457178243,-122.37595984913821,0.8356149512178758,-7.099999904632568,VFR_alt,358.7302428997932,0.11913432937892363,1.4559957483341741,1.530142026820211,0.11615496403967741,7.163418769836426,-7.099999904632568
2025-10-08,11:27:15,47.625926,-122.3759269,47.6259398,-122.3759373,26.76445198059082,-1.6788215637207031,47.62594542423312,-122.37595983568887,0.8289130278255629,-7.069999694824219,VFR_alt,357.67435036528633,0.10885474624355203,1.444318154544538,1.5057277895194385,0.09478345181882511,7.136895656585693,-7.069999694824219
2025-10-08,11:27:16,47.6259389,-122.3759515,47.6259407,-122.3759375,26.865205764770508,-1.6965370178222656,47.62594633043053,-122.37596007138207,0.8205319072337861,-7.039999961853027,VFR_alt,357.5688881947046,0.1083760123620642,1.429714686846745,1.4753717766689607,0.10229937605162416,7.102129936218262,-7.039999961853027
2025-10-08,11:27:17,47.6259459,-122.3759592,47.6259416,-122.3759377,26.974197387695312,-1.7148933410644531,47.62594731072052,-122.37596031560163,0.8185263100423311,-7.0,VFR_alt,357.51960837863516,0.11170650540213836,1.4262200856798157,1.4681197922937226,0.11052659621446091,7.062290668487549,-7.0
2025-10-08,11:27:18,47.6259519,-122.3759579,47.6259429,-122.3759379,27.1140193939209,-1.7311477661132812,47.62594856830444,-122.37596053185675,0.8324324134233836,-6.949999809265137,VFR_alt,357.83016670991293,0.13608607102084805,1.4504504173286195,1.5184965998643314,0.1407636308092959,7.0146942138671875,-6.949999809265137
2025-10-08,11:27:19,47.6259555,-122.3759579,47.6259442,-122.3759381,27.267333984375,-1.741250991821289,47.62594994724306,-122.37596066627394,0.8439080160239647,-6.899999618530273,VFR_alt,357.8642978649031,0.14066733582609,1.4704457854962991,1.560705062399451,0.15364712433305036,6.969971179962158,-6.899999618530273
2025-10-08,11:27:20,47.6259571,-122.3759529,47.6259457,-122.3759383,27.432703018188477,-1.762624740600586,47.62595143460147,-122.37596095063851,0.8353513295586045,-6.869999885559082,VFR_alt,355.17141771687255,0.1617121663447973,1.4555364075642316,1.5294432657393873,0.16674457856639072,6.940392017364502,-6.869999885559082
2025-10-08,11:27:21,47.6259555,-122.3759468,47.6259473,-122.3759386,27.61107635498047,-1.7815876007080078,47.62595303892289,-122.37596120292771,0.8220430016517639,-6.829999923706055,VFR_alt,352.23328326814783,0.16824314446859462,1.4323476543932216,1.4807699136781027,0.17937847513501481,6.900740146636963,-6.829999923706055
2025-10-08,11:27:22,47.6259519,-122.3759412,47.6259489,-122.3759389,27.789888381958008,-1.8064765930175781,47.62595464718997,-122.37596153406047,0.8114130322052084,-6.789999961853027,VFR_alt,351.0273466762507,0.1750020299754713,1.4138257379333172,1.442803765401955,0.18053587712696334,6.858975410461426,-6.789999961853027
2025-10-08,11:27:23,47.6259504,-122.3759409,47.6259505,-122.3759391,27.963714599609375,-1.8179473876953125,47.62595621061379,-122.37596168667234,0.7958918577915913,-6.739999771118164,VFR_alt,351.23276384644004,0.1784555182263658,1.38678126736414,1.3881455791841246,0.17420428546255462,6.808089733123779,-6.739999771118164
2025-10-08,11:27:24,47.6259381,-122.3759199,47.625952,-122.3759391,28.125408172607422,-1.8203201293945312,47.62595766491445,-122.37596171824022,0.7834895513951778,-6.679999828338623,VFR_alt,351.52080425287386,0.17443556726599732,1.3651711880370556,1.3452339476306543,0.16171098123518368,6.749327182769775,-6.679999828338623
2025-10-08,11:27:25,47.6259327,-122.3759268,47.6259532,-122.3759392,28.26286506652832,-1.8292865753173828,47.62595890122614,-122.37596183753328,0.7899999618530273,-6.619999885559082,VFR_alt,351.2466984984101,0.1575457262960109,1.376515085046945,1.3675468146698164,0.1377490284498172,6.687381267547607,-6.619999885559082
2025-10-08,11:27:26,47.6259327,-122.3759268,47.6259544,-122.3759395,28.394990921020508,-1.8522109985351562,47.62596008958951,-122.37596214252868,0.8115872832202407,-6.549999713897705,VFR_alt,351.3767030813269,0.1574668097432959,1.4141293571261733,1.4436764898231746,0.134099853113858,6.6142144203186035,-6.549999713897705
2025-10-08,11:27:27,47.6259414,-122.3759437,47.6259556,-122.37594,28.523080825805664,-1.8837299346923828,47.62596124165282,-122.3759625618688,0.8207486552350661,-6.480000019073486,VFR_alt,351.4666551025755,0.15370207491086765,1.4300923538186725,1.4763901404196578,0.13191082989790381,6.5429182052612305,-6.480000019073486
2025-10-08,11:27:28,47.6259441,-122.3759448,47.6259567,-122.3759402,28.65348529815674,-1.9029579162597656,47.625962414533774,-122.37596281768532,0.8424598644761478,-6.409999847412109,VFR_alt,351.30087206619595,0.1388865482201551,1.4679224911326783,1.5555040298470557,0.1318144213821754,6.479223251342773,-6.409999847412109
2025-10-08,11:27:29,47.6259508,-122.3759493,47.6259579,-122.3759405,28.782784461975098,-1.9275531768798828,47.625963577473385,-122.3759631449102,0.8668421036318729,-6.349999904632568,VFR_alt,351.3515445982969,0.13930237031819528,1.5104066957222069,1.6466405082668603,0.1316176303125779,6.417872428894043,-6.349999904632568
2025-10-08,11:27:30,47.625958,-122.3759538,47.6259591,-122.375941,28.920628547668457,-1.9603385925292969,47.62596481726754,-122.3759635811001,0.8838709592819214,-6.299999713897705,VFR_alt,351.22601764954146,0.14648565978452724,1.5400781866275917,1.7120389762206563,0.14168936247983843,6.369121074676514,-6.299999713897705
2025-10-08,11:27:31,47.6259629,-122.3759536,47.6259606,-122.3759416,29.08199119567871,-2.0125274658203125,47.625966268591796,-122.37596427544115,0.8808152118454808,-6.269999980926514,VFR_alt,351.34315553884664,0.16039762305824654,1.5347537782156124,1.7001792855930618,0.16959240156406413,6.331350803375244,-6.269999980926514
2025-10-08,11:27:32,47.625967,-122.3759569,47.6259621,-122.3759422,29.258213996887207,-2.0536136627197266,47.62596785357091,-122.37596482206789,0.8613227438674402,-6.239999771118164,VFR_alt,351.1957332530587,0.1736053291451994,1.5007896294659937,1.6259567597960871,0.1809490294017256,6.304113388061523,-6.239999771118164
2025-10-08,11:27:33,47.6259691,-122.3759536,47.6259637,-122.3759427,29.42617702484131,-2.092802047729492,47.62596936426017,-122.37596534344542,0.8345161080360413,-6.210000038146973,VFR_alt,350.7835279294236,0.15721119908235406,1.454081097335523,1.5261401213808192,0.17247408002127138,6.273609638214111,-6.210000038146973
2025-10-08,11:27:34,47.6259651,-122.3759462,47.6259649,-122.3759431,29.56271457672119,-2.1211624145507812,47.625970592303126,-122.37596572076279,0.8141578821759475,-6.159999847412109,VFR_alt,351.0060431278912,0.13815769066936093,1.41860843106415,1.4527776949828872,0.13945183211270393,6.227235794067383,-6.159999847412109
2025-10-08,11:27:35,47.6259558,-122.3759356,47.625966,-122.3759435,29.67935562133789,-2.1495800018310547,47.62597164139336,-122.37596609884146,0.8088586816321248,-6.109999656677246,VFR_alt,350.97679324455186,0.13163686276453992,1.4093749755711258,1.4337184855684082,0.12005287400186127,6.179558277130127,-6.109999656677246
2025-10-08,11:27:36,47.6259536,-122.375936,47.6259669,-122.3759438,29.783090591430664,-2.168790817260742,47.625972574404074,-122.37596635442965,0.8165425493362102,-6.059999942779541,VFR_alt,350.77196119104127,0.11960537969431978,1.4227635329343025,1.4611159711198267,0.10549881255076816,6.128854751586914,-6.059999942779541
2025-10-08,11:27:37,47.6259511,-122.3759348,47.6259677,-122.3759439,29.874738693237305,-2.1803112030029297,47.62597339870335,-122.37596650770136,0.8420320573975059,-5.989999771118164,VFR_alt,350.9449437952885,0.1040617958667444,1.4671770697077717,1.5537158939852884,0.09236933393940416,6.05979061126709,-5.989999771118164
2025-10-08,11:27:38,47.6259594,-122.3759545,47.6259685,-122.3759442,29.957263946533203,-2.2010154724121094,47.62597414095011,-122.37596678315906,0.8578378148981043,-5.929999828338623,VFR_alt,351.10341602220535,0.10189101091913275,1.4947174047466962,1.6131766920350927,0.08508280791863941,5.997077465057373,-5.929999828338623
2025-10-08,11:27:39,47.6259633,-122.3759558,47.6259694,-122.3759446,30.059563636779785,-2.230621337890625,47.62597506105167,-122.37596717704706,0.8793063542746395,-5.889999866485596,VFR_alt,351.14427587359046,0.1137126061010223,1.532124708205815,1.6942973945380564,0.10649757694557466,5.951814651489258,-5.889999866485596
2025-10-08,11:27:40,47.6259695,-122.375961,47.6259704,-122.3759452,30.168628692626953,-2.2769737243652344,47.625976042002115,-122.37596779373733,0.8902150392532349,-5.849999904632568,VFR_alt,351.04911567659474,0.11080788913112814,1.5511322653654862,1.7365972271634285,0.11850624514698548,5.920400619506836,-5.849999904632568
2025-10-08,11:27:41,47.6259714,-122.3759591,47.6259712,-122.3759458,30.256956100463867,-2.3264598846435547,47.625976836434475,-122.37596845212056,0.8826344013214111,-5.819999694824219,VFR_alt,350.90569662670276,0.09016387849565476,1.537923578060036,1.7072689312049842,0.1012453012948263,5.889033794403076,-5.819999694824219
2025-10-08,11:27:42,47.6259755,-122.375963,47.6259719,-122.3759464,30.338878631591797,-2.3707027435302734,47.62597757326025,-122.37596904074488,0.8832608616870382,-5.789999961853027,VFR_alt,350.9271381126515,0.09329856907867867,1.539015137788023,1.7095360690455481,0.09310602380553429,5.856391429901123,-5.789999961853027
2025-10-08,11:27:43,47.6259745,-122.3759576,47.6259729,-122.375947,30.448803901672363,-2.410989761352539,47.62597856194762,-122.37596957673914,0.8745595751031076,-5.779999732971191,VFR_alt,350.96595998891877,0.12079811856691083,1.5238538051039014,1.676106220458704,0.11707522712895763,5.844954967498779,-5.779999732971191
2025-10-08,11:27:44,47.6259759,-122.3759618,47.625974,-122.3759476,30.56724262237549,-2.4580650329589844,47.625979627206476,-122.375970203047,0.8462087590615828,-5.769999980926514,VFR_alt,350.9377362798598,0.11111810680601623,1.4744546559406333,1.5691773552551875,0.1274512132488877,5.838726997375488,-5.769999980926514
2025-10-08,11:27:45,47.6259759,-122.3759581,47.6259747,-122.3759483,30.651382446289062,-2.5076160430908203,47.62598038397498,-122.37597086229307,0.829729713298179,-5.75,VFR_alt,350.76638293585125,0.08978563192728403,1.44574116711046,1.5086206744974273,0.09764636487495366,5.813507556915283,-5.75
2025-10-08,11:27:46,47.6259756,-122.3759584,47.6259755,-122.3759491,30.745152473449707,-2.5760765075683594,47.62598122735922,-122.37597177311795,0.828602135181427,-5.699999809265137,VFR_alt,351.3913225120988,0.1347647776366562,1.4437764476646042,1.5044846593735557,0.11610190864145344,5.77137565612793,-5.699999809265137
2025-10-08,11:27:47,47.6259788,-122.3759647,47.6259766,-122.3759501,30.865809440612793,-2.652446746826172,47.62598231256936,-122.3759727891776,0.8203225629304045,-5.659999847412109,VFR_alt,353.96649274497327,0.12974034538192133,1.429349920257522,1.474940738674965,0.14279536816469057,5.727280139923096,-5.659999847412109
2025-10-08,11:27:48,47.6259752,-122.3759573,47.6259775,-122.3759513,30.95670986175537,-2.7355823516845703,47.62598313014385,-122.37597389524635,0.8114210335831893,-5.619999885559082,VFR_alt,352.8251072762099,0.09577991119340847,1.413839679728281,1.442889456762711,0.12318447694035894,5.685791492462158,-5.619999885559082
2025-10-08,11:27:49,47.6259751,-122.3759629,47.6259776,-122.3759519,30.9680233001709,-2.7819900512695312,47.62598323189892,-122.37597451267261,0.8368047105490103,-5.559999942779541,VFR_alt,350.22453446967876,0.05693943298162793,1.4580688138353939,1.5348414739008418,0.04776681347494213,5.6304216384887695,-5.559999942779541
2025-10-08,11:27:50,47.6259755,-122.3759616,47.6259776,-122.3759525,30.96107006072998,-2.8291244506835938,47.62598316936025,-122.37597513976718,0.8797837586016268,-5.5,VFR_alt,347.97423777546345,0.036389520865034414,1.532956549078594,1.6966519026631293,0.04764450804496897,5.565605163574219,-5.5
2025-10-08,11:27:51,47.6259805,-122.3759701,47.6259778,-122.3759531,30.987260818481445,-2.867860794067383,47.62598340492456,-122.3759756551307,0.9291752570683194,-5.480000019073486,VFR_alt,351.8537382365025,0.045788089792753006,1.619017493376619,1.8921952929785835,0.046759598911268845,5.542143821716309,-5.480000019073486
2025-10-08,11:27:52,47.6259865,-122.3759744,47.6259783,-122.3759533,31.049696922302246,-2.883899688720703,47.62598396648595,-122.37597586851845,0.9226229347166468,-5.489999771118164,VFR_alt,48.1298378590189,0.04033991814555366,1.607600568066883,1.8655728605091029,0.06446327017784717,5.557036876678467,-5.489999771118164
2025-10-08,11:27:53,47.625992,-122.3759774,47.625979,-122.375954,31.129515647888184,-2.9414291381835938,47.62598468438972,-122.37597663391287,0.8880107297051337,-5.529999732971191,VFR_alt,4.17908179362124,0.07774387452230659,1.5472914229710684,1.728717011553911,0.09839037813560064,5.594768047332764,-5.529999732971191
2025-10-08,11:27:54,47.6259929,-122.3759767,47.6259802,-122.3759546,31.261075973510742,-2.9820327758789062,47.62598586766661,-122.37597717411964,0.8247825866160186,-5.569999694824219,VFR_alt,3.1410585596442364,0.12631876333414213,1.4371211736491223,1.4914657144657644,0.13768360349731498,5.636500835418701,-5.569999694824219
2025-10-08,11:27:55,47.6259971,-122.3759785,47.6259816,-122.375955,31.41337776184082,-3.015146255493164,47.62598723749589,-122.37597761467441,0.761640190447449,-5.609999656677246,VFR_alt,2.504645608954993,0.1229807476281489,1.3271003318402532,1.2719443012683673,0.15585999249552077,5.673043727874756,-5.609999656677246
2025-10-08,11:27:56,47.626002,-122.3759838,47.6259826,-122.3759552,31.523683547973633,-3.026327133178711,47.62598822960569,-122.37597776342922,0.7198924422264099,-5.609999656677246,VFR_alt,4.611265322874228,0.08921216932996627,1.2543580432732868,1.1356651842552132,0.11087099927481907,5.672145843505859,-5.609999656677246
2025-10-08,11:27:57,47.6260084,-122.3759855,47.6259835,-122.3759552,31.63446617126465,-3.026844024658203,47.625989226004236,-122.37597777030615,0.714816727875415,-5.579999923706055,VFR_alt,11.972531391647497,0.0884544033342631,1.2455139955404924,1.119692310436844,0.11078382914505461,5.643472194671631,-5.579999923706055
2025-10-08,11:27:58,47.6260153,-122.3759922,47.6259846,-122.3759555,31.748278617858887,-3.0520668029785156,47.62599024965356,-122.37597810587995,0.721774160861969,-5.549999713897705,VFR_alt,13.57308071453504,0.09111415054048261,1.2576367954413064,1.141570897983705,0.11657384589161485,5.614590644836426,-5.549999713897705
2025-10-08,11:27:59,47.6260205,-122.3759922,47.6259854,-122.3759559,31.842387199401855,-3.0780715942382812,47.625991096082835,-122.37597845185796,0.7220481598233602,-5.5,VFR_alt,13.181220500925232,0.07383099705519447,1.258114217874034,1.1425101113372487,0.09763541513453805,5.5729169845581055,-5.5
2025-10-08,11:28:00,47.6260187,-122.3759862,47.6259863,-122.3759563,31.937591552734375,-3.107036590576172,47.62599195236766,-122.37597883721972,0.7249729469015792,-5.449999809265137,VFR_alt,12.112010092157117,0.05851135787528915,1.2632104377830538,1.1518054172779495,0.09951301375356511,5.516587257385254,-5.449999809265137
2025-10-08,11:28:01,47.6260219,-122.37599,47.625987,-122.3759565,32.0134220123291,-3.123912811279297,47.62599263440026,-122.37597906174763,0.7519270814955235,-5.380000114440918,VFR_alt,13.452265593178398,0.048097730129181095,1.3101759753331124,1.2391762128974124,0.07768568354316027,5.447320938110352,-5.380000114440918
2025-10-08,11:28:02,47.6260254,-122.37599,47.6259877,-122.375957,32.09784126281738,-3.165933609008789,47.625993393681966,-122.37597962080893,0.7874053803650108,-5.329999923706055,VFR_alt,13.32534812819135,0.04963549975607846,1.3719942233632776,1.358909859288386,0.09429929636442719,5.394307613372803,-5.329999923706055
2025-10-08,11:28:03,47.6260257,-122.3759889,47.6259887,-122.3759576,32.206058502197266,-3.210000991821289,47.625994367006996,-122.37598020709883,0.8167567526971972,-5.299999713897705,VFR_alt,12.93496671403733,0.07428437153229843,1.423136766063295,1.461799454267983,0.11684564658961959,5.366966724395752,-5.299999713897705
2025-10-08,11:28:04,47.626024,-122.3759864,47.6259898,-122.3759579,32.333977699279785,-3.2270240783691406,47.625995517534925,-122.37598043358072,0.8182978668111436,-5.269999980926514,VFR_alt,13.716120254081902,0.09355375186560001,1.4258220406557771,1.4673038603066801,0.12904691572390298,5.335507392883301,-5.269999980926514
2025-10-08,11:28:05,47.626024,-122.3759864,47.6259911,-122.3759582,32.47097587585449,-3.2476558685302734,47.62599674972082,-122.37598070807424,0.8290476032665798,-5.239999771118164,VFR_alt,14.230386984331437,0.14620656137743954,1.4445526420554007,1.506589158164563,0.13854302995837656,5.308215618133545,-5.239999771118164
2025-10-08,11:28:06,47.6260269,-122.3759914,47.6259925,-122.3759587,32.628414154052734,-3.29638671875,47.625998165748605,-122.3759813564088,0.7523809280345048,-5.230000019073486,VFR_alt,14.037769601044438,0.10803422781210097,1.3109667685449695,1.2428867216444477,0.16480748528257,5.296630859375,-5.230000019073486
2025-10-08,11:28:07,47.6260298,-122.3759921,47.6259936,-122.37596,32.756717681884766,-3.390287399291992,47.625999319733275,-122.37598260570073,0.6494117490748034,-5.21999979019165,VFR_alt,115.73866054188389,0.11785543594449599,1.1315507749030664,0.9297261594941006,0.15899412901234464,5.286527156829834,-5.21999979019165
2025-10-08,11:28:08,47.626026,-122.3759872,47.6259946,-122.3759606,32.868385314941406,-3.4289722442626953,47.62600032409176,-122.37598312037926,0.646540523219753,-5.170000076293945,VFR_alt,356.6787184878225,0.10342131095963555,1.1265478813677512,0.9188444845519789,0.11817858309727644,5.2437310218811035,-5.170000076293945
2025-10-08,11:28:09,47.6260261,-122.3759907,47.6259958,-122.375961,32.99595928192139,-3.466785430908203,47.62600147151463,-122.37598362346093,0.6989017232305053,-5.089999675750732,VFR_alt,356.0986870827245,0.10053703408537573,1.217783305628908,1.0706617806205398,0.13305996443445023,5.164431571960449,-5.089999675750732
2025-10-08,11:28:10,47.6260269,-122.3759911,47.6259968,-122.3759616,33.10472774505615,-3.5040645599365234,47.62600244979747,-122.37598411943729,0.7417296976656527,-5.009999752044678,VFR_alt,355.8492786642279,0.067289580163118,1.2924078065386388,1.206823047892509,0.11497961573169839,5.078079700469971,-5.009999752044678
2025-10-08,11:28:11,47.6260305,-122.3759966,47.6259974,-122.3759621,33.168639183044434,-3.54510498046875,47.626003024628275,-122.37598466545538,0.7987567212130572,-4.920000076293945,VFR_alt,353.8858638507638,0.03564971510220218,1.3917730748409343,1.398356707810896,0.07595385456441249,4.990994453430176,-4.920000076293945
2025-10-08,11:28:12,47.6260385,-122.3760002,47.6259981,-122.375963,33.25771522521973,-3.6169910430908203,47.62600382579399,-122.37598562185617,0.8469473625484266,-4.869999885559082,VFR_alt,349.2368660813821,0.08656679235006634,1.4757416165616537,1.5731604611768164,0.11446461151342273,4.932997226715088,-4.869999885559082
2025-10-08,11:28:13,47.6260421,-122.3760005,47.6259995,-122.3759639,33.41426753997803,-3.681427001953125,47.626005233853256,-122.37598647913784,0.9116939850192253,-4.849999904632568,VFR_alt,321.4084543597723,0.12221003486647632,1.5885577011698624,1.8259032551447452,0.16929447731892114,4.917481899261475,-4.849999904632568
2025-10-08,11:28:14,47.6260541,-122.3760069,47.626001,-122.375964,33.57390880584717,-3.686708450317383,47.626006669695094,-122.37598654940433,0.9304787009320361,-4.869999885559082,VFR_alt,7.995408102668032,0.09323937406248235,1.621288645563394,1.8974574859665252,0.1597286056569892,4.929474830627441,-4.869999885559082
2025-10-08,11:28:15,47.6260579,-122.3760067,47.6260021,-122.375965,33.7007417678833,-3.7667713165283203,47.626007810453224,-122.37598761459265,0.8765957127226159,-4.880000114440918,VFR_alt,3.031834370263794,0.0690508661989836,1.5274016206530419,1.6848742961168672,0.14998887560339128,4.945331573486328,-4.880000114440918
2025-10-08,11:28:16,47.6260565,-122.376005,47.6260026,-122.3759657,33.75551986694336,-3.8131446838378906,47.62600830313716,-122.37598823156245,0.8477956652641296,-4.920000076293945,VFR_alt,120.10268471186076,0.0657766962484006,1.4772197197784043,1.5756041551649267,0.07177136847143098,4.97774600982666,-4.920000076293945
2025-10-08,11:28:17,47.6260566,-122.3760055,47.626004,-122.3759666,33.90629768371582,-3.885557174682617,47.626009659259566,-122.37598919496716,0.8097326025605839,-4.949999809265137,VFR_alt,109.92746963912299,0.10202804681929675,1.410897716582837,1.437161222592051,0.16726481656644773,5.011288166046143,-4.949999809265137
2025-10-08,11:28:18,47.6260491,-122.3759995,47.6260056,-122.3759674,34.090980529785156,-3.9404983520507812,47.626011320329816,-122.37598992592656,0.7840860011757061,-4.96999979019165,VFR_alt,39.33703756629178,0.11695743131861892,1.366210456594037,1.347620816906839,0.19268182738097045,5.032924652099609,-4.96999979019165
2025-10-08,11:28:19,47.6260445,-122.376003,47.6260069,-122.3759678,34.238494873046875,-3.9700546264648438,47.62601264709997,-122.37599031915506,0.7421022616326809,-4.96999979019165,VFR_alt,1.0398544807787358,0.10966840073127639,1.2930569710266395,1.2072447057725393,0.15044618581132443,5.032003879547119,-4.96999979019165
2025-10-08,11:28:20,47.6260447,-122.3760046,47.6260084,-122.3759683,34.40240287780762,-4.0101165771484375,47.62601412131762,-122.37599085215531,0.7136263487103222,-4.949999809265137,VFR_alt,0.8660541777311905,0.12000160570164303,1.2434398500255581,1.1160321358448833,0.16873290703719349,5.012787818908691,-4.949999809265137
2025-10-08,11:28:21,47.6260432,-122.3760046,47.6260099,-122.3759689,34.570655822753906,-4.054437637329102,47.626015634614426,-122.37599144182047,0.7112568079448137,-4.920000076293945,VFR_alt,0.6826410725926129,0.12080751583387292,1.2393111047523238,1.1085374455786128,0.17399255690585452,4.985570907592773,-4.920000076293945
2025-10-08,11:28:22,47.6260498,-122.3760118,47.6260112,-122.3759695,34.70684337615967,-4.100980758666992,47.62601685950942,-122.37599206104885,0.715405378792737,-4.869999885559082,VFR_alt,0.3705635605707182,0.08947019125964191,1.2465396751691598,1.1215368242347419,0.1439212001288233,4.937598705291748,-4.869999885559082
2025-10-08,11:28:23,47.6260549,-122.3760094,47.6260125,-122.3759701,34.86055088043213,-4.147928237915039,47.62601824198197,-122.37599268565697,0.7227807248977416,-4.809999942779541,VFR_alt,0.670717232957558,0.11350076701392464,1.2593906570187914,1.1449377746318168,0.16071733782456202,4.8770551681518555,-4.809999942779541
2025-10-08,11:28:24,47.6260535,-122.376009,47.6260143,-122.3759707,35.059781074523926,-4.192173004150391,47.62602003389364,-122.37599327430713,0.7627419233322144,-4.75,VFR_alt,1.0020710681023826,0.14419223007655912,1.3290200179273466,1.2755187585589272,0.20408397677690418,4.822000026702881,-4.75
2025-10-08,11:28:25,47.6260586,-122.3760152,47.6260161,-122.3759711,35.261298179626465,-4.22178840637207,47.626021846374194,-122.37599366832237,0.7856613416520376,-4.710000038146973,VFR_alt,0.7329033543700519,0.14884878813274324,1.3689553680300688,1.3526209558428202,0.2036816528253334,4.780660629272461,-4.710000038146973
2025-10-08,11:28:26,47.6260617,-122.3760137,47.6260179,-122.3759716,35.4592866897583,-4.253423690795898,47.62602362711795,-122.37599408921095,0.8004277702321343,-4.670000076293945,VFR_alt,2.1890961897532297,0.14681978204989815,1.3946847511620535,1.404116930056909,0.20049997846583575,4.7429585456848145,-4.670000076293945
2025-10-08,11:28:27,47.6260617,-122.3760137,47.6260194,-122.3759719,35.621137619018555,-4.278139114379883,47.6260250828339,-122.37599441803492,0.8301604109651902,-4.650000095367432,VFR_alt,74.70351858569362,0.13461483704215066,1.4464916251666158,1.51026864029188,0.16372713722942658,4.71492338180542,-4.650000095367432
2025-10-08,11:28:28,47.6260688,-122.3760175,47.6260209,-122.3759726,35.78743267059326,-4.330770492553711,47.62602657852106,-122.37599511826403,0.8365591168403625,-4.630000114440918,VFR_alt,358.3347324385447,0.1196191492740826,1.4576408854036587,1.5335408184593886,0.17442507315954028,4.699884414672852,-4.630000114440918
2025-10-08,11:28:29,47.6260746,-122.3760187,47.6260225,-122.3759732,35.96555137634277,-4.377416610717773,47.626028180552275,-122.37599573886284,0.8267777641614278,-4.619999885559082,VFR_alt,358.8121949168918,0.10924233657618364,1.4405976193721817,1.4978885907620878,0.1841253205772004,4.684800624847412,-4.619999885559082
2025-10-08,11:28:30,47.6260733,-122.3760162,47.626024,-122.3759739,36.13977241516113,-4.428895950317383,47.62602974752718,-122.3759964237648,0.8148571406091962,-4.619999885559082,VFR_alt,359.3155018518557,0.10533978670835495,1.4198268359099602,1.4550145989780598,0.18166753362271476,4.682987689971924,-4.619999885559082
2025-10-08,11:28:31,47.6260735,-122.3760176,47.6260255,-122.3759747,36.305015563964844,-4.4931488037109375,47.62603123375334,-122.3759972786108,0.7908465300918256,-4.619999885559082,VFR_alt,292.91574600693673,0.11084254117554458,1.3779901660690936,1.3706400695983563,0.1772955932779464,4.686122417449951,-4.619999885559082
2025-10-08,11:28:32,47.6260744,-122.3760182,47.6260271,-122.3759756,36.48214530944824,-4.553234100341797,47.626032826889656,-122.37599807800994,0.7712698209853399,-4.630000114440918,VFR_alt,1.570986078076235,0.11571417070885814,1.3438792335350656,1.303581497851059,0.18704328270812579,4.690462589263916,-4.630000114440918
2025-10-08,11:28:33,47.6260765,-122.37602,47.6260285,-122.3759761,36.6397590637207,-4.592466354370117,47.62603424449569,-122.37599859997177,0.7488829686920694,-4.610000133514404,VFR_alt,2.243042570341662,0.11210906200427959,1.3048718393877,1.2291998476301742,0.1624231057824051,4.675605297088623,-4.610000133514404
2025-10-08,11:28:34,47.6260744,-122.3760175,47.6260303,-122.3759768,36.836204528808594,-4.646562576293945,47.626036011361016,-122.37599931968988,0.7433333281547793,-4.579999923706055,VFR_alt,2.1335485767834035,0.14473938625506175,1.2952020111787852,1.2108857313008454,0.20375775317771277,4.651038646697998,-4.579999923706055
2025-10-08,11:28:35,47.6260724,-122.3760181,47.6260323,-122.3759776,37.060672760009766,-4.7070465087890625,47.626038030268056,-122.37600012439272,0.7330167509990031,-4.559999942779541,VFR_alt,1.682649382665693,0.1646886524541418,1.277226157043718,1.1777422896419067,0.23247428440293486,4.631242752075195,-4.559999942779541
2025-10-08,11:28:36,47.6260664,-122.3760178,47.6260342,-122.3759783,37.26773643493652,-4.759511947631836,47.62603989263544,-122.37600082241428,0.7201074957847595,-4.539999961853027,VFR_alt,1.6939973011283855,0.14071384040258264,1.2547327578067748,1.1364191552154173,0.21360708730549843,4.605263710021973,-4.539999961853027
2025-10-08,11:28:37,47.6260654,-122.3760165,47.6260358,-122.3759791,37.44565963745117,-4.817377090454102,47.62604149290826,-122.37600159227573,0.7245161033445789,-4.480000019073486,VFR_alt,1.721331781875537,0.12633402713684624,1.2624144224943412,1.1503535134484395,0.18709634081646226,4.555285930633545,-4.480000019073486
2025-10-08,11:28:38,47.6260654,-122.3760165,47.6260372,-122.3759794,37.599562644958496,-4.841482162475586,47.626042877139184,-122.37600191297945,0.7497916668653488,-4.429999828338623,VFR_alt,2.0853859835854363,0.15148909118336937,1.3064551771138688,1.2320239065852858,0.15577929970622043,4.501572608947754,-4.429999828338623
2025-10-08,11:28:39,47.6260629,-122.3760161,47.6260387,-122.37598,37.77536916732788,-4.889402389526367,47.62604445837421,-122.37600255052972,0.7532222191492717,-4.389999866485596,VFR_alt,1.924397596495104,0.14932180047035218,1.3124326545782796,1.2432992983743467,0.18222042000888763,4.463497638702393,-4.389999866485596
2025-10-08,11:28:40,47.6260666,-122.3760208,47.6260402,-122.3759808,37.940489768981934,-4.950315475463867,47.62604594349816,-122.3760033609423,0.7714606536908096,-4.339999675750732,VFR_alt,2.445389079016294,0.1355079056674175,1.3442117450673232,1.304220316277438,0.17599777592067925,4.414607524871826,-4.339999675750732
2025-10-08,11:28:41,47.6260717,-122.376025,47.6260416,-122.3759814,38.0893611907959,-4.988992691040039,47.62604728247411,-122.3760038755198,0.780534730238073,-4.289999961853027,VFR_alt,5.785601969376188,0.11481767374882723,1.3600226360208882,1.3350428135902819,0.15381361200374016,4.361257076263428,-4.289999961853027
2025-10-08,11:28:42,47.6260665,-122.3760184,47.6260429,-122.375982,38.23222875595093,-5.036916732788086,47.62604856745031,-122.37600451312088,0.7947567140733873,-4.259999752044678,VFR_alt,6.640464414118914,0.11532141280335349,1.3848033654309055,1.3842072561952306,0.15069125704829422,4.3292107582092285,-4.259999752044678
2025-10-08,11:28:43,47.6260691,-122.3760231,47.6260442,-122.3759828,38.37961435317993,-5.096899032592773,47.626049893062486,-122.37600531114997,0.8153475832174168,-4.230000019073486,VFR_alt,6.249003367318177,0.12210258478946227,1.4206813950000414,1.4568225615129784,0.15912382147374912,4.29737663269043,-4.230000019073486
2025-10-08,11:28:44,47.6260732,-122.3760244,47.6260455,-122.3759833,38.52780818939209,-5.135892868041992,47.62605122594411,-122.37600582993994,0.8184699396618077,-4.210000038146973,VFR_alt,6.239828921206538,0.12189855552761933,1.4261218645622373,1.4679184538852612,0.15323815547805553,4.278323173522949,-4.210000038146973
2025-10-08,11:28:45,47.6260762,-122.3760228,47.6260471,-122.3759841,38.69888734817505,-5.19178581237793,47.626052764660386,-122.37600657356262,0.8095744600955476,-4.190000057220459,VFR_alt,5.956304835568848,0.13990456979484,1.4106221653179987,1.43622567679716,0.17997805365217476,4.257326602935791,-4.190000057220459
2025-10-08,11:28:46,47.6260753,-122.3760222,47.6260489,-122.3759847,38.90319347381592,-5.242254257202148,47.62605460222588,-122.37600724501554,0.7985339976106015,-4.190000057220459,VFR_alt,6.441892296599885,0.16389984009465622,1.3913849958366575,1.3973716555267643,0.2104472781894739,4.250669479370117,-4.190000057220459
2025-10-08,11:28:47,47.6260651,-122.3760151,47.6260505,-122.3759853,39.086148262023926,-5.287385940551758,47.62605624775366,-122.37600784546602,0.7744623422622681,-4.179999828338623,VFR_alt,6.407166166080703,0.14508537507505828,1.3494419600024403,1.3143930349139308,0.18843917684549144,4.248093605041504,-4.179999828338623
2025-10-08,11:28:48,47.6260593,-122.3760147,47.6260519,-122.3759859,39.2336220741272,-5.329038619995117,47.62605757415925,-122.37600839963042,0.7577419281005859,-4.159999847412109,VFR_alt,6.672267858997879,0.1369049421721889,1.3203079050237516,1.2584024380376557,0.15324317590379768,4.225127220153809,-4.159999847412109
2025-10-08,11:28:49,47.6260598,-122.3760177,47.6260532,-122.3759861,39.37739944458008,-5.345449447631836,47.62605886731839,-122.37600861796683,0.7297296968666283,-4.130000114440918,VFR_alt,6.531140263198895,0.15133532607877576,1.2714987142373033,1.166902380665418,0.1447109101556169,4.1983561515808105,-4.130000114440918
2025-10-08,11:28:50,47.6260682,-122.3760242,47.6260547,-122.3759867,39.54913139343262,-5.390981674194336,47.626060411905975,-122.37600922374635,0.7338124785572291,-4.110000133514404,VFR_alt,5.542909887143859,0.1545618657954037,1.2786126520315384,1.1799871352729698,0.177665545090853,4.175258636474609,-4.110000133514404
2025-10-08,11:28:51,47.6260867,-122.3760276,47.6260564,-122.3759878,39.74185562133789,-5.470163345336914,47.626062145301816,-122.37601027721199,0.7366666595141093,-4.059999942779541,VFR_alt,4.0727258778490745,0.14002936830123267,1.2835858461230705,1.1891807625201556,0.2083563415560351,4.135327339172363,-4.059999942779541
2025-10-08,11:28:52,47.6260937,-122.3760267,47.6260579,-122.3759886,39.9053750038147,-5.529966354370117,47.62606361602412,-122.37601107285593,0.7514594580676105,-4.0,VFR_alt,3.955663602787032,0.1003282316633173,1.3093611769359912,1.2375974982685631,0.1741119993998735,4.075483322143555,-4.0
2025-10-08,11:28:53,47.6260947,-122.3760248,47.6260592,-122.3759895,40.05369997024536,-5.597394943237305,47.62606495008515,-122.37601196995377,0.7881382700610668,-3.9499998092651367,VFR_alt,4.196965876181921,0.1030244776939458,1.373271228136709,1.3613892601887077,0.1629322259814731,4.023903846740723,-3.9499998092651367
2025-10-08,11:28:54,47.626098,-122.3760285,47.6260607,-122.3759906,40.21829652786255,-5.67918586730957,47.62606643049574,-122.37601305813408,0.8134920625459581,-3.9099998474121094,VFR_alt,4.359367447229489,0.10937056355375462,1.417448290799772,1.450138941902063,0.18379821011104336,3.9775030612945557,-3.9099998474121094
2025-10-08,11:28:55,47.6260936,-122.3760243,47.6260619,-122.3759913,40.35085391998291,-5.733888626098633,47.6260676227404,-122.37601378592224,0.8443084803033383,-3.879999876022339,VFR_alt,4.202537709719069,0.09704713800803144,1.471143564164904,1.5622551460375793,0.14340102518770773,3.948451280593872,-3.879999876022339
2025-10-08,11:28:56,47.6260915,-122.376025,47.6260632,-122.3759921,40.49002695083618,-5.796834945678711,47.626068874487295,-122.37601462338617,0.8547567164575731,-3.8499999046325684,VFR_alt,4.181901666212653,0.10331874522002968,1.4893488241306165,1.600987462791038,0.15274610196519905,3.9209656715393066,-3.8499999046325684
2025-10-08,11:28:57,47.6260867,-122.3760217,47.6260645,-122.375993,40.636754274368286,-5.860773086547852,47.62607019417883,-122.37601547404573,0.862717367708683,-3.8499999046325684,VFR_alt,4.736777520864464,0.11741880566367636,1.503219655856038,1.630994688686687,0.16005309534244233,3.9158761501312256,-3.8499999046325684
2025-10-08,11:28:58,47.6260748,-122.3760144,47.6260658,-122.3759939,40.778435945510864,-5.928533554077148,47.62607146848888,-122.37601637555913,0.835478701490037,-3.869999885559082,VFR_alt,4.420233222852031,0.12168315017318472,1.455758343505364,1.5298016557880445,0.15705151033193712,3.9328787326812744,-3.869999885559082
2025-10-08,11:28:59,47.6260768,-122.3760216,47.6260671,-122.3759947,40.92886304855347,-5.988950729370117,47.626072821456894,-122.37601717937434,0.8153260842613552,-3.879999876022339,VFR_alt,4.425944451078456,0.14822973829248678,1.4206439346978126,1.456775271323519,0.16210659579477657,3.947251558303833,-3.879999876022339
2025-10-08,11:29:00,47.6260768,-122.3760216,47.6260685,-122.375995,41.08167290687561,-6.012651443481445,47.62607419585583,-122.3760174946985,0.78505879815887,-3.879999876022339,VFR_alt,4.228539010172077,0.13992941217387425,1.3679054816404588,1.3508935078723328,0.15463691878015579,3.9492135047912598,-3.879999876022339
2025-10-08,11:29:01,47.6260686,-122.3760185,47.6260696,-122.3759954,41.211044788360596,-6.04228401184082,47.62607535944945,-122.37601788894253,0.7646808370630792,-3.869999885559082,VFR_alt,4.087695587946163,0.12523718657804297,1.3323984282159749,1.2813476221248075,0.13272216403652454,3.9355030059814453,-3.869999885559082
2025-10-08,11:29:02,47.626061,-122.3760133,47.6260707,-122.3759959,41.32768225669861,-6.079015731811523,47.62607640850751,-122.37601837763663,0.7630978135958962,-3.859999895095825,VFR_alt,4.303160465046292,0.14763497609807097,1.3296401297504286,1.2760999494150642,0.12228457904538521,3.923485279083252,-3.859999895095825
2025-10-08,11:29:03,47.6260442,-122.3760017,47.6260718,-122.3759963,41.454851150512695,-6.108205795288086,47.626077552287065,-122.3760187659934,0.7619251223171458,-3.8499999046325684,VFR_alt,3.925599003737737,0.158602332925414,1.3275968040374544,1.2721674498055022,0.1304760030030973,3.9183969497680664,-3.8499999046325684
2025-10-08,11:29:04,47.6260551,-122.376019,47.6260728,-122.375997,41.56043481826782,-6.159822463989258,47.626078501925285,-122.37601945272309,0.7605347493115593,-3.819999933242798,VFR_alt,4.0301966645047935,0.14157292948049657,1.3251741844065084,1.2675998517864926,0.11752527976751033,3.8888771533966064,-3.819999933242798
2025-10-08,11:29:05,47.6260675,-122.3760245,47.6260737,-122.3759977,41.66193199157715,-6.213171005249023,47.62607941480884,-122.37602016249434,0.7802138749290916,-3.7799999713897705,VFR_alt,4.158069055490777,0.11803641492988974,1.3594635699522084,1.3339647761125208,0.11466360819513882,3.853402614593506,-3.7799999713897705
2025-10-08,11:29:06,47.6260635,-122.3760165,47.6260745,-122.3759983,41.7523512840271,-6.255453109741211,47.62608022805597,-122.37602072503311,0.7905758775341574,-3.75,VFR_alt,3.859303961362438,0.10690564529589958,1.377518574491338,1.3696175826973644,0.09981695651259889,3.821502685546875,-3.75
2025-10-08,11:29:07,47.6260612,-122.3760143,47.6260754,-122.375999,41.85490703582764,-6.307680130004883,47.626081150460564,-122.3760214198832,0.8091803124693574,-3.740000009536743,VFR_alt,4.183716512475928,0.13070479784506916,1.4099353929390284,1.4351481495517553,0.11508841763181629,3.8082666397094727,-3.740000009536743
2025-10-08,11:29:08,47.6260613,-122.3760154,47.6260764,-122.3759994,41.963828802108765,-6.34394645690918,47.626082130122214,-122.37602190238557,0.8110869497708653,-3.7300000190734863,VFR_alt,4.499970261706592,0.11560122267869503,1.4132575639946878,1.4418105822724314,0.11480068656994166,3.7986695766448975,-3.7300000190734863
2025-10-08,11:29:09,47.6260666,-122.3760209,47.6260773,-122.376,42.05944013595581,-6.385259628295898,47.62608299006749,-122.37602245203328,0.8061375438220917,-3.7099997997283936,VFR_alt,4.533941144396712,0.12133666939994014,1.4046335990839462,1.4244064012770783,0.10415519809418856,3.7807154655456543,-3.7099997997283936
2025-10-08,11:29:10,47.6260688,-122.3760194,47.6260784,-122.3760005,42.187499046325684,-6.420629501342773,47.62608414185201,-122.37602292260887,0.8072571301460266,-3.7099997997283936,VFR_alt,4.50240930125955,0.1456550120455878,1.4065843934362576,1.4282602647048595,0.13285372574554027,3.7757463455200195,-3.7099997997283936
2025-10-08,11:29:11,47.6260685,-122.3760182,47.6260797,-122.3760009,42.33043026924133,-6.457387924194336,47.62608542740074,-122.37602341165832,0.806021495211509,-3.7099997997283936,VFR_alt,4.416114273322563,0.1356874347854686,1.4044313931715675,1.4236848227568761,0.14758223515957922,3.771918773651123,-3.7099997997283936
2025-10-08,11:29:12,47.6260661,-122.3760143,47.6260808,-122.3760014,42.45614838600159,-6.488981246948242,47.62608655813175,-122.37602383198913,0.7885713917868478,-3.68999981880188,VFR_alt,4.004666979574321,0.13938790952766333,1.374025909931632,1.3627766790768434,0.1296270917839991,3.7574613094329834,-3.68999981880188
2025-10-08,11:29:13,47.6260635,-122.3760123,47.626082,-122.3760017,42.58201026916504,-6.511674880981445,47.62608769015582,-122.37602413391475,0.7852104927364149,-3.68999981880188,VFR_alt,4.184906625547841,0.1488130759251745,1.368169797949817,1.351069931103349,0.12789141745669813,3.7506895065307617,-3.68999981880188
2025-10-08,11:29:14,47.6260729,-122.3760215,47.6260831,-122.3760021,42.709556341171265,-6.546060562133789,47.626088837327785,-122.37602459139629,0.7629189065984777,-3.669999837875366,VFR_alt,4.143250710222842,0.13598620142485646,1.3293283978609873,1.2755045648578387,0.13209986961586273,3.7365756034851074,-3.669999837875366
2025-10-08,11:29:15,47.6260744,-122.3760196,47.6260843,-122.3760025,42.84506344795227,-6.575002670288086,47.62609005610271,-122.37602497645425,0.7669892311096191,-3.6499998569488525,VFR_alt,4.692667361336277,0.16570496214653857,1.3364206299637336,1.2890867037974847,0.13856342090383716,3.7118771076202393,-3.6499998569488525
2025-10-08,11:29:16,47.6260803,-122.3760207,47.6260858,-122.376003,43.007040143013,-6.612157821655273,47.6260915129498,-122.376025470782,0.7614753988922619,-3.629999876022339,VFR_alt,4.194429496233594,0.16345864021387257,1.3268131950395505,1.2706897329112803,0.16618349802527121,3.7012722492218018,-3.629999876022339
2025-10-08,11:29:17,47.6260803,-122.3760207,47.6260871,-122.3760034,43.155228972435,-6.643449783325195,47.62609284578638,-122.37602588710342,0.7611351245158428,-3.609999895095825,VFR_alt,4.083327903074291,0.1565379344933742,1.3262202927170021,1.2695550837305944,0.15145664736357267,3.675008535385132,-3.609999895095825
2025-10-08,11:29:18,47.626087,-122.3760203,47.6260885,-122.3760038,43.303362131118774,-6.669389724731445,47.626094178122244,-122.37602623221933,0.7649999856948853,-3.5799999237060547,VFR_alt,4.026150347348735,0.14524626391048126,1.3329545205289703,1.2824175942688496,0.1503872110978613,3.646122694015503,-3.5799999237060547
2025-10-08,11:29:19,47.6260877,-122.3760201,47.6260897,-122.3760042,43.44382464885712,-6.696733474731445,47.62609544146701,-122.3760265960121,0.7831936856214913,-3.5399999618530273,VFR_alt,4.323620996688192,0.14836880049780402,1.3646556643404806,1.3441935981987077,0.14309926468524087,3.6090517044067383,-3.5399999618530273
2025-10-08,11:29:20,47.6260885,-122.3760184,47.6260913,-122.3760047,43.6127769947052,-6.736352920532227,47.62609696105434,-122.37602712312591,0.7936746571437422,-3.5299999713897705,VFR_alt,6.283929289491758,0.18481723506407566,1.3829179632050086,1.3803496598956644,0.1735355746039741,3.590580463409424,-3.5299999713897705
2025-10-08,11:29:21,47.6260927,-122.3760208,47.6260929,-122.376005,43.79828751087189,-6.762968063354492,47.62609862956877,-122.37602747722501,0.8033862126567376,-3.509999990463257,VFR_alt,7.1597104155500695,0.17094955802279174,1.399839612962499,1.414333667763789,0.18741002490763464,3.58260440826416,-3.509999990463257
2025-10-08,11:29:22,47.626093,-122.3760187,47.6260944,-122.3760053,43.96360248327255,-6.783514022827148,47.626100116440924,-122.37602775057714,0.8132786877819749,-3.4800000190734863,VFR_alt,6.921952530573102,0.16807827931609962,1.4170765014382867,1.4493768300449654,0.1665868438697509,3.5499143600463867,-3.4800000190734863
2025-10-08,11:29:23,47.6260891,-122.3760155,47.6260959,-122.3760054,44.13079944252968,-6.791162490844727,47.62610162023998,-122.3760278523356,0.8114285724503654,-3.4700000286102295,VFR_alt,7.074514708208107,0.18339002660657994,1.413852815633209,1.4427687626011303,0.16737180840226623,3.533665657043457,-3.4700000286102295
2025-10-08,11:29:24,47.6260797,-122.3760085,47.6260975,-122.3760058,44.30949732661247,-6.82118034362793,47.62610322748041,-122.37602825170582,0.809462357272384,-3.4600000381469727,VFR_alt,7.065097997933352,0.19959448205847893,1.4104268346412718,1.4358284869197215,0.18120155976531163,3.529510021209717,-3.4600000381469727
2025-10-08,11:29:25,47.6260769,-122.3760097,47.6260992,-122.3760061,44.497503362596035,-6.840314865112305,47.62610491843999,-122.3760285062796,0.8144086003303528,-3.4600000381469727,VFR_alt,6.863204952652301,0.2286237764262384,1.4190452884543994,1.4534125451151283,0.18897724592841486,3.525007963180542,-3.4600000381469727
2025-10-08,11:29:26,47.6260636,-122.3760009,47.6261007,-122.3760061,44.65922997519374,-6.843896865844727,47.62610637303778,-122.37602855393605,0.7974175588115231,-3.4499998092651367,VFR_alt,3.904030534901634,0.19987527608543962,1.3894396858079605,1.3936140799118721,0.16176627569297278,3.5166008472442627,-3.4499998092651367
2025-10-08,11:29:27,47.6260589,-122.3760018,47.6261017,-122.3760065,44.778661623597145,-6.869287490844727,47.62610744722718,-122.3760288917437,0.783279538154602,-3.429999828338623,VFR_alt,105.05775103641056,0.21113883159173433,1.3648052558754464,1.3444269999053378,0.12210078819665927,3.4967997074127197,-3.429999828338623
2025-10-08,11:29:28,47.6260589,-122.3760018,47.6261034,-122.376007,44.956408351659775,-6.908975601196289,47.626109045912735,-122.37602941977119,0.7823157586549457,-3.43999981880188,VFR_alt,359.59725327397916,0.23116487445015657,1.3631259431108937,1.3413881615825527,0.18212370916563345,3.5002553462982178,-3.43999981880188
2025-10-08,11:29:29,47.6260564,-122.376006,47.6261049,-122.3760076,45.129058837890625,-6.957990646362305,47.626110598761784,-122.37603007188818,0.7698378189190014,-3.419999837875366,VFR_alt,119.1587713639015,0.22094579024894817,1.3413840784194757,1.2986913142163543,0.17947329898448836,3.4931676387786865,-3.419999837875366
2025-10-08,11:29:30,47.6260739,-122.3760135,47.6261059,-122.3760084,45.243020832538605,-7.011980056762695,47.62611162375614,-122.37603079018626,0.761529400769402,-3.379999876022339,VFR_alt,1.4453961848211956,0.17717028102454016,1.3269072892194158,1.2707821716985426,0.12610389629003527,3.453843593597412,-3.379999876022339
2025-10-08,11:29:31,47.6260823,-122.3760165,47.6261068,-122.3760091,45.341125547885895,-7.069013595581055,47.62611250612732,-122.37603154898474,0.7822751014951675,-3.369999885559082,VFR_alt,1.161381264868085,0.1668019015637655,1.363055101090068,1.3410294740009436,0.11347845488689962,3.4371330738067627,-3.369999885559082
2025-10-08,11:29:32,47.626091,-122.376017,47.6261077,-122.3760098,45.44835948944092,-7.120244979858398,47.62611347060837,-122.37603223058889,0.7845698595046997,-3.3299999237060547,VFR_alt,1.046339833547995,0.14360031974251553,1.3670535430763742,1.3488660043401182,0.11884348091670403,3.404841184616089,-3.3299999237060547
2025-10-08,11:29:33,47.626091,-122.3760132,47.6261089,-122.3760105,45.57415574789047,-7.170621871948242,47.62611460204219,-122.37603290082453,0.8053260733899863,-3.299999952316284,VFR_alt,1.0463920900195833,0.18128060095984003,1.4032196733310365,1.4212320463777461,0.13550841264120417,3.3722972869873047,-3.299999952316284
2025-10-08,11:29:34,47.6260875,-122.3760109,47.6261103,-122.3760111,45.73432004451752,-7.218439102172852,47.626116042588244,-122.37603353700536,0.8105347529452115,-3.299999952316284,VFR_alt,0.960236688865558,0.18874182508272283,1.412295402859079,1.439637235436161,0.1671499010480989,3.3642027378082275,-3.299999952316284
2025-10-08,11:29:35,47.6260909,-122.3760137,47.6261116,-122.3760117,45.878029227256775,-7.264261245727539,47.62611733513409,-122.37603414664271,0.7952405985663918,-3.2899999618530273,VFR_alt,1.1674261970555697,0.18962336176219471,1.3856464975020497,1.3858054879523702,0.15083765459437437,3.3605620861053467,-3.2899999618530273
2025-10-08,11:29:36,47.6260973,-122.3760172,47.626113,-122.3760124,46.030585169792175,-7.313665390014648,47.626118707249255,-122.37603480393655,0.8041847613842591,-3.2799999713897705,VFR_alt,1.0450258863029265,0.18887265706839768,1.4012310236240864,1.4173580670442893,0.16035611954523565,3.3472886085510254,-3.2799999713897705
2025-10-08,11:29:37,47.6261028,-122.3760166,47.6261144,-122.3760132,46.19125175476074,-7.373140335083008,47.62612015231297,-122.37603559521665,0.7950543048589126,-3.2699999809265137,VFR_alt,1.1643216461211972,0.18809956822382368,1.3853218948299268,1.385156430189831,0.17132139567592278,3.336017370223999,-3.2699999809265137
2025-10-08,11:29:38,47.6261053,-122.3760179,47.626116,-122.376014,46.36540865898132,-7.437013626098633,47.62612171871101,-122.37603644501425,0.7975268495339219,-3.259999990463257,VFR_alt,1.191179031474105,0.20354441016592006,1.389630116612137,1.3938675183204008,0.18550047060011293,3.323896646499634,-3.259999990463257
2025-10-08,11:29:39,47.6261078,-122.3760185,47.6261177,-122.3760145,46.55562150478363,-7.471719741821289,47.62612342951902,-122.37603690675928,0.7915507736690541,-3.259999990463257,VFR_alt,1.4042044739504296,0.1942226837344348,1.3792172571506283,1.373128041432462,0.19335315145289636,3.3261640071868896,-3.259999990463257
2025-10-08,11:29:40,47.6261201,-122.3760217,47.6261192,-122.3760151,46.718098163604736,-7.520776748657227,47.62612489086287,-122.37603755943474,0.7899999618530273,-3.2200000286102295,VFR_alt,1.0396984139274332,0.170119537379254,1.376515085046945,1.3675468146698162,0.16972110823751796,3.2957067489624023,-3.2200000286102295
2025-10-08,11:29:41,47.6261267,-122.3760221,47.6261207,-122.3760158,46.88570261001587,-7.566522598266602,47.62612639832694,-122.37603816805715,0.7981867754197383,-3.1999998092651367,VFR_alt,0.9879740826385072,0.17142416291184479,1.3907799874737878,1.3961303330003565,0.17373523883560826,3.2702572345733643,-3.1999998092651367
2025-10-08,11:29:42,47.6261298,-122.3760196,47.6261225,-122.3760163,47.08135271072388,-7.609548568725586,47.62612815803859,-122.37603874049314,0.7997354196492957,-3.2100000381469727,VFR_alt,1.1801322759145203,0.18534742335163096,1.3934783827222592,1.4015932304296648,0.20032522567313132,3.2714271545410156,-3.2100000381469727
2025-10-08,11:29:43,47.6261287,-122.3760211,47.6261241,-122.3760169,47.26628255844116,-7.656744003295898,47.62612982133039,-122.37603936840149,0.8100000023841858,-3.179999828338623,VFR_alt,2.717929212534567,0.16770983963716227,1.4113636405178964,1.4376663307774107,0.1908571654956107,3.2508764266967773,-3.179999828338623
2025-10-08,11:29:44,47.6261206,-122.3760155,47.6261254,-122.3760174,47.416391134262085,-7.688138961791992,47.62613117143349,-122.37603978609353,0.8100000023841858,-3.169999837875366,VFR_alt,3.730752439515529,0.15443797895615113,1.4113636405178964,1.4376663307774105,0.15335653867363203,3.2391085624694824,-3.169999837875366
2025-10-08,11:29:45,47.6261133,-122.376015,47.6261265,-122.376018,47.53765869140625,-7.731908798217773,47.626132262135364,-122.37604036842627,0.8073912820090419,-3.1599998474121094,VFR_alt,4.491605769373113,0.14421948786501004,1.4068181428945434,1.4285488196662361,0.1289248579462199,3.226327896118164,-3.1599998474121094
2025-10-08,11:29:46,47.626102,-122.376011,47.6261276,-122.3760183,47.652708530426025,-7.757440567016602,47.62613329691399,-122.37604070811193,0.8059259050737613,-3.1599998474121094,VFR_alt,7.027005387246785,0.18855162020082827,1.4042648345982194,1.4235878834910336,0.11784878733560666,3.22356915473938,-3.1599998474121094
2025-10-08,11:29:47,47.6260913,-122.3760087,47.6261289,-122.3760186,47.801697731018066,-7.776800155639648,47.62613463694924,-122.37604096568025,0.8118333256906933,-3.1599998474121094,VFR_alt,7.565080432984383,0.18086268413398002,1.4145580674913583,1.4442752899913858,0.15024172378107567,3.230900526046753,-3.1599998474121094
2025-10-08,11:29:48,47.6261046,-122.3760179,47.6261301,-122.376019,47.937418937683105,-7.812807083129883,47.62613585764981,-122.37604144473195,0.8046353921915094,-3.1399998664855957,VFR_alt,7.788939697750814,0.19223256898112595,1.4020162136670233,1.4187406244904837,0.14041632656461725,3.210139036178589,-3.1399998664855957
2025-10-08,11:29:49,47.6260997,-122.3760154,47.6261313,-122.3760194,48.067524433135986,-7.841878890991211,47.626137027841665,-122.37604183151583,0.8067934645906739,-3.1399998664855957,VFR_alt,8.480123482781524,0.18868674920952838,1.405776491332234,1.426354047070241,0.13331395260574033,3.2005727291107178,-3.1399998664855957
2025-10-08,11:29:50,47.626107,-122.3760203,47.6261327,-122.3760198,48.22462296485901,-7.866777420043945,47.62613844081368,-122.37604216277663,0.8044767189164495,-3.129999876022339,VFR_alt,10.677453749323124,0.1709777821115283,1.4017397375059362,1.4181808440606867,0.15905937702166242,3.1973791122436523,-3.129999876022339
2025-10-08,11:29:51,47.6261072,-122.3760186,47.6261338,-122.3760202,48.34471821784973,-7.904294967651367,47.62613952097165,-122.3760426619263,0.7993513120187296,-3.119999885559082,VFR_alt,10.81468871926232,0.16990690191049834,1.392809104275061,1.4001842989425541,0.12581906123231426,3.185997486114502,-3.119999885559082
2025-10-08,11:29:52,47.626102,-122.3760154,47.6261346,-122.3760205,48.437071084976196,-7.925271987915039,47.62614035160969,-122.37604294101367,0.7981817811568153,-3.109999895095825,VFR_alt,10.279898605856628,0.14096653907694282,1.3907712853489997,1.3961183538421138,0.094705266197931,3.1802496910095215,-3.109999895095825
2025-10-08,11:29:53,47.626102,-122.3760154,47.6261353,-122.3760207,48.511101961135864,-7.94066047668457,47.626141017456504,-122.37604314574878,0.799684181652571,-3.0899999141693115,VFR_alt,10.421264927048155,0.12940576656868583,1.3933891043946325,1.401423269438205,0.07561333355684091,3.163145065307617,-3.0899999141693115
2025-10-08,11:29:54,47.6261055,-122.3760168,47.626136,-122.376021,48.59835433959961,-7.963113784790039,47.62614180221985,-122.37604344447732,0.8086559096331237,-3.0799999237060547,VFR_alt,10.308420160093291,0.12985298766564296,1.4090216607243793,1.4329245315198016,0.09009510859341767,3.142378330230713,-3.0799999237060547
2025-10-08,11:29:55,47.6261193,-122.3760197,47.6261372,-122.3760218,48.72546625137329,-8.015321731567383,47.62614294548688,-122.37604413907447,0.8118181738623961,-3.0799999237060547,VFR_alt,4.601762903648741,0.1791881043961979,1.414531666578416,1.4442235807980557,0.13741582085577403,3.1467137336730957,-3.0799999237060547
2025-10-08,11:29:56,47.6261203,-122.3760198,47.6261387,-122.3760221,48.88673114776611,-8.044599533081055,47.62614439593192,-122.37604452859904,0.7919671730917008,-3.0899999141693115,VFR_alt,4.250077394112865,0.16886028606709236,1.379942801599179,1.3744581641397096,0.16390105695224075,3.1528217792510986,-3.0899999141693115
2025-10-08,11:29:57,47.6261172,-122.3760171,47.6261399,-122.3760223,49.0245943069458,-8.060224533081055,47.62614563589758,-122.37604473648082,0.7884945869445801,-3.069999933242798,VFR_alt,4.7190133931035225,0.17727224761119453,1.3738920833125294,1.362367976162573,0.13874577933762114,3.1402571201324463,-3.069999933242798
2025-10-08,11:29:58,47.6261153,-122.3760169,47.626141,-122.3760226,49.14883756637573,-8.077848434448242,47.62614675336345,-122.37604497095685,0.7966491701715279,-3.059999942779541,VFR_alt,4.642361373672842,0.18147667914785015,1.3881008268140294,1.3907130307071802,0.1254870089418568,3.12385892868042,-3.059999942779541
2025-10-08,11:29:59,47.6261287,-122.37602,47.6261423,-122.376023,49.29542589187622,-8.109128952026367,47.6261480718048,-122.37604538712645,0.7965945501585264,-3.059999942779541,VFR_alt,4.462767538777617,0.17563407260018427,1.388005655579254,1.390522731507555,0.14988865184860556,3.1255855560302734,-3.059999942779541
2025-10-08,11:30:00,47.626133,-122.3760201,47.6261437,-122.3760234,49.44430494308472,-8.139333724975586,47.62614941084936,-122.37604578898389,0.7943528988782097,-3.049999952316284,VFR_alt,4.171096488966418,0.1718840535949258,1.3840997480453687,1.382802919239491,0.15191214631376868,3.1168642044067383,-3.049999952316284
2025-10-08,11:30:01,47.6261329,-122.3760203,47.6261451,-122.3760235,49.60466718673706,-8.152524948120117,47.626150853175766,-122.37604596448567,0.7938918500333219,-3.0299999713897705,VFR_alt,4.547534162193659,0.1765066445679278,1.3832964053610945,1.381196390093422,0.1609038767626886,3.096712350845337,-3.0299999713897705
2025-10-08,11:30:02,47.626129,-122.3760178,47.6261464,-122.3760238,49.7481255531311,-8.171903610229492,47.62615214346572,-122.37604622230783,0.7999999523162842,-3.009999990463257,VFR_alt,4.409916213383967,0.17440539550136874,1.393939310854135,1.4023873443008126,0.1447613050286464,3.0827462673187256,-3.009999990463257
2025-10-08,11:30:03,47.6261303,-122.3760185,47.6261477,-122.3760241,49.888450145721436,-8.190408706665039,47.62615340556994,-122.37604646850771,0.8017646756401674,-3.0,VFR_alt,4.228197851582578,0.17129027963003374,1.3970142075548388,1.408676354400059,0.14153949936230364,3.0685696601867676,-3.0
2025-10-08,11:30:04,47.6261322,-122.3760188,47.626149,-122.3760243,50.03610610961914,-8.211771011352539,47.62615473361382,-122.37604675272114,0.8055191131237426,-3.0,VFR_alt,4.239153110708583,0.1772429809544256,1.4035560304428816,1.421913366932422,0.14919326974137262,3.0625367164611816,-3.0
2025-10-08,11:30:05,47.6261324,-122.3760206,47.6261502,-122.3760247,50.16925668716431,-8.240789413452148,47.62615593119369,-122.37604713879463,0.7992552997584038,-2.9800000190734863,VFR_alt,4.427097376772587,0.1641140247279025,1.3926418101850968,1.3999957396770515,0.1362759845351553,3.049546718597412,-2.9800000190734863
2025-10-08,11:30:06,47.6261308,-122.3760186,47.6261511,-122.3760252,50.275912284851074,-8.272481918334961,47.62615689047303,-122.37604756044557,0.8112021870300418,-2.9800000190734863,VFR_alt,4.112552015713936,0.14597403335441006,1.4134583561887062,1.4419601805088484,0.11126469064203934,3.0411412715911865,-2.9800000190734863
2025-10-08,11:30:07,47.6261257,-122.3760169,47.6261521,-122.3760255,50.38272190093994,-8.29905891418457,47.62615785113762,-122.37604791403754,0.8083505012939886,-2.9600000381469727,VFR_alt,4.562288173988028,0.14535139324431567,1.4084895098304338,1.431908080326709,0.11006648353355053,3.031620502471924,-2.9600000381469727
2025-10-08,11:30:08,47.6261313,-122.3760186,47.6261528,-122.3760259,50.46536874771118,-8.32838249206543,47.62615859447799,-122.37604830417125,0.8134946227073669,-2.950000047683716,VFR_alt,5.747377135562932,0.14152158420252545,1.4174527516870756,1.4501480860451164,0.08769477465028169,3.0163187980651855,-2.950000047683716
2025-10-08,11:30:09,47.6261414,-122.3760199,47.6261539,-122.3760263,50.577940940856934,-8.354059219360352,47.62615960697222,-122.37604864578566,0.8107608514635459,-2.950000047683716,VFR_alt,7.086104642025883,0.14249282848575842,1.4126893623986019,1.4409102325902032,0.11546338378127617,3.015990972518921,-2.950000047683716
2025-10-08,11:30:10,47.6261474,-122.3760214,47.6261551,-122.3760266,50.709089279174805,-8.383420944213867,47.6261607865436,-122.3760490364269,0.8086046465607577,-2.950000047683716,VFR_alt,6.860982814804339,0.14668157306867977,1.4089323387043495,1.4327436815016086,0.1343949311912928,3.0111067295074463,-2.950000047683716
2025-10-08,11:30:11,47.6261553,-122.3760207,47.6261563,-122.3760271,50.846699237823486,-8.415510177612305,47.62616202423193,-122.37604946335613,0.8087096733431662,-2.93999981880188,VFR_alt,6.740103342417401,0.14603657387597588,1.4091153399161214,1.433114203490108,0.14130187408308237,3.004236936569214,-2.93999981880188
2025-10-08,11:30:12,47.6261553,-122.3760207,47.6261577,-122.3760272,51.005417346954346,-8.432321548461914,47.626163451770694,-122.37604968702198,0.8019250956448641,-2.93999981880188,VFR_alt,12.339321575141334,0.16013902298269425,1.3972937272599941,1.4091790208417643,0.1596059533849489,3.00299334526062,-2.93999981880188
2025-10-08,11:30:13,47.6261711,-122.3760193,47.6261593,-122.3760267,51.17543029785156,-8.384126663208008,47.62616498089728,-122.37604904581606,0.7999999523162842,-2.93999981880188,VFR_alt,23.543398925096938,0.13375674144543231,1.393939310854135,1.4023873443008124,0.17671205515588528,3.0100326538085938,-2.93999981880188
2025-10-08,11:30:14,47.6261773,-122.3760217,47.6261607,-122.3760266,51.33448839187622,-8.37797737121582,47.626166411493934,-122.37604896400318,0.7979347449929818,-2.929999828338623,VFR_alt,20.73911601518181,0.13287762629435115,1.390340843548379,1.3952515904701701,0.15917691750615787,2.9962501525878906,-2.929999828338623
2025-10-08,11:30:15,47.6261884,-122.3760191,47.6261624,-122.3760265,51.51661968231201,-8.371965408325195,47.626168049615,-122.37604888401738,0.796935450005275,-2.9099998474121094,VFR_alt,13.723596858845656,0.1468250840421646,1.3885996477364675,1.3917905558265333,0.18223048771707964,2.9795620441436768,-2.9099998474121094
2025-10-08,11:30:16,47.6261832,-122.3760214,47.626164,-122.3760265,51.70198583602905,-8.372682571411133,47.626169716831,-122.37604889355883,0.8065444877010366,-2.9099998474121094,VFR_alt,10.402613564185021,0.1477105332762783,1.4053426679639238,1.425475686235754,0.18536754102793054,2.9741382598876953,-2.9099998474121094
2025-10-08,11:30:17,47.626183,-122.3760214,47.6261656,-122.3760265,51.877044677734375,-8.366003036499023,47.6261712913412,-122.37604880469135,0.8091891652828939,-2.8999998569488525,VFR_alt,11.067726935888496,0.14297007249819266,1.4099508182959521,1.4349692481115892,0.17518622732923717,2.9693987369537354,-2.8999998569488525
2025-10-08,11:30:18,47.626183,-122.3760214,47.6261668,-122.3760265,52.02096366882324,-8.375688552856445,47.626172585774086,-122.37604893355173,0.8116128934967902,-2.879999876022339,VFR_alt,11.589861928750791,0.14026755871631766,1.4141739810928886,1.4435048570168332,0.14424453273225754,2.9494245052337646,-2.879999876022339
2025-10-08,11:30:19,47.6261889,-122.3760202,47.6261684,-122.3760267,52.192606925964355,-8.391664505004883,47.62617412956392,-122.37604914610284,0.8150531890544486,-2.869999885559082,VFR_alt,11.274871188968639,0.16340658179623016,1.4201684354736572,1.4557148263240824,0.17238514660219278,2.9362874031066895,-2.869999885559082
2025-10-08,11:30:20,47.6261895,-122.3760199,47.6261702,-122.3760268,52.38797903060913,-8.39814567565918,47.6261758867752,-122.3760492323312,0.8228070077143217,-2.879999876022339,VFR_alt,11.460463745041894,0.1726038600617682,1.4336788770779818,1.4835322007090685,0.1954795765454263,2.9458632469177246,-2.879999876022339
2025-10-08,11:30:21,47.6261858,-122.3760215,47.6261719,-122.3760271,52.576005935668945,-8.414434432983398,47.62617757792247,-122.37604944904403,0.8197311758995056,-2.869999885559082,VFR_alt,11.181724521128197,0.15188828351036196,1.428319473158226,1.4725009717144077,0.18873113320684473,2.9420173168182373,-2.869999885559082
2025-10-08,11:30:22,47.626183,-122.3760219,47.6261733,-122.3760273,52.73401069641113,-8.436452865600586,47.62617899904525,-122.376049741987,0.8182978668111436,-2.859999895095825,VFR_alt,11.097787853482792,0.14441275802698542,1.4258220406557771,1.467376124152981,0.1595315510866535,2.9233810901641846,-2.859999895095825
2025-10-08,11:30:23,47.6261791,-122.3760222,47.6261748,-122.3760275,52.90185546875,-8.446306228637695,47.62618050867084,-122.3760498730805,0.8137297285569681,-2.859999895095825,VFR_alt,11.61511163791717,0.16927618666275127,1.4178624058189564,1.4509878149442053,0.16813374546659937,2.9254672527313232,-2.859999895095825
2025-10-08,11:30:24,47.6261745,-122.3760237,47.6261763,-122.3760277,53.07341003417969,-8.46076774597168,47.62618205166297,-122.37605006548294,0.8082513597493615,-2.879999876022339,VFR_alt,10.857319613821844,0.1559670660339418,1.4083167631996418,1.4314973276776752,0.17216301694431954,2.9403984546661377,-2.879999876022339
2025-10-08,11:30:25,47.6261663,-122.3760227,47.6261776,-122.3760278,53.22098255157471,-8.469820022583008,47.62618337895631,-122.37605018591844,0.800537597748541,-2.869999885559082,VFR_alt,11.57450092511104,0.16927629621118628,1.394876117289128,1.4043453536704478,0.14784989550943667,2.9369027614593506,-2.869999885559082
2025-10-08,11:30:26,47.6261634,-122.3760223,47.6261789,-122.3760279,53.36177349090576,-8.479204177856445,47.62618464525494,-122.37605031076941,0.7954838372045948,-2.869999885559082,VFR_alt,11.721607579447536,0.158131140454482,1.386070322401949,1.386723630410301,0.14110333436144132,2.9385499954223633,-2.869999885559082
2025-10-08,11:30:27,47.6261621,-122.3760258,47.62618,-122.3760281,53.48736381530762,-8.494070053100586,47.62618577483655,-122.37605050855163,0.7839226195825397,-2.8499999046325684,VFR_alt,11.318483586848386,0.16551681159280282,1.3659257765453379,1.346639349030868,0.1264670859557444,2.9208858013153076,-2.8499999046325684
2025-10-08,11:30:28,47.6261683,-122.3760239,47.6261812,-122.3760281,53.61498165130615,-8.492025375366211,47.62618692265394,-122.37605048134833,0.7864549916888041,-2.8499999046325684,VFR_alt,11.79303129120651,0.15675457460539682,1.3703382430941315,1.3554208586120606,0.12763421473878572,2.9153647422790527,-2.8499999046325684
2025-10-08,11:30:29,47.6261683,-122.3760239,47.6261823,-122.3760283,53.74417972564697,-8.50874137878418,47.62618808468429,-122.37605070374548,0.7784324053171519,-2.8399999141693115,VFR_alt,11.319287441087697,0.15501488173330152,1.3563594941132227,1.3283771276100287,0.13027496760178325,2.90700626373291,-2.8399999141693115
2025-10-08,11:30:30,47.6261875,-122.3760176,47.6261837,-122.3760284,53.88782501220703,-8.519086837768555,47.62618937665541,-122.37605084138607,0.789647026272381,-2.8299999237060547,VFR_alt,11.271234723325833,0.15595019117874256,1.3759001215352114,1.3671807685437105,0.14401734920667975,2.899353265762329,-2.8299999237060547
2025-10-08,11:30:31,47.6261962,-122.3760215,47.6261851,-122.3760284,54.046207427978516,-8.520452499389648,47.626190801174886,-122.37605085955545,0.8016931007778834,-2.799999952316284,VFR_alt,11.832068532705607,0.12473550691175714,1.3968894937796472,1.4084950589267207,0.15838830341055704,2.8781046867370605,-2.799999952316284
2025-10-08,11:30:32,47.6262004,-122.3760221,47.6261864,-122.3760286,54.19807243347168,-8.533502578735352,47.62619216707562,-122.37605103317952,0.814301073551178,-2.7799999713897705,VFR_alt,11.67300237888169,0.1389507099345166,1.4188579311876555,1.4531227373996793,0.15242468456378022,2.8495469093322754,-2.7799999713897705
2025-10-08,11:30:33,47.6262012,-122.376024,47.6261878,-122.3760289,54.35536003112793,-8.551599502563477,47.62619358174811,-122.37605127394907,0.8198360585775532,-2.7899999618530273,VFR_alt,11.259665739880676,0.127442949578736,1.4285022232790665,1.4728648824998616,0.15832525707705433,2.854335308074951,-2.7899999618530273
2025-10-08,11:30:34,47.6262016,-122.3760222,47.6261892,-122.3760291,54.50949001312256,-8.569795608520508,47.62619496802045,-122.37605151603819,0.8213829702519356,-2.7799999713897705,VFR_alt,11.526971686483602,0.12990479171276093,1.4311975996813995,1.4783835501855533,0.15520035316217595,2.8515381813049316,-2.7799999713897705
2025-10-08,11:30:35,47.6261982,-122.3760261,47.6261906,-122.376029,54.66057109832764,-8.562692642211914,47.626196326870456,-122.37605142153716,0.826850815043265,-2.7799999713897705,VFR_alt,12.214066240821065,0.13624547331372677,1.4407249049996251,1.4981527084352189,0.15124796341480137,2.842665910720825,-2.7799999713897705
2025-10-08,11:30:36,47.6261982,-122.3760249,47.6261919,-122.3760291,54.81218242645264,-8.569551467895508,47.62619769048957,-122.37605151279004,0.820491795657111,-2.7899999618530273,VFR_alt,11.668997600537748,0.13572859446533392,1.4296447954631446,1.4752141667019194,0.15176639386104007,2.852116107940674,-2.7899999618530273
2025-10-08,11:30:37,47.6261954,-122.3760245,47.6261932,-122.3760292,54.94846439361572,-8.57774543762207,47.6261989162337,-122.37605162180628,0.8058064406917941,-2.7799999713897705,VFR_alt,11.953528029769604,0.12756177742955505,1.4040566769629736,1.4230698620310185,0.13652807664989738,2.8450405597686768,-2.7799999713897705
2025-10-08,11:30:38,47.6261937,-122.3760268,47.6261943,-122.3760294,55.078240394592285,-8.59376335144043,47.62620008346202,-122.37605183491578,0.8133154989563846,-2.7899999618530273,VFR_alt,11.462552946509021,0.1303516389294104,1.4171406421209716,1.4495692417668231,0.13076078920135478,2.847792625427246,-2.7899999618530273
2025-10-08,11:30:39,47.6261917,-122.3760246,47.6261954,-122.3760296,55.1947603225708,-8.607751846313477,47.62620113146286,-122.37605202102499,0.8035675377459139,-2.7799999713897705,VFR_alt,11.810125399252208,0.11886862838590467,1.4001555581936385,1.4149733610978683,0.11735660017626502,2.853238105773926,-2.7799999713897705
2025-10-08,11:30:40,47.6261899,-122.3760271,47.6261963,-122.3760298,55.30316638946533,-8.618860244750977,47.626202106486204,-122.3760521688161,0.8081142786570957,-2.7699999809265137,VFR_alt,12.007027081308655,0.11101477197238377,1.4080779097813003,1.4310137218989643,0.1089737209394441,2.8368592262268066,-2.7699999809265137
2025-10-08,11:30:41,47.6261875,-122.3760271,47.6261972,-122.3760301,55.4058141708374,-8.644098281860352,47.62620302971851,-122.37605250459427,0.8093442532534156,-2.7699999809265137,VFR_alt,11.287814638335862,0.12188749707461706,1.4102210473354968,1.435412795638163,0.10570489836210305,2.831303596496582,-2.7699999809265137
2025-10-08,11:30:42,47.6261923,-122.3760248,47.6261983,-122.3760302,55.51785373687744,-8.655794143676758,47.6262040374222,-122.37605266020127,0.8117679564992367,-2.7699999809265137,VFR_alt,12.081508679409673,0.1351978947609169,1.414444166627455,1.4439809425371521,0.11264838011293701,2.8354575634002686,-2.7699999809265137
2025-10-08,11:30:43,47.626196,-122.3760245,47.6261995,-122.3760303,55.656113624572754,-8.66029167175293,47.626205280956086,-122.3760527200384,0.8064705834669226,-2.7699999809265137,VFR_alt,11.64407588902422,0.14317447624423288,1.4052138954347861,1.425292298523127,0.1383330195734785,2.8332955837249756,-2.7699999809265137
2025-10-08,11:30:44,47.6262015,-122.3760237,47.6262007,-122.3760303,55.7897424697876,-8.652864456176758,47.62620648283756,-122.3760526212234,0.8034782500370689,-2.759999990463257,VFR_alt,11.038569491905012,0.1304752589000956,1.3999999811251969,1.4148012711771123,0.1338350918282182,2.831362009048462,-2.759999990463257
2025-10-08,11:30:45,47.6262019,-122.3760253,47.6262019,-122.3760304,55.923983573913574,-8.663633346557617,47.6262076902258,-122.37605276449756,0.7999470624974165,-2.75,VFR_alt,11.251099124259813,0.13759555498128215,1.393847154351558,1.4023514750335473,0.13467235439018746,2.811634063720703,-2.75
2025-10-08,11:30:46,47.6262065,-122.3760237,47.6262032,-122.3760305,56.0689058303833,-8.672658920288086,47.62620899368221,-122.37605288457786,0.8169841227077302,-2.759999990463257,VFR_alt,11.085444319280324,0.13757846922313094,1.4235329410816477,1.4626115530267112,0.14520303509720908,2.823204755783081,-2.759999990463257
2025-10-08,11:30:47,47.6262097,-122.3760227,47.6262044,-122.3760306,56.202646255493164,-8.684858322143555,47.62621019656726,-122.3760530468842,0.8072340285524409,-2.740000009536743,VFR_alt,11.364706596266593,0.1138874397395139,1.406544140659555,1.4282066849350452,0.13429566900759743,2.8073346614837646,-2.740000009536743
2025-10-08,11:30:48,47.626216,-122.3760233,47.6262056,-122.3760306,56.332706451416016,-8.679624557495117,47.626211366351676,-122.37605297725183,0.8177173863286558,-2.75,VFR_alt,15.112938082547,0.13142722508991542,1.4248105973908363,1.465297244364903,0.1301654595347236,2.8140389919281006,-2.75
2025-10-08,11:30:49,47.6262156,-122.3760244,47.626207,-122.3760306,56.485716819763184,-8.679136276245117,47.626212742554,-122.37605297075552,0.8082702536840697,-2.740000009536743,VFR_alt,15.63912514217315,0.13567682524790636,1.4083496844495167,1.4316397880423386,0.15301114743807107,2.8047034740448,-2.740000009536743
2025-10-08,11:30:50,47.6262119,-122.3760265,47.6262084,-122.3760306,56.64331531524658,-8.673513412475586,47.62621416002276,-122.3760528959464,0.8022856892858232,-2.740000009536743,VFR_alt,15.175026034679123,0.15437724002770015,1.3979220343616616,1.4105337930720612,0.15769877100219096,2.804105520248413,-2.740000009536743
2025-10-08,11:30:51,47.6262102,-122.3760287,47.6262097,-122.3760304,56.78487682342529,-8.662637710571289,47.626215433252014,-122.37605275125115,0.796338772513176,-2.7300000190734863,VFR_alt,15.248746604117962,0.12940539753502184,1.3875599824093252,1.3897704864416258,0.14197866561474076,2.7979612350463867,-2.7300000190734863
2025-10-08,11:30:52,47.6262055,-122.3760281,47.626211,-122.3760303,56.92642116546631,-8.651926040649414,47.62621670632688,-122.37605260873825,0.7972042675941221,-2.7300000190734863,VFR_alt,14.47401704192444,0.15469256251729946,1.3890680420200618,1.3927318437934444,0.14194907761707798,2.790438652038574,-2.7300000190734863
2025-10-08,11:30:53,47.6262024,-122.37603,47.6262121,-122.3760303,57.096577644348145,-8.654779434204102,47.626218236744364,-122.37605264670108,0.7968040790754495,-2.7200000286102295,VFR_alt,14.131285714748492,0.13186931917347858,1.3883707438435897,1.3912527420476077,0.17018040181008684,2.7862234115600586,-2.7200000286102295
2025-10-08,11:30:54,47.626205,-122.376027,47.6262131,-122.3760303,57.20852184295654,-8.652837753295898,47.626219243590285,-122.37605262086808,0.8071584480056346,-2.700000047683716,VFR_alt,14.63280629380262,0.13127470749323486,1.4064124472825437,1.4277159036090474,0.11196103664590568,2.762289524078369,-2.700000047683716
2025-10-08,11:30:55,47.6262089,-122.3760276,47.6262142,-122.3760302,57.332157135009766,-8.640966415405273,47.62622035558797,-122.37605246292642,0.8200520761311054,-2.679999828338623,VFR_alt,14.738588587309145,0.1339429043388615,1.428878617501165,1.4736424205806022,0.12420392145338668,2.749565601348877,-2.679999828338623
2025-10-08,11:30:56,47.6262108,-122.3760272,47.6262153,-122.3760301,57.448744773864746,-8.638174057006836,47.626221404197814,-122.37605242577563,0.8235106277973094,-2.679999828338623,VFR_alt,13.97605392952317,0.11810038991748019,1.4349048817680357,1.4860761604041712,0.11662107356393472,2.7451891899108887,-2.679999828338623
2025-10-08,11:30:57,47.6262113,-122.3760267,47.6262163,-122.37603,57.5621223449707,-8.629659652709961,47.62622242393575,-122.37605231249613,0.8230600992187125,-2.669999837875366,VFR_alt,14.510358613981648,0.13734937711654466,1.4341198698507835,1.484514314619193,0.11369682805785299,2.7373251914978027,-2.669999837875366
2025-10-08,11:30:58,47.6262131,-122.3760278,47.6262175,-122.37603,57.70265293121338,-8.634035110473633,47.62622368789271,-122.3760523707092,0.8216666579246521,-2.700000047683716,VFR_alt,10.565619622502535,0.14500818653933464,1.4316919039596177,1.479409231548036,0.14059868527248687,2.7622838020324707,-2.700000047683716
2025-10-08,11:30:59,47.6262149,-122.3760254,47.6262185,-122.3760301,57.79490566253662,-8.640443801879883,47.6262245176301,-122.37605245597335,0.810698913951074,-2.700000047683716,VFR_alt,5.0385761915011775,0.0986419488345423,1.4125814409753559,1.440315788240018,0.09247506562386887,2.763947010040283,-2.700000047683716
2025-10-08,11:31:00,47.6262173,-122.3760263,47.6262191,-122.3760301,57.85964488983154,-8.647439956665039,47.626225099906165,-122.37605254905337,0.8013333125246895,-2.690000057220459,VFR_alt,6.7115759934214365,0.0716292860193385,1.3962625900051424,1.4072397973175925,0.0651161556951992,2.751530408859253,-2.690000057220459
2025-10-08,11:31:01,47.6262245,-122.3760201,47.62622,-122.3760301,57.975101470947266,-8.646547317504883,47.62622613834308,-122.37605253717729,0.8008379533304183,-2.690000057220459,VFR_alt,6.656638818578842,0.11604812824526313,1.3953994641363352,1.4054024714597118,0.11546003173220458,2.7575345039367676,-2.690000057220459
2025-10-08,11:31:02,47.626229,-122.3760206,47.6262211,-122.3760304,58.0933952331543,-8.669687271118164,47.626227202298104,-122.37605284504176,0.7996236281369322,-2.690000057220459,VFR_alt,6.603575877659793,0.107355418064261,1.3932835944810198,1.4012199365597633,0.12053576909083238,2.7574706077575684,-2.690000057220459
2025-10-08,11:31:03,47.6262409,-122.3760185,47.6262222,-122.3760305,58.226253509521484,-8.674554824829102,47.62622839724896,-122.3760529098019,0.8023655635695304,-2.669999837875366,VFR_alt,6.971816325743419,0.11694871421943429,1.3980612092499378,1.4107918433659175,0.13294741320683465,2.7378885746002197,-2.669999837875366
2025-10-08,11:31:04,47.626249,-122.3760176,47.6262235,-122.3760305,58.36681079864502,-8.677335739135742,47.62622966144608,-122.37605294680046,0.8050537410602775,-2.669999837875366,VFR_alt,5.986635056601351,0.10185711025711029,1.4027451548777568,1.4202165095094166,0.14058479651135086,2.7346296310424805,-2.669999837875366
2025-10-08,11:31:05,47.6262544,-122.3760142,47.6262249,-122.3760305,58.52547359466553,-8.664640426635742,47.626231088487344,-122.37605277789623,0.7914210219132273,-2.6599998474121094,VFR_alt,6.800766905671753,0.12378842046386317,1.3789911745457784,1.3726962321270715,0.15916988974211776,2.722607374191284,-2.6599998474121094
2025-10-08,11:31:06,47.6262475,-122.3760255,47.6262265,-122.3760304,58.706756591796875,-8.668283462524414,47.62623271897869,-122.37605282636484,0.8073262001741379,-2.6599998474121094,VFR_alt,6.1005214991551435,0.13362763009288095,1.4067047427276613,1.4282920639181051,0.1813195983875167,2.720381498336792,-2.6599998474121094
2025-10-08,11:31:07,47.6262363,-122.3760312,47.6262279,-122.3760304,58.853623390197754,-8.66368293762207,47.62623403992466,-122.37605276515735,0.8151086931643279,-2.6599998474121094,VFR_alt,6.315392462263355,0.14004961457913337,1.4202651471802652,1.4559130706687597,0.14693883524072693,2.721585512161255,-2.6599998474121094
2025-10-08,11:31:08,47.62623,-122.3760327,47.6262289,-122.3760305,58.96202850341797,-8.683252334594727,47.626235014939425,-122.37605302551755,0.8114361604477497,-2.6499998569488525,VFR_alt,6.012330681588155,0.11382643486115526,1.4138660371438052,1.442875122524882,0.11015729603689901,2.717491865158081,-2.6499998569488525
2025-10-08,11:31:09,47.6262225,-122.3760351,47.6262297,-122.3760308,59.045268058776855,-8.698423385620117,47.6262357636107,-122.37605322736015,0.8057297107335684,-2.6399998664855957,VFR_alt,6.698912828020267,0.0991268198232393,1.40392298082364,1.4226012500657799,0.08461078161534837,2.7049543857574463,-2.6399998664855957
2025-10-08,11:31:10,47.6262313,-122.376026,47.6262306,-122.3760309,59.160112380981445,-8.703252792358398,47.62623679654086,-122.37605329161278,0.8100000023841858,-2.6399998664855957,VFR_alt,6.934699059161729,0.11992949968122918,1.4113636405178964,1.4376663307774107,0.11494581989822598,2.7033722400665283,-2.6399998664855957
2025-10-08,11:31:11,47.6262315,-122.3760283,47.6262318,-122.3760309,59.29141426086426,-8.694974899291992,47.62623797749319,-122.3760531814799,0.8126436663770128,-2.6499998569488525,VFR_alt,6.66126212234844,0.1333131580345932,1.4159700247478249,1.447194355381315,0.13156255992636878,2.7159128189086914,-2.6499998569488525
2025-10-08,11:31:12,47.6262313,-122.3760303,47.626233,-122.3760308,59.41675281524658,-8.700956344604492,47.626239104810324,-122.3760532610598,0.7999999523162842,-2.6399998664855957,VFR_alt,6.525168773869675,0.1175642911224596,1.393939310854135,1.4023873443008126,0.12548119740693134,2.7029407024383545,-2.6399998664855957
2025-10-08,11:31:13,47.626229,-122.3760321,47.626234,-122.376031,59.538105964660645,-8.709646224975586,47.62624019628201,-122.37605337667394,0.8102673735210603,-2.629999876022339,VFR_alt,6.490575499913896,0.1486128248314169,1.4118295144685107,1.438682234827441,0.12166388491896722,2.6936323642730713,-2.629999876022339
2025-10-08,11:31:14,47.6262335,-122.3760279,47.6262352,-122.376031,59.668124198913574,-8.708341598510742,47.62624136568901,-122.37605335931659,0.8162032050244948,-2.6399998664855957,VFR_alt,6.234090998410449,0.1294998623390886,1.4221722511790407,1.4598223448996603,0.13002477951706926,2.701293706893921,-2.6399998664855957
2025-10-08,11:31:15,47.6262431,-122.376026,47.6262364,-122.376031,59.7930793762207,-8.709848403930664,47.626242489557974,-122.37605337936381,0.8084293138918452,-2.619999885559082,VFR_alt,5.768331484051783,0.13231027126312256,1.408626834811545,1.432125128713021,0.12496426208492382,2.6839733123779297,-2.619999885559082
2025-10-08,11:31:16,47.6262449,-122.3760266,47.6262375,-122.376031,59.92471218109131,-8.707296371459961,47.62624367348671,-122.3760533454104,0.809999991488713,-2.619999885559082,VFR_alt,5.705829085661343,0.11564383872093693,1.4113636215333605,1.4377464019270927,0.13165754132534307,2.6861941814422607,-2.619999885559082
2025-10-08,11:31:17,47.6262419,-122.3760334,47.6262386,-122.376031,60.03896141052246,-8.71088981628418,47.62624470106449,-122.37605339321924,0.8078804288221442,-2.619999885559082,VFR_alt,5.005615785028413,0.11006921319210011,1.4076704441597958,1.4303244886779996,0.11430572720260691,2.6832098960876465,-2.619999885559082
2025-10-08,11:31:18,47.626241,-122.3760332,47.6262397,-122.376031,60.17439365386963,-8.716516494750977,47.626245919166045,-122.37605346807915,0.8053191367616045,-2.609999895095825,VFR_alt,6.132300776782499,0.13747722600051698,1.4032075867815823,1.4212180647228156,0.13554907616289844,2.676175355911255,-2.609999895095825
2025-10-08,11:31:19,47.626241,-122.3760335,47.6262411,-122.3760313,60.32144641876221,-8.728715896606445,47.62624724178464,-122.3760536303856,0.8069892253286095,-2.609999895095825,VFR_alt,5.6666647052225105,0.14458395973328622,1.406117589587727,1.427112996420979,0.14755792445064775,2.6785240173339844,-2.609999895095825
2025-10-08,11:31:20,47.626245,-122.3760295,47.6262423,-122.376031,60.45552921295166,-8.702505111694336,47.62624844774902,-122.37605328166525,0.79478719989036,-2.5899999141693115,VFR_alt,10.957638016611172,0.11869877620421826,1.3848564846574487,1.3842887614869503,0.1366206461094373,2.6527340412139893,-2.5899999141693115
2025-10-08,11:31:21,47.6262525,-122.3760275,47.6262436,-122.3760308,60.60414695739746,-8.687192916870117,47.6262497844433,-122.37605307794476,0.8129069680391356,-2.5799999237060547,VFR_alt,14.493260085587723,0.14297703272381493,1.4164288079469758,1.4481103075753707,0.14940447541654225,2.641004800796509,-2.5799999237060547
2025-10-08,11:31:22,47.6262621,-122.3760221,47.6262451,-122.3760303,60.77395057678223,-8.642251968383789,47.62625131168709,-122.37605248002967,0.8152197776259956,-2.5799999237060547,VFR_alt,17.877096810383183,0.1332177162006661,1.420458703439232,1.456309831671776,0.17565010107317658,2.644660711288452,-2.5799999237060547
2025-10-08,11:31:23,47.6262738,-122.3760182,47.6262466,-122.3760293,60.94592475891113,-8.567632675170898,47.626252858453306,-122.37605148726017,0.81675392264471,-2.569999933242798,VFR_alt,22.94884446909824,0.13797929071631107,1.4231318349112336,1.46178934615343,0.18746508538524598,2.636122703552246,-2.569999933242798
2025-10-08,11:31:24,47.6262742,-122.3760217,47.6262479,-122.3760285,61.08121681213379,-8.51115608215332,47.626254075293964,-122.37605073586951,0.8151111086209615,-2.559999942779541,VFR_alt,24.705432385791216,0.1273237670875258,1.4202693559304602,1.4559216979689442,0.14660677073066988,2.6240458488464355,-2.559999942779541
2025-10-08,11:31:25,47.6262784,-122.3760231,47.6262493,-122.3760277,61.24650573730469,-8.446733474731445,47.6262555619318,-122.37604987876138,0.821999990940094,-2.559999942779541,VFR_alt,23.274592958786993,0.14898774937579506,1.432272711486524,1.480743574173383,0.1773998340787947,2.6210129261016846,-2.559999942779541
2025-10-08,11:31:26,47.6262725,-122.3760294,47.626251,-122.3760269,61.436981201171875,-8.387353897094727,47.62625727510181,-122.37604908874802,0.8150810786195704,-2.559999942779541,VFR_alt,22.778607171329412,0.1590210548123798,1.4202170309280362,1.4558144396423212,0.1995165070256979,2.6227478981018066,-2.559999942779541
2025-10-08,11:31:27,47.6262667,-122.3760339,47.6262526,-122.376026,61.607521057128906,-8.324514389038086,47.626258808967435,-122.37604825270212,0.8145454525947571,-2.549999952316284,VFR_alt,23.962014004653188,0.15812895682087558,1.4192837431575278,1.4539013411256112,0.18174885485924133,2.6130805015563965,-2.549999952316284
2025-10-08,11:31:28,47.6262676,-122.3760297,47.6262543,-122.3760255,61.80258560180664,-8.285459518432617,47.62626056341245,-122.37604773309803,0.8167015666736982,-2.549999952316284,VFR_alt,22.283726825288785,0.18070039527578505,1.4230406085981069,1.4616023460342351,0.19893581756019135,2.620706081390381,-2.549999952316284
2025-10-08,11:31:29,47.626271,-122.3760277,47.6262559,-122.3760248,61.97022247314453,-8.230295181274414,47.62626207116812,-122.37604699916612,0.8043478030873381,-2.559999942779541,VFR_alt,23.782084391846116,0.15012619186840628,1.4015151114400595,1.4178570419738803,0.17648009725195757,2.6187896728515625,-2.559999942779541
2025-10-08,11:31:30,47.626271,-122.3760277,47.6262571,-122.3760243,62.101192474365234,-8.192190170288086,47.62626324913548,-122.37604649219938,0.7956382654448773,-2.5299999713897705,VFR_alt,22.594890673132365,0.13381911703246704,1.3863394019115298,1.3872725706830151,0.13640063446340403,2.6000866889953613,-2.5299999713897705
2025-10-08,11:31:31,47.6262756,-122.3760262,47.6262582,-122.3760231,62.22753715515137,-8.096654891967773,47.626264385501884,-122.37604522115369,0.8068862143390907,-2.559999942779541,VFR_alt,35.46959992153844,0.1402587876794581,1.4059381007423526,1.4266812571439762,0.15839813056563948,2.627776861190796,-2.559999942779541
2025-10-08,11:31:32,47.62628,-122.3760243,47.6262594,-122.3760226,62.356027603149414,-8.063165664672852,47.6262655411677,-122.37604477559745,0.8084210471103066,-2.549999952316284,VFR_alt,34.02390902276301,0.09431156857233298,1.4086124305709853,1.4320959644916296,0.13278299428597673,2.609304428100586,-2.549999952316284
2025-10-08,11:31:33,47.6262817,-122.3760245,47.6262602,-122.3760213,62.4418888092041,-7.961389541625977,47.626266313418554,-122.37604342152062,0.8104864687532992,-2.5199999809265137,VFR_alt,37.97319057743057,0.12705744859334586,1.4122112713125652,1.4395483492560641,0.13315602099649174,2.585596799850464,-2.5199999809265137
2025-10-08,11:31:34,47.6262833,-122.3760235,47.6262616,-122.3760203,62.61738586425781,-7.888269424438477,47.6262678918701,-122.37604244869657,0.8180540487572954,-2.5299999713897705,VFR_alt,36.110866103382925,0.15275675412770864,1.4253972061680111,1.4664330139781694,0.19012040361318136,2.596987724304199,-2.5299999713897705
2025-10-08,11:31:35,47.6262815,-122.3760266,47.6262631,-122.3760192,62.77431106567383,-7.801374435424805,47.6262693032831,-122.3760412926052,0.8114516036484831,-2.549999952316284,VFR_alt,36.67200252988973,0.15451433573679257,1.4138929457511438,1.4429264209706647,0.17937741762870607,2.611487627029419,-2.549999952316284
2025-10-08,11:31:36,47.6262803,-122.3760267,47.6262643,-122.3760181,62.898969650268555,-7.729063034057617,47.62627042448444,-122.37604033054065,0.8016666273276011,-2.5299999713897705,VFR_alt,35.732878876491085,0.13380395725209226,1.396843365798094,1.4082671753802436,0.14411350207682513,2.5970399379730225,-2.5299999713897705
2025-10-08,11:31:37,47.6262769,-122.3760278,47.6262653,-122.3760174,63.01827621459961,-7.674619674682617,47.62627149754877,-122.37603960620083,0.7952331353963348,-2.5299999713897705,VFR_alt,33.40038129901763,0.13425924748645546,1.3856334934936174,1.3860814902365777,0.13114166261152665,2.5902488231658936,-2.5299999713897705
2025-10-08,11:31:38,47.6262776,-122.3760262,47.6262665,-122.3760166,63.15386772155762,-7.619489669799805,47.62627271708276,-122.37603887272554,0.7937704500604849,-2.5299999713897705,VFR_alt,33.735859037168225,0.14053080837583282,1.3830848751053937,1.3807384878149098,0.14637067396689274,2.594998836517334,-2.5299999713897705
2025-10-08,11:31:39,47.6262819,-122.3760215,47.6262677,-122.3760159,63.27533149719238,-7.558656692504883,47.62627380954944,-122.37603806337523,0.7899999618530273,-2.5199999809265137,VFR_alt,33.48302712988954,0.12361860825097497,1.376515085046945,1.3675468146698166,0.1358458682405069,2.5823934078216553,-2.5199999809265137
2025-10-08,11:31:40,47.6262842,-122.3760195,47.6262689,-122.376015,63.41195106506348,-7.489252090454102,47.62627503832999,-122.376037139984,0.8065405249595642,-2.509999990463257,VFR_alt,33.51403977380571,0.14260978493336085,1.4053357631871162,1.4256038401773696,0.15323806678208812,2.5733633041381836,-2.509999990463257
2025-10-08,11:31:41,47.6262868,-122.3760181,47.62627,-122.3760141,63.537723541259766,-7.430635452270508,47.626276169549875,-122.37603636012086,0.809597692612944,-2.509999990463257,VFR_alt,30.79804628069514,0.12320223891700821,1.4106626462195233,1.436312514904938,0.13876103934639739,2.5741944313049316,-2.509999990463257
2025-10-08,11:31:42,47.6262926,-122.3760161,47.6262712,-122.3760132,63.66781425476074,-7.35618782043457,47.626277339608755,-122.37603536963476,0.8006451286936319,-2.490000009536743,VFR_alt,30.21203417953983,0.13450726502204455,1.3950634818146634,1.4047506278546102,0.14988676934663867,2.5551040172576904,-2.490000009536743
2025-10-08,11:31:43,47.6262966,-122.3760149,47.6262725,-122.3760122,63.824724197387695,-7.285928726196289,47.62627875088453,-122.37603443487491,0.8068983825770292,-2.490000009536743,VFR_alt,31.88684108613059,0.1432162629251174,1.4059593029751256,1.426724185239214,0.17192169850945926,2.556356191635132,-2.490000009536743
2025-10-08,11:31:44,47.6262934,-122.3760205,47.6262741,-122.3760114,63.99722480773926,-7.220884323120117,47.62628030238553,-122.37603356949371,0.8084491924806074,-2.490000009536743,VFR_alt,30.991198800305163,0.16514373088584228,1.4086614717465098,1.4321952580083104,0.1843562717761376,2.558345317840576,-2.490000009536743
2025-10-08,11:31:45,47.6262915,-122.3760208,47.6262754,-122.3760105,64.14059829711914,-7.15507698059082,47.62628159191205,-122.37603269396199,0.8128947261132692,-2.490000009536743,VFR_alt,33.17314916153433,0.12746911295934726,1.416407477318574,1.4480815489336416,0.15775475836795408,2.5551719665527344,-2.490000009536743
2025-10-08,11:31:46,47.6262912,-122.3760208,47.6262766,-122.3760096,64.26704597473145,-7.088232040405273,47.62628272920481,-122.37603180462557,0.8076063683058353,-2.4600000381469727,VFR_alt,35.2930207639193,0.14843580043537818,1.4071929144722852,1.4296787697365563,0.14302888240476005,2.522860527038574,-2.4600000381469727
2025-10-08,11:31:47,47.6262926,-122.3760187,47.6262779,-122.376009,64.41691017150879,-7.049272537231445,47.6262840771099,-122.37603128629006,0.8220652082692022,-2.4700000286102295,VFR_alt,32.6901513354421,0.1344849352684358,1.4323863477417884,1.4808502023752188,0.15484547253074574,2.5349509716033936,-2.4700000286102295
2025-10-08,11:31:48,47.6262908,-122.3760236,47.626279,-122.3760081,64.53129005432129,-6.976858139038086,47.62628510586278,-122.37603032285492,0.8102150383175061,-2.4600000381469727,VFR_alt,35.597027478821545,0.1265802788798527,1.4117383243411075,1.4385639656536675,0.13537578312943435,2.526979684829712,-2.4600000381469727
2025-10-08,11:31:49,47.6262933,-122.3760186,47.6262801,-122.3760072,64.66849517822266,-6.90980339050293,47.626286339909925,-122.37602943072704,0.7982608656520429,-2.4600000381469727,VFR_alt,36.30254692231993,0.15320494625231493,1.3909090840906793,1.3970237474208738,0.15271406394272455,2.5263185501098633,-2.4600000381469727
2025-10-08,11:31:50,47.6262898,-122.3760228,47.6262814,-122.3760061,64.80553817749023,-6.820428848266602,47.62628757249889,-122.37602824164611,0.8081818114627491,-2.4700000286102295,VFR_alt,37.72028455169226,0.1561106558152061,1.4081955805790316,1.4312519695998485,0.16361110123768074,2.5402750968933105,-2.4700000286102295
2025-10-08,11:31:51,47.6262878,-122.3760232,47.6262826,-122.3760053,64.93476486206055,-6.768198013305664,47.62628873478654,-122.37602754674252,0.8065697526515916,-2.4600000381469727,VFR_alt,35.019979250812376,0.13858628324991049,1.4053866902262553,1.4255648179743874,0.13938291188575352,2.5287554264068604,-2.4600000381469727
2025-10-08,11:31:52,47.626285,-122.3760249,47.6262834,-122.3760042,65.02048110961914,-6.684335708618164,47.62628950573362,-122.37602643099896,0.8043315362802801,-2.4600000381469727,VFR_alt,36.66047751862569,0.13891640146148396,1.4014867677610958,1.4177530253224535,0.11991731002247012,2.5284035205841064,-2.4600000381469727
2025-10-08,11:31:53,47.6262856,-122.3760211,47.6262843,-122.3760035,65.12589263916016,-6.639997482299805,47.62629045382354,-122.37602584110233,0.8061170042195218,-2.450000047683716,VFR_alt,35.59831723156023,0.11468127013203945,1.4045978103824985,1.4239675753902188,0.11435676137961615,2.5192649364471436,-2.450000047683716
2025-10-08,11:31:54,47.6262879,-122.3760197,47.6262853,-122.376003,65.2331657409668,-6.589380264282227,47.626291418656784,-122.37602516766702,0.8078494430870138,-2.4600000381469727,VFR_alt,33.62044564477209,0.14271546107146046,1.407616453863736,1.4301595231149238,0.11861543378100896,2.5250353813171387,-2.4600000381469727
2025-10-08,11:31:55,47.6262981,-122.3760058,47.6262863,-122.376002,65.34726524353027,-6.521512985229492,47.62629244488788,-122.37602426472876,0.8055079933156304,-2.440000057220459,VFR_alt,33.41209241941476,0.11121248023554603,1.4035366550196609,1.421877646516459,0.13275791521131428,2.5089590549468994,-2.440000057220459
2025-10-08,11:31:56,47.6263068,-122.3760039,47.6262875,-122.3760012,65.48070526123047,-6.462308883666992,47.626293645070994,-122.37602347704947,0.7951074944388482,-2.450000047683716,VFR_alt,33.3897068722586,0.1379130123763956,1.3854145736434489,1.38550432123036,0.14598412230667845,2.513859510421753,-2.450000047683716
2025-10-08,11:31:57,47.6263091,-122.3760054,47.6262887,-122.3760006,65.60768508911133,-6.416921615600586,47.62629478715001,-122.37602287319584,0.8089130300542583,-2.440000057220459,VFR_alt,32.85457759746175,0.09434483584988376,1.4094696735793881,1.433907838558555,0.13484762063597747,2.5074398517608643,-2.440000057220459
2025-10-08,11:31:58,47.6263136,-122.3760021,47.6262896,-122.3759998,65.71716117858887,-6.35584831237793,47.62629577179731,-122.37602206064778,0.8170165702782942,-2.440000057220459,VFR_alt,34.295494973657526,0.11763302718407541,1.4235894785152063,1.4627274461988888,0.12535933365258708,2.500314950942993,-2.440000057220459
2025-10-08,11:31:59,47.6263263,-122.3759924,47.6262908,-122.3759991,65.85225868225098,-6.301603317260742,47.62629698688814,-122.37602133894674,0.8100000023841858,-2.440000057220459,VFR_alt,33.86001652580655,0.0931878289101655,1.4113636405178962,1.4376663307774102,0.1455810942086827,2.5027499198913574,-2.440000057220459
2025-10-08,11:32:00,47.6263261,-122.3759982,47.626292,-122.3759983,65.98660087585449,-6.243875503540039,47.626298195185576,-122.37602057090862,0.8063934256470269,-2.429999828338623,VFR_alt,35.008609886222665,0.10837423308788101,1.4050794537789095,1.4251056030070497,0.14622012672397966,2.4996097087860107,-2.429999828338623
2025-10-08,11:32:01,47.6263221,-122.3760063,47.6262934,-122.3759977,66.14072608947754,-6.199258804321289,47.626299581415,-122.37601997730694,0.7981142510686602,-2.429999828338623,VFR_alt,34.053862536457316,0.12113802986485618,1.3906536192863026,1.3959000962898498,0.16045320602445512,2.4977362155914307,-2.429999828338623
2025-10-08,11:32:02,47.626318,-122.3760084,47.6262947,-122.375997,66.28487014770508,-6.143503189086914,47.62630087787215,-122.37601923550784,0.79941485410041,-2.429999828338623,VFR_alt,34.16151226170221,0.14105134647577366,1.3929198215385965,1.4004047758878009,0.15455160352603217,2.494863271713257,-2.429999828338623
2025-10-08,11:32:03,47.626318,-122.3760084,47.626296,-122.3759963,66.4332275390625,-6.090112686157227,47.62630221222476,-122.37601852517528,0.7879031896591187,-2.419999837875366,VFR_alt,35.029469549726876,0.12802251304189363,1.3728616183454374,1.3603334324632994,0.15767200567464157,2.489323616027832,-2.419999837875366
2025-10-08,11:32:04,47.6263132,-122.3760097,47.6262973,-122.3759954,66.57803726196289,-6.021993637084961,47.62630351466901,-122.37601761888716,0.7926983719780332,-2.419999837875366,VFR_alt,35.485472208806215,0.15586523475154998,1.381216860264758,1.3769482274273874,0.16003143657731017,2.485276460647583,-2.419999837875366
2025-10-08,11:32:05,47.6263107,-122.3760101,47.6262985,-122.3759946,66.70927238464355,-5.969980239868164,47.6263046950209,-122.37601692687625,0.8017741730136256,-2.419999837875366,VFR_alt,35.49740573632153,0.1227356809922444,1.3970307560085922,1.4087808851283812,0.1411667486168086,2.479384183883667,-2.419999837875366
2025-10-08,11:32:06,47.6263123,-122.3760067,47.6262996,-122.375994,66.8305892944336,-5.917776107788086,47.626305786166625,-122.3760162323277,0.8003804087638855,-2.3899998664855957,VFR_alt,35.19388750611342,0.1381530052293902,1.3946022273916172,1.403874837631884,0.13207219240717827,2.458447217941284,-2.3899998664855957
2025-10-08,11:32:07,47.6263159,-122.3760022,47.6263008,-122.3759931,66.96058654785156,-5.84889030456543,47.6263069553849,-122.37601531583826,0.7968420696885963,-2.3999998569488525,VFR_alt,36.03439373633796,0.12911978712991665,1.3884369396089213,1.3914519941464072,0.1471208339489894,2.4621646404266357,-2.3999998569488525
2025-10-08,11:32:08,47.6263171,-122.3760019,47.6263021,-122.3759921,67.10702323913574,-5.776704788208008,47.62630827246238,-122.37601435544784,0.8021276225434973,-2.3899998664855957,VFR_alt,35.02695475935421,0.1479639354300626,1.3976466150379123,1.4098935116362554,0.16326191633704956,2.456747055053711,-2.3899998664855957
2025-10-08,11:32:09,47.6263185,-122.3760003,47.6263034,-122.375991,67.24923896789551,-5.694540023803711,47.62630955157578,-122.37601326228872,0.8031521585324536,-2.3899998664855957,VFR_alt,34.79832201881078,0.15229936251821724,1.3994317913823038,1.4136294231854207,0.1642448234078774,2.451016902923584,-2.3899998664855957
2025-10-08,11:32:10,47.6263223,-122.3759968,47.6263047,-122.3759898,67.3916072845459,-5.600500106811523,47.62631083206159,-122.37601201113691,0.7944444099431316,-2.379999876022339,VFR_alt,34.86483534290798,0.15659499901627738,1.3842591991433388,1.3831752854889565,0.17062310386862445,2.4449493885040283,-2.379999876022339
2025-10-08,11:32:11,47.6263252,-122.3759956,47.626306,-122.3759888,67.54390907287598,-5.531244277954102,47.6263122018908,-122.37601108972437,0.8023976251395822,-2.369999885559082,VFR_alt,34.37434356334598,0.1490003148540419,1.3981170741068514,1.410846048660702,0.16730871035086137,2.4369192123413086,-2.369999885559082
2025-10-08,11:32:12,47.6263099,-122.3760136,47.6263072,-122.3759882,67.67816925048828,-5.48326301574707,47.626313409450574,-122.3760104513588,0.79475672438338,-2.369999885559082,VFR_alt,34.1541018589596,0.15879631203574104,1.3848033833952844,1.3841954483270407,0.1425762841971535,2.436887741088867,-2.369999885559082
2025-10-08,11:32:13,47.6263077,-122.3760129,47.6263083,-122.3759874,67.7899055480957,-5.42317008972168,47.62631441442659,-122.37600965185385,0.7949197512259458,-2.359999895095825,VFR_alt,35.151599847198,0.13726602088321338,1.3850874453179394,1.3847462272216449,0.12687064262983547,2.4259583950042725,-2.359999895095825
2025-10-08,11:32:14,47.6263058,-122.3760105,47.6263093,-122.3759865,67.90435218811035,-5.36366081237793,47.626315443779895,-122.37600886011403,0.803085094753732,-2.3499999046325684,VFR_alt,35.531782614977054,0.15348713631008534,1.3993149378284693,1.4134228810593557,0.12899374985098264,2.4134411811828613,-2.3499999046325684
2025-10-08,11:32:15,47.6262912,-122.376023,47.6263102,-122.3759859,67.99629974365234,-5.316225051879883,47.62631627077246,-122.37600822900602,0.8100000023841858,-2.3499999046325684,VFR_alt,36.91460352192699,0.13201381093577336,1.4113636405178962,1.4376663307774105,0.1034625746063561,2.417020320892334,-2.3499999046325684
2025-10-08,11:32:16,47.6262892,-122.3760167,47.6263107,-122.3759853,68.05405616760254,-5.270219802856445,47.62631679024394,-122.37600761693022,0.8031015721234408,-2.3299999237060547,VFR_alt,38.99116382492747,0.10809921182413153,1.3993436483969057,1.4133294898390085,0.07383960620983289,2.3923990726470947,-2.3299999237060547
2025-10-08,11:32:17,47.6262841,-122.3760186,47.626311,-122.3759849,68.08044815063477,-5.240972518920898,47.6263170276181,-122.37600722781039,0.8138502660919639,-2.3299999237060547,VFR_alt,43.35812451192708,0.0905856313233707,1.4180724333420551,1.4514183395429485,0.03939467458908416,2.391873598098755,-2.3299999237060547
2025-10-08,11:32:18,47.6262901,-122.3760075,47.6263113,-122.3759844,68.12353324890137,-5.208158493041992,47.62631741513309,-122.37600679123692,0.813278676056471,-2.309999942779541,VFR_alt,45.015406893205785,0.07981563282143223,1.4170764810074867,1.4494630011183014,0.05415797251581933,2.376884698867798,-2.309999942779541
2025-10-08,11:32:19,47.6262998,-122.3760019,47.6263118,-122.3759839,68.18298530578613,-5.16596794128418,47.626317949855405,-122.37600622991366,0.8153191462476203,-2.319999933242798,VFR_alt,44.75372691971027,0.09648225900340587,1.4206318457344864,1.4566647471423264,0.07290123267447583,2.384277105331421,-2.319999933242798
2025-10-08,11:32:20,47.6262951,-122.3760112,47.6263124,-122.3759832,68.248291015625,-5.11585807800293,47.6263185372265,-122.37600556322809,0.8100000023841858,-2.309999942779541,VFR_alt,45.07338436402425,0.10811377729299249,1.4113636405178964,1.4376663307774105,0.08231545502288061,2.3794820308685303,-2.309999942779541
2025-10-08,11:32:21,47.6262951,-122.3760106,47.626313,-122.3759824,68.3163948059082,-5.050695419311523,47.626319149764036,-122.37600469627291,0.8031791589852703,-2.309999942779541,VFR_alt,45.48458785527691,0.11278274999877622,1.3994788376258507,1.4136032070534876,0.09425655594530927,2.3789782524108887,-2.309999942779541
2025-10-08,11:32:22,47.6263084,-122.3759981,47.6263137,-122.3759814,68.39027786254883,-4.972188949584961,47.6263198142813,-122.3760036517853,0.7940641291001264,-2.309999942779541,VFR_alt,46.37687569271104,0.13180455999737756,1.3835965885835568,1.3817066021134299,0.10780524962862187,2.3784759044647217,-2.309999942779541
2025-10-08,11:32:23,47.6263142,-122.3759935,47.6263145,-122.3759807,68.47700309753418,-4.926996231079102,47.6263205943034,-122.37600305051974,0.8001063573867717,-2.309999942779541,VFR_alt,40.24142675004566,0.09787589038147572,1.3941247136284671,1.4029212434415268,0.09779390670800657,2.372361421585083,-2.309999942779541
2025-10-08,11:32:24,47.6263064,-122.3760071,47.6263149,-122.3759805,68.51822853088379,-4.915388107299805,47.62632096509224,-122.37600289607971,0.8061081026051495,-2.2899999618530273,VFR_alt,34.91964733038621,0.0766188891755568,1.404582299993818,1.424021451967282,0.04282855230495846,2.352444648742676,-2.2899999618530273
2025-10-08,11:32:25,47.6263056,-122.3760065,47.6263157,-122.3759799,68.60982322692871,-4.862775802612305,47.62632178891113,-122.37600219610042,0.8128804344197978,-2.299999952316284,VFR_alt,37.48185243281499,0.1530901676286822,1.4163825751254022,1.4479543862480642,0.10562974461813283,2.366896629333496,-2.299999952316284
2025-10-08,11:32:26,47.6263133,-122.3759952,47.6263166,-122.3759789,68.71810340881348,-4.790063858032227,47.62632276280222,-122.37600122870587,0.79768417414866,-2.299999952316284,VFR_alt,40.29791628409357,0.11445674955060607,1.3899042428347899,1.3943859334837545,0.13042861907424413,2.363351345062256,-2.299999952316284
2025-10-08,11:32:27,47.6263198,-122.3759907,47.6263176,-122.3759781,68.83384323120117,-4.731351852416992,47.62632380378663,-122.37600044757322,0.7950793337569666,-2.2799999713897705,VFR_alt,41.03538663443682,0.16022146079275343,1.385365505788655,1.3854500025082195,0.1297798369921097,2.3453383445739746,-2.2799999713897705
2025-10-08,11:32:28,47.6263054,-122.3760085,47.6263186,-122.3759775,68.92611122131348,-4.690364837646484,47.626324633661255,-122.37599990226232,0.8045945805472297,-2.299999952316284,VFR_alt,42.44466274695848,0.10597456431872136,1.401945102468657,1.4186748195787349,0.10096196006002549,2.3600685596466064,-2.299999952316284
2025-10-08,11:32:29,47.6263086,-122.3760005,47.6263189,-122.3759773,68.96830749511719,-4.673742294311523,47.626325013182004,-122.37599968110803,0.7899999618530273,-2.25,VFR_alt,48.00870886993636,0.06848953379788897,1.376515085046945,1.3675468146698164,0.04535233698322939,2.3173587322235107,-2.25
2025-10-08,11:32:30,47.626316,-122.3759929,47.6263198,-122.3759766,69.06851387023926,-4.614931106567383,47.62632591445586,-122.37599889865575,0.8096756712810413,-2.2699999809265137,VFR_alt,49.73325681416186,0.16828423287417438,1.410798518141205,1.4366642632679112,0.11618981633078533,2.3307273387908936,-2.2699999809265137
2025-10-08,11:32:31,47.626316,-122.3759929,47.6263208,-122.3759752,69.18654823303223,-4.506917953491211,47.626326976077785,-122.37599746159691,0.8013371683137361,-2.259999990463257,VFR_alt,47.52106704154591,0.11382046324569126,1.3962693084254527,1.4071048831901267,0.15999672508335508,2.3296375274658203,-2.259999990463257
2025-10-08,11:32:32,47.6263343,-122.3759763,47.6263217,-122.375974,69.28299140930176,-4.412574768066406,47.626327843504754,-122.37599620640987,0.8067391164924788,-2.240000009536743,VFR_alt,47.15105477718364,0.15604050676135914,1.4056817938884067,1.4261623134480808,0.13491450213025638,2.302581310272217,-2.240000009536743
2025-10-08,11:32:33,47.6263384,-122.3759762,47.6263229,-122.3759723,69.42290115356445,-4.2919921875,47.62632910187771,-122.37599460212125,0.8098395622987798,-2.25,VFR_alt,47.707033100262834,0.159294166746624,1.4110840858236282,1.4371846855741481,0.1847021799430279,2.314094305038452,-2.25
2025-10-08,11:32:34,47.6263373,-122.3759878,47.626324,-122.3759711,69.54325866699219,-4.2042694091796875,47.626330184394455,-122.37599343501523,0.7927272396291641,-2.2300000190734863,VFR_alt,47.498705920426694,0.128212683141869,1.3812671599599105,1.377194105019605,0.1489335988779629,2.294720411300659,-2.2300000190734863
2025-10-08,11:32:35,47.6263324,-122.3759934,47.6263251,-122.3759703,69.66212272644043,-4.140985488891602,47.626331253478796,-122.37599259305551,0.8021505106520909,-2.2200000286102295,VFR_alt,46.247856414836505,0.15909324089686075,1.3976864958331872,1.4102028061004555,0.13466075595935167,2.284621238708496,-2.2200000286102295
2025-10-08,11:32:36,47.6263289,-122.3759915,47.6263263,-122.3759694,69.7906436920166,-4.077644348144531,47.62633240941908,-122.37599175033449,0.8113157783683977,-2.2200000286102295,VFR_alt,43.344440075288546,0.14211203001047434,1.4136562804903894,1.4424558517481452,0.1432820250546862,2.2811169624328613,-2.2200000286102295
2025-10-08,11:32:37,47.6263302,-122.3759879,47.6263272,-122.3759686,69.89809799194336,-4.0135650634765625,47.62633337588204,-122.37599089779282,0.8167934741662897,-2.2100000381469727,VFR_alt,44.19790539261698,0.1394282974626707,1.4232007504412592,1.461930612547823,0.1251102765415703,2.278550863265991,-2.2100000381469727
2025-10-08,11:32:38,47.6263338,-122.3759816,47.626328,-122.3759678,69.9810676574707,-3.9596729278564453,47.626334122125876,-122.37599018078588,0.8094117558576206,-2.190000057220459,VFR_alt,44.34042248524205,0.10062927744764695,1.4103386655094872,1.435651999720097,0.09893597767959034,2.258458375930786,-2.190000057220459
2025-10-08,11:32:39,47.626333,-122.3759834,47.6263289,-122.3759673,70.07950401306152,-3.9236412048339844,47.62633500747985,-122.37598970140246,0.8196808442156366,-2.2100000381469727,VFR_alt,41.293825548967355,0.12549519530953246,1.4282317740120904,1.4723669964278188,0.10482366701260629,2.271286725997925,-2.2100000381469727
2025-10-08,11:32:40,47.6263341,-122.3759811,47.6263296,-122.3759665,70.16169738769531,-3.861328125,47.62633574674158,-122.37598887235919,0.8063440752285783,-2.190000057220459,VFR_alt,41.960615139957675,0.0981039688071256,1.40499346441343,1.424975997347208,0.10314393221167646,2.256439685821533,-2.190000057220459
2025-10-08,11:32:41,47.6263364,-122.375979,47.6263305,-122.3759656,70.25722694396973,-3.79010009765625,47.62633660595129,-122.37598792470715,0.807928986097934,-2.200000047683716,VFR_alt,43.268917835124164,0.13823738777954903,1.4077550515342763,1.4303600318029648,0.11916093320072833,2.2668492794036865,-2.200000047683716
2025-10-08,11:32:42,47.626338,-122.3759773,47.6263312,-122.3759647,70.34199714660645,-3.7269515991210938,47.62633736838946,-122.37598708454904,0.7920634604635692,-2.190000057220459,VFR_alt,43.487116284494526,0.08259156641979067,1.380110575050162,1.3749193424160393,0.10570581877226527,2.2543458938598633,-2.190000057220459
2025-10-08,11:32:43,47.6263353,-122.3759836,47.6263322,-122.375964,70.45276832580566,-3.668832778930664,47.62633836468502,-122.37598631130818,0.7966309715719784,-2.180000066757202,VFR_alt,42.191371837839476,0.1644774694095321,1.388069117132996,1.3906496257620284,0.1250921716236189,2.240767478942871,-2.180000066757202
2025-10-08,11:32:44,47.6263259,-122.3759897,47.6263334,-122.3759631,70.57963180541992,-3.6068801879882812,47.626339505717574,-122.37598548706097,0.7982446348413508,-2.190000057220459,VFR_alt,39.57653682631818,0.12834869749209982,1.39088080313266,1.3962717194187764,0.14118238553130988,2.2536051273345947,-2.190000057220459
2025-10-08,11:32:45,47.6263267,-122.3759842,47.6263341,-122.3759625,70.6604061126709,-3.5630550384521484,47.62634023221597,-122.37598490399,0.8036507718146794,-2.1599998474121094,VFR_alt,42.79534858179939,0.12372872351653992,1.4003005872528496,1.4153226513440902,0.09189740172463837,2.2282979488372803,-2.1599998474121094
2025-10-08,11:32:46,47.6263264,-122.375983,47.6263349,-122.3759617,70.74743461608887,-3.502573013305664,47.62634101496571,-122.37598409930789,0.806432427586736,-2.1599998474121094,VFR_alt,46.255345957737305,0.13286384573659382,1.40514741170416,1.4251585252014636,0.10598129916636881,2.225888252258301,-2.1599998474121094
2025-10-08,11:32:47,47.6263265,-122.3759822,47.6263356,-122.3759609,70.83203506469727,-3.4419593811035156,47.626341775877094,-122.37598329287479,0.7907446524564256,-2.1399998664855957,VFR_alt,45.92521257363571,0.12734461765974125,1.3778126520074094,1.370339502139679,0.10407328337993181,2.206038236618042,-2.1399998664855957
2025-10-08,11:32:48,47.6263261,-122.3759822,47.6263366,-122.3759598,70.93395614624023,-3.3561058044433594,47.626342692573296,-122.37598215063726,0.8108900429690695,-2.129999876022339,VFR_alt,45.74241944575961,0.14482083042878754,1.412914468809739,1.440925601233708,0.13326193563140906,2.1995339393615723,-2.129999876022339
2025-10-08,11:32:49,47.6263257,-122.3759809,47.6263374,-122.3759586,71.0300121307373,-3.2677230834960938,47.62634355651779,-122.37598097475073,0.8000546149868782,-2.119999885559082,VFR_alt,45.49613619086741,0.15503423713921197,1.3940345564165313,1.4027095063562165,0.13053067654671693,2.1867501735687256,-2.119999885559082
2025-10-08,11:32:50,47.6263212,-122.3759828,47.6263383,-122.3759577,71.12679481506348,-3.1957321166992188,47.62634442699835,-122.37598001694803,0.8023404123935294,-2.119999885559082,VFR_alt,45.533970182617466,0.16267958077344488,1.3980173852311515,1.4108120480128048,0.12062167005031971,2.1848647594451904,-2.119999885559082
2025-10-08,11:32:51,47.6263208,-122.375982,47.6263391,-122.3759567,71.21141052246094,-3.1266841888427734,47.626345188046976,-122.37597909830093,0.8006394994120265,-2.109999895095825,VFR_alt,45.5360602107871,0.1511798677749412,1.3950536732179286,1.404709836912608,0.10921279357127352,2.1769964694976807,-2.109999895095825
2025-10-08,11:32:52,47.6263223,-122.3759772,47.6263397,-122.3759555,71.28067588806152,-3.029430389404297,47.626345811031904,-122.37597780438922,0.7971738806885221,-2.0899999141693115,VFR_alt,45.42864393510953,0.1623825863327669,1.3890150951390954,1.392634041453895,0.11939846053028598,2.16034197807312,-2.0899999141693115
2025-10-08,11:32:53,47.6263223,-122.3759772,47.6263405,-122.3759542,71.36784553527832,-2.930429458618164,47.62634659505111,-122.37597648723282,0.8011110850742885,-2.0799999237060547,VFR_alt,45.38462853853585,0.1596755847413704,1.3958753755082312,1.4064255454390897,0.1319080425615568,2.1445627212524414,-2.0799999237060547
2025-10-08,11:32:54,47.6263393,-122.3759571,47.6263416,-122.3759527,71.49614715576172,-2.822528839111328,47.62634774901855,-122.37597505167061,0.8011052338700545,-2.0799999237060547,VFR_alt,45.240070880114374,0.1790359253161832,1.395865180228129,1.406381215072807,0.16764202787077287,2.147183895111084,-2.0799999237060547
2025-10-08,11:32:55,47.6263479,-122.3759517,47.6263426,-122.3759511,71.60503768920898,-2.7047195434570312,47.62634872839924,-122.37597348427853,0.7991935309543404,-2.059999942779541,VFR_alt,45.29605767460705,0.15096773287301424,1.392534182723474,1.3998769608034023,0.16042499311825326,2.1248605251312256,-2.059999942779541
2025-10-08,11:32:56,47.6263539,-122.3759504,47.6263438,-122.3759497,71.74322128295898,-2.5968780517578125,47.62634997124689,-122.37597204950293,0.8102702653085864,-2.059999942779541,VFR_alt,45.57449544119784,0.1833999033715274,1.4118345531892003,1.4389443254038554,0.17528403496490405,2.12135910987854,-2.059999942779541
2025-10-08,11:32:57,47.6263345,-122.3759771,47.6263447,-122.3759487,71.84004783630371,-2.5227317810058594,47.626350842122015,-122.3759710630249,0.8033870702148765,-2.049999952316284,VFR_alt,42.295929947374255,0.13030374891334964,1.3998411071925896,1.4144851314803546,0.12195511837984135,2.1158969402313232,-2.049999952316284
2025-10-08,11:32:58,47.6263308,-122.3759785,47.6263453,-122.3759481,71.9047737121582,-2.4810409545898438,47.62635142427798,-122.37597050834988,0.8084699400787145,-2.0299999713897705,VFR_alt,36.236455059403895,0.13483950108941137,1.4086976228644237,1.4322684530651424,0.07699067484040831,2.09018874168396,-2.0299999713897705
2025-10-08,11:32:59,47.6263276,-122.3759753,47.6263461,-122.3759473,71.99654769897461,-2.4170398712158203,47.62635224970943,-122.37596965684833,0.8118716583532446,-2.0299999713897705,VFR_alt,36.37448993738659,0.1611369390857411,1.4146248592518624,1.4443513350384332,0.11188656456083816,2.0986578464508057,-2.0299999713897705
2025-10-08,11:33:00,47.6263284,-122.3759717,47.6263469,-122.3759464,72.08533096313477,-2.353689193725586,47.62635304824179,-122.37596881400007,0.7967391052971715,-2.0199999809265137,VFR_alt,36.91615471005177,0.13709976273062435,1.3882575319571964,1.3914169814426867,0.1090677602841636,2.0870635509490967,-2.0199999809265137
2025-10-08,11:33:01,47.6263269,-122.3759674,47.6263478,-122.3759455,72.18424224853516,-2.287342071533203,47.62635393786737,-122.37596793128566,0.7921511364537616,-2.009999990463257,VFR_alt,36.7755142214017,0.18663540404549864,1.3802633438209517,1.3752531077885009,0.11910240552889141,2.0765321254730225,-2.009999990463257
2025-10-08,11:33:02,47.6263277,-122.3759664,47.626349,-122.3759447,72.31715965270996,-2.2236595153808594,47.626355133349975,-122.37596708402191,0.7932446503892858,-2.0299999713897705,VFR_alt,33.84808865006104,0.15223056046252556,1.382168709011638,1.3790869331419375,0.14738556337262074,2.0986380577087402,-2.0299999713897705
2025-10-08,11:33:03,47.6263297,-122.375963,47.6263499,-122.3759439,72.41415405273438,-2.1701698303222656,47.62635600573475,-122.37596637236906,0.7749729491568901,-1.9799998998641968,VFR_alt,31.970142373938266,0.1640379493300979,1.3503316538339785,1.3164402634015318,0.11076578913980437,2.0475451946258545,-1.9799998998641968
2025-10-08,11:33:04,47.6263288,-122.3759645,47.626351,-122.3759429,72.53653144836426,-2.0881481170654297,47.626357106418666,-122.37596528111219,0.79677414894104,-1.9900000095367432,VFR_alt,32.13540628781434,0.19015398942014222,1.3883185928518156,1.3911484637746845,0.1473220567557332,2.055259943008423,-1.9900000095367432
2025-10-08,11:33:05,47.626332,-122.3759589,47.6263521,-122.3759419,72.65960121154785,-2.0142478942871094,47.626358213329866,-122.37596429790757,0.7884323957804087,-1.96999990940094,VFR_alt,32.20131254465356,0.16960605270153767,1.3737837199204126,1.3622914199587215,0.14355281096778014,2.0321457386016846,-1.96999990940094
2025-10-08,11:33:06,47.6263329,-122.3759588,47.626353,-122.3759411,72.76329612731934,-1.952981948852539,47.62635914598025,-122.37596348279553,0.7961578507172434,-1.959999918937683,VFR_alt,32.070575701377955,0.16158495772826045,1.3872447398861092,1.3890012460741672,0.12044148631948622,2.024991512298584,-1.959999918937683
2025-10-08,11:33:07,47.6263482,-122.375941,47.6263543,-122.3759399,72.90889358520508,-1.8603477478027344,47.62636045550951,-122.37596225034486,0.7867567217027819,-1.9299999475479126,VFR_alt,32.142443845676105,0.190523058900962,1.3708639847851538,1.3563893170364518,0.17256800093564886,1.996916651725769,-1.9299999475479126
2025-10-08,11:33:08,47.6263437,-122.3759554,47.6263556,-122.3759389,73.05820655822754,-1.7877445220947266,47.62636179845677,-122.37596128439604,0.7968983509961296,-1.9399999380111694,VFR_alt,32.447859419852655,0.17593498153482529,1.3885350055235626,1.3915811907254234,0.16602888994393136,2.005277395248413,-1.9399999380111694
2025-10-08,11:33:09,47.6263474,-122.3759487,47.6263566,-122.3759381,73.16213989257812,-1.730987548828125,47.626362733251554,-122.3759605292735,0.7977127315516167,-1.899999976158142,VFR_alt,32.2649197744634,0.13165524815942378,1.389954001946,1.394591039942619,0.11842082588639724,1.9679392576217651,-1.899999976158142
2025-10-08,11:33:10,47.6263407,-122.3759589,47.6263577,-122.3759373,73.28797149658203,-1.6690254211425781,47.626363865003235,-122.37595970489902,0.8071195421659428,-1.909999966621399,VFR_alt,32.21600405773109,0.20772218493663747,1.4063446568042957,1.427585390291444,0.14026010777664435,1.973392367362976,-1.909999966621399
2025-10-08,11:33:11,47.6263324,-122.3759618,47.6263589,-122.3759367,73.41443634033203,-1.6240062713623047,47.626365002450385,-122.3759591059422,0.7938953156388083,-1.899999976158142,VFR_alt,32.194874381081256,0.13716309803516366,1.3833024439161088,1.3814292958447063,0.13423889358770286,1.9712600708007812,-1.899999976158142
2025-10-08,11:33:12,47.6263317,-122.3759603,47.6263595,-122.3759358,73.48426628112793,-1.5586471557617188,47.62636563051321,-122.3759582363725,0.7952127228391931,-1.8700000047683716,VFR_alt,32.846483061533284,0.16796229676680363,1.3855979261592035,1.3857666446452102,0.09564535861007285,1.9358880519866943,-1.8700000047683716
2025-10-08,11:33:13,47.6263344,-122.3759519,47.6263603,-122.3759348,73.57338523864746,-1.4818286895751953,47.626366432064856,-122.37595721434198,0.7931182384490967,-1.8700000047683716,VFR_alt,33.245046017778265,0.16894761168508118,1.3819484457825202,1.378561859913528,0.11765740663731315,1.9334572553634644,-1.8700000047683716
2025-10-08,11:33:14,47.6263355,-122.375951,47.626361,-122.3759339,73.65350914001465,-1.412811279296875,47.626367152713385,-122.37595629610051,0.7615507911233341,-1.8499999046325684,VFR_alt,34.05131072122171,0.14046765170632836,1.3269445602906613,1.271055430575671,0.105750851021752,1.9204946756362915,-1.8499999046325684
2025-10-08,11:33:15,47.626336,-122.3759511,47.6263617,-122.3759329,73.72651481628418,-1.3395519256591797,47.626367809339335,-122.37595532142214,0.773544951090737,-1.8299999237060547,VFR_alt,34.993540193226025,0.16192155910862815,1.3478434753853785,1.3113620974418632,0.10342515005057763,1.8991202116012573,-1.8299999237060547
2025-10-08,11:33:16,47.6263321,-122.3759561,47.6263623,-122.3759322,73.78928756713867,-1.2870006561279297,47.62636837392854,-122.37595462225427,0.7713368780472699,-1.8199999332427979,VFR_alt,35.731482451168695,0.12334912405772643,1.3439960753853981,1.3040304877280755,0.08186607465358428,1.886491298675537,-1.8199999332427979
2025-10-08,11:33:17,47.6263374,-122.3759464,47.6263628,-122.3759314,73.84714126586914,-1.2308692932128906,47.62636889427493,-122.37595387545507,0.7604255219723316,-1.7899999618530273,VFR_alt,36.31487617395426,0.1508274303868096,1.3249838640427023,1.267291125134376,0.0806088106815605,1.8567723035812378,-1.7899999618530273
2025-10-08,11:33:18,47.6263399,-122.3759473,47.6263634,-122.3759305,73.92156219482422,-1.1620121002197266,47.62636956362991,-122.37595295934517,0.7716756550041405,-1.7699999809265137,VFR_alt,36.74102989685163,0.1418402033883172,1.344586368567824,1.3051133897274105,0.10138928786333706,1.837579607963562,-1.7699999809265137
2025-10-08,11:33:19,47.6263406,-122.3759468,47.6263643,-122.3759295,74.02223587036133,-1.0835418701171875,47.626370469106725,-122.37595191533869,0.7621925017412972,-1.7300000190734863,VFR_alt,36.46233937392783,0.17424665032861067,1.328062692428021,1.2733521189840666,0.12764311951098892,1.800202488899231,-1.7300000190734863
2025-10-08,11:33:20,47.6263531,-122.3759319,47.6263651,-122.3759284,74.11299514770508,-0.9980754852294922,47.62637128541169,-122.37595077825192,0.7650531771335196,-1.709999918937683,VFR_alt,36.4198793968743,0.1248642623107484,1.3330472025811362,1.2827987279475337,0.12466655273059975,1.7739001512527466,-1.709999918937683
2025-10-08,11:33:21,47.6263544,-122.3759343,47.626366,-122.3759273,74.20677757263184,-0.9179039001464844,47.626372128907384,-122.37594971160975,0.7862208956895873,-1.6799999475479126,VFR_alt,36.42438817423289,0.16384554455100103,1.3699303485500418,1.3546682523938236,0.12338000761819123,1.74320650100708,-1.6799999475479126
2025-10-08,11:33:22,47.6263556,-122.3759344,47.6263669,-122.3759262,74.30269432067871,-0.8409824371337891,47.62637299159956,-122.37594868820878,0.7801603990442613,-1.659999966621399,VFR_alt,36.25587970295358,0.12650434820250395,1.3593703922740952,1.3339964139717895,0.12295094154946985,1.7224985361099243,-1.659999966621399
2025-10-08,11:33:23,47.6263548,-122.3759368,47.6263675,-122.3759252,74.37768363952637,-0.7623920440673828,47.62637366606674,-122.37594764260353,0.7925405102807123,-1.6200000047683716,VFR_alt,36.29935885236772,0.13519719404143257,1.3809417982163936,1.376651700649949,0.1086271044609387,1.6870346069335938,-1.6200000047683716
2025-10-08,11:33:24,47.6263507,-122.37594,47.6263682,-122.3759244,74.45449829101562,-0.7067108154296875,47.626374356951274,-122.37594690179306,0.7979144205384076,-1.5999999046325684,VFR_alt,36.09675616493344,0.12203428069537973,1.3903054297260145,1.395472769656053,0.09487301990565832,1.6639981269836426,-1.5999999046325684
2025-10-08,11:33:25,47.6263505,-122.3759394,47.6263689,-122.3759237,74.52909851074219,-0.65203857421875,47.62637502791883,-122.37594617440664,0.7885405037854168,-1.5799999237060547,VFR_alt,35.79269514283657,0.14423180512479833,1.373972089929139,1.3626041142138718,0.09248917094599961,1.6493638753890991,-1.5799999237060547
2025-10-08,11:33:26,47.6263504,-122.3759383,47.6263694,-122.375923,74.58935928344727,-0.6028995513916016,47.62637556991486,-122.37594552063688,0.7786558866500854,-1.559999942779541,VFR_alt,35.91250337752908,0.0937533913761057,1.3567488934054555,1.3291732229249076,0.07775605630058731,1.6257721185684204,-1.559999942779541
2025-10-08,11:33:27,47.6263416,-122.3759444,47.6263698,-122.3759227,74.62447166442871,-0.5808849334716797,47.626375885721814,-122.37594522774356,0.7887700273391397,-1.5299999713897705,VFR_alt,35.55916461303799,0.13034472761944654,1.3743720173333505,1.3636155314977683,0.04144300544538617,1.5970046520233154,-1.5299999713897705
2025-10-08,11:33:28,47.6263491,-122.3759304,47.6263703,-122.3759222,74.68100547790527,-0.543487548828125,47.626376394196924,-122.37594473019033,0.7950525995932127,-1.5199999809265137,VFR_alt,34.803466624357256,0.11883444252767061,1.3853189235336292,1.3853073353424437,0.06778374764189968,1.5850539207458496,-1.5199999809265137
2025-10-08,11:33:29,47.6263546,-122.3759264,47.6263708,-122.3759218,74.73637962341309,-0.5090465545654297,47.62637689224177,-122.37594427197037,0.7711351149790996,-1.5,VFR_alt,35.048002848124945,0.08821840560114061,1.343644518524192,1.3031187798701243,0.0652110272616787,1.5618863105773926,-1.5
2025-10-08,11:33:30,47.6263548,-122.3759271,47.6263714,-122.375921,74.81203079223633,-0.4466285705566406,47.626377572661745,-122.37594344153074,0.781390344395357,-1.46999990940094,VFR_alt,35.28463721262438,0.1456173088222264,1.3615134788707013,1.3380988153146796,0.09807703131745035,1.535460114479065,-1.46999990940094
2025-10-08,11:33:31,47.6263604,-122.3759207,47.6263721,-122.3759202,74.88401985168457,-0.3892955780029297,47.62637822014407,-122.37594267874432,0.7934856929097857,-1.459999918937683,VFR_alt,35.071458133347896,0.08664846605488233,1.3825887073428094,1.380487653436081,0.09202986860474387,1.5259987115859985,-1.459999918937683
2025-10-08,11:33:32,47.6263596,-122.3759235,47.626373,-122.3759195,74.98305320739746,-0.3379859924316406,47.62637911086756,-122.37594199609629,0.7655434634374536,-1.409999966621399,VFR_alt,35.08237121169788,0.15162217572493397,1.3339014893228391,1.284689802382332,0.11153599918973855,1.4780073165893555,-1.409999966621399
2025-10-08,11:33:33,47.6263647,-122.37592,47.6263739,-122.3759186,75.08443832397461,-0.2697467803955078,47.62638002274321,-122.37594108820814,0.7773821728391798,-1.4199999570846558,VFR_alt,35.06792474376898,0.11456359207084042,1.3545295435834226,1.3248086842157971,0.12221101391721727,1.4920437335968018,-1.4199999570846558
2025-10-08,11:33:34,47.6263591,-122.3759282,47.6263743,-122.3759179,75.13042259216309,-0.2195453643798828,47.62638043633384,-122.37594042030372,0.7852432202648472,-1.3700000047683716,VFR_alt,34.689371822152474,0.09421240937065434,1.36822682318875,1.3519002976869916,0.0680788887306747,1.4330379962921143,-1.3700000047683716
2025-10-08,11:33:35,47.626353,-122.3759303,47.6263747,-122.3759169,75.17314910888672,-0.13947296142578125,47.62638082062367,-122.37593935498094,0.8149729603045696,-1.3700000047683716,VFR_alt,34.406566898109574,0.16168205399770993,1.4200286429549307,1.455504078105725,0.09075871829294907,1.4338772296905518,-1.3700000047683716
2025-10-08,11:33:36,47.6263513,-122.3759306,47.6263753,-122.3759159,75.2384090423584,-0.06739044189453125,47.62638140758305,-122.3759383959595,0.8030850649514096,-1.3600000143051147,VFR_alt,34.12233431478828,0.11757916624241686,1.3993148859001847,1.4133388563648355,0.09723553125633189,1.4253343343734741,-1.3600000143051147
2025-10-08,11:33:37,47.6263495,-122.3759311,47.6263759,-122.375915,75.30499458312988,0.0024127960205078125,47.626382006465164,-122.37593746726273,0.7941145530591408,-1.309999942779541,VFR_alt,34.37426180203726,0.12084633391350508,1.383684448512143,1.3821059704858014,0.0964682655760668,1.3823859691619873,-1.309999942779541
2025-10-08,11:33:38,47.6263436,-122.3759369,47.6263766,-122.375914,75.39046096801758,0.07182502746582031,47.62638277516493,-122.37593654376809,0.788260844738587,-1.3199999332427979,VFR_alt,34.50520751302878,0.1625706597595759,1.3734848052263295,1.3618734798936918,0.11010250142476012,1.3814231157302856,-1.3199999332427979
2025-10-08,11:33:39,47.6263455,-122.3759291,47.6263769,-122.3759134,75.4195613861084,0.11764907836914062,47.62638303689923,-122.37593593410226,0.7523369542930437,-1.2999999523162842,VFR_alt,34.46734324574688,0.08079436166292947,1.310890147631822,1.240613958345517,0.054283312115701206,1.3741872310638428,-1.2999999523162842
2025-10-08,11:33:40,47.6263607,-122.375908,47.6263775,-122.3759123,75.48695945739746,0.20275497436523438,47.62638364308938,-122.37593480181134,0.7908064325650533,-1.2799999713897705,VFR_alt,34.696895337354206,0.18010694621711648,1.3779202991663795,1.3713391233810819,0.1085611051287867,1.340043067932129,-1.2799999713897705
2025-10-08,11:33:41,47.6263553,-122.3759203,47.626378,-122.3759113,75.538330078125,0.2755756378173828,47.62638410512583,-122.37593383296922,0.7706976643828458,-1.2599999904632568,VFR_alt,34.42064099208362,0.08176169459989598,1.3428822940004166,1.3027349007283777,0.08911671952862568,1.3320783376693726,-1.2599999904632568
2025-10-08,11:33:42,47.6263763,-122.3758933,47.6263787,-122.3759099,75.61993789672852,0.3856773376464844,47.62638483912096,-122.37593236812174,0.7704761819864707,-1.1999999284744263,VFR_alt,34.54774469608504,0.17037272748966065,1.3424963777036998,1.3028430106072117,0.1370482410046984,1.2671083211898804,-1.1999999284744263
2025-10-08,11:33:43,47.6263763,-122.3758933,47.6263801,-122.3759084,75.77343559265137,0.4959735870361328,47.62638621970633,-122.37593090068583,0.7725531769559738,-1.209999918937683,VFR_alt,34.36513375224614,0.17873571892368031,1.346115384089958,1.3089944208071627,0.1890153572677303,1.2702677249908447,-1.209999918937683
2025-10-08,11:33:44,47.6263814,-122.3758974,47.6263812,-122.3759069,75.89907646179199,0.6090602874755859,47.6263873497425,-122.37592939612433,0.7451322611677583,-1.1699999570846558,VFR_alt,34.297553168274874,0.12814820329190563,1.298336515671096,1.216950238865069,0.16903913693193734,1.2431869506835938,-1.1699999570846558
2025-10-08,11:33:45,47.6263785,-122.3759006,47.6263823,-122.3759054,76.0174789428711,0.7197647094726562,47.62638841467532,-122.37592792325783,0.8023626182105515,-1.1200000047683716,VFR_alt,34.24828092444298,0.1918901891171277,1.398056077185051,1.4118277950141807,0.16209446805919203,1.1905890703201294,-1.1200000047683716
2025-10-08,11:33:46,47.6263735,-122.3759065,47.6263835,-122.3759042,76.1600227355957,0.8077220916748047,47.62638969673937,-122.37592675302919,0.815106359568048,-1.1299999952316284,VFR_alt,34.394200021897866,0.1626484492357741,1.4202610810655396,1.4564595374221008,0.16749696692230345,1.1947335004806519,-1.1299999952316284
2025-10-08,11:33:47,47.6263696,-122.3759068,47.6263842,-122.3759034,76.22952461242676,0.8704204559326172,47.626390321851524,-122.37592591885905,0.7807978429692857,-1.100000023841858,VFR_alt,32.546640717929414,0.10683882874535754,1.3604810900222437,1.3363509495944752,0.09360339611170332,1.1705656051635742,-1.100000023841858
2025-10-08,11:33:48,47.6263679,-122.3759082,47.6263848,-122.3759024,76.30326271057129,0.9418830871582031,47.62639098506501,-122.37592496808475,0.7946195226648579,-1.0699999332427979,VFR_alt,31.64973352709222,0.16871840482496697,1.3845643197948316,1.3836416245537007,0.1026850270470657,1.128188133239746,-1.0699999332427979
2025-10-08,11:33:49,47.6263643,-122.3759114,47.6263856,-122.3759018,76.3877010345459,0.9914588928222656,47.6263917445182,-122.37592430850361,0.77021619693653,-1.0499999523162842,VFR_alt,28.837927346636462,0.09397468876999777,1.342043373450018,1.3006278856793525,0.09791624514288721,1.1209986209869385,-1.0499999523162842
2025-10-08,11:33:50,47.6263673,-122.3759003,47.6263862,-122.3759013,76.45676803588867,1.0300922393798828,47.626392365719006,-122.37592379450639,0.7869999854188217,-1.0399999618530273,VFR_alt,25.185324017726575,0.15323137088041555,1.3712878533812787,1.3591844684876584,0.07913776684190438,1.1002649068832397,-1.0399999618530273
2025-10-08,11:33:51,47.626367,-122.3759015,47.6263868,-122.3759006,76.52416801452637,1.0819091796875,47.626392971926315,-122.37592310510807,0.8103428275244576,-1.0099999904632568,VFR_alt,25.55755746478902,0.11376356899738312,1.4119609873532237,1.4393190315883149,0.08501618918303118,1.0725910663604736,-1.0099999904632568
2025-10-08,11:33:52,47.6263691,-122.3758979,47.6263874,-122.3758998,76.58475112915039,1.1298561096191406,47.62639351682155,-122.37592246719828,0.8127472417040186,-1.0199999809265137,VFR_alt,26.20194036707754,0.11235102139167734,1.4161504969085164,1.447558123831554,0.07726073949566635,1.087483286857605,-1.0199999809265137
2025-10-08,11:33:53,47.6263762,-122.3758885,47.6263881,-122.3758991,76.66996383666992,1.196584701538086,47.62639428323969,-122.37592157940792,0.7878306517525325,-0.9699999690055847,VFR_alt,25.79619415775876,0.14557186071637762,1.3727352265385069,1.3604757553578253,0.10823082048240378,1.0347728729248047,-0.9699999690055847
2025-10-08,11:33:54,47.6263807,-122.3758837,47.626389,-122.3758978,76.76297760009766,1.2814197540283203,47.6263951198219,-122.37592045072019,0.7327807242857581,-1.0199999809265137,VFR_alt,24.135428426002576,0.12271283993268395,1.276814898376696,1.179876763489067,0.12589100967905278,1.077850580215454,-1.0199999809265137
2025-10-08,11:33:55,47.6263831,-122.3758864,47.6263897,-122.3758967,76.84085845947266,1.3735523223876953,47.62639582029611,-122.37591922494265,0.6759562544483956,-1.0,VFR_alt,23.001397507027196,0.11316876638619626,1.177802564569177,1.0015766438283382,0.12063929048814666,1.0652207136154175,-1.0
2025-10-08,11:33:56,47.6263846,-122.3758843,47.6263904,-122.3758959,76.92531204223633,1.4353618621826172,47.62639657988655,-122.37591840259776,0.6674866093033776,-1.0199999809265137,VFR_alt,22.23243786367979,0.13935665391823826,1.1630448495437657,0.9775066843250797,0.10465575402853111,1.0805103778839111,-1.0199999809265137
2025-10-08,11:33:57,47.6263848,-122.375885,47.6263912,-122.3758947,77.0100212097168,1.5231494903564453,47.626397341775764,-122.37591723462745,0.5089017245810845,-1.0099999904632568,VFR_alt,22.17573399004879,0.09610760754588023,0.8867227019215893,0.5749585924025299,0.1219930765069084,1.0765206813812256,-1.0099999904632568
2025-10-08,11:33:58,47.6263827,-122.3758865,47.6263921,-122.3758935,77.10851287841797,1.61273193359375,47.62639822762722,-122.375916042778,0.5224456255850585,-1.0499999523162842,VFR_alt,22.376997744588685,0.14332276096810465,0.9103219233679087,0.5990311452569361,0.1331376090363137,1.1118884086608887,-1.0499999523162842
2025-10-08,11:33:59,47.6263801,-122.3758898,47.6263926,-122.3758927,77.16268157958984,1.6703910827636719,47.62639871483009,-122.37591527565195,0.489340650511312,-1.0,VFR_alt,22.393197061271508,0.0896679744595191,0.8526390122545613,0.526509324550019,0.07911274024862995,1.0647176504135132,-1.0
2025-10-08,11:34:00,47.626377,-122.3758921,47.6263934,-122.375892,77.25793075561523,1.7236480712890625,47.626399571518,-122.37591456709443,0.5932608528629594,-1.0499999523162842,VFR_alt,22.023982164260474,0.17220185348845046,1.0337120921096994,0.773323304420361,0.10912704687798272,1.1068599224090576,-1.0499999523162842
2025-10-08,11:34:01,47.6263724,-122.3758946,47.626394,-122.3758915,77.32195663452148,1.7631263732910156,47.62640014737806,-122.37591404185541,0.5934482463474932,-1.0399999618530273,VFR_alt,22.021306337278162,0.056311536494685316,1.0340386110600237,0.771758856522799,0.0752186778577981,1.1053006649017334,-1.0399999618530273
2025-10-08,11:34:02,47.6263912,-122.3758683,47.6263946,-122.375891,77.38912200927734,1.8025436401367188,47.626400751475295,-122.37591351742843,0.5901648087815924,-1.0,VFR_alt,22.18995821502815,0.14766121156268067,1.0283174698467117,0.7633463748009286,0.07787752237764373,1.0672588348388672,-1.0
2025-10-08,11:34:03,47.6263921,-122.3758689,47.6263958,-122.3758897,77.5222282409668,1.8986930847167969,47.626401948656245,-122.37591223820823,0.5960540220544145,-1.0399999618530273,VFR_alt,22.062201283596675,0.14284871381682318,1.0385789778220833,0.77855358382171,0.16420104934994748,1.1037691831588745,-1.0399999618530273
