water_current,transect,SU,min,voltage,current,mAh,W,log_W,Wh,Timestamp,roll,pitch,heading,rollRate,pitchRate,yawRate,groundSpeed,airSpeed,airSpeedSetpoint,climbRate,altitudeRelative,altitudeAMSL,altitudeTuning,altitudeTuningSetpoint,xTrackError,rangeFinderDist,flightDistance,flightTime,distanceToHome,missionItemIndex,headingToNextWP,headingToHome,distanceToGCS,throttlePct,hobbs,apmSubInfo.cameraTilt,apmSubInfo.tetherTurns,apmSubInfo.lights1,apmSubInfo.lights2,apmSubInfo.pilotGain,apmSubInfo.inputHold,apmSubInfo.rollPitchToggle,apmSubInfo.rangefinderDistance,battery0.id,battery0.batteryFunction,battery0.batteryType,battery0.chargeState,battery0.instantPower,clock.currentTime,clock.currentDate,temperature.temperature1,temperature.temperature2,temperature.temperature3
high,0,1,0.02,16.53,0.63,8,10.4139,1.02,0.00289275,26:18.7,-3.8,-0.7,25,0,0,0,0.1,0,0,-0.2,0,0,0,-0.13,0,0,0,0:00:00,0,0,--.--,0,0,0,0000:00:00,50,0,0,0,30,0,0,0,0,0,0,1,10.41,11:26:18,9/22/2023,83.82,58.98,--.--
high,0,2,0.03,16.53,0.62,8,10.2486,1.01,0.005739583,26:19.7,-3,-0.2,25,0,0,0,0.2,0,0,0.2,0,0,0,0.059,0,0,0,0:00:00,0,0,--.--,0,0,0,0000:00:00,50,0,0,0,30,0,0,0,0,0,0,1,10.25,11:26:19,9/22/2023,83.89,58.98,--.--
high,0,3,0.05,16.53,0.6,8,9.918,1,0.008494583,26:20.7,-2.8,-0.4,25,0,0,0,0.2,0,0,0.1,0,0,0,0.099,0,0,0,0:00:00,0,0,--.--,0,0,0,0000:00:00,50,0,0,0,30,0,0,0,0,0,0,1,9.92,11:26:20,9/22/2023,83.91,59,--.--
high,0,4,0.07,16.53,0.62,9,10.2486,1.01,0.011341417,26:21.7,-2.4,-0.2,24,0,0,0,0.1,0,0,0,0,0,0,0.049,0,0,0,0:00:00,0,0,--.--,0,0,0,0000:00:00,50,0,0,0,30,0,0,0,0,0,0,1,10.25,11:26:21,9/22/2023,83.97,59,--.--
high,0,5,0.08,16.53,0.63,9,10.4139,1.02,0.014234167,26:22.7,-2.3,0.6,25,0,0,0,0,0,0,0.1,0,0,0,0.036,0,0,0,0:00:00,0,0,--.--,0,0,0,0000:00:00,50,0,0,0,30,0,0,0,0,0,0,1,10.41,11:26:22,9/22/2023,84.02,59,--.--
high,0,6,0.1,16.52,0.61,9,10.0772,1,0.017033389,26:23.7,-1.3,0.2,24,0,0,0,0.2,0,0,-0.1,0,0,0,0.02,0,0,0,0:00:00,0,0,--.--,0,0,0,0000:00:00,50,0,0,0,30,0,0,0,0,0,0,1,10.08,11:26:23,9/22/2023,84.06,59,--.--
high,0,7,0.12,16.53,0.63,9,10.4139,1.02,0.019926139,26:24.7,-3,0.3,24,0,0,0,0.2,0,0,-0.2,0,0,0,-0.133,0,0,0,0:00:00,0,0,--.--,0,0,0,0000:00:00,50,0,0,0,30,0,0,0,0,0,0,1,10.41,11:26:24,9/22/2023,84.09,59.04,--.--
high,0,8,0.13,16.52,0.64,9,10.5728,1.02,0.022863028,26:25.7,-3,-0.4,24,0,0,0,0.1,0,0,-0.1,0,0,0,-0.095,0,0,0,0:00:00,0,0,--.--,0,0,0,0000:00:00,50,0,0,0,30,0,0,0,0,0,0,1,10.58,11:26:25,9/22/2023,84.16,59,--.--
high,0,9,0.15,16.52,0.61,9,10.0772,1,0.02566225,26:26.7,-2.3,0.1,24,0,0,0,0.1,0,0,0,0,0,0,-0.022,0,0,0,0:00:00,0,0,--.--,0,0,0,0000:00:00,50,0,0,0,30,0,0,0,0,0,0,1,10.08,11:26:26,9/22/2023,84.2,59.04,--.--
high,0,10,0.17,16.53,0.64,10,10.5792,1.02,0.028600917,26:27.7,-2.7,0.6,24,0,0,0,0.1,0,0,0.1,0,0,0,0.058,0,0,0,0:00:00,0,0,--.--,0,0,0,0000:00:00,50,0,0,0,30,0,0,0,0,0,0,1,10.58,11:26:27,9/22/2023,84.24,59.04,--.--
high,0,11,0.18,16.53,0.63,10,10.4139,1.02,0.031493667,26:28.7,-2.5,-0.4,24,0,0,0,0.1,0,0,0.1,0,0,0,0.093,0,0,0,0:00:00,0,0,--.--,0,0,0,0000:00:00,50,0,0,0,30,0,0,0,0,0,0,1,10.41,11:26:28,9/22/2023,84.27,59.04,--.--
high,0,12,0.2,16.53,0.58,10,9.5874,0.98,0.034156833,26:29.7,-2.5,0.6,23,0,0,0,0.1,0,0,0,0,0,0,0.017,0,0,0,0:00:00,0,0,--.--,0,0,0,0000:00:00,50,0,0,0,30,0,0,0,0,0,0,1,9.59,11:26:29,9/22/2023,84.33,59.04,--.--
high,0,13,0.22,16.52,0.63,10,10.4076,1.02,0.037047833,26:30.7,-1.8,0.3,23,0,0,0,0.1,0,0,0,0,0,0,0.025,0,0,0,0:00:00,0,0,--.--,0,0,0,0000:00:00,50,0,0,0,30,0,0,0,0,0,0,1,10.41,11:26:30,9/22/2023,84.36,59.04,--.--
high,0,14,0.23,16.52,0.68,10,11.2336,1.05,0.040168278,26:31.7,-2.8,-0.3,23,0,0,0,0,0,0,-0.1,0,0,0,-0.101,0,0,0,0:00:00,0,0,--.--,0,0,0,0000:00:00,50,0,0,0,30,0,0,0,0,0,0,1,11.23,11:26:31,9/22/2023,84.42,59.05,--.--
high,0,15,0.25,16.52,0.65,10,10.738,1.03,0.043151056,26:32.7,-2.4,0.3,23,0,0,0,0,0,0,-0.1,0,0,0,-0.101,0,0,0,0:00:00,0,0,--.--,0,0,0,0000:00:00,50,0,0,0,30,0,0,0,0,0,0,1,10.74,11:26:32,9/22/2023,84.42,59.05,--.--
high,0,16,0.27,16.52,0.71,11,11.7292,1.07,0.046409167,26:33.7,-2.9,-0.2,23,0,0,0,0,0,0,0.1,0,0,0,0.009,0,0,0,0:00:00,0,0,--.--,0,0,0,0000:00:00,50,0,0,0,30,0,0,0,0,0,0,1,11.73,11:26:33,9/22/2023,84.49,59.07,--.--
high,0,17,0.28,16.52,0.65,11,10.738,1.03,0.049391944,26:34.7,-1.5,0.6,22,0,0,0,0,0,0,0.1,0,0,0,0.096,0,0,0,0:00:00,0,0,--.--,0,0,0,0000:00:00,50,0,0,0,30,0,0,0,0,0,0,1,10.74,11:26:34,9/22/2023,84.54,59.07,--.--
high,0,18,0.3,16.52,0.64,11,10.5728,1.02,0.052328833,26:35.7,-3.3,-0.5,23,0,0,0,0,0,0,-0.1,0,0,0,-0.041,0,0,0,0:00:00,0,0,--.--,0,0,0,0000:00:00,50,0,0,0,30,0,0,0,0,0,0,1,10.57,11:26:35,9/22/2023,84.58,59.07,--.--
high,0,19,0.32,16.52,0.63,11,10.4076,1.02,0.055219833,26:36.7,-1.8,1.1,22,0,0,0,0,0,0,0,0,0,0,-0.023,0,0,0,0:00:00,0,0,--.--,0,0,0,0000:00:00,50,0,0,0,30,0,0,0,0,0,0,1,10.41,11:26:36,9/22/2023,84.63,59.07,--.--
high,0,20,0.33,16.52,0.61,11,10.0772,1,0.058019056,26:37.7,-3.5,-1.2,22,0,0,0,0.1,0,0,0,0,0,0,-0.03,0,0,0,0:00:00,0,0,--.--,0,0,0,0000:00:00,50,0,0,0,30,0,0,0,0,0,0,1,10.08,11:26:37,9/22/2023,84.69,59.07,--.--
high,0,21,0.35,16.52,0.62,12,10.2424,1.01,0.060864167,26:38.7,-1.2,1.1,22,0,0,0,0.1,0,0,0.1,0,0,0,0.03,0,0,0,0:00:00,0,0,--.--,0,0,0,0000:00:00,50,0,0,0,30,0,0,0,0,0,0,1,10.24,11:26:38,9/22/2023,84.74,59.07,--.--
high,0,22,0.37,16.52,0.65,12,10.738,1.03,0.063846944,26:39.7,-3,-0.9,22,0,0,0,0.1,0,0,0,0,0,0,0.008,0,0,0,0:00:00,0,0,--.--,0,0,0,0000:00:00,50,0,0,0,30,0,0,0,0,0,0,1,10.74,11:26:39,9/22/2023,84.79,59.11,--.--
high,0,23,0.38,16.52,0.63,12,10.4076,1.02,0.066737944,26:40.7,-1.8,0.9,22,0,0,0,0.1,0,0,0,0,0,0,0.004,0,0,0,0:00:00,0,0,--.--,0,0,0,0000:00:00,50,0,0,0,30,0,0,0,0,0,0,1,10.41,11:26:40,9/22/2023,84.85,59.11,--.--
high,0,24,0.4,16.52,0.6,12,9.912,1,0.069491278,26:41.7,-3.3,-0.3,22,0,0,0,0,0,0,-0.1,0,0,0,-0.04,0,0,0,0:00:00,0,0,--.--,0,0,0,0000:00:00,50,0,0,0,30,0,0,0,0,0,0,1,9.91,11:26:41,9/22/2023,84.9,59.11,--.--
high,0,25,0.42,16.52,0.61,12,10.0772,1,0.0722905,26:42.7,-2.3,0.9,22,0,0,0,0.1,0,0,0,0,0,0,-0.026,0,0,0,0:00:00,0,0,--.--,0,0,0,0000:00:00,50,0,0,0,30,0,0,0,0,0,0,1,10.08,11:26:42,9/22/2023,84.94,59.11,--.--
high,0,26,0.43,16.52,0.62,12,10.2424,1.01,0.075135611,26:43.7,-2.6,-0.6,22,0,0,0,0.1,0,0,0.1,0,0,0,0.016,0,0,0,0:00:00,0,0,--.--,0,0,0,0000:00:00,50,0,0,0,30,0,0,0,0,0,0,1,10.24,11:26:43,9/22/2023,84.99,59.13,--.--
high,0,27,0.45,16.52,0.61,13,10.0772,1,0.077934833,26:44.7,-1.5,1.3,21,0,0,0,0,0,0,0.1,0,0,0,0.067,0,0,0,0:00:00,0,0,--.--,0,0,0,0000:00:00,50,0,0,0,30,0,0,0,0,0,0,1,10.08,11:26:44,9/22/2023,85.03,59.13,--.--
high,0,28,0.47,16.52,0.62,13,10.2424,1.01,0.080779944,26:45.7,-2.4,0.1,22,0,0,0,0.1,0,0,0.1,0,0,0,0.037,0,0,0,0:00:00,0,0,--.--,0,0,0,0000:00:00,50,0,0,0,30,0,0,0,0,0,0,1,10.24,11:26:45,9/22/2023,85.06,59.13,--.--
high,0,29,0.48,16.52,0.64,13,10.5728,1.02,0.083716833,26:46.7,-1.7,0.3,22,0,0,0,0.1,0,0,-0.1,0,0,0,-0.046,0,0,0,0:00:00,0,0,--.--,0,0,0,0000:00:00,50,0,0,0,30,0,0,0,0,0,0,1,10.57,11:26:46,9/22/2023,85.12,59.14,--.--
high,0,30,0.5,16.52,0.65,13,10.738,1.03,0.086699611,26:47.7,-2.1,0.1,21,0,0,0,0.1,0,0,0,0,0,0,-0.062,0,0,0,0:00:00,0,0,--.--,0,0,0,0000:00:00,50,0,0,0,30,0,0,0,0,0,0,1,10.74,11:26:47,9/22/2023,85.17,59.14,--.--
high,0,31,0.52,16.52,0.65,13,10.738,1.03,0.089682389,26:48.7,-2.6,-0.1,22,0,0,0,0.1,0,0,-0.1,0,0,0,-0.026,0,0,0,0:00:00,0,0,--.--,0,0,0,0000:00:00,50,0,0,0,30,0,0,0,0,0,0,1,10.74,11:26:48,9/22/2023,85.21,59.14,--.--
high,0,32,0.53,16.52,0.62,14,10.2424,1.01,0.0925275,26:49.7,-2.5,0.7,22,0,0,0,0.1,0,0,0,0,0,0,-0.01,0,0,0,0:00:00,0,0,--.--,0,0,0,0000:00:00,50,0,0,0,30,0,0,0,0,0,0,1,10.24,11:26:49,9/22/2023,85.24,59.14,--.--
high,0,33,0.55,16.52,0.65,14,10.738,1.03,0.095510278,26:50.7,-2.7,-0.1,22,0,0,0,0.2,0,0,0,0,0,0,-0.013,0,0,0,0:00:00,0,0,--.--,0,0,0,0000:00:00,50,0,0,0,30,0,0,0,0,0,0,1,10.74,11:26:50,9/22/2023,85.3,59.14,--.--
high,0,34,0.57,16.52,0.62,14,10.2424,1.01,0.098355389,26:51.7,-1.7,1.6,23,0,0,0,0.1,0,0,0.1,0,0,0,0.035,0,0,0,0:00:00,0,0,--.--,0,0,0,0000:00:00,50,0,0,0,30,0,0,0,0,0,0,1,10.24,11:26:51,9/22/2023,85.35,59.14,--.--
high,0,35,0.58,16.52,0.62,14,10.2424,1.01,0.1012005,26:52.7,-1.4,0.4,23,0,0,0,0.1,0,0,0.1,0,0,0,0.12,0,0,0,0:00:00,0,0,--.--,0,0,0,0000:00:00,50,0,0,0,30,0,0,0,0,0,0,1,10.24,11:26:52,9/22/2023,85.39,59.14,--.--
high,0,36,0.6,16.52,0.6,14,9.912,1,0.103953833,26:53.7,-2.3,0.6,23,0,0,0,0.1,0,0,-0.2,0,0,0,-0.053,0,0,0,0:00:00,0,0,--.--,0,0,0,0000:00:00,50,0,0,0,30,0,0,0,0,0,0,1,9.91,11:26:53,9/22/2023,85.44,59.14,--.--
high,0,37,0.62,16.52,0.62,14,10.2424,1.01,0.106798944,26:54.7,-2.2,0.5,23,0,0,0,0,0,0,-0.1,0,0,0,-0.113,0,0,0,0:00:00,0,0,--.--,0,0,0,0000:00:00,50,0,0,0,30,0,0,0,0,0,0,1,10.24,11:26:54,9/22/2023,85.5,59.18,--.--
high,0,38,0.63,16.52,0.62,15,10.2424,1.01,0.109644056,26:55.7,-1.7,0.7,23,0,0,0,0,0,0,-0.1,0,0,0,-0.054,0,0,0,0:00:00,0,0,--.--,0,0,0,0000:00:00,50,0,0,0,30,0,0,0,0,0,0,1,10.24,11:26:55,9/22/2023,85.53,59.18,--.--
high,0,39,0.65,16.52,0.63,15,10.4076,1.02,0.112535056,26:56.7,-3.8,-0.1,24,0,0,0,0.2,0,0,0.1,0,0,0,-0.009,0,0,0,0:00:00,0,0,--.--,0,0,0,0000:00:00,50,0,0,0,30,0,0,0,0,0,0,1,10.41,11:26:56,9/22/2023,85.59,59.18,--.--
high,0,40,0.67,16.52,0.59,15,9.7468,0.99,0.1152425,26:57.7,-1.3,1.2,24,0,0,0,0.2,0,0,0.1,0,0,0,0.097,0,0,0,0:00:00,0,0,--.--,0,0,0,0000:00:00,50,0,0,0,30,0,0,0,0,0,0,1,9.75,11:26:57,9/22/2023,85.62,59.18,--.--
high,0,41,0.68,16.52,0.64,15,10.5728,1.02,0.118179389,26:58.7,-1.8,1.3,24,0,0,0,0.1,0,0,0,0,0,0,0.077,0,0,0,0:00:00,0,0,--.--,0,0,0,0000:00:00,50,0,0,0,30,0,0,0,0,0,0,1,10.57,11:26:58,9/22/2023,85.64,59.2,--.--
high,0,42,0.7,16.52,0.62,15,10.2424,1.01,0.1210245,26:59.7,-2.2,-0.3,24,0,0,0,0.1,0,0,-0.1,0,0,0,-0.061,0,0,0,0:00:00,0,0,--.--,0,0,0,0000:00:00,50,0,0,0,30,0,0,0,0,0,0,1,10.24,11:26:59,9/22/2023,85.73,59.2,--.--
high,0,43,0.72,16.52,0.63,15,10.4076,1.02,0.1239155,27:00.7,-0.3,3.6,24,0,0,0,0.1,0,0,0.1,0,0,0,-0.062,0,0,0,0:00:00,0,0,--.--,0,0,0,0000:00:00,50,0,0,0,30,0,0,0,0,0,0,1,10.41,11:27:00,9/22/2023,85.73,59.2,--.--
high,0,44,0.73,16.52,0.63,16,10.4076,1.02,0.1268065,27:01.7,-2.6,-0.4,24,0,0,0,0,0,0,0,0,0,0,0.014,0,0,0,0:00:00,0,0,--.--,0,0,0,0000:00:00,50,0,0,0,30,0,0,0,0,0,0,1,10.41,11:27:01,9/22/2023,85.78,59.2,--.--
high,0,45,0.75,16.52,0.58,16,9.5816,0.98,0.129468056,27:02.7,0.3,3.3,24,0,0,0,0.1,0,0,0.1,0,0,0,-0.011,0,0,0,0:00:00,0,0,--.--,0,0,0,0000:00:00,50,0,0,0,30,0,0,0,0,0,0,1,9.58,11:27:02,9/22/2023,85.84,59.2,--.--
high,0,46,0.77,16.52,0.62,16,10.2424,1.01,0.132313167,27:03.7,-1.9,0.3,23,0,0,0,0.2,0,0,-0.2,0,0,0,-0.028,0,0,0,0:00:00,0,0,--.--,0,0,0,0000:00:00,50,0,0,0,30,0,0,0,0,0,0,1,10.24,11:27:03,9/22/2023,85.91,59.22,--.--
high,0,47,0.78,16.52,0.65,16,10.738,1.03,0.135295944,27:04.7,-2,2.5,23,0,0,0,0,0,0,-0.1,0,0,0,-0.113,0,0,0,0:00:00,0,0,--.--,0,0,0,0000:00:00,50,0,0,0,30,0,0,0,0,0,0,1,10.74,11:27:04,9/22/2023,85.95,59.22,--.--
high,0,48,0.8,16.52,0.61,16,10.0772,1,0.138095167,27:05.7,-2.8,-0.2,24,0,0,0,0.2,0,0,0.1,0,0,0,-0.096,0,0,0,0:00:00,0,0,--.--,0,0,0,0000:00:00,50,0,0,0,30,0,0,0,0,0,0,1,10.08,11:27:05,9/22/2023,86,59.22,--.--
high,0,49,0.82,16.52,0.63,16,10.4076,1.02,0.140986167,27:06.7,-1.5,1.1,24,0,0,0,0.1,0,0,0.2,0,0,0,0.057,0,0,0,0:00:00,0,0,--.--,0,0,0,0000:00:00,50,0,0,0,30,0,0,0,0,0,0,1,10.41,11:27:06,9/22/2023,86.05,59.23,--.--
high,0,50,0.83,16.52,0.64,17,10.5728,1.02,0.143923056,27:07.7,-2.7,-0.3,24,0,0,0,0.1,0,0,0,0,0,0,0.115,0,0,0,0:00:00,0,0,--.--,0,0,0,0000:00:00,50,0,0,0,30,0,0,0,0,0,0,1,10.57,11:27:07,9/22/2023,86.09,59.23,--.--
high,0,51,0.85,16.52,0.64,17,10.5728,1.02,0.146859944,27:08.7,-2.8,0.8,24,0,0,0,0.1,0,0,-0.1,0,0,0,-0.023,0,0,0,0:00:00,0,0,--.--,0,0,0,0000:00:00,50,0,0,0,30,0,0,0,0,0,0,1,10.57,11:27:08,9/22/2023,86.14,59.23,--.--
high,0,52,0.87,16.52,0.6,17,9.912,1,0.149613278,27:09.7,-1.8,1.1,24,0,0,0,0.1,0,0,0.1,0,0,0,-0.079,0,0,0,0:00:00,0,0,--.--,0,0,0,0000:00:00,50,0,0,0,30,0,0,0,0,0,0,1,9.91,11:27:09,9/22/2023,86.18,59.23,--.--
high,0,53,0.88,16.52,0.6,17,9.912,1,0.152366611,27:10.7,-0.6,2.2,23,0,0,0,0.1,0,0,0,0,0,0,0.074,0,0,0,0:00:00,0,0,--.--,0,0,0,0000:00:00,50,0,0,0,30,0,0,0,0,0,0,1,9.91,11:27:10,9/22/2023,86.22,59.23,--.--
high,0,54,0.9,16.52,0.63,17,10.4076,1.02,0.155257611,27:11.7,-2,1.9,23,0,0,0,0,0,0,-0.1,0,0,0,-0.026,0,0,0,0:00:00,0,0,--.--,0,0,0,0000:00:00,50,0,0,0,30,0,0,0,0,0,0,1,10.41,11:27:11,9/22/2023,86.27,59.23,--.--
high,0,55,0.92,16.52,0.68,18,11.2336,1.05,0.158378056,27:12.7,-0.7,2.7,23,0,0,0,0,0,0,0,0,0,0,-0.079,0,0,0,0:00:00,0,0,--.--,0,0,0,0000:00:00,50,0,0,0,30,0,0,0,0,0,0,1,11.23,11:27:12,9/22/2023,86.31,59.25,--.--
high,0,56,0.93,16.52,0.62,18,10.2424,1.01,0.161223167,27:13.7,-1.4,2,23,0,0,0,0,0,0,0,0,0,0,-0.063,0,0,0,0:00:00,0,0,--.--,0,0,0,0000:00:00,50,0,0,0,30,0,0,0,0,0,0,1,10.24,11:27:13,9/22/2023,86.32,59.25,--.--
high,0,57,0.95,16.52,0.63,18,10.4076,1.02,0.164114167,27:14.7,-0.1,3.7,22,0,0,0,0.1,0,0,0.1,0,0,0,0.015,0,0,0,0:00:00,0,0,--.--,0,0,0,0000:00:00,50,0,0,0,30,0,0,0,0,0,0,1,10.41,11:27:14,9/22/2023,86.4,59.27,--.--
high,0,58,0.97,16.52,0.61,18,10.0772,1,0.166913389,27:15.7,0,3.3,22,0,0,0,0,0,0,0.1,0,0,0,0.074,0,0,0,0:00:00,0,0,--.--,0,0,0,0000:00:00,50,0,0,0,30,0,0,0,0,0,0,1,10.08,11:27:15,9/22/2023,86.45,59.27,--.--
high,0,59,0.98,16.52,0.64,18,10.5728,1.02,0.169850278,27:16.7,-1,2.2,21,0,0,0,0.1,0,0,-0.1,0,0,0,0.048,0,0,0,0:00:00,0,0,--.--,0,0,0,0000:00:00,50,0,0,0,30,0,0,0,0,0,0,1,10.57,11:27:16,9/22/2023,86.49,59.27,--.--
high,0,60,1,16.52,0.62,18,10.2424,1.01,0.172695389,27:17.7,0.2,4.3,21,0,0,0,0,0,0,0,0,0,0,-0.086,0,0,0,0:00:00,0,0,--.--,0,0,0,0000:00:00,50,0,0,0,30,0,0,0,0,0,0,1,10.24,11:27:17,9/22/2023,86.52,59.27,--.--
high,0,61,1.02,16.52,0.62,19,10.2424,1.01,0.1755405,27:18.7,-0.6,2.9,20,0,0,0,0.1,0,0,0,0,0,0,0.009,0,0,0,0:00:00,0,0,--.--,0,0,0,0000:00:00,50,0,0,0,30,0,0,0,0,0,0,1,10.24,11:27:18,9/22/2023,86.56,59.29,--.--
high,0,62,1.03,16.52,0.6,19,9.912,1,0.178293833,27:19.7,0.7,3.9,20,0,0,0,0.1,0,0,0,0,0,0,0.011,0,0,0,0:00:00,0,0,--.--,0,0,0,0000:00:00,50,0,0,0,30,0,0,0,0,0,0,1,9.91,11:27:19,9/22/2023,86.61,59.29,--.--
high,0,63,1.05,16.52,0.61,19,10.0772,1,0.181093056,27:20.7,-2.7,2,20,0,0,0,0.1,0,0,-0.2,0,0,0,-0.06,0,0,0,0:00:00,0,0,--.--,0,0,0,0000:00:00,50,0,0,0,30,0,0,0,0,0,0,1,10.08,11:27:20,9/22/2023,86.65,59.29,--.--
high,0,64,1.07,16.52,0.64,19,10.5728,1.02,0.184029944,27:21.7,-0.2,3.6,20,0,0,0,0.2,0,0,0.1,0,0,0,-0.095,0,0,0,0:00:00,0,0,--.--,0,0,0,0000:00:00,50,0,0,0,30,0,0,0,0,0,0,1,10.57,11:27:21,9/22/2023,86.67,59.29,--.--
high,0,65,1.08,16.52,0.59,19,9.7468,0.99,0.186737389,27:22.7,-1,1.6,20,0,0,0,0.1,0,0,0.2,0,0,0,0.036,0,0,0,0:00:00,0,0,--.--,0,0,0,0000:00:00,50,0,0,0,30,0,0,0,0,0,0,1,9.75,11:27:22,9/22/2023,86.72,59.29,--.--
high,0,66,1.1,16.52,0.59,19,9.7468,0.99,0.189444833,27:23.7,-0.9,2.4,20,0,0,0,0,0,0,0,0,0,0,0.109,0,0,0,0:00:00,0,0,--.--,0,0,0,0000:00:00,50,0,0,0,30,0,0,0,0,0,0,1,9.75,11:27:23,9/22/2023,86.74,59.29,--.--
high,0,67,1.12,16.52,0.65,20,10.738,1.03,0.192427611,27:24.7,-1.8,0.7,20,0,0,0,0.1,0,0,0.1,0,0,0,0.009,0,0,0,0:00:00,0,0,--.--,0,0,0,0000:00:00,50,0,0,0,30,0,0,0,0,0,0,1,10.74,11:27:24,9/22/2023,86.77,59.29,--.--
high,0,68,1.13,16.52,0.62,20,10.2424,1.01,0.195272722,27:25.7,0.3,3.7,20,0,0,0,0.2,0,0,0,0,0,0,0.032,0,0,0,0:00:00,0,0,--.--,0,0,0,0000:00:00,50,0,0,0,30,0,0,0,0,0,0,1,10.24,11:27:25,9/22/2023,86.81,59.31,--.--
high,0,69,1.15,16.52,0.6,20,9.912,1,0.198026056,27:26.7,-2.9,-0.1,20,0,0,0,0.1,0,0,-0.1,0,0,0,-0.046,0,0,0,0:00:00,0,0,--.--,0,0,0,0000:00:00,50,0,0,0,30,0,0,0,0,0,0,1,9.91,11:27:26,9/22/2023,86.85,59.34,--.--
high,0,70,1.17,16.51,0.65,20,10.7315,1.03,0.201007028,27:27.7,-0.3,3.3,20,0,0,0,0.1,0,0,-0.1,0,0,0,-0.091,0,0,0,0:00:00,0,0,--.--,0,0,0,0000:00:00,50,0,0,0,30,0,0,0,0,0,0,1,10.73,11:27:27,9/22/2023,86.88,59.34,--.--
high,0,71,1.18,16.52,0.62,20,10.2424,1.01,0.203852139,27:28.7,-3,0.6,20,0,0,0,0.1,0,0,0,0,0,0,-0.047,0,0,0,0:00:00,0,0,--.--,0,0,0,0000:00:00,50,0,0,0,30,0,0,0,0,0,0,1,10.24,11:27:28,9/22/2023,86.92,59.34,--.--
high,0,72,1.2,16.52,0.6,20,9.912,1,0.206605472,27:29.7,-1,3.6,20,0,0,0,0.2,0,0,0,0,0,0,-0.002,0,0,0,0:00:00,0,0,--.--,0,0,0,0000:00:00,50,0,0,0,30,0,0,0,0,0,0,1,9.91,11:27:29,9/22/2023,86.95,59.34,--.--
high,0,73,1.22,16.52,0.61,21,10.0772,1,0.209404694,27:30.7,-3.3,0.1,20,0,0,0,0.2,0,0,0,0,0,0,-0.005,0,0,0,0:00:00,0,0,--.--,0,0,0,0000:00:00,50,0,0,0,30,0,0,0,0,0,0,1,10.07,11:27:30,9/22/2023,87.01,59.36,--.--
high,0,74,1.23,16.52,0.63,21,10.4076,1.02,0.212295694,27:31.7,0.6,4.4,20,0,0,0,0.2,0,0,0.2,0,0,0,0.034,0,0,0,0:00:00,0,0,--.--,0,0,0,0000:00:00,50,0,0,0,30,0,0,0,0,0,0,1,10.41,11:27:31,9/22/2023,87.03,59.36,--.--
high,0,75,1.25,16.52,0.61,21,10.0772,1,0.215094917,27:32.7,-3.3,-0.6,20,0,0,0,0.1,0,0,-0.1,0,0,0,0.087,0,0,0,0:00:00,0,0,--.--,0,0,0,0000:00:00,50,0,0,0,30,0,0,0,0,0,0,1,10.07,11:27:32,9/22/2023,87.06,59.38,--.--
high,0,76,1.27,16.52,0.61,21,10.0772,1,0.217894139,27:33.7,0.5,3.9,20,0,0,0,0.1,0,0,0,0,0,0,-0.03,0,0,0,0:00:00,0,0,--.--,0,0,0,0000:00:00,50,0,0,0,30,0,0,0,0,0,0,1,10.07,11:27:33,9/22/2023,87.1,59.38,--.--
high,0,77,1.28,16.52,0.63,21,10.4076,1.02,0.220785139,27:34.7,-3,-0.1,20,0,0,0,0.1,0,0,0,0,0,0,0.007,0,0,0,0:00:00,0,0,--.--,0,0,0,0000:00:00,50,0,0,0,30,0,0,0,0,0,0,1,10.41,11:27:34,9/22/2023,87.13,59.38,--.--
high,0,78,1.3,16.52,0.62,21,10.2424,1.01,0.22363025,27:35.7,-0.4,3,19,0,0,0,0.1,0,0,0,0,0,0,-0.024,0,0,0,0:00:00,0,0,--.--,0,0,0,0000:00:00,50,0,0,0,30,0,0,0,0,0,0,1,10.24,11:27:35,9/22/2023,87.17,59.38,--.--
high,0,79,1.32,16.52,0.58,22,9.5816,0.98,0.226291806,27:36.7,-2.3,1.6,19,0,0,0,0,0,0,-0.1,0,0,0,0.002,0,0,0,0:00:00,0,0,--.--,0,0,0,0000:00:00,50,0,0,0,30,0,0,0,0,0,0,1,9.58,11:27:36,9/22/2023,87.21,59.38,--.--
high,0,80,1.33,16.52,0.62,22,10.2424,1.01,0.229136917,27:37.7,-1.4,2.1,19,0,0,0,0.1,0,0,0,0,0,0,-0.043,0,0,0,0:00:00,0,0,--.--,0,0,0,0000:00:00,50,0,0,0,30,0,0,0,0,0,0,1,10.24,11:27:37,9/22/2023,87.22,59.38,--.--
high,0,81,1.35,16.52,0.62,22,10.2424,1.01,0.231982028,27:38.7,-1.9,1.6,18,0,0,0,0,0,0,0,0,0,0,-0.016,0,0,0,0:00:00,0,0,--.--,0,0,0,0000:00:00,50,0,0,0,30,0,0,0,0,0,0,1,10.24,11:27:38,9/22/2023,87.26,59.38,--.--
high,0,82,1.37,16.52,0.62,22,10.2424,1.01,0.234827139,27:39.7,-1.6,2.4,19,0,0,0,0.1,0,0,0.1,0,0,0,-0.002,0,0,0,0:00:00,0,0,--.--,0,0,0,0000:00:00,50,0,0,0,30,0,0,0,0,0,0,1,10.24,11:27:39,9/22/2023,87.3,59.38,--.--
high,0,83,1.38,16.52,0.62,22,10.2424,1.01,0.23767225,27:40.7,-0.9,1.1,18,0,0,0,0,0,0,0.1,0,0,0,0.05,0,0,0,0:00:00,0,0,--.--,0,0,0,0000:00:00,50,0,0,0,30,0,0,0,0,0,0,1,10.24,11:27:40,9/22/2023,87.31,59.41,--.--
high,0,84,1.4,16.52,0.6,23,9.912,1,0.240425583,27:41.7,-0.7,2.2,18,0,0,0,0.1,0,0,-0.1,0,0,0,0.049,0,0,0,0:00:00,0,0,--.--,0,0,0,0000:00:00,50,0,0,0,30,0,0,0,0,0,0,1,9.91,11:27:41,9/22/2023,87.35,59.41,--.--
high,0,85,1.42,16.52,0.61,23,10.0772,1,0.243224806,27:42.7,-1.9,1.5,18,0,0,0,0.1,0,0,-0.1,0,0,0,-0.05,0,0,0,0:00:00,0,0,--.--,0,0,0,0000:00:00,50,0,0,0,30,0,0,0,0,0,0,1,10.07,11:27:42,9/22/2023,87.39,59.41,--.--
high,0,86,1.43,16.52,0.61,23,10.0772,1,0.246024028,27:43.7,-0.9,2.3,18,0,0,0,0.1,0,0,0,0,0,0,-0.048,0,0,0,0:00:00,0,0,--.--,0,0,0,0000:00:00,50,0,0,0,30,0,0,0,0,0,0,1,10.07,11:27:43,9/22/2023,87.42,59.41,--.--
high,0,87,1.45,16.52,0.61,23,10.0772,1,0.24882325,27:44.7,-2.7,1.1,18,0,0,0,0.1,0,0,-0.1,0,0,0,-0.04,0,0,0,0:00:00,0,0,--.--,0,0,0,0000:00:00,50,0,0,0,30,0,0,0,0,0,0,1,10.07,11:27:44,9/22/2023,87.46,59.43,--.--
high,0,88,1.47,16.52,0.6,23,9.912,1,0.251576583,27:45.7,-0.7,2.3,18,0,0,0,0.1,0,0,0.1,0,0,0,-0.037,0,0,0,0:00:00,0,0,--.--,0,0,0,0000:00:00,50,0,0,0,30,0,0,0,0,0,0,1,9.91,11:27:45,9/22/2023,87.48,59.43,--.--
high,0,89,1.48,16.52,0.6,23,9.912,1,0.254329917,27:46.7,-2.1,1.3,18,0,0,0,0.1,0,0,0,0,0,0,0.033,0,0,0,0:00:00,0,0,--.--,0,0,0,0000:00:00,50,0,0,0,30,0,0,0,0,0,0,1,9.91,11:27:46,9/22/2023,87.51,59.43,--.--
high,0,90,1.5,16.51,0.61,24,10.0711,1,0.257127444,27:47.7,-1.7,2.6,18,0,0,0,0.1,0,0,0,0,0,0,0.009,0,0,0,0:00:00,0,0,--.--,0,0,0,0000:00:00,50,0,0,0,30,0,0,0,0,0,0,1,10.07,11:27:47,9/22/2023,87.55,59.45,--.--
high,0,91,1.52,16.52,0.6,24,9.912,1,0.259880778,27:48.7,-1.6,1.8,19,0,0,0,0.1,0,0,0.2,0,0,0,0.021,0,0,0,0:00:00,0,0,--.--,0,0,0,0000:00:00,50,0,0,0,30,0,0,0,0,0,0,1,9.91,11:27:48,9/22/2023,87.58,59.45,--.--
high,0,92,1.53,16.52,0.62,24,10.2424,1.01,0.262725889,27:49.7,-1.4,1.8,18,0,0,0,0.1,0,0,0,0,0,0,0.086,0,0,0,0:00:00,0,0,--.--,0,0,0,0000:00:00,50,0,0,0,30,0,0,0,0,0,0,1,10.24,11:27:49,9/22/2023,87.6,59.45,--.--
high,0,93,1.55,16.52,0.62,24,10.2424,1.01,0.265571,27:50.7,-1.6,2.2,18,0,0,0,0,0,0,-0.1,0,0,0,-0.043,0,0,0,0:00:00,0,0,--.--,0,0,0,0000:00:00,50,0,0,0,30,0,0,0,0,0,0,1,10.24,11:27:50,9/22/2023,87.64,59.45,--.--
high,0,94,1.57,16.51,0.6,24,9.906,1,0.268322667,27:51.7,-1.3,2.4,19,0,0,0,0.1,0,0,0,0,0,0,-0.086,0,0,0,0:00:00,0,0,--.--,0,0,0,0000:00:00,50,0,0,0,30,0,0,0,0,0,0,1,9.91,11:27:51,9/22/2023,87.67,59.45,--.--
high,0,95,1.58,16.52,0.62,24,10.2424,1.01,0.271167778,27:52.7,-0.4,1.5,18,0,0,0,0.1,0,0,0.1,0,0,0,0.021,0,0,0,0:00:00,0,0,--.--,0,0,0,0000:00:00,50,0,0,0,30,0,0,0,0,0,0,1,10.24,11:27:52,9/22/2023,87.69,59.45,--.--
high,0,96,1.6,16.51,0.6,25,9.906,1,0.273919444,27:53.7,-0.9,2.8,18,0,0,0,0.1,0,0,0,0,0,0,0.033,0,0,0,0:00:00,0,0,--.--,0,0,0,0000:00:00,50,0,0,0,30,0,0,0,0,0,0,1,9.91,11:27:53,9/22/2023,87.73,59.45,--.--
high,0,97,1.62,16.52,0.61,25,10.0772,1,0.276718667,27:54.7,-1.5,2.1,18,0,0,0,0,0,0,0,0,0,0,-0.04,0,0,0,0:00:00,0,0,--.--,0,0,0,0000:00:00,50,0,0,0,30,0,0,0,0,0,0,1,10.07,11:27:54,9/22/2023,87.76,59.49,--.--
high,0,98,1.63,16.52,0.61,25,10.0772,1,0.279517889,27:55.7,-1.1,1.9,18,0,0,0,0.1,0,0,0.1,0,0,0,-0.006,0,0,0,0:00:00,0,0,--.--,0,0,0,0000:00:00,50,0,0,0,30,0,0,0,0,0,0,1,10.07,11:27:55,9/22/2023,87.8,59.49,--.--
high,0,99,1.65,16.51,0.63,25,10.4013,1.02,0.282407139,27:56.7,-1.4,1.9,18,0,0,0,0.1,0,0,-0.1,0,0,0,0.035,0,0,0,0:00:00,0,0,--.--,0,0,0,0000:00:00,50,0,0,0,30,0,0,0,0,0,0,1,10.4,11:27:56,9/22/2023,87.82,59.5,--.--
high,0,100,1.67,16.51,0.59,25,9.7409,0.99,0.285112944,27:57.7,-2.7,1.8,18,0,0,0,0.1,0,0,-0.1,0,0,0,-0.069,0,0,0,0:00:00,0,0,--.--,0,0,0,0000:00:00,50,0,0,0,30,0,0,0,0,0,0,1,9.74,11:27:57,9/22/2023,87.84,59.5,--.--
high,0,101,1.68,16.51,0.59,25,9.7409,0.99,0.28781875,27:58.7,-1.2,2.4,18,0,0,0,0.2,0,0,0,0,0,0,-0.064,0,0,0,0:00:00,0,0,--.--,0,0,0,0000:00:00,50,0,0,0,30,0,0,0,0,0,0,1,9.74,11:27:58,9/22/2023,87.89,59.52,--.--
high,0,102,1.7,16.51,0.61,26,10.0711,1,0.290616278,27:59.7,-2,0.6,18,0,0,0,0.1,0,0,0.1,0,0,0,0.019,0,0,0,0:00:00,0,0,--.--,0,0,0,0000:00:00,50,0,0,0,30,0,0,0,0,0,0,1,10.07,11:27:59,9/22/2023,87.91,59.52,--.--
high,0,103,1.72,16.51,0.62,26,10.2362,1.01,0.293459667,28:00.7,-0.7,2.4,18,0,0,0,0.1,0,0,0,0,0,0,0.053,0,0,0,0:00:00,0,0,--.--,0,0,0,0000:00:00,50,0,0,0,30,0,0,0,0,0,0,1,10.24,11:28:00,9/22/2023,87.94,59.5,--.--
high,0,104,1.73,16.51,0.59,26,9.7409,0.99,0.296165472,28:01.7,-1.6,2.5,18,0,0,0,0.1,0,0,0.1,0,0,0,0.045,0,0,0,0:00:00,0,0,--.--,0,0,0,0000:00:00,50,0,0,0,30,0,0,0,0,0,0,1,9.74,11:28:01,9/22/2023,87.98,59.52,--.--
high,0,105,1.75,16.51,0.6,26,9.906,1,0.298917139,28:02.7,-0.9,1.9,18,0,0,0,0.1,0,0,0,0,0,0,0.066,0,0,0,0:00:00,0,0,--.--,0,0,0,0000:00:00,50,0,0,0,30,0,0,0,0,0,0,1,9.91,11:28:02,9/22/2023,88.02,59.52,--.--
high,0,106,1.77,16.51,0.61,26,10.0711,1,0.301714667,28:03.7,-1.7,1.3,18,0,0,0,0.1,0,0,-0.1,0,0,0,-0.052,0,0,0,0:00:00,0,0,--.--,0,0,0,0000:00:00,50,0,0,0,30,0,0,0,0,0,0,1,10.07,11:28:03,9/22/2023,88.03,59.52,--.--
high,0,107,1.78,16.51,0.6,26,9.906,1,0.304466333,28:04.7,-0.4,3.2,18,0,0,0,0.1,0,0,0,0,0,0,-0.079,0,0,0,0:00:00,0,0,--.--,0,0,0,0000:00:00,50,0,0,0,30,0,0,0,0,0,0,1,9.91,11:28:04,9/22/2023,88.07,59.52,--.--
high,0,108,1.8,16.51,0.58,27,9.5758,0.98,0.307126278,28:05.7,-3.1,-0.1,18,0,0,0,0,0,0,-0.1,0,0,0,-0.047,0,0,0,0:00:00,0,0,--.--,0,0,0,0000:00:00,50,0,0,0,30,0,0,0,0,0,0,1,9.58,11:28:05,9/22/2023,88.09,59.56,--.--
high,0,109,1.82,16.51,0.58,27,9.5758,0.98,0.309786222,28:06.7,-1.2,3.3,18,0,0,0,0.2,0,0,0,0,0,0,-0.081,0,0,0,0:00:00,0,0,--.--,0,0,0,0000:00:00,50,0,0,0,30,0,0,0,0,0,0,1,9.58,11:28:06,9/22/2023,88.12,59.56,--.--
high,0,110,1.83,16.51,0.61,27,10.0711,1,0.31258375,28:07.7,-2.8,0.7,18,0,0,0,0.2,0,0,0,0,0,0,0.012,0,0,0,0:00:00,0,0,--.--,0,0,0,0000:00:00,50,0,0,0,30,0,0,0,0,0,0,1,10.07,11:28:07,9/22/2023,88.16,59.56,--.--
high,0,111,1.85,16.51,0.6,27,9.906,1,0.315335417,28:08.7,-0.5,3.3,19,0,0,0,0.2,0,0,0.1,0,0,0,0.053,0,0,0,0:00:00,0,0,--.--,0,0,0,0000:00:00,50,0,0,0,30,0,0,0,0,0,0,1,9.91,11:28:08,9/22/2023,88.2,59.58,--.--
high,0,112,1.87,16.51,0.59,27,9.7409,0.99,0.318041222,28:09.7,-2.4,-0.1,19,0,0,0,0,0,0,0,0,0,0,0.081,0,0,0,0:00:00,0,0,--.--,0,0,0,0000:00:00,50,0,0,0,30,0,0,0,0,0,0,1,9.74,11:28:09,9/22/2023,88.23,59.58,--.--
high,0,113,1.88,16.51,0.64,27,10.5664,1.02,0.320976333,28:10.7,0.3,3.3,18,0,0,0,0.1,0,0,0.1,0,0,0,0.033,0,0,0,0:00:00,0,0,--.--,0,0,0,0000:00:00,50,0,0,0,30,0,0,0,0,0,0,1,10.57,11:28:10,9/22/2023,88.25,59.56,--.--
high,0,114,1.9,16.51,0.61,28,10.0711,1,0.323773861,28:11.7,-2.3,0.8,18,0,0,0,0.1,0,0,-0.2,0,0,0,0.017,0,0,0,0:00:00,0,0,--.--,0,0,0,0000:00:00,50,0,0,0,30,0,0,0,0,0,0,1,10.07,11:28:11,9/22/2023,88.29,59.58,--.--
high,0,115,1.92,16.51,0.61,28,10.0711,1,0.326571389,28:12.7,-1.2,3.4,18,0,0,0,0,0,0,-0.1,0,0,0,-0.123,0,0,0,0:00:00,0,0,--.--,0,0,0,0000:00:00,50,0,0,0,30,0,0,0,0,0,0,1,10.07,11:28:12,9/22/2023,88.32,59.59,--.--
high,0,116,1.93,16.51,0.62,28,10.2362,1.01,0.329414778,28:13.7,-1.9,0.5,18,0,0,0,0,0,0,-0.1,0,0,0,-0.043,0,0,0,0:00:00,0,0,--.--,0,0,0,0000:00:00,50,0,0,0,30,0,0,0,0,0,0,1,10.24,11:28:13,9/22/2023,88.34,59.59,--.--
high,0,117,1.95,16.51,0.58,28,9.5758,0.98,0.332074722,28:14.7,-1.6,2.9,18,0,0,0,0.1,0,0,0,0,0,0,-0.067,0,0,0,0:00:00,0,0,--.--,0,0,0,0000:00:00,50,0,0,0,30,0,0,0,0,0,0,1,9.58,11:28:14,9/22/2023,88.38,59.59,--.--
high,0,118,1.97,16.51,0.6,28,9.906,1,0.334826389,28:15.7,-1.7,1,19,0,0,0,0.1,0,0,0.1,0,0,0,0.011,0,0,0,0:00:00,0,0,--.--,0,0,0,0000:00:00,50,0,0,0,30,0,0,0,0,0,0,1,9.9,11:28:15,9/22/2023,88.41,59.59,--.--
high,0,119,1.98,16.51,0.63,28,10.4013,1.02,0.337715639,28:16.7,-1,2.2,18,0,0,0,0.1,0,0,0.1,0,0,0,0.078,0,0,0,0:00:00,0,0,--.--,0,0,0,0000:00:00,50,0,0,0,30,0,0,0,0,0,0,1,10.4,11:28:16,9/22/2023,88.43,59.59,--.--
high,0,120,2,16.51,0.66,29,10.8966,1.04,0.340742472,28:17.7,-1,2.1,18,0,0,0,0.1,0,0,0.1,0,0,0,0.061,0,0,0,0:00:00,0,0,--.--,0,0,0,0000:00:00,50,0,0,0,30,0,0,0,0,0,0,1,10.9,11:28:17,9/22/2023,88.47,59.59,--.--
high,0,121,2.02,16.5,0.65,29,10.725,1.03,0.343721639,28:18.7,-1.3,1.7,18,0,0,0,0.1,0,0,-0.1,0,0,0,0.056,0,0,0,0:00:00,0,0,--.--,0,0,0,0000:00:00,50,0,0,0,30,0,0,0,0,0,0,1,10.73,11:28:18,9/22/2023,88.5,59.59,--.--
high,0,122,2.03,16.5,0.63,29,10.395,1.02,0.346609139,28:19.7,-0.9,2.3,18,0,0,0,0.1,0,0,-0.1,0,0,0,-0.092,0,0,0,0:00:00,0,0,--.--,0,0,0,0000:00:00,50,0,0,0,30,0,0,0,0,0,0,1,10.4,11:28:19,9/22/2023,88.52,59.59,--.--
high,0,123,2.05,16.51,0.64,29,10.5664,1.02,0.34954425,28:20.7,-2.3,1.8,19,0,0,0,0,0,0,-0.1,0,0,0,-0.088,0,0,0,0:00:00,0,0,--.--,0,0,0,0000:00:00,50,0,0,0,30,0,0,0,0,0,0,1,10.56,11:28:20,9/22/2023,88.54,59.63,--.--
high,0,124,2.07,16.51,0.63,29,10.4013,1.02,0.3524335,28:21.7,-1.6,1.9,19,0,0,0,0.1,0,0,0,0,0,0,-0.046,0,0,0,0:00:00,0,0,--.--,0,0,0,0000:00:00,50,0,0,0,30,0,0,0,0,0,0,1,10.4,11:28:21,9/22/2023,88.57,59.65,--.--
high,0,125,2.08,16.51,0.63,29,10.4013,1.02,0.35532275,28:22.7,-2.6,1.4,19,0,0,0,0.2,0,0,0.1,0,0,0,-0.007,0,0,0,0:00:00,0,0,--.--,0,0,0,0000:00:00,50,0,0,0,30,0,0,0,0,0,0,1,10.4,11:28:22,9/22/2023,88.61,59.63,--.--
high,0,126,2.1,16.51,0.6,30,9.906,1,0.358074417,28:23.7,-1.9,0.9,20,0,0,0,0.1,0,0,0,0,0,0,0.047,0,0,0,0:00:00,0,0,--.--,0,0,0,0000:00:00,50,0,0,0,30,0,0,0,0,0,0,1,9.9,11:28:23,9/22/2023,88.65,59.65,--.--
high,0,127,2.12,16.51,0.63,30,10.4013,1.02,0.360963667,28:24.7,-0.9,2.9,20,0,0,0,0.1,0,0,0.2,0,0,0,0.043,0,0,0,0:00:00,0,0,--.--,0,--.--,0,0000:00:00,50,0,0,0,30,0,0,0,0,0,0,1,10.4,11:28:24,9/22/2023,88.7,59.65,--.--
high,0,128,2.13,16.51,0.62,30,10.2362,1.01,0.363807056,28:25.7,-1.2,0.6,20,0,0,0,0.1,0,0,0,0,0,0,0.061,0,0,0,0:00:00,0,0,--.--,0,--.--,0,0000:00:00,50,0,0,0,30,0,0,0,0,0,0,1,10.23,11:28:25,9/22/2023,88.75,59.65,--.--
high,0,129,2.15,16.51,0.6,30,9.906,1,0.366558722,28:26.7,-0.7,3.5,20,0,0,0,0.2,0,0,-0.1,0,0,0,-0.064,0,0,0,0:00:00,0,0,--.--,0,--.--,0,0000:00:00,50,0,0,0,30,0,0,0,0,0,0,1,9.91,11:28:26,9/22/2023,88.77,59.67,--.--
high,0,130,2.17,16.51,0.59,30,9.7409,0.99,0.369264528,28:27.7,-3,0.4,21,0,0,0,0,0,0,-0.2,0,0,0,-0.107,0,0,0,0:00:00,0,0,--.--,0,--.--,0,0000:00:00,50,0,0,0,30,0,0,0,0,0,0,1,9.74,11:28:27,9/22/2023,88.81,59.67,--.--
high,0,131,2.18,16.51,0.62,31,10.2362,1.01,0.372107917,28:28.7,-1.5,3.1,21,0,0,0,0.1,0,0,0.1,0,0,0,-0.051,0,0,0,0:00:00,0,0,--.--,0,--.--,0,0000:00:00,50,0,0,0,30,0,0,0,0,0,0,1,10.24,11:28:28,9/22/2023,88.84,59.67,--.--
high,0,132,2.2,16.51,0.6,31,9.906,1,0.374859583,28:29.7,-2.2,1.5,21,0,0,0,0.2,0,0,0,0,0,0,0.042,0,0,0,0:00:00,0,0,--.--,0,--.--,0,0000:00:00,50,0,0,0,30,0,0,0,0,0,0,1,9.91,11:28:29,9/22/2023,88.88,59.68,--.--
high,0,133,2.22,16.51,0.63,31,10.4013,1.02,0.377748833,28:30.7,-2.6,1.8,21,0,0,0,0.3,0,0,0,0,0,0,-0.045,0,0,0,0:00:00,0,0,--.--,0,--.--,0,0000:00:00,50,0,0,0,30,0,0,0,0,0,0,1,10.4,11:28:30,9/22/2023,88.92,59.67,--.--
high,0,134,2.23,16.51,0.6,31,9.906,1,0.3805005,28:31.7,-0.3,2,21,0,0,0,0.1,0,0,0.2,0,0,0,0.108,0,0,0,0:00:00,0,0,--.--,0,--.--,0,0000:00:00,50,0,0,0,30,0,0,0,0,0,0,1,9.9,11:28:31,9/22/2023,88.95,59.67,--.--
high,0,135,2.25,16.51,0.62,31,10.2362,1.01,0.383343889,28:32.7,-0.7,1.7,21,0,0,0,0.2,0,0,0,0,0,0,0.095,0,0,0,0:00:00,0,0,--.--,0,--.--,0,0000:00:00,50,0,0,0,30,0,0,0,0,0,0,1,10.23,11:28:32,9/22/2023,88.99,59.68,--.--
high,0,136,2.27,16.51,0.61,31,10.0711,1,0.386141417,28:33.7,-0.7,2.3,21,0,0,0,0.2,0,0,-0.1,0,0,0,-0.037,0,0,0,0:00:00,0,0,--.--,0,--.--,0,0000:00:00,50,0,0,0,30,0,0,0,0,0,0,1,10.07,11:28:33,9/22/2023,89.04,59.68,--.--
high,0,137,2.28,16.51,0.65,32,10.7315,1.03,0.389122389,28:34.7,-1.9,0.2,21,0,0,0,0.3,0,0,-0.2,0,0,0,-0.105,0,0,0,0:00:00,0,0,--.--,0,--.--,0,0000:00:00,50,0,0,0,30,0,0,0,0,0,0,1,10.73,11:28:34,9/22/2023,89.08,59.68,--.--
high,0,138,2.3,16.51,0.55,32,9.0805,0.96,0.39164475,28:35.7,-0.6,3.7,21,0,0,0,0.2,0,0,-0.1,0,0,0,-0.099,0,0,0,0:00:00,0,0,--.--,0,--.--,0,0000:00:00,50,0,0,0,30,0,0,0,0,0,0,1,9.08,11:28:35,9/22/2023,89.1,59.7,--.--
high,0,139,2.32,16.51,0.6,32,9.906,1,0.394396417,28:36.7,-3.7,0.6,22,0,0,0,0.1,0,0,-0.2,0,0,0,-0.082,0,0,0,0:00:00,0,0,--.--,0,--.--,0,0000:00:00,50,0,0,0,30,0,0,0,0,0,0,1,9.9,11:28:36,9/22/2023,89.13,59.7,--.--
high,0,140,2.33,16.51,0.62,32,10.2362,1.01,0.397239806,28:37.7,-1.7,2.7,22,0,0,0,0.3,0,0,0.1,0,0,0,-0.015,0,0,0,0:00:00,0,0,--.--,0,--.--,0,0000:00:00,50,0,0,0,30,0,0,0,0,0,0,1,10.23,11:28:37,9/22/2023,89.19,59.68,--.--
high,0,141,2.35,16.51,0.59,32,9.7409,0.99,0.399945611,28:38.7,-2,1.1,22,0,0,0,0.2,0,0,0.2,0,0,0,0.135,0,0,0,0:00:00,0,0,--.--,0,--.--,0,0000:00:00,50,0,0,0,30,0,0,0,0,0,0,1,9.74,11:28:38,9/22/2023,89.22,59.7,--.--
high,0,142,2.37,16.51,0.59,32,9.7409,0.99,0.402651417,28:39.7,-0.9,1.8,22,0,0,0,0.1,0,0,0.1,0,0,0,0.108,0,0,0,0:00:00,0,0,--.--,0,--.--,0,0000:00:00,50,0,0,0,30,0,0,0,0,0,0,1,9.74,11:28:39,9/22/2023,89.26,59.7,--.--
high,0,143,2.38,16.51,0.6,33,9.906,1,0.405403083,28:40.7,-1.1,1.5,22,0,0,0,0.1,0,0,0,0,0,0,0.037,0,0,0,0:00:00,0,0,--.--,0,--.--,0,0000:00:00,50,0,0,0,30,0,0,0,0,0,0,1,9.9,11:28:40,9/22/2023,89.31,59.7,--.--
high,0,144,2.4,16.5,0.6,33,9.9,1,0.408153083,28:41.7,-0.3,2.6,22,0,0,0,0.2,0,0,0,0,0,0,0.005,0,0,0,0:00:00,0,0,--.--,0,--.--,0,0000:00:00,50,0,0,0,30,0,0,0,0,0,0,1,9.9,11:28:41,9/22/2023,89.35,59.7,--.--
high,0,145,2.42,16.51,0.62,33,10.2362,1.01,0.410996472,28:42.7,-3.1,1.1,22,0,0,0,0.1,0,0,-0.4,0,0,0,-0.203,0,0,0,0:00:00,0,0,--.--,0,--.--,0,0000:00:00,50,0,0,0,30,0,0,0,0,0,0,1,10.23,11:28:42,9/22/2023,89.38,59.72,--.--
high,0,146,2.43,16.51,0.61,33,10.0711,1,0.413794,28:43.7,-2.6,2.6,23,0,0,0,0.3,0,0,0,0,0,0,-0.183,0,0,0,0:00:00,0,0,--.--,0,--.--,0,0000:00:00,50,0,0,0,30,0,0,0,0,0,0,1,10.07,11:28:43,9/22/2023,89.46,59.7,--.--
high,0,147,2.45,16.5,0.62,33,10.23,1.01,0.416635667,28:44.7,-1,0.6,23,0,0,0,0.2,0,0,0.2,0,0,0,0.127,0,0,0,0:00:00,0,0,--.--,0,--.--,0,0000:00:00,50,0,0,0,30,0,0,0,0,0,0,1,10.23,11:28:44,9/22/2023,89.49,59.72,--.--
high,0,148,2.47,16.5,0.64,33,10.56,1.02,0.419569,28:45.7,-0.5,2.7,22,0,0,0,0,0,0,0.1,0,0,0,0.152,0,0,0,0:00:00,0,0,--.--,0,--.--,0,0000:00:00,50,0,0,0,30,0,0,0,0,0,0,1,10.56,11:28:45,9/22/2023,89.53,59.7,--.--
high,0,149,2.48,16.5,0.61,34,10.065,1,0.422364833,28:46.7,-1.5,1.4,22,0,0,0,0.2,0,0,-0.1,0,0,0,0.03,0,0,0,0:00:00,0,0,--.--,0,--.--,0,0000:00:00,50,0,0,0,30,0,0,0,0,0,0,1,10.07,11:28:46,9/22/2023,89.58,59.7,--.--
high,0,150,2.5,16.5,0.59,34,9.735,0.99,0.425069,28:47.7,-2.3,1,22,0,0,0,0.1,0,0,-0.3,0,0,0,-0.152,0,0,0,0:00:00,0,0,--.--,0,--.--,0,0000:00:00,50,0,0,0,30,0,0,0,0,0,0,1,9.74,11:28:47,9/22/2023,89.6,59.72,--.--
high,0,151,2.52,16.5,0.61,34,10.065,1,0.427864833,28:48.7,-2.5,2.6,22,0,0,0,0.2,0,0,0,0,0,0,-0.126,0,0,0,0:00:00,0,0,--.--,0,--.--,0,0000:00:00,50,0,0,0,30,0,0,0,0,0,0,1,10.07,11:28:48,9/22/2023,89.65,59.72,--.--
high,0,152,2.53,16.5,0.59,34,9.735,0.99,0.430569,28:49.7,-1.5,1,23,0,0,0,0.2,0,0,0.2,0,0,0,0.103,0,0,0,0:00:00,0,0,--.--,0,--.--,0,0000:00:00,50,0,0,0,30,0,0,0,0,0,0,1,9.74,11:28:49,9/22/2023,89.69,59.72,--.--
high,0,153,2.55,16.5,0.61,34,10.065,1,0.433364833,28:50.7,-0.6,2.6,22,0,0,0,0,0,0,0.1,0,0,0,0.074,0,0,0,0:00:00,0,0,--.--,0,--.--,0,0000:00:00,50,0,0,0,30,0,0,0,0,0,0,1,10.07,11:28:50,9/22/2023,89.74,59.72,--.--
high,0,154,2.57,16.5,0.67,34,11.055,1.04,0.436435667,28:51.7,-2.1,1.2,22,0,0,0,0,0,0,0,0,0,0,0.018,0,0,0,0:00:00,0,0,--.--,0,--.--,0,0000:00:00,50,0,0,0,30,0,0,0,0,0,0,1,11.06,11:28:51,9/22/2023,89.76,59.7,--.--
high,0,155,2.58,16.5,0.58,35,9.57,0.98,0.439094,28:52.7,-0.9,2.3,22,0,0,0,0.1,0,0,0,0,0,0,-0.039,0,0,0,0:00:00,0,0,--.--,0,--.--,0,0000:00:00,50,0,0,0,30,0,0,0,0,0,0,1,9.57,11:28:52,9/22/2023,89.83,59.72,--.--
high,0,156,2.6,16.51,0.65,35,10.7315,1.03,0.442074972,28:53.7,-0.6,2,21,0,0,0,0.2,0,0,0,0,0,0,0,0,0,0,0:00:00,0,0,--.--,0,--.--,0,0000:00:00,50,0,0,0,30,0,0,0,0,0,0,1,10.73,11:28:53,9/22/2023,89.89,59.72,--.--
high,0,157,2.62,16.5,0.62,35,10.23,1.01,0.444916639,28:54.7,-2.5,1.7,21,0,0,0,0.1,0,0,-0.2,0,0,0,-0.106,0,0,0,0:00:00,0,0,--.--,0,--.--,0,0000:00:00,50,0,0,0,30,0,0,0,0,0,0,1,10.23,11:28:54,9/22/2023,89.92,59.72,--.--
high,0,158,2.63,16.5,0.62,35,10.23,1.01,0.447758306,28:55.7,-2,1.3,22,0,0,0,0.1,0,0,-0.1,0,0,0,-0.096,0,0,0,0:00:00,0,0,--.--,0,--.--,0,0000:00:00,50,0,0,0,30,0,0,0,0,0,0,1,10.23,11:28:55,9/22/2023,89.96,59.72,--.--
high,0,159,2.65,16.5,0.62,35,10.23,1.01,0.450599972,28:56.7,-1.1,2.1,22,0,0,0,0.1,0,0,0.2,0,0,0,0.055,0,0,0,0:00:00,0,0,--.--,0,--.--,0,0000:00:00,50,0,0,0,30,0,0,0,0,0,0,1,10.23,11:28:56,9/22/2023,90.01,59.72,--.--
high,0,160,2.67,16.5,0.63,36,10.395,1.02,0.453487472,28:57.7,-1.3,1.5,21,0,0,0,0,0,0,0.1,0,0,0,0.133,0,0,0,0:00:00,0,0,--.--,0,--.--,0,0000:00:00,50,0,0,0,30,0,0,0,0,0,0,1,10.4,11:28:57,9/22/2023,90.05,59.72,--.--
high,0,161,2.68,16.5,0.6,36,9.9,1,0.456237472,28:58.7,-2.3,2.4,21,0,0,0,0.1,0,0,0,0,0,0,-0.038,0,0,0,0:00:00,0,0,--.--,0,--.--,0,0000:00:00,50,0,0,0,30,0,0,0,0,0,0,1,9.9,11:28:58,9/22/2023,90.1,59.7,--.--
high,0,162,2.7,16.5,0.61,36,10.065,1,0.459033306,28:59.7,-0.3,1.9,21,0,0,0,0.1,0,0,0.1,0,0,0,0.058,0,0,0,0:00:00,0,0,--.--,0,--.--,0,0000:00:00,50,0,0,0,30,0,0,0,0,0,0,1,10.07,11:28:59,9/22/2023,90.12,59.72,--.--
high,0,163,2.72,16.5,0.62,36,10.23,1.01,0.461874972,29:00.7,-2.2,1.1,21,0,0,0,0.1,0,0,-0.2,0,0,0,-0.057,0,0,0,0:00:00,0,0,--.--,0,--.--,0,0000:00:00,50,0,0,0,30,0,0,0,0,0,0,1,10.23,11:29:00,9/22/2023,90.18,59.72,--.--
high,0,164,2.73,16.5,0.61,36,10.065,1,0.464670806,29:01.7,-0.1,4,21,0,0,0,0.1,0,0,0,0,0,0,-0.068,0,0,0,0:00:00,0,0,--.--,0,--.--,0,0000:00:00,50,0,0,0,30,0,0,0,0,0,0,1,10.07,11:29:01,9/22/2023,90.21,59.72,--.--
high,0,165,2.75,16.5,0.61,36,10.065,1,0.467466639,29:02.7,-2.8,-0.5,21,0,0,0,0.1,0,0,0,0,0,0,-0.024,0,0,0,0:00:00,0,0,--.--,0,--.--,0,0000:00:00,50,0,0,0,30,0,0,0,0,0,0,1,10.07,11:29:02,9/22/2023,90.25,59.72,--.--
high,0,166,2.77,16.5,0.62,37,10.23,1.01,0.470308306,29:03.7,0.7,4.8,21,0,0,0,0.1,0,0,0,0,0,0,0.019,0,0,0,0:00:00,0,0,--.--,0,--.--,0,0000:00:00,50,0,0,0,30,0,0,0,0,0,0,1,10.23,11:29:03,9/22/2023,90.3,59.72,--.--
high,0,167,2.78,16.5,0.63,37,10.395,1.02,0.473195806,29:04.7,-3.8,-0.3,22,0,0,0,0,0,0,-0.1,0,0,0,-0.059,0,0,0,0:00:00,0,0,--.--,0,--.--,0,0000:00:00,50,0,0,0,30,0,0,0,0,0,0,1,10.4,11:29:04,9/22/2023,90.34,59.72,--.--
high,0,168,2.8,16.5,0.61,37,10.065,1,0.475991639,29:05.7,-0.3,3.5,22,0,0,0,0.1,0,0,0.1,0,0,0,-0.054,0,0,0,0:00:00,0,0,--.--,0,--.--,0,0000:00:00,50,0,0,0,30,0,0,0,0,0,0,1,10.07,11:29:05,9/22/2023,90.37,59.72,--.--
high,0,169,2.82,16.5,0.65,37,10.725,1.03,0.478970806,29:06.7,-2.2,0.7,22,0,0,0,0,0,0,0.1,0,0,0,0.09,0,0,0,0:00:00,0,0,--.--,0,--.--,0,0000:00:00,50,0,0,0,30,0,0,0,0,0,0,1,10.73,11:29:06,9/22/2023,90.45,59.72,--.--
high,0,170,2.83,16.5,0.61,37,10.065,1,0.481766639,29:07.7,-0.8,2.6,22,0,0,0,0.1,0,0,0,0,0,0,0.008,0,0,0,0:00:00,0,0,--.--,0,--.--,0,0000:00:00,50,0,0,0,30,0,0,0,0,0,0,1,10.07,11:29:07,9/22/2023,90.48,59.72,--.--
high,0,171,2.85,16.5,0.63,37,10.395,1.02,0.484654139,29:08.7,-1.1,2.4,22,0,0,0,0.1,0,0,0.1,0,0,0,0.044,0,0,0,0:00:00,0,0,--.--,0,--.--,0,0000:00:00,50,0,0,0,30,0,0,0,0,0,0,1,10.4,11:29:08,9/22/2023,90.54,59.72,--.--
high,0,172,2.87,16.5,0.64,38,10.56,1.02,0.487587472,29:09.7,-1.7,1.7,23,0,0,0,0.1,0,0,0,0,0,0,-0.009,0,0,0,0:00:00,0,0,--.--,0,--.--,0,0000:00:00,50,0,0,0,30,0,0,0,0,0,0,1,10.56,11:29:09,9/22/2023,90.59,59.72,--.--
high,0,173,2.88,16.5,0.62,38,10.23,1.01,0.490429139,29:10.7,1.4,-33.4,28,0,0,0,0.1,0,0,0.3,0,0,0,0.056,0,0,0,0:00:00,0,0,--.--,0,--.--,49,0000:00:00,50,0,0,0,30,0,0,0,0,0,0,1,10.23,11:29:10,9/22/2023,90.63,59.7,--.--
high,0,174,2.9,16.5,0.59,38,9.735,0.99,0.493133306,29:11.7,0.1,-61.1,27,0,0,0,0.2,0,0,-0.1,0,0,0,-0.045,0,0,0,0:00:00,0,0,--.--,0,--.--,49,0000:00:00,50,0,0,0,30,0,0,0,0,0,0,1,9.73,11:29:11,9/22/2023,90.66,59.67,--.--
high,0,175,2.92,16.49,0.76,42,12.5324,1.1,0.496614528,29:12.7,2.4,-75,24,0,0,0,0,0,0,-0.1,0,0,0,-0.095,0,0,0,0:00:01,0,0,--.--,0,--.--,50,0000:00:00,50,0,0,0,30,0,0,0,0,0,0,1,12.53,11:29:12,9/22/2023,90.7,59.72,--.--
high,0,176,2.93,16.5,0.58,42,9.57,0.98,0.499272861,29:13.7,1.1,-73.5,26,0,0,0,0.2,0,0,0.3,0,0,0,0.117,0,0,0,0:00:02,0,0,--.--,0,--.--,50,0000:00:00,50,0,0,0,30,0,0,0,0,0,0,1,9.57,11:29:13,9/22/2023,90.73,59.7,--.--
high,0,177,2.95,16.5,0.62,42,10.23,1.01,0.502114528,29:14.7,2.1,-75.8,24,0,0,0,0.1,0,0,0,0,0,0,0.083,0,0,0,0:00:03,0,0,--.--,0,--.--,50,0000:00:00,50,0,0,0,30,0,0,0,0,0,0,1,10.23,11:29:14,9/22/2023,90.77,59.72,--.--
high,0,178,2.97,16.5,0.62,42,10.23,1.01,0.504956194,29:15.8,3.1,-75.6,23,0,0,0,0.2,0,0,0.1,0,0,0,0.026,0,0,0,0:00:05,0,0,--.--,0,--.--,50,0000:00:00,50,0,0,0,30,0,0,0,0,0,0,1,10.23,11:29:15,9/22/2023,90.79,59.72,--.--
high,0,179,2.98,16.5,0.6,42,9.9,1,0.507706194,29:16.8,1.2,-73.7,25,0,0,0,0.2,0,0,0.1,0,0,0,0.032,0,0,0,0:00:06,0,0,--.--,0,--.--,50,0000:00:00,50,0,0,0,30,0,0,0,0,0,0,1,9.9,11:29:16,9/22/2023,90.82,59.72,--.--
high,0,180,3,16.5,0.67,42,11.055,1.04,0.510777028,29:17.8,1.4,-65.1,24,0,0,0,0.3,0,0,0.1,0,0,0,0.002,0,0,0,0:00:07,0,0,--.--,0,--.--,50,0000:00:00,50,0,0,0,30,0,0,0,0,0,0,1,11.06,11:29:17,9/22/2023,90.86,59.7,--.--
high,0,181,3.02,16.5,0.61,43,10.065,1,0.513572861,29:18.8,2.5,-63.1,22,0,0,0,0.2,0,0,0.2,0,0,0,0.104,0,0,0,0:00:08,0,0,--.--,0,--.--,50,0000:00:00,50,0,0,0,30,0,0,0,0,0,0,1,10.06,11:29:18,9/22/2023,90.88,59.67,--.--
high,0,182,3.03,16.5,0.61,43,10.065,1,0.516368694,29:19.8,1.8,-64.4,23,0,0,0,0.2,0,0,0,0,0,0,0.045,0,0,0,0:00:09,0,0,--.--,0,--.--,50,0000:00:00,50,0,0,0,30,0,0,0,0,0,0,1,10.07,11:29:19,9/22/2023,90.93,59.7,--.--
high,0,183,3.05,16.5,0.6,43,9.9,1,0.519118694,29:20.8,6.2,-68.2,19,0,0,0,0.3,0,0,0,0,0,0,0.01,0,0,0,0:00:10,0,0,--.--,0,--.--,50,0000:00:00,50,0,0,0,30,0,0,0,0,0,0,1,9.9,11:29:20,9/22/2023,90.93,59.74,--.--
high,0,184,3.07,16.5,0.62,43,10.23,1.01,0.521960361,29:21.8,1.9,-69.3,22,0,0,0,0.4,0,0,-0.2,0,0,0,-0.135,0,0,0,0:00:11,0,0,--.--,0,--.--,50,0000:00:00,50,0,0,0,30,0,0,0,0,0,0,1,10.23,11:29:21,9/22/2023,90.99,59.74,--.--
high,0,185,3.08,16.5,0.62,43,10.23,1.01,0.524802028,29:22.8,5,-69.1,19,0,0,0,0.3,0,0,-0.1,0,0,0,-0.066,0,0,0,0:00:12,0,0,--.--,0,--.--,50,0000:00:00,50,0,0,0,30,0,0,0,0,0,0,1,10.23,11:29:22,9/22/2023,91.02,59.74,--.--
high,0,186,3.1,16.5,0.62,43,10.23,1.01,0.527643694,29:23.8,-0.3,-68.8,24,0,0,0,0.2,0,0,-0.1,0,0,0,-0.087,0,0,0,0:00:13,0,0,--.--,0,--.--,50,0000:00:00,50,0,0,0,30,0,0,0,0,0,0,1,10.23,11:29:23,9/22/2023,91.04,59.74,--.--
high,0,187,3.12,16.5,0.62,44,10.23,1.01,0.530485361,29:24.8,4.1,-62.5,19,0,0,0,0.2,0,0,0,0,0,0,-0.086,0,0,0,0:00:14,0,0,--.--,0,--.--,50,0000:00:00,50,0,0,0,30,0,0,0,0,0,0,1,10.23,11:29:24,9/22/2023,91.08,59.7,--.--
high,0,188,3.13,16.5,0.62,44,10.23,1.01,0.533327028,29:25.8,1.4,-63.5,22,0,0,0,0.2,0,0,0.1,0,0,0,0.05,0,0,0,0:00:15,0,0,--.--,0,--.--,50,0000:00:00,50,0,0,0,30,0,0,0,0,0,0,1,10.23,11:29:25,9/22/2023,91.09,59.74,--.--
high,0,189,3.15,16.5,0.62,44,10.23,1.01,0.536168694,29:26.8,8,-56.9,15,0,0,0,0.3,0,0,0.3,0,0,0,0.161,0,0,0,0:00:16,0,0,--.--,0,--.--,50,0000:00:00,50,0,0,0,30,0,0,0,0,0,0,1,10.23,11:29:26,9/22/2023,91.11,59.72,--.--
high,0,190,3.17,16.5,0.59,44,9.735,0.99,0.538872861,29:27.8,2.2,-61,20,0,0,0,0.5,0,0,0,0,0,0,0.115,0,0,0,0:00:17,0,0,--.--,0,--.--,50,0000:00:00,50,0,0,0,30,0,0,0,0,0,0,1,9.74,11:29:27,9/22/2023,91.15,59.74,--.--
high,0,191,3.18,16.5,0.62,44,10.23,1.01,0.541714528,29:28.8,5.5,-58.5,17,0,0,0,0.6,0,0,-0.1,0,0,0,-0.053,0,0,0,0:00:18,0,0,--.--,0,--.--,50,0000:00:00,50,0,0,0,30,0,0,0,0,0,0,1,10.23,11:29:28,9/22/2023,91.17,59.76,--.--
high,0,192,3.2,16.5,0.6,44,9.9,1,0.544464528,29:29.8,4.9,-59.1,17,0,0,0,0.7,0,0,-0.1,0,0,0,-0.06,0,0,0,0:00:19,0,0,--.--,0,--.--,50,0000:00:00,50,0,0,0,30,0,0,0,0,0,0,1,9.9,11:29:29,9/22/2023,91.2,59.74,--.--
high,0,193,3.22,16.5,0.62,45,10.23,1.01,0.547306194,29:30.8,0.8,-59.1,20,0,0,0,0.5,0,0,-0.2,0,0,0,-0.169,0,0,0,0:00:20,0,0,--.--,0,--.--,50,0000:00:00,50,0,0,0,30,0,0,0,0,0,0,1,10.23,11:29:30,9/22/2023,91.22,59.79,--.--
high,0,194,3.23,16.5,0.64,45,10.56,1.02,0.550239528,29:31.8,6,-56,15,0,0,0,0.5,0,0,-0.1,0,0,0,-0.103,0,0,0,0:00:21,0,0,--.--,0,--.--,50,0000:00:00,50,0,0,0,30,0,0,0,0,0,0,1,10.56,11:29:31,9/22/2023,91.24,59.83,--.--
high,0,195,3.25,16.5,0.63,45,10.395,1.02,0.553127028,29:32.8,-0.9,-61.4,21,0,0,0,0.3,0,0,0,0,0,0,-0.064,0,0,0,0:00:22,0,0,--.--,0,--.--,50,0000:00:00,50,0,0,0,30,0,0,0,0,0,0,1,10.39,11:29:32,9/22/2023,91.27,59.83,--.--
high,0,196,3.27,16.5,0.6,45,9.9,1,0.555877028,29:33.8,8.9,-57.3,12,0,0,0,0.4,0,0,0.3,0,0,0,0.14,0,0,0,0:00:23,0,0,--.--,0,--.--,50,0000:00:00,50,0,0,0,30,0,0,0,0,0,0,1,9.9,11:29:33,9/22/2023,91.27,59.83,--.--
high,0,197,3.28,16.5,0.64,45,10.56,1.02,0.558810361,29:34.8,1.9,-63.2,17,0,0,0,0.5,0,0,0,0,0,0,0.131,0,0,0,0:00:24,0,0,--.--,0,--.--,50,0000:00:00,50,0,0,0,30,0,0,0,0,0,0,1,10.56,11:29:34,9/22/2023,91.31,59.81,--.--
high,0,198,3.3,16.5,0.59,46,9.735,0.99,0.561514528,29:35.8,8.1,-57.6,11,0,0,0,0.7,0,0,0.1,0,0,0,0.021,0,0,0,0:00:25,0,0,--.--,0,--.--,50,0000:00:00,50,0,0,0,30,0,0,0,0,0,0,1,9.73,11:29:35,9/22/2023,91.33,59.81,--.--
high,0,199,3.32,16.5,0.63,46,10.395,1.02,0.564402028,29:36.8,1.6,-62.9,17,0,0,0,0.7,0,0,0,0,0,0,0.008,0,0,0,0:00:26,0,0,--.--,0,--.--,50,0000:00:00,50,0,0,0,30,0,0,0,0,0,0,1,10.39,11:29:36,9/22/2023,91.35,59.81,--.--
high,0,200,3.33,16.5,0.62,46,10.23,1.01,0.567243694,29:37.8,13.6,-67.1,5,0,0,0,0.8,0,0,0,0,0,0,-0.037,0,0,0,0:00:27,0,0,--.--,0,--.--,50,0000:00:00,50,0,0,0,30,0,0,0,0,0,0,1,10.23,11:29:37,9/22/2023,91.36,59.79,--.--
high,0,201,3.35,16.5,0.6,46,9.9,1,0.569993694,29:38.8,5.4,-75.1,12,0,0,0,0.8,0,0,-0.1,0,0,0,-0.062,0,0,0,0:00:28,0,0,--.--,0,--.--,50,0000:00:00,50,0,0,0,30,0,0,0,0,0,0,1,9.9,11:29:38,9/22/2023,91.38,59.76,--.--
high,0,202,3.37,16.5,0.59,46,9.735,0.99,0.572697861,29:39.8,13.1,-72.6,5,0,0,0,0.8,0,0,-0.1,0,0,0,-0.101,0,0,0,0:00:29,0,0,--.--,0,--.--,50,0000:00:00,50,0,0,0,30,0,0,0,0,0,0,1,9.73,11:29:39,9/22/2023,91.4,59.76,--.--
high,0,203,3.38,16.5,0.6,46,9.9,1,0.575447861,29:40.8,11.7,-77,6,0,0,0,0.8,0,0,0.1,0,0,0,-0.002,0,0,0,0:00:30,0,0,--.--,0,--.--,50,0000:00:00,50,0,0,0,30,0,0,0,0,0,0,1,9.9,11:29:40,9/22/2023,91.4,59.76,--.--
high,0,204,3.4,16.5,0.58,47,9.57,0.98,0.578106194,29:41.8,17,-77.4,0,0,0,0,0.9,0,0,-0.1,0,0,0,0.008,0,0,0,0:00:31,0,0,--.--,0,--.--,50,0000:00:00,50,0,0,0,30,0,0,0,0,0,0,1,9.57,11:29:41,9/22/2023,91.45,59.74,--.--
high,0,205,3.42,16.5,0.61,47,10.065,1,0.580902028,29:42.8,6.1,-74,11,0,0,0,0.7,0,0,-0.1,0,0,0,-0.108,0,0,0,0:00:32,0,0,--.--,0,--.--,50,0000:00:00,50,0,0,0,30,0,0,0,0,0,0,1,10.06,11:29:42,9/22/2023,91.47,59.76,--.--
high,0,206,3.43,16.5,0.64,47,10.56,1.02,0.583835361,29:43.8,15.3,-78.5,2,0,0,0,0.6,0,0,0,0,0,0,-0.029,0,0,0,0:00:33,0,0,--.--,0,--.--,50,0000:00:00,50,0,0,0,30,0,0,0,0,0,0,1,10.56,11:29:43,9/22/2023,91.49,59.76,--.--
high,0,207,3.45,16.5,0.62,47,10.23,1.01,0.586677028,29:44.8,7.6,-65.2,10,0,0,0,0.7,0,0,0.1,0,0,0,0.075,0,0,0,0:00:34,0,0,--.--,0,--.--,50,0000:00:00,50,0,0,0,30,0,0,0,0,0,0,1,10.23,11:29:44,9/22/2023,91.51,59.76,--.--
high,0,208,3.47,16.5,0.6,47,9.9,1,0.589427028,29:45.8,0.3,-43.4,18,0,0,0,0.7,0,0,0.8,0,0,0,0.133,0,0,0,0:00:35,0,0,--.--,0,--.--,50,0000:00:00,50,0,0,0,30,0,0,0,0,0,0,1,9.9,11:29:45,9/22/2023,91.54,59.76,--.--
high,0,209,3.48,16.5,0.62,47,10.23,1.01,0.592268694,29:46.8,-0.3,28.2,55,0,0,0,1.1,0,0,0.5,0,0,0,0.668,0,0,0,0:00:36,0,0,--.--,0,--.--,50,0000:00:00,50,0,0,0,30,0,0,0,0,0,0,1,10.23,11:29:46,9/22/2023,91.56,59.76,--.--
high,0,210,3.5,16.49,0.59,48,9.7291,0.99,0.594971222,29:47.8,11.1,40.9,80,0,0,0,1.5,0,0,-0.6,0,0,0,-0.222,0,0,0,0:00:37,0,0,--.--,0,--.--,50,0000:00:00,50,0,0,0,30,0,0,0,0,0,0,1,9.73,11:29:47,9/22/2023,91.62,59.74,--.--
high,0,211,3.52,16.49,0.61,48,10.0589,1,0.597765361,29:48.8,2.8,13.1,127,0,0,0,1.4,0,0,-0.6,0,0,0,-0.582,0,0,0,0:00:38,0,0,--.--,0,--.--,50,0000:00:00,50,0,0,0,30,0,0,0,0,0,0,1,10.06,11:29:48,9/22/2023,91.65,59.72,--.--
high,0,212,3.53,16.5,0.62,48,10.23,1.01,0.600607028,29:49.8,-2.8,-26.3,157,0,0,0,2.5,0,0,-0.1,0,0,0,-0.167,0,0,0,0:00:39,0,0,--.--,0,--.--,50,0000:00:00,50,0,0,0,30,0,0,0,0,0,0,1,10.23,11:29:49,9/22/2023,91.69,59.7,--.--
high,0,213,3.55,16.49,0.62,48,10.2238,1.01,0.603446972,29:50.8,-2.8,-64.6,159,0,0,0,4.1,0,0,-0.5,0,0,0,-0.193,0,0,0,0:00:40,0,0,--.--,0,--.--,50,0000:00:00,50,0,0,0,30,0,0,0,0,0,0,1,10.23,11:29:50,9/22/2023,91.72,59.72,--.--
high,0,214,3.57,16.49,0.64,48,10.5536,1.02,0.606378528,29:51.8,-5.1,-63.2,154,0,0,0,2.9,0,0,0.1,0,0,0,-0.036,0,0,0,0:00:41,0,0,--.--,0,--.--,50,0000:00:00,50,0,0,0,30,0,0,0,0,0,0,1,10.56,11:29:51,9/22/2023,91.81,59.7,--.--
high,0,215,3.58,16.5,0.61,48,10.065,1,0.609174361,29:52.8,-2.2,-31.9,158,0,0,0,2.7,0,0,-0.4,0,0,0,0.063,0,0,0,0:00:42,0,0,--.--,0,--.--,50,0000:00:00,50,0,0,0,30,0,0,0,0,0,0,1,10.06,11:29:52,9/22/2023,91.89,59.68,--.--
high,0,216,3.6,16.32,4.81,49,78.4992,1.89,0.630979694,29:53.8,0.5,1.9,156,0,0,0,2.8,0,0,0.4,-0.5,0,0,0.154,0,0,0,0:00:43,0,0,--.--,0,--.--,50,0000:00:00,50,0,0,0,30,0,0,0,0,0,0,1,78.49,11:29:53,9/22/2023,91.94,59.59,--.--
high,0,217,3.62,16.3,5.49,50,89.487,1.95,0.655837194,29:54.8,3.7,-5.5,166,0,0,0,4,0,0,0.3,-0.4,0,0,0.223,0,0,0,0:00:44,--.--,0,--.--,--.--,13.8,50,0000:00:00,50,0,0,0,30,0,0,0,0,0,0,1,89.5,11:29:54,9/22/2023,91.98,58.77,--.--
high,0,218,3.63,16.26,14.77,53,240.1602,2.38,0.722548361,29:55.8,7.8,-4.2,132,0,0,0,4.4,0,0,0.2,-0.5,0,0,0.085,0,0,0,0:00:45,--.--,0,--.--,--.--,14.5,51,0000:00:00,50,0,0,0,30,0,0,0,0,0,0,1,240.19,11:29:55,9/22/2023,91.99,57.72,--.--
high,0,219,3.65,16.3,5.38,55,87.694,1.94,0.746907806,29:56.8,8.8,-13.6,89,0,0,0,3.7,0,0,0.1,-0.4,0,0,-0.026,0,0,0,0:00:46,--.--,0,--.--,--.--,15.6,51,0000:00:00,50,0,0,0,30,0,0,0,0,0,0,1,87.67,11:29:56,9/22/2023,92.01,56.82,--.--
high,0,220,3.67,16.45,0.69,56,11.3505,1.06,0.750060722,29:57.8,6.3,-16,82,0,0,0,2.7,0,0,-0.1,-0.2,0,0,-0.106,0,0,0,0:00:47,--.--,0,--.--,--.--,16.5,49,0000:00:00,50,0,0,0,30,0,0,0,0,0,0,1,11.35,11:29:57,9/22/2023,92.05,56.16,--.--
high,0,221,3.68,16.48,0.61,57,10.0528,1,0.752853167,29:58.8,2.6,-6.2,97,0,0,0,2.6,0,0,0,-0.2,0,0,-0.117,0,0,0,0:00:48,--.--,0,--.--,--.--,17.3,50,0000:00:00,50,0,0,0,30,0,0,0,0,0,0,1,10.05,11:29:58,9/22/2023,92.08,55.6,--.--
high,0,222,3.7,15.96,15.21,59,242.7516,2.39,0.820284167,29:59.8,10.1,-3.6,73,0,0,0,2.4,0,0,-0.1,-0.3,0,0,-0.19,0,0,0,0:00:49,--.--,0,--.--,--.--,19.1,49,0000:00:00,50,0,0,0,30,0,0,0,0,0,0,1,242.69,11:29:59,9/22/2023,92.1,55.08,--.--
high,0,223,3.72,16.29,10.89,62,177.3981,2.25,0.869561417,30:00.8,6.6,-6.4,79,0,0,0,2.3,0,0,0.3,-0.4,0,0,-0.103,0,0,0,0:00:50,--.--,0,--.--,--.--,20.2,49,0000:00:00,50,0,0,0,40,0,0,0,0,0,0,1,177.39,11:30:00,9/22/2023,92.14,54.5,--.--
high,0,224,3.73,15.91,9.87,64,157.0317,2.2,0.913181333,30:01.8,-8.8,-7.6,112,0,0,0,1.9,0,0,0.1,-0.6,0,0,0.05,0,0,6.8,0:00:51,--.--,0,--.--,--.--,20.6,49,0000:00:00,50,0,0,0,40,0,0,0,0,0,0,1,157.03,11:30:01,9/22/2023,92.17,53.96,--.--
high,0,225,3.75,16.17,25.18,68,407.1606,2.61,1.0262815,30:02.8,8.2,-12,105,0,0,0,2.1,0,0,0,-0.8,0,0,-0.16,0,0,6.8,0:00:52,--.--,0,--.--,--.--,21.9,50,0000:00:00,50,0,0,0,40,0,0,0,0,0,0,1,407.21,11:30:02,9/22/2023,92.23,53.51,--.--
high,0,226,3.77,16.08,10.8,73,173.664,2.24,1.0745215,30:03.8,-3.2,-35.7,134,0,0,0,2.2,0,0,-0.3,-1,0,0,-0.398,0,0,6.8,0:00:53,--.--,0,--.--,--.--,22.7,49,0000:00:00,50,0,0,0,40,0,0,0,0,0,0,1,173.69,11:30:03,9/22/2023,92.25,53.06,--.--
high,0,227,3.78,15.63,18.06,77,282.2778,2.45,1.152932,30:04.8,-9.5,-54.3,147,0,0,0,2.4,0,0,-0.3,-2.1,0,0,-0.66,0,0,6.8,0:00:54,0.5,0,--.--,--.--,23.2,50,0000:00:00,50,0,0,0,40,0,0,0,0,0,0,1,282.3,11:30:04,9/22/2023,92.28,52.66,--.--
high,0,228,3.8,16.04,8.84,80,141.7936,2.15,1.192319111,30:05.8,-25.3,-42.1,175,0,0,0,2.2,0,0,-0.3,-2.6,0,0,0.245,0,0,6.8,0:00:55,1.5,0,--.--,--.--,23.8,35,0000:00:00,50,0,0,0,40,0,0,0,0,0,0,1,141.82,11:30:05,9/22/2023,92.3,52.34,--.--
high,0,229,3.82,14.6,30.06,89,438.876,2.64,1.314229111,30:06.8,1.4,5.9,153,0,0,0,2.1,0,0,-0.1,-3.1,0,0,-0.961,0,0,6.8,0:00:56,3.5,0,--.--,16,24.5,49,0000:00:00,50,0,0,0,40,0,0,0,0,0,0,1,438.97,11:30:06,9/22/2023,92.34,52,--.--
high,0,230,3.83,15.47,28.17,97,435.7899,2.64,1.435281861,30:07.8,6.6,-6.2,121,0,0,0,2.1,0,0,-0.3,-3.7,0,0,-1.127,0,0,13.4,0:00:57,4.7,0,--.--,16,25.3,49,0000:00:00,50,0,0,0,40,0,0,0,0,0,0,1,435.82,11:30:07,9/22/2023,92.35,51.71,--.--
high,0,231,3.85,16,11.63,102,186.08,2.27,1.48697075,30:08.8,4.6,-11.4,120,0,0,0,1.8,0,0,0,-3.5,0,0,-1.067,0,0,13.4,0:00:58,3.3,0,--.--,--.--,25.9,50,0000:00:00,50,0,0,0,40,0,0,0,0,0,0,1,186.14,11:30:08,9/22/2023,92.39,51.44,--.--
high,0,232,3.87,16.01,10.82,105,173.2282,2.24,1.535089694,30:09.8,9.6,-5.9,115,0,0,0,1.9,0,0,0.2,-3.1,0,0,-0.944,0,0,13.4,0:00:59,0,0,--.--,--.--,22.7,49,0000:00:00,50,0,0,0,40,0,0,0,0,0,0,1,173.26,11:30:09,9/22/2023,92.41,51.19,--.--
high,0,233,3.88,16,11.61,108,185.76,2.27,1.586689694,30:10.8,11.2,-5.9,112,0,0,0,1.9,0,0,0.1,-3.5,0,0,-1.07,0,0,13.4,0:01:00,7.5,0,--.--,22,27.7,50,0000:00:00,50,0,0,0,40,0,0,0,0,0,0,1,185.74,11:30:10,9/22/2023,92.43,50.99,--.--
high,0,234,3.9,16,10.71,111,171.36,2.23,1.634289694,30:11.8,9.2,-4.1,113,0,0,0,1.8,0,0,0,-4,0,0,-1.232,0,0,13.4,0:01:01,9.7,0,--.--,15,28.5,50,0000:00:00,50,0,0,0,40,0,0,0,0,0,0,1,171.41,11:30:11,9/22/2023,92.46,50.76,--.--
high,0,235,3.92,16.01,11.1,114,177.711,2.25,1.683653861,30:12.8,7.2,-4.6,119,0,0,0,1.7,0,0,-0.1,-4.6,0,0,-1.4,0,0,13.4,0:01:02,11,0,--.--,11,28.9,50,0000:00:00,50,0,0,0,40,0,0,0,0,0,0,1,177.72,11:30:12,9/22/2023,92.5,50.58,--.--
high,0,236,3.93,15.98,11.93,118,190.6414,2.28,1.736609806,30:13.8,10.5,-6,118,0,0,0,1.6,0,0,0,-4.9,0,0,-1.482,0,0,20.5,0:01:03,12.2,0,--.--,7,29.2,50,0000:00:00,50,0,0,0,40,0,0,0,0,0,0,1,190.68,11:30:13,9/22/2023,92.52,50.43,--.--
high,0,237,3.95,15.99,11.73,121,187.5627,2.27,1.788710556,30:14.8,8.7,-6.4,118,0,0,0,1.4,0,0,0,-4.8,0,0,-1.478,0,0,20.5,0:01:04,13,0,--.--,6,29.5,50,0000:00:00,50,0,0,0,40,0,0,0,0,0,0,1,187.6,11:30:14,9/22/2023,92.53,50.25,--.--
high,0,238,3.97,15.99,12.23,124,195.5577,2.29,1.843032139,30:15.8,7.7,-9,118,0,0,0,1.3,0,0,0,-5,0,0,-1.542,0,0,32.2,0:01:05,0,0,--.--,--.--,22.7,50,0000:00:00,50,0,0,0,40,0,0,0,0,0,0,1,195.53,11:30:15,9/22/2023,92.55,50.13,--.--
high,0,239,3.98,15.97,11.81,127,188.6057,2.28,1.895422611,30:16.8,8.9,-8.6,119,0,0,0,1.2,0,0,-0.1,-5.5,0,0,-1.68,0,0,45.5,0:01:06,14.2,0,--.--,4,30.1,50,0000:00:00,50,0,0,0,40,0,0,0,0,0,0,1,188.59,11:30:16,9/22/2023,92.59,50,--.--
high,0,240,4,15.96,12.37,131,197.4252,2.3,1.950262944,30:17.8,9.4,-3.3,116,0,0,0,1,0,0,-0.1,-6,0,0,-1.836,0,0,45.5,0:01:07,15.2,0,--.--,2,30.3,50,0000:00:00,50,0,0,0,40,0,0,0,0,0,0,1,197.45,11:30:17,9/22/2023,92.59,49.87,--.--
high,0,241,4.02,15.97,10.76,136,171.8372,2.24,1.9979955,30:18.8,5.6,-1.6,119,0,0,0,0.8,0,0,0,-6.1,0,0,-1.865,0,0,45.5,0:01:08,15.8,0,--.--,1,30.6,50,0000:00:00,50,0,0,0,40,0,0,0,0,0,0,1,171.88,11:30:18,9/22/2023,92.62,49.78,--.--
high,0,242,4.03,15.98,11.59,139,185.2082,2.27,2.049442222,30:19.8,10.6,-4.3,117,0,0,0,0.6,0,0,0,-6.1,0,0,-1.862,0,0,45.5,0:01:09,16.5,0,--.--,0,30.9,49,0000:00:00,50,0,0,0,40,0,0,0,0,0,0,1,185.22,11:30:19,9/22/2023,92.62,49.69,--.--
high,0,243,4.05,16.02,10.69,142,171.2538,2.23,2.097012722,30:20.8,8.4,2,117,0,0,0,0.4,0,0,0,-6.2,0,0,-1.896,0,0,45.5,0:01:10,17.1,0,--.--,0,31.4,49,0000:00:00,50,0,0,0,40,0,0,0,0,0,0,1,171.2,11:30:20,9/22/2023,92.68,49.6,--.--
high,0,244,4.07,16.01,10.74,145,171.9474,2.24,2.144775889,30:21.8,8.3,-0.7,117,0,0,0,0.2,0,0,0,-6.5,0,0,-1.979,0,0,76.5,0:01:11,17.8,0,--.--,0,31.8,49,0000:00:00,50,0,0,0,40,0,0,0,0,0,0,1,171.96,11:30:21,9/22/2023,92.7,49.5,--.--
high,0,245,4.08,16.01,10.76,148,172.2676,2.24,2.192628,30:22.8,9.4,0.6,117,0,0,0,0.1,0,0,0,-6.6,0,0,-2.001,0,0,76.5,0:01:12,18.6,0,--.--,359,32.1,49,0000:00:00,50,0,0,0,40,0,0,0,0,0,0,1,172.3,11:30:22,9/22/2023,92.73,49.41,--.--
high,0,246,4.1,16.01,10.69,151,171.1469,2.23,2.240168806,30:23.8,9.3,0.9,116,0,0,0,0.2,0,0,0,-6.7,0,0,-2.057,0,0,76.5,0:01:13,18.8,0,--.--,359,32.3,49,0000:00:00,50,0,0,0,40,0,0,0,0,0,0,1,171.16,11:30:23,9/22/2023,92.75,49.33,--.--
high,0,247,4.12,16.02,10.75,154,172.215,2.24,2.288006306,30:24.8,9.5,0.3,116,0,0,0,0.4,0,0,-0.1,-7.1,0,0,-2.182,0,0,76.5,0:01:14,19.3,0,--.--,360,32.8,49,0000:00:00,50,0,0,0,40,0,0,0,0,0,0,1,172.16,11:30:24,9/22/2023,92.75,49.32,--.--
high,0,248,4.13,16.01,10.77,157,172.4277,2.24,2.335902889,30:25.8,9.5,-0.8,116,0,0,0,0.6,0,0,-0.1,-7.5,0,0,-2.279,0,0,76.5,0:01:15,19.9,0,--.--,359,33.1,49,0000:00:00,50,0,0,0,40,0,0,0,0,0,0,1,172.43,11:30:25,9/22/2023,92.8,49.23,--.--
high,0,249,4.15,16.01,10.76,160,172.2676,2.24,2.383755,30:26.8,9.5,-1.7,116,0,0,0,0.8,0,0,0,-7.4,0,0,-2.251,0,0,94.3,0:01:16,0,0,--.--,--.--,22.7,49,0000:00:00,50,0,0,0,40,0,0,0,0,0,0,1,172.24,11:30:26,9/22/2023,92.84,49.17,--.--
high,0,250,4.17,16,10.92,163,174.72,2.24,2.432288333,30:27.8,9.1,-3,117,0,0,0,0.9,0,0,0.1,-7.3,0,0,-2.219,0,0,114.9,0:01:17,20.6,0,--.--,360,33.9,43,0000:00:00,50,0,0,0,40,0,0,0,0,0,0,1,174.71,11:30:27,9/22/2023,92.86,49.12,--.--
high,0,251,4.18,15.77,15.35,166,242.0695,2.38,2.499529861,30:28.8,8.5,-4.5,117,0,0,0,1.1,0,0,-0.3,-7.8,0,0,-2.394,0,0,114.9,0:01:18,21.1,0,--.--,0,34.3,30,0000:00:00,50,0,0,0,40,0,0,0,0,0,0,1,242.13,11:30:28,9/22/2023,92.88,49.1,--.--
high,0,252,4.2,15.19,27.01,173,410.2819,2.61,2.613497056,30:29.8,10.6,-6.5,117,0,0,0,1.2,0,0,-0.4,-9.2,0,0,-2.856,0,0,114.9,0:01:19,21.7,0,--.--,1,34.8,30,0000:00:00,50,0,0,0,40,0,0,0,0,0,0,1,410.36,11:30:29,9/22/2023,92.89,49.05,--.--
high,0,253,4.22,15.53,19.67,179,305.4751,2.48,2.69835125,30:30.8,8.3,-4,117,0,0,0,1.2,0,0,-0.4,-10.7,0,0,-3.303,0,0,114.9,0:01:20,23,0,--.--,360,35.6,30,0000:00:00,50,0,0,0,40,0,0,0,0,0,0,1,305.46,11:30:30,9/22/2023,92.91,49.01,--.--
high,0,254,4.23,15.18,26.61,185,403.9398,2.61,2.81055675,30:31.8,9.2,-5.5,117,0,0,0,1.3,0,0,-0.3,-11.9,0,0,-3.65,0,0,114.9,0:01:21,23.8,0,--.--,360,36.3,30,0000:00:00,50,0,0,0,40,0,0,0,0,0,0,1,403.97,11:30:31,9/22/2023,92.95,48.97,--.--
high,0,255,4.25,15.91,11.92,191,189.6472,2.28,2.863236528,30:32.8,10.9,-0.4,118,0,0,0,1.3,0,0,-0.1,-12.6,0,0,-3.865,0,0,154.7,0:01:22,19.2,0,--.--,7,34.4,49,0000:00:00,69,0,0,0,40,0,0,0,0,0,0,1,189.71,11:30:32,9/22/2023,92.97,48.96,--.--
high,0,256,4.27,15.94,10.82,194,172.4708,2.24,2.911145083,30:33.8,11,-5.8,116,0,0,0,1.3,0,0,-0.1,-13,0,0,-3.971,0,0,154.7,0:01:23,16.2,0,--.--,22,34.6,49,0000:00:00,77,0,0,0,40,0,0,0,0,0,0,1,172.43,11:30:33,9/22/2023,92.98,48.9,--.--
high,0,257,4.28,15.95,10.72,197,170.984,2.23,2.958640639,30:34.8,10.2,-5.8,116,0,0,0,1.3,0,0,-0.1,-13.3,0,0,-4.052,0,0,161.3,0:01:24,16.9,0,--.--,29,36.1,50,0000:00:00,77,0,0,0,40,0,0,0,0,0,0,1,170.99,11:30:34,9/22/2023,93,48.88,--.--
high,0,258,4.3,16.26,3.93,199,63.9018,1.81,2.976391139,30:35.8,8.1,-3.3,116,0,0,0,1.3,0,0,-0.1,-13.4,0,0,-4.075,0,0,161.3,0:01:25,16.8,0,--.--,35,36.9,37,0000:00:00,77,0,0,0,40,0,0,0,0,0,0,1,63.92,11:30:35,9/22/2023,93.02,48.83,--.--
high,0,259,4.32,15.85,4.98,202,78.933,1.9,2.998316972,30:36.8,8.8,0.1,116,0,0,0,1.3,0,0,0,-13.6,0,0,-4.166,0,0,161.3,0:01:26,17.7,0,--.--,36,37.9,49,0000:00:00,89,0,0,0,40,0,0,0,0,0,0,1,78.95,11:30:36,9/22/2023,93.02,48.81,--.--
high,0,260,4.33,15.94,11.34,204,180.7596,2.26,3.048527972,30:37.8,10.3,-6.6,115,0,0,0,1.3,0,0,-0.1,-14,0,0,-4.273,0,0,161.3,0:01:27,17.7,0,--.--,36,37.9,49,0000:00:00,96,0,0,0,40,0,0,0,0,0,0,1,180.76,11:30:37,9/22/2023,93.04,48.79,--.--
high,0,261,4.35,16.29,0.65,207,10.5885,1.02,3.051469222,30:38.8,8.5,-3,115,0,0,0,1.2,0,0,0,-14.3,0,0,-4.366,0,0,196.6,0:01:28,19,0,--.--,39,39.5,49,0000:00:00,96,0,0,0,40,0,0,0,0,0,0,1,10.59,11:30:38,9/22/2023,93.07,48.78,--.--
high,0,262,4.37,16.3,10.88,207,177.344,2.25,3.100731444,30:39.8,8.5,0,116,0,0,0,1,0,0,-0.1,-14.5,0,0,-4.412,0,0,196.6,0:01:29,20.3,0,--.--,38,40.5,49,0000:00:00,96,0,0,0,40,0,0,0,0,0,0,1,177.3,11:30:39,9/22/2023,93.07,48.74,--.--
high,0,263,4.38,15.97,10.69,210,170.7193,2.23,3.148153472,30:40.8,9.1,-4.2,115,0,0,0,0.9,0,0,-0.1,-14.6,0,0,-4.462,0,0,196.6,0:01:30,21,0,--.--,39,41.3,49,0000:00:00,96,0,0,0,40,0,0,0,0,0,0,1,170.76,11:30:40,9/22/2023,93.07,48.74,--.--
high,0,264,4.4,15.97,10.77,213,171.9969,2.24,3.195930389,30:41.8,8.3,-2.9,115,0,0,0,0.8,0,0,-0.1,-14.8,0,0,-4.503,0,0,196.6,0:01:31,21.9,0,--.--,38,42,49,0000:00:00,96,0,0,0,40,0,0,0,0,0,0,1,171.99,11:30:41,9/22/2023,93.11,48.67,--.--
high,0,265,4.42,15.97,10.82,216,172.7954,2.24,3.243929111,30:42.8,11,-3.3,116,0,0,0,0.7,0,0,-0.1,-15,0,0,-4.58,0,0,196.6,0:01:32,22.2,0,--.--,38,42.2,49,0000:00:00,96,0,0,0,40,0,0,0,0,0,0,1,172.78,11:30:42,9/22/2023,93.13,48.67,--.--
high,0,266,4.43,15.96,10.62,219,169.4952,2.23,3.291011111,30:43.8,9.5,-2,116,0,0,0,0.6,0,0,-0.1,-15.3,0,0,-4.658,0,0,196.6,0:01:33,22.4,0,--.--,38,42.5,49,0000:00:00,96,0,0,0,40,0,0,0,0,0,0,1,169.53,11:30:43,9/22/2023,93.15,48.65,--.--
high,0,267,4.45,15.96,10.76,222,171.7296,2.23,3.338713778,30:44.8,9.2,-0.5,116,0,0,0,0.5,0,0,0,-15.4,0,0,-4.704,0,0,196.6,0:01:34,23,0,--.--,39,43.1,49,0000:00:00,96,0,0,0,40,0,0,0,0,0,0,1,171.72,11:30:44,9/22/2023,93.16,48.63,--.--
high,0,268,4.47,15.96,10.78,225,172.0488,2.24,3.386505111,30:45.8,8.4,-4,116,0,0,0,0.4,0,0,0,-15.5,0,0,-4.736,0,0,196.6,0:01:35,23.9,0,--.--,38,43.9,50,0000:00:00,96,0,0,0,40,0,0,0,0,0,0,1,172.08,11:30:45,9/22/2023,93.18,48.6,--.--
high,0,269,4.48,15.96,10.72,228,171.0912,2.23,3.434030444,30:46.8,8.9,-1.4,116,0,0,0,0.4,0,0,0,-15.7,0,0,-4.777,0,0,196.6,0:01:36,22.6,0,--.--,52,44.1,50,0000:00:00,96,0,0,0,40,0,0,0,0,0,0,1,171.11,11:30:46,9/22/2023,93.2,48.6,--.--
high,0,270,4.5,15.96,10.72,231,171.0912,2.23,3.481555778,30:47.8,9.9,-0.8,116,0,0,0,0.4,0,0,0,-15.8,0,0,-4.836,0,0,196.6,0:01:37,24.9,0,--.--,42,45.4,50,0000:00:00,96,0,0,0,40,0,0,0,0,0,0,1,171.12,11:30:47,9/22/2023,93.2,48.58,--.--
high,0,271,4.52,15.96,10.74,234,171.4104,2.23,3.529169778,30:48.8,9.2,-2,115,0,0,0,0.4,0,0,0,-16.1,0,0,-4.918,0,0,215.7,0:01:38,0,0,--.--,--.--,22.7,50,0000:00:00,96,0,0,0,40,0,0,0,0,0,0,1,171.36,11:30:48,9/22/2023,93.24,48.56,--.--
high,0,272,4.53,15.96,10.81,237,172.5276,2.24,3.577094111,30:49.8,9.2,-2.4,115,0,0,0,0.4,0,0,-0.1,-16.4,0,0,-5.019,0,0,241.9,0:01:39,26.2,0,--.--,37,46,50,0000:00:00,96,0,0,0,40,0,0,0,0,0,0,1,172.48,11:30:49,9/22/2023,93.25,48.52,--.--
high,0,273,4.55,15.96,10.77,240,171.8892,2.24,3.624841111,30:50.8,8.8,-3,115,0,0,0,0.4,0,0,-0.1,-16.7,0,0,-5.111,0,0,248.8,0:01:40,29,0,--.--,24,46.3,50,0000:00:00,96,0,0,0,40,0,0,0,0,0,0,1,171.87,11:30:50,9/22/2023,93.27,48.51,--.--
high,0,274,4.57,15.95,10.81,243,172.4195,2.24,3.672735417,30:51.8,9.3,-2.6,116,0,0,0,0.3,0,0,-0.1,-16.9,0,0,-5.16,0,0,248.8,0:01:41,27.3,0,--.--,29,45.7,50,0000:00:00,96,0,0,0,40,0,0,0,0,0,0,1,172.44,11:30:51,9/22/2023,93.29,48.51,--.--
high,0,275,4.58,15.96,10.93,246,174.4428,2.24,3.72119175,30:52.8,8.9,-6.5,115,0,0,0,0.2,0,0,-0.2,-17,0,0,-5.192,0,0,248.8,0:01:42,26.1,0,--.--,35,45.5,30,0000:00:00,96,0,0,0,40,0,0,0,0,0,0,1,174.4,11:30:52,9/22/2023,93.31,48.49,--.--
high,0,276,4.6,15.54,23.35,252,362.859,2.56,3.821985917,30:53.8,9.8,-3.3,116,0,0,0,0.1,0,0,-0.3,-17.9,0,0,-5.484,0,0,248.8,0:01:43,27.1,0,--.--,36,46.6,30,0000:00:00,96,0,0,0,40,0,0,0,0,0,0,1,362.93,11:30:53,9/22/2023,93.31,48.49,--.--
high,0,277,4.62,15.18,28.17,260,427.6206,2.63,3.940769417,30:54.8,10.2,-3.7,116,0,0,0,0,0,0,-0.3,-19.1,0,0,-5.872,0,0,304.7,0:01:44,26.9,0,--.--,39,46.9,30,0000:00:00,96,0,0,0,40,0,0,0,0,0,0,1,427.65,11:30:54,9/22/2023,93.33,48.49,--.--
high,0,278,4.63,15.44,24.56,268,379.2064,2.58,4.046104528,30:55.8,8.5,-3.7,116,0,0,0,0.1,0,0,-0.4,-20.5,0,0,-6.313,0,0,304.7,0:01:45,28.3,0,--.--,38,48,30,0000:00:00,96,0,0,0,40,0,0,0,0,0,0,1,379.3,11:30:55,9/22/2023,93.34,48.45,--.--
high,0,279,4.65,15.38,33.33,277,512.6154,2.71,4.188497694,30:56.8,9.3,-5.1,116,0,0,0,0.2,0,0,-0.4,-22,0,0,-6.752,0,0,304.7,0:01:46,30,0,--.--,31,48.5,30,0000:00:00,96,0,0,0,40,0,0,0,0,0,0,1,512.62,11:30:56,9/22/2023,93.36,48.45,--.--
high,0,280,4.67,15.28,34.25,286,523.34,2.72,4.333869917,30:57.8,9.8,-2.7,116,0,0,0,0.3,0,0,-0.4,-23.3,0,0,-7.131,0,0,304.7,0:01:47,30.8,0,--.--,29,48.9,30,0000:00:00,96,0,0,0,40,0,0,0,0,0,0,1,523.48,11:30:57,9/22/2023,93.36,48.43,--.--
high,0,281,4.68,15.07,28.34,294,427.0838,2.63,4.452504306,30:58.8,9.3,-3.5,116,0,0,0,0.3,0,0,-0.4,-24.4,0,0,-7.491,0,0,311.8,0:01:48,31.3,0,--.--,28,49.3,30,0000:00:00,96,0,0,0,40,0,0,0,0,0,0,1,427.03,11:30:58,9/22/2023,93.36,48.43,--.--
high,0,282,4.7,15.45,25.72,302,397.374,2.6,4.562885972,30:59.8,9.6,-3.8,116,0,0,0,0.3,0,0,-0.4,-25.6,0,0,-7.841,0,0,311.8,0:01:49,31.3,0,--.--,30,49.5,30,0000:00:00,96,0,0,0,40,0,0,0,0,0,0,1,397.37,11:30:59,9/22/2023,93.4,48.42,--.--
high,0,283,4.72,15.15,37.35,310,565.8525,2.75,4.720067222,31:00.8,9.3,-3.5,116,0,0,0,0.3,0,0,-0.4,-26.7,0,0,-8.195,0,0,373.5,0:01:50,30.4,0,--.--,37,49.9,30,0000:00:00,96,0,0,0,40,0,0,0,0,0,0,1,565.96,11:31:00,9/22/2023,93.42,48.42,--.--
high,0,284,4.73,15.5,25.34,319,392.77,2.59,4.82917,31:01.8,9,-4.3,116,0,0,0,0.2,0,0,-0.4,-28,0,0,-8.58,0,0,373.5,0:01:51,31.8,0,--.--,35,51,30,0000:00:00,96,0,0,0,40,0,0,0,0,0,0,1,392.69,11:31:01,9/22/2023,93.43,48.42,--.--
high,0,285,4.75,15.43,27.33,328,421.7019,2.63,4.946309417,31:02.8,9.2,-2.4,116,0,0,0,0.3,0,0,-0.4,-29.4,0,0,-9.007,0,0,373.5,0:01:52,31.2,0,--.--,38,50.9,30,0000:00:00,96,0,0,0,40,0,0,0,0,0,0,1,421.78,11:31:02,9/22/2023,93.45,48.38,--.--
high,0,286,4.77,15.45,22.97,334,354.8865,2.55,5.044889,31:03.8,11.5,-2.1,115,0,0,0,0.4,0,0,-0.3,-30.6,0,0,-9.364,0,0,373.5,0:01:53,32,0,--.--,38,51.6,32,0000:00:00,96,0,0,0,40,0,0,0,0,0,0,1,354.89,11:31:03,9/22/2023,93.47,48.38,--.--
high,0,287,4.78,15.54,20.55,338,319.347,2.5,5.1335965,31:04.8,9.8,-2.3,116,0,0,0,0.3,0,0,-0.4,-31.9,0,0,-9.766,0,0,373.5,0:01:54,32.7,0,--.--,37,52.2,30,0000:00:00,96,0,0,0,40,0,0,0,0,0,0,1,319.31,11:31:04,9/22/2023,93.47,48.42,--.--
high,0,288,4.8,15.52,22.4,344,347.648,2.54,5.230165389,31:05.8,9.1,-4.4,116,0,0,0,0.4,0,0,-0.4,-33.3,0,0,-10.202,0,0,436.7,0:01:55,32.8,0,--.--,37,52.2,44,0000:00:00,96,0,0,0,40,0,0,0,0,0,0,1,347.56,11:31:05,9/22/2023,93.49,48.42,--.--
high,0,289,4.82,15.81,11.8,349,186.558,2.27,5.281987056,31:06.8,9.9,-2.9,117,0,0,0,0.5,0,0,-0.2,-34.1,0,0,-10.415,0,0,436.7,0:01:56,33.5,0,--.--,36,52.7,34,0000:00:00,96,0,0,0,40,0,0,0,0,0,0,1,186.58,11:31:06,9/22/2023,93.49,48.36,--.--
high,0,290,4.83,15.62,17.69,353,276.3178,2.44,5.358742,31:07.8,10.6,-6.2,117,0,0,0,0.5,0,0,-0.3,-34.9,0,0,-10.664,0,0,436.7,0:01:57,33.1,0,--.--,37,52.4,34,0000:00:00,96,0,0,0,40,0,0,0,0,0,0,1,276.35,11:31:07,9/22/2023,93.49,48.38,--.--
high,0,291,4.85,15.64,18.01,358,281.6764,2.45,5.436985444,31:08.8,9.2,-3.9,118,0,0,0,0.5,0,0,-0.2,-35.8,0,0,-10.932,0,0,436.7,0:01:58,33.2,0,--.--,35,52.3,50,0000:00:00,96,0,0,0,40,0,0,0,0,0,0,1,281.66,11:31:08,9/22/2023,93.52,48.36,--.--
high,0,292,4.87,16.15,0.46,360,7.429,0.87,5.439049056,31:09.8,9.7,-2.6,118,0,0,0,0.3,0,0,0,-36.2,0,0,-11.023,0,0,436.7,0:01:59,33.7,0,--.--,32,52.3,50,0000:00:00,96,0,0,0,40,0,0,0,0,0,0,1,7.43,11:31:09,9/22/2023,93.52,48.36,--.--
high,0,293,4.88,16.19,0.72,360,11.6568,1.07,5.442287056,31:10.8,10.9,-6.1,115,0,0,0,0.1,0,0,0,-36.2,0,0,-11.022,0,0,436.7,0:02:00,33.5,0,--.--,31,51.9,50,0000:00:00,96,0,0,0,40,0,0,0,0,0,0,1,11.65,11:31:10,9/22/2023,93.52,48.38,--.--
high,0,294,4.9,16.2,0.8,360,12.96,1.11,5.445887056,31:11.8,9.9,-3.5,114,0,0,0,0.1,0,0,0.1,-36,0,0,-10.982,0,0,436.7,0:02:01,33.1,0,--.--,31,51.6,50,0000:00:00,96,0,0,0,40,0,0,0,0,0,0,1,12.96,11:31:11,9/22/2023,93.52,48.38,--.--
high,0,295,4.92,16.2,1.02,361,16.524,1.22,5.450477056,31:12.8,9.5,-1.8,114,0,0,0,0,0,0,0,-36,0,0,-10.977,0,0,436.7,0:02:02,33.2,0,--.--,31,51.6,50,0000:00:00,96,0,0,0,40,0,0,0,0,0,0,1,16.53,11:31:12,9/22/2023,93.52,48.36,--.--
high,0,296,4.93,16.21,0.99,361,16.0479,1.21,5.454934806,31:13.8,9.5,-2.8,114,0,0,0,0,0,0,0,-36.1,0,0,-11.001,0,0,436.7,0:02:03,33.1,0,--.--,32,51.6,50,0000:00:00,96,0,0,0,40,0,0,0,0,0,0,1,16.05,11:31:13,9/22/2023,93.56,48.38,--.--
high,0,297,4.95,16.22,0.96,361,15.5712,1.19,5.459260139,31:14.8,8.8,-3.8,117,0,0,0,0.2,0,0,0,-36.1,0,0,-10.995,0,0,436.7,0:02:04,33.2,0,--.--,32,51.8,50,0000:00:00,96,0,0,0,40,0,0,0,0,0,0,1,15.57,11:31:14,9/22/2023,93.58,48.38,--.--
high,0,298,4.97,15.91,10.96,363,174.3736,2.24,5.50769725,31:15.8,12,-7.3,117,0,0,0,0.5,0,0,0,-36.1,0,0,-11.002,0,0,436.7,0:02:05,33.1,0,--.--,34,52,50,0000:00:00,96,0,0,0,40,0,0,0,0,0,0,1,174.38,11:31:15,9/22/2023,93.58,48.38,--.--
high,0,299,4.98,15.9,10.97,366,174.423,2.24,5.556148083,31:16.8,7.5,-15.2,112,0,0,0,0.5,0,0,-0.1,-36.1,0,0,-11.009,0,0,469.4,0:02:06,0,0,--.--,--.--,22.7,50,0000:00:00,96,0,0,0,40,0,0,0,0,0,0,1,174.41,11:31:16,9/22/2023,93.6,48.36,--.--
high,0,300,5,15.9,10.92,369,173.628,2.24,5.604378083,31:17.8,11.4,-4.8,115,0,0,0,0.5,0,0,0,-36.3,0,0,-11.074,0,0,502.9,0:02:07,33.5,0,--.--,33,52.3,50,0000:00:00,96,0,0,0,40,0,0,0,0,0,0,1,173.63,11:31:17,9/22/2023,93.6,48.36,--.--
high,0,301,5.02,15.9,11.02,372,175.218,2.24,5.65304975,31:18.8,11.6,-7.2,114,0,0,0,0.5,0,0,-0.1,-36.6,0,0,-11.173,0,0,502.9,0:02:08,33,0,--.--,34,51.9,50,0000:00:00,96,0,0,0,40,0,0,0,0,0,0,1,175.18,11:31:18,9/22/2023,93.61,48.36,--.--
high,0,302,5.03,15.9,11.1,375,176.49,2.25,5.70207475,31:19.8,9,-9.5,114,0,0,0,0.5,0,0,-0.1,-36.9,0,0,-11.267,0,0,502.9,0:02:09,33,0,--.--,32,51.6,50,0000:00:00,96,0,0,0,40,0,0,0,0,0,0,1,176.49,11:31:19,9/22/2023,93.63,48.36,--.--
high,0,303,5.05,15.9,11.02,378,175.218,2.24,5.750746417,31:20.8,12.8,-9.8,113,0,0,0,0.5,0,0,-0.2,-37.2,0,0,0.076,0,0,502.9,0:02:10,32.2,0,--.--,31,50.6,39,0000:00:00,96,0,0,0,40,0,0,0,0,0,0,1,175.17,11:31:20,9/22/2023,93.63,48.36,--.--
high,0,304,5.07,15.76,14.48,382,228.2048,2.36,5.814136639,31:21.8,10.3,-10.6,112,0,0,0,0.2,0,0,0,-37.8,0,0,0.06,0,0,502.9,0:02:11,32.3,0,--.--,29,50.3,65,0000:00:00,96,0,0,0,40,0,0,0,0,0,0,1,228.18,11:31:21,9/22/2023,93.63,48.36,--.--
high,0,305,5.08,16.02,6.36,383,101.8872,2.01,5.842438639,31:22.8,13.6,-8,105,0,0,0,0.1,0,0,0.3,-37.5,0,0,0.169,0,0,568.3,0:02:12,32,0,--.--,28,50,70,0000:00:00,96,0,0,0,40,0,0,0,0,0,0,1,101.89,11:31:22,9/22/2023,93.65,48.36,--.--
high,0,306,5.1,15.9,12.11,386,192.549,2.28,5.895924472,31:23.8,15.8,-12.3,103,0,0,0,0.3,0,0,0,-36.8,0,0,-11.197,0,0,568.3,0:02:13,31.8,0,--.--,26,49.4,68,0000:00:00,96,0,0,0,40,0,0,0,0,0,0,1,192.6,11:31:23,9/22/2023,93.65,48.36,--.--
high,0,307,5.12,15.81,14.68,390,232.0908,2.37,5.960394139,31:24.8,11.6,-7.9,98,0,0,0,0.1,0,0,0.1,-36.3,0,0,-11.05,0,0,568.3,0:02:14,31.5,0,--.--,25,48.7,50,0000:00:00,97,0,0,0,40,0,0,0,0,0,0,1,232.12,11:31:24,9/22/2023,93.65,48.36,--.--
high,0,308,5.13,16.21,1.29,390,20.9109,1.32,5.966202722,31:25.8,16.2,-5.8,98,0,0,0,0.2,0,0,0.1,-36,0,0,-10.96,0,0,568.3,0:02:15,31.2,0,--.--,23,48.2,50,0000:00:00,65,0,0,0,40,0,0,0,0,0,0,1,20.91,11:31:25,9/22/2023,93.65,48.36,--.--
high,0,309,5.15,15.89,11.27,391,179.0803,2.25,6.01594725,31:26.8,16.5,-10.3,101,0,0,0,0.3,0,0,-0.1,-35.8,0,0,-10.933,0,0,568.3,0:02:16,31.4,0,--.--,22,48,49,0000:00:00,62,0,0,0,40,0,0,0,0,0,0,1,179.14,11:31:26,9/22/2023,93.69,48.36,--.--
high,0,310,5.17,15.91,10.84,394,172.4644,2.24,6.063854028,31:27.8,15.6,-9.1,101,0,0,0,0.5,0,0,0.1,-36,0,0,-10.956,0,0,600.4,0:02:17,0,0,--.--,--.--,22.7,56,0000:00:00,62,0,0,0,40,0,0,0,0,0,0,1,172.51,11:31:27,9/22/2023,93.69,48.36,--.--
high,0,311,5.18,15.74,15.51,398,244.1274,2.39,6.131667194,31:28.8,17.7,-8.6,100,0,0,0,0.5,0,0,0.2,-35.6,0,0,-10.82,0,0,631.7,0:02:18,31,0,--.--,20,47.3,64,0000:00:00,62,0,0,0,40,0,0,0,0,0,0,1,244.17,11:31:28,9/22/2023,93.69,48.36,--.--
high,0,312,5.2,15.59,20.57,404,320.6863,2.51,6.220746722,31:29.8,13.4,-9.5,98,0,0,0,0.6,0,0,0.2,-34.9,0,0,-10.599,0,0,631.7,0:02:19,30.3,0,--.--,20,46.6,64,0000:00:00,62,0,0,0,40,0,0,0,0,0,0,1,320.75,11:31:29,9/22/2023,93.7,48.36,--.--
high,0,313,5.22,15.51,22.4,410,347.424,2.54,6.317253389,31:30.8,12.7,-8.9,99,0,0,0,0.6,0,0,0,-34.4,0,0,-10.466,0,0,631.7,0:02:20,29.1,0,--.--,18,45.1,51,0000:00:00,62,0,0,0,40,0,0,0,0,0,0,1,347.51,11:31:30,9/22/2023,93.7,48.36,--.--
high,0,314,5.23,15.8,13.12,414,207.296,2.32,6.374835611,31:31.8,16.6,-9.3,99,0,0,0,0.5,0,0,0.1,-34.2,0,0,-10.418,0,0,631.7,0:02:21,27.9,0,--.--,17,43.9,60,0000:00:00,62,0,0,0,40,0,0,0,0,0,0,1,207.32,11:31:31,9/22/2023,93.72,48.36,--.--
high,0,315,5.25,15.84,14.45,419,228.888,2.36,6.438415611,31:32.8,14.1,-12.2,97,0,0,0,0.3,0,0,0,-33.9,0,0,-10.321,0,0,631.7,0:02:22,27.2,0,--.--,16,43,56,0000:00:00,62,0,0,0,40,0,0,0,0,0,0,1,228.84,11:31:32,9/22/2023,93.74,48.36,--.--
high,0,316,5.27,15.85,11.49,422,182.1165,2.26,6.489003528,31:33.8,13.3,-9,98,0,0,0,0.3,0,0,-0.1,-33.9,0,0,-10.332,0,0,689.7,0:02:23,26.7,0,--.--,15,42.4,50,0000:00:00,62,0,0,0,40,0,0,0,0,0,0,1,182.14,11:31:33,9/22/2023,93.76,48.36,--.--
high,0,317,5.28,15.87,11.17,425,177.2679,2.25,6.538244611,31:34.8,18,-8.1,93,0,0,0,0.3,0,0,-0.1,-34.2,0,0,-10.418,0,0,689.7,0:02:24,26.4,0,--.--,15,42,66,0000:00:00,62,0,0,0,40,0,0,0,0,0,0,1,177.23,11:31:34,9/22/2023,93.76,48.34,--.--
high,0,318,5.3,15.84,12.46,429,197.3664,2.3,6.593068611,31:35.8,19.1,-3.1,91,0,0,0,0.2,0,0,-0.1,-34.2,0,0,-10.447,0,0,689.7,0:02:25,25.9,0,--.--,16,41.8,50,0000:00:00,62,0,0,0,40,0,0,0,0,0,0,1,197.34,11:31:35,9/22/2023,93.76,48.36,--.--
high,0,319,5.32,15.85,11.69,432,185.2865,2.27,6.644537083,31:36.8,19.8,-5.2,91,0,0,0,0.2,0,0,-0.1,-34.6,0,0,-10.568,0,0,689.7,0:02:26,25.8,0,--.--,15,41.5,56,0000:00:00,62,0,0,0,40,0,0,0,0,0,0,1,185.23,11:31:36,9/22/2023,93.78,48.34,--.--
high,0,320,5.33,15.54,21.52,437,334.4208,2.52,6.73743175,31:37.8,19.3,-4.7,86,0,0,0,0.1,0,0,0,-34.8,0,0,-10.611,0,0,689.7,0:02:27,26,0,--.--,14,41.4,53,0000:00:00,62,0,0,0,40,0,0,0,0,0,0,1,334.53,11:31:37,9/22/2023,93.78,48.34,--.--
high,0,321,5.35,15.6,19.47,441,303.732,2.48,6.82180175,31:38.8,18.5,-5,84,0,0,0,0.2,0,0,0,-34.9,0,0,-10.637,0,0,716.4,0:02:28,0,0,--.--,--.--,22.7,57,0000:00:00,62,0,0,0,40,0,0,0,0,0,0,1,303.63,11:31:38,9/22/2023,93.79,48.34,--.--
high,0,322,5.37,15.8,12.38,445,195.604,2.29,6.876136194,31:39.8,14.3,-6.7,85,0,0,0,0.3,0,0,0,-35,0,0,-10.66,0,0,742.2,0:02:29,26.1,0,--.--,13,41.3,53,0000:00:00,62,0,0,0,40,0,0,0,0,0,0,1,195.57,11:31:39,9/22/2023,93.81,48.34,--.--
high,0,323,5.38,15.84,12.05,449,190.872,2.28,6.929156194,31:40.8,14.2,-4.8,83,0,0,0,0.4,0,0,0,-35,0,0,-10.66,0,0,742.2,0:02:30,26.4,0,--.--,11,41.2,53,0000:00:00,62,0,0,0,40,0,0,0,0,0,0,1,190.85,11:31:40,9/22/2023,93.81,48.34,--.--
high,0,324,5.4,15.82,11.77,452,186.2014,2.27,6.980878806,31:41.8,13.9,-7,92,0,0,0,0.4,0,0,0,-34.8,0,0,-10.596,0,0,742.2,0:02:31,26.2,0,--.--,10,40.8,50,0000:00:00,62,0,0,0,40,0,0,0,0,0,0,1,186.15,11:31:41,9/22/2023,93.81,48.34,--.--
high,0,325,5.42,15.86,11.45,456,181.597,2.26,7.031322417,31:42.8,14.4,-5,73,0,0,0,0.5,0,0,0,-34.6,0,0,-10.542,0,0,742.2,0:02:32,26.1,0,--.--,10,40.6,50,0000:00:00,62,0,0,0,40,0,0,0,0,0,0,1,181.55,11:31:42,9/22/2023,93.81,48.34,--.--
high,0,326,5.43,15.85,11.18,459,177.203,2.25,7.080545472,31:43.8,16.6,-6,75,0,0,0,0.4,0,0,0.1,-34.6,0,0,-10.544,0,0,742.2,0:02:33,25.6,0,--.--,9,40.1,70,0000:00:00,62,0,0,0,40,0,0,0,0,0,0,1,177.16,11:31:43,9/22/2023,93.85,48.34,--.--
high,0,327,5.45,15.51,22.41,463,347.5791,2.54,7.177095222,31:44.8,18.2,-7.9,75,0,0,0,0.4,0,0,0.1,-34.3,0,0,-10.441,0,0,742.2,0:02:34,25,0,--.--,9,39.6,59,0000:00:00,62,0,0,0,40,0,0,0,0,0,0,1,347.51,11:31:44,9/22/2023,93.87,48.34,--.--
high,0,328,5.47,15.65,13.59,468,212.6835,2.33,7.236173972,31:45.8,12.7,-7.1,75,0,0,0,0.4,0,0,0,-34.3,0,0,-10.473,0,0,742.2,0:02:35,24.9,0,--.--,9,39.3,50,0000:00:00,62,0,0,0,40,0,0,0,0,0,0,1,212.63,11:31:45,9/22/2023,93.87,48.34,--.--
high,0,329,5.48,15.8,12.33,471,194.814,2.29,7.290288972,31:46.8,15.3,-3.5,75,0,0,0,0.4,0,0,-0.1,-34.8,0,0,-10.62,0,0,742.2,0:02:36,24.4,0,--.--,7,38.6,57,0000:00:00,62,0,0,0,40,0,0,0,0,0,0,1,194.84,11:31:46,9/22/2023,93.88,48.33,--.--
high,0,330,5.5,15.78,13.57,475,214.1346,2.33,7.349770806,31:47.8,14.6,-4,75,0,0,0,0.4,0,0,-0.1,-35.1,0,0,-10.715,0,0,742.2,0:02:37,24.3,0,--.--,6,38.3,56,0000:00:00,62,0,0,0,40,0,0,0,0,0,0,1,214.16,11:31:47,9/22/2023,93.9,48.33,--.--
high,0,331,5.52,15.77,12.96,479,204.3792,2.31,7.406542806,31:48.8,15.2,-5.2,74,0,0,0,0.4,0,0,0,-35.2,0,0,-10.723,0,0,742.2,0:02:38,23.1,0,--.--,5,37,60,0000:00:00,62,0,0,0,40,0,0,0,0,0,0,1,204.41,11:31:48,9/22/2023,93.9,48.34,--.--
high,0,332,5.53,15.71,14.88,483,233.7648,2.37,7.471477472,31:49.8,16.7,-4,74,0,0,0,0.3,0,0,0.2,-34.9,0,0,-10.608,0,0,767.9,0:02:39,0,0,--.--,--.--,22.7,63,0000:00:00,62,0,0,0,40,0,0,0,0,0,0,1,233.71,11:31:49,9/22/2023,93.92,48.33,--.--
high,0,333,5.55,16.12,3.12,485,50.2944,1.7,7.485448139,31:50.8,15.8,-5.3,73,0,0,0,0.3,0,0,0.2,-34.2,0,0,-10.373,0,0,790.6,0:02:40,22.6,0,--.--,4,36.4,59,0000:00:00,62,0,40,0,40,0,0,0,0,0,0,1,50.29,11:31:50,9/22/2023,93.92,48.34,--.--
high,0,334,5.57,16.08,3.35,486,53.868,1.73,7.500411472,31:51.8,15.5,-3.6,73,0,0,0,0.2,0,0,0.2,-33.4,0,0,-10.136,0,0,790.6,0:02:41,22.5,0,--.--,4,36.3,53,0000:00:00,62,0,70,0,40,0,0,0,0,0,0,1,53.86,11:31:51,9/22/2023,93.94,48.34,--.--
high,0,335,5.58,16.1,4.28,487,68.908,1.84,7.519552583,31:52.8,16,-0.2,77,0,0,0,0.1,0,0,0.1,-32.8,0,0,-9.977,0,0,790.6,0:02:42,21.8,0,--.--,5,35.9,49,0000:00:00,62,0,80,0,40,0,0,0,0,0,0,1,68.9,11:31:52,9/22/2023,93.94,48.33,--.--
high,0,336,5.6,15.76,14.11,490,222.3736,2.35,7.581323028,31:53.8,14.9,-7.2,76,0,0,0,0.2,0,0,-0.1,-32.7,0,0,-9.987,0,0,790.6,0:02:43,21.9,0,--.--,7,36.4,49,0000:00:00,62,0,80,0,40,0,0,0,0,0,0,1,222.37,11:31:53,9/22/2023,93.94,48.34,--.--
high,0,337,5.62,15.7,15.43,495,242.251,2.38,7.648614972,31:54.8,16.5,-3.3,76,0,0,0,0.3,0,0,-0.1,-33,0,0,-10.09,0,0,790.6,0:02:44,21.5,0,--.--,8,36.4,50,0000:00:00,62,0,80,0,40,0,0,0,0,0,0,1,242.24,11:31:54,9/22/2023,93.97,48.34,--.--
high,0,338,5.63,15.64,18.09,499,282.9276,2.45,7.727205972,31:55.8,16,-2.5,75,0,0,0,0.4,0,0,-0.1,-33.5,0,0,-10.247,0,0,834.9,0:02:45,21.7,0,--.--,8,36.6,50,0000:00:00,62,0,80,0,40,0,0,0,0,0,0,1,282.87,11:31:55,9/22/2023,93.97,48.34,--.--
high,0,339,5.65,15.61,18.42,504,287.5362,2.46,7.807077139,31:56.8,15.6,-3.6,75,0,0,0,0.5,0,0,-0.1,-34.1,0,0,-10.402,0,0,834.9,0:02:46,21.5,0,--.--,8,36.4,57,0000:00:00,62,0,80,0,40,0,0,0,0,0,0,1,287.54,11:31:56,9/22/2023,93.97,48.34,--.--
high,0,340,5.67,15.6,18.75,510,292.5,2.47,7.888327139,31:57.8,15.5,-5.5,75,0,0,0,0.3,0,0,0,-34.3,0,0,-10.458,0,0,834.9,0:02:47,21.7,0,--.--,8,36.6,64,0000:00:00,62,0,80,0,40,0,0,0,0,0,0,1,292.54,11:31:57,9/22/2023,93.97,48.34,--.--
high,0,341,5.68,15.62,19.17,515,299.4354,2.48,7.971503639,31:58.8,14.2,-7,75,0,0,0,0.3,0,0,0,-34.1,0,0,-10.413,0,0,834.9,0:02:48,21.8,0,--.--,6,36.2,59,0000:00:00,62,0,80,0,40,0,0,0,0,0,0,1,299.45,11:31:58,9/22/2023,94.01,48.34,--.--
high,0,342,5.7,15.63,17.02,521,266.0226,2.42,8.045398806,31:59.8,15.1,-6.1,75,0,0,0,0.2,0,0,0,-33.9,0,0,-10.347,0,0,834.9,0:02:49,21.8,0,--.--,6,36.1,60,0000:00:00,62,0,80,0,40,0,0,0,0,0,0,1,266.01,11:31:59,9/22/2023,94.01,48.34,--.--
high,0,343,5.72,15.7,14.64,526,229.848,2.36,8.109245472,32:00.8,12,-6.1,75,0,0,0,0.2,0,0,0,-33.7,0,0,-10.28,0,0,856.6,0:02:50,0,0,--.--,--.--,22.7,53,0000:00:00,62,0,80,0,40,0,0,0,0,0,0,1,229.89,11:32:00,9/22/2023,94.01,48.33,--.--
high,0,344,5.73,15.7,15.12,530,237.384,2.38,8.175185472,32:01.8,13.5,-5.4,75,0,0,0,0.1,0,0,0,-33.7,0,0,-10.27,0,0,878.4,0:02:51,22.3,0,--.--,3,36,54,0000:00:00,62,0,80,0,40,0,0,0,0,0,0,1,237.41,11:32:01,9/22/2023,94.03,48.34,--.--
high,0,345,5.75,15.71,14.43,534,226.6953,2.36,8.238156389,32:02.9,15.4,-5.6,75,0,0,0,0.1,0,0,0,-33.9,0,0,-10.308,0,0,878.4,0:02:52,21.9,0,--.--,2,35.4,62,0000:00:00,62,0,80,0,40,0,0,0,0,0,0,1,226.62,11:32:02,9/22/2023,94.05,48.33,--.--
high,0,346,5.77,15.47,25.05,540,387.5235,2.59,8.345801806,32:03.9,16.9,-4.5,75,0,0,0,0.1,0,0,0.1,-33.6,0,0,-10.261,0,0,878.4,0:02:53,22,0,--.--,2,35.4,53,0000:00:00,62,0,80,0,40,0,0,0,0,0,0,1,387.52,11:32:03,9/22/2023,94.06,48.34,--.--
high,0,347,5.78,15.7,14.35,545,225.295,2.35,8.40838375,32:04.9,15,-6.6,73,0,0,0,0.1,0,0,-0.1,-33.8,0,0,-10.285,0,0,878.4,0:02:54,22,0,--.--,1,35.1,51,0000:00:00,62,0,80,0,40,0,0,0,0,0,0,1,225.27,11:32:04,9/22/2023,94.06,48.34,--.--
high,0,348,5.8,15.71,14.32,549,224.9672,2.35,8.470874639,32:05.9,17.1,-2,75,0,0,0,0.1,0,0,-0.1,-34.2,0,0,-10.402,0,0,878.4,0:02:55,21.6,0,--.--,0,34.6,50,0000:00:00,62,0,80,0,40,0,0,0,0,0,0,1,224.95,11:32:05,9/22/2023,94.08,48.33,--.--
high,0,349,5.82,15.71,14.33,552,225.1243,2.35,8.533409167,32:06.9,18.7,-1.5,75,0,0,0,0.1,0,0,-0.1,-34.6,0,0,-10.529,0,0,878.4,0:02:56,21.1,0,--.--,359,34,50,0000:00:00,62,0,80,0,40,0,0,0,0,0,0,1,225.07,11:32:06,9/22/2023,94.08,48.33,--.--
high,0,350,5.83,15.71,14.2,556,223.082,2.35,8.595376389,32:07.9,15.6,-5.9,74,0,0,0,0.1,0,0,-0.1,-34.8,0,0,-10.599,0,0,878.4,0:02:57,21.1,0,--.--,359,34,50,0000:00:00,62,0,80,0,40,0,0,0,0,0,0,1,223.14,11:32:07,9/22/2023,94.1,48.34,--.--
high,0,351,5.85,15.64,14.64,560,228.9696,2.36,8.658979056,32:08.9,18.3,0.2,75,0,0,0,0.1,0,0,0,-34.7,0,0,-10.593,0,0,878.4,0:02:58,20.6,0,--.--,358,33.5,52,0000:00:00,62,0,80,0,40,0,0,0,0,0,0,1,229,11:32:08,9/22/2023,94.1,48.34,--.--
high,0,352,5.87,15.69,14.55,565,228.2895,2.36,8.722392806,32:09.9,17,-1.6,75,0,0,0,0.1,0,0,0,-34.5,0,0,-10.533,0,0,878.4,0:02:59,20.5,0,--.--,359,33.5,54,0000:00:00,62,0,80,0,40,0,0,0,0,0,0,1,228.26,11:32:09,9/22/2023,94.1,48.33,--.--
high,0,353,5.88,15.7,16.12,569,253.084,2.4,8.792693917,32:10.9,17.6,-5.6,73,0,0,0,0,0,0,0.1,-34.4,0,0,-10.494,0,0,878.4,0:03:00,20.2,0,--.--,358,33.2,63,0000:00:00,62,0,80,0,40,0,0,0,0,0,0,1,253.04,11:32:10,9/22/2023,94.1,48.34,--.--
high,0,354,5.9,15.48,20.34,574,314.8632,2.5,8.880155917,32:11.9,18.6,-3.2,74,0,0,0,0,0,0,0.1,-34.2,0,0,-10.422,0,0,900.3,0:03:01,0,0,--.--,--.--,22.7,61,0000:00:00,62,0,80,0,40,0,0,0,0,0,0,1,314.84,11:32:11,9/22/2023,94.1,48.33,--.--
high,0,355,5.92,15.64,17.98,579,281.2072,2.45,8.958269028,32:12.9,17.7,-5,74,0,0,0,0.1,0,0,0.1,-34.1,0,0,-10.392,0,0,919.9,0:03:02,19.1,0,--.--,358,32.3,59,0000:00:00,62,0,80,0,40,0,0,0,0,0,0,1,281.14,11:32:12,9/22/2023,94.14,48.33,--.--
high,0,356,5.93,15.63,16.32,583,255.0816,2.41,9.029125028,32:13.9,16.8,-4.3,74,0,0,0,0.1,0,0,0,-34.2,0,0,-10.413,0,0,919.9,0:03:03,19.1,0,--.--,358,32.3,57,0000:00:00,62,0,80,0,40,0,0,0,0,0,0,1,255.07,11:32:13,9/22/2023,94.14,48.33,--.--
high,0,357,5.95,15.65,14.87,588,232.7155,2.37,9.093768222,32:14.9,16.4,-4,74,0,0,0,0.1,0,0,-0.1,-34.3,0,0,-10.454,0,0,919.9,0:03:04,18.6,0,--.--,357,31.7,56,0000:00:00,62,0,80,0,40,0,0,0,0,0,0,1,232.79,11:32:14,9/22/2023,94.15,48.33,--.--
high,0,358,5.97,15.67,14.96,592,234.4232,2.37,9.158885778,32:15.9,16,-3.9,73,0,0,0,0.1,0,0,0,-34.4,0,0,-10.483,0,0,919.9,0:03:05,18.6,0,--.--,357,31.7,56,0000:00:00,62,0,80,0,40,0,0,0,0,0,0,1,234.39,11:32:15,9/22/2023,94.15,48.33,--.--
high,0,359,5.98,15.67,14.88,596,233.1696,2.37,9.223655111,32:16.9,15.7,-3.4,74,0,0,0,0.1,0,0,0,-34.4,0,0,-10.481,0,0,919.9,0:03:06,19.5,0,--.--,355,31.9,53,0000:00:00,62,0,80,0,40,0,0,0,0,0,0,1,233.21,11:32:16,9/22/2023,94.15,48.33,--.--
high,0,360,6,15.67,14.93,600,233.9531,2.37,9.288642083,32:17.9,17,-1.8,75,0,0,0,0.1,0,0,0,-34.3,0,0,-10.464,0,0,919.9,0:03:07,19.5,0,--.--,354,31.5,53,0000:00:00,62,0,80,0,40,0,0,0,0,0,0,1,233.94,11:32:17,9/22/2023,94.17,48.33,--.--
high,0,361,6.02,15.69,14.26,604,223.7394,2.35,9.350791917,32:18.9,15.4,-5,74,0,0,0,0.1,0,0,0,-34.3,0,0,-10.463,0,0,919.9,0:03:08,19.4,0,--.--,352,31,50,0000:00:00,62,0,80,0,40,0,0,0,0,0,0,1,223.74,11:32:18,9/22/2023,94.17,48.33,--.--
high,0,362,6.03,15.69,14.59,608,228.9171,2.36,9.41438,32:19.9,17.4,-1.8,75,0,0,0,0,0,0,0,-34.4,0,0,-10.488,0,0,919.9,0:03:09,19.5,0,--.--,351,30.8,50,0000:00:00,62,0,80,0,40,0,0,0,0,0,0,1,228.98,11:32:19,9/22/2023,94.19,48.33,--.--
high,0,363,6.05,15.69,14.55,612,228.2895,2.36,9.47779375,32:20.9,19.1,-2.4,75,0,0,0,0.1,0,0,0,-34.6,0,0,-10.534,0,0,919.9,0:03:10,19.6,0,--.--,350,30.7,50,0000:00:00,62,0,80,0,40,0,0,0,0,0,0,1,228.26,11:32:20,9/22/2023,94.19,48.33,--.--
high,0,364,6.07,15.68,14.47,616,226.8896,2.36,9.540818639,32:21.9,14.3,-5,74,0,0,0,0.1,0,0,0,-34.8,0,0,-10.607,0,0,919.9,0:03:11,19.5,0,--.--,347,29.7,50,0000:00:00,62,0,80,0,40,0,0,0,0,0,0,1,226.95,11:32:21,9/22/2023,94.21,48.34,--.--
high,0,365,6.08,15.69,14.41,620,226.0929,2.35,9.603622222,32:22.9,19,-2.3,75,0,0,0,0.1,0,0,0,-35,0,0,-10.659,0,0,939.6,0:03:12,0,0,--.--,--.--,22.7,50,0000:00:00,62,0,80,0,40,0,0,0,0,0,0,1,226.09,11:32:22,9/22/2023,94.21,48.33,--.--
high,0,366,6.1,15.68,14.42,624,226.1056,2.35,9.666429333,32:23.9,17.4,-5.2,74,0,0,0,0.2,0,0,0,-35.2,0,0,-10.711,0,0,958.7,0:03:13,19.2,0,--.--,342,28.4,50,0000:00:00,62,0,80,0,40,0,0,0,0,0,0,1,226.16,11:32:23,9/22/2023,94.21,48.34,--.--
high,0,367,6.12,15.72,14.02,628,220.3944,2.34,9.72765,32:24.9,18.1,-4.2,75,0,0,0,0.1,0,0,0,-35.3,0,0,-10.75,0,0,958.7,0:03:14,19.6,0,--.--,341,28.5,50,0000:00:00,62,0,80,0,40,0,0,0,0,0,0,1,220.34,11:32:24,9/22/2023,94.23,48.33,--.--
high,0,368,6.13,15.73,13.06,632,205.4338,2.31,9.784714944,32:25.9,19.4,-1.2,77,0,0,0,0.2,0,0,0,-35.2,0,0,-10.73,0,0,958.7,0:03:15,19.3,0,--.--,340,27.9,50,0000:00:00,62,0,80,0,40,0,0,0,0,0,0,1,205.41,11:32:25,9/22/2023,94.23,48.33,--.--
high,0,369,6.15,15.73,13.21,636,207.7933,2.32,9.842435306,32:26.9,14.8,-7,75,0,0,0,0.2,0,0,0,-34.8,0,0,-10.624,0,0,958.7,0:03:16,19,0,--.--,339,27.3,50,0000:00:00,62,0,80,0,40,0,0,0,0,0,0,1,207.79,11:32:26,9/22/2023,94.23,48.33,--.--
high,0,370,6.17,15.73,13.27,639,208.7371,2.32,9.900417833,32:27.9,14.4,-6.2,74,0,0,0,0.2,0,0,0,-34.7,0,0,-10.58,0,0,958.7,0:03:17,19.1,0,--.--,334,26.2,50,0000:00:00,62,0,80,0,40,0,0,0,0,0,0,1,208.71,11:32:27,9/22/2023,94.24,48.33,--.--
high,0,371,6.18,15.68,15.89,643,249.1552,2.4,9.969627611,32:28.9,20.7,0.8,76,0,0,0,0.1,0,0,0,-35,0,0,-10.638,0,0,958.7,0:03:18,19.1,0,--.--,332,25.5,50,0000:00:00,62,0,80,0,40,0,0,0,0,0,0,1,249.17,11:32:28,9/22/2023,94.24,48.34,--.--
high,0,372,6.2,15.65,15.84,648,247.896,2.39,10.03848761,32:29.9,16.6,-5.6,78,0,0,0,0.2,0,0,-0.1,-35.5,0,0,-10.786,0,0,958.7,0:03:19,18.7,0,--.--,330,24.6,50,0000:00:00,62,0,80,0,40,0,0,0,0,0,0,1,247.98,11:32:29,9/22/2023,94.26,48.34,--.--
high,0,373,6.22,15.64,15.55,652,243.202,2.39,10.10604372,32:30.9,16.1,-5.9,73,0,0,0,0.2,0,0,-0.1,-36,0,0,-10.956,0,0,958.7,0:03:20,18.5,0,--.--,328,24,50,0000:00:00,62,0,80,0,40,0,0,0,0,0,0,1,243.16,11:32:30,9/22/2023,94.26,48.34,--.--
high,0,374,6.23,15.65,15.49,656,242.4185,2.38,10.17338219,32:31.9,16.6,-5.7,73,0,0,0,0.3,0,0,-0.2,-36.7,0,0,-11.162,0,0,958.7,0:03:21,18.9,0,--.--,326,23.6,50,0000:00:00,62,0,80,0,40,0,0,0,0,0,0,1,242.39,11:32:31,9/22/2023,94.26,48.33,--.--
high,0,375,6.25,15.64,15.63,660,244.4532,2.39,10.24128586,32:32.9,21,1.7,76,0,0,0,0.2,0,0,-0.1,-37.2,0,0,-11.321,0,0,965.6,0:03:22,19.7,0,--.--,322,22.7,50,0000:00:00,62,0,80,0,40,0,0,0,0,0,0,1,244.39,11:32:32,9/22/2023,94.26,48.34,--.--
high,0,376,6.27,15.63,15.71,665,245.5473,2.39,10.30949344,32:33.9,16.7,-4.9,73,0,0,0,0.1,0,0,-0.1,-37.3,0,0,-11.366,0,0,965.6,0:03:23,20.2,0,--.--,322,23,50,0000:00:00,62,0,80,0,40,0,0,0,0,0,0,1,245.63,11:32:33,9/22/2023,94.26,48.34,--.--
high,0,377,6.28,15.64,15.34,669,239.9176,2.38,10.37613722,32:34.9,16.7,-6.2,74,0,0,0,0.1,0,0,-0.1,-37.2,0,0,-11.343,0,0,1006.4,0:03:24,21.3,0,--.--,320,23.1,50,0000:00:00,62,0,80,0,40,0,0,0,0,0,0,1,239.96,11:32:34,9/22/2023,94.3,48.33,--.--
high,0,378,6.3,15.65,15.44,673,241.636,2.38,10.44325833,32:35.9,17.8,-3.5,74,0,0,0,0.1,0,0,-0.1,-37.3,0,0,-11.375,0,0,1006.4,0:03:25,22,0,--.--,320,23.1,50,0000:00:00,62,0,80,0,40,0,0,0,0,0,0,1,241.59,11:32:35,9/22/2023,94.32,48.33,--.--
high,0,379,6.32,15.65,15.31,678,239.6015,2.38,10.50981431,32:36.9,19,-2.8,75,0,0,0,0.1,0,0,-0.1,-37.7,0,0,-11.475,0,0,1006.4,0:03:26,23.3,0,--.--,319,23.5,50,0000:00:00,62,0,80,0,40,0,0,0,0,0,0,1,239.57,11:32:36,9/22/2023,94.32,48.34,--.--
high,0,380,6.33,15.64,3.3,682,51.612,1.71,10.52415097,32:37.9,21.1,-1.3,75,0,0,0,0.3,0,0,0.1,-37.9,0,0,-11.566,0,0,1006.4,0:03:27,23.8,0,--.--,317,23.2,68,0000:00:00,62,0,80,0,40,0,0,0,0,0,0,1,51.63,11:32:37,9/22/2023,94.32,48.34,--.--
high,0,381,6.35,15.67,13.82,684,216.5594,2.34,10.58430636,32:38.9,20.9,-2.5,62,0,0,0,0.2,0,0,0.2,-37.4,0,0,-11.406,0,0,1006.4,0:03:28,24.2,0,--.--,317,23.5,50,0000:00:00,62,0,80,0,40,0,0,0,0,0,0,1,216.6,11:32:38,9/22/2023,94.32,48.34,--.--
high,0,382,6.37,15.65,12.7,690,198.755,2.3,10.63951608,32:39.9,18.6,-4.1,60,0,0,0,0.2,0,0,0.1,-37,0,0,-11.288,0,0,1027.7,0:03:29,0,0,--.--,--.--,22.7,50,0000:00:00,62,0,80,0,40,0,0,0,0,0,0,1,198.7,11:32:39,9/22/2023,94.33,48.33,--.--
high,0,383,6.38,15.44,11.1,694,171.384,2.23,10.68712275,32:40.9,17.6,-4.4,63,0,0,0,0.3,0,0,0,-37,0,0,-11.261,0,0,1052.1,0:03:30,24.7,0,--.--,314,22.5,50,0000:00:00,62,0,80,0,40,0,0,0,0,0,0,1,171.35,11:32:40,9/22/2023,94.33,48.34,--.--
high,0,384,6.4,15.71,13.26,697,208.3146,2.32,10.74498792,32:41.9,19.9,-3.3,63,0,0,0,0.3,0,0,-0.1,-37.1,0,0,-11.314,0,0,1052.1,0:03:31,24.5,0,--.--,313,22.2,53,0000:00:00,62,0,80,0,40,0,0,0,0,0,0,1,208.31,11:32:41,9/22/2023,94.33,48.34,--.--
high,0,385,6.42,15.69,14.12,701,221.5428,2.35,10.80652758,32:42.9,21.8,-1.3,63,0,0,0,0.4,0,0,0,-37.1,0,0,-11.322,0,0,1052.1,0:03:32,24.5,0,--.--,312,22,54,0000:00:00,62,0,80,0,40,0,0,0,0,0,0,1,221.51,11:32:42,9/22/2023,94.35,48.34,--.--
high,0,386,6.43,15.63,18.2,706,284.466,2.45,10.88554592,32:43.9,22.4,-2.7,62,0,0,0,0.3,0,0,0,-36.9,0,0,-11.252,0,0,1052.1,0:03:33,24.3,0,--.--,312,21.6,56,0000:00:00,62,0,80,0,40,0,0,0,0,0,0,1,284.5,11:32:43,9/22/2023,94.35,48.33,--.--
high,0,387,6.45,15.61,16.74,711,261.3114,2.42,10.95813242,32:44.9,22.1,-2.7,61,0,0,0,0.3,0,0,0,-36.7,0,0,-11.192,0,0,1052.1,0:03:34,24.4,0,--.--,310,21.1,57,0000:00:00,62,0,80,0,40,0,0,0,0,0,0,1,261.24,11:32:44,9/22/2023,94.35,48.33,--.--
high,0,388,6.47,15.54,18,715,279.72,2.45,11.03583242,32:45.9,22.9,-2.8,61,0,0,0,0.2,0,0,0,-36.9,0,0,-11.23,0,0,1100.5,0:03:35,24.2,0,--.--,308,20.1,55,0000:00:00,62,0,80,0,40,0,0,0,0,0,0,1,279.77,11:32:45,9/22/2023,94.35,48.33,--.--
high,0,389,6.48,15.56,17.68,720,275.1008,2.44,11.11224931,32:46.9,22.1,-3.4,61,0,0,0,0.2,0,0,0,-37.4,0,0,-11.379,0,0,1100.5,0:03:36,24.5,0,--.--,308,20.4,60,0000:00:00,62,0,80,0,40,0,0,0,0,0,0,1,275.19,11:32:46,9/22/2023,94.37,48.34,--.--
high,0,390,6.5,15.51,20.23,726,313.7673,2.5,11.19940689,32:47.9,21.3,-1.3,54,0,0,0,0.2,0,0,0,-37.8,0,0,-11.503,0,0,1100.5,0:03:37,24.7,0,--.--,307,20.2,51,0000:00:00,62,0,80,0,40,0,0,0,0,0,0,1,313.79,11:32:47,9/22/2023,94.37,48.34,--.--
high,0,391,6.52,15.67,13.82,730,216.5594,2.34,11.25956228,32:48.9,21.8,-1,53,0,0,0,0.3,0,0,0,-37.9,0,0,-11.569,0,0,1100.5,0:03:38,24.7,0,--.--,305,19.5,57,0000:00:00,62,0,80,0,40,0,0,0,0,0,0,1,216.53,11:32:48,9/22/2023,94.37,48.34,--.--
high,0,392,6.53,15.65,13.7,734,214.405,2.33,11.31911922,32:49.9,21.2,-3,53,0,0,0,0.3,0,0,0,-37.7,0,0,-11.499,0,0,1100.5,0:03:39,25.7,0,--.--,305,19.6,55,0000:00:00,62,0,80,0,40,0,0,0,0,0,0,1,214.42,11:32:49,9/22/2023,94.39,48.33,--.--
high,0,393,6.55,15.63,15.42,738,241.0146,2.38,11.38606772,32:50.9,23.5,1.9,56,0,0,0,0.2,0,0,0.1,-37.3,0,0,-11.374,0,0,1124.7,0:03:40,0,0,--.--,--.--,22.7,57,0000:00:00,62,0,80,0,40,0,0,0,0,0,0,1,241.03,11:32:50,9/22/2023,94.39,48.34,--.--
high,0,394,6.57,15.63,15.68,742,245.0784,2.39,11.45414506,32:51.9,22.8,-0.8,54,0,0,0,0.2,0,0,0.1,-36.8,0,0,-11.239,0,0,1150.6,0:03:41,26,0,--.--,301,18.3,59,0000:00:00,62,0,80,0,40,0,0,0,0,0,0,1,245.02,11:32:51,9/22/2023,94.39,48.33,--.--
high,0,395,6.58,15.56,17.14,747,266.6984,2.43,11.52822794,32:52.9,24.5,-2.9,53,0,0,0,0.2,0,0,0.2,-36.5,0,0,-11.125,0,0,1150.6,0:03:42,26.1,0,--.--,299,17.7,62,0000:00:00,62,0,80,0,40,0,0,0,0,0,0,1,266.66,11:32:52,9/22/2023,94.39,48.33,--.--
high,0,396,6.6,15.6,16.37,751,255.372,2.41,11.59916461,32:53.9,24.5,-3,54,0,0,0,0.2,0,0,0.2,-36.2,0,0,-11.026,0,0,1150.6,0:03:43,26.2,0,--.--,298,17.5,63,0000:00:00,62,0,80,0,40,0,0,0,0,0,0,1,255.36,11:32:53,9/22/2023,94.39,48.33,--.--
high,0,397,6.62,15.57,16.72,756,260.3304,2.42,11.67147861,32:54.9,24.9,-2.5,54,0,0,0,0.1,0,0,0.1,-36,0,0,-10.975,0,0,1150.6,0:03:44,25.9,0,--.--,299,17.4,63,0000:00:00,62,0,80,0,40,0,0,0,0,0,0,1,260.38,11:32:54,9/22/2023,94.42,48.33,--.--
high,0,398,6.63,15.61,12.99,760,202.7739,2.31,11.72780469,32:55.9,21.3,-0.9,55,0,0,0,0.2,0,0,0,-35.9,0,0,-10.95,0,0,1150.6,0:03:45,25.1,0,--.--,296,16,49,0000:00:00,62,0,80,0,40,0,0,0,0,0,0,1,202.76,11:32:55,9/22/2023,94.42,48.33,--.--
high,0,399,6.65,15.69,12.94,764,203.0286,2.31,11.78420153,32:56.9,19.2,-3.5,54,0,0,0,0.2,0,0,-0.1,-36.2,0,0,-11.037,0,0,1150.6,0:03:46,25,0,--.--,296,15.9,50,0000:00:00,62,0,80,0,40,0,0,0,0,0,0,1,202.98,11:32:56,9/22/2023,94.42,48.33,--.--
high,0,400,6.67,15.69,13.12,768,205.8528,2.31,11.84138286,32:57.9,22.4,0.7,56,0,0,0,0.1,0,0,-0.1,-36.6,0,0,-11.14,0,0,1150.6,0:03:47,25.7,0,--.--,295,16,50,0000:00:00,62,0,80,0,40,0,0,0,0,0,0,1,205.83,11:32:57,9/22/2023,94.42,48.33,--.--
high,0,401,6.68,15.68,13.22,771,207.2896,2.32,11.89896331,32:58.9,23.3,-0.5,55,0,0,0,0.1,0,0,0,-36.9,0,0,-11.231,0,0,1150.6,0:03:48,26,0,--.--,294,15.8,66,0000:00:00,62,0,80,0,40,0,0,0,0,0,0,1,207.33,11:32:58,9/22/2023,94.42,48.33,--.--
high,0,402,6.7,15.36,24.45,777,375.552,2.57,12.00328331,32:59.9,24.8,-2.5,54,0,0,0,0.1,0,0,0.2,-36.5,0,0,-11.135,0,0,1150.6,0:03:49,25.6,0,--.--,294,15.5,70,0000:00:00,62,0,80,0,40,0,0,0,0,0,0,1,375.65,11:32:59,9/22/2023,94.42,48.33,--.--
high,0,403,6.72,15.54,17.98,783,279.4092,2.45,12.08089697,33:00.9,24.4,-5.2,53,0,0,0,0.1,0,0,0.1,-35.8,0,0,-10.94,0,0,1150.6,0:03:50,25.6,0,--.--,293,15.2,58,0000:00:00,62,0,80,0,40,0,0,0,0,0,0,1,279.46,11:33:00,9/22/2023,94.42,48.33,--.--
high,0,404,6.73,15.68,13.23,787,207.4464,2.32,12.13852097,33:01.9,20.4,0.2,55,0,0,0,0.2,0,0,0,-35.6,0,0,-10.847,0,0,1176.5,0:03:51,0,0,--.--,--.--,22.7,50,0000:00:00,62,0,80,0,40,0,0,0,0,0,0,1,207.41,11:33:01,9/22/2023,94.42,48.33,--.--
high,0,405,6.75,15.67,13.78,791,215.9326,2.33,12.19850225,33:02.9,22.6,1.4,56,0,0,0,0.2,0,0,0,-35.7,0,0,-10.878,0,0,1201.6,0:03:52,24.7,0,--.--,293,14.8,50,0000:00:00,62,0,80,0,40,0,0,0,0,0,0,1,215.92,11:33:02,9/22/2023,94.46,48.33,--.--
high,0,406,6.77,15.67,13.02,794,204.0234,2.31,12.25517542,33:03.9,20.5,-2,53,0,0,0,0.1,0,0,0,-35.9,0,0,-10.929,0,0,1201.6,0:03:53,24.2,0,--.--,291,13.8,50,0000:00:00,62,0,80,0,40,0,0,0,0,0,0,1,204.05,11:33:03,9/22/2023,94.46,48.33,--.--
high,0,407,6.78,15.64,14.22,798,222.4008,2.35,12.31695342,33:04.9,20.3,-2.5,53,0,0,0,0.1,0,0,-0.1,-36.1,0,0,-11.003,0,0,1201.6,0:03:54,24,0,--.--,289,13,50,0000:00:00,62,0,80,0,40,0,0,0,0,0,0,1,222.4,11:33:04,9/22/2023,94.46,48.33,--.--
high,0,408,6.8,15.65,14.44,802,225.986,2.35,12.37972731,33:05.9,19.4,-4,52,0,0,0,0.2,0,0,-0.1,-36.6,0,0,-11.137,0,0,1201.6,0:03:55,23.9,0,--.--,287,12.2,50,0000:00:00,62,0,80,0,40,0,0,0,0,0,0,1,225.96,11:33:05,9/22/2023,94.48,48.33,--.--
high,0,409,6.82,15.65,14.1,806,220.665,2.34,12.44102314,33:06.9,19.4,-4.3,51,0,0,0,0.2,0,0,-0.1,-37.1,0,0,-11.289,0,0,1201.6,0:03:56,24.1,0,--.--,288,12.6,50,0000:00:00,62,0,80,0,40,0,0,0,0,0,0,1,220.64,11:33:06,9/22/2023,94.48,48.33,--.--
high,0,410,6.83,15.64,14.34,810,224.2776,2.35,12.50332247,33:07.9,20.5,-2,52,0,0,0,0.2,0,0,-0.1,-37.6,0,0,-11.447,0,0,1250.8,0:03:57,24.1,0,--.--,285,11.5,50,0000:00:00,62,0,80,0,40,0,0,0,0,0,0,1,224.23,11:33:07,9/22/2023,94.48,48.33,--.--
high,0,411,6.85,15.62,14.97,814,233.8314,2.37,12.56827564,33:08.9,24.5,2.8,55,0,0,0,0.3,0,0,-0.1,-37.9,0,0,-11.545,0,0,1250.8,0:03:58,24.3,0,--.--,286,11.9,50,0000:00:00,62,0,80,0,40,0,0,0,0,0,0,1,233.89,11:33:08,9/22/2023,94.48,48.33,--.--
high,0,412,6.87,15.62,15.03,818,234.7686,2.37,12.63348914,33:09.9,20.5,-3,52,0,0,0,0.2,0,0,0,-37.8,0,0,-11.537,0,0,1250.8,0:03:59,25,0,--.--,283,11,50,0000:00:00,62,0,80,0,40,0,0,0,0,0,0,1,234.78,11:33:09,9/22/2023,94.48,48.34,--.--
high,0,413,6.88,15.68,13.09,822,205.2512,2.31,12.69050336,33:10.9,23.5,-3.1,51,0,0,0,0,0,0,0.2,-37.5,0,0,-11.438,0,0,1250.8,0:04:00,24.9,0,--.--,284,11.2,61,0000:00:00,62,0,80,0,40,0,0,0,0,0,0,1,205.21,11:33:10,9/22/2023,94.5,48.33,--.--
high,0,414,6.9,15.53,16.49,827,256.0897,2.41,12.76163939,33:11.9,23.5,-3.4,50,0,0,0,0,0,0,0.1,-37,0,0,-11.283,0,0,1250.8,0:04:01,25,0,--.--,283,11,60,0000:00:00,62,0,80,0,40,0,0,0,0,0,0,1,256.09,11:33:11,9/22/2023,94.5,48.33,--.--
high,0,415,6.92,15.36,21.11,832,324.2496,2.51,12.85170872,33:12.9,24.4,-1.3,50,0,0,0,0.2,0,0,0.1,-36.9,0,0,-11.256,0,0,1274.8,0:04:02,0,0,--.--,--.--,22.7,61,0000:00:00,62,0,80,0,40,0,0,0,0,0,0,1,324.33,11:33:12,9/22/2023,94.5,48.33,--.--
high,0,416,6.93,15.46,23.65,838,365.629,2.56,12.95327233,33:13.9,22,-2.3,51,0,0,0,0.2,0,0,-0.1,-37.3,0,0,-11.346,0,0,1299.7,0:04:03,25.5,0,--.--,281,10.2,48,0000:00:00,62,0,80,0,40,0,0,0,0,0,0,1,365.7,11:33:13,9/22/2023,94.51,48.33,--.--
high,0,417,6.95,15.54,17.32,843,269.1528,2.43,13.028037,33:14.9,20.5,-0.1,49,0,0,0,0.2,0,0,-0.1,-37.9,0,0,-11.542,0,0,1299.7,0:04:04,26.3,0,--.--,280,10.4,49,0000:00:00,62,0,80,0,40,0,0,0,0,0,0,1,269.24,11:33:14,9/22/2023,94.51,48.33,--.--
high,0,418,6.97,15.54,17.28,848,268.5312,2.43,13.102629,33:15.9,21.5,-0.5,50,0,0,0,0.2,0,0,-0.2,-38.4,0,0,-11.707,0,0,1299.7,0:04:05,26.7,0,--.--,280,10.4,50,0000:00:00,62,0,80,0,40,0,0,0,0,0,0,1,268.48,11:33:15,9/22/2023,94.51,48.33,--.--
high,0,419,6.98,15.54,17.48,853,271.6392,2.43,13.17808433,33:16.9,21.8,-0.5,50,0,0,0,0.1,0,0,-0.1,-38.7,0,0,-11.805,0,0,1299.7,0:04:06,27.6,0,--.--,278,10.2,50,0000:00:00,62,0,80,0,40,0,0,0,0,0,0,1,271.71,11:33:16,9/22/2023,94.51,48.34,--.--
high,0,420,7,15.53,17.4,857,270.222,2.43,13.253146,33:17.9,23.7,-0.5,53,0,0,0,0.1,0,0,-0.1,-38.9,0,0,-11.849,0,0,1299.7,0:04:07,27.8,0,--.--,277,10.2,49,0000:00:00,62,0,80,0,40,0,0,0,0,0,0,1,270.29,11:33:17,9/22/2023,94.53,48.33,--.--
high,0,421,7.02,15.55,17.1,862,265.905,2.42,13.3270085,33:18.9,25.2,-0.7,56,0,0,0,0.1,0,0,-0.1,-39,0,0,-11.894,0,0,1352.9,0:04:08,28.3,0,--.--,278,10.5,49,0000:00:00,62,0,80,0,40,0,0,0,0,0,0,1,265.85,11:33:18,9/22/2023,94.53,48.33,--.--
high,0,422,7.03,15.55,17.26,867,268.393,2.43,13.40156211,33:19.9,24.3,-1.8,56,0,0,0,0.1,0,0,-0.1,-39.4,0,0,-11.989,0,0,1352.9,0:04:09,29,0,--.--,278,11.1,50,0000:00:00,62,0,80,0,40,0,0,0,0,0,0,1,268.43,11:33:19,9/22/2023,94.53,48.34,--.--
high,0,423,7.05,15.54,17.25,872,268.065,2.43,13.47602461,33:20.9,23.2,-0.9,56,0,0,0,0.1,0,0,-0.1,-39.9,0,0,-12.138,0,0,1352.9,0:04:10,29.5,0,--.--,277,11.1,49,0000:00:00,62,0,80,0,40,0,0,0,0,0,0,1,268.01,11:33:20,9/22/2023,94.55,48.34,--.--
high,0,424,7.07,15.54,16.54,877,257.0316,2.41,13.54742228,33:21.9,24,0.2,58,0,0,0,0.1,0,0,-0.1,-40.5,0,0,-12.316,0,0,1352.9,0:04:11,30.1,0,--.--,275,10.9,49,0000:00:00,62,0,80,0,40,0,0,0,0,0,0,1,257.11,11:33:21,9/22/2023,94.55,48.34,--.--
high,0,425,7.08,15.53,18.72,881,290.7216,2.46,13.62817828,33:22.9,23.1,-6.6,72,0,0,0,0.2,0,0,-0.2,-41.2,0,0,-12.55,0,0,1352.9,0:04:12,31,0,--.--,273,11.1,50,0000:00:00,62,0,80,0,40,0,0,0,0,0,0,1,290.7,11:33:22,9/22/2023,94.55,48.34,--.--
high,0,426,7.1,15.54,16.84,886,261.6936,2.42,13.70087094,33:23.9,25.9,-2.4,71,0,0,0,0.2,0,0,-0.2,-42,0,0,-12.776,0,0,1381.1,0:04:13,0,0,--.--,--.--,22.7,54,0000:00:00,62,0,80,0,40,0,0,0,0,0,0,1,261.69,11:33:23,9/22/2023,94.55,48.34,--.--
high,0,427,7.12,15.51,18.15,891,281.5065,2.45,13.77906719,33:24.9,24.9,-6.7,68,0,0,0,0.1,0,0,0.1,-42.2,0,0,-12.862,0,0,1412.8,0:04:14,32.2,0,--.--,274,12.3,70,0000:00:00,62,0,80,0,40,0,0,0,0,0,0,1,281.58,11:33:24,9/22/2023,94.55,48.34,--.--
high,0,428,7.13,15.35,23.59,897,362.1065,2.56,13.87965233,33:25.9,25.8,-7.8,70,0,0,0,0.2,0,0,0.2,-41.5,0,0,-12.659,0,0,1412.8,0:04:15,33.3,0,--.--,273,12.9,70,0000:00:00,62,0,80,0,40,0,0,0,0,0,0,1,362.18,11:33:25,9/22/2023,94.55,48.34,--.--
high,0,429,7.15,15.05,29.64,904,446.082,2.65,14.003564,33:26.9,22.4,-14.2,67,0,0,0,0.2,0,0,0,-40.6,0,0,-12.396,0,0,1412.8,0:04:16,34.3,0,--.--,275,14.4,50,0000:00:00,62,0,80,0,40,0,0,0,0,0,0,1,446.14,11:33:26,9/22/2023,94.55,48.34,--.--
high,0,430,7.17,15.31,12.9,909,197.499,2.3,14.05842483,33:27.9,26.8,-4.5,71,0,0,0,0.2,0,0,0.1,-40.6,0,0,-12.387,0,0,1412.8,0:04:17,34,0,--.--,274,13.8,70,0000:00:00,62,0,80,0,40,0,0,0,0,0,0,1,197.5,11:33:27,9/22/2023,94.55,48.34,--.--
high,0,431,7.18,15.3,24.18,914,369.954,2.57,14.16118983,33:29.0,22.7,-3.1,71,0,0,0,0.2,0,0,0,-40.4,0,0,-12.31,0,0,1412.8,0:04:18,34.9,0,--.--,275,15,48,0000:00:00,62,0,80,0,40,0,0,0,0,0,0,1,369.93,11:33:28,9/22/2023,94.55,48.34,--.--
high,0,432,7.2,15.53,16.41,919,254.8473,2.41,14.23198075,33:30.0,23.3,-3.6,69,0,0,0,0.2,0,0,0,-40.6,0,0,-12.386,0,0,1444.5,0:04:19,0,0,--.--,--.--,22.7,70,0000:00:00,62,0,80,0,40,0,0,0,0,0,0,1,254.77,11:33:29,9/22/2023,94.55,48.34,--.--
high,0,433,7.22,15.58,14.32,925,223.1056,2.35,14.29395453,33:30.9,23.3,-5.9,68,0,0,0,0.2,0,0,0.3,-40.1,0,0,-12.238,0,0,1480.3,0:04:20,35.8,0,--.--,275,15.9,70,0000:00:00,62,0,80,0,40,0,0,0,0,0,0,1,223.06,11:33:30,9/22/2023,94.59,48.34,--.--
high,0,434,7.23,15.1,27.05,931,408.455,2.61,14.40741425,33:31.9,15.7,-12.9,82,0,0,0,0.2,0,0,0,-39.5,0,0,-12.04,0,0,1480.3,0:04:21,37.4,0,--.--,275,17.2,51,0000:00:00,62,0,80,0,40,0,0,0,0,0,0,1,408.48,11:33:31,9/22/2023,94.55,48.33,--.--
high,0,435,7.25,15.55,14.87,935,231.2285,2.36,14.47164439,33:32.9,19.1,-7.7,82,0,0,0,0.2,0,0,-0.1,-39.5,0,0,-12.023,0,0,1480.3,0:04:22,37.7,0,--.--,274,17.4,47,0000:00:00,62,0,80,0,40,0,0,0,0,0,0,1,231.3,11:33:32,9/22/2023,94.59,48.33,--.--
high,0,436,7.27,15.49,17.83,939,276.1867,2.44,14.54836292,33:33.9,19.9,-7.8,81,0,0,0,0.2,0,0,-0.1,-39.9,0,0,-12.144,0,0,1480.3,0:04:23,37.9,0,--.--,274,17.6,49,0000:00:00,62,0,80,0,40,0,0,0,0,0,0,1,276.26,11:33:33,9/22/2023,94.59,48.34,--.--
high,0,437,7.28,15.49,18.15,945,281.1435,2.45,14.62645833,33:34.9,17.6,-6.5,81,0,0,0,0.2,0,0,-0.1,-40.2,0,0,-12.264,0,0,1480.3,0:04:24,38.3,0,--.--,274,17.9,53,0000:00:00,62,0,80,0,40,0,0,0,0,0,0,1,281.11,11:33:34,9/22/2023,94.59,48.34,--.--
high,0,438,7.3,15.48,18.58,950,287.6184,2.46,14.70635233,33:36.0,20.3,-10.5,87,0,0,0,0,0,0,0,-40.4,0,0,-12.299,0,0,1555.1,0:04:25,39,0,--.--,275,18.8,50,0000:00:00,62,0,80,0,40,0,0,0,0,0,0,1,287.66,11:33:35,9/22/2023,94.6,48.34,--.--
high,0,439,7.32,15.46,18.4,955,284.464,2.45,14.78537011,33:36.9,18.4,-11.3,87,0,0,0,0,0,0,-0.1,-40.4,0,0,-12.315,0,0,1555.1,0:04:26,39.5,0,--.--,276,19.5,50,0000:00:00,62,0,80,0,40,0,0,0,0,0,0,1,284.54,11:33:36,9/22/2023,94.6,48.34,--.--
high,0,440,7.33,15.48,17.77,960,275.0796,2.44,14.86178111,33:38.0,15.2,-12,84,0,0,0,0.1,0,0,-0.1,-40.7,0,0,-12.394,0,0,1555.1,0:04:27,39.9,0,--.--,276,19.7,50,0000:00:00,62,0,80,0,40,0,0,0,0,0,0,1,275.13,11:33:37,9/22/2023,94.6,48.34,--.--
high,0,441,7.35,15.55,15.6,964,242.58,2.38,14.92916444,33:38.9,14,-14.5,80,0,0,0,0.2,0,0,-0.1,-41.1,0,0,-12.526,0,0,1555.1,0:04:28,40.8,0,--.--,276,20.7,61,0000:00:00,62,0,80,0,40,0,0,0,0,0,0,1,242.66,11:33:38,9/22/2023,94.6,48.34,--.--
high,0,442,7.37,15.16,30.12,970,456.6192,2.66,15.05600311,33:39.9,16.5,-12.4,79,0,0,0,0.2,0,0,0.1,-41.2,0,0,-12.559,0,0,1555.1,0:04:29,41,0,--.--,276,20.9,70,0000:00:00,62,0,80,0,40,0,0,0,0,0,0,1,456.68,11:33:39,9/22/2023,94.6,48.34,--.--
high,0,443,7.38,15.15,29.38,978,445.107,2.65,15.17964394,33:40.9,17.8,-13.7,79,0,0,0,0.2,0,0,0.1,-40.8,0,0,-12.437,0,0,1594.1,0:04:30,0,0,--.--,--.--,22.7,60,0000:00:00,62,0,80,0,40,0,0,0,0,0,0,1,445.14,11:33:40,9/22/2023,94.62,48.34,--.--
high,0,444,7.4,15.16,28.22,986,427.8152,2.63,15.2984815,33:41.9,17.6,-14.4,79,0,0,0,0.1,0,0,0.1,-40.4,0,0,-12.331,0,0,1635.5,0:04:31,41.8,0,--.--,276,21.5,67,0000:00:00,62,0,80,0,40,0,0,0,0,0,0,1,427.87,11:33:41,9/22/2023,94.62,48.34,--.--
high,0,445,7.42,15.44,19.1,993,294.904,2.47,15.38039928,33:42.9,13.4,-10.8,84,0,0,0,0.1,0,0,0,-40.4,0,0,-12.303,0,0,1635.5,0:04:32,42.2,0,--.--,275,21.7,52,0000:00:00,62,0,80,0,40,0,0,0,0,0,0,1,294.81,11:33:42,9/22/2023,94.62,48.34,--.--
high,0,446,7.43,15.45,20.02,999,309.309,2.49,15.46631844,33:43.9,14.9,-11.5,90,0,0,0,0.1,0,0,-0.1,-40.7,0,0,-12.391,0,0,1635.5,0:04:33,43.2,0,--.--,277,23.1,50,0000:00:00,62,0,80,0,40,0,0,0,0,0,0,1,309.21,11:33:43,9/22/2023,94.62,48.33,--.--
high,0,447,7.45,15.47,16.98,1004,262.6806,2.42,15.53928528,33:44.9,14.3,-9.9,88,0,0,0,0.1,0,0,-0.1,-41.1,0,0,-12.529,0,0,1635.5,0:04:34,44.7,0,--.--,278,24.8,50,0000:00:00,62,0,80,0,40,0,0,0,0,0,0,1,262.75,11:33:44,9/22/2023,94.64,48.34,--.--
high,0,448,7.47,15.48,17.42,1009,269.6616,2.43,15.61419128,33:45.9,14.8,-11,88,0,0,0,0.1,0,0,-0.2,-41.6,0,0,-12.674,0,0,1635.5,0:04:35,45,0,--.--,278,25.2,50,0000:00:00,62,0,80,0,40,0,0,0,0,0,0,1,269.68,11:33:45,9/22/2023,94.64,48.34,--.--
high,0,449,7.48,15.49,17.19,1013,266.2731,2.43,15.68815603,33:46.9,15.6,-8.3,90,0,0,0,0.1,0,0,-0.2,-42.1,0,0,-12.829,0,0,1723.3,0:04:36,46.3,0,--.--,263,23.9,51,0000:00:00,62,0,80,0,40,0,0,0,0,0,0,1,266.24,11:33:46,9/22/2023,94.64,48.34,--.--
high,0,450,7.5,15.46,17.63,1018,272.5598,2.44,15.76386708,33:47.9,13.1,-6.8,90,0,0,0,0.1,0,0,-0.1,-42.4,0,0,-12.914,0,0,1731.9,0:04:37,46.5,0,--.--,274,25.5,50,0000:00:00,62,0,80,0,40,0,0,0,0,0,0,1,272.63,11:33:47,9/22/2023,94.64,48.36,--.--
high,0,451,7.52,15.57,14.84,1023,231.0588,2.36,15.82805008,33:48.9,16.4,-15.5,84,0,0,0,0.3,0,0,0.3,-42.1,0,0,-12.851,0,0,1731.9,0:04:38,48.1,0,--.--,278,28.2,70,0000:00:00,62,0,70,0,40,0,0,0,0,0,0,1,231.04,11:33:48,9/22/2023,94.66,48.34,--.--
high,0,452,7.53,15.53,14.81,1027,229.9993,2.36,15.89193878,33:50.0,15.4,-14.5,85,0,0,0,0.4,0,0,0.3,-40.9,0,0,-12.479,0,0,1738.6,0:04:39,49.3,0,--.--,281,30,52,0000:00:00,62,0,20,0,40,0,0,0,0,0,0,1,229.98,11:33:49,9/22/2023,94.66,48.34,--.--
high,0,453,7.55,15.63,13.49,1031,210.8487,2.32,15.95050786,33:51.0,14.7,-16.2,87,0,0,0,0.3,0,0,0,-40.4,0,0,-12.306,0,0,1758.9,0:04:40,52.7,0,--.--,258,30,50,0000:00:00,62,0,10,0,40,0,0,0,0,0,0,1,210.78,11:33:50,9/22/2023,94.68,48.34,--.--
high,0,454,7.57,15.66,11.6,1034,181.656,2.26,16.00096786,33:51.9,14.6,-13.6,88,0,0,0,0.3,0,0,-0.1,-40.5,0,0,-12.334,0,0,1811.6,0:04:41,0,0,--.--,--.--,22.7,50,0000:00:00,62,0,0,0,40,0,0,0,0,0,0,1,181.63,11:33:51,9/22/2023,94.66,48.34,--.--
high,0,455,7.58,15.64,12.47,1037,195.0308,2.29,16.05514308,33:52.9,15.3,-12.1,88,0,0,0,0.3,0,0,-0.1,-40.8,0,0,-12.435,0,0,1875.1,0:04:42,52.5,0,--.--,264,30,50,0000:00:00,62,0,0,0,40,0,0,0,0,0,0,1,195.06,11:33:52,9/22/2023,94.68,48.34,--.--
high,0,456,7.6,15.64,12.66,1041,198.0024,2.3,16.11014375,33:53.9,15.8,-10.3,89,0,0,0,0.3,0,0,-0.1,-41.2,0,0,-12.561,0,0,1884.6,0:04:43,52.1,0,--.--,274,31.1,53,0000:00:00,62,0,0,0,40,0,0,0,0,0,0,1,198.03,11:33:53,9/22/2023,94.68,48.34,--.--
high,0,457,7.62,15.31,23.91,1045,366.0621,2.56,16.21182767,33:54.9,16.9,-16.7,87,0,0,0,0.3,0,0,0.2,-41,0,0,-12.519,0,0,1884.6,0:04:44,52.4,0,--.--,278,32.3,69,0000:00:00,62,0,0,0,40,0,0,0,0,0,0,1,366.13,11:33:54,9/22/2023,94.69,48.36,--.--
high,0,458,7.63,15.36,21.51,1051,330.3936,2.52,16.30360367,33:55.9,14.3,-17.7,86,0,0,0,0.3,0,0,0,-40.5,0,0,-12.341,0,0,1884.6,0:04:45,52.8,0,--.--,281,33.2,50,0000:00:00,62,0,0,0,40,0,0,0,0,0,0,1,330.33,11:33:55,9/22/2023,94.69,48.34,--.--
high,0,459,7.65,15.65,11.46,1055,179.349,2.25,16.35342283,33:56.9,13.3,-14.1,88,0,0,0,0.3,0,0,-0.1,-40.6,0,0,-12.376,0,0,1891.2,0:04:46,53.1,0,--.--,282,33.9,49,0000:00:00,62,0,0,0,40,0,0,0,0,0,0,1,179.33,11:33:56,9/22/2023,94.69,48.34,--.--
high,0,460,7.67,15.67,11.08,1058,173.6236,2.24,16.40165161,33:57.9,16.1,-11.5,89,0,0,0,0.3,0,0,-0.2,-41.1,0,0,-12.525,0,0,1997.1,0:04:47,53.3,0,--.--,282,34.2,49,0000:00:00,62,0,0,0,40,0,0,0,0,0,0,1,173.65,11:33:57,9/22/2023,94.71,48.34,--.--
high,0,461,7.68,15.67,11.38,1062,178.3246,2.25,16.45118622,33:58.9,15.6,-10.2,90,0,0,0,0.3,0,0,-0.1,-41.5,0,0,-12.638,0,0,1997.1,0:04:48,53.5,0,--.--,283,34.6,50,0000:00:00,62,0,0,0,40,0,0,0,0,0,0,1,178.31,11:33:58,9/22/2023,94.71,48.34,--.--
high,0,462,7.7,15.65,12.5,1065,195.625,2.29,16.5055265,33:59.9,15.4,-12.2,89,0,0,0,0.3,0,0,-0.1,-41.6,0,0,-12.665,0,0,2019.4,0:04:49,58.5,0,--.--,260,35.8,50,0000:00:00,62,0,0,0,40,0,0,0,0,0,0,1,195.59,11:33:59,9/22/2023,94.71,48.34,--.--
high,0,463,7.72,15.67,11.35,1068,177.8545,2.25,16.55493053,34:00.9,14.9,-14.6,88,0,0,0,0.3,0,0,0,-41.5,0,0,-12.652,0,0,2026.3,0:04:50,58.3,0,--.--,271,36.6,50,0000:00:00,62,0,0,0,40,0,0,0,0,0,0,1,177.83,11:34:00,9/22/2023,94.71,48.34,--.--
high,0,464,7.73,15.69,11.26,1071,176.6694,2.25,16.60400536,34:01.9,15.2,-12.9,88,0,0,0,0.3,0,0,0,-41.5,0,0,-12.654,0,0,2046.5,0:04:51,60.8,0,--.--,265,38.4,50,0000:00:00,62,0,0,0,40,0,0,0,0,0,0,1,176.67,11:34:01,9/22/2023,94.71,48.34,--.--
high,0,465,7.75,15.65,11.93,1075,186.7045,2.27,16.65586772,34:02.9,15.4,-12.6,88,0,0,0,0.2,0,0,0,-41.6,0,0,-12.691,0,0,2107.3,0:04:52,0,0,--.--,--.--,22.7,50,0000:00:00,72,0,0,0,40,0,0,0,0,0,0,1,186.7,11:34:02,9/22/2023,94.71,48.34,--.--
high,0,466,7.77,15.65,13.49,1078,211.1185,2.32,16.71451175,34:03.9,14.2,-13.1,88,0,0,0,0.2,0,0,-0.1,-41.9,0,0,-12.755,0,0,2176.5,0:04:53,59.5,0,--.--,267,37.3,50,0000:00:00,78,0,0,0,40,0,0,0,0,0,0,1,211.13,11:34:03,9/22/2023,94.71,48.34,--.--
high,0,467,7.78,15.67,12.01,1081,188.1967,2.27,16.76678861,34:04.9,14.8,-14.5,88,0,0,0,0.1,0,0,-0.1,-42.2,0,0,-12.861,0,0,2184.4,0:04:54,58,0,--.--,274,36.9,50,0000:00:00,78,0,0,0,40,0,0,0,0,0,0,1,188.22,11:34:04,9/22/2023,94.75,48.34,--.--
high,0,468,7.8,15.67,12.1,1085,189.607,2.28,16.81945722,34:06.0,14.6,-12.9,88,0,0,0,0.1,0,0,-0.1,-42.6,0,0,-12.988,0,0,2184.4,0:04:55,58.3,0,--.--,278,38,50,0000:00:00,78,0,0,0,40,0,0,0,0,0,0,1,189.58,11:34:05,9/22/2023,94.75,48.34,--.--
high,0,469,7.82,15.62,13.47,1088,210.4014,2.32,16.87790206,34:06.9,14.5,-13.4,87,0,0,0,0.1,0,0,-0.1,-43,0,0,-13.105,0,0,2184.4,0:04:56,58.1,0,--.--,280,38.2,50,0000:00:00,78,0,0,0,40,0,0,0,0,0,0,1,210.4,11:34:06,9/22/2023,94.77,48.34,--.--
high,0,470,7.83,15.58,13.51,1092,210.4858,2.32,16.93637033,34:07.9,15.1,-13.2,86,0,0,0,0.1,0,0,-0.1,-43.3,0,0,-13.183,0,0,2184.4,0:04:57,58.3,0,--.--,280,38.5,49,0000:00:00,78,0,0,0,40,0,0,0,0,0,0,1,210.49,11:34:07,9/22/2023,94.77,48.34,--.--
high,0,471,7.85,15.46,16.81,1097,259.8826,2.41,17.00855994,34:08.9,14.7,-16.9,92,0,0,0,0,0,0,-0.1,-43.5,0,0,-13.255,0,0,2301.1,0:04:58,58.7,0,--.--,280,38.8,50,0000:00:00,78,0,0,0,40,0,0,0,0,0,0,1,259.95,11:34:08,9/22/2023,94.77,48.34,--.--
high,0,472,7.87,15.56,16.57,1101,257.8292,2.41,17.08017917,34:10.0,14.9,-16.2,92,0,0,0,0,0,0,-0.2,-43.9,0,0,-13.364,0,0,2301.1,0:04:59,59.5,0,--.--,281,39.7,50,0000:00:00,78,0,0,0,40,0,0,0,0,0,0,1,257.76,11:34:09,9/22/2023,94.77,48.34,--.--
high,0,473,7.88,15.54,27.32,1106,424.5528,2.63,17.1981105,34:10.9,15.1,-17.6,89,0,0,0,0,0,0,0.1,-44.1,0,0,-13.451,0,0,2301.1,0:05:00,60.2,0,--.--,280,40.3,70,0000:00:00,78,0,0,0,40,0,0,0,0,0,0,1,424.5,11:34:10,9/22/2023,94.77,48.36,--.--
high,0,474,7.9,15.17,27.3,1114,414.141,2.62,17.31314967,34:12.0,13.1,-22.1,92,0,0,0,0.1,0,0,0,-43.7,0,0,-13.329,0,0,2301.1,0:05:01,60.8,0,--.--,281,41,50,0000:00:00,78,0,0,0,40,0,0,0,0,0,0,1,414.14,11:34:11,9/22/2023,94.78,48.34,--.--
high,0,475,7.92,15.54,14.56,1119,226.2624,2.35,17.37600033,34:13.0,16.9,-18.5,88,0,0,0,0.1,0,0,-0.2,-43.9,0,0,-13.388,0,0,2301.1,0:05:02,62,0,--.--,281,42.2,50,0000:00:00,78,0,0,0,40,0,0,0,0,0,0,1,226.23,11:34:12,9/22/2023,94.78,48.34,--.--
high,0,476,7.93,15.51,15.9,1124,246.609,2.39,17.44450283,34:14.0,15.5,-17.6,90,0,0,0,0,0,0,-0.2,-44.7,0,0,-13.61,0,0,2359.8,0:05:03,0,0,--.--,--.--,22.7,50,0000:00:00,78,0,0,0,40,0,0,0,0,0,0,1,246.58,11:34:13,9/22/2023,94.8,48.36,--.--
high,0,477,7.95,15.52,16.38,1128,254.2176,2.41,17.51511883,34:15.0,8.4,-21.5,104,0,0,0,0.1,0,0,-0.1,-45.4,0,0,-13.83,0,0,2422.6,0:05:04,63.5,0,--.--,281,43.6,56,0000:00:00,78,0,0,0,40,0,0,0,0,0,0,1,254.18,11:34:14,9/22/2023,94.8,48.36,--.--
high,0,478,7.97,15.42,20.09,1134,309.7878,2.49,17.601171,34:16.0,16.6,-17.7,86,0,0,0,0.1,0,0,-0.2,-45.7,0,0,-13.936,0,0,2422.6,0:05:05,64.4,0,--.--,281,44.6,50,0000:00:00,78,0,0,0,40,0,0,0,0,0,0,1,309.81,11:34:15,9/22/2023,94.8,48.36,--.--
high,0,479,7.98,15.53,15.57,1139,241.8021,2.38,17.66833825,34:17.0,16.3,-16.2,89,0,0,0,0.1,0,0,-0.2,-46.2,0,0,-14.074,0,0,2422.6,0:05:06,65.3,0,--.--,282,45.7,52,0000:00:00,78,0,0,0,40,0,0,0,0,0,0,1,241.76,11:34:16,9/22/2023,94.8,48.36,--.--
high,0,480,8,15.46,15.28,1144,236.2288,2.37,17.73395736,34:18.0,18.4,-13,80,0,0,0,0.3,0,0,-0.1,-46.4,0,0,-14.146,0,0,2422.6,0:05:07,66.2,0,--.--,282,46.5,51,0000:00:00,78,0,0,0,40,0,0,0,0,0,0,1,236.24,11:34:17,9/22/2023,94.8,48.36,--.--
high,0,481,8.02,15.6,13.9,1148,216.84,2.34,17.79419069,34:19.0,18.1,-14.4,73,0,0,0,0.4,0,0,-0.1,-46.4,0,0,-14.154,0,0,2422.6,0:05:08,66.8,0,--.--,282,47.3,49,0000:00:00,78,0,0,0,40,0,0,0,0,0,0,1,216.83,11:34:18,9/22/2023,94.82,48.36,--.--
high,0,482,8.03,15.64,11.45,1151,179.078,2.25,17.84393458,34:20.0,18.2,-14.5,74,0,0,0,0.4,0,0,-0.1,-46.6,0,0,-14.201,0,0,2552.3,0:05:09,67.6,0,--.--,283,48.3,63,0000:00:00,78,0,0,0,40,0,0,0,0,0,0,1,179.07,11:34:19,9/22/2023,94.82,48.36,--.--
high,0,483,8.05,15.28,24.93,1156,380.9304,2.58,17.94974858,34:21.0,19.9,-17.2,72,0,0,0,0.4,0,0,0.1,-46.5,0,0,-14.167,0,0,2552.3,0:05:10,68.4,0,--.--,283,48.9,66,0000:00:00,78,0,0,0,40,0,0,0,0,0,0,1,380.93,11:34:20,9/22/2023,94.82,48.36,--.--
high,0,484,8.07,15.59,14.29,1162,222.7811,2.35,18.01163222,34:22.0,17.5,-15.6,72,0,0,0,0.4,0,0,-0.1,-46.3,0,0,-14.106,0,0,2552.3,0:05:11,69.1,0,--.--,283,49.6,50,0000:00:00,78,0,0,0,40,0,0,0,0,0,0,1,222.71,11:34:21,9/22/2023,94.84,48.36,--.--
high,0,485,8.08,15.58,13.22,1166,205.9676,2.31,18.06884544,34:23.0,20.1,-12.3,73,0,0,0,0.3,0,0,-0.2,-46.7,0,0,-14.246,0,0,2552.3,0:05:12,69.9,0,--.--,282,50.3,50,0000:00:00,78,0,0,0,40,0,0,0,0,0,0,1,205.91,11:34:22,9/22/2023,94.82,48.36,--.--
high,0,486,8.1,15.57,14.36,1170,223.5852,2.35,18.13095244,34:24.0,18.9,-11.8,73,0,0,0,0.2,0,0,-0.2,-47.4,0,0,-14.45,0,0,2552.3,0:05:13,70.8,0,--.--,280,50.7,50,0000:00:00,78,0,0,0,40,0,0,0,0,0,0,1,223.6,11:34:23,9/22/2023,94.84,48.36,--.--
high,0,487,8.12,15.54,13.75,1174,213.675,2.33,18.19030661,34:25.0,18.7,-12.4,74,0,0,0,0.2,0,0,-0.2,-48.1,0,0,-14.656,0,0,2619.1,0:05:14,0,0,--.--,--.--,22.7,50,0000:00:00,76,0,0,0,40,0,0,0,0,0,0,1,213.73,11:34:24,9/22/2023,94.84,48.36,--.--
high,0,488,8.13,15.56,14.34,1178,223.1304,2.35,18.25228728,34:26.0,18.6,-13.2,73,0,0,0,0.1,0,0,-0.2,-48.7,0,0,-14.851,0,0,2691.6,0:05:15,73.1,0,--.--,280,52.9,50,0000:00:00,69,0,0,0,40,0,0,0,0,0,0,1,223.2,11:34:25,9/22/2023,94.84,48.36,--.--
high,0,489,8.15,15.57,13.74,1182,213.9318,2.33,18.31171278,34:27.0,18.2,-13,73,0,0,0,0.1,0,0,-0.2,-49.2,0,0,-15.001,0,0,2691.6,0:05:16,74.3,0,--.--,281,54.3,50,0000:00:00,69,0,0,0,40,0,0,0,0,0,0,1,213.92,11:34:26,9/22/2023,94.84,48.36,--.--
high,0,490,8.17,15.58,14.82,1186,230.8956,2.36,18.37585044,34:28.0,18.8,-14,72,0,0,0,0.2,0,0,-0.2,-49.5,0,0,-15.102,0,0,2691.6,0:05:17,74.8,0,--.--,282,55.1,51,0000:00:00,69,0,0,0,40,0,0,0,0,0,0,1,230.95,11:34:27,9/22/2023,94.84,48.36,--.--
high,0,491,8.18,15.57,13.92,1190,216.7344,2.34,18.43605444,34:29.0,18.3,-12.7,73,0,0,0,0.2,0,0,-0.1,-49.8,0,0,-15.177,0,0,2691.6,0:05:18,75.7,0,--.--,281,55.6,52,0000:00:00,55,0,0,0,40,0,0,0,0,0,0,1,216.68,11:34:28,9/22/2023,94.84,48.36,--.--
high,0,492,8.2,15.58,14.82,1194,230.8956,2.36,18.50019211,34:30.0,19.2,-14,73,0,0,0,0.2,0,0,-0.2,-50.1,0,0,-15.262,0,0,2691.6,0:05:19,77.1,0,--.--,281,57,49,0000:00:00,55,0,0,0,40,0,0,0,0,0,0,1,230.91,11:34:29,9/22/2023,94.87,48.36,--.--
high,0,493,8.22,15.54,13.91,1197,216.1614,2.33,18.56023694,34:31.0,18.2,-15.2,72,0,0,0,0.1,0,0,-0.1,-50.6,0,0,-15.421,0,0,2842.4,0:05:20,78.4,0,--.--,280,58.1,62,0000:00:00,55,0,0,0,40,0,0,0,0,0,0,1,216.18,11:34:30,9/22/2023,94.87,48.36,--.--
high,0,494,8.23,15.46,18.06,1202,279.2076,2.45,18.63779461,34:32.0,17.5,-15.7,72,0,0,0,0.1,0,0,0,-50.9,0,0,-15.503,0,0,2842.4,0:05:21,78.9,0,--.--,279,58.4,58,0000:00:00,55,0,0,0,40,0,0,0,0,0,0,1,279.12,11:34:31,9/22/2023,94.87,48.36,--.--
high,0,495,8.25,15.52,15.74,1207,244.2848,2.39,18.7056515,34:33.0,17.8,-14.3,72,0,0,0,0.1,0,0,-0.1,-51.2,0,0,-15.593,0,0,2842.4,0:05:22,80,0,--.--,278,59.3,58,0000:00:00,55,0,0,0,40,0,0,0,0,0,0,1,244.32,11:34:32,9/22/2023,94.87,48.36,--.--
high,0,496,8.27,15.52,16.14,1211,250.4928,2.4,18.77523283,34:34.0,18.2,-13.4,73,0,0,0,0.1,0,0,-0.1,-51.5,0,0,-15.692,0,0,2842.4,0:05:23,81,0,--.--,278,60.3,58,0000:00:00,55,0,0,0,40,0,0,0,0,0,0,1,250.43,11:34:33,9/22/2023,94.87,48.36,--.--
high,0,497,8.28,15.5,16.4,1216,254.2,2.41,18.84584394,34:35.0,18.2,-13.5,72,0,0,0,0.2,0,0,-0.1,-51.7,0,0,-15.769,0,0,2842.4,0:05:24,82.1,0,--.--,278,61.3,54,0000:00:00,55,0,0,0,40,0,0,0,0,0,0,1,254.25,11:34:34,9/22/2023,94.87,48.36,--.--
high,0,498,8.3,15.55,14.63,1220,227.4965,2.36,18.90903742,34:36.0,19.6,-12.8,73,0,0,0,0.1,0,0,-0.1,-52,0,0,-15.842,0,0,2920.8,0:05:25,0,0,--.--,--.--,22.7,52,0000:00:00,55,0,0,0,40,0,0,0,0,0,0,1,227.53,11:34:35,9/22/2023,94.87,48.36,--.--
high,0,499,8.32,15.56,13.86,1224,215.6616,2.33,18.96894342,34:37.0,19.7,-12.5,73,0,0,0,0.1,0,0,-0.1,-52.2,0,0,-15.916,0,0,3003.8,0:05:26,83,0,--.--,277,62.1,51,0000:00:00,55,0,0,0,40,0,0,0,0,0,0,1,215.73,11:34:36,9/22/2023,94.87,48.36,--.--
high,0,500,8.33,15.56,13.97,1228,217.3732,2.34,19.02932486,34:38.0,19.6,-11.7,73,0,0,0,0.1,0,0,-0.1,-52.4,0,0,-15.983,0,0,3003.8,0:05:27,84.4,0,--.--,278,63.6,51,0000:00:00,55,0,0,0,40,0,0,0,0,0,0,1,217.37,11:34:37,9/22/2023,94.91,48.36,--.--
high,0,501,8.35,15.57,13.94,1232,217.0458,2.34,19.08961536,34:39.0,19,-13,73,0,0,0,0.1,0,0,-0.1,-52.7,0,0,-16.064,0,0,3003.8,0:05:28,85.6,0,--.--,278,64.9,51,0000:00:00,55,0,0,0,40,0,0,0,0,0,0,1,217.03,11:34:38,9/22/2023,94.91,48.36,--.--
high,0,502,8.37,15.5,15.62,1236,242.11,2.38,19.15686814,34:40.0,16.4,-16.5,80,0,0,0,0.2,0,0,-0.1,-53.1,0,0,-16.182,0,0,3003.8,0:05:29,86.9,0,--.--,278,66.1,56,0000:00:00,55,0,0,0,40,0,0,0,0,0,0,1,242.11,11:34:39,9/22/2023,94.91,48.36,--.--
high,0,503,8.38,15.43,20.59,1241,317.7037,2.5,19.24511917,34:41.0,8.7,-21.2,107,0,0,0,0.2,0,0,0,-53.4,0,0,-16.272,0,0,3003.8,0:05:30,87.9,0,--.--,277,66.9,54,0000:00:00,55,0,0,0,40,0,0,0,0,0,0,1,317.79,11:34:41,9/22/2023,94.91,48.36,--.--
high,0,504,8.4,15.59,15.96,1244,248.8164,2.4,19.31423483,34:42.0,4.7,-21.5,127,0,0,0,0.4,0,0,-0.2,-53.7,0,0,-16.361,0,0,3086.8,0:05:31,0,0,--.--,--.--,22.7,54,0000:00:00,55,0,0,0,40,0,0,0,0,0,0,1,248.74,11:34:41,9/22/2023,94.93,48.36,--.--
high,0,505,8.42,15.77,6.78,1246,106.9206,2.03,19.343935,34:43.0,-1.1,-24.3,143,0,0,0,0.5,0,0,0,-53.9,0,0,-16.44,0,0,3175.8,0:05:32,90.2,0,--.--,275,68.9,55,0000:00:00,55,0,0,0,40,0,0,0,0,0,0,1,106.91,11:34:42,9/22/2023,94.93,48.36,--.--
high,0,506,8.43,15.83,2.67,1247,42.2661,1.63,19.35567558,34:44.0,-8.5,-20.1,163,0,0,0,0.8,0,0,-0.1,-53.7,0,0,-16.356,0,0,3175.8,0:05:33,90.6,0,--.--,275,69.3,51,0000:00:00,40,0,0,0,40,0,0,0,0,0,0,1,42.26,11:34:43,9/22/2023,94.93,48.38,--.--
high,0,507,8.45,15.57,6.87,1252,106.9659,2.03,19.38538833,34:45.0,-7,-21.8,167,0,0,0,0.7,0,0,-0.1,-53.7,0,0,-16.37,0,0,3175.8,0:05:34,91,0,--.--,277,70.1,50,0000:00:00,40,0,0,0,40,0,0,0,0,0,0,1,106.99,11:34:45,9/22/2023,94.95,48.38,--.--
high,0,508,8.47,15.78,18.13,1254,286.0914,2.46,19.46485817,34:46.0,-4.8,-19.9,164,0,0,0,0.7,0,0,-0.1,-53.9,0,0,-16.443,0,0,3175.8,0:05:35,91.4,0,--.--,278,70.7,53,0000:00:00,40,0,0,0,40,0,0,0,0,0,0,1,286.02,11:34:45,9/22/2023,94.95,48.38,--.--
high,0,509,8.48,15.64,17.52,1258,274.0128,2.44,19.54097283,34:47.0,-4.5,-19.8,162,0,0,0,0.7,0,0,0.1,-54.2,0,0,-16.506,0,0,3175.8,0:05:36,91.7,0,--.--,279,71.1,61,0000:00:00,40,0,0,0,40,0,0,0,0,0,0,1,273.96,11:34:47,9/22/2023,94.96,48.38,--.--
high,0,510,8.5,15.73,8.58,1261,134.9634,2.13,19.57846267,34:48.0,-6,-25.5,164,0,0,0,0.9,0,0,0.1,-54,0,0,-16.443,0,0,3356.9,0:05:37,92.1,0,--.--,279,71.5,64,0000:00:00,40,0,0,0,40,0,0,0,0,0,0,1,134.97,11:34:47,9/22/2023,94.96,48.38,--.--
high,0,511,8.52,15.63,15.53,1264,242.7339,2.39,19.64588875,34:49.0,-6.1,-26.4,166,0,0,0,0.9,0,0,-0.1,-53.8,0,0,-16.41,0,0,3356.9,0:05:38,92.4,0,--.--,279,71.9,61,0000:00:00,40,0,0,0,40,0,0,0,0,0,0,1,242.81,11:34:48,9/22/2023,94.98,48.38,--.--
high,0,512,8.53,15.55,14.37,1268,223.4535,2.35,19.70795917,34:50.0,-6.5,-22.2,166,0,0,0,1,0,0,0,-54.1,0,0,-16.497,0,0,3356.9,0:05:39,92.5,0,--.--,279,72,64,0000:00:00,40,0,0,0,40,0,0,0,0,0,0,1,223.47,11:34:49,9/22/2023,94.98,48.38,--.--
high,0,513,8.55,15.6,14.49,1273,226.044,2.35,19.77074917,34:51.0,-5.1,-23,166,0,0,0,1.1,0,0,-0.1,-54.4,0,0,-16.599,0,0,3356.9,0:05:40,93,0,--.--,279,72.5,60,0000:00:00,40,0,0,0,40,0,0,0,0,0,0,1,226.04,11:34:50,9/22/2023,95,48.38,--.--
high,0,514,8.57,15.58,11.83,1276,184.3114,2.27,19.82194678,34:52.0,-6,-20.9,165,0,0,0,1.1,0,0,-0.1,-54.9,0,0,-16.721,0,0,3356.9,0:05:41,93.6,0,--.--,280,73.2,60,0000:00:00,40,0,0,0,40,0,0,0,0,0,0,1,184.36,11:34:51,9/22/2023,95,48.38,--.--
high,0,515,8.58,15.61,13,1280,202.93,2.31,19.87831622,34:53.0,-5.9,-19.1,164,0,0,0,1,0,0,0,-55,0,0,-16.777,0,0,3356.9,0:05:42,93.9,0,--.--,280,73.5,59,0000:00:00,40,0,0,0,40,0,0,0,0,0,0,1,202.98,11:34:52,9/22/2023,95,48.38,--.--
high,0,516,8.6,15.59,14.53,1283,226.5227,2.36,19.94123919,34:54.0,-5.9,-20.8,165,0,0,0,0.9,0,0,0,-55,0,0,-16.756,0,0,3356.9,0:05:43,94.5,0,--.--,280,74.2,50,0000:00:00,40,0,0,0,40,0,0,0,0,0,0,1,226.45,11:34:53,9/22/2023,95.04,48.38,--.--
high,0,517,8.62,15.87,2.9,1286,46.023,1.66,19.95402336,34:55.0,-6.8,-18.7,163,0,0,0,0.9,0,0,-0.1,-54.9,0,0,-16.721,0,0,3356.9,0:05:44,95,0,--.--,280,74.6,50,0000:00:00,40,0,0,0,40,0,0,0,0,0,0,1,46.02,11:34:54,9/22/2023,95.05,48.36,--.--
high,0,518,8.63,15.61,15.86,1288,247.5746,2.39,20.02279408,34:56.0,-6.9,-19.6,163,0,0,0,0.6,0,0,0,-55,0,0,-16.761,0,0,3356.9,0:05:45,95.4,0,--.--,281,75.1,50,0000:00:00,40,0,0,0,40,0,0,0,0,0,0,1,247.59,11:34:55,9/22/2023,95.07,48.36,--.--
high,0,519,8.65,15.74,7,1291,110.18,2.04,20.05339964,34:57.0,-6.8,-19.7,164,0,0,0,0.6,0,0,-0.1,-55.2,0,0,-16.833,0,0,3356.9,0:05:46,95.4,0,--.--,281,75.1,50,0000:00:00,40,0,0,0,40,0,0,0,0,0,0,1,110.19,11:34:56,9/22/2023,95.09,48.38,--.--
high,0,520,8.67,15.87,6.29,1294,99.8223,2,20.08112806,34:58.0,-7,-21.5,164,0,0,0,0.5,0,0,-0.1,-55.7,0,0,-16.985,0,0,3356.9,0:05:47,95.2,0,--.--,281,74.9,68,0000:00:00,40,0,0,0,40,0,0,0,0,0,0,1,99.83,11:34:57,9/22/2023,95.09,48.42,--.--
high,0,521,8.68,15.44,22.53,1298,347.8632,2.54,20.17775672,34:59.0,-6,-26.4,164,0,0,0,0.3,0,0,0.2,-55.9,0,0,-17.031,0,0,3544.2,0:05:48,95.2,0,--.--,281,74.9,70,0000:00:00,40,0,0,0,40,0,0,0,0,0,0,1,347.82,11:34:58,9/22/2023,95.11,48.38,--.--
high,0,522,8.7,15.88,3.72,1302,59.0736,1.77,20.19416606,35:00.0,0.8,-13.3,154,0,0,0,0.2,0,0,0.1,-55.4,0,0,-16.876,0,0,3544.2,0:05:49,95.3,0,--.--,281,75.1,49,0000:00:00,40,0,0,0,40,0,0,0,0,0,0,1,59.08,11:34:59,9/22/2023,95.11,48.38,--.--
high,0,523,8.72,15.91,3.02,1302,48.0482,1.68,20.20751278,35:01.0,14.6,2.1,138,0,0,0,0.4,0,0,0,-55.4,0,0,-16.89,0,0,3544.2,0:05:50,95.2,0,--.--,281,74.9,49,0000:00:00,40,0,0,0,40,0,0,0,0,0,0,1,48.04,11:35:00,9/22/2023,95.13,48.38,--.--
high,0,524,8.73,15.67,10.64,1304,166.7288,2.22,20.25382633,35:02.0,6.7,-12.5,155,0,0,0,0.4,0,0,-0.2,-55.9,0,0,-17.037,0,0,3544.2,0:05:51,95.2,0,--.--,280,74.8,49,0000:00:00,40,0,0,0,40,0,0,0,0,0,0,1,166.72,11:35:01,9/22/2023,95.16,48.38,--.--
high,0,525,8.75,15.58,13.93,1311,217.0294,2.34,20.31411228,35:03.0,8.9,-1.9,151,0,0,0,0.4,0,0,-0.1,-56.2,0,0,-17.138,0,0,3544.2,0:05:52,95.8,0,--.--,280,75.4,49,0000:00:00,40,0,0,0,40,0,0,0,0,0,0,1,217.03,11:35:02,9/22/2023,95.16,48.38,--.--
high,0,526,8.77,15.53,16.21,1314,251.7413,2.4,20.38404042,35:04.0,2.1,-7,151,0,0,0,0.4,0,0,-0.1,-56.6,0,0,-17.254,0,0,3639.3,0:05:53,0,0,--.--,--.--,22.7,49,0000:00:00,40,0,0,0,40,0,0,0,0,0,0,1,251.81,11:35:03,9/22/2023,95.16,48.38,--.--
high,0,527,8.78,15.53,15.86,1319,246.3058,2.39,20.45245869,35:05.0,2.1,-5.5,154,0,0,0,0.6,0,0,-0.1,-56.9,0,0,-17.35,0,0,3735.6,0:05:54,96.5,0,--.--,282,76.4,49,0000:00:00,40,0,0,0,40,0,0,0,0,0,0,1,246.29,11:35:04,9/22/2023,95.16,48.38,--.--
high,0,528,8.8,15.64,11.99,1322,187.5236,2.27,20.50454858,35:06.0,-0.3,-5.1,153,0,0,0,0.7,0,0,0,-57.2,0,0,-17.436,0,0,3735.6,0:05:55,96.7,0,--.--,282,76.8,50,0000:00:00,40,0,0,0,40,0,0,0,0,0,0,1,187.48,11:35:05,9/22/2023,95.2,48.42,--.--
high,0,529,8.82,15.71,8.54,1325,134.1634,2.13,20.54181619,35:07.0,0,-6.5,154,0,0,0,0.7,0,0,0,-57.4,0,0,-17.507,0,0,3735.6,0:05:56,96.8,0,--.--,284,77.1,50,0000:00:00,40,0,0,0,40,0,0,0,0,0,0,1,134.18,11:35:06,9/22/2023,95.22,48.42,--.--
high,0,530,8.83,15.94,4.52,1327,72.0488,1.86,20.56182975,35:08.0,2.6,-7.1,150,0,0,0,0.8,0,0,0,-57.6,0,0,-17.561,0,0,3742.4,0:05:57,96.9,0,--.--,285,77.4,50,0000:00:00,40,0,0,0,40,0,0,0,0,0,0,1,72.05,11:35:07,9/22/2023,95.23,48.42,--.--
high,0,531,8.85,15.94,1.63,1327,25.9822,1.41,20.56904703,35:09.0,1,-4.4,150,0,0,0,0.8,0,0,0,-57.7,0,0,-17.583,0,0,3742.4,0:05:58,97.2,0,--.--,284,77.7,50,0000:00:00,40,0,0,0,40,0,0,0,0,0,0,1,25.98,11:35:08,9/22/2023,95.23,48.42,--.--
high,0,532,8.87,15.94,1.51,1328,24.0694,1.38,20.57573297,35:10.0,1.3,-4.6,151,0,0,0,0.9,0,0,0,-57.8,0,0,-17.61,0,0,3936.9,0:05:59,97.6,0,--.--,284,78,50,0000:00:00,40,0,0,0,40,0,0,0,0,0,0,1,24.07,11:35:09,9/22/2023,95.25,48.42,--.--
high,0,533,8.88,15.96,1.48,1328,23.6208,1.37,20.58229431,35:11.0,1.6,-4.9,151,0,0,0,0.9,0,0,0,-57.9,0,0,-17.635,0,0,3936.9,0:06:00,98.1,0,--.--,283,78.3,50,0000:00:00,40,0,0,0,40,0,0,0,0,0,0,1,23.62,11:35:10,9/22/2023,95.27,48.42,--.--
high,0,534,8.9,15.96,1.62,1328,25.8552,1.41,20.58947631,35:12.0,1.8,-5.2,151,0,0,0,0.9,0,0,0,-57.9,0,0,-17.655,0,0,3936.9,0:06:01,98.2,0,--.--,284,78.5,50,0000:00:00,40,0,0,0,40,0,0,0,0,0,0,1,25.85,11:35:11,9/22/2023,95.27,48.42,--.--
high,0,535,8.92,15.7,11.61,1329,182.277,2.26,20.64010881,35:13.0,2.6,-3.9,155,0,0,0,0.8,0,0,0,-58,0,0,-17.681,0,0,3936.9,0:06:02,97.7,0,--.--,284,78.2,50,0000:00:00,40,0,0,0,40,0,0,0,0,0,0,1,182.22,11:35:12,9/22/2023,95.29,48.42,--.--
high,0,536,8.93,15.77,8.86,1333,139.7222,2.15,20.67892053,35:14.0,2.3,-8.7,155,0,0,0,0.7,0,0,0.1,-58,0,0,-17.694,0,0,3936.9,0:06:03,97.3,0,--.--,285,78,58,0000:00:00,40,0,0,0,40,0,0,0,0,0,0,1,139.7,11:35:14,9/22/2023,95.29,48.42,--.--
high,0,537,8.95,15.76,8.14,1336,128.2864,2.11,20.71455564,35:15.0,2.6,-7.8,153,0,0,0,0.5,0,0,0,-57.8,0,0,-17.637,0,0,4131.9,0:06:04,97.4,0,--.--,285,78.1,57,0000:00:00,40,0,0,0,40,0,0,0,0,0,0,1,128.29,11:35:14,9/22/2023,95.29,48.42,--.--
high,0,538,8.97,15.7,10.4,1339,163.28,2.21,20.75991119,35:16.0,2.2,-7.6,152,0,0,0,0.5,0,0,0,-57.8,0,0,-17.62,0,0,4140.1,0:06:05,94.4,0,--.--,281,74.1,60,0000:00:00,40,0,0,0,40,0,0,0,0,0,0,1,163.29,11:35:16,9/22/2023,95.32,48.38,--.--
high,0,539,8.98,15.77,7.91,1341,124.7407,2.1,20.79456139,35:17.0,0.5,-6.9,152,0,0,0,0.6,0,0,0.1,-57.6,0,0,-17.593,0,0,4154.8,0:06:06,93.9,0,--.--,272,72.2,63,0000:00:00,40,0,0,0,40,0,0,0,0,0,0,1,124.73,11:35:16,9/22/2023,95.32,48.42,--.--
high,0,540,9,15.79,9.38,1344,148.1102,2.17,20.83570311,35:18.0,2,-7.1,154,0,0,0,0.6,0,0,0.1,-57.3,0,0,-17.481,0,0,4172,0:06:07,98.7,0,--.--,262,76.1,54,0000:00:00,40,0,0,0,40,0,0,0,0,0,0,1,148.07,11:35:17,9/22/2023,95.36,48.42,--.--
high,0,541,9.02,15.79,7.15,1345,112.8985,2.05,20.86706381,35:19.0,2.2,-6.9,154,0,0,0,0.5,0,0,0,-57.2,0,0,-17.434,0,0,4172,0:06:08,101.2,0,--.--,260,78.5,56,0000:00:00,40,0,0,0,40,0,0,0,0,0,0,1,112.87,11:35:19,9/22/2023,95.36,48.42,--.--
high,0,542,9.03,15.7,12.04,1348,189.028,2.28,20.91957158,35:20.0,1.5,-6,154,0,0,0,0.4,0,0,0.1,-57.2,0,0,-17.432,0,0,4172,0:06:09,101.7,0,--.--,259,79,61,0000:00:00,40,0,0,0,40,0,0,0,0,0,0,1,188.97,11:35:19,9/22/2023,95.36,48.38,--.--
high,0,543,9.05,15.7,10.21,1351,160.297,2.2,20.96409853,35:21.0,2.2,-5.4,154,0,0,0,0.3,0,0,0,-57.1,0,0,-17.404,0,0,4379.9,0:06:10,95.8,0,--.--,277,74.9,58,0000:00:00,40,0,0,0,40,0,0,0,0,0,0,1,160.32,11:35:21,9/22/2023,95.38,48.42,--.--
high,0,544,9.07,15.67,11.54,1354,180.8318,2.26,21.01432958,35:22.0,3.2,-5.5,153,0,0,0,0.2,0,0,0,-57.1,0,0,-17.402,0,0,4387.3,0:06:11,98.1,0,--.--,283,78.4,57,0000:00:00,40,0,0,0,40,0,0,0,0,0,0,1,180.87,11:35:22,9/22/2023,95.4,48.42,--.--
high,0,545,9.08,15.67,11.91,1358,186.6297,2.27,21.06617117,35:23.0,2.9,-5.1,154,0,0,0,0.3,0,0,0,-57.2,0,0,-17.427,0,0,4395.2,0:06:12,98.8,0,--.--,286,79.6,58,0000:00:00,40,0,0,0,40,0,0,0,0,0,0,1,186.63,11:35:23,9/22/2023,95.4,48.38,--.--
high,0,546,9.1,15.69,10.97,1361,172.1193,2.24,21.11398208,35:24.0,0.5,-5.1,155,0,0,0,0.3,0,0,0.1,-57,0,0,-17.408,0,0,4395.2,0:06:13,99.2,0,--.--,288,80.5,59,0000:00:00,40,0,0,0,40,0,0,0,0,0,0,1,172.14,11:35:24,9/22/2023,95.41,48.38,--.--
high,0,547,9.12,15.69,10.11,1364,158.6259,2.2,21.15804483,35:25.0,1.4,-6,154,0,0,0,0.2,0,0,0.1,-56.7,0,0,-17.308,0,0,4395.2,0:06:14,99.3,0,--.--,289,80.9,61,0000:00:00,40,0,0,0,40,0,0,0,0,0,0,1,158.65,11:35:25,9/22/2023,95.41,48.38,--.--
high,0,548,9.13,15.55,14.39,1367,223.7645,2.35,21.22020164,35:26.0,1.8,-6.4,154,0,0,0,0.2,0,0,0.1,-56.2,0,0,-17.179,0,0,4593.5,0:06:15,99.5,0,--.--,289,81.1,62,0000:00:00,40,0,0,0,40,0,0,0,0,0,0,1,223.82,11:35:26,9/22/2023,95.43,48.38,--.--
high,0,549,9.15,15.54,13.4,1371,208.236,2.32,21.27804497,35:27.0,1.9,-6.8,154,0,0,0,0.1,0,0,0,-56,0,0,-17.085,0,0,4593.5,0:06:16,99.9,0,--.--,289,81.5,56,0000:00:00,40,0,0,0,40,0,0,0,0,0,0,1,208.2,11:35:26,9/22/2023,95.45,48.38,--.--
high,0,550,9.17,15.6,13.07,1375,203.892,2.31,21.33468164,35:28.0,2.1,-5.3,154,0,0,0,0.1,0,0,0,-56.2,0,0,-17.12,0,0,4593.5,0:06:17,101,0,--.--,289,82.5,63,0000:00:00,40,0,0,0,40,0,0,0,0,0,0,1,203.89,11:35:27,9/22/2023,95.45,48.38,--.--
high,0,551,9.18,15.62,13.52,1379,211.1824,2.32,21.39334342,35:29.0,1.3,-5.1,154,0,0,0,0.1,0,0,0,-56.3,0,0,-17.153,0,0,4593.5,0:06:18,101.5,0,--.--,289,82.9,61,0000:00:00,40,0,0,0,40,0,0,0,0,0,0,1,211.16,11:35:29,9/22/2023,95.45,48.38,--.--
high,0,552,9.2,15.55,13.83,1383,215.0565,2.33,21.45308133,35:30.0,2.1,-5,154,0,0,0,0.1,0,0,0.1,-56.2,0,0,-17.14,0,0,4602,0:06:19,99.5,0,--.--,284,80,64,0000:00:00,40,0,0,0,40,0,0,0,0,0,0,1,215.13,11:35:29,9/22/2023,95.49,48.38,--.--
high,0,553,9.22,15.45,20.72,1388,320.124,2.51,21.54200467,35:31.0,2.5,-6.7,154,0,0,0,0.1,0,0,0.1,-55.7,0,0,-17.029,0,0,4608.9,0:06:20,99.5,0,--.--,280,79.2,64,0000:00:00,40,0,0,0,40,0,0,0,0,0,0,1,320.12,11:35:30,9/22/2023,95.5,48.38,--.--
high,0,554,9.23,15.65,10.89,1394,170.4285,2.23,21.58934592,35:32.0,1.4,-5.8,154,0,0,0,0.1,0,0,0,-55.5,0,0,-16.929,0,0,4807.1,0:06:21,99.3,0,--.--,286,80.2,52,0000:00:00,40,0,0,0,40,0,0,0,0,0,0,1,170.43,11:35:31,9/22/2023,95.5,48.38,--.--
high,0,555,9.25,15.61,11.31,1397,176.5491,2.25,21.63838733,35:33.0,3,-2.6,154,0,0,0,0.1,0,0,0.1,-55.6,0,0,-16.941,0,0,4814.9,0:06:22,100.6,0,--.--,288,82,62,0000:00:00,40,0,0,0,40,0,0,0,0,0,0,1,176.59,11:35:33,9/22/2023,95.52,48.38,--.--
high,0,556,9.27,15.55,14.87,1400,231.2285,2.36,21.70261747,35:34.0,1.5,-2.7,155,0,0,0,0.2,0,0,0.1,-55.3,0,0,-16.876,0,0,4814.9,0:06:23,102.4,0,--.--,289,84,59,0000:00:00,40,0,0,0,40,0,0,0,0,0,0,1,231.18,11:35:33,9/22/2023,95.54,48.38,--.--
high,0,557,9.28,15.63,11.69,1404,182.7147,2.26,21.75337156,35:35.0,1.8,-6.6,155,0,0,0,0.2,0,0,0.1,-55,0,0,-16.789,0,0,4814.9,0:06:24,103.4,0,--.--,290,85.2,56,0000:00:00,40,0,0,0,40,0,0,0,0,0,0,1,182.77,11:35:35,9/22/2023,95.54,48.38,--.--
high,0,558,9.3,15.63,11.11,1407,173.6493,2.24,21.80160747,35:36.0,2.5,-5.6,155,0,0,0,0.1,0,0,0.1,-54.9,0,0,-16.746,0,0,4814.9,0:06:25,104.2,0,--.--,291,86.2,57,0000:00:00,36,0,0,0,40,0,0,0,0,0,0,1,173.7,11:35:36,9/22/2023,95.56,48.38,--.--
high,0,559,9.32,15.62,11.78,1410,184.0036,2.26,21.85271958,35:37.0,1.9,-4.9,154,0,0,0,0.1,0,0,0.1,-54.9,0,0,-16.728,0,0,4814.9,0:06:26,104.8,0,--.--,291,86.7,61,0000:00:00,56,0,0,0,40,0,0,0,0,0,0,1,184,11:35:37,9/22/2023,95.58,48.38,--.--
high,0,560,9.33,15.53,15.01,1414,233.1053,2.37,21.91747106,35:38.0,1.7,-5.3,154,0,0,0,0.1,0,0,0.2,-54.5,0,0,-16.659,0,0,4814.9,0:06:27,105.4,0,--.--,291,87.4,65,0000:00:00,56,0,0,0,40,0,0,0,0,0,0,1,233.06,11:35:38,9/22/2023,95.58,48.36,--.--
high,0,561,9.35,15.47,16.91,1418,261.5977,2.42,21.99013708,35:39.0,1.5,-9.1,151,0,0,0,0.1,0,0,0.2,-54.1,0,0,-16.522,0,0,4822.4,0:06:28,106,0,--.--,291,88.1,67,0000:00:00,56,0,0,0,40,0,0,0,0,0,0,1,261.6,11:35:39,9/22/2023,95.59,48.36,--.--
high,0,562,9.37,15.38,22.83,1424,351.1254,2.55,22.08767192,35:40.0,6.8,-6.8,132,0,0,0,0.1,0,0,0,-53.7,0,0,-16.374,0,0,4822.4,0:06:29,106.4,0,--.--,293,88.9,50,0000:00:00,56,0,0,0,40,0,0,0,0,0,0,1,351.03,11:35:40,9/22/2023,95.59,48.36,--.--
high,0,563,9.38,15.5,16.7,1429,258.85,2.41,22.15957469,35:41.0,8.2,3.3,112,0,0,0,0.1,0,0,-0.1,-53.8,0,0,-16.386,0,0,4822.4,0:06:30,106.7,0,--.--,295,89.8,51,0000:00:00,56,0,0,0,40,0,0,0,0,0,0,1,258.92,11:35:41,9/22/2023,95.61,48.36,--.--
high,0,564,9.4,15.41,15.01,1433,231.3041,2.36,22.22382583,35:42.0,4.4,1,116,0,0,0,0.4,0,0,-0.1,-54,0,0,-16.458,0,0,4822.4,0:06:31,107,0,--.--,295,90.1,51,0000:00:00,56,0,0,0,40,0,0,0,0,0,0,1,231.33,11:35:42,9/22/2023,95.61,48.36,--.--
high,0,565,9.42,15.86,2.93,1435,46.4698,1.67,22.23673411,35:43.0,4.5,-2.4,93,0,0,0,0.4,0,0,0.1,-53.9,0,0,-16.457,0,0,5035.1,0:06:32,107,0,--.--,295,90.1,67,0000:00:00,56,0,0,0,40,0,0,0,0,0,0,1,46.48,11:35:43,9/22/2023,95.61,48.38,--.--
high,0,566,9.43,15.3,15.59,1440,238.527,2.38,22.30299161,35:44.0,4.6,-1.8,90,0,0,0,0.5,0,0,0.2,-53.5,0,0,-16.349,0,0,5035.1,0:06:33,108.1,0,--.--,296,91.4,70,0000:00:00,56,0,0,0,40,0,0,0,0,0,0,1,238.57,11:35:44,9/22/2023,95.65,48.36,--.--
high,0,567,9.45,15.61,12.85,1444,200.5885,2.3,22.35871064,35:45.0,4.1,-1.9,90,0,0,0,0.6,0,0,0.3,-52.8,0,0,-16.155,0,0,5035.1,0:06:34,109,0,--.--,295,92.1,70,0000:00:00,56,0,0,0,40,0,0,0,0,0,0,1,200.59,11:35:45,9/22/2023,95.65,48.36,--.--
high,0,568,9.47,15.54,13.63,1450,211.8102,2.33,22.41754681,35:46.0,6.2,-6.7,91,0,0,0,0.6,0,0,-0.1,-52.6,0,0,-16.021,0,0,5035.1,0:06:35,109.7,0,--.--,294,92.7,49,0000:00:00,56,0,0,0,40,0,0,0,0,0,0,1,211.85,11:35:46,9/22/2023,95.67,48.36,--.--
high,0,569,9.48,15.54,13.57,1453,210.8778,2.32,22.47612397,35:47.0,5.1,0.5,92,0,0,0,0.6,0,0,-0.1,-52.9,0,0,-16.106,0,0,5035.1,0:06:36,110.5,0,--.--,295,90.2,50,0000:00:00,52,0,0,0,40,0,0,0,0,0,0,1,210.93,11:35:47,9/22/2023,95.67,48.36,--.--
high,0,570,9.5,15.6,12.71,1457,198.276,2.3,22.53120064,35:48.0,3.5,0.7,92,0,0,0,0.8,0,0,-0.1,-53.3,0,0,-16.233,0,0,5035.1,0:06:37,111.1,0,--.--,295,90.8,51,0000:00:00,52,0,0,0,40,0,0,0,0,0,0,1,198.3,11:35:48,9/22/2023,95.68,48.36,--.--
high,0,571,9.52,15.56,13.38,1460,208.1928,2.32,22.58903197,35:49.0,2,0.1,94,0,0,0,0.9,0,0,0,-53.3,0,0,-16.254,0,0,5254.1,0:06:38,112.4,0,--.--,293,91.6,50,0000:00:00,52,0,0,0,40,0,0,0,0,0,0,1,208.19,11:35:49,9/22/2023,95.7,48.36,--.--
high,0,572,9.53,15.64,10.53,1464,164.6892,2.22,22.63477897,35:50.0,3.6,-3.7,93,0,0,0,0.8,0,0,0,-53.2,0,0,-16.21,0,0,5269.8,0:06:39,114.2,0,--.--,285,94.7,66,0000:00:00,52,0,0,0,40,0,0,0,0,0,0,1,164.65,11:35:50,9/22/2023,95.72,48.36,--.--
high,0,573,9.55,15.48,16.81,1467,260.2188,2.42,22.70706197,35:51.0,5,-0.6,93,0,0,0,0.6,0,0,0.2,-52.6,0,0,-16.094,0,0,5276.7,0:06:40,114.3,0,--.--,289,95.7,67,0000:00:00,52,0,0,0,40,0,0,0,0,0,0,1,260.19,11:35:51,9/22/2023,95.72,48.36,--.--
high,0,574,9.57,15.47,15.96,1472,246.9012,2.39,22.77564564,35:52.0,4.1,-4.8,91,0,0,0,0.5,0,0,0.2,-52,0,0,-15.902,0,0,5276.7,0:06:41,115.5,0,--.--,290,97,65,0000:00:00,45,0,0,0,40,0,0,0,0,0,0,1,246.93,11:35:52,9/22/2023,95.72,48.36,--.--
high,0,575,9.58,15.51,14.9,1477,231.099,2.36,22.83983981,35:53.0,3.7,-4,91,0,0,0,0.4,0,0,0.2,-51.5,0,0,-15.738,0,0,5276.7,0:06:42,116.9,0,--.--,289,98.3,64,0000:00:00,41,0,0,0,40,0,0,0,0,0,0,1,231.11,11:35:53,9/22/2023,95.74,48.36,--.--
high,0,576,9.6,15.55,14.53,1481,225.9415,2.35,22.90260133,35:54.0,3,-3.6,92,0,0,0,0.3,0,0,0,-51.3,0,0,-15.647,0,0,5508.8,0:06:43,117.7,0,--.--,289,99.1,51,0000:00:00,41,0,0,0,40,0,0,0,0,0,0,1,226.01,11:35:54,9/22/2023,95.74,48.36,--.--
high,0,577,9.62,15.64,10.01,1483,156.5564,2.19,22.94608922,35:55.0,2.1,-1.1,92,0,0,0,0.3,0,0,-0.1,-51.5,0,0,-15.688,0,0,5508.8,0:06:44,119.1,0,--.--,289,100.5,50,0000:00:00,41,0,0,0,40,0,0,0,0,0,0,1,156.52,11:35:55,9/22/2023,95.74,48.36,--.--
high,0,578,9.63,15.64,10.37,1486,162.1868,2.21,22.99114111,35:56.0,4.6,0.4,92,0,0,0,0.3,0,0,-0.1,-51.7,0,0,-15.757,0,0,5508.8,0:06:45,120.1,0,--.--,289,101.5,50,0000:00:00,41,0,0,0,40,0,0,0,0,0,0,1,162.22,11:35:56,9/22/2023,95.77,48.36,--.--
high,0,579,9.65,15.63,10.81,1489,168.9603,2.23,23.03807453,35:57.0,4.5,0.7,89,0,0,0,0.3,0,0,0,-51.7,0,0,-15.778,0,0,5508.8,0:06:46,121.1,0,--.--,289,102.6,52,0000:00:00,41,0,0,0,40,0,0,0,0,0,0,1,168.95,11:35:57,9/22/2023,95.77,48.36,--.--
high,0,580,9.67,15.58,12.28,1492,191.3224,2.28,23.09121964,35:58.0,5.1,-1.7,81,0,0,0,0.2,0,0,0.2,-51.5,0,0,-15.726,0,0,5508.8,0:06:47,122.1,0,--.--,290,103.9,65,0000:00:00,41,0,0,0,40,0,0,0,0,0,0,1,191.3,11:35:58,9/22/2023,95.77,48.36,--.--
high,0,581,9.68,15.63,10.51,1496,164.2713,2.22,23.13685056,35:59.0,5.1,0.6,79,0,0,0,0.2,0,0,0.1,-51,0,0,-15.575,0,0,5508.8,0:06:48,122.6,0,--.--,290,104.2,50,0000:00:00,41,0,0,0,40,0,0,0,0,0,0,1,164.28,11:35:59,9/22/2023,95.77,48.36,--.--
high,0,582,9.7,15.64,10.72,1499,167.6608,2.22,23.183423,36:00.0,4.4,-2.3,79,0,0,0,0.1,0,0,0,-51,0,0,-15.533,0,0,5749.6,0:06:49,123.6,0,--.--,289,105,60,0000:00:00,41,0,0,0,40,0,0,0,0,0,0,1,167.63,11:36:00,9/22/2023,95.81,48.36,--.--
high,0,583,9.72,15.53,13.24,1503,205.6172,2.31,23.24053889,36:01.0,6.8,0.6,79,0,0,0,0.1,0,0,0.2,-50.7,0,0,-15.489,0,0,5749.6,0:06:50,124.6,0,--.--,289,106.1,67,0000:00:00,41,0,0,0,40,0,0,0,0,0,0,1,205.62,11:36:01,9/22/2023,95.83,48.36,--.--
high,0,584,9.73,15.41,17.14,1507,264.1274,2.42,23.31390761,36:02.0,6.1,-2.6,78,0,0,0,0.1,0,0,0.3,-50.1,0,0,-15.329,0,0,5749.6,0:06:51,125.6,0,--.--,289,106.9,70,0000:00:00,41,0,0,0,40,0,0,0,0,0,0,1,264.18,11:36:02,9/22/2023,95.83,48.36,--.--
high,0,585,9.75,15.35,19.55,1513,300.0925,2.48,23.39726664,36:03.0,5.6,-4.7,78,0,0,0,0.2,0,0,0.3,-49.3,0,0,-15.091,0,0,5749.6,0:06:52,126.4,0,--.--,287,107.4,70,0000:00:00,41,0,0,0,40,0,0,0,0,0,0,1,300.01,11:36:03,9/22/2023,95.83,48.36,--.--
high,0,586,9.77,15.38,19.81,1518,304.6778,2.48,23.48189936,36:04.0,4.9,-4.1,79,0,0,0,0.2,0,0,0.2,-48.5,0,0,-14.838,0,0,5756.8,0:06:53,127.4,0,--.--,287,108.2,68,0000:00:00,41,0,0,0,40,0,0,0,0,0,0,1,304.58,11:36:04,9/22/2023,95.85,48.36,--.--
high,0,587,9.78,15.36,20.15,1523,309.504,2.49,23.56787269,36:05.0,5.3,-2.1,78,0,0,0,0.3,0,0,0.2,-47.8,0,0,-14.626,0,0,6012.3,0:06:54,128.1,0,--.--,287,108.9,70,0000:00:00,46,0,0,0,40,0,0,0,0,0,0,1,309.46,11:36:05,9/22/2023,95.85,48.36,--.--
high,0,588,9.8,15.35,20.29,1529,311.4515,2.49,23.654387,36:06.0,5.1,-2.3,78,0,0,0,0.3,0,0,0.2,-46.9,0,0,-14.372,0,0,6012.3,0:06:55,129.2,0,--.--,286,109.9,70,0000:00:00,41,0,0,0,40,0,0,0,0,0,0,1,311.39,11:36:06,9/22/2023,95.86,48.36,--.--
high,0,589,9.82,15.32,20.19,1534,309.3108,2.49,23.74030667,36:07.0,5.1,-0.8,78,0,0,0,0.3,0,0,0.2,-45.9,0,0,-14.076,0,0,6012.3,0:06:56,130,0,--.--,286,110.8,65,0000:00:00,24,0,0,0,40,0,0,0,0,0,0,1,309.31,11:36:07,9/22/2023,95.88,48.34,--.--
high,0,590,9.83,15.23,23.07,1539,351.3561,2.55,23.83790558,36:08.0,6,-0.6,78,0,0,0,0.3,0,0,0.3,-45,0,0,-13.775,0,0,6012.3,0:06:57,131,0,--.--,286,111.6,70,0000:00:00,24,0,0,0,40,0,0,0,0,0,0,1,351.4,11:36:08,9/22/2023,95.88,48.34,--.--
high,0,591,9.85,15.38,14.62,1544,224.8556,2.35,23.90036547,36:09.0,5.7,0.5,79,0,0,0,0.3,0,0,0.3,-43.9,0,0,-13.453,0,0,6012.3,0:06:58,131.8,0,--.--,285,112.2,64,0000:00:00,24,0,0,0,40,0,0,0,0,0,0,1,224.8,11:36:09,9/22/2023,95.9,48.34,--.--
high,0,592,9.87,15.51,14.33,1550,222.2583,2.35,23.96210389,36:10.0,6.1,-1.2,77,0,0,0,0.4,0,0,0.3,-43.3,0,0,-13.244,0,0,6012.3,0:06:59,132.1,0,--.--,285,112.4,70,0000:00:00,24,0,0,0,40,0,0,0,0,0,0,1,222.29,11:36:10,9/22/2023,95.9,48.34,--.--
high,0,593,9.88,15.23,22.54,1555,343.2842,2.54,24.05746061,36:11.0,4.8,-1.8,78,0,0,0,0.3,0,0,0.2,-42.7,0,0,-13.04,0,0,6273,0:07:00,133,0,--.--,284,113.2,67,0000:00:00,24,0,0,0,40,0,0,0,0,0,0,1,343.33,11:36:11,9/22/2023,95.9,48.34,--.--
high,0,594,9.9,15.42,18.69,1561,288.1998,2.46,24.13751611,36:12.0,3.4,-3.6,80,0,0,0,0.4,0,0,0.1,-42.2,0,0,-12.886,0,0,6273,0:07:01,133.7,0,--.--,284,113.8,60,0000:00:00,24,0,0,0,40,0,0,0,0,0,0,1,288.13,11:36:12,9/22/2023,95.9,48.34,--.--
high,0,595,9.92,15.53,12.46,1564,193.5038,2.29,24.19126717,36:13.0,3,-2.5,77,0,0,0,0.5,0,0,-0.1,-42.2,0,0,-12.841,0,0,6273,0:07:02,134.5,0,--.--,283,114.6,50,0000:00:00,24,0,0,0,40,0,0,0,0,0,0,1,193.44,11:36:13,9/22/2023,95.9,48.34,--.--
high,0,596,9.93,15.57,11.2,1567,174.384,2.24,24.23970717,36:14.0,6.6,3.2,75,0,0,0,0.5,0,0,0.2,-42,0,0,-12.853,0,0,6273,0:07:03,135.3,0,--.--,283,115.4,70,0000:00:00,24,0,0,0,40,0,0,0,0,0,0,1,174.37,11:36:14,9/22/2023,95.94,48.34,--.--
high,0,597,9.95,15.57,10.98,1570,170.9586,2.23,24.28719567,36:15.1,4.6,3,84,0,0,0,0.4,0,0,0.1,-41.2,0,0,-12.596,0,0,6273,0:07:04,135.8,0,--.--,283,115.8,49,0000:00:00,24,0,0,0,40,0,0,0,0,0,0,1,170.96,11:36:15,9/22/2023,95.94,48.34,--.--
high,0,598,9.97,15.53,10.85,1573,168.5005,2.23,24.33400136,36:16.0,5.5,-1.5,84,0,0,0,0.3,0,0,0,-41,0,0,-12.498,0,0,6541.3,0:07:05,135.8,0,--.--,283,115.8,48,0000:00:00,24,0,0,0,40,0,0,0,0,0,0,1,168.46,11:36:16,9/22/2023,95.95,48.34,--.--
high,0,599,9.98,15.71,10.08,1576,158.3568,2.2,24.37798936,36:17.0,7.6,5.4,82,0,0,0,0.3,0,0,0,-41.1,0,0,-12.519,0,0,6541.3,0:07:06,136.3,0,--.--,283,116.2,49,0000:00:00,24,0,0,0,40,0,0,0,0,0,0,1,158.39,11:36:17,9/22/2023,95.97,48.34,--.--
high,0,600,10,15.57,14.27,1579,222.1839,2.35,24.43970711,36:18.1,9.9,-0.3,85,0,0,0,0.8,0,0,0,-41.4,0,0,-12.591,0,0,6541.3,0:07:07,136.7,0,--.--,282,116.5,48,0000:00:00,24,0,0,0,40,0,0,0,0,0,0,1,222.13,11:36:18,9/22/2023,95.97,48.34,--.--
high,0,601,10.02,15.59,10.08,1583,157.1472,2.2,24.48335911,36:19.0,6.1,3.1,109,0,0,0,0.5,0,0,-0.2,-41.8,0,0,-12.702,0,0,6541.3,0:07:08,136.6,0,--.--,282,116.3,37,0000:00:00,24,0,0,0,40,0,0,0,0,0,0,1,157.14,11:36:19,9/22/2023,95.99,48.34,--.--
high,0,602,10.03,15.49,14.85,1587,230.0265,2.36,24.54725536,36:20.0,5.3,-0.7,131,0,0,0,0.5,0,0,-0.2,-42.7,0,0,-12.947,0,0,6541.3,0:07:09,136.1,0,--.--,281,115.7,39,0000:00:00,24,0,0,0,40,0,0,0,0,0,0,1,230.07,11:36:20,9/22/2023,95.99,48.34,--.--
high,0,603,10.05,15.7,14.85,1591,233.145,2.37,24.61201786,36:21.0,4.8,-2.1,148,0,0,0,0.3,0,0,-0.3,-43.5,0,0,-13.208,0,0,6541.3,0:07:10,135.8,0,--.--,281,115.4,35,0000:00:00,24,0,0,0,40,0,0,0,0,0,0,1,233.17,11:36:21,9/22/2023,95.99,48.34,--.--
high,0,604,10.07,15.41,17.27,1594,266.1307,2.43,24.68594306,36:22.0,4.8,-1.5,166,0,0,0,0.4,0,0,-0.2,-44.5,0,0,-13.52,0,0,6812.6,0:07:11,135.3,0,--.--,281,111,49,0000:00:00,16,0,0,0,40,0,0,0,0,0,0,1,266.06,11:36:22,9/22/2023,96.01,48.34,--.--
high,0,605,10.08,15.85,1.38,1595,21.873,1.34,24.69201889,36:23.0,6.8,-2.1,161,0,0,0,0.4,0,0,-0.2,-44.9,0,0,-13.66,0,0,6812.6,0:07:12,134.6,0,--.--,281,110.4,49,0000:00:00,30,0,0,0,40,0,0,0,0,0,0,1,21.87,11:36:23,9/22/2023,96.01,48.36,--.--
high,0,606,10.1,15.84,11.25,1597,178.2,2.25,24.74151889,36:24.0,8.1,-3.7,162,0,0,0,0.4,0,0,-0.1,-45.1,0,0,-13.754,0,0,6812.6,0:07:13,134.2,0,--.--,282,110.1,48,0000:00:00,62,0,0,0,40,0,0,0,0,0,0,1,178.25,11:36:24,9/22/2023,96.03,48.34,--.--
high,0,607,10.12,15.3,19.1,1600,292.23,2.47,24.82269389,36:25.0,-0.2,-2.4,165,0,0,0,0.6,0,0,-0.1,-45.5,0,0,-13.839,0,0,6812.6,0:07:14,133.6,0,--.--,282,113.5,38,0000:00:00,74,0,0,0,40,0,0,0,0,0,0,1,292.25,11:36:25,9/22/2023,96.03,48.36,--.--
high,0,608,10.13,15.34,20.62,1605,316.3108,2.5,24.910558,36:26.0,-1.4,-2,163,0,0,0,0.7,0,0,-0.1,-46,0,0,-13.98,0,0,6812.6,0:07:15,133,0,--.--,283,113.1,40,0000:00:00,74,0,0,0,40,0,0,0,0,0,0,1,316.21,11:36:26,9/22/2023,96.03,48.36,--.--
high,0,609,10.15,15.22,24.52,1611,373.1944,2.57,25.01422311,36:27.0,-3.6,-2,162,0,0,0,0.8,0,0,-0.3,-46.7,0,0,-14.177,0,0,7080.7,0:07:16,132.7,0,--.--,283,112.7,31,0000:00:00,74,0,0,0,40,0,0,0,0,0,0,1,373.24,11:36:27,9/22/2023,96.04,48.36,--.--
high,0,610,10.17,15.42,17.57,1619,270.9294,2.43,25.08948128,36:28.0,-1,3.2,160,0,0,0,0.9,0,0,0,-47.4,0,0,-14.417,0,0,7080.7,0:07:17,132.2,0,--.--,283,112.3,49,0000:00:00,74,0,0,0,40,0,0,0,0,0,0,1,270.93,11:36:28,9/22/2023,96.06,48.36,--.--
high,0,611,10.18,15.46,14.73,1623,227.7258,2.36,25.15273844,36:29.0,-1,-4.4,161,0,0,0,0.9,0,0,-0.1,-47.8,0,0,-14.541,0,0,7080.7,0:07:18,132.2,0,--.--,282,112.1,43,0000:00:00,74,0,0,0,40,0,0,0,0,0,0,1,227.73,11:36:29,9/22/2023,96.06,48.36,--.--
high,0,612,10.2,15.54,11.64,1627,180.8856,2.26,25.20298444,36:30.0,1.7,-3.9,163,0,0,0,0.9,0,0,0,-48.1,0,0,-14.647,0,0,7080.7,0:07:19,132.1,0,--.--,283,112,50,0000:00:00,74,0,0,0,40,0,0,0,0,0,0,1,180.93,11:36:30,9/22/2023,96.06,48.36,--.--
high,0,613,10.22,15.47,14.38,1631,222.4586,2.35,25.2647785,36:31.0,1.8,-3,161,0,0,0,0.9,0,0,-0.1,-48.4,0,0,-14.73,0,0,7080.7,0:07:20,132.2,0,--.--,283,108.4,49,0000:00:00,74,0,0,0,40,0,0,0,0,0,0,1,222.52,11:36:31,9/22/2023,96.06,48.36,--.--
high,0,614,10.23,15.42,15.21,1635,234.5382,2.37,25.329928,36:32.0,-0.5,-3.3,160,0,0,0,0.9,0,0,-0.1,-48.7,0,0,-14.836,0,0,7080.7,0:07:21,132.4,0,--.--,283,108.7,48,0000:00:00,74,0,0,0,40,0,0,0,0,0,0,1,234.54,11:36:32,9/22/2023,96.1,48.36,--.--
high,0,615,10.25,15.58,14.08,1639,219.3664,2.34,25.39086311,36:33.0,-0.6,-4.7,161,0,0,0,0.7,0,0,-0.1,-48.9,0,0,-14.894,0,0,7345.9,0:07:22,131.7,0,--.--,285,112.2,50,0000:00:00,74,0,0,0,40,0,0,0,0,0,0,1,219.31,11:36:33,9/22/2023,96.1,48.36,--.--
high,0,616,10.27,15.6,10.95,1642,170.82,2.23,25.43831311,36:34.0,-1.5,-3.7,161,0,0,0,0.6,0,0,-0.1,-49,0,0,-14.92,0,0,7352.7,0:07:23,131.2,0,--.--,288,112.3,50,0000:00:00,74,0,0,0,40,0,0,0,0,0,0,1,170.85,11:36:34,9/22/2023,96.12,48.36,--.--
high,0,617,10.28,15.49,15.11,1645,234.0539,2.37,25.50332808,36:35.0,-1.2,-2.2,157,0,0,0,0.5,0,0,0,-49,0,0,-14.924,0,0,7352.7,0:07:24,131.4,0,--.--,289,112.7,49,0000:00:00,74,0,0,0,40,0,0,0,0,0,0,1,234.08,11:36:35,9/22/2023,96.12,48.36,--.--
high,0,618,10.3,15.51,12.29,1649,190.6179,2.28,25.5562775,36:36.0,-0.8,-3.1,155,0,0,0,0.4,0,0,0,-48.9,0,0,-14.914,0,0,7359.3,0:07:25,131.5,0,--.--,289,113,50,0000:00:00,74,0,0,0,40,0,0,0,0,0,0,1,190.64,11:36:36,9/22/2023,96.13,48.36,--.--
high,0,619,10.32,15.83,6.79,1652,107.4857,2.03,25.58613464,36:37.0,-0.8,-3.7,154,0,0,0,0.3,0,0,0,-48.9,0,0,-14.912,0,0,7359.3,0:07:26,132.1,0,--.--,290,113.7,50,0000:00:00,74,0,0,0,40,0,0,0,0,0,0,1,107.51,11:36:37,9/22/2023,96.15,48.36,--.--
high,1,620,10.33,15.85,1.61,1652,25.5185,1.41,25.59322311,36:38.0,-0.2,-3.7,152,0,0,0,0.3,0,0,0,-49.1,0,0,-14.959,0,0,7490.8,0:07:27,0,0,--.--,--.--,26.6,50,0000:00:00,74,0,0,0,40,0,0,0,0,0,0,1,25.52,11:36:38,9/22/2023,96.15,48.36,--.--
high,1,621,10.35,15.86,1.68,1653,26.6448,1.43,25.60062444,36:39.1,-0.6,-3.1,152,0,0,0,0.3,0,0,0,-49.4,0,0,-15.035,0,0,7623.2,0:07:28,132.7,0,--.--,291,111,50,0000:00:00,74,0,0,0,40,0,0,0,0,0,0,1,26.64,11:36:39,9/22/2023,96.17,48.36,--.--
high,1,622,10.37,15.86,1.81,1653,28.7066,1.46,25.6085985,36:40.1,-0.5,-2.4,152,0,0,0,0.3,0,0,0,-49.5,0,0,-15.081,0,0,7623.2,0:07:29,132.9,0,--.--,291,111.2,50,0000:00:00,74,0,0,0,40,0,0,0,0,0,0,1,28.71,11:36:40,9/22/2023,96.17,48.36,--.--
high,1,623,10.38,15.87,1.71,1654,27.1377,1.43,25.61613675,36:41.1,-0.6,-2.3,152,0,0,0,0.4,0,0,0,-49.4,0,0,-15.065,0,0,7623.2,0:07:30,132.7,0,--.--,292,111.3,50,0000:00:00,74,0,0,0,40,0,0,0,0,0,0,1,27.14,11:36:41,9/22/2023,96.19,48.36,--.--
high,1,624,10.4,15.88,1.48,1654,23.5024,1.37,25.62266519,36:42.1,-0.9,-1.9,153,0,0,0,0.4,0,0,0,-49.1,0,0,-14.986,0,0,7623.2,0:07:31,133,0,--.--,291,114.7,50,0000:00:00,74,0,0,0,40,0,0,0,0,0,0,1,23.5,11:36:42,9/22/2023,96.19,48.36,--.--
high,1,625,10.42,15.9,1.37,1655,21.783,1.34,25.62871603,36:43.1,-2.2,-0.3,155,0,0,0,0.2,0,0,0,-48.8,0,0,-14.891,0,0,7623.2,0:07:32,132.3,0,--.--,291,114.2,50,0000:00:00,74,0,0,0,40,0,0,0,0,0,0,1,21.78,11:36:43,9/22/2023,96.19,48.38,--.--
high,1,626,10.43,15.8,7.19,1657,113.602,2.06,25.66027214,36:44.1,-1,-2.3,156,0,0,0,0.4,0,0,0,-48.7,0,0,-14.841,0,0,7887.6,0:07:33,131.9,0,--.--,292,114.1,50,0000:00:00,74,0,0,0,40,0,0,0,0,0,0,1,113.63,11:36:44,9/22/2023,96.22,48.38,--.--
high,1,627,10.45,15.78,5.27,1660,83.1606,1.92,25.68337231,36:45.1,-0.7,-3.8,157,0,0,0,0.4,0,0,0,-48.7,0,0,-14.846,0,0,7887.6,0:07:34,131.7,0,--.--,290,113.3,50,0000:00:00,74,0,0,0,40,0,0,0,0,0,0,1,83.16,11:36:45,9/22/2023,96.22,48.36,--.--
high,1,628,10.47,15.57,11.6,1662,180.612,2.26,25.73354231,36:46.1,-2.3,-1.5,156,0,0,0,0.5,0,0,0,-48.8,0,0,-14.877,0,0,7894.9,0:07:35,131.8,0,--.--,289,109.5,50,0000:00:00,74,0,40,0,40,0,0,0,0,0,0,1,180.62,11:36:46,9/22/2023,96.22,48.36,--.--
high,1,629,10.48,15.85,2.48,1663,39.308,1.59,25.74446119,36:47.1,-0.4,-3.4,152,0,0,0,0.4,0,0,0,-49,0,0,-14.936,0,0,7894.9,0:07:36,132.1,0,--.--,289,109.7,50,0000:00:00,74,0,60,0,40,0,0,0,0,0,0,1,39.32,11:36:47,9/22/2023,96.22,48.38,--.--
high,1,630,10.5,15.83,4.22,1664,66.8026,1.82,25.76301747,36:48.1,-1.4,-1.9,155,0,0,0,0.4,0,0,0,-49.1,0,0,-14.977,0,0,7894.9,0:07:37,132.5,0,--.--,289,110.1,50,0000:00:00,74,0,80,0,40,0,0,0,0,0,0,1,66.79,11:36:48,9/22/2023,96.26,48.38,--.--
high,1,631,10.52,15.82,3.85,1665,60.907,1.78,25.77993608,36:49.1,-1,-2.2,153,0,0,0,0.4,0,0,0,-49.1,0,0,-14.974,0,0,7894.9,0:07:38,132.5,0,--.--,289,110.1,50,0000:00:00,74,0,80,0,40,0,0,0,0,0,0,1,60.91,11:36:49,9/22/2023,96.26,48.36,--.--
high,1,632,10.53,15.81,4.6,1666,72.726,1.86,25.80013775,36:50.1,-1.9,-2.7,153,0,0,0,0.3,0,0,0,-48.9,0,0,-14.912,0,0,8159.2,0:07:39,132.5,0,--.--,289,110.2,44,0000:00:00,74,0,80,0,40,0,0,0,0,0,0,1,72.74,11:36:50,9/22/2023,96.28,48.36,--.--
high,1,633,10.55,15.76,5.89,1668,92.8264,1.97,25.82592286,36:51.1,-6,-2.1,155,0,0,0,0.2,0,0,-0.1,-48.8,0,0,-14.876,0,0,8159.2,0:07:40,132.6,0,--.--,289,114,37,0000:00:00,74,0,80,0,40,0,0,0,0,0,0,1,92.84,11:36:51,9/22/2023,96.3,48.38,--.--
high,1,634,10.57,15.56,10.8,1670,168.048,2.23,25.87260286,36:52.1,-4.5,-1.7,157,0,0,0,0.2,0,0,-0.2,-49.3,0,0,-14.994,0,0,8159.2,0:07:41,132.7,0,--.--,289,114.1,39,0000:00:00,74,0,80,0,40,0,0,0,0,0,0,1,168.05,11:36:52,9/22/2023,96.3,48.38,--.--
high,1,635,10.58,15.63,7.96,1673,124.4148,2.09,25.90716253,36:53.1,-3.2,-1.2,156,0,0,0,0.2,0,0,-0.1,-49.9,0,0,-15.168,0,0,8159.2,0:07:42,132.8,0,--.--,289,114.2,43,0000:00:00,74,0,80,0,40,0,0,0,0,0,0,1,124.44,11:36:53,9/22/2023,96.31,48.38,--.--
high,1,636,10.6,15.75,6.94,1676,109.305,2.04,25.93752503,36:54.1,-1.3,-1.3,156,0,0,0,0.2,0,0,0,-50.2,0,0,-15.291,0,0,8159.2,0:07:43,132.8,0,--.--,288,114,45,0000:00:00,74,0,80,0,40,0,0,0,0,0,0,1,109.33,11:36:54,9/22/2023,96.33,48.38,--.--
high,1,637,10.62,15.84,3.73,1677,59.0832,1.77,25.95393703,36:55.1,0.7,-1.8,153,0,0,0,0.2,0,0,0,-50.4,0,0,-15.342,0,0,8291.7,0:07:44,0,0,--.--,--.--,22.7,49,0000:00:00,74,0,80,0,40,0,0,0,0,0,0,1,59.08,11:36:55,9/22/2023,96.35,48.36,--.--
high,1,638,10.63,15.83,6.4,1678,101.312,2.01,25.98207925,36:56.1,0.5,-1.3,155,0,0,0,0.2,0,0,0,-50.4,0,0,-15.364,0,0,8424.9,0:07:45,133.5,0,--.--,287,114.4,50,0000:00:00,74,0,80,0,40,0,0,0,0,0,0,1,101.34,11:36:56,9/22/2023,96.35,48.38,--.--
high,1,639,10.65,15.51,15.38,1681,238.5438,2.38,26.04834142,36:57.1,2.2,-3.4,155,0,0,0,0.3,0,0,0,-50.5,0,0,-15.377,0,0,8424.9,0:07:46,133.8,0,--.--,287,114.6,49,0000:00:00,74,0,80,0,40,0,0,0,0,0,0,1,238.53,11:36:57,9/22/2023,96.35,48.38,--.--
high,1,640,10.67,15.55,13.56,1685,210.858,2.32,26.10691308,36:58.1,1,-4.5,155,0,0,0,0.2,0,0,0,-50.6,0,0,-15.424,0,0,8424.9,0:07:47,134,0,--.--,287,111,50,0000:00:00,74,0,80,0,40,0,0,0,0,0,0,1,210.93,11:36:58,9/22/2023,96.39,48.38,--.--
high,1,641,10.68,15.74,4.26,1687,67.0524,1.83,26.12553875,36:59.1,0,-2.7,155,0,0,0,0.2,0,0,0,-50.8,0,0,-15.467,0,0,8424.9,0:07:48,134,0,--.--,287,111.1,50,0000:00:00,74,0,80,0,40,0,0,0,0,0,0,1,67.06,11:36:59,9/22/2023,96.39,48.38,--.--
high,1,642,10.7,15.8,4.92,1689,77.736,1.89,26.14713208,37:00.1,-0.7,-1.7,156,0,0,0,0.2,0,0,0,-50.9,0,0,-15.515,0,0,8424.9,0:07:49,134.3,0,--.--,287,115.2,50,0000:00:00,74,0,80,0,40,0,0,0,0,0,0,1,77.72,11:37:00,9/22/2023,96.39,48.38,--.--
high,1,643,10.72,15.74,6.52,1690,102.6248,2.01,26.17563897,37:01.1,-0.4,-2.3,156,0,0,0,0.2,0,0,0,-51,0,0,-15.542,0,0,8558.1,0:07:50,0,0,--.--,--.--,22.7,50,0000:00:00,74,0,80,0,40,0,0,0,0,0,0,1,102.64,11:37:01,9/22/2023,96.4,48.38,--.--
high,1,644,10.73,15.75,6.74,1692,106.155,2.03,26.20512647,37:02.1,-0.9,-2.8,157,0,0,0,0.1,0,0,0,-50.9,0,0,-15.527,0,0,8692.7,0:07:51,134.9,0,--.--,288,115.9,50,0000:00:00,74,0,80,0,40,0,0,0,0,0,0,1,106.15,11:37:02,9/22/2023,96.4,48.38,--.--
high,1,645,10.75,15.7,7.62,1694,119.634,2.08,26.23835814,37:03.1,-0.6,-3.4,157,0,0,0,0.1,0,0,0,-50.9,0,0,-15.507,0,0,8692.7,0:07:52,135.4,0,--.--,287,116.2,50,0000:00:00,74,0,80,0,40,0,0,0,0,0,0,1,119.6,11:37:03,9/22/2023,96.42,48.38,--.--
high,1,646,10.77,15.58,12.8,1698,199.424,2.3,26.29375369,37:04.1,-1.2,-3.2,156,0,0,0,0.1,0,0,0,-51,0,0,-15.531,0,0,8692.7,0:07:53,135.8,0,--.--,287,116.6,50,0000:00:00,74,0,80,0,40,0,0,0,0,0,0,1,199.4,11:37:04,9/22/2023,96.44,48.38,--.--
high,1,647,10.78,15.66,7.81,1701,122.3046,2.09,26.32772719,37:05.1,-1,-2.7,157,0,0,0,0.1,0,0,0,-51.2,0,0,-15.593,0,0,8692.7,0:07:54,136.5,0,--.--,286,117.2,50,0000:00:00,74,0,80,0,40,0,0,0,0,0,0,1,122.34,11:37:05,9/22/2023,96.44,48.36,--.--
high,1,648,10.8,15.72,7.57,1703,119.0004,2.08,26.36078286,37:06.1,-0.8,-3,156,0,0,0,0.1,0,0,0,-51.4,0,0,-15.665,0,0,8692.7,0:07:55,137,0,--.--,286,117.7,50,0000:00:00,74,0,80,0,40,0,0,0,0,0,0,1,118.97,11:37:06,9/22/2023,96.46,48.36,--.--
high,1,649,10.82,15.75,6.54,1705,103.005,2.01,26.38939536,37:07.1,-1.2,-2.3,156,0,0,0,0.1,0,0,0,-51.6,0,0,-15.722,0,0,8964.6,0:07:56,137.2,0,--.--,287,118,50,0000:00:00,74,0,80,0,40,0,0,0,0,0,0,1,103.02,11:37:07,9/22/2023,96.46,48.38,--.--
high,1,650,10.83,15.79,5.15,1706,81.3185,1.91,26.41198383,37:08.1,-1,-1.7,156,0,0,0,0.2,0,0,0,-51.7,0,0,-15.755,0,0,8964.6,0:07:57,137.3,0,--.--,287,118.2,50,0000:00:00,70,0,80,0,40,0,0,0,0,0,0,1,81.3,11:37:08,9/22/2023,96.46,48.36,--.--
high,1,651,10.85,15.79,5.28,1708,83.3712,1.92,26.4351425,37:09.1,-0.7,-2,157,0,0,0,0.1,0,0,0,-51.7,-50,-15.23,-31.01,0,1.47,9109.9,0:07:58,0.1,0,--.--,--.--,22.8,50,0000:00:00,62,0,80,0,40,0,0,4.82,0,0,0,1,83.36,11:37:09,9/22/2023,96.48,48.36,--.--
high,1,652,10.87,15.67,9.16,1710,143.5372,2.16,26.47501394,37:10.1,-0.4,-1.9,156,0,0,0,0.2,0,0,0,-51.8,-50,-15.25,-31.02,0,1.46,9109.9,0:07:59,0.5,0,--.--,--.--,22.7,50,0000:00:00,62,0,80,0,40,0,0,4.79,0,0,0,1,143.5,11:37:10,9/22/2023,96.49,48.38,--.--
high,1,653,10.88,15.67,9.39,1712,147.1413,2.17,26.51588653,37:11.1,-0.5,-2,156,0,0,0,0.2,0,0,0,-51.9,-50.1,-15.28,-31.079,0,1.3,9109.9,0:08:00,1,0,--.--,--.--,26.7,50,0000:00:00,62,0,80,0,40,0,0,4.27,0,0,0,1,147.16,11:37:11,9/22/2023,96.49,48.38,--.--
high,1,654,10.9,15.67,9.36,1715,146.6712,2.17,26.55662853,37:12.1,-1.4,-2.7,156,0,0,0,0.2,0,0,0,-51.9,-50.2,-15.3,-31.118,0,1.26,9109.9,0:08:01,1.7,0,--.--,--.--,26.8,50,0000:00:00,62,0,80,0,40,0,0,4.13,0,0,0,1,146.63,11:37:12,9/22/2023,96.51,48.38,--.--
high,1,655,10.92,15.65,10.03,1718,156.9695,2.2,26.60023117,37:13.1,-1.6,-2.4,156,0,0,0,0.2,0,0,0,-52,-50.2,-15.31,-31.139,0,1.24,9109.9,0:08:02,2.4,0,--.--,--.--,26.7,50,0000:00:00,62,0,80,0,40,0,0,4.07,0,0,0,1,156.97,11:37:13,9/22/2023,96.51,48.36,--.--
high,1,656,10.93,15.66,9.77,1720,152.9982,2.18,26.64273067,37:14.1,-1.1,-2.3,156,0,0,0,0.2,0,0,0,-52,-50.3,-15.33,-31.174,0,1.13,9109.9,0:08:03,3,0,--.--,--.--,26.6,50,0000:00:00,62,0,80,0,40,0,0,3.71,0,0,0,1,152.98,11:37:14,9/22/2023,96.51,48.38,--.--
high,1,657,10.95,15.65,9.68,1723,151.492,2.18,26.68481178,37:15.1,-1.4,-1.6,156,0,0,0,0.2,0,0,0,-52.1,-50.3,-15.34,-31.214,0,1.12,9109.9,0:08:04,3.6,0,--.--,344,26.6,50,0000:00:00,62,0,80,0,40,0,0,3.67,0,0,0,1,151.53,11:37:15,9/22/2023,96.51,48.38,--.--
high,1,658,10.97,15.65,9.68,1726,151.492,2.18,26.72689289,37:16.1,-4.3,-0.7,157,0,0,0,0.2,0,0,0.1,-52.1,-50.3,-15.33,-31.22,0,1.09,9109.9,0:08:05,4.3,0,--.--,342,26.5,58,0000:00:00,62,0,80,0,40,0,0,3.58,0,0,0,1,151.52,11:37:16,9/22/2023,96.55,48.36,--.--
high,1,659,10.98,15.66,9.07,1728,142.0362,2.15,26.76634739,37:17.1,-4,-1.9,156,0,0,0,0.2,0,0,0.1,-51.9,-50.2,-15.28,-31.134,0,1.07,9109.9,0:08:06,4.9,0,--.--,341,26.4,57,0000:00:00,62,0,80,0,40,0,0,3.51,0,0,0,1,142.08,11:37:17,9/22/2023,96.55,48.36,--.--
high,1,660,11,15.65,9.79,1731,153.2135,2.19,26.80890669,37:18.1,-1.2,-1.5,156,0,0,0,0.2,0,0,0.1,-51.7,-50,-15.22,-31.017,0,1.04,9109.9,0:08:07,5.5,0,--.--,341,26.4,50,0000:00:00,62,0,80,0,40,0,0,3.41,0,0,0,1,153.24,11:37:18,9/22/2023,96.57,48.36,--.--
high,1,661,11.02,15.81,3.69,1733,58.3389,1.77,26.82511194,37:19.1,1.1,-3.2,153,0,0,0,0,0,0,0,-51.6,-49.9,-15.21,-30.954,0,1.04,9109.9,0:08:08,5.9,0,--.--,341,26.5,50,0000:00:00,62,0,80,0,40,0,0,3.41,0,0,0,1,58.33,11:37:19,9/22/2023,96.57,48.36,--.--
high,1,662,11.03,15.81,4,1734,63.24,1.8,26.84267861,37:20.1,0,-2.2,153,0,0,0,0.1,0,0,0,-51.6,-49.9,-15.19,-30.935,0,1.1,9109.9,0:08:09,5.9,0,--.--,341,26.5,50,0000:00:00,62,0,80,0,40,0,0,3.61,0,0,0,1,63.23,11:37:20,9/22/2023,96.58,48.36,--.--
high,1,663,11.05,15.82,3.61,1735,57.1102,1.76,26.85854256,37:21.1,-2.5,-0.3,155,0,0,0,0,0,0,0,-51.5,-49.7,-15.16,-30.875,0,1.11,9109.9,0:08:10,5.5,0,--.--,342,26.5,50,0000:00:00,62,0,80,0,40,0,0,3.64,0,0,0,1,57.11,11:37:21,9/22/2023,96.6,48.36,--.--
high,1,664,11.07,15.55,13.4,1737,208.37,2.32,26.91642311,37:22.1,-1.3,-0.8,157,0,0,0,0.2,0,0,0,-51.4,-49.6,-15.12,-30.812,0,1.1,9109.9,0:08:11,5.7,0,--.--,341,26.5,53,0000:00:00,62,0,80,0,40,0,0,3.61,0,0,0,1,208.36,11:37:22,9/22/2023,96.6,48.36,--.--
high,1,665,11.08,15.53,10.56,1741,163.9968,2.21,26.96197778,37:23.1,-5.1,-4,157,0,0,0,0.2,0,0,0.1,-51.2,-49.4,-15.06,-30.709,0,1.16,9109.9,0:08:12,6.3,0,--.--,339,26.2,57,0000:00:00,62,0,80,0,40,0,0,3.81,0,0,0,1,164,11:37:23,9/22/2023,96.62,48.36,--.--
high,1,666,11.1,15.62,11.2,1744,174.944,2.24,27.01057333,37:24.1,-3.1,-2.5,156,0,0,0,0.2,0,0,0.1,-50.9,-49.2,-14.97,-30.537,0,1.27,9116.5,0:08:13,7,0,--.--,340,26.5,58,0000:00:00,62,0,80,0,40,0,0,4.17,0,0,0,1,174.92,11:37:24,9/22/2023,96.62,48.36,--.--
high,1,667,11.12,15.64,10.5,1747,164.22,2.22,27.05619,37:25.1,-3.3,-2.3,156,0,0,0,0.2,0,0,0.1,-50.6,-48.9,-14.86,-30.352,0,1.31,9116.5,0:08:14,7.6,0,--.--,344,27,62,0000:00:00,62,0,80,0,40,0,0,4.3,0,0,0,1,164.21,11:37:25,9/22/2023,96.64,48.36,--.--
high,1,668,11.13,15.64,10.93,1749,170.9452,2.23,27.10367478,37:26.1,-3.6,-1.9,156,0,0,0,0.2,0,0,0.1,-50.2,-48.4,-14.73,-30.094,0,1.43,9116.5,0:08:15,8.2,0,--.--,346,27.4,52,0000:00:00,62,0,80,0,40,0,0,4.69,0,0,0,1,170.91,11:37:26,9/22/2023,96.64,48.36,--.--
high,1,669,11.15,15.66,8.82,1752,138.1212,2.14,27.14204178,37:27.1,1,-3.9,156,0,0,0,0.2,0,0,0,-49.9,-48.2,-14.67,-29.896,0,1.51,9116.5,0:08:16,8.7,0,--.--,346,27.6,50,0000:00:00,62,0,80,0,40,0,0,4.95,0,0,0,1,138.13,11:37:27,9/22/2023,96.64,48.36,--.--
high,1,670,11.17,15.68,8.18,1755,128.2624,2.11,27.17767022,37:28.1,1.4,-2.9,157,0,0,0,0.2,0,0,0,-49.9,-48.1,-14.67,-29.877,0,1.49,9116.5,0:08:17,9.3,0,--.--,346,27.7,50,0000:00:00,62,0,80,0,40,0,0,4.89,0,0,0,1,128.3,11:37:28,9/22/2023,96.64,48.36,--.--
high,1,671,11.18,15.69,8.01,1757,125.6769,2.1,27.21258047,37:29.1,-0.7,-1.9,157,0,0,0,0.1,0,0,0,-50,-48.2,-14.7,-29.913,0,1.56,9116.5,0:08:18,9.8,0,--.--,346,27.9,56,0000:00:00,62,0,80,0,40,0,0,5.12,0,0,0,1,125.69,11:37:29,9/22/2023,96.67,48.36,--.--
high,1,672,11.2,15.69,8.28,1759,129.9132,2.11,27.24866747,37:30.1,-3.4,-1.4,157,0,0,0,0.1,0,0,0,-49.9,-48.2,-14.68,-29.917,0,1.33,9116.5,0:08:19,10.2,0,--.--,346,28,56,0000:00:00,62,0,80,0,40,0,0,4.36,0,0,0,1,129.92,11:37:30,9/22/2023,96.67,48.36,--.--
high,1,673,11.22,15.64,9.49,1762,148.4236,2.17,27.28989625,37:31.2,-0.8,-2.6,157,0,0,0,0.1,0,0,0,-49.9,-48.1,-14.66,-29.872,0,1.41,9116.5,0:08:20,10.6,0,--.--,345,27.9,52,0000:00:00,62,0,80,0,40,0,0,4.63,0,0,0,1,148.46,11:37:31,9/22/2023,96.67,48.36,--.--
high,1,674,11.23,15.65,8.44,1764,132.086,2.12,27.32658681,37:32.2,0.2,-3,157,0,0,0,0.1,0,0,0,-49.8,-48.1,-14.66,-29.855,0,1.51,9116.5,0:08:21,11,0,--.--,344,27.9,48,0000:00:00,62,0,80,0,40,0,0,4.95,0,0,0,1,132.11,11:37:32,9/22/2023,96.71,48.36,--.--
high,1,675,11.25,15.65,8.72,1767,136.468,2.14,27.36449458,37:33.2,-3.8,-3,156,0,0,0,0.1,0,0,-0.1,-49.9,-48.2,-14.7,-29.876,0,1.36,9116.5,0:08:22,11.5,0,--.--,344,28.1,41,0000:00:00,62,0,80,0,40,0,0,4.46,0,0,0,1,136.43,11:37:33,9/22/2023,96.73,48.36,--.--
high,1,676,11.27,15.64,9.77,1770,152.8028,2.18,27.40693981,37:34.2,0.8,-0.3,156,0,0,0,0.2,0,0,0,-50.2,-48.4,-14.78,-30.038,0,1.17,9116.5,0:08:23,11.9,0,--.--,345,28.4,49,0000:00:00,62,0,80,0,40,0,0,3.84,0,0,0,1,152.77,11:37:34,9/22/2023,96.73,48.36,--.--
high,1,677,11.28,15.65,9.49,1772,148.5185,2.17,27.44819494,37:35.2,1.5,-2.3,156,0,0,0,0.2,0,0,-0.1,-50.4,-48.7,-14.85,-30.178,0,1.01,9116.5,0:08:24,12.5,0,--.--,346,28.8,49,0000:00:00,62,0,80,0,40,0,0,3.31,0,0,0,1,148.49,11:37:35,9/22/2023,96.75,48.36,--.--
high,1,678,11.3,15.66,9.43,1775,147.6738,2.17,27.48921544,37:36.2,-0.1,-2.3,156,0,0,0,0.1,0,0,0,-50.6,-48.8,-14.89,-30.28,0,0.95,9123.1,0:08:25,13.1,0,--.--,346,26,48,0000:00:00,62,0,80,0,40,0,0,3.12,0,0,0,1,147.66,11:37:36,9/22/2023,96.75,48.36,--.--
high,1,679,11.32,15.69,7.5,1777,117.675,2.07,27.52190294,37:37.2,-3.5,-2.3,157,0,0,0,0.1,0,0,-0.1,-50.7,-49,-14.94,-30.371,0,0.92,9123.1,0:08:26,13.5,0,--.--,346,26.2,45,0000:00:00,62,0,80,0,40,0,0,3.02,0,0,0,1,117.67,11:37:37,9/22/2023,96.75,48.36,--.--
high,1,680,11.33,15.7,7.53,1779,118.221,2.07,27.55474211,37:38.2,-2.7,-2.2,157,0,0,0,0.1,0,0,-0.1,-51,-49.2,-15.03,-30.513,0,0.87,9123.1,0:08:27,13.8,0,--.--,346,26.3,43,0000:00:00,62,0,80,0,40,0,0,2.85,0,0,0,1,118.18,11:37:38,9/22/2023,96.76,48.36,--.--
high,1,681,11.35,15.69,8.12,1782,127.4028,2.11,27.59013178,37:39.2,0.5,-1.8,156,0,0,0,0.2,0,0,-0.1,-51.3,-49.6,-15.13,-30.715,0,0.76,9123.1,0:08:28,14.2,0,--.--,346,26.4,57,0000:00:00,62,0,80,0,40,0,0,2.49,0,0,0,1,127.44,11:37:39,9/22/2023,96.76,48.36,--.--
high,1,682,11.37,15.54,13.43,1784,208.7022,2.32,27.64810461,37:40.2,-2.9,-1.2,156,0,0,0,0.2,0,0,0,-51.5,-49.7,-15.16,-30.852,0,0.81,9123.1,0:08:29,14.9,0,--.--,347,27.1,56,0000:00:00,62,0,80,0,40,0,0,2.66,0,0,0,1,208.76,11:37:40,9/22/2023,96.78,48.36,--.--
high,1,683,11.38,15.63,9.26,1788,144.7338,2.16,27.68830844,37:41.2,-1.5,-2.5,156,0,0,0,0.2,0,0,0,-51.5,-49.7,-15.15,-30.834,0,0.75,9123.1,0:08:30,15.6,0,--.--,348,30.7,50,0000:00:00,62,0,80,0,40,0,0,2.46,0,0,0,1,144.76,11:37:41,9/22/2023,96.8,48.36,--.--
high,1,684,11.4,15.62,10.11,1790,157.9182,2.2,27.73217461,37:42.2,-0.8,-3,156,0,0,0,0.2,0,0,0,-51.6,-49.8,-15.19,-30.879,0,0.71,9123.1,0:08:31,16.4,0,--.--,349,31.2,59,0000:00:00,62,0,80,0,40,0,0,2.33,0,0,0,1,157.94,11:37:42,9/22/2023,96.8,48.36,--.--
high,1,685,11.42,15.65,9.47,1793,148.2055,2.17,27.77334281,37:43.2,-3.2,-2.3,156,0,0,0,0.1,0,0,0.1,-51.5,-49.8,-15.15,-30.893,0,0.78,9123.1,0:08:32,17.1,0,--.--,349,31.6,60,0000:00:00,62,0,80,0,40,0,0,2.56,0,0,0,1,148.18,11:37:43,9/22/2023,96.8,48.36,--.--
high,1,686,11.43,15.69,7.47,1795,117.2043,2.07,27.80589956,37:44.2,-2,-3,157,0,0,0,0.1,0,0,0.1,-51.2,-49.5,-15.07,-30.732,0,0.82,9123.1,0:08:33,17.5,0,--.--,349,31.9,57,0000:00:00,62,0,80,0,40,0,0,2.69,0,0,0,1,117.22,11:37:44,9/22/2023,96.8,48.36,--.--
high,1,687,11.45,15.69,7.19,1797,112.8111,2.05,27.83723597,37:45.2,-2.1,-3.7,156,0,0,0,0.1,0,0,0.1,-51,-49.3,-15,-30.579,0,0.91,9123.1,0:08:34,17.9,0,--.--,349,32,58,0000:00:00,62,0,80,0,40,0,0,2.99,0,0,0,1,112.81,11:37:45,9/22/2023,96.84,48.36,--.--
high,1,688,11.47,15.7,6.86,1799,107.702,2.03,27.86715319,37:46.2,-2,-2.8,157,0,0,0,0.1,0,0,0.1,-50.8,-49,-14.93,-30.455,0,0.95,9123.1,0:08:35,18.2,0,--.--,348,32.1,57,0000:00:00,62,0,80,0,40,0,0,3.12,0,0,0,1,107.67,11:37:46,9/22/2023,96.84,48.36,--.--
high,1,689,11.48,15.72,7.05,1801,110.826,2.04,27.89793819,37:47.2,-0.2,-1.8,156,0,0,0,0.1,0,0,0,-50.6,-48.9,-14.88,-30.331,0,0.99,9123.1,0:08:36,18.5,0,--.--,348,32.2,51,0000:00:00,62,0,80,0,40,0,0,3.25,0,0,0,1,110.85,11:37:47,9/22/2023,96.85,48.36,--.--
high,1,690,11.5,15.71,7,1803,109.97,2.04,27.92848542,37:48.2,1.3,-2.1,156,0,0,0,0.1,0,0,0,-50.6,-48.8,-14.88,-30.291,0,1.09,9123.1,0:08:37,18.9,0,--.--,348,32.3,50,0000:00:00,62,0,80,0,40,0,0,3.58,0,0,0,1,109.99,11:37:48,9/22/2023,96.85,48.36,--.--
high,1,691,11.52,15.7,7.82,1805,122.774,2.09,27.96258931,37:49.2,-0.1,-0.9,156,0,0,0,0.1,0,0,0,-50.6,-48.9,-14.9,-30.32,0,1.09,9123.1,0:08:38,19.3,0,--.--,348,32.5,50,0000:00:00,62,0,80,0,40,0,0,3.58,0,0,0,1,122.76,11:37:49,9/22/2023,96.85,48.36,--.--
high,1,692,11.53,15.71,7.06,1807,110.9126,2.04,27.99339836,37:50.2,-0.3,-0.3,156,0,0,0,0.1,0,0,0,-50.7,-48.9,-14.9,-30.353,0,1.09,9129.8,0:08:39,19.7,0,--.--,348,32.7,51,0000:00:00,62,0,80,0,40,0,0,3.58,0,0,0,1,110.93,11:37:50,9/22/2023,96.87,48.36,--.--
high,1,693,11.55,15.72,6.76,1809,106.2672,2.03,28.02291703,37:51.2,-1.3,-0.5,156,0,0,0,0.1,0,0,0,-50.6,-48.8,-14.87,-30.313,0,1.09,9129.8,0:08:40,20.1,0,--.--,347,32.9,51,0000:00:00,62,0,80,0,40,0,0,3.58,0,0,0,1,106.26,11:37:51,9/22/2023,96.89,48.36,--.--
high,1,694,11.57,15.73,6.38,1811,100.3574,2,28.05079408,37:52.2,-1,-1.8,157,0,0,0,0.1,0,0,0,-50.4,-48.7,-14.81,-30.212,0,1.11,9129.8,0:08:41,20.3,0,--.--,347,32.9,51,0000:00:00,62,0,80,0,40,0,0,3.64,0,0,0,1,100.38,11:37:52,9/22/2023,96.89,48.36,--.--
high,1,695,11.58,15.78,4.7,1812,74.166,1.87,28.07139575,37:53.2,-1.5,-1.6,157,0,0,0,0.1,0,0,0,-50.2,-48.5,-14.76,-30.093,0,1.14,9129.8,0:08:42,20.5,0,--.--,346,32.7,51,0000:00:00,62,0,80,0,40,0,0,3.74,0,0,0,1,74.16,11:37:53,9/22/2023,96.91,48.36,--.--
high,1,696,11.6,15.67,6.74,1814,105.6158,2.02,28.10073347,37:54.2,-2.4,-2.8,157,0,0,0,0.2,0,0,0,-50.1,-48.4,-14.74,-30.014,0,1.08,9129.8,0:08:43,20.7,0,--.--,345,32.6,50,0000:00:00,62,0,80,0,40,0,0,3.54,0,0,0,1,105.64,11:37:54,9/22/2023,96.91,48.36,--.--
high,1,697,11.62,15.55,12.91,1817,200.7505,2.3,28.1564975,37:55.2,-1.5,-2,156,0,0,0,0.2,0,0,-0.1,-50.3,-48.5,-14.81,-30.08,0,1.02,9129.8,0:08:44,21.3,0,--.--,345,32.9,50,0000:00:00,62,0,80,0,40,0,0,3.35,0,0,0,1,200.76,11:37:55,9/22/2023,96.93,48.36,--.--
high,1,698,11.63,15.62,8.89,1821,138.8618,2.14,28.19507022,37:56.2,-1,-0.4,156,0,0,0,0.2,0,0,0,-50.5,-48.8,-14.89,-30.241,0,1,9129.8,0:08:45,22,0,--.--,345,33.2,50,0000:00:00,62,0,80,0,40,0,0,3.28,0,0,0,1,138.82,11:37:56,9/22/2023,96.93,48.36,--.--
high,1,699,11.65,15.63,9.42,1823,147.2346,2.17,28.23596872,37:57.2,-1.1,-1.3,157,0,0,0,0.2,0,0,-0.1,-50.9,-49.1,-14.97,-30.414,0,0.9,9129.8,0:08:46,22.8,0,--.--,345,33.7,50,0000:00:00,62,0,80,0,40,0,0,2.95,0,0,0,1,147.26,11:37:57,9/22/2023,96.94,48.36,--.--
high,1,700,11.67,15.63,9.62,1826,150.3606,2.18,28.27773556,37:58.2,-1.5,-1.3,157,0,0,0,0.2,0,0,0,-51,-49.2,-15.01,-30.535,0,1,9129.8,0:08:47,23.2,0,--.--,345,33.9,50,0000:00:00,62,0,80,0,40,0,0,3.28,0,0,0,1,150.37,11:37:58,9/22/2023,96.94,48.36,--.--
high,1,701,11.68,15.63,9.33,1828,145.8279,2.16,28.31824331,37:59.2,-1.9,-0.8,156,0,0,0,0.2,0,0,0,-51,-49.3,-15.02,-30.58,0,0.94,9129.8,0:08:48,23.8,0,--.--,345,34.3,50,0000:00:00,62,0,80,0,40,0,0,3.08,0,0,0,1,145.85,11:37:59,9/22/2023,96.96,48.36,--.--
high,1,702,11.7,15.67,8.03,1831,125.8301,2.1,28.35319611,38:00.2,-1.2,-1.9,157,0,0,0,0.2,0,0,0,-51,-49.2,-15.01,-30.56,0,0.94,9129.8,0:08:49,24.3,0,--.--,345,34.6,50,0000:00:00,62,0,80,0,40,0,0,3.08,0,0,0,1,125.86,11:38:00,9/22/2023,96.96,48.36,--.--
high,1,703,11.72,15.65,8.97,1833,140.3805,2.15,28.39219069,38:01.2,-0.8,-2.4,156,0,0,0,0.2,0,0,0,-50.9,-49.2,-14.98,-30.515,0,0.93,9129.8,0:08:50,24.8,0,--.--,344,34.9,51,0000:00:00,62,0,80,0,40,0,0,3.05,0,0,0,1,140.34,11:38:01,9/22/2023,96.96,48.36,--.--
high,1,704,11.73,15.64,9.24,1836,144.5136,2.16,28.43233336,38:02.2,-1.8,-1.5,156,0,0,0,0.2,0,0,0,-50.8,-49,-14.95,-30.45,0,0.97,9129.8,0:08:51,25.5,0,--.--,344,35.3,51,0000:00:00,62,0,80,0,40,0,0,3.18,0,0,0,1,144.53,11:38:02,9/22/2023,96.96,48.36,--.--
high,1,705,11.75,15.63,9.6,1838,150.048,2.18,28.47401336,38:03.2,-0.4,-3.8,156,0,0,0,0.3,0,0,0,-50.8,-49,-14.95,-30.417,0,1.01,9136.4,0:08:52,26.2,0,--.--,344,35.8,50,0000:00:00,62,0,80,0,40,0,0,3.31,0,0,0,1,150.08,11:38:03,9/22/2023,96.96,48.36,--.--
high,1,706,11.77,15.63,9.25,1841,144.5775,2.16,28.51417378,38:04.2,-0.7,-3.4,156,0,0,0,0.3,0,0,0,-50.9,-49.1,-14.98,-30.475,0,1.02,9136.4,0:08:53,27.3,0,--.--,344,36.6,52,0000:00:00,62,0,80,0,40,0,0,3.35,0,0,0,1,144.6,11:38:04,9/22/2023,97,48.36,--.--
high,1,707,11.78,15.64,9.16,1844,143.2624,2.16,28.55396889,38:05.2,-2,-1.6,157,0,0,0,0.2,0,0,0,-51,-49.2,-15,-30.518,0,1.09,9136.4,0:08:54,28.2,0,--.--,344,37.1,51,0000:00:00,62,0,80,0,40,0,0,3.58,0,0,0,1,143.28,11:38:05,9/22/2023,97,48.36,--.--
high,1,708,11.8,15.66,8.29,1846,129.8214,2.11,28.59003039,38:06.2,-1,-2.9,157,0,0,0,0.2,0,0,0,-50.9,-49.2,-14.99,-30.531,0,1.15,9136.4,0:08:55,28.9,0,--.--,345,37.7,50,0000:00:00,62,0,80,0,40,0,0,3.77,0,0,0,1,129.83,11:38:06,9/22/2023,97.02,48.36,--.--
high,1,709,11.82,15.61,10.12,1849,157.9732,2.2,28.63391183,38:07.2,-0.1,-3.3,156,0,0,0,0.2,0,0,0,-50.8,-49.1,-14.96,-30.477,0,1.18,9136.4,0:08:56,29.4,0,--.--,345,38.3,50,0000:00:00,62,0,80,0,40,0,0,3.87,0,0,0,1,157.94,11:38:07,9/22/2023,97.02,48.36,--.--
high,1,710,11.83,15.52,13.43,1853,208.4336,2.32,28.69181006,38:08.2,-1.7,-2,156,0,0,0,0.2,0,0,0,-50.7,-48.9,-14.92,-30.412,0,1.16,9136.4,0:08:57,30,0,--.--,346,38.9,50,0000:00:00,62,0,80,0,40,0,0,3.81,0,0,0,1,208.45,11:38:08,9/22/2023,97.02,48.36,--.--
high,1,711,11.85,15.52,13.06,1856,202.6912,2.31,28.74811317,38:09.2,-2.1,-2.7,156,0,0,0,0.2,0,0,0,-50.5,-48.8,-14.86,-30.297,0,1.11,9136.4,0:08:58,30.6,0,--.--,346,39.4,50,0000:00:00,62,0,80,0,40,0,0,3.64,0,0,0,1,202.68,11:38:09,9/22/2023,97.03,48.36,--.--
high,1,712,11.87,15.54,11.87,1860,184.4598,2.27,28.799352,38:10.2,-1.1,-2.9,156,0,0,0,0.2,0,0,0,-50.5,-48.8,-14.86,-30.239,0,1.05,9136.4,0:08:59,31.3,0,--.--,346,39.8,50,0000:00:00,62,0,80,0,40,0,0,3.44,0,0,0,1,184.51,11:38:10,9/22/2023,97.03,48.36,--.--
high,1,713,11.88,15.56,11.51,1863,179.0956,2.25,28.84910078,38:11.2,-0.8,-1.6,156,0,0,0,0.3,0,0,0,-50.7,-49,-14.93,-30.318,0,0.96,9136.4,0:09:00,32.1,0,--.--,345,40.3,50,0000:00:00,62,0,80,0,40,0,0,3.15,0,0,0,1,179.08,11:38:11,9/22/2023,97.05,48.36,--.--
high,1,714,11.9,15.53,11.77,1866,182.7881,2.26,28.89987525,38:12.2,-0.6,-1.6,155,0,0,0,0.3,0,0,0,-51,-49.2,-15.01,-30.479,0,0.76,9143.2,0:09:01,33,0,--.--,345,41,52,0000:00:00,62,0,80,0,40,0,0,2.49,0,0,0,1,182.81,11:38:12,9/22/2023,97.07,48.36,--.--
high,1,715,11.92,15.58,10.9,1869,169.822,2.23,28.94704803,38:13.2,-1.1,-0.5,155,0,0,0,0.3,0,0,0,-51.1,-49.3,-15.04,-30.597,0,0.69,9143.2,0:09:02,33.8,0,--.--,346,41.8,51,0000:00:00,62,0,80,0,40,0,0,2.26,0,0,0,1,169.78,11:38:13,9/22/2023,97.07,48.36,--.--
high,1,716,11.93,15.63,8.48,1872,132.5424,2.12,28.98386536,38:14.2,-1.5,-2.5,156,0,0,0,0.2,0,0,0,-51.1,-49.4,-15.05,-30.632,0,0.72,9143.2,0:09:03,34.5,0,--.--,347,42.6,50,0000:00:00,62,0,80,0,40,0,0,2.36,0,0,0,1,132.58,11:38:14,9/22/2023,97.07,48.36,--.--
high,1,717,11.95,15.62,8.43,1874,131.6766,2.12,29.02044219,38:15.2,0.3,-4.1,156,0,0,0,0.2,0,0,0,-51.2,-49.4,-15.07,-30.656,0,0.73,9143.2,0:09:04,35.1,0,--.--,347,43.2,50,0000:00:00,62,0,80,0,40,0,0,2.4,0,0,0,1,131.65,11:38:15,9/22/2023,97.09,48.36,--.--
high,1,718,11.97,15.58,10.78,1877,167.9524,2.23,29.06709564,38:16.2,-0.9,-1.5,156,0,0,0,0.2,0,0,0,-51.2,-49.5,-15.08,-30.695,0,0.86,9143.2,0:09:05,35.7,0,--.--,347,43.7,50,0000:00:00,62,0,80,0,40,0,0,2.82,0,0,0,1,167.92,11:38:16,9/22/2023,97.09,48.36,--.--
high,1,719,11.98,15.6,9.87,1880,153.972,2.19,29.10986564,38:17.2,-0.9,-1.9,156,0,0,0,0.2,0,0,0,-51.2,-49.5,-15.07,-30.695,0,0.91,9143.2,0:09:06,36.3,0,--.--,347,44.2,50,0000:00:00,62,0,80,0,40,0,0,2.99,0,0,0,1,153.97,11:38:17,9/22/2023,97.09,48.36,--.--
high,1,720,12,15.56,11.05,1883,171.938,2.24,29.15762619,38:18.2,-1.8,-2,156,0,0,0,0.2,0,0,0,-51.1,-49.4,-15.05,-30.657,0,0.91,9143.2,0:09:07,36.9,0,--.--,347,44.8,50,0000:00:00,62,0,80,0,40,0,0,2.99,0,0,0,1,171.99,11:38:18,9/22/2023,97.09,48.36,--.--
high,1,721,12.02,15.58,10.44,1886,162.6552,2.21,29.20280819,38:19.2,-2,-2.5,156,0,0,0,0.2,0,0,0,-51,-49.3,-15.02,-30.593,0,1.04,9143.2,0:09:08,37.5,0,--.--,347,45.3,50,0000:00:00,62,0,80,0,40,0,0,3.41,0,0,0,1,162.66,11:38:19,9/22/2023,97.12,48.36,--.--
high,1,722,12.03,15.59,10.21,1889,159.1739,2.2,29.24702317,38:20.2,-2.6,-1.8,156,0,0,0,0.2,0,0,0,-50.9,-49.2,-14.99,-30.534,0,1.19,9143.2,0:09:09,38.1,0,--.--,347,45.8,50,0000:00:00,62,0,80,0,40,0,0,3.9,0,0,0,1,159.16,11:38:20,9/22/2023,97.12,48.36,--.--
high,1,723,12.05,15.59,9.89,1892,154.1851,2.19,29.28985236,38:21.2,-1,-2.8,156,0,0,0,0.2,0,0,0,-51,-49.2,-15,-30.52,0,1.18,9143.2,0:09:10,38.8,0,--.--,347,46.4,50,0000:00:00,62,0,80,0,40,0,0,3.87,0,0,0,1,154.21,11:38:21,9/22/2023,97.12,48.36,--.--
high,1,724,12.07,15.59,9.46,1894,147.4814,2.17,29.33081942,38:22.2,-0.8,-2.5,156,0,0,0,0.2,0,0,0,-51.1,-49.3,-15.03,-30.575,0,1.29,9149.8,0:09:11,39.5,0,--.--,347,47,50,0000:00:00,62,0,80,0,40,0,0,4.23,0,0,0,1,147.49,11:38:22,9/22/2023,97.12,48.36,--.--
high,1,725,12.08,15.6,9.55,1897,148.98,2.17,29.37220275,38:23.2,-1.7,-2.4,156,0,0,0,0.2,0,0,0,-51.2,-49.4,-15.06,-30.633,0,1.4,9149.8,0:09:12,40.2,0,--.--,347,47.5,46,0000:00:00,62,0,80,0,40,0,0,4.59,0,0,0,1,149,11:38:23,9/22/2023,97.16,48.36,--.--
high,1,726,12.1,15.63,8.93,1900,139.5759,2.14,29.41097383,38:24.2,-1.8,-3.6,156,0,0,0,0.2,0,0,0,-51.3,-49.6,-15.1,-30.711,0,1.45,9149.8,0:09:13,40.8,0,--.--,347,47.9,45,0000:00:00,62,0,80,0,40,0,0,4.76,0,0,0,1,139.56,11:38:24,9/22/2023,97.16,48.36,--.--
high,1,727,12.12,15.64,7.94,1902,124.1816,2.09,29.44546872,38:25.2,-1.4,-2.8,156,0,0,0,0.1,0,0,-0.1,-51.5,-49.7,-15.15,-30.8,0,1.4,9149.8,0:09:14,41.2,0,--.--,347,48.1,45,0000:00:00,62,0,80,0,40,0,0,4.59,0,0,0,1,124.15,11:38:25,9/22/2023,97.16,48.36,--.--
high,1,728,12.13,15.57,10.06,1904,156.6342,2.19,29.48897822,38:26.2,-0.8,-2.4,156,0,0,0,0.1,0,0,0,-51.6,-49.8,-15.19,-30.892,0,1.29,9149.8,0:09:15,41.6,0,--.--,347,48.4,49,0000:00:00,62,0,80,0,40,0,0,4.23,0,0,0,1,156.63,11:38:26,9/22/2023,97.18,48.36,--.--
high,1,729,12.15,15.55,11.48,1907,178.514,2.25,29.53856544,38:27.2,1.1,-3.3,157,0,0,0,0.1,0,0,0,-51.6,-49.8,-15.19,-30.915,0,1.26,9149.8,0:09:16,42,0,--.--,347,48.8,49,0000:00:00,62,0,80,0,40,0,0,4.13,0,0,0,1,178.57,11:38:27,9/22/2023,97.18,48.36,--.--
high,1,730,12.17,15.5,12.35,1911,191.425,2.28,29.59173906,38:28.2,-0.8,-1.5,156,0,0,0,0.1,0,0,0,-51.5,-49.8,-15.17,-30.91,0,1.38,9149.8,0:09:17,42.4,0,--.--,347,49.2,49,0000:00:00,62,0,80,0,40,0,0,4.53,0,0,0,1,191.39,11:38:28,9/22/2023,97.2,48.36,--.--
high,1,731,12.18,15.49,12.84,1914,198.8916,2.3,29.64698672,38:29.2,-2.1,-3,156,0,0,0,0.2,0,0,0,-51.5,-49.7,-15.15,-30.833,0,1.33,9149.8,0:09:18,43,0,--.--,347,49.8,49,0000:00:00,62,0,80,0,40,0,0,4.36,0,0,0,1,198.87,11:38:29,9/22/2023,97.2,48.36,--.--
high,1,732,12.2,15.49,13.1,1918,202.919,2.31,29.70335311,38:30.2,-0.9,-3.3,156,0,0,0,0.2,0,0,0,-51.5,-49.8,-15.18,-30.84,0,1.45,9149.8,0:09:19,43.7,0,--.--,347,50.4,49,0000:00:00,62,0,80,0,40,0,0,4.76,0,0,0,1,202.89,11:38:30,9/22/2023,97.21,48.36,--.--
high,1,733,12.22,15.48,13.31,1922,206.0388,2.31,29.76058611,38:31.2,-0.6,-1.9,156,0,0,0,0.3,0,0,-0.1,-51.8,-50.1,-15.27,-31.079,0,1.49,9149.8,0:09:20,44.5,0,--.--,347,51.2,50,0000:00:00,62,0,80,0,40,0,0,4.89,0,0,0,1,206.11,11:38:31,9/22/2023,97.21,48.36,--.--
high,1,734,12.23,15.49,12.66,1925,196.1034,2.29,29.81505928,38:32.2,-1.6,-1.2,156,0,0,0,0.3,0,0,-0.1,-52.2,-50.5,-15.38,-31.298,0,1.6,9149.8,0:09:21,45.6,0,--.--,347,52,50,0000:00:00,62,0,80,0,40,0,0,5.25,0,0,0,1,196.15,11:38:32,9/22/2023,97.21,48.36,--.--
high,1,735,12.25,15.55,10.56,1929,164.208,2.22,29.86067261,38:33.2,-1.7,-1.4,156,0,0,0,0.3,0,0,0,-52.5,-50.7,-15.46,-31.394,0,1.45,9156.6,0:09:22,46.5,0,--.--,347,52.8,50,0000:00:00,62,0,80,0,40,0,0,4.76,0,0,0,1,164.25,11:38:33,9/22/2023,97.23,48.36,--.--
high,1,736,12.27,15.65,8,1931,125.2,2.1,29.89545039,38:34.2,-1.4,-1.7,156,0,0,0,0.2,0,0,0,-52.6,-50.8,-15.49,-31.512,0,1.56,9156.6,0:09:23,47.3,0,--.--,347,53.4,50,0000:00:00,62,0,80,0,40,0,0,5.12,0,0,0,1,125.2,11:38:34,9/22/2023,97.23,48.36,--.--
high,1,737,12.28,15.71,5.43,1933,85.3053,1.93,29.91914631,38:35.2,-1.8,-1,156,0,0,0,0.1,0,0,0,-52.5,-50.7,-15.45,-31.439,0,1.57,9156.6,0:09:24,47.7,0,--.--,347,53.7,50,0000:00:00,62,0,80,0,40,0,0,5.15,0,0,0,1,85.32,11:38:35,9/22/2023,97.23,48.36,--.--
high,1,738,12.3,15.73,4.37,1934,68.7401,1.84,29.93824078,38:36.2,-1,-1.7,156,0,0,0,0,0,0,0,-52.3,-50.5,-15.39,-31.317,0,1.61,9156.6,0:09:25,47.9,0,--.--,347,53.8,50,0000:00:00,62,0,80,0,40,0,0,5.28,0,0,0,1,68.76,11:38:36,9/22/2023,97.25,48.36,--.--
high,1,739,12.32,15.74,3.92,1935,61.7008,1.79,29.95537989,38:37.2,-1.8,-1.6,157,0,0,0,0.1,0,0,0.1,-52,-50.3,-15.32,-31.17,0,1.63,9156.6,0:09:26,47.8,0,--.--,347,53.7,50,0000:00:00,62,0,80,0,40,0,0,5.35,0,0,0,1,61.72,11:38:37,9/22/2023,97.25,48.36,--.--
high,1,740,12.33,15.76,3.73,1936,58.7848,1.77,29.971709,38:38.2,-1.9,-1.4,157,0,0,0,0.1,0,0,0.1,-51.8,-50,-15.24,-31.014,0,1.66,9156.6,0:09:27,47.6,0,--.--,347,53.5,50,0000:00:00,62,0,80,0,40,0,0,5.45,0,0,0,1,58.79,11:38:38,9/22/2023,97.25,48.36,--.--
high,1,741,12.35,15.51,12.9,1939,200.079,2.3,30.0272865,38:39.2,-1.6,-2.6,157,0,0,0,0.2,0,0,0,-51.6,-49.9,-15.2,-30.958,0,1.69,9156.6,0:09:28,47.9,0,--.--,346,53.7,50,0000:00:00,62,0,80,0,40,0,0,5.54,0,0,0,1,200.13,11:38:39,9/22/2023,97.29,48.36,--.--
high,1,742,12.37,15.47,13.81,1943,213.6407,2.33,30.08663114,38:40.2,-1.8,-3.2,155,0,0,0,0.2,0,0,0,-51.6,-49.8,-15.19,-30.918,0,1.62,9156.6,0:09:29,48.6,0,--.--,346,54.2,50,0000:00:00,62,0,80,0,40,0,0,5.31,0,0,0,1,213.64,11:38:40,9/22/2023,97.29,48.36,--.--
high,1,743,12.38,15.58,10.19,1946,158.7602,2.2,30.13073119,38:41.2,0,-2.5,155,0,0,0,0.2,0,0,0,-51.7,-49.9,-15.21,-30.959,0,1.54,9156.6,0:09:30,49.3,0,--.--,346,54.8,50,0000:00:00,62,0,80,0,40,0,0,5.05,0,0,0,1,158.74,11:38:41,9/22/2023,97.3,48.36,--.--
high,1,744,12.4,15.61,8.32,1948,129.8752,2.11,30.16680764,38:42.2,-0.6,-2.2,156,0,0,0,0.1,0,0,0,-51.7,-50,-15.23,-30.978,0,1.57,9156.6,0:09:31,49.8,0,--.--,346,54.3,50,0000:00:00,62,0,80,0,40,0,0,5.15,0,0,0,1,129.87,11:38:42,9/22/2023,97.3,48.36,--.--
high,1,745,12.42,15.6,8.95,1951,139.62,2.14,30.20559097,38:43.2,-0.6,-3.6,156,0,0,0,0.1,0,0,0,-51.8,-50,-15.25,-31.033,0,1.57,9156.6,0:09:32,50.2,0,--.--,346,54.7,50,0000:00:00,62,0,80,0,40,0,0,5.15,0,0,0,1,139.65,11:38:43,9/22/2023,97.32,48.36,--.--
high,1,746,12.43,15.63,8.34,1953,130.3542,2.12,30.24180047,38:44.2,-1.1,-2.6,157,0,0,0,0.2,0,0,0,-51.9,-50.1,-15.28,-31.092,0,1.53,9156.6,0:09:33,50.5,0,--.--,346,54.9,50,0000:00:00,62,0,80,0,40,0,0,5.02,0,0,0,1,130.34,11:38:44,9/22/2023,97.32,48.36,--.--
high,1,747,12.45,15.5,12.83,1956,198.865,2.3,30.29704075,38:45.2,-0.3,-3,156,0,0,0,0.2,0,0,-0.1,-52,-50.3,-15.33,-31.194,0,1.5,9156.6,0:09:34,51,0,--.--,346,56.2,50,0000:00:00,62,0,80,0,40,0,0,4.92,0,0,0,1,198.83,11:38:45,9/22/2023,97.34,48.36,--.--
high,1,748,12.47,15.49,13.1,1960,202.919,2.31,30.35340714,38:46.2,-0.9,-2.7,156,0,0,0,0.2,0,0,0,-52.2,-50.5,-15.38,-31.294,0,1.41,9156.6,0:09:35,51.7,0,--.--,346,56.6,48,0000:00:00,62,0,80,0,40,0,0,4.63,0,0,0,1,202.97,11:38:46,9/22/2023,97.34,48.36,--.--
high,1,749,12.48,15.46,11.61,1963,179.4906,2.25,30.40326564,38:47.2,-2.4,-3.9,156,0,0,0,0.2,0,0,-0.1,-52.4,-50.6,-15.43,-31.398,0,1.39,9156.6,0:09:36,52.2,0,--.--,345,57,42,0000:00:00,62,0,80,0,40,0,0,4.56,0,0,0,1,179.49,11:38:47,9/22/2023,97.36,48.36,--.--
high,1,750,12.5,15.36,13.36,1967,205.2096,2.31,30.46026831,38:48.2,-1.5,-1.9,157,0,0,0,0.2,0,0,-0.1,-52.6,-50.9,-15.51,-31.552,0,1.34,9163.2,0:09:37,52.8,0,--.--,345,57.3,50,0000:00:00,62,0,80,0,40,0,0,4.4,0,0,0,1,205.16,11:38:48,9/22/2023,97.36,48.36,--.--
high,1,751,12.52,15.49,12.98,1971,201.0602,2.3,30.51611836,38:49.2,-0.3,-2.1,156,0,0,0,0.2,0,0,0,-52.8,-51,-15.56,-31.66,0,1.42,9163.2,0:09:38,53.5,0,--.--,344,57.7,50,0000:00:00,62,0,80,0,40,0,0,4.66,0,0,0,1,201.03,11:38:49,9/22/2023,97.36,48.36,--.--
high,1,752,12.53,15.64,7.28,1973,113.8592,2.06,30.54774592,38:50.2,-0.4,-1.8,155,0,0,0,0.1,0,0,0,-52.9,-51.1,-15.59,-31.711,0,1.35,9163.2,0:09:39,54,0,--.--,344,58.1,52,0000:00:00,62,0,80,0,40,0,0,4.43,0,0,0,1,113.85,11:38:50,9/22/2023,97.38,48.36,--.--
high,1,753,12.55,15.65,8.62,1975,134.903,2.13,30.58521897,38:51.2,0.4,-3.2,156,0,0,0,0.1,0,0,0,-52.9,-51.1,-15.59,-31.719,0,1.36,9163.2,0:09:40,54.3,0,--.--,345,58.6,50,0000:00:00,62,0,80,0,40,0,0,4.46,0,0,0,1,134.89,11:38:51,9/22/2023,97.38,48.36,--.--
high,1,754,12.57,15.61,8.54,1977,133.3094,2.12,30.62224936,38:52.2,0.7,-3.6,156,0,0,0,0.1,0,0,0,-53,-51.2,-15.62,-31.772,0,1.32,9163.2,0:09:41,54.7,0,--.--,345,59,50,0000:00:00,62,0,80,0,40,0,0,4.33,0,0,0,1,133.28,11:38:52,9/22/2023,97.39,48.36,--.--
high,1,755,12.58,15.63,8.03,1980,125.5089,2.1,30.65711294,38:53.2,-1.2,-1.9,156,0,0,0,0.1,0,0,0,-53,-51.3,-15.64,-31.811,0,1.24,9163.2,0:09:42,55,0,--.--,345,59.3,50,0000:00:00,62,0,80,0,40,0,0,4.07,0,0,0,1,125.52,11:38:53,9/22/2023,97.39,48.36,--.--
high,1,756,12.6,15.52,11.87,1982,184.2224,2.27,30.70828583,38:54.2,-2.8,-1.2,157,0,0,0,0.2,0,0,0,-53.1,-51.3,-15.64,-31.815,0,1.26,9163.2,0:09:43,55.4,0,--.--,345,59.6,50,0000:00:00,62,0,80,0,40,0,0,4.13,0,0,0,1,184.25,11:38:54,9/22/2023,97.41,48.36,--.--
high,1,757,12.62,15.6,8.59,1985,134.004,2.13,30.74550917,38:55.2,-1.8,-2.8,156,0,0,0,0.2,0,0,0,-53.1,-51.3,-15.64,-31.82,0,1.26,9163.2,0:09:44,56,0,--.--,344,59.9,50,0000:00:00,62,0,80,0,40,0,0,4.13,0,0,0,1,134.02,11:38:55,9/22/2023,97.41,48.36,--.--
high,1,758,12.63,15.54,10.76,1988,167.2104,2.22,30.7919565,38:56.2,-0.3,-3.4,156,0,0,0,0.2,0,0,0,-53.1,-51.3,-15.65,-31.838,0,1.25,9163.2,0:09:45,56.6,0,--.--,344,60.4,50,0000:00:00,62,0,80,0,40,0,0,4.1,0,0,0,1,167.26,11:38:56,9/22/2023,97.41,48.36,--.--
high,1,759,12.65,15.58,9.39,1991,146.2962,2.17,30.83259433,38:57.2,-0.3,-2.9,156,0,0,0,0.2,0,0,0,-53.1,-51.4,-15.66,-31.855,0,1.27,9163.2,0:09:46,57.2,0,--.--,344,61,50,0000:00:00,62,0,80,0,40,0,0,4.17,0,0,0,1,146.26,11:38:57,9/22/2023,97.45,48.36,--.--
high,1,760,12.67,15.59,9.42,1993,146.8578,2.17,30.87338817,38:58.2,-1.9,-1.4,156,0,0,0,0.2,0,0,0,-53.1,-51.3,-15.65,-31.834,0,1.27,9163.2,0:09:47,57.8,0,--.--,344,61.6,50,0000:00:00,62,0,80,0,40,0,0,4.17,0,0,0,1,146.84,11:38:58,9/22/2023,97.45,48.36,--.--
high,1,761,12.68,15.59,9.27,1996,144.5193,2.16,30.91353242,38:59.2,-1.6,-3.7,156,0,0,0,0.1,0,0,0,-53,-51.3,-15.63,-31.796,0,1.32,9163.2,0:09:48,58.3,0,--.--,344,62,44,0000:00:00,62,0,80,0,40,0,0,4.33,0,0,0,1,144.53,11:38:59,9/22/2023,97.47,48.36,--.--
high,1,762,12.7,15.55,10.17,1999,158.1435,2.2,30.95746117,39:00.2,0,-3.7,156,0,0,0,0.2,0,0,0,-53.1,-51.3,-15.65,-31.835,0,1.26,9163.2,0:09:49,58.8,0,--.--,344,62.3,47,0000:00:00,62,0,80,0,40,0,0,4.13,0,0,0,1,158.19,11:39:00,9/22/2023,97.47,48.36,--.--
high,1,763,12.72,15.51,11.57,2002,179.4507,2.25,31.00730858,39:01.2,0.9,-3.5,155,0,0,0,0.2,0,0,-0.1,-53.3,-51.6,-15.73,-31.994,0,1.18,9169.8,0:09:50,59.3,0,--.--,344,62.8,50,0000:00:00,62,0,80,0,40,0,0,3.87,0,0,0,1,179.46,11:39:01,9/22/2023,97.48,48.36,--.--
high,1,764,12.73,15.51,11.97,2005,185.6547,2.27,31.05887933,39:02.2,0.6,-2.1,155,0,0,0,0.2,0,0,-0.1,-53.6,-51.9,-15.81,-32.16,0,1.08,9169.8,0:09:51,59.9,0,--.--,344,63.3,50,0000:00:00,62,0,80,0,40,0,0,3.54,0,0,0,1,185.68,11:39:02,9/22/2023,97.48,48.36,--.--
high,1,765,12.75,15.5,11.47,2008,177.785,2.25,31.10826406,39:03.2,0.2,-3.2,156,0,0,0,0.2,0,0,-0.1,-53.9,-52.1,-15.89,-32.312,0,1.02,9169.8,0:09:52,60.5,0,--.--,344,63.8,49,0000:00:00,62,0,80,0,40,0,0,3.35,0,0,0,1,177.8,11:39:03,9/22/2023,97.48,48.36,--.--
high,1,766,12.77,15.52,11.4,2012,176.928,2.25,31.15741072,39:04.2,-1.2,-2.1,156,0,0,0,0.1,0,0,0,-54,-52.2,-15.92,-32.379,0,0.97,9169.8,0:09:53,61.1,0,--.--,344,64.3,52,0000:00:00,62,0,80,0,40,0,0,3.18,0,0,0,1,176.88,11:39:04,9/22/2023,97.48,48.36,--.--
high,1,767,12.78,15.57,9.45,2014,147.1365,2.17,31.19828197,39:05.2,-2.5,-2,156,0,0,0,0.1,0,0,0,-54,-52.2,-15.92,-32.373,0,1.1,9169.8,0:09:54,61.5,0,--.--,344,64.7,56,0000:00:00,62,0,80,0,40,0,0,3.61,0,0,0,1,147.11,11:39:05,9/22/2023,97.5,48.36,--.--
high,1,768,12.8,15.56,9.43,2017,146.7308,2.17,31.23904053,39:06.2,-3.5,-1.6,156,0,0,0,0.1,0,0,0,-53.9,-52.1,-15.89,-32.311,0,1.01,9169.8,0:09:55,61.7,0,--.--,344,65,56,0000:00:00,62,0,80,0,40,0,0,3.31,0,0,0,1,146.76,11:39:06,9/22/2023,97.52,48.36,--.--
high,1,769,12.82,15.57,9.13,2020,142.1541,2.15,31.27852778,39:07.2,-1.8,-2.3,156,0,0,0,0.1,0,0,0,-53.8,-52.1,-15.87,-32.275,0,1.06,9169.8,0:09:56,61.9,0,--.--,344,65.2,54,0000:00:00,62,0,80,0,40,0,0,3.48,0,0,0,1,142.15,11:39:07,9/22/2023,97.52,48.36,--.--
high,1,770,12.83,15.47,13.04,2023,201.7288,2.3,31.33456356,39:08.2,-4.4,-3.5,156,0,0,0,0.2,0,0,0,-53.9,-52.1,-15.89,-32.32,0,1,9169.8,0:09:57,62.3,0,--.--,344,65.5,57,0000:00:00,62,0,80,0,40,0,0,3.28,0,0,0,1,201.68,11:39:08,9/22/2023,97.52,48.36,--.--
high,1,771,12.85,15.51,11.96,2026,185.4996,2.27,31.38609122,39:09.2,-3.1,-2.6,156,0,0,0,0.2,0,0,0,-54,-52.2,-15.92,-32.378,0,1.05,9169.8,0:09:58,62.8,0,--.--,344,65.9,57,0000:00:00,62,0,80,0,40,0,0,3.44,0,0,0,1,185.55,11:39:09,9/22/2023,97.54,48.36,--.--
high,1,772,12.87,15.49,11.22,2030,173.7978,2.24,31.43436839,39:10.2,-1.9,-2.3,155,0,0,0,0.2,0,0,0,-54,-52.3,-15.94,-32.414,0,1.06,9169.8,0:09:59,63.4,0,--.--,344,66.5,59,0000:00:00,62,0,80,0,40,0,0,3.48,0,0,0,1,173.75,11:39:10,9/22/2023,97.54,48.36,--.--
high,1,773,12.88,15.48,12.05,2034,186.534,2.27,31.48618339,39:11.2,-2.1,-0.5,155,0,0,0,0.2,0,0,0,-54,-52.2,-15.91,-32.355,0,1.16,9169.8,0:10:00,64,0,--.--,344,67.2,58,0000:00:00,62,0,80,0,40,0,0,3.81,0,0,0,1,186.57,11:39:11,9/22/2023,97.54,48.36,--.--
high,1,774,12.9,15.45,12.61,2037,194.8245,2.29,31.54030131,39:12.2,-3.1,-1.6,156,0,0,0,0.1,0,0,0.1,-53.8,-52.1,-15.86,-32.253,0,1.24,9169.8,0:10:01,64.5,0,--.--,345,67.8,60,0000:00:00,62,0,80,0,40,0,0,4.07,0,0,0,1,194.76,11:39:12,9/22/2023,97.54,48.36,--.--
high,1,775,12.92,15.48,12.2,2040,188.856,2.28,31.59276131,39:13.2,-2.3,-1.8,156,0,0,0,0.1,0,0,0.1,-53.5,-51.8,-15.77,-32.077,0,1.34,9169.8,0:10:02,64.9,0,--.--,344,68.2,60,0000:00:00,62,0,80,0,40,0,0,4.4,0,0,0,1,188.89,11:39:13,9/22/2023,97.54,48.36,--.--
high,1,776,12.93,15.48,11.49,2044,177.8652,2.25,31.64216831,39:14.2,-1.8,-2.7,156,0,0,0,0.1,0,0,0.1,-53.2,-51.4,-15.66,-31.849,0,1.45,9169.8,0:10:03,65.3,0,--.--,344,68.4,60,0000:00:00,62,0,80,0,40,0,0,4.76,0,0,0,1,177.89,11:39:14,9/22/2023,97.57,48.36,--.--
high,1,777,12.95,15.5,15.13,2047,234.515,2.37,31.70731136,39:15.2,-0.9,-2.9,156,0,0,0,0.1,0,0,0.1,-52.8,-51,-15.54,-31.611,0,1.55,9169.8,0:10:04,65.6,0,--.--,344,68.7,55,0000:00:00,62,0,80,0,40,0,0,5.09,0,0,0,1,234.5,11:39:15,9/22/2023,97.57,48.36,--.--
high,1,778,12.97,15.44,13.18,2051,203.4992,2.31,31.76383892,39:16.2,1.8,-2.5,156,0,0,0,0.1,0,0,0,-52.6,-50.9,-15.5,-31.532,0,1.55,9176.4,0:10:05,66,0,--.--,344,69.1,51,0000:00:00,62,0,80,0,40,0,0,5.09,0,0,0,1,203.51,11:39:16,9/22/2023,97.57,48.36,--.--
high,1,779,12.98,15.44,13.2,2054,203.808,2.31,31.82045225,39:17.2,0.6,-1.9,156,0,0,0,0.2,0,0,0,-52.6,-50.9,-15.51,-31.555,0,1.56,9176.4,0:10:06,66.5,0,--.--,344,69.6,51,0000:00:00,62,0,80,0,40,0,0,5.12,0,0,0,1,203.83,11:39:17,9/22/2023,97.57,48.36,--.--
high,1,780,13,15.42,13.1,2058,202.002,2.31,31.87656392,39:18.2,0.3,-2.4,156,0,0,0,0.2,0,0,0,-52.7,-51,-15.53,-31.592,0,1.53,9176.4,0:10:07,67,0,--.--,344,70,50,0000:00:00,62,0,80,0,40,0,0,5.02,0,0,0,1,201.96,11:39:18,9/22/2023,97.57,48.36,--.--
high,1,781,13.02,15.43,13.49,2062,208.1507,2.32,31.93438356,39:19.2,0.4,-2,156,0,0,0,0.2,0,0,0,-52.7,-51,-15.54,-31.611,0,1.48,9176.4,0:10:08,67.6,0,--.--,344,70.6,50,0000:00:00,62,0,80,0,40,0,0,4.86,0,0,0,1,208.15,11:39:19,9/22/2023,97.61,48.36,--.--
high,1,782,13.03,15.46,12.32,2065,190.4672,2.28,31.98729111,39:20.2,0,-1.6,156,0,0,0,0.1,0,0,0,-52.7,-51,-15.53,-31.595,0,1.34,9176.4,0:10:09,68.1,0,--.--,344,71,50,0000:00:00,62,0,80,0,40,0,0,4.4,0,0,0,1,190.5,11:39:20,9/22/2023,97.63,48.36,--.--
high,1,783,13.05,15.47,11.68,2069,180.6896,2.26,32.03748267,39:21.2,0.1,-3.1,156,0,0,0,0.1,0,0,0,-52.7,-50.9,-15.52,-31.574,0,1.3,9176.4,0:10:10,68.5,0,--.--,344,71.4,50,0000:00:00,62,0,80,0,40,0,0,4.27,0,0,0,1,180.69,11:39:21,9/22/2023,97.63,48.36,--.--
high,1,784,13.07,15.47,11.86,2072,183.4742,2.26,32.08844772,39:22.2,-0.8,-2.8,157,0,0,0,0.2,0,0,0,-52.7,-51,-15.53,-31.599,0,1.22,9176.4,0:10:11,68.9,0,--.--,344,71.8,50,0000:00:00,62,0,80,0,40,0,0,4,0,0,0,1,183.49,11:39:22,9/22/2023,97.63,48.36,--.--
high,1,785,13.08,15.46,12.47,2075,192.7862,2.29,32.14199944,39:23.2,0.1,-1.9,156,0,0,0,0.2,0,0,0,-52.9,-51.1,-15.59,-31.715,0,1.09,9176.4,0:10:12,69.5,0,--.--,344,72.3,50,0000:00:00,62,0,80,0,40,0,0,3.58,0,0,0,1,192.74,11:39:23,9/22/2023,97.63,48.36,--.--
high,1,786,13.1,15.5,10.4,2079,161.2,2.21,32.18677722,39:24.2,-0.8,-1.7,157,0,0,0,0.2,0,0,0,-53.1,-51.3,-15.65,-31.831,0,0.98,9176.4,0:10:13,70,0,--.--,344,72.8,52,0000:00:00,62,0,80,0,40,0,0,3.22,0,0,0,1,161.19,11:39:24,9/22/2023,97.65,48.36,--.--
high,1,787,13.12,15.52,10.15,2081,157.528,2.2,32.230535,39:25.3,-1.3,-2.4,157,0,0,0,0.2,0,0,0,-53.2,-51.4,-15.68,-31.892,0,0.98,9176.4,0:10:14,70.6,0,--.--,344,73.3,52,0000:00:00,62,0,80,0,40,0,0,3.22,0,0,0,1,157.52,11:39:25,9/22/2023,97.65,48.36,--.--
high,1,788,13.13,15.52,10.11,2084,156.9072,2.2,32.27412033,39:26.3,-4.1,-1.8,157,0,0,0,0.2,0,0,0,-53.2,-51.5,-15.69,-31.912,0,0.97,9176.4,0:10:15,71.1,0,--.--,344,73.8,56,0000:00:00,62,0,80,0,40,0,0,3.18,0,0,0,1,156.9,11:39:26,9/22/2023,97.66,48.36,--.--
high,1,789,13.15,15.53,9.64,2087,149.7092,2.18,32.31570622,39:27.3,-1.7,-1.8,157,0,0,0,0.2,0,0,0,-53.2,-51.4,-15.68,-31.894,0,1.02,9176.4,0:10:16,71.7,0,--.--,344,74.3,51,0000:00:00,62,0,80,0,40,0,0,3.35,0,0,0,1,149.74,11:39:27,9/22/2023,97.66,48.36,--.--
high,1,790,13.17,15.53,9.72,2090,150.9516,2.18,32.35763722,39:28.3,-0.4,-2.6,156,0,0,0,0.1,0,0,0,-53.2,-51.4,-15.68,-31.899,0,0.97,9176.4,0:10:17,72.2,0,--.--,344,74.8,51,0000:00:00,62,0,80,0,40,0,0,3.18,0,0,0,1,150.97,11:39:28,9/22/2023,97.68,48.36,--.--
high,1,791,13.18,15.54,9.49,2092,147.4746,2.17,32.39860239,39:29.3,-0.6,-2.7,157,0,0,0,0.1,0,0,0,-53.2,-51.4,-15.68,-31.899,0,0.99,9183,0:10:18,72.6,0,--.--,344,75.2,50,0000:00:00,62,0,80,0,40,0,0,3.25,0,0,0,1,147.51,11:39:29,9/22/2023,97.68,48.36,--.--
high,1,792,13.2,15.54,9.67,2095,150.2718,2.18,32.44034456,39:30.3,-1.5,-1.8,156,0,0,0,0.2,0,0,0,-53.2,-51.5,-15.7,-31.931,0,1,9183,0:10:19,73.1,0,--.--,344,75.6,50,0000:00:00,62,0,80,0,40,0,0,3.28,0,0,0,1,150.24,11:39:30,9/22/2023,97.68,48.36,--.--
high,1,793,13.22,15.5,10.72,2098,166.16,2.22,32.48650011,39:31.3,-3.3,-0.9,157,0,0,0,0.3,0,0,0,-53.3,-51.5,-15.7,-31.939,0,0.95,9183,0:10:20,73.5,0,--.--,344,75.8,50,0000:00:00,62,0,80,0,40,0,0,3.12,0,0,0,1,166.17,11:39:31,9/22/2023,97.68,48.36,--.--
high,1,794,13.23,15.45,12.6,2102,194.67,2.29,32.54057511,39:32.3,-0.6,-2.1,157,0,0,0,0.3,0,0,0,-53.4,-51.6,-15.75,-32.031,0,0.73,9183,0:10:21,74.3,0,--.--,343,76.2,50,0000:00:00,62,0,80,0,40,0,0,2.4,0,0,0,1,194.67,11:39:32,9/22/2023,97.7,48.36,--.--
high,1,795,13.25,15.52,9.45,2105,146.664,2.17,32.58131511,39:33.3,-0.4,-2.6,156,0,0,0,0.2,0,0,0,-53.5,-51.8,-15.79,-32.111,0,0.74,9183,0:10:22,75,0,--.--,343,76.8,50,0000:00:00,62,0,80,0,40,0,0,2.43,0,0,0,1,146.65,11:39:33,9/22/2023,97.7,48.36,--.--
high,1,796,13.27,15.59,7.5,2107,116.925,2.07,32.61379428,39:34.3,-0.6,-2,155,0,0,0,0.1,0,0,0,-53.6,-51.8,-15.8,-32.132,0,0.71,9183,0:10:23,75.6,0,--.--,343,77.3,50,0000:00:00,62,0,80,0,40,0,0,2.33,0,0,0,1,116.95,11:39:34,9/22/2023,97.7,48.36,--.--
high,1,797,13.28,15.62,6.73,2109,105.1226,2.02,32.642995,39:35.3,-0.1,-2.3,155,0,0,0,0.1,0,0,0,-53.5,-51.8,-15.78,-32.098,0,0.73,9183,0:10:24,76.1,0,--.--,343,77.8,50,0000:00:00,62,0,80,0,40,0,0,2.4,0,0,0,1,105.11,11:39:35,9/22/2023,97.7,48.36,--.--
high,1,798,13.3,15.6,6.93,2111,108.108,2.03,32.673025,39:36.3,-1.1,-1.8,155,0,0,0,0.1,0,0,0,-53.5,-51.7,-15.76,-32.053,0,0.81,9183,0:10:25,76.4,0,--.--,343,78.2,50,0000:00:00,62,0,80,0,40,0,0,2.66,0,0,0,1,108.12,11:39:36,9/22/2023,97.74,48.36,--.--
high,1,799,13.32,15.61,6.77,2113,105.6797,2.02,32.70238047,39:37.3,-2.1,-1.2,156,0,0,0,0.1,0,0,0.1,-53.3,-51.6,-15.72,-31.971,0,0.81,9183,0:10:26,76.7,0,--.--,343,78.5,55,0000:00:00,62,0,80,0,40,0,0,2.66,0,0,0,1,105.7,11:39:37,9/22/2023,97.74,48.36,--.--
high,1,800,13.33,15.61,6.67,2115,104.1187,2.02,32.73130233,39:38.3,-2.3,-0.9,156,0,0,0,0.1,0,0,0.1,-53.1,-51.4,-15.65,-31.836,0,0.82,9183,0:10:27,77.1,0,--.--,343,78.9,52,0000:00:00,62,0,80,0,40,0,0,2.69,0,0,0,1,104.09,11:39:38,9/22/2023,97.74,48.36,--.--
high,1,801,13.35,15.57,9.04,2117,140.7528,2.15,32.77040033,39:39.3,-0.7,-2.9,156,0,0,0,0.2,0,0,0,-53,-51.2,-15.61,-31.758,0,0.87,9183,0:10:28,77.6,0,--.--,343,79.3,51,0000:00:00,62,0,80,0,40,0,0,2.85,0,0,0,1,140.79,11:39:39,9/22/2023,97.75,48.36,--.--
high,1,802,13.37,15.6,7.47,2119,116.532,2.07,32.80277033,39:40.3,-0.5,-2.3,156,0,0,0,0.2,0,0,0,-52.9,-51.2,-15.6,-31.734,0,0.93,9183,0:10:29,78.1,0,--.--,343,79.9,51,0000:00:00,62,0,80,0,40,0,0,3.05,0,0,0,1,116.5,11:39:40,9/22/2023,97.75,48.36,--.--
high,1,803,13.38,15.61,7.05,2121,110.0505,2.04,32.83333992,39:41.3,-1.4,-1.3,156,0,0,0,0.1,0,0,0,-52.9,-51.1,-15.59,-31.711,0,1.09,9183,0:10:30,78.6,0,--.--,343,80.4,51,0000:00:00,62,0,80,0,40,0,0,3.58,0,0,0,1,110.08,11:39:41,9/22/2023,97.75,48.36,--.--
high,1,804,13.4,15.59,7.9,2123,123.161,2.09,32.86755131,39:42.3,-0.5,-1.9,155,0,0,0,0.2,0,0,0,-52.8,-51.1,-15.57,-31.674,0,1.14,9189.6,0:10:31,79,0,--.--,344,80.9,51,0000:00:00,62,0,80,0,40,0,0,3.74,0,0,0,1,123.14,11:39:42,9/22/2023,97.77,48.36,--.--
high,1,805,13.42,15.58,8.07,2126,125.7306,2.1,32.90247647,39:43.3,0.5,-2.7,155,0,0,0,0.2,0,0,0,-52.8,-51,-15.56,-31.65,0,1.14,9189.6,0:10:32,79.4,0,--.--,344,81.4,50,0000:00:00,62,0,80,0,40,0,0,3.74,0,0,0,1,125.75,11:39:43,9/22/2023,97.77,48.36,--.--
high,1,806,13.43,15.54,9.92,2128,154.1568,2.19,32.94529781,39:44.3,-0.7,-2.8,156,0,0,0,0.2,0,0,0,-52.8,-51,-15.55,-31.635,0,1.03,9189.6,0:10:33,79.9,0,--.--,344,82,50,0000:00:00,62,0,80,0,40,0,0,3.38,0,0,0,1,154.16,11:39:44,9/22/2023,97.77,48.36,--.--
high,1,807,13.45,15.54,9.38,2131,145.7652,2.16,32.98578814,39:45.3,-1.7,-2.3,156,0,0,0,0.2,0,0,0,-52.8,-51,-15.56,-31.653,0,0.94,9189.6,0:10:34,80.4,0,--.--,344,82.5,49,0000:00:00,62,0,80,0,40,0,0,3.08,0,0,0,1,145.74,11:39:45,9/22/2023,97.77,48.36,--.--
high,1,808,13.47,15.54,9.63,2134,149.6502,2.18,33.02735764,39:46.3,-1.3,-2.8,156,0,0,0,0.2,0,0,0,-52.8,-51.1,-15.57,-31.673,0,0.93,9189.6,0:10:35,81,0,--.--,344,83,50,0000:00:00,62,0,80,0,40,0,0,3.05,0,0,0,1,149.66,11:39:46,9/22/2023,97.79,48.36,--.--
high,1,809,13.48,15.57,8.14,2136,126.7398,2.1,33.06256314,39:47.3,-2.1,-1.9,155,0,0,0,0.2,0,0,0,-52.8,-51.1,-15.57,-31.677,0,0.96,9189.6,0:10:36,81.5,0,--.--,344,83.5,50,0000:00:00,62,0,80,0,40,0,0,3.15,0,0,0,1,126.76,11:39:47,9/22/2023,97.81,48.36,--.--
high,1,810,13.5,15.56,8.76,2138,136.3056,2.13,33.10042581,39:48.3,-1.4,-1.6,155,0,0,0,0.2,0,0,0,-52.9,-51.1,-15.58,-31.692,0,1.03,9189.6,0:10:37,82,0,--.--,344,84.1,50,0000:00:00,62,0,80,0,40,0,0,3.38,0,0,0,1,136.32,11:39:48,9/22/2023,97.81,48.36,--.--
high,1,811,13.52,15.52,10.44,2141,162.0288,2.21,33.14543381,39:49.3,-1,-1.7,155,0,0,0,0.2,0,0,0,-52.9,-51.1,-15.59,-31.717,0,1.13,9189.6,0:10:38,82.7,0,--.--,344,84.8,50,0000:00:00,62,0,80,0,40,0,0,3.71,0,0,0,1,162.01,11:39:49,9/22/2023,97.81,48.36,--.--
high,1,812,13.53,15.55,8.96,2144,139.328,2.14,33.18413603,39:50.3,-0.8,-2.7,155,0,0,0,0.2,0,0,0,-53,-51.2,-15.62,-31.774,0,1.11,9189.6,0:10:39,83.3,0,--.--,344,85.4,50,0000:00:00,62,0,80,0,40,0,0,3.64,0,0,0,1,139.35,11:39:50,9/22/2023,97.83,48.36,--.--
high,1,813,13.55,15.54,8.48,2146,131.7792,2.12,33.22074136,39:51.3,-1.1,-2.8,156,0,0,0,0.2,0,0,0,-53.1,-51.3,-15.64,-31.817,0,1.09,9189.6,0:10:40,83.9,0,--.--,344,85.9,50,0000:00:00,62,0,80,0,40,0,0,3.58,0,0,0,1,131.81,11:39:51,9/22/2023,97.83,48.36,--.--
high,1,814,13.57,15.56,8.06,2149,125.4136,2.1,33.25557847,39:52.3,-1.2,-2.5,156,0,0,0,0.2,0,0,0,-53.1,-51.3,-15.65,-31.833,0,1.15,9189.6,0:10:41,84.4,0,--.--,344,86.4,49,0000:00:00,62,0,80,0,40,0,0,3.77,0,0,0,1,125.43,11:39:52,9/22/2023,97.84,48.36,--.--
high,1,815,13.58,15.56,8.44,2151,131.3264,2.12,33.29205803,39:53.3,-0.7,-3,156,0,0,0,0.2,0,0,0,-53,-51.3,-15.63,-31.792,0,1.23,9189.6,0:10:42,84.9,0,--.--,345,86.9,50,0000:00:00,62,0,80,0,40,0,0,4.04,0,0,0,1,131.35,11:39:53,9/22/2023,97.84,48.36,--.--
high,1,816,13.6,15.67,5.01,2153,78.5067,1.89,33.31386544,39:54.3,-0.8,-3.1,157,0,0,0,0.1,0,0,0,-52.9,-51.2,-15.6,-31.735,0,1.24,9189.6,0:10:43,85.2,0,--.--,345,87.3,50,0000:00:00,78,0,80,0,40,0,0,4.07,0,0,0,1,78.5,11:39:54,9/22/2023,97.86,48.36,--.--
high,1,817,13.62,15.68,4.73,2154,74.1664,1.87,33.33446722,39:55.3,-1.1,-2.4,157,0,0,0,0,0,0,0,-52.9,-51.1,-15.59,-31.716,0,1.2,9196.2,0:10:44,85.2,0,--.--,345,87.3,50,0000:00:00,87,0,80,0,40,0,0,3.94,0,0,0,1,74.15,11:39:55,9/22/2023,97.86,48.36,--.--
high,1,818,13.63,15.59,7.87,2156,122.6933,2.09,33.36854869,39:56.3,-1.2,-2.6,156,0,0,0,0.1,0,0,0,-53,-51.3,-15.64,-31.814,0,1.16,9196.2,0:10:45,85.2,0,--.--,345,87.4,50,0000:00:00,87,0,80,0,40,0,0,3.81,0,0,0,1,122.72,11:39:56,9/22/2023,97.86,48.36,--.--
high,1,819,13.65,15.62,6.91,2158,107.9342,2.03,33.39853042,39:57.3,-1.6,-2.2,156,0,0,0,0.1,0,0,-0.1,-53.3,-51.5,-15.73,-31.993,0,1.15,9196.2,0:10:46,85.5,0,--.--,345,87.6,50,0000:00:00,87,0,80,0,40,0,0,3.77,0,0,0,1,107.91,11:39:57,9/22/2023,97.86,48.36,--.--
high,1,820,13.67,15.63,6.81,2160,106.4403,2.03,33.42809717,39:58.3,-1,-2.3,156,0,0,0,0.1,0,0,0,-53.6,-51.9,-15.82,-32.175,0,1.11,9196.2,0:10:47,85.9,0,--.--,345,87.9,51,0000:00:00,87,0,80,0,40,0,0,3.64,0,0,0,1,106.41,11:39:58,9/22/2023,97.86,48.36,--.--
high,1,821,13.68,15.69,4.69,2162,73.5861,1.87,33.44853775,39:59.3,-1.5,-1.9,156,0,0,0,0,0,0,0,-53.8,-52,-15.87,-32.271,0,1.04,9196.2,0:10:48,86.1,0,--.--,345,88.2,51,0000:00:00,87,0,80,0,40,0,0,3.41,0,0,0,1,73.57,11:39:59,9/22/2023,97.86,48.36,--.--
high,1,822,13.7,15.68,4.55,2163,71.344,1.85,33.46835553,40:00.3,-2.8,-1,157,0,0,0,0,0,0,0,-53.8,-52.1,-15.87,-32.275,0,0.98,9196.2,0:10:49,86.2,0,--.--,345,88.3,49,0000:00:00,87,0,80,0,40,0,0,3.22,0,0,0,1,71.36,11:40:00,9/22/2023,97.9,48.36,--.--
high,1,823,13.72,15.7,4.26,2164,66.882,1.83,33.48693386,40:01.3,-2.2,-1.5,156,0,0,0,0,0,0,0,-53.8,-52,-15.85,-32.233,0,0.97,9196.2,0:10:50,86.1,0,--.--,345,88.2,50,0000:00:00,87,0,80,0,40,0,0,3.18,0,0,0,1,66.87,11:40:01,9/22/2023,97.9,48.38,--.--
high,1,824,13.73,15.66,5.98,2166,93.6468,1.97,33.51294686,40:02.3,-3.6,0,156,0,0,0,0,0,0,0,-53.6,-51.9,-15.81,-32.155,0,0.97,9196.2,0:10:51,86.1,0,--.--,345,88.2,50,0000:00:00,87,0,80,0,40,0,0,3.18,0,0,0,1,93.63,11:40:02,9/22/2023,97.9,48.38,--.--
high,1,825,13.75,15.7,4.27,2167,67.039,1.83,33.53156881,40:03.3,-1.6,-1.6,155,0,0,0,0.1,0,0,0,-53.5,-51.8,-15.77,-32.074,0,0.96,9196.2,0:10:52,86,0,--.--,345,88.1,50,0000:00:00,87,0,80,0,40,0,0,3.15,0,0,0,1,67.02,11:40:03,9/22/2023,97.92,48.38,--.--
high,1,826,13.77,15.7,4.51,2168,70.807,1.85,33.55123742,40:04.3,-2.5,-0.6,157,0,0,0,0,0,0,0,-53.4,-51.6,-15.73,-31.99,0,1.05,9196.2,0:10:53,85.9,0,--.--,345,88,50,0000:00:00,87,0,80,0,40,0,0,3.44,0,0,0,1,70.8,11:40:04,9/22/2023,97.92,48.36,--.--
high,1,827,13.78,15.66,5.78,2170,90.5148,1.96,33.57638042,40:05.3,-1.4,-2.6,156,0,0,0,0.1,0,0,0,-53.3,-51.5,-15.71,-31.954,0,1.06,9196.2,0:10:54,85.9,0,--.--,345,88,50,0000:00:00,87,0,80,0,40,0,0,3.48,0,0,0,1,90.54,11:40:05,9/22/2023,97.92,48.36,--.--
high,1,828,13.8,15.65,9.52,2172,148.988,2.17,33.61776597,40:06.3,-0.7,-2.3,155,0,0,0,0.1,0,0,0,-53.3,-51.5,-15.7,-31.939,0,1.11,9196.2,0:10:55,86.2,0,--.--,345,88.2,50,0000:00:00,87,0,80,0,40,0,0,3.64,0,0,0,1,149,11:40:06,9/22/2023,97.93,48.38,--.--
high,1,829,13.82,15.59,8.65,2174,134.8535,2.13,33.65522528,40:07.3,-1.4,-3,156,0,0,0,0.1,0,0,0,-53.2,-51.4,-15.68,-31.891,0,1.02,9196.2,0:10:56,86.5,0,--.--,345,88.6,50,0000:00:00,87,0,80,0,40,0,0,3.35,0,0,0,1,134.84,11:40:07,9/22/2023,97.93,48.38,--.--
high,1,830,13.83,15.66,5.95,2176,93.177,1.97,33.68110778,40:08.3,-0.4,-3.5,156,0,0,0,0.1,0,0,0,-53.1,-51.3,-15.65,-31.831,0,0.98,9196.2,0:10:57,86.8,0,--.--,345,88.8,49,0000:00:00,87,0,80,0,40,0,0,3.22,0,0,0,1,93.16,11:40:08,9/22/2023,97.93,48.36,--.--
high,1,831,13.85,15.61,7.09,2178,110.6749,2.04,33.71185081,40:09.3,-0.8,-2.5,156,0,0,0,0.1,0,0,0,-53.1,-51.3,-15.63,-31.8,0,1.07,9196.2,0:10:58,86.9,0,--.--,345,89,49,0000:00:00,87,0,80,0,40,0,0,3.51,0,0,0,1,110.68,11:40:09,9/22/2023,97.93,48.36,--.--
high,1,832,13.87,15.61,7.37,2180,115.0457,2.06,33.74380794,40:10.3,0.1,-3,156,0,0,0,0.1,0,0,0,-53.1,-51.3,-15.64,-31.82,0,1.03,9196.2,0:10:59,87.2,0,--.--,345,89.2,49,0000:00:00,87,0,80,0,40,0,0,3.38,0,0,0,1,115.05,11:40:10,9/22/2023,97.95,48.36,--.--
high,1,833,13.88,15.6,8.03,2182,125.268,2.1,33.77860461,40:11.3,0.1,-2.6,156,0,0,0,0.1,0,0,0,-53.2,-51.4,-15.67,-31.875,0,1.15,9196.2,0:11:00,87.5,0,--.--,345,89.5,50,0000:00:00,87,0,80,0,40,0,0,3.77,0,0,0,1,125.26,11:40:11,9/22/2023,97.95,48.38,--.--
high,1,834,13.9,15.61,7.52,2184,117.3872,2.07,33.81121217,40:12.3,-0.7,-2.6,156,0,0,0,0.1,0,0,0,-53.2,-51.5,-15.69,-31.92,0,1.18,9196.2,0:11:01,87.9,0,--.--,345,89.8,50,0000:00:00,87,0,80,0,40,0,0,3.87,0,0,0,1,117.36,11:40:12,9/22/2023,97.95,48.38,--.--
high,1,835,13.92,15.61,7.3,2186,113.953,2.06,33.84286578,40:13.3,-1,-2.9,156,0,0,0,0.2,0,0,0,-53.3,-51.5,-15.71,-31.956,0,1,9196.2,0:11:02,88.3,0,--.--,345,90.2,50,0000:00:00,87,0,80,0,40,0,0,3.28,0,0,0,1,113.96,11:40:13,9/22/2023,97.95,48.36,--.--
high,1,836,13.93,15.61,7.24,2188,113.0164,2.05,33.87425922,40:14.3,-1.6,-2.7,156,0,0,0,0.2,0,0,0,-53.3,-51.5,-15.71,-31.956,0,0.87,9196.2,0:11:03,88.8,0,--.--,345,90.7,49,0000:00:00,87,0,80,0,40,0,0,2.85,0,0,0,1,113.04,11:40:14,9/22/2023,97.95,48.36,--.--
high,1,837,13.95,15.61,7.22,2190,112.7042,2.05,33.90556594,40:15.3,-1.1,-2.5,156,0,0,0,0.1,0,0,0,-53.2,-51.5,-15.68,-31.898,0,0.91,9196.2,0:11:04,89.3,0,--.--,344,91.1,49,0000:00:00,87,0,80,0,40,0,0,2.99,0,0,0,1,112.73,11:40:15,9/22/2023,97.97,48.36,--.--
high,1,838,13.97,15.61,7.33,2192,114.4213,2.06,33.93734964,40:16.3,-1.3,-2,156,0,0,0,0.1,0,0,0,-53.1,-51.3,-15.64,-31.813,0,1,9196.2,0:11:05,89.7,0,--.--,344,91.5,49,0000:00:00,87,0,80,0,40,0,0,3.28,0,0,0,1,114.45,11:40:16,9/22/2023,97.97,48.36,--.--
high,1,839,13.98,15.6,7.48,2194,116.688,2.07,33.96976297,40:17.3,-1.5,-1.7,156,0,0,0,0.1,0,0,0,-52.9,-51.2,-15.59,-31.72,0,0.92,9196.2,0:11:06,90.1,0,--.--,344,91.7,49,0000:00:00,87,0,80,0,40,0,0,3.02,0,0,0,1,116.69,11:40:17,9/22/2023,97.97,48.36,--.--
high,1,840,14,15.61,7.43,2196,115.9823,2.06,34.00198028,40:18.3,-1.6,-2,156,0,0,0,0.1,0,0,0,-52.9,-51.1,-15.57,-31.678,0,0.82,9196.2,0:11:07,90.3,0,--.--,344,91.9,49,0000:00:00,87,0,80,0,40,0,0,2.69,0,0,0,1,115.95,11:40:18,9/22/2023,97.97,48.38,--.--
high,1,841,14.02,15.6,7.53,2198,117.468,2.07,34.03461028,40:19.3,-0.4,-3.3,155,0,0,0,0.1,0,0,0,-52.9,-51.1,-15.59,-31.71,0,0.85,9196.2,0:11:08,90.7,0,--.--,344,92.2,49,0000:00:00,87,0,80,0,40,0,0,2.79,0,0,0,1,117.48,11:40:19,9/22/2023,97.99,48.38,--.--
high,1,842,14.03,15.54,9.94,2200,154.4676,2.19,34.07751794,40:20.3,-1,-2.1,155,0,0,0,0.2,0,0,0,-53,-51.2,-15.61,-31.755,0,0.83,9196.2,0:11:09,91.2,0,--.--,344,92.8,56,0000:00:00,87,0,80,0,40,0,0,2.72,0,0,0,1,154.44,11:40:20,9/22/2023,97.99,48.36,--.--
high,1,843,14.05,15.55,9.01,2203,140.1055,2.15,34.11643614,40:21.3,-3.2,-2.4,155,0,0,0,0.2,0,0,0.1,-52.9,-51.1,-15.58,-31.69,0,0.88,9202.8,0:11:10,91.7,0,--.--,344,93.4,61,0000:00:00,87,0,80,0,40,0,0,2.89,0,0,0,1,140.14,11:40:21,9/22/2023,97.99,48.36,--.--
high,1,844,14.07,15.59,7.41,2205,115.5219,2.06,34.14852556,40:22.3,-2.4,-3.3,155,0,0,0,0.2,0,0,0.1,-52.5,-50.7,-15.44,-31.408,0,0.95,9202.8,0:11:11,92.1,0,--.--,345,93.9,63,0000:00:00,87,0,80,0,40,0,0,3.12,0,0,0,1,115.54,11:40:22,9/22/2023,97.99,48.36,--.--
high,1,845,14.08,15.27,18.91,2209,288.7557,2.46,34.22873547,40:23.3,1.1,-2.5,153,0,0,0,0.3,0,0,0,-52.1,-50.3,-15.33,-31.189,0,1.04,9202.8,0:11:12,92.5,0,--.--,345,94.4,55,0000:00:00,70,0,80,0,40,0,0,3.41,0,0,0,1,288.81,11:40:23,9/22/2023,97.99,48.36,--.--
high,1,846,14.1,15.24,19.81,2215,301.9044,2.48,34.31259781,40:24.3,-0.5,-0.6,154,0,0,0,0.3,0,0,0,-52,-50.2,-15.31,-31.157,0,1.03,9202.8,0:11:13,93.4,0,--.--,346,95.5,57,0000:00:00,63,0,80,0,40,0,0,3.38,0,0,0,1,301.83,11:40:24,9/22/2023,97.99,48.36,--.--
high,1,847,14.12,15.55,8.57,2219,133.2635,2.12,34.34961544,40:25.3,-1.7,-1.4,156,0,0,0,0.2,0,0,0,-52,-50.3,-15.32,-31.178,0,0.91,9202.8,0:11:14,94.1,0,--.--,346,96.4,50,0000:00:00,63,0,80,0,40,0,0,2.99,0,0,0,1,133.25,11:40:25,9/22/2023,97.99,48.38,--.--
high,1,848,14.13,15.54,8.42,2221,130.8468,2.12,34.38596178,40:26.3,-2.3,0.1,155,0,0,0,0.1,0,0,0,-52.2,-50.4,-15.36,-31.26,0,0.83,9202.8,0:11:15,94.7,0,--.--,346,96.9,52,0000:00:00,63,0,80,0,40,0,0,2.72,0,0,0,1,130.88,11:40:26,9/22/2023,98.02,48.38,--.--
high,1,849,14.15,15.53,11.34,2224,176.1102,2.25,34.43488128,40:27.3,-1.9,-0.3,156,0,0,0,0.2,0,0,0,-52.2,-50.4,-15.36,-31.255,0,0.83,9202.8,0:11:16,95.1,0,--.--,346,97.2,53,0000:00:00,63,0,80,0,40,0,0,2.72,0,0,0,1,176.08,11:40:27,9/22/2023,98.02,48.36,--.--
high,1,850,14.17,15.48,11.17,2227,172.9116,2.24,34.48291228,40:28.3,-2.1,-2.3,156,0,0,0,0.1,0,0,0,-52.1,-50.3,-15.32,-31.179,0,0.82,9202.8,0:11:17,95.5,0,--.--,346,97.6,51,0000:00:00,63,0,80,0,40,0,0,2.69,0,0,0,1,172.95,11:40:28,9/22/2023,98.02,48.38,--.--
high,1,851,14.18,15.52,9.33,2230,144.8016,2.16,34.52313494,40:29.3,-1.8,-2.2,156,0,0,0,0.1,0,0,0,-51.9,-50.2,-15.28,-31.094,0,0.67,9202.8,0:11:18,95.9,0,--.--,346,98,52,0000:00:00,63,0,80,0,40,0,0,2.2,0,0,0,1,144.83,11:40:29,9/22/2023,98.02,48.36,--.--
high,1,852,14.2,15.52,9.32,2232,144.6464,2.16,34.5633145,40:30.3,-2.4,-1.6,159,0,0,0,0.1,0,0,0.1,-51.7,-50,-15.22,-30.971,0,0.81,9202.8,0:11:19,96.3,0,--.--,346,98.3,55,0000:00:00,63,0,80,0,40,0,0,2.66,0,0,0,1,144.61,11:40:30,9/22/2023,98.06,48.36,--.--
high,1,853,14.22,15.46,10.98,2235,169.7508,2.23,34.6104675,40:31.3,-3,-0.6,161,0,0,0,0.2,0,0,0.1,-51.5,-49.8,-15.16,-30.856,0,0.82,9202.8,0:11:20,96.7,0,--.--,345,98.7,51,0000:00:00,63,0,80,0,40,0,0,2.69,0,0,0,1,169.79,11:40:31,9/22/2023,98.06,48.36,--.--
high,1,854,14.23,15.46,11.17,2239,172.6882,2.24,34.65843644,40:32.3,-1.3,-3.5,162,0,0,0,0.2,0,0,0,-51.4,-49.7,-15.14,-30.812,0,0.87,9202.8,0:11:21,97.2,0,--.--,345,99.1,50,0000:00:00,63,0,80,0,40,0,0,2.85,0,0,0,1,172.69,11:40:32,9/22/2023,98.06,48.36,--.--
high,1,855,14.25,15.45,11.49,2242,177.5205,2.25,34.70774769,40:33.3,-2,-2.4,161,0,0,0,0.2,0,0,0,-51.4,-49.7,-15.14,-30.813,0,0.97,9202.8,0:11:22,97.9,0,--.--,345,99.7,52,0000:00:00,63,0,80,0,40,0,0,3.18,0,0,0,1,177.52,11:40:33,9/22/2023,98.06,48.36,--.--
high,1,856,14.27,15.39,13.71,2246,210.9969,2.32,34.76635794,40:34.3,-3.1,0.5,161,0,0,0,0.3,0,0,0,-51.4,-49.6,-15.13,-30.795,0,0.76,9209.4,0:11:23,98.7,0,--.--,345,100.5,52,0000:00:00,63,0,80,0,40,0,0,2.49,0,0,0,1,210.94,11:40:34,9/22/2023,98.08,48.38,--.--
high,1,857,14.28,15.4,13.9,2249,214.06,2.33,34.82581906,40:35.3,-1.1,-3.6,161,0,0,0,0.3,0,0,0,-51.4,-49.6,-15.13,-30.797,0,0.96,9209.4,0:11:24,99.5,0,--.--,345,101.2,52,0000:00:00,63,0,80,0,40,0,0,3.15,0,0,0,1,214.06,11:40:35,9/22/2023,98.08,48.36,--.--
high,1,858,14.3,15.41,12.58,2253,193.8578,2.29,34.87966844,40:36.3,-2,-0.8,161,0,0,0,0.3,0,0,0,-51.4,-49.7,-15.14,-30.813,0,1.06,9209.4,0:11:25,100.4,0,--.--,345,101.9,50,0000:00:00,63,0,80,0,40,0,0,3.48,0,0,0,1,193.85,11:40:36,9/22/2023,98.08,48.36,--.--
high,1,859,14.32,15.42,12.82,2257,197.6844,2.3,34.93458078,40:37.3,-1.8,-2.2,160,0,0,0,0.3,0,0,0,-51.4,-49.7,-15.14,-30.815,0,0.85,9209.4,0:11:26,101.2,0,--.--,345,102.7,50,0000:00:00,63,0,80,0,40,0,0,2.79,0,0,0,1,197.68,11:40:37,9/22/2023,98.1,48.36,--.--
high,1,860,14.33,15.4,13.08,2260,201.432,2.3,34.99053411,40:38.3,-2.9,-1.5,160,0,0,0,0.2,0,0,0,-51.4,-49.6,-15.13,-30.795,0,1,9209.4,0:11:27,102,0,--.--,345,103.4,50,0000:00:00,63,0,80,0,40,0,0,3.28,0,0,0,1,201.41,11:40:38,9/22/2023,98.11,48.36,--.--
high,1,861,14.35,15.39,12.92,2264,198.8388,2.3,35.04576711,40:39.3,-1.8,-2.6,160,0,0,0,0.2,0,0,0,-51.3,-49.6,-15.1,-30.736,0,0.73,9209.4,0:11:28,102.8,0,--.--,345,104.1,50,0000:00:00,63,0,80,0,40,0,0,2.4,0,0,0,1,198.88,11:40:39,9/22/2023,98.11,48.36,--.--
high,1,862,14.37,15.39,13.05,2267,200.8395,2.3,35.10155586,40:40.3,-0.6,-2.5,160,0,0,0,0.2,0,0,0,-51.2,-49.5,-15.08,-30.696,0,0.77,9209.4,0:11:29,103.3,0,--.--,344,104.5,50,0000:00:00,63,0,80,0,40,0,0,2.53,0,0,0,1,200.83,11:40:40,9/22/2023,98.11,48.36,--.--
high,1,863,14.38,15.41,12.4,2271,191.084,2.28,35.15463475,40:41.3,-1.5,-2,160,0,0,0,0.1,0,0,0,-51.2,-49.4,-15.07,-30.676,0,0.77,9209.4,0:11:30,103.7,0,--.--,344,104.9,50,0000:00:00,63,0,80,0,40,0,0,2.53,0,0,0,1,191.06,11:40:41,9/22/2023,98.13,48.36,--.--
high,1,864,14.4,15.4,15.16,2274,233.464,2.37,35.21948586,40:42.3,-3,-1,160,0,0,0,0.1,0,0,0,-51.1,-49.4,-15.05,-30.637,0,0.76,9209.4,0:11:31,104.1,0,--.--,344,105.2,49,0000:00:00,63,0,80,0,40,0,0,2.49,0,0,0,1,233.54,11:40:42,9/22/2023,98.13,48.36,--.--
high,1,865,14.42,15.29,16.7,2279,255.343,2.41,35.29041447,40:43.3,-0.2,-3.1,159,0,0,0,0.2,0,0,0,-51.2,-49.4,-15.06,-30.66,0,0.7,9216,0:11:32,104.5,0,--.--,344,105.6,49,0000:00:00,63,0,80,0,40,0,0,2.3,0,0,0,1,255.43,11:40:43,9/22/2023,98.15,48.36,--.--
high,1,866,14.43,15.28,17.05,2284,260.524,2.42,35.36278225,40:44.3,0,-2.8,159,0,0,0,0.2,0,0,0,-51.3,-49.5,-15.11,-30.753,0,0.79,9216,0:11:33,105,0,--.--,344,106.2,50,0000:00:00,63,0,80,0,40,0,0,2.59,0,0,0,1,260.51,11:40:44,9/22/2023,98.15,48.36,--.--
high,1,867,14.45,15.27,16.04,2288,244.9308,2.39,35.43081858,40:45.3,-1,-2.7,160,0,0,0,0.2,0,0,0,-51.5,-49.7,-15.17,-30.857,0,0.88,9216,0:11:34,105.7,0,--.--,345,106.9,50,0000:00:00,63,0,80,0,40,0,0,2.89,0,0,0,1,244.93,11:40:45,9/22/2023,98.15,48.38,--.--
high,1,868,14.47,15.34,14.38,2293,220.5892,2.34,35.49209336,40:46.3,-2.1,-1.7,160,0,0,0,0.2,0,0,0,-51.7,-49.9,-15.23,-30.992,0,0.89,9216,0:11:35,106.4,0,--.--,345,107.6,52,0000:00:00,63,0,80,0,40,0,0,2.92,0,0,0,1,220.57,11:40:46,9/22/2023,98.15,48.36,--.--
high,1,869,14.48,15.35,13.57,2296,208.2995,2.32,35.54995433,40:47.3,-2.7,-1.3,160,0,0,0,0.2,0,0,0,-51.8,-50.1,-15.28,-31.079,0,1.1,9216,0:11:36,107.2,0,--.--,344,108.4,52,0000:00:00,63,0,80,0,40,0,0,3.61,0,0,0,1,208.31,11:40:47,9/22/2023,98.15,48.38,--.--
high,1,870,14.5,15.34,13.71,2300,210.3114,2.32,35.60837417,40:48.3,-2.5,-0.4,160,0,0,0,0.2,0,0,0,-51.9,-50.1,-15.28,-31.097,0,1.07,9216,0:11:37,107.9,0,--.--,344,109.2,51,0000:00:00,63,0,80,0,40,0,0,3.51,0,0,0,1,210.34,11:40:48,9/22/2023,98.19,48.38,--.--
high,1,871,14.52,15.38,12.4,2304,190.712,2.28,35.66134972,40:49.3,-3.1,-0.5,160,0,0,0,0.2,0,0,0,-51.8,-50.1,-15.25,-31.038,0,1.06,9216,0:11:38,108.5,0,--.--,345,109.6,50,0000:00:00,63,0,80,0,40,0,0,3.48,0,0,0,1,190.66,11:40:49,9/22/2023,98.19,48.36,--.--
high,1,872,14.53,15.34,13.66,2308,209.5444,2.32,35.7195565,40:50.3,-1.7,-3,161,0,0,0,0.2,0,0,0,-51.7,-50,-15.22,-30.977,0,1.07,9216,0:11:39,109.1,0,--.--,345,110.3,50,0000:00:00,63,0,80,0,40,0,0,3.51,0,0,0,1,209.54,11:40:50,9/22/2023,98.2,48.36,--.--
high,1,873,14.55,15.34,14.13,2312,216.7542,2.34,35.779766,40:51.3,-4.5,-0.9,162,0,0,0,0.2,0,0,0.1,-51.5,-49.7,-15.17,-30.877,0,1.04,9216,0:11:40,110.1,0,--.--,344,111.1,52,0000:00:00,63,0,80,0,40,0,0,3.41,0,0,0,1,216.68,11:40:51,9/22/2023,98.2,48.38,--.--
high,1,874,14.57,15.35,13.33,2316,204.6155,2.31,35.83660364,40:52.3,-3.8,-1.6,162,0,0,0,0.2,0,0,0.1,-51.4,-49.6,-15.11,-30.77,0,0.99,9216,0:11:41,110.5,0,--.--,344,111.4,52,0000:00:00,63,0,80,0,40,0,0,3.25,0,0,0,1,204.63,11:40:52,9/22/2023,98.2,48.38,--.--
high,1,875,14.58,15.36,13.43,2319,206.2848,2.31,35.89390497,40:53.3,-1.5,-2,161,0,0,0,0.2,0,0,0.1,-51.2,-49.4,-15.06,-30.655,0,1.11,9222.7,0:11:42,111.2,0,--.--,344,112,50,0000:00:00,63,0,80,0,40,0,0,3.64,0,0,0,1,206.23,11:40:53,9/22/2023,98.22,48.38,--.--
high,1,876,14.6,15.36,13.4,2323,205.824,2.31,35.95107831,40:54.3,-2.1,-1.5,160,0,0,0,0.2,0,0,0,-51,-49.3,-15.02,-30.592,0,1.15,9222.7,0:11:43,112,0,--.--,344,112.7,50,0000:00:00,63,0,80,0,40,0,0,3.77,0,0,0,1,205.77,11:40:54,9/22/2023,98.22,48.38,--.--
high,1,877,14.62,15.32,14.75,2327,225.97,2.35,36.01384775,40:55.3,-1.3,-2.2,160,0,0,0,0.2,0,0,0,-51,-49.3,-15.02,-30.571,0,1.36,9222.7,0:11:44,112.4,0,--.--,344,113.1,50,0000:00:00,63,0,80,0,40,0,0,4.46,0,0,0,1,225.98,11:40:55,9/22/2023,98.22,48.36,--.--
high,1,878,14.63,15.34,14.18,2331,217.5212,2.34,36.07427031,40:56.3,-1.9,-2.4,160,0,0,0,0.2,0,0,0,-51,-49.2,-15,-30.533,0,1.32,9222.7,0:11:45,113.2,0,--.--,344,114,50,0000:00:00,63,0,80,0,40,0,0,4.33,0,0,0,1,217.46,11:40:56,9/22/2023,98.24,48.38,--.--
high,1,879,14.65,15.3,14.12,2335,216.036,2.33,36.13428031,40:57.3,-2.3,-2.6,160,0,0,0,0.2,0,0,0,-50.9,-49.1,-14.97,-30.491,0,1.46,9222.7,0:11:46,113.6,0,--.--,344,114.4,50,0000:00:00,63,0,80,0,40,0,0,4.79,0,0,0,1,216.11,11:40:57,9/22/2023,98.26,48.36,--.--
high,1,880,14.67,15.33,13.69,2339,209.8677,2.32,36.19257689,40:58.3,-4.5,0.1,160,0,0,0,0.2,0,0,0,-50.8,-49,-14.94,-30.416,0,1.45,9222.7,0:11:47,114.2,0,--.--,344,115,48,0000:00:00,63,0,80,0,40,0,0,4.76,0,0,0,1,209.92,11:40:58,9/22/2023,98.26,48.38,--.--
high,1,881,14.68,15.24,16.47,2343,251.0028,2.4,36.26229989,40:59.3,-6.3,-2.7,162,0,0,0,0.2,0,0,0,-50.7,-49,-14.92,-30.374,0,1.59,9222.7,0:11:48,114.8,0,--.--,344,115.5,43,0000:00:00,63,0,80,0,40,0,0,5.22,0,0,0,1,251.02,11:40:59,9/22/2023,98.26,48.38,--.--
high,1,882,14.7,15.31,13.03,2347,199.4893,2.3,36.31771358,41:00.3,-4.1,0.7,162,0,0,0,0.1,0,0,0,-50.7,-48.9,-14.91,-30.37,0,1.55,9222.7,0:11:49,115.2,0,--.--,344,115.8,49,0000:00:00,63,0,80,0,40,0,0,5.09,0,0,0,1,199.5,11:41:00,9/22/2023,98.28,48.36,--.--
high,1,883,14.72,15.34,13.3,2351,204.022,2.31,36.37438636,41:01.3,-1,-3.3,159,0,0,0,0.1,0,0,0,-50.7,-48.9,-14.91,-30.352,0,1.41,9222.7,0:11:50,115.4,0,--.--,344,116,48,0000:00:00,63,0,80,0,40,0,0,4.63,0,0,0,1,203.97,11:41:01,9/22/2023,98.29,48.38,--.--
high,1,884,14.73,15.56,5.51,2353,85.7356,1.93,36.39820181,41:02.3,-1.9,-4.2,153,0,0,0,0.2,0,0,0,-50.7,-49,-14.93,-30.379,0,1.55,9222.7,0:11:51,115.1,0,--.--,344,115.6,45,0000:00:00,63,0,80,0,40,0,0,5.09,0,0,0,1,85.71,11:41:02,9/22/2023,98.29,48.38,--.--
high,1,885,14.75,15.61,3.96,2353,61.8156,1.79,36.41537281,41:03.3,-3.9,-4.8,133,0,0,0,0.2,0,0,-0.1,-50.9,-49.1,-14.98,-30.479,0,1.53,9222.7,0:11:52,114.5,0,--.--,344,115,42,0000:00:00,63,0,80,0,40,0,0,5.02,0,0,0,1,61.82,11:41:03,9/22/2023,98.29,48.38,--.--
high,1,886,14.77,15.6,3.73,2355,58.188,1.76,36.43153614,41:04.4,-1.2,-2,106,0,0,0,0.2,0,0,0,-51.1,-49.4,-15.05,-30.618,0,1.53,9222.7,0:11:53,113.8,0,--.--,343,114.3,47,0000:00:00,63,0,80,0,40,0,0,5.02,0,0,0,1,58.19,11:41:04,9/22/2023,98.29,48.38,--.--
high,1,887,14.78,15.61,4.23,2356,66.0303,1.82,36.44987789,41:05.4,-1.2,-0.8,82,0,0,0,0.3,0,0,0,-51.2,-49.4,-15.06,-30.653,0,1.61,9222.7,0:11:54,113.1,0,--.--,343,113.5,47,0000:00:00,63,0,80,0,40,0,0,5.28,0,0,0,1,66.03,11:41:05,9/22/2023,98.31,48.38,--.--
high,1,888,14.8,15.6,4.55,2357,70.98,1.85,36.46959456,41:06.4,-0.6,-0.6,57,0,0,0,0.3,0,0,0,-51.1,-49.3,-15.03,-30.61,0,1.55,9222.7,0:11:55,112.2,0,--.--,343,112.7,47,0000:00:00,63,0,80,0,40,0,0,5.09,0,0,0,1,70.99,11:41:06,9/22/2023,98.31,48.42,--.--
high,1,889,14.82,15.6,4.88,2359,76.128,1.88,36.49074122,41:07.4,-0.1,-1.5,32,0,0,0,0.4,0,0,0,-50.9,-49.2,-14.99,-30.518,0,1.47,9222.7,0:11:56,111.2,0,--.--,343,111.7,47,0000:00:00,63,0,80,0,40,0,0,4.82,0,0,0,1,76.13,11:41:07,9/22/2023,98.31,48.38,--.--
high,1,890,14.83,15.6,5.02,2360,78.312,1.89,36.51249456,41:08.4,-0.4,-2.9,13,0,0,0,0.3,0,0,0,-50.8,-49,-14.95,-30.453,0,1.33,9222.7,0:11:57,110.2,0,--.--,343,110.8,50,0000:00:00,63,0,80,0,40,0,0,4.36,0,0,0,1,78.3,11:41:08,9/22/2023,98.31,48.38,--.--
high,1,891,14.85,15.58,5.77,2361,89.8966,1.95,36.53746583,41:09.4,1.5,-0.4,356,0,0,0,0.3,0,0,0,-50.8,-49,-14.93,-30.41,0,1.37,9222.7,0:11:58,109.4,0,--.--,343,110,49,0000:00:00,63,0,80,0,40,0,0,4.49,0,0,0,1,89.87,11:41:09,9/22/2023,98.31,48.42,--.--
high,1,892,14.87,15.62,3,2362,46.86,1.67,36.5504825,41:10.4,2.5,-4.8,348,0,0,0,0.2,0,0,0,-50.8,-49,-14.94,-30.418,0,1.39,9222.7,0:11:59,108.7,0,--.--,343,109.3,53,0000:00:00,63,0,80,0,40,0,0,4.56,0,0,0,1,46.84,11:41:10,9/22/2023,98.31,48.42,--.--
high,1,893,14.88,15.56,5.61,2364,87.2916,1.94,36.57473017,41:11.4,1.5,-1.7,337,0,0,0,0.2,0,0,0,-50.7,-49,-14.93,-30.41,0,1.42,9222.7,0:12:00,108.1,0,--.--,343,108.7,54,0000:00:00,63,0,80,0,40,0,0,4.66,0,0,0,1,87.28,11:41:11,9/22/2023,98.35,48.38,--.--
high,1,894,14.9,15.6,4.54,2365,70.824,1.85,36.5944035,41:12.4,2.3,-0.4,328,0,0,0,0.1,0,0,0,-50.7,-49,-14.92,-30.377,0,1.62,9222.7,0:12:01,107.6,0,--.--,343,108.3,55,0000:00:00,63,0,80,0,40,0,0,5.31,0,0,0,1,70.84,11:41:12,9/22/2023,98.35,48.38,--.--
high,1,895,14.92,15.66,2.85,2366,44.631,1.65,36.606801,41:13.4,4.8,-0.6,323,0,0,0,0.1,0,0,0,-50.6,-48.9,-14.89,-30.319,0,1.54,9222.7,0:12:02,107.2,0,--.--,343,107.8,49,0000:00:00,63,0,80,0,40,0,0,5.05,0,0,0,1,44.64,11:41:13,9/22/2023,98.35,48.42,--.--
high,1,896,14.93,15.64,3.13,2367,48.9532,1.69,36.62039911,41:14.4,4.3,0.1,329,0,0,0,0.2,0,0,0,-50.4,-48.7,-14.84,-30.218,0,1.55,9222.7,0:12:03,106.7,0,--.--,343,107.3,49,0000:00:00,63,0,80,0,40,0,0,5.09,0,0,0,1,48.96,11:41:14,9/22/2023,98.37,48.42,--.--
high,1,897,14.95,15.66,3.55,2368,55.593,1.75,36.63584161,41:15.4,3.2,-0.5,330,0,0,0,0.2,0,0,0.1,-50.2,-48.5,-14.77,-30.093,0,1.54,9222.7,0:12:04,106.1,0,--.--,343,106.7,48,0000:00:00,63,0,80,0,40,0,0,5.05,0,0,0,1,55.59,11:41:15,9/22/2023,98.37,48.42,--.--
high,1,898,14.97,15.66,3.35,2369,52.461,1.72,36.65041411,41:16.4,2.6,-0.1,329,0,0,0,0.2,0,0,0.1,-50,-48.3,-14.72,-29.978,0,1.42,9222.7,0:12:05,105.4,0,--.--,343,106.1,48,0000:00:00,63,0,80,0,40,0,0,4.66,0,0,0,1,52.47,11:41:16,9/22/2023,98.38,48.42,--.--
high,1,899,14.98,15.67,3.48,2370,54.5316,1.74,36.66556178,41:17.4,2.4,-0.6,329,0,0,0,0.2,0,0,0,-50,-48.2,-14.69,-29.919,0,1.57,9222.7,0:12:06,104.7,0,--.--,344,105.5,48,0000:00:00,63,0,80,0,40,0,0,5.15,0,0,0,1,54.52,11:41:17,9/22/2023,98.38,48.42,--.--
high,1,900,15,15.68,4.01,2371,62.8768,1.8,36.68302756,41:18.4,2.7,1,326,0,0,0,0.2,0,0,0,-49.8,-48.1,-14.66,-29.857,0,1.62,9229.4,0:12:07,103.9,0,--.--,344,104.8,50,0000:00:00,63,0,80,0,40,0,0,5.31,0,0,0,1,62.87,11:41:18,9/22/2023,98.38,48.42,--.--
high,1,901,15.02,15.67,3.14,2372,49.2038,1.69,36.69669528,41:19.4,1,-1.1,330,0,0,0,0.3,0,0,0,-49.8,-48,-14.63,-29.811,0,1.53,9229.4,0:12:08,103.1,0,--.--,344,104.1,46,0000:00:00,63,0,80,0,40,0,0,5.02,0,0,0,1,49.21,11:41:19,9/22/2023,98.4,48.42,--.--
high,1,902,15.03,15.65,4.14,2373,64.791,1.81,36.71469278,41:20.4,3.9,0.9,326,0,0,0,0.3,0,0,0,-49.6,-47.9,-14.59,-29.733,0,1.5,9229.4,0:12:09,102.2,0,--.--,344,103.2,47,0000:00:00,63,0,80,0,40,0,0,4.92,0,0,0,1,64.8,11:41:20,9/22/2023,98.4,48.42,--.--
high,1,903,15.05,15.65,4.09,2374,64.0085,1.81,36.73247292,41:21.4,3.6,1,313,0,0,0,0.3,0,0,0,-49.5,-47.8,-14.56,-29.657,0,1.61,9229.4,0:12:10,101.2,0,--.--,344,102.3,49,0000:00:00,63,0,80,0,40,0,0,5.28,0,0,0,1,64.02,11:41:21,9/22/2023,98.4,48.42,--.--
high,1,904,15.07,15.67,3.31,2375,51.8677,1.71,36.74688061,41:22.4,3.3,0.6,300,0,0,0,0.3,0,0,0,-49.4,-47.7,-14.53,-29.599,0,1.54,9229.4,0:12:11,100.2,0,--.--,344,101.5,50,0000:00:00,63,0,80,0,40,0,0,5.05,0,0,0,1,51.85,11:41:22,9/22/2023,98.4,48.42,--.--
high,1,905,15.08,15.69,2.88,2376,45.1872,1.66,36.75943261,41:23.4,4.7,0.8,303,0,0,0,0.3,0,0,0,-49.3,-47.6,-14.5,-29.55,0,1.55,9229.4,0:12:12,99.4,0,--.--,344,100.7,50,0000:00:00,63,0,80,0,40,0,0,5.09,0,0,0,1,45.18,11:41:23,9/22/2023,98.42,48.42,--.--
high,1,906,15.1,15.68,3.22,2377,50.4896,1.7,36.7734575,41:24.4,4.1,-0.2,306,0,0,0,0.2,0,0,0,-49.3,-47.5,-14.49,-29.512,0,1.58,9229.4,0:12:13,98.5,0,--.--,344,99.9,50,0000:00:00,63,0,80,0,40,0,0,5.18,0,0,0,1,50.5,11:41:24,9/22/2023,98.42,48.38,--.--
high,1,907,15.12,15.68,4.65,2377,72.912,1.86,36.79371083,41:25.4,4,1.3,303,0,0,0,0.3,0,0,0,-49.3,-47.5,-14.48,-29.498,0,1.62,9236.1,0:12:14,97.7,0,--.--,345,99.3,49,0000:00:00,63,0,80,0,40,0,0,5.31,0,0,0,1,72.91,11:41:25,9/22/2023,98.42,48.42,--.--
high,1,908,15.13,15.69,3.24,2379,50.8356,1.71,36.80783183,41:26.4,3.1,-0.8,303,0,0,0,0.2,0,0,0,-49.3,-47.6,-14.5,-29.536,0,1.47,9236.1,0:12:15,97,0,--.--,345,98.7,49,0000:00:00,63,0,80,0,40,0,0,4.82,0,0,0,1,50.83,11:41:26,9/22/2023,98.44,48.42,--.--
high,1,909,15.15,15.69,3.27,2379,51.3063,1.71,36.82208358,41:27.4,2,-2.3,306,0,0,0,0.2,0,0,0,-49.4,-47.7,-14.54,-29.599,0,1.55,9236.1,0:12:16,96.4,0,--.--,345,98.1,49,0000:00:00,63,0,80,0,40,0,0,5.09,0,0,0,1,51.29,11:41:27,9/22/2023,98.44,48.42,--.--
high,1,910,15.17,15.68,3.47,2380,54.4096,1.74,36.83719736,41:28.4,2.6,-0.5,306,0,0,0,0.2,0,0,0,-49.5,-47.8,-14.57,-29.659,0,1.51,9236.1,0:12:17,95.8,0,--.--,345,97.7,49,0000:00:00,63,0,80,0,40,0,0,4.95,0,0,0,1,54.42,11:41:28,9/22/2023,98.44,48.42,--.--
high,1,911,15.18,15.68,3.51,2381,55.0368,1.74,36.85248536,41:29.4,2.7,1.7,306,0,0,0,0.2,0,0,0,-49.6,-47.9,-14.59,-29.715,0,1.56,9236.1,0:12:18,95.2,0,--.--,345,97.2,45,0000:00:00,63,0,80,0,40,0,0,5.12,0,0,0,1,55.03,11:41:29,9/22/2023,98.44,48.42,--.--
high,1,912,15.2,15.67,4.03,2382,63.1501,1.8,36.87002706,41:30.4,1.4,1.5,306,0,0,0,0.2,0,0,-0.1,-49.8,-48,-14.64,-29.812,0,1.65,9236.1,0:12:19,94.7,0,--.--,346,96.8,40,0000:00:00,63,0,80,0,40,0,0,5.41,0,0,0,1,63.13,11:41:30,9/22/2023,98.44,48.42,--.--
high,1,913,15.22,15.63,5.72,2384,89.4036,1.95,36.89486139,41:31.4,2.2,0.6,306,0,0,0,0.1,0,0,-0.2,-50.2,-48.5,-14.77,-30.052,0,1.62,9236.1,0:12:20,94.2,0,--.--,346,96.4,39,0000:00:00,63,0,80,0,40,0,0,5.31,0,0,0,1,89.43,11:41:31,9/22/2023,98.44,48.43,--.--
high,1,914,15.23,15.64,6.37,2385,99.6268,2,36.9225355,41:32.4,4,-0.8,306,0,0,0,0.1,0,0,-0.1,-50.6,-48.9,-14.9,-30.316,0,1.48,9236.1,0:12:21,93.9,0,--.--,346,96.2,47,0000:00:00,63,0,80,0,40,0,0,4.86,0,0,0,1,99.6,11:41:32,9/22/2023,98.47,48.43,--.--
high,1,915,15.25,15.68,3.61,2386,56.6048,1.75,36.93825906,41:33.4,4.7,-1.7,306,0,0,0,0.1,0,0,0,-50.8,-49.1,-14.96,-30.44,0,1.34,9236.1,0:12:22,93.6,0,--.--,346,96,49,0000:00:00,60,0,80,0,40,0,0,4.4,0,0,0,1,56.6,11:41:33,9/22/2023,98.47,48.42,--.--
high,1,916,15.27,15.67,3.75,2387,58.7625,1.77,36.95458197,41:34.4,2.6,0.7,306,0,0,0,0.1,0,0,0,-50.9,-49.2,-14.99,-30.497,0,1.35,9236.1,0:12:23,93.3,0,--.--,346,95.7,42,0000:00:00,44,0,80,0,40,0,0,4.43,0,0,0,1,58.76,11:41:34,9/22/2023,98.47,48.43,--.--
high,1,917,15.28,15.67,3.91,2388,61.2697,1.79,36.97160133,41:35.4,2.5,0.7,306,0,0,0,0.2,0,0,-0.1,-51.1,-49.4,-15.05,-30.616,0,1.48,9236.1,0:12:24,92.8,0,--.--,347,95.4,42,0000:00:00,44,0,80,0,40,0,0,4.86,0,0,0,1,61.27,11:41:35,9/22/2023,98.47,48.43,--.--
high,1,918,15.3,15.63,5.08,2390,79.4004,1.9,36.993657,41:36.4,2.4,0.9,306,0,0,0,0.1,0,0,-0.2,-51.5,-49.8,-15.18,-30.858,0,1.37,9242.8,0:12:25,92.5,0,--.--,347,95.2,40,0000:00:00,44,0,80,0,40,0,0,4.49,0,0,0,1,79.38,11:41:36,9/22/2023,98.47,48.43,--.--
high,1,919,15.32,15.56,7.1,2392,110.476,2.04,37.02434478,41:37.4,2.5,-0.3,308,0,0,0,0.2,0,0,-0.1,-52.1,-50.3,-15.35,-31.197,0,1.11,9242.8,0:12:26,92.2,0,--.--,347,94.8,43,0000:00:00,38,0,80,0,40,0,0,3.64,0,0,0,1,110.48,11:41:37,9/22/2023,98.47,48.43,--.--
high,1,920,15.33,15.66,4.63,2393,72.5058,1.86,37.04448528,41:38.4,2.8,1.2,306,0,0,0,0.1,0,0,-0.1,-52.5,-50.8,-15.47,-31.457,0,0.99,9242.8,0:12:27,91.8,0,--.--,347,94.6,44,0000:00:00,36,0,80,0,40,0,0,3.25,0,0,0,1,72.5,11:41:38,9/22/2023,98.47,48.43,--.--
high,1,921,15.35,15.69,3.35,2394,52.5615,1.72,37.05908569,41:39.4,5.3,-0.4,305,0,0,0,0.2,0,0,-0.1,-52.8,-51,-15.56,-31.621,0,0.85,9242.8,0:12:28,91.4,0,--.--,347,94.4,49,0000:00:00,36,0,80,0,40,0,0,2.79,0,0,0,1,52.55,11:41:39,9/22/2023,98.47,48.43,--.--
high,1,922,15.37,15.68,3.28,2395,51.4304,1.71,37.07337192,41:40.4,5.5,2.5,303,0,0,0,0.2,0,0,0,-52.9,-51.1,-15.59,-31.711,0,0.91,9242.8,0:12:29,90.9,0,--.--,348,94.1,49,0000:00:00,36,0,80,0,40,0,0,2.99,0,0,0,1,51.43,11:41:40,9/22/2023,98.51,48.43,--.--
high,1,923,15.38,15.69,3.13,2396,49.1097,1.69,37.0870135,41:41.4,4,0.5,303,0,0,0,0.2,0,0,0,-53,-51.3,-15.63,-31.778,0,0.92,9242.8,0:12:30,90.4,0,--.--,348,93.7,49,0000:00:00,36,0,80,0,40,0,0,3.02,0,0,0,1,49.12,11:41:41,9/22/2023,98.51,48.43,--.--
high,1,924,15.4,15.69,3.19,2397,50.0511,1.7,37.10091658,41:42.4,5.3,-0.1,304,0,0,0,0.2,0,0,0,-53.2,-51.4,-15.68,-31.873,0,0.93,9242.8,0:12:31,89.9,0,--.--,348,93.3,49,0000:00:00,36,0,80,0,40,0,0,3.05,0,0,0,1,50.06,11:41:42,9/22/2023,98.51,48.45,--.--
high,1,925,15.42,15.68,3.63,2398,56.9184,1.76,37.11672725,41:43.4,3,-2.7,305,0,0,0,0.2,0,0,0,-53.3,-51.5,-15.71,-31.937,0,0.93,9242.8,0:12:32,89.5,0,--.--,348,93,49,0000:00:00,36,0,80,0,40,0,0,3.05,0,0,0,1,56.92,11:41:43,9/22/2023,98.51,48.43,--.--
high,1,926,15.43,15.68,3.93,2399,61.6224,1.79,37.13384458,41:44.4,2.7,-2.1,305,0,0,0,0.2,0,0,0,-53.3,-51.5,-15.71,-31.957,0,1.01,9242.8,0:12:33,89,0,--.--,349,92.4,49,0000:00:00,36,0,80,0,40,0,0,3.31,0,0,0,1,61.61,11:41:44,9/22/2023,98.53,48.43,--.--
high,1,927,15.45,15.68,3.65,2400,57.232,1.76,37.14974236,41:45.4,3.7,-0.4,305,0,0,0,0.2,0,0,0,-53.3,-51.5,-15.7,-31.937,0,1.05,9242.8,0:12:34,88.4,0,--.--,349,92.2,49,0000:00:00,36,0,80,0,40,0,0,3.44,0,0,0,1,57.25,11:41:45,9/22/2023,98.53,48.43,--.--
high,1,928,15.47,15.69,3.52,2401,55.2288,1.74,37.16508369,41:46.4,3,-0.2,304,0,0,0,0.2,0,0,0,-53.3,-51.5,-15.7,-31.932,0,1.09,9242.8,0:12:35,87.8,0,--.--,349,91.8,49,0000:00:00,36,0,80,0,40,0,0,3.58,0,0,0,1,55.22,11:41:46,9/22/2023,98.53,48.43,--.--
high,1,929,15.48,15.69,3.3,2402,51.777,1.71,37.17946619,41:47.4,4.1,1.5,304,0,0,0,0.2,0,0,0,-53.3,-51.5,-15.7,-31.933,0,1.09,9249.5,0:12:36,87.2,0,--.--,349,91.3,47,0000:00:00,36,0,80,0,40,0,0,3.58,0,0,0,1,51.78,11:41:47,9/22/2023,98.53,48.43,--.--
high,1,930,15.5,15.68,3.83,2403,60.0544,1.78,37.19614797,41:48.4,2.1,-2.1,305,0,0,0,0.2,0,0,0,-53.3,-51.6,-15.73,-31.979,0,1.04,9249.5,0:12:37,86.5,0,--.--,350,90.7,47,0000:00:00,36,0,80,0,40,0,0,3.41,0,0,0,1,60.04,11:41:48,9/22/2023,98.53,48.42,--.--
high,1,931,15.52,15.68,3.58,2404,56.1344,1.75,37.21174086,41:49.4,3.5,-0.3,305,0,0,0,0.2,0,0,0,-53.5,-51.7,-15.78,-32.073,0,0.96,9249.5,0:12:38,85.9,0,--.--,350,90.3,47,0000:00:00,36,0,80,0,40,0,0,3.15,0,0,0,1,56.15,11:41:49,9/22/2023,98.53,48.42,--.--
high,1,932,15.53,15.67,3.98,2405,62.3666,1.79,37.22906492,41:50.4,3,-1.1,305,0,0,0,0.2,0,0,-0.1,-53.8,-52,-15.85,-32.219,0,0.85,9249.5,0:12:39,85.4,0,--.--,350,89.9,48,0000:00:00,36,0,80,0,40,0,0,2.79,0,0,0,1,62.38,11:41:50,9/22/2023,98.55,48.43,--.--
high,1,933,15.55,15.68,3.84,2406,60.2112,1.78,37.24579025,41:51.4,3.1,-2.2,306,0,0,0,0.2,0,0,-0.1,-54.1,-52.3,-15.96,-32.418,0,0.91,9249.5,0:12:40,84.9,0,--.--,350,89.6,48,0000:00:00,36,0,80,0,40,0,0,2.99,0,0,0,1,60.2,11:41:51,9/22/2023,98.56,48.43,--.--
high,1,934,15.57,15.66,4.23,2407,66.2418,1.82,37.26419075,41:52.4,3,-1.6,306,0,0,0,0.2,0,0,-0.1,-54.4,-52.6,-16.04,-32.598,0,0.73,9249.5,0:12:41,84.5,0,--.--,351,89.3,49,0000:00:00,36,0,80,0,40,0,0,2.4,0,0,0,1,66.24,11:41:52,9/22/2023,98.55,48.43,--.--
high,1,935,15.58,15.69,3.8,2408,59.622,1.78,37.28075242,41:53.4,3.9,1.8,304,0,0,0,0.2,0,0,0,-54.5,-52.8,-16.08,-32.68,0,0.57,9249.5,0:12:42,84,0,--.--,351,88.4,50,0000:00:00,36,0,80,0,40,0,0,1.87,0,0,0,1,59.61,11:41:53,9/22/2023,98.56,48.43,--.--
high,1,936,15.6,15.67,4.04,2409,63.3068,1.8,37.29833764,41:54.4,2.4,3.8,305,0,0,0,0.2,0,0,0,-54.5,-52.7,-16.06,-32.675,0,0.54,9249.5,0:12:43,83.4,0,--.--,351,88.6,56,0000:00:00,36,0,80,0,40,0,0,1.77,0,0,0,1,63.32,11:41:54,9/22/2023,98.56,48.43,--.--
high,1,937,15.62,15.68,3.63,2411,56.9184,1.76,37.31414831,41:55.4,2.5,3.7,304,0,0,0,0.2,0,0,0,-54.4,-52.6,-16.04,-32.618,0,0.52,9249.5,0:12:44,82.9,0,--.--,352,88.2,56,0000:00:00,36,0,80,0,40,0,0,1.71,0,0,0,1,56.92,11:41:55,9/22/2023,98.56,48.43,--.--
high,1,938,15.63,15.68,3.98,2412,62.4064,1.8,37.33148342,41:56.4,2.7,2,305,0,0,0,0.2,0,0,0.1,-54.3,-52.5,-16.01,-32.572,0,0.67,9249.5,0:12:45,82.5,0,--.--,352,87.9,57,0000:00:00,36,0,80,0,40,0,0,2.2,0,0,0,1,62.41,11:41:56,9/22/2023,98.56,48.43,--.--
high,1,939,15.65,15.65,4.55,2413,71.2075,1.85,37.35126328,41:57.4,2.6,0.7,305,0,0,0,0.2,0,0,0.1,-54.2,-52.4,-15.97,-32.493,0,0.78,9249.5,0:12:46,82,0,--.--,352,87.5,58,0000:00:00,36,0,80,0,40,0,0,2.56,0,0,0,1,71.23,11:41:57,9/22/2023,98.58,48.43,--.--
high,1,940,15.67,15.64,6.13,2414,95.8732,1.98,37.37789472,41:58.4,2.4,0.8,302,0,0,0,0.2,0,0,0.1,-53.9,-52.2,-15.88,-32.35,0,0.85,9256.1,0:12:47,81.6,0,--.--,352,87.2,60,0000:00:00,36,0,80,0,40,0,0,2.79,0,0,0,1,95.85,11:41:58,9/22/2023,98.58,48.43,--.--
high,1,941,15.68,15.62,6.88,2416,107.4656,2.03,37.40774628,41:59.4,2.9,0.3,298,0,0,0,0.2,0,0,0.1,-53.5,-51.7,-15.76,-32.091,0,1.02,9256.1,0:12:48,81.3,0,--.--,352,87,59,0000:00:00,36,0,80,0,40,0,0,3.35,0,0,0,1,107.44,11:41:59,9/22/2023,98.58,48.43,--.--
high,1,942,15.7,15.63,5.84,2418,91.2792,1.96,37.43310161,42:00.4,2.9,-0.1,294,0,0,0,0.2,0,0,0.1,-53,-51.2,-15.62,-31.798,0,1.22,9256.1,0:12:49,80.8,0,--.--,353,86.7,58,0000:00:00,36,0,80,0,40,0,0,4,0,0,0,1,91.27,11:42:00,9/22/2023,98.58,48.42,--.--
high,1,943,15.72,15.65,4.63,2419,72.4595,1.86,37.45322925,42:01.4,3.4,1.5,289,0,0,0,0.2,0,0,0.1,-52.6,-50.8,-15.48,-31.529,0,1.25,9256.1,0:12:50,80.4,0,--.--,353,86.4,56,0000:00:00,36,0,80,0,40,0,0,4.1,0,0,0,1,72.48,11:42:01,9/22/2023,98.6,48.42,--.--
high,1,944,15.73,15.68,4.01,2420,62.8768,1.8,37.47069503,42:02.4,4.4,-1.1,288,0,0,0,0.2,0,0,0.1,-52.2,-50.5,-15.38,-31.311,0,1.18,9256.1,0:12:51,79.8,0,--.--,353,85.9,50,0000:00:00,36,0,80,0,40,0,0,3.87,0,0,0,1,62.88,11:42:02,9/22/2023,98.6,48.42,--.--
high,1,945,15.75,15.68,3.49,2421,54.7232,1.74,37.48589592,42:03.4,4.1,-0.1,288,0,0,0,0.3,0,0,0,-52.1,-50.3,-15.33,-31.21,0,1.15,9256.1,0:12:52,79.1,0,--.--,354,85.5,50,0000:00:00,36,0,80,0,40,0,0,3.77,0,0,0,1,54.73,11:42:03,9/22/2023,98.6,48.42,--.--
high,1,946,15.77,15.69,3.42,2422,53.6598,1.73,37.50080142,42:04.4,4.7,1.4,287,0,0,0,0.3,0,0,0,-52,-50.3,-15.33,-31.191,0,1.27,9256.1,0:12:53,78.5,0,--.--,354,85,48,0000:00:00,36,0,80,0,40,0,0,4.17,0,0,0,1,53.66,11:42:04,9/22/2023,98.6,48.43,--.--
high,1,947,15.78,15.67,4.05,2423,63.4635,1.8,37.51843017,42:05.4,4.3,3,286,0,0,0,0.3,0,0,0,-52.1,-50.4,-15.35,-31.235,0,1.31,9256.1,0:12:54,77.9,0,--.--,355,84.7,46,0000:00:00,36,0,80,0,40,0,0,4.3,0,0,0,1,63.47,11:42:05,9/22/2023,98.6,48.42,--.--
high,1,948,15.8,15.63,4.86,2425,75.9618,1.88,37.53953067,42:06.4,4.4,1,286,0,0,0,0.4,0,0,0,-52.2,-50.5,-15.38,-31.295,0,1.11,9256.1,0:12:55,77.4,0,--.--,355,84.5,47,0000:00:00,36,0,80,0,40,0,0,3.64,0,0,0,1,75.97,11:42:06,9/22/2023,98.6,48.42,--.--
high,1,949,15.82,15.57,3.33,2426,51.8481,1.71,37.55393292,42:07.4,4.9,2.2,288,0,0,0,0.3,0,0,0,-52.3,-50.6,-15.41,-31.352,0,1.38,9262.7,0:12:56,77,0,--.--,356,84.4,44,0000:00:00,36,0,80,0,40,0,0,4.53,0,0,0,1,51.83,11:42:07,9/22/2023,98.6,48.42,--.--
high,1,950,15.83,15.69,3.4,2427,53.346,1.73,37.56875125,42:08.4,5,0.9,299,0,0,0,0.3,0,0,0,-52.5,-50.7,-15.45,-31.435,0,1.29,9262.7,0:12:57,76.4,0,--.--,357,84.1,45,0000:00:00,36,0,80,0,40,0,0,4.23,0,0,0,1,53.34,11:42:08,9/22/2023,98.6,48.43,--.--
high,1,951,15.85,15.69,3.25,2428,50.9925,1.71,37.58291583,42:09.4,4.9,0.6,314,0,0,0,0.2,0,0,0,-52.6,-50.8,-15.5,-31.518,0,1.2,9262.7,0:12:58,75.7,0,--.--,357,83.6,46,0000:00:00,36,0,80,0,40,0,0,3.94,0,0,0,1,51.01,11:42:09,9/22/2023,98.64,48.42,--.--
high,1,952,15.87,15.69,3.26,2429,51.1494,1.71,37.597124,42:10.4,4.3,1.6,320,0,0,0,0.3,0,0,-0.1,-52.7,-51,-15.54,-31.597,0,1.26,9262.7,0:12:59,75.1,0,--.--,357,83.2,43,0000:00:00,36,0,80,0,40,0,0,4.13,0,0,0,1,51.16,11:42:10,9/22/2023,98.64,48.43,--.--
high,1,953,15.88,15.69,4.38,2430,68.7222,1.84,37.6162135,42:11.4,3.9,2.9,323,0,0,0,0.3,0,0,-0.1,-53,-51.2,-15.62,-31.756,0,1.22,9262.7,0:13:00,74.5,0,--.--,358,82.7,41,0000:00:00,36,0,80,0,40,0,0,4,0,0,0,1,68.71,11:42:11,9/22/2023,98.64,48.42,--.--
high,1,954,15.9,15.67,4.24,2432,66.4408,1.82,37.63466928,42:12.4,4.2,2.5,323,0,0,0,0.2,0,0,-0.1,-53.4,-51.7,-15.76,-32.019,0,1.07,9262.7,0:13:01,73.8,0,--.--,358,82.3,42,0000:00:00,36,0,80,0,40,0,0,3.51,0,0,0,1,66.44,11:42:12,9/22/2023,98.65,48.42,--.--
high,1,955,15.92,15.64,5.19,2433,81.1716,1.91,37.65721694,42:13.4,4.5,2.9,323,0,0,0,0.3,0,0,-0.1,-53.9,-52.1,-15.89,-32.294,0,0.96,9262.7,0:13:02,73.1,0,--.--,358,81.7,46,0000:00:00,36,0,80,0,40,0,0,3.15,0,0,0,1,81.18,11:42:13,9/22/2023,98.65,48.42,--.--
high,1,956,15.93,15.64,5.15,2434,80.546,1.91,37.67959083,42:14.4,5.1,1.8,325,0,0,0,0.3,0,0,0,-54.1,-52.4,-15.97,-32.458,0,0.82,9262.7,0:13:03,72.1,0,--.--,359,80.9,49,0000:00:00,36,0,80,0,40,0,0,2.69,0,0,0,1,80.56,11:42:14,9/22/2023,98.64,48.42,--.--
high,1,957,15.95,15.63,4.81,2436,75.1803,1.88,37.70047425,42:15.4,4.2,-0.4,321,0,0,0,0.3,0,0,0,-54.2,-52.5,-15.99,-32.518,0,0.85,9269.6,0:13:04,71,0,--.--,359,79.9,51,0000:00:00,36,0,80,0,40,0,0,2.79,0,0,0,1,75.2,11:42:15,9/22/2023,98.65,48.42,--.--
high,1,958,15.97,15.58,3.47,2437,54.0626,1.73,37.71549164,42:16.4,3,0.4,307,0,0,0,0.3,0,0,0,-54.2,-52.4,-15.98,-32.497,0,0.77,9269.6,0:13:05,70.1,0,--.--,359,79.3,53,0000:00:00,36,0,80,0,40,0,0,2.53,0,0,0,1,54.07,11:42:16,9/22/2023,98.65,48.43,--.--
high,1,959,15.98,15.6,5.26,2438,82.056,1.91,37.73828497,42:17.4,0.2,2.9,292,0,0,0,0.4,0,0,0.1,-54,-52.2,-15.92,-32.378,0,0.69,9269.6,0:13:06,69.4,0,--.--,360,78.9,54,0000:00:00,36,0,80,0,40,0,0,2.26,0,0,0,1,82.05,11:42:17,9/22/2023,98.65,48.42,--.--
high,1,960,16,15.62,5.68,2442,88.7216,1.95,37.76292986,42:18.4,2.4,0.8,283,0,0,0,0.3,0,0,0.1,-53.8,-52,-15.85,-32.236,0,0.77,9269.6,0:13:07,68.9,0,--.--,1,78.8,50,0000:00:00,36,0,80,0,40,0,0,2.53,0,0,0,1,88.72,11:42:18,9/22/2023,98.67,48.42,--.--
high,1,961,16.02,15.65,6.48,2443,101.412,2.01,37.79109986,42:19.4,2.2,0.8,282,0,0,0,0.4,0,0,0,-53.7,-51.9,-15.82,-32.177,0,0.78,9269.6,0:13:08,68.3,0,--.--,2,78.5,53,0000:00:00,36,0,80,0,40,0,0,2.56,0,0,0,1,101.42,11:42:19,9/22/2023,98.67,48.42,--.--
high,1,962,16.03,15.67,4.3,2445,67.381,1.83,37.80981681,42:20.4,1.6,3.3,280,0,0,0,0.3,0,0,0,-53.6,-51.8,-15.8,-32.138,0,0.8,9269.6,0:13:09,67.8,0,--.--,2,78.3,49,0000:00:00,36,0,80,0,40,0,0,2.62,0,0,0,1,67.36,11:42:20,9/22/2023,98.69,48.42,--.--
high,1,963,16.05,15.68,3.42,2445,53.6256,1.73,37.82471281,42:21.4,2.1,2.7,282,0,0,0,0.2,0,0,0,-53.8,-52,-15.85,-32.233,0,0.76,9276.2,0:13:10,67.4,0,--.--,3,78.1,49,0000:00:00,36,0,80,0,40,0,0,2.49,0,0,0,1,53.62,11:42:21,9/22/2023,98.69,48.42,--.--
high,1,964,16.07,15.68,3.79,2446,59.4272,1.77,37.84122036,42:22.4,2.5,2.7,284,0,0,0,0.2,0,0,0,-53.9,-52.2,-15.92,-32.351,0,0.7,9276.2,0:13:11,67,0,--.--,3,77.9,49,0000:00:00,36,0,80,0,40,0,0,2.3,0,0,0,1,59.42,11:42:22,9/22/2023,98.69,48.42,--.--
high,1,965,16.08,15.67,3.95,2448,61.8965,1.79,37.85841383,42:23.4,2,3.6,284,0,0,0,0.2,0,0,0,-54.1,-52.4,-15.97,-32.472,0,0.71,9276.2,0:13:12,66.7,0,--.--,4,77.8,51,0000:00:00,36,0,80,0,40,0,0,2.33,0,0,0,1,61.9,11:42:23,9/22/2023,98.71,48.43,--.--
high,1,966,16.1,15.64,4.64,2449,72.5696,1.86,37.87857206,42:24.4,2.1,2.3,283,0,0,0,0.3,0,0,0,-54.2,-52.4,-15.98,-32.498,0,0.6,9276.2,0:13:13,66.4,0,--.--,4,77.7,51,0000:00:00,36,0,80,0,40,0,0,1.97,0,0,0,1,72.56,11:42:24,9/22/2023,98.71,48.42,--.--
high,1,967,16.12,15.58,7.48,2451,116.5384,2.07,37.91094383,42:25.4,3,6.4,274,0,0,0,0.3,0,0,0,-54.1,-52.3,-15.94,-32.429,0,0.52,9276.2,0:13:14,65.9,0,--.--,5,77.5,49,0000:00:00,36,0,80,0,40,0,0,1.71,0,0,0,1,116.57,11:42:25,9/22/2023,98.71,48.42,--.--
high,1,968,16.13,15.67,4.11,2452,64.4037,1.81,37.92883375,42:26.4,2.8,4.6,278,0,0,0,0.3,0,0,0,-54,-52.2,-15.91,-32.357,0,0.55,9276.2,0:13:15,65.3,0,--.--,5,77.1,49,0000:00:00,36,0,80,0,40,0,0,1.8,0,0,0,1,64.42,11:42:26,9/22/2023,98.73,48.42,--.--
high,1,969,16.15,15.67,3.83,2453,60.0161,1.78,37.94550489,42:27.4,2.9,6.1,278,0,0,0,0.3,0,0,0,-53.9,-52.1,-15.88,-32.31,0,0.75,9276.2,0:13:16,64.7,0,--.--,6,76.8,49,0000:00:00,36,0,80,0,40,0,0,2.46,0,0,0,1,60.01,11:42:27,9/22/2023,98.73,48.42,--.--
high,1,970,16.17,15.67,3.7,2454,57.979,1.76,37.96161017,42:28.4,3.6,5.6,280,0,0,0,0.2,0,0,0,-53.9,-52.1,-15.89,-32.316,0,0.9,9276.2,0:13:17,64.2,0,--.--,7,76.5,48,0000:00:00,36,0,80,0,40,0,0,2.95,0,0,0,1,57.99,11:42:28,9/22/2023,98.73,48.42,--.--
high,1,971,16.18,15.68,3.31,2455,51.9008,1.72,37.97602706,42:29.4,4.7,4.4,297,0,0,0,0.2,0,0,0,-54,-52.3,-15.93,-32.392,0,0.84,9276.2,0:13:18,63.5,0,--.--,7,76,50,0000:00:00,36,0,80,0,40,0,0,2.76,0,0,0,1,51.91,11:42:29,9/22/2023,98.74,48.42,--.--
high,1,972,16.2,15.69,3.39,2456,53.1891,1.73,37.99080181,42:30.4,5.7,2,324,0,0,0,0.2,0,0,0,-54.1,-52.4,-15.96,-32.456,0,0.79,9282.8,0:13:19,62.8,0,--.--,7,75.4,50,0000:00:00,36,0,80,0,40,0,0,2.59,0,0,0,1,53.18,11:42:30,9/22/2023,98.74,48.43,--.--
high,1,973,16.22,15.51,3.26,2457,50.5626,1.7,38.00484697,42:31.4,3.7,2.2,333,0,0,0,0.2,0,0,0,-54.3,-52.5,-16.01,-32.552,0,0.8,9282.8,0:13:20,62.4,0,--.--,7,73.3,47,0000:00:00,36,0,80,0,40,0,0,2.62,0,0,0,1,50.58,11:42:31,9/22/2023,98.74,48.42,--.--
high,1,974,16.23,15.47,11.8,2459,182.546,2.26,38.05555419,42:32.4,4.5,2.5,315,0,0,0,0.2,0,0,-0.1,-54.5,-52.8,-16.08,-32.693,0,0.8,9282.8,0:13:21,62.2,0,--.--,7,73.2,46,0000:00:00,36,0,80,0,40,0,0,2.62,0,0,0,1,182.61,11:42:32,9/22/2023,98.74,48.42,--.--
high,1,975,16.25,15.58,7.08,2461,110.3064,2.04,38.08619486,42:33.4,4.6,3.1,299,0,0,0,0.2,0,0,-0.1,-54.7,-53,-16.15,-32.821,0,0.73,9282.8,0:13:22,62,0,--.--,8,73.2,49,0000:00:00,36,0,80,0,40,0,0,2.4,0,0,0,1,110.28,11:42:33,9/22/2023,98.74,48.42,--.--
high,1,976,16.27,15.66,4.92,2463,77.0472,1.89,38.10759686,42:34.4,4.9,4.7,298,0,0,0,0.2,0,0,0,-54.8,-53.1,-16.18,-32.895,0,0.65,9282.8,0:13:23,61.6,0,--.--,9,73,49,0000:00:00,36,0,80,0,40,0,0,2.13,0,0,0,1,77.03,11:42:34,9/22/2023,98.74,48.42,--.--
high,1,977,16.28,15.62,4.02,2464,62.7924,1.8,38.12503919,42:35.4,6.1,5,300,0,0,0,0.2,0,0,0,-54.9,-53.1,-16.2,-32.932,0,0.45,9282.8,0:13:24,61,0,--.--,9,74.4,49,0000:00:00,36,0,80,0,40,0,0,1.48,0,0,0,1,62.81,11:42:35,9/22/2023,98.74,48.42,--.--
high,1,978,16.3,15.6,5.66,2465,88.296,1.95,38.14956586,42:36.4,6.1,5.3,298,0,0,0,0.3,0,0,0,-55,-53.2,-16.23,-32.995,0,0.37,9282.8,0:13:25,60.2,0,--.--,9,73.8,51,0000:00:00,36,0,80,0,40,0,0,1.21,0,0,0,1,88.3,11:42:36,9/22/2023,98.76,48.43,--.--
high,1,979,16.32,15.53,10.38,2467,161.2014,2.21,38.19434403,42:37.4,6.2,9.7,299,0,0,0,0.2,0,0,0.1,-55.1,-53.4,-16.27,-33.074,0,0.5,9282.8,0:13:26,59.4,0,--.--,10,73.2,61,0000:00:00,36,0,80,0,40,0,0,1.64,0,0,0,1,161.23,11:42:37,9/22/2023,98.76,48.42,--.--
high,1,980,16.33,15.49,9.87,2470,152.8863,2.18,38.23681244,42:38.4,5.8,6.7,298,0,0,0,0.2,0,0,0,-55.1,-53.3,-16.26,-33.057,0,0.7,9282.8,0:13:27,58.6,0,--.--,10,72.5,58,0000:00:00,41,0,80,0,40,0,0,2.3,0,0,0,1,152.88,11:42:38,9/22/2023,98.76,48.42,--.--
high,1,981,16.35,15.41,10.62,2473,163.6542,2.21,38.28227194,42:39.4,6.1,4.3,300,0,0,0,0.2,0,0,0.1,-55.1,-53.3,-16.25,-33.036,0,0.69,9282.8,0:13:28,57.9,0,--.--,10,71.8,61,0000:00:00,54,0,80,0,40,0,0,2.26,0,0,0,1,163.71,11:42:39,9/22/2023,98.76,48.42,--.--
high,1,982,16.37,15.35,16.26,2477,249.591,2.4,38.35160278,42:40.4,6.4,6.6,296,0,0,0,0.2,0,0,0.1,-54.8,-53,-16.15,-32.854,0,0.82,9282.8,0:13:29,57.1,0,--.--,10,71,66,0000:00:00,64,0,80,0,40,0,0,2.69,0,0,0,1,249.53,11:42:40,9/22/2023,98.76,48.42,--.--
high,1,983,16.38,15.2,20.26,2482,307.952,2.49,38.437145,42:41.4,5.2,5.8,289,0,0,0,0.2,0,0,0.3,-54,-52.3,-15.91,-32.414,0,1.04,9289.5,0:13:30,56.5,0,--.--,10,68.5,68,0000:00:00,64,0,80,0,40,0,0,3.41,0,0,0,1,307.99,11:42:41,9/22/2023,98.76,48.42,--.--
high,1,984,16.4,15.32,13.63,2487,208.8116,2.32,38.49514822,42:42.4,8.6,0,290,0,0,0,0.3,0,0,0.1,-53.2,-51.5,-15.68,-31.931,0,1.24,9289.5,0:13:31,55.7,0,--.--,10,68,60,0000:00:00,64,0,80,0,40,0,0,4.07,0,0,0,1,208.76,11:42:42,9/22/2023,98.8,48.38,--.--
high,1,985,16.42,15.3,15.36,2491,235.008,2.37,38.56042822,42:43.4,8.1,3.6,287,0,0,0,0.4,0,0,0.2,-52.6,-50.8,-15.48,-31.532,0,1.1,9289.5,0:13:32,54.8,0,--.--,11,67.2,60,0000:00:00,53,0,80,0,40,0,0,3.61,0,0,0,1,235.08,11:42:43,9/22/2023,98.76,48.38,--.--
high,1,986,16.43,15.44,10.05,2496,155.172,2.19,38.60353156,42:44.4,5.8,6,275,0,0,0,0.3,0,0,0.2,-52,-50.3,-15.31,-31.191,0,1.11,9289.5,0:13:33,53.6,0,--.--,12,68.5,60,0000:00:00,46,0,80,0,40,0,0,3.64,0,0,0,1,155.15,11:42:44,9/22/2023,98.8,48.38,--.--
high,1,987,16.45,15.48,7.14,2498,110.5272,2.04,38.63423356,42:45.4,2.5,6.8,254,0,0,0,0.2,0,0,0.2,-51.5,-49.8,-15.16,-30.877,0,1.21,9289.5,0:13:34,53.1,0,--.--,13,68.3,58,0000:00:00,46,0,80,0,40,0,0,3.97,0,0,0,1,110.5,11:42:45,9/22/2023,98.8,48.38,--.--
high,1,988,16.47,15.57,13.7,2500,213.309,2.33,38.69348606,42:46.4,6.5,0.3,273,0,0,0,0.3,0,0,0.1,-51.3,-49.6,-15.11,-30.756,0,1.14,9289.5,0:13:35,52.4,0,--.--,13,67.8,58,0000:00:00,46,0,80,0,40,0,0,3.74,0,0,0,1,213.31,11:42:46,9/22/2023,98.82,48.38,--.--
high,1,989,16.48,15.55,5.27,2503,81.9485,1.91,38.71624953,42:47.4,6.1,3.6,288,0,0,0,0.3,0,0,0.1,-51.1,-49.3,-15.03,-30.614,0,1.05,9296.4,0:13:36,51.1,0,--.--,14,66.8,64,0000:00:00,46,0,80,0,40,0,0,3.44,0,0,0,1,81.94,11:42:47,9/22/2023,98.82,48.36,--.--
high,1,990,16.5,15.42,10.24,2506,157.9008,2.2,38.76011086,42:48.4,5,3.2,301,0,0,0,0.2,0,0,0.2,-50.6,-48.8,-14.86,-30.291,0,1.12,9296.4,0:13:37,50.3,0,--.--,14,66.1,64,0000:00:00,46,0,80,0,40,0,0,3.67,0,0,0,1,157.86,11:42:48,9/22/2023,98.82,48.38,--.--
high,1,991,16.52,15.47,6.93,2508,107.2071,2.03,38.78989061,42:49.4,4.2,1.4,309,0,0,0,0.3,0,0,0.1,-49.8,-48.1,-14.64,-29.837,0,1.35,9296.4,0:13:38,49.6,0,--.--,15,65.6,50,0000:00:00,46,0,80,0,40,0,0,4.43,0,0,0,1,107.21,11:42:49,9/22/2023,98.82,48.38,--.--
high,1,992,16.53,15.45,9.75,2511,150.6375,2.18,38.83173436,42:50.4,4,-2.1,306,0,0,0,0.4,0,0,0,-49.5,-47.7,-14.54,-29.618,0,1.26,9296.4,0:13:39,48.8,0,--.--,15,65.2,49,0000:00:00,46,0,80,0,40,0,0,4.13,0,0,0,1,150.62,11:42:50,9/22/2023,98.82,48.36,--.--
high,1,993,16.55,15.61,3.66,2513,57.1326,1.76,38.84760453,42:51.4,2,1.6,312,0,0,0,0.3,0,0,0,-49.3,-47.6,-14.49,-29.531,0,1.17,9296.4,0:13:40,47.9,0,--.--,17,62.3,50,0000:00:00,46,0,80,0,40,0,0,3.84,0,0,0,1,57.13,11:42:51,9/22/2023,98.82,48.36,--.--
high,1,994,16.57,15.5,7.36,2514,114.08,2.06,38.87929342,42:52.4,-0.3,3.7,300,0,0,0,0.3,0,0,0,-49.2,-47.5,-14.47,-29.478,0,1.17,9296.4,0:13:41,47.3,0,--.--,18,62,48,0000:00:00,46,0,80,0,40,0,0,3.84,0,0,0,1,114.11,11:42:52,9/22/2023,98.82,48.36,--.--
high,1,995,16.58,15.58,5.28,2516,82.2624,1.92,38.90214408,42:53.4,4.6,1.2,289,0,0,0,0.3,0,0,0,-49.3,-47.5,-14.48,-29.499,0,1.15,9296.4,0:13:42,47.2,0,--.--,19,62.2,49,0000:00:00,46,0,80,0,40,0,0,3.77,0,0,0,1,82.25,11:42:53,9/22/2023,98.82,48.36,--.--
high,1,996,16.6,15.61,3.72,2517,58.0692,1.76,38.91827442,42:54.4,5.4,0.6,292,0,0,0,0.3,0,0,0,-49.2,-47.5,-14.47,-29.477,0,1.3,9303,0:13:43,47.1,0,--.--,20,62.3,49,0000:00:00,46,0,80,0,40,0,0,4.27,0,0,0,1,58.08,11:42:54,9/22/2023,98.83,48.36,--.--
high,1,997,16.62,15.58,4.73,2518,73.6934,1.87,38.93874481,42:55.4,4.3,4.2,288,0,0,0,0.4,0,0,0,-49.1,-47.4,-14.44,-29.413,0,1.43,9303,0:13:44,46.7,0,--.--,21,64.8,49,0000:00:00,46,0,80,0,40,0,0,4.69,0,0,0,1,73.71,11:42:55,9/22/2023,98.83,48.36,--.--
high,1,998,16.63,15.62,3.82,2519,59.6684,1.78,38.95531936,42:56.4,4.6,1.6,288,0,0,0,0.3,0,0,0,-49.1,-47.4,-14.44,-29.4,0,1.43,9303,0:13:45,46.3,0,--.--,22,64.9,48,0000:00:00,46,0,80,0,40,0,0,4.69,0,0,0,1,59.68,11:42:56,9/22/2023,98.83,48.36,--.--
high,1,999,16.65,15.6,4.19,2521,65.364,1.82,38.97347603,42:57.4,5.2,3.4,288,0,0,0,0.3,0,0,0,-49.2,-47.4,-14.46,-29.44,0,1.61,9303,0:13:46,45.9,0,--.--,23,64.8,49,0000:00:00,46,0,80,0,40,0,0,5.28,0,0,0,1,65.38,11:42:57,9/22/2023,98.83,48.36,--.--
high,1,1000,16.67,15.6,4.8,2522,74.88,1.87,38.99427603,42:58.4,4.9,3.2,288,0,0,0,0.4,0,0,0,-49.2,-47.5,-14.47,-29.473,0,1.6,9303,0:13:47,45.4,0,--.--,25,64.7,48,0000:00:00,46,0,80,0,40,0,0,5.25,0,0,0,1,74.86,11:42:58,9/22/2023,98.85,48.36,--.--
high,1,1001,16.68,15.55,6.39,2523,99.3645,2,39.02187728,42:59.4,4.2,0.7,288,0,0,0,0.4,0,0,0,-49.3,-47.5,-14.49,-29.513,0,1.59,9303,0:13:48,44.9,0,--.--,26,64.6,49,0000:00:00,46,0,80,0,40,0,0,5.22,0,0,0,1,99.4,11:42:59,9/22/2023,98.85,48.36,--.--
high,1,1002,16.7,15.56,6.23,2525,96.9388,1.99,39.04880472,43:00.4,3.4,0.9,289,0,0,0,0.4,0,0,0,-49.3,-47.6,-14.5,-29.531,0,1.48,9309.9,0:13:49,44.4,0,--.--,28,64.5,49,0000:00:00,55,0,80,0,40,0,0,4.86,0,0,0,1,96.97,11:43:00,9/22/2023,98.85,48.36,--.--
high,1,1003,16.72,15.56,4.56,2527,70.9536,1.85,39.06851406,43:01.4,3.1,0.7,289,0,0,0,0.4,0,0,0,-49.3,-47.5,-14.49,-29.513,0,1.31,9309.9,0:13:50,44,0,--.--,30,64.5,50,0000:00:00,55,0,80,0,40,0,0,4.3,0,0,0,1,70.94,11:43:01,9/22/2023,98.87,48.36,--.--
high,1,1004,16.73,15.61,4.42,2528,68.9962,1.84,39.08767967,43:02.4,4,3.2,284,0,0,0,0.4,0,0,0,-49.3,-47.5,-14.48,-29.495,0,1.26,9309.9,0:13:51,43.7,0,--.--,31,64.6,53,0000:00:00,55,0,80,0,40,0,0,4.13,0,0,0,1,68.99,11:43:02,9/22/2023,98.87,48.36,--.--
high,1,1005,16.75,15.4,13.33,2530,205.282,2.31,39.14470244,43:03.4,2.4,2.1,259,0,0,0,0.4,0,0,0,-49.3,-47.5,-14.49,-29.497,0,1.27,9309.9,0:13:52,43.5,0,--.--,33,64.9,49,0000:00:00,55,0,80,0,40,0,0,4.17,0,0,0,1,205.3,11:43:03,9/22/2023,98.87,48.36,--.--
high,1,1006,16.77,15.49,5.35,2533,82.8715,1.92,39.16772231,43:04.4,2.2,2.1,246,0,0,0,0.3,0,0,0,-49.4,-47.7,-14.54,-29.599,0,1.17,9309.9,0:13:53,43.5,0,--.--,34,65.2,50,0000:00:00,55,0,80,0,40,0,0,3.84,0,0,0,1,82.87,11:43:04,9/22/2023,98.87,48.36,--.--
high,1,1007,16.78,15.5,10.33,2535,160.115,2.2,39.21219869,43:05.4,3.3,2.2,270,0,0,0,0.2,0,0,0,-49.6,-47.8,-14.58,-29.679,0,1.29,9309.9,0:13:54,43.4,0,--.--,36,65.4,52,0000:00:00,55,0,80,0,40,0,0,4.23,0,0,0,1,160.13,11:43:05,9/22/2023,98.89,48.36,--.--
high,1,1008,16.8,15.44,9.91,2537,153.0104,2.18,39.25470158,43:06.4,2.8,3.4,281,0,0,0,0.4,0,0,0,-49.7,-47.9,-14.62,-29.74,0,1.33,9316.9,0:13:55,43,0,--.--,37,65.3,49,0000:00:00,55,0,80,0,40,0,0,4.36,0,0,0,1,153.05,11:43:06,9/22/2023,98.89,48.36,--.--
high,1,1009,16.82,15.48,9.16,2539,141.7968,2.15,39.29408958,43:07.4,4.2,4,296,0,0,0,0.5,0,0,-0.1,-49.9,-48.2,-14.7,-29.914,0,1.32,9316.9,0:13:56,42.7,0,--.--,39,65.4,48,0000:00:00,55,0,80,0,40,0,0,4.33,0,0,0,1,141.79,11:43:07,9/22/2023,98.89,48.36,--.--
high,1,1010,16.83,15.38,11.37,2542,174.8706,2.24,39.34266475,43:08.4,3.1,4.5,296,0,0,0,0.5,0,0,-0.1,-50.2,-48.4,-14.77,-30.054,0,1.26,9316.9,0:13:57,42.5,0,--.--,41,65.5,48,0000:00:00,55,0,80,0,40,0,0,4.13,0,0,0,1,174.85,11:43:08,9/22/2023,98.89,48.36,--.--
high,1,1011,16.85,15.45,9.94,2545,153.573,2.19,39.38532392,43:09.4,3,4.2,293,0,0,0,0.5,0,0,-0.1,-50.4,-48.6,-14.83,-30.178,0,1.09,9316.9,0:13:58,42.3,0,--.--,43,65.7,46,0000:00:00,55,0,80,0,40,0,0,3.58,0,0,0,1,153.56,11:43:09,9/22/2023,98.89,48.36,--.--
high,1,1012,16.87,15.45,9.95,2548,153.7275,2.19,39.428026,43:10.4,3,4.4,291,0,0,0,0.5,0,0,0,-50.5,-48.8,-14.88,-30.274,0,1.11,9323.5,0:13:59,42,0,--.--,46,65.9,45,0000:00:00,55,0,80,0,40,0,0,3.64,0,0,0,1,153.72,11:43:10,9/22/2023,98.89,48.36,--.--
high,1,1013,16.88,15.45,9.63,2551,148.7835,2.17,39.46935475,43:11.4,2.7,5.1,288,0,0,0,0.5,0,0,0,-50.7,-48.9,-14.92,-30.355,0,1.3,9323.5,0:14:00,41.9,0,--.--,48,66.1,47,0000:00:00,55,0,80,0,40,0,0,4.27,0,0,0,1,148.8,11:43:11,9/22/2023,98.89,48.36,--.--
high,1,1014,16.9,15.47,8.59,2553,132.8873,2.12,39.50626789,43:12.4,2.4,5.3,289,0,0,0,0.5,0,0,0,-50.8,-49,-14.96,-30.433,0,1.23,9323.5,0:14:01,41.9,0,--.--,50,66.5,45,0000:00:00,55,0,80,0,40,0,0,4.04,0,0,0,1,132.9,11:43:12,9/22/2023,98.89,48.36,--.--
high,1,1015,16.92,15.46,8.8,2556,136.048,2.13,39.544059,43:13.4,2.4,6.1,289,0,0,0,0.5,0,0,0,-50.9,-49.1,-14.99,-30.499,0,1.3,9323.5,0:14:02,42.1,0,--.--,52,66.9,43,0000:00:00,55,0,80,0,40,0,0,4.27,0,0,0,1,136.08,11:43:13,9/22/2023,98.92,48.36,--.--
high,1,1016,16.93,15.47,8.78,2558,135.8266,2.13,39.58178861,43:14.4,2.5,6.3,289,0,0,0,0.4,0,0,-0.1,-51.1,-49.3,-15.05,-30.613,0,1.26,9323.5,0:14:03,42.4,0,--.--,54,67.5,41,0000:00:00,55,0,80,0,40,0,0,4.13,0,0,0,1,135.83,11:43:14,9/22/2023,98.92,48.36,--.--
high,1,1017,16.95,15.45,9.36,2560,144.612,2.16,39.62195861,43:15.4,2.5,6.5,289,0,0,0,0.4,0,0,-0.2,-51.5,-49.7,-15.19,-30.842,0,1.3,9330.3,0:14:04,42.7,0,--.--,56,68,39,0000:00:00,55,0,80,0,40,0,0,4.27,0,0,0,1,144.6,11:43:15,9/22/2023,98.92,48.36,--.--
high,1,1018,16.97,15.44,8.91,2563,137.5704,2.14,39.66017261,43:16.4,2.9,7.6,292,0,0,0,0.3,0,0,-0.1,-52.1,-50.3,-15.36,-31.198,0,1.19,9330.3,0:14:05,43,0,--.--,57,68.5,44,0000:00:00,55,0,80,0,40,0,0,3.9,0,0,0,1,137.58,11:43:16,9/22/2023,98.92,48.36,--.--
high,1,1019,16.98,15.48,9.65,2566,149.382,2.17,39.70166761,43:17.4,4.5,4.2,307,0,0,0,0.3,0,0,0,-52.4,-50.6,-15.44,-31.394,0,1.13,9330.3,0:14:06,43.4,0,--.--,59,69,48,0000:00:00,55,0,80,0,40,0,0,3.71,0,0,0,1,149.39,11:43:17,9/22/2023,98.92,48.36,--.--
high,1,1020,17,15.41,9.65,2568,148.7065,2.17,39.74297497,43:18.4,3,3.2,306,0,0,0,0.4,0,0,0,-52.4,-50.6,-15.42,-31.39,0,1.06,9330.3,0:14:07,44.1,0,--.--,60,69.8,48,0000:00:00,55,0,80,0,40,0,0,3.48,0,0,0,1,148.74,11:43:18,9/22/2023,98.92,48.36,--.--
high,1,1021,17.02,15.44,7.38,2571,113.9472,2.06,39.77462697,43:19.4,4.5,1.1,306,0,0,0,0.4,0,0,0,-52.3,-50.5,-15.4,-31.337,0,1.09,9330.3,0:14:08,44.9,0,--.--,61,70.7,49,0000:00:00,55,0,80,0,40,0,0,3.58,0,0,0,1,113.93,11:43:19,9/22/2023,98.92,48.36,--.--
high,1,1022,17.03,15.47,8.2,2573,126.854,2.1,39.80986419,43:20.4,3.9,3.2,306,0,0,0,0.4,0,0,0,-52.3,-50.5,-15.39,-31.32,0,1.21,9330.3,0:14:09,45.4,0,--.--,62,71.3,49,0000:00:00,55,0,80,0,40,0,0,3.97,0,0,0,1,126.87,11:43:20,9/22/2023,98.96,48.36,--.--
high,1,1023,17.05,15.48,8.21,2575,127.0908,2.1,39.84516719,43:21.4,3.8,4.3,305,0,0,0,0.4,0,0,0,-52.2,-50.5,-15.37,-31.291,0,1.05,9337.1,0:14:10,45.6,0,--.--,64,71.6,49,0000:00:00,55,0,80,0,40,0,0,3.44,0,0,0,1,127.13,11:43:21,9/22/2023,98.96,48.36,--.--
high,1,1024,17.07,15.49,5.56,2577,86.1244,1.94,39.86909064,43:22.4,4.2,2.5,304,0,0,0,0.3,0,0,0,-52.2,-50.4,-15.36,-31.257,0,0.87,9337.1,0:14:11,45.8,0,--.--,66,71.9,49,0000:00:00,55,0,80,0,40,0,0,2.85,0,0,0,1,86.11,11:43:22,9/22/2023,98.98,48.36,--.--
high,1,1025,17.08,15.6,3.52,2579,54.912,1.74,39.88434397,43:23.4,4.9,2.8,305,0,0,0,0.3,0,0,0,-52.2,-50.4,-15.36,-31.257,0,0.96,9337.1,0:14:12,45.9,0,--.--,67,72.1,49,0000:00:00,55,0,80,0,40,0,0,3.15,0,0,0,1,54.93,11:43:23,9/22/2023,98.98,48.36,--.--
high,1,1026,17.1,15.49,8.3,2581,128.567,2.11,39.92005703,43:24.4,4.6,4.5,305,0,0,0,0.3,0,0,0,-52.2,-50.4,-15.37,-31.273,0,1.02,9337.1,0:14:13,46.3,0,--.--,68,72.6,49,0000:00:00,55,0,80,0,40,0,0,3.35,0,0,0,1,128.53,11:43:24,9/22/2023,98.98,48.36,--.--
high,1,1027,17.12,15.45,11.33,2583,175.0485,2.24,39.96868161,43:25.4,2.9,10.4,280,0,0,0,0.2,0,0,0,-52.2,-50.4,-15.37,-31.277,0,1.2,9337.1,0:14:14,46.5,0,--.--,69,72.9,49,0000:00:00,55,0,80,0,40,0,0,3.94,0,0,0,1,175.07,11:43:25,9/22/2023,98.98,48.36,--.--
high,1,1028,17.13,15.5,5.61,2585,86.955,1.94,39.99283578,43:26.4,0.1,0.2,257,0,0,0,0.2,0,0,0,-52.3,-50.6,-15.41,-31.354,0,1.15,9337.1,0:14:15,47,0,--.--,70,73.4,56,0000:00:00,55,0,80,0,40,0,0,3.77,0,0,0,1,86.94,11:43:26,9/22/2023,99,48.36,--.--
high,1,1029,17.15,15.29,6.41,2588,98.0089,1.99,40.02006047,43:27.5,-1.6,5,231,0,0,0,0.2,0,0,0.1,-52.1,-50.3,-15.32,-31.21,0,1.18,9337.1,0:14:16,47.2,0,--.--,70,69.8,58,0000:00:00,55,0,80,0,40,0,0,3.87,0,0,0,1,97.98,11:43:27,9/22/2023,99,48.36,--.--
high,1,1030,17.17,15.49,6,2590,92.94,1.97,40.04587714,43:28.4,-2.3,1.6,225,0,0,0,0.2,0,0,0.1,-51.7,-49.9,-15.19,-30.955,0,1.3,9343.7,0:14:17,47.5,0,--.--,71,70,46,0000:00:00,55,0,80,0,40,0,0,4.27,0,0,0,1,92.93,11:43:28,9/22/2023,99.01,48.36,--.--
high,1,1031,17.18,15.32,14.92,2592,228.5744,2.36,40.10937003,43:29.4,0.2,4.2,256,0,0,0,0.2,0,0,0,-51.5,-49.7,-15.15,-30.856,0,1.27,9343.7,0:14:18,47.7,0,--.--,72,74.2,50,0000:00:00,55,0,80,0,40,0,0,4.17,0,0,0,1,228.59,11:43:29,9/22/2023,99.01,48.36,--.--
high,1,1032,17.2,15.58,3.61,2593,56.2438,1.75,40.12499331,43:30.5,2.2,5.9,282,0,0,0,0.3,0,0,0,-51.5,-49.7,-15.17,-30.855,0,1.32,9343.7,0:14:19,47.8,0,--.--,73,74.3,49,0000:00:00,55,0,80,0,40,0,0,4.33,0,0,0,1,56.26,11:43:30,9/22/2023,99.03,48.36,--.--
high,1,1033,17.22,15.48,3.33,2595,51.5484,1.71,40.13931231,43:31.4,2.3,6.7,295,0,0,0,0.2,0,0,0,-51.6,-49.9,-15.21,-30.934,0,1.45,9343.7,0:14:20,48,0,--.--,74,74.5,46,0000:00:00,55,0,80,0,40,0,0,4.76,0,0,0,1,51.55,11:43:31,9/22/2023,99.03,48.36,--.--
high,1,1034,17.23,15.6,3.57,2596,55.692,1.75,40.15478231,43:32.4,4.6,3.8,314,0,0,0,0.2,0,0,0,-51.8,-50,-15.25,-31.036,0,1.48,9343.7,0:14:21,47.9,0,--.--,74,74.5,49,0000:00:00,55,0,80,0,40,0,0,4.86,0,0,0,1,55.7,11:43:32,9/22/2023,99.03,48.36,--.--
high,1,1035,17.25,15.43,9.48,2598,146.2764,2.17,40.19541464,43:33.4,3,6.4,307,0,0,0,0.4,0,0,0,-51.8,-50,-15.24,-31.031,0,1.39,9343.7,0:14:22,48.2,0,--.--,75,74.8,47,0000:00:00,55,0,80,0,40,0,0,4.56,0,0,0,1,146.31,11:43:33,9/22/2023,99.03,48.36,--.--
high,1,1036,17.27,15.41,10.66,2601,164.2706,2.22,40.24104536,43:34.5,3.2,3.4,307,0,0,0,0.4,0,0,0,-51.7,-50,-15.22,-30.99,0,1.51,9343.7,0:14:23,48.7,0,--.--,76,75.4,48,0000:00:00,55,0,80,0,40,0,0,4.95,0,0,0,1,164.29,11:43:34,9/22/2023,99.03,48.36,--.--
high,1,1037,17.28,15.44,9.13,2603,140.9672,2.15,40.28020292,43:35.4,3.3,3.9,308,0,0,0,0.4,0,0,0,-51.6,-49.9,-15.2,-30.939,0,1.51,9343.7,0:14:24,49.3,0,--.--,78,75.9,48,0000:00:00,55,0,80,0,40,0,0,4.95,0,0,0,1,140.94,11:43:35,9/22/2023,99.05,48.36,--.--
high,1,1038,17.3,15.5,7.47,2606,115.785,2.06,40.31236542,43:36.4,3.8,5,307,0,0,0,0.4,0,0,0,-51.6,-49.8,-15.18,-30.897,0,1.36,9350.7,0:14:25,49.9,0,--.--,79,76.5,49,0000:00:00,55,0,80,0,40,0,0,4.46,0,0,0,1,115.76,11:43:36,9/22/2023,99.05,48.36,--.--
high,1,1039,17.32,15.5,7.01,2608,108.655,2.04,40.34254736,43:37.4,3.2,4.9,307,0,0,0,0.4,0,0,0,-51.6,-49.9,-15.21,-30.933,0,1.16,9350.7,0:14:26,50.5,0,--.--,81,77.2,45,0000:00:00,55,0,80,0,40,0,0,3.81,0,0,0,1,108.68,11:43:37,9/22/2023,99.05,48.36,--.--
high,1,1040,17.33,15.46,9.7,2610,149.962,2.18,40.38420347,43:38.4,5.2,5.6,327,0,0,0,0.2,0,0,0,-51.9,-50.1,-15.29,-31.081,0,0.91,9350.7,0:14:27,50.8,0,--.--,82,77.4,49,0000:00:00,60,0,80,0,40,0,0,2.99,0,0,0,1,150,11:43:38,9/22/2023,99.05,48.36,--.--
high,1,1041,17.35,15.6,3.51,2611,54.756,1.74,40.39941347,43:39.5,3.9,4.3,324,0,0,0,0.1,0,0,-0.1,-52.2,-50.4,-15.39,-31.278,0,0.79,9350.7,0:14:28,50.9,0,--.--,83,77.5,48,0000:00:00,74,0,80,0,40,0,0,2.59,0,0,0,1,54.75,11:43:39,9/22/2023,99.05,48.36,--.--
high,1,1042,17.37,15.6,3.74,2612,58.344,1.77,40.41562014,43:40.5,4.3,4.9,323,0,0,0,0.1,0,0,0,-52.4,-50.7,-15.46,-31.432,0,0.8,9350.7,0:14:29,51.2,0,--.--,83,77.8,50,0000:00:00,74,0,80,0,40,0,0,2.62,0,0,0,1,58.36,11:43:40,9/22/2023,99.05,48.36,--.--
high,1,1043,17.38,15.45,6.81,2614,105.2145,2.02,40.44484639,43:41.5,3.9,5.4,322,0,0,0,0.3,0,0,0,-52.6,-50.8,-15.49,-31.499,0,0.76,9350.7,0:14:30,51.4,0,--.--,83,78,50,0000:00:00,74,0,80,0,40,0,0,2.49,0,0,0,1,105.18,11:43:41,9/22/2023,99.05,48.36,--.--
high,1,1044,17.4,15.48,8.16,2616,126.3168,2.1,40.47993439,43:42.5,4.8,6.1,322,0,0,0,0.2,0,0,0,-52.5,-50.8,-15.48,-31.493,0,0.59,9350.7,0:14:31,51.4,0,--.--,84,78,49,0000:00:00,74,0,80,0,40,0,0,1.94,0,0,0,1,126.31,11:43:42,9/22/2023,99.09,48.36,--.--
high,1,1045,17.42,15.44,8.53,2618,131.7032,2.12,40.51651861,43:43.5,5.3,4.9,322,0,0,0,0.2,0,0,0,-52.6,-50.8,-15.49,-31.499,0,0.53,9350.7,0:14:32,51.3,0,--.--,85,77.9,49,0000:00:00,74,0,80,0,40,0,0,1.74,0,0,0,1,131.69,11:43:43,9/22/2023,99.09,48.36,--.--
high,1,1046,17.43,15.41,9.88,2621,152.2508,2.18,40.5588105,43:44.5,6.2,5.9,323,0,0,0,0.2,0,0,0,-52.6,-50.8,-15.5,-31.531,0,0.56,9357.5,0:14:33,51.1,0,--.--,86,77.6,47,0000:00:00,74,0,80,0,40,0,0,1.84,0,0,0,1,152.3,11:43:44,9/22/2023,99.09,48.36,--.--
high,1,1047,17.45,15.34,15.64,2624,239.9176,2.38,40.62545428,43:45.5,4.6,9.1,321,0,0,0,0.2,0,0,-0.1,-52.8,-51,-15.58,-31.653,0,1.08,9357.5,0:14:34,50.6,0,--.--,87,77.1,43,0000:00:00,74,0,80,0,40,0,0,3.54,0,0,0,1,239.95,11:43:45,9/22/2023,99.09,48.36,--.--
high,1,1048,17.47,15.29,14.3,2629,218.647,2.34,40.68618956,43:46.5,3.7,7.7,318,0,0,0,0.2,0,0,-0.1,-53.2,-51.4,-15.7,-31.878,0,1.02,9357.5,0:14:35,50,0,--.--,87,76.5,45,0000:00:00,74,0,80,0,40,0,0,3.35,0,0,0,1,218.7,11:43:46,9/22/2023,99.1,48.36,--.--
high,1,1049,17.48,15.25,15.5,2633,236.375,2.37,40.75184928,43:47.5,3.1,8.4,311,0,0,0,0.2,0,0,-0.1,-53.5,-51.8,-15.8,-32.101,0,1.36,9357.5,0:14:36,49.2,0,--.--,87,75.7,45,0000:00:00,74,0,80,0,40,0,0,4.46,0,0,0,1,236.41,11:43:47,9/22/2023,99.1,48.36,--.--
high,1,1050,17.5,15.28,13.96,2637,213.3088,2.33,40.81110172,43:48.5,4.6,7.7,306,0,0,0,0.2,0,0,-0.1,-53.9,-52.1,-15.91,-32.315,0,1.3,9357.5,0:14:37,48.6,0,--.--,87,75.1,47,0000:00:00,74,0,80,0,40,0,0,4.27,0,0,0,1,213.31,11:43:48,9/22/2023,99.1,48.36,--.--
high,1,1051,17.52,15.25,15.11,2641,230.4275,2.36,40.87510936,43:49.5,4,7.6,300,0,0,0,0.2,0,0,-0.1,-54.2,-52.5,-16.01,-32.52,0,1.41,9357.5,0:14:38,47.9,0,--.--,87,74.4,49,0000:00:00,74,0,80,0,40,0,0,4.63,0,0,0,1,230.38,11:43:49,9/22/2023,99.12,48.36,--.--
high,1,1052,17.53,15.31,13.86,2645,212.1966,2.33,40.93405286,43:50.5,2.6,4.5,300,0,0,0,0.1,0,0,0,-54.5,-52.7,-16.07,-32.674,0,1.26,9357.5,0:14:39,47.2,0,--.--,88,73.7,51,0000:00:00,74,0,80,0,40,0,0,4.13,0,0,0,1,212.18,11:43:50,9/22/2023,99.12,48.36,--.--
high,1,1053,17.55,15.36,11.08,2647,170.1888,2.23,40.98132753,43:51.5,0.8,3,296,0,0,0,0.2,0,0,0,-54.5,-52.8,-16.07,-32.679,0,1.29,9357.5,0:14:40,46.7,0,--.--,88,73.2,53,0000:00:00,74,0,80,0,40,0,0,4.23,0,0,0,1,170.2,11:43:51,9/22/2023,99.12,48.36,--.--
high,1,1054,17.57,15.41,8.74,2650,134.6834,2.13,41.01873958,43:52.5,2.1,6.8,293,0,0,0,0.3,0,0,0,-54.3,-52.5,-15.99,-32.538,0,1.36,9357.5,0:14:41,46.8,0,--.--,89,73.2,50,0000:00:00,74,0,80,0,40,0,0,4.46,0,0,0,1,134.73,11:43:52,9/22/2023,99.14,48.36,--.--
high,1,1055,17.58,15.48,6.46,2652,100.0008,2,41.04651758,43:53.5,0.3,5.4,293,0,0,0,0.3,0,0,0,-54.1,-52.4,-15.97,-32.474,0,1.44,9357.5,0:14:42,47.4,0,--.--,90,73.7,50,0000:00:00,74,0,80,0,40,0,0,4.72,0,0,0,1,99.99,11:43:53,9/22/2023,99.14,48.36,--.--
high,1,1056,17.6,15.53,5.21,2653,80.9113,1.91,41.06899294,43:54.5,0.8,4.9,298,0,0,0,0.2,0,0,0,-54.2,-52.5,-16,-32.519,0,1.39,9357.5,0:14:43,47.9,0,--.--,91,70.1,50,0000:00:00,74,0,80,0,40,0,0,4.56,0,0,0,1,80.91,11:43:54,9/22/2023,99.16,48.36,--.--
high,1,1057,17.62,15.53,4.91,2655,76.2523,1.88,41.09017414,43:55.5,1,5.7,298,0,0,0,0.2,0,0,-0.1,-54.4,-52.7,-16.07,-32.654,0,1.38,9357.5,0:14:44,48.4,0,--.--,92,70.6,49,0000:00:00,74,0,80,0,40,0,0,4.53,0,0,0,1,76.24,11:43:55,9/22/2023,99.16,48.36,--.--
high,1,1058,17.63,15.54,4.19,2656,65.1126,1.81,41.10826097,43:56.5,1.2,11.3,299,0,0,0,0.2,0,0,-0.2,-54.7,-53,-16.18,-32.835,0,1.33,9357.5,0:14:45,48.9,0,--.--,92,75.1,39,0000:00:00,74,0,80,0,40,0,0,4.36,0,0,0,1,65.13,11:43:56,9/22/2023,99.16,48.36,--.--
high,1,1059,17.65,15.56,4.28,2658,66.5968,1.82,41.12676008,43:57.5,1.9,5.1,297,0,0,0,0.1,0,0,-0.1,-55.2,-53.4,-16.32,-33.132,0,1.18,9357.5,0:14:46,49.4,0,--.--,93,75.6,49,0000:00:00,74,0,80,0,40,0,0,3.87,0,0,0,1,66.59,11:43:57,9/22/2023,99.18,48.36,--.--
high,1,1060,17.67,15.57,3.94,2659,61.3458,1.79,41.14380058,43:58.5,2.1,5.8,297,0,0,0,0.1,0,0,-0.1,-55.6,-53.8,-16.43,-33.357,0,1.05,9357.5,0:14:47,49.8,0,--.--,93,75.9,49,0000:00:00,74,0,80,0,40,0,0,3.44,0,0,0,1,61.34,11:43:58,9/22/2023,99.16,48.36,--.--
high,1,1061,17.68,15.56,4.19,2660,65.1964,1.81,41.16191069,43:59.5,1.9,5.3,297,0,0,0,0.1,0,0,-0.1,-55.8,-54.1,-16.49,-33.496,0,1.04,9357.5,0:14:48,50.1,0,--.--,93,76.3,49,0000:00:00,74,0,80,0,40,0,0,3.41,0,0,0,1,65.22,11:43:59,9/22/2023,99.18,48.38,--.--
high,1,1062,17.7,15.57,3.7,2661,57.609,1.76,41.17791319,44:00.5,2.1,5.6,296,0,0,0,0.1,0,0,0,-56,-54.2,-16.54,-33.594,0,0.98,9357.5,0:14:49,50.4,0,--.--,93,76.6,49,0000:00:00,74,0,80,0,40,0,0,3.22,0,0,0,1,57.59,11:44:00,9/22/2023,99.18,48.36,--.--
high,1,1063,17.72,15.57,4.05,2662,63.0585,1.8,41.19542944,44:01.5,1.5,2.3,294,0,0,0,0.2,0,0,-0.1,-56.1,-54.3,-16.57,-33.66,0,0.93,9357.5,0:14:50,50.6,0,--.--,93,76.8,50,0000:00:00,74,0,80,0,40,0,0,3.05,0,0,0,1,63.05,11:44:01,9/22/2023,99.18,48.36,--.--
high,1,1064,17.73,15.54,4.71,2665,73.1934,1.86,41.21576094,44:02.5,1.9,6.3,297,0,0,0,0.1,0,0,0,-56.1,-54.4,-16.56,-33.673,0,0.89,9357.5,0:14:51,50.5,0,--.--,92,76.6,49,0000:00:00,62,0,80,0,40,0,0,2.92,0,0,0,1,73.21,11:44:02,9/22/2023,99.19,48.36,--.--
high,1,1065,17.75,15.55,4.28,2666,66.554,1.82,41.23424817,44:03.5,2.1,6.9,297,0,0,0,0.1,0,0,0,-56.1,-54.3,-16.55,-33.638,0,0.92,9357.5,0:14:52,50.4,0,--.--,92,76.6,49,0000:00:00,62,0,80,0,40,0,0,3.02,0,0,0,1,66.58,11:44:03,9/22/2023,99.19,48.36,--.--
high,1,1066,17.77,15.57,4.04,2667,62.9028,1.8,41.25172117,44:04.5,1.6,6.4,295,0,0,0,0,0,0,0,-56.1,-54.3,-16.57,-33.656,0,0.89,9357.5,0:14:53,50.5,0,--.--,92,76.7,47,0000:00:00,62,0,80,0,40,0,0,2.92,0,0,0,1,62.91,11:44:04,9/22/2023,99.21,48.36,--.--
high,1,1067,17.78,15.55,4.72,2669,73.396,1.87,41.27210894,44:05.5,2.6,6.6,293,0,0,0,0,0,0,-0.1,-56.2,-54.5,-16.62,-33.74,0,0.85,9357.5,0:14:54,50.7,0,--.--,92,76.9,49,0000:00:00,62,0,80,0,40,0,0,2.79,0,0,0,1,73.4,11:44:05,9/22/2023,99.21,48.36,--.--
high,1,1068,17.8,15.57,3.8,2671,59.166,1.77,41.28854394,44:06.5,2.2,5.8,297,0,0,0,0,0,0,0,-56.4,-54.7,-16.68,-33.875,0,0.76,9357.5,0:14:55,50.6,0,--.--,92,76.8,50,0000:00:00,62,0,80,0,40,0,0,2.49,0,0,0,1,59.17,11:44:06,9/22/2023,99.21,48.36,--.--
high,1,1069,17.82,15.53,5.12,2672,79.5136,1.9,41.31063106,44:07.5,1.9,5.2,297,0,0,0,0,0,0,0,-56.6,-54.8,-16.72,-33.955,0,0.74,9357.5,0:14:56,50.4,0,--.--,92,76.6,49,0000:00:00,62,0,80,0,40,0,0,2.43,0,0,0,1,79.53,11:44:07,9/22/2023,99.21,48.36,--.--
high,1,1070,17.83,15.56,4.7,2673,73.132,1.86,41.3309455,44:08.5,2.4,6.3,296,0,0,0,0,0,0,0,-56.7,-55,-16.76,-34.035,0,0.72,9357.5,0:14:57,50.4,0,--.--,92,76.6,49,0000:00:00,62,0,80,0,40,0,0,2.36,0,0,0,1,73.11,11:44:08,9/22/2023,99.21,48.36,--.--
high,1,1071,17.85,15.57,4.1,2675,63.837,1.81,41.348678,44:09.5,2,5.7,296,0,0,0,0.1,0,0,0,-56.8,-55.1,-16.79,-34.112,0,0.65,9357.5,0:14:58,50.5,0,--.--,92,76.7,50,0000:00:00,62,0,80,0,40,0,0,2.13,0,0,0,1,63.85,11:44:09,9/22/2023,99.21,48.36,--.--
high,1,1072,17.87,15.56,3.98,2676,61.9288,1.79,41.36588044,44:10.5,2.3,6.1,297,0,0,0,0.1,0,0,0,-56.9,-55.1,-16.8,-34.132,0,0.62,9357.5,0:14:59,50.6,0,--.--,92,76.8,50,0000:00:00,62,0,80,0,40,0,0,2.03,0,0,0,1,61.93,11:44:10,9/22/2023,99.25,48.38,--.--
high,1,1073,17.88,15.57,4.35,2677,67.7295,1.83,41.38469419,44:11.5,2.7,6.8,296,0,0,0,0.1,0,0,0,-56.9,-55.1,-16.81,-34.139,0,0.6,9357.5,0:15:00,50.9,0,--.--,92,77.1,49,0000:00:00,62,0,80,0,40,0,0,1.97,0,0,0,1,67.73,11:44:11,9/22/2023,99.25,48.38,--.--
high,1,1074,17.9,15.49,5.79,2678,89.6871,1.95,41.40960728,44:12.5,2.6,11.2,297,0,0,0,0,0,0,0.1,-56.8,-55.1,-16.75,-34.073,0,0.68,9357.5,0:15:01,51.1,0,--.--,92,77.3,50,0000:00:00,62,0,80,0,40,0,0,2.23,0,0,0,1,89.66,11:44:12,9/22/2023,99.25,48.36,--.--
high,1,1075,17.92,15.58,3.83,2680,59.6714,1.78,41.42618267,44:13.5,2.3,4.9,296,0,0,0,0.1,0,0,0.1,-56.5,-54.8,-16.68,-33.919,0,0.76,9357.5,0:15:02,51.3,0,--.--,92,77.5,50,0000:00:00,62,0,80,0,40,0,0,2.49,0,0,0,1,59.66,11:44:13,9/22/2023,99.25,48.36,--.--
high,1,1076,17.93,15.56,4.58,2681,71.2648,1.85,41.44597844,44:14.5,2.5,6.3,295,0,0,0,0.1,0,0,0.1,-56.3,-54.6,-16.61,-33.774,0,0.84,9357.5,0:15:03,51.5,0,--.--,92,77.7,50,0000:00:00,43,0,80,0,40,0,0,2.76,0,0,0,1,71.29,11:44:14,9/22/2023,99.27,48.36,--.--
high,1,1077,17.95,15.57,4.11,2682,63.9927,1.81,41.46375419,44:15.5,2.5,6.5,294,0,0,0,0.2,0,0,0.1,-56.1,-54.3,-16.53,-33.633,0,0.9,9357.5,0:15:04,51.9,0,--.--,92,78.1,53,0000:00:00,61,0,80,0,40,0,0,2.95,0,0,0,1,64.01,11:44:15,9/22/2023,99.27,48.36,--.--
high,1,1078,17.97,15.55,6.67,2684,103.7185,2.02,41.49256489,44:16.5,1.7,8.6,295,0,0,0,0.1,0,0,0.1,-55.8,-54,-16.44,-33.457,0,0.88,9357.5,0:15:05,52.2,0,--.--,92,78.4,60,0000:00:00,79,0,80,0,40,0,0,2.89,0,0,0,1,103.7,11:44:16,9/22/2023,99.27,48.38,--.--
high,1,1079,17.98,15.51,7.06,2685,109.5006,2.04,41.52298172,44:17.5,1.5,11.8,297,0,0,0,0.1,0,0,0.1,-55.3,-53.6,-16.29,-33.169,0,0.87,9357.5,0:15:07,52.5,0,--.--,93,78.7,56,0000:00:00,79,0,80,0,40,0,0,2.85,0,0,0,1,109.53,11:44:17,9/22/2023,99.27,48.36,--.--
high,1,1080,18,15.5,6.48,2687,100.44,2,41.55088172,44:18.5,-4.2,11.2,293,0,0,0,0.1,0,0,0.1,-54.9,-53.2,-16.19,-32.951,0,0.97,9357.5,0:15:08,52.8,0,--.--,92,79,49,0000:00:00,79,0,80,0,40,0,0,3.18,0,0,0,1,100.41,11:44:18,9/22/2023,99.28,48.36,--.--
high,1,1081,18.02,15.44,8.32,2689,128.4608,2.11,41.58656528,44:19.5,-2.1,13.5,298,0,0,0,0,0,0,0,-54.8,-53.1,-16.18,-32.88,0,1.03,9357.5,0:15:09,53.1,0,--.--,92,79.3,47,0000:00:00,79,0,80,0,40,0,0,3.38,0,0,0,1,128.47,11:44:19,9/22/2023,99.28,48.36,--.--
high,1,1082,18.03,15.43,9.7,2693,149.671,2.18,41.62814056,44:20.5,0.7,13.9,296,0,0,0,0.1,0,0,0,-54.9,-53.1,-16.21,-32.952,0,0.97,9357.5,0:15:10,53.2,0,--.--,92,79.4,49,0000:00:00,79,0,80,0,40,0,0,3.18,0,0,0,1,149.68,11:44:20,9/22/2023,99.3,48.36,--.--
high,1,1083,18.05,15.34,12.45,2695,190.983,2.28,41.68119139,44:21.5,-1,13.2,300,0,0,0,0.1,0,0,0,-55,-53.2,-16.23,-32.99,0,0.85,9357.5,0:15:11,53.6,0,--.--,92,79.8,49,0000:00:00,79,0,80,0,40,0,0,2.79,0,0,0,1,191.02,11:44:21,9/22/2023,99.3,48.36,--.--
high,1,1084,18.07,15.29,14.16,2699,216.5064,2.34,41.74133206,44:22.5,2.5,12,306,0,0,0,0.1,0,0,0,-55,-53.3,-16.24,-33.011,0,0.82,9357.5,0:15:12,53.9,0,--.--,92,80.1,50,0000:00:00,79,0,80,0,40,0,0,2.69,0,0,0,1,216.44,11:44:22,9/22/2023,99.32,48.36,--.--
high,1,1085,18.08,15.2,21.52,2704,327.104,2.51,41.83219428,44:23.5,10.2,13.1,313,0,0,0,0.1,0,0,0,-55.1,-53.3,-16.25,-33.035,0,0.84,9357.5,0:15:13,53.8,0,--.--,92,80,50,0000:00:00,79,0,80,0,40,0,0,2.76,0,0,0,1,327.04,11:44:23,9/22/2023,99.32,48.36,--.--
high,1,1086,18.1,15.53,4.8,2710,74.544,1.87,41.85290094,44:24.5,7,7.3,307,0,0,0,0.1,0,0,0,-55.1,-53.3,-16.26,-33.057,0,0.84,9357.5,0:15:14,53.4,0,--.--,92,79.6,50,0000:00:00,79,0,80,0,40,0,0,2.76,0,0,0,1,74.54,11:44:24,9/22/2023,99.34,48.36,--.--
high,1,1087,18.12,15.56,3.38,2711,52.5928,1.72,41.86751006,44:25.5,9,10.8,309,0,0,0,0.2,0,0,0.1,-55.1,-53.3,-16.25,-33.052,0,0.89,9357.5,0:15:15,53.2,0,--.--,92,79.4,49,0000:00:00,79,0,80,0,40,0,0,2.92,0,0,0,1,52.6,11:44:25,9/22/2023,99.34,48.36,--.--
high,1,1088,18.13,15.32,16.3,2715,249.716,2.4,41.93687561,44:26.5,3.2,13.5,305,0,0,0,0.1,0,0,0,-54.9,-53.2,-16.21,-32.95,0,0.85,9357.5,0:15:16,53.6,0,--.--,92,79.8,49,0000:00:00,79,0,80,0,40,0,0,2.79,0,0,0,1,249.72,11:44:26,9/22/2023,99.34,48.36,--.--
high,1,1089,18.15,15.27,13.88,2718,211.9476,2.33,41.99574994,44:27.5,5.6,13.8,304,0,0,0,0,0,0,0,-55,-53.2,-16.23,-32.992,0,0.85,9357.5,0:15:17,53.9,0,--.--,92,80.1,49,0000:00:00,79,0,80,0,40,0,0,2.79,0,0,0,1,211.88,11:44:27,9/22/2023,99.34,48.36,--.--
high,1,1090,18.17,15.25,15.46,2723,235.765,2.37,42.06124022,44:28.5,10,13.6,305,0,0,0,0,0,0,0,-55.1,-53.3,-16.25,-33.035,0,0.87,9357.5,0:15:18,53.9,0,--.--,92,80.1,49,0000:00:00,79,0,80,0,40,0,0,2.85,0,0,0,1,235.8,11:44:28,9/22/2023,99.34,48.36,--.--
high,1,1091,18.18,15.26,14.1,2726,215.166,2.33,42.12100856,44:29.5,9.4,13,304,0,0,0,0,0,0,0,-55.1,-53.3,-16.25,-33.039,0,0.83,9357.5,0:15:19,53.9,0,--.--,92,80.1,49,0000:00:00,79,0,80,0,40,0,0,2.72,0,0,0,1,215.1,11:44:29,9/22/2023,99.34,48.36,--.--
high,1,1092,18.2,15.24,2.96,2730,45.1104,1.65,42.13353922,44:30.5,5.5,10.3,290,0,0,0,0.1,0,0,0,-55.1,-53.3,-16.25,-33.034,0,0.78,9357.5,0:15:20,53.8,0,--.--,92,80,53,0000:00:00,79,0,80,0,40,0,0,2.56,0,0,0,1,45.11,11:44:30,9/22/2023,99.34,48.36,--.--
high,1,1093,18.22,15.49,3.16,2731,48.9484,1.69,42.147136,44:31.5,6.4,6.6,285,0,0,0,0.1,0,0,0,-55,-53.2,-16.23,-33.01,0,0.87,9357.5,0:15:21,53.6,0,--.--,91,79.8,50,0000:00:00,79,0,80,0,40,0,0,2.85,0,0,0,1,48.95,11:44:31,9/22/2023,99.34,48.36,--.--
high,1,1094,18.23,15.55,3.36,2732,52.248,1.72,42.16164933,44:32.5,5.9,8.8,288,0,0,0,0,0,0,0,-55,-53.2,-16.22,-32.977,0,0.85,9357.5,0:15:22,53.4,0,--.--,91,79.6,52,0000:00:00,79,0,80,0,40,0,0,2.79,0,0,0,1,52.24,11:44:32,9/22/2023,99.37,48.36,--.--
high,1,1095,18.25,15.55,3.93,2733,61.1115,1.79,42.17862475,44:33.5,6.5,9.1,295,0,0,0,0.1,0,0,0,-55,-53.2,-16.22,-32.971,0,0.88,9357.5,0:15:23,53.1,0,--.--,91,79.3,53,0000:00:00,79,0,80,0,40,0,0,2.89,0,0,0,1,61.13,11:44:33,9/22/2023,99.37,48.36,--.--
high,1,1096,18.27,15.5,6.04,2735,93.62,1.97,42.20463031,44:34.5,1.7,15.7,269,0,0,0,0.1,0,0,0,-54.9,-53.1,-16.2,-32.936,0,0.75,9357.5,0:15:24,53.1,0,--.--,91,79.4,50,0000:00:00,79,0,80,0,40,0,0,2.46,0,0,0,1,93.64,11:44:34,9/22/2023,99.37,48.36,--.--
high,1,1097,18.28,15.19,16.79,2737,255.0401,2.41,42.27547478,44:35.5,0.2,18,274,0,0,0,0.1,0,0,0,-54.8,-53.1,-16.16,-32.857,0,0.96,9357.5,0:15:25,53.5,0,--.--,91,79.8,50,0000:00:00,79,0,80,0,40,0,0,3.15,0,0,0,1,255.09,11:44:35,9/22/2023,99.37,48.36,--.--
high,1,1098,18.3,15.54,3.6,2741,55.944,1.75,42.29101478,44:36.5,8.1,9.8,300,0,0,0,0.1,0,0,0,-54.9,-53.1,-16.2,-32.917,0,0.88,9357.5,0:15:26,53.8,0,--.--,92,80,55,0000:00:00,79,0,80,0,40,0,0,2.89,0,0,0,1,55.95,11:44:36,9/22/2023,99.37,48.36,--.--
high,1,1099,18.32,15.53,3.99,2742,61.9647,1.79,42.30822719,44:37.5,9.7,14.5,317,0,0,0,0.1,0,0,0,-54.9,-53.1,-16.2,-32.937,0,0.92,9357.5,0:15:27,53.5,0,--.--,92,79.8,50,0000:00:00,79,0,80,0,40,0,0,3.02,0,0,0,1,61.97,11:44:37,9/22/2023,99.37,48.36,--.--
high,1,1100,18.33,15.21,15.28,2747,232.4088,2.37,42.37278519,44:38.5,9.3,13.3,310,0,0,0,0.1,0,0,0,-55,-53.2,-16.23,-32.974,0,0.87,9357.5,0:15:28,53.4,0,--.--,92,79.6,48,0000:00:00,79,0,80,0,40,0,0,2.85,0,0,0,1,232.42,11:44:38,9/22/2023,99.37,48.36,--.--
high,1,1101,18.35,15.3,12.07,2750,184.671,2.27,42.42408269,44:39.5,7.2,13.3,307,0,0,0,0,0,0,0,-55.1,-53.4,-16.27,-33.06,0,0.95,9357.5,0:15:29,53.1,0,--.--,92,79.3,49,0000:00:00,79,0,80,0,40,0,0,3.12,0,0,0,1,184.7,11:44:39,9/22/2023,99.37,48.36,--.--
high,1,1102,18.37,15.21,15.23,2754,231.6483,2.36,42.48842944,44:40.5,5.6,12.9,311,0,0,0,0.2,0,0,0,-55.1,-53.3,-16.25,-33.039,0,0.82,9357.5,0:15:30,53.5,0,--.--,92,79.6,50,0000:00:00,79,0,80,0,40,0,0,2.69,0,0,0,1,231.72,11:44:40,9/22/2023,99.37,48.36,--.--
high,1,1103,18.38,15.29,12.58,2759,192.3482,2.28,42.5418595,44:41.5,6.4,11.4,307,0,0,0,0,0,0,0,-55.1,-53.3,-16.25,-33.033,0,0.84,9357.5,0:15:31,53.8,0,--.--,92,80,49,0000:00:00,79,0,80,0,40,0,0,2.76,0,0,0,1,192.29,11:44:41,9/22/2023,99.41,48.36,--.--
high,1,1104,18.4,15.16,15.28,2764,231.6448,2.36,42.60620528,44:42.5,6.5,10.3,300,0,0,0,0.1,0,0,0,-55.2,-53.4,-16.28,-33.075,0,0.79,9357.5,0:15:32,54.1,0,--.--,92,80.3,49,0000:00:00,79,0,80,0,40,0,0,2.59,0,0,0,1,231.61,11:44:42,9/22/2023,99.41,48.36,--.--
high,1,1105,18.42,15.37,11.36,2769,174.6032,2.24,42.65470617,44:43.5,8.8,9.2,303,0,0,0,0.1,0,0,0,-55.2,-53.4,-16.29,-33.119,0,0.73,9357.5,0:15:33,53.8,0,--.--,92,80,57,0000:00:00,79,0,80,0,40,0,0,2.4,0,0,0,1,174.55,11:44:43,9/22/2023,99.41,48.36,--.--
high,1,1106,18.43,15.45,6.36,2770,98.262,1.99,42.68200117,44:44.5,4.1,9.5,285,0,0,0,0.1,0,0,0.1,-55,-53.3,-16.24,-33.039,0,0.79,9357.5,0:15:34,53.6,0,--.--,92,79.8,53,0000:00:00,79,0,80,0,40,0,0,2.59,0,0,0,1,98.26,11:44:44,9/22/2023,99.41,48.36,--.--
high,1,1107,18.45,15.51,6.5,2772,100.815,2,42.71000533,44:45.5,-3,15.5,263,0,0,0,0.1,0,0,0.1,-54.7,-53,-16.16,-32.877,0,0.9,9357.5,0:15:35,53.4,0,--.--,92,79.7,59,0000:00:00,79,0,80,0,40,0,0,2.95,0,0,0,1,100.81,11:44:45,9/22/2023,99.43,48.36,--.--
high,1,1108,18.47,15.51,3.85,2774,59.7135,1.78,42.72659242,44:46.5,-4,12.8,257,0,0,0,0.1,0,0,0.1,-54.5,-52.8,-16.09,-32.738,0,0.97,9357.5,0:15:36,53.4,0,--.--,91,79.7,59,0000:00:00,79,0,80,0,40,0,0,3.18,0,0,0,1,59.73,11:44:46,9/22/2023,99.43,48.36,--.--
high,1,1109,18.48,15.2,15.61,2778,237.272,2.38,42.79250131,44:47.5,-10.8,18.9,245,0,0,0,0.3,0,0,0.1,-54.1,-52.3,-15.95,-32.492,0,0.85,9357.5,0:15:37,53.9,0,--.--,91,80.1,52,0000:00:00,79,0,80,0,40,0,0,2.79,0,0,0,1,237.27,11:44:47,9/22/2023,99.45,48.36,--.--
high,1,1110,18.5,15.24,15.99,2782,243.6876,2.39,42.86019231,44:48.5,-3.8,12.8,242,0,0,0,0.4,0,0,0.1,-53.7,-51.9,-15.83,-32.229,0,0.92,9357.5,0:15:38,54.9,0,--.--,90,77.2,50,0000:00:00,79,0,80,0,40,0,0,3.02,0,0,0,1,243.67,11:44:48,9/22/2023,99.46,48.36,--.--
high,1,1111,18.52,15.35,9.1,2785,139.685,2.15,42.89899369,44:49.5,-2.8,15.5,242,0,0,0,0.3,0,0,0.1,-53.5,-51.8,-15.78,-32.133,0,0.95,9357.5,0:15:39,55.9,0,--.--,90,78.2,54,0000:00:00,79,0,80,0,40,0,0,3.12,0,0,0,1,139.72,11:44:49,9/22/2023,99.46,48.36,--.--
high,1,1112,18.53,15.31,11.61,2787,177.7491,2.25,42.94836844,44:50.5,-4.8,15.1,240,0,0,0,0.4,0,0,0.1,-53.2,-51.5,-15.69,-31.953,0,1.39,9364.3,0:15:40,57.1,0,--.--,90,79.3,53,0000:00:00,73,0,80,0,40,0,0,4.56,0,0,0,1,177.71,11:44:50,9/22/2023,99.46,48.36,--.--
high,1,1113,18.55,15.52,11.59,2790,179.8768,2.25,42.99833422,44:51.5,-5.1,14.3,240,0,0,0,0.2,0,0,0,-53.1,-51.3,-15.64,-31.832,0,1.74,9364.3,0:15:41,57.9,0,--.--,90,84.1,50,0000:00:00,63,0,80,0,40,0,0,5.71,0,0,0,1,179.83,11:44:51,9/22/2023,99.48,48.36,--.--
high,1,1114,18.57,15.49,3.6,2792,55.764,1.75,43.01382422,44:52.5,-7,12.8,242,0,0,0,0.2,0,0,0,-53,-51.2,-15.61,-31.774,0,1.88,9364.3,0:15:42,58.9,0,--.--,90,85.2,50,0000:00:00,63,0,80,0,40,0,0,6.17,0,0,0,1,55.75,11:44:52,9/22/2023,99.5,48.36,--.--
high,1,1115,18.58,15.51,3.83,2793,59.4033,1.77,43.03032514,44:53.5,-6.4,13.4,246,0,0,0,0.2,0,0,0,-52.8,-51.1,-15.57,-31.694,0,2.26,9364.3,0:15:43,59.4,0,--.--,91,85.7,50,0000:00:00,63,0,80,0,40,0,0,7.41,0,0,0,1,59.42,11:44:53,9/22/2023,99.5,48.36,--.--
high,1,1116,18.6,15.49,4.75,2794,73.5775,1.87,43.05076333,44:54.5,-7.2,12.7,247,0,0,0,0.2,0,0,0,-52.7,-51,-15.53,-31.619,0,2.24,9364.3,0:15:44,59.9,0,--.--,91,86.2,54,0000:00:00,63,0,80,0,40,0,0,7.35,0,0,0,1,73.57,11:44:54,9/22/2023,99.5,48.36,--.--
high,1,1117,18.62,15.23,15.91,2798,242.3093,2.38,43.11807147,44:55.5,-6.8,16.4,244,0,0,0,0.3,0,0,0.1,-52.3,-50.6,-15.42,-31.416,0,2.29,9364.3,0:15:45,60.7,0,--.--,91,87,49,0000:00:00,63,0,80,0,40,0,0,7.51,0,0,0,1,242.25,11:44:55,9/22/2023,99.5,48.36,--.--
high,1,1118,18.63,15.52,12.72,2800,197.4144,2.3,43.17290881,44:56.5,-6.3,14.9,243,0,0,0,0.4,0,0,0.1,-52.1,-50.3,-15.34,-31.238,0,2.41,9364.3,0:15:46,61.8,0,--.--,91,88.1,50,0000:00:00,63,0,80,0,40,0,0,7.91,0,0,0,1,197.36,11:44:56,9/22/2023,99.54,48.36,--.--
high,1,1119,18.65,15.48,5.08,2802,78.6384,1.9,43.19475281,44:57.5,-6.8,16.4,242,0,0,0,0.4,0,0,0.1,-51.9,-50.2,-15.3,-31.139,0,2.65,9364.3,0:15:47,62.9,0,--.--,91,89.1,50,0000:00:00,63,0,80,0,40,0,0,8.69,0,0,0,1,78.66,11:44:57,9/22/2023,99.54,48.36,--.--
high,1,1120,18.67,15.35,9.58,2805,147.053,2.17,43.23560086,44:58.5,-7.3,16.5,241,0,0,0,0.4,0,0,0.1,-51.8,-50.1,-15.26,-31.074,0,2.77,9370.9,0:15:48,64,0,--.--,91,90.3,50,0000:00:00,63,0,80,0,40,0,0,9.09,0,0,0,1,147.06,11:44:58,9/22/2023,99.55,48.36,--.--
high,1,1121,18.68,15.34,9.59,2808,147.1106,2.17,43.27646492,44:59.5,-8,16,241,0,0,0,0.4,0,0,0.1,-51.6,-49.9,-15.21,-30.974,0,2.78,9370.9,0:15:49,65.4,0,--.--,91,91.6,50,0000:00:00,63,0,80,0,40,0,0,9.12,0,0,0,1,147.13,11:44:59,9/22/2023,99.57,48.36,--.--
high,1,1122,18.7,15.37,9.71,2811,149.2427,2.17,43.31792122,45:00.5,-7.5,17,241,0,0,0,0.5,0,0,0.1,-51.3,-49.6,-15.12,-30.815,0,2.71,9370.9,0:15:50,66.8,0,--.--,92,93,51,0000:00:00,63,0,80,0,40,0,0,8.89,0,0,0,1,149.26,11:45:00,9/22/2023,99.57,48.36,--.--
high,1,1123,18.72,15.26,14.5,2814,221.27,2.34,43.37938511,45:01.5,-8.6,15.9,240,0,0,0,0.5,0,0,0.1,-50.9,-49.1,-14.99,-30.555,0,2.43,9370.9,0:15:51,68.5,0,--.--,92,94.6,50,0000:00:00,63,0,80,0,40,0,0,7.97,0,0,0,1,221.31,11:45:01,9/22/2023,99.59,48.34,--.--
high,1,1124,18.73,15.33,7.56,2817,115.8948,2.06,43.41157811,45:02.5,-6.9,16.4,241,0,0,0,0.5,0,0,0.1,-50.5,-48.8,-14.86,-30.309,0,2.66,9378,0:15:52,70.1,0,--.--,92,96.3,51,0000:00:00,63,0,80,0,40,0,0,8.73,0,0,0,1,115.87,11:45:02,9/22/2023,99.61,48.34,--.--
high,1,1125,18.75,15.47,4.31,2818,66.6757,1.82,43.43009914,45:03.5,-7.5,15.8,239,0,0,0,0.4,0,0,0.1,-50.2,-48.5,-14.78,-30.116,0,2.77,9378,0:15:53,71.5,0,--.--,93,97.6,59,0000:00:00,63,0,80,0,40,0,0,9.09,0,0,0,1,66.67,11:45:03,9/22/2023,99.63,48.34,--.--
high,1,1126,18.77,15.27,15.1,2822,230.577,2.36,43.49414831,45:04.5,-9.4,14,228,0,0,0,0.5,0,0,0.1,-49.9,-48.1,-14.67,-29.912,0,2.9,9378,0:15:54,72.9,0,--.--,93,99,49,0000:00:00,63,0,80,0,40,0,0,9.51,0,0,0,1,230.58,11:45:04,9/22/2023,99.63,48.34,--.--
high,1,1127,18.78,15.24,11.16,2826,170.0784,2.23,43.54139231,45:05.5,-8,16.4,225,0,0,0,0.5,0,0,0.1,-49.7,-47.9,-14.6,-29.77,0,2.68,9378,0:15:55,74.6,0,--.--,93,100.7,50,0000:00:00,63,0,80,0,40,0,0,8.79,0,0,0,1,170.12,11:45:05,9/22/2023,99.64,48.34,--.--
high,1,1128,18.8,15.51,3.1,2828,48.081,1.68,43.55474814,45:06.5,-8.9,14,227,0,0,0,0.3,0,0,0,-49.6,-47.8,-14.58,-29.694,0,3.09,9378,0:15:56,76.1,0,--.--,93,102.2,50,0000:00:00,63,0,80,0,40,0,0,10.14,0,0,0,1,48.09,11:45:06,9/22/2023,99.64,48.34,--.--
high,1,1129,18.82,15.51,7.95,2829,123.3045,2.09,43.58899939,45:07.5,-9.2,13.4,231,0,0,0,0.3,0,0,0,-49.6,-47.8,-14.58,-29.694,0,2.86,9384.8,0:15:57,77.3,0,--.--,93,103.3,50,0000:00:00,63,0,80,0,40,0,0,9.38,0,0,0,1,123.34,11:45:07,9/22/2023,99.66,48.34,--.--
high,1,1130,18.83,15.5,4.55,2831,70.525,1.85,43.60858967,45:08.5,-8.3,13.7,234,0,0,0,0.2,0,0,0,-49.6,-47.8,-14.57,-29.679,0,3.04,9384.8,0:15:58,78,0,--.--,93,104.1,50,0000:00:00,63,0,80,0,40,0,0,9.97,0,0,0,1,70.52,11:45:08,9/22/2023,99.66,48.34,--.--
high,1,1131,18.85,15.51,5.13,2832,79.5663,1.9,43.63069142,45:09.5,-8.1,14.9,233,0,0,0,0.2,0,0,0,-49.5,-47.8,-14.57,-29.673,0,3.4,9384.8,0:15:59,78.7,0,--.--,93,104.8,50,0000:00:00,63,0,80,0,40,0,0,11.15,0,0,0,1,79.57,11:45:09,9/22/2023,99.7,48.34,--.--
high,1,1132,18.87,15.52,4.36,2833,67.6672,1.83,43.64948786,45:10.5,-7.9,15.1,233,0,0,0,0.2,0,0,0,-49.5,-47.7,-14.54,-29.634,0,3.19,9384.8,0:16:00,79.4,0,--.--,93,105.5,50,0000:00:00,63,0,80,0,40,0,0,10.47,0,0,0,1,67.66,11:45:10,9/22/2023,99.7,48.34,--.--
high,1,1133,18.88,15.51,4.2,2834,65.142,1.81,43.66758286,45:11.5,-8.1,14.6,233,0,0,0,0.2,0,0,0,-49.4,-47.6,-14.51,-29.574,0,0,9384.8,0:16:01,80.1,0,--.--,93,106.1,50,0000:00:00,63,0,80,0,40,0,0,0,0,0,0,1,65.14,11:45:11,9/22/2023,99.73,48.34,--.--
high,1,1134,18.9,15.52,5.14,2836,79.7728,1.9,43.68974197,45:12.5,-8.1,14.5,233,0,0,0,0.2,0,0,0,-49.3,-47.5,-14.48,-29.51,0,3.04,9384.8,0:16:02,80.7,0,--.--,93,106.8,50,0000:00:00,63,0,80,0,40,0,0,9.97,0,0,0,1,79.75,11:45:12,9/22/2023,99.73,48.34,--.--
high,1,1135,18.92,15.48,4.56,2837,70.5888,1.85,43.70934997,45:13.5,-7.8,15,233,0,0,0,0.2,0,0,0,-49.2,-47.4,-14.46,-29.456,0,2.99,9384.8,0:16:03,81.4,0,--.--,93,107.4,50,0000:00:00,63,0,80,0,40,0,0,9.81,0,0,0,1,70.58,11:45:13,9/22/2023,99.75,48.36,--.--
high,1,1136,18.93,15.52,4.04,2838,62.7008,1.8,43.72676686,45:14.5,-7.9,15.5,233,0,0,0,0.2,0,0,0,-49.2,-47.4,-14.45,-29.434,0,3.08,9384.8,0:16:04,82,0,--.--,93,108.1,50,0000:00:00,63,0,80,0,40,0,0,10.1,0,0,0,1,62.69,11:45:14,9/22/2023,99.75,48.34,--.--
high,1,1137,18.95,15.51,4.2,2839,65.142,1.81,43.74486186,45:15.5,-7.7,15.4,233,0,0,0,0.2,0,0,0,-49.2,-47.4,-14.46,-29.439,0,0,9384.8,0:16:05,82.6,0,--.--,93,108.6,50,0000:00:00,63,0,70,0,40,0,0,0,0,0,0,1,65.15,11:45:15,9/22/2023,99.77,48.34,--.--
high,1,1138,18.97,15.54,2.39,2840,37.1406,1.57,43.75517869,45:16.5,-7.5,15.1,234,0,0,0,0.2,0,0,0,-49.2,-47.4,-14.45,-29.437,0,0,9384.8,0:16:06,83.3,0,--.--,93,109.3,50,0000:00:00,63,0,20,0,40,0,0,0,0,0,0,1,37.14,11:45:16,9/22/2023,99.77,48.36,--.--
high,1,1139,18.98,15.57,2.65,2841,41.2605,1.62,43.76663994,45:17.5,-7.9,15.8,233,0,0,0,0.3,0,0,0,-49,-47.2,-14.4,-29.358,0,0,9391.5,0:16:07,84.1,0,--.--,93,110.2,50,0000:00:00,63,0,0,0,40,0,0,0,0,0,0,1,41.26,11:45:17,9/22/2023,99.79,48.36,--.--
high,1,1140,19,15.43,2.19,2842,33.7917,1.53,43.77602653,45:18.5,-7.2,15.1,229,0,0,0,0.5,0,0,0,-48.8,-47.1,-14.35,-29.251,0,0,9391.5,0:16:08,85.2,0,--.--,94,111.2,49,0000:00:00,63,0,0,0,40,0,0,0,0,0,0,1,33.8,11:45:18,9/22/2023,99.79,48.36,--.--
high,1,1141,19.02,15.32,11.6,2845,177.712,2.25,43.82539097,45:19.5,-3.9,17.6,229,0,0,0,0.5,0,0,0,-48.7,-46.9,-14.31,-29.158,0,0,9391.5,0:16:09,86.6,0,--.--,94,112.6,50,0000:00:00,63,0,0,0,40,0,0,0,0,0,0,1,177.68,11:45:19,9/22/2023,99.79,48.34,--.--
high,1,1142,19.03,15.32,12.18,2848,186.5976,2.27,43.87722364,45:20.5,-7.5,14.6,231,0,0,0,0,0,0,0,-48.8,0,0,-14.857,0,0,9573.5,0:16:10,98,0,--.--,276,76.9,48,0000:00:00,63,0,0,0,40,0,0,0,0,0,0,1,186.61,11:45:20,9/22/2023,99.82,48.34,--.--
high,1,1143,19.05,15.2,10.4,2851,158.08,2.2,43.92113475,45:21.5,-7.9,12.7,230,0,0,0,0.1,0,0,0,-48.9,0,0,-14.891,0,0,9573.5,0:16:11,97.3,0,--.--,276,72.1,54,0000:00:00,63,0,0,0,40,0,0,0,0,0,0,1,158.12,11:45:21,9/22/2023,99.82,48.34,--.--
high,1,1144,19.07,15.31,14.4,2855,220.464,2.34,43.98237475,45:22.5,-4.4,16.8,228,0,0,0,0.1,0,0,0,-48.8,0,0,-14.869,0,0,9573.5,0:16:12,96.5,0,--.--,275,71.3,50,0000:00:00,63,0,0,0,40,0,0,0,0,0,0,1,220.41,11:45:22,9/22/2023,99.82,48.34,--.--
high,1,1145,19.08,15.51,11.92,2857,184.8792,2.27,44.03373008,45:23.5,-7.7,13.6,228,0,0,0,0.1,0,0,0,-48.8,0,0,-14.869,0,0,9573.5,0:16:13,95.9,0,--.--,275,70.7,54,0000:00:00,63,0,0,0,40,0,0,0,0,0,0,1,184.86,11:45:23,9/22/2023,99.86,48.34,--.--
high,1,1146,19.1,15.29,12.03,2860,183.9387,2.26,44.08482417,45:24.5,-6.4,18.7,226,0,0,0,0.3,0,0,0.1,-48.6,0,0,-14.832,0,0,9573.5,0:16:14,95.4,0,--.--,275,70.1,50,0000:00:00,63,0,0,0,40,0,0,0,0,0,0,1,183.91,11:45:24,9/22/2023,99.86,48.34,--.--
high,1,1147,19.12,15.32,10.58,2864,162.0856,2.21,44.12984794,45:25.5,-10.7,17.7,226,0,0,0,0.4,0,0,0.1,-48.2,0,0,-14.714,0,0,9573.5,0:16:15,94.3,0,--.--,275,69,50,0000:00:00,63,0,0,0,40,0,0,0,0,0,0,1,162.05,11:45:25,9/22/2023,99.88,48.34,--.--
high,1,1148,19.13,15.31,11.42,2867,174.8402,2.24,44.17841467,45:26.5,-8.4,17.9,226,0,0,0,0.3,0,0,0.2,-47.6,0,0,-14.537,0,0,9573.5,0:16:16,93.3,0,--.--,275,68.1,51,0000:00:00,63,0,0,0,40,0,0,0,0,0,0,1,174.81,11:45:26,9/22/2023,99.88,48.34,--.--
high,1,1149,19.15,15.14,5.1,2869,77.214,1.89,44.199863,45:27.5,-7.6,17.5,225,0,0,0,0.3,0,0,0.2,-47,0,0,-14.36,0,0,9580.6,0:16:17,92,0,--.--,274,66.7,50,0000:00:00,63,0,0,0,40,0,0,0,0,0,0,1,77.24,11:45:27,9/22/2023,99.9,48.33,--.--
high,1,1150,19.17,15.18,14.62,2873,221.9316,2.35,44.26151067,45:28.5,-6.8,20.3,222,0,0,0,0.3,0,0,0.2,-46.4,0,0,-14.18,0,0,9580.6,0:16:18,90.8,0,--.--,274,65.4,49,0000:00:00,63,0,0,0,40,0,0,0,0,0,0,1,221.89,11:45:28,9/22/2023,99.91,48.33,--.--
high,1,1151,19.18,15.24,12.89,2877,196.4436,2.29,44.31607833,45:29.5,-6,21.2,221,0,0,0,0.3,0,0,0.1,-46.1,0,0,-14.065,0,0,9580.6,0:16:19,90.1,0,--.--,274,64.7,49,0000:00:00,63,0,0,0,40,0,0,0,0,0,0,1,196.4,11:45:29,9/22/2023,99.91,48.33,--.--
high,1,1152,19.2,15.26,13.06,2880,199.2956,2.3,44.37143822,45:30.5,-7,19,222,0,0,0,0.2,0,0,0.1,-45.9,0,0,-14.003,0,0,9936.3,0:16:20,87.9,0,--.--,274,62.6,50,0000:00:00,63,0,0,0,40,0,0,0,0,0,0,1,199.31,11:45:30,9/22/2023,99.93,48.33,--.--
high,1,1153,19.22,15.46,3.68,2883,56.8928,1.76,44.38724178,45:31.5,-9.9,15.1,224,0,0,0,0.1,0,0,0.1,-45.6,0,0,-13.935,0,0,9936.3,0:16:21,86.1,0,--.--,273,60.6,50,0000:00:00,63,0,0,0,40,0,0,0,0,0,0,1,56.87,11:45:31,9/22/2023,99.93,48.33,--.--
high,1,1154,19.23,15.31,14.57,2885,223.0667,2.35,44.44920475,45:32.5,-5.2,20.1,222,0,0,0,0.2,0,0,0.2,-45,0,0,-13.756,0,0,9936.3,0:16:22,84.6,0,--.--,274,59.3,55,0000:00:00,63,0,0,0,40,0,0,0,0,0,0,1,223.05,11:45:32,9/22/2023,99.93,48.33,--.--
high,1,1155,19.25,15.18,15.19,2889,230.5842,2.36,44.51325592,45:33.5,-7.7,18.8,222,0,0,0,0.2,0,0,0.2,-44.3,0,0,-13.533,0,0,9936.3,0:16:23,82.8,0,--.--,273,57.3,50,0000:00:00,63,0,0,0,40,0,0,0,0,0,0,1,230.58,11:45:33,9/22/2023,99.95,48.33,--.--
high,1,1156,19.27,15.25,12.83,2893,195.6575,2.29,44.56760522,45:34.5,-8.2,18.3,222,0,0,0,0.2,0,0,0.2,-43.6,0,0,-13.326,0,0,9943.5,0:16:24,80.9,0,--.--,274,55.5,50,0000:00:00,63,0,0,0,40,0,0,0,0,0,0,1,195.62,11:45:34,9/22/2023,99.95,48.29,--.--
high,1,1157,19.28,15.23,10.47,2896,159.4581,2.2,44.61189914,45:35.5,-8.1,17.7,223,0,0,0,0.1,0,0,0.2,-43.1,0,0,-13.171,0,0,10112.4,0:16:25,87,0,--.--,94,113,49,0000:00:00,63,0,0,0,40,0,0,0,0,0,0,1,159.49,11:45:35,9/22/2023,99.95,48.29,--.--
high,1,1158,19.3,15.33,9.96,2899,152.6868,2.18,44.65431214,45:36.5,-9.5,15.6,224,0,0,0,0.1,0,0,0.1,-42.8,0,0,-13.065,0,0,10277.7,0:16:26,77.3,0,--.--,272,51.7,49,0000:00:00,63,0,0,0,40,0,0,0,0,0,0,1,152.67,11:45:36,9/22/2023,99.99,48.29,--.--
high,1,1159,19.32,15.36,8.97,2901,137.7792,2.14,44.69258414,45:37.5,-8.6,16.1,223,0,0,0,0.1,0,0,0.1,-42.5,0,0,-12.976,0,0,10277.7,0:16:27,75.4,0,--.--,272,49.7,53,0000:00:00,63,0,0,0,40,0,0,0,0,0,0,1,137.75,11:45:37,9/22/2023,99.99,48.29,--.--
high,1,1160,19.33,15.24,12.24,2904,186.5376,2.27,44.74440014,45:38.5,-6.5,20.3,222,0,0,0,0.2,0,0,0.2,-42.1,0,0,-12.856,0,0,10277.7,0:16:28,73.6,0,--.--,271,51.8,52,0000:00:00,63,0,0,0,40,0,0,0,0,0,0,1,186.53,11:45:38,9/22/2023,100,48.29,--.--
high,1,1161,19.35,15.23,12.94,2908,197.0762,2.29,44.79914353,45:39.5,-7,19.3,222,0,0,0,0.2,0,0,0.2,-41.6,0,0,-12.698,0,0,10284.6,0:16:29,71.8,0,--.--,270,49.9,51,0000:00:00,63,0,0,0,40,0,0,0,0,0,0,1,197.06,11:45:39,9/22/2023,100.02,48.29,--.--
high,1,1162,19.37,15.39,6.75,2911,103.8825,2.02,44.82799978,45:40.5,-8.3,16.9,223,0,0,0,0.3,0,0,0.1,-41.2,0,0,-12.564,0,0,10284.6,0:16:30,70.9,0,--.--,270,45,52,0000:00:00,63,0,0,0,40,0,0,0,0,0,0,1,103.88,11:45:40,9/22/2023,100.02,48.29,--.--
high,1,1163,19.38,15.34,10.24,2913,157.0816,2.2,44.87163356,45:41.5,-7.3,19.1,223,0,0,0,0.3,0,0,0.1,-40.8,0,0,-12.451,0,0,10443.3,0:16:31,87,0,--.--,94,113,52,0000:00:00,63,0,0,0,40,0,0,0,0,0,0,1,157.07,11:45:41,9/22/2023,100.04,48.29,--.--
high,1,1164,19.4,15.27,11.58,2916,176.8266,2.25,44.92075206,45:42.5,-8.2,17,223,0,0,0,0.3,0,0,0.2,-40.3,0,0,-12.304,0,0,10599.3,0:16:32,66.6,0,--.--,269,40.6,56,0000:00:00,63,0,0,0,40,0,0,0,0,0,0,1,176.77,11:45:42,9/22/2023,100.04,48.29,--.--
high,1,1165,19.42,15.4,6.17,2919,95.018,1.98,44.94714594,45:43.5,-8.3,18.4,223,0,0,0,0.3,0,0,0.2,-39.6,0,0,-12.096,0,0,10599.3,0:16:33,64.5,0,--.--,270,38.6,53,0000:00:00,63,0,0,0,40,0,0,0,0,0,0,1,95.02,11:45:43,9/22/2023,100.06,48.29,--.--
high,1,1166,19.43,15.52,5.28,2920,81.9456,1.91,44.96990861,45:44.5,-8.5,14.2,224,0,0,0,0.5,0,0,0.2,-38.8,0,0,-11.876,0,0,10605.9,0:16:34,62.7,0,--.--,268,36.6,52,0000:00:00,63,0,0,0,40,0,0,0,0,0,0,1,81.96,11:45:44,9/22/2023,100.06,48.29,--.--
high,1,1167,19.45,15.11,12.04,2922,181.9244,2.26,45.02044317,45:45.5,-13,15.3,211,0,0,0,0.4,0,0,0.2,-38.1,0,0,-11.648,0,0,10605.9,0:16:35,61.1,0,--.--,268,35,48,0000:00:00,63,0,0,0,40,0,0,0,0,0,0,1,181.9,11:45:45,9/22/2023,100.08,48.29,--.--
high,1,1168,19.47,15.53,9.85,2923,152.9705,2.18,45.06293497,45:46.5,-15.1,11.4,209,0,0,0,0.6,0,0,0.1,-37.7,0,0,-11.505,0,0,10755.5,0:16:36,87,0,--.--,94,113,49,0000:00:00,63,0,0,0,40,0,0,0,0,0,0,1,153.01,11:45:46,9/22/2023,100.08,48.29,--.--
high,1,1169,19.48,15.53,2.39,2925,37.1167,1.57,45.07324517,45:47.5,-12.8,14.3,212,0,0,0,0.5,0,0,0.1,-37.5,0,0,-11.444,0,0,10902,0:16:37,59.6,0,--.--,269,33.6,50,0000:00:00,63,0,0,0,40,0,0,0,0,0,0,1,37.11,11:45:47,9/22/2023,100.09,48.29,--.--
high,1,1170,19.5,15.54,1.92,2925,29.8368,1.47,45.08153317,45:48.5,-14.2,14.1,211,0,0,0,0.5,0,0,0,-37.4,0,0,-11.408,0,0,10902,0:16:38,58,0,--.--,269,32,49,0000:00:00,63,0,0,0,40,0,0,0,0,0,0,1,29.83,11:45:48,9/22/2023,100.11,48.29,--.--
high,1,1171,19.52,15.18,14.73,2929,223.6014,2.35,45.14364467,45:49.5,-12.5,16.1,213,0,0,0,0.4,0,0,0,-37.3,0,0,-11.379,0,0,10902,0:16:39,57.1,0,--.--,269,31.2,48,0000:00:00,63,0,0,0,40,0,0,0,0,0,0,1,223.62,11:45:49,9/22/2023,100.11,48.29,--.--
high,1,1172,19.53,15.27,12.59,2932,192.2493,2.28,45.19704725,45:50.5,-13,14.2,210,0,0,0,0.4,0,0,0,-37.2,0,0,-11.354,0,0,10902,0:16:40,55.9,0,--.--,269,30.1,49,0000:00:00,63,0,0,0,40,0,0,0,0,0,0,1,192.19,11:45:50,9/22/2023,100.15,48.29,--.--
high,1,1173,19.55,15.54,2.36,2933,36.6744,1.56,45.20723458,45:51.5,-12.6,15.9,212,0,0,0,0.3,0,0,0,-37,0,0,-11.293,0,0,10902,0:16:41,55.2,0,--.--,272,29.8,50,0000:00:00,63,0,0,0,40,0,0,0,0,0,0,1,36.68,11:45:51,9/22/2023,100.15,48.29,--.--
high,1,1174,19.57,15.25,12.43,2938,189.5575,2.28,45.25988944,45:52.5,-14.6,15.5,212,0,0,0,0.2,0,0,0,-36.9,0,0,-11.247,0,0,11048.4,0:16:42,87,0,--.--,94,113,49,0000:00:00,63,0,0,0,40,0,0,0,0,0,0,1,189.56,11:45:52,9/22/2023,100.17,48.29,--.--
high,1,1175,19.58,15.17,15.3,2942,232.101,2.37,45.32436194,45:53.5,-13.4,16.5,212,0,0,0,0.1,0,0,0,-36.8,0,0,-11.221,0,0,11190.1,0:16:43,54.3,0,--.--,272,28.9,49,0000:00:00,63,0,0,0,40,0,0,0,0,0,0,1,232.09,11:45:53,9/22/2023,100.17,48.29,--.--
high,1,1176,19.6,15.27,12,2945,183.24,2.26,45.37526194,45:54.5,-14.3,14.8,210,0,0,0,0.1,0,0,-0.1,-37,0,0,-11.266,0,0,11190.1,0:16:44,53,0,--.--,272,27.6,49,0000:00:00,63,0,0,0,40,0,0,0,0,0,0,1,183.23,11:45:54,9/22/2023,100.18,48.29,--.--
high,1,1177,19.62,15.23,12.58,2949,191.5934,2.28,45.42848233,45:55.5,-13.7,12.1,207,0,0,0,0.3,0,0,-0.1,-37.4,0,0,-11.368,0,0,11190.1,0:16:45,52.2,0,--.--,272,26.8,50,0000:00:00,63,0,0,0,40,0,0,0,0,0,0,1,191.63,11:45:55,9/22/2023,100.18,48.29,--.--
high,1,1178,19.63,15.14,17.93,2953,271.4602,2.43,45.50388794,45:56.5,-19.3,5.6,176,0,0,0,0.5,0,0,0,-37.6,0,0,-11.457,0,0,11190.1,0:16:46,51.3,0,--.--,273,26.1,58,0000:00:00,63,0,0,0,40,0,0,0,0,0,0,1,271.39,11:45:56,9/22/2023,100.2,48.29,--.--
high,1,1179,19.65,15.1,15.02,2957,226.802,2.36,45.5668885,45:57.5,-18.2,8.6,161,0,0,0,0.2,0,0,0.1,-37.3,0,0,-11.388,0,0,11190.1,0:16:47,50.9,0,--.--,272,25.6,49,0000:00:00,63,0,0,0,40,0,0,0,0,0,0,1,226.82,11:45:57,9/22/2023,100.2,48.29,--.--
high,1,1180,19.67,15.15,15.26,2961,231.189,2.36,45.63110767,45:58.5,-20.8,9,154,0,0,0,0.2,0,0,-0.1,-37.3,0,0,-11.365,0,0,11469.3,0:16:48,50.2,0,--.--,274,25.3,42,0000:00:00,50,0,0,0,40,0,0,0,0,0,0,1,231.16,11:45:58,9/22/2023,100.22,48.29,--.--
high,1,1181,19.68,15.15,15.06,2965,228.159,2.36,45.69448517,45:59.5,-16.3,11.1,139,0,0,0,0.2,0,0,-0.1,-37.9,0,0,-11.538,0,0,11469.3,0:16:49,49.5,0,--.--,275,24.8,49,0000:00:00,42,0,0,0,40,0,0,0,0,0,0,1,228.2,11:45:59,9/22/2023,100.24,48.29,--.--
high,1,1182,19.7,15.5,1.54,2966,23.87,1.38,45.70111572,46:00.5,-16.2,11.3,140,0,0,0,0.1,0,0,-0.1,-38.4,0,0,-11.678,0,0,11469.3,0:16:50,49.2,0,--.--,276,24.9,49,0000:00:00,47,0,0,0,40,0,0,0,0,0,0,1,23.87,11:46:00,9/22/2023,100.24,48.29,--.--
high,1,1183,19.72,15.28,10.93,2969,167.0104,2.22,45.7475075,46:01.5,-19,9.8,140,0,0,0,0.1,0,0,-0.1,-38.6,0,0,-11.764,0,0,11469.3,0:16:51,48.6,0,--.--,276,24.3,50,0000:00:00,79,0,0,0,40,0,0,0,0,0,0,1,166.98,11:46:01,9/22/2023,100.24,48.29,--.--
high,1,1184,19.73,15.19,6.6,2971,100.254,2,45.77535583,46:02.5,-20.5,3.6,134,0,0,0,0.6,0,0,-0.2,-38.7,0,0,-11.788,0,0,11469.3,0:16:52,48.3,0,--.--,278,24.5,52,0000:00:00,100,0,0,0,40,0,0,0,0,0,0,1,100.23,11:46:02,9/22/2023,100.24,48.29,--.--
high,1,1185,19.75,15.06,17.37,2973,261.5922,2.42,45.84802033,46:03.5,-18.6,-1.4,118,0,0,0,0.7,0,0,0,-38.7,0,0,-11.81,0,0,11606.9,0:16:53,87,0,--.--,94,113,50,0000:00:00,100,0,0,0,40,0,0,0,0,0,0,1,261.52,11:46:03,9/22/2023,100.27,48.29,--.--
high,1,1186,19.77,15.25,11.18,2977,170.495,2.23,45.89538006,46:04.5,-19.7,-1.6,121,0,0,0,0.8,0,0,0,-38.5,0,0,-11.748,0,0,11742,0:16:54,48,0,--.--,279,24.6,49,0000:00:00,100,0,0,0,40,0,0,0,0,0,0,1,170.5,11:46:04,9/22/2023,100.27,48.29,--.--
high,1,1187,19.78,15.24,11.78,2980,179.5272,2.25,45.94524872,46:05.5,-19.9,-4.7,121,0,0,0,0.7,0,0,0,-38.6,0,0,-11.762,0,0,11742,0:16:55,47.4,0,--.--,278,23.8,49,0000:00:00,100,0,0,0,40,0,0,0,0,0,0,1,179.48,11:46:05,9/22/2023,100.27,48.29,--.--
high,1,1188,19.8,15.19,14.37,2984,218.2803,2.34,46.00588214,46:06.5,-21.4,-3,122,0,0,0,0.8,0,0,-0.1,-38.8,0,0,-11.82,0,0,11742,0:16:56,46.9,0,--.--,278,23.4,49,0000:00:00,100,0,0,0,40,0,0,0,0,0,0,1,218.27,11:46:06,9/22/2023,100.27,48.29,--.--
high,1,1189,19.82,15.14,14.37,2988,217.5618,2.34,46.06631597,46:07.5,-19.8,-1.9,125,0,0,0,0.7,0,0,0,-39.3,0,0,-11.944,0,0,11742,0:16:57,46.8,0,--.--,278,23.2,58,0000:00:00,100,0,0,0,40,0,0,0,0,0,0,1,217.5,11:46:07,9/22/2023,100.27,48.29,--.--
high,1,1190,19.83,14.99,20.6,2993,308.794,2.49,46.15209208,46:08.5,-25.4,4.6,139,0,0,0,0.8,0,0,0,-39.3,0,0,-11.978,0,0,11742,0:16:58,46.9,0,--.--,278,23.4,50,0000:00:00,100,0,0,0,40,0,0,0,0,0,0,1,308.88,11:46:08,9/22/2023,100.31,48.33,--.--
high,1,1191,19.85,15.13,14.8,2999,223.924,2.35,46.21429319,46:09.5,-24.2,2,139,0,0,0,0.8,0,0,0,-39.4,0,0,-11.997,0,0,12011,0:16:59,47,0,--.--,278,23.5,51,0000:00:00,100,0,0,0,40,0,0,0,0,0,0,1,223.85,11:46:09,9/22/2023,100.31,48.33,--.--
high,1,1192,19.87,15.11,17.12,3003,258.6832,2.41,46.28614964,46:10.5,-22.9,3.4,142,0,0,0,0.8,0,0,0,-39.4,0,0,-12.005,0,0,12011,0:17:00,47.4,0,--.--,279,24,53,0000:00:00,100,0,0,0,40,0,0,0,0,0,0,1,258.65,11:46:10,9/22/2023,100.31,48.33,--.--
high,1,1193,19.88,15.13,15.47,3008,234.0611,2.37,46.35116661,46:11.5,-21.6,4.1,145,0,0,0,0.8,0,0,0,-39.4,0,0,-12.018,0,0,12011,0:17:01,47.9,0,--.--,279,24.5,50,0000:00:00,100,0,0,0,40,0,0,0,0,0,0,1,234.05,11:46:11,9/22/2023,100.31,48.29,--.--
high,1,1194,19.9,15.12,15.28,3012,231.0336,2.36,46.41534261,46:12.5,-23.1,5.8,147,0,0,0,0.8,0,0,0,-39.6,0,0,-12.069,0,0,12011,0:17:02,48.5,0,--.--,279,24.9,57,0000:00:00,100,0,0,0,40,0,0,0,0,0,0,1,231.06,11:46:12,9/22/2023,100.33,48.29,--.--
high,1,1195,19.92,15.02,17.38,3017,261.0476,2.42,46.48785583,46:13.5,-21,9.5,168,0,0,0,0.7,0,0,0.1,-39.5,0,0,-12.042,0,0,12011,0:17:03,49.3,0,--.--,279,26,54,0000:00:00,100,0,0,0,40,0,0,0,0,0,0,1,261.1,11:46:13,9/22/2023,100.35,48.29,--.--
high,1,1196,19.93,15.07,17.96,3022,270.6572,2.43,46.56303839,46:14.5,-14.9,14.2,197,0,0,0,0.7,0,0,0.1,-39.2,0,0,-11.962,0,0,12145,0:17:04,87,0,--.--,94,113,54,0000:00:00,100,0,0,0,40,0,0,0,0,0,0,1,270.69,11:46:14,9/22/2023,100.35,48.33,--.--
high,1,1197,19.95,15.1,15.09,3026,227.859,2.36,46.62633256,46:15.5,-5,19,226,0,0,0,0.7,0,0,0.1,-38.8,0,0,-11.849,0,0,12283,0:17:05,53.3,0,--.--,264,26.9,54,0000:00:00,100,0,0,0,40,0,0,0,0,0,0,1,227.87,11:46:15,9/22/2023,100.36,48.33,--.--
high,1,1198,19.97,15.17,11.69,3031,177.3373,2.25,46.67559292,46:16.5,3.9,19.2,252,0,0,0,0.8,0,0,0.2,-38.3,0,0,-11.696,0,0,12292,0:17:06,55.8,0,--.--,257,29.2,59,0000:00:00,100,0,0,0,40,0,0,0,0,0,0,1,177.33,11:46:16,9/22/2023,100.36,48.29,--.--
high,1,1199,19.98,15.37,10.03,3034,154.1611,2.19,46.71841544,46:17.5,15,18.9,270,0,0,0,1,0,0,0.3,-37.5,0,0,-11.479,0,0,12299.3,0:17:07,53.9,0,--.--,264,27.4,68,0000:00:00,100,0,0,0,40,0,0,0,0,0,0,1,154.17,11:46:17,9/22/2023,100.36,48.29,--.--
high,1,1200,20,14.93,22.23,3037,331.8939,2.52,46.81060819,46:18.5,15.2,14.1,278,0,0,0,0.9,0,0,0.4,-36.4,0,0,-11.134,0,0,12299.3,0:17:08,53.3,0,--.--,267,27.2,64,0000:00:00,69,0,0,0,40,0,0,0,0,0,0,1,331.85,11:46:18,9/22/2023,100.35,48.29,--.--
high,1,1201,20.02,15.03,15.34,3043,230.5602,2.36,46.87465269,46:19.5,13.7,6,297,0,0,0,0.9,0,0,0.2,-35.5,0,0,-10.841,0,0,12307.1,0:17:09,52.4,0,--.--,272,27.1,62,0000:00:00,59,0,0,0,40,0,0,0,0,0,0,1,230.62,11:46:19,9/22/2023,100.35,48.29,--.--
high,1,1202,20.03,15.29,6.55,3046,100.1495,2,46.902472,46:20.5,17.2,7.1,299,0,0,0,0.7,0,0,0.2,-34.9,0,0,-10.669,0,0,12585.4,0:17:10,52.3,0,--.--,264,25.9,53,0000:00:00,59,0,0,0,40,0,0,0,0,0,0,1,100.18,11:46:20,9/22/2023,100.33,48.29,--.--
high,1,1203,20.05,15.13,15.43,3050,233.4559,2.37,46.96732086,46:21.5,17.4,8.9,282,0,0,0,0.9,0,0,0.1,-34.6,0,0,-10.553,0,0,12592.1,0:17:11,54.5,0,--.--,254,28.1,50,0000:00:00,51,0,0,0,40,0,0,0,0,0,0,1,233.44,11:46:21,9/22/2023,100.33,48.29,--.--
high,1,1204,20.07,15.33,5.54,3054,84.9282,1.93,46.99091203,46:22.5,12.5,17.1,269,0,0,0,0.8,0,0,0.2,-33.9,0,0,-10.363,0,0,12592.1,0:17:12,51.7,0,--.--,258,25.1,50,0000:00:00,51,0,0,0,40,0,0,0,0,0,0,1,84.95,11:46:22,9/22/2023,100.33,48.29,--.--
high,1,1205,20.08,15.12,16.74,3057,253.1088,2.4,47.06122003,46:23.5,17.9,6.9,280,0,0,0,0.5,0,0,0.1,-33.4,0,0,-10.185,0,0,12602.9,0:17:13,46.8,0,--.--,267,20.7,51,0000:00:00,51,0,0,0,40,0,0,0,0,0,0,1,253.14,11:46:23,9/22/2023,100.33,48.29,--.--
high,1,1206,20.1,14.93,22.69,3064,338.7617,2.53,47.1553205,46:24.5,21.3,6.9,306,0,0,0,0.3,0,0,0.2,-32.7,0,0,-9.999,0,0,12610.4,0:17:14,46.6,0,--.--,257,20,62,0000:00:00,51,0,0,0,40,0,0,0,0,0,0,1,338.83,11:46:24,9/22/2023,100.33,48.29,--.--
high,1,1207,20.12,15.16,3.94,3068,59.7304,1.78,47.17191228,46:25.5,20.2,2.2,327,0,0,0,0.5,0,0,0.1,-32.2,0,0,-9.821,0,0,12620.8,0:17:15,43.4,0,--.--,270,18,57,0000:00:00,51,0,0,0,40,0,0,0,0,0,0,1,59.74,11:46:25,9/22/2023,100.31,48.29,--.--
high,1,1208,20.13,15.05,12.66,3070,190.533,2.28,47.22483811,46:26.5,14.8,5.5,304,0,0,0,0.7,0,0,0.2,-31.8,0,0,-9.697,0,0,12620.8,0:17:16,43.6,0,--.--,264,17.2,55,0000:00:00,51,0,0,0,40,0,0,0,0,0,0,1,190.57,11:46:26,9/22/2023,100.27,48.29,--.--
high,1,1209,20.15,15.37,5.48,3074,84.2276,1.93,47.24823467,46:27.5,15.6,11.2,283,0,0,0,0.7,0,0,0.1,-31.4,0,0,-9.581,0,0,12643.3,0:17:17,41.3,0,--.--,277,17.9,50,0000:00:00,51,0,0,0,40,0,0,0,0,0,0,1,84.22,11:46:27,9/22/2023,100.27,48.29,--.--
high,1,1210,20.17,15.44,1.9,3077,29.336,1.47,47.25638356,46:28.5,18.6,9.6,278,0,0,0,0.8,0,0,0,-31.3,0,0,-9.537,0,0,12643.3,0:17:18,40.4,0,--.--,283,19.4,49,0000:00:00,51,0,0,0,40,0,0,0,0,0,0,1,29.34,11:46:28,9/22/2023,100.27,48.29,--.--
high,1,1211,20.18,15.33,13.9,3079,213.087,2.33,47.31557439,46:29.5,20.5,9.5,280,0,0,0,0.9,0,0,0,-31.2,0,0,-9.508,0,0,12650.3,0:17:19,39.3,0,--.--,287,19.9,51,0000:00:00,51,0,0,0,40,0,0,0,0,0,0,1,213.07,11:46:29,9/22/2023,100.27,48.29,--.--
high,1,1212,20.2,15.47,1.38,3080,21.3486,1.33,47.32150456,46:30.5,18.5,11.3,275,0,0,0,0.9,0,0,0,-31.1,0,0,-9.495,0,0,12650.3,0:17:20,38.7,0,--.--,287,19.8,50,0000:00:00,51,0,0,0,40,0,0,0,0,0,0,1,21.36,11:46:30,9/22/2023,100.27,48.27,--.--
high,1,1213,20.22,15.43,2.08,3080,32.0944,1.51,47.33041967,46:31.5,20.2,10.2,276,0,0,0,0.9,0,0,0,-31.1,0,0,-9.477,0,0,12900.1,0:17:21,37.8,0,--.--,287,19.1,50,0000:00:00,51,0,0,0,40,0,0,0,0,0,0,1,32.09,11:46:31,9/22/2023,100.27,48.27,--.--
high,1,1214,20.23,15.47,2.12,3081,32.7964,1.52,47.33952978,46:32.5,18,13.8,270,0,0,0,1,0,0,0,-31,0,0,-9.448,0,0,12900.1,0:17:22,36.2,0,--.--,289,18.5,52,0000:00:00,51,0,0,0,40,0,0,0,0,0,0,1,32.79,11:46:32,9/22/2023,100.27,48.29,--.--
high,1,1215,20.25,15.43,5.27,3084,81.3161,1.91,47.36211758,46:33.5,18.4,13.7,270,0,0,0,1,0,0,0.1,-30.9,0,0,-9.417,0,0,12900.1,0:17:23,34.1,0,--.--,290,17.5,50,0000:00:00,51,0,0,0,40,0,0,0,0,0,0,1,81.31,11:46:33,9/22/2023,100.27,48.29,--.--
high,1,1216,20.27,15.25,10.52,3086,160.43,2.21,47.40668147,46:34.5,19.2,14.4,270,0,0,0,1.1,0,0,0.1,-30.6,0,0,-9.342,0,0,12900.1,0:17:24,32.4,0,--.--,291,17.2,48,0000:00:00,51,0,0,0,40,0,0,0,0,0,0,1,160.44,11:46:34,9/22/2023,100.27,48.29,--.--
high,1,1217,20.28,15.3,10.58,3089,161.874,2.21,47.45164647,46:35.5,18.4,14.5,264,0,0,0,0.9,0,0,0.1,-30.3,0,0,-9.239,0,0,12907.5,0:17:25,30.8,0,--.--,292,16.5,49,0000:00:00,51,0,0,0,40,0,0,0,0,0,0,1,161.86,11:46:35,9/22/2023,100.24,48.27,--.--
high,1,1218,20.3,15.22,5.04,3090,76.7088,1.88,47.47295447,46:36.5,17.5,16.9,263,0,0,0,0.9,0,0,0.1,-30.1,0,0,-9.174,0,0,12907.5,0:17:26,30.8,0,--.--,292,16.5,49,0000:00:00,51,0,0,0,40,0,0,0,0,0,0,1,76.71,11:46:36,9/22/2023,100.24,48.27,--.--
high,1,1219,20.32,15.24,11.16,3091,170.0784,2.23,47.52019847,46:37.5,17.3,17.3,262,0,0,0,0.9,0,0,0,-30,0,0,-9.137,0,0,12907.5,0:17:27,27.2,0,--.--,294,15.9,49,0000:00:00,51,0,0,0,40,0,0,0,0,0,0,1,170.12,11:46:37,9/22/2023,100.24,48.27,--.--
high,1,1220,20.33,15.18,13.78,3095,209.1804,2.32,47.57830414,46:38.5,14.7,13.6,257,0,0,0,0.7,0,0,0,-30.1,0,0,-9.169,0,0,12907.5,0:17:28,26.1,0,--.--,294,16,50,0000:00:00,51,0,0,0,40,0,0,0,0,0,0,1,209.14,11:46:38,9/22/2023,100.24,48.29,--.--
high,1,1221,20.35,15.52,0.63,3095,9.7776,0.99,47.58102014,46:39.5,1.6,-8,244,0,0,0,0.6,0,0,-0.1,-30.2,0,0,-9.201,0,0,12914.2,0:17:29,24.3,0,--.--,295,16,49,0000:00:00,51,0,0,0,40,0,0,0,0,0,0,1,9.77,11:46:39,9/22/2023,100.24,48.27,--.--
high,1,1222,20.37,15.52,0.76,3097,11.7952,1.07,47.58429658,46:40.5,7.5,-9.4,230,0,0,0,0.5,0,0,0,-30.1,0,0,-9.166,0,0,12914.2,0:17:30,22.1,0,--.--,297,16.4,49,0000:00:00,51,0,0,0,40,0,0,0,0,0,0,1,11.79,11:46:40,9/22/2023,100.22,48.27,--.--
high,1,1223,20.38,15.52,0.61,3097,9.4672,0.98,47.58692636,46:41.5,12.7,-1.9,214,0,0,0,0.4,0,0,0,-30,0,0,-9.139,0,0,12914.2,0:17:31,21.4,0,--.--,298,16.7,49,0000:00:00,51,0,0,0,40,0,0,0,0,0,0,1,9.47,11:46:41,9/22/2023,100.22,48.27,--.--
high,1,1224,20.4,14.91,19.68,3099,293.4288,2.47,47.66843436,46:42.5,8.1,6.6,255,0,0,0,0.3,0,0,0.1,-29.9,0,0,-9.135,0,0,13130,0:17:32,19.5,0,--.--,303,18.3,63,0000:00:00,51,0,0,0,40,0,0,0,0,0,0,1,293.35,11:46:42,9/22/2023,100.22,48.29,--.--
high,1,1225,20.42,15.37,3.12,3103,47.9544,1.68,47.68175503,46:43.5,7.1,10.6,268,0,0,0,0.5,0,0,0.1,-29.6,0,0,-9.025,0,0,13130,0:17:33,18.5,0,--.--,302,18.2,49,0000:00:00,51,0,0,0,40,0,0,0,0,0,0,1,47.95,11:46:43,9/22/2023,100.22,48.27,--.--
high,1,1226,20.43,15.23,11.38,3105,173.3174,2.24,47.72989875,46:44.5,8.2,8.2,265,0,0,0,0.5,0,0,0,-29.3,0,0,-8.947,0,0,13130,0:17:34,16.8,0,--.--,304,19,51,0000:00:00,51,0,0,0,40,0,0,0,0,0,0,1,173.35,11:46:44,9/22/2023,100.22,48.27,--.--
high,1,1227,20.45,15.22,12.39,3108,188.5758,2.28,47.78228092,46:45.5,7.6,13.5,265,0,0,0,0.6,0,0,0.1,-29.2,0,0,-8.908,0,0,13137.1,0:17:35,13.4,0,--.--,306,20,49,0000:00:00,56,0,0,0,40,0,0,0,0,0,0,1,188.54,11:46:45,9/22/2023,100.22,48.27,--.--
high,1,1228,20.47,15.28,10.88,3112,166.2464,2.22,47.82846047,46:46.5,7.7,9,265,0,0,0,0.3,0,0,0,-29.2,0,0,-8.9,0,0,13137.1,0:17:36,12.1,0,--.--,312,21.7,50,0000:00:00,52,0,0,0,40,0,0,0,0,0,0,1,166.25,11:46:46,9/22/2023,100.22,48.29,--.--
high,1,1229,20.48,15.49,1.31,3113,20.2919,1.31,47.83409711,46:47.5,7.4,7.3,262,0,0,0,0.1,0,0,0.1,-29.1,0,0,-8.881,0,0,13235.8,0:17:37,87,0,--.--,94,113,51,0000:00:00,20,0,0,0,40,0,0,0,0,0,0,1,20.29,11:46:47,9/22/2023,100.22,48.27,--.--
high,1,1230,20.5,15.47,2.45,3114,37.9015,1.58,47.84462531,46:48.5,7.8,8.6,266,0,0,0,0.3,0,0,0.1,-28.9,0,0,-8.808,0,0,13330.3,0:17:38,9.5,0,--.--,314,22.5,48,0000:00:00,0,0,0,0,40,0,0,0,0,0,0,1,37.9,11:46:48,9/22/2023,100.22,48.27,--.--
high,1,1231,20.52,15.23,8.75,3116,133.2625,2.12,47.88164267,46:49.6,8.6,15.1,270,0,0,0,0.2,0,0,-0.1,-28.9,0,0,-8.805,0,0,13330.3,0:17:39,7.2,0,--.--,325,24.6,45,0000:00:00,0,0,0,0,40,0,0,0,0,0,0,1,133.25,11:46:49,9/22/2023,100.2,48.27,--.--
high,1,1232,20.53,15.25,11.96,3119,182.39,2.26,47.93230656,46:50.5,7.3,10.9,267,0,0,0,0.3,0,0,0,-29,0,0,-8.853,0,0,13330.3,0:17:40,5.1,0,--.--,347,27,49,0000:00:00,26,0,0,0,40,0,0,0,0,0,0,1,182.35,11:46:50,9/22/2023,100.2,48.27,--.--
high,1,1233,20.55,15.35,9.54,3120,146.439,2.17,47.97298406,46:51.5,8.6,8.1,266,0,0,0,0.4,0,0,0.1,-28.8,0,0,-8.79,0,0,13337.3,0:17:41,4.6,0,--.--,12,28.7,48,0000:00:00,30,0,0,0,40,0,0,0,0,0,0,1,146.43,11:46:51,9/22/2023,100.2,48.27,--.--
high,1,1234,20.57,15.24,17.85,3124,272.034,2.43,48.04854906,46:52.5,6.6,15,268,0,0,0,0.4,0,0,0.1,-28.4,0,0,-8.674,0,0,13337.3,0:17:42,5,0,--.--,39,30.7,48,0000:00:00,30,0,0,0,40,0,0,0,0,0,0,1,271.98,11:46:52,9/22/2023,100.2,48.27,--.--
high,1,1235,20.58,15.27,9.98,3128,152.3946,2.18,48.09088089,46:53.5,8.8,8.5,269,0,0,0,0.3,0,0,0.1,-28.3,0,0,-8.62,0,0,13424.9,0:17:43,87,0,--.--,94,113,50,0000:00:00,30,0,0,0,40,0,0,0,0,0,0,1,152.38,11:46:53,9/22/2023,100.2,48.27,--.--
high,1,1236,20.6,15.23,3.72,3128,56.6556,1.75,48.10661856,46:54.5,8.6,8.7,270,0,0,0,0.2,0,0,0.1,-28.2,0,0,-8.59,0,0,13507.6,0:17:44,8.4,0,--.--,70,35,50,0000:00:00,30,0,0,0,40,0,0,0,0,0,0,1,56.67,11:46:54,9/22/2023,100.2,48.27,--.--
high,1,1237,20.62,15.5,1.12,3130,17.36,1.24,48.11144078,46:55.5,8.6,9.3,268,0,0,0,0.2,0,0,0,-28.3,0,0,-8.611,0,0,13507.6,0:17:45,11,0,--.--,76,37.6,50,0000:00:00,30,0,0,0,40,0,0,0,0,0,0,1,17.36,11:46:55,9/22/2023,100.2,48.27,--.--
high,1,1238,20.63,15.38,5.87,3131,90.2806,1.96,48.13651872,46:56.5,8.1,6.2,266,0,0,0,0.3,0,0,-0.1,-28.4,0,0,-8.66,0,0,13515.2,0:17:46,13.6,0,--.--,81,40.2,54,0000:00:00,30,0,0,0,40,0,0,0,0,0,0,1,90.3,11:46:56,9/22/2023,100.2,48.27,--.--
high,1,1239,20.65,15.18,14.27,3135,216.6186,2.34,48.19669056,46:57.5,7.8,8.6,266,0,0,0,0.3,0,0,0,-28.5,0,0,-8.691,0,0,13515.2,0:17:47,15.9,0,--.--,81,42.5,49,0000:00:00,30,0,0,0,40,0,0,0,0,0,0,1,216.63,11:46:57,9/22/2023,100.2,48.29,--.--
high,1,1240,20.67,15.49,9.7,3137,150.253,2.18,48.2384275,46:58.5,7.8,12.5,267,0,0,0,0.2,0,0,0,-28.5,0,0,-8.685,0,0,13515.2,0:17:48,16.7,0,--.--,84,43.3,50,0000:00:00,30,0,0,0,40,0,0,0,0,0,0,1,150.21,11:46:58,9/22/2023,100.2,48.27,--.--
high,1,1241,20.68,15.49,1.59,3138,24.6291,1.39,48.24526892,46:59.5,8.1,13.2,268,0,0,0,0.3,0,0,0,-28.3,0,0,-8.646,0,0,13660,0:17:49,17.7,0,--.--,85,44.3,50,0000:00:00,30,0,0,0,40,0,0,0,0,0,0,1,24.63,11:46:59,9/22/2023,100.2,48.29,--.--
high,1,1242,20.7,15.39,9.81,3141,150.9759,2.18,48.28720667,47:00.5,10.1,8,283,0,0,0,0.3,0,0,0.1,-28.2,0,0,-8.603,0,0,13660,0:17:50,20,0,--.--,86,46.6,56,0000:00:00,30,0,0,0,40,0,0,0,0,0,0,1,150.98,11:47:00,9/22/2023,100.2,48.29,--.--
high,1,1243,20.72,15.48,4.51,3144,69.8148,1.84,48.30659967,47:01.5,10.1,5.4,290,0,0,0,0.3,0,0,0.2,-27.7,0,0,-8.467,0,0,13660,0:17:51,21.5,0,--.--,87,48,52,0000:00:00,30,0,0,0,40,0,0,0,0,0,0,1,69.8,11:47:01,9/22/2023,100.2,48.27,--.--
high,1,1244,20.73,15.39,3.35,3145,51.5565,1.71,48.32092092,47:02.5,10.9,11.7,298,0,0,0,0.3,0,0,0.4,-27.1,0,0,-8.271,0,0,13660,0:17:52,23.4,0,--.--,90,49.8,70,0000:00:00,30,0,0,0,40,0,0,0,0,0,0,1,51.57,11:47:02,9/22/2023,100.2,48.29,--.--
high,1,1245,20.75,15.24,11.06,3148,168.5544,2.23,48.36774158,47:03.5,11.4,9.6,299,0,0,0,0.3,0,0,0.4,-26,0,0,-7.966,0,0,13667.1,0:17:53,24.6,0,--.--,90,51,70,0000:00:00,30,0,0,0,40,0,0,0,0,0,0,1,168.57,11:47:03,9/22/2023,100.2,48.29,--.--
high,1,1246,20.77,15.21,3.06,3151,46.5426,1.67,48.38067008,47:04.5,11,4.1,310,0,0,0,0.3,0,0,0.2,-25.1,0,0,-7.669,0,0,13667.1,0:17:54,25.6,0,--.--,88,52,49,0000:00:00,30,0,0,0,40,0,0,0,0,0,0,1,46.53,11:47:04,9/22/2023,100.2,48.29,--.--
high,1,1247,20.78,15.37,7.38,3152,113.4306,2.05,48.41217858,47:05.5,12.5,7.6,316,0,0,0,0.3,0,0,0.4,-24.3,0,0,-7.425,0,0,13667.1,0:17:55,26.4,0,--.--,87,52.9,70,0000:00:00,30,0,0,0,40,0,0,0,0,0,0,1,113.44,11:47:05,9/22/2023,100.18,48.29,--.--
high,1,1248,20.8,15.23,11.62,3155,176.9726,2.25,48.46133764,47:06.5,9.9,4,320,0,0,0,0.3,0,0,0.2,-23,0,0,-7.035,0,0,13667.1,0:17:56,27.7,0,--.--,89,54.1,49,0000:00:00,12,0,0,0,40,0,0,0,0,0,0,1,177,11:47:06,9/22/2023,100.18,48.27,--.--
high,1,1249,20.82,15.47,4.92,3156,76.1124,1.88,48.48247997,47:07.6,10.1,-1,335,0,0,0,0.3,0,0,0.2,-22.3,0,0,-6.801,0,0,13667.1,0:17:57,29.7,0,--.--,90,56.1,55,0000:00:00,12,0,0,0,40,0,0,0,0,0,0,1,76.13,11:47:07,9/22/2023,100.18,48.27,--.--
high,1,1250,20.83,15.47,2,3157,30.94,1.49,48.49107442,47:08.5,10.5,-0.3,359,0,0,0,0.3,0,0,0.3,-21.3,0,0,-6.534,0,0,13667.1,0:17:58,30.9,0,--.--,90,57.3,58,0000:00:00,12,0,0,0,40,0,0,0,0,0,0,1,30.94,11:47:08,9/22/2023,100.18,48.27,--.--
high,1,1251,20.85,15.31,1.96,3158,30.0076,1.48,48.49940986,47:09.5,9.4,0.5,13,0,0,0,0.2,0,0,0.4,-20.3,0,0,-6.215,0,0,13674.2,0:17:59,31.7,0,--.--,90,58.1,70,0000:00:00,12,0,0,0,40,0,0,0,0,0,0,1,30,11:47:09,9/22/2023,100.17,48.27,--.--
high,1,1252,20.87,15.52,3.07,3160,47.6464,1.68,48.51264497,47:10.6,6.9,0.8,25,0,0,0,0.2,0,0,0.2,-19.2,0,0,-5.868,0,0,13784.2,0:18:00,33.4,0,--.--,90,59.7,49,0000:00:00,12,0,0,0,40,0,0,0,0,0,0,1,47.63,11:47:10,9/22/2023,100.17,48.27,--.--
high,1,1253,20.88,15.49,0.82,3161,12.7018,1.1,48.51617325,47:11.5,5,-1.4,42,0,0,0,0.2,0,0,0.1,-18.8,0,0,-5.744,0,0,13784.2,0:18:01,35,0,--.--,91,57.3,49,0000:00:00,12,0,0,0,40,0,0,0,0,0,0,1,12.7,11:47:11,9/22/2023,100.17,48.27,--.--
high,1,1254,20.9,15.19,8.65,3162,131.3935,2.12,48.55267144,47:12.5,3.9,1.5,51,0,0,0,0.2,0,0,0.1,-18.6,0,0,-5.665,0,0,13784.2,0:18:02,35.7,0,--.--,90,58,49,0000:00:00,12,0,0,0,40,0,0,0,0,0,0,1,131.38,11:47:12,9/22/2023,100.17,48.27,--.--
high,1,1255,20.92,15.21,12.6,3165,191.646,2.28,48.60590644,47:13.5,6.1,-8.5,47,0,0,0,0.3,0,0,-0.1,-18.4,0,0,-5.615,0,0,13784.2,0:18:03,38,0,--.--,91,64.3,43,0000:00:00,12,0,0,0,40,0,0,0,0,0,0,1,191.65,11:47:13,9/22/2023,100.17,48.27,--.--
high,1,1256,20.93,15.19,12.61,3169,191.5459,2.28,48.65911364,47:14.5,7.5,-5,56,0,0,0,0.3,0,0,-0.1,-18.6,0,0,-5.678,0,0,13790.8,0:18:04,39,0,--.--,93,65.2,50,0000:00:00,12,0,0,0,40,0,0,0,0,0,0,1,191.48,11:47:14,9/22/2023,100.17,48.27,--.--
high,1,1257,20.95,15.18,16.87,3172,256.0866,2.41,48.73024881,47:15.5,8,-2.4,59,0,0,0,0.3,0,0,-0.1,-19,0,0,-5.773,0,0,13790.8,0:18:05,39.4,0,--.--,94,65.6,49,0000:00:00,12,0,0,0,40,0,0,0,0,0,0,1,256,11:47:15,9/22/2023,100.15,48.27,--.--
high,1,1258,20.97,15.2,16.91,3176,257.032,2.41,48.80164658,47:16.6,7,-5.6,64,0,0,0,0.3,0,0,-0.1,-19.3,0,0,-5.866,0,0,13790.8,0:18:06,39.8,0,--.--,94,65.9,49,0000:00:00,12,0,0,0,40,0,0,0,0,0,0,1,256.98,11:47:16,9/22/2023,100.15,48.29,--.--
high,1,1259,20.98,15.2,12.88,3180,195.776,2.29,48.85602881,47:17.6,8.6,-6.2,59,0,0,0,0.2,0,0,-0.1,-19.5,0,0,-5.95,0,0,13790.8,0:18:07,39.7,0,--.--,93,65.9,49,0000:00:00,12,0,0,0,40,0,0,0,0,0,0,1,195.71,11:47:17,9/22/2023,100.17,48.29,--.--
high,1,1260,21,15.19,12.35,3184,187.5965,2.27,48.90813894,47:18.6,7.1,-5.5,59,0,0,0,0.2,0,0,-0.1,-19.8,0,0,-6.016,0,0,13790.8,0:18:08,39.9,0,--.--,94,66,50,0000:00:00,12,0,0,0,40,0,0,0,0,0,0,1,187.55,11:47:18,9/22/2023,100.15,48.29,--.--
high,1,1261,21.02,15.19,12.34,3187,187.4446,2.27,48.96020689,47:19.6,7,-4.4,60,0,0,0,0.3,0,0,0,-19.9,0,0,-6.073,0,0,13790.8,0:18:09,40,0,--.--,94,66.1,50,0000:00:00,12,0,0,0,40,0,0,0,0,0,0,1,187.43,11:47:19,9/22/2023,100.17,48.29,--.--
high,1,1262,21.03,15.24,10.09,3191,153.7716,2.19,49.00292122,47:20.6,6.8,-8.9,57,0,0,0,0.4,0,0,0,-20.1,0,0,-6.132,0,0,13790.8,0:18:10,40,0,--.--,95,66.1,49,0000:00:00,12,0,0,0,40,0,0,0,0,0,0,1,153.74,11:47:20,9/22/2023,100.17,48.29,--.--
high,1,1263,21.05,15.14,10.15,3193,153.671,2.19,49.04560761,47:21.6,10.4,-3.2,58,0,0,0,0.4,0,0,0.2,-20.3,0,0,-6.183,0,0,13886.1,0:18:11,39.8,0,--.--,94,65.9,55,0000:00:00,12,0,0,0,40,0,0,0,0,0,0,1,153.72,11:47:21,9/22/2023,100.17,48.29,--.--
high,1,1264,21.07,15.26,10.22,3198,155.9572,2.19,49.08892906,47:22.6,9,-4.2,51,0,0,0,0.4,0,0,-0.1,-20.3,0,0,-6.185,0,0,13886.1,0:18:12,39.9,0,--.--,95,65.9,48,0000:00:00,12,0,0,0,40,0,0,0,0,0,0,1,155.93,11:47:22,9/22/2023,100.17,48.29,--.--
high,1,1265,21.08,15.18,14.1,3201,214.038,2.33,49.14838406,47:23.6,8.1,-4.9,56,0,0,0,0.4,0,0,-0.1,-20.7,0,0,-6.302,0,0,13886.1,0:18:13,39.9,0,--.--,95,65.9,49,0000:00:00,12,0,0,0,40,0,0,0,0,0,0,1,214.04,11:47:23,9/22/2023,100.17,48.29,--.--
high,1,1266,21.1,15.13,10.23,3204,154.7799,2.19,49.19137847,47:24.6,8.1,-1.4,45,0,0,0,0.5,0,0,-0.1,-20.9,0,0,-6.362,0,0,13886.1,0:18:14,39.9,0,--.--,97,65.7,50,0000:00:00,12,0,0,0,40,0,0,0,0,0,0,1,154.79,11:47:24,9/22/2023,100.17,48.29,--.--
high,1,1267,21.12,15.23,10.5,3207,159.915,2.2,49.23579931,47:25.6,9.9,-5.8,49,0,0,0,0.5,0,0,-0.1,-21,0,0,-6.414,0,0,13886.1,0:18:15,39.5,0,--.--,96,65.5,50,0000:00:00,12,0,0,0,40,0,0,0,0,0,0,1,159.87,11:47:25,9/22/2023,100.18,48.27,--.--
high,1,1268,21.13,15.23,10.32,3210,157.1736,2.2,49.27945864,47:26.6,7.9,-4,59,0,0,0,0.5,0,0,-0.1,-21.2,0,0,-6.446,0,0,13886.1,0:18:16,39.9,0,--.--,99,65.7,46,0000:00:00,12,0,0,0,40,0,0,0,0,0,0,1,157.2,11:47:26,9/22/2023,100.17,48.29,--.--
high,1,1269,21.15,15.21,11.83,3214,179.9343,2.26,49.32944039,47:27.6,6.9,-0.9,69,0,0,0,0.4,0,0,-0.1,-21.4,0,0,-6.521,0,0,13886.1,0:18:17,40.2,0,--.--,100,65.8,49,0000:00:00,12,0,0,0,40,0,0,0,0,0,0,1,179.95,11:47:27,9/22/2023,100.17,48.27,--.--
high,1,1270,21.17,15.22,11.57,3217,176.0954,2.25,49.37835578,47:28.6,10.9,-4,87,0,0,0,0.4,0,0,-0.1,-21.7,0,0,-6.622,0,0,13886.1,0:18:18,40.6,0,--.--,101,66,49,0000:00:00,12,0,0,0,40,0,0,0,0,0,0,1,176.15,11:47:28,9/22/2023,100.17,48.29,--.--
high,1,1271,21.18,15.21,10.79,3220,164.1159,2.22,49.42394353,47:29.6,8.7,-7.3,83,0,0,0,0.3,0,0,-0.1,-22.1,0,0,-6.717,0,0,13886.1,0:18:19,40.9,0,--.--,101,66.3,50,0000:00:00,12,0,0,0,40,0,0,0,0,0,0,1,164.09,11:47:29,9/22/2023,100.17,48.27,--.--
high,1,1272,21.2,15.19,11.37,3223,172.7103,2.24,49.47191861,47:30.6,9.4,-7.5,69,0,0,0,0.3,0,0,-0.1,-22.3,0,0,-6.801,0,0,13886.1,0:18:20,41.3,0,--.--,102,66.7,49,0000:00:00,12,0,0,0,40,0,0,0,0,0,0,1,172.74,11:47:30,9/22/2023,100.17,48.29,--.--
high,1,1273,21.22,15.22,10.26,3226,156.1572,2.19,49.51529561,47:31.6,9.9,-7,71,0,0,0,0.3,0,0,-0.1,-22.7,0,0,-6.915,0,0,13892.9,0:18:21,41.5,0,--.--,102,66.8,66,0000:00:00,12,0,0,0,40,0,0,0,0,0,0,1,156.15,11:47:31,9/22/2023,100.17,48.27,--.--
high,1,1274,21.23,14.99,15.21,3230,227.9979,2.36,49.57862836,47:32.6,11,-1.9,65,0,0,0,0.3,0,0,0.1,-22.8,0,0,-6.957,0,0,13985.5,0:18:22,41.4,0,--.--,102,66.8,70,0000:00:00,12,0,0,0,40,0,0,0,0,0,0,1,228,11:47:32,9/22/2023,100.17,48.27,--.--
high,1,1275,21.25,14.95,20.35,3235,304.2325,2.48,49.66313739,47:33.6,10.7,-4.2,61,0,0,0,0.3,0,0,0.1,-22.5,0,0,-6.855,0,0,13985.5,0:18:23,41.2,0,--.--,101,66.7,70,0000:00:00,12,0,0,0,40,0,0,0,0,0,0,1,304.25,11:47:33,9/22/2023,100.17,48.27,--.--
high,1,1276,21.27,14.94,20.5,3241,306.27,2.49,49.74821239,47:34.6,10.5,-2.9,61,0,0,0,0.4,0,0,0.2,-21.7,0,0,-6.64,0,0,13985.5,0:18:24,41.2,0,--.--,102,66.6,70,0000:00:00,12,0,0,0,40,0,0,0,0,0,0,1,306.33,11:47:34,9/22/2023,100.17,48.27,--.--
high,1,1277,21.28,14.91,20.96,3246,312.5136,2.49,49.83502172,47:35.6,10.7,-2.3,61,0,0,0,0.3,0,0,0.3,-20.7,0,0,-6.338,0,0,13985.5,0:18:25,41.3,0,--.--,103,66.6,70,0000:00:00,12,0,0,0,40,0,0,0,0,0,0,1,312.58,11:47:35,9/22/2023,100.17,48.27,--.--
high,1,1278,21.3,14.85,22.33,3252,331.6005,2.52,49.92713297,47:36.6,11,-2.8,61,0,0,0,0.3,0,0,0.3,-19.7,0,0,-6.018,0,0,13985.5,0:18:26,41.6,0,--.--,104,66.7,70,0000:00:00,12,0,0,0,40,0,0,0,0,0,0,1,331.65,11:47:36,9/22/2023,100.17,48.27,--.--
high,1,1279,21.32,14.85,22.16,3259,329.076,2.52,50.01854297,47:37.6,11,-7.4,60,0,0,0,0.2,0,0,0.1,-18.8,0,0,-5.751,0,0,13985.5,0:18:27,41.5,0,--.--,102,66.8,50,0000:00:00,12,0,0,0,40,0,0,0,0,0,0,1,329.16,11:47:37,9/22/2023,100.17,48.25,--.--
high,0,1280,21.33,15.09,13.25,3264,199.9425,2.3,50.07408256,47:38.6,9.7,-9,60,0,0,0,0.1,0,0,-0.1,-19,0,0,-5.788,0,0,13985.5,0:18:28,41.8,0,--.--,103,67,50,0000:00:00,12,0,0,0,40,0,0,0,0,0,0,1,199.97,11:47:38,9/22/2023,100.18,48.25,--.--
high,0,1281,21.35,15.22,18.32,3268,278.8304,2.45,50.15153544,47:39.6,10.5,-0.7,60,0,0,0,0.2,0,0,0.2,-19.2,0,0,-5.851,0,0,13985.5,0:18:29,42.2,0,--.--,103,67.4,69,0000:00:00,12,0,0,0,40,0,0,0,0,0,0,1,278.81,11:47:39,9/22/2023,100.18,48.25,--.--
high,0,1282,21.37,14.87,21.79,3272,324.0173,2.51,50.24154025,47:40.6,10.8,-4.6,47,0,0,0,0.2,0,0,0.2,-18.5,0,0,-5.643,0,0,13985.5,0:18:30,42.6,0,--.--,103,67.8,68,0000:00:00,12,0,0,0,40,0,0,0,0,0,0,1,323.93,11:47:40,9/22/2023,100.18,48.27,--.--
high,0,1283,21.38,14.89,21.54,3278,320.7306,2.51,50.33063208,47:41.6,11.6,-3.1,37,0,0,0,0.3,0,0,0.2,-17.6,0,0,-5.372,0,0,13985.5,0:18:31,42.9,0,--.--,104,68,69,0000:00:00,12,0,0,0,40,0,0,0,0,0,0,1,320.67,11:47:41,9/22/2023,100.18,48.25,--.--
high,0,1284,21.4,14.89,21.1,3284,314.179,2.5,50.41790403,47:42.6,11.5,1.5,28,0,0,0,0.3,0,0,0.2,-16.8,0,0,-5.143,0,0,13985.5,0:18:32,43,0,--.--,104,68.1,69,0000:00:00,12,0,0,0,40,0,0,0,0,0,0,1,314.12,11:47:42,9/22/2023,100.18,48.25,--.--
high,0,1285,21.42,14.88,21.63,3290,321.8544,2.51,50.50730803,47:43.6,11.3,-2.9,20,0,0,0,0.4,0,0,0.1,-16.2,0,0,-4.947,0,0,14077,0:18:33,43.4,0,--.--,105,68.3,70,0000:00:00,12,0,0,0,40,0,0,0,0,0,0,1,321.88,11:47:43,9/22/2023,100.18,48.22,--.--
high,0,1286,21.43,14.82,23.08,3296,342.0456,2.53,50.60232069,47:44.6,12.2,0.2,19,0,0,0,0.3,0,0,0.2,-15.7,0,0,-4.782,0,0,14077,0:18:34,43.8,0,--.--,105,68.7,70,0000:00:00,12,0,0,0,40,0,0,0,0,0,0,1,341.98,11:47:44,9/22/2023,100.18,48.25,--.--
high,0,1287,21.45,14.82,22.2,3302,329.004,2.52,50.69371069,47:45.6,11.8,1.2,19,0,0,0,0.3,0,0,0.2,-15,0,0,-4.576,0,0,14077,0:18:35,44.1,0,--.--,105,69,70,0000:00:00,12,0,0,0,40,0,0,0,0,0,0,1,328.94,11:47:45,9/22/2023,100.18,48.29,--.--
high,0,1288,21.47,14.85,21.84,3308,324.324,2.51,50.78380069,47:46.6,11.9,-0.8,18,0,0,0,0.3,0,0,0.2,-14.2,0,0,-4.351,0,0,14077,0:18:36,44.6,0,--.--,106,69.5,70,0000:00:00,12,0,0,0,40,0,0,0,0,0,0,1,324.32,11:47:46,9/22/2023,100.18,48.29,--.--
high,0,1289,21.48,14.81,22.88,3314,338.8528,2.53,50.87792647,47:47.6,12.5,-1.4,15,0,0,0,0.3,0,0,0.3,-13.3,0,0,-4.07,0,0,14077,0:18:37,45.4,0,--.--,108,70,70,0000:00:00,12,0,0,0,40,0,0,0,0,0,0,1,338.9,11:47:47,9/22/2023,100.2,48.29,--.--
high,0,1290,21.5,15.01,14.82,3320,222.4482,2.35,50.93971764,47:48.6,13,-3,8,0,0,0,0.2,0,0,0.3,-12.3,0,0,-3.758,0,0,14122.2,0:18:38,87,0,--.--,94,113,70,0000:00:00,12,0,0,0,40,0,0,0,0,0,0,1,222.49,11:47:48,9/22/2023,100.18,48.34,--.--
high,0,1291,21.52,14.63,43.12,3327,630.8456,2.8,51.11495253,47:49.6,19.3,-15.2,353,0,0,0,0.3,0,0,0.2,-11.5,0,0,-3.505,0,0,14166.1,0:18:39,47.3,0,--.--,111,71.3,69,0000:00:00,12,0,0,0,40,0,0,0,0,0,0,1,630.85,11:47:49,9/22/2023,100.18,48.34,--.--
high,0,1292,21.53,13.72,60.39,3342,828.5508,2.92,51.34510553,47:50.6,24.5,-13.1,323,0,0,0,0.1,0,0,0.2,-10.9,0,0,-3.321,0,0,14166.1,0:18:40,48.8,0,--.--,112,72.7,69,0000:00:00,12,0,0,0,40,0,0,0,0,0,0,1,828.37,11:47:50,9/22/2023,100.18,48.34,--.--
high,0,1293,21.55,13.54,70.31,3360,951.9974,2.98,51.60954925,47:51.6,7.2,14.6,282,0,0,0,0.3,0,0,0.3,-10.2,0,0,-3.103,0,0,14166.1,0:18:41,50.8,0,--.--,115,74,69,0000:00:00,12,0,0,0,40,0,0,0,0,0,0,1,951.65,11:47:51,9/22/2023,100.17,48.36,--.--
high,0,1294,21.57,13.85,47.79,3378,661.8915,2.82,51.793408,47:52.6,-6.3,16.1,283,0,0,0,0.2,0,0,0.4,-9.6,0,0,-2.926,0,0,14172.9,0:18:42,52,0,--.--,116,75,70,0000:00:00,12,0,0,0,40,0,0,0,0,0,0,1,661.8,11:47:52,9/22/2023,100.18,48.36,--.--
high,0,1295,21.58,14.08,46.81,3391,659.0848,2.82,51.97648711,47:53.6,-11.7,13.8,267,0,0,0,0.5,0,0,0.4,-8.4,0,0,-2.582,0,0,14172.9,0:18:43,52.5,0,--.--,117,75.3,69,0000:00:00,12,0,0,0,40,0,0,0,0,0,0,1,659.18,11:47:53,9/22/2023,100.2,48.38,--.--
high,0,1296,21.6,14.36,32.09,3404,460.8124,2.66,52.10449056,47:54.6,-9.6,19.5,276,0,0,0,0.2,0,0,0.4,-7.2,0,0,-2.193,0,0,14216.2,0:18:44,87,0,--.--,94,113,69,0000:00:00,12,0,0,0,40,0,0,0,0,0,0,1,460.81,11:47:54,9/22/2023,100.22,48.42,--.--
high,0,1297,21.62,14.19,53.97,3415,765.8343,2.88,52.31722231,47:55.6,-11.8,15.3,265,0,0,0,0.4,0,0,0.3,-6,0,0,-1.827,0,0,14259.7,0:18:45,53.5,0,--.--,117,76.3,69,0000:00:00,12,0,0,0,40,0,0,0,0,0,0,1,765.73,11:47:55,9/22/2023,100.24,48.42,--.--
high,0,1298,21.63,13.99,49.82,3429,696.9818,2.84,52.51082836,47:56.6,-11,17.8,261,0,0,0,0.3,0,0,0.4,-4.8,0,0,-1.466,0,0,14259.7,0:18:46,54.1,0,--.--,118,72.8,69,0000:00:00,12,0,0,0,40,0,0,0,0,0,0,1,696.93,11:47:56,9/22/2023,100.24,48.43,--.--
high,0,1299,21.65,14.06,45.12,3441,634.3872,2.8,52.68704703,47:57.6,-13.8,18.7,256,0,0,0,0.5,0,0,0.4,-3.2,0,0,-1,0,0,14259.7,0:18:47,55.2,0,--.--,119,73.7,69,0000:00:00,12,0,0,0,40,0,0,0,0,0,0,1,634.48,11:47:57,9/22/2023,100.27,48.43,--.--
high,0,1300,21.67,14.22,30.32,3453,431.1504,2.63,52.80681103,47:58.6,-12.7,21.9,260,0,0,0,0.3,0,0,0.4,-2.1,0,0,-0.638,0,0,14259.7,0:18:48,55.3,0,--.--,119,73.8,69,0000:00:00,12,0,0,0,40,0,0,0,0,0,0,1,431.3,11:47:58,9/22/2023,100.27,48.45,--.--
high,0,1301,21.68,14.56,25.99,3461,378.4144,2.58,52.91192614,47:59.6,-12.7,18.2,257,0,0,0,0.4,0,0,0.3,-1.2,0,0,-0.361,0,0,14259.7,0:18:49,55.6,0,--.--,120,74,70,0000:00:00,12,0,0,0,40,0,0,0,0,0,0,1,378.36,11:47:59,9/22/2023,100.33,48.51,--.--
high,0,1302,21.7,14.67,24.13,3468,353.9871,2.55,53.01025589,48:00.6,-5.6,15.3,265,0,0,0,0.4,0,0,-0.1,-0.7,0,0,-0.225,0,0,14347.8,0:18:50,56.1,0,--.--,121,74.3,52,0000:00:00,12,0,0,0,40,0,0,0,0,0,0,1,353.91,11:48:00,9/22/2023,100.35,48.51,--.--
high,0,1303,21.72,14.6,2.32,3475,33.872,1.53,53.01966478,48:01.6,-16.5,14.4,247,0,0,0,0.5,0,0,-0.1,-1.3,0,0,-0.389,0,0,14347.8,0:18:51,56,0,--.--,120,74.3,51,0000:00:00,12,0,0,0,40,0,0,0,0,0,0,1,33.87,11:48:01,9/22/2023,100.36,48.52,--.--
high,0,1304,21.73,15.19,3.3,3476,50.127,1.7,53.03358894,48:02.6,-22.4,5.7,230,0,0,0,0.4,0,0,0,-1.4,0,0,-0.424,0,0,14347.8,0:18:52,56.4,0,--.--,120,74.6,52,0000:00:00,12,0,0,0,40,0,0,0,0,0,0,1,50.11,11:48:02,9/22/2023,100.38,48.58,--.--
high,0,1305,21.75,14.96,12.74,3478,190.5904,2.28,53.08653072,48:03.6,-23.7,1.4,210,0,0,0,0.4,0,0,0,-1.5,0,0,-0.456,0,0,14347.8,0:18:53,55.3,0,--.--,118,74,52,0000:00:00,12,0,0,0,40,0,0,0,0,0,0,1,190.55,11:48:03,9/22/2023,100.4,48.6,--.--
high,0,1306,21.77,14.83,18.55,3483,275.0965,2.44,53.16294642,48:04.6,-19,-5.1,186,0,0,0,0.3,0,0,0,-1.6,0,0,-0.499,0,0,14347.8,0:18:54,55.2,0,--.--,118,73.9,52,0000:00:00,12,0,0,0,40,0,0,0,0,0,0,1,275.08,11:48:04,9/22/2023,100.44,48.63,--.--
high,0,1307,21.78,14.79,18.06,3488,267.1074,2.43,53.23714292,48:05.6,-20,-19.2,176,0,0,0,0.4,0,0,0.1,-1.6,0,0,-0.484,0,0,14392.4,0:18:55,87,0,--.--,94,108.9,54,0000:00:00,12,0,0,0,40,0,0,0,0,0,0,1,267.02,11:48:05,9/22/2023,100.45,48.65,--.--
high,0,1308,21.8,13.26,77.32,3503,1025.2632,3.01,53.52193825,48:06.6,-21.3,-33.8,168,0,0,0,0.5,0,0,-0.1,-1.6,0,0,-0.473,0,0,14435.9,0:18:56,55.9,0,--.--,120,74.1,54,0000:00:00,12,0,0,0,40,0,0,0,0,0,0,1,1025.57,11:48:06,9/22/2023,100.47,48.67,--.--
high,0,1309,21.82,12.86,76.9,3526,988.934,3,53.79664214,48:07.6,-27.1,-24.9,192,0,0,0,0.2,0,0,-0.2,-2.1,0,0,-0.637,0,0,14435.9,0:18:57,54.5,0,--.--,117,73.4,54,0000:00:00,12,0,0,0,40,0,0,0,0,0,0,1,988.63,11:48:07,9/22/2023,100.45,48.67,--.--
high,0,1310,21.83,13.31,75.1,3547,999.581,3,54.07430353,48:08.6,-22.7,-2.2,214,0,0,0,0.3,0,0,0,-2.5,0,0,-0.758,0,0,14435.9,0:18:58,54.8,0,--.--,118,73.4,56,0000:00:00,12,0,0,0,40,0,0,0,0,0,0,1,999.88,11:48:08,9/22/2023,100.49,48.72,--.--
high,0,1311,21.85,13.87,49.85,3564,691.4195,2.84,54.2663645,48:09.6,-18.9,-2.2,208,0,0,0,0.3,0,0,-0.1,-2.6,0,0,-0.801,0,0,14435.9,0:18:59,54.8,0,--.--,118,73.5,50,0000:00:00,12,0,0,0,40,0,0,0,0,0,0,1,691.57,11:48:09,9/22/2023,100.51,48.72,--.--
high,0,1312,21.87,13.59,48.47,3579,658.7073,2.82,54.44933875,48:10.6,-11.7,15.5,232,0,0,0,0.6,0,0,0,-2.5,0,0,-0.763,0,0,14435.9,0:19:00,54.6,0,--.--,117,73.5,50,0000:00:00,12,0,0,0,40,0,0,0,0,0,0,1,658.76,11:48:10,9/22/2023,100.53,48.74,--.--
high,0,1313,21.88,14.21,38.95,3591,553.4795,2.74,54.60308306,48:11.6,-18.4,5.9,207,0,0,0,0.3,0,0,0,-2.5,0,0,-0.759,0,0,14521.7,0:19:01,54.9,0,--.--,117,77.6,51,0000:00:00,12,0,0,0,50,0,0,0,0,0,0,1,553.6,11:48:11,9/22/2023,100.53,48.74,--.--
high,0,1314,21.9,13.93,46.1,3603,642.173,2.81,54.78146444,48:12.6,-19.3,-5.4,195,0,0,0,0.4,0,0,0,-2.4,0,0,-0.744,0,0,14521.7,0:19:02,54.4,0,--.--,116,77.4,53,0000:00:00,12,0,0,0,50,0,0,0,0,0,0,1,642.03,11:48:12,9/22/2023,100.56,48.74,--.--
high,0,1315,21.92,13.05,67.88,3623,885.834,2.95,55.02752944,48:13.6,-14,-15.7,157,0,0,0,0.4,0,0,0,-2.2,0,0,-0.674,0,0,14521.7,0:19:03,54.3,0,--.--,115,77.5,54,0000:00:00,12,0,0,0,50,0,0,0,0,0,0,1,885.7,11:48:13,9/22/2023,100.56,48.74,--.--
high,0,1316,21.93,13.69,59.93,3641,820.4417,2.91,55.25542992,48:14.6,-24.9,-13.4,197,0,0,0,0.2,0,0,0,-2.1,0,0,-0.638,0,0,14521.7,0:19:04,53.9,0,--.--,113,77.4,54,0000:00:00,12,0,0,0,50,0,0,0,0,0,0,1,820.32,11:48:14,9/22/2023,100.6,48.74,--.--
high,0,1317,21.95,13.51,68.54,3660,925.9754,2.97,55.51264531,48:15.6,-21.5,1.3,206,0,0,0,0.6,0,0,0.1,-2.1,0,0,-0.644,0,0,14521.7,0:19:05,54,0,--.--,113,77.5,55,0000:00:00,12,0,0,0,50,0,0,0,0,0,0,1,925.63,11:48:15,9/22/2023,100.62,48.74,--.--
high,0,1318,21.97,12.97,64.77,3681,840.0669,2.92,55.74599722,48:16.6,-17,-11.4,168,0,0,0,0.6,0,0,-0.1,-2.4,0,0,-0.734,0,0,14564.1,0:19:06,87,0,--.--,94,108.9,49,0000:00:00,12,0,0,0,50,0,0,0,0,0,0,1,840.26,11:48:16,9/22/2023,100.62,48.74,--.--
high,0,1319,21.98,14.23,46.17,3697,656.9991,2.82,55.92849697,48:17.6,-13.7,-4.5,166,0,0,0,0.4,0,0,-0.1,-2.7,0,0,-0.813,0,0,14604.1,0:19:07,54.8,0,--.--,114,74.3,55,0000:00:00,12,0,0,0,50,0,0,0,0,0,0,1,656.95,11:48:17,9/22/2023,100.63,48.74,--.--
high,0,1320,22,13.8,50.01,3709,690.138,2.84,56.12020197,48:18.6,-20.3,-5.1,200,0,0,0,0.4,0,0,0,-2.8,0,0,-0.843,0,0,14604.1,0:19:08,54.8,0,--.--,112,74.5,58,0000:00:00,12,0,0,0,50,0,0,0,0,0,0,1,690.09,11:48:18,9/22/2023,100.65,48.74,--.--
high,0,1321,22.02,13.59,54.81,3725,744.8679,2.87,56.32710972,48:19.6,-16.9,6.7,217,0,0,0,0.7,0,0,0.1,-2.5,0,0,-0.761,0,0,14604.1,0:19:09,55.3,0,--.--,113,74.9,50,0000:00:00,12,0,0,0,50,0,0,0,0,0,0,1,744.81,11:48:19,9/22/2023,100.67,48.74,--.--
high,0,1322,22.03,13.93,45.82,3739,638.2726,2.81,56.50440767,48:20.6,-6.9,16.4,219,0,0,0,0.4,0,0,0.2,-2.3,0,0,-0.705,0,0,14604.1,0:19:10,55.2,0,--.--,111,75,52,0000:00:00,12,0,0,0,50,0,0,0,0,0,0,1,638.18,11:48:20,9/22/2023,100.67,48.78,--.--
high,0,1323,22.05,14.11,40.45,3749,570.7495,2.76,56.66294919,48:21.6,-8.7,15.1,213,0,0,0,0.5,0,0,0,-2.2,0,0,-0.673,0,0,14604.1,0:19:11,55.3,0,--.--,112,75.1,54,0000:00:00,12,0,0,0,50,0,0,0,0,0,0,1,570.79,11:48:21,9/22/2023,100.69,48.78,--.--
high,0,1324,22.07,14,39.84,3761,557.76,2.75,56.81788253,48:22.6,-14.4,6.8,200,0,0,0,0.3,0,0,0,-2.1,0,0,-0.641,0,0,14681.8,0:19:12,54.9,0,--.--,111,74.9,50,0000:00:00,12,0,0,0,50,0,0,0,0,0,0,1,557.76,11:48:22,9/22/2023,100.72,48.78,--.--
high,0,1325,22.08,13.89,44.36,3772,616.1604,2.79,56.98903819,48:23.6,-12.7,10.3,216,0,0,0,0.3,0,0,0.1,-1.8,0,0,-0.558,0,0,14681.8,0:19:13,55.1,0,--.--,112,74.9,50,0000:00:00,12,0,0,0,50,0,0,0,0,0,0,1,615.98,11:48:23,9/22/2023,100.76,48.78,--.--
high,0,1326,22.1,13.71,35.01,3783,479.9871,2.68,57.12236794,48:24.6,-18.3,2.3,196,0,0,0,0.6,0,0,-0.1,-1.5,0,0,-0.445,0,0,14681.8,0:19:14,54.9,0,--.--,111,74.9,53,0000:00:00,12,0,0,0,50,0,0,0,0,0,0,1,480.16,11:48:24,9/22/2023,100.78,48.79,--.--
high,0,1327,22.12,12.99,57.28,3802,744.0672,2.87,57.32905328,48:25.6,-20.6,-8.3,181,0,0,0,0.4,0,0,0,-1.7,0,0,-0.53,0,0,14681.8,0:19:15,55.5,0,--.--,113,75.1,53,0000:00:00,12,0,0,0,50,0,0,0,0,0,0,1,744.01,11:48:25,9/22/2023,100.78,48.79,--.--
high,0,1328,22.13,12.8,91.32,3822,1168.896,3.07,57.65374661,48:26.6,-18.9,-10.5,164,0,0,0,0.4,0,0,-0.2,-2,0,0,-0.597,0,0,14681.8,0:19:16,54.9,0,--.--,112,74.7,50,0000:00:00,12,0,0,0,50,0,0,0,0,0,0,1,1169.08,11:48:26,9/22/2023,100.81,48.79,--.--
high,0,1329,22.15,12.78,89.11,3847,1138.8258,3.06,57.97008711,48:27.6,-18.4,-14,160,0,0,0,0.3,0,0,-0.1,-2.4,0,0,-0.717,0,0,14719.6,0:19:17,87,0,--.--,94,108.9,52,0000:00:00,12,0,0,0,50,0,0,0,0,0,0,1,1138.83,11:48:27,9/22/2023,100.83,48.79,--.--
high,0,1330,22.17,12.68,87.17,3873,1105.3156,3.04,58.27711922,48:28.6,-18.5,-2,175,0,0,0,0.1,0,0,-0.1,-2.8,0,0,-0.843,0,0,14758,0:19:18,54.6,0,--.--,112,78.4,52,0000:00:00,12,0,0,0,50,0,0,0,0,0,0,1,1105.58,11:48:28,9/22/2023,100.85,48.79,--.--
high,0,1331,22.18,13.71,52.5,3892,719.775,2.86,58.47705672,48:29.6,-15,9.2,197,0,0,0,0.1,0,0,0,-3.1,0,0,-0.938,0,0,14758,0:19:19,55.1,0,--.--,115,78.3,55,0000:00:00,12,0,0,0,50,0,0,0,0,0,0,1,719.83,11:48:29,9/22/2023,100.85,48.79,--.--
high,0,1332,22.2,13.59,56.56,3907,768.6504,2.89,58.69057072,48:30.6,-13.3,8.3,217,0,0,0,0.3,0,0,0.1,-3.2,0,0,-0.974,0,0,14758,0:19:20,54.9,0,--.--,113,78.4,58,0000:00:00,12,0,0,0,50,0,0,0,0,0,0,1,768.37,11:48:30,9/22/2023,100.89,48.78,--.--
high,0,1333,22.22,13.63,48.75,3923,664.4625,2.82,58.87514364,48:31.6,-8.9,16.3,212,0,0,0,0.2,0,0,0,-2.9,0,0,-0.873,0,0,14758,0:19:21,55.4,0,--.--,113,74.9,49,0000:00:00,12,0,0,0,50,0,0,0,0,0,0,1,664.27,11:48:31,9/22/2023,100.9,48.74,--.--
high,0,1334,22.23,13.92,41.99,3935,584.5008,2.77,59.03750497,48:32.6,-11.8,12.8,203,0,0,0,0.1,0,0,0.1,-2.6,0,0,-0.799,0,0,14758,0:19:22,55.5,0,--.--,113,75,52,0000:00:00,12,0,0,0,50,0,0,0,0,0,0,1,584.37,11:48:32,9/22/2023,100.92,48.74,--.--
high,0,1335,22.25,13.84,47.49,3952,657.2616,2.82,59.22007764,48:33.6,-15.4,6.1,206,0,0,0,0.1,0,0,0.2,-1.8,0,0,-0.626,0,0,14835,0:19:23,55.7,0,--.--,113,75.4,55,0000:00:00,12,0,0,0,50,0,0,0,0,0,0,1,657.17,11:48:33,9/22/2023,100.94,48.74,--.--
high,0,1336,22.27,13.71,57.28,3962,785.3088,2.9,59.43821897,48:34.6,-14.1,5.7,214,0,0,0,0.2,0,0,0,-1.4,0,0,-0.43,0,0,14835,0:19:24,55.9,0,--.--,113,75.6,54,0000:00:00,12,0,0,0,50,0,0,0,0,0,0,1,785.14,11:48:34,9/22/2023,100.96,48.74,--.--
high,0,1337,22.28,13.37,62.49,3982,835.4913,2.92,59.67029989,48:35.6,-11.4,12.3,212,0,0,0,0.2,0,0,0.3,-1.4,0,0,-0.493,0,0,14835,0:19:25,55.9,0,--.--,111,75.8,75,0000:00:00,12,0,0,0,50,0,0,0,0,0,0,1,835.49,11:48:35,9/22/2023,100.98,48.74,--.--
high,0,1338,22.3,13.45,62.96,4000,846.812,2.93,59.90552544,48:36.6,-4.4,15,219,0,0,0,0.2,0,0,0,-0.4,0,0,-0.153,0,0,14835,0:19:26,56.4,0,--.--,112,76.2,54,0000:00:00,12,0,0,0,50,0,0,0,0,0,0,1,846.87,11:48:36,9/22/2023,100.99,48.74,--.--
high,0,1339,22.32,13.88,45.62,4012,633.2056,2.8,60.08141589,48:37.6,-16.6,1.6,197,0,0,0,0.1,0,0,-0.2,-0.9,0,0,-0.212,0,0,14835,0:19:27,56,0,--.--,110,76.2,53,0000:00:00,12,0,0,0,50,0,0,0,0,0,0,1,633.07,11:48:37,9/22/2023,100.99,48.74,--.--
high,0,1340,22.33,12.72,91.4,4027,1162.608,3.07,60.40436256,48:38.6,-23.1,-4.4,193,0,0,0,0.1,0,0,-0.1,-1.3,0,0,-0.37,0,0,14873.7,0:19:28,87,0,--.--,94,108.9,54,0000:00:00,12,0,0,0,50,0,0,0,0,0,0,1,1163.07,11:48:38,9/22/2023,101.01,48.78,--.--
high,0,1341,22.35,12.81,88.12,4061,1128.8172,3.05,60.71792289,48:39.6,-16.3,-5.5,161,0,0,0,0,0,0,0,-1.7,0,0,-0.487,0,0,14909.3,0:19:29,55.6,0,--.--,107,76.1,54,0000:00:00,12,0,0,0,50,0,0,0,0,0,0,1,1128.99,11:48:39,9/22/2023,101.05,48.79,--.--
high,0,1342,22.37,12.81,85.66,4084,1097.3046,3.04,61.02272972,48:40.6,-11.3,-13.8,134,0,0,0,0.2,0,0,-0.1,-2.1,0,0,-0.587,0,0,14909.3,0:19:30,55.8,0,--.--,109,76.1,54,0000:00:00,12,0,0,0,50,0,0,0,0,0,0,1,1097.56,11:48:40,9/22/2023,101.07,48.79,--.--
high,0,1343,22.38,12.63,90.81,4109,1146.9303,3.06,61.34132147,48:41.6,-0.6,-24.5,106,0,0,0,0.1,0,0,-0.2,-2.6,0,0,-0.742,0,0,14909.3,0:19:31,54.9,0,--.--,106,75.6,54,0000:00:00,12,0,0,0,50,0,0,0,0,0,0,1,1147.11,11:48:41,9/22/2023,101.08,48.78,--.--
high,0,1344,22.4,13.2,70.32,4131,928.224,2.97,61.59916147,48:42.6,-8.7,-22.2,118,0,0,0,0.3,0,0,-0.4,-3.5,0,0,-0.937,0,0,14909.3,0:19:32,54.9,0,--.--,106,75.5,49,0000:00:00,12,0,0,0,50,0,0,0,0,0,0,1,928.36,11:48:42,9/22/2023,101.1,48.79,--.--
high,0,1345,22.42,13.95,39.16,4142,546.282,2.74,61.75090647,48:43.6,-13.1,-12.9,126,0,0,0,0.1,0,0,-0.3,-4.6,0,0,-1.297,0,0,14944.9,0:19:33,87,0,--.--,94,108.9,49,0000:00:00,12,0,0,0,50,0,0,0,0,0,0,1,546.09,11:48:43,9/22/2023,101.1,48.79,--.--
high,0,1346,22.43,13.94,55.22,4152,769.7668,2.89,61.96473058,48:44.6,-15.5,2.2,142,0,0,0,0.2,0,0,0,-4.8,0,0,-1.468,0,0,14980.6,0:19:34,54.1,0,--.--,106,74.7,58,0000:00:00,12,0,0,0,50,0,0,0,0,0,0,1,769.55,11:48:44,9/22/2023,101.12,48.79,--.--
high,0,1347,22.45,13.79,49.45,4169,681.9155,2.83,62.15415156,48:45.6,-18.6,10.5,140,0,0,0,0.3,0,0,0.1,-4.5,0,0,-1.394,0,0,14980.6,0:19:35,53.3,0,--.--,104,74.3,57,0000:00:00,12,0,0,0,50,0,0,0,0,0,0,1,681.67,11:48:45,9/22/2023,101.14,48.79,--.--
high,0,1348,22.47,13.91,42.77,4181,594.9307,2.77,62.31941008,48:46.6,-15.9,4.2,143,0,0,0,0.3,0,0,0,-4.4,0,0,-1.343,0,0,14980.6,0:19:36,53.7,0,--.--,106,78.4,57,0000:00:00,12,0,0,0,50,0,0,0,0,0,0,1,595.06,11:48:46,9/22/2023,101.14,48.78,--.--
high,0,1349,22.48,14.02,39.22,4192,549.8644,2.74,62.47215019,48:47.6,-11.7,-0.8,118,0,0,0,0.6,0,0,0,-4.4,0,0,-1.371,0,0,14980.6,0:19:37,52.9,0,--.--,102,78,59,0000:00:00,12,0,0,0,50,0,0,0,0,0,0,1,549.83,11:48:47,9/22/2023,101.17,48.78,--.--
high,0,1350,22.5,13.97,41.45,4204,579.0565,2.76,62.63299922,48:48.6,-3.7,-12.4,100,0,0,0,0.6,0,0,0.1,-3.9,0,0,-1.249,0,0,14980.6,0:19:38,52.7,0,--.--,102,77.9,59,0000:00:00,12,0,0,0,50,0,0,0,0,0,0,1,579.02,11:48:48,9/22/2023,101.17,48.74,--.--
high,0,1351,22.52,13.94,43.29,4215,603.4626,2.78,62.80062772,48:49.6,13.9,-17.6,55,0,0,0,1,0,0,0,-4,0,0,-1.191,0,0,15052,0:19:39,52.4,0,--.--,101,77.7,63,0000:00:00,12,-1,0,0,50,0,0,0,0,0,0,1,603.42,11:48:49,9/22/2023,101.17,48.74,--.--
high,0,1352,22.53,14.47,19.92,4226,288.2424,2.46,62.88069506,48:50.6,15.9,9.1,344,0,0,0,1.3,0,0,0,-4.4,0,0,-1.276,0,0,15052,0:19:40,51.8,0,--.--,100,77.3,63,0000:00:00,12,-1,0,0,50,0,0,0,0,0,0,1,288.26,11:48:50,9/22/2023,101.17,48.74,--.--
high,0,1353,22.55,14.49,20.72,4231,300.2328,2.48,62.96409306,48:51.6,12.2,11.3,305,0,0,0,1.6,0,0,-0.1,-4.9,0,0,-1.452,0,0,15052,0:19:41,51.4,0,--.--,99,76.9,63,0000:00:00,12,-1,0,0,50,0,0,0,0,0,0,1,300.25,11:48:51,9/22/2023,101.21,48.74,--.--
high,0,1354,22.57,14.23,33.56,4239,477.5588,2.68,63.09674828,48:52.6,4.9,11,265,0,0,0,1.2,0,0,0.1,-4.6,0,0,-1.467,0,0,15052,0:19:42,52.1,0,--.--,102,73.4,61,0000:00:00,12,-1,0,0,50,0,0,0,0,0,0,1,477.49,11:48:52,9/22/2023,101.25,48.72,--.--
high,0,1355,22.58,14.5,24.27,4246,351.915,2.55,63.19450244,48:53.6,1,16.4,251,0,0,0,1.1,0,0,0.1,-3.7,0,0,-1.198,0,0,15052,0:19:43,52.9,0,--.--,100,78.3,50,0000:00:00,12,-1,0,0,50,0,0,0,0,0,0,1,351.92,11:48:53,9/22/2023,101.25,48.72,--.--
high,0,1356,22.6,14.47,24.19,4253,350.0293,2.54,63.29173281,48:54.6,-5.7,21.9,229,0,0,0,0.9,0,0,0.3,-3,0,0,-1.002,0,0,15087.6,0:19:44,87,0,--.--,94,113,62,0000:00:00,12,-1,0,0,50,0,0,0,0,0,0,1,349.96,11:48:54,9/22/2023,101.28,48.72,--.--
high,0,1357,22.62,14.04,39.84,4262,559.3536,2.75,63.44710881,48:55.6,-9.3,9.8,225,0,0,0,0.8,0,0,0.5,-1.7,0,0,-0.669,0,0,15121.7,0:19:45,53.6,0,--.--,99,79.2,62,0000:00:00,12,-1,0,0,50,0,0,0,0,0,0,1,559.35,11:48:55,9/22/2023,101.28,48.67,--.--
high,0,1358,22.63,13.8,50.97,4275,703.386,2.85,63.64249381,48:56.6,-15.7,2.3,215,0,0,0,0.7,0,0,0.3,-0.7,0,0,-0.276,0,0,15121.7,0:19:46,54.5,0,--.--,101,79.8,57,0000:00:00,12,-1,0,0,50,0,0,0,0,0,0,1,703.28,11:48:56,9/22/2023,101.3,48.67,--.--
high,0,1359,22.65,13.61,55.13,4290,750.3193,2.88,63.85091583,48:57.6,-9.9,6,216,0,0,0,0.6,0,0,0,-0.6,0,0,-0.179,0,0,15121.7,0:19:47,54.8,0,--.--,101,76.1,74,0000:00:00,12,-1,0,0,50,0,0,0,0,0,0,1,750.48,11:48:57,9/22/2023,101.3,48.72,--.--
high,0,1360,22.67,13.83,47.49,4304,656.7867,2.82,64.03335658,48:58.6,-18.5,2.3,221,0,0,0,0.7,0,0,-0.2,-1.1,0,0,-0.297,0,0,15121.7,0:19:48,55.4,0,--.--,102,76.6,63,0000:00:00,12,-1,0,0,50,0,0,0,0,0,0,1,656.74,11:48:58,9/22/2023,101.35,48.67,--.--
high,0,1361,22.68,14.84,6.33,4316,93.9372,1.97,64.05945025,48:59.6,-12.1,15.5,216,0,0,0,0.6,0,0,-0.1,-1.2,0,0,-0.338,0,0,15155.9,0:19:49,87,0,--.--,94,108.9,46,0000:00:00,12,-1,0,0,50,0,0,0,0,0,0,1,93.92,11:48:59,9/22/2023,101.35,48.74,--.--
high,0,1362,22.7,14.87,6.41,4318,95.3167,1.98,64.08592711,49:00.6,-4.1,13.6,240,0,0,0,0.6,0,0,-0.4,-2.5,0,0,-0.614,0,0,15155.9,0:19:50,87,0,--.--,94,108.9,40,0000:00:00,12,-1,0,0,50,0,0,0,0,0,0,1,95.3,11:49:00,9/22/2023,101.39,48.74,--.--
high,0,1363,22.72,14.86,3.25,4322,48.295,1.68,64.09934239,49:01.6,-0.8,21.4,249,0,0,0,0.6,0,0,-0.5,-3.8,0,0,-1.034,0,0,15189.8,0:19:51,55.1,0,--.--,105,75.9,49,0000:00:00,12,-1,0,0,50,0,0,0,0,0,0,1,48.3,11:49:01,9/22/2023,101.39,48.74,--.--
high,0,1364,22.73,14.56,19.47,4327,283.4832,2.45,64.17808772,49:02.6,-3.5,27.6,241,0,0,0,0.7,0,0,-0.3,-4.5,0,0,-1.323,0,0,15189.8,0:19:52,54.3,0,--.--,107,74.9,49,0000:00:00,12,-1,0,0,50,0,0,0,0,0,0,1,283.42,11:49:02,9/22/2023,101.41,48.74,--.--
high,0,1365,22.75,14.36,28.01,4334,402.2236,2.6,64.2898165,49:03.6,10.8,27,268,0,0,0,0.3,0,0,-0.1,-4.7,0,0,-1.398,0,0,15189.8,0:19:53,53.7,0,--.--,108,74,49,0000:00:00,12,-1,0,0,50,0,0,0,0,0,0,1,402.22,11:49:03,9/22/2023,101.43,48.74,--.--
high,0,1366,22.77,14.55,22.72,4340,330.576,2.52,64.38164317,49:04.6,4.5,25.5,253,0,0,0,0.3,0,0,-0.2,-5.6,0,0,-1.617,0,0,15189.8,0:19:54,53,0,--.--,110,73.1,49,0000:00:00,12,-1,0,0,50,0,0,0,0,0,0,1,330.58,11:49:04,9/22/2023,101.44,48.78,--.--
high,0,1367,22.78,14.36,20.65,4347,296.534,2.47,64.46401372,49:05.6,5.7,26.5,254,0,0,0,0.1,0,0,-0.2,-6.7,0,0,-1.94,0,0,15196.8,0:19:55,52.1,0,--.--,112,71.9,49,0000:00:00,12,-1,0,0,50,0,0,0,0,0,0,1,296.45,11:49:05,9/22/2023,101.44,48.78,--.--
high,0,1368,22.8,14.47,20.59,4352,297.9373,2.47,64.54677408,49:06.6,3.3,23.7,248,0,0,0,0.1,0,0,-0.2,-7.5,0,0,-2.22,0,0,15278.4,0:19:56,50.9,0,--.--,112,70.7,49,0000:00:00,12,-1,0,0,50,0,0,0,0,0,0,1,298,11:49:06,9/22/2023,101.46,48.74,--.--
high,0,1369,22.82,14.51,28.54,4360,414.1154,2.62,64.66180614,49:07.6,4.5,24.5,249,0,0,0,0.2,0,0,-0.2,-8.2,0,0,-2.432,0,0,15278.4,0:19:57,48.8,0,--.--,112,68.7,49,0000:00:00,12,-1,0,0,50,0,0,0,0,0,0,1,414.23,11:49:07,9/22/2023,101.46,48.74,--.--
high,0,1370,22.83,14.32,22.56,4367,323.0592,2.51,64.75154481,49:08.6,4.3,24.3,250,0,0,0,0.3,0,0,-0.2,-8.7,0,0,-2.614,0,0,15278.4,0:19:58,47.1,0,--.--,111,67.1,49,0000:00:00,12,-1,0,0,50,0,0,0,0,0,0,1,323.13,11:49:08,9/22/2023,101.46,48.74,--.--
high,0,1371,22.85,14.44,23.51,4373,339.4844,2.53,64.84584603,49:09.6,4.9,24,248,0,0,0,0.5,0,0,-0.2,-9.2,0,0,-2.77,0,0,15278.4,0:19:59,45.8,0,--.--,112,65.7,49,0000:00:00,12,-1,0,0,50,0,0,0,0,0,0,1,339.55,11:49:09,9/22/2023,101.5,48.74,--.--
high,0,1372,22.87,14.5,29.37,4381,425.865,2.63,64.96414186,49:10.6,5.3,22.9,248,0,0,0,0.5,0,0,-0.1,-9.6,0,0,-2.888,0,0,15285.8,0:20:00,43.7,0,--.--,110,63.9,49,0000:00:00,12,-1,0,0,50,0,0,0,0,0,0,1,425.98,11:49:10,9/22/2023,101.5,48.74,--.--
high,0,1373,22.88,14.43,24.49,4388,353.3907,2.55,65.06230594,49:11.6,5.9,20.4,248,0,0,0,0.5,0,0,-0.1,-10.1,0,0,-3.033,0,0,15285.8,0:20:01,43,0,--.--,111,63.2,49,0000:00:00,12,-1,0,0,50,0,0,0,0,0,0,1,353.39,11:49:11,9/22/2023,101.5,48.72,--.--
high,0,1374,22.9,14.46,23.94,4394,346.1724,2.54,65.15846494,49:12.6,6.2,21.8,249,0,0,0,0.6,0,0,-0.1,-10.4,0,0,-3.122,0,0,15285.8,0:20:02,40.8,0,--.--,111,60.9,49,0000:00:00,12,-1,0,0,50,0,0,0,0,0,0,1,346.15,11:49:12,9/22/2023,101.5,48.72,--.--
high,0,1375,22.92,14.3,24.44,4401,349.492,2.54,65.25554606,49:13.6,6.1,19.9,250,0,0,0,0.6,0,0,-0.1,-10.8,0,0,-3.256,0,0,15285.8,0:20:03,39.2,0,--.--,113,59,49,0000:00:00,12,-1,0,0,50,0,0,0,0,0,0,1,349.52,11:49:13,9/22/2023,101.52,48.72,--.--
high,0,1376,22.93,14.19,27.01,4408,383.2719,2.58,65.36201047,49:14.6,6.5,21.7,250,0,0,0,0.6,0,0,-0.1,-11.1,0,0,-3.361,0,0,15292.8,0:20:04,37.2,0,--.--,114,57,49,0000:00:00,12,-1,0,0,50,0,0,0,0,0,0,1,383.38,11:49:14,9/22/2023,101.52,48.7,--.--
high,0,1377,22.95,14.35,21.86,4415,313.691,2.5,65.44914686,49:15.6,6,20.6,249,0,0,0,0.6,0,0,-0.1,-11.5,0,0,-3.474,0,0,15292.8,0:20:05,35.3,0,--.--,114,55.1,49,0000:00:00,12,-1,0,0,50,0,0,0,0,0,0,1,313.76,11:49:15,9/22/2023,101.53,48.67,--.--
high,0,1378,22.97,13.95,24.77,4422,345.5415,2.54,65.54513061,49:16.6,8.4,22.8,250,0,0,0,0.5,0,0,0.2,-11.3,0,0,-3.509,0,0,15292.8,0:20:06,33.8,0,--.--,116,53.5,75,0000:00:00,12,-1,0,0,50,0,0,0,0,0,0,1,345.54,11:49:16,9/22/2023,101.53,48.67,--.--
high,0,1379,22.98,13.88,47.51,4434,659.4388,2.82,65.72830806,49:17.6,6.1,23.7,248,0,0,0,0.4,0,0,0.2,-10.5,0,0,-3.277,0,0,15404.4,0:20:07,32.7,0,--.--,117,52.3,75,0000:00:00,12,-1,0,0,50,0,0,0,0,0,0,1,659.25,11:49:17,9/22/2023,101.55,48.65,--.--
high,0,1380,23,13.88,46.88,4446,650.6944,2.81,65.9090565,49:18.6,6.6,20.5,247,0,0,0,0.2,0,0,0.3,-9.8,0,0,-3.043,0,0,15404.4,0:20:08,31,0,--.--,118,50.5,75,0000:00:00,12,-1,0,0,50,0,0,0,0,0,0,1,650.79,11:49:18,9/22/2023,101.53,48.65,--.--
high,0,1381,23.02,13.88,47.7,4459,662.076,2.82,66.0929665,49:19.6,3.4,25.4,245,0,0,0,0.2,0,0,0.2,-9,0,0,-2.797,0,0,15404.4,0:20:09,30.3,0,--.--,121,49.1,75,0000:00:00,12,-1,0,0,50,0,0,0,0,0,0,1,662.03,11:49:19,9/22/2023,101.55,48.65,--.--
high,0,1382,23.03,13.97,47.92,4472,669.4424,2.83,66.27892272,49:20.6,3.6,22.9,243,0,0,0,0.2,0,0,0.2,-8.5,0,0,-2.644,0,0,15404.4,0:20:10,29.1,0,--.--,123,47.7,75,0000:00:00,12,-1,0,0,50,0,0,0,0,0,0,1,669.68,11:49:20,9/22/2023,101.55,48.63,--.--
high,0,1383,23.05,13.83,48.41,4485,669.5103,2.83,66.46489781,49:21.6,1.7,24.6,240,0,0,0,0.3,0,0,0.1,-8,0,0,-2.486,0,0,15411.1,0:20:11,28,0,--.--,126,46.3,75,0000:00:00,12,-1,0,0,50,0,0,0,0,0,0,1,669.41,11:49:21,9/22/2023,101.57,48.63,--.--
high,0,1384,23.07,13.82,49.41,4499,682.8462,2.83,66.65457731,49:22.6,0.1,24.3,237,0,0,0,0.3,0,0,0.1,-7.7,0,0,-2.373,0,0,15475.9,0:20:12,87,0,--.--,94,108.9,74,0000:00:00,12,-1,0,0,50,0,0,0,0,0,0,1,682.65,11:49:22,9/22/2023,101.57,48.63,--.--
high,0,1385,23.08,13.75,47.15,4513,648.3125,2.81,66.83466411,49:23.6,-3.8,28,232,0,0,0,0.2,0,0,0,-7.3,0,0,-2.262,0,0,15542.5,0:20:13,26.1,0,--.--,130,47.6,74,0000:00:00,12,-1,0,0,50,0,0,0,0,0,0,1,648.17,11:49:23,9/22/2023,101.57,48.63,--.--
high,0,1386,23.1,13.98,42.92,4525,600.0216,2.78,67.00133678,49:24.6,-7.7,28.6,225,0,0,0,0.2,0,0,0.1,-6.8,0,0,-2.126,0,0,15542.5,0:20:14,25.4,0,--.--,134,46.2,74,0000:00:00,12,-1,0,0,50,0,0,0,0,0,0,1,600.24,11:49:24,9/22/2023,101.59,48.65,--.--
high,0,1387,23.12,14.26,27.19,4536,387.7294,2.59,67.10903939,49:25.6,2.5,29,246,0,0,0,0.3,0,0,-0.1,-6.4,0,0,-1.951,0,0,15542.5,0:20:15,24.8,0,--.--,137,45.1,50,0000:00:00,12,-1,0,0,50,0,0,0,0,0,0,1,387.65,11:49:25,9/22/2023,101.59,48.65,--.--
high,0,1388,23.13,14.54,19.48,4542,283.2392,2.45,67.18771694,49:26.6,15.8,30.6,283,0,0,0,0.1,0,0,-0.1,-7.2,0,0,-2.134,0,0,15542.5,0:20:16,25.2,0,--.--,141,44.5,75,0000:00:00,12,-1,0,0,50,0,0,0,0,0,0,1,283.18,11:49:26,9/22/2023,101.62,48.67,--.--
high,0,1389,23.15,14.17,39.45,4550,559.0065,2.75,67.34299653,49:27.6,8.1,28.6,269,0,0,0,0.2,0,0,0.1,-7.3,0,0,-2.241,0,0,15549.7,0:20:17,25,0,--.--,144,43.6,74,0000:00:00,12,-1,0,0,50,0,0,0,0,0,0,1,558.85,11:49:27,9/22/2023,101.59,48.67,--.--
high,0,1390,23.17,14.55,34.26,4560,498.483,2.7,67.48146403,49:28.6,6.3,30.9,263,0,0,0,0.2,0,0,0.3,-7,0,0,-2.191,0,0,15696.2,0:20:18,24.5,0,--.--,143,43.3,74,0000:00:00,12,-1,0,0,50,0,0,0,0,0,0,1,498.38,11:49:28,9/22/2023,101.62,48.67,--.--
high,0,1391,23.18,14.32,28.66,4568,410.4112,2.61,67.59546714,49:29.6,7.1,23.4,259,0,0,0,0.3,0,0,0.4,-5.9,0,0,-1.908,0,0,15696.2,0:20:19,24.4,0,--.--,143,43.2,74,0000:00:00,12,-1,0,0,50,0,0,0,0,0,0,1,410.41,11:49:29,9/22/2023,101.62,48.67,--.--
high,0,1392,23.2,14.35,25.44,4575,365.064,2.56,67.69687381,49:30.6,5.2,27.3,253,0,0,0,0.4,0,0,0.3,-4.8,0,0,-1.538,0,0,15696.2,0:20:20,23.9,0,--.--,141,39.5,73,0000:00:00,12,-1,0,0,50,0,0,0,0,0,0,1,364.96,11:49:30,9/22/2023,101.62,48.67,--.--
high,0,1393,23.22,14.27,28.74,4583,410.1198,2.61,67.81079597,49:31.6,2.1,27.4,246,0,0,0,0.5,0,0,0.2,-4.1,0,0,-1.298,0,0,15696.2,0:20:21,24.1,0,--.--,142,39.6,73,0000:00:00,12,-1,0,0,50,0,0,0,0,0,0,1,410.09,11:49:31,9/22/2023,101.62,48.67,--.--
high,0,1394,23.23,13.78,43,4595,592.54,2.77,67.97539042,49:32.6,-8.3,28.4,228,0,0,0,0.6,0,0,0,-3.7,0,0,-1.166,0,0,15696.2,0:20:22,23.7,0,--.--,141,39.4,73,0000:00:00,12,-1,0,0,50,0,0,0,0,0,0,1,592.45,11:49:32,9/22/2023,101.62,48.67,--.--
high,0,1395,23.25,13.97,40.8,4607,569.976,2.76,68.13371708,49:33.6,-7.9,25.1,224,0,0,0,0.5,0,0,0,-3.3,0,0,-1.051,0,0,15696.2,0:20:23,23.7,0,--.--,141,43.1,58,0000:00:00,12,-1,0,0,50,0,0,0,0,0,0,1,569.85,11:49:33,9/22/2023,101.66,48.67,--.--
high,0,1396,23.27,14.43,21.84,4615,315.1512,2.5,68.22125908,49:34.6,11.6,29.2,267,0,0,0,0.5,0,0,-0.2,-3.6,0,0,-1.041,0,0,15696.2,0:20:24,23.8,0,--.--,144,42.6,50,0000:00:00,12,-1,0,0,50,0,0,0,0,0,0,1,315.19,11:49:34,9/22/2023,101.68,48.7,--.--
high,0,1397,23.28,14.47,20.73,4621,299.9631,2.48,68.30458217,49:35.6,21.7,25,288,0,0,0,0.6,0,0,-0.1,-4.5,0,0,-1.291,0,0,15696.2,0:20:25,24.1,0,--.--,148,41.8,69,0000:00:00,12,-1,0,0,50,0,0,0,0,0,0,1,300.03,11:49:35,9/22/2023,101.68,48.72,--.--
high,0,1398,23.3,14.38,22.44,4627,322.6872,2.51,68.3942175,49:36.6,12.8,24.8,270,0,0,0,0.7,0,0,-0.3,-5.3,0,0,-1.538,0,0,15696.2,0:20:26,23.2,0,--.--,150,40.7,42,0000:00:00,12,-1,0,0,50,0,0,0,0,0,0,1,322.75,11:49:36,9/22/2023,101.68,48.72,--.--
high,0,1399,23.32,14.33,23.44,4633,335.8952,2.53,68.48752172,49:37.6,21.9,17,290,0,0,0,0.8,0,0,-0.3,-6.3,0,0,-1.858,0,0,15696.2,0:20:27,22.1,0,--.--,151,35.9,49,0000:00:00,12,-1,0,0,50,0,0,0,0,0,0,1,335.97,11:49:37,9/22/2023,101.68,48.74,--.--
high,0,1400,23.33,14.49,20.53,4639,297.4797,2.47,68.57015497,49:38.6,20.4,20,289,0,0,0,0.7,0,0,-0.2,-6.9,0,0,-2.062,0,0,15696.2,0:20:28,20.6,0,--.--,151,34.7,47,0000:00:00,12,-1,0,0,50,0,0,0,0,0,0,1,297.58,11:49:38,9/22/2023,101.68,48.74,--.--
high,0,1401,23.35,14.48,26.55,4646,384.444,2.58,68.67694497,49:39.6,22.6,19.6,300,0,0,0,0.7,0,0,0,-7.4,0,0,-2.245,0,0,15847.6,0:20:29,19.6,0,--.--,151,34,75,0000:00:00,12,-1,0,0,50,0,0,0,0,0,0,1,384.34,11:49:39,9/22/2023,101.68,48.74,--.--
high,0,1402,23.37,13.79,49.72,4657,685.6388,2.84,68.86740019,49:40.6,24.7,13.5,288,0,0,0,0.7,0,0,0.2,-7,0,0,-2.199,0,0,15847.6,0:20:30,18.3,0,--.--,151,32.8,75,0000:00:00,12,-1,0,0,50,0,0,0,0,0,0,1,685.59,11:49:40,9/22/2023,101.68,48.72,--.--
high,0,1403,23.38,13.84,48.59,4670,672.4856,2.83,69.05420175,49:41.6,25,16,289,0,0,0,0.8,0,0,0.2,-6.4,0,0,-2,0,0,15847.6,0:20:31,17.6,0,--.--,153,32,75,0000:00:00,12,-1,0,0,50,0,0,0,0,0,0,1,672.58,11:49:41,9/22/2023,101.68,48.72,--.--
high,0,1404,23.4,13.73,50,4684,686.5,2.84,69.24489619,49:42.6,23,16.9,291,0,0,0,0.8,0,0,0.1,-6.2,0,0,-1.893,0,0,15847.6,0:20:32,16.5,0,--.--,153,31.1,75,0000:00:00,12,-1,0,0,50,0,0,0,0,0,0,1,686.4,11:49:42,9/22/2023,101.66,48.72,--.--
high,0,1405,23.42,13.74,49.44,4697,679.3056,2.83,69.43359219,49:43.6,24.3,15.1,289,0,0,0,0.8,0,0,0.1,-5.9,0,0,-1.838,0,0,15847.6,0:20:33,16.4,0,--.--,157,34.2,75,0000:00:00,12,-1,0,0,50,0,0,0,0,0,0,1,679.11,11:49:43,9/22/2023,101.66,48.72,--.--
high,0,1406,23.43,13.77,48.17,4711,663.3009,2.82,69.61784244,49:44.6,21.5,16.9,288,0,0,0,0.9,0,0,0.2,-5.3,0,0,-1.665,0,0,15847.6,0:20:34,15.9,0,--.--,157,29.9,75,0000:00:00,12,-1,0,0,50,0,0,0,0,0,0,1,663.49,11:49:44,9/22/2023,101.66,48.72,--.--
high,0,1407,23.45,13.82,46.49,4724,642.4918,2.81,69.79631239,49:45.6,18.8,21.7,289,0,0,0,0.9,0,0,0.2,-4.7,0,0,-1.461,0,0,16006.9,0:20:35,15.3,0,--.--,159,29,75,0000:00:00,12,-1,0,0,50,0,0,0,0,0,0,1,642.58,11:49:45,9/22/2023,101.62,48.67,--.--
high,0,1408,23.47,13.78,46.36,4736,638.8408,2.81,69.97376817,49:46.6,20.8,17.8,279,0,0,0,1.1,0,0,0.1,-4.6,0,0,-1.419,0,0,16006.9,0:20:36,14.5,0,--.--,161,28.2,75,0000:00:00,12,-1,0,0,50,0,0,0,0,0,0,1,638.7,11:49:46,9/22/2023,101.62,48.67,--.--
high,0,1409,23.48,13.79,46.39,4749,639.7181,2.81,70.15146764,49:47.6,16.2,21.6,273,0,0,0,1.2,0,0,0.2,-4.1,0,0,-1.302,0,0,16006.9,0:20:37,14.4,0,--.--,164,27.6,75,0000:00:00,12,-1,0,0,50,0,0,0,0,0,0,1,639.63,11:49:47,9/22/2023,101.62,48.67,--.--
high,0,1410,23.5,13.74,46.7,4762,641.658,2.81,70.32970597,49:48.6,16.9,19.4,268,0,0,0,1.4,0,0,0.1,-3.8,0,0,-1.17,0,0,16006.9,0:20:38,13,0,--.--,165,26.6,70,0000:00:00,12,-1,0,0,50,0,0,0,0,0,0,1,641.7,11:49:48,9/22/2023,101.62,48.67,--.--
high,0,1411,23.52,13.87,53.36,4776,740.1032,2.87,70.53529019,49:49.6,27.3,17.1,285,0,0,0,1.5,0,0,0.2,-3.5,0,0,-1.101,0,0,16006.9,0:20:39,13,0,--.--,169,25.8,75,0000:00:00,12,-1,0,0,50,0,0,0,0,0,0,1,740.16,11:49:49,9/22/2023,101.66,48.67,--.--
high,0,1412,23.53,13.8,53.79,4789,742.302,2.87,70.74148519,49:50.6,25.3,9.4,288,0,0,0,1.7,0,0,0,-3,0,0,-0.919,0,0,16173.7,0:20:40,11.9,0,--.--,172,24.7,63,0000:00:00,12,-1,0,0,50,0,0,0,0,0,0,1,742.41,11:49:50,9/22/2023,101.62,48.67,--.--
high,0,1413,23.55,13.73,41.06,4802,563.7538,2.75,70.89808347,49:51.6,31.1,-8,313,0,0,0,1.6,0,0,0.1,-2.9,0,0,-0.898,0,0,16173.7,0:20:41,11.3,0,--.--,179,23.3,64,0000:00:00,12,-1,0,0,50,0,0,0,0,0,0,1,563.88,11:49:51,9/22/2023,101.62,48.67,--.--
high,0,1414,23.57,13.42,60.76,4818,815.3992,2.91,71.12458325,49:52.6,36.8,-16,319,0,0,0,1.4,0,0,0.3,-1.9,0,0,-0.669,0,0,16173.7,0:20:42,10,0,--.--,187,21.5,68,0000:00:00,12,-1,0,0,50,0,0,0,0,0,0,1,815.64,11:49:52,9/22/2023,101.59,48.72,--.--
high,0,1415,23.58,13.38,53.32,4835,713.4216,2.85,71.32275592,49:53.6,29.1,-13.8,330,0,0,0,1.3,0,0,0.3,-0.8,0,0,-0.304,0,0,16173.7,0:20:43,9,0,--.--,194,24.2,73,0000:00:00,12,-1,0,0,50,0,0,0,0,0,0,1,713.31,11:49:53,9/22/2023,101.59,48.72,--.--
high,0,1416,23.6,13.69,48.22,4849,660.1318,2.82,71.50612586,49:54.6,24.1,-4.7,322,0,0,0,1.4,0,0,0,-0.5,0,0,-0.163,0,0,16173.7,0:20:44,8.2,0,--.--,201,23.4,69,0000:00:00,12,-1,0,0,50,0,0,0,0,0,0,1,659.89,11:49:54,9/22/2023,101.59,48.72,--.--
high,0,1417,23.62,13.41,59.9,4863,803.259,2.9,71.72925336,49:55.6,15.4,-3.7,302,0,0,0,1.6,0,0,0,-0.7,0,0,-0.226,0,0,16270.4,0:20:45,87,0,--.--,94,113,68,0000:00:00,12,-1,0,0,50,0,0,0,0,0,0,1,803.26,11:49:55,9/22/2023,101.57,48.74,--.--
high,0,1418,23.63,13.51,31.6,4879,426.916,2.63,71.84784114,49:56.6,15.5,11.6,282,0,0,0,1.9,0,0,0.1,-0.5,0,0,-0.171,0,0,16360.7,0:20:46,7.6,0,--.--,209,18.6,62,0000:00:00,12,-1,0,0,50,0,0,0,0,0,0,1,426.92,11:49:56,9/22/2023,101.57,48.74,--.--
high,0,1419,23.65,13.95,37.08,4888,517.266,2.71,71.99152614,49:57.6,16.2,13,280,0,0,0,2.3,0,0,-0.3,-1.2,0,0,-0.252,0,0,16360.7,0:20:47,7.3,0,--.--,213,18.2,52,0000:00:00,12,-1,0,0,50,0,0,0,0,0,0,1,517.08,11:49:57,9/22/2023,101.57,48.79,--.--
high,0,1420,23.67,13.23,69.22,4904,915.7806,2.96,72.24590964,49:58.6,25.4,2.2,297,0,0,0,2.4,0,0,0,-1.6,0,0,-0.512,0,0,16360.7,0:20:48,6.7,0,--.--,231,17,50,0000:00:00,12,-1,0,0,50,0,0,0,0,0,0,1,915.78,11:49:58,9/22/2023,101.59,48.81,--.--
high,0,1421,23.68,13.88,30.69,4918,425.9772,2.63,72.36423664,49:59.6,19,10.1,279,0,0,0,2.3,0,0,0,-1.2,0,0,-0.397,0,0,16360.7,0:20:49,7.7,0,--.--,237,15.7,54,0000:00:00,12,-1,0,0,50,0,0,0,0,0,0,1,425.85,11:49:59,9/22/2023,101.57,48.81,--.--
high,0,1422,23.7,13.85,51.47,4929,712.8595,2.85,72.56225317,50:00.6,15.8,9.2,264,0,0,0,2.4,0,0,-0.1,-1.7,0,0,-0.476,0,0,16360.7,0:20:50,8.3,0,--.--,252,14.4,49,0000:00:00,12,-1,0,0,50,0,0,0,0,0,0,1,712.91,11:50:00,9/22/2023,101.57,48.83,--.--
high,0,1423,23.72,13.94,54.75,4943,763.215,2.88,72.77425733,50:01.6,16.7,6.1,267,0,0,0,2.3,0,0,0,-1.6,0,0,-0.512,0,0,16451,0:20:51,87,0,--.--,94,108.9,49,0000:00:00,12,-1,0,0,50,0,0,0,0,0,0,1,763.27,11:50:01,9/22/2023,101.59,48.83,--.--
high,0,1424,23.73,14.04,34.85,4954,489.294,2.69,72.91017233,50:02.6,13,9.5,258,0,0,0,2.3,0,0,0,-1.3,0,0,-0.409,0,0,16546.2,0:20:52,9.6,0,--.--,257,13.1,49,0000:00:00,12,-1,0,0,50,0,0,0,0,0,0,1,489.22,11:50:02,9/22/2023,101.57,48.81,--.--
high,0,1425,23.75,13.92,44.37,4965,617.6304,2.79,73.08173633,50:03.6,15.1,2,258,0,0,0,2.1,0,0,0.2,-1.1,0,0,-0.372,0,0,16546.2,0:20:53,10.7,0,--.--,255,12,49,0000:00:00,12,-1,0,0,50,0,0,0,0,0,0,1,617.63,11:50:03,9/22/2023,101.57,48.81,--.--
high,0,1426,23.77,13.63,56.42,4979,769.0046,2.89,73.29534872,50:04.6,9.5,-4.9,252,0,0,0,1.8,0,0,0.2,-0.3,0,0,-0.136,0,0,16546.2,0:20:54,11.5,0,--.--,259,11.2,49,0000:00:00,12,-1,0,0,50,0,0,0,0,0,0,1,768.95,11:50:04,9/22/2023,101.57,48.83,--.--
high,0,1427,23.78,13.93,40.76,4991,567.7868,2.75,73.45306728,50:05.6,22.3,-27.4,245,0,0,0,1.6,0,0,0.1,-0.5,0,0,-0.133,0,0,16546.2,0:20:55,11.9,0,--.--,260,10.9,49,0000:00:00,12,-1,0,0,50,0,0,0,0,0,0,1,567.66,11:50:05,9/22/2023,101.57,48.87,--.--
high,0,1428,23.8,14.86,0.65,4997,9.659,0.98,73.45575033,50:06.6,36.9,-26.5,225,0,0,0,1.7,0,0,0.1,0.2,0,0,0.033,0,0,16546.2,0:20:56,11.7,0,--.--,259,11,49,0000:00:00,12,-1,0,0,50,0,0,0,0,0,0,1,9.66,11:50:06,9/22/2023,101.55,48.88,--.--
high,0,1429,23.82,14.9,0.65,4997,9.685,0.99,73.45844061,50:07.6,80.5,1,236,0,0,0,1.8,0,0,1.3,1.3,0,0,0.26,0,0,16641.4,0:20:57,87,0,--.--,94,108.9,49,0000:00:00,12,-1,0,0,50,0,0,0,0,0,0,1,9.68,11:50:07,9/22/2023,101.52,48.9,--.--
high,0,1430,23.83,14.91,0.7,4997,10.437,1.02,73.46133978,50:08.6,59.4,-24.5,284,0,0,0,2.2,0,0,-0.4,2,0,0,0.726,0,0,16739,0:20:58,11,0,--.--,257,11.7,49,0000:00:00,12,-1,0,0,50,0,0,0,0,0,0,1,10.44,11:50:08,9/22/2023,101.53,48.96,--.--
high,0,1431,23.85,14.94,0.66,4997,9.8604,0.99,73.46407878,50:09.6,35.1,-25,275,0,0,0,2,0,0,-1.1,-2.2,0,0,-0.41,0,0,16836.6,0:20:59,87,0,--.--,94,108.9,49,0000:00:00,12,-1,0,0,50,0,0,0,0,0,0,1,9.86,11:50:09,9/22/2023,101.53,49.01,--.--
high,0,1432,23.87,14.96,0.63,4998,9.4248,0.97,73.46669678,50:10.6,47.2,-21.1,239,0,0,0,2.1,0,0,-0.5,-1.6,0,0,-0.627,0,0,16836.6,0:21:00,87,0,--.--,94,108.9,49,0000:00:00,12,-1,0,0,50,0,0,0,0,0,0,1,9.42,11:50:10,9/22/2023,101.46,49.03,--.--
