water_current,transect,SU,min,voltage,current,mAh,W,log_W,Wh,Timestamp,roll,pitch,heading,rollRate,pitchRate,yawRate,groundSpeed,airSpeed,airSpeedSetpoint,climbRate,altitudeRelative,altitudeAMSL,altitudeTuning,altitudeTuningSetpoint,xTrackError,rangeFinderDist,flightDistance,flightTime,distanceToHome,missionItemIndex,headingToNextWP,headingToHome,distanceToGCS,throttlePct,hobbs,apmSubInfo.cameraTilt,apmSubInfo.tetherTurns,apmSubInfo.lights1,apmSubInfo.lights2,apmSubInfo.pilotGain,apmSubInfo.inputHold,apmSubInfo.rollPitchToggle,apmSubInfo.rangefinderDistance,battery0.id,battery0.batteryFunction,battery0.batteryType,battery0.chargeState,battery0.instantPower,clock.currentTime,clock.currentDate,temperature.temperature1,temperature.temperature2,temperature.temperature3
low,0,1,0.02,16.45,0.64,9,10.528,1.02,0.016998333,0.038359954,-2.1,-0.6,311,0,0,0,0,0,0,0,0,0,0,0,0,0,0,0,0,0,--.--,0,0,0,0000:00:00,50,0,0,0,30,0,0,0,0,0,0,1,10.53,0.455023148,45209,72.27,54.54,--.--
low,0,2,0.03,16.45,0.58,9,9.541,0.98,0.019831389,0.03837037,-1.7,-0.5,311,0,0,0,0,0,0,0,0,0,0,0,0,0,0,0,0,0,--.--,0,0,0,0000:00:00,50,0,0,0,30,0,0,0,0,0,0,1,9.54,0.455034722,45209,72.3,54.54,--.--
low,0,3,0.05,16.45,0.62,9,10.199,1.01,0.022527361,0.038381944,-1.9,-0.4,311,0,0,0,0,0,0,0,0,0,0,0,0,0,0,0,0,0,--.--,0,0,0,0000:00:00,50,0,0,0,30,0,0,0,0,0,0,1,10.2,0.455046296,45209,72.34,54.54,--.--
low,0,4,0.07,16.45,0.62,9,10.199,1.01,0.025406111,0.038393519,-1.5,-0.6,311,0,0,0,0,0,0,0,0,0,0,0,0,0,0,0,0,0,--.--,0,0,0,0000:00:00,50,0,0,0,30,0,0,0,0,0,0,1,10.2,0.45505787,45209,72.37,54.55,--.--
low,0,5,0.08,16.45,0.61,9,10.0345,1,0.028239167,0.038405093,-1.4,-0.5,311,0,0,0,0,0,0,0,0,0,0,0,0,0,0,0,0,0,--.--,0,0,0,0000:00:00,50,0,0,0,30,0,0,0,0,0,0,1,10.04,0.455069444,45209,72.41,54.54,--.--
low,0,6,0.1,16.45,0.65,10,10.6925,1.03,0.031072222,0.038417824,-2.8,-0.5,311,0,0,0,0,0,0,0,0,0,-0.01,0,0,0,0,0,0,0,--.--,0,0,0,0000:00:00,50,0,0,0,30,0,0,0,0,0,0,1,10.69,0.455081019,45209,72.45,54.54,--.--
low,0,7,0.12,16.45,0.62,10,10.199,1.01,0.033859583,0.038428241,-1.3,-0.3,311,0,0,0,0,0,0,0,0,0,0,0,0,0,0,0,0,0,--.--,0,0,0,0000:00:00,50,0,0,0,30,0,0,0,0,0,0,1,10.2,0.455092593,45209,72.48,54.54,--.--
low,0,8,0.13,16.45,0.59,10,9.7055,0.99,0.036829722,0.038439815,-2.5,-0.2,310,0,0,0,0,0,0,0,0,0,0,0,0,0,0,0,0,0,--.--,0,0,0,0000:00:00,50,0,0,0,30,0,0,0,0,0,0,1,9.71,0.455104167,45209,72.52,54.55,--.--
low,0,9,0.15,16.45,0.63,10,10.3635,1.02,0.039525694,0.038451389,-1.8,-0.8,310,0,0,0,0,0,0,0,0,0,0,0,0,0,0,0,0,0,--.--,0,0,0,0000:00:00,50,0,0,0,30,0,0,0,0,0,0,1,10.36,0.455115741,45209,72.55,54.55,--.--
low,0,10,0.17,16.45,0.62,10,10.199,1.01,0.04235875,0.038462963,-1.4,0.2,311,0,0,0,0,0,0,0,0,0,0,0,0,0,0,0,0,0,--.--,0,--.--,0,0000:00:00,50,0,0,0,30,0,0,0,0,0,0,1,10.2,0.455127315,45209,72.59,54.54,--.--
low,0,11,0.18,16.45,0.62,10,10.199,1.01,0.045191806,0.038474537,-2.2,-0.4,310,0,0,0,0,0,0,0,0,0,0,0,0,0,0,0,0,0,--.--,0,--.--,0,0000:00:00,50,0,0,0,30,0,0,0,0,0,0,1,10.2,0.455138889,45209,72.63,54.54,--.--
low,0,12,0.2,16.45,0.61,11,10.0345,1,0.047796389,0.038486111,-1.7,-0.6,310,0,0,0,0,0,0,0,0,0,0,0,0,0,0,0,0,0,--.--,0,--.--,0,0000:00:00,50,0,0,0,30,0,0,0,0,0,0,1,10.04,0.455150463,45209,72.66,54.54,--.--
low,0,13,0.22,16.45,0.65,11,10.6925,1.03,0.050629444,0.038498843,-2,0,309,0,0,0,0,0,0,0,0,0,0,0,0,0,0,0,0,0,--.--,0,--.--,0,0000:00:00,50,0,0,0,30,0,0,0,0,0,0,1,10.69,0.455162037,45209,72.72,54.54,--.--
low,0,14,0.23,16.45,0.59,11,9.7055,0.99,0.053234028,0.038509259,-2.1,-0.2,309,0,0,0,0,0,0,0,0,0,0,0,0,0,0,0,0,0,--.--,0,--.--,0,0000:00:00,50,0,0,0,30,0,0,0,0,0,0,1,9.7,0.455173611,45209,72.75,54.55,--.--
low,0,15,0.25,16.45,0.62,11,10.199,1.01,0.056021389,0.038520833,-1.9,-0.2,309,0,0,0,0,0,0,0,0,0,0,0,0,0,0,0,0,0,--.--,0,--.--,0,0000:00:00,50,0,0,0,30,0,0,0,0,0,0,1,10.2,0.455185185,45209,72.79,54.54,--.--
low,0,16,0.27,16.45,0.62,11,10.199,1.01,0.058900139,0.038532407,-1.9,-0.7,308,0,0,0,0,0,0,0,0,0,0,0,0,0,0,0,0,0,--.--,0,--.--,0,0000:00:00,50,0,0,0,30,0,0,0,0,0,0,1,10.2,0.455196759,45209,72.82,54.54,--.--
low,0,17,0.28,16.45,0.57,12,9.3765,0.97,0.061596111,0.038545139,-1.8,-0.1,307,0,0,0,0,0,0,0,0,0,0,0,0,0,0,0,0,0,--.--,0,--.--,0,0000:00:00,50,0,0,0,30,0,0,0,0,0,0,1,9.37,0.455208333,45209,72.86,54.54,--.--
low,0,18,0.3,16.45,0.62,12,10.199,1.01,0.064383472,0.038555556,-2.8,-0.4,307,0,0,0,0,0,0,0,0,0,0,0,0,0,0,0,0,0,--.--,0,--.--,0,0000:00:00,50,0,0,0,30,0,0,0,0,0,0,1,10.2,0.455219907,45209,72.9,54.55,--.--
low,0,19,0.32,16.45,0.57,12,9.3765,0.97,0.067307917,0.03856713,-1.6,-0.1,306,0,0,0,0,0,0,0,0,0,0,0,0,0,0,0,0,0,--.--,0,--.--,0,0000:00:00,50,0,0,0,30,0,0,0,0,0,0,1,9.37,0.455231481,45209,72.93,54.54,--.--
low,0,20,0.33,16.45,0.61,12,10.0345,1,0.070140972,0.038578704,-2,-0.5,305,0,0,0,0,0,0,0,0,0,0,0,0,0,0,0,0,0,--.--,0,--.--,0,0000:00:00,50,0,0,0,30,0,0,0,0,0,0,1,10.03,0.455243056,45209,72.97,54.54,--.--
low,0,21,0.35,16.45,0.63,12,10.3635,1.02,0.072928333,0.038590278,-2.8,-0.3,305,0,0,0,0,0,0,0,0,0,0,0,0,0,0,0,0,0,--.--,0,--.--,0,0000:00:00,50,0,0,0,30,0,0,0,0,0,0,1,10.36,0.45525463,45209,73,54.54,--.--
low,0,22,0.37,16.45,0.59,12,9.7055,0.99,0.075624306,0.038601852,-1.8,-0.4,304,0,0,0,0,0,0,0,0,0,0,0,0,0,0,0,0,0,--.--,0,--.--,0,0000:00:00,50,0,0,0,30,0,0,0,0,0,0,1,9.71,0.455266204,45209,73.04,54.54,--.--
low,0,23,0.38,16.45,0.61,13,10.0345,1,0.078365972,0.038613426,-2.3,-0.2,303,0,0,0,0,0,0,0,0,0,0,0,0,0,0,0,0,0,--.--,0,--.--,0,0000:00:00,50,0,0,0,30,0,0,0,0,0,0,1,10.03,0.455277778,45209,73.08,54.55,--.--
low,0,24,0.4,16.45,0.64,13,10.528,1.02,0.08101625,0.038625,-2.7,-0.5,302,0,0,0,0,0,0,0,0,0,0,0,0,0,0,0,0,0,--.--,0,--.--,0,0000:00:00,50,0,0,0,30,0,0,0,0,0,0,1,10.53,0.455289352,45209,73.11,54.55,--.--
low,0,25,0.42,16.45,0.62,13,10.199,1.01,0.083757917,0.038636574,-2.9,-0.1,301,0,0,0,0,0,0,0,0,0,0,0,0,0,0,0,0,0,--.--,0,--.--,0,0000:00:00,50,0,0,0,30,0,0,0,0,0,0,1,10.2,0.455300926,45209,73.15,54.55,--.--
low,0,26,0.43,16.45,0.61,13,10.0345,1,0.086590972,0.038648148,-2.1,-0.5,301,0,0,0,0,0,0,0,0,0,0,0,0,0,0,0,0,0,--.--,0,--.--,0,0000:00:00,50,0,0,0,30,0,0,0,0,0,0,1,10.03,0.4553125,45209,73.18,54.55,--.--
low,0,27,0.45,16.45,0.59,13,9.7055,0.99,0.089378333,0.038659722,-3.7,-0.1,300,0,0,0,0,0,0,0,0,0,0,0,0,0,0,0,0,0,--.--,0,--.--,0,0000:00:00,50,0,0,0,30,0,0,0,0,0,0,1,9.7,0.455324074,45209,73.22,54.55,--.--
low,0,28,0.47,16.45,0.6,13,9.87,0.99,0.092165694,0.038671296,-1.2,-0.5,299,0,0,0,0,0,0,0,0,0,0,0,0,0,0,0,0,0,--.--,0,--.--,0,0000:00:00,50,0,0,0,30,0,0,0,0,0,0,1,9.87,0.455335648,45209,73.26,54.54,--.--
low,0,29,0.48,16.45,0.58,14,9.541,0.98,0.094815972,0.03868287,-4.3,-0.2,298,0,0,0,0,0,0,0,0,0,0,0,0,0,0,0,0,0,--.--,0,--.--,0,0000:00:00,50,0,0,0,30,0,0,0,0,0,0,1,9.54,0.455347222,45209,73.31,54.55,--.--
low,0,30,0.5,16.45,0.6,14,9.87,0.99,0.097923194,0.038695602,-1.1,-0.6,298,0,0,0,0,0,0,0,0,0,0,0,0,0,0,0,0,0,--.--,0,--.--,0,0000:00:00,50,0,0,0,30,0,0,0,0,0,0,1,9.87,0.455358796,45209,73.35,54.55,--.--
low,0,31,0.52,16.45,0.62,14,10.199,1.01,0.10075625,0.038706019,-3.9,0.1,296,0,0,0,0,0,0,0,0,0,0,0,0,0,0,0,0,0,--.--,0,--.--,0,0000:00:00,50,0,0,0,30,0,0,0,0,0,0,1,10.2,0.45537037,45209,73.38,54.55,--.--
low,0,32,0.53,16.45,0.61,14,10.0345,1,0.103315139,0.038717593,-2,-0.9,296,0,0,0,0,0,0,0,0,0,0,0,0,0,0,0,0,0,--.--,0,--.--,0,0000:00:00,50,0,0,0,30,0,0,0,0,0,0,1,10.03,0.455381944,45209,73.44,54.55,--.--
low,0,33,0.55,16.45,0.61,14,10.0345,1,0.106011111,0.038729167,-3.2,0.1,295,0,0,0,0,0,0,0,0,0,0,0,0,0,0,0,0,0,--.--,0,--.--,0,0000:00:00,50,0,0,0,30,0,0,0,0,0,0,1,10.04,0.455393519,45209,73.45,54.55,--.--
low,0,34,0.57,16.45,0.58,14,9.541,0.98,0.108842444,0.038740741,-2.2,-0.6,294,0,0,0,0,0,0,0,0,0,0,0,0,0,0,0,0,0,--.--,0,--.--,0,0000:00:00,50,0,0,0,30,0,0,0,0,0,0,1,9.54,0.455405093,45209,73.51,54.55,--.--
low,0,35,0.58,16.45,0.68,15,11.186,1.05,0.111719444,0.038752315,-3.5,0,293,0,0,0,0,0,0,0,0,0,0,0,0,0,0,0,0,0,--.--,0,--.--,0,0000:00:00,50,0,0,0,30,0,0,0,0,0,0,1,11.19,0.455416667,45209,73.53,54.55,--.--
low,0,36,0.6,16.45,0.62,15,10.199,1.01,0.114461111,0.038763889,-2,-0.8,292,0,0,0,0,0,0,0,0,0,0,0,0,0,0,0,0,0,--.--,0,--.--,0,0000:00:00,50,0,0,0,30,0,0,0,0,0,0,1,10.2,0.455428241,45209,73.56,54.55,--.--
low,0,37,0.62,16.45,0.56,15,9.212,0.96,0.117248472,0.038775463,-3.7,0.1,291,0,0,0,0,0,0,0,0,0,0,0,0,0,0,0,0,0,--.--,0,--.--,0,0000:00:00,50,0,0,0,30,0,0,0,0,0,0,1,9.21,0.455439815,45209,73.6,54.55,--.--
low,0,38,0.63,16.45,0.59,15,9.7055,0.99,0.11989875,0.038787037,-1.6,-1.2,290,0,0,0,0,0,0,0,0,0,0,0,0,0,0,0,0,0,--.--,0,--.--,0,0000:00:00,50,0,0,0,30,0,0,0,0,0,0,1,9.71,0.455451389,45209,73.63,54.55,--.--
low,0,39,0.65,16.44,0.62,15,10.1928,1.01,0.12291275,0.038798611,-3.9,0.2,289,0,0,0,0,0,0,0,0,0,0,0,0,0,0,0,0,0,--.--,0,--.--,0,0000:00:00,50,0,0,0,30,0,0,0,0,0,0,1,10.19,0.455462963,45209,73.67,54.55,--.--
low,0,40,0.67,16.44,0.63,15,10.3572,1.02,0.125700111,0.038811343,-1.5,-0.8,288,0,0,0,0,0,0,0,0,0,0,0,0,0,0,0,0,0,--.--,0,--.--,0,0000:00:00,50,0,0,0,30,0,0,0,0,0,0,1,10.36,0.455474537,45209,73.71,54.54,--.--
low,0,41,0.68,16.45,0.6,16,9.87,0.99,0.128487472,0.038822917,-3.3,-0.2,287,0,0,0,0,0,0,0,0,0,0,0,0,0,0,0,0,0,--.--,0,--.--,0,0000:00:00,50,0,0,0,30,0,0,0,0,0,0,1,9.87,0.455486111,45209,73.74,54.55,--.--
low,0,42,0.7,16.45,0.61,16,10.0345,1,0.131274833,0.038834491,-2.4,-0.9,286,0,0,0,0,0,0,0,0,0,0,0,0,0,0,0,0,0,--.--,0,--.--,0,0000:00:00,50,0,0,0,30,0,0,0,0,0,0,1,10.03,0.455497685,45209,73.76,54.55,--.--
low,0,43,0.72,16.45,0.58,16,9.541,0.98,0.138174694,0.038846065,-2.2,-0.5,284,0,0,0,0,0,0,0,0,0,0,-0.01,0,0,0,0,0,0,--.--,0,--.--,0,0000:00:00,50,0,0,0,30,0,0,0,0,0,0,1,9.54,0.455509259,45209,73.8,54.55,--.--
low,0,44,0.73,16.44,0.66,16,10.8504,1.04,0.140960361,0.038857639,-2.9,-0.7,283,0,0,0,0,0,0,0,0,0,0,0,0,0,0,0,0,0,--.--,0,--.--,0,0000:00:00,50,0,0,0,30,0,0,0,0,0,0,1,10.85,0.455520833,45209,73.85,54.55,--.--
low,0,45,0.75,16.45,0.61,16,10.0345,1,0.154577028,0.038869213,-2.2,-0.5,282,0,0,0,0,0,0,0,0,0,-0.01,-0.01,0,0,0,0,0,0,--.--,0,--.--,0,0000:00:00,50,0,0,0,30,0,0,0,0,0,0,1,10.03,0.455532407,45209,73.89,54.55,--.--
low,0,46,0.77,16.45,0.61,16,10.0345,1,0.159129806,0.038880787,-3,-0.8,281,0,0,0,0,0,0,0,0,0,0,0,0,0,0,0,0,0,--.--,0,--.--,50,0000:00:00,50,0,0,0,30,0,0,0,0,0,0,1,10.03,0.455543981,45209,73.92,54.55,--.--
low,0,47,0.78,16.45,0.61,17,10.0345,1,0.161961139,0.038892361,-2.3,-0.4,280,0,0,0,0,0,0,0,0,0,0,-0.01,0,0,0,0,0,0,--.--,0,--.--,50,0000:00:00,50,0,0,0,30,0,0,0,0,0,0,1,10.03,0.455555556,45209,73.96,54.55,--.--
low,0,48,0.8,16.45,1.51,17,24.8395,1.4,0.164702806,0.038903935,-3.3,-0.5,279,0,0,0,0,0,0,0,0,0,0,0,0,0,0,2.31481E-05,0,0,--.--,0,--.--,50,0000:00:00,50,0,0,0,30,0,0,0,0,0,0,1,24.83,0.45556713,45209,73.99,54.55,--.--
low,0,49,0.82,16.44,0.61,17,10.0284,1,0.168034444,0.038915509,-2,-0.4,278,0,0,0,0,0,0,0,0,0,0,0,0,0,0,2.31481E-05,0,0,--.--,0,--.--,50,0000:00:00,50,0,0,0,30,0,0,0,0,0,0,1,10.03,0.455578704,45209,74.03,54.57,--.--
low,0,50,0.83,16.34,3,18,49.02,1.69,0.173599,0.038927083,-3.3,-0.4,277,0,0,0,0,0,0,0,0,0,0,0,0,0,0,3.47222E-05,0,0,--.--,0,--.--,35,0000:00:00,50,0,0,0,30,0,0,0,0,0,0,1,49.01,0.455590278,45209,74.05,54.55,--.--
low,0,51,0.85,16.39,1,18,16.39,1.21,0.176384667,0.038938657,-2,-1,276,0,0,0,0,0,0,0,0,0,0,0,0,0,0,4.62963E-05,0,0,--.--,0,--.--,50,0000:00:00,50,0,0,0,30,0,0,0,0,0,0,1,16.39,0.455601852,45209,74.08,54.55,--.--
low,0,52,0.87,16.44,0.62,18,10.1928,1.01,0.179172028,0.038950231,-4,0.2,275,0,0,0,0,0,0,0,0,0,0,0,0,0,0,5.78704E-05,0,0,--.--,0,--.--,49,0000:00:00,50,0,0,0,30,0,0,0,0,0,0,1,10.19,0.455613426,45209,74.14,54.55,--.--
low,0,53,0.88,16.45,0.6,19,9.87,0.99,0.181868,0.038961806,-1,-1.4,274,0,0,0,0,0,0,0,0,0,0,0,0,0,0,6.94444E-05,0,0,--.--,0,--.--,49,0000:00:00,50,0,10,0,30,0,0,0,0,0,0,1,9.87,0.455625,45209,74.16,54.55,--.--
low,0,54,0.9,16.43,0.73,19,11.9939,1.08,0.184653667,0.03897338,-3.7,-0.2,273,0,0,0,0,0,0,0,0,0,0,0,0,0,0,8.10185E-05,0,0,--.--,0,--.--,49,0000:00:00,50,0,60,0,30,0,0,0,0,0,0,1,12,0.455636574,45209,74.19,54.55,--.--
low,0,55,0.92,16.42,1.22,19,20.0324,1.3,0.187303944,0.038984954,-1.5,-0.5,273,0,0,0,0,0,0,0,0,0,-0.01,0,0,0,0,9.25926E-05,0,0,--.--,0,--.--,50,0000:00:00,50,0,40,0,30,0,0,0,0,0,0,1,20.03,0.455648148,45209,74.23,54.54,--.--
low,0,56,0.93,16.44,0.61,19,10.0284,1,0.189999917,0.038996528,-4.1,-0.8,273,0,0,0,0,0,0,0,0,0,0,0,0,0,0,0.000104167,0,0,--.--,0,--.--,49,0000:00:00,50,0,0,0,30,0,0,0,0,0,0,1,10.03,0.455659722,45209,74.26,54.57,--.--
low,0,57,0.95,16.45,0.61,20,10.0345,1,0.192695889,0.039008102,-1.5,-0.7,273,0,0,0,0,0,0,0,0,0,0,0,0,0,0,0.000115741,0,0,--.--,0,--.--,48,0000:00:00,50,0,0,0,30,0,0,0,0,0,0,1,10.03,0.455671296,45209,74.3,54.55,--.--
low,0,58,0.97,16.45,0.59,20,9.7055,0.99,0.195528944,0.039019676,-4,0.3,273,0,0,0,0,0,0,0,0,0,0,0,0,0,0,0.000127315,0,0,--.--,0,--.--,49,0000:00:00,50,0,0,0,30,0,0,0,0,0,0,1,9.7,0.45568287,45209,74.32,54.55,--.--
low,0,59,0.98,16.44,0.61,20,10.0284,1,0.198362,0.03903125,-1.8,-0.9,273,0,0,0,0,0,0,0,0,0,0,0,0,0,0,0.000138889,0,0,--.--,0,--.--,50,0000:00:00,50,0,0,0,30,0,0,0,0,0,0,1,10.03,0.455694444,45209,74.37,54.55,--.--
low,0,60,1,16.45,0.58,20,9.541,0.98,0.201286444,0.039042824,-3.3,-0.5,273,0,0,0,0,0,0,0,0,0,0,0,0,0,0,0.000150463,0,0,--.--,0,--.--,49,0000:00:00,50,0,0,0,30,0,0,0,0,0,0,1,9.54,0.455706019,45209,74.41,54.55,--.--
low,0,61,1.02,16.45,0.59,20,9.7055,0.99,0.203936722,0.039054398,-1.3,-0.6,274,0,0,0,0,0,0,0,0,0,-0.01,0,0,0,0,0.000162037,0,0,--.--,0,--.--,50,0000:00:00,50,0,0,0,30,0,0,0,0,0,0,1,9.7,0.455717593,45209,74.44,54.57,--.--
low,0,62,1.03,16.45,0.59,20,9.7055,0.99,0.206724083,0.039065972,-3.3,-0.5,273,0,0,0,0,0,0,0,0,0,0,-0.01,0,0,0,0.000173611,0,0,--.--,0,--.--,49,0000:00:00,50,0,0,0,30,0,0,0,0,0,0,1,9.7,0.455729167,45209,74.48,54.55,--.--
low,0,63,1.05,16.45,0.62,21,10.199,1.01,0.209601083,0.039077546,-2.1,-0.7,274,0,0,0,0,0,0,0,0,0,0,0,0,0,0,0.000185185,0,0,--.--,0,--.--,49,0000:00:00,50,0,0,0,30,0,0,0,0,0,0,1,10.2,0.455740741,45209,74.53,54.57,--.--
low,0,64,1.07,16.45,0.62,21,10.199,1.01,0.212616917,0.03908912,-3.3,-0.4,274,0,0,0,0,0,0,0,0,0,0,0,0,0,0,0.000196759,0,0,--.--,0,--.--,49,0000:00:00,50,0,0,0,30,0,0,0,0,0,0,1,10.2,0.455752315,45209,74.55,54.55,--.--
low,0,65,1.08,16.45,0.64,21,10.528,1.02,0.215449972,0.039100694,-2.6,-0.7,274,0,0,0,0,0,0,0,0,0,0,0,0,0,0,0.000208333,0,0,--.--,0,--.--,49,0000:00:00,50,0,0,0,30,0,0,0,0,0,0,1,10.53,0.455763889,45209,74.61,54.55,--.--
low,0,66,1.1,16.45,0.58,21,9.541,0.98,0.218283028,0.039112269,-3.1,0.2,274,0,0,0,0,0,0,0,0,0,0,0,0,0,0,0.000219907,0,0,--.--,0,--.--,49,0000:00:00,50,0,0,0,30,0,0,0,0,0,0,1,9.54,0.455775463,45209,74.62,54.55,--.--
low,0,67,1.12,16.45,0.61,21,10.0345,1,0.221116083,0.039123843,-2.5,-0.7,274,0,0,0,0,0,0,0,0,0,0,0,0,0,0,0.000243056,0,0,--.--,0,--.--,49,0000:00:00,50,0,0,0,30,0,0,0,0,0,0,1,10.03,0.455787037,45209,74.66,54.57,--.--
low,0,68,1.13,16.44,0.63,21,10.3572,1.02,0.223949139,0.039135417,-2.7,-0.5,274,0,0,0,0,0,0,0,0,0,0,0,0,0,0,0.00025463,0,0,--.--,0,--.--,49,0000:00:00,50,0,0,0,30,0,0,0,0,0,0,1,10.36,0.455798611,45209,74.7,54.57,--.--
low,0,69,1.15,16.45,0.66,22,10.857,1.04,0.226780472,0.039146991,-2.6,-0.6,273,0,0,0,0,0,0,0,0,0,0,0,0,0,0,0.00025463,0,0,--.--,0,--.--,49,0000:00:00,50,0,0,0,30,0,0,0,0,0,0,1,10.85,0.455810185,45209,74.73,54.57,--.--
low,0,70,1.17,16.45,0.62,22,10.199,1.01,0.229567833,0.039158565,-1.5,-0.3,273,0,0,0,0,0,0,0,0,0,0,0,0,0,0,0.000266204,0,0,--.--,0,--.--,49,0000:00:00,50,0,0,0,30,0,0,0,0,0,0,1,10.2,0.455821759,45209,74.77,54.57,--.--
low,0,71,1.18,16.45,0.62,22,10.199,1.01,0.2323535,0.039170139,-3.6,-0.6,273,0,0,0,0,0,0,0,0,0,0,0,0,0,0,0.000277778,0,0,--.--,0,--.--,49,0000:00:00,50,0,0,0,30,0,0,0,0,0,0,1,10.2,0.455833333,45209,74.8,54.57,--.--
low,0,72,1.2,16.45,0.62,22,10.199,1.01,0.2352305,0.039181713,-2.1,-0.8,273,0,0,0,0,0,0,0,0,0,0,0,0,0,0,0.000300926,0,0,--.--,0,--.--,49,0000:00:00,50,0,0,0,30,0,0,0,0,0,0,1,10.2,0.455844907,45209,74.82,54.57,--.--
low,0,73,1.22,16.45,0.62,22,10.199,1.01,0.238063556,0.039193287,-4.2,0.1,274,0,0,0,0,0,0,0,0,0,0,0,0,0,0,0.0003125,0,0,--.--,0,--.--,49,0000:00:00,50,0,0,0,30,0,0,0,0,0,0,1,10.2,0.455856481,45209,74.86,54.57,--.--
low,0,74,1.23,16.44,0.62,23,10.1928,1.01,0.240896611,0.039204861,-1.2,-0.4,275,0,0,0,0,0,0,0,0,0,0,0,0,0,0,0.000324074,0,0,--.--,0,--.--,49,0000:00:00,50,0,0,0,30,0,0,0,0,0,0,1,10.19,0.455868056,45209,74.89,54.57,--.--
low,0,75,1.25,16.45,0.61,23,10.0345,1,0.243638278,0.039216435,-4,-0.4,276,0,0,0,0,0,0,0,0,0,0,0,0,0,0,0.000335648,0,0,--.--,0,--.--,49,0000:00:00,50,0,0,0,30,0,0,0,0,0,0,1,10.03,0.45587963,45209,74.93,54.57,--.--
low,0,76,1.27,16.44,0.61,23,10.0284,1,0.246471333,0.039228009,-1,-0.2,277,0,0,0,0,0,0,0,0,0,0,0,0,0,0,0.000347222,0,0,--.--,0,--.--,49,0000:00:00,50,0,0,0,30,0,0,0,0,0,0,1,10.03,0.455891204,45209,74.97,54.57,--.--
low,0,77,1.28,16.44,0.63,23,10.3572,1.02,0.249304389,0.039239583,-3.6,-0.9,277,0,0,0,0,0,0,0,0,0,0,0,0,0,0,0.000358796,0,0,--.--,0,--.--,49,0000:00:00,50,0,0,0,30,0,0,0,0,0,0,1,10.36,0.455902778,45209,75.02,54.57,--.--
low,0,78,1.3,16.45,0.62,23,10.199,1.01,0.251998722,0.039251157,-2.2,-0.5,278,0,0,0,0,0,0,0,0,0,0,0,0,0,0,0.00037037,0,0,--.--,0,--.--,49,0000:00:00,50,0,0,0,30,0,0,0,0,0,0,1,10.2,0.455914352,45209,75.04,54.57,--.--
low,0,79,1.32,16.45,0.62,23,10.199,1.01,0.255014556,0.039262731,-3.8,0.4,279,0,0,0,0,0,0,0,0,0,0,0,0,0,0,0.000381944,0,0,--.--,0,--.--,49,0000:00:00,50,0,0,0,30,0,0,0,0,0,0,1,10.2,0.455925926,45209,75.07,54.57,--.--
low,0,80,1.33,16.45,0.6,24,9.87,0.99,0.257845889,0.039274306,-1.4,-0.7,280,0,0,0,0,0,0,0,0,0,0,0,0,0,0,0.000393519,0,0,--.--,0,--.--,49,0000:00:00,50,0,0,0,30,0,0,0,0,0,0,1,9.87,0.4559375,45209,75.11,54.57,--.--
low,0,81,1.35,16.45,0.62,24,10.199,1.01,0.260540222,0.03928588,-4.6,-0.2,281,0,0,0,0,0,0,0,0,0,0,0,0,0,0,0.000405093,0,0,--.--,0,--.--,49,0000:00:00,50,0,0,0,30,0,0,0,0,0,0,1,10.2,0.455949074,45209,75.15,54.55,--.--
low,0,82,1.37,16.45,0.62,24,10.199,1.01,0.263325889,0.039297454,-0.9,-0.1,282,0,0,0,0,0,0,0,0,0,0,0,0,0,0,0.000416667,0,0,--.--,0,--.--,49,0000:00:00,50,0,0,0,30,0,0,0,0,0,0,1,10.2,0.455960648,45209,75.16,54.57,--.--
low,0,83,1.38,16.44,0.59,24,9.6996,0.99,0.266111556,0.039309028,-4.6,-0.5,282,0,0,0,0,0,0,0,0,0,0,0,0,0,0,0.000428241,0,0,--.--,0,--.--,49,0000:00:00,50,0,0,0,30,0,0,0,0,0,0,1,9.7,0.455972222,45209,75.2,54.57,--.--
low,0,84,1.4,16.45,0.66,24,10.857,1.04,0.268988556,0.039320602,-1.3,-0.3,283,0,0,0,0,0,0,0,0,0,0,0,0,0,0,0.000439815,0,0,--.--,0,--.--,49,0000:00:00,50,0,0,0,30,0,0,0,0,0,0,1,10.85,0.455983796,45209,75.24,54.57,--.--
low,0,85,1.42,16.44,0.62,24,10.1928,1.01,0.271684528,0.039332176,-3.5,-0.3,284,0,0,0,0,0,0,0,0,0,0,0,0,0,0,0.000451389,0,0,--.--,0,--.--,49,0000:00:00,50,0,0,0,30,0,0,0,0,0,0,1,10.19,0.45599537,45209,75.27,54.57,--.--
low,0,86,1.43,16.44,0.59,25,9.6996,0.99,0.274607194,0.03934375,-2.8,-0.8,284,0,0,0,0,0,0,0,0,0,0,0,0,0,0,0.000462963,0,0,--.--,0,--.--,49,0000:00:00,50,0,0,0,30,0,0,0,0,0,0,1,9.7,0.456006944,45209,75.31,54.57,--.--
low,0,87,1.45,16.44,0.61,25,10.0284,1,0.27744025,0.039355324,-3,0.3,285,0,0,0,0,0,0,0,0,0,0,0,0,0,0,0.000474537,0,0,--.--,0,--.--,49,0000:00:00,50,0,0,0,30,0,0,0,0,0,0,1,10.03,0.456018519,45209,75.34,54.57,--.--
low,0,88,1.47,16.44,0.61,25,10.0284,1,0.280362917,0.039366898,-2.4,-0.6,285,0,0,0,0,0,0,0,0,0,0,0,0,0,0,0.000486111,0,0,--.--,0,--.--,49,0000:00:00,50,0,0,0,30,0,0,0,0,0,0,1,10.03,0.456030093,45209,75.38,54.57,--.--
low,0,89,1.48,16.44,0.63,25,10.3572,1.02,0.28319425,0.039378472,-4,-0.1,286,0,0,0,0,0,0,0,0,0,0,0,0,0,0,0.000497685,0,0,--.--,0,--.--,49,0000:00:00,50,0,0,0,30,0,0,0,0,0,0,1,10.36,0.456041667,45209,75.42,54.57,--.--
low,0,90,1.5,16.45,0.59,25,9.7055,0.99,0.286025583,0.039390046,-1.9,-0.6,286,0,0,0,0,0,0,0,0,0,0,0,0,0,0,0.000509259,0,0,--.--,0,--.--,49,0000:00:00,50,0,0,0,30,0,0,0,0,0,0,1,9.7,0.456053241,45209,75.45,54.57,--.--
low,0,91,1.52,16.44,0.64,25,10.5216,1.02,0.288902583,0.03940162,-3,-0.5,286,0,0,0,0,0,0,0,0,0,0,0,0,0,0,0.000520833,0,0,--.--,0,--.--,49,0000:00:00,50,0,0,0,30,0,0,0,0,0,0,1,10.52,0.456064815,45209,75.49,54.57,--.--
low,0,92,1.53,16.45,0.62,26,10.199,1.01,0.291642583,0.039413194,-2.8,-0.5,286,0,0,0,0,0,0,0,0,0,0,0,0,0,0,0.000532407,0,0,--.--,0,--.--,49,0000:00:00,50,0,0,0,30,0,0,0,0,0,0,1,10.2,0.456076389,45209,75.51,54.57,--.--
low,0,93,1.55,16.44,0.64,26,10.5216,1.02,0.294475639,0.039424769,-2.9,0.3,286,0,0,0,0,0,0,0,0,0,0,0,0,0,0,0.000543981,0,0,--.--,0,--.--,49,0000:00:00,50,0,0,0,30,0,0,0,0,0,0,1,10.52,0.456087963,45209,75.56,54.57,--.--
low,0,94,1.57,16.44,0.62,26,10.1928,1.01,0.297354389,0.039436343,-3.3,-0.8,286,0,0,0,0,0,0,0,0,0,-0.01,0,0,0,0,0.000555556,0,0,--.--,0,--.--,49,0000:00:00,50,0,0,0,30,0,0,0,0,0,0,1,10.19,0.456099537,45209,75.58,54.57,--.--
low,0,95,1.58,16.44,0.62,26,10.1928,1.01,0.300050361,0.039447917,-2.6,-0.1,286,0,0,0,0,0,0,0,0,0,0,0,0,0,0,0.00056713,0,0,--.--,0,--.--,49,0000:00:00,50,0,0,0,30,0,0,0,0,0,0,1,10.19,0.456111111,45209,75.63,54.57,--.--
low,0,96,1.6,16.44,0.63,26,10.3572,1.02,0.302699028,0.039459491,-2.8,-0.4,286,0,0,0,0,0,0,0,0,0,0,0,0,0,0,0.000578704,0,0,--.--,0,--.--,49,0000:00:00,50,0,0,0,30,0,0,0,0,0,0,1,10.36,0.456122685,45209,75.67,54.57,--.--
low,0,97,1.62,16.44,0.6,26,9.864,0.99,0.305439028,0.039471065,-2.9,-0.4,285,0,0,0,0,0,0,0,0,0,0,0,0,0,0,0.000590278,0,0,--.--,0,--.--,49,0000:00:00,50,0,0,0,30,0,0,0,0,0,0,1,9.86,0.456134259,45209,75.7,54.57,--.--
low,0,98,1.63,16.45,0.62,27,10.199,1.01,0.308361694,0.039482639,-1.6,-0.6,284,0,0,0,0,0,0,0,0,0,0,0,0,0,0,0.000601852,0,0,--.--,0,--.--,49,0000:00:00,50,0,0,0,30,0,0,0,0,0,0,1,10.2,0.456145833,45209,75.74,54.57,--.--
low,0,99,1.65,16.45,0.63,27,10.3635,1.02,0.311149056,0.039494213,-3.1,-0.5,284,0,0,0,0,0,0,0,0,0,0,0,0,0,0,0.000613426,0,0,--.--,0,--.--,49,0000:00:00,50,0,0,0,30,0,0,0,0,0,0,1,10.36,0.456157407,45209,75.78,54.57,--.--
low,0,100,1.67,16.45,0.59,27,9.7055,0.99,0.313934722,0.039505787,-1.2,-1.2,284,0,0,0,0,0,0,0,0,0,0,0,0,0,0,0.000625,0,0,--.--,0,--.--,49,0000:00:00,50,0,0,0,30,0,0,0,0,0,0,1,9.7,0.456168981,45209,75.79,54.57,--.--
low,0,101,1.68,16.44,0.58,27,9.5352,0.98,0.316857389,0.039517361,-2.5,-0.3,284,0,0,0,0,0,0,0,0,0,0,0,0,0,0,0.000636574,0,0,--.--,0,--.--,49,0000:00:00,50,0,0,0,30,0,0,0,0,0,0,1,9.54,0.456180556,45209,75.83,54.57,--.--
low,0,102,1.7,16.44,0.6,27,9.864,0.99,0.31964475,0.039528935,-2.1,-0.7,284,0,0,0,0,0,0,0,0,0,0,0,0,0,0,0.000648148,0,0,--.--,0,--.--,49,0000:00:00,50,0,0,0,30,0,0,0,0,0,0,1,9.87,0.45619213,45209,75.87,54.57,--.--
low,0,103,1.72,16.44,0.64,28,10.5216,1.02,0.322339083,0.039540509,-0.8,-1,284,0,0,0,0,0,0,0,0,0,0,0,0,0,0,0.000659722,0,0,--.--,0,--.--,49,0000:00:00,50,0,0,0,30,0,0,0,0,0,0,1,10.52,0.456203704,45209,75.9,54.57,--.--
low,0,104,1.73,16.45,0.61,28,10.0345,1,0.325170417,0.039552083,-2.5,-1.1,284,0,0,0,0,0,0,0,0,0,0,0,0,0,0,0.000671296,0,0,--.--,0,--.--,49,0000:00:00,50,0,0,0,30,0,0,0,0,0,0,1,10.03,0.456215278,45209,75.94,54.59,--.--
low,0,105,1.75,16.44,0.61,28,10.0284,1,0.327773417,0.039563657,-1.2,-0.4,285,0,0,0,0,0,0,0,0,0,0,0,0,0,0,0.00068287,0,0,--.--,0,--.--,49,0000:00:00,50,0,0,0,30,0,0,0,0,0,0,1,10.03,0.456226852,45209,75.97,54.57,--.--
low,0,106,1.77,16.44,0.64,28,10.5216,1.02,0.330513417,0.039575231,-2.6,-0.7,285,0,0,0,0,0,0,0,0,0,0,0,0,0,0,0.000694444,0,0,--.--,0,--.--,49,0000:00:00,50,0,0,0,30,0,0,0,0,0,0,1,10.52,0.456238426,45209,75.99,54.57,--.--
low,0,107,1.78,16.45,0.61,28,10.0345,1,0.33348175,0.039586806,-1.4,-1,286,0,0,0,0,0,0,0,0,0,0,0,0,0,0,0.000706019,0,0,--.--,0,--.--,49,0000:00:00,50,0,0,0,30,0,0,0,0,0,0,1,10.03,0.45625,45209,76.03,54.57,--.--
low,0,108,1.8,16.44,0.59,28,9.6996,0.99,0.336267417,0.03959838,-2.6,-0.6,286,0,0,0,0,0,0,0,0,0,0,0,0,0,0,0.000717593,0,0,--.--,0,--.--,49,0000:00:00,50,0,0,0,30,0,0,0,0,0,0,1,9.7,0.456261574,45209,76.06,54.57,--.--
low,0,109,1.82,16.44,0.62,29,10.1928,1.01,0.33882475,0.039609954,-0.8,-1.1,287,0,0,0,0,0,0,0,0,0,0,0,0,0,0,0.000729167,0,0,--.--,0,--.--,49,0000:00:00,50,0,0,0,30,0,0,0,0,0,0,1,10.19,0.456273148,45209,76.1,54.57,--.--
low,0,110,1.83,16.44,0.57,29,9.3708,0.97,0.34170175,0.039621528,-2.2,-0.8,287,0,0,0,0,0,0,0,0,0,0,0,0,0,0,0.000740741,0,0,--.--,0,--.--,49,0000:00:00,50,0,0,0,30,0,0,0,0,0,0,1,9.37,0.456284722,45209,76.14,54.59,--.--
low,0,111,1.85,16.44,0.6,29,9.864,0.99,0.34444175,0.039633102,-1.6,-0.8,288,0,0,0,0,0,0,0,0,0,0,0,0,0,0,0.000752315,0,0,--.--,0,--.--,49,0000:00:00,50,0,0,0,30,0,0,0,0,0,0,1,9.86,0.456296296,45209,76.17,54.59,--.--
low,0,112,1.87,16.44,0.65,29,10.686,1.03,0.347136083,0.039644676,-2.5,-0.1,288,0,0,0,0,0,0,0,0,0,0,0,0,0,0,0.000763889,0,0,--.--,0,--.--,48,0000:00:00,50,0,0,0,30,0,0,0,0,0,0,1,10.69,0.45630787,45209,76.21,54.57,--.--
low,0,113,1.88,16.44,0.61,29,10.0284,1,0.350013083,0.03965625,-1.3,-1,289,0,0,0,0,0,0,0,0,0,0,0,0,0,0,0.000775463,0,0,--.--,0,--.--,49,0000:00:00,50,0,0,0,30,0,0,0,0,0,0,1,10.03,0.456319444,45209,76.24,54.57,--.--
low,0,114,1.9,16.44,0.56,29,9.2064,0.96,0.352616083,0.039667824,-2.9,-0.8,290,0,0,0,0,0,0,0,0,0,0,0,0,0,0,0.000787037,0,0,--.--,0,--.--,49,0000:00:00,50,0,0,0,30,0,0,0,0,0,0,1,9.21,0.456331019,45209,76.26,54.57,--.--
low,0,115,1.92,16.44,0.63,30,10.3572,1.02,0.355447417,0.039679398,-0.8,-0.9,290,0,0,0,0,0,0,0,0,0,0,0,0,0,0,0.000798611,0,0,--.--,0,--.--,49,0000:00:00,50,0,0,0,30,0,0,0,0,0,0,1,10.36,0.456342593,45209,76.3,54.59,--.--
low,0,116,1.93,16.44,0.6,30,9.864,0.99,0.358233083,0.039690972,-2.4,-1.3,290,0,0,0,0,0,0,0,0,0,0,0,0,0,0,0.000810185,0,0,--.--,0,--.--,49,0000:00:00,50,0,0,0,30,0,0,0,0,0,0,1,9.86,0.456354167,45209,76.33,54.59,--.--
low,0,117,1.95,16.44,0.59,30,9.6996,0.99,0.36088175,0.039702546,-1.3,-0.4,290,0,0,0,0,0,0,0,0,0,0,0,0,0,0,0.000821759,0,0,--.--,0,--.--,49,0000:00:00,50,0,0,0,30,0,0,0,0,0,0,1,9.7,0.456365741,45209,76.35,54.59,--.--
low,0,118,1.97,16.44,0.63,30,10.3572,1.02,0.363713083,0.03971412,-2.6,-0.8,290,0,0,0,0,0,0,0,0,0,0,0,0,0,0,0.000833333,0,0,--.--,0,--.--,49,0000:00:00,50,0,0,0,30,0,0,0,0,0,0,1,10.36,0.456377315,45209,76.39,54.57,--.--
low,0,119,1.98,16.44,0.57,30,9.3708,0.97,0.366544417,0.039725694,-1.5,-0.5,291,0,0,0,0,0,0,0,0,0,0,0,0,0,0,0.000844907,0,0,--.--,0,--.--,49,0000:00:00,50,0,0,0,30,0,0,0,0,0,0,1,9.37,0.456388889,45209,76.42,54.59,--.--
low,0,120,2,16.44,0.62,31,10.1928,1.01,0.369193083,0.039737269,-2.3,-1,291,0,0,0,0,0,0,0,0,0,0,0,0,0,0,0.000856481,0,0,--.--,0,--.--,49,0000:00:00,50,0,0,0,30,0,0,0,0,0,0,1,10.19,0.456400463,45209,76.46,54.57,--.--
low,0,121,2.02,16.44,0.61,31,10.0284,1,0.37211575,0.039748843,-1.4,-0.9,292,0,0,0,0,0,0,0,0,0,0,0,0,0,0,0.000868056,0,0,--.--,0,--.--,49,0000:00:00,50,0,0,0,30,0,0,0,0,0,0,1,10.03,0.456412037,45209,76.5,54.59,--.--
low,0,122,2.03,16.44,0.58,31,9.5352,0.98,0.374810083,0.039760417,-2.1,-1.2,293,0,0,0,0,0,0,0,0,0,0,0,0,0,0,0.00087963,0,0,--.--,0,--.--,49,0000:00:00,50,0,0,0,30,0,0,0,0,0,0,1,9.53,0.456423611,45209,76.53,54.59,--.--
low,0,123,2.05,16.44,0.62,31,10.1928,1.01,0.37773275,0.039771991,-1.8,-0.2,294,0,0,0,0,0,0,0,0,0,-0.01,0,0,0,0,0.000891204,0,0,--.--,0,--.--,49,0000:00:00,50,0,0,0,30,0,0,0,0,0,0,1,10.19,0.456435185,45209,76.55,54.59,--.--
low,0,124,2.07,16.44,0.62,31,10.1928,1.01,0.38060975,0.039783565,-2.1,-0.9,296,0,0,0,0,0,0,0,0,0,0,0,0,0,0,0.000902778,0,0,--.--,0,--.--,49,0000:00:00,50,0,0,0,30,0,0,0,0,0,0,1,10.19,0.456446759,45209,76.59,54.57,--.--
low,0,125,2.08,16.44,0.58,31,9.5352,0.98,0.383578083,0.039795139,-1.7,-0.8,297,0,0,0,0,0,0,0,0,0,0,0,0,0,0,0.000914352,0,0,--.--,0,--.--,49,0000:00:00,50,0,0,0,30,0,0,0,0,0,0,1,9.53,0.456458333,45209,76.62,54.57,--.--
low,0,126,2.1,16.44,0.64,32,10.5216,1.02,0.38636375,0.039806713,-2.4,-1,299,0,0,0,0,0,0,0,0,0,0,0,0,0,0,0.000925926,0,0,--.--,0,--.--,49,0000:00:00,50,0,0,0,30,0,0,0,0,0,0,1,10.52,0.456469907,45209,76.64,54.59,--.--
low,0,127,2.12,16.44,0.59,32,9.6996,0.99,0.389149417,0.039818287,-0.5,-0.9,301,0,0,0,0,0,0,0,0,0,0,0,0,0,0,0.0009375,0,0,--.--,0,--.--,49,0000:00:00,50,0,0,0,30,0,0,0,0,0,0,1,9.7,0.456481481,45209,76.68,54.59,--.--
low,0,128,2.13,16.44,0.64,32,10.5216,1.02,0.39184375,0.039829861,-2.3,-0.6,302,0,0,0,0,0,0,0,0,0,0,0,0,0,0,0.000949074,0,0,--.--,0,--.--,49,0000:00:00,50,0,0,0,30,0,0,0,0,0,0,1,10.52,0.456493056,45209,76.71,54.59,--.--
low,0,129,2.15,16.44,0.63,32,10.3572,1.02,0.39444675,0.039841435,-2,-0.4,305,0,0,0,0,0,0,0,0,0,0,0,0,0,0,0.000960648,0,0,--.--,0,--.--,49,0000:00:00,50,0,0,0,30,0,0,0,0,0,0,1,10.36,0.45650463,45209,76.75,54.59,--.--
low,0,130,2.17,16.44,0.65,32,10.686,1.03,0.397141083,0.039853009,-1.3,-0.5,307,0,0,0,0,0,0,0,0,0,0,0,0,0,0,0.000972222,0,0,--.--,0,--.--,49,0000:00:00,50,0,0,0,30,0,0,0,0,0,0,1,10.69,0.456516204,45209,76.78,54.59,--.--
low,0,131,2.18,16.44,0.61,32,10.0284,1,0.399881083,0.039864583,-2.2,-0.6,309,0,0,0,0,0,0,0,0,0,0,0,0,0,0,0.000983796,0,0,--.--,0,--.--,49,0000:00:00,50,0,0,0,30,0,0,0,0,0,0,1,10.03,0.456527778,45209,76.82,54.59,--.--
low,0,132,2.2,16.44,0.61,33,10.0284,1,0.402710694,0.039876157,-1.6,-1,311,0,0,0,0,0,0,0,0,0,0,0,0,0,0,0.00099537,0,0,--.--,0,--.--,49,0000:00:00,50,0,0,0,30,0,0,0,0,0,0,1,10.03,0.456539352,45209,76.86,54.59,--.--
low,0,133,2.22,16.44,0.59,33,9.6996,0.99,0.405542028,0.039887731,-1.8,-0.9,313,0,0,0,0,0,0,0,0,0,0,0,0,0,0,0.001006944,0,0,--.--,0,--.--,49,0000:00:00,50,0,0,0,30,0,0,0,0,0,0,1,9.7,0.456550926,45209,76.89,54.57,--.--
low,0,134,2.23,16.44,0.57,33,9.3708,0.97,0.408190694,0.039899306,-2,-0.7,315,0,0,0,0,0,0,0,0,0,0,0,0,0,0,0.001018519,0,0,--.--,0,--.--,49,0000:00:00,50,0,0,0,30,0,0,0,0,0,0,1,9.37,0.4565625,45209,76.93,54.59,--.--
low,0,135,2.25,16.44,0.59,33,9.6996,0.99,0.410976361,0.03991088,-1.6,-0.2,317,0,0,0,0,0,0,0,0,0,0,0,0,0,0,0.001030093,0,0,--.--,0,--.--,49,0000:00:00,50,0,0,0,30,0,0,0,0,0,0,1,9.7,0.456574074,45209,76.95,54.59,--.--
low,0,136,2.27,16.44,0.6,33,9.864,0.99,0.413625028,0.039922454,-1.9,-0.9,318,0,0,0,0,0,0,0,0,0,0,0,0,0,0,0.001041667,0,0,--.--,0,--.--,49,0000:00:00,50,0,0,0,30,0,0,0,0,0,0,1,9.86,0.456585648,45209,76.98,54.59,--.--
low,0,137,2.28,16.43,0.62,33,10.1866,1.01,0.416637194,0.039934028,-1.6,-1.1,319,0,0,0,0,0,0,0,0,0,0,0,0,0,0,0.001053241,0,0,--.--,0,--.--,50,0000:00:00,50,0,0,0,30,0,0,0,0,0,0,1,10.19,0.456597222,45209,77,54.59,--.--
low,0,138,2.3,16.44,0.62,34,10.1928,1.01,0.419377194,0.039945602,-2,-0.9,320,0,0,0,0,0,0,0,0,0,0,0,0,0,0,0.001064815,0,0,--.--,0,--.--,50,0000:00:00,50,0,0,10,30,0,0,0,0,0,0,1,10.19,0.456608796,45209,77.04,54.57,--.--
low,0,139,2.32,16.44,0.58,34,9.5352,0.98,0.42202425,0.039957176,-1.3,-0.7,320,0,0,0,0,0,0,0,0,0,-0.01,0,0,0,0,0.001076389,0,0,--.--,0,--.--,50,0000:00:00,50,0,0,10,30,0,0,0,0,0,0,1,9.53,0.45662037,45209,77.09,54.59,--.--
low,0,140,2.33,16.44,0.61,34,10.0284,1,0.424809917,0.03996875,-2.6,-0.5,320,0,0,0,0,0,0,0,0,0,0,0,0,0,0,0.001087963,0,0,--.--,0,--.--,50,0000:00:00,50,0,0,10,30,0,0,0,0,0,0,1,10.03,0.456631944,45209,77.11,54.59,--.--
low,0,141,2.35,16.44,0.58,34,9.5352,0.98,0.427595583,0.039980324,-1,-0.6,320,0,0,0,0,0,0,0,0,0,0,0,0,0,0,0.001099537,0,0,--.--,0,--.--,50,0000:00:00,50,0,0,10,30,0,0,0,0,0,0,1,9.53,0.456643519,45209,77.13,54.59,--.--
low,0,142,2.37,16.43,0.66,34,10.8438,1.04,0.43024425,0.039991898,-2.4,-1.3,320,0,0,0,0,0,0,0,0,0,0,0,0,0,0,0.001111111,0,0,--.--,0,--.--,50,0000:00:00,50,0,0,10,30,0,0,0,0,0,0,1,10.85,0.456655093,45209,77.16,54.57,--.--
low,0,143,2.38,16.44,0.6,34,9.864,0.99,0.433029917,0.040003472,-1.5,-1.2,319,0,0,0,0,0,0,0,0,0,0,0,0,0,0,0.001122685,0,0,--.--,0,--.--,50,0000:00:00,50,0,0,10,30,0,0,0,0,0,0,1,9.86,0.456666667,45209,77.2,54.59,--.--
low,0,144,2.4,16.43,0.58,35,9.5294,0.98,0.435678583,0.040015046,-2.4,-0.6,318,0,0,0,0,0,0,0,0,0,0,0,0,0,0,0.001134259,0,0,--.--,0,--.--,50,0000:00:00,50,0,0,10,30,0,0,0,0,0,0,1,9.53,0.456678241,45209,77.22,54.59,--.--
low,0,145,2.42,16.44,0.61,35,10.0284,1,0.43846425,0.04002662,-1.4,-0.6,317,0,0,0,0,0,0,0,0,0,0,0,0,0,0,0.001145833,0,0,--.--,0,--.--,50,0000:00:00,50,0,0,10,30,0,0,0,0,0,0,1,10.03,0.456689815,45209,77.27,54.59,--.--
low,0,146,2.43,16.44,0.61,35,10.0284,1,0.44120425,0.040038194,-2.1,-1,316,0,0,0,0,0,0,0,0,0,0,0,0,0,0,0.001157407,0,0,--.--,0,--.--,50,0000:00:00,50,0,0,10,30,0,0,0,0,0,0,1,10.03,0.456701389,45209,77.29,54.57,--.--
low,0,147,2.45,16.44,0.58,35,9.5352,0.98,0.444033861,0.040049769,-2.3,-0.6,315,0,0,0,0,0,0,0,0,0,0,0,0,0,0,0.001168981,0,0,--.--,0,--.--,50,0000:00:00,50,0,0,10,30,0,0,0,0,0,0,1,9.53,0.456712963,45209,77.34,54.59,--.--
low,0,148,2.47,16.44,0.61,35,10.0284,1,0.446910861,0.040061343,-1.3,-1.3,314,0,0,0,0,0,0,0,0,0,0,0,0,0,0,0.001180556,0,0,--.--,0,--.--,50,0000:00:00,50,0,0,10,30,0,0,0,0,0,0,1,10.03,0.456724537,45209,77.36,54.59,--.--
low,0,149,2.48,16.44,0.58,35,9.5352,0.98,0.449924861,0.040072917,-2.9,-0.5,313,0,0,0,0,0,0,0,0,0,0,0,0,0,0,0.00119213,0,0,--.--,0,--.--,50,0000:00:00,50,0,0,10,30,0,0,0,0,0,0,1,9.53,0.456736111,45209,77.4,54.59,--.--
low,0,150,2.5,16.44,0.61,36,10.0284,1,0.452664861,0.040084491,-2.3,-0.3,312,0,0,0,0,0,0,0,0,0,0,0,0,0,0,0.001203704,0,0,--.--,0,--.--,50,0000:00:00,50,0,0,10,30,0,0,0,0,0,0,1,10.03,0.456747685,45209,77.43,54.59,--.--
low,0,151,2.52,16.44,0.6,36,9.864,0.99,0.455404861,0.040096065,-2.7,-0.5,311,0,0,0,0,0,0,0,0,0,0,0,0,0,0,0.001215278,0,0,--.--,0,--.--,50,0000:00:00,50,0,0,10,30,0,0,0,0,0,0,1,9.86,0.456759259,45209,77.47,54.59,--.--
low,0,152,2.53,16.43,0.62,36,10.1866,1.01,0.458281861,0.040107639,-1.8,-0.9,310,0,0,0,0,0,0,0,0,0,0,0,0,0,0,0.001226852,0,0,--.--,0,--.--,50,0000:00:00,50,0,0,10,30,0,0,0,0,0,0,1,10.19,0.456770833,45209,77.49,54.59,--.--
low,0,153,2.55,16.44,0.63,36,10.3572,1.02,0.461113194,0.040119213,-2.5,-1.2,309,0,0,0,0,0,0,0,0,0,0,0,0,0,0,0.001238426,0,0,--.--,0,--.--,50,0000:00:00,50,0,0,10,30,0,0,0,0,0,0,1,10.36,0.456782407,45209,77.52,54.59,--.--
low,0,154,2.57,16.44,0.66,36,10.8504,1.04,0.463897167,0.040130787,-1.8,-0.6,309,0,0,0,0,0,0,0,0,0,0,0,0,0,0,0.00125,0,0,--.--,0,--.--,50,0000:00:00,50,0,0,10,30,0,0,0,0,0,0,1,10.85,0.456793981,45209,77.56,54.59,--.--
low,0,155,2.58,16.44,0.6,37,9.864,0.99,0.4665915,0.040142361,-3.1,-0.3,308,0,0,0,0,0,0,0,0,0,0,0,0,0,0,0.001261574,0,0,--.--,0,--.--,50,0000:00:00,50,0,0,10,30,0,0,0,0,0,0,1,9.86,0.456805556,45209,77.58,54.59,--.--
low,0,156,2.6,16.44,0.6,37,9.864,0.99,0.469285833,0.040153935,-2,-0.1,308,0,0,0,0,0,0,0,0,0,0,0,0,0,0,0.001273148,0,0,--.--,0,--.--,50,0000:00:00,50,0,0,10,30,0,0,0,0,0,0,1,9.86,0.45681713,45209,77.61,54.59,--.--
low,0,157,2.62,16.44,0.63,37,10.3572,1.02,0.472117167,0.040166667,-2.5,-1.7,307,0,0,0,0,0,0,0,0,0,0,0,0,0,0,0.001284722,0,0,--.--,0,--.--,50,0000:00:00,50,0,0,10,30,0,0,0,0,0,0,1,10.36,0.456828704,45209,77.65,54.59,--.--
low,0,158,2.63,16.44,0.62,37,10.1928,1.01,0.474994167,0.040178241,-1.8,-0.5,306,0,0,0,0,0,0,0,0,0,0,0,0,0,0,0.001296296,0,0,--.--,0,--.--,50,0000:00:00,50,0,0,10,30,0,0,0,0,0,0,1,10.19,0.456840278,45209,77.67,54.59,--.--
low,0,159,2.65,16.43,0.61,37,10.0223,1,0.477960694,0.040189815,-2.4,-0.3,306,0,0,0,0,0,0,0,0,0,0,0,0,0,0,0.00130787,0,0,--.--,0,--.--,50,0000:00:00,50,0,0,10,30,0,0,0,0,0,0,1,10.02,0.456851852,45209,77.7,54.59,--.--
low,0,160,2.67,16.44,0.59,37,9.6996,0.99,0.480700694,0.040201389,-2.4,-0.8,304,0,0,0,0,0,0,0,0,0,0,0,0,0,0,0.001319444,0,0,--.--,0,--.--,50,0000:00:00,50,0,0,10,30,0,0,0,0,0,0,1,9.7,0.456863426,45209,77.72,54.59,--.--
low,0,161,2.68,16.44,0.59,38,9.6996,0.99,0.483439028,0.040212963,-2.4,-0.1,304,0,0,0,0,0,0,0,0,0,0,0,0,0,0,0.001331019,0,0,--.--,0,--.--,50,0000:00:00,50,0,0,10,30,0,0,0,0,0,0,1,9.7,0.456875,45209,77.76,54.59,--.--
low,0,162,2.7,16.44,0.62,38,10.1928,1.01,0.486270361,0.040224537,-2.3,-1.1,302,0,0,0,0,0,0,0,0,0,0,0,0,0,0,0.001342593,0,0,--.--,0,--.--,50,0000:00:00,50,0,0,10,30,0,0,0,0,0,0,1,10.19,0.456886574,45209,77.79,54.59,--.--
low,0,163,2.72,16.44,0.63,38,10.3572,1.02,0.48919125,0.040236111,-1.8,-1.4,301,0,0,0,0,0,0,0,0,0,0,0,0,0,0,0.001354167,0,0,--.--,0,--.--,50,0000:00:00,50,0,0,10,30,0,0,0,0,0,0,1,10.36,0.456898148,45209,77.83,54.61,--.--
low,0,164,2.73,16.43,0.65,38,10.6795,1.03,0.492020861,0.040247685,-2.2,0,300,0,0,0,0,0,0,0,0,0,0,0,0,0,0,0.001365741,0,0,--.--,0,--.--,50,0000:00:00,50,0,0,10,30,0,0,0,0,0,0,1,10.68,0.456909722,45209,77.85,54.59,--.--
low,0,165,2.75,16.44,0.6,38,9.864,0.99,0.494896111,0.040259259,-2.2,-1,299,0,0,0,0,0,0,0,0,0,0,0,0,0,0,0.001377315,0,0,--.--,0,--.--,50,0000:00:00,50,0,0,10,30,0,0,0,0,0,0,1,9.86,0.456921296,45209,77.9,54.61,--.--
low,0,166,2.77,16.43,0.6,38,9.858,0.99,0.4986385,0.040270833,-2.1,-0.1,297,0,0,0,0,0,0,0,0,0,0,0,0,0,0,0.001388889,0,0,--.--,0,--.--,50,0000:00:00,50,0,0,10,30,0,0,0,0,0,0,1,9.86,0.45693287,45209,77.92,54.59,--.--
low,0,167,2.78,16.44,0.62,39,10.1928,1.01,0.501650667,0.040282407,-1.4,-1.3,296,0,0,0,0,0,0,0,0,0,0,0,0,0,0,0.001400463,0,0,--.--,0,--.--,50,0000:00:00,50,0,0,10,30,0,0,0,0,0,0,1,10.19,0.456944444,45209,77.95,54.61,--.--
low,0,168,2.8,16.43,0.64,39,10.5152,1.02,0.504345,0.040293981,-1.9,-1.4,294,0,0,0,0,0,0,0,0,0,0,0,0,0,0,0.001412037,0,0,--.--,0,--.--,50,0000:00:00,50,0,0,10,30,0,0,0,0,0,0,1,10.52,0.456956019,45209,78.01,54.61,--.--
low,0,169,2.82,16.43,0.62,39,10.1866,1.01,0.50722025,0.040305556,-2.4,0,292,0,0,0,0,0,0,0,0,0,0,0,0,0,0,0.001423611,0,0,--.--,0,--.--,50,0000:00:00,50,0,0,10,30,0,0,0,0,0,0,1,10.19,0.456967593,45209,78.03,54.59,--.--
low,0,170,2.83,16.43,0.63,39,10.3509,1.01,0.509868917,0.04031713,-2.3,-0.3,291,0,0,0,0,0,0,0,0,0,0,0,0,0,0,0.001435185,0,0,--.--,0,--.--,49,0000:00:00,50,0,0,10,30,0,0,0,0,0,0,1,10.35,0.456979167,45209,78.06,54.61,--.--
low,0,171,2.85,16.43,0.82,39,13.4726,1.13,0.512744167,0.040328704,-1.8,-0.9,289,0,0,0,0,0,0,0,0,0,0,0,0,0,0,0.001446759,0,0,--.--,0,--.--,49,0000:00:00,50,0,0,50,30,0,0,0,0,0,0,1,13.47,0.456990741,45209,78.08,54.59,--.--
low,0,172,2.87,16.43,0.66,40,10.8438,1.04,0.515573778,0.040340278,-1.6,-1.4,288,0,0,0,0,0,0,0,0,0,0,0,0,0,0,0.001458333,0,0,--.--,0,--.--,50,0000:00:00,50,0,0,40,30,0,0,0,0,0,0,1,10.85,0.457002315,45209,78.12,54.61,--.--
low,0,173,2.88,16.44,0.59,40,9.6996,0.99,0.518176778,0.040351852,-1.7,-0.4,286,0,0,0,0,0,0,0,0,0,0,0,0,0,0,0.001469907,0,0,--.--,0,--.--,50,0000:00:00,50,0,0,30,30,0,0,0,0,0,0,1,9.7,0.457013889,45209,78.13,54.61,--.--
low,0,174,2.9,16.43,0.63,40,10.3509,1.01,0.521006389,0.040363426,-2.4,-0.6,284,0,0,0,0,0,0,0,0,0,0,0,0,0,0,0.001481481,0,0,--.--,0,--.--,50,0000:00:00,50,0,0,30,30,0,0,0,0,0,0,1,10.35,0.457025463,45209,78.17,54.59,--.--
low,0,175,2.92,16.44,0.58,40,9.5352,0.98,0.523927278,0.040375,-2.1,-0.2,282,0,0,0,0,0,0,0,0,0,0,0,0,0,0,0.001493056,0,0,--.--,0,--.--,50,0000:00:00,50,0,0,30,30,0,0,0,0,0,0,1,9.53,0.457037037,45209,78.21,54.59,--.--
low,0,176,2.93,16.43,0.63,40,10.3509,1.01,0.526848167,0.040386574,-1.4,-1.1,279,0,0,0,0,0,0,0,0,0,0,0,0,0,0,0.00150463,0,0,--.--,0,--.--,50,0000:00:00,50,0,0,30,30,0,0,0,0,0,0,1,10.35,0.457048611,45209,78.22,54.61,--.--
low,0,177,2.95,16.43,0.62,40,10.1866,1.01,0.5295425,0.040398148,-2,-0.7,277,0,0,0,0,0,0,0,0,0,0,0,0,0,0,0.001516204,0,0,--.--,0,--.--,50,0000:00:00,50,0,0,30,30,0,0,0,0,0,0,1,10.19,0.457060185,45209,78.26,54.59,--.--
low,0,178,2.97,16.44,0.57,41,9.3708,0.97,0.532280833,0.040409722,-1.1,-0.9,274,0,0,0,0,0,0,0,0,0,0,0,0,0,0,0.001527778,0,0,--.--,0,--.--,50,0000:00:00,50,0,0,30,30,0,0,0,0,0,0,1,9.37,0.457071759,45209,78.28,54.61,--.--
low,0,179,2.98,16.43,0.62,41,10.1866,1.01,0.535110444,0.040421296,-3.3,-0.4,272,0,0,0,0,0,0,0,0,0,0,0,0,0,0,0.001539352,0,0,--.--,0,--.--,50,0000:00:00,50,0,0,30,30,0,0,0,0,0,0,1,10.19,0.457083333,45209,78.31,54.59,--.--
low,0,180,3,16.43,0.64,41,10.5152,1.02,0.537804778,0.04043287,-2,-0.5,269,0,0,0,0,0,0,0,0,0,0,0,0,0,0,0.001550926,0,0,--.--,0,--.--,50,0000:00:00,50,0,0,30,30,0,0,0,0,0,0,1,10.52,0.457094907,45209,78.35,54.61,--.--
low,0,181,3.02,16.43,0.64,41,10.5152,1.02,0.540497472,0.040444444,-0.1,-1.9,267,0,0,0,0,0,0,0,0,0,0,0,0,0,0,0.0015625,0,0,--.--,0,--.--,50,0000:00:00,50,0,0,30,30,0,0,0,0,0,0,1,10.52,0.457106481,45209,78.37,54.61,--.--
low,0,182,3.03,16.44,0.59,41,9.6996,0.99,0.543235806,0.040456019,-3.6,0.2,264,0,0,0,0,0,0,0,0,0,0,0,0,0,0,0.001574074,0,0,--.--,0,--.--,50,0000:00:00,50,0,0,30,30,0,0,0,0,0,0,1,9.7,0.457118056,45209,78.4,54.61,--.--
low,0,183,3.05,16.43,0.6,41,9.858,0.99,0.545974139,0.040467593,-0.1,-1.7,263,0,0,0,0,0,0,0,0,0,0,-0.01,0,0,0,0.001585648,0,0,--.--,0,--.--,50,0000:00:00,50,0,0,30,30,0,0,0,0,0,0,1,9.86,0.45712963,45209,78.44,54.61,--.--
low,0,184,3.07,16.43,0.62,42,10.1866,1.01,0.548895028,0.040479167,-4.8,-0.1,261,0,0,0,0,0,0,0,0,0,0,0,0,0,0,0.001597222,0,0,--.--,0,--.--,50,0000:00:00,50,0,0,30,30,0,0,0,0,0,0,1,10.19,0.457141204,45209,78.48,54.61,--.--
low,0,185,3.08,16.44,0.59,42,9.6996,0.99,0.551679,0.040490741,0.2,-1.2,261,0,0,0,0,0,0,0,0,0,0,0,0,0,0,0.001608796,0,0,--.--,0,--.--,50,0000:00:00,50,0,0,30,30,0,0,0,0,0,0,1,9.7,0.457152778,45209,78.49,54.61,--.--
low,0,186,3.1,16.43,0.59,42,9.6937,0.99,0.554599889,0.040502315,-3.7,0.1,261,0,0,0,0,0,0,0,0,0,0,0,0,0,0,0.00162037,0,0,--.--,0,--.--,50,0000:00:00,50,0,0,30,30,0,0,0,0,0,0,1,9.7,0.457164352,45209,78.53,54.61,--.--
low,0,187,3.12,16.43,0.6,42,9.858,0.99,0.558068444,0.040515046,0.6,-2.3,261,0,0,0,0,0,0,0,0,0,0,0,0,0,0,0.001631944,0,0,--.--,0,--.--,50,0000:00:00,50,0,0,30,30,0,0,0,0,0,0,1,9.86,0.457175926,45209,78.53,54.61,--.--
low,0,188,3.13,16.43,0.6,42,9.858,0.99,0.560898056,0.040525463,-5.4,-0.9,262,0,0,0,0,0,0,0,0,0,0,0,0,0,0,0.001643519,0,0,--.--,0,--.--,50,0000:00:00,50,0,0,30,30,0,0,0,0,0,0,1,9.86,0.4571875,45209,78.6,54.61,--.--
low,0,189,3.15,16.43,0.64,42,10.5152,1.02,0.563727667,0.040537037,-0.5,-0.3,263,0,0,0,0,0,0,0,0,0,0,0,0,0,0,0.001655093,0,0,--.--,0,--.--,50,0000:00:00,50,0,0,30,30,0,0,0,0,0,0,1,10.52,0.457199074,45209,78.64,54.61,--.--
low,0,190,3.17,16.43,0.61,43,10.0223,1,0.566466,0.040548611,-2.7,-1.2,264,0,0,0,0,0,0,0,0,0,0,0,0,0,0,0.001666667,0,0,--.--,0,--.--,50,0000:00:00,50,0,0,20,30,0,0,0,0,0,0,1,10.03,0.457210648,45209,78.66,54.61,--.--
low,0,191,3.18,16.43,0.64,43,10.5152,1.02,0.569432528,0.040560185,-1.6,0.4,265,0,0,0,0,0,0,0,0,0,0,0,0,0,0,0.001678241,0,0,--.--,0,--.--,51,0000:00:00,50,0,0,40,30,0,0,0,0,0,0,1,10.52,0.457222222,45209,78.67,54.61,--.--
low,0,192,3.2,16.43,0.76,43,12.4868,1.1,0.572125222,0.040571759,-1.8,-1.8,265,0,0,0,0,0,0,0,0,0,0,0,0,0,0,0.001689815,0,0,--.--,0,--.--,50,0000:00:00,50,0,0,30,30,0,0,0,0,0,0,1,12.49,0.457233796,45209,78.71,54.61,--.--
low,0,193,3.22,16.43,0.62,43,10.1866,1.01,0.574772278,0.040583333,-4.6,0.3,266,0,0,0,0,0,0,0,0,0,0,0,0,0,0,0.001701389,0,0,--.--,0,--.--,50,0000:00:00,50,0,0,40,30,0,0,0,0,0,0,1,10.19,0.45724537,45209,78.75,54.61,--.--
low,0,194,3.23,16.43,0.62,43,10.1866,1.01,0.577647528,0.040594907,0.6,-1.3,267,0,0,0,0,0,0,0,0,0,0,0,0,0,0,0.001712963,0,0,--.--,0,--.--,50,0000:00:00,50,0,0,40,30,0,0,0,0,0,0,1,10.19,0.457256944,45209,78.76,54.59,--.--
low,0,195,3.25,16.43,0.6,43,9.858,0.99,0.5804315,0.040606481,-3.3,0,268,0,0,0,0,0,0,0,0,0,0,0,0,0,0,0.001724537,0,0,--.--,0,--.--,50,0000:00:00,50,0,0,40,30,0,0,0,0,0,0,1,9.86,0.457268519,45209,78.8,54.61,--.--
low,0,196,3.27,16.43,0.65,44,10.6795,1.03,0.583261111,0.040618056,0.2,-1.2,269,0,0,0,0,0,0,0,0,0,0,0,0,0,0,0.001736111,0,0,--.--,0,--.--,50,0000:00:00,50,0,0,40,30,0,0,0,0,0,0,1,10.68,0.457280093,45209,78.82,54.61,--.--
low,0,197,3.28,16.43,0.59,44,9.6937,0.99,0.586136361,0.04062963,-5.4,0.1,270,0,0,0,0,0,0,0,0,0,0,0,0,0,0,0.001747685,0,0,--.--,0,--.--,50,0000:00:00,50,0,0,40,30,0,0,0,0,0,0,1,9.69,0.457291667,45209,78.84,54.61,--.--
low,0,198,3.3,16.43,0.58,44,9.5294,0.98,0.589239806,0.040641204,0.3,-0.9,271,0,0,0,0,0,0,0,0,0,0,0,0,0,0,0.001759259,0,0,--.--,0,--.--,50,0000:00:00,50,0,0,40,30,0,0,0,0,0,0,1,9.53,0.457303241,45209,78.89,54.61,--.--
low,0,199,3.32,16.43,0.63,44,10.3509,1.01,0.592069417,0.040652778,-3.2,-0.5,272,0,0,0,0,0,0,0,0,0,-0.01,-0.01,0,0,0,0.001770833,0,0,--.--,0,--.--,50,0000:00:00,50,0,0,40,30,0,0,0,0,0,0,1,10.35,0.457314815,45209,78.91,54.61,--.--
low,0,200,3.33,16.43,0.61,44,10.0223,1,0.594899028,0.040664352,-0.4,-1.1,272,0,0,0,0,0,0,0,0,0,0,0,0,0,0,0.001782407,0,0,--.--,0,--.--,50,0000:00:00,50,0,0,40,30,0,0,0,0,0,0,1,10.02,0.457326389,45209,78.94,54.61,--.--
low,0,201,3.35,16.43,0.62,45,10.1866,1.01,0.597683,0.040675926,-3.1,0.1,273,0,0,0,0,0,0,0,0,0,0,0,0,0,0,0.001793981,0,0,--.--,0,--.--,50,0000:00:00,50,0,0,40,30,0,0,0,0,0,0,1,10.19,0.457337963,45209,78.96,54.63,--.--
low,0,202,3.37,16.43,0.63,45,10.3509,1.01,0.600466972,0.0406875,-1.8,-1.3,274,0,0,0,0,0,0,0,0,0,0,0,0,0,0,0.001805556,0,0,--.--,0,--.--,50,0000:00:00,50,0,0,40,30,0,0,0,0,0,0,1,10.35,0.457349537,45209,79,54.63,--.--
low,0,203,3.38,16.43,0.68,45,11.1724,1.05,0.603205306,0.040699074,-2.7,0.3,274,0,0,0,0,0,0,0,0,0,0,0,0,0,0,0.00181713,0,0,--.--,0,--.--,50,0000:00:00,50,0,0,40,30,0,0,0,0,0,0,1,11.17,0.457361111,45209,79.03,54.61,--.--
low,0,204,3.4,16.43,0.62,45,10.1866,1.01,0.605989278,0.040710648,0.1,-1.2,274,0,0,0,0,0,0,0,0,0,-0.01,-0.01,0,0,0,0.001828704,0,0,--.--,0,--.--,50,0000:00:00,50,0,0,40,30,0,0,0,0,0,0,1,10.19,0.457372685,45209,79.05,54.61,--.--
low,0,205,3.42,16.43,0.62,45,10.1866,1.01,0.608727611,0.040722222,-3.4,-0.5,274,0,0,0,0,0,0,0,0,0,0,0,0,0,0,0.001840278,0,0,--.--,0,--.--,50,0000:00:00,50,0,0,40,30,0,0,0,0,0,0,1,10.19,0.457384259,45209,79.09,54.61,--.--
low,0,206,3.43,16.43,0.61,45,10.0223,1,0.6116485,0.040733796,-1.9,-0.7,274,0,0,0,0,0,0,0,0,0,0,0,0,0,0,0.001851852,0,0,--.--,0,--.--,50,0000:00:00,50,0,0,40,30,0,0,0,0,0,0,1,10.02,0.457395833,45209,79.12,54.61,--.--
low,0,207,3.45,16.43,0.61,46,10.0223,1,0.614386833,0.04074537,-2.8,-0.1,274,0,0,0,0,0,0,0,0,0,0,-0.01,0,0,0,0.001863426,0,0,--.--,0,--.--,50,0000:00:00,50,0,0,40,30,0,0,0,0,0,0,1,10.02,0.457407407,45209,79.14,54.61,--.--
low,0,208,3.47,16.43,0.6,46,9.858,0.99,0.617581556,0.040756944,0.3,-1.5,274,0,0,0,0,0,0,0,0,0,0,0,0,0,0,0.001875,0,0,--.--,0,--.--,50,0000:00:00,50,0,0,40,30,0,0,0,0,0,0,1,9.86,0.457418981,45209,79.2,54.61,--.--
low,0,209,3.48,16.43,0.61,46,10.0223,1,0.620411167,0.040768519,-3.5,-0.5,274,0,0,0,0,0,0,0,0,0,-0.01,-0.01,0,0,0,0.001886574,0,0,--.--,0,--.--,50,0000:00:00,50,0,0,40,30,0,0,0,0,0,0,1,10.02,0.457430556,45209,79.21,54.63,--.--
low,0,210,3.5,16.43,0.6,46,9.858,0.99,0.622875667,0.040780093,-1.7,-0.4,274,0,0,0,0,0,0,0,0,0,-0.01,-0.01,0,0,0,0.001898148,0,0,--.--,0,--.--,50,0000:00:00,50,0,0,40,30,0,0,0,0,0,0,1,9.86,0.45744213,45209,79.25,54.61,--.--
low,0,211,3.52,16.43,0.64,46,10.5152,1.02,0.625659639,0.040791667,-3.1,-0.7,274,0,0,0,0,0,0,0,0,0,0,0,0,0,0,0.001909722,0,0,--.--,0,--.--,50,0000:00:00,50,0,0,40,30,0,0,0,0,0,0,1,10.52,0.457453704,45209,79.27,54.61,--.--
low,0,212,3.53,16.43,0.6,46,9.858,0.99,0.628352333,0.040803241,-0.3,-0.5,274,0,0,0,0,0,0,0,0,0,0,0,0,0,0,0.001921296,0,0,--.--,0,--.--,50,0000:00:00,50,0,0,40,30,0,0,0,0,0,0,1,9.86,0.457465278,45209,79.29,54.61,--.--
low,0,213,3.55,16.43,0.7,47,11.501,1.06,0.631410139,0.040814815,-2.3,-0.5,274,0,0,0,0,0,0,0,0,0,-0.01,-0.01,0,0,0,0.00193287,0,0,--.--,0,--.--,50,0000:00:00,50,0,0,40,30,0,0,0,0,0,0,1,11.5,0.457476852,45209,79.32,54.61,--.--
low,0,214,3.57,16.43,0.62,47,10.1866,1.01,0.634194111,0.040826389,-1.9,-1,274,0,0,0,0,0,0,0,0,0,0,0,0,0,0,0.001944444,0,0,--.--,0,--.--,50,0000:00:00,52,0,0,40,30,0,0,0,0,0,0,1,10.19,0.457488426,45209,79.34,54.61,--.--
low,0,215,3.58,16.43,0.54,47,8.8722,0.95,0.637069361,0.04083912,-3,-0.2,274,0,0,0,0,0,0,0,0,0,0,0,0,0,0,0.001956019,0,0,--.--,0,--.--,49,0000:00:00,49,0,0,40,30,0,0,0,0,0,0,1,8.87,0.4575,45209,79.38,54.63,--.--
low,0,216,3.6,16.43,0.61,47,10.0223,1,0.639625139,0.040850694,-0.5,-1.1,274,0,0,0,0,0,0,0,0,0,0,0,0,0,0,0.001967593,0,0,--.--,0,--.--,49,0000:00:00,49,0,0,40,30,0,0,0,0,0,0,1,10.02,0.457511574,45209,79.41,54.63,--.--
low,0,217,3.62,16.43,0.59,47,9.6937,0.99,0.642409111,0.040861111,-2,-0.4,274,0,0,0,0,0,0,0,0,0,0,0,0,0,0,0.001979167,0,0,--.--,0,--.--,50,0000:00:00,49,0,0,40,30,0,0,0,0,0,0,1,9.69,0.457523148,45209,79.43,54.61,--.--
low,0,218,3.63,16.43,0.67,48,11.0081,1.04,0.645375639,0.040873843,-1.7,-0.7,274,0,0,0,0,0,0,0,0,0,0,0,0,0,0,0.001990741,0,0,--.--,0,--.--,50,0000:00:00,49,0,0,40,30,0,0,0,0,0,0,1,11.01,0.457534722,45209,79.47,54.61,--.--
low,0,219,3.65,16.43,0.61,48,10.0223,1,0.648159611,0.040884259,-3,-1.1,274,0,0,0,0,0,0,0,0,0,-0.01,-0.01,0,0,0,0.002002315,0,0,--.--,0,--.--,49,0000:00:00,49,0,0,40,30,0,0,0,0,0,0,1,10.02,0.457546296,45209,79.48,54.63,--.--
low,0,220,3.67,16.43,0.63,48,10.3509,1.01,0.650943583,0.040896991,-1.5,0,275,0,0,0,0,0,0,0,0,0,0,0,0,0,0,0.002013889,0,0,--.--,0,--.--,50,0000:00:00,49,0,0,40,30,0,0,0,0,0,0,1,10.35,0.45755787,45209,79.5,54.61,--.--
low,0,221,3.68,16.43,0.56,48,9.2008,0.96,0.653636278,0.040908565,-0.8,-1.1,275,0,0,0,0,0,0,0,0,0,0,0,0,0,0,0.002025463,0,0,--.--,0,--.--,50,0000:00:00,49,0,10,40,30,0,0,0,0,0,0,1,9.2,0.457569444,45209,79.54,54.63,--.--
low,0,222,3.7,16.43,0.61,48,10.0223,1,0.656328972,0.040920139,-3.1,-0.4,275,0,0,0,0,0,0,0,0,0,0,0,0,0,0,0.002037037,0,0,--.--,0,--.--,50,0000:00:00,49,0,10,40,30,0,0,0,0,0,0,1,10.02,0.457581019,45209,79.57,54.63,--.--
low,0,223,3.72,16.43,0.65,48,10.6795,1.03,0.659112944,0.040931713,-1.8,-0.5,276,0,0,0,0,0,0,0,0,0,0,0,0,0,0,0.002048611,0,0,--.--,0,--.--,50,0000:00:00,49,0,10,40,30,0,0,0,0,0,0,1,10.68,0.457592593,45209,79.61,54.63,--.--
low,0,224,3.73,16.43,0.61,49,10.0223,1,0.661896917,0.040943287,-2.5,-1,277,0,0,0,0,0,0,0,0,0,0,0,0,0,0,0.002060185,0,0,--.--,0,--.--,50,0000:00:00,49,0,10,40,30,0,0,0,0,0,0,1,10.02,0.457604167,45209,79.65,54.61,--.--
low,0,225,3.75,16.43,0.61,49,10.0223,1,0.664726528,0.040954861,0.5,-0.9,278,0,0,0,0,0,0,0,0,0,0,0,0,0,0,0.002071759,0,0,--.--,0,--.--,50,0000:00:00,49,0,10,40,30,0,0,0,0,0,0,1,10.02,0.457615741,45209,79.66,54.61,--.--
low,0,226,3.77,16.43,0.59,49,9.6937,0.99,0.6675105,0.040966435,-4.1,-0.4,278,0,0,0,0,0,0,0,0,0,-0.01,-0.01,0,0,0,0.002083333,0,0,--.--,0,--.--,50,0000:00:00,49,0,10,40,30,0,0,0,0,0,0,1,9.69,0.457627315,45209,79.68,54.63,--.--
low,0,227,3.78,16.43,0.59,49,9.6937,0.99,0.67038575,0.040978009,-1.1,-0.1,279,0,0,0,0,0,0,0,0,0,0,0,0,0,0,0.002094907,0,0,--.--,0,--.--,50,0000:00:00,49,0,10,40,30,0,0,0,0,0,0,1,9.69,0.457638889,45209,79.72,54.61,--.--
low,0,228,3.8,16.43,0.61,49,10.0223,1,0.673169722,0.040989583,-3,-1.5,280,0,0,0,0,0,0,0,0,0,0,0,0,0,0,0.002094907,0,0,--.--,0,--.--,0,0000:00:00,49,0,10,40,30,0,0,0,0,0,0,1,10.02,0.457650463,45209,79.75,54.63,--.--
low,0,229,3.82,16.43,0.61,49,10.0223,1,0.676044972,0.041001157,0.1,0,280,0,0,0,0,0,0,0,0,0,0,0,0,0,0,0.002094907,0,0,--.--,0,--.--,0,0000:00:00,49,0,10,40,30,0,0,0,0,0,0,1,10.02,0.457662037,45209,79.77,54.63,--.--
low,0,230,3.83,16.43,0.62,50,10.1866,1.01,0.678874583,0.041012731,-2.5,-1.3,280,0,0,0,0,0,0,0,0,0,0,0,0,0,0,0.002094907,0,0,--.--,0,--.--,0,0000:00:00,49,0,10,40,30,0,0,0,0,0,0,1,10.19,0.457673611,45209,79.81,54.61,--.--
low,0,231,3.85,16.43,0.61,50,10.0223,1,0.682523472,0.041024306,-3.4,0.6,281,0,0,0,0,0,0,0,0,0,0,0,0,0,0,0,0,0,--.--,0,--.--,50,0000:00:00,49,0,10,40,30,0,0,0,0,0,0,1,10.02,0.457685185,45209,79.83,54.63,--.--
low,0,232,3.87,16.43,0.63,50,10.3509,1.01,0.685626917,0.04103588,-0.7,-1.5,281,0,0,0,0,0,0,0,0,0,0,0,0,0,0,1.15741E-05,0,0,--.--,0,--.--,50,0000:00:00,49,0,10,40,30,0,0,0,0,0,0,1,10.35,0.457696759,45209,79.86,54.63,--.--
low,0,233,3.88,16.43,0.61,50,10.0223,1,0.68836525,0.041047454,-2.3,-0.7,281,0,0,0,0,0,0,0,0,0,0,0,0,0,0,1.15741E-05,0,0,--.--,0,--.--,50,0000:00:00,49,0,10,40,30,0,0,0,0,0,0,1,10.02,0.457708333,45209,79.88,54.63,--.--
low,0,234,3.9,16.43,0.63,50,10.3509,1.01,0.691194861,0.041059028,-0.8,-0.8,281,0,0,0,0,0,0,0,0,0,-0.01,-0.01,0,0,0,2.31481E-05,0,0,--.--,0,--.--,50,0000:00:00,49,0,10,40,30,0,0,0,0,0,0,1,10.35,0.457719907,45209,79.92,54.61,--.--
low,0,235,3.92,16.43,0.62,50,10.1866,1.01,0.694024472,0.041070602,-4.1,-0.2,281,0,0,0,0,0,0,0,0,0,0,0,0,0,0,3.47222E-05,0,0,--.--,0,--.--,52,0000:00:00,49,0,10,40,30,0,0,0,0,0,0,1,10.19,0.457731481,45209,79.93,54.63,--.--
low,0,236,3.93,16.42,0.8,51,13.136,1.12,0.696762806,0.041082176,0.3,-0.9,282,0,0,0,0,0,0,0,0,0,0,0,0,0,0,4.62963E-05,0,0,--.--,0,--.--,50,0000:00:00,49,0,10,40,30,0,0,0,0,0,0,1,13.14,0.457743056,45209,79.95,54.63,--.--
low,0,237,3.95,16.43,0.68,51,11.1724,1.05,0.699590694,0.04109375,-2.8,-1.2,282,0,0,0,0,0,0,0,0,0,0,0,0,0,0,5.78704E-05,0,0,--.--,0,--.--,50,0000:00:00,49,0,10,40,30,0,0,0,0,0,0,1,11.17,0.45775463,45209,79.99,54.63,--.--
low,0,238,3.97,16.43,0.6,51,9.858,0.99,0.702327361,0.041105324,-1,-0.6,281,0,0,0,0,0,0,0,0,0,-0.01,-0.01,0,0,0,8.10185E-05,0,0,--.--,0,--.--,50,0000:00:00,49,0,10,40,30,0,0,0,0,0,0,1,9.86,0.457766204,45209,80.02,54.63,--.--
low,0,239,3.98,16.43,0.62,51,10.1866,1.01,0.705656972,0.041116898,-3.6,-0.1,282,0,0,0,0,0,0,0,0,0,0,0,0,0,0,8.10185E-05,0,0,--.--,0,--.--,50,0000:00:00,49,0,10,40,30,0,0,0,0,0,0,1,10.19,0.457777778,45209,80.06,54.63,--.--
low,0,240,4,16.43,0.62,51,10.1866,1.01,0.708349667,0.041128472,-0.7,-1.3,282,0,0,0,0,0,0,0,0,0,0,0,0,0,0,9.25926E-05,0,0,--.--,0,--.--,50,0000:00:00,49,0,10,40,30,0,0,0,0,0,0,1,10.19,0.457789352,45209,80.08,54.63,--.--
low,0,241,4.02,16.43,0.6,52,9.858,0.99,0.710951083,0.041140046,-1,-0.5,283,0,0,0,0,0,0,0,0,0,0,0,0,0,0,0.000104167,0,0,--.--,0,--.--,50,0000:00:00,49,0,10,40,30,0,0,0,0,0,0,1,9.86,0.457800926,45209,80.1,54.63,--.--
low,0,242,4.03,16.42,0.62,52,10.1804,1.01,0.713689417,0.04115162,-2.7,-0.8,283,0,0,0,0,0,0,0,0,0,0,0,0,0,0,0.000115741,0,0,--.--,0,--.--,55,0000:00:00,49,0,10,30,30,0,0,0,0,0,0,1,10.18,0.4578125,45209,80.13,54.63,--.--
low,0,243,4.05,16.42,0.6,52,9.852,0.99,0.716564667,0.041163194,-3.7,-0.4,283,0,0,0,0,0,0,0,0,0,0,0,0,0,0,0.000127315,0,0,--.--,0,--.--,52,0000:00:00,49,0,10,40,30,0,0,0,0,0,0,1,9.85,0.457824074,45209,80.17,54.63,--.--
low,0,244,4.07,16.42,0.73,52,11.9866,1.08,0.719620611,0.041174769,-1.4,-0.3,284,0,0,0,0,0,0,0,0,0,0,0,0,0,0,0.000138889,0,0,--.--,0,--.--,50,0000:00:00,49,0,0,40,30,0,0,0,0,0,0,1,11.99,0.457835648,45209,80.2,54.63,--.--
low,0,245,4.08,16.43,0.59,52,9.6937,0.99,0.722266056,0.041186343,-1.4,-0.9,285,0,0,0,0,0,0,0,0,0,0,0,0,0,0,0.000150463,0,0,--.--,0,--.--,50,0000:00:00,49,0,0,40,30,0,0,0,0,0,0,1,9.69,0.457847222,45209,80.24,54.63,--.--
low,0,246,4.1,16.43,0.57,52,9.3651,0.97,0.725095667,0.041197917,-48.6,2.2,276,0,0,0,0,0,0,0,0,0,0,0,0,0,0,0.000162037,0,0,--.--,0,--.--,50,0000:00:00,49,0,0,40,30,0,0,0,0,0,0,1,9.36,0.457858796,45209,80.26,54.63,--.--
low,0,247,4.12,16.43,0.6,53,9.858,0.99,0.727969167,0.041209491,-44.1,-9.8,273,0,0,0,0,0,0,0,0,0,-0.01,-0.01,0,0,0,0.000173611,0,0,--.--,0,--.--,50,0000:00:00,49,0,0,40,30,0,0,0,0,0,0,1,9.86,0.45787037,45209,80.29,54.64,--.--
low,0,248,4.13,16.43,0.63,53,10.3509,1.01,0.730798778,0.041221065,22,-6.3,270,0,0,0,0,0,0,0,0,0,0,0,0,0,0,0.000196759,0,0,--.--,0,--.--,50,0000:00:00,49,0,0,40,30,0,0,0,0,0,0,1,10.35,0.457881944,45209,80.33,54.63,--.--
low,0,249,4.15,16.42,0.67,53,11.0014,1.04,0.733444222,0.041232639,14.8,-3,270,0,0,0,0,0,0,0,0,0,-0.01,-0.01,0,0,0,0.000196759,0,0,--.--,0,--.--,50,0000:00:00,49,0,0,40,30,0,0,0,0,0,0,1,11,0.457893519,45209,80.35,54.63,--.--
low,0,250,4.17,16.42,0.58,53,9.5236,0.98,0.736136917,0.041244213,3.4,-0.2,269,0,0,0,0,0,0,0,0,0,0,0,0,0,0,0.000208333,0,0,--.--,0,--.--,50,0000:00:00,49,0,0,40,30,0,0,0,0,0,0,1,9.53,0.457905093,45209,80.38,54.63,--.--
low,0,251,4.18,16.43,0.62,53,10.1866,1.01,0.738873583,0.041255787,-2.8,-0.9,270,0,0,0,0,0,0,0,0,0,0,0,0,0,0,0.000219907,0,0,--.--,0,--.--,50,0000:00:00,49,0,0,40,30,0,0,0,0,0,0,1,10.19,0.457916667,45209,80.4,54.63,--.--
low,0,252,4.2,16.42,0.63,54,10.3446,1.01,0.741564639,0.041267361,-1.5,-1.2,270,0,0,0,0,0,0,0,0,0,-0.01,-0.01,0,0,0,0.000243056,0,0,--.--,0,--.--,50,0000:00:00,49,0,0,40,30,0,0,0,0,0,0,1,10.35,0.457928241,45209,80.44,54.64,--.--
low,0,253,4.22,16.43,0.62,54,10.1866,1.01,0.744348611,0.041278935,-1.8,-0.6,271,0,0,0,0,0,0,0,0,0,0,0,0,0,0,0.00025463,0,0,--.--,0,--.--,50,0000:00:00,49,0,0,40,30,0,0,0,0,0,0,1,10.18,0.457939815,45209,80.46,54.63,--.--
low,0,254,4.23,16.42,0.58,54,9.5236,0.98,0.747130889,0.041290509,-2.5,-0.8,272,0,0,0,0,0,0,0,0,0,0,0,0,0,0,0.000266204,0,0,--.--,0,--.--,50,0000:00:00,49,0,0,40,30,0,0,0,0,0,0,1,9.53,0.457951389,45209,80.47,54.63,--.--
low,0,255,4.25,16.43,0.59,54,9.6937,0.99,0.749641028,0.041302083,-3.3,-0.3,272,0,0,0,0,0,0,0,0,0,0,0,0,0,0,0.000277778,0,0,--.--,0,--.--,50,0000:00:00,49,0,0,40,30,0,0,0,0,0,0,1,9.69,0.457962963,45209,80.51,54.64,--.--
low,0,256,4.27,16.42,0.6,54,9.852,0.99,0.752470639,0.041313657,-0.9,-0.9,273,0,0,0,0,0,0,0,0,0,0,0,0,0,0,0.000289352,0,0,--.--,0,--.--,50,0000:00:00,49,0,0,40,30,0,0,0,0,0,0,1,9.85,0.457974537,45209,80.55,54.63,--.--
low,0,257,4.28,16.42,0.59,54,9.6878,0.99,0.755252917,0.041325231,-3.1,-1.2,273,0,0,0,0,0,0,0,0,0,0,0,0,0,0,0.000300926,0,0,--.--,0,--.--,50,0000:00:00,49,0,0,40,30,0,0,0,0,0,0,1,9.69,0.457986111,45209,80.56,54.63,--.--
low,0,258,4.3,16.43,0.61,55,10.0223,1,0.757945611,0.041336806,-1.6,0.1,274,0,0,0,0,0,0,0,0,0,0,0,0,0,0,0.0003125,0,0,--.--,0,--.--,50,0000:00:00,49,0,0,40,30,0,0,0,0,0,0,1,10.02,0.457997685,45209,80.58,54.63,--.--
low,0,259,4.32,16.42,0.61,55,10.0162,1,0.760591056,0.04134838,-2.5,-1.2,274,0,0,0,0,0,0,0,0,0,0,0,0,0,0,0.000324074,0,0,--.--,0,--.--,50,0000:00:00,49,0,0,40,30,0,0,0,0,0,0,1,10.02,0.458009259,45209,80.62,54.63,--.--
low,0,260,4.33,16.43,0.55,55,9.0365,0.96,0.763282111,0.041359954,-1,-0.3,275,0,0,0,0,0,0,0,0,0,-0.01,-0.01,0,0,0,0.000335648,0,0,--.--,0,--.--,50,0000:00:00,49,0,0,40,30,0,0,0,0,0,0,1,9.03,0.458020833,45209,80.64,54.63,--.--
low,0,261,4.35,16.43,0.62,55,10.1866,1.01,0.765881944,0.041371528,-2.1,-1.4,275,0,0,0,0,0,0,0,0,0,-0.01,-0.01,0,0,0,0.000347222,0,0,--.--,0,--.--,50,0000:00:00,49,0,0,40,30,0,0,0,0,0,0,1,10.19,0.458032407,45209,80.67,54.63,--.--
low,0,262,4.37,16.42,0.61,55,10.0162,1,0.768483361,0.041383102,-16.6,-28.7,305,0,0,0,0,0,0,0,0,0,0,0,0,0,0,0.000358796,0,0,--.--,0,--.--,50,0000:00:00,49,0,0,40,30,0,0,0,0,0,0,1,10.02,0.458043981,45209,80.71,54.63,--.--
low,0,263,4.38,16.43,0.59,55,9.6937,0.99,0.771130417,0.041394676,-18.1,-4.1,338,0,0,0,0,0,0,0,0,0,0,0,0,0,0,0.00037037,0,0,--.--,0,--.--,50,0000:00:00,49,0,0,40,30,0,0,0,0,0,0,1,9.69,0.458055556,45209,80.73,54.63,--.--
low,0,264,4.4,16.42,0.58,56,9.5236,0.98,0.773958306,0.04140625,-8.7,7.9,329,0,0,0,0,0,0,0,0,0,0,0,0,0,0,0.000381944,0,0,--.--,0,--.--,50,0000:00:00,49,0,0,40,30,0,0,0,0,0,0,1,9.53,0.45806713,45209,80.74,54.63,--.--
low,0,265,4.42,16.42,0.59,56,9.6878,0.99,0.776649361,0.041417824,3.1,-25.8,0,0,0,0,0,0,0,0,0,0,0,0,0,0,0,0.000393519,0,0,--.--,0,--.--,50,0000:00:00,49,0,0,40,30,0,0,0,0,0,0,1,9.69,0.458078704,45209,80.78,54.63,--.--
low,0,266,4.43,16.42,0.57,56,9.3594,0.97,0.779433333,0.041429398,18,-44.9,16,0,0,0,0,0,0,0,0,0,0,0,0,0,0,0.000405093,0,0,--.--,0,--.--,50,0000:00:00,49,0,0,40,30,0,0,0,0,0,0,1,9.36,0.458090278,45209,80.8,54.63,--.--
low,0,267,4.45,16.43,0.57,56,9.3651,0.97,0.782126028,0.041440972,-19,-66.5,32,0,0,0,0,0,0,0,0,0,-0.01,-0.01,0,0,0,0.000416667,0,0,--.--,0,--.--,50,0000:00:00,49,0,0,40,30,0,0,0,0,0,0,1,9.36,0.458101852,45209,80.82,54.63,--.--
low,0,268,4.47,16.43,0.58,56,9.5294,0.98,0.816067583,0.041452546,-22.8,-65.9,34,0,0,0,0,0,0,0,0,0,-0.01,-0.01,0,0,0,0.000428241,0,0,--.--,0,--.--,50,0000:00:00,49,0,0,40,30,0,0,0,0,0,0,1,9.53,0.458113426,45209,80.83,54.64,--.--
low,0,269,4.48,16.42,0.62,56,10.1804,1.01,0.849830028,0.04146412,-17.5,-63.2,28,0,0,0,0,0,0,0,0,0,0,0,0,0,0,0.000439815,0,0,--.--,0,--.--,50,0000:00:00,49,0,0,40,30,0,0,0,0,0,0,1,10.18,0.458125,45209,80.85,54.64,--.--
low,0,270,4.5,16.42,0.59,57,9.6878,0.99,0.882398194,0.041475694,-4.3,-61.2,19,0,0,0,0,0,0,0,0,0,0,0,0,0,0,0.000451389,0,0,--.--,0,--.--,50,0000:00:00,49,0,0,40,30,0,0,0,0,0,0,1,9.69,0.458136574,45209,80.87,54.64,--.--
low,0,271,4.52,16.43,0.61,57,10.0223,1,0.891134194,0.041487269,6.9,-15.7,8,0,0,0,0,0,0,0,-0.1,-0.1,-0.03,-0.03,0,0,0,0.000462963,0,0,--.--,0,--.--,50,0000:00:00,49,0,0,40,30,0,0,0,0,0,0,1,10.02,0.458148148,45209,80.89,54.63,--.--
low,0,272,4.53,16.43,0.59,57,9.6937,0.99,0.916310417,0.041498843,12,10.3,10,0,0,0,0,0,0,0,-0.7,-0.7,-0.21,-0.22,0,0,0,0.000474537,0,0,--.--,0,--.--,50,0000:00:00,49,0,0,40,30,0,0,0,0,0,0,1,9.69,0.458159722,45209,80.91,54.64,--.--
low,0,273,4.55,16.12,7.58,59,122.1896,2.09,0.938229722,0.041510417,8.9,9,3,0,0,0,0,0,0,0,-0.7,-0.7,-0.21,-0.21,0,0,0,0.000486111,--.--,0,--.--,--.--,9.5,50,0000:00:00,49,0,0,40,30,0,0,0,0,0,0,1,122.2,0.458171296,45209,80.94,54.68,--.--
low,0,274,4.57,16.12,7.54,61,121.5448,2.08,0.941099722,0.041521991,13.4,1.7,347,0,0,0,0.2,0,0,-0.3,-0.7,0,0,0,0,0,0,0.000497685,--.--,0,--.--,--.--,10.9,50,0000:00:00,49,0,0,40,30,0,0,0,0,0,0,1,121.54,0.45818287,45209,80.98,54.7,--.--
low,0,275,4.58,15.78,7.43,63,117.2454,2.07,0.944880833,0.041533565,11.2,-4.8,356,0,0,0,0.1,0,0,-0.3,-0.9,0,0,0,0,0,0,0.000509259,--.--,0,--.--,--.--,10.9,50,0000:00:00,49,0,0,40,30,0,0,0,0,0,0,1,117.25,0.458194444,45209,81,54.73,--.--
low,0,276,4.6,16.38,1.92,65,31.4496,1.5,0.951842333,0.041545139,12.9,-7.8,339,0,0,0,0.3,0,0,-0.1,-1,0,0,-0.422,0,0,0,0.000520833,--.--,0,--.--,--.--,13.1,50,0000:00:00,49,0,0,40,30,0,0,0,0,0,0,1,31.45,0.458206019,45209,81.03,54.75,--.--
low,0,277,4.62,16.36,5.54,65,90.6344,1.96,0.955397833,0.041556713,6,7.3,336,0,0,0,0.5,0,0,0.3,-1.1,0,0,-0.199,0,0,0,0.000532407,--.--,0,--.--,--.--,14.6,50,0000:00:00,49,0,0,40,30,0,0,0,0,0,0,1,90.61,0.458217593,45209,81.05,54.79,--.--
low,0,278,4.63,16.27,4.85,66,78.9095,1.9,0.960812333,0.041569444,1.8,1.5,318,0,0,0,1.3,0,0,0.4,-1.1,0,0,-0.158,0,0,0,0.000543981,--.--,0,--.--,--.--,14.6,50,0000:00:00,49,0,0,40,30,0,0,0,0,0,0,1,78.92,0.458229167,45209,81.07,54.81,--.--
low,0,279,4.65,16.4,0.63,67,10.332,1.01,0.964411222,0.041581019,0.6,-5.4,306,0,0,0,3.2,0,0,-0.1,-0.9,0,0,-0.175,0,0,0,0.000555556,--.--,0,--.--,--.--,15.5,50,0000:00:00,49,0,0,40,30,0,0,0,0,0,0,1,10.33,0.458240741,45209,81.1,54.86,--.--
low,0,280,4.67,16.4,0.83,67,13.612,1.13,0.969461722,0.041591435,1.7,-2.5,306,0,0,0,2.8,0,0,-0.2,-0.8,0,0,-0.383,0,0,7.1,0.00056713,--.--,0,--.--,--.--,16.2,50,0000:00:00,49,0,0,40,30,0,0,0,0,0,0,1,13.61,0.458252315,45209,81.12,54.91,--.--
low,0,281,4.68,16.38,1.53,67,25.0614,1.4,0.973331583,0.041603009,4.9,1,303,0,0,0,0.7,0,0,-0.1,-0.7,0,0,-0.418,0,0,7.1,0.000578704,--.--,0,--.--,--.--,16.6,50,0000:00:00,49,0,0,40,30,0,0,0,0,0,0,1,25.06,0.458263889,45209,81.14,54.91,--.--
low,0,282,4.7,16.41,0.78,68,12.7998,1.11,0.978339639,0.041614583,4.7,-0.1,305,0,0,0,2.5,0,0,0.3,-0.5,0,0,-0.104,0,0,7.1,0.000590278,--.--,0,--.--,--.--,17.2,50,0000:00:00,49,0,0,40,30,0,0,0,0,0,0,1,12.8,0.458275463,45209,81.18,54.93,--.--
low,0,283,4.72,16.38,1.19,68,19.4922,1.29,0.983890639,0.041627315,1.4,5.2,309,0,0,0,4.5,0,0,-0.1,-0.3,0,0,-0.053,0,0,7.1,0.000601852,--.--,0,--.--,--.--,17.4,50,0000:00:00,49,0,0,40,30,0,0,0,0,0,0,1,19.5,0.458287037,45209,81.21,54.95,--.--
low,0,284,4.73,16.4,0.79,68,12.956,1.11,1.024335528,0.041637731,-0.3,4.6,299,0,0,0,3.9,0,0,-0.2,-0.6,0,0,-0.172,0,0,7.1,0.000613426,0.7,0,--.--,--.--,17.7,50,0000:00:00,49,0,0,40,30,0,0,0,0,0,0,1,12.95,0.458298611,45209,81.23,54.95,--.--
low,0,285,4.75,16.38,1.11,69,18.1818,1.26,1.067215528,0.041649306,1.9,-0.6,299,0,0,0,2.9,0,0,0,-0.4,0,0,-0.126,0,0,7.1,0.000625,1.5,0,--.--,--.--,18.5,50,0000:00:00,49,0,0,40,30,0,0,0,0,0,0,1,18.18,0.458310185,45209,81.27,54.99,--.--
low,0,286,4.77,16.39,0.85,69,13.9315,1.14,1.109579528,0.04166088,0.2,0.4,302,0,0,0,2.8,0,0,-0.1,-0.3,0,0,-0.098,0,0,7.1,0.000636574,0,0,--.--,--.--,17.4,50,0000:00:00,49,0,0,40,30,0,0,0,0,0,0,1,13.94,0.458321759,45209,81.3,55,--.--
low,0,287,4.78,16.39,1.1,69,18.029,1.26,1.152077472,5.78704E-06,0.3,1.7,310,0,0,0,3,0,0,0,-0.4,0,0,-0.112,0,0,7.1,0.000648148,3.3,0,--.--,--.--,19.7,54,0000:00:00,49,0,0,40,30,0,0,0,0,0,0,1,18.03,0.458333333,45209,81.32,55.02,--.--
low,0,288,4.8,16.38,1.22,70,19.9836,1.3,1.191469083,1.73611E-05,2.1,1.5,330,0,0,0,3.1,0,0,-0.1,-0.2,0,0,-0.07,0,0,7.1,0.000659722,4.2,0,--.--,127,20.3,49,0000:00:00,49,0,0,40,30,0,0,0,0,0,0,1,19.99,0.458344907,45209,81.36,55.02,--.--
low,0,289,4.82,16.16,9.01,71,145.6016,2.16,1.233574083,3.00926E-05,2.1,-0.4,345,0,0,0,3.5,0,0,0.1,0,0,0,0.001,0,0,7.1,0.000671296,4.2,0,--.--,126,20.3,53,0000:00:00,49,0,0,40,30,0,0,0,0,0,0,1,145.59,0.458356481,45209,81.39,55.02,--.--
low,0,290,4.83,16.08,9.6,74,154.368,2.19,1.268416528,4.05093E-05,1.8,-2.6,3,0,0,0,4,0,0,-0.2,-0.6,0,0,-0.165,0,0,7.1,0.00068287,4.1,0,--.--,124,20.1,50,0000:00:00,49,0,0,40,30,0,0,0,0,0,0,1,154.39,0.458368056,45209,81.41,55.06,--.--
low,0,291,4.85,16.02,9.52,76,152.5104,2.18,1.300303472,5.20833E-05,1.3,-0.2,16,0,0,0,2.9,0,0,-0.2,-0.9,0,0,-0.262,0,0,13.9,0.000694444,4.7,0,--.--,135,21.1,48,0000:00:00,49,0,0,40,30,0,0,0,0,0,0,1,152.52,0.45837963,45209,81.45,55.06,--.--
low,0,292,4.87,15.97,9.58,79,152.9926,2.18,1.304799722,6.48148E-05,-0.6,-2.7,35,0,0,0,1.7,0,0,0.1,-0.6,0,0,-0.197,0,0,13.9,0.000706019,4.7,0,--.--,135,21.1,48,0000:00:00,49,0,0,40,30,0,0,0,0,0,0,1,153.03,0.458391204,45209,81.48,55.08,--.--
low,0,293,4.88,16.06,8.83,82,141.8098,2.15,1.309432222,7.63889E-05,-0.2,-0.8,42,0,0,0,0.9,0,0,0.1,-0.3,0,0,-0.08,0,0,13.9,0.000717593,5.6,0,--.--,152,22.6,49,0000:00:00,49,0,0,40,30,0,0,0,0,0,0,1,141.85,0.458402778,45209,81.5,55.09,--.--
low,0,294,4.9,16.04,9.45,84,151.578,2.18,1.319366306,8.7963E-05,-0.6,2.2,33,0,0,0,0.8,0,0,-0.1,-0.5,0,0,-0.151,0,0,13.9,0.000729167,6,0,--.--,166,23.3,50,0000:00:00,49,0,0,40,30,0,0,0,0,0,0,1,151.58,0.458414352,45209,81.52,55.09,--.--
low,0,295,4.92,16.04,7.82,87,125.4328,2.1,1.352123306,9.9537E-05,0,-0.2,38,0,0,0,0.6,0,0,0.1,-1.4,0,0,-0.437,0,0,13.9,0.000740741,5.8,0,--.--,173,23.2,50,0000:00:00,49,0,0,40,30,0,0,0,0,0,0,1,125.42,0.458425926,45209,81.55,55.09,--.--
low,0,296,4.93,16.1,7.13,89,114.793,2.06,1.386798972,0.000111111,0,-0.7,35,0,0,0,0.7,0,0,0.1,-0.9,0,0,-0.288,0,0,13.9,0.000752315,6.6,0,--.--,184,24,50,0000:00:00,49,0,0,40,30,0,0,0,0,0,0,1,114.78,0.4584375,45209,81.57,55.11,--.--
low,0,297,4.95,16.35,0.99,89,16.1865,1.21,1.422398639,0.000122685,0.6,-0.4,33,0,0,0,0.2,0,0,0,-0.6,0,0,-0.178,0,0,13.9,0.000763889,0,0,--.--,--.--,17.4,50,0000:00:00,49,0,0,40,30,0,0,0,0,0,0,1,16.18,0.458449074,45209,81.61,55.11,--.--
low,0,298,4.97,16.35,1.02,90,16.677,1.22,1.454781972,0.000134259,-1.7,-1.2,34,0,0,0,0.3,0,0,0,-1.2,0,0,0.112,0,0,20.6,0.000775463,9,0,--.--,187,26.3,42,0000:00:00,49,0,0,40,30,0,0,0,0,0,0,1,16.68,0.458460648,45209,81.63,55.13,--.--
low,0,299,4.98,16.33,2.19,90,35.7627,1.55,1.481995722,0.000145833,-0.7,1.8,32,0,0,0,0.2,0,0,-0.2,-1.2,0,0,0.117,0,0,20.6,0.000787037,9.4,0,--.--,187,26.8,52,0000:00:00,49,0,0,40,30,0,0,0,0,0,0,1,35.76,0.458472222,45209,81.66,55.13,--.--
low,0,300,5,16.11,7.32,92,117.9252,2.07,1.484944194,0.000157407,-3.3,2.7,28,0,0,0,0.3,0,0,0,-1.2,0,0,0.123,0,0,20.6,0.000798611,10.1,0,--.--,186,27.5,43,0000:00:00,49,0,0,40,30,0,0,0,0,0,0,1,117.91,0.458483796,45209,81.7,55.13,--.--
low,0,301,5.02,16.17,7.72,94,124.8324,2.1,1.488305028,0.000168981,-1.1,3.5,35,0,0,0,0.4,0,0,-0.2,-1.8,0,0,-0.061,0,0,20.6,0.000810185,10.3,0,--.--,190,27.6,61,0000:00:00,49,0,0,40,30,0,0,0,0,0,0,1,124.81,0.45849537,45209,81.72,55.15,--.--
low,0,302,5.03,16.06,7.98,96,128.1588,2.11,1.492980083,0.000180556,-1.2,2.2,29,0,0,0,0.7,0,0,0.1,-1.5,0,0,0.012,0,0,20.6,0.000821759,11.4,0,--.--,186,28.8,46,0000:00:00,49,0,0,40,30,0,0,0,0,0,0,1,128.16,0.458506944,45209,81.73,55.13,--.--
low,0,303,5.05,16.08,7.25,98,116.58,2.07,1.497297306,0.00019213,-4.9,3.1,31,0,0,0,0.8,0,0,0,-0.9,0,0,0.192,0,0,41.7,0.000833333,12.8,0,--.--,188,30.1,37,0000:00:00,58,0,0,40,30,0,0,0,0,0,0,1,116.58,0.458518519,45209,81.77,55.15,--.--
low,0,304,5.07,15.93,6.15,101,97.9695,1.99,1.50610275,0.000203704,-3.1,5.5,32,0,0,0,0.7,0,0,-0.1,-1.4,0,0,0.059,0,0,41.7,0.000844907,14.1,0,--.--,189,31.4,47,0000:00:00,53,0,0,40,30,0,0,0,0,0,0,1,97.97,0.458530093,45209,81.79,55.17,--.--
low,0,305,5.08,16.33,0.65,102,10.6145,1.03,1.513869,0.000215278,-0.1,2.4,31,0,0,0,0.6,0,0,0,-1.8,0,0,-0.066,0,0,41.7,0.000856481,15.3,0,--.--,189,32.6,54,0000:00:00,53,0,0,40,30,0,0,0,0,0,0,1,10.62,0.458541667,45209,81.82,55.15,--.--
low,0,306,5.1,16.35,0.74,103,12.099,1.08,1.516915639,0.000226852,-0.8,2.6,31,0,0,0,0.7,0,0,0.1,-1.5,0,0,0.009,0,0,41.7,0.000868056,16,0,--.--,189,33.3,45,0000:00:00,53,0,0,40,30,0,0,0,0,0,0,1,12.1,0.458553241,45209,81.86,55.17,--.--
low,0,307,5.12,16.34,1.03,103,16.8302,1.23,1.520780778,0.000238426,-4,3.2,31,0,0,0,0.7,0,0,0,-1.4,0,0,0.066,0,0,41.7,0.00087963,16.7,0,--.--,187,34.1,46,0000:00:00,53,0,0,40,30,0,0,0,0,0,0,1,16.83,0.458564815,45209,81.9,55.17,--.--
low,0,308,5.13,16.36,0.95,103,15.542,1.19,1.525870556,0.00025,-0.2,3,32,0,0,0,0.8,0,0,-0.1,-1.6,0,0,-0.015,0,0,54.5,0.000891204,0,0,--.--,--.--,17.4,54,0000:00:00,53,0,0,40,30,0,0,0,0,0,0,1,15.54,0.458576389,45209,81.91,55.18,--.--
low,0,309,5.15,16.34,1.94,104,31.6996,1.5,1.530324111,0.000261574,-3.6,3.6,33,0,0,0,0.8,0,0,0.1,-1.7,0,0,-0.057,0,0,71.6,0.000902778,17.4,0,--.--,185,34.7,46,0000:00:00,53,0,0,40,30,0,0,0,0,0,0,1,31.71,0.458587963,45209,81.95,55.18,--.--
low,0,310,5.17,16.35,1.71,104,27.9585,1.45,1.533730361,0.000273148,-4.4,5.5,33,0,0,0,0.7,0,0,0.1,-1.2,0,0,0.109,0,0,71.6,0.000914352,17.7,0,--.--,186,35.1,42,0000:00:00,53,0,0,40,30,0,0,0,0,0,0,1,27.97,0.458599537,45209,81.97,55.18,--.--
low,0,311,5.18,16.37,0.67,104,10.9679,1.04,1.540051,0.000284722,-2,3.1,33,0,0,0,0.7,0,0,0,-1.4,0,0,0.047,0,0,71.6,0.000925926,18.1,0,--.--,188,35.4,44,0000:00:00,53,0,0,40,30,0,0,0,0,0,0,1,10.97,0.458611111,45209,82,55.18,--.--
low,0,312,5.2,16.37,0.85,104,13.9145,1.14,1.5437365,0.000296296,0.3,4.7,33,0,0,0,0.7,0,0,-0.1,-1.5,0,0,0.037,0,0,71.6,0.0009375,18.7,0,--.--,186,36.1,51,0000:00:00,53,0,0,40,30,0,0,0,0,0,0,1,13.91,0.458622685,45209,82.02,55.18,--.--
low,0,313,5.22,16.36,1.12,105,18.3232,1.26,1.551411917,0.00030787,-3.1,3.7,33,0,0,0,0.6,0,0,0.1,-1.4,0,0,0.035,0,0,71.6,0.000949074,19.1,0,--.--,183,36.5,43,0000:00:00,53,0,0,40,30,0,0,0,0,0,0,1,18.32,0.458634259,45209,82.04,55.18,--.--
low,0,314,5.23,16.36,0.98,105,16.0328,1.21,1.555047472,0.000319444,-1.5,2.8,33,0,0,0,0.7,0,0,-0.1,-1.5,0,0,0.019,0,0,107.6,0.000960648,18.9,0,--.--,184,36.3,49,0000:00:00,53,0,0,40,30,0,0,0,0,0,0,1,16.03,0.458645833,45209,82.08,55.2,--.--
low,0,315,5.25,16.35,0.75,105,12.2625,1.09,1.560182694,0.000331019,-0.1,4.8,33,0,0,0,0.6,0,0,0,-1.7,0,0,-0.034,0,0,107.6,0.000972222,19.6,0,--.--,181,37,50,0000:00:00,53,0,0,40,30,0,0,0,0,0,0,1,12.26,0.458657407,45209,82.11,55.2,--.--
low,0,316,5.27,16.37,1.39,106,22.7543,1.36,1.563231194,0.000342593,-5.2,5.2,34,0,0,0,0.7,0,0,0.1,-1.4,0,0,0.047,0,0,107.6,0.000983796,20.1,0,--.--,180,37.6,43,0000:00:00,53,0,0,40,30,0,0,0,0,0,0,1,22.75,0.458668981,45209,82.13,55.18,--.--
low,0,317,5.28,16.38,0.81,106,13.2678,1.12,1.567139417,0.000354167,-0.2,3.9,33,0,0,0,0.7,0,0,0,-1.7,0,0,-0.038,0,0,107.6,0.00099537,20.2,0,--.--,180,37.6,49,0000:00:00,53,0,0,40,30,0,0,0,0,0,0,1,13.26,0.458680556,45209,82.15,55.2,--.--
low,0,318,5.3,16.35,1.69,106,27.6315,1.44,1.572495306,0.000365741,-2.7,5.3,34,0,0,0,0.7,0,0,-0.1,-1.8,0,0,-0.082,0,0,107.6,0.001006944,20.5,0,--.--,179,38,55,0000:00:00,53,0,0,40,30,0,0,0,0,0,0,1,27.63,0.45869213,45209,82.18,55.2,--.--
low,0,319,5.32,16.36,0.8,106,13.088,1.12,1.577409306,0.000377315,-0.3,4.2,33,0,0,0,0.7,0,0,0.1,-1.7,0,0,-0.031,0,0,126.5,0.001018519,0,0,--.--,--.--,17.4,47,0000:00:00,53,0,0,40,30,0,0,0,0,0,0,1,13.09,0.458703704,45209,82.22,55.2,--.--
low,0,320,5.33,16.36,1.13,107,18.4868,1.27,1.581865583,0.000388889,-5.3,5.1,33,0,0,0,0.7,0,0,0.1,-1.3,0,0,0.086,0,0,147.5,0.001030093,21.2,0,--.--,177,38.6,41,0000:00:00,53,0,0,40,30,0,0,0,0,0,0,1,18.49,0.458715278,45209,82.24,55.2,--.--
low,0,321,5.35,16.38,0.67,107,10.9746,1.04,1.585183028,0.000400463,0,4.1,34,0,0,0,0.8,0,0,-0.1,-1.5,0,0,0.012,0,0,147.5,0.001041667,21.4,0,--.--,177,38.8,51,0000:00:00,53,0,0,40,30,0,0,0,0,0,0,1,10.97,0.458726852,45209,82.26,55.2,--.--
low,0,322,5.37,16.36,0.86,107,14.0696,1.15,1.588729861,0.000412037,-2.3,4.4,32,0,0,0,0.8,0,0,0,-1.5,0,0,0.035,0,0,147.5,0.001053241,22.3,0,--.--,173,39.7,45,0000:00:00,53,0,0,40,30,0,0,0,0,0,0,1,14.07,0.458738426,45209,82.29,55.2,--.--
low,0,323,5.38,16.34,1.18,108,19.2812,1.29,1.593868222,0.000423611,-3.4,3.1,32,0,0,0,0.9,0,0,-0.1,-1.4,0,0,0.056,0,0,147.5,0.001064815,22.7,0,--.--,173,40,47,0000:00:00,53,0,0,40,30,0,0,0,0,0,0,1,19.28,0.45875,45209,82.33,55.2,--.--
low,0,324,5.4,16.38,1.08,108,17.6904,1.25,1.599139778,0.000435185,0.6,4.7,32,0,0,0,1.1,0,0,0,-1.6,0,0,-0.009,0,0,147.5,0.001076389,22.9,0,--.--,172,40.2,49,0000:00:00,53,0,0,40,30,0,0,0,0,0,0,1,17.69,0.458761574,45209,82.35,55.2,--.--
low,0,325,5.42,16.37,0.98,108,16.0426,1.21,1.604232667,0.000446759,-1.6,4.9,31,0,0,0,1.1,0,0,0,-1.6,0,0,0.003,0,0,191.7,0.001087963,23.3,0,--.--,172,40.7,49,0000:00:00,53,0,0,40,30,0,0,0,0,0,0,1,16.04,0.458773148,45209,82.36,55.2,--.--
low,0,326,5.43,16.36,0.73,108,11.9428,1.08,1.608870833,0.000458333,-1.9,4.9,31,0,0,0,1,0,0,0,-1.6,0,0,-0.013,0,0,191.7,0.001099537,23.5,0,--.--,172,40.8,48,0000:00:00,53,0,0,40,30,0,0,0,0,0,0,1,11.95,0.458784722,45209,82.38,55.2,--.--
low,0,327,5.45,16.37,0.78,109,12.7686,1.11,1.613145222,0.000469907,-1.4,4.3,30,0,0,0,1.2,0,0,0,-1.7,0,0,-0.052,0,0,191.7,0.001111111,23.7,0,--.--,171,41,51,0000:00:00,53,0,0,40,30,0,0,0,0,0,0,1,12.77,0.458796296,45209,82.42,55.2,--.--
low,0,328,5.47,16.37,1.13,109,18.4981,1.27,1.618056222,0.000481481,-2.1,4,30,0,0,0,1.3,0,0,0,-1.7,0,0,-0.055,0,0,191.7,0.001122685,24.4,0,--.--,168,41.7,49,0000:00:00,53,0,0,40,30,0,0,0,0,0,0,1,18.5,0.45880787,45209,82.45,55.22,--.--
low,0,329,5.48,16.36,1.16,109,18.9776,1.28,1.623470722,0.000493056,-6.1,5.5,30,0,0,0,1.2,0,0,0,-1.3,0,0,0.079,0,0,191.7,0.001134259,24.5,0,--.--,167,41.8,47,0000:00:00,53,0,0,40,30,0,0,0,0,0,0,1,18.98,0.458819444,45209,82.47,55.22,--.--
low,0,330,5.5,16.37,1.12,109,18.3344,1.26,1.627747722,0.00050463,-5.2,5.2,30,0,0,0,1.1,0,0,0.1,-1.4,0,0,0.06,0,0,215,0.001145833,0,0,--.--,--.--,17.4,41,0000:00:00,53,0,0,40,30,0,0,0,0,0,0,1,18.33,0.458831019,45209,82.51,55.22,--.--
low,0,331,5.52,16.37,1.02,110,16.6974,1.22,1.632158528,0.000516204,-0.8,3.2,30,0,0,0,1.1,0,0,0,-1.5,0,0,0.013,0,0,240.2,0.001157407,25.2,0,--.--,165,42.4,48,0000:00:00,53,0,0,40,30,0,0,0,0,0,0,1,16.7,0.458842593,45209,82.54,55.22,--.--
low,0,332,5.53,16.37,0.94,110,15.3878,1.19,1.637163528,0.000527778,-2.7,5,31,0,0,0,0.9,0,0,0,-1.5,0,0,0.033,0,0,240.2,0.001168981,25.2,0,--.--,165,42.3,48,0000:00:00,53,0,0,40,30,0,0,0,0,0,0,1,15.39,0.458854167,45209,82.58,55.22,--.--
low,0,333,5.55,16.37,1.08,110,17.6796,1.25,1.643521861,0.000539352,-4.7,4.7,31,0,0,0,0.9,0,0,0,-1.5,0,0,0.026,0,0,240.2,0.001180556,25.4,0,--.--,165,42.6,47,0000:00:00,53,0,0,40,30,0,0,0,0,0,0,1,17.68,0.458865741,45209,82.6,55.22,--.--
low,0,334,5.57,16.38,1.19,111,19.4922,1.29,1.648887583,0.000550926,-2.1,3.8,30,0,0,0,0.8,0,0,0,-1.8,0,0,-0.073,0,0,240.2,0.00119213,25.7,0,--.--,164,42.8,54,0000:00:00,53,0,0,40,30,0,0,0,0,0,0,1,19.49,0.458877315,45209,82.63,55.22,--.--
low,0,335,5.58,16.38,0.94,111,15.3972,1.19,1.653480278,0.0005625,-0.5,3.8,30,0,0,0,0.7,0,0,0,-1.6,0,0,-0.007,0,0,240.2,0.001203704,26,0,--.--,163,43.1,47,0000:00:00,53,0,0,40,30,0,0,0,0,0,0,1,15.4,0.458888889,45209,82.65,55.2,--.--
low,0,336,5.6,16.37,0.97,111,15.8789,1.2,1.657254472,0.000574074,-4.7,4.8,30,0,0,0,0.6,0,0,0,-1.4,0,0,0.056,0,0,291.4,0.001215278,26.1,0,--.--,163,43.1,46,0000:00:00,53,0,0,40,30,0,0,0,0,0,0,1,15.88,0.458900463,45209,82.67,55.22,--.--
low,0,337,5.62,16.38,1.1,111,18.018,1.26,1.662165472,0.000585648,-4.6,4.7,30,0,0,0,0.6,0,0,0.1,-1.4,0,0,0.05,0,0,291.4,0.001226852,26.4,0,--.--,162,43.3,42,0000:00:00,53,0,0,40,30,0,0,0,0,0,0,1,18.01,0.458912037,45209,82.71,55.22,--.--
low,0,338,5.63,16.35,1.4,112,22.89,1.36,1.666712694,0.000597222,-2.8,3.6,30,0,0,0,0.5,0,0,-0.1,-1.5,0,0,0.033,0,0,291.4,0.001238426,26.5,0,--.--,161,43.4,49,0000:00:00,53,0,0,40,30,0,0,0,0,0,0,1,22.89,0.458923611,45209,82.72,55.22,--.--
low,0,339,5.65,16.37,1.18,112,19.3166,1.29,1.672575028,0.000608796,-0.8,4.5,30,0,0,0,0.4,0,0,0,-1.7,0,0,-0.032,0,0,291.4,0.00125,26.7,0,--.--,159,43.5,51,0000:00:00,53,0,0,40,30,0,0,0,0,0,0,1,19.32,0.458935185,45209,82.76,55.22,--.--
low,0,340,5.67,16.37,1.01,112,16.5337,1.22,1.677986222,0.00062037,-1.8,4.5,30,0,0,0,0.4,0,0,0,-1.8,0,0,-0.082,0,0,291.4,0.001261574,26.9,0,--.--,159,43.7,51,0000:00:00,53,0,0,40,30,0,0,0,0,0,0,1,16.53,0.458946759,45209,82.78,55.22,--.--
low,0,341,5.68,16.37,0.83,113,13.5871,1.13,1.682985111,0.000631944,-1.5,4.1,30,0,0,0,0.3,0,0,0,-1.6,0,0,-0.016,0,0,317.5,0.001273148,0,0,--.--,--.--,17.4,49,0000:00:00,53,0,0,40,30,0,0,0,0,0,0,1,13.59,0.458958333,45209,82.81,55.22,--.--
low,0,342,5.7,16.37,1.08,113,17.6796,1.25,1.705918389,0.000643519,-2,4.4,29,0,0,0,0.3,0,0,0,-1.6,0,0,0.001,0,0,344.4,0.001284722,26.6,0,--.--,161,43.5,50,0000:00:00,53,0,0,40,30,0,0,0,0,0,0,1,17.68,0.458969907,45209,82.83,55.22,--.--
low,0,343,5.72,16.37,1,113,16.37,1.21,1.755993639,0.000655093,-2.6,4.6,29,0,0,0,0.4,0,0,0,-1.5,0,0,0.021,0,0,344.4,0.001296296,27.5,0,--.--,158,44.2,46,0000:00:00,53,0,0,40,30,0,0,0,0,0,0,1,16.37,0.458981481,45209,82.87,55.24,--.--
low,0,344,5.73,16.36,1.29,113,21.1044,1.32,1.790853889,0.000666667,-5.9,5.3,28,0,0,0,0.4,0,0,0,-1.3,0,0,0.085,0,0,344.4,0.00130787,28.1,0,--.--,154,44.6,44,0000:00:00,53,0,0,40,30,0,0,0,0,0,0,1,21.11,0.458993056,45209,82.89,55.22,--.--
low,0,345,5.75,16.37,1.19,114,19.4803,1.29,1.827868528,0.000678241,-4.5,4.6,28,0,0,0,0.3,0,0,0,-1.4,0,0,0.047,0,0,344.4,0.001319444,28.6,0,--.--,153,46.3,44,0000:00:00,53,0,0,40,30,0,0,0,0,0,0,1,19.48,0.45900463,45209,82.9,55.22,--.--
low,0,346,5.77,16.36,1.1,114,17.996,1.26,1.832613944,0.000689815,-0.9,3.9,28,0,0,0,0.4,0,0,0,-1.5,0,0,0.007,0,0,344.4,0.001331019,28.5,0,--.--,153,46.2,48,0000:00:00,53,0,0,40,30,0,0,0,0,0,0,1,18,0.459016204,45209,82.94,55.24,--.--
low,0,347,5.78,16.22,5.09,115,82.5598,1.92,1.906551444,0.000701389,-0.8,2.1,46,0,0,0,0.3,0,0,0.1,-1.6,0,0,-0.018,0,0,371.3,0.001342593,0,0,--.--,--.--,18,46,0000:00:00,53,0,0,40,30,0,0,0,0,0,0,1,82.58,0.459027778,45209,82.96,55.22,--.--
low,0,348,5.8,16.11,11.19,116,180.2709,2.26,1.994457333,0.000712963,-0.5,6.7,56,0,0,0,0.5,0,0,-0.1,-1.6,0,0,-0.02,0,0,399.6,0.001354167,28.4,0,--.--,153,46.1,52,0000:00:00,53,0,0,40,30,0,0,0,0,0,0,1,180.23,0.459039352,45209,82.99,55.24,--.--
low,0,349,5.82,16.11,7.79,119,125.4969,2.1,2.06747075,0.000724537,3.8,7,63,0,0,0,0.6,0,0,0,-1.7,0,0,-0.044,0,0,399.6,0.001365741,29,0,--.--,149,46.5,49,0000:00:00,53,0,0,40,30,0,0,0,0,0,0,1,125.47,0.459050926,45209,83.01,55.24,--.--
low,0,350,5.83,16.31,8.17,121,133.2527,2.12,2.141180083,0.000736111,-1.2,3.8,59,0,0,0,0.5,0,0,0.1,-1.6,0,0,-0.014,0,0,399.6,0.001377315,28.6,0,--.--,151,46.2,44,0000:00:00,53,0,0,40,30,0,0,0,0,0,0,1,133.29,0.4590625,45209,83.05,55.22,--.--
low,0,351,5.85,16.27,1.05,122,17.0835,1.23,2.215362583,0.000747685,-0.6,6.4,59,0,0,0,0.6,0,0,-0.1,-1.7,0,0,-0.056,0,0,399.6,0.001388889,28.3,0,--.--,151,45.9,56,0000:00:00,53,0,0,40,40,0,0,0,0,0,0,1,17.08,0.459074074,45209,83.07,55.22,--.--
low,0,352,5.87,15.75,16.9,125,266.175,2.43,2.290678972,0.000760417,2.9,6,64,0,0,0,0.9,0,0,0.1,-1.6,0,0,-0.008,0,0,399.6,0.001400463,28.3,0,--.--,151,46,57,0000:00:00,53,0,0,40,40,0,0,0,0,0,0,1,266.23,0.459085648,45209,83.08,55.22,--.--
low,0,353,5.88,15.62,20.26,130,316.4612,2.5,2.387928972,0.000771991,0.7,4.3,85,0,0,0,1,0,0,0.1,-1.5,0,0,0.016,0,0,456.3,0.001412037,28,0,--.--,150,45.6,45,0000:00:00,53,0,0,40,40,0,0,0,0,0,0,1,316.42,0.459097222,45209,83.12,55.22,--.--
low,0,354,5.9,15.73,16.71,135,262.8483,2.42,2.462020639,0.000783565,2.4,2.5,80,0,0,0,1.1,0,0,0,-1.5,0,0,0.006,0,0,456.3,0.001423611,27.5,0,--.--,151,45.2,49,0000:00:00,53,0,0,40,40,0,0,0,0,0,0,1,262.8,0.459108796,45209,83.14,55.22,--.--
low,0,355,5.92,15.72,16.88,139,265.3536,2.42,2.533150361,0.000795139,3.7,5.1,81,0,0,0,1.3,0,0,0.1,-1.7,0,0,-0.044,0,0,456.3,0.001435185,26.7,0,--.--,153,44.4,48,0000:00:00,53,0,0,40,40,0,0,0,0,0,0,1,265.37,0.45912037,45209,83.17,55.22,--.--
low,0,356,5.93,15.7,17.01,144,267.057,2.43,2.605670361,0.000806713,1.2,3.8,80,0,0,0,1.4,0,0,0.1,-1.6,0,0,-0.041,0,0,456.3,0.001446759,25.6,0,--.--,154,43.4,45,0000:00:00,53,0,0,40,40,0,0,0,0,0,0,1,267.11,0.459131944,45209,83.19,55.22,--.--
low,0,357,5.95,15.7,17.27,149,271.139,2.43,2.677234194,0.000818287,2.5,3.4,87,0,0,0,1.3,0,0,-0.1,-1.8,0,0,-0.083,0,0,456.3,0.001458333,23.9,0,--.--,157,41.8,54,0000:00:00,53,0,0,40,40,0,0,0,0,0,0,1,271.05,0.459143519,45209,83.21,55.22,--.--
low,0,358,5.97,15.56,22.5,154,350.1,2.54,2.756484056,0.000829861,0.8,5.9,88,0,0,0,1.4,0,0,0,-1.7,0,0,-0.059,0,0,456.3,0.001469907,23.9,0,--.--,157,36.1,50,0000:00:00,53,0,0,40,40,0,0,0,0,0,0,1,350.08,0.459155093,45209,83.25,55.22,--.--
low,0,359,5.98,15.69,17,159,266.73,2.43,2.829047611,0.000841435,0.4,0.9,96,0,0,0,1.3,0,0,0.1,-1.8,0,0,-0.081,0,0,456.3,0.001481481,22.5,0,--.--,157,34.7,62,0000:00:00,53,0,0,40,40,0,0,0,0,0,0,1,266.73,0.459166667,45209,83.26,55.22,--.--
low,0,360,6,15.7,16.31,165,256.067,2.41,2.898127972,0.000853009,3.2,1.4,91,0,0,0,1.5,0,0,0,-1.5,0,0,-0.031,0,0,463.7,0.001493056,21.2,0,--.--,160,33.4,52,0000:00:00,53,0,0,40,40,0,0,0,0,0,0,1,256.1,0.459178241,45209,83.28,55.2,--.--
low,0,361,6.02,15.68,16.65,170,261.072,2.42,2.967033528,0.000864583,1.3,1.4,98,0,0,0,1.4,0,0,0,-1.5,0,0,-0.017,0,0,463.7,0.00150463,20.1,0,--.--,159,32.3,50,0000:00:00,53,0,0,40,40,0,0,0,0,0,0,1,261.12,0.459189815,45209,83.3,55.2,--.--
low,0,362,6.03,15.69,16.42,174,257.6298,2.41,3.035023528,0.000876157,0.1,1.9,95,0,0,0,1.5,0,0,0,-1.3,0,0,0.029,0,0,463.7,0.001516204,18.6,0,--.--,160,30.8,46,0000:00:00,53,0,0,40,40,0,0,0,0,0,0,1,257.56,0.459201389,45209,83.34,55.2,--.--
low,0,363,6.05,15.65,18.23,179,285.2995,2.46,3.093946306,0.000887731,2.2,3.1,88,0,0,0,1.4,0,0,0,-1.6,0,0,-0.061,0,0,463.7,0.001527778,16.5,0,--.--,165,28.7,54,0000:00:00,53,0,0,40,40,0,0,0,0,0,0,1,285.39,0.459212963,45209,83.35,55.2,--.--
low,0,364,6.07,15.68,16.66,184,261.2288,2.42,3.152332306,0.000899306,1.6,4,90,0,0,0,1.4,0,0,0,-1.6,0,0,-0.057,0,0,502.1,0.001539352,14.3,0,--.--,169,26.4,51,0000:00:00,53,0,0,40,40,0,0,0,0,0,0,1,261.16,0.459224537,45209,83.37,55.22,--.--
low,0,365,6.08,15.71,15.83,188,248.6893,2.4,3.214194806,0.00091088,1.8,3.9,91,0,0,0,1.4,0,0,0.1,-1.6,0,0,-0.044,0,0,502.1,0.001550926,13.5,0,--.--,172,25.5,48,0000:00:00,53,0,0,40,40,0,0,0,0,0,0,1,248.61,0.459236111,45209,83.41,55.2,--.--
low,0,366,6.1,15.7,15.8,192,248.06,2.39,3.275051056,0.000922454,2.3,2.5,90,0,0,0,1.3,0,0,0,-1.5,0,0,-0.015,0,0,502.1,0.0015625,12.3,0,--.--,177,24.2,51,0000:00:00,53,0,0,40,40,0,0,0,0,0,0,1,248.04,0.459247685,45209,83.43,55.22,--.--
low,0,367,6.12,15.69,15.6,197,244.764,2.39,3.336398056,0.000934028,-0.9,3.5,94,0,0,0,1.3,0,0,0,-1.3,0,0,0.018,0,0,508.9,0.001574074,11,0,--.--,182,22.7,46,0000:00:00,53,0,0,40,40,0,0,0,0,0,0,1,244.83,0.459259259,45209,83.46,55.22,--.--
low,0,368,6.13,15.83,13.4,202,212.122,2.33,3.396898944,0.000945602,0.2,-1.5,90,0,0,0,1.3,0,0,-0.1,-1.4,0,0,-0.008,0,0,508.9,0.001585648,9.7,0,--.--,188,21.2,53,0000:00:00,53,0,0,40,40,0,0,0,0,0,0,1,212.14,0.459270833,45209,83.48,55.2,--.--
low,0,369,6.15,15.78,13.32,204,210.1896,2.32,3.532463389,0.000957176,-1.6,4.4,92,0,0,0,1.4,0,0,0.1,-1.4,0,0,-0.007,0,0,519.9,0.001597222,0,0,--.--,--.--,12.2,47,0000:00:00,53,0,0,40,40,0,0,0,0,0,0,1,210.18,0.459282407,45209,83.5,55.2,--.--
low,0,370,6.17,15.75,14.14,208,222.705,2.35,3.610496056,0.00096875,1.2,1.6,92,0,0,0,1.4,0,0,0,-1.4,0,0,-0.005,0,0,528.5,0.001608796,8,0,--.--,199,19,49,0000:00:00,53,0,0,40,40,0,0,0,0,0,0,1,222.71,0.459293981,45209,83.52,55.2,--.--
low,0,371,6.18,15.75,13.91,211,219.0825,2.34,3.685044889,0.000980324,0.1,1.9,92,0,0,0,1.4,0,0,0,-1.4,0,0,-0.011,0,0,528.5,0.00162037,7.1,0,--.--,210,17.5,49,0000:00:00,53,0,0,40,40,0,0,0,0,0,0,1,219.08,0.459305556,45209,83.55,55.2,--.--
low,0,372,6.2,15.73,14.04,215,220.8492,2.34,3.833837944,0.000991898,-1.7,3.4,92,0,0,0,1.5,0,0,0,-1.5,0,0,-0.046,0,0,528.5,0.001631944,6.8,0,--.--,217,16.7,52,0000:00:00,53,0,0,40,40,0,0,0,0,0,0,1,220.91,0.45931713,45209,83.59,55.2,--.--
low,0,373,6.22,15.76,13.82,219,217.8032,2.34,3.926172944,0.001003472,-4.3,4,92,0,0,0,1.5,0,0,0.1,-1.6,0,0,-0.079,0,0,528.5,0.001643519,6.5,0,--.--,230,15.5,75,0000:00:00,53,0,0,40,40,0,0,0,0,0,0,1,217.75,0.459328704,45209,83.61,55.22,--.--
low,0,374,6.23,15.1,32.32,225,488.032,2.69,3.986116111,0.001015046,-3.6,-1.4,84,0,0,0,1.8,0,0,0.1,-0.8,0,0,0.06,0,0,528.5,0.001655093,6.6,0,--.--,234,15.2,61,0000:00:00,53,0,0,40,40,0,0,0,0,0,0,1,487.97,0.459340278,45209,83.64,55.2,--.--
low,0,375,6.25,16.08,17.47,233,280.9176,2.45,4.032857778,0.00102662,-11.9,-3.4,84,0,0,0,1.7,0,0,-0.1,-0.3,0,0,0.068,0,0,543.7,0.001666667,6.5,0,--.--,249,13.7,25,0000:00:00,53,0,0,40,40,0,0,0,0,0,0,1,280.99,0.459351852,45209,83.66,55.2,--.--
low,0,376,6.27,15.54,17.27,238,268.3758,2.43,4.109298472,0.001038194,-4.1,2.7,87,0,0,0,2,0,0,-0.1,-1.1,0,0,-0.103,0,0,550.3,0.001678241,0,0,--.--,--.--,12.2,61,0000:00:00,53,0,0,40,40,0,0,0,0,0,0,1,268.38,0.459363426,45209,83.7,55.22,--.--
low,0,377,6.28,14.9,35.95,243,535.655,2.73,4.156452222,0.001049769,-4.8,8.3,72,0,0,0,2.2,0,0,0.2,-1.5,0,0,-0.2,0,0,550.3,0.001689815,5.8,0,--.--,261,12.3,80,0000:00:00,53,0,0,40,40,0,0,0,0,0,0,1,535.58,0.459375,45209,83.73,55.2,--.--
low,0,378,6.3,15.65,21.24,249,332.406,2.52,4.204090278,0.001061343,-2.3,-8,51,0,0,0,2.5,0,0,0,-1,0,0,-0.177,0,0,550.3,0.001701389,5.8,0,--.--,265,11.9,61,0000:00:00,53,0,0,40,40,0,0,0,0,0,0,1,332.47,0.459386574,45209,83.75,55.2,--.--
low,0,379,6.32,15.74,13.71,255,215.7954,2.33,4.25318125,0.001072917,-4.2,-5.1,30,0,0,0,2.5,0,0,-0.1,-0.8,0,0,-0.035,0,0,556.9,0.001712963,6.6,0,--.--,266,12,42,0000:00:00,53,0,0,40,40,0,0,0,0,0,0,1,215.77,0.459398148,45209,83.77,55.2,--.--
low,0,380,6.33,15.8,10.65,260,168.27,2.23,4.300496917,0.001084491,-0.3,2.1,33,0,0,0,2.7,0,0,-0.1,-1.4,0,0,0.004,0,0,570.2,0.001724537,6.8,0,--.--,260,12.6,66,0000:00:00,53,0,0,40,40,0,0,0,0,0,0,1,168.24,0.459409722,45209,83.8,55.2,--.--
low,0,381,6.35,15.77,17.45,262,275.1865,2.44,4.348561528,0.001096065,-2.5,1.7,29,0,0,0,2.7,0,0,0.1,-1.2,0,0,0.032,0,0,570.2,0.001736111,7.1,0,--.--,259,12.9,48,0000:00:00,53,0,0,40,40,0,0,0,0,0,0,1,275.15,0.459421296,45209,83.82,55.2,--.--
low,0,382,6.37,15.85,10.71,267,169.7535,2.23,4.397608472,0.001107639,-1,-3.8,30,0,0,0,2.5,0,0,0,-1.3,0,0,0.042,0,0,570.2,0.001747685,7.2,0,--.--,255,13.4,53,0000:00:00,53,0,0,40,40,0,0,0,0,0,0,1,169.79,0.45943287,45209,83.84,55.2,--.--
low,0,383,6.38,15.85,10.82,270,171.497,2.23,4.44461575,0.001119213,1.7,2.4,30,0,0,0,2.5,0,0,-0.1,-1.3,0,0,0.056,0,0,570.2,0.001759259,8.2,0,--.--,253,14.1,54,0000:00:00,53,0,0,40,40,0,0,0,0,0,0,1,171.52,0.459444444,45209,83.88,55.2,--.--
low,0,384,6.4,15.85,11.15,273,176.7275,2.25,4.492239806,0.001130787,1,2.9,30,0,0,0,2.4,0,0,0,-1.4,0,0,-0.021,0,0,570.2,0.001770833,8.6,0,--.--,246,15.2,52,0000:00:00,53,0,0,40,40,0,0,0,0,0,0,1,176.71,0.459456019,45209,83.89,55.2,--.--
low,0,385,6.42,15.86,10.74,276,170.3364,2.23,4.539629389,0.001142361,0.2,-0.3,30,0,0,0,2.2,0,0,0,-1.4,0,0,0.018,0,0,570.2,0.001782407,9.5,0,--.--,247,15.6,52,0000:00:00,53,0,0,40,40,0,0,0,0,0,0,1,170.29,0.459467593,45209,83.93,55.22,--.--
low,0,386,6.43,15.86,10.91,279,173.0326,2.24,4.591505389,0.001153935,-0.1,3,30,0,0,0,2,0,0,0,-1.4,0,0,0.009,0,0,586.5,0.001793981,10,0,--.--,237,17.2,53,0000:00:00,53,0,0,40,40,0,0,0,0,0,0,1,173.03,0.459479167,45209,83.93,55.2,--.--
low,0,387,6.45,15.85,11.14,282,176.569,2.25,4.642820972,0.001165509,0.9,2.9,30,0,0,0,1.8,0,0,0,-1.5,0,0,-0.021,0,0,586.5,0.001805556,10.7,0,--.--,230,18.5,53,0000:00:00,53,0,0,40,40,0,0,0,0,0,0,1,176.56,0.459490741,45209,83.97,55.2,--.--
low,0,388,6.47,15.86,10.67,285,169.2262,2.23,4.694356417,0.001177083,1.1,-0.9,29,0,0,0,1.7,0,0,0,-1.4,0,0,0.015,0,0,586.5,0.00181713,11.7,0,--.--,228,19.6,53,0000:00:00,53,0,0,40,40,0,0,0,0,0,0,1,169.27,0.459502315,45209,83.98,55.2,--.--
low,0,389,6.48,15.86,10.81,288,171.4466,2.23,4.747324083,0.001188657,0.6,4.6,30,0,0,0,1.4,0,0,0,-1.4,0,0,-0.007,0,0,586.5,0.001828704,12.8,0,--.--,226,20.7,51,0000:00:00,53,0,0,40,40,0,0,0,0,0,0,1,171.41,0.459513889,45209,84,55.2,--.--
low,0,390,6.5,15.87,10.75,291,170.6025,2.23,4.834831167,0.001200231,0.9,2.7,29,0,0,0,1.4,0,0,0,-1.4,0,0,0.005,0,0,586.5,0.001840278,13.7,0,--.--,224,21.8,54,0000:00:00,53,0,0,40,40,0,0,0,0,0,0,1,170.56,0.459525463,45209,84.02,55.22,--.--
low,0,391,6.52,15.84,11.79,294,186.7536,2.27,4.886883389,0.001211806,-0.7,-0.5,29,0,0,0,1.3,0,0,0.1,-1.4,0,0,-0.024,0,0,610.5,0.001851852,14.6,0,--.--,224,22.6,51,0000:00:00,53,0,0,40,40,0,0,0,0,0,0,1,186.69,0.459537037,45209,84.06,55.2,--.--
low,0,392,6.53,15.83,11.67,298,184.7361,2.27,4.942569722,0.00122338,-0.6,0.5,28,0,0,0,1.2,0,0,0,-1.4,0,0,-0.005,0,0,610.5,0.001863426,15.4,0,--.--,221,23.6,51,0000:00:00,53,0,0,40,40,0,0,0,0,0,0,1,184.75,0.459548611,45209,84.07,55.2,--.--
low,0,393,6.55,15.83,11.72,301,185.5276,2.27,4.996134056,0.001234954,0.3,1.8,28,0,0,0,1.2,0,0,0,-1.5,0,0,-0.009,0,0,610.5,0.001875,16.9,0,--.--,224,24.6,53,0000:00:00,53,0,0,40,40,0,0,0,0,0,0,1,185.54,0.459560185,45209,84.11,55.2,--.--
low,0,394,6.57,15.72,12.13,304,190.6836,2.28,5.05196925,0.001246528,-1.8,1.9,22,0,0,0,1.1,0,0,0,-1.5,0,0,-0.038,0,0,610.5,0.001886574,17.6,0,--.--,221,25.6,57,0000:00:00,53,0,0,40,40,0,0,0,0,0,0,1,190.73,0.459571759,45209,84.13,55.2,--.--
low,0,395,6.58,15.45,20.39,308,315.0255,2.5,5.106006139,0.001258102,-1.3,0.7,14,0,0,0,1.2,0,0,0,-1.2,0,0,0.019,0,0,610.5,0.001898148,18.8,0,--.--,222,26.6,59,0000:00:00,53,0,0,40,40,0,0,0,0,0,0,1,315.03,0.459583333,45209,84.16,55.2,--.--
low,0,396,6.6,15.8,11.86,312,187.388,2.27,5.294139306,0.001269676,-1.6,-1.7,15,0,0,0,1.2,0,0,0,-1.3,0,0,-0.048,0,0,610.5,0.001909722,19.5,0,--.--,222,27.1,55,0000:00:00,53,0,0,40,40,0,0,0,0,0,0,1,187.41,0.459594907,45209,84.18,55.2,--.--
low,0,397,6.62,15.81,12.68,315,200.4708,2.3,5.351870417,0.00128125,1.9,-1.1,20,0,0,0,1.1,0,0,0.1,-0.9,0,0,0.037,0,0,617.1,0.001921296,21,0,--.--,218,29.1,48,0000:00:00,53,0,0,40,40,0,0,0,0,0,0,1,200.53,0.459606481,45209,84.22,55.2,--.--
low,0,398,6.63,15.78,12.22,319,192.8316,2.29,5.41873375,0.001292824,-1.8,0.5,19,0,0,0,1.4,0,0,-0.1,-0.6,0,0,0.162,0,0,617.1,0.00193287,21.9,0,--.--,219,29.9,50,0000:00:00,53,0,0,40,40,0,0,0,0,0,0,1,192.87,0.459618056,45209,84.22,55.2,--.--
low,0,399,6.65,15.79,12.73,322,201.0067,2.3,5.44686875,0.001304398,-0.5,2.6,20,0,0,0,1.4,0,0,0.1,-1.1,0,0,-0.015,0,0,617.1,0.001944444,23,0,--.--,219,30.8,46,0000:00:00,53,0,0,40,40,0,0,0,0,0,0,1,201.04,0.45962963,45209,84.25,55.22,--.--
low,0,400,6.67,15.79,12.32,326,194.5328,2.29,5.501100028,0.001315972,-1,-0.2,19,0,0,0,1.3,0,0,-0.1,-1.2,0,0,0.017,0,0,617.1,0.001956019,23.5,0,--.--,216,31.7,26,0000:00:00,53,0,0,40,40,0,0,0,0,0,0,1,194.58,0.459641204,45209,84.27,55.22,--.--
low,0,401,6.68,15.33,44.18,332,677.2794,2.83,5.511705778,0.001327546,-3.7,1.4,20,0,0,0,1.5,0,0,-0.3,-2.1,0,0,-0.087,0,0,617.1,0.001967593,24.7,0,--.--,216,32.9,40,0000:00:00,53,0,0,40,40,0,0,0,0,0,0,1,677.15,0.459652778,45209,84.31,55.22,--.--
low,0,402,6.7,15.65,13.28,340,207.832,2.32,5.578355556,0.00133912,-1.3,7.2,22,0,0,0,1.7,0,0,0,-2.6,0,0,-0.107,0,0,663.6,0.001979167,25.5,0,--.--,218,35,68,0000:00:00,53,0,0,40,40,0,0,0,0,0,0,1,207.83,0.459664352,45209,84.33,55.2,--.--
low,0,403,6.72,15.6,15.43,344,240.708,2.38,5.589108889,0.001350694,-1.5,-2,49,0,0,0,1.5,0,0,0.2,-2,0,0,-0.056,0,0,663.6,0.001990741,26.4,0,--.--,216,36,76,0000:00:00,53,0,0,40,40,0,0,0,0,0,0,1,240.71,0.459675926,45209,84.34,55.2,--.--
low,0,404,6.73,15.3,6.62,351,101.286,2.01,5.640571639,0.001362269,-2.2,-1.6,75,0,0,0,1.6,0,0,0.3,-0.7,0,0,0.088,0,0,663.6,0.002002315,26.7,0,--.--,216,36.4,59,0000:00:00,53,0,0,40,40,0,0,0,0,0,0,1,101.32,0.4596875,45209,84.36,55.2,--.--
low,0,405,6.75,15.77,12.38,354,195.2326,2.29,5.790102806,0.001373843,-2.7,0.8,94,0,0,0,1.6,0,0,0.1,-0.2,0,0,0.114,0,0,663.6,0.002013889,25.9,0,--.--,211,36,44,0000:00:00,53,0,0,40,40,0,0,0,0,0,0,1,195.24,0.459699074,45209,84.4,55.2,--.--
low,0,406,6.77,16.11,2.37,354,38.1807,1.58,5.987862556,0.001385417,0.7,-1.1,93,0,0,0,1.8,0,0,-0.2,-0.2,0,0,0.143,0,0,663.6,0.002025463,25.8,0,--.--,213,41.4,28,0000:00:00,53,0,0,40,40,0,0,0,0,0,0,1,38.19,0.459710648,45209,84.42,55.2,--.--
low,0,407,6.78,15.46,15.52,361,239.9392,2.38,6.056237694,0.001396991,-1.3,-2.8,95,0,0,0,1.8,0,0,-0.5,-1.6,0,0,-0.101,0,0,663.6,0.002037037,25.3,0,--.--,209,41.3,26,0000:00:00,53,0,0,40,40,0,0,0,0,0,0,1,239.95,0.459722222,45209,84.43,55.22,--.--
low,0,408,6.8,16.13,2.4,363,38.712,1.59,6.241930194,0.001408565,1,-1,94,0,0,0,1.9,0,0,-0.2,-2.6,0,0,-0.179,0,0,689.1,0.002048611,0,0,--.--,--.--,17.4,59,0000:00:00,71,0,0,40,40,0,0,0,0,0,0,1,38.71,0.459733796,45209,84.45,55.22,--.--
low,0,409,6.82,15.93,11.63,365,185.2659,2.27,6.430177333,0.001420139,-0.5,0.8,95,0,0,0,1.8,0,0,-0.4,-3.1,0,0,-0.123,0,0,713.9,0.002060185,24.7,0,--.--,209,40.7,30,0000:00:00,80,0,0,40,40,0,0,0,0,0,0,1,185.25,0.45974537,45209,84.47,55.22,--.--
low,0,410,6.83,15.42,34.91,369,538.3122,2.73,6.582262139,0.001431713,-3.2,0.8,94,0,0,0,1.8,0,0,-0.6,-4.6,0,0,-0.226,0,0,713.9,0.002071759,24.3,0,--.--,204,40.7,20,0000:00:00,80,0,0,40,40,0,0,0,0,0,0,1,538.35,0.459756944,45209,84.51,55.24,--.--
low,0,411,6.85,14.67,48.53,381,711.9351,2.85,6.588498306,0.001443287,1.2,-1.4,94,0,0,0,2.2,0,0,-0.4,-6.6,0,0,-0.312,0,0,713.9,0.002083333,23.8,0,--.--,203,40.3,40,0000:00:00,87,0,0,40,40,0,0,0,0,0,0,1,711.84,0.459768519,45209,84.52,55.24,--.--
low,0,412,6.87,15.53,15.85,384,246.1505,2.39,6.721538639,0.001454861,1.7,0.2,95,0,0,0,2.3,0,0,-0.7,-8.4,0,0,-0.338,0,0,713.9,0.002094907,23.4,0,--.--,202,40,20,0000:00:00,98,0,0,40,40,0,0,0,0,0,0,1,246.09,0.459780093,45209,84.54,55.24,--.--
low,0,413,6.88,14.58,45.85,396,668.493,2.83,6.811091972,0.001466435,2.4,-2.6,95,0,0,0,2.5,0,0,-0.6,-10.7,0,0,-0.44,0,0,713.9,0.002106481,23.4,0,--.--,203,39.9,33,0000:00:00,98,0,0,40,40,0,0,0,0,0,0,1,668.68,0.459791667,45209,84.56,55.26,--.--
low,0,414,6.9,14.71,46.07,409,677.6897,2.83,6.918924417,0.001478009,-0.1,-1.1,95,0,0,0,2.6,0,0,-0.8,-12.9,0,0,-0.395,0,0,762.4,0.002118056,23.5,0,--.--,206,39.8,5,0000:00:00,98,0,0,40,40,0,0,0,0,0,0,1,677.78,0.459803241,45209,84.58,55.29,--.--
low,0,415,6.92,14.89,36.77,424,547.5053,2.74,6.9569915,0.001489583,0.1,-0.4,95,0,0,0,2.7,0,0,-0.5,-15.2,0,0,-0.392,0,0,762.4,0.00212963,23.7,0,--.--,206,40,34,0000:00:00,98,0,0,40,40,0,0,0,0,0,0,1,547.58,0.459814815,45209,84.61,55.29,--.--
low,0,416,6.93,15.81,1.42,428,22.4502,1.35,7.057117167,0.001501157,1.5,1,94,0,0,0,2.7,0,0,-0.3,-16.7,0,0,-0.359,0,0,762.4,0.002141204,23.6,0,--.--,206,39.9,39,0000:00:00,98,0,0,40,40,0,0,0,0,0,0,1,22.45,0.459826389,45209,84.63,55.29,--.--
low,0,417,6.95,15.42,31.06,433,478.9452,2.68,7.136570583,0.001512731,0.4,0,94,0,0,0,2.7,0,0,-0.6,-18.3,0,0,-0.379,0,0,762.4,0.002152778,23.8,0,--.--,207,40,33,0000:00:00,98,0,0,40,40,0,0,0,0,0,0,1,479.04,0.459837963,45209,84.63,55.31,--.--
low,0,418,6.97,15.2,21.21,438,322.392,2.51,7.339626139,0.001524306,-0.1,-1.1,95,0,0,0,2.6,0,0,-0.7,-20,0,0,-0.397,0,0,762.4,0.002164352,23.9,0,--.--,207,40.1,18,0000:00:00,98,0,0,40,40,0,0,0,0,0,0,1,322.46,0.459849537,45209,84.65,55.31,--.--
low,0,419,6.98,14.66,26.48,449,388.1968,2.59,7.379051139,0.00153588,-1.3,-0.9,94,0,0,0,2.7,0,0,-0.5,-22,0,0,-0.428,0,0,810,0.002175926,24.1,0,--.--,208,40.2,39,0000:00:00,98,0,0,40,40,0,0,0,0,0,0,1,388.25,0.459861111,45209,84.69,55.31,--.--
low,0,420,7,15.45,8.87,454,137.0415,2.14,7.420347806,0.001547454,1.4,-3.5,94,0,0,0,2.7,0,0,-0.7,-23.8,0,0,-0.399,0,0,810,0.0021875,24,0,--.--,207,40.3,15,0000:00:00,98,0,0,40,40,0,0,0,0,0,0,1,137.02,0.459872685,45209,84.72,55.31,--.--
low,0,421,7.02,15.51,23.24,464,360.4524,2.56,7.503961639,0.001559028,0.8,2.1,90,0,0,0,2.9,0,0,-0.4,-25.7,0,0,-0.408,0,0,810,0.002199074,24,0,--.--,206,40.3,34,0000:00:00,98,0,0,40,40,0,0,0,0,0,0,1,360.41,0.459884259,45209,84.72,55.31,--.--
low,0,422,7.03,15.11,18.93,469,286.0323,2.46,7.510997028,0.001570602,0,5.1,90,0,0,0,2.9,0,0,-0.5,-27.3,0,0,-0.415,0,0,810,0.002210648,24.1,0,--.--,205,40.5,18,0000:00:00,98,0,0,40,40,0,0,0,0,0,0,1,285.98,0.459895833,45209,84.76,55.31,--.--
low,0,423,7.05,14.62,50,479,731,2.86,7.525085361,0.001582176,0.6,2.2,88,0,0,0,3.1,0,0,-0.4,-29.2,0,0,-0.438,0,0,810,0.002222222,24,0,--.--,207,40.2,38,0000:00:00,98,0,0,40,40,0,0,0,0,0,0,1,730.8,0.459907407,45209,84.78,55.29,--.--
low,0,424,7.07,15.77,9,483,141.93,2.15,7.536313361,0.00159375,1.1,2.2,74,0,0,0,3,0,0,-0.1,-29.9,0,0,-0.298,0,0,810,0.002233796,23.9,0,--.--,206,40.2,44,0000:00:00,98,0,0,40,40,0,0,0,0,0,0,1,141.97,0.459918981,45209,84.79,55.29,--.--
low,0,425,7.08,15.6,9.53,486,148.668,2.17,7.630499028,0.001605324,-0.3,1.9,74,0,0,0,2.7,0,0,-0.3,-30,0,0,-0.165,0,0,810,0.00224537,25.2,0,--.--,213,40.8,24,0000:00:00,98,0,0,40,40,0,0,0,0,0,0,1,148.69,0.459930556,45209,84.81,55.29,--.--
low,0,426,7.1,15.54,19.37,490,301.0098,2.48,7.634682111,0.001616898,1.6,-1,77,0,0,0,2.6,0,0,-0.5,-31.5,0,0,-0.288,0,0,810,0.002256944,25.6,0,--.--,214,41.1,21,0000:00:00,98,0,0,40,40,0,0,0,0,0,0,1,300.93,0.45994213,45209,84.85,55.26,--.--
low,0,427,7.12,16.03,1.58,498,25.3274,1.4,7.639863444,0.001628472,2.1,-4.8,79,0,0,0,2.7,0,0,-0.2,-32.7,0,0,-0.337,0,0,810,0.002268519,26,0,--.--,217,41.1,49,0000:00:00,81,0,0,40,40,0,0,0,0,0,0,1,25.32,0.459953704,45209,84.87,55.26,--.--
low,0,428,7.13,16.05,3.16,498,50.718,1.71,7.655359111,0.001640046,2,-0.1,79,0,0,0,2.7,0,0,0,-33.2,0,0,-0.344,0,0,810,0.002280093,26,0,--.--,213,41.5,65,0000:00:00,90,0,0,40,40,0,0,0,0,0,0,1,50.72,0.459965278,45209,84.88,55.24,--.--
low,0,429,7.15,16.04,2.52,499,40.4208,1.61,7.665472611,0.00165162,0.6,2.7,78,0,0,0,2.8,0,0,-0.3,-33.5,0,0,-0.355,0,0,810,0.002291667,26.4,0,--.--,217,41.5,35,0000:00:00,90,0,0,40,40,0,0,0,0,0,0,1,40.41,0.459976852,45209,84.9,55.24,--.--
low,0,430,7.17,15.11,22.44,502,339.0684,2.53,7.6918125,0.001663194,0.5,2,79,0,0,0,2.9,0,0,-0.6,-34.9,0,0,-0.426,0,0,860.1,0.002303241,25.9,0,--.--,216,48.4,22,0000:00:00,90,0,0,40,40,0,0,0,0,0,0,1,339.02,0.459988426,45209,84.92,55.24,--.--
low,0,431,7.18,14.91,1.01,511,15.0591,1.18,7.70116525,0.001674769,2.9,-1.2,79,0,0,0,2.8,0,0,-0.3,-36.2,0,0,-0.421,0,0,860.1,0.002314815,26.9,0,--.--,218,49,47,0000:00:00,90,0,0,40,50,0,0,0,0,0,0,1,15.06,0.46,45209,84.94,55.22,--.--
low,0,432,7.2,16.08,1.16,512,18.6528,1.27,7.708307472,0.001686343,0.9,1.9,77,0,0,0,2.7,0,0,-0.1,-36.8,0,0,-0.331,0,0,860.1,0.002326389,26.7,0,--.--,215,49.2,60,0000:00:00,90,0,0,40,40,0,0,0,0,0,0,1,18.65,0.460011574,45209,84.96,55.22,--.--
low,0,433,7.22,16.03,3.48,512,55.7844,1.75,7.729387306,0.001697917,-0.2,4.2,76,0,0,0,2.7,0,0,0,-36.9,0,0,-0.324,0,0,860.1,0.002337963,27.2,0,--.--,217,49.4,61,0000:00:00,90,0,0,40,30,0,0,0,0,0,0,1,55.78,0.460023148,45209,84.97,55.22,--.--
low,0,434,7.23,16.11,2.26,513,36.4086,1.56,7.834233528,0.001709491,1.2,3,77,0,0,0,2.7,0,0,-0.2,-37.2,0,0,-0.34,0,0,860.1,0.002349537,27.3,0,--.--,216,49.7,36,0000:00:00,90,0,0,40,30,0,0,0,0,0,0,1,36.42,0.460034722,45209,84.99,55.22,--.--
low,0,435,7.25,15.91,5.96,514,94.8236,1.98,7.850975972,0.001721065,1.3,5.4,76,0,0,0,2.5,0,0,0,-37.8,0,0,-0.319,0,0,886,0.002361111,0,0,--.--,--.--,23.8,62,0000:00:00,90,0,0,40,30,0,0,0,0,0,0,1,94.85,0.460046296,45209,85.01,55.22,--.--
low,0,436,7.27,16.11,2.09,516,33.6699,1.53,7.859926056,0.001732639,-1,6.3,78,0,0,0,2.5,0,0,0,-37.7,0,0,-0.258,0,0,913.6,0.002372685,28.8,0,--.--,219,50.8,50,0000:00:00,90,0,0,40,30,0,0,0,0,0,0,1,33.68,0.46005787,45209,85.03,55.2,--.--
low,0,437,7.28,16.07,1.6,517,25.712,1.41,7.865214944,0.001744213,2,2,87,0,0,0,2.4,0,0,0.1,-37.6,0,0,-0.188,0,0,913.6,0.002384259,29.3,0,--.--,220,51.1,56,0000:00:00,90,0,0,40,30,0,0,0,0,0,0,1,25.72,0.460069444,45209,85.05,55.2,--.--
low,0,438,7.3,16.01,4.74,517,75.8874,1.88,7.886998722,0.001755787,1.6,2.9,81,0,0,0,2.2,0,0,-0.2,-37.6,0,0,-0.111,0,0,913.6,0.002395833,29.6,0,--.--,223,51.2,30,0000:00:00,90,0,0,40,30,0,0,0,0,0,0,1,75.87,0.460081019,45209,85.06,55.18,--.--
low,0,439,7.32,15.52,24.32,522,377.4464,2.58,7.932013306,0.001767361,1.3,3.8,80,0,0,0,2.2,0,0,-0.2,-38.6,0,0,-0.166,0,0,913.6,0.002407407,29.6,0,--.--,223,56.6,49,0000:00:00,90,0,0,40,30,0,0,0,0,0,0,1,377.5,0.460092593,45209,85.08,55.2,--.--
low,0,440,7.33,16.03,3.76,524,60.2728,1.78,7.939002972,0.001778935,3.7,0.7,87,0,0,0,2.2,0,0,0,-39,0,0,-0.181,0,0,913.6,0.002418981,30.9,0,--.--,226,57.2,60,0000:00:00,90,0,0,40,30,0,0,0,0,0,0,1,60.28,0.460104167,45209,85.1,55.18,--.--
low,0,441,7.35,16.03,2.01,525,32.2203,1.51,7.943219917,0.001790509,2.3,1.3,92,0,0,0,2.2,0,0,0,-39,0,0,-0.163,0,0,972.7,0.002430556,31.5,0,--.--,228,59.5,56,0000:00:00,90,0,0,40,30,0,0,0,0,0,0,1,32.22,0.460115741,45209,85.12,55.2,--.--
low,0,442,7.37,16,1.19,525,19.04,1.28,7.968574806,0.001802083,3.9,1.4,95,0,0,0,2.1,0,0,0,-38.9,0,0,-0.132,0,0,972.7,0.00244213,31,0,--.--,227,59.1,38,0000:00:00,90,0,0,40,30,0,0,0,0,0,0,1,19.04,0.460127315,45209,85.14,55.18,--.--
low,0,443,7.38,16.07,4.88,526,78.4216,1.89,7.977322722,0.001813657,5,1.9,95,0,0,0,1.9,0,0,0,-38.9,0,0,-0.074,0,0,972.7,0.002453704,30.9,0,--.--,227,59.1,43,0000:00:00,90,0,0,40,30,0,0,0,0,0,0,1,78.43,0.460138889,45209,85.15,55.18,--.--
low,0,444,7.4,15.81,10.25,528,162.0525,2.21,7.982574722,0.001825231,4.7,1.7,94,0,0,0,1.8,0,0,-0.1,-39.2,0,0,-0.055,0,0,972.7,0.002465278,31.4,0,--.--,228,59.4,48,0000:00:00,90,0,0,40,30,0,0,0,0,0,0,1,162.02,0.460150463,45209,85.17,55.17,--.--
low,1,445,7.42,16.13,1.56,529,25.1628,1.4,7.987243167,0.001836806,4.4,1.8,93,0,0,0,1.9,0,0,0,-39.5,0,0,-0.079,0,0,972.7,0.002476852,32.4,0,--.--,229,60.1,54,0000:00:00,100,0,0,40,30,0,0,0,0,0,0,1,25.17,0.460162037,45209,85.19,55.18,--.--
low,1,446,7.43,16.15,0.94,529,15.181,1.18,7.990838722,0.00184838,3.9,2.2,92,0,0,0,1.8,0,0,0,-39.5,0,0,-0.098,0,0,1004.2,0.002488426,0,0,--.--,--.--,36.5,39,0000:00:00,77,0,0,40,30,0,0,0,0,0,0,1,15.18,0.460173611,45209,85.21,55.17,--.--
low,1,447,7.45,16.07,5.68,530,91.2776,1.96,7.994434278,0.001859954,5.2,0,93,0,0,0,1.8,0,0,-0.1,-39.9,0,0,-0.092,0,0,1036.9,0.0025,32.9,0,--.--,233,65.2,58,0000:00:00,77,0,0,40,30,0,0,0,0,0,0,1,91.25,0.460185185,45209,85.23,55.17,--.--
low,1,448,7.47,16.15,1.95,530,31.4925,1.5,7.998748944,0.001871528,4.4,0,93,0,0,0,1.7,0,0,0,-39.9,0,0,-0.089,0,0,1036.9,0.002511574,33.2,0,--.--,232,65.5,54,0000:00:00,77,0,0,40,30,0,0,0,0,0,0,1,31.49,0.460196759,45209,85.24,55.17,--.--
low,1,449,7.48,16.16,1.17,531,18.9072,1.28,8.002299556,0.001883102,6.1,-3,90,0,0,0,1.6,0,0,0,-39.8,0,0,-0.058,0,0,1036.9,0.002523148,33.8,0,--.--,235,65.5,51,0000:00:00,77,0,0,40,30,0,0,0,0,0,0,1,18.91,0.460208333,45209,85.26,55.17,--.--
low,1,450,7.5,16.16,1.04,531,16.8064,1.23,8.006614222,0.001894676,6,-0.6,92,0,0,0,1.5,0,0,0,-39.6,0,0,-0.019,0,0,1036.9,0.002534722,33.5,0,--.--,234,65.4,49,0000:00:00,77,0,0,40,30,0,0,0,0,0,0,1,16.81,0.460219907,45209,85.3,55.17,--.--
low,1,451,7.52,16.18,0.8,531,12.944,1.11,8.010928889,0.00190625,6.6,-0.3,89,0,0,0,1.4,0,0,0,-39.6,0,0,0,0,0,1036.9,0.002546296,34.2,0,--.--,237,67.8,48,0000:00:00,77,0,0,40,30,0,0,0,0,0,0,1,12.94,0.460231481,45209,85.32,55.17,--.--
low,1,452,7.53,16.18,0.8,532,12.944,1.11,8.015782889,0.001917824,5.1,-1.6,89,0,0,0,1.4,0,0,0,-39.5,0,0,0.018,0,0,1103.7,0.00255787,34.2,0,--.--,237,67.8,47,0000:00:00,77,0,0,40,30,0,0,0,0,0,0,1,12.94,0.460243056,45209,85.33,55.17,--.--
low,1,453,7.55,16.18,0.96,532,15.5328,1.19,8.020277333,0.001929398,3.9,-0.5,90,0,0,0,1.3,0,0,0,-39.4,0,0,0.048,0,0,1103.7,0.002569444,34.9,0,--.--,237,68.3,46,0000:00:00,77,0,0,40,30,0,0,0,0,0,0,1,15.53,0.46025463,45209,85.35,55.18,--.--
low,1,454,7.57,16.18,0.79,532,12.7822,1.11,8.024729583,0.001940972,4.8,-1.6,90,0,0,0,1.2,0,0,0,-39.4,0,0,0.053,0,0,1103.7,0.002581019,33.5,0,--.--,229,68.5,46,0000:00:00,77,0,0,40,30,0,0,0,0,0,0,1,12.79,0.460266204,45209,85.37,55.15,--.--
low,1,455,7.58,16.18,0.96,532,15.5328,1.19,8.028777083,0.001952546,5.1,-2.3,89,0,0,0,1.2,0,0,0,-39.4,0,0,0.063,0,0,1103.7,0.002592593,33.8,0,--.--,228,69.1,45,0000:00:00,77,0,0,40,30,0,0,0,0,0,0,1,15.54,0.460277778,45209,85.39,55.17,--.--
low,1,456,7.6,16.18,0.96,533,15.5328,1.19,8.0329595,0.00196412,4.8,-3,89,0,0,0,1.1,0,0,0,-39.3,0,0,0.079,0,0,1103.7,0.002604167,34.3,0,--.--,228,69.5,44,0000:00:00,77,0,0,40,30,0,0,0,0,0,0,1,15.54,0.460289352,45209,85.41,55.17,--.--
low,1,457,7.62,16.18,1.08,533,17.4744,1.24,8.0370545,0.001975694,4.9,-2.6,89,0,0,0,1,0,0,0,-39.3,0,0,0.09,0,0,1137.8,0.002615741,0,0,--.--,--.--,37.6,44,0000:00:00,77,0,0,40,30,0,0,0,0,0,0,1,17.48,0.460300926,45209,85.42,55.17,--.--
low,1,458,7.63,16.18,1,533,16.18,1.21,8.0415095,0.001987269,5.1,-2.7,89,0,0,0,1,0,0,0,-39.4,0,0,0.08,0,0,1172.3,0.002627315,34.5,0,--.--,222,70.5,44,0000:00:00,77,0,0,40,30,0,0,0,0,0,0,1,16.18,0.4603125,45209,85.46,55.15,--.--
low,1,459,7.65,16.19,0.99,533,16.0281,1.2,8.0454695,0.001998843,5.2,-2.6,89,0,0,0,0.9,0,0,0,-39.4,0,0,0.062,0,0,1172.3,0.002638889,35.3,0,--.--,223,69.3,45,0000:00:00,77,0,0,40,30,0,0,0,0,0,0,1,16.03,0.460324074,45209,85.46,55.17,--.--
low,1,460,7.67,16.19,0.9,534,14.571,1.16,8.0495195,0.002010417,5.6,-2.6,89,0,0,0,0.8,0,0,0,-39.5,0,0,0.044,0,0,1172.3,0.002650463,35.6,0,--.--,220,69.9,45,0000:00:00,77,0,0,40,30,0,0,0,0,0,0,1,14.57,0.460335648,45209,85.48,55.17,--.--
low,1,461,7.68,16.19,0.93,534,15.0567,1.18,8.053436917,0.002021991,5.5,-2.6,89,0,0,0,0.8,0,0,0,-39.5,0,0,0.034,0,0,1172.3,0.002662037,35.6,0,--.--,220,70,45,0000:00:00,77,0,0,40,30,0,0,0,0,0,0,1,15.06,0.460347222,45209,85.51,55.17,--.--
low,1,462,7.7,16.2,0.91,534,14.742,1.17,8.057534444,0.002033565,5.1,-2.8,89,0,0,0,0.7,0,0,0,-39.5,0,0,0.037,0,0,1172.3,0.002673611,35.1,0,--.--,216,70.1,45,0000:00:00,77,0,0,40,30,0,0,0,0,0,0,1,14.74,0.460358796,45209,85.51,55.17,--.--
low,1,463,7.72,16.2,0.99,535,16.038,1.21,8.061767056,0.002045139,5.3,-2.9,89,0,0,0,0.6,0,0,0,-39.5,0,0,0.036,0,0,1242.1,0.002685185,35.4,0,--.--,211,71,45,0000:00:00,77,0,0,40,30,0,0,0,0,0,0,1,16.04,0.46037037,45209,85.53,55.17,--.--
low,1,464,7.73,16.2,0.88,535,14.256,1.15,8.066402056,0.002056713,5.5,-2.4,89,0,0,0,0.5,0,0,0,-39.5,0,0,0.023,0,0,1242.1,0.002696759,35.1,0,--.--,214,70.4,45,0000:00:00,77,0,0,40,30,0,0,0,0,0,0,1,14.25,0.460381944,45209,85.55,55.17,--.--
low,1,465,7.75,16.2,0.9,535,14.58,1.16,8.071397056,0.002068287,5.5,-2.8,89,0,0,0,0.5,0,0,0,-39.6,0,0,0.005,0,0,1242.1,0.002708333,36,0,--.--,218,70.6,46,0000:00:00,77,0,0,40,30,0,0,0,0,0,0,1,14.58,0.460393519,45209,85.57,55.17,--.--
low,1,466,7.77,16.21,0.87,535,14.1027,1.15,8.077160611,0.002079861,5.4,-2.3,89,0,0,0,0.4,0,0,0,-39.6,0,0,-0.001,0,0,1242.1,0.002719907,37,0,--.--,221,71.2,46,0000:00:00,77,0,0,40,30,0,0,0,0,0,0,1,14.1,0.460405093,45209,85.6,55.17,--.--
low,1,467,7.78,16.21,0.91,536,14.7511,1.17,8.081798472,0.002091435,5.4,-2.3,90,0,0,0,0.3,0,0,0,-39.6,0,0,-0.004,0,0,1242.1,0.002731481,36.6,0,--.--,221,70.9,46,0000:00:00,77,0,0,40,30,0,0,0,0,0,0,1,14.75,0.460416667,45209,85.6,55.17,--.--
low,1,468,7.8,16.21,0.94,536,15.2374,1.18,8.085896,0.002103009,5.7,-2.5,90,0,0,0,0.1,0,0,0,-39.6,-39.1,-11.91,-11.93,0,0.93,1277.7,0.002743056,0.5,0,--.--,--.--,30.2,46,0000:00:00,77,0,0,40,30,0,0,3.05,0,0,0,1,15.23,0.460428241,45209,85.64,55.17,--.--
low,1,469,7.82,16.2,1.03,536,16.686,1.22,8.0899485,0.002114583,5.1,-2.6,90,0,0,0,0.1,0,0,0,-39.6,-39,-11.89,-11.893,0,0.93,1277.7,0.00275463,0.5,0,--.--,--.--,30.4,45,0000:00:00,77,0,0,40,30,0,0,3.05,0,0,0,1,16.68,0.460439815,45209,85.64,55.17,--.--
low,1,470,7.83,16.2,1.11,536,17.982,1.25,8.094001,0.002126157,5.3,-3.5,89,0,0,0,0,0,0,0,-39.5,-39,-11.88,-11.853,0,0.94,1277.7,0.002766204,0.4,0,--.--,--.--,30.5,44,0000:00:00,77,0,0,40,30,0,0,3.08,0,0,0,1,17.99,0.460451389,45209,85.66,55.17,--.--
low,1,471,7.85,16.21,1.28,537,20.7488,1.32,8.098233611,0.002137731,5.2,-3.1,90,0,0,0,0,0,0,0,-39.5,-38.9,-11.87,-11.831,0,0.93,1277.7,0.002777778,0.4,0,--.--,--.--,30.6,44,0000:00:00,77,0,0,40,30,0,0,3.05,0,0,0,1,20.74,0.460462963,45209,85.68,55.17,--.--
low,1,472,7.87,16.21,1.03,537,16.6963,1.22,8.102421194,0.002149306,5.3,-3.2,89,0,0,0,0,0,0,0,-39.5,-39,-11.89,-11.853,0,0.92,1277.7,0.002789352,0.4,0,--.--,--.--,30.6,45,0000:00:00,77,0,0,40,30,0,0,3.02,0,0,0,1,16.69,0.460474537,45209,85.71,55.17,--.--
low,1,473,7.88,16.21,0.91,537,14.7511,1.17,8.106203528,0.00216088,5.8,-2.7,90,0,0,0,0,0,0,0,-39.6,-39.1,-11.91,-11.897,0,0.9,1277.7,0.002800926,0.4,0,--.--,--.--,30.7,46,0000:00:00,77,0,0,40,30,0,0,2.95,0,0,0,1,14.75,0.460486111,45209,85.71,55.17,--.--
low,1,474,7.9,16.21,0.9,537,14.589,1.16,8.110526194,0.002172454,5.5,-2.2,90,0,0,0,0,0,0,0,-39.6,-39.1,-11.92,-11.931,0,0.9,1277.7,0.0028125,0.5,0,--.--,--.--,30.7,46,0000:00:00,77,0,0,40,30,0,0,2.95,0,0,0,1,14.59,0.460497685,45209,85.75,55.17,--.--
low,1,475,7.92,16.21,0.9,538,14.589,1.16,8.115164056,0.002184028,5.6,-2.7,90,0,0,0,0,0,0,0,-39.6,-39.1,-11.92,-11.934,0,0.9,1277.7,0.002824074,0.6,0,--.--,--.--,30.7,46,0000:00:00,77,0,0,40,30,0,0,2.95,0,0,0,1,14.59,0.460509259,45209,85.75,55.17,--.--
low,1,476,7.93,16.21,0.94,538,15.2374,1.18,8.121869056,0.002195602,5.3,-2.5,90,0,0,0,0,0,0,0,-39.6,-39.1,-11.91,-11.917,0,0.91,1277.7,0.002835648,0.6,0,--.--,--.--,30.7,46,0000:00:00,77,0,0,40,30,0,0,2.99,0,0,0,1,15.24,0.460520833,45209,85.78,55.17,--.--
low,1,477,7.95,16.21,0.93,538,15.0753,1.18,8.129024056,0.002207176,5.3,-3,90,0,0,0,0,0,0,0,-39.6,-39.1,-11.91,-11.912,0,0.9,1277.7,0.002847222,0.7,0,--.--,--.--,30.7,45,0000:00:00,77,0,0,40,30,0,0,2.95,0,0,0,1,15.08,0.460532407,45209,85.78,55.17,--.--
low,1,478,7.97,16.21,0.84,538,13.6164,1.13,8.136984139,0.00221875,5.2,-2.5,90,0,0,0,0,0,0,0,-39.6,-39.1,-11.91,-11.912,0,0.91,1277.7,0.002858796,0.7,0,--.--,--.--,30.7,46,0000:00:00,77,0,0,40,30,0,0,2.99,0,0,0,1,13.62,0.460543981,45209,85.8,55.17,--.--
low,1,479,7.98,16.21,0.96,539,15.5616,1.19,8.143329139,0.002230324,5.5,-2.6,89,0,0,0,0,0,0,0,-39.6,-39.1,-11.92,-11.916,0,0.91,1277.7,0.00287037,0.8,0,--.--,--.--,30.8,46,0000:00:00,77,0,10,40,30,0,0,2.99,0,0,0,1,15.56,0.460555556,45209,85.82,55.18,--.--
low,1,480,8,16.21,1.03,539,16.6963,1.22,8.148417278,0.002241898,5.6,-2.7,89,0,0,0,0,0,0,0,-39.7,-39.1,-11.92,-11.935,0,0.88,1277.7,0.002881944,0.8,0,--.--,--.--,30.8,46,0000:00:00,77,0,40,40,30,0,0,2.89,0,0,0,1,16.7,0.46056713,45209,85.86,55.17,--.--
low,1,481,8.02,16.2,1.49,539,24.138,1.38,8.152967889,0.002253472,5.5,-2.7,89,0,0,0,0,0,0,0,-39.6,-39.1,-11.91,-11.929,0,0.88,1277.7,0.002893519,0.8,0,--.--,--.--,30.8,46,0000:00:00,77,0,50,40,30,0,0,2.89,0,0,0,1,24.13,0.460578704,45209,85.87,55.17,--.--
low,1,482,8.03,16.2,1.59,540,25.758,1.41,8.156887722,0.002265046,5.1,-3.1,89,0,0,0,0,0,0,0,-39.6,-39,-11.89,-11.89,0,0.89,1277.7,0.002905093,0.8,0,--.--,--.--,30.8,45,0000:00:00,77,0,50,40,30,0,0,2.92,0,0,0,1,25.75,0.460590278,45209,85.91,55.18,--.--
low,1,483,8.05,16.19,1.77,540,28.6563,1.46,8.161168,0.00227662,5.2,-3.3,89,0,0,0,0,0,0,0,-39.5,-39,-11.88,-11.857,0,0.91,1277.7,0.002916667,0.7,0,--.--,--.--,30.7,44,0000:00:00,77,0,50,40,30,0,0,2.99,0,0,0,1,28.66,0.460601852,45209,85.91,55.18,--.--
low,1,484,8.07,16.2,1.41,541,22.842,1.36,8.165943889,0.002288194,5.5,-2.8,89,0,0,0,0,0,0,0,-39.6,-39,-11.9,-11.888,0,0.9,1277.7,0.002928241,0.6,0,--.--,--.--,30.6,45,0000:00:00,77,0,30,40,30,0,0,2.95,0,0,0,1,22.85,0.460613426,45209,85.95,55.17,--.--
low,1,485,8.08,16.21,1.13,541,18.3173,1.26,8.173053889,0.002299769,5.2,-2.4,89,0,0,0,0,0,0,0,-39.7,-39.1,-11.93,-11.938,0,0.9,1277.7,0.002939815,0.5,0,--.--,--.--,30.6,47,0000:00:00,77,0,20,50,30,0,0,2.95,0,0,0,1,18.32,0.460625,45209,85.96,55.17,--.--
low,1,486,8.1,16.22,1.01,541,16.3822,1.21,8.182222556,0.002311343,5.6,-1.2,90,0,0,0,0,0,0,0,-39.7,-39.2,-11.95,-11.99,0,0.9,1277.7,0.002951389,0.4,0,--.--,--.--,30.6,48,0000:00:00,77,0,20,30,30,0,0,2.95,0,0,0,1,16.38,0.460636574,45209,85.98,55.17,--.--
low,1,487,8.12,16.22,0.87,542,14.1114,1.15,8.190632361,0.002322917,6.9,-3,89,0,0,0,0,0,0,0,-39.7,-39.2,-11.95,-11.992,0,0.9,1277.7,0.002962963,0.3,0,--.--,--.--,30.6,48,0000:00:00,77,0,20,0,30,0,0,2.95,0,0,0,1,14.11,0.460648148,45209,86.02,55.17,--.--
low,1,488,8.13,16.22,0.95,542,15.409,1.19,8.201457278,0.002334491,4.9,-2.5,89,0,0,0,0,0,0,0,-39.7,-39.1,-11.92,-11.95,0,0.91,1277.7,0.002974537,0.2,0,--.--,--.--,30.5,46,0000:00:00,77,0,20,0,30,0,0,2.99,0,0,0,1,15.41,0.460659722,45209,86.04,55.17,--.--
low,1,489,8.15,16.22,1.06,542,17.1932,1.24,8.2313575,0.002346065,4.7,-3.2,89,0,0,0,0,0,0,0,-39.6,-39,-11.9,-11.896,0,0.92,1277.7,0.002986111,0.2,0,--.--,--.--,30.4,45,0000:00:00,77,0,30,0,30,0,0,3.02,0,0,0,1,17.19,0.460671296,45209,86.05,55.17,--.--
low,1,490,8.17,16.2,1.58,543,25.596,1.41,8.241983,0.002357639,5,-2.9,89,0,0,0,0,0,0,0,-39.6,-39,-11.9,-11.895,0,0.93,1277.7,0.002997685,0.2,0,--.--,--.--,30.4,46,0000:00:00,77,0,60,0,30,0,0,3.05,0,0,0,1,25.6,0.46068287,45209,86.07,55.17,--.--
low,1,491,8.18,16.18,2.04,543,33.0072,1.52,8.261872028,0.002369213,5.3,-2.6,90,0,0,0,0,0,0,0,-39.6,-39.1,-11.92,-11.916,0,0.91,1277.7,0.003009259,0.3,0,--.--,--.--,30.3,46,0000:00:00,77,0,60,0,30,0,0,2.99,0,0,0,1,33.02,0.460694444,45209,86.09,55.17,--.--
low,1,492,8.2,16.19,1.87,544,30.2753,1.48,8.291004278,0.002380787,5.4,-2.4,90,0,0,0,0,0,0,0,-39.7,-39.1,-11.92,-11.935,0,0.92,1277.7,0.003020833,0.4,0,--.--,--.--,24.4,47,0000:00:00,77,0,70,0,30,0,0,3.02,0,0,0,1,30.27,0.460706019,45209,86.11,55.17,--.--
low,1,493,8.22,16.17,2.41,544,38.9697,1.59,8.305530278,0.002392361,5.2,-3.1,90,0,0,0,0,0,0,0,-39.6,-39.1,-11.92,-11.931,0,0.93,1277.7,0.003032407,0.5,0,--.--,--.--,24.4,32,0000:00:00,77,0,70,0,30,0,0,3.05,0,0,0,1,38.97,0.460717593,45209,86.13,55.17,--.--
low,1,494,8.23,15.76,6.83,546,107.6408,2.03,8.316617833,0.002403935,4.3,-3.3,92,0,0,0,0,0,0,-0.2,-40.3,-39.7,-12.13,-12.116,0,0.79,1277.7,0.003043981,0.7,0,--.--,--.--,24.2,45,0000:00:00,77,0,70,0,30,0,0,2.59,0,0,0,1,107.64,0.460729167,45209,86.14,55.17,--.--
low,1,495,8.25,16.14,2.37,548,38.2518,1.58,8.327480944,0.002415509,5.2,-2.6,92,0,0,0,0,0,0,-0.1,-40.8,-40.3,-12.28,-12.392,0,0.59,1277.7,0.003055556,0.7,0,--.--,--.--,24.2,57,0000:00:00,77,0,70,0,30,0,0,1.94,0,0,0,1,38.24,0.460740741,45209,86.14,55.17,--.--
low,1,496,8.27,16.09,4.45,549,71.6005,1.85,8.338703167,0.002427083,5.5,-3,92,0,0,0,0.2,0,0,0,-41,-40.5,-12.33,-12.539,0,0.55,1277.7,0.00306713,0.6,0,--.--,--.--,24.2,59,0000:00:00,77,0,70,0,30,0,0,1.8,0,0,0,1,71.59,0.460752315,45209,86.18,55.17,--.--
low,1,497,8.28,16.11,6.51,551,104.8761,2.02,8.345723167,0.002438657,5.4,-2.4,89,0,0,0,0.1,0,0,0.1,-40.9,-40.4,-12.3,-12.531,0,0.56,1277.7,0.003078704,0.7,0,--.--,--.--,24.1,57,0000:00:00,77,0,70,0,30,0,0,1.84,0,0,0,1,104.88,0.460763889,45209,86.2,55.17,--.--
low,1,498,8.3,16.14,3.24,552,52.2936,1.72,8.350088167,0.002450231,5.1,-2.9,89,0,0,0,0,0,0,0.1,-40.7,-40.2,-12.25,-12.418,0,0.61,1277.7,0.003090278,0.7,0,--.--,--.--,24.1,54,0000:00:00,77,0,70,20,30,0,0,2,0,0,0,1,52.31,0.460775463,45209,86.22,55.17,--.--
low,1,499,8.32,16.16,2.47,552,39.9152,1.6,8.354455861,0.002461806,5.2,-0.8,90,0,0,0,0,0,0,0.1,-40.5,-40,-12.17,-12.29,0,0.67,1277.7,0.003101852,0.7,0,--.--,--.--,24.1,50,0000:00:00,77,0,70,0,30,0,0,2.2,0,0,0,1,39.92,0.460787037,45209,86.23,55.17,--.--
low,1,500,8.33,16.16,2.42,553,39.1072,1.59,8.358823556,0.00247338,5.6,-1.6,90,0,0,0,0,0,0,0.1,-40.3,-39.8,-12.11,-12.15,0,0.73,1277.7,0.003113426,0.7,0,--.--,--.--,24.1,48,0000:00:00,77,0,70,20,30,0,0,2.4,0,0,0,1,39.1,0.460798611,45209,86.23,55.17,--.--
low,1,501,8.35,16.16,2.5,554,40.4,1.61,8.36319125,0.002484954,4.9,-3.5,89,0,0,0,0,0,0,0,-40.1,-39.6,-12.06,-12.034,0,0.77,1277.7,0.003125,0.8,0,--.--,--.--,24,45,0000:00:00,77,0,70,40,30,0,0,2.53,0,0,0,1,40.4,0.460810185,45209,86.27,55.17,--.--
low,1,502,8.37,16.2,1.56,554,25.272,1.4,8.367336361,0.002496528,5.3,-3.3,90,0,0,0,0,0,0,0,-40.1,-39.5,-12.05,-11.979,0,0.8,1277.7,0.003136574,0.8,0,--.--,--.--,24,45,0000:00:00,77,0,30,40,30,0,0,2.62,0,0,0,1,25.27,0.460821759,45209,86.27,55.17,--.--
low,1,503,8.38,16.2,0.97,555,15.714,1.2,8.372064278,0.002508102,5.4,-3.2,90,0,0,0,0,0,0,0,-40.1,-39.6,-12.06,-11.998,0,0.81,1277.7,0.003148148,0.8,0,--.--,--.--,24,46,0000:00:00,77,0,0,40,30,0,0,2.66,0,0,0,1,15.72,0.460833333,45209,86.29,55.15,--.--
low,1,504,8.4,16.21,0.97,555,15.7237,1.2,8.389029278,0.002519676,5.4,-2.7,90,0,0,0,0,0,0,0,-40.1,-39.6,-12.06,-12.016,0,0.81,1277.7,0.003159722,0.8,0,--.--,--.--,24,46,0000:00:00,77,0,0,80,30,0,0,2.66,0,0,0,1,15.72,0.460844907,45209,86.32,55.15,--.--
low,1,505,8.42,16.21,0.97,555,15.7237,1.2,8.395742556,0.00253125,5.3,-3.1,90,0,0,0,0,0,0,0,-40.1,-39.6,-12.06,-12.012,0,0.81,1277.7,0.003171296,0.9,0,--.--,--.--,23.9,46,0000:00:00,77,0,0,100,30,0,0,2.66,0,0,0,1,15.73,0.460856481,45209,86.34,55.17,--.--
low,1,506,8.43,16.21,0.97,556,15.7237,1.2,8.399750028,0.002542824,5.7,-3,90,0,0,0,0,0,0,0,-40.1,-39.5,-12.05,-12.002,0,0.81,1277.7,0.00318287,1,0,--.--,--.--,22.8,45,0000:00:00,77,0,0,100,30,0,0,2.66,0,0,0,1,15.73,0.460868056,45209,86.34,55.15,--.--
low,1,507,8.45,16.22,0.92,556,14.9224,1.17,8.415547528,0.002554398,5,-7.5,89,0,0,0,0,0,0,-0.2,-40.2,-39.6,-12.1,-12.021,0,0.81,1277.7,0.003194444,1,0,--.--,--.--,22.8,31,0000:00:00,77,0,0,100,30,0,0,2.66,0,0,0,1,14.92,0.46087963,45209,86.38,55.17,--.--
low,1,508,8.47,16.21,1.05,558,17.0205,1.23,8.419732528,0.002565972,6.4,-3.8,90,0,0,0,0,0,0,-0.1,-40.7,-40.2,-12.27,-12.257,0,0.64,1277.7,0.003206019,1,0,--.--,--.--,22.8,58,0000:00:00,77,0,0,100,30,0,0,2.1,0,0,0,1,17.02,0.460891204,45209,86.38,55.17,--.--
low,1,509,8.48,16.2,3.77,559,61.074,1.79,8.423424806,0.002577546,5.6,-4.2,90,0,0,0,0,0,0,0,-41.1,-40.6,-12.38,-12.497,0,0.53,1277.7,0.003217593,1,0,--.--,--.--,22.8,57,0000:00:00,94,0,0,100,30,0,0,1.74,0,0,0,1,61.06,0.460902778,45209,86.4,55.17,--.--
low,1,510,8.5,16.22,1.49,559,24.1678,1.38,8.427207139,0.00258912,5.8,-4.9,90,0,0,0,0,0,0,-0.1,-41.3,-40.8,-12.44,-12.588,0,0.5,1277.7,0.003229167,1,0,--.--,--.--,22.9,37,0000:00:00,100,0,0,100,30,0,0,1.64,0,0,0,1,24.16,0.460914352,45209,86.43,55.15,--.--
low,1,511,8.52,16.21,0.89,560,14.4269,1.16,8.432340306,0.002600694,6.9,-4.8,90,0,0,0,0,0,0,-0.1,-41.8,-41.3,-12.6,-12.714,0,0.33,1277.7,0.003240741,1,0,--.--,--.--,22.9,61,0000:00:00,100,0,0,100,30,0,0,1.08,0,0,0,1,14.43,0.460925926,45209,86.45,55.15,--.--
low,1,512,8.53,16.02,3.55,560,56.871,1.75,8.436978167,0.002612269,4.7,-2.6,90,0,0,0,0,0,0,0.1,-41.7,-41.2,-12.54,-12.738,0,0.32,1277.7,0.003252315,1,0,--.--,--.--,22.9,52,0000:00:00,100,0,0,100,30,0,0,1.05,0,0,0,1,56.85,0.4609375,45209,86.47,55.15,--.--
low,1,513,8.55,16.2,0.93,562,15.066,1.18,8.441525972,0.002623843,5.9,-1.1,90,0,0,0,0,0,0,0.1,-41.4,-40.8,-12.44,-12.546,0,0.42,1277.7,0.003263889,1.1,0,--.--,--.--,22.8,50,0000:00:00,100,0,0,100,30,0,0,1.38,0,0,0,1,15.06,0.460949074,45209,86.49,55.17,--.--
low,1,514,8.57,16.21,0.82,562,13.2922,1.12,8.4491075,0.002635417,5.2,-0.9,91,0,0,0,0,0,0,0.1,-41.2,-40.6,-12.39,-12.411,0,0.49,1277.7,0.003275463,1.2,0,--.--,--.--,22.7,48,0000:00:00,100,0,0,80,30,0,0,1.61,0,0,0,1,13.29,0.460960648,45209,86.5,55.15,--.--
low,1,515,8.58,16.21,0.84,563,13.6164,1.13,8.453925472,0.002646991,4.9,-1.6,92,0,0,0,0,0,0,0,-41.1,-40.6,-12.37,-12.352,0,0.53,1277.7,0.003287037,1.2,0,--.--,--.--,22.7,47,0000:00:00,100,0,0,40,30,0,0,1.74,0,0,0,1,13.61,0.460972222,45209,86.52,55.15,--.--
low,1,516,8.6,16.21,1.14,563,18.4794,1.27,8.458385972,0.002658565,5,-1.8,91,0,0,0,0,0,0,0,-41.1,-40.5,-12.35,-12.313,0,0.57,1277.7,0.003298611,1.3,0,--.--,--.--,22.7,47,0000:00:00,100,0,0,20,30,0,0,1.87,0,0,0,1,18.49,0.460983796,45209,86.54,55.15,--.--
low,1,517,8.62,16.21,1.03,563,16.6963,1.22,8.464775972,0.002670139,5.2,-2.3,91,0,0,0,0,0,0,0,-41,-40.5,-12.33,-12.287,0,0.56,1277.7,0.003310185,1.4,0,--.--,--.--,22.7,46,0000:00:00,100,0,0,10,30,0,0,1.84,0,0,0,1,16.7,0.46099537,45209,86.56,55.15,--.--
low,1,518,8.63,16.21,1.01,563,16.3721,1.21,8.476544139,0.002681713,5.2,-2.7,91,0,0,0,0,0,0,0,-41,-40.5,-12.33,-12.271,0,0.57,1277.7,0.003321759,1.5,0,--.--,--.--,22.7,46,0000:00:00,100,0,0,0,30,0,0,1.87,0,0,0,1,16.37,0.461006944,45209,86.58,55.15,--.--
low,1,519,8.65,16.15,1.69,564,27.2935,1.44,8.489218472,0.002693287,6.3,-3.3,92,0,0,0,0,0,0,0,-41,-40.5,-12.33,-12.26,0,0.57,1277.7,0.003333333,1.6,0,--.--,--.--,22.6,46,0000:00:00,100,0,0,0,30,0,0,1.87,0,0,0,1,27.3,0.461018519,45209,86.58,55.15,--.--
low,1,520,8.67,16.21,1.07,565,17.3447,1.24,8.497718222,0.002704861,4.7,-2.7,91,0,0,0,0,0,0,0,-41,-40.5,-12.34,-12.28,0,0.57,1277.7,0.003344907,1.7,0,--.--,--.--,16.5,46,0000:00:00,100,0,0,0,30,0,0,1.87,0,0,0,1,17.35,0.461030093,45209,86.61,55.15,--.--
low,1,521,8.68,16.22,0.99,565,16.0578,1.21,8.512621333,0.002716435,5.3,-2.2,90,0,0,0,0,0,0,0,-41.1,-40.6,-12.36,-12.333,0,0.56,1277.7,0.003356481,1.7,0,--.--,--.--,16.5,48,0000:00:00,100,0,30,0,30,0,0,1.84,0,0,0,1,16.05,0.461041667,45209,86.61,55.15,--.--
low,1,522,8.7,16.2,1.42,565,23.004,1.36,8.520621444,0.002728009,5.2,-2.1,91,0,0,0,0,0,0,0,-41.2,-40.6,-12.38,-12.374,0,0.54,1277.7,0.003368056,1.7,0,--.--,--.--,16.6,48,0000:00:00,100,0,60,0,30,0,0,1.77,0,0,0,1,23.01,0.461053241,45209,86.63,55.15,--.--
low,1,523,8.72,16.17,2.62,566,42.3654,1.63,8.532105889,0.002739583,6.5,-4.4,90,0,0,0,0,0,0,0.1,-41.1,-40.6,-12.36,-12.384,0,0.53,1277.7,0.00337963,1.8,0,--.--,--.--,16.5,46,0000:00:00,100,0,60,0,30,0,0,1.74,0,0,0,1,42.37,0.461064815,45209,86.65,55.15,--.--
low,1,524,8.73,16.18,2.82,567,45.6276,1.66,8.541004889,0.002751157,4.8,-1.9,90,0,0,0,0,0,0,0,-41,-40.5,-12.33,-12.33,0,0.56,1277.7,0.003391204,1.9,0,--.--,--.--,16.5,47,0000:00:00,92,0,60,0,30,0,0,1.84,0,0,0,1,45.63,0.461076389,45209,86.67,55.15,--.--
low,1,525,8.75,16.19,1.89,567,30.5991,1.49,8.549454444,0.002762731,5.4,-2.6,90,0,0,0,0,0,0,0,-41,-40.5,-12.33,-12.311,0,0.59,1277.7,0.003402778,1.9,0,--.--,--.--,16.5,62,0000:00:00,78,0,60,0,30,0,0,1.94,0,0,0,1,30.59,0.461087963,45209,86.67,55.15,--.--
low,1,526,8.77,16.16,3.32,568,53.6512,1.73,8.562247778,0.002774306,5,-2.5,93,0,0,0,0,0,0,0,-40.9,-40.4,-12.31,-12.318,0,0.6,1277.7,0.003414352,1.9,0,--.--,--.--,16.5,48,0000:00:00,78,0,60,0,30,0,0,1.97,0,0,0,1,53.65,0.461099537,45209,86.7,55.15,--.--
low,1,527,8.78,16.18,1.78,569,28.8004,1.46,8.5705625,0.00278588,5,-1.7,91,0,0,0,0,0,0,0,-40.9,-40.3,-12.29,-12.288,0,0.61,1277.7,0.003425926,1.9,0,--.--,--.--,16.4,53,0000:00:00,78,0,60,0,30,0,0,2,0,0,0,1,28.8,0.461111111,45209,86.7,55.15,--.--
low,1,528,8.8,16.15,2.56,569,41.344,1.62,8.5797295,0.002797454,4.4,-3.7,92,0,0,0,0,0,0,0,-40.8,-40.3,-12.26,-12.242,0,0.64,1277.7,0.0034375,1.9,0,--.--,--.--,16.5,46,0000:00:00,87,0,60,0,30,0,0,2.1,0,0,0,1,41.34,0.461122685,45209,86.72,55.15,--.--
low,1,529,8.82,16.18,1.98,570,32.0364,1.51,8.591669944,0.002809028,5.3,-3.8,90,0,0,0,0,0,0,0,-40.7,-40.2,-12.25,-12.203,0,0.67,1277.7,0.003449074,1.8,0,--.--,--.--,16.5,46,0000:00:00,79,0,60,0,30,0,0,2.2,0,0,0,1,32.04,0.461134259,45209,86.74,55.13,--.--
low,1,530,8.83,16.18,1.88,570,30.4184,1.48,8.601288056,0.002820602,6.3,-3.9,90,0,0,0,0,0,0,0.1,-40.7,-40.2,-12.23,-12.204,0,0.64,1277.7,0.003460648,1.8,0,--.--,--.--,16.5,55,0000:00:00,72,0,60,0,30,0,0,2.1,0,0,0,1,30.42,0.461145833,45209,86.76,55.15,--.--
low,1,531,8.85,16.16,2.85,571,46.056,1.66,8.609692667,0.002832176,6.9,-4.2,90,0,0,0,0,0,0,0.1,-40.6,-40.1,-12.2,-12.178,0,0.69,1277.7,0.003472222,1.8,0,--.--,--.--,16.5,64,0000:00:00,72,0,60,0,30,0,0,2.26,0,0,0,1,46.07,0.461157407,45209,86.77,55.15,--.--
low,1,532,8.87,16.18,1.85,572,29.933,1.48,8.617697722,0.00284375,5.1,-2.5,90,0,0,0,0,0,0,0.1,-40.2,-39.7,-12.07,-12.083,0,0.8,1277.7,0.003483796,1.7,0,--.--,--.--,16.5,55,0000:00:00,72,0,60,0,30,0,0,2.62,0,0,0,1,29.94,0.461168981,45209,86.79,55.15,--.--
low,1,533,8.88,16.02,2.06,574,33.0012,1.52,8.626282111,0.002855324,4.4,-5.3,90,0,0,0,0,0,0,0,-40,-39.4,-12.02,-11.98,0,0.89,1277.7,0.00349537,1.7,0,--.--,--.--,16.5,43,0000:00:00,72,0,60,0,30,0,0,2.92,0,0,0,1,33,0.461180556,45209,86.81,55.13,--.--
low,1,534,8.9,16.16,2.66,574,42.9856,1.63,8.634911444,0.002866898,4.8,-4.5,92,0,0,0,0.1,0,0,0,-39.9,-39.4,-12,-11.941,0,0.88,1277.7,0.003506944,1.7,0,--.--,--.--,16.5,44,0000:00:00,72,0,60,0,30,0,0,2.89,0,0,0,1,42.99,0.46119213,45209,86.83,55.15,--.--
low,1,535,8.92,16.18,2.14,575,34.6252,1.54,8.643456167,0.002878472,5,-4.4,92,0,0,0,0,0,0,0,-39.9,-39.4,-12,-11.927,0,0.89,1277.7,0.003518519,1.6,0,--.--,--.--,16.4,44,0000:00:00,72,0,60,0,30,0,0,2.92,0,0,0,1,34.62,0.461203704,45209,86.85,55.13,--.--
low,1,536,8.93,16.18,1.87,575,30.2566,1.48,8.652400111,0.002890046,5,-3,92,0,0,0,0,0,0,0,-40,-39.4,-12.03,-11.965,0,0.87,1277.7,0.003530093,1.5,0,--.--,--.--,16.4,46,0000:00:00,72,0,60,0,30,0,0,2.85,0,0,0,1,30.26,0.461215278,45209,86.85,55.13,--.--
low,1,537,8.95,16.19,1.78,576,28.8182,1.46,8.661389,0.00290162,5.4,-2.7,92,0,0,0,0,0,0,0,-40.1,-39.5,-12.05,-12.011,0,0.85,1277.7,0.003541667,1.5,0,--.--,--.--,16.5,46,0000:00:00,72,0,60,0,30,0,0,2.79,0,0,0,1,28.81,0.461226852,45209,86.86,55.13,--.--
low,1,538,8.97,16.18,1.91,577,30.9038,1.49,8.670158583,0.002913194,5.2,-2.5,93,0,0,0,0,0,0,0,-40.1,-39.6,-12.06,-12.041,0,0.85,1277.7,0.003553241,1.4,0,--.--,--.--,16.5,47,0000:00:00,72,0,60,0,30,0,0,2.79,0,0,0,1,30.91,0.461238426,45209,86.88,55.15,--.--
low,1,539,8.98,16.18,1.92,577,31.0656,1.49,8.680001417,0.002924769,5.3,-2.2,92,0,0,0,0,0,0,0,-40.1,-39.6,-12.07,-12.05,0,0.84,1277.7,0.003564815,1.3,0,--.--,--.--,16.5,47,0000:00:00,72,0,60,0,30,0,0,2.76,0,0,0,1,31.08,0.46125,45209,86.92,55.13,--.--
low,1,540,9,16.19,1.9,578,30.761,1.49,8.689259972,0.002936343,5.3,-2.2,92,0,0,0,0,0,0,0,-40.2,-39.6,-12.08,-12.069,0,0.82,1277.7,0.003576389,1.3,0,--.--,--.--,16.6,47,0000:00:00,72,0,60,0,30,0,0,2.69,0,0,0,1,30.75,0.461261574,45209,86.94,55.15,--.--
low,1,541,9.02,16.18,1.99,578,32.1982,1.51,8.698473583,0.002947917,5.4,-2.4,93,0,0,0,0,0,0,0,-40.2,-39.6,-12.08,-12.088,0,0.8,1277.7,0.003587963,1.3,0,--.--,--.--,16.5,48,0000:00:00,72,0,60,0,30,0,0,2.62,0,0,0,1,32.2,0.461273148,45209,86.94,55.13,--.--
low,1,542,9.03,16.18,2,579,32.36,1.51,8.707866972,0.002959491,5,-1.8,93,0,0,0,0.1,0,0,0,-40.2,-39.7,-12.09,-12.105,0,0.8,1277.7,0.003599537,1.3,0,--.--,--.--,16.5,48,0000:00:00,72,0,60,0,30,0,0,2.62,0,0,0,1,32.35,0.461284722,45209,86.97,55.13,--.--
low,1,543,9.05,16.19,1.95,579,31.5705,1.5,8.716496306,0.002971065,5.1,-2.1,91,0,0,0,0,0,0,0,-40.3,-39.7,-12.11,-12.129,0,0.79,1277.7,0.003611111,1.4,0,--.--,--.--,16.4,49,0000:00:00,72,0,60,0,30,0,0,2.59,0,0,0,1,31.56,0.461296296,45209,86.99,55.15,--.--
low,1,544,9.07,16.18,2.19,580,35.4342,1.55,8.725305417,0.002983796,5,-1.9,92,0,0,0,0.1,0,0,0,-40.3,-39.7,-12.11,-12.147,0,0.78,1277.7,0.003622685,1.4,0,--.--,--.--,16.5,49,0000:00:00,72,0,60,0,30,0,0,2.56,0,0,0,1,35.44,0.46130787,45209,87.01,55.13,--.--
low,1,545,9.08,16.18,2.06,580,33.3308,1.52,8.733889806,0.00299537,5.2,-1.9,93,0,0,0,0,0,0,0,-40.3,-39.7,-12.11,-12.145,0,0.79,1277.7,0.003634259,1.4,0,--.--,--.--,16.5,49,0000:00:00,72,0,60,0,30,0,0,2.59,0,0,0,1,33.33,0.461319444,45209,87.04,55.15,--.--
low,1,546,9.1,16.18,2.05,581,33.169,1.52,8.742609028,0.003006944,5.2,-2.3,93,0,0,0,0.1,0,0,0,-40.2,-39.7,-12.1,-12.128,0,0.77,1277.7,0.003645833,1.5,0,--.--,--.--,16.5,49,0000:00:00,72,0,60,0,30,0,0,2.53,0,0,0,1,33.17,0.461331019,45209,87.04,55.13,--.--
low,1,547,9.12,16.18,2.09,581,33.8162,1.53,8.751418139,0.003018519,5.1,-2.5,93,0,0,0,0.1,0,0,0,-40.2,-39.7,-12.09,-12.11,0,0.79,1277.7,0.003657407,1.5,0,--.--,--.--,16.5,49,0000:00:00,72,0,60,0,30,0,0,2.59,0,0,0,1,33.81,0.461342593,45209,87.06,55.15,--.--
low,1,548,9.13,16.18,1.92,582,31.0656,1.49,8.766175222,0.003030093,5,-2.5,92,0,0,0,0.1,0,0,0,-40.2,-39.7,-12.09,-12.11,0,0.78,1277.7,0.003668981,1.7,0,--.--,--.--,16.5,49,0000:00:00,72,0,60,0,30,0,0,2.56,0,0,0,1,31.07,0.461354167,45209,87.1,55.13,--.--
low,1,549,9.15,16.18,1.96,583,31.7128,1.5,8.776769,0.003041667,5.2,-2.8,92,0,0,0,0.1,0,0,0,-40.2,-39.7,-12.1,-12.121,0,0.79,1277.7,0.003680556,1.8,0,--.--,--.--,16.5,49,0000:00:00,72,0,60,0,30,0,0,2.59,0,0,0,1,31.72,0.461365741,45209,87.12,55.15,--.--
low,1,550,9.17,16.18,1.91,583,30.9038,1.49,8.787196111,0.003053241,5.1,-2.6,93,0,0,0,0,0,0,0,-40.2,-39.7,-12.1,-12.121,0,0.77,1277.7,0.00369213,1.9,0,--.--,--.--,15.8,49,0000:00:00,72,0,60,0,30,0,0,2.53,0,0,0,1,30.91,0.461377315,45209,87.13,55.13,--.--
low,1,551,9.18,16.18,1.94,584,31.3892,1.5,8.796185,0.003064815,5.1,-2.6,93,0,0,0,0,0,0,0,-40.2,-39.7,-12.1,-12.121,0,0.78,1277.7,0.003703704,2,0,--.--,--.--,15.8,49,0000:00:00,72,0,60,0,30,0,0,2.56,0,0,0,1,31.39,0.461388889,45209,87.15,55.15,--.--
low,1,552,9.2,16.18,1.96,584,31.7128,1.5,8.806201417,0.003076389,6.3,-7.5,91,0,0,0,0.1,0,0,0.1,-40.2,-39.6,-12.06,-12.112,0,0.76,1277.7,0.003715278,2.1,0,--.--,--.--,15.8,49,0000:00:00,72,0,60,0,30,0,0,2.49,0,0,0,1,31.72,0.461400463,45209,87.19,55.15,--.--
low,1,553,9.22,16.05,3.31,586,53.1255,1.73,8.816172917,0.003087963,3.8,-4.7,91,0,0,0,0.1,0,0,0.1,-39.9,-39.3,-11.97,-12.011,0,0.85,1277.7,0.003726852,2.2,0,--.--,--.--,9.8,49,0000:00:00,72,0,60,0,30,0,0,2.79,0,0,0,1,53.13,0.461412037,45209,87.21,55.15,--.--
low,1,554,9.23,16.16,2.36,586,38.1376,1.58,8.825791028,0.003099537,5.3,-5.5,91,0,0,0,0.1,0,0,0,-39.6,-39.1,-11.91,-11.884,0,0.94,1277.7,0.003738426,2.3,0,--.--,--.--,15.9,45,0000:00:00,72,0,60,0,30,0,0,3.08,0,0,0,1,38.15,0.461423611,45209,87.21,55.15,--.--
low,1,555,9.25,16.18,2.32,587,37.5376,1.57,8.834600139,0.003111111,5.1,-4.7,92,0,0,0,0,0,0,0,-39.6,-39,-11.89,-11.824,0,0.96,1277.7,0.00375,2.4,0,--.--,--.--,9.8,44,0000:00:00,72,0,60,0,30,0,0,3.15,0,0,0,1,37.53,0.461435185,45209,87.22,55.13,--.--
low,1,556,9.27,16.18,2,588,32.36,1.51,8.843448722,0.003122685,5.3,-4.6,92,0,0,0,0,0,0,0,-39.5,-39,-11.89,-11.818,0,0.96,1277.7,0.003761574,2.5,0,--.--,--.--,9.9,44,0000:00:00,72,0,60,0,30,0,0,3.15,0,0,0,1,32.36,0.461446759,45209,87.24,55.13,--.--
low,1,557,9.28,16.17,2.23,588,36.0591,1.56,8.854356722,0.003134259,5.2,-2.8,93,0,0,0,0.1,0,0,0,-39.6,-39.1,-11.91,-11.846,0,0.93,1277.7,0.003773148,2.6,0,--.--,--.--,9.9,46,0000:00:00,72,0,60,0,30,0,0,3.05,0,0,0,1,36.06,0.461458333,45209,87.26,55.13,--.--
low,1,558,9.3,16.17,2.22,589,35.8974,1.56,8.864822306,0.003145833,5.4,-2.1,93,0,0,0,0,0,0,0,-39.7,-39.2,-11.95,-11.919,0,0.9,1277.7,0.003784722,2.7,0,--.--,--.--,9.9,48,0000:00:00,72,0,60,0,30,0,0,2.95,0,0,0,1,35.9,0.461469907,45209,87.28,55.13,--.--
low,1,559,9.32,16.18,2.14,589,34.6252,1.54,8.873541528,0.003157407,5.4,-1.4,93,0,0,0,0.1,0,0,0,-39.8,-39.3,-11.98,-11.984,0,0.87,1277.7,0.003796296,2.9,0,--.--,--.--,9.9,49,0000:00:00,72,0,60,0,30,0,0,2.85,0,0,0,1,34.62,0.461481481,45209,87.3,55.13,--.--
low,1,560,9.33,16.18,1.96,590,31.7128,1.5,8.882710194,0.003168981,5.4,-2.2,93,0,0,0,0.1,0,0,0,-39.9,-39.4,-12,-12.025,0,0.87,1277.7,0.00380787,3.1,0,--.--,--.--,10,60,0000:00:00,72,0,60,0,30,0,0,2.85,0,0,0,1,31.71,0.461493056,45209,87.31,55.13,--.--
low,1,561,9.35,16.17,1.97,591,31.8549,1.5,8.891788972,0.003180556,5.5,-1.7,93,0,0,0,0.1,0,0,0,-39.8,-39.3,-11.97,-12.017,0,0.88,1277.7,0.003819444,3.3,0,--.--,--.--,10.1,49,0000:00:00,72,0,60,0,30,0,0,2.89,0,0,0,1,31.85,0.46150463,45209,87.35,55.13,--.--
low,1,562,9.37,16.16,2.43,591,39.2688,1.59,8.900822806,0.00319213,5,-1.8,93,0,0,0,0.1,0,0,0,-39.7,-39.2,-11.95,-11.96,0,0.9,1277.7,0.003831019,3.5,0,--.--,297,10.1,48,0000:00:00,72,0,60,0,30,0,0,2.95,0,0,0,1,39.28,0.461516204,45209,87.37,55.15,--.--
low,1,563,9.38,16.17,2.33,592,37.6761,1.58,8.910395972,0.003203704,5.4,-3.2,92,0,0,0,0.1,0,0,0,-39.7,-39.2,-11.94,-11.943,0,0.88,1277.7,0.003842593,3.8,0,--.--,297,10,48,0000:00:00,72,0,60,0,30,0,0,2.89,0,0,0,1,37.68,0.461527778,45209,87.37,55.13,--.--
low,1,564,9.4,16.18,1.94,592,31.3892,1.5,8.920412389,0.003215278,5.1,-2.8,91,0,0,0,0.1,0,0,0,-39.7,-39.2,-11.94,-11.94,0,0.89,1277.7,0.003854167,4,0,--.--,297,10,47,0000:00:00,72,0,60,0,30,0,0,2.92,0,0,0,1,31.39,0.461539352,45209,87.39,55.13,--.--
low,1,565,9.42,16.18,2.04,593,33.0072,1.52,8.931434556,0.003226852,5.1,-2.5,92,0,0,0,0.1,0,0,0,-39.8,-39.2,-11.96,-11.961,0,0.9,1277.7,0.003865741,4.3,0,--.--,296,10.1,49,0000:00:00,72,0,60,0,30,0,0,2.95,0,0,0,1,33,0.461550926,45209,87.42,55.13,--.--
low,1,566,9.43,16.18,2.02,593,32.6836,1.51,8.940238222,0.003238426,5.1,-1.9,93,0,0,0,0.1,0,0,0,-39.8,-39.3,-11.97,-11.995,0,0.87,1277.7,0.003877315,4.5,0,--.--,295,10.1,49,0000:00:00,72,0,60,0,30,0,0,2.85,0,0,0,1,32.68,0.4615625,45209,87.44,55.13,--.--
low,1,567,9.45,16.18,2.01,594,32.5218,1.51,8.949491056,0.00325,5.2,-2.3,93,0,0,0,0.1,0,0,0,-39.8,-39.3,-11.97,-12,0,0.86,1277.7,0.003888889,4.7,0,--.--,294,10.2,49,0000:00:00,72,0,60,0,30,0,0,2.82,0,0,0,1,32.51,0.461574074,45209,87.46,55.13,--.--
low,1,568,9.47,16.18,2.13,595,34.4634,1.54,8.958704667,0.003261574,5.1,-2.4,93,0,0,0,0.1,0,0,0,-39.8,-39.2,-11.96,-11.981,0,0.87,1277.7,0.003900463,4.9,0,--.--,293,10.2,49,0000:00:00,72,0,60,0,30,0,0,2.85,0,0,0,1,34.45,0.461585648,45209,87.48,55.13,--.--
low,1,569,9.48,16.17,2.23,595,36.0591,1.56,8.9679575,0.003273148,5.3,-2.7,93,0,0,0,0.1,0,0,0,-39.8,-39.2,-11.96,-11.976,0,0.86,1277.7,0.003912037,5.1,0,--.--,292,10.3,49,0000:00:00,72,0,60,0,30,0,0,2.82,0,0,0,1,36.06,0.461597222,45209,87.48,55.13,--.--
low,1,570,9.5,16.13,2.46,596,39.6798,1.6,8.97806375,0.003284722,5.9,-2.3,93,0,0,0,0.1,0,0,0,-39.7,-39.2,-11.94,-11.967,0,0.87,1277.7,0.003923611,5.4,0,--.--,291,10.5,50,0000:00:00,72,0,60,0,30,0,0,2.85,0,0,0,1,39.68,0.461608796,45209,87.49,55.13,--.--
low,1,571,9.52,16.17,1.96,596,31.6932,1.5,8.987810667,0.003296296,6,-4.7,92,0,0,0,0.1,0,0,0,-39.6,-39,-11.9,-11.909,0,0.92,1277.7,0.003935185,5.7,0,--.--,289,9.5,47,0000:00:00,72,0,60,0,30,0,0,3.02,0,0,0,1,31.7,0.46162037,45209,87.51,55.13,--.--
low,1,572,9.53,16.17,2.06,597,33.3102,1.52,9.005428889,0.00330787,4.5,-3.6,93,0,0,0,0.1,0,0,0,-39.5,-38.9,-11.87,-11.837,0,0.94,1277.7,0.003946759,5.9,0,--.--,289,9.5,47,0000:00:00,72,0,60,0,30,0,0,3.08,0,0,0,1,33.31,0.461631944,45209,87.55,55.13,--.--
low,1,573,9.55,16.18,2.05,598,33.169,1.52,9.014552611,0.003319444,5.2,-4.5,93,0,0,0,0.1,0,0,0,-39.5,-38.9,-11.87,-11.832,0,0.92,1277.7,0.003958333,6.2,0,--.--,288,9.5,47,0000:00:00,72,0,60,0,30,0,0,3.02,0,0,0,1,33.16,0.461643519,45209,87.55,55.13,--.--
low,1,574,9.57,16.17,2.06,598,33.3102,1.52,9.023760528,0.003331019,4.9,-3.2,93,0,0,0,0.1,0,0,0,-39.5,-38.9,-11.88,-11.837,0,0.9,1277.7,0.003969907,6.4,0,--.--,288,9.5,47,0000:00:00,72,0,60,0,30,0,0,2.95,0,0,0,1,33.31,0.461655093,45209,87.58,55.13,--.--
low,1,575,9.58,16.17,2.25,599,36.3825,1.56,9.032923528,0.003342593,5.1,-2.6,93,0,0,0,0.1,0,0,0,-39.6,-39,-11.9,-11.876,0,0.89,1277.7,0.003981481,6.7,0,--.--,287,9.5,48,0000:00:00,72,0,60,0,30,0,0,2.92,0,0,0,1,36.39,0.461666667,45209,87.6,55.13,--.--
low,1,576,9.6,16.17,2.17,599,35.0889,1.55,9.042137139,0.003354167,5.1,-2.3,93,0,0,0,0.1,0,0,0,-39.7,-39.1,-11.93,-11.934,0,0.88,1284.3,0.003993056,6.9,0,--.--,286,9.6,49,0000:00:00,72,0,60,0,30,0,0,2.89,0,0,0,1,35.1,0.461678241,45209,87.62,55.13,--.--
low,1,577,9.62,16.18,3.92,600,63.4256,1.8,9.051081083,0.003365741,6.2,-4.8,92,0,0,0,0.1,0,0,0,-39.6,-39.1,-11.91,-11.955,0,0.88,1284.3,0.00400463,7.2,0,--.--,286,9.7,48,0000:00:00,72,0,60,0,30,0,0,2.89,0,0,0,1,63.43,0.461689815,45209,87.64,55.11,--.--
low,1,578,9.63,16.18,2.03,601,32.8454,1.52,9.059935139,0.003377315,4.6,-1.7,93,0,0,0,0.1,0,0,0,-39.5,-39,-11.88,-11.882,0,0.9,1284.3,0.004016204,7.4,0,--.--,285,9.8,48,0000:00:00,72,0,60,0,30,0,0,2.95,0,0,0,1,32.84,0.461701389,45209,87.66,55.11,--.--
low,1,579,9.65,16.17,2.05,601,33.1485,1.52,9.068738806,0.003388889,4.4,-3.5,96,0,0,0,0.1,0,0,0,-39.5,-38.9,-11.87,-11.855,0,0.9,1284.3,0.004027778,7.7,0,--.--,286,9.3,47,0000:00:00,72,0,60,0,30,0,0,2.95,0,0,0,1,33.15,0.461712963,45209,87.67,55.13,--.--
low,1,580,9.67,16.17,2.04,602,32.9868,1.52,9.077817583,0.003400463,4.5,-2.1,95,0,0,0,0.1,0,0,0,-39.5,-39,-11.88,-11.863,0,0.87,1284.3,0.004039352,8,0,--.--,286,9.1,48,0000:00:00,72,0,60,0,30,0,0,2.85,0,0,0,1,32.99,0.461724537,45209,87.69,55.13,--.--
low,1,581,9.68,16.18,2.05,603,33.169,1.52,9.085902583,0.003412037,4.2,-2.9,95,0,0,0,0.1,0,0,0,-39.5,-39,-11.88,-11.898,0,0.88,1284.3,0.004050926,8.3,0,--.--,287,9,48,0000:00:00,72,0,60,0,30,0,0,2.89,0,0,0,1,33.16,0.461736111,45209,87.71,55.13,--.--
low,1,582,9.7,16.18,1.99,603,32.1982,1.51,9.097760583,0.003423611,4.7,-1.8,95,0,0,0,0.1,0,0,0,-39.5,-39,-11.88,-11.893,0,0.9,1284.3,0.0040625,8.5,0,--.--,286,8.9,49,0000:00:00,72,0,60,0,30,0,0,2.95,0,0,0,1,32.19,0.461747685,45209,87.73,55.13,--.--
low,1,583,9.72,16.18,1.97,604,31.8746,1.5,9.106794417,0.003435185,4.6,-2.5,96,0,0,0,0.1,0,0,0,-39.5,-38.9,-11.87,-11.879,0,0.9,1284.3,0.004074074,8.8,0,--.--,286,8.9,48,0000:00:00,72,0,60,0,30,0,0,2.95,0,0,0,1,31.87,0.461759259,45209,87.75,55.13,--.--
low,1,584,9.73,16.17,1.96,604,31.6932,1.5,9.115468694,0.003446759,4.5,-2.3,97,0,0,0,0.1,0,0,0,-39.5,-38.9,-11.87,-11.872,0,0.89,1284.3,0.004085648,9,0,--.--,287,8.8,48,0000:00:00,72,0,60,0,30,0,0,2.92,0,0,0,1,31.7,0.461770833,45209,87.76,55.11,--.--
low,1,585,9.75,16.18,2.02,605,32.6836,1.51,9.123963194,0.003458333,4.7,-2.4,98,0,0,0,0.1,0,0,0,-39.5,-38.9,-11.86,-11.858,0,0.89,1284.3,0.004097222,9.2,0,--.--,286,8.7,48,0000:00:00,72,0,60,0,30,0,0,2.92,0,0,0,1,32.68,0.461782407,45209,87.76,55.13,--.--
low,1,586,9.77,16.17,1.8,606,29.106,1.46,9.133176806,0.003469907,4.7,-2,98,0,0,0,0.1,0,0,0,-39.5,-38.9,-11.88,-11.878,0,0.89,1284.3,0.004108796,9.4,0,--.--,286,8.8,49,0000:00:00,72,0,60,0,30,0,0,2.92,0,0,0,1,29.11,0.461793981,45209,87.78,55.11,--.--
low,1,587,9.78,16.17,2.64,606,42.6888,1.63,9.141985917,0.003481481,4.6,-1.2,95,0,0,0,0.1,0,0,0,-39.5,-39,-11.89,-11.911,0,0.87,1284.3,0.00412037,9.6,0,--.--,285,8.8,50,0000:00:00,72,0,60,0,30,0,0,2.85,0,0,0,1,42.68,0.461805556,45209,87.8,55.13,--.--
low,1,588,9.8,16.18,2.01,607,32.5218,1.51,9.150705139,0.003493056,4.7,-1.1,97,0,0,0,0.1,0,0,0,-39.5,-39,-11.88,-11.913,0,0.87,1284.3,0.004131944,9.8,0,--.--,285,8.9,49,0000:00:00,72,0,60,0,30,0,0,2.85,0,0,0,1,32.52,0.46181713,45209,87.84,55.11,--.--
low,1,589,9.82,16.18,1.93,607,31.2274,1.49,9.160407139,0.00350463,4.9,-1.6,96,0,0,0,0.1,0,0,0,-39.5,-38.9,-11.87,-11.877,0,0.87,1284.3,0.004143519,10,0,--.--,284,8.9,48,0000:00:00,72,0,60,0,30,0,0,2.85,0,0,0,1,31.23,0.461828704,45209,87.85,55.13,--.--
low,1,590,9.83,16.18,1.89,608,30.5802,1.49,9.168721861,0.003516204,4.5,-1.8,96,0,0,0,0.1,0,0,0,-39.4,-38.9,-11.85,-11.85,0,0.87,1284.3,0.004155093,10.2,0,--.--,284,8.9,48,0000:00:00,72,0,60,0,30,0,0,2.85,0,0,0,1,30.58,0.461840278,45209,87.87,55.11,--.--
low,1,591,9.85,16.18,2.05,608,33.169,1.52,9.176811861,0.003527778,4.5,-1.6,96,0,0,0,0.1,0,0,0,-39.4,-38.9,-11.85,-11.836,0,0.87,1284.3,0.004166667,10.4,0,--.--,284,8.9,48,0000:00:00,72,0,60,0,30,0,0,2.85,0,0,0,1,33.16,0.461851852,45209,87.89,55.13,--.--
low,1,592,9.87,16.18,1.96,609,31.7128,1.5,9.185980528,0.003539352,4.6,-1.4,97,0,0,0,0.1,0,0,0,-39.5,-38.9,-11.87,-11.859,0,0.86,1284.3,0.004178241,10.6,0,--.--,284,8.9,49,0000:00:00,72,0,60,0,30,0,0,2.82,0,0,0,1,31.71,0.461863426,45209,87.91,55.13,--.--
low,1,593,9.88,16.18,1.94,610,31.3892,1.5,9.19510425,0.003550926,5,-1.1,97,0,0,0,0.1,0,0,0,-39.5,-39,-11.87,-11.891,0,0.85,1284.3,0.004189815,10.8,0,--.--,284,8.9,49,0000:00:00,72,0,60,0,30,0,0,2.79,0,0,0,1,31.39,0.461875,45209,87.91,55.11,--.--
low,1,594,9.9,16.17,2.16,610,34.9272,1.54,9.204716417,0.0035625,4.5,-1.6,96,0,0,0,0.1,0,0,0,-39.5,-38.9,-11.86,-11.873,0,0.86,1284.3,0.004201389,11.1,0,--.--,284,9,48,0000:00:00,72,0,60,0,30,0,0,2.82,0,0,0,1,34.93,0.461886574,45209,87.93,55.13,--.--
low,1,595,9.92,16.18,1.85,611,29.933,1.48,9.213210917,0.003574074,4.4,-2,96,0,0,0,0.1,0,0,0,-39.4,-38.9,-11.84,-11.833,0,0.87,1284.3,0.004212963,11.3,0,--.--,284,9,47,0000:00:00,72,0,60,0,30,0,0,2.85,0,0,0,1,29.93,0.461898148,45209,87.94,55.13,--.--
low,1,596,9.93,16.18,1.8,611,29.124,1.46,9.221440833,0.003585648,4.4,-1.9,96,0,0,0,0,0,0,0,-39.4,-38.8,-11.84,-11.813,0,0.86,1284.3,0.004224537,11.5,0,--.--,284,8.9,47,0000:00:00,72,0,60,0,30,0,0,2.82,0,0,0,1,29.13,0.461909722,45209,87.96,55.11,--.--
low,1,597,9.95,16.18,2.04,612,33.0072,1.52,9.229709306,0.003597222,4.7,-1.4,97,0,0,0,0.1,0,0,0,-39.4,-38.9,-11.85,-11.831,0,0.86,1284.3,0.004236111,11.7,0,--.--,284,9,48,0000:00:00,72,0,60,0,30,0,0,2.82,0,0,0,1,33,0.461921296,45209,87.98,55.13,--.--
low,1,598,9.97,16.18,2.03,612,32.8454,1.52,9.23824875,0.003608796,4.5,-1,97,0,0,0,0.1,0,0,0,-39.5,-38.9,-11.86,-11.855,0,0.85,1284.3,0.004247685,11.9,0,--.--,284,9,48,0000:00:00,72,0,60,0,30,0,0,2.79,0,0,0,1,32.84,0.46193287,45209,88.02,55.13,--.--
low,1,599,9.98,16.17,2.14,613,34.6038,1.54,9.268046917,0.00362037,4.6,-1.1,97,0,0,0,0.1,0,0,0,-39.5,-38.9,-11.87,-11.874,0,0.84,1284.3,0.004259259,12.2,0,--.--,283,9.1,48,0000:00:00,72,0,60,0,30,0,0,2.76,0,0,0,1,34.61,0.461944444,45209,88.02,55.11,--.--
low,1,600,10,16.18,1.89,613,30.5802,1.49,9.278544417,0.003631944,4.8,-1.3,96,0,0,0,0.1,0,0,0,-39.5,-38.9,-11.86,-11.871,0,0.84,1284.3,0.004270833,12.5,0,--.--,283,9.2,48,0000:00:00,72,0,60,0,30,0,0,2.76,0,0,0,1,30.58,0.461956019,45209,88.03,55.13,--.--
low,1,601,10.02,16.19,1.83,614,29.6277,1.47,9.288156583,0.003643519,5.1,-3.2,96,0,0,0,0.1,0,0,0.1,-39.4,-38.9,-11.84,-11.852,0,0.83,1284.3,0.004282407,12.7,0,--.--,283,9.3,47,0000:00:00,72,0,60,0,30,0,0,2.72,0,0,0,1,29.62,0.461967593,45209,88.05,55.11,--.--
low,1,602,10.03,16.09,1.85,614,29.7665,1.47,9.298481028,0.003655093,4,-1.1,96,0,0,0,0.1,0,0,0,-39.3,-38.8,-11.81,-11.802,0,0.87,1284.3,0.004293981,12.9,0,--.--,283,9.4,47,0000:00:00,72,0,60,0,30,0,0,2.85,0,0,0,1,29.77,0.461979167,45209,88.07,55.11,--.--
low,1,603,10.05,16.18,1.9,615,30.742,1.49,9.307688944,0.003666667,4.7,-1.6,96,0,0,0,0.1,0,0,0,-39.3,-38.7,-11.81,-11.78,0,0.87,1284.3,0.004305556,13.2,0,--.--,283,9.5,60,0000:00:00,72,0,60,0,30,0,0,2.85,0,0,0,1,30.75,0.461990741,45209,88.09,55.11,--.--
low,1,604,10.07,16.18,6.63,616,107.2734,2.03,9.318199444,0.003678241,5.2,-2.6,96,0,0,0,0.1,0,0,0.1,-39,-38.5,-11.72,-11.754,0,0.96,1290.9,0.00431713,13.4,0,--.--,283,9.5,44,0000:00:00,72,0,60,0,30,0,0,3.15,0,0,0,1,107.31,0.462002315,45209,88.11,55.13,--.--
low,1,605,10.08,16.15,2.34,617,37.791,1.58,9.326738889,0.003689815,4,-3.2,96,0,0,0,0.1,0,0,0,-38.8,-38.2,-11.65,-11.634,0,1.01,1290.9,0.004328704,13.6,0,--.--,283,9.5,44,0000:00:00,72,0,60,0,30,0,0,3.31,0,0,0,1,37.8,0.462013889,45209,88.12,55.13,--.--
low,1,606,10.1,16.17,2.14,617,34.6038,1.54,9.343672472,0.003701389,5.2,-2,96,0,0,0,0.1,0,0,0,-38.7,-38.1,-11.62,-11.54,0,1.02,1290.9,0.004340278,13.8,0,--.--,283,9.5,39,0000:00:00,72,0,60,0,30,0,0,3.35,0,0,0,1,34.6,0.462025463,45209,88.16,55.13,--.--
low,1,607,10.12,16.16,2.3,618,37.168,1.57,9.352071889,0.003712963,3.9,-2,96,0,0,0,0.1,0,0,0,-38.7,-38.2,-11.63,-11.526,0,1.03,1290.9,0.004351852,14.1,0,--.--,284,9.5,44,0000:00:00,72,0,60,0,30,0,0,3.38,0,0,0,1,37.18,0.462037037,45209,88.18,55.11,--.--
low,1,608,10.13,16.17,2.05,619,33.1485,1.52,9.360027056,0.003724537,4.5,-1,97,0,0,0,0.1,0,0,0,-38.8,-38.3,-11.66,-11.573,0,1.03,1290.9,0.004363426,14.3,0,--.--,283,9.6,45,0000:00:00,72,0,60,0,30,0,0,3.38,0,0,0,1,33.14,0.462048611,45209,88.18,55.13,--.--
low,1,609,10.15,16.17,2.34,619,37.8378,1.58,9.369504472,0.003736111,4.9,-0.9,97,0,0,0,0.1,0,0,0,-38.9,-38.4,-11.69,-11.648,0,0.99,1290.9,0.004375,14.5,0,--.--,283,9.7,46,0000:00:00,72,0,60,0,30,0,0,3.25,0,0,0,1,37.84,0.462060185,45209,88.2,55.11,--.--
low,1,610,10.17,16.18,1.9,620,30.742,1.49,9.378897861,0.003747685,4.5,-0.6,96,0,0,0,0.1,0,0,0.1,-38.9,-38.4,-11.7,-11.691,0,0.97,1290.9,0.004386574,14.8,0,--.--,283,8.2,61,0000:00:00,72,0,60,0,30,0,0,3.18,0,0,0,1,30.73,0.462071759,45209,88.21,55.13,--.--
low,1,611,10.18,16.17,3.77,621,60.9609,1.79,9.388420194,0.003759259,4.6,-0.6,96,0,0,0,0.1,0,0,0,-38.9,-38.3,-11.68,-11.701,0,1,1290.9,0.004398148,15,0,--.--,283,8.2,47,0000:00:00,72,0,60,0,30,0,0,3.28,0,0,0,1,60.98,0.462083333,45209,88.25,55.13,--.--
low,1,612,10.2,16.17,1.87,621,30.2379,1.48,9.397223861,0.003770833,4.6,-0.8,96,0,0,0,0.1,0,0,0,-38.8,-38.3,-11.67,-11.662,0,0.98,1290.9,0.004409722,15.2,0,--.--,283,8.1,46,0000:00:00,72,0,60,0,30,0,0,3.22,0,0,0,1,30.25,0.462094907,45209,88.27,55.13,--.--
low,1,613,10.22,16.18,1.77,622,28.6386,1.46,9.410347639,0.003782407,4.5,-3.5,96,0,0,0,0.1,0,0,-0.1,-38.8,-38.3,-11.67,-11.648,0,1,1290.9,0.004421296,15.4,0,--.--,283,8.1,35,0000:00:00,72,0,60,0,30,0,0,3.28,0,0,0,1,28.64,0.462106481,45209,88.29,55.13,--.--
low,1,614,10.23,16.17,2.11,623,34.1187,1.53,9.41956125,0.003793981,5.5,0,97,0,0,0,0.1,0,0,0,-38.9,-38.4,-11.7,-11.692,0,0.94,1290.9,0.00443287,15.6,0,--.--,283,8.2,47,0000:00:00,72,0,60,0,30,0,0,3.08,0,0,0,1,34.12,0.462118056,45209,88.3,55.13,--.--
low,1,615,10.25,16.18,2.09,623,33.8162,1.53,9.428010806,0.003805556,4.5,0.5,99,0,0,0,0.1,0,0,0,-39,-38.5,-11.72,-11.732,0,0.93,1290.9,0.004444444,16,0,--.--,283,8.2,49,0000:00:00,72,0,60,0,30,0,0,3.05,0,0,0,1,33.81,0.46212963,45209,88.32,55.13,--.--
low,1,616,10.27,16.17,2.12,624,34.2804,1.54,9.436110556,0.00381713,6.1,1.7,94,0,0,0,0.1,0,0,0,-39.1,-38.5,-11.74,-11.786,0,0.9,1290.9,0.004456019,16.3,0,--.--,283,8.2,50,0000:00:00,72,0,60,0,30,0,0,2.95,0,0,0,1,34.28,0.462141204,45209,88.34,55.13,--.--
low,1,617,10.28,16.17,1.96,625,31.6932,1.5,9.445447444,0.003828704,4.8,-0.5,94,0,0,0,0.1,0,0,0,-39.1,-38.5,-11.75,-11.804,0,0.88,1290.9,0.004467593,16.7,0,--.--,283,8.4,50,0000:00:00,72,0,60,0,30,0,0,2.89,0,0,0,1,31.7,0.462152778,45209,88.34,55.13,--.--
low,1,618,10.3,16.18,2.92,625,47.2456,1.67,9.456079528,0.003840278,6.1,0,95,0,0,0,0.1,0,0,0.1,-39.1,-38.5,-11.74,-11.805,0,0.88,1290.9,0.004479167,17,0,--.--,283,8.4,56,0000:00:00,72,0,60,0,30,0,0,2.89,0,0,0,1,47.25,0.462164352,45209,88.38,55.13,--.--
low,1,619,10.32,16.18,2.05,626,33.169,1.52,9.467167083,0.003851852,6.5,1.4,94,0,0,0,0.1,0,0,0,-38.9,-38.4,-11.71,-11.763,0,0.91,1290.9,0.004490741,17.2,0,--.--,283,8.5,51,0000:00:00,72,0,60,0,30,0,0,2.99,0,0,0,1,33.16,0.462175926,45209,88.39,55.13,--.--
low,1,620,10.33,16.18,1.88,626,30.4184,1.48,9.4783375,0.003863426,6.1,-0.7,94,0,0,0,0.1,0,0,0,-38.9,-38.4,-11.69,-11.726,0,0.93,1290.9,0.004502315,17.5,0,--.--,283,8.6,48,0000:00:00,72,0,60,0,30,0,0,3.05,0,0,0,1,30.41,0.4621875,45209,88.41,55.13,--.--
low,1,621,10.35,16.11,1.81,627,29.1591,1.46,9.487180611,0.003875,5.9,0.9,95,0,0,0,0.1,0,0,0.2,-38.6,-38,-11.59,-11.674,0,0.97,1290.9,0.004513889,17.7,0,--.--,283,7.4,69,0000:00:00,72,0,60,0,30,0,0,3.18,0,0,0,1,29.16,0.462199074,45209,88.43,55.13,--.--
low,1,622,10.37,16.16,2.08,628,33.6128,1.53,9.496208861,0.003886574,5.6,-0.1,92,0,0,0,0.1,0,0,0.1,-38,-37.4,-11.41,-11.461,0,1.15,1290.9,0.004525463,17.9,0,--.--,283,7.4,41,0000:00:00,72,0,60,0,30,0,0,3.77,0,0,0,1,33.61,0.462210648,45209,88.43,55.11,--.--
low,1,623,10.38,16.15,2.37,629,38.2755,1.58,9.505737083,0.003898148,3.5,-1.2,90,0,0,0,0.1,0,0,0.1,-37.7,-37.2,-11.33,-11.271,0,1.22,1290.9,0.004537037,18.1,0,--.--,283,7.4,60,0000:00:00,72,0,60,0,30,0,0,4,0,0,0,1,38.28,0.462222222,45209,88.45,55.11,--.--
low,1,624,10.4,16.16,2.47,630,39.9152,1.6,9.516869528,0.003909722,4.2,-0.6,89,0,0,0,0.1,0,0,0,-37.5,-36.9,-11.26,-11.185,0,1.29,1290.9,0.004548611,18.4,0,--.--,282,7.5,44,0000:00:00,72,0,60,0,30,0,0,4.23,0,0,0,1,39.91,0.462233796,45209,88.48,55.11,--.--
low,1,625,10.42,16.15,2.49,631,40.2135,1.6,9.524864694,0.003921296,4.4,-0.1,90,0,0,0,0.1,0,0,0,-37.5,-36.9,-11.26,-11.156,0,1.29,1290.9,0.004560185,18.8,0,--.--,282,7.6,44,0000:00:00,72,0,60,0,30,0,0,4.23,0,0,0,1,40.22,0.46224537,45209,88.5,55.11,--.--
low,1,626,10.43,16.16,1.97,631,31.8352,1.5,9.533628861,0.00393287,4.7,0.3,90,0,0,0,0.1,0,0,0,-37.6,-37,-11.29,-11.21,0,1.26,1290.9,0.004571759,19.1,0,--.--,282,7.7,46,0000:00:00,72,0,60,0,30,0,0,4.13,0,0,0,1,31.84,0.462256944,45209,88.5,55.11,--.--
low,1,627,10.45,16.17,2.01,632,32.5017,1.51,9.542797528,0.003944444,5.4,-0.1,92,0,0,0,0.1,0,0,0,-37.7,-37.1,-11.31,-11.269,0,1.22,1290.9,0.004583333,19.3,0,--.--,282,7.8,47,0000:00:00,72,0,60,0,30,0,0,4,0,0,0,1,32.5,0.462268519,45209,88.52,55.11,--.--
low,1,628,10.47,16.18,2.12,633,34.3016,1.54,9.552364778,0.003956019,6.1,-0.8,93,0,0,0,0.1,0,0,-0.1,-37.7,-37.2,-11.33,-11.292,0,1.18,1290.9,0.004594907,19.6,0,--.--,281,7.8,34,0000:00:00,72,0,60,0,30,0,0,3.87,0,0,0,1,34.29,0.462280093,45209,88.54,55.11,--.--
low,1,629,10.48,16.16,2.48,634,40.0768,1.6,9.560904222,0.003967593,5.5,1.7,94,0,0,0,0.1,0,0,0,-38,-37.5,-11.42,-11.408,0,1.09,1290.9,0.004606481,19.7,0,--.--,281,7.9,51,0000:00:00,72,0,60,0,30,0,0,3.58,0,0,0,1,40.08,0.462291667,45209,88.56,55.11,--.--
low,1,630,10.5,16.17,1.78,635,28.7826,1.46,9.586430194,0.003979167,5.6,1.3,93,0,0,0,0.1,0,0,0,-38.1,-37.6,-11.45,-11.511,0,1.06,1290.9,0.004618056,19.9,0,--.--,281,3.1,51,0000:00:00,72,0,60,0,30,0,0,3.48,0,0,0,1,28.78,0.462303241,45209,88.57,55.13,--.--
low,1,631,10.52,16.18,1.95,635,31.551,1.5,9.597165278,0.003990741,5.5,1.1,93,0,0,0,0.1,0,0,0,-38.1,-37.6,-11.45,-11.534,0,1.06,1297.5,0.00462963,20,0,--.--,280,3.3,52,0000:00:00,72,0,60,0,30,0,0,3.48,0,0,0,1,31.55,0.462314815,45209,88.59,55.13,--.--
low,1,632,10.53,16.18,2.04,636,33.0072,1.52,9.606013861,0.004002315,5.6,0.9,93,0,0,0,0.1,0,0,0,-38.1,-37.5,-11.44,-11.512,0,1.06,1297.5,0.004641204,20.2,0,--.--,280,3.5,51,0000:00:00,72,0,60,0,30,0,0,3.48,0,0,0,1,33,0.462326389,45209,88.61,55.13,--.--
low,1,633,10.55,16.17,2.13,636,34.4421,1.54,9.616248528,0.004013889,6,0.8,93,0,0,0,0.1,0,0,0,-38,-37.5,-11.42,-11.477,0,1.04,1297.5,0.004652778,20.5,0,--.--,280,3.8,50,0000:00:00,72,0,60,0,30,0,0,3.41,0,0,0,1,34.44,0.462337963,45209,88.63,55.11,--.--
low,1,634,10.57,16.18,1.9,637,30.742,1.49,9.624473361,0.004025463,5.2,-0.3,93,0,0,0,0.1,0,0,0,-38,-37.4,-11.4,-11.439,0,1.05,1297.5,0.004664352,20.8,0,--.--,280,4,45,0000:00:00,72,0,60,0,30,0,0,3.44,0,0,0,1,30.73,0.462349537,45209,88.65,55.13,--.--
low,1,635,10.58,16.15,5.69,638,91.8935,1.96,9.632468528,0.004037037,5,-0.8,93,0,0,0,0,0,0,-0.1,-38.2,-37.7,-11.48,-11.448,0,1,1297.5,0.004675926,21,0,--.--,280,4.2,52,0000:00:00,72,0,60,0,30,0,0,3.28,0,0,0,1,91.88,0.462361111,45209,88.66,55.13,--.--
low,1,636,10.6,16.17,2.39,639,38.6463,1.59,9.640603472,0.004048611,6.6,1.7,93,0,0,0,0.1,0,0,0,-38.4,-37.9,-11.55,-11.558,0,0.91,1297.5,0.0046875,21.1,0,--.--,280,4.3,53,0000:00:00,72,0,60,0,30,0,0,2.99,0,0,0,1,38.65,0.462372685,45209,88.68,55.13,--.--
low,1,637,10.62,16.17,1.97,639,31.8549,1.5,9.648648528,0.004060185,4.6,0.2,93,0,0,0,0.1,0,0,0,-38.6,-38,-11.59,-11.671,0,0.88,1297.5,0.004699074,21.3,0,--.--,279,4.5,55,0000:00:00,72,0,60,0,30,0,0,2.89,0,0,0,1,31.85,0.462384259,45209,88.7,55.11,--.--
low,1,638,10.63,16.16,2.28,640,36.8448,1.57,9.65655875,0.004071759,5,0.7,93,0,0,0,0.1,0,0,0,-38.5,-38,-11.58,-11.694,0,0.86,1297.5,0.004710648,21.6,0,--.--,279,1.9,54,0000:00:00,72,0,60,0,30,0,0,2.82,0,0,0,1,36.84,0.462395833,45209,88.72,55.11,--.--
low,1,639,10.65,16.18,1.83,641,29.6094,1.47,9.666748528,0.004083333,5.5,1.1,93,0,0,0,0.1,0,0,0,-38.4,-37.9,-11.54,-11.636,0,0.88,1297.5,0.004722222,21.8,0,--.--,279,5.2,52,0000:00:00,72,0,60,0,30,0,0,2.89,0,0,0,1,29.6,0.462407407,45209,88.74,55.11,--.--
low,1,640,10.67,16.17,1.78,641,28.7826,1.46,9.676720028,0.004094907,6.1,0.9,93,0,0,0,0.1,0,0,0,-38.3,-37.7,-11.49,-11.536,0,0.9,1297.5,0.004733796,22,0,--.--,278,2.3,49,0000:00:00,72,0,60,0,30,0,0,2.95,0,0,0,1,28.79,0.462418981,45209,88.75,55.11,--.--
low,1,641,10.68,16.18,1.81,642,29.2858,1.47,9.685927944,0.004106481,5.1,-0.2,93,0,0,0,0.1,0,0,0,-38.2,-37.6,-11.47,-11.47,0,0.92,1297.5,0.00474537,22.1,0,--.--,278,2.4,48,0000:00:00,72,0,60,0,30,0,0,3.02,0,0,0,1,29.28,0.462430556,45209,88.77,55.13,--.--
low,1,642,10.7,16.18,1.79,642,28.9622,1.46,9.694686694,0.004118056,5.4,-0.5,93,0,0,0,0.1,0,0,0,-38.1,-37.6,-11.45,-11.415,0,0.94,1297.5,0.004756944,22.3,0,--.--,278,2.5,47,0000:00:00,72,0,60,0,30,0,0,3.08,0,0,0,1,28.96,0.46244213,45209,88.79,55.13,--.--
low,1,643,10.72,16.18,1.76,643,28.4768,1.45,9.705184194,0.00412963,4.8,-1,93,0,0,0,0.1,0,0,0,-38,-37.5,-11.43,-11.392,0,0.94,1297.5,0.004768519,22.5,0,--.--,278,2.6,46,0000:00:00,72,0,60,0,30,0,0,3.08,0,0,0,1,28.47,0.462453704,45209,88.81,55.11,--.--
low,1,644,10.73,16.16,2.27,643,36.6832,1.56,9.715373972,0.004141204,4.5,-0.8,93,0,0,0,0.1,0,0,0,-38,-37.5,-11.42,-11.358,0,0.96,1297.5,0.004780093,22.7,0,--.--,278,2.6,46,0000:00:00,72,0,60,0,30,0,0,3.15,0,0,0,1,36.69,0.462465278,45209,88.81,55.13,--.--
low,1,645,10.75,16.17,2.22,644,35.8974,1.56,9.727441611,0.004152778,4.9,-1.3,93,0,0,0,0.1,0,0,0,-38,-37.4,-11.41,-11.339,0,0.96,1297.5,0.004791667,23.1,0,--.--,278,4.5,45,0000:00:00,72,0,60,0,30,0,0,3.15,0,0,0,1,35.89,0.462476852,45209,88.83,55.11,--.--
low,1,646,10.77,16.17,2.05,644,33.1485,1.52,9.741877944,0.004164352,5.3,-1,93,0,0,0,0.1,0,0,0,-38,-37.5,-11.42,-11.35,0,0.94,1297.5,0.004803241,23.3,0,--.--,278,2.9,45,0000:00:00,72,0,60,0,30,0,0,3.08,0,0,0,1,33.15,0.462488426,45209,88.84,55.11,--.--
low,1,647,10.78,16.17,1.95,645,31.5315,1.5,9.755686611,0.004175926,4.7,-0.8,93,0,0,0,0.1,0,0,0,-38,-37.5,-11.43,-11.371,0,0.93,1297.5,0.004814815,23.5,0,--.--,278,4.7,46,0000:00:00,72,0,60,0,30,0,0,3.05,0,0,0,1,31.54,0.4625,45209,88.86,55.13,--.--
low,1,648,10.8,16.15,2.34,646,37.791,1.58,9.770114,0.0041875,4.6,-0.2,93,0,0,0,0.1,0,0,0,-38.1,-37.6,-11.45,-11.396,0,0.92,1297.5,0.004826389,23.7,0,--.--,278,4.8,46,0000:00:00,72,0,70,0,30,0,0,3.02,0,0,0,1,37.8,0.462511574,45209,88.88,55.13,--.--
low,1,649,10.82,16.16,2.27,646,36.6832,1.56,9.783070833,0.004199074,5.2,-0.7,93,0,0,0,0.1,0,0,0,-38.1,-37.6,-11.45,-11.417,0,0.9,1297.5,0.004837963,23.8,0,--.--,278,4.9,46,0000:00:00,72,0,70,0,30,0,0,2.95,0,0,0,1,36.69,0.462523148,45209,88.9,55.11,--.--
low,1,650,10.83,16.15,2.69,647,43.4435,1.64,9.819757472,0.004210648,5,-0.9,93,0,0,0,0.1,0,0,0,-38.1,-37.5,-11.44,-11.398,0,0.9,1297.5,0.004849537,24,0,--.--,278,5,45,0000:00:00,72,0,70,0,30,0,0,2.95,0,0,0,1,43.44,0.462534722,45209,88.92,55.11,--.--
low,1,651,10.85,16.14,3.22,648,51.9708,1.72,9.836559556,0.004222222,4.7,-0.9,93,0,0,0,0.1,0,0,0,-38.1,-37.5,-11.44,-11.395,0,0.88,1297.5,0.004861111,24.2,0,--.--,278,5.2,45,0000:00:00,72,0,70,0,30,0,0,2.89,0,0,0,1,51.99,0.462546296,45209,88.93,55.11,--.--
low,1,652,10.87,16.14,3.08,648,49.7112,1.7,9.849426722,0.004233796,4.9,-0.3,93,0,0,0,0.1,0,0,0,-38.2,-37.6,-11.47,-11.433,0,0.88,1297.5,0.004872685,24.6,0,--.--,278,5.5,46,0000:00:00,72,0,70,0,30,0,0,2.89,0,0,0,1,49.72,0.46255787,45209,88.95,55.13,--.--
low,1,653,10.88,16.13,3.22,649,51.9386,1.72,9.862375528,0.00424537,6.3,0,93,0,0,0,0.1,0,0,0,-38.2,-37.7,-11.49,-11.49,0,0.85,1297.5,0.004884259,25,0,--.--,278,5.7,48,0000:00:00,72,0,70,0,30,0,0,2.79,0,0,0,1,51.94,0.462569444,45209,88.95,55.11,--.--
low,1,654,10.9,16.14,2.89,650,46.6446,1.67,9.875018528,0.004256944,6.1,-0.7,93,0,0,0,0.1,0,0,0,-38.3,-37.7,-11.5,-11.513,0,0.85,1297.5,0.004895833,25.5,0,--.--,278,6,53,0000:00:00,72,0,70,0,30,0,0,2.79,0,0,0,1,46.65,0.462581019,45209,88.99,55.13,--.--
low,1,655,10.92,15.97,8.27,651,132.0719,2.12,9.886989028,0.004268519,4.7,-1.1,93,0,0,0,0.1,0,0,0.1,-38,-37.4,-11.4,-11.466,0,0.89,1297.5,0.004907407,25.9,0,--.--,278,6.4,47,0000:00:00,72,0,70,0,30,0,0,2.92,0,0,0,1,132.1,0.462592593,45209,89.01,55.13,--.--
low,1,656,10.93,16.13,3.75,653,60.4875,1.78,9.897845417,0.004280093,5.3,-1.7,93,0,0,0,0.1,0,0,0,-37.7,-37.2,-11.33,-11.336,0,0.98,1297.5,0.004918981,26.2,0,--.--,278,6.7,45,0000:00:00,72,0,70,0,30,0,0,3.22,0,0,0,1,60.5,0.462604167,45209,89.01,55.11,--.--
low,1,657,10.95,16.14,2.87,653,46.3218,1.67,9.908970972,0.004291667,4.9,-2,93,0,0,0,0.1,0,0,0,-37.7,-37.1,-11.32,-11.281,0,0.99,1304.1,0.004930556,26.6,0,--.--,278,7,45,0000:00:00,72,0,70,0,30,0,0,3.25,0,0,0,1,46.31,0.462615741,45209,89.04,55.11,--.--
low,1,658,10.97,16.13,2.89,654,46.6157,1.67,9.9199075,0.004303241,6.1,-1.4,93,0,0,0,0.1,0,0,0,-37.7,-37.1,-11.32,-11.284,0,0.99,1304.1,0.00494213,27,0,--.--,278,7.4,46,0000:00:00,72,0,70,0,30,0,0,3.25,0,0,0,1,46.62,0.462627315,45209,89.04,55.11,--.--
low,1,659,10.98,16.14,2.82,655,45.5148,1.66,9.930315278,0.004314815,6.3,-0.7,94,0,0,0,0.1,0,0,0,-37.7,-37.2,-11.33,-11.305,0,0.98,1304.1,0.004953704,27.4,0,--.--,278,7.8,46,0000:00:00,72,0,70,0,30,0,0,3.22,0,0,0,1,45.51,0.462638889,45209,89.06,55.11,--.--
low,1,660,11,16.14,2.67,656,43.0938,1.63,9.940402778,0.004326389,5.6,0,94,0,0,0,0.1,0,0,0,-37.7,-37.2,-11.34,-11.324,0,0.96,1304.1,0.004965278,27.8,0,--.--,278,8.1,46,0000:00:00,72,0,70,0,30,0,0,3.15,0,0,0,1,43.1,0.462650463,45209,89.08,55.11,--.--
low,1,661,11.02,16.15,2.42,657,39.083,1.59,9.950865444,0.004337963,5.7,-0.2,94,0,0,0,0.1,0,0,0,-37.8,-37.2,-11.34,-11.328,0,0.95,1304.1,0.004976852,28.1,0,--.--,278,8.3,47,0000:00:00,72,0,70,0,30,0,0,3.12,0,0,0,1,39.09,0.462662037,45209,89.1,55.11,--.--
low,1,662,11.03,16.15,2.48,657,40.052,1.6,9.989928361,0.004349537,6.3,-0.5,94,0,0,0,0.1,0,0,0,-37.8,-37.2,-11.35,-11.34,0,0.95,1304.1,0.004988426,28.4,0,--.--,277,8.5,47,0000:00:00,72,0,70,0,30,0,0,3.12,0,0,0,1,40.05,0.462673611,45209,89.11,55.11,--.--
low,1,663,11.05,16.07,2.45,658,39.3715,1.6,10.00216786,0.004361111,4.5,-1,94,0,0,0,0,0,0,0,-37.9,-37.3,-11.38,-11.371,0,0.93,1304.1,0.005,28.6,0,--.--,277,8.7,49,0000:00:00,72,0,70,0,30,0,0,3.05,0,0,0,1,39.38,0.462685185,45209,89.13,55.11,--.--
low,1,664,11.07,16.15,2.32,659,37.468,1.57,10.01257564,0.004372685,7.4,1.2,95,0,0,0,0.1,0,0,0,-38,-37.4,-11.4,-11.426,0,0.9,1304.1,0.005011574,28.7,0,--.--,277,8.7,49,0000:00:00,72,0,70,0,30,0,0,2.95,0,0,0,1,37.47,0.462696759,45209,89.13,55.13,--.--
low,1,665,11.08,16.14,2.25,659,36.315,1.56,10.03207814,0.004384259,5.1,0.8,95,0,0,0,0.1,0,0,0,-38,-37.4,-11.4,-11.444,0,0.89,1304.1,0.005023148,28.9,0,--.--,277,8.9,49,0000:00:00,72,0,70,0,30,0,0,2.92,0,0,0,1,36.33,0.462708333,45209,89.15,55.13,--.--
low,1,666,11.1,15.96,2.36,660,37.6656,1.58,10.04440731,0.004395833,5.7,-0.4,94,0,0,0,0.1,0,0,0.1,-37.8,-37.2,-11.35,-11.406,0,0.91,1304.1,0.005034722,29.1,0,--.--,277,9,43,0000:00:00,72,0,70,0,30,0,0,2.99,0,0,0,1,37.66,0.462719907,45209,89.17,55.13,--.--
low,1,667,11.12,15.89,8.85,662,140.6265,2.15,10.05601914,0.004407407,5.2,-0.4,94,0,0,0,0.1,0,0,0,-37.6,-37.1,-11.3,-11.335,0,0.97,1304.1,0.005046296,29.3,0,--.--,277,9.2,45,0000:00:00,72,0,70,0,30,0,0,3.18,0,0,0,1,140.61,0.462731481,45209,89.19,55.11,--.--
low,1,668,11.13,16.14,2.73,663,44.0622,1.64,10.06829586,0.004418981,6.7,0.4,94,0,0,0,0,0,0,0,-37.5,-36.9,-11.26,-11.256,0,1,1304.1,0.00505787,29.4,0,--.--,276,9.3,46,0000:00:00,72,0,70,0,30,0,0,3.28,0,0,0,1,44.06,0.462743056,45209,89.2,55.11,--.--
low,1,669,11.15,16.15,2.32,663,37.468,1.57,10.09009711,0.004430556,5.1,-1.2,94,0,0,0,0.1,0,0,0.1,-37.4,-36.8,-11.23,-11.196,0,1.03,1304.1,0.005069444,29.5,0,--.--,276,9.4,57,0000:00:00,72,0,70,0,30,0,0,3.38,0,0,0,1,37.46,0.46275463,45209,89.22,55.13,--.--
low,1,670,11.17,16.14,4.35,665,70.209,1.85,10.11237928,0.00444213,5.4,-0.7,94,0,0,0,0.1,0,0,0,-37.3,-36.7,-11.19,-11.158,0,1.06,1304.1,0.005081019,29.7,0,--.--,276,9.6,49,0000:00:00,72,0,70,0,30,0,0,3.48,0,0,0,1,70.2,0.462766204,45209,89.24,55.13,--.--
low,1,671,11.18,16.14,2.75,666,44.385,1.65,10.12568653,0.004453704,5.4,-0.6,94,0,0,0,0.1,0,0,0,-37.2,-36.7,-11.18,-11.124,0,1.06,1304.1,0.005092593,29.9,0,--.--,277,9.8,45,0000:00:00,72,0,70,0,30,0,0,3.48,0,0,0,1,44.38,0.462777778,45209,89.24,55.13,--.--
low,1,672,11.2,16.14,2.59,666,41.8026,1.62,10.1383665,0.004465278,5.9,-0.4,94,0,0,0,0.1,0,0,0,-37.2,-36.7,-11.18,-11.126,0,1.05,1304.1,0.005104167,30.1,0,--.--,277,10,45,0000:00:00,72,0,70,0,30,0,0,3.44,0,0,0,1,41.81,0.462789352,45209,89.28,55.11,--.--
low,1,673,11.22,16.13,2.74,667,44.1962,1.65,10.15171856,0.004476852,4.3,0.5,94,0,0,0,0.1,0,0,0,-37.3,-36.7,-11.19,-11.146,0,1.03,1304.1,0.005115741,30.4,0,--.--,277,10.2,50,0000:00:00,72,0,70,0,30,0,0,3.38,0,0,0,1,44.21,0.462800926,45209,89.28,55.13,--.--
low,1,674,11.23,16.05,4.89,668,78.4845,1.89,10.16328556,0.004488426,5.6,-1.5,94,0,0,0,0,0,0,-0.2,-37.4,-36.8,-11.24,-11.168,0,1.03,1304.1,0.005127315,30.6,0,--.--,277,10.5,33,0000:00:00,72,0,70,0,30,0,0,3.38,0,0,0,1,78.51,0.4628125,45209,89.29,55.11,--.--
low,1,675,11.25,16.14,4.97,669,80.2158,1.9,10.17426972,0.0045,6.9,0.6,95,0,0,0,0.1,0,0,-0.1,-37.9,-37.3,-11.38,-11.371,0,0.87,1304.1,0.005138889,30.7,0,--.--,277,10.5,53,0000:00:00,72,0,70,0,30,0,0,2.85,0,0,0,1,80.19,0.462824074,45209,89.31,55.13,--.--
low,1,676,11.27,16.13,2.97,670,47.9061,1.68,10.18511939,0.004511574,6.2,1.7,95,0,0,0,0.1,0,0,0,-38.1,-37.6,-11.45,-11.55,0,0.82,1304.1,0.005150463,30.9,0,--.--,277,10.7,56,0000:00:00,72,0,70,0,30,0,0,2.69,0,0,0,1,47.89,0.462835648,45209,89.35,55.11,--.--
low,1,677,11.28,16.13,2.83,671,45.6479,1.66,10.19655189,0.004523148,5.6,0.6,94,0,0,0,0.1,0,0,0,-38.2,-37.6,-11.47,-11.623,0,0.8,1304.1,0.005162037,31.1,0,--.--,276,10.9,56,0000:00:00,72,0,70,0,30,0,0,2.62,0,0,0,1,45.65,0.462847222,45209,89.37,55.11,--.--
low,1,678,11.3,16.13,2.98,672,48.0674,1.68,10.20891822,0.004534722,6,0.3,94,0,0,0,0.1,0,0,0,-38.1,-37.5,-11.44,-11.587,0,0.81,1304.1,0.005173611,31.4,0,--.--,276,11.2,54,0000:00:00,72,0,70,0,30,0,0,2.66,0,0,0,1,48.07,0.462858796,45209,89.37,55.13,--.--
low,1,679,11.32,16.14,2.58,673,41.6412,1.62,10.22592783,0.004546296,5.8,0.8,94,0,0,0,0.1,0,0,0,-37.9,-37.4,-11.39,-11.507,0,0.85,1304.1,0.005185185,31.6,0,--.--,276,11.4,52,0000:00:00,72,0,70,0,30,0,0,2.79,0,0,0,1,41.65,0.46287037,45209,89.38,55.13,--.--
low,1,680,11.33,16.14,2.45,673,39.543,1.6,10.23913728,0.00455787,6,0.9,95,0,0,0,0.1,0,0,0,-37.8,-37.3,-11.36,-11.424,0,0.89,1304.1,0.005196759,31.8,0,--.--,276,11.6,50,0000:00:00,72,0,70,0,30,0,0,2.92,0,0,0,1,39.55,0.462881944,45209,89.4,55.11,--.--
low,1,681,11.35,16.14,2.42,674,39.0588,1.59,10.25150361,0.004569444,5.6,-0.3,94,0,0,0,0.1,0,0,0,-37.7,-37.2,-11.33,-11.365,0,0.89,1304.1,0.005208333,32,0,--.--,277,11.8,50,0000:00:00,72,0,70,0,30,0,0,2.92,0,0,0,1,39.07,0.462893519,45209,89.42,55.11,--.--
low,1,682,11.37,16.14,2.55,675,41.157,1.61,10.26275678,0.004581019,6.2,-0.4,94,0,0,0,0.1,0,0,0,-37.7,-37.1,-11.31,-11.324,0,0.91,1304.1,0.005219907,32.3,0,--.--,277,12.1,49,0000:00:00,72,0,70,0,30,0,0,2.99,0,0,0,1,41.16,0.462905093,45209,89.44,55.11,--.--
low,1,683,11.38,16.13,2.76,675,44.5188,1.65,10.27370289,0.004592593,5.8,-0.9,94,0,0,0,0.1,0,0,0,-37.6,-37,-11.29,-11.282,0,0.93,1304.1,0.005231481,32.6,0,--.--,277,12.4,50,0000:00:00,72,0,70,0,30,0,0,3.05,0,0,0,1,44.52,0.462916667,45209,89.47,55.13,--.--
low,1,684,11.4,16.03,3.82,676,61.2346,1.79,10.28418739,0.004604167,5.1,-1.1,94,0,0,0,0.1,0,0,0,-37.4,-36.9,-11.23,-11.228,0,0.98,1304.1,0.005243056,33,0,--.--,277,12.8,45,0000:00:00,72,0,70,0,30,0,0,3.22,0,0,0,1,61.23,0.462928241,45209,89.47,55.11,--.--
low,1,685,11.42,16.12,2.95,677,47.554,1.68,10.29736022,0.004615741,5.9,-1.4,94,0,0,0,0.1,0,0,0,-37.3,-36.8,-11.21,-11.173,0,1,1310.8,0.00525463,33.4,0,--.--,277,13.2,47,0000:00:00,72,0,70,0,30,0,0,3.28,0,0,0,1,47.56,0.462939815,45209,89.49,55.11,--.--
low,1,686,11.43,16.13,2.76,678,44.5188,1.65,10.310085,0.004627315,6,-1,94,0,0,0,0.1,0,0,0,-37.3,-36.8,-11.22,-11.161,0,1.02,1310.8,0.005266204,33.8,0,--.--,277,13.6,47,0000:00:00,72,0,70,0,30,0,0,3.35,0,0,0,1,44.52,0.462951389,45209,89.51,55.13,--.--
low,1,687,11.45,16.14,2.51,679,40.5114,1.61,10.324942,0.004638889,5.5,-0.4,94,0,0,0,0.1,0,0,0,-37.3,-36.8,-11.22,-11.175,0,1.02,1310.8,0.005277778,34.1,0,--.--,278,14,48,0000:00:00,72,0,70,0,30,0,0,3.35,0,0,0,1,40.52,0.462962963,45209,89.53,55.11,--.--
low,1,688,11.47,16.15,2.44,679,39.406,1.6,10.33723933,0.004650463,5.6,-0.4,94,0,0,0,0.1,0,0,0,-37.3,-36.8,-11.21,-11.16,0,1.05,1310.8,0.005289352,34.5,0,--.--,278,14.4,45,0000:00:00,72,0,70,0,30,0,0,3.44,0,0,0,1,39.4,0.462974537,45209,89.53,55.11,--.--
low,1,689,11.48,16.13,2.34,680,37.7442,1.58,10.3492995,0.004662037,6.1,-0.8,94,0,0,0,0.1,0,0,-0.1,-37.6,-37,-11.3,-11.229,0,0.98,1310.8,0.005300926,34.6,0,--.--,278,14.5,52,0000:00:00,72,0,70,0,30,0,0,3.22,0,0,0,1,37.74,0.462986111,45209,89.55,55.11,--.--
low,1,690,11.5,16.13,2.94,681,47.4222,1.68,10.36367317,0.004673611,4.7,0.9,95,0,0,0,0.1,0,0,-0.1,-37.8,-37.2,-11.36,-11.357,0,0.9,1310.8,0.0053125,34.8,0,--.--,278,14.7,49,0000:00:00,72,0,70,0,30,0,0,2.95,0,0,0,1,47.41,0.462997685,45209,89.56,55.13,--.--
low,1,691,11.52,16.13,2.84,682,45.8092,1.66,10.37554664,0.004685185,6.1,1.1,95,0,0,0,0.1,0,0,0,-37.9,-37.4,-11.4,-11.456,0,0.84,1310.8,0.005324074,35.1,0,--.--,277,14.9,53,0000:00:00,72,0,70,0,30,0,0,2.76,0,0,0,1,45.8,0.463009259,45209,89.58,55.13,--.--
low,1,692,11.53,16.11,3.32,682,53.4852,1.73,10.38930194,0.004696759,5.9,0.3,95,0,0,0,0.1,0,0,0,-37.9,-37.4,-11.4,-11.48,0,0.83,1310.8,0.005335648,35.7,0,--.--,277,15.4,53,0000:00:00,72,0,70,0,30,0,0,2.72,0,0,0,1,53.5,0.463020833,45209,89.6,55.11,--.--
low,1,693,11.55,16.04,2.76,683,44.2704,1.65,10.40260094,0.004708333,5,0.4,95,0,0,0,0.1,0,0,0,-37.8,-37.2,-11.34,-11.411,0,0.85,1310.8,0.005347222,36.1,0,--.--,277,15.8,49,0000:00:00,72,0,70,0,30,0,0,2.79,0,0,0,1,44.28,0.463032407,45209,89.6,55.13,--.--
low,1,694,11.57,16.14,2.69,684,43.4166,1.64,10.41510944,0.004719907,6.4,-0.5,94,0,0,0,0.1,0,0,0,-37.6,-37.1,-11.3,-11.309,0,0.89,1310.8,0.005358796,36.4,0,--.--,277,16.1,47,0000:00:00,72,0,70,0,30,0,0,2.92,0,0,0,1,43.41,0.463043981,45209,89.64,55.11,--.--
low,1,695,11.58,16.12,3.21,685,51.7452,1.71,10.42645228,0.004731481,6.4,-0.5,94,0,0,0,0.1,0,0,0,-37.5,-37,-11.27,-11.268,0,0.92,1310.8,0.00537037,36.7,0,--.--,277,16.4,47,0000:00:00,72,0,70,0,30,0,0,3.02,0,0,0,1,51.74,0.463055556,45209,89.65,55.11,--.--
low,1,696,11.6,16.13,2.65,686,42.7445,1.63,10.43752611,0.004743056,5.4,-0.5,94,0,0,0,0.1,0,0,0,-37.5,-36.9,-11.26,-11.231,0,0.96,1310.8,0.005381944,37,0,--.--,277,16.7,47,0000:00:00,72,0,70,0,30,0,0,3.15,0,0,0,1,42.75,0.46306713,45209,89.65,55.11,--.--
low,1,697,11.62,16.13,3.07,686,49.5191,1.69,10.44833094,0.00475463,6.5,-1.4,94,0,0,0,0.1,0,0,0,-37.5,-36.9,-11.25,-11.214,0,0.96,1310.8,0.005393519,37.3,0,--.--,277,17.1,47,0000:00:00,72,0,70,0,30,0,0,3.15,0,0,0,1,49.5,0.463078704,45209,89.67,55.13,--.--
low,1,698,11.63,16.12,2.97,687,47.8764,1.68,10.45877711,0.004766204,5.8,-1.8,95,0,0,0,0.1,0,0,0,-37.4,-36.9,-11.24,-11.193,0,0.94,1310.8,0.005405093,37.8,0,--.--,277,17.5,46,0000:00:00,72,0,70,0,30,0,0,3.08,0,0,0,1,47.89,0.463090278,45209,89.69,55.13,--.--
low,1,699,11.65,16.14,2.79,688,45.0306,1.65,10.47024733,0.004777778,5.8,-0.8,95,0,0,0,0.1,0,0,0,-37.4,-36.9,-11.24,-11.194,0,0.92,1310.8,0.005416667,38.2,0,--.--,277,17.9,51,0000:00:00,72,0,70,0,30,0,0,3.02,0,0,0,1,45.02,0.463101852,45209,89.71,55.13,--.--
low,1,700,11.67,16.14,2.53,689,40.8342,1.61,10.484621,0.004789352,5.7,-1.3,95,0,0,0,0.1,0,0,0,-37.4,-36.9,-11.24,-11.198,0,0.92,1310.8,0.005428241,38.6,0,--.--,277,18.2,46,0000:00:00,72,0,70,0,30,0,0,3.02,0,0,0,1,40.83,0.463113426,45209,89.73,55.11,--.--
low,1,701,11.68,16.14,2.47,689,39.8658,1.6,10.49582933,0.004800926,5.6,-0.7,95,0,0,0,0.1,0,0,0,-37.4,-36.9,-11.24,-11.201,0,0.92,1310.8,0.005439815,38.8,0,--.--,277,18.5,46,0000:00:00,72,0,70,0,30,0,0,3.02,0,0,0,1,39.85,0.463125,45209,89.73,55.11,--.--
low,1,702,11.7,16.14,2.41,690,38.8974,1.59,10.507658,0.0048125,6.1,-1,95,0,0,0,0.1,0,0,0,-37.4,-36.9,-11.25,-11.202,0,0.91,1310.8,0.005451389,39.1,0,--.--,277,18.8,46,0000:00:00,72,0,70,0,30,0,0,2.99,0,0,0,1,38.9,0.463136574,45209,89.74,55.11,--.--
low,1,703,11.72,16.14,2.33,691,37.6062,1.58,10.51935225,0.004824074,5.8,-0.8,95,0,0,0,0.1,0,0,0,-37.5,-36.9,-11.25,-11.217,0,0.9,1310.8,0.005462963,39.3,0,--.--,277,19,47,0000:00:00,72,0,70,0,30,0,0,2.95,0,0,0,1,37.61,0.463148148,45209,89.76,55.11,--.--
low,1,704,11.73,16.13,2.56,691,41.2928,1.62,10.53037442,0.004835648,5.6,-0.4,95,0,0,0,0.1,0,0,0,-37.5,-37,-11.27,-11.24,0,0.88,1310.8,0.005474537,39.6,0,--.--,277,19.2,47,0000:00:00,72,0,70,0,30,0,0,2.89,0,0,0,1,41.28,0.463159722,45209,89.76,55.11,--.--
low,1,705,11.75,16.12,3.21,692,51.7452,1.71,10.54216558,0.004847222,6.4,-0.3,95,0,0,0,0.1,0,0,0,-37.6,-37,-11.28,-11.277,0,0.87,1317.4,0.005486111,39.9,0,--.--,277,19.5,48,0000:00:00,72,0,70,0,30,0,0,2.85,0,0,0,1,51.74,0.463171296,45209,89.8,55.11,--.--
low,1,706,11.77,16.14,2.5,693,40.35,1.61,10.55368775,0.004858796,7.7,-2.5,95,0,0,0,0.1,0,0,0.1,-37.6,-37,-11.28,-11.3,0,0.85,1317.4,0.005497685,40.3,0,--.--,277,19.9,57,0000:00:00,72,0,70,0,30,0,0,2.79,0,0,0,1,40.35,0.46318287,45209,89.82,55.11,--.--
low,1,707,11.78,16.13,2.64,694,42.5832,1.63,10.56542681,0.00487037,5.3,-0.5,95,0,0,0,0.1,0,0,0,-37.4,-36.9,-11.24,-11.265,0,0.88,1317.4,0.005509259,40.6,0,--.--,277,20.2,47,0000:00:00,72,0,70,0,30,0,0,2.89,0,0,0,1,42.59,0.463194444,45209,89.83,55.11,--.--
low,1,708,11.8,16.13,2.61,694,42.0993,1.62,10.57712831,0.004881944,5.7,-0.9,95,0,0,0,0.1,0,0,0,-37.3,-36.8,-11.22,-11.203,0,0.9,1317.4,0.005520833,40.9,0,--.--,277,20.6,49,0000:00:00,72,0,70,0,30,0,0,2.95,0,0,0,1,42.11,0.463206019,45209,89.85,55.11,--.--
low,1,709,11.82,16.13,2.46,695,39.6798,1.6,10.58784347,0.004893519,6,-1.4,95,0,0,0,0.1,0,0,0,-37.3,-36.8,-11.22,-11.2,0,0.89,1317.4,0.005532407,41.3,0,--.--,277,20.9,47,0000:00:00,72,0,70,0,30,0,0,2.92,0,0,0,1,39.68,0.463217593,45209,89.87,55.11,--.--
low,1,710,11.83,16.14,2.63,696,42.4482,1.63,10.59873797,0.004905093,5.9,-1.1,95,0,0,0,0.1,0,0,0,-37.4,-36.8,-11.22,-11.202,0,0.89,1317.4,0.005543981,41.6,0,--.--,277,21.2,47,0000:00:00,72,0,70,0,30,0,0,2.92,0,0,0,1,42.44,0.463229167,45209,89.89,55.11,--.--
low,1,711,11.85,16.14,2.57,697,41.4798,1.62,10.60952272,0.004916667,6.4,-0.3,95,0,0,0,0.1,0,0,0,-37.3,-36.8,-11.21,-11.21,0,0.9,1317.4,0.005555556,41.9,0,--.--,277,21.6,44,0000:00:00,72,0,70,0,30,0,0,2.95,0,0,0,1,41.47,0.463240741,45209,89.89,55.11,--.--
low,1,712,11.87,16.13,2.62,697,42.2606,1.63,10.64224689,0.004928241,5.6,-0.3,95,0,0,0,0.1,0,0,0,-37.3,-36.8,-11.21,-11.202,0,0.91,1317.4,0.00556713,42.2,0,--.--,278,21.9,48,0000:00:00,72,0,70,0,30,0,0,2.99,0,0,0,1,42.27,0.463252315,45209,89.89,55.11,--.--
low,1,713,11.88,16.14,2.61,698,42.1254,1.62,10.65470283,0.004939815,5.9,-0.8,95,0,0,0,0.1,0,0,0,-37.4,-36.8,-11.23,-11.221,0,0.89,1317.4,0.005578704,42.5,0,--.--,278,22.2,48,0000:00:00,72,0,70,0,30,0,0,2.92,0,0,0,1,42.12,0.463263889,45209,89.92,55.11,--.--
low,1,714,11.9,16.14,2.39,699,38.5746,1.59,10.66688239,0.004951389,5.7,-0.3,95,0,0,0,0.1,0,0,0,-37.4,-36.8,-11.23,-11.236,0,0.87,1317.4,0.005590278,42.8,0,--.--,278,22.5,48,0000:00:00,72,0,70,0,30,0,0,2.85,0,0,0,1,38.58,0.463275463,45209,89.92,55.11,--.--
low,1,715,11.92,16.14,2.43,699,39.2202,1.59,10.67822522,0.004962963,5.9,-0.5,95,0,0,0,0.1,0,0,0,-37.4,-36.8,-11.23,-11.237,0,0.86,1317.4,0.005601852,43.1,0,--.--,278,22.8,48,0000:00:00,72,0,70,0,30,0,0,2.82,0,0,0,1,39.22,0.463287037,45209,89.96,55.11,--.--
low,1,716,11.93,16.11,2.41,700,38.8251,1.59,10.68898522,0.004974537,6.5,-3.2,95,0,0,0,0.1,0,0,0.1,-37.4,-36.8,-11.22,-11.237,0,0.87,1317.4,0.005613426,43.4,0,--.--,278,23,65,0000:00:00,72,0,70,0,30,0,0,2.85,0,0,0,1,38.81,0.463298611,45209,89.96,55.11,--.--
low,1,717,11.95,16.05,7.34,702,117.807,2.07,10.70045544,0.004986111,5.5,-3,95,0,0,0,0.1,0,0,0,-37,-36.5,-11.11,-11.152,0,0.96,1317.4,0.005625,43.6,0,--.--,278,23.3,45,0000:00:00,72,0,70,0,30,0,0,3.15,0,0,0,1,117.84,0.463310185,45209,90,55.11,--.--
low,1,718,11.97,16.13,2.78,703,44.8414,1.65,10.71246333,0.004997685,6.1,-3,95,0,0,0,0.1,0,0,0,-36.8,-36.3,-11.05,-11.017,0,1,1317.4,0.005636574,43.9,0,--.--,278,23.6,44,0000:00:00,72,0,70,0,30,0,0,3.28,0,0,0,1,44.83,0.463321759,45209,90,55.11,--.--
low,1,719,11.98,16.12,2.72,703,43.8464,1.64,10.72474006,0.005009259,5.9,-2.1,95,0,0,0,0.1,0,0,0,-36.8,-36.3,-11.05,-10.981,0,1.01,1317.4,0.005648148,44.2,0,--.--,278,23.9,44,0000:00:00,72,0,70,0,30,0,0,3.31,0,0,0,1,43.85,0.463333333,45209,90.01,55.11,--.--
low,1,720,12,16.14,2.53,704,40.8342,1.61,10.73665833,0.005020833,6.7,-2.9,95,0,0,0,0,0,0,-0.1,-37,-36.4,-11.11,-11.017,0,0.97,1317.4,0.005659722,44.4,0,--.--,278,24.1,50,0000:00:00,72,0,70,0,30,0,0,3.18,0,0,0,1,40.83,0.463344907,45209,90.03,55.11,--.--
low,1,721,12.02,16.14,2.4,705,38.736,1.59,10.74799414,0.005032407,5.4,1.8,95,0,0,0,0.1,0,0,0,-37.1,-36.6,-11.16,-11.137,0,0.9,1317.4,0.005671296,44.5,0,--.--,278,24.2,49,0000:00:00,72,0,70,0,30,0,0,2.95,0,0,0,1,38.73,0.463356481,45209,90.05,55.11,--.--
low,1,722,12.03,16.13,2.56,706,41.2928,1.62,10.76039603,0.005043981,6.2,1.4,95,0,0,0,0.1,0,0,0,-37.3,-36.7,-11.2,-11.217,0,0.87,1317.4,0.00568287,44.7,0,--.--,278,24.4,50,0000:00:00,72,0,70,0,30,0,0,2.85,0,0,0,1,41.29,0.463368056,45209,90.05,55.11,--.--
low,1,723,12.05,16.13,2.68,706,43.2284,1.64,10.77164919,0.005055556,6.4,0.2,95,0,0,0,0.1,0,0,0,-37.3,-36.8,-11.22,-11.277,0,0.83,1317.4,0.005694444,45,0,--.--,278,24.6,51,0000:00:00,72,0,70,0,30,0,0,2.72,0,0,0,1,43.22,0.46337963,45209,90.05,55.13,--.--
low,1,724,12.07,16.13,2.74,707,44.1962,1.65,10.78285058,0.00506713,6.1,0.3,95,0,0,0,0.1,0,0,0,-37.3,-36.8,-11.21,-11.289,0,0.84,1317.4,0.005706019,45.3,0,--.--,277,24.9,51,0000:00:00,72,0,70,0,30,0,0,2.76,0,0,0,1,44.2,0.463391204,45209,90.09,55.11,--.--
low,1,725,12.08,16.13,2.66,708,42.9058,1.63,10.7950825,0.005078704,5.7,-0.2,95,0,0,0,0.1,0,0,0,-37.3,-36.7,-11.2,-11.254,0,0.84,1317.4,0.005717593,45.7,0,--.--,277,25.3,50,0000:00:00,72,0,70,0,30,0,0,2.76,0,0,0,1,42.9,0.463402778,45209,90.1,55.11,--.--
low,1,726,12.1,16.13,2.53,709,40.8089,1.61,10.806784,0.005090278,5.4,-1.1,95,0,0,0,0.1,0,0,0,-37.2,-36.7,-11.18,-11.229,0,0.85,1317.4,0.005729167,46,0,--.--,277,25.6,50,0000:00:00,72,0,70,0,30,0,0,2.79,0,0,0,1,40.82,0.463414352,45209,90.12,55.11,--.--
low,1,727,12.12,16.06,2.78,709,44.6468,1.65,10.81816461,0.005101852,6,-3.8,94,0,0,0,0.1,0,0,0,-37.1,-36.6,-11.15,-11.198,0,0.86,1317.4,0.005740741,46.3,0,--.--,277,25.9,47,0000:00:00,72,0,70,0,30,0,0,2.82,0,0,0,1,44.65,0.463425926,45209,90.14,55.11,--.--
low,1,728,12.13,16.14,2.51,710,40.5114,1.61,10.82945561,0.005113426,5.7,0.2,95,0,0,0,0.1,0,0,0,-37,-36.5,-11.11,-11.113,0,0.92,1324.1,0.005752315,46.5,0,--.--,277,26.1,47,0000:00:00,72,0,70,0,30,0,0,3.02,0,0,0,1,40.5,0.4634375,45209,90.14,55.11,--.--
low,1,729,12.15,16.13,2.5,711,40.325,1.61,10.84039494,0.005125,5.8,-1.8,95,0,0,0,0.1,0,0,0,-37,-36.4,-11.1,-11.073,0,0.91,1324.1,0.005763889,46.8,0,--.--,277,26.4,47,0000:00:00,72,0,70,0,30,0,0,2.99,0,0,0,1,40.34,0.463449074,45209,90.16,55.11,--.--
low,1,730,12.17,16.13,2.73,711,44.0349,1.64,10.85106528,0.005136574,6.5,-1.7,95,0,0,0,0.1,0,0,0,-37,-36.4,-11.1,-11.071,0,0.92,1324.1,0.005775463,47.1,0,--.--,277,26.7,47,0000:00:00,72,0,70,0,30,0,0,3.02,0,0,0,1,44.02,0.463460648,45209,90.18,55.11,--.--
low,1,731,12.18,16.14,2.61,712,42.1254,1.62,10.86209428,0.005148148,5.8,-1.4,95,0,0,0,0.1,0,0,0,-37,-36.4,-11.1,-11.07,0,0.91,1324.1,0.005787037,47.4,0,--.--,277,27,47,0000:00:00,72,0,70,0,30,0,0,2.99,0,0,0,1,42.11,0.463472222,45209,90.19,55.11,--.--
low,1,732,12.2,16.13,2.54,713,40.9702,1.61,10.87303361,0.005159722,5.9,-1.2,95,0,0,0,0.1,0,0,0,-37,-36.4,-11.1,-11.073,0,0.91,1324.1,0.005798611,47.8,0,--.--,277,27.4,49,0000:00:00,72,0,70,0,30,0,0,2.99,0,0,0,1,40.97,0.463483796,45209,90.19,55.11,--.--
low,1,733,12.22,16.13,2.52,714,40.6476,1.61,10.88337728,0.005171296,6.4,-1.3,95,0,0,0,0.1,0,0,0,-37,-36.5,-11.11,-11.075,0,0.92,1324.1,0.005810185,48,0,--.--,278,27.6,47,0000:00:00,72,0,70,0,30,0,0,3.02,0,0,0,1,40.66,0.46349537,45209,90.21,55.11,--.--
low,1,734,12.23,16.14,2.44,714,39.3816,1.6,10.89448906,0.00518287,5.7,-0.9,95,0,0,0,0.1,0,0,0,-37,-36.5,-11.11,-11.091,0,0.93,1324.1,0.005821759,48.3,0,--.--,277,27.9,47,0000:00:00,72,0,70,0,30,0,0,3.05,0,0,0,1,39.37,0.463506944,45209,90.21,55.11,--.--
low,1,735,12.25,16.14,2.38,715,38.4132,1.58,10.90498006,0.005194444,6.1,-2.4,95,0,0,0,0.1,0,0,0,-37,-36.5,-11.11,-11.107,0,0.92,1324.1,0.005833333,48.5,0,--.--,277,28.1,50,0000:00:00,72,0,70,0,30,0,0,3.02,0,0,0,1,38.4,0.463518519,45209,90.25,55.11,--.--
low,1,736,12.27,16.14,2.46,716,39.7044,1.6,10.91623322,0.005206019,6,0,95,0,0,0,0.1,0,0,0,-36.9,-36.4,-11.09,-11.1,0,0.93,1324.1,0.005844907,48.7,0,--.--,278,28.3,48,0000:00:00,72,0,70,0,30,0,0,3.05,0,0,0,1,39.7,0.463530093,45209,90.27,55.11,--.--
low,1,737,12.28,16.14,2.44,717,39.3816,1.6,10.92779306,0.005217593,5.9,-1.2,95,0,0,0,0.1,0,0,0,-36.9,-36.4,-11.09,-11.076,0,0.93,1324.1,0.005856481,49,0,--.--,278,28.6,47,0000:00:00,72,0,70,0,30,0,0,3.05,0,0,0,1,39.37,0.463541667,45209,90.27,55.11,--.--
low,1,738,12.3,16.12,2.31,718,37.2372,1.57,10.93930808,0.005229167,6.3,-0.9,95,0,0,0,0.1,0,0,0,-36.9,-36.3,-11.07,-11.073,0,0.94,1324.1,0.005868056,49.2,0,--.--,278,28.8,47,0000:00:00,72,0,70,0,30,0,0,3.08,0,0,0,1,37.23,0.463553241,45209,90.3,55.11,--.--
low,1,739,12.32,16.13,2.48,718,40.0024,1.6,10.95041986,0.005240741,5.7,-1,95,0,0,0,0.1,0,0,0,-36.9,-36.3,-11.07,-11.055,0,0.96,1324.1,0.00587963,49.4,0,--.--,278,29,47,0000:00:00,72,0,70,0,30,0,0,3.15,0,0,0,1,40.01,0.463564815,45209,90.3,55.11,--.--
low,1,740,12.33,16.14,2.34,719,37.7676,1.58,10.96122469,0.005252315,6.1,-1,95,0,0,0,0.1,0,0,0,-36.9,-36.3,-11.07,-11.059,0,0.96,1324.1,0.005891204,49.6,0,--.--,278,29.2,47,0000:00:00,72,0,70,0,30,0,0,3.15,0,0,0,1,37.77,0.463576389,45209,90.32,55.11,--.--
low,1,741,12.35,16.14,2.51,720,40.5114,1.61,10.97269492,0.005263889,6.2,-2.2,95,0,0,0,0.1,0,0,0,-36.8,-36.2,-11.04,-11.055,0,0.95,1324.1,0.005902778,49.8,0,--.--,278,29.4,43,0000:00:00,72,0,70,0,30,0,0,3.12,0,0,0,1,40.51,0.463587963,45209,90.32,55.11,--.--
low,1,742,12.37,16.13,2.58,720,41.6154,1.62,10.98362747,0.005275463,5.8,-1.4,95,0,0,0,0.1,0,0,0,-36.7,-36.1,-11.01,-10.996,0,1,1324.1,0.005914352,50,0,--.--,278,29.6,46,0000:00:00,72,0,70,0,30,0,0,3.28,0,0,0,1,41.63,0.463599537,45209,90.34,55.11,--.--
low,1,743,12.38,16.13,2.57,721,41.4541,1.62,10.99487367,0.005287037,6.1,-1.8,94,0,0,0,0.1,0,0,0,-36.6,-36.1,-11.01,-10.969,0,1.01,1324.1,0.005925926,50.3,0,--.--,278,29.9,46,0000:00:00,72,0,70,0,30,0,0,3.31,0,0,0,1,41.45,0.463611111,45209,90.34,55.11,--.--
low,1,744,12.4,16.13,2.48,722,40.0024,1.6,11.00603339,0.005298611,6.1,-1,94,0,0,0,0.1,0,0,0,-36.7,-36.1,-11.01,-10.973,0,1.02,1324.1,0.0059375,50.5,0,--.--,278,30.1,46,0000:00:00,72,0,70,0,30,0,0,3.35,0,0,0,1,40,0.463622685,45209,90.37,55.13,--.--
low,1,745,12.42,16.14,2.41,723,38.8974,1.59,11.01683153,0.005310185,6.1,-1.2,95,0,0,0,0.1,0,0,0,-36.7,-36.2,-11.02,-10.992,0,1.01,1324.1,0.005949074,50.7,0,--.--,278,30.3,55,0000:00:00,72,0,70,0,30,0,0,3.31,0,0,0,1,38.89,0.463634259,45209,90.37,55.11,--.--
low,1,746,12.43,16.13,2.56,723,41.2928,1.62,11.02696386,0.005321759,5.6,-0.9,95,0,0,0,0.1,0,0,0,-36.6,-36.1,-11,-10.985,0,1.02,1324.1,0.005960648,50.9,0,--.--,278,30.6,46,0000:00:00,72,0,70,0,30,0,0,3.35,0,0,0,1,41.3,0.463645833,45209,90.41,55.11,--.--
low,1,747,12.45,16.13,2.44,724,39.3572,1.6,11.037762,0.005333333,6.1,-1.4,95,0,0,0,0.1,0,0,0,-36.7,-36.1,-11.01,-10.985,0,1.01,1324.1,0.005972222,51.1,0,--.--,278,30.8,46,0000:00:00,72,0,70,0,30,0,0,3.31,0,0,0,1,39.36,0.463657407,45209,90.43,55.11,--.--
low,1,748,12.47,16.13,2.51,725,40.4863,1.61,11.05053158,0.005344907,6,-0.8,94,0,0,0,0.1,0,0,0,-36.7,-36.1,-11.01,-10.99,0,1.02,1324.1,0.005983796,51.4,0,--.--,278,31,64,0000:00:00,72,0,70,0,30,0,0,3.35,0,0,0,1,40.5,0.463668981,45209,90.45,55.11,--.--
low,1,749,12.48,16.07,2.5,725,40.175,1.6,11.06262908,0.005356481,5.8,-1.8,94,0,0,0,0.1,0,0,0,-36.6,-36.1,-10.99,-10.989,0,1.03,1324.1,0.00599537,51.6,0,--.--,278,31.2,45,0000:00:00,72,0,70,0,30,0,0,3.38,0,0,0,1,40.16,0.463680556,45209,90.46,55.11,--.--
low,1,750,12.5,16.13,2.41,726,38.8733,1.59,11.07436814,0.005368056,6.1,-1.1,95,0,0,0,0,0,0,0,-36.6,-36.1,-10.99,-10.983,0,1.04,1324.1,0.006006944,51.7,0,--.--,278,31.4,38,0000:00:00,72,0,70,0,30,0,0,3.41,0,0,0,1,38.87,0.46369213,45209,90.48,55.11,--.--
low,1,751,12.52,16.14,2.26,727,36.4764,1.56,11.086152,0.00537963,6.8,-1.1,95,0,0,0,0,0,0,0,-36.8,-36.3,-11.06,-11.046,0,0.99,1324.1,0.006018519,51.8,0,--.--,278,31.5,49,0000:00:00,72,0,70,0,30,0,0,3.25,0,0,0,1,36.47,0.463703704,45209,90.5,55.11,--.--
low,1,752,12.53,16.13,2.41,727,38.8733,1.59,11.09802547,0.005391204,5.9,-0.3,95,0,0,0,0.1,0,0,-0.1,-36.9,-36.4,-11.1,-11.122,0,0.96,1324.1,0.006030093,52,0,--.--,278,31.6,42,0000:00:00,72,0,70,0,30,0,0,3.15,0,0,0,1,38.87,0.463715278,45209,90.5,55.11,--.--
low,1,753,12.55,16.13,2.85,728,45.9705,1.66,11.10833075,0.005402778,6.5,-0.8,95,0,0,0,0,0,0,0,-37.1,-36.5,-11.14,-11.209,0,0.91,1324.1,0.006041667,52.1,0,--.--,278,31.7,53,0000:00:00,72,0,70,0,30,0,0,2.99,0,0,0,1,45.98,0.463726852,45209,90.54,55.11,--.--
low,1,754,12.57,16.13,2.7,729,43.551,1.64,11.11873208,0.005414352,5.9,0.2,95,0,0,0,0.1,0,0,0,-37.1,-36.5,-11.14,-11.232,0,0.9,1324.1,0.006053241,52.2,0,--.--,278,31.9,53,0000:00:00,72,0,70,0,30,0,0,2.95,0,0,0,1,43.54,0.463738426,45209,90.54,55.11,--.--
low,1,755,12.58,16.13,2.62,730,42.2606,1.63,11.13002308,0.005425926,6.4,0,95,0,0,0,0.1,0,0,0,-37.1,-36.5,-11.13,-11.226,0,0.91,1324.1,0.006064815,52.5,0,--.--,278,32.1,52,0000:00:00,72,0,70,0,30,0,0,2.99,0,0,0,1,42.26,0.46375,45209,90.57,55.11,--.--
low,1,756,12.6,16.13,2.63,730,42.4219,1.63,11.14015542,0.0054375,6.1,-0.5,95,0,0,0,0.1,0,0,0,-37,-36.5,-11.12,-11.192,0,0.9,1324.1,0.006076389,52.8,0,--.--,278,32.4,52,0000:00:00,72,0,70,0,30,0,0,2.95,0,0,0,1,42.42,0.463761574,45209,90.59,55.11,--.--
low,1,757,12.62,16.13,2.65,731,42.7445,1.63,11.15077433,0.005449074,6,-0.3,95,0,0,0,0.1,0,0,0,-37,-36.4,-11.1,-11.151,0,0.93,1330.6,0.006087963,53.1,0,--.--,278,32.7,51,0000:00:00,72,0,70,0,30,0,0,3.05,0,0,0,1,42.73,0.463773148,45209,90.59,55.11,--.--
low,1,758,12.63,16.13,2.3,732,37.099,1.57,11.16157917,0.005460648,6.4,-0.7,95,0,0,0,0.1,0,0,0,-36.9,-36.4,-11.08,-11.123,0,0.97,1330.6,0.006099537,53.4,0,--.--,278,33,50,0000:00:00,72,0,70,0,30,0,0,3.18,0,0,0,1,37.1,0.463784722,45209,90.61,55.11,--.--
low,1,759,12.65,16.14,2.32,732,37.4448,1.57,11.17270117,0.005472222,6,-0.7,95,0,0,0,0.1,0,0,0,-36.8,-36.3,-11.06,-11.071,0,0.99,1330.6,0.006111111,53.6,0,--.--,278,33.3,49,0000:00:00,72,0,70,0,30,0,0,3.25,0,0,0,1,37.43,0.463796296,45209,90.63,55.11,--.--
low,1,760,12.67,16.13,2.52,733,40.6476,1.61,11.18430581,0.005483796,6,-0.4,95,0,0,0,0.1,0,0,0,-36.8,-36.2,-11.04,-11.044,0,1,1330.6,0.006122685,53.9,0,--.--,278,33.6,48,0000:00:00,72,0,70,0,30,0,0,3.28,0,0,0,1,40.65,0.46380787,45209,90.63,55.11,--.--
low,1,761,12.68,16.14,2.26,734,36.4764,1.56,11.19675403,0.00549537,7,-1.8,95,0,0,0,0.1,0,0,0,-36.8,-36.2,-11.04,-11.03,0,1.03,1330.6,0.006134259,54.2,0,--.--,278,33.9,48,0000:00:00,72,0,70,0,30,0,0,3.38,0,0,0,1,36.48,0.463819444,45209,90.64,55.11,--.--
low,1,762,12.7,16.13,2.37,734,38.2281,1.58,11.20822425,0.005506944,5.5,-0.7,94,0,0,0,0.1,0,0,0,-36.7,-36.2,-11.03,-11.01,0,1.03,1330.6,0.006145833,54.5,0,--.--,278,34.1,48,0000:00:00,72,0,70,0,30,0,0,3.38,0,0,0,1,38.23,0.463831019,45209,90.66,55.11,--.--
low,1,763,12.72,16.14,2.41,735,38.8974,1.59,11.22005292,0.005518519,6.1,-1.4,95,0,0,0,0.1,0,0,0,-36.7,-36.2,-11.02,-10.988,0,1.04,1330.6,0.006157407,54.7,0,--.--,278,34.4,47,0000:00:00,72,0,70,0,30,0,0,3.41,0,0,0,1,38.89,0.463842593,45209,90.66,55.11,--.--
low,1,764,12.73,16.08,2.49,736,40.0392,1.6,11.23134392,0.005530093,6.2,-4.4,94,0,0,0,0.1,0,0,-0.1,-36.7,-36.2,-11.04,-10.971,0,1.05,1330.6,0.006168981,54.9,0,--.--,279,34.6,38,0000:00:00,72,0,70,0,30,0,0,3.44,0,0,0,1,40.04,0.463854167,45209,90.7,55.11,--.--
low,1,765,12.75,16.13,2.59,736,41.7767,1.62,11.24259011,0.005541667,8.5,1.1,95,0,0,0,0.1,0,0,0,-36.9,-36.4,-11.09,-11.056,0,0.96,1330.6,0.006180556,55.1,0,--.--,278,34.8,49,0000:00:00,72,0,70,0,30,0,0,3.15,0,0,0,1,41.77,0.463865741,45209,90.72,55.11,--.--
low,1,766,12.77,16.12,2.78,737,44.8136,1.65,11.25468761,0.005553241,6.7,1,95,0,0,0,0.1,0,0,0,-37,-36.5,-11.11,-11.113,0,0.98,1330.6,0.00619213,55.4,0,--.--,278,35.1,50,0000:00:00,72,0,70,0,30,0,0,3.22,0,0,0,1,44.81,0.463877315,45209,90.72,55.09,--.--
low,1,767,12.78,16.13,2.56,738,41.2928,1.62,11.26566497,0.005564815,5.6,-0.5,95,0,0,0,0.1,0,0,0,-37,-36.5,-11.12,-11.153,0,0.95,1330.6,0.006203704,55.7,0,--.--,278,35.3,51,0000:00:00,72,0,70,0,30,0,0,3.12,0,0,0,1,41.3,0.463888889,45209,90.73,55.11,--.--
low,1,768,12.8,16.13,2.64,739,42.5832,1.63,11.27721764,0.005576389,6.1,0.3,95,0,0,0,0.1,0,0,0,-37,-36.5,-11.12,-11.151,0,0.94,1330.6,0.006215278,56,0,--.--,278,35.6,50,0000:00:00,72,0,70,0,30,0,0,3.08,0,0,0,1,42.58,0.463900463,45209,90.75,55.11,--.--
low,1,769,12.82,16.13,2.52,739,40.6476,1.61,11.28859825,0.005587963,5.8,-0.5,95,0,0,0,0.1,0,0,0,-37,-36.5,-11.12,-11.147,0,0.94,1330.6,0.006226852,56.3,0,--.--,278,35.9,50,0000:00:00,72,0,70,0,30,0,0,3.08,0,0,0,1,40.63,0.463912037,45209,90.75,55.09,--.--
low,1,770,12.83,16.13,2.51,740,40.4863,1.61,11.30033731,0.005599537,6.3,-1.4,95,0,0,0,0.1,0,0,0,-37,-36.5,-11.11,-11.148,0,0.96,1330.6,0.006238426,56.6,0,--.--,278,36.2,50,0000:00:00,72,0,70,0,30,0,0,3.15,0,0,0,1,40.48,0.463923611,45209,90.77,55.11,--.--
low,1,771,12.85,16.13,2.7,741,43.551,1.64,11.31166608,0.005611111,6.2,-0.6,95,0,0,0,0.1,0,0,0,-37,-36.4,-11.09,-11.114,0,0.97,1330.6,0.00625,56.9,0,--.--,278,36.5,49,0000:00:00,72,0,70,0,30,0,0,3.18,0,0,0,1,43.54,0.463935185,45209,90.79,55.11,--.--
low,1,772,12.87,16.13,2.45,742,39.5185,1.6,11.32640608,0.005622685,6.5,-0.7,95,0,0,0,0.1,0,0,0,-36.9,-36.4,-11.08,-11.072,0,0.98,1330.6,0.006261574,57.3,0,--.--,278,36.9,48,0000:00:00,72,0,70,0,30,0,0,3.22,0,0,0,1,39.51,0.463946759,45209,90.79,55.09,--.--
low,1,773,12.88,16.12,2.58,742,41.5896,1.62,11.33810033,0.005634259,6.6,-1.4,95,0,0,0,0.1,0,0,0,-36.9,-36.3,-11.07,-11.053,0,0.99,1330.6,0.006273148,57.6,0,--.--,278,37.2,48,0000:00:00,72,0,70,0,30,0,0,3.25,0,0,0,1,41.6,0.463958333,45209,90.82,55.11,--.--
low,1,774,12.9,16.13,2.54,743,40.9702,1.61,11.35040658,0.005645833,5.8,-0.7,95,0,0,0,0.1,0,0,0,-36.8,-36.3,-11.06,-11.047,0,1,1330.6,0.006284722,57.9,0,--.--,278,37.5,48,0000:00:00,72,0,70,0,30,0,0,3.28,0,0,0,1,40.97,0.463969907,45209,90.82,55.11,--.--
low,1,775,12.92,16.13,2.62,744,42.2606,1.63,11.36281003,0.005657407,6.3,-0.8,94,0,0,0,0.1,0,0,0,-36.8,-36.3,-11.06,-11.032,0,1,1330.6,0.006296296,58.3,0,--.--,278,37.9,48,0000:00:00,72,0,70,0,30,0,0,3.28,0,0,0,1,42.26,0.463981481,45209,90.86,55.11,--.--
low,1,776,12.93,16.12,2.53,744,40.7836,1.61,11.37436986,0.005668981,5.8,0.1,91,0,0,0,0.1,0,0,0,-36.8,-36.3,-11.05,-11.026,0,1,1330.6,0.00630787,58.6,0,--.--,278,38.2,49,0000:00:00,72,0,70,0,30,0,0,3.28,0,0,0,1,40.78,0.463993056,45209,90.86,55.09,--.--
low,1,777,12.95,16.08,3.3,745,53.064,1.72,11.38575047,0.005680556,5.3,-0.7,87,0,0,0,0.1,0,0,0,-36.8,-36.2,-11.04,-11.008,0,1,1330.6,0.006319444,59,0,--.--,278,38.5,47,0000:00:00,72,0,70,0,30,0,0,3.28,0,0,0,1,53.07,0.46400463,45209,90.88,55.09,--.--
low,1,778,12.97,16.13,2.61,746,42.0993,1.62,11.39690706,0.00569213,6.8,0.4,81,0,0,0,0.1,0,0,0,-36.8,-36.2,-11.04,-11.008,0,1.02,1330.6,0.006331019,59.3,0,--.--,277,38.8,47,0000:00:00,72,0,70,0,30,0,0,3.35,0,0,0,1,42.09,0.464016204,45209,90.88,55.09,--.--
low,1,779,12.98,16.11,2.75,747,44.3025,1.65,11.40792922,0.005703704,5.9,-0.6,76,0,0,0,0.1,0,0,0,-36.8,-36.2,-11.04,-11.007,0,1.02,1337.2,0.006342593,59.6,0,--.--,277,39.1,47,0000:00:00,72,0,70,0,30,0,0,3.35,0,0,0,1,44.31,0.464027778,45209,90.9,55.09,--.--
low,1,780,13,16.12,2.77,747,44.6524,1.65,11.41948906,0.005715278,6.4,-0.4,77,0,0,0,0.1,0,0,0,-36.8,-36.2,-11.04,-11.009,0,1.01,1337.2,0.006354167,59.9,0,--.--,277,39.4,46,0000:00:00,72,0,70,0,30,0,0,3.31,0,0,0,1,44.66,0.464039352,45209,90.91,55.11,--.--
low,1,781,13.02,16.13,2.58,748,41.6154,1.62,11.4295255,0.005726852,6.5,-0.4,77,0,0,0,0.1,0,0,0,-36.7,-36.2,-11.03,-11.001,0,1,1337.2,0.006365741,60.3,0,--.--,277,39.8,46,0000:00:00,72,0,70,0,30,0,0,3.28,0,0,0,1,41.6,0.464050926,45209,90.93,55.09,--.--
low,1,782,13.03,16.13,2.54,749,40.9702,1.61,11.44113014,0.005738426,6.9,0.3,77,0,0,0,0.1,0,0,0,-36.7,-36.2,-11.03,-10.986,0,1,1337.2,0.006377315,60.6,0,--.--,277,40,46,0000:00:00,72,0,70,0,30,0,0,3.28,0,0,0,1,40.96,0.4640625,45209,90.95,55.09,--.--
low,1,783,13.05,16.13,2.49,750,40.1637,1.6,11.45148022,0.00575,6.9,0.1,77,0,0,0,0.1,0,0,0,-36.8,-36.2,-11.04,-11.003,0,1,1337.2,0.006388889,60.8,0,--.--,277,40.3,46,0000:00:00,72,0,70,0,30,0,0,3.28,0,0,0,1,40.16,0.464074074,45209,90.95,55.09,--.--
low,1,784,13.07,16.13,2.46,750,39.6798,1.6,11.46276422,0.005761574,6.6,0.1,77,0,0,0,0.1,0,0,0,-36.8,-36.3,-11.05,-11.021,0,0.98,1337.2,0.006400463,61.1,0,--.--,277,40.6,46,0000:00:00,72,0,70,0,30,0,0,3.22,0,0,0,1,39.68,0.464085648,45209,90.99,55.09,--.--
low,1,785,13.08,16.13,2.58,751,41.6154,1.62,11.47524947,0.005773148,7,0.4,77,0,0,0,0.1,0,0,0,-36.8,-36.3,-11.05,-11.024,0,0.98,1337.2,0.006412037,61.4,0,--.--,277,40.9,47,0000:00:00,72,0,70,0,30,0,0,3.22,0,0,0,1,41.6,0.464097222,45209,91,55.09,--.--
low,1,786,13.1,16.13,2.24,752,36.1312,1.56,11.48698125,0.005784722,6.8,0.1,77,0,0,0,0.1,0,0,0,-36.8,-36.3,-11.05,-11.025,0,0.97,1337.2,0.006423611,61.7,0,--.--,277,41.1,46,0000:00:00,72,0,70,0,30,0,0,3.18,0,0,0,1,36.13,0.464108796,45209,91,55.11,--.--
low,1,787,13.12,16.13,2.59,752,41.7767,1.62,11.49980525,0.005796296,6.3,0.1,77,0,0,0,0.1,0,0,0,-36.8,-36.3,-11.06,-11.043,0,0.98,1337.2,0.006435185,61.9,0,--.--,277,41.4,47,0000:00:00,72,0,70,0,30,0,0,3.22,0,0,0,1,41.76,0.46412037,45209,91.02,55.11,--.--
low,1,788,13.13,16.13,2.31,753,37.2603,1.57,11.51171614,0.00580787,6.6,0.6,76,0,0,0,0.1,0,0,0,-36.8,-36.3,-11.06,-11.046,0,0.97,1337.2,0.006446759,62.1,0,--.--,277,41.6,46,0000:00:00,72,0,70,0,30,0,0,3.18,0,0,0,1,37.26,0.464131944,45209,91.04,55.09,--.--
low,1,789,13.15,16.12,2.52,754,40.6224,1.61,11.52442514,0.005819444,6.3,0,77,0,0,0,0.1,0,0,0,-36.8,-36.3,-11.06,-11.043,0,0.99,1337.2,0.006458333,62.3,0,--.--,277,41.8,46,0000:00:00,72,0,70,0,30,0,0,3.25,0,0,0,1,40.62,0.464143519,45209,91.06,55.11,--.--
low,1,790,13.17,16.11,2.79,754,44.9469,1.65,11.53522328,0.005831019,6.6,0.4,77,0,0,0,0.1,0,0,0,-36.8,-36.3,-11.05,-11.026,0,0.98,1337.2,0.006469907,62.6,0,--.--,276,42.1,45,0000:00:00,72,0,70,0,30,0,0,3.22,0,0,0,1,44.96,0.464155093,45209,91.08,55.11,--.--
low,1,791,13.18,16.12,2.62,755,42.2344,1.63,11.54543894,0.005842593,6.7,0.3,76,0,0,0,0.1,0,0,0,-36.8,-36.3,-11.06,-11.029,0,0.96,1337.2,0.006481481,62.9,0,--.--,276,42.4,46,0000:00:00,72,0,70,0,30,0,0,3.15,0,0,0,1,42.24,0.464166667,45209,91.08,55.11,--.--
low,1,792,13.2,16.03,2.88,756,46.1664,1.66,11.55847736,0.005854167,6.2,0.4,77,0,0,0,0.1,0,0,0,-37,-36.4,-11.11,-11.086,0,0.93,1337.2,0.006493056,63.1,0,--.--,276,42.5,49,0000:00:00,72,0,70,0,30,0,0,3.05,0,0,0,1,46.16,0.464178241,45209,91.09,55.09,--.--
low,1,793,13.22,16.12,2.66,757,42.8792,1.63,11.56909628,0.005865741,6.7,2.2,77,0,0,0,0.1,0,0,0,-37.1,-36.5,-11.15,-11.167,0,0.9,1337.2,0.00650463,63.3,0,--.--,276,42.7,49,0000:00:00,72,0,70,0,30,0,0,2.95,0,0,0,1,42.87,0.464189815,45209,91.11,55.09,--.--
low,1,794,13.23,16.11,2.84,757,45.7524,1.66,11.57984961,0.005877315,6.3,1.8,77,0,0,0,0.1,0,0,0,-37.1,-36.6,-11.15,-11.204,0,0.87,1337.2,0.006516204,63.6,0,--.--,276,43,50,0000:00:00,72,0,70,0,30,0,0,2.85,0,0,0,1,45.76,0.464201389,45209,91.11,55.11,--.--
low,1,795,13.25,16.13,2.41,758,38.8733,1.59,11.5921635,0.005888889,5.7,-0.2,77,0,0,0,0.1,0,0,0,-37.1,-36.6,-11.15,-11.205,0,0.85,1337.2,0.006527778,64,0,--.--,275,43.4,50,0000:00:00,72,0,70,0,30,0,0,2.79,0,0,0,1,38.87,0.464212963,45209,91.11,55.09,--.--
low,1,796,13.27,16.13,2.28,759,36.7764,1.57,11.60362661,0.005900463,5.9,0.1,77,0,0,0,0.1,0,0,0,-37.1,-36.5,-11.13,-11.182,0,0.85,1337.2,0.006539352,64.3,0,--.--,275,43.6,49,0000:00:00,72,0,70,0,30,0,0,2.79,0,0,0,1,36.77,0.464224537,45209,91.15,55.09,--.--
low,1,797,13.28,16.13,2.91,759,46.9383,1.67,11.61496242,0.005912037,6.9,0.1,76,0,0,0,0.1,0,0,0,-37,-36.4,-11.1,-11.137,0,0.85,1337.2,0.006550926,64.6,0,--.--,275,43.9,48,0000:00:00,72,0,70,0,30,0,0,2.79,0,0,0,1,46.93,0.464236111,45209,91.17,55.11,--.--
low,1,798,13.3,16.13,2.37,760,38.2281,1.58,11.62677642,0.005923611,5.4,0.8,76,0,0,0,0.1,0,0,0,-36.9,-36.4,-11.08,-11.083,0,0.88,1337.2,0.0065625,64.8,0,--.--,275,44.2,47,0000:00:00,72,0,70,0,30,0,0,2.89,0,0,0,1,38.23,0.464247685,45209,91.18,55.09,--.--
low,1,799,13.32,16.13,2.4,761,38.712,1.59,11.63788131,0.005935185,6.9,0.2,76,0,0,0,0.1,0,0,0,-36.9,-36.3,-11.07,-11.058,0,0.9,1337.2,0.006574074,65.1,0,--.--,275,44.4,46,0000:00:00,72,0,70,0,30,0,0,2.95,0,0,0,1,38.71,0.464259259,45209,91.2,55.11,--.--
low,1,800,13.33,16.12,2.75,762,44.33,1.65,11.64953075,0.005946759,6.8,0.1,76,0,0,0,0.1,0,0,0,-36.8,-36.3,-11.06,-11.041,0,0.9,1337.2,0.006585648,65.3,0,--.--,275,44.6,46,0000:00:00,72,0,70,0,30,0,0,2.95,0,0,0,1,44.33,0.464270833,45209,91.22,55.11,--.--
low,1,801,13.35,16.12,2.56,762,41.2672,1.62,11.66085953,0.005958333,5.7,0,76,0,0,0,0.1,0,0,0,-36.8,-36.3,-11.05,-11.035,0,0.89,1343.8,0.006597222,65.6,0,--.--,275,44.9,46,0000:00:00,72,0,70,0,30,0,0,2.92,0,0,0,1,41.27,0.464282407,45209,91.22,55.09,--.--
low,1,802,13.37,16.13,2.53,763,40.8089,1.61,11.67133103,0.005969907,6.7,0,76,0,0,0,0.1,0,0,0,-36.8,-36.3,-11.05,-11.023,0,0.9,1343.8,0.006608796,66,0,--.--,275,45.3,46,0000:00:00,72,0,70,0,30,0,0,2.95,0,0,0,1,40.8,0.464293981,45209,91.24,55.11,--.--
low,1,803,13.38,16.11,2.64,764,42.5304,1.63,11.68207769,0.005981481,6.4,0.4,76,0,0,0,0.1,0,0,0,-36.8,-36.3,-11.05,-11.027,0,0.9,1343.8,0.00662037,66.3,0,--.--,275,45.6,45,0000:00:00,72,0,70,0,30,0,0,2.95,0,0,0,1,42.54,0.464305556,45209,91.24,55.11,--.--
low,1,804,13.4,16.12,2.48,765,39.9776,1.6,11.69425725,0.005993056,6.2,0.2,76,0,0,0,0.1,0,0,0,-36.8,-36.2,-11.04,-11.01,0,0.89,1343.8,0.006631944,66.6,0,--.--,274,45.8,45,0000:00:00,72,0,70,0,30,0,0,2.92,0,0,0,1,39.98,0.46431713,45209,91.27,55.09,--.--
low,1,805,13.42,16.13,2.6,765,41.938,1.62,11.72181658,0.00600463,6,0.2,76,0,0,0,0.1,0,0,0,-36.7,-36.2,-11.04,-11.005,0,0.88,1343.8,0.006643519,66.8,0,--.--,274,46.1,45,0000:00:00,72,0,70,0,30,0,0,2.89,0,0,0,1,41.93,0.464328704,45209,91.27,55.11,--.--
low,1,806,13.43,16.12,2.53,766,40.7836,1.61,11.73305581,0.006016204,6.1,0.4,76,0,0,0,0.1,0,0,0,-36.8,-36.2,-11.04,-11.007,0,0.87,1343.8,0.006655093,67.1,0,--.--,274,46.4,45,0000:00:00,72,0,70,0,30,0,0,2.85,0,0,0,1,40.79,0.464340278,45209,91.27,55.09,--.--
low,1,807,13.45,16.11,2.34,767,37.6974,1.58,11.74460131,0.006027778,5.7,1.2,76,0,0,0,0.1,0,0,0,-36.7,-36.2,-11.03,-11.032,0,0.88,1343.8,0.006666667,67.3,0,--.--,274,46.6,45,0000:00:00,72,0,70,0,30,0,0,2.89,0,0,0,1,37.69,0.464351852,45209,91.31,55.11,--.--
low,1,808,13.47,16.12,2.4,767,38.688,1.59,11.76224375,0.006039352,6.7,0.1,76,0,0,0,0.1,0,0,0,-36.7,-36.2,-11.03,-11.026,0,0.89,1343.8,0.006678241,67.5,0,--.--,274,46.7,47,0000:00:00,72,0,70,0,30,0,0,2.92,0,0,0,1,38.69,0.464363426,45209,91.33,55.11,--.--
low,1,809,13.48,16.12,2.72,768,43.8464,1.64,11.77410986,0.006050926,5.8,-0.1,76,0,0,0,0.1,0,0,0,-36.7,-36.2,-11.02,-11.012,0,0.87,1343.8,0.006689815,67.7,0,--.--,274,47,53,0000:00:00,72,0,70,0,30,0,0,2.85,0,0,0,1,43.84,0.464375,45209,91.33,55.11,--.--
low,1,810,13.5,16.08,6.17,769,99.2136,2,11.78958028,0.0060625,5.9,1.3,76,0,0,0,0.1,0,0,0,-36.6,-36.1,-11,-10.996,0,0.9,1343.8,0.006701389,68,0,--.--,274,47.2,47,0000:00:00,72,0,70,0,30,0,0,2.95,0,0,0,1,99.23,0.464386574,45209,91.35,55.11,--.--
low,1,811,13.52,16.12,2.51,770,40.4612,1.61,11.80627203,0.006074074,6.9,0.1,76,0,0,0,0.1,0,0,0,-36.6,-36.1,-11,-10.996,0,0.89,1343.8,0.006712963,68.3,0,--.--,274,47.5,46,0000:00:00,72,0,70,0,30,0,0,2.92,0,0,0,1,40.46,0.464398148,45209,91.36,55.11,--.--
low,1,812,13.53,16.11,2.58,771,41.5638,1.62,11.81860003,0.006085648,6.2,0.6,77,0,0,0,0.1,0,0,0,-36.6,-36.1,-10.98,-10.981,0,0.88,1343.8,0.006724537,68.5,0,--.--,273,47.8,44,0000:00:00,72,0,70,0,30,0,0,2.89,0,0,0,1,41.56,0.464409722,45209,91.36,55.09,--.--
low,1,813,13.55,16.12,3.94,772,63.5128,1.8,11.83081678,0.006097222,6,0.2,76,0,0,0,0.1,0,0,0,-36.5,-36,-10.96,-10.958,0,0.88,1343.8,0.006736111,68.8,0,--.--,273,48,45,0000:00:00,72,0,70,0,30,0,0,2.89,0,0,0,1,63.51,0.464421296,45209,91.4,55.09,--.--
low,1,814,13.57,16.12,2.65,773,42.718,1.63,11.84125,0.006108796,6.4,0.2,77,0,0,0,0.1,0,0,0,-36.5,-35.9,-10.95,-10.933,0,0.88,1343.8,0.006747685,69.1,0,--.--,273,48.3,41,0000:00:00,72,0,70,0,30,0,0,2.89,0,0,0,1,42.72,0.46443287,45209,91.4,55.09,--.--
low,1,815,13.58,16.05,3.47,773,55.6935,1.75,11.85163844,0.00612037,6.2,2.9,77,0,0,0,0.1,0,0,0,-36.4,-35.9,-10.93,-10.925,0,0.89,1343.8,0.006759259,69.4,0,--.--,273,48.6,45,0000:00:00,72,0,70,0,30,0,0,2.92,0,0,0,1,55.7,0.464444444,45209,91.4,55.11,--.--
low,1,816,13.6,16.11,3.73,774,60.0903,1.78,11.86264694,0.006131944,6.1,-0.3,77,0,0,0,0.1,0,0,0,-36.4,-35.8,-10.92,-10.899,0,0.91,1343.8,0.006770833,69.6,0,--.--,273,48.8,48,0000:00:00,72,0,70,0,30,0,0,2.99,0,0,0,1,60.1,0.464456019,45209,91.4,55.11,--.--
low,1,817,13.62,16.08,2.76,775,44.3808,1.65,11.90010317,0.006143519,5.8,0.1,77,0,0,0,0.1,0,0,0,-36.3,-35.8,-10.91,-10.896,0,0.9,1343.8,0.006782407,69.8,0,--.--,273,49,46,0000:00:00,72,0,70,0,30,0,0,2.95,0,0,0,1,44.38,0.464467593,45209,91.44,55.11,--.--
low,1,818,13.63,16.11,2.73,776,43.9803,1.64,11.91214092,0.006155093,8.1,1.4,77,0,0,0,0.1,0,0,0.1,-36.3,-35.7,-10.88,-10.858,0,0.9,1343.8,0.006793981,70.1,0,--.--,273,49.3,61,0000:00:00,72,0,70,0,30,0,0,2.95,0,0,0,1,43.98,0.464479167,45209,91.45,55.11,--.--
low,1,819,13.65,16.12,2.33,777,37.5596,1.57,11.92266369,0.006166667,4.8,1.1,77,0,0,0,0.1,0,0,0,-36.2,-35.6,-10.85,-10.857,0,0.94,1343.8,0.006805556,70.3,0,--.--,273,49.5,65,0000:00:00,72,0,70,0,30,0,0,3.08,0,0,0,1,37.56,0.464490741,45209,91.47,55.11,--.--
low,1,820,13.67,16.12,2.32,777,37.3984,1.57,11.95907992,0.006178241,6.5,0.1,77,0,0,0,0,0,0,0,-36,-35.4,-10.79,-10.802,0,0.99,1343.8,0.00681713,70.5,0,--.--,273,49.7,45,0000:00:00,72,0,70,0,30,0,0,3.25,0,0,0,1,37.41,0.464502315,45209,91.49,55.09,--.--
low,1,821,13.68,16.11,2.46,778,39.6306,1.6,11.97128908,0.006189815,6.4,0.2,77,0,0,0,0.1,0,0,0,-35.8,-35.3,-10.75,-10.727,0,1.02,1343.8,0.006828704,70.6,0,--.--,273,49.8,43,0000:00:00,72,0,70,0,30,0,0,3.35,0,0,0,1,39.64,0.464513889,45209,91.49,55.11,--.--
low,1,822,13.7,15.92,8.47,779,134.8424,2.13,11.98811794,0.006201389,7.3,1.7,77,0,0,0,0.1,0,0,0,-36,-35.5,-10.82,-10.775,0,0.98,1343.8,0.006840278,70.9,0,--.--,273,50,48,0000:00:00,72,0,70,0,30,0,0,3.22,0,0,0,1,134.85,0.464525463,45209,91.51,55.11,--.--
low,1,823,13.72,16.11,2.69,780,43.3359,1.64,12.00481289,0.006212963,7,2.3,78,0,0,0,0.1,0,0,0,-36.2,-35.6,-10.87,-10.876,0,0.93,1343.8,0.006851852,71,0,--.--,272,50.2,50,0000:00:00,72,0,70,0,30,0,0,3.05,0,0,0,1,43.34,0.464537037,45209,91.53,55.11,--.--
low,1,824,13.73,16.12,2.35,781,37.882,1.58,12.03977039,0.006224537,5.5,0.3,77,0,0,0,0.1,0,0,0,-36.3,-35.7,-10.89,-10.949,0,0.88,1343.8,0.006863426,71.3,0,--.--,272,50.4,65,0000:00:00,72,0,70,0,30,0,0,2.89,0,0,0,1,37.88,0.464548611,45209,91.54,55.11,--.--
low,1,825,13.75,15.91,8.24,782,131.0984,2.12,12.05320669,0.006236111,6.4,0.8,77,0,0,0,0,0,0,0.3,-35.9,-35.3,-10.7,-10.876,0,0.95,1350.4,0.006875,71.4,0,--.--,272,50.6,61,0000:00:00,72,0,70,0,30,0,0,3.12,0,0,0,1,131.1,0.464560185,45209,91.56,55.09,--.--
low,1,826,13.77,16.1,2.73,786,43.953,1.64,12.06594461,0.006247685,5.7,-1.1,77,0,0,0,0.1,0,0,0.1,-35.1,-34.5,-10.5,-10.569,0,1.17,1350.4,0.006886574,71.6,0,--.--,272,50.8,42,0000:00:00,72,0,70,0,30,0,0,3.84,0,0,0,1,43.96,0.464571759,45209,91.56,55.13,--.--
low,1,827,13.78,16.07,3.77,787,60.5839,1.78,12.08108661,0.006259259,6.1,-0.7,77,0,0,0,0.1,0,0,0,-34.8,-34.3,-10.43,-10.349,0,1.26,1350.4,0.006898148,71.8,0,--.--,272,50.9,43,0000:00:00,72,0,70,0,30,0,0,4.13,0,0,0,1,60.58,0.464583333,45209,91.6,55.09,--.--
low,1,828,13.8,16.07,3.74,788,60.1018,1.78,12.09409269,0.006270833,5.5,0.5,77,0,0,0,0.1,0,0,-0.2,-34.8,-34.3,-10.49,-10.328,0,1.26,1350.4,0.006909722,72,0,--.--,272,51.2,33,0000:00:00,72,0,70,0,30,0,0,4.13,0,0,0,1,60.12,0.464594907,45209,91.62,55.11,--.--
low,1,829,13.82,15.93,7.9,790,125.847,2.1,12.10616769,0.006282407,6.1,0.7,77,0,0,0,0.1,0,0,-0.1,-35.4,-34.9,-10.67,-10.576,0,1.09,1350.4,0.006921296,72.1,0,--.--,272,55.3,56,0000:00:00,72,0,70,0,30,0,0,3.58,0,0,0,1,125.86,0.464606481,45209,91.62,55.09,--.--
low,1,830,13.83,16.07,3.01,792,48.3707,1.68,12.11722094,0.006293981,7.1,2.5,78,0,0,0,0.1,0,0,0,-35.8,-35.3,-10.77,-10.826,0,0.99,1350.4,0.00693287,72.2,0,--.--,272,55.4,55,0000:00:00,72,0,70,0,30,0,0,3.25,0,0,0,1,48.38,0.464618056,45209,91.63,55.11,--.--
low,1,831,13.85,16.09,2.85,792,45.8565,1.66,12.12916178,0.006305556,6.3,1.8,77,0,0,0,0.1,0,0,0,-35.9,-35.4,-10.79,-10.927,0,0.94,1350.4,0.006944444,72.3,0,--.--,272,55.6,56,0000:00:00,72,0,70,0,30,0,0,3.08,0,0,0,1,45.87,0.46462963,45209,91.65,55.11,--.--
low,1,832,13.87,16.08,3.39,793,54.5112,1.74,12.14061778,0.00631713,6.3,1.6,77,0,0,0,0.1,0,0,0,-35.9,-35.4,-10.77,-10.91,0,0.94,1350.4,0.006956019,72.6,0,--.--,272,55.8,54,0000:00:00,72,0,70,0,30,0,0,3.08,0,0,0,1,54.52,0.464641204,45209,91.67,55.11,--.--
low,1,833,13.88,16.09,2.91,794,46.8219,1.67,12.15115911,0.006328704,6.3,0.6,77,0,0,0,0.1,0,0,0,-35.8,-35.2,-10.74,-10.847,0,0.93,1350.4,0.006967593,72.9,0,--.--,272,56.2,53,0000:00:00,72,0,70,0,30,0,0,3.05,0,0,0,1,46.82,0.464652778,45209,91.69,55.11,--.--
low,1,834,13.9,16.1,2.7,795,43.47,1.64,12.16386022,0.006340278,6.7,0,77,0,0,0,0.1,0,0,0,-35.7,-35.1,-10.71,-10.786,0,0.97,1350.4,0.006979167,73.2,0,--.--,272,56.5,52,0000:00:00,72,0,70,0,30,0,0,3.18,0,0,0,1,43.47,0.464664352,45209,91.69,55.11,--.--
low,1,835,13.92,16.11,2.47,796,39.7917,1.6,12.175488,0.006351852,5.9,-1,77,0,0,0,0.1,0,0,0,-35.6,-35,-10.68,-10.728,0,0.94,1350.4,0.006990741,73.5,0,--.--,272,56.8,50,0000:00:00,72,0,70,0,30,0,0,3.08,0,0,0,1,39.78,0.464675926,45209,91.72,55.11,--.--
low,1,836,13.93,16.1,2.67,796,42.987,1.63,12.1888825,0.006363426,6.2,-1.7,77,0,0,0,0.1,0,0,0,-35.5,-34.9,-10.65,-10.669,0,0.99,1350.4,0.007002315,73.8,0,--.--,272,57,49,0000:00:00,72,0,70,0,30,0,0,3.25,0,0,0,1,42.99,0.4646875,45209,91.72,55.09,--.--
low,1,837,13.95,16.11,2.56,797,41.2416,1.62,12.19904075,0.006375,6.4,-0.2,77,0,0,0,0.1,0,0,0,-35.4,-34.8,-10.61,-10.605,0,1.01,1350.4,0.007013889,74.1,0,--.--,271,57.3,46,0000:00:00,72,0,70,0,30,0,0,3.31,0,0,0,1,41.24,0.464699074,45209,91.72,55.11,--.--
low,1,838,13.97,16.08,2.36,798,37.9488,1.58,12.22426408,0.006386574,5.8,-0.6,79,0,0,0,0.1,0,0,0,-35.3,-34.8,-10.59,-10.55,0,1.03,1350.4,0.007025463,74.3,0,--.--,271,57.6,45,0000:00:00,72,0,70,0,30,0,0,3.38,0,0,0,1,37.96,0.464710648,45209,91.76,55.11,--.--
low,1,839,13.98,16.1,2.84,799,45.724,1.66,12.23589908,0.006398148,5.5,0.4,78,0,0,0,0,0,0,-0.1,-35.5,-34.9,-10.67,-10.569,0,1.01,1350.4,0.007037037,74.5,0,--.--,271,57.8,53,0000:00:00,72,0,70,0,30,0,0,3.31,0,0,0,1,45.73,0.464722222,45209,91.78,55.11,--.--
low,1,840,14,16.1,2.6,800,41.86,1.62,12.24739269,0.006409722,7.2,0.4,78,0,0,0,0.1,0,0,0,-35.7,-35.2,-10.74,-10.732,0,0.91,1350.4,0.007048611,74.7,0,--.--,271,58,52,0000:00:00,72,0,70,0,30,0,0,2.99,0,0,0,1,41.85,0.464733796,45209,91.78,55.13,--.--
low,1,841,14.02,16.02,3.01,801,48.2202,1.68,12.25910992,0.006421296,4.9,0.4,78,0,0,0,0,0,0,0,-35.8,-35.3,-10.75,-10.818,0,0.86,1350.4,0.007060185,74.8,0,--.--,271,58.1,51,0000:00:00,72,0,70,0,30,0,0,2.82,0,0,0,1,48.23,0.46474537,45209,91.8,55.09,--.--
low,1,842,14.03,16.11,2.27,801,36.5697,1.56,12.27070017,0.00643287,6,2,78,0,0,0,0,0,0,0,-35.8,-35.2,-10.73,-10.787,0,0.89,1350.4,0.007071759,74.9,0,--.--,271,58.2,54,0000:00:00,72,0,70,0,30,0,0,2.92,0,0,0,1,36.57,0.464756944,45209,91.8,55.09,--.--
low,1,843,14.05,16.1,5.64,803,90.804,1.96,12.28398267,0.006444444,6.2,-0.1,78,0,0,0,0.1,0,0,0,-35.7,-35.1,-10.7,-10.747,0,0.9,1350.4,0.007083333,75.1,0,--.--,271,58.4,51,0000:00:00,72,0,70,0,30,0,0,2.95,0,0,0,1,90.82,0.464768519,45209,91.83,55.11,--.--
low,1,844,14.07,16.11,2.6,803,41.886,1.62,12.29636303,0.006456019,7.5,-0.1,78,0,0,0,0.1,0,0,0,-35.6,-35,-10.67,-10.685,0,0.93,1350.4,0.007094907,75.3,0,--.--,271,58.6,49,0000:00:00,72,0,70,0,30,0,0,3.05,0,0,0,1,41.88,0.464780093,45209,91.83,55.11,--.--
low,1,845,14.08,16.1,2.57,804,41.377,1.62,12.31289997,0.006467593,6.5,-1,78,0,0,0,0.1,0,0,0,-35.5,-35,-10.65,-10.643,0,0.94,1350.4,0.007106481,75.6,0,--.--,271,58.9,48,0000:00:00,72,0,70,0,30,0,0,3.08,0,0,0,1,41.37,0.464791667,45209,91.85,55.11,--.--
low,1,846,14.1,16.1,2.62,805,42.182,1.63,12.32537747,0.006479167,5.5,-0.9,78,0,0,0,0.1,0,0,0,-35.4,-34.9,-10.64,-10.604,0,0.95,1350.4,0.007118056,75.9,0,--.--,271,59.1,47,0000:00:00,72,0,70,0,30,0,0,3.12,0,0,0,1,42.19,0.464803241,45209,91.85,55.11,--.--
low,1,847,14.12,16.11,2.59,805,41.7249,1.62,12.33842825,0.006490741,6,-1.3,78,0,0,0,0.1,0,0,0,-35.4,-34.9,-10.63,-10.583,0,0.97,1350.4,0.00712963,76.1,0,--.--,271,59.4,46,0000:00:00,72,0,70,0,30,0,0,3.18,0,0,0,1,41.71,0.464814815,45209,91.85,55.11,--.--
low,1,848,14.13,16.1,2.97,806,47.817,1.68,12.35077158,0.006502315,5.7,-0.2,78,0,0,0,0.1,0,0,0,-35.4,-34.8,-10.62,-10.565,0,0.97,1350.4,0.007141204,76.4,0,--.--,271,59.7,46,0000:00:00,72,0,70,0,30,0,0,3.18,0,0,0,1,47.81,0.464826389,45209,91.89,55.11,--.--
low,1,849,14.15,16.09,2.77,807,44.5693,1.65,12.36230992,0.006513889,5.3,-1.3,78,0,0,0,0.1,0,0,0,-35.4,-34.8,-10.62,-10.561,0,0.97,1350.4,0.007152778,76.8,0,--.--,271,60.1,45,0000:00:00,72,0,70,0,30,0,0,3.18,0,0,0,1,44.58,0.464837963,45209,91.9,55.11,--.--
low,1,850,14.17,16.09,3.7,808,59.533,1.77,12.37420603,0.006525463,5.9,-1.9,77,0,0,0,0.1,0,0,0,-35.4,-34.8,-10.62,-10.562,0,0.96,1350.4,0.007164352,77.2,0,--.--,272,64.5,46,0000:00:00,72,0,70,0,30,0,0,3.15,0,0,0,1,59.53,0.464849537,45209,91.9,55.11,--.--
low,1,851,14.18,16.1,2.79,809,44.919,1.65,12.38615428,0.006537037,5.4,0.4,78,0,0,0,0.1,0,0,0,-35.4,-34.9,-10.63,-10.58,0,0.94,1350.4,0.007175926,77.5,0,--.--,272,64.8,46,0000:00:00,72,0,70,0,30,0,0,3.08,0,0,0,1,44.91,0.464861111,45209,91.92,55.11,--.--
low,1,852,14.2,16.09,2.92,810,46.9828,1.67,12.39930261,0.006548611,7.1,0.5,78,0,0,0,0.1,0,0,0,-35.5,-34.9,-10.65,-10.606,0,0.93,1350.4,0.0071875,77.8,0,--.--,272,65.2,47,0000:00:00,72,0,70,0,30,0,0,3.05,0,0,0,1,46.97,0.464872685,45209,91.94,55.11,--.--
low,1,853,14.22,16.1,2.76,810,44.436,1.65,12.41102711,0.006560185,5.2,-0.2,78,0,0,0,0.1,0,0,0,-35.5,-35,-10.66,-10.639,0,0.91,1357.1,0.007199074,78.1,0,--.--,271,65.4,47,0000:00:00,72,0,70,0,30,0,0,2.99,0,0,0,1,44.45,0.464884259,45209,91.94,55.09,--.--
low,1,854,14.23,16.1,2.58,811,41.538,1.62,12.4223795,0.006571759,6.1,-0.5,78,0,0,0,0.1,0,0,0,-35.5,-35,-10.66,-10.638,0,0.89,1357.1,0.007210648,78.3,0,--.--,271,65.7,47,0000:00:00,72,0,70,0,30,0,0,2.92,0,0,0,1,41.55,0.464895833,45209,91.96,55.11,--.--
low,1,855,14.25,16.1,2.66,812,42.826,1.63,12.43661,0.006583333,5.6,0.4,78,0,0,0,0.1,0,0,0,-35.5,-35,-10.66,-10.641,0,0.87,1357.1,0.007222222,78.5,0,--.--,271,65.9,46,0000:00:00,72,0,70,0,30,0,0,2.85,0,0,0,1,42.84,0.464907407,45209,91.98,55.11,--.--
low,1,856,14.27,16.11,2.67,813,43.0137,1.63,12.45073344,0.006594907,5.4,0.3,78,0,0,0,0.1,0,0,0,-35.5,-34.9,-10.65,-10.623,0,0.88,1357.1,0.007233796,78.8,0,--.--,271,66.2,46,0000:00:00,72,0,70,0,30,0,0,2.89,0,0,0,1,43,0.464918981,45209,91.98,55.13,--.--
low,1,857,14.28,16.1,2.94,813,47.334,1.68,12.46445464,0.006606481,5.3,-0.4,78,0,0,0,0.1,0,0,0,-35.5,-34.9,-10.64,-10.629,0,0.87,1357.1,0.00724537,79,0,--.--,271,66.4,44,0000:00:00,72,0,70,0,30,0,0,2.85,0,0,0,1,47.33,0.464930556,45209,91.99,55.11,--.--
low,1,858,14.3,16.11,2.62,814,42.2082,1.63,12.47838197,0.006618056,5.5,0.8,78,0,0,0,0.1,0,0,0,-35.4,-34.9,-10.63,-10.599,0,0.89,1357.1,0.007256944,79.2,0,--.--,271,66.6,46,0000:00:00,72,0,70,0,30,0,0,2.92,0,0,0,1,42.2,0.46494213,45209,92.01,55.11,--.--
low,1,859,14.32,16.09,2.54,815,40.8686,1.61,12.49135142,0.00662963,5.5,0.4,77,0,0,0,0,0,0,0.1,-35.4,-34.8,-10.59,-10.588,0,0.9,1357.1,0.007268519,79.4,0,--.--,271,66.7,50,0000:00:00,72,0,70,0,30,0,0,2.95,0,0,0,1,40.87,0.464953704,45209,92.01,55.11,--.--
low,1,860,14.33,16.11,3.18,816,51.2298,1.71,12.50409725,0.006641204,4.7,2.3,78,0,0,0,0.1,0,0,0,-35.2,-34.6,-10.55,-10.521,0,0.96,1357.1,0.007280093,79.5,0,--.--,271,66.8,44,0000:00:00,72,0,70,0,30,0,0,3.15,0,0,0,1,51.22,0.464965278,45209,92.05,55.11,--.--
low,1,861,14.35,16.09,3.16,817,50.8444,1.71,12.52455458,0.006652778,5.1,1.5,78,0,0,0,0.1,0,0,0,-35.1,-34.6,-10.55,-10.484,0,0.98,1357.1,0.007291667,79.6,0,--.--,271,67,45,0000:00:00,72,0,70,0,30,0,0,3.22,0,0,0,1,50.83,0.464976852,45209,92.05,55.11,--.--
low,1,862,14.37,16.09,3.07,817,49.3963,1.69,12.53730042,0.006664352,5.8,1,78,0,0,0,0.1,0,0,0,-35.2,-34.6,-10.57,-10.522,0,0.96,1357.1,0.007303241,79.8,0,--.--,271,67.2,46,0000:00:00,72,0,70,0,30,0,0,3.15,0,0,0,1,49.41,0.464988426,45209,92.07,55.11,--.--
low,1,863,14.38,16.07,3.12,818,50.1384,1.7,12.56559392,0.006675926,5.5,1.1,78,0,0,0,0.1,0,0,0,-35.2,-34.7,-10.58,-10.544,0,0.95,1357.1,0.007314815,80,0,--.--,271,67.4,46,0000:00:00,72,0,70,0,30,0,0,3.12,0,0,0,1,50.14,0.465,45209,92.08,55.11,--.--
low,1,864,14.4,16.1,2.9,819,46.69,1.67,12.57742322,0.0066875,5.2,1.1,78,0,0,0,0.1,0,0,0,-35.3,-34.7,-10.59,-10.563,0,0.92,1357.1,0.007326389,80.3,0,--.--,271,67.7,46,0000:00:00,72,0,70,0,30,0,0,3.02,0,0,0,1,46.68,0.465011574,45209,92.1,55.11,--.--
low,1,865,14.42,16.1,2.85,820,45.885,1.66,12.59934092,0.006699074,5.7,0.8,78,0,0,0,0.1,0,0,0.1,-35.3,-34.7,-10.58,-10.575,0,0.91,1357.1,0.007337963,80.7,0,--.--,271,68,61,0000:00:00,72,0,70,0,30,0,0,2.99,0,0,0,1,45.88,0.465023148,45209,92.1,55.11,--.--
low,1,866,14.43,16.08,4.58,821,73.6464,1.87,12.61265158,0.006710648,5.3,0.4,78,0,0,0,0.1,0,0,0,-35.2,-34.6,-10.55,-10.561,0,0.93,1357.1,0.007349537,81,0,--.--,271,68.4,47,0000:00:00,72,0,70,0,30,0,0,3.05,0,0,0,1,73.66,0.465034722,45209,92.12,55.11,--.--
low,1,867,14.45,16.1,2.85,822,45.885,1.66,12.62703425,0.006722222,5.2,0.1,78,0,0,0,0.1,0,0,0,-35.2,-34.6,-10.55,-10.544,0,0.93,1357.1,0.007361111,81.3,0,--.--,271,68.7,59,0000:00:00,72,0,70,0,30,0,0,3.05,0,0,0,1,45.88,0.465046296,45209,92.14,55.11,--.--
low,1,868,14.47,15.94,6.39,823,101.8566,2.01,12.64110425,0.006733796,4.7,2.5,78,0,0,0,0.1,0,0,0.1,-34.9,-34.4,-10.45,-10.498,0,0.97,1357.1,0.007372685,81.6,0,--.--,271,68.9,47,0000:00:00,72,0,70,0,30,0,0,3.18,0,0,0,1,101.86,0.46505787,45209,92.14,55.11,--.--
low,1,869,14.48,16.07,2.65,824,42.5855,1.63,12.65348461,0.00674537,4.7,2.2,78,0,0,0,0,0,0,-0.1,-34.7,-34.2,-10.43,-10.4,0,1.05,1357.1,0.007384259,81.8,0,--.--,271,69.2,33,0000:00:00,72,0,70,0,30,0,0,3.44,0,0,0,1,42.59,0.465069444,45209,92.14,55.11,--.--
low,1,870,14.5,16.07,4.91,825,78.9037,1.9,12.66537333,0.006756944,5.9,2.1,79,0,0,0,0.1,0,0,-0.1,-35,-34.5,-10.54,-10.495,0,0.96,1357.1,0.007395833,82,0,--.--,271,69.3,54,0000:00:00,72,0,70,0,30,0,0,3.15,0,0,0,1,78.88,0.465081019,45209,92.17,55.11,--.--
low,1,871,14.52,16.08,2.98,826,47.9184,1.68,12.67749306,0.006768519,6.2,2,79,0,0,0,0.1,0,0,0,-35.3,-34.8,-10.61,-10.676,0,0.86,1357.1,0.007407407,82.2,0,--.--,271,69.6,53,0000:00:00,72,0,70,0,30,0,0,2.82,0,0,0,1,47.92,0.465092593,45209,92.17,55.11,--.--
low,1,872,14.53,16.08,3.22,827,51.7776,1.71,12.68970222,0.006780093,5.3,2.7,79,0,0,0,0.1,0,0,0,-35.4,-34.8,-10.62,-10.735,0,0.85,1357.1,0.007418981,82.5,0,--.--,271,69.9,53,0000:00:00,72,0,70,0,30,0,0,2.79,0,0,0,1,51.77,0.465104167,45209,92.21,55.11,--.--
low,1,873,14.55,16.08,3.15,828,50.652,1.7,12.70128528,0.006791667,4.9,1.8,78,0,0,0,0.1,0,0,0.1,-35.3,-34.8,-10.59,-10.729,0,0.84,1357.1,0.007430556,82.9,0,--.--,271,70.3,49,0000:00:00,72,0,70,0,30,0,0,2.76,0,0,0,1,50.65,0.465115741,45209,92.23,55.11,--.--
low,1,874,14.57,16.09,2.77,829,44.5693,1.65,12.71322611,0.006803241,6.5,-0.5,78,0,0,0,0.1,0,0,0,-35.2,-34.6,-10.54,-10.624,0,0.88,1357.1,0.00744213,83.2,0,--.--,271,70.6,50,0000:00:00,72,0,70,0,30,0,0,2.89,0,0,0,1,44.58,0.465127315,45209,92.25,55.11,--.--
low,1,875,14.58,16.09,2.66,830,42.7994,1.63,12.72941556,0.006814815,6.1,-1.5,79,0,0,0,0.1,0,0,0,-35,-34.4,-10.49,-10.524,0,0.91,1357.1,0.007453704,83.5,0,--.--,271,70.9,48,0000:00:00,72,0,70,0,30,0,0,2.99,0,0,0,1,42.81,0.465138889,45209,92.26,55.11,--.--
low,1,876,14.6,16.1,2.71,830,43.631,1.64,12.74277089,0.006826389,5.1,-1.1,78,0,0,0,0.1,0,0,0,-34.9,-34.3,-10.45,-10.429,0,0.94,1357.1,0.007465278,83.8,0,--.--,271,71.2,45,0000:00:00,72,0,70,0,30,0,0,3.08,0,0,0,1,43.63,0.465150463,45209,92.26,55.09,--.--
low,1,877,14.62,16.1,2.73,831,43.953,1.64,12.75309531,0.006837963,5.4,-0.6,78,0,0,0,0.1,0,0,0,-34.8,-34.2,-10.43,-10.369,0,0.96,1357.1,0.007476852,84,0,--.--,271,71.5,45,0000:00:00,72,0,70,0,30,0,0,3.15,0,0,0,1,43.95,0.465162037,45209,92.28,55.11,--.--
low,1,878,14.63,16.1,2.59,832,41.699,1.62,12.76605669,0.006849537,5.5,-0.3,78,0,0,0,0,0,0,0,-34.8,-34.2,-10.43,-10.364,0,0.96,1357.1,0.007488426,84.2,0,--.--,271,71.6,45,0000:00:00,72,0,70,0,30,0,0,3.15,0,0,0,1,41.69,0.465173611,45209,92.28,55.09,--.--
low,1,879,14.65,16.1,2.67,833,42.987,1.63,12.77910747,0.006861111,6.3,-0.2,78,0,0,0,0.1,0,0,0,-34.8,-34.2,-10.43,-10.37,0,0.96,1357.1,0.0075,84.3,0,--.--,271,71.7,45,0000:00:00,72,0,70,0,30,0,0,3.15,0,0,0,1,42.98,0.465185185,45209,92.3,55.11,--.--
low,1,880,14.67,16.1,3.62,833,58.282,1.77,12.79135375,0.006872685,5.7,-0.3,83,0,0,0,0.1,0,0,0,-34.8,-34.2,-10.43,-10.377,0,0.97,1363.6,0.007511574,84.5,0,--.--,271,71.9,45,0000:00:00,72,0,70,0,30,0,0,3.18,0,0,0,1,58.3,0.465196759,45209,92.3,55.11,--.--
low,1,881,14.68,16.08,2.99,834,48.0792,1.68,12.80459153,0.006884259,5,-1.1,81,0,0,0,0.1,0,0,0,-34.8,-34.3,-10.44,-10.388,0,0.97,1363.6,0.007523148,84.7,0,--.--,271,72.1,46,0000:00:00,72,0,70,0,30,0,0,3.18,0,0,0,1,48.09,0.465208333,45209,92.34,55.11,--.--
low,1,882,14.7,16.09,2.31,835,37.1679,1.57,12.81582378,0.006895833,4.4,0.5,81,0,0,0,0.1,0,0,0,-34.8,-34.3,-10.44,-10.389,0,1.01,1363.6,0.007534722,85,0,--.--,271,72.3,45,0000:00:00,72,0,70,0,30,0,0,3.31,0,0,0,1,37.16,0.465219907,45209,92.34,55.09,--.--
low,1,883,14.72,16.09,2.9,836,46.661,1.67,12.82700433,0.006907407,4.8,0.5,83,0,0,0,0.1,0,0,0,-34.8,-34.3,-10.45,-10.407,0,1,1363.6,0.007546296,85.2,0,--.--,271,72.6,46,0000:00:00,72,0,70,0,30,0,0,3.28,0,0,0,1,46.68,0.465231481,45209,92.35,55.11,--.--
low,1,884,14.73,16.09,2.92,836,46.9828,1.67,12.83872883,0.006918981,5.2,-0.6,91,0,0,0,0.1,0,0,0,-34.9,-34.4,-10.47,-10.437,0,0.97,1363.6,0.00755787,85.5,0,--.--,271,72.9,46,0000:00:00,72,0,70,0,30,0,0,3.18,0,0,0,1,46.98,0.465243056,45209,92.35,55.11,--.--
low,1,885,14.75,16.09,2.74,837,44.0866,1.64,12.85021531,0.006930556,5.7,-0.5,90,0,0,0,0.1,0,0,0,-34.9,-34.4,-10.49,-10.473,0,0.97,1363.6,0.007569444,85.8,0,--.--,272,73.2,47,0000:00:00,72,0,70,0,30,0,0,3.18,0,0,0,1,44.1,0.46525463,45209,92.37,55.11,--.--
low,1,886,14.77,16.1,2.96,838,47.656,1.68,12.86202197,0.00694213,3.1,-0.9,89,0,0,0,0.1,0,0,0,-35,-34.4,-10.5,-10.488,0,0.97,1363.6,0.007581019,86.1,0,--.--,272,73.5,48,0000:00:00,72,0,70,0,30,0,0,3.18,0,0,0,1,47.67,0.465266204,45209,92.39,55.09,--.--
low,1,887,14.78,16.11,2.51,839,40.4361,1.61,12.87507275,0.006953704,6.6,-0.3,90,0,0,0,0.1,0,0,0,-35,-34.4,-10.5,-10.504,0,0.97,1363.6,0.007592593,86.4,0,--.--,272,73.7,48,0000:00:00,72,0,70,0,30,0,0,3.18,0,0,0,1,40.42,0.465277778,45209,92.41,55.11,--.--
low,1,888,14.8,16.1,2.5,840,40.25,1.6,12.88758719,0.006965278,5.7,-1.2,89,0,0,0,0.1,0,0,0,-35,-34.5,-10.51,-10.521,0,0.95,1363.6,0.007604167,86.6,0,--.--,272,73.9,50,0000:00:00,72,0,70,0,30,0,0,3.12,0,0,0,1,40.24,0.465289352,45209,92.41,55.11,--.--
low,1,889,14.82,16.11,2.62,840,42.2082,1.63,12.89992286,0.006976852,4.8,0.3,90,0,0,0,0.1,0,0,0,-35,-34.4,-10.48,-10.502,0,0.97,1363.6,0.007615741,86.8,0,--.--,272,74.1,47,0000:00:00,72,0,70,0,30,0,0,3.18,0,0,0,1,42.2,0.465300926,45209,92.43,55.11,--.--
low,1,890,14.83,16.09,2.57,841,41.3513,1.62,12.91452886,0.006988426,4.7,-1.3,90,0,0,0,0.1,0,0,0,-34.9,-34.4,-10.47,-10.465,0,0.99,1363.6,0.007627315,87,0,--.--,272,74.3,46,0000:00:00,72,0,70,0,30,0,0,3.25,0,0,0,1,41.36,0.4653125,45209,92.44,55.11,--.--
low,1,891,14.85,16.1,2.64,842,42.504,1.63,12.92961681,0.007,4.5,-1.3,90,0,0,0,0.1,0,0,0,-34.9,-34.3,-10.46,-10.443,0,1,1363.6,0.007638889,87.2,0,--.--,272,74.5,46,0000:00:00,72,0,70,0,30,0,0,3.28,0,0,0,1,42.5,0.465324074,45209,92.46,55.11,--.--
low,1,892,14.87,16.09,2.92,842,46.9828,1.67,12.94519578,0.007011574,4.6,-1.1,90,0,0,0,0.1,0,0,0,-34.8,-34.3,-10.46,-10.436,0,0.99,1363.6,0.007650463,87.5,0,--.--,272,70.7,46,0000:00:00,72,0,70,0,30,0,0,3.25,0,0,0,1,46.99,0.465335648,45209,92.46,55.11,--.--
low,1,893,14.88,16.09,2.8,843,45.052,1.65,12.95997125,0.007023148,4.8,-1,90,0,0,0,0.1,0,0,0,-34.9,-34.3,-10.47,-10.444,0,1,1363.6,0.007662037,87.8,0,--.--,272,71,46,0000:00:00,72,0,70,0,30,0,0,3.28,0,0,0,1,45.04,0.465347222,45209,92.46,55.11,--.--
low,1,894,14.9,16.09,2.76,844,44.4084,1.65,12.97430925,0.007034722,4.9,-1.1,90,0,0,0,0.1,0,0,0,-34.9,-34.4,-10.47,-10.461,0,0.99,1363.6,0.007673611,88.1,0,--.--,272,71.3,46,0000:00:00,72,0,70,0,30,0,0,3.25,0,0,0,1,44.42,0.465358796,45209,92.5,55.09,--.--
low,1,895,14.92,16.08,3.27,845,52.5816,1.72,12.98872761,0.007046296,4.8,-1.1,90,0,0,0,0.1,0,0,0,-34.9,-34.4,-10.47,-10.461,0,0.99,1363.6,0.007685185,88.4,0,--.--,272,71.6,46,0000:00:00,72,0,80,0,30,0,0,3.25,0,0,0,1,52.58,0.46537037,45209,92.5,55.09,--.--
low,1,896,14.93,16.07,3.38,846,54.3166,1.73,13.00369094,0.00705787,4.5,-0.8,90,0,0,0,0.1,0,0,0,-34.9,-34.4,-10.47,-10.459,0,0.99,1363.6,0.007696759,88.7,0,--.--,272,71.8,46,0000:00:00,72,0,80,0,30,0,0,3.25,0,0,0,1,54.32,0.465381944,45209,92.52,55.11,--.--
low,1,897,14.95,16.07,3.49,847,56.0843,1.75,13.01846642,0.007069444,2.2,-0.3,90,0,0,0,0.1,0,0,0,-34.9,-34.4,-10.49,-10.458,0,1.01,1363.6,0.007708333,89,0,--.--,272,72.1,50,0000:00:00,72,0,80,0,30,0,0,3.31,0,0,0,1,56.08,0.465393519,45209,92.52,55.11,--.--
low,1,898,14.97,16.07,3.31,848,53.1917,1.73,13.03426858,0.007081019,6.8,-0.5,90,0,0,0,0.1,0,0,0,-35,-34.4,-10.51,-10.506,0,0.97,1363.6,0.007719907,89.2,0,--.--,272,72.4,48,0000:00:00,72,0,80,0,30,0,0,3.18,0,0,0,1,53.2,0.465405093,45209,92.55,55.11,--.--
low,1,899,14.98,16.08,3.21,849,51.6168,1.71,13.04993683,0.007092593,6.1,-0.5,90,0,0,0,0.1,0,0,0,-35,-34.5,-10.52,-10.545,0,0.96,1363.6,0.007731481,89.5,0,--.--,272,72.7,48,0000:00:00,72,0,80,0,30,0,0,3.15,0,0,0,1,51.61,0.465416667,45209,92.55,55.11,--.--
low,1,900,15,16.07,3.23,850,51.9061,1.72,13.06435519,0.007104167,5.5,-0.7,90,0,0,0,0.1,0,0,0,-35,-34.5,-10.52,-10.546,0,0.96,1363.6,0.007743056,89.7,0,--.--,272,72.9,48,0000:00:00,72,0,80,0,30,0,0,3.15,0,0,0,1,51.92,0.465428241,45209,92.57,55.11,--.--
low,1,901,15.02,16.08,3.35,851,53.868,1.73,13.07841644,0.007115741,5.9,-0.9,90,0,0,0,0.1,0,0,0,-35,-34.5,-10.52,-10.545,0,0.95,1363.6,0.00775463,89.9,0,--.--,272,73.1,48,0000:00:00,72,0,80,0,30,0,0,3.12,0,0,0,1,53.86,0.465439815,45209,92.57,55.13,--.--
low,1,902,15.03,16.07,3.31,852,53.1917,1.73,13.09368294,0.007127315,5.9,-0.9,90,0,0,0,0.1,0,0,0,-35.1,-34.5,-10.52,-10.547,0,0.97,1363.6,0.007766204,90.2,0,--.--,272,73.4,49,0000:00:00,72,0,80,0,30,0,0,3.18,0,0,0,1,53.2,0.465451389,45209,92.59,55.11,--.--
low,1,903,15.05,16.07,3.54,853,56.8878,1.76,13.10859233,0.007138889,5.6,-1,90,0,0,0,0.1,0,0,0,-35,-34.5,-10.52,-10.548,0,0.98,1363.6,0.007777778,90.5,0,--.--,272,73.7,48,0000:00:00,72,0,80,0,30,0,0,3.22,0,0,0,1,56.88,0.465462963,45209,92.59,55.09,--.--
low,1,904,15.07,16.07,3.51,854,56.4057,1.75,13.12309997,0.007150463,5.2,-0.8,90,0,0,0,0.1,0,0,0,-35,-34.5,-10.51,-10.532,0,0.99,1370.2,0.007789352,91,0,--.--,272,74.1,48,0000:00:00,72,0,80,0,30,0,0,3.25,0,0,0,1,56.4,0.465474537,45209,92.59,55.11,--.--
low,1,905,15.08,16.07,3.23,855,51.9061,1.72,13.13765225,0.007162037,4.7,-0.8,90,0,0,0,0.1,0,0,0,-35,-34.4,-10.5,-10.526,0,0.99,1370.2,0.007800926,91.3,0,--.--,272,74.4,48,0000:00:00,72,0,80,0,30,0,0,3.25,0,0,0,1,51.91,0.465486111,45209,92.62,55.09,--.--
low,1,906,15.1,16.07,3.15,855,50.6205,1.7,13.15240933,0.007173611,4.5,-0.8,90,0,0,0,0.1,0,0,0,-35,-34.4,-10.5,-10.509,0,1.01,1370.2,0.0078125,91.5,0,--.--,272,74.7,48,0000:00:00,72,0,80,0,30,0,0,3.31,0,0,0,1,50.63,0.465497685,45209,92.62,55.11,--.--
low,1,907,15.12,16.07,3.42,856,54.9594,1.74,13.16764733,0.007185185,4.4,-0.8,90,0,0,0,0.1,0,0,0,-35,-34.4,-10.49,-10.493,0,1,1370.2,0.007824074,91.7,0,--.--,272,74.8,48,0000:00:00,72,0,80,0,30,0,0,3.28,0,0,0,1,54.98,0.465509259,45209,92.62,55.09,--.--
low,1,908,15.13,16.07,3.34,857,53.6738,1.73,13.18396483,0.007196759,4.4,-0.7,90,0,0,0,0.1,0,0,0,-35,-34.4,-10.49,-10.489,0,1.03,1370.2,0.007835648,92.1,0,--.--,272,75.2,47,0000:00:00,72,0,80,0,30,0,0,3.38,0,0,0,1,53.67,0.465520833,45209,92.66,55.09,--.--
low,1,909,15.15,16.07,3.25,858,52.2275,1.72,13.19830278,0.007208333,3.1,-0.8,90,0,0,0,0.1,0,0,0,-35,-34.4,-10.49,-10.486,0,1.02,1370.2,0.007847222,92.3,0,--.--,272,75.4,36,0000:00:00,72,0,80,0,30,0,0,3.35,0,0,0,1,52.23,0.465532407,45209,92.68,55.11,--.--
low,1,910,15.17,16.07,3.26,859,52.3882,1.72,13.21201733,0.007219907,4.7,0.1,90,0,0,0,0.1,0,0,0,-35,-34.5,-10.52,-10.514,0,1.02,1370.2,0.007858796,92.6,0,--.--,272,75.7,49,0000:00:00,72,0,80,0,30,0,0,3.35,0,0,0,1,52.39,0.465543981,45209,92.68,55.11,--.--
low,1,911,15.18,16.05,3.31,860,53.1255,1.73,13.22687283,0.007231481,-0.8,0.5,89,0,0,0,0.1,0,0,0,-35.2,-34.6,-10.56,-10.566,0,1.01,1370.2,0.00787037,92.9,0,--.--,273,76.2,52,0000:00:00,72,0,80,0,30,0,0,3.31,0,0,0,1,53.13,0.465555556,45209,92.7,55.11,--.--
low,1,912,15.2,16.04,3.42,862,54.8568,1.74,13.24186217,0.007243056,6.5,0.8,93,0,0,0,0.1,0,0,0,-35.3,-34.7,-10.59,-10.632,0,0.96,1370.2,0.007881944,93.2,0,--.--,273,76.5,51,0000:00:00,72,0,80,0,30,0,0,3.15,0,0,0,1,54.85,0.46556713,45209,92.73,55.11,--.--
low,1,913,15.22,16.05,3.66,863,58.743,1.77,13.25689611,0.00725463,5.1,1.6,96,0,0,0,0.1,0,0,0,-35.3,-34.7,-10.59,-10.651,0,0.96,1370.2,0.007893519,93.4,0,--.--,273,76.6,48,0000:00:00,72,0,80,0,30,0,0,3.15,0,0,0,1,58.76,0.465578704,45209,92.75,55.11,--.--
low,1,914,15.23,16.03,3.22,864,51.6166,1.71,13.271707,0.007266204,3.8,-1.1,94,0,0,0,0.1,0,0,0,-35.3,-34.8,-10.61,-10.646,0,0.96,1370.2,0.007905093,93.7,0,--.--,273,77,50,0000:00:00,72,0,80,0,30,0,0,3.15,0,0,0,1,51.61,0.465590278,45209,92.75,55.11,--.--
low,1,915,15.25,16.03,3.08,865,49.3724,1.69,13.2865625,0.007277778,3.9,0.3,94,0,0,0,0,0,0,-0.1,-35.6,-35,-10.68,-10.676,0,0.92,1370.2,0.007916667,93.9,0,--.--,273,77.1,52,0000:00:00,72,0,80,0,30,0,0,3.02,0,0,0,1,49.37,0.465601852,45209,92.75,55.11,--.--
low,1,916,15.27,16.06,3.33,866,53.4798,1.73,13.30115942,0.007289352,5.8,1.1,94,0,0,0,0.1,0,0,-0.1,-35.8,-35.3,-10.75,-10.802,0,0.83,1370.2,0.007928241,94,0,--.--,273,77.3,45,0000:00:00,72,0,80,0,30,0,0,2.72,0,0,0,1,53.47,0.465613426,45209,92.79,55.11,--.--
low,1,917,15.28,16.06,3.36,867,53.9616,1.73,13.32181436,0.007300926,4.3,0.4,95,0,0,0,0.1,0,0,0,-36,-35.4,-10.8,-10.903,0,0.8,1370.2,0.007939815,94.1,0,--.--,273,77.4,55,0000:00:00,72,0,80,0,30,0,0,2.62,0,0,0,1,53.97,0.465625,45209,92.79,55.11,--.--
low,1,918,15.3,16.06,3.37,868,54.1222,1.73,13.33764144,0.0073125,4.8,0.9,95,0,0,0,0.1,0,0,0,-36,-35.4,-10.8,-10.937,0,0.79,1370.2,0.007951389,94.4,0,--.--,273,77.6,55,0000:00:00,72,0,80,0,30,0,0,2.59,0,0,0,1,54.13,0.465636574,45209,92.8,55.11,--.--
low,1,919,15.32,16.06,3.32,869,53.3192,1.73,13.35588739,0.007324074,5.7,0.8,95,0,0,0,0.1,0,0,0,-35.9,-35.3,-10.78,-10.898,0,0.81,1370.2,0.007962963,94.6,0,--.--,273,77.9,54,0000:00:00,72,0,80,0,30,0,0,2.66,0,0,0,1,53.32,0.465648148,45209,92.82,55.11,--.--
low,1,920,15.33,16.06,3.33,869,53.4798,1.73,13.37069828,0.007335648,5.8,0.4,95,0,0,0,0.1,0,0,0,-35.8,-35.3,-10.74,-10.837,0,0.82,1370.2,0.007974537,94.7,0,--.--,273,78,52,0000:00:00,72,0,80,0,30,0,0,2.69,0,0,0,1,53.48,0.465659722,45209,92.84,55.11,--.--
low,1,921,15.35,16.07,3.27,870,52.5489,1.72,13.38546456,0.007347222,5.3,-0.6,95,0,0,0,0,0,0,-0.1,-35.7,-35.2,-10.72,-10.761,0,0.86,1370.2,0.007986111,95,0,--.--,273,78.3,41,0000:00:00,72,0,80,0,30,0,0,2.82,0,0,0,1,52.55,0.465671296,45209,92.86,55.11,--.--
low,1,922,15.37,16.06,4.63,873,74.3578,1.87,13.39996317,0.007358796,6.1,1.2,95,0,0,0,0.1,0,0,0,-35.8,-35.2,-10.74,-10.742,0,0.84,1370.2,0.007997685,95.2,0,--.--,273,78.5,48,0000:00:00,72,0,80,0,30,0,0,2.76,0,0,0,1,74.36,0.46568287,45209,92.88,55.11,--.--
low,1,923,15.38,16.05,3.55,874,56.9775,1.76,13.41450639,0.00737037,6.4,0.5,95,0,0,0,0.1,0,0,0,-35.9,-35.3,-10.77,-10.781,0,0.85,1370.2,0.008009259,95.4,0,--.--,273,78.7,51,0000:00:00,72,0,80,0,30,0,0,2.79,0,0,0,1,57,0.465694444,45209,92.88,55.11,--.--
low,1,924,15.4,16.06,4.09,875,65.6854,1.82,13.42909422,0.007381944,6.4,-0.9,99,0,0,0,0.1,0,0,0,-35.9,-35.3,-10.77,-10.803,0,0.83,1370.2,0.008020833,95.7,0,--.--,273,79,52,0000:00:00,72,0,80,0,30,0,0,2.72,0,0,0,1,65.69,0.465706019,45209,92.89,55.11,--.--
low,1,925,15.42,16.06,3.32,875,53.3192,1.73,13.44302156,0.007393519,7.2,-0.4,97,0,0,0,0.1,0,0,0,-35.8,-35.2,-10.74,-10.766,0,0.86,1370.2,0.008032407,96,0,--.--,273,79.3,50,0000:00:00,72,0,80,0,30,0,0,2.82,0,0,0,1,53.32,0.465717593,45209,92.91,55.11,--.--
low,1,926,15.43,16.06,3.31,877,53.1586,1.73,13.45685961,0.007405093,7.8,-0.5,99,0,0,0,0.1,0,0,0,-35.7,-35.2,-10.73,-10.738,0,0.86,1370.2,0.008043981,96.3,0,--.--,273,79.6,49,0000:00:00,72,0,80,0,30,0,0,2.82,0,0,0,1,53.17,0.465729167,45209,92.91,55.11,--.--
low,1,927,15.45,16.06,3.25,878,52.195,1.72,13.47078694,0.007416667,7.1,-1.9,101,0,0,0,0.1,0,0,0,-35.7,-35.2,-10.72,-10.706,0,0.89,1370.2,0.008055556,96.6,0,--.--,273,79.9,49,0000:00:00,72,0,80,0,30,0,0,2.92,0,0,0,1,52.2,0.465740741,45209,92.91,55.11,--.--
low,1,928,15.47,16.06,3.26,878,52.3556,1.72,13.48582089,0.007428241,7.3,-1,100,0,0,0,0.1,0,0,0,-35.7,-35.1,-10.71,-10.685,0,0.91,1370.2,0.00806713,96.9,0,--.--,273,80.2,48,0000:00:00,72,0,80,0,30,0,0,2.99,0,0,0,1,52.37,0.465752315,45209,92.95,55.11,--.--
low,1,929,15.48,16.06,3.27,879,52.5162,1.72,13.51254789,0.007439815,6.9,-1.8,100,0,0,0,0.1,0,0,0,-35.6,-35.1,-10.7,-10.663,0,0.93,1376.9,0.008078704,97.2,0,--.--,274,80.5,47,0000:00:00,72,0,80,0,30,0,0,3.05,0,0,0,1,52.52,0.465763889,45209,92.95,55.11,--.--
low,1,930,15.5,16.07,3.12,880,50.1384,1.7,13.52643058,0.007451389,5.8,-1.2,100,0,0,0,0.1,0,0,0,-35.6,-35,-10.68,-10.643,0,0.93,1376.9,0.008090278,97.5,0,--.--,274,80.8,46,0000:00:00,72,0,80,0,30,0,0,3.05,0,0,0,1,50.13,0.465775463,45209,92.97,55.11,--.--
low,1,931,15.52,16.07,3.1,881,49.817,1.7,13.54075075,0.007462963,6.8,-1.1,100,0,0,0,0.1,0,0,0,-35.6,-35,-10.68,-10.621,0,0.96,1376.9,0.008101852,97.8,0,--.--,274,81.1,46,0000:00:00,72,0,80,0,30,0,0,3.15,0,0,0,1,49.8,0.465787037,45209,92.98,55.11,--.--
low,1,932,15.53,16.07,3.12,882,50.1384,1.7,13.55507092,0.007475694,6.9,-1.8,98,0,0,0,0.1,0,0,0,-35.6,-35,-10.68,-10.62,0,0.94,1376.9,0.008113426,97.9,0,--.--,274,80.9,46,0000:00:00,72,0,80,0,30,0,0,3.08,0,0,0,1,50.14,0.465798611,45209,92.98,55.11,--.--
low,1,933,15.55,16.06,3.37,883,54.1222,1.73,13.56886433,0.007487269,6.1,0.3,99,0,0,0,0.1,0,0,0,-35.6,-35.1,-10.69,-10.632,0,0.95,1376.9,0.008125,98.1,0,--.--,274,81.4,46,0000:00:00,72,0,80,0,30,0,0,3.12,0,0,0,1,54.14,0.465810185,45209,92.98,55.11,--.--
low,1,934,15.57,15.93,6.04,884,96.2172,1.98,13.58585058,0.007498843,6,-0.1,98,0,0,0,0,0,0,-0.1,-35.8,-35.3,-10.75,-10.665,0,0.91,1376.9,0.008136574,98.2,0,--.--,274,81.6,52,0000:00:00,72,0,80,0,30,0,0,2.99,0,0,0,1,96.24,0.465821759,45209,93,55.11,--.--
low,1,935,15.58,16.07,3.11,885,49.9777,1.7,13.60114267,0.007510417,8.3,0.2,99,0,0,0,0,0,0,0,-36,-35.5,-10.81,-10.795,0,0.86,1376.9,0.008148148,98.4,0,--.--,274,81.7,51,0000:00:00,72,0,80,0,30,0,0,2.82,0,0,0,1,49.96,0.465833333,45209,93.02,55.11,--.--
low,1,936,15.6,16.06,3.21,886,51.5526,1.71,13.6149275,0.007521991,6.1,1.2,100,0,0,0,0.1,0,0,0,-36.1,-35.6,-10.84,-10.874,0,0.83,1376.9,0.008159722,98.5,0,--.--,274,81.8,52,0000:00:00,72,0,80,0,30,0,0,2.72,0,0,0,1,51.57,0.465844907,45209,93.04,55.11,--.--
low,1,937,15.62,16.06,3.21,887,51.5526,1.71,13.62742639,0.007533565,6.7,0.6,99,0,0,0,0.1,0,0,0,-36.1,-35.6,-10.85,-10.907,0,0.83,1376.9,0.008171296,98.7,0,--.--,274,82.1,52,0000:00:00,72,0,80,0,30,0,0,2.72,0,0,0,1,51.56,0.465856481,45209,93.04,55.11,--.--
low,1,938,15.63,16.07,3.09,888,49.6563,1.7,13.64121122,0.007545139,6.8,-0.2,99,0,0,0,0.1,0,0,0,-36.1,-35.6,-10.84,-10.908,0,0.83,1376.9,0.00818287,98.9,0,--.--,274,82.2,52,0000:00:00,72,0,80,0,30,0,0,2.72,0,0,0,1,49.65,0.465868056,45209,93.04,55.11,--.--
low,1,939,15.65,16.05,3.81,889,61.1505,1.79,13.65530833,0.007556713,6.3,0.7,99,0,0,0,0.1,0,0,0,-36.1,-35.5,-10.83,-10.887,0,0.85,1376.9,0.008194444,99.1,0,--.--,274,82.5,51,0000:00:00,72,0,80,0,30,0,0,2.79,0,0,0,1,61.14,0.46587963,45209,93.04,55.11,--.--
low,1,940,15.67,16.05,3.43,890,55.0515,1.74,13.67003,0.007568287,7,-0.9,99,0,0,0,0.1,0,0,0,-36,-35.5,-10.81,-10.849,0,0.87,1376.9,0.008206019,99.5,0,--.--,274,82.8,50,0000:00:00,72,0,80,0,30,0,0,2.85,0,0,0,1,55.07,0.465891204,45209,93.07,55.11,--.--
low,1,941,15.68,16.06,3.09,891,49.6254,1.7,13.68603542,0.007579861,6.8,-1.1,99,0,0,0,0.1,0,0,0,-35.9,-35.4,-10.78,-10.796,0,0.89,1376.9,0.008217593,99.8,0,--.--,274,83.1,48,0000:00:00,72,0,80,0,30,0,0,2.92,0,0,0,1,49.63,0.465902778,45209,93.07,55.11,--.--
low,1,942,15.7,16.07,2.8,892,44.996,1.65,13.70075708,0.007591435,5.1,-1.3,100,0,0,0,0.1,0,0,0,-35.8,-35.3,-10.75,-10.735,0,0.91,1376.9,0.008229167,100,0,--.--,274,83.4,47,0000:00:00,72,0,80,0,30,0,0,2.99,0,0,0,1,44.98,0.465914352,45209,93.07,55.11,--.--
low,1,943,15.72,16.06,3.09,892,49.6254,1.7,13.71574642,0.007603009,5,-0.5,99,0,0,0,0.1,0,0,0,-35.7,-35.2,-10.73,-10.689,0,0.94,1376.9,0.008240741,100.2,0,--.--,274,83.6,46,0000:00:00,72,0,80,0,30,0,0,3.08,0,0,0,1,49.63,0.465925926,45209,93.11,55.11,--.--
low,1,944,15.73,16.06,3.16,893,50.7496,1.71,13.74770197,0.007614583,5.1,-0.2,97,0,0,0,0,0,0,0,-35.7,-35.2,-10.73,-10.667,0,0.94,1376.9,0.008252315,100.4,0,--.--,274,83.7,45,0000:00:00,72,0,80,0,30,0,0,3.08,0,0,0,1,50.75,0.4659375,45209,93.13,55.11,--.--
low,1,945,15.75,16.06,3.3,894,52.998,1.72,13.76299406,0.007626157,4.6,-0.7,98,0,0,0,0.1,0,0,0,-35.7,-35.2,-10.73,-10.668,0,0.93,1376.9,0.008263889,100.6,0,--.--,274,83.9,45,0000:00:00,72,0,80,0,30,0,0,3.05,0,0,0,1,52.99,0.465949074,45209,93.15,55.11,--.--
low,1,946,15.77,16.05,3.59,895,57.6195,1.76,13.77797406,0.007637731,5,-0.8,99,0,0,0,0.1,0,0,0,-35.8,-35.2,-10.74,-10.675,0,0.93,1376.9,0.008275463,100.8,0,--.--,274,83.8,46,0000:00:00,72,0,80,0,30,0,0,3.05,0,0,0,1,57.63,0.465960648,45209,93.15,55.11,--.--
low,1,947,15.78,16.06,3.3,896,52.998,1.72,13.791402,0.007649306,5,-0.4,99,0,0,0,0.1,0,0,0,-35.8,-35.2,-10.74,-10.693,0,0.94,1376.9,0.008287037,101.1,0,--.--,274,84.4,46,0000:00:00,72,0,80,0,30,0,0,3.08,0,0,0,1,53,0.465972222,45209,93.16,55.11,--.--
low,1,948,15.8,16.06,3.36,897,53.9616,1.73,13.80673867,0.00766088,5,-0.4,99,0,0,0,0.1,0,0,0,-35.8,-35.3,-10.75,-10.711,0,0.94,1376.9,0.008298611,101.3,0,--.--,274,84.3,46,0000:00:00,72,0,80,0,30,0,0,3.08,0,0,0,1,53.96,0.465983796,45209,93.18,55.11,--.--
low,1,949,15.82,16,7.19,898,115.04,2.06,13.82252117,0.007672454,5.1,-0.5,99,0,0,0,0,0,0,-0.1,-36.1,-35.5,-10.83,-10.779,0,0.88,1376.9,0.008310185,101.5,0,--.--,274,84.5,52,0000:00:00,72,0,80,0,30,0,0,2.89,0,0,0,1,115.03,0.46599537,45209,93.18,55.11,--.--
low,1,950,15.83,16.05,3.43,900,55.0515,1.74,13.83929494,0.007684028,7.8,0.5,99,0,0,0,0.1,0,0,0,-36.2,-35.7,-10.88,-10.89,0,0.82,1376.9,0.008321759,101.7,0,--.--,274,84.6,51,0000:00:00,72,0,80,0,30,0,0,2.69,0,0,0,1,55.06,0.466006944,45209,93.2,55.13,--.--
low,1,951,15.85,16.05,3.36,901,53.928,1.73,13.85326692,0.007695602,4.6,0.7,99,0,0,0,0.1,0,0,0,-36.3,-35.8,-10.9,-10.949,0,0.81,1376.9,0.008333333,101.9,0,--.--,274,84.9,60,0000:00:00,72,0,80,0,30,0,0,2.66,0,0,0,1,53.94,0.466018519,45209,93.2,55.11,--.--
low,1,952,15.87,16.06,3.01,901,48.3406,1.68,13.86665025,0.007707176,4.8,0.9,99,0,0,0,0.1,0,0,0,-36.1,-35.6,-10.85,-10.92,0,0.85,1376.9,0.008344907,102.1,0,--.--,274,85,50,0000:00:00,72,0,80,0,30,0,0,2.79,0,0,0,1,48.35,0.466030093,45209,93.2,55.11,--.--
low,1,953,15.88,16.05,3.44,902,55.212,1.74,13.88158567,0.00771875,7,-1.3,99,0,0,0,0.1,0,0,0,-36,-35.5,-10.82,-10.857,0,0.87,1376.9,0.008356481,102.3,0,--.--,274,85.3,49,0000:00:00,72,0,80,0,30,0,0,2.85,0,0,0,1,55.2,0.466041667,45209,93.24,55.11,--.--
low,1,954,15.9,16.05,3.54,903,56.817,1.75,13.89581661,0.007730324,4.6,-1,99,0,0,0,0.1,0,0,0,-36,-35.5,-10.81,-10.819,0,0.86,1376.9,0.008368056,102.6,0,--.--,274,85.9,49,0000:00:00,72,0,80,0,30,0,0,2.82,0,0,0,1,56.8,0.466053241,45209,93.25,55.11,--.--
low,1,955,15.92,16.06,3.76,904,60.3856,1.78,13.91093978,0.007741898,3.9,-1.1,99,0,0,0,0.1,0,0,0,-35.9,-35.3,-10.77,-10.781,0,0.9,1376.9,0.00837963,102.9,0,--.--,274,85.8,47,0000:00:00,72,0,80,0,30,0,0,2.95,0,0,0,1,60.39,0.466064815,45209,93.25,55.11,--.--
low,1,956,15.93,16.07,3.13,905,50.2991,1.7,13.93011061,0.007753472,5.6,-1,99,0,0,0,0,0,0,0,-35.8,-35.3,-10.75,-10.74,0,0.92,1376.9,0.008391204,103,0,--.--,274,86.4,47,0000:00:00,72,0,80,0,30,0,0,3.02,0,0,0,1,50.28,0.466076389,45209,93.27,55.11,--.--
low,1,957,15.95,16.06,3,906,48.18,1.68,13.94362778,0.007765046,4.5,-0.5,99,0,0,0,0,0,0,0,-35.7,-35.2,-10.73,-10.703,0,0.96,1376.9,0.008402778,103.1,0,--.--,274,86.5,52,0000:00:00,72,0,80,0,30,0,0,3.15,0,0,0,1,48.19,0.466087963,45209,93.29,55.11,--.--
low,1,958,15.97,16.05,3.35,907,53.7675,1.73,13.958171,0.00777662,3.7,-0.6,98,0,0,0,0,0,0,0,-35.7,-35.1,-10.71,-10.655,0,0.98,1376.9,0.008414352,103.2,0,--.--,274,86.6,45,0000:00:00,72,0,80,0,30,0,0,3.22,0,0,0,1,53.76,0.466099537,45209,93.31,55.11,--.--
low,1,959,15.98,16.06,3.19,908,51.2314,1.71,13.97470111,0.007788194,4,-0.4,99,0,0,0,0,0,0,0,-35.6,-35.1,-10.7,-10.632,0,0.99,1376.9,0.008425926,103.3,0,--.--,274,86.6,44,0000:00:00,72,0,80,0,30,0,0,3.25,0,0,0,1,51.24,0.466111111,45209,93.33,55.11,--.--
low,1,960,16,16.06,3.39,909,54.4434,1.74,13.99118667,0.007799769,4.2,-0.4,99,0,0,0,0,0,0,0,-35.7,-35.1,-10.71,-10.649,0,0.97,1383.5,0.0084375,103.4,0,--.--,274,86.8,47,0000:00:00,72,0,80,0,30,0,0,3.18,0,0,0,1,54.44,0.466122685,45209,93.33,55.11,--.--
low,1,961,16.02,16.05,4.3,910,69.015,1.84,14.00688,0.007811343,5.6,0.4,99,0,0,0,0,0,0,0,-35.7,-35.2,-10.72,-10.682,0,0.99,1383.5,0.008449074,103.5,0,--.--,274,86.9,40,0000:00:00,72,0,80,0,30,0,0,3.25,0,0,0,1,69.02,0.466134259,45209,93.34,55.11,--.--
low,1,962,16.03,16.06,3.03,911,48.6618,1.69,14.020531,0.007822917,4.8,-0.3,99,0,0,0,0.1,0,0,0,-35.8,-35.3,-10.76,-10.717,0,0.94,1383.5,0.008460648,103.6,0,--.--,274,86.9,47,0000:00:00,72,0,80,0,30,0,0,3.08,0,0,0,1,48.66,0.466145833,45209,93.36,55.11,--.--
low,1,963,16.05,16.06,3.26,912,52.3556,1.72,14.03596644,0.007834491,7,0,99,0,0,0,0.1,0,0,0,-35.9,-35.3,-10.77,-10.771,0,0.91,1383.5,0.008472222,103.8,0,--.--,274,87.1,48,0000:00:00,72,0,80,0,30,0,0,2.99,0,0,0,1,52.35,0.466157407,45209,93.36,55.11,--.--
low,1,964,16.07,16.04,3.71,913,59.5084,1.77,14.05028661,0.007846065,6.2,-0.3,99,0,0,0,0.1,0,0,0,-35.9,-35.4,-10.78,-10.792,0,0.9,1383.5,0.008483796,104,0,--.--,275,87.3,48,0000:00:00,72,0,80,0,30,0,0,2.95,0,0,0,1,59.52,0.466168981,45209,93.36,55.11,--.--
low,1,965,16.08,16.04,3.7,914,59.348,1.77,14.0678415,0.007857639,6.1,-0.6,99,0,0,0,0.1,0,0,0,-35.9,-35.4,-10.79,-10.811,0,0.9,1383.5,0.00849537,104.4,0,--.--,275,87.7,49,0000:00:00,72,0,80,0,30,0,0,2.95,0,0,0,1,59.36,0.466180556,45209,93.4,55.11,--.--
low,1,966,16.1,16.05,3.52,915,56.496,1.75,14.0838915,0.007869213,5.4,-0.9,99,0,0,0,0.1,0,0,0,-35.9,-35.4,-10.78,-10.811,0,0.9,1383.5,0.008506944,104.8,0,--.--,275,88.1,48,0000:00:00,72,0,80,0,30,0,0,2.95,0,0,0,1,56.5,0.46619213,45209,93.4,55.11,--.--
low,1,967,16.12,16.06,3.06,915,49.1436,1.69,14.10082261,0.007880787,5.1,-1,99,0,0,0,0.1,0,0,0,-35.9,-35.3,-10.77,-10.79,0,0.92,1383.5,0.008518519,105,0,--.--,275,88.4,59,0000:00:00,72,0,80,0,30,0,0,3.02,0,0,0,1,49.14,0.466203704,45209,93.42,55.11,--.--
low,1,968,16.13,16.06,3.46,916,55.5676,1.74,14.11673886,0.007892361,4.4,-0.2,99,0,0,0,0.1,0,0,0,-35.8,-35.3,-10.75,-10.747,0,0.94,1383.5,0.008530093,105.3,0,--.--,275,88.6,47,0000:00:00,72,0,80,0,30,0,0,3.08,0,0,0,1,55.56,0.466215278,45209,93.43,55.11,--.--
low,1,969,16.15,16.06,3.21,917,51.5526,1.71,14.13251153,0.007903935,4.6,-1.4,99,0,0,0,0.1,0,0,0,-35.8,-35.2,-10.74,-10.726,0,0.94,1383.5,0.008541667,105.5,0,--.--,275,88.8,46,0000:00:00,72,0,80,0,30,0,0,3.08,0,0,0,1,51.55,0.466226852,45209,93.43,55.11,--.--
low,1,970,16.17,16.04,3.94,918,63.1976,1.8,14.14855153,0.007915509,4.5,-0.9,99,0,0,0,0.1,0,0,0,-35.7,-35.2,-10.73,-10.707,0,0.96,1383.5,0.008553241,105.8,0,--.--,275,89.2,46,0000:00:00,72,0,80,0,30,0,0,3.15,0,0,0,1,63.18,0.466238426,45209,93.45,55.11,--.--
low,1,971,16.18,16.05,3.6,919,57.78,1.76,14.16353153,0.007927083,4.1,-1.1,99,0,0,0,0.1,0,0,0,-35.7,-35.2,-10.73,-10.702,0,0.96,1383.5,0.008564815,106.2,0,--.--,275,89.6,46,0000:00:00,72,0,80,0,30,0,0,3.15,0,0,0,1,57.77,0.46625,45209,93.47,55.11,--.--
low,1,972,16.2,16.04,3.8,920,60.952,1.78,14.17922486,0.007938657,4.4,-0.5,99,0,0,0,0.1,0,0,0,-35.8,-35.3,-10.75,-10.72,0,0.93,1383.5,0.008576389,106.6,0,--.--,275,85.9,47,0000:00:00,72,0,80,0,30,0,0,3.05,0,0,0,1,60.95,0.466261574,45209,93.47,55.09,--.--
low,1,973,16.22,16.05,3.57,921,57.2985,1.76,14.19277819,0.007950231,5.7,-0.6,99,0,0,0,0.1,0,0,0,-35.9,-35.3,-10.77,-10.76,0,0.9,1383.5,0.008587963,107,0,--.--,275,86.2,47,0000:00:00,72,0,80,0,30,0,0,2.95,0,0,0,1,57.28,0.466273148,45209,93.49,55.09,--.--
low,1,974,16.23,16.04,3.54,922,56.7816,1.75,14.20717861,0.007961806,5.9,-0.9,99,0,0,0,0.1,0,0,0,-35.9,-35.4,-10.78,-10.798,0,0.89,1383.5,0.008599537,107.3,0,--.--,275,86.6,48,0000:00:00,72,0,80,0,30,0,0,2.92,0,0,0,1,56.79,0.466284722,45209,93.49,55.11,--.--
low,1,975,16.25,16.04,3.6,923,57.744,1.76,14.22109728,0.00797338,6.5,-0.8,99,0,0,0,0.1,0,0,0,-35.9,-35.4,-10.79,-10.816,0,0.89,1383.5,0.008611111,107.7,0,--.--,275,87,48,0000:00:00,72,0,80,0,30,0,0,2.92,0,0,0,1,57.73,0.466296296,45209,93.49,55.11,--.--
low,1,976,16.27,16.05,3.36,924,53.928,1.73,14.24706094,0.007984954,5,-0.7,99,0,0,0,0.1,0,0,0,-35.9,-35.4,-10.79,-10.818,0,0.88,1383.5,0.008622685,108.1,0,--.--,275,87.4,49,0000:00:00,72,0,80,0,30,0,0,2.89,0,0,0,1,53.94,0.46630787,45209,93.52,55.09,--.--
low,1,977,16.28,16.05,3.52,925,56.496,1.75,14.26111344,0.007996528,4.6,-0.1,99,0,0,0,0.1,0,0,0,-35.9,-35.4,-10.79,-10.815,0,0.88,1383.5,0.008634259,108.5,0,--.--,275,87.8,49,0000:00:00,72,0,80,0,30,0,0,2.89,0,0,0,1,56.5,0.466319444,45209,93.52,55.11,--.--
low,1,978,16.3,16.05,3.04,926,48.792,1.69,14.27587053,0.008008102,6,-0.1,99,0,0,0,0.1,0,0,0,-35.9,-35.4,-10.78,-10.803,0,0.88,1383.5,0.008645833,108.8,0,--.--,275,88.1,49,0000:00:00,72,0,80,0,30,0,0,2.89,0,0,0,1,48.8,0.466331019,45209,93.52,55.11,--.--
low,1,979,16.32,16.05,3.23,927,51.8415,1.71,14.29150953,0.008019676,5.2,-0.7,99,0,0,0,0.1,0,0,0,-35.9,-35.4,-10.78,-10.801,0,0.89,1383.5,0.008657407,109,0,--.--,275,88.3,48,0000:00:00,72,0,80,0,30,0,0,2.92,0,0,0,1,51.86,0.466342593,45209,93.56,55.11,--.--
low,1,980,16.33,16.06,3.12,928,50.1072,1.7,14.30582078,0.00803125,5.9,-0.4,99,0,0,0,0.1,0,0,0,-35.9,-35.3,-10.77,-10.78,0,0.89,1383.5,0.008668981,109.2,0,--.--,275,88.5,48,0000:00:00,72,0,80,0,30,0,0,2.92,0,0,0,1,50.1,0.466354167,45209,93.56,55.11,--.--
low,1,981,16.35,16.06,5.82,929,93.4692,1.97,14.319561,0.008042824,4,-0.7,99,0,0,0,0.1,0,0,0,-35.8,-35.3,-10.75,-10.762,0,0.89,1383.5,0.008680556,109.5,0,--.--,275,88.8,47,0000:00:00,72,0,80,0,30,0,0,2.92,0,0,0,1,93.45,0.466365741,45209,93.58,55.11,--.--
low,1,982,16.37,16.06,3.15,930,50.589,1.7,14.33418433,0.008054398,5.9,-0.3,99,0,0,0,0.1,0,0,0,-35.7,-35.2,-10.73,-10.74,0,0.93,1383.5,0.00869213,109.7,0,--.--,275,89,47,0000:00:00,72,0,80,0,30,0,0,3.05,0,0,0,1,50.58,0.466377315,45209,93.6,55.09,--.--
low,1,983,16.38,16.05,3.31,931,53.1255,1.73,14.34986789,0.008065972,5.3,-1.2,99,0,0,0,0.1,0,0,0,-35.7,-35.1,-10.71,-10.704,0,0.93,1383.5,0.008703704,109.9,0,--.--,275,89.2,46,0000:00:00,72,0,80,0,30,0,0,3.05,0,0,0,1,53.12,0.466388889,45209,93.6,55.11,--.--
low,1,984,16.4,16.04,3.51,932,56.3004,1.75,14.36617522,0.008077546,5.2,-1.1,99,0,0,0,0.1,0,0,0,-35.7,-35.1,-10.7,-10.682,0,0.95,1390.1,0.008715278,110.2,0,--.--,275,85.4,46,0000:00:00,72,0,80,0,30,0,0,3.12,0,0,0,1,56.31,0.466400463,45209,93.61,55.11,--.--
low,1,985,16.42,16.05,3.21,933,51.5205,1.71,14.38142272,0.00808912,5.5,-0.9,99,0,0,0,0.1,0,0,0,-35.7,-35.1,-10.7,-10.668,0,0.95,1390.1,0.008726852,110.4,0,--.--,275,85.6,46,0000:00:00,72,0,80,0,30,0,0,3.12,0,0,0,1,51.52,0.466412037,45209,93.61,55.11,--.--
low,1,986,16.43,16.06,3.08,934,49.4648,1.69,14.3970965,0.008100694,5,-0.7,99,0,0,0,0.1,0,0,0,-35.6,-35.1,-10.7,-10.665,0,0.94,1390.1,0.008738426,110.6,0,--.--,275,85.8,45,0000:00:00,72,0,80,0,30,0,0,3.08,0,0,0,1,49.46,0.466423611,45209,93.63,55.11,--.--
low,1,987,16.45,16.05,3.28,934,52.644,1.72,14.41255728,0.008112269,5,-1,99,0,0,0,0.1,0,0,0,-35.6,-35.1,-10.7,-10.662,0,0.95,1390.1,0.00875,110.7,0,--.--,275,85.9,45,0000:00:00,72,0,80,0,30,0,0,3.12,0,0,0,1,52.64,0.466435185,45209,93.65,55.09,--.--
low,1,988,16.47,16.04,3.52,935,56.4608,1.75,14.42828539,0.008123843,5.4,-1.1,99,0,0,0,0.1,0,0,0,-35.7,-35.1,-10.7,-10.666,0,0.94,1390.1,0.008761574,111,0,--.--,275,86.2,45,0000:00:00,72,0,80,0,30,0,0,3.08,0,0,0,1,56.46,0.466446759,45209,93.65,55.11,--.--
low,1,989,16.48,16.04,3.66,936,58.7064,1.77,14.44392439,0.008135417,6.2,-0.8,99,0,0,0,0.1,0,0,0,-35.7,-35.1,-10.72,-10.686,0,0.92,1390.1,0.008773148,111.3,0,--.--,275,86.5,46,0000:00:00,72,0,80,0,30,0,0,3.02,0,0,0,1,58.71,0.466458333,45209,93.65,55.11,--.--
low,1,990,16.5,16.05,3.42,937,54.891,1.74,14.45916239,0.008146991,6.6,-1.4,99,0,0,0,0.1,0,0,0,-35.7,-35.2,-10.72,-10.705,0,0.9,1390.1,0.008784722,111.5,0,--.--,275,86.8,47,0000:00:00,72,0,80,0,30,0,0,2.95,0,0,0,1,54.88,0.466469907,45209,93.69,55.11,--.--
low,1,991,16.52,16.03,3.52,938,56.4256,1.75,14.47440039,0.008158565,6.7,-0.9,99,0,0,0,0.1,0,0,0,-35.7,-35.2,-10.72,-10.709,0,0.91,1390.1,0.008796296,111.9,0,--.--,275,87.1,47,0000:00:00,72,0,80,0,30,0,0,2.99,0,0,0,1,56.43,0.466481481,45209,93.69,55.11,--.--
low,1,992,16.53,16.04,3.47,939,55.6588,1.75,14.48848872,0.008170139,5.7,-0.9,99,0,0,0,0.1,0,0,0,-35.7,-35.2,-10.72,-10.709,0,0.89,1390.1,0.00880787,112.3,0,--.--,275,87.5,46,0000:00:00,72,0,80,0,30,0,0,2.92,0,0,0,1,55.67,0.466493056,45209,93.7,55.11,--.--
low,1,993,16.55,16.04,3.53,940,56.6212,1.75,14.50403861,0.008181713,6.5,-0.7,99,0,0,0,0.1,0,0,0,-35.7,-35.2,-10.73,-10.722,0,0.89,1390.1,0.008819444,112.6,0,--.--,275,87.9,47,0000:00:00,72,0,80,0,30,0,0,2.92,0,0,0,1,56.63,0.46650463,45209,93.7,55.09,--.--
low,1,994,16.57,16.04,3.51,941,56.3004,1.75,14.51865283,0.008193287,6.3,-0.3,95,0,0,0,0.1,0,0,0,-35.8,-35.2,-10.74,-10.743,0,0.88,1390.1,0.008831019,113,0,--.--,275,88.2,47,0000:00:00,72,0,80,0,30,0,0,2.89,0,0,0,1,56.3,0.466516204,45209,93.72,55.11,--.--
low,1,995,16.58,16.04,3.42,942,54.8568,1.74,14.53530622,0.008204861,6.3,0.2,96,0,0,0,0.1,0,0,0,-35.8,-35.3,-10.75,-10.763,0,0.87,1390.1,0.008842593,113.4,0,--.--,275,88.6,48,0000:00:00,72,0,80,0,30,0,0,2.85,0,0,0,1,54.86,0.466527778,45209,93.74,55.11,--.--
low,1,996,16.6,16.04,3.42,943,54.8568,1.74,14.55159322,0.008216435,6.7,-0.7,95,0,0,0,0.1,0,0,0,-35.8,-35.3,-10.76,-10.767,0,0.87,1390.1,0.008854167,113.7,0,--.--,275,89,48,0000:00:00,72,0,80,0,30,0,0,2.85,0,0,0,1,54.86,0.466539352,45209,93.74,55.11,--.--
low,1,997,16.62,16.05,3.16,944,50.718,1.71,14.56732133,0.008228009,6.5,0.1,95,0,0,0,0.1,0,0,0,-35.8,-35.3,-10.75,-10.782,0,0.86,1390.1,0.008865741,114.1,0,--.--,275,89.3,55,0000:00:00,72,0,80,0,30,0,0,2.82,0,0,0,1,50.72,0.466550926,45209,93.76,55.11,--.--
low,1,998,16.63,16.04,3.49,945,55.9796,1.75,14.58296033,0.008239583,6.1,1.6,95,0,0,0,0.1,0,0,0.1,-35.8,-35.3,-10.74,-10.774,0,0.85,1390.1,0.008877315,114.4,0,--.--,275,89.7,60,0000:00:00,72,0,80,0,30,0,0,2.79,0,0,0,1,55.99,0.4665625,45209,93.76,55.11,--.--
low,1,999,16.65,16.04,3.28,946,52.6112,1.72,14.599367,0.008251157,6.7,-1.3,95,0,0,0,0.1,0,0,0,-35.7,-35.1,-10.7,-10.742,0,0.91,1390.1,0.008888889,114.8,0,--.--,275,90,47,0000:00:00,72,0,80,0,30,0,0,2.99,0,0,0,1,52.62,0.466574074,45209,93.78,55.09,--.--
low,1,1000,16.67,16.03,3.74,947,59.9522,1.78,14.61465908,0.008262731,6.2,-1.2,95,0,0,0,0.1,0,0,0,-35.6,-35,-10.68,-10.689,0,0.91,1390.1,0.008900463,115.2,0,--.--,275,90.4,44,0000:00:00,72,0,80,0,30,0,0,2.99,0,0,0,1,59.96,0.466585648,45209,93.79,55.09,--.--
low,1,1001,16.68,16.02,3.66,948,58.6332,1.77,14.62971886,0.008274306,6.8,0.2,95,0,0,0,0.1,0,0,0,-35.5,-35,-10.67,-10.653,0,0.93,1390.1,0.008912037,115.6,0,--.--,275,90.8,46,0000:00:00,72,0,80,0,30,0,0,3.05,0,0,0,1,58.65,0.466597222,45209,93.79,55.11,--.--
low,1,1002,16.7,16.04,3.53,949,56.6212,1.75,14.64491231,0.00828588,6.9,0.2,95,0,0,0,0.1,0,0,0,-35.5,-35,-10.67,-10.651,0,0.91,1390.1,0.008923611,116,0,--.--,275,91.2,46,0000:00:00,72,0,80,0,30,0,0,2.99,0,0,0,1,56.62,0.466608796,45209,93.81,55.09,--.--
low,1,1003,16.72,16.04,3.51,950,56.3004,1.75,14.65958022,0.008297454,6.7,0.3,95,0,0,0,0.1,0,0,0,-35.6,-35,-10.67,-10.654,0,0.91,1390.1,0.008935185,116.3,0,--.--,275,91.5,46,0000:00:00,72,0,80,0,30,0,0,2.99,0,0,0,1,56.29,0.46662037,45209,93.81,55.11,--.--
low,1,1004,16.73,16.05,3.68,951,59.064,1.77,14.67334789,0.008309028,7.2,0.1,95,0,0,0,0.1,0,0,0,-35.6,-35,-10.67,-10.657,0,0.91,1396.7,0.008946759,116.6,0,--.--,275,91.8,46,0000:00:00,72,0,80,0,30,0,0,2.99,0,0,0,1,59.05,0.466631944,45209,93.85,55.11,--.--
low,1,1005,16.75,16.05,3.43,952,55.0515,1.74,14.69508483,0.008320602,6.8,0.5,95,0,0,0,0.1,0,0,0,-35.6,-35,-10.68,-10.671,0,0.9,1396.7,0.008958333,116.9,0,--.--,275,92.1,46,0000:00:00,72,0,80,0,30,0,0,2.95,0,0,0,1,55.04,0.466643519,45209,93.87,55.11,--.--
low,1,1006,16.77,16.04,3.38,953,54.2152,1.73,14.71603125,0.008332176,7,0,95,0,0,0,0.1,0,0,0,-35.6,-35,-10.68,-10.675,0,0.89,1396.7,0.008969907,117.2,0,--.--,275,92.4,47,0000:00:00,72,0,80,0,30,0,0,2.92,0,0,0,1,54.23,0.466655093,45209,93.87,55.09,--.--
low,1,1007,16.78,16.04,3.41,954,54.6964,1.74,14.73162569,0.00834375,7,0,95,0,0,0,0.1,0,0,0,-35.6,-35.1,-10.69,-10.691,0,0.89,1396.7,0.008981481,117.4,0,--.--,275,92.7,47,0000:00:00,72,0,80,0,30,0,0,2.92,0,0,0,1,54.71,0.466666667,45209,93.9,55.11,--.--
low,1,1008,16.8,16.05,3.29,955,52.8045,1.72,14.74615081,0.008355324,7.3,-0.4,95,0,0,0,0.1,0,0,0,-35.6,-35.1,-10.69,-10.694,0,0.88,1396.7,0.008993056,117.6,0,--.--,275,92.9,61,0000:00:00,72,0,80,0,30,0,0,2.89,0,0,0,1,52.79,0.466678241,45209,93.88,55.11,--.--
low,1,1009,16.82,16.04,3.09,956,49.5636,1.7,14.76161158,0.008366898,7,0.9,95,0,0,0,0.1,0,0,0,-35.5,-35,-10.67,-10.676,0,0.9,1396.7,0.00900463,117.9,0,--.--,275,93.1,47,0000:00:00,72,0,80,0,30,0,0,2.95,0,0,0,1,49.56,0.466689815,45209,93.9,55.09,--.--
low,1,1010,16.83,15.97,4.9,957,78.253,1.89,14.77773064,0.008378472,7.2,1.4,95,0,0,0,0,0,0,0.1,-35.4,-34.8,-10.6,-10.606,0,0.92,1396.7,0.009016204,118,0,--.--,275,93.2,45,0000:00:00,72,0,80,0,30,0,0,3.02,0,0,0,1,78.25,0.466701389,45209,93.92,55.11,--.--
low,1,1011,16.85,16.01,4.71,958,75.4071,1.88,14.79403797,0.008390046,7,1.4,95,0,0,0,0,0,0,0,-35.2,-34.6,-10.55,-10.509,0,1.01,1396.7,0.009027778,118.1,0,--.--,275,93.3,44,0000:00:00,72,0,80,0,30,0,0,3.31,0,0,0,1,75.41,0.466712963,45209,93.94,55.09,--.--
low,1,1012,16.87,16.04,3.5,959,56.14,1.75,14.81070175,0.00840162,6.8,1.8,95,0,0,0,0,0,0,-0.1,-35.1,-34.6,-10.55,-10.508,0,1.03,1396.7,0.009039352,118.2,0,--.--,276,93.5,35,0000:00:00,72,0,80,0,30,0,0,3.38,0,0,0,1,56.13,0.466724537,45209,93.94,55.11,--.--
low,1,1013,16.88,16.04,3.26,960,52.2904,1.72,14.82708797,0.008413194,7.6,1.5,96,0,0,0,0.1,0,0,0,-35.3,-34.8,-10.62,-10.629,0,0.96,1396.7,0.009050926,118.4,0,--.--,276,93.6,48,0000:00:00,72,0,80,0,30,0,0,3.15,0,0,0,1,52.3,0.466736111,45209,93.94,55.09,--.--
low,1,1014,16.9,16.04,3.47,961,55.6588,1.75,14.84351872,0.008424769,7.1,0.5,95,0,0,0,0.1,0,0,0,-35.5,-34.9,-10.65,-10.674,0,0.91,1396.7,0.0090625,118.5,0,--.--,276,93.8,49,0000:00:00,72,0,80,0,30,0,0,2.99,0,0,0,1,55.65,0.466747685,45209,93.94,55.09,--.--
low,1,1015,16.92,16.03,3.62,962,58.0286,1.76,14.85932608,0.008436343,7,0.1,95,0,0,0,0.1,0,0,0,-35.5,-35,-10.66,-10.709,0,0.91,1396.7,0.009074074,118.9,0,--.--,275,94.1,50,0000:00:00,72,0,80,0,30,0,0,2.99,0,0,0,1,58.04,0.466759259,45209,93.97,55.09,--.--
low,1,1016,16.93,16.04,3.66,963,58.7064,1.77,14.87607897,0.008447917,7,-1,95,0,0,0,0.1,0,0,0,-35.5,-34.9,-10.65,-10.708,0,0.9,1396.7,0.009085648,119.1,0,--.--,275,94.4,50,0000:00:00,72,0,80,0,30,0,0,2.95,0,0,0,1,58.72,0.466770833,45209,93.97,55.09,--.--
low,1,1017,16.95,16.04,3.74,964,59.9896,1.78,14.89211897,0.008459491,7.2,-0.7,95,0,0,0,0.1,0,0,0,-35.4,-34.9,-10.63,-10.655,0,0.91,1396.7,0.009097222,119.4,0,--.--,275,94.7,49,0000:00:00,72,0,80,0,30,0,0,2.99,0,0,0,1,59.99,0.466782407,45209,93.97,55.11,--.--
low,1,1018,16.97,16.03,3.68,965,58.9904,1.77,14.90823803,0.008471065,6.9,-1.2,95,0,0,0,0.1,0,0,0,-35.4,-34.8,-10.62,-10.649,0,0.91,1396.7,0.009108796,119.7,0,--.--,275,94.4,48,0000:00:00,72,0,80,0,30,0,0,2.99,0,0,0,1,58.99,0.466793981,45209,94.01,55.11,--.--
low,1,1019,16.98,16.03,3.69,966,59.1507,1.77,14.92523703,0.008482639,7.2,0,95,0,0,0,0.1,0,0,0,-35.3,-34.8,-10.6,-10.611,0,0.93,1396.7,0.00912037,120.1,0,--.--,275,95.3,47,0000:00:00,72,0,80,0,30,0,0,3.05,0,0,0,1,59.15,0.466805556,45209,94.01,55.11,--.--
low,1,1020,17,16.03,3.55,967,56.9065,1.76,14.9412225,0.008494213,6.6,-0.3,94,0,0,0,0.1,0,0,0,-35.3,-34.8,-10.61,-10.607,0,0.9,1396.7,0.009131944,120.4,0,--.--,275,95.6,47,0000:00:00,72,0,80,0,30,0,0,2.95,0,0,0,1,56.91,0.46681713,45209,94.03,55.11,--.--
low,1,1021,17.02,16.04,3.76,968,60.3104,1.78,14.95729703,0.008505787,7.3,-0.1,95,0,0,0,0.1,0,0,0,-35.3,-34.8,-10.61,-10.614,0,0.92,1396.7,0.009143519,120.6,0,--.--,276,95.8,48,0000:00:00,72,0,80,0,30,0,0,3.02,0,0,0,1,60.3,0.466828704,45209,94.05,55.11,--.--
low,1,1022,17.03,16.04,3.6,969,57.744,1.76,14.97536403,0.008517361,7,-0.6,95,0,0,0,0.1,0,0,0,-35.4,-34.8,-10.62,-10.634,0,0.91,1396.7,0.009155093,120.8,0,--.--,276,96,48,0000:00:00,72,0,80,0,30,0,0,2.99,0,0,0,1,57.73,0.466840278,45209,94.06,55.09,--.--
low,1,1023,17.05,16.03,3.62,970,58.0286,1.76,14.99218503,0.008528935,8,-0.7,95,0,0,0,0.1,0,0,0,-35.4,-34.8,-10.62,-10.628,0,0.91,1396.7,0.009166667,121,0,--.--,276,96.2,48,0000:00:00,72,0,80,0,30,0,0,2.99,0,0,0,1,58.03,0.466851852,45209,94.06,55.11,--.--
low,1,1024,17.07,16.02,3.82,971,61.1964,1.79,15.01020753,0.008540509,6.5,0,94,0,0,0,0.1,0,0,0,-35.4,-34.8,-10.61,-10.614,0,0.92,1396.7,0.009178241,121.2,0,--.--,276,96.5,48,0000:00:00,72,0,80,0,30,0,0,3.02,0,0,0,1,61.2,0.466863426,45209,94.08,55.09,--.--
low,1,1025,17.08,16.03,3.59,972,57.5477,1.76,15.02685053,0.008552083,7,1.2,95,0,0,0,0.1,0,0,0,-35.3,-34.8,-10.6,-10.608,0,0.94,1396.7,0.009189815,121.4,0,--.--,276,96.7,47,0000:00:00,72,0,80,0,30,0,0,3.08,0,0,0,1,57.55,0.466875,45209,94.1,55.09,--.--
low,1,1026,17.1,16.03,3.61,973,57.8683,1.76,15.04301411,0.008563657,7.1,0.1,95,0,0,0,0.1,0,0,0,-35.3,-34.8,-10.61,-10.609,0,0.93,1396.7,0.009201389,121.7,0,--.--,276,97,48,0000:00:00,72,0,80,0,30,0,0,3.05,0,0,0,1,57.88,0.466886574,45209,94.1,55.11,--.--
low,1,1027,17.12,16.02,4.06,974,65.0412,1.81,15.05934561,0.008575231,7.2,-0.1,95,0,0,0,0.1,0,0,0,-35.4,-34.8,-10.61,-10.615,0,0.92,1396.7,0.009212963,122,0,--.--,276,97.3,48,0000:00:00,72,0,80,0,30,0,0,3.02,0,0,0,1,65.04,0.466898148,45209,94.1,55.09,--.--
low,1,1028,17.13,16.02,3.78,976,60.5556,1.78,15.07488581,0.008586806,7.1,-0.5,94,0,0,0,0.1,0,0,0,-35.4,-34.8,-10.62,-10.63,0,0.92,1396.7,0.009224537,122.3,0,--.--,276,97.6,49,0000:00:00,72,0,80,0,30,0,0,3.02,0,0,0,1,60.57,0.466909722,45209,94.14,55.09,--.--
low,1,1029,17.15,16.02,4.05,977,64.881,1.81,15.09063881,0.00859838,7,0.7,95,0,0,0,0.1,0,0,0,-35.4,-34.9,-10.63,-10.636,0,0.9,1396.7,0.009236111,122.6,0,--.--,276,97.9,49,0000:00:00,72,0,80,0,30,0,0,2.95,0,0,0,1,64.86,0.466921296,45209,94.14,55.11,--.--
low,1,1030,17.17,16.02,3.74,978,59.9148,1.78,15.10596592,0.008609954,6.9,0.1,95,0,0,0,0.1,0,0,0,-35.4,-34.9,-10.63,-10.653,0,0.91,1396.7,0.009247685,122.8,0,--.--,276,97.5,49,0000:00:00,72,0,80,0,30,0,0,2.99,0,0,0,1,59.92,0.46693287,45209,94.15,55.09,--.--
low,1,1031,17.18,16.03,3.63,979,58.1889,1.76,15.12008122,0.008621528,6.8,0.2,95,0,0,0,0.1,0,0,0,-35.4,-34.9,-10.64,-10.669,0,0.9,1403.3,0.009259259,123.2,0,--.--,276,97.8,50,0000:00:00,72,0,80,0,30,0,0,2.95,0,0,0,1,58.18,0.466944444,45209,94.15,55.09,--.--
low,1,1032,17.2,16.02,3.67,980,58.7934,1.77,15.13500733,0.008633102,7,0,95,0,0,0,0.1,0,0,0,-35.4,-34.9,-10.63,-10.669,0,0.89,1403.3,0.009270833,123.5,0,--.--,276,98.2,49,0000:00:00,72,0,80,0,30,0,0,2.92,0,0,0,1,58.81,0.466956019,45209,94.17,55.13,--.--
low,1,1033,17.22,16.03,3.49,981,55.9447,1.75,15.15020078,0.008644676,7.1,-0.2,94,0,0,0,0.1,0,0,0,-35.4,-34.8,-10.62,-10.634,0,0.9,1403.3,0.009282407,123.8,0,--.--,276,98.4,49,0000:00:00,72,0,80,0,30,0,0,2.95,0,0,0,1,55.94,0.466967593,45209,94.17,55.11,--.--
low,1,1034,17.23,16.02,3.54,982,56.7108,1.75,15.16631983,0.00865625,7.3,0.8,95,0,0,0,0.1,0,0,0,-35.4,-34.8,-10.61,-10.628,0,0.91,1403.3,0.009293981,123.9,0,--.--,276,102.6,48,0000:00:00,72,0,80,0,30,0,0,2.99,0,0,0,1,56.72,0.466979167,45209,94.19,55.09,--.--
low,1,1035,17.25,16.04,3.44,983,55.1776,1.74,15.18250772,0.008667824,7.2,1.1,95,0,0,0,0,0,0,0,-35.3,-34.8,-10.6,-10.608,0,0.91,1403.3,0.009305556,124,0,--.--,276,102.8,49,0000:00:00,72,0,80,0,30,0,0,2.99,0,0,0,1,55.16,0.466990741,45209,94.21,55.09,--.--
low,1,1036,17.27,16.03,3.17,984,50.8151,1.71,15.19884942,0.008679398,7.1,1.9,95,0,0,0,0,0,0,0,-35.3,-34.8,-10.6,-10.596,0,0.92,1403.3,0.00931713,124.1,0,--.--,276,102.8,48,0000:00:00,72,0,80,0,30,0,0,3.02,0,0,0,1,50.82,0.467002315,45209,94.21,55.09,--.--
low,1,1037,17.28,16.04,3.35,984,53.734,1.73,15.21500292,0.008690972,7,1,95,0,0,0,0,0,0,0,-35.3,-34.8,-10.61,-10.597,0,0.92,1403.3,0.009328704,124.2,0,--.--,276,102.9,46,0000:00:00,72,0,80,0,30,0,0,3.02,0,0,0,1,53.72,0.467013889,45209,94.23,55.09,--.--
low,1,1038,17.3,16.04,3.41,985,54.6964,1.74,15.2324805,0.008702546,7.2,2.3,95,0,0,0,0,0,0,0,-35.4,-34.8,-10.62,-10.624,0,0.92,1403.3,0.009340278,124.3,0,--.--,276,103.1,35,0000:00:00,72,0,80,0,30,0,0,3.02,0,0,0,1,54.68,0.467025463,45209,94.24,55.09,--.--
low,1,1039,17.32,16.03,3.62,986,58.0286,1.76,15.2498355,0.00871412,7.9,-1.5,94,0,0,0,0,0,0,0,-35.5,-34.9,-10.65,-10.665,0,0.89,1403.3,0.009351852,124.5,0,--.--,276,103.2,48,0000:00:00,72,0,80,0,30,0,0,2.92,0,0,0,1,58.02,0.467037037,45209,94.24,55.09,--.--
low,1,1040,17.33,16.01,3.64,987,58.2764,1.77,15.265064,0.008725694,6.8,0.7,95,0,0,0,0,0,0,0,-35.5,-34.9,-10.64,-10.652,0,0.88,1403.3,0.009363426,124.5,0,--.--,276,103.2,49,0000:00:00,72,0,80,0,30,0,0,2.89,0,0,0,1,58.26,0.467048611,45209,94.24,55.09,--.--
low,1,1041,17.35,16.03,3.67,988,58.8301,1.77,15.28047061,0.008737269,7.3,0.6,95,0,0,0,0.1,0,0,0,-35.4,-34.9,-10.63,-10.631,0,0.89,1403.3,0.009375,124.7,0,--.--,276,103.4,48,0000:00:00,72,0,80,0,30,0,0,2.92,0,0,0,1,58.83,0.467060185,45209,94.26,55.11,--.--
low,1,1042,17.37,16.02,3.63,989,58.1526,1.76,15.29671311,0.008748843,6.9,0.3,95,0,0,0,0.1,0,0,0,-35.4,-34.9,-10.63,-10.63,0,0.88,1403.3,0.009386574,124.8,0,--.--,276,103.5,48,0000:00:00,72,0,80,0,30,0,0,2.89,0,0,0,1,58.16,0.467071759,45209,94.26,55.09,--.--
low,1,1043,17.38,16.01,3.93,991,62.9193,1.8,15.31220878,0.008760417,7.4,-0.3,95,0,0,0,0.1,0,0,0,-35.4,-34.9,-10.63,-10.629,0,0.89,1403.3,0.009398148,125,0,--.--,276,103.8,48,0000:00:00,72,0,80,0,30,0,0,2.92,0,0,0,1,62.92,0.467083333,45209,94.3,55.11,--.--
low,1,1044,17.4,16.02,3.9,992,62.478,1.8,15.32685367,0.008771991,7.1,1.3,95,0,0,0,0.1,0,0,0,-35.4,-34.9,-10.63,-10.63,0,0.89,1403.3,0.009409722,125.3,0,--.--,276,104,48,0000:00:00,72,0,80,0,30,0,0,2.92,0,0,0,1,62.47,0.467094907,45209,94.3,55.09,--.--
low,1,1045,17.42,16.03,3.42,993,54.8226,1.74,15.3641625,0.008783565,6.9,0.2,95,0,0,0,0.1,0,0,0,-35.4,-34.9,-10.64,-10.647,0,0.88,1403.3,0.009421296,125.5,0,--.--,276,104.3,49,0000:00:00,72,0,80,0,30,0,0,2.89,0,0,0,1,54.83,0.467106481,45209,94.32,55.09,--.--
low,1,1046,17.43,16.03,3.46,994,55.4638,1.74,15.384677,0.008795139,6.9,0.1,95,0,0,0,0.1,0,0,0,-35.5,-34.9,-10.64,-10.652,0,0.87,1403.3,0.00943287,125.8,0,--.--,276,104.5,49,0000:00:00,72,0,80,0,30,0,0,2.85,0,0,0,1,55.45,0.467118056,45209,94.32,55.09,--.--
low,1,1047,17.45,16.02,3.65,995,58.473,1.77,15.400519,0.008806713,7.4,-0.7,94,0,0,0,0,0,0,0,-35.4,-34.9,-10.64,-10.648,0,0.88,1403.3,0.009444444,126,0,--.--,276,104.7,48,0000:00:00,72,0,80,0,30,0,0,2.89,0,0,0,1,58.49,0.46712963,45209,94.33,55.09,--.--
low,1,1048,17.47,16.03,3.48,996,55.7844,1.75,15.41467883,0.008818287,6.6,3.4,94,0,0,0,0,0,0,0.2,-35.4,-34.8,-10.58,-10.573,0,0.87,1403.3,0.009456019,126.1,0,--.--,276,104.8,65,0000:00:00,72,0,80,0,30,0,0,2.85,0,0,0,1,55.77,0.467141204,45209,94.35,55.09,--.--
low,1,1049,17.48,15.88,3.32,997,52.7216,1.72,15.42928394,0.008829861,7.3,1.5,94,0,0,0,0,0,0,0,-35,-34.4,-10.49,-10.457,0,1,1403.3,0.009467593,126.2,0,--.--,276,104.9,36,0000:00:00,72,0,80,0,30,0,0,3.28,0,0,0,1,52.74,0.467152778,45209,94.35,55.11,--.--
low,1,1050,17.5,15.82,8.49,999,134.3118,2.13,15.44415622,0.008842593,8.6,1.1,94,0,0,0,0,0,0,0,-35.1,-34.5,-10.54,-10.516,0,0.99,1403.3,0.009479167,126.3,0,--.--,276,105,41,0000:00:00,72,0,80,0,30,0,0,3.25,0,0,0,1,134.34,0.467164352,45209,94.37,55.09,--.--
low,1,1051,17.52,16.02,4.61,1000,73.8522,1.87,15.45743378,0.008854167,7.2,0,95,0,0,0,0.1,0,0,0,-35.3,-34.7,-10.59,-10.61,0,0.93,1403.3,0.009490741,126.4,0,--.--,276,105.1,50,0000:00:00,72,0,80,0,30,0,0,3.05,0,0,0,1,73.85,0.467175926,45209,94.37,55.09,--.--
low,1,1052,17.53,16.02,3.56,1001,57.0312,1.76,15.47173611,0.008865741,5.4,2.3,95,0,0,0,0.1,0,0,0,-35.3,-34.7,-10.6,-10.63,0,0.9,1403.3,0.009502315,126.6,0,--.--,276,109.4,50,0000:00:00,72,0,80,0,30,0,0,2.95,0,0,0,1,57.02,0.4671875,45209,94.39,55.11,--.--
low,1,1053,17.55,16.03,3.18,1002,50.9754,1.71,15.48700914,0.008877315,6.6,-0.1,95,0,0,0,0.1,0,0,0,-35.3,-34.8,-10.61,-10.654,0,0.9,1403.3,0.009513889,126.8,0,--.--,276,109.6,51,0000:00:00,72,0,80,0,30,0,0,2.95,0,0,0,1,50.98,0.467199074,45209,94.39,55.11,--.--
low,1,1054,17.57,16.03,3.28,1003,52.5784,1.72,15.50188142,0.008888889,7.5,0.5,95,0,0,0,0.1,0,0,0,-35.3,-34.8,-10.61,-10.649,0,0.91,1403.3,0.009525463,127.1,0,--.--,276,109.9,51,0000:00:00,72,0,80,0,30,0,0,2.99,0,0,0,1,52.57,0.467210648,45209,94.42,55.11,--.--
low,1,1055,17.58,16.03,3.34,1004,53.5402,1.73,15.53456775,0.008900463,6.4,0.7,95,0,0,0,0.1,0,0,0,-35.3,-34.8,-10.6,-10.63,0,0.91,1403.3,0.009537037,127.4,0,--.--,276,110.2,50,0000:00:00,72,0,80,0,30,0,0,2.99,0,0,0,1,53.53,0.467222222,45209,94.42,55.09,--.--
low,1,1056,17.6,16.04,2.98,1005,47.7992,1.68,15.56548744,0.008912037,6.6,-0.5,94,0,0,0,0.1,0,0,0,-35.3,-34.7,-10.59,-10.608,0,0.9,1403.3,0.009548611,127.7,0,--.--,276,110.5,49,0000:00:00,72,0,80,0,30,0,0,2.95,0,0,0,1,47.81,0.467233796,45209,94.42,55.09,--.--
low,1,1057,17.62,16.04,3.21,1006,51.4884,1.71,15.58219064,0.008923611,8.6,-1.2,94,0,0,0,0.1,0,0,0,-35.2,-34.6,-10.56,-10.55,0,0.93,1403.3,0.009560185,127.9,0,--.--,276,110.7,48,0000:00:00,72,0,80,0,30,0,0,3.05,0,0,0,1,51.48,0.46724537,45209,94.42,55.09,--.--
low,1,1058,17.63,16.03,3.43,1007,54.9829,1.74,15.59821064,0.008935185,7.4,-0.4,94,0,0,0,0,0,0,0,-35.1,-34.5,-10.53,-10.487,0,0.93,1403.3,0.009571759,128.1,0,--.--,276,110.9,45,0000:00:00,85,0,80,0,30,0,0,3.05,0,0,0,1,54.97,0.467256944,45209,94.46,55.09,--.--
low,1,1059,17.65,16.03,3.34,1008,53.5402,1.73,15.61430958,0.008945602,7.4,0.3,95,0,0,0,0.1,0,0,0,-35,-34.4,-10.5,-10.436,0,0.95,1403.3,0.009583333,128.3,0,--.--,276,110.8,44,0000:00:00,76,0,80,0,30,0,0,3.12,0,0,0,1,53.54,0.467268519,45209,94.48,55.09,--.--
low,1,1060,17.67,15.88,7.41,1009,117.6708,2.07,15.63050758,0.008957176,7.6,0.4,95,0,0,0,0.1,0,0,-0.2,-35.2,-34.7,-10.62,-10.599,0,0.92,1403.3,0.009594907,128.4,0,--.--,276,110.9,47,0000:00:00,76,0,80,0,30,0,0,3.02,0,0,0,1,117.63,0.467280093,45209,94.48,55.09,--.--
low,1,1061,17.68,15.97,6.97,1011,111.3109,2.05,15.64657208,0.00896875,8.1,3.9,95,0,0,0,0.1,0,0,0,-35.6,-35.1,-10.72,-10.784,0,0.81,1403.3,0.009606481,128.7,0,--.--,276,111.2,52,0000:00:00,76,0,80,0,30,0,0,2.66,0,0,0,1,111.32,0.467291667,45209,94.5,55.11,--.--
low,1,1062,17.7,15.95,3.77,1012,60.1315,1.78,15.66293786,0.008981481,7.7,1.8,95,0,0,0,0.1,0,0,0,-35.8,-35.3,-10.75,-10.856,0,0.77,1403.3,0.009618056,129,0,--.--,276,111.5,54,0000:00:00,76,0,80,0,30,0,0,2.53,0,0,0,1,60.14,0.467303241,45209,94.5,55.09,--.--
low,1,1063,17.72,16.02,3.6,1013,57.672,1.76,15.68110428,0.008993056,7.9,-0.6,94,0,0,0,0.1,0,0,0.1,-35.7,-35.2,-10.72,-10.802,0,0.78,1403.3,0.00962963,129.3,0,--.--,276,111.8,65,0000:00:00,76,0,80,0,30,0,0,2.56,0,0,0,1,57.66,0.467314815,45209,94.51,55.09,--.--
low,1,1064,17.73,16.01,3.62,1014,57.9562,1.76,15.69959317,0.00900463,7.8,-1.9,94,0,0,0,0.1,0,0,0.1,-35.5,-35,-10.65,-10.679,0,0.83,1403.3,0.009641204,129.6,0,--.--,276,112.1,54,0000:00:00,76,0,80,0,30,0,0,2.72,0,0,0,1,57.97,0.467326389,45209,94.51,55.09,--.--
low,1,1065,17.75,16.02,3.64,1015,58.3128,1.77,15.71750428,0.009016204,7.6,-0.9,94,0,0,0,0.1,0,0,0,-35.3,-34.7,-10.58,-10.547,0,0.88,1410,0.009652778,129.8,0,--.--,276,112.3,46,0000:00:00,76,0,80,0,30,0,0,2.89,0,0,0,1,58.3,0.467337963,45209,94.53,55.09,--.--
low,1,1066,17.77,16.02,3.61,1016,57.8322,1.76,15.7353265,0.009027778,6.7,-1.6,94,0,0,0,0.1,0,0,0,-35.1,-34.6,-10.54,-10.467,0,0.93,1410,0.009664352,130,0,--.--,276,112.5,44,0000:00:00,76,0,80,0,30,0,0,3.05,0,0,0,1,57.81,0.467349537,45209,94.53,55.09,--.--
low,1,1067,17.78,16.01,3.68,1017,58.9168,1.77,15.75447008,0.009039352,7.4,-1.9,93,0,0,0,0,0,0,0,-35.1,-34.5,-10.53,-10.447,0,0.92,1410,0.009675926,130.3,0,--.--,276,116.9,44,0000:00:00,76,0,80,0,30,0,0,3.02,0,0,0,1,58.92,0.467361111,45209,94.55,55.09,--.--
low,1,1068,17.8,15.99,4.09,1018,65.3991,1.82,15.77113675,0.009050926,6.7,-0.3,94,0,0,0,0.1,0,0,0,-35.1,-34.6,-10.54,-10.467,0,0.92,1410,0.0096875,130.4,0,--.--,276,117,45,0000:00:00,76,0,80,0,30,0,0,3.02,0,0,0,1,65.42,0.467372685,45209,94.55,55.11,--.--
low,1,1069,17.82,16,4.16,1020,66.56,1.82,15.78622225,0.0090625,7.3,-0.8,94,0,0,0,0.1,0,0,0,-35.2,-34.6,-10.56,-10.504,0,0.94,1410,0.009699074,130.7,0,--.--,276,117.2,45,0000:00:00,76,0,80,0,30,0,0,3.08,0,0,0,1,66.56,0.467384259,45209,94.55,55.09,--.--
low,1,1070,17.83,16,4.03,1021,64.48,1.81,15.80294381,0.009074074,7.3,-1.6,94,0,0,0,0.1,0,0,0,-35.2,-34.6,-10.56,-10.513,0,0.92,1410,0.009710648,131.1,0,--.--,276,117.6,45,0000:00:00,76,0,80,0,30,0,0,3.02,0,0,0,1,64.46,0.467395833,45209,94.55,55.09,--.--
low,1,1071,17.85,16,4.01,1022,64.16,1.81,15.81745081,0.009085648,7.5,-0.8,94,0,0,0,0.1,0,0,0,-35.2,-34.6,-10.56,-10.508,0,0.91,1410,0.009722222,131.5,0,--.--,276,118,45,0000:00:00,76,0,80,0,30,0,0,2.99,0,0,0,1,64.17,0.467407407,45209,94.59,55.09,--.--
low,1,1072,17.87,15.99,4.31,1023,68.9169,1.84,15.83567303,0.009097222,6.7,-0.4,95,0,0,0,0.1,0,0,0,-35.2,-34.6,-10.56,-10.513,0,0.88,1410,0.009733796,131.9,0,--.--,276,118.5,45,0000:00:00,76,0,80,0,30,0,0,2.89,0,0,0,1,68.91,0.467418981,45209,94.6,55.09,--.--
low,1,1073,17.88,16,3.75,1024,60,1.78,15.84992192,0.009107639,7.2,0,95,0,0,0,0.1,0,0,0,-35.2,-34.7,-10.58,-10.547,0,0.88,1410,0.00974537,132.3,0,--.--,276,118.9,45,0000:00:00,76,0,80,0,30,0,0,2.89,0,0,0,1,60.01,0.467430556,45209,94.6,55.08,--.--
low,1,1074,17.9,16.02,3.39,1025,54.3078,1.73,15.86377006,0.00912037,6.1,0,94,0,0,0,0.1,0,0,0,-35.3,-34.7,-10.59,-10.564,0,0.85,1410,0.009756944,132.7,0,--.--,276,123.4,47,0000:00:00,76,0,80,0,30,0,0,2.79,0,0,0,1,54.3,0.46744213,45209,94.62,55.09,--.--
low,1,1075,17.92,16.01,3.76,1026,60.1976,1.78,15.88092561,0.009130787,7.2,-1,94,0,0,0,0.1,0,0,0,-35.3,-34.8,-10.61,-10.612,0,0.82,1410,0.009768519,133.1,0,--.--,276,123.8,47,0000:00:00,76,0,80,0,30,0,0,2.69,0,0,0,1,60.18,0.467453704,45209,94.62,55.09,--.--
low,1,1076,17.93,16.02,3.26,1027,52.2252,1.72,15.89626853,0.009142361,6.9,-1.3,94,0,0,0,0.1,0,0,0,-35.4,-34.8,-10.62,-10.637,0,0.81,1410,0.009780093,133.4,0,--.--,276,124,48,0000:00:00,76,0,80,0,30,0,0,2.66,0,0,0,1,52.23,0.467465278,45209,94.64,55.09,--.--
low,1,1077,17.95,16,4.1,1028,65.6,1.82,15.91110369,0.009153935,7.1,-0.2,94,0,0,0,0.1,0,0,0,-35.3,-34.8,-10.6,-10.608,0,0.82,1410,0.009791667,133.6,0,--.--,276,124.3,47,0000:00:00,76,0,80,0,30,0,0,2.69,0,0,0,1,65.6,0.467476852,45209,94.64,55.11,--.--
low,1,1078,17.97,16.03,3.2,1029,51.296,1.71,15.92463169,0.009166667,7.6,-0.3,94,0,0,0,0.1,0,0,0,-35.3,-34.8,-10.6,-10.606,0,0.82,1410,0.009803241,133.9,0,--.--,276,124.6,61,0000:00:00,76,0,80,0,30,0,0,2.69,0,0,0,1,51.29,0.467488426,45209,94.66,55.09,--.--
low,1,1079,17.98,16.03,3.11,1030,49.8533,1.7,15.94183169,0.009177083,7.5,-1,94,0,0,0,0.1,0,0,0,-35.1,-34.6,-10.54,-10.531,0,0.87,1410,0.009814815,134.1,0,--.--,276,124.7,46,0000:00:00,76,0,80,0,30,0,0,2.85,0,0,0,1,49.85,0.4675,45209,94.68,55.09,--.--
low,1,1080,18,16,3.86,1031,61.76,1.79,15.96061994,0.009189815,7.8,-0.9,94,0,0,0,0,0,0,0,-35,-34.5,-10.5,-10.46,0,0.89,1410,0.009826389,134.3,0,--.--,276,124.9,45,0000:00:00,76,0,80,0,30,0,0,2.92,0,0,0,1,61.77,0.467511574,45209,94.68,55.09,--.--
low,1,1081,18.02,16.01,3.45,1032,55.2345,1.74,15.97848661,0.009200231,7.1,-0.3,95,0,0,0,0.1,0,0,0,-35,-34.4,-10.49,-10.453,0,0.9,1410,0.009837963,134.5,0,--.--,276,125.1,56,0000:00:00,76,0,80,0,30,0,0,2.95,0,0,0,1,55.24,0.467523148,45209,94.69,55.09,--.--
low,1,1082,18.03,15.99,3.34,1034,53.4066,1.73,15.99666439,0.009211806,7,-0.7,94,0,0,0,0.1,0,0,0,-34.9,-34.4,-10.48,-10.443,0,0.91,1410,0.009849537,134.7,0,--.--,276,125.3,47,0000:00:00,76,0,80,0,30,0,0,2.99,0,0,0,1,53.41,0.467534722,45209,94.69,55.09,--.--
low,1,1083,18.05,16.02,3.04,1035,48.7008,1.69,16.01334147,0.00922338,7.5,-0.3,94,0,0,0,0.1,0,0,0.2,-34.9,-34.4,-10.44,-10.423,0,0.92,1410,0.009861111,134.9,0,--.--,276,125.5,65,0000:00:00,76,0,80,0,30,0,0,3.02,0,0,0,1,48.7,0.467546296,45209,94.71,55.09,--.--
low,1,1084,18.07,16,3.87,1036,61.92,1.79,16.03111925,0.009236111,8,-0.9,94,0,0,0,0.1,0,0,0,-34.5,-34,-10.34,-10.32,0,1.04,1410,0.009872685,135.1,0,--.--,276,125.8,44,0000:00:00,76,0,80,0,30,0,0,3.41,0,0,0,1,61.93,0.46755787,45209,94.71,55.09,--.--
low,1,1085,18.08,15.99,4.23,1037,67.6377,1.83,16.049641,0.009247685,7.3,-1,94,0,0,0,0.1,0,0,0,-34.3,-33.8,-10.3,-10.241,0,1.08,1410,0.009884259,135.4,0,--.--,276,126.1,44,0000:00:00,76,0,80,0,30,0,0,3.54,0,0,0,1,67.63,0.467569444,45209,94.71,55.09,--.--
low,1,1086,18.1,16,4.02,1039,64.32,1.81,16.06622914,0.009259259,7.6,-0.8,94,0,0,0,0.1,0,0,0,-34.3,-33.8,-10.3,-10.249,0,1.1,1410,0.009895833,135.8,0,--.--,276,126.4,45,0000:00:00,76,0,80,0,30,0,0,3.61,0,0,0,1,64.3,0.467581019,45209,94.71,55.08,--.--
low,1,1087,18.12,16,4.09,1040,65.44,1.82,16.08091414,0.009270833,8,-0.9,94,0,0,0,0.1,0,0,0,-34.4,-33.9,-10.33,-10.301,0,1.08,1416.5,0.009907407,136.2,0,--.--,277,126.7,46,0000:00:00,76,0,80,0,30,0,0,3.54,0,0,0,1,65.42,0.467592593,45209,94.75,55.09,--.--
low,1,1088,18.13,16.01,3.75,1041,60.0375,1.78,16.09607917,0.009282407,8,-0.7,93,0,0,0,0.1,0,0,0,-34.4,-33.9,-10.33,-10.309,0,1.08,1416.5,0.009918981,136.5,0,--.--,277,127.1,46,0000:00:00,76,0,80,0,30,0,0,3.54,0,0,0,1,60.02,0.467604167,45209,94.75,55.09,--.--
low,1,1089,18.15,16,4,1042,64,1.81,16.10982967,0.009293981,7.6,0.1,95,0,0,0,0.1,0,0,-0.1,-34.6,-34.1,-10.4,-10.408,0,1.05,1416.5,0.009930556,136.8,0,--.--,277,127.3,53,0000:00:00,76,0,80,0,30,0,0,3.44,0,0,0,1,64,0.467615741,45209,94.77,55.09,--.--
low,1,1090,18.17,15.99,4.17,1043,66.6783,1.82,16.12619544,0.009305556,8.8,2.6,95,0,0,0,0.2,0,0,0,-34.8,-34.2,-10.44,-10.49,0,0.95,1416.5,0.00994213,137,0,--.--,277,127.6,49,0000:00:00,76,0,80,0,30,0,0,3.12,0,0,0,1,66.67,0.467627315,45209,94.78,55.09,--.--
low,1,1091,18.18,16.01,3.73,1044,59.7173,1.78,16.15910819,0.00931713,6.7,0.8,95,0,0,0,0.1,0,0,0,-34.8,-34.3,-10.45,-10.511,0,0.92,1416.5,0.009953704,137.5,0,--.--,276,128.1,50,0000:00:00,76,0,80,0,30,0,0,3.02,0,0,0,1,59.71,0.467638889,45209,94.78,55.09,--.--
low,1,1092,18.2,16.02,3.3,1045,52.866,1.72,16.17578528,0.009328704,6.4,-2.3,94,0,0,0,0.1,0,0,0,-34.8,-34.3,-10.44,-10.485,0,0.9,1416.5,0.009965278,137.9,0,--.--,276,128.5,49,0000:00:00,76,0,80,0,30,0,0,2.95,0,0,0,1,52.85,0.467650463,45209,94.8,55.09,--.--
low,1,1093,18.22,16.01,3.41,1046,54.5941,1.74,16.19161739,0.009340278,8.1,-1.2,93,0,0,0,0.1,0,0,0,-34.6,-34.1,-10.4,-10.409,0,0.91,1416.5,0.009976852,138.2,0,--.--,276,128.8,47,0000:00:00,76,0,80,0,30,0,0,2.99,0,0,0,1,54.6,0.467662037,45209,94.8,55.09,--.--
low,1,1094,18.23,16.02,3.09,1047,49.5018,1.69,16.2079285,0.009351852,7.9,-1.1,93,0,0,0,0,0,0,0,-34.6,-34,-10.37,-10.347,0,0.88,1416.5,0.009988426,138.3,0,--.--,276,129,45,0000:00:00,76,0,80,0,30,0,0,2.89,0,0,0,1,49.51,0.467673611,45209,94.82,55.09,--.--
low,1,1095,18.25,16.01,3.68,1048,58.9168,1.77,16.22535072,0.009363426,8.2,-1.3,94,0,0,0,0,0,0,0,-34.5,-34,-10.36,-10.329,0,0.9,1416.5,0.01,138.5,0,--.--,276,129.4,57,0000:00:00,76,0,80,0,30,0,0,2.95,0,0,0,1,58.91,0.467685185,45209,94.82,55.09,--.--
low,1,1096,18.27,15.99,7.41,1050,118.4859,2.07,16.24457111,0.009375,7.8,-0.8,94,0,0,0,0.1,0,0,0,-34.5,-33.9,-10.34,-10.3,0,0.93,1416.5,0.010011574,138.7,0,--.--,276,129.3,45,0000:00:00,76,0,80,0,30,0,0,3.05,0,0,0,1,118.47,0.467696759,45209,94.84,55.09,--.--
low,1,1097,18.28,16.01,3.75,1051,60.0375,1.78,16.2613945,0.009386574,7.6,-1,94,0,0,0,0.1,0,0,0,-34.4,-33.9,-10.33,-10.3,0,0.93,1416.5,0.010023148,138.8,0,--.--,276,129.8,56,0000:00:00,76,0,80,0,30,0,0,3.05,0,0,0,1,60.05,0.467708333,45209,94.84,55.09,--.--
low,1,1098,18.3,16.01,3.56,1052,56.9956,1.76,16.29062067,0.009398148,8,-0.5,94,0,0,0,0.1,0,0,0,-34.4,-33.9,-10.32,-10.288,0,0.94,1416.5,0.010034722,139,0,--.--,276,130,45,0000:00:00,76,0,80,0,30,0,0,3.08,0,0,0,1,56.99,0.467719907,45209,94.84,55.09,--.--
low,1,1099,18.32,16,3.67,1053,58.72,1.77,16.30454917,0.009409722,7.7,-0.6,94,0,0,0,0.1,0,0,0.1,-34.3,-33.8,-10.3,-10.287,0,0.94,1416.5,0.010046296,139.2,0,--.--,276,130.2,49,0000:00:00,76,0,80,0,30,0,0,3.08,0,0,0,1,58.74,0.467731481,45209,94.84,55.08,--.--
low,1,1100,18.33,16,3.92,1054,62.72,1.8,16.33543217,0.009421296,7.8,-1.1,94,0,0,0,0.1,0,0,0,-34.3,-33.7,-10.28,-10.257,0,0.97,1416.5,0.01005787,139.5,0,--.--,276,130.4,45,0000:00:00,76,0,80,0,30,0,0,3.18,0,0,0,1,62.7,0.467743056,45209,94.87,55.08,--.--
low,1,1101,18.35,15.98,4.33,1055,69.1934,1.84,16.34878217,0.00943287,7.2,-3.1,93,0,0,0,0.1,0,0,0,-34.2,-33.7,-10.27,-10.247,0,0.9,1416.5,0.010069444,139.8,0,--.--,276,130.7,42,0000:00:00,76,0,80,0,30,0,0,2.95,0,0,0,1,69.2,0.46775463,45209,94.87,55.08,--.--
low,1,1102,18.37,15.98,3.79,1056,60.5642,1.78,16.36320017,0.009444444,8.3,0.3,94,0,0,0,0.1,0,0,0,-34.3,-33.7,-10.27,-10.248,0,0.87,1416.5,0.010081019,140.1,0,--.--,276,131,45,0000:00:00,76,0,80,0,30,0,0,2.85,0,0,0,1,60.56,0.467766204,45209,94.87,55.08,--.--
low,1,1103,18.38,15.99,6.58,1058,105.2142,2.02,16.37714767,0.009456019,7.8,0.3,94,0,0,0,0.1,0,0,0,-34.5,-33.9,-10.33,-10.349,0,0.83,1416.5,0.010092593,140.3,0,--.--,276,131.2,49,0000:00:00,76,0,80,0,30,0,0,2.72,0,0,0,1,105.23,0.467777778,45209,94.91,55.09,--.--
low,1,1104,18.4,16.02,3.13,1059,50.1426,1.7,16.39226822,0.009467593,7.5,0.6,94,0,0,0,0.1,0,0,0,-34.6,-34.1,-10.38,-10.439,0,0.81,1416.5,0.010104167,140.4,0,--.--,276,131.4,50,0000:00:00,76,0,80,0,30,0,0,2.66,0,0,0,1,50.15,0.467789352,45209,94.91,55.09,--.--
low,1,1105,18.42,16.02,6.94,1060,111.1788,2.05,16.407033,0.009479167,8.6,-1.2,94,0,0,0,0,0,0,0,-34.6,-34.1,-10.38,-10.453,0,0.84,1416.5,0.010115741,140.6,0,--.--,276,131.5,68,0000:00:00,76,0,80,0,30,0,0,2.76,0,0,0,1,111.19,0.467800926,45209,94.93,55.09,--.--
low,1,1106,18.43,16.02,3,1061,48.06,1.68,16.42161989,0.009490741,5.9,1.8,94,0,0,0,0,0,0,0,-34.3,-33.8,-10.31,-10.347,0,0.89,1416.5,0.010127315,140.7,0,--.--,276,135.7,48,0000:00:00,76,0,80,0,30,0,0,2.92,0,0,0,1,48.05,0.4678125,45209,94.93,55.09,--.--
low,1,1107,18.45,16.02,3.24,1062,51.9048,1.72,16.43572639,0.009502315,6,0,94,0,0,0,0,0,0,0,-34.2,-33.7,-10.26,-10.252,0,0.89,1416.5,0.010138889,140.8,0,--.--,276,131.7,58,0000:00:00,76,0,80,0,30,0,0,2.92,0,0,0,1,51.9,0.467824074,45209,94.95,55.08,--.--
low,1,1108,18.47,15.94,3.15,1063,50.211,1.7,16.44983289,0.009513889,7.8,-0.8,94,0,0,0,0,0,0,0,-34.1,-33.6,-10.23,-10.208,0,0.92,1416.5,0.010150463,141,0,--.--,276,136,48,0000:00:00,76,0,80,0,30,0,0,3.02,0,0,0,1,50.22,0.467835648,45209,94.95,55.09,--.--
low,1,1109,18.48,16.01,3.4,1064,54.434,1.74,16.46522989,0.009525463,6.7,-0.4,94,0,0,0,0,0,0,0,-34,-33.5,-10.21,-10.173,0,0.94,1416.5,0.010162037,141.1,0,--.--,276,136.1,45,0000:00:00,76,0,80,0,30,0,0,3.08,0,0,0,1,54.45,0.467858796,45209,94.96,55.09,--.--
low,1,1110,18.5,16.01,3.32,1065,53.1532,1.73,16.47987039,0.009537037,6.4,0.6,95,0,0,0,0,0,0,0,-34,-33.5,-10.2,-10.152,0,0.96,1416.5,0.010173611,141.2,0,--.--,276,136.2,45,0000:00:00,76,0,80,0,30,0,0,3.15,0,0,0,1,53.15,0.467858796,45209,94.96,55.09,--.--
low,1,1111,18.52,16.01,3.28,1066,52.5128,1.72,16.49375439,0.009548611,6.9,-0.2,95,0,0,0,0,0,0,0,-34,-33.5,-10.2,-10.153,0,0.97,1416.5,0.010185185,141.3,0,--.--,277,136.3,45,0000:00:00,76,0,80,0,30,0,0,3.18,0,0,0,1,52.5,0.46787037,45209,95,55.09,--.--
low,1,1112,18.53,16.02,3.17,1067,50.7834,1.71,16.50803889,0.009560185,6.8,0.3,95,0,0,0,0,0,0,0,-34,-33.5,-10.2,-10.153,0,1,1416.5,0.010196759,141.4,0,--.--,277,136.4,44,0000:00:00,76,0,80,0,30,0,0,3.28,0,0,0,1,50.77,0.467881944,45209,95,55.08,--.--
low,1,1113,18.55,16.02,3.17,1068,50.7834,1.71,16.52250139,0.009571759,6.7,0.3,95,0,0,0,0,0,0,0,-34.1,-33.5,-10.21,-10.172,0,0.91,1416.5,0.010208333,141.5,0,--.--,277,136.5,45,0000:00:00,76,0,80,0,30,0,0,2.99,0,0,0,1,50.78,0.467893519,45209,95,55.09,--.--
low,1,1114,18.57,16.02,3.46,1069,55.4292,1.74,16.53816539,0.009583333,6.7,0.5,95,0,0,0,0.1,0,0,0,-34.1,-33.6,-10.23,-10.208,0,0.9,1416.5,0.010219907,141.6,0,--.--,277,136.6,45,0000:00:00,76,0,80,0,30,0,0,2.95,0,0,0,1,55.44,0.467905093,45209,95.04,55.09,--.--
low,1,1115,18.58,16.02,3.29,1070,52.7058,1.72,16.55337489,0.009594907,6.8,0.5,95,0,0,0,0,0,0,0,-34.1,-33.6,-10.24,-10.231,0,0.94,1416.5,0.010231481,141.7,0,--.--,277,136.7,46,0000:00:00,76,0,80,0,30,0,0,3.08,0,0,0,1,52.69,0.467928241,45209,95.04,55.09,--.--
low,1,1116,18.6,16.02,3.12,1071,49.9824,1.7,16.56831756,0.009606481,7,-0.2,95,0,0,0,0,0,0,0,-34.2,-33.6,-10.25,-10.246,0,0.93,1416.5,0.010243056,141.8,0,--.--,277,136.8,46,0000:00:00,76,0,80,0,30,0,0,3.05,0,0,0,1,49.99,0.467939815,45209,95.05,55.09,--.--
low,1,1117,18.62,16.02,3.21,1071,51.4242,1.71,16.58242406,0.009618056,7.1,-0.2,95,0,0,0,0,0,0,0,-34.2,-33.6,-10.24,-10.234,0,0.92,1416.5,0.01025463,141.9,0,--.--,277,136.9,46,0000:00:00,76,0,80,0,30,0,0,3.02,0,0,0,1,51.42,0.467939815,45209,95.05,55.09,--.--
low,1,1118,18.63,16.02,3.25,1072,52.065,1.72,16.59590756,0.00962963,6.6,0.1,95,0,0,0,0,0,0,0,-34.1,-33.6,-10.24,-10.238,0,0.95,1416.5,0.010266204,142,0,--.--,277,137,45,0000:00:00,76,0,80,0,30,0,0,3.12,0,0,0,1,52.05,0.467962963,45209,95.07,55.08,--.--
low,1,1119,18.65,16.02,3.52,1073,56.3904,1.75,16.61204089,0.009641204,6.6,0.1,95,0,0,0,0,0,0,0,-34.1,-33.6,-10.23,-10.221,0,0.93,1416.5,0.010277778,142.1,0,--.--,277,137,45,0000:00:00,76,0,80,0,30,0,0,3.05,0,0,0,1,56.38,0.467962963,45209,95.09,55.08,--.--
low,1,1120,18.67,16.01,3.42,1074,54.7542,1.74,16.62609411,0.009652778,6.5,0.2,95,0,0,0,0.1,0,0,0,-34.1,-33.6,-10.23,-10.218,0,0.92,1416.5,0.010289352,142.2,0,--.--,277,137.2,45,0000:00:00,76,0,80,0,30,0,0,3.02,0,0,0,1,54.76,0.467986111,45209,95.09,55.09,--.--
low,1,1121,18.68,16.01,3.36,1075,53.7936,1.73,16.64046761,0.009664352,6.6,0.2,95,0,0,0,0.1,0,0,0,-34.1,-33.6,-10.23,-10.225,0,0.93,1416.5,0.010300926,142.4,0,--.--,277,137.3,45,0000:00:00,76,0,80,0,30,0,0,3.05,0,0,0,1,53.81,0.467986111,45209,95.11,55.09,--.--
low,1,1122,18.7,16.02,3.17,1076,50.7834,1.71,16.6577565,0.009675926,6.6,0.1,95,0,0,0,0,0,0,0,-34.2,-33.6,-10.25,-10.257,0,0.92,1416.5,0.0103125,142.5,0,--.--,277,137.5,46,0000:00:00,76,0,80,0,30,0,0,3.02,0,0,0,1,50.78,0.467997685,45209,95.11,55.09,--.--
low,1,1123,18.72,16.02,3.03,1077,48.5406,1.69,16.67336625,0.0096875,6.9,-0.3,94,0,0,0,0,0,0,0,-34.2,-33.7,-10.26,-10.276,0,0.9,1416.5,0.010324074,142.7,0,--.--,277,137.6,53,0000:00:00,76,0,80,0,30,0,0,2.95,0,0,0,1,48.53,0.468009259,45209,95.13,55.09,--.--
low,1,1124,18.73,16,3.63,1078,58.08,1.76,16.68800675,0.009699074,6.8,0.6,94,0,0,0,0.1,0,0,0,-34.1,-33.6,-10.23,-10.248,0,0.9,1423.1,0.010335648,142.8,0,--.--,277,137.7,46,0000:00:00,76,0,80,0,30,0,0,2.95,0,0,0,1,58.1,0.468020833,45209,95.14,55.09,--.--
low,1,1125,18.75,16.01,3.16,1079,50.5916,1.7,16.70193525,0.009710648,6.3,-0.4,95,0,0,0,0,0,0,0,-34,-33.5,-10.21,-10.207,0,0.89,1423.1,0.010347222,142.8,0,--.--,277,137.8,45,0000:00:00,76,0,80,0,30,0,0,2.92,0,0,0,1,50.6,0.468032407,45209,95.16,55.09,--.--
low,1,1126,18.77,16.02,3.23,1079,51.7446,1.71,16.71652214,0.009722222,6.6,-0.3,95,0,0,0,0.1,0,0,0,-34,-33.5,-10.2,-10.184,0,0.9,1423.1,0.010358796,143,0,--.--,277,137.9,45,0000:00:00,76,0,80,0,30,0,0,2.95,0,0,0,1,51.73,0.468043981,45209,95.16,55.09,--.--
low,1,1127,18.78,16,3.89,1081,62.24,1.79,16.73057536,0.009733796,6.6,-0.3,95,0,0,0,0.1,0,0,0,-34,-33.5,-10.21,-10.206,0,0.91,1423.1,0.01037037,143.2,0,--.--,277,138.2,45,0000:00:00,76,0,80,0,30,0,0,2.99,0,0,0,1,62.22,0.468055556,45209,95.16,55.09,--.--
low,1,1128,18.8,16.01,3.51,1082,56.1951,1.75,16.75410147,0.00974537,6.7,-0.4,95,0,0,0,0.1,0,0,0,-34.1,-33.5,-10.22,-10.232,0,0.89,1423.1,0.010381944,143.5,0,--.--,277,138.4,46,0000:00:00,76,0,80,0,30,0,0,2.92,0,0,0,1,56.18,0.46806713,45209,95.16,55.09,--.--
low,1,1129,18.82,16.02,3.29,1083,52.7058,1.72,16.77245703,0.009756944,6.9,-0.5,94,0,0,0,0,0,0,0,-34.1,-33.6,-10.23,-10.247,0,0.91,1423.1,0.010393519,143.6,0,--.--,277,138.6,46,0000:00:00,76,0,80,0,30,0,0,2.99,0,0,0,1,52.71,0.468078704,45209,95.16,55.08,--.--
low,1,1130,18.83,16.02,3.13,1083,50.1426,1.7,16.79044578,0.009768519,6.4,-0.3,94,0,0,0,0,0,0,0,-34.1,-33.5,-10.22,-10.226,0,0.92,1423.1,0.010405093,143.7,0,--.--,277,138.7,45,0000:00:00,76,0,80,0,30,0,0,3.02,0,0,0,1,50.15,0.468090278,45209,95.2,55.08,--.--
low,1,1131,18.85,16.01,3.28,1084,52.5128,1.72,16.80736853,0.009780093,6.3,-0.1,95,0,0,0,0,0,0,0,-34,-33.5,-10.21,-10.205,0,0.92,1423.1,0.010416667,143.7,0,--.--,277,138.7,45,0000:00:00,76,0,80,0,30,0,0,3.02,0,0,0,1,52.52,0.468101852,45209,95.22,55.08,--.--
low,1,1132,18.87,16.01,3.16,1085,50.5916,1.7,16.82292408,0.009791667,6.5,-0.3,95,0,0,0,0.1,0,0,0,-34,-33.5,-10.2,-10.193,0,0.94,1423.1,0.010428241,143.8,0,--.--,277,138.8,45,0000:00:00,76,0,80,0,30,0,0,3.08,0,0,0,1,50.59,0.468113426,45209,95.22,55.09,--.--
low,1,1133,18.88,15.98,5.3,1087,84.694,1.93,16.84196692,0.009803241,6.8,-0.8,95,0,0,0,0.1,0,0,0,-34.1,-33.5,-10.21,-10.213,0,0.93,1423.1,0.010439815,144.2,0,--.--,277,139.2,45,0000:00:00,76,0,80,0,30,0,0,3.05,0,0,0,1,84.67,0.468125,45209,95.23,55.09,--.--
low,1,1134,18.9,16,4.13,1088,66.08,1.82,16.85840108,0.009814815,6.8,-1.1,95,0,0,0,0.1,0,0,0,-34.1,-33.5,-10.22,-10.233,0,0.84,1423.1,0.010451389,144.5,0,--.--,277,139.5,46,0000:00:00,76,0,80,0,30,0,0,2.76,0,0,0,1,66.09,0.468136574,45209,95.23,55.08,--.--
low,1,1135,18.92,15.99,4.05,1089,64.7595,1.81,16.87320842,0.009826389,7.3,-0.2,95,0,0,0,0.1,0,0,0,-34.1,-33.5,-10.23,-10.264,0,0.85,1423.1,0.010462963,144.9,0,--.--,277,139.9,45,0000:00:00,76,0,80,0,30,0,0,2.79,0,0,0,1,64.76,0.468148148,45209,95.25,55.08,--.--
low,1,1136,18.93,15.99,3.81,1090,60.9219,1.78,16.888621,0.009837963,6.5,-0.5,95,0,0,0,0.1,0,0,0.1,-34.1,-33.5,-10.22,-10.258,0,0.91,1423.1,0.010474537,145.3,0,--.--,277,140.3,62,0000:00:00,76,0,80,0,30,0,0,2.99,0,0,0,1,60.94,0.468159722,45209,95.25,55.09,--.--
low,1,1137,18.95,16,3.5,1091,56,1.75,16.90413211,0.009849537,6.2,-0.5,95,0,0,0,0.1,0,0,0,-33.7,-33.2,-10.11,-10.14,0,1.02,1423.1,0.010486111,145.7,0,--.--,277,140.6,43,0000:00:00,76,0,80,0,30,0,0,3.35,0,0,0,1,56.01,0.468171296,45209,95.27,55.08,--.--
low,1,1138,18.97,15.98,4.29,1092,68.5542,1.84,16.92406272,0.009861111,6.2,-1,95,0,0,0,0.1,0,0,0,-33.5,-33,-10.06,-10.035,0,1.08,1423.1,0.010497685,145.9,0,--.--,277,140.9,44,0000:00:00,76,0,80,0,30,0,0,3.54,0,0,0,1,68.57,0.46818287,45209,95.27,55.08,--.--
low,1,1139,18.98,15.99,3.7,1094,59.163,1.77,16.94266167,0.009872685,5.8,0.1,95,0,0,0,0.1,0,0,-0.1,-33.5,-33,-10.05,-10.015,0,0.94,1423.1,0.010509259,146.2,0,--.--,277,141.2,34,0000:00:00,76,0,80,0,30,0,0,3.08,0,0,0,1,59.17,0.468194444,45209,95.29,55.09,--.--
low,1,1140,19,15.96,3.34,1095,53.3064,1.73,16.95949558,0.009884259,5.9,0.8,95,0,0,0,0,0,0,-0.1,-33.8,-33.3,-10.13,-10.15,0,0.86,1423.1,0.010520833,146.4,0,--.--,277,141.4,42,0000:00:00,76,0,80,0,30,0,0,2.82,0,0,0,1,53.32,0.468206019,45209,95.29,55.09,--.--
low,1,1141,19.02,15.99,3.47,1096,55.4853,1.74,16.97412694,0.009895833,7.2,2,95,0,0,0,0.1,0,0,0,-34.1,-33.5,-10.21,-10.298,0,0.8,1423.1,0.010532407,146.6,0,--.--,277,141.6,52,0000:00:00,76,0,80,0,30,0,0,2.62,0,0,0,1,55.49,0.468217593,45209,95.29,55.09,--.--
low,1,1142,19.03,16,3.49,1097,55.84,1.75,16.98751308,0.009907407,8,-0.1,95,0,0,0,0.1,0,0,0,-34.1,-33.6,-10.24,-10.354,0,0.82,1423.1,0.010543981,146.9,0,--.--,277,141.9,53,0000:00:00,76,0,80,0,30,0,0,2.69,0,0,0,1,55.84,0.468229167,45209,95.32,55.09,--.--
low,1,1143,19.05,15.98,4.49,1098,71.7502,1.86,17.00400197,0.009918981,6.7,1.6,97,0,0,0,0.1,0,0,0,-34.1,-33.5,-10.22,-10.321,0,0.84,1423.1,0.010555556,147.2,0,--.--,277,142.2,52,0000:00:00,76,0,80,0,30,0,0,2.76,0,0,0,1,71.75,0.468240741,45209,95.32,55.08,--.--
low,1,1144,19.07,15.98,4.19,1099,66.9562,1.83,17.02336764,0.009930556,7.9,-1.7,96,0,0,0,0.1,0,0,0,-34,-33.4,-10.19,-10.262,0,0.82,1423.1,0.01056713,147.6,0,--.--,277,142.5,51,0000:00:00,76,0,80,0,30,0,0,2.69,0,0,0,1,66.94,0.468252315,45209,95.32,55.09,--.--
low,1,1145,19.08,15.99,3.79,1100,60.6021,1.78,17.04602197,0.00994213,3.1,-1,96,0,0,0,0.1,0,0,0.1,-33.8,-33.3,-10.15,-10.191,0,0.81,1423.1,0.010578704,147.8,0,--.--,277,142.8,48,0000:00:00,76,0,80,0,30,0,0,2.66,0,0,0,1,60.61,0.468263889,45209,95.32,55.09,--.--
low,1,1146,19.1,16.01,3.29,1101,52.6729,1.72,17.08671089,0.009953704,7.7,-1.1,96,0,0,0,0,0,0,0,-33.7,-33.1,-10.1,-10.096,0,0.85,1423.1,0.010590278,148.1,0,--.--,277,143,47,0000:00:00,76,0,80,0,30,0,0,2.79,0,0,0,1,52.67,0.468275463,45209,95.36,55.08,--.--
low,1,1147,19.12,16.01,3.01,1102,48.1901,1.68,17.101022,0.009965278,7.2,-1.4,98,0,0,0,0,0,0,0,-33.6,-33.1,-10.08,-10.055,0,0.88,1423.1,0.010601852,148.2,0,--.--,277,143.2,45,0000:00:00,76,0,80,0,30,0,0,2.89,0,0,0,1,48.2,0.468287037,45209,95.38,55.09,--.--
low,1,1148,19.13,16,3.71,1103,59.36,1.77,17.11692317,0.009976852,6.7,-0.8,100,0,0,0,0,0,0,0,-33.6,-33,-10.06,-10.018,0,0.85,1423.1,0.010613426,148.3,0,--.--,277,143.2,45,0000:00:00,76,0,80,0,30,0,0,2.79,0,0,0,1,59.35,0.468298611,45209,95.38,55.08,--.--
low,1,1149,19.15,15.99,4.36,1104,69.7164,1.84,17.13194539,0.009988426,7,-1.5,101,0,0,0,0.1,0,0,0,-33.5,-33,-10.06,-10.014,0,0.93,1423.1,0.010625,148.5,0,--.--,277,143.5,45,0000:00:00,76,0,80,0,30,0,0,3.05,0,0,0,1,69.71,0.468310185,45209,95.38,55.09,--.--
low,1,1150,19.17,15.96,5.11,1106,81.5556,1.91,17.14626544,0.01,7,-2.4,100,0,0,0,0.1,0,0,0,-33.5,-33,-10.06,-10.016,0,1,1423.1,0.010636574,148.9,0,--.--,277,143.8,46,0000:00:00,76,0,80,0,30,0,0,3.28,0,0,0,1,81.54,0.468321759,45209,95.4,55.08,--.--
low,1,1151,19.18,15.87,9.23,1107,146.4801,2.17,17.15753097,0.010011574,6.2,-0.4,100,0,0,0,0,0,0,-0.1,-33.7,-33.2,-10.11,-10.077,0,1.02,1429.7,0.010648148,149.2,0,--.--,277,144.2,44,0000:00:00,76,0,80,0,30,0,0,3.35,0,0,0,1,146.52,0.468333333,45209,95.41,55.08,--.--
low,1,1152,19.2,16,3.22,1108,51.52,1.71,17.16221806,0.010023148,7.6,-1.2,100,0,0,0,0,0,0,-0.1,-34.2,-33.6,-10.25,-10.27,0,0.81,1429.7,0.010659722,149.4,0,--.--,277,144.4,54,0000:00:00,76,0,80,0,30,0,0,2.66,0,0,0,1,51.51,0.468344907,45209,95.41,55.09,--.--
low,1,1153,19.22,15.99,3.58,1109,57.2442,1.76,17.16601472,0.010034722,8.4,-0.1,100,0,0,0,0,0,0,0,-34.5,-33.9,-10.34,-10.443,0,0.73,1429.7,0.010671296,149.5,0,--.--,277,144.4,54,0000:00:00,76,0,80,0,30,0,0,2.4,0,0,0,1,57.24,0.468356481,45209,95.43,55.09,--.--
low,1,1154,19.23,16,3.38,1110,54.08,1.73,17.18735242,0.010046296,6.4,-0.5,98,0,0,0,0,0,0,0,-34.6,-34,-10.37,-10.501,0,0.66,1429.7,0.01068287,149.5,0,--.--,277,144.5,55,0000:00:00,87,0,80,0,30,0,0,2.17,0,0,0,1,54.1,0.468368056,45209,95.43,55.09,--.--
low,1,1155,19.25,16.01,3.22,1111,51.5522,1.71,17.19088108,0.01005787,6.9,-0.8,97,0,0,0,0,0,0,0,-34.5,-34,-10.36,-10.481,0,0.65,1429.7,0.010694444,149.5,0,--.--,277,144.4,54,0000:00:00,87,0,70,0,30,0,0,2.13,0,0,0,1,51.54,0.46837963,45209,95.43,55.09,--.--
low,0,1156,19.27,16.03,2.53,1112,40.5559,1.61,17.27583775,0.010069444,7,-0.9,97,0,0,0,0,0,0,0,-34.4,-33.9,-10.33,-10.424,0,0.7,1429.7,0.010706019,149.3,0,--.--,277,144.3,53,0000:00:00,87,0,40,0,30,0,0,2.3,0,0,0,1,40.55,0.468391204,45209,95.45,55.09,--.--
low,0,1157,19.28,16.07,1.05,1112,16.8735,1.23,17.28078958,0.010081019,7,-0.9,98,0,0,0,0.1,0,0,0,-34.3,-33.8,-10.3,-10.365,0,0.71,1429.7,0.010717593,149.2,0,--.--,277,144.1,51,0000:00:00,87,0,10,0,30,0,0,2.33,0,0,0,1,16.88,0.468402778,45209,95.45,55.09,--.--
low,0,1158,19.3,16.08,0.85,1113,13.668,1.14,17.29698508,0.010092593,7.1,-0.3,98,0,0,0,0.1,0,0,0,-34.3,-33.7,-10.28,-10.32,0,0.81,1429.7,0.010729167,149,0,--.--,277,143.9,50,0000:00:00,87,0,0,0,30,0,0,2.66,0,0,0,1,13.67,0.468425926,45209,95.45,55.09,--.--
low,0,1159,19.32,15.97,4.81,1114,76.8157,1.89,17.30477744,0.010104167,7.8,0,101,0,0,0,0.2,0,0,0,-34.2,-33.7,-10.26,-10.287,0,0.78,1429.7,0.010740741,149.1,0,--.--,277,144.1,51,0000:00:00,87,0,0,0,30,0,0,2.56,0,0,0,1,76.83,0.4684375,45209,95.49,55.09,--.--
low,0,1160,19.33,16.08,0.79,1114,12.7032,1.1,17.30959844,0.010115741,1.9,-2.3,97,0,0,0,0,0,0,0.2,-34.1,-33.6,-10.23,-10.254,0,0.78,1429.7,0.010752315,149.3,0,--.--,277,144.3,70,0000:00:00,87,0,0,0,30,0,0,2.56,0,0,0,1,12.71,0.468449074,45209,95.49,55.08,--.--
low,0,1161,19.35,15.4,19.86,1118,305.844,2.49,17.31428553,0.010127315,6.5,-0.4,97,0,0,0,0,0,0,0.3,-33.2,-32.6,-9.92,-9.872,0,1.07,1429.7,0.010763889,149.5,0,--.--,277,144.4,55,0000:00:00,87,0,0,0,30,0,0,3.51,0,0,0,1,305.92,0.468460648,45209,95.49,55.09,--.--
low,0,1162,19.37,16.06,1.11,1120,17.8266,1.25,17.31848419,0.010138889,6.5,-0.8,97,0,0,0,0,0,0,0.1,-32.4,-31.9,-9.72,-9.553,0,1.35,1429.7,0.010775463,149.5,0,--.--,277,144.4,37,0000:00:00,87,0,0,0,30,0,0,4.43,0,0,0,1,17.83,0.468472222,45209,95.5,55.08,--.--
low,0,1163,19.38,15.93,3.66,1121,58.3038,1.77,17.32357303,0.010150463,6.7,-1.2,98,0,0,0,0.1,0,0,0,-32.3,-31.8,-9.7,-9.509,0,1.4,1429.7,0.010787037,149.3,0,--.--,277,144.3,41,0000:00:00,87,0,0,0,30,0,0,4.59,0,0,0,1,58.32,0.468483796,45209,95.5,55.09,--.--
low,0,1164,19.4,16.03,1.75,1122,28.0525,1.45,17.32817369,0.010162037,6.5,-1.5,98,0,0,0,0.1,0,0,0,-32.6,-32,-9.76,-9.631,0,1.4,1429.7,0.010798611,149.2,0,--.--,277,144.1,44,0000:00:00,87,0,0,0,30,0,0,4.59,0,0,0,1,28.05,0.46849537,45209,95.52,55.08,--.--
low,0,1165,19.42,16.07,1.08,1122,17.3556,1.24,17.33250636,0.010173611,6.6,-1.3,98,0,0,0,0.1,0,0,0,-32.7,-32.2,-9.81,-9.735,0,1.3,1429.7,0.010810185,149,0,--.--,277,143.9,45,0000:00:00,87,0,0,0,30,0,0,4.27,0,0,0,1,17.35,0.468506944,45209,95.52,55.08,--.--
low,0,1166,19.43,16.07,1.05,1123,16.8735,1.23,17.33648417,0.010185185,6.7,-1,98,0,0,0,0.1,0,0,0,-32.8,-32.3,-9.83,-9.773,0,1.23,1429.7,0.010821759,148.8,0,--.--,277,143.7,46,0000:00:00,87,0,0,0,30,0,0,4.04,0,0,0,1,16.88,0.468518519,45209,95.54,55.09,--.--
low,0,1167,19.45,16.08,0.94,1123,15.1152,1.18,17.3402385,0.010196759,6.9,-1.1,98,0,0,0,0.1,0,0,0,-32.8,-32.3,-9.84,-9.789,0,1.2,1429.7,0.010833333,148.6,0,--.--,277,143.6,46,0000:00:00,87,0,0,0,30,0,0,3.94,0,0,0,1,15.11,0.468530093,45209,95.56,55.09,--.--
low,0,1168,19.47,16.07,1.14,1123,18.3198,1.26,17.36597983,0.010208333,6.7,-0.6,98,0,0,0,0.1,0,0,0,-32.8,-32.3,-9.84,-9.789,0,1.21,1429.7,0.010844907,148.4,0,--.--,277,143.3,45,0000:00:00,87,0,0,0,30,0,0,3.97,0,0,0,1,18.32,0.468541667,45209,95.56,55.09,--.--
low,0,1169,19.48,16.08,1.03,1124,16.5624,1.22,17.42179033,0.010219907,6.7,-1.2,98,0,0,0,0.1,0,0,0,-32.8,-32.3,-9.84,-9.793,0,1.19,1429.7,0.010856481,148.1,0,--.--,277,143.1,45,0000:00:00,87,0,0,0,30,0,0,3.9,0,0,0,1,16.56,0.468553241,45209,95.58,55.09,--.--
low,0,1170,19.5,16.08,0.97,1124,15.5976,1.19,17.42566667,0.010231481,6.4,-0.4,98,0,0,0,0.1,0,0,0,-32.9,-32.3,-9.85,-9.813,0,0,1429.7,0.010868056,147.9,0,--.--,277,142.8,46,0000:00:00,87,0,0,0,30,0,0,0,0,0,0,1,15.6,0.468564815,45209,95.59,55.09,--.--
low,0,1171,19.52,16.09,0.89,1124,14.3201,1.16,17.43638,0.010243056,6.9,-1.1,98,0,0,0,0.1,0,0,0,-32.9,-32.4,-9.87,-9.852,0,0,1429.7,0.01087963,147.6,0,--.--,277,142.5,46,0000:00:00,87,0,0,0,30,0,0,0,0,0,0,1,14.32,0.468576389,45209,95.59,55.09,--.--
low,0,1172,19.53,16.09,0.84,1124,13.5156,1.13,17.44204561,0.01025463,4.6,-1,98,0,0,0,0.1,0,0,0.2,-32.9,-32.3,-9.84,-9.85,0,0,1429.7,0.010891204,147.2,0,--.--,277,142.2,68,0000:00:00,87,0,0,0,30,0,0,0,0,0,0,1,13.51,0.468587963,45209,95.59,55.09,--.--
low,0,1173,19.55,15.68,5.91,1126,92.6688,1.97,17.46549794,0.010266204,9.9,-0.8,98,0,0,0,0.1,0,0,0.3,-32.3,-31.8,-9.66,-9.642,0,0,1429.7,0.010902778,147,0,--.--,277,142,69,0000:00:00,87,0,0,0,30,0,0,0,0,0,0,1,92.69,0.468599537,45209,95.59,55.08,--.--
low,0,1174,19.57,15.66,12.83,1129,200.9178,2.3,17.47995861,0.010277778,5.9,-1.5,98,0,0,0,0,0,0,0.3,-31.1,-30.6,-9.29,-9.209,0,0,1429.7,0.010914352,147.1,0,--.--,277,142.1,54,0000:00:00,87,0,0,0,30,0,0,0,0,0,0,1,200.9,0.468611111,45209,95.61,55.09,--.--
low,0,1175,19.58,16.04,0.87,1130,13.9548,1.14,17.48815683,0.010289352,6,-0.6,91,0,0,0,0.1,0,0,0,-31.1,0,0,-0.053,0,0,1466.5,0.010925926,167.7,0,--.--,266,163.7,55,0000:00:00,87,0,0,0,30,0,0,0,0,0,0,1,13.96,0.468622685,45209,95.61,55.08,--.--
low,0,1176,19.6,16.07,2.4,1130,38.568,1.59,17.49502267,0.010300926,6,1.3,84,0,0,0,0,0,0,0,-30.5,0,0,0.117,0,0,1466.5,0.0109375,167.6,0,--.--,266,163.6,46,0000:00:00,73,0,0,0,30,0,0,0,0,0,0,1,38.56,0.468634259,45209,95.61,55.08,--.--
low,0,1177,19.62,16.06,1.27,1130,20.3962,1.31,17.50224517,0.0103125,6.2,-0.7,84,0,0,0,0.1,0,0,0,-29.9,0,0,0.276,0,0,1466.5,0.010949074,167.7,0,--.--,266,163.6,38,0000:00:00,55,0,0,0,30,0,0,0,0,0,0,1,20.4,0.468645833,45209,95.65,55.08,--.--
low,0,1178,19.63,15.96,5.29,1133,84.4284,1.93,17.50773575,0.010324074,5.4,1.2,65,0,0,0,0.2,0,0,-0.1,-30,0,0,0.266,0,0,1541.9,0.010960648,167.5,0,--.--,266,163.5,39,0000:00:00,55,0,0,0,30,0,0,0,0,0,0,1,84.41,0.468657407,45209,95.65,55.08,--.--
low,0,1179,19.65,15.92,3.27,1135,52.0584,1.72,17.51665242,0.010335648,4.8,2,48,0,0,0,0.2,0,0,-0.1,-30.3,0,0,0.152,0,0,1541.9,0.010972222,167.6,0,--.--,266,163.5,43,0000:00:00,55,0,0,0,30,0,0,0,0,0,0,1,52.07,0.468668981,45209,95.67,55.08,--.--
low,0,1180,19.67,16.04,1.84,1135,29.5136,1.47,17.53712158,0.010347222,4.2,3.2,30,0,0,0,0.2,0,0,0,-30.7,0,0,0.053,0,0,1541.9,0.010983796,167.4,0,--.--,266,159.2,46,0000:00:00,44,0,0,0,30,0,0,0,0,0,0,1,29.52,0.468680556,45209,95.67,55.08,--.--
low,0,1181,19.68,16.05,1.54,1136,24.717,1.39,17.56404247,0.010358796,2.3,1.1,13,0,0,0,0.3,0,0,0,-30.9,0,0,-0.011,0,0,1541.9,0.01099537,167.4,0,--.--,266,159.2,49,0000:00:00,32,0,0,0,30,0,0,0,0,0,0,1,24.72,0.46869213,45209,95.68,55.08,--.--
low,0,1182,19.7,16.05,1.62,1136,26.001,1.41,17.56810461,0.01037037,0.5,2.3,356,0,0,0,0.4,0,0,0,-30.9,0,0,-0.024,0,0,1541.9,0.011006944,166.8,0,--.--,267,158.6,49,0000:00:00,32,0,0,0,30,0,0,0,0,0,0,1,26.01,0.468703704,45209,95.7,55.08,--.--
low,0,1183,19.72,16.07,1.23,1137,19.7661,1.3,17.64462489,0.010381944,-0.2,3.3,345,0,0,0,0.6,0,0,0,-30.9,0,0,-0.02,0,0,1541.9,0.011018519,166.5,0,--.--,267,158.3,51,0000:00:00,32,0,0,0,30,0,0,0,0,0,0,1,19.77,0.468715278,45209,95.72,55.08,--.--
low,0,1184,19.73,16.05,2,1137,32.1,1.51,17.67184867,0.010393519,-2.5,2.6,327,0,0,0,0.7,0,0,0,-30.8,0,0,0.002,0,0,1541.9,0.011030093,166.4,0,--.--,268,158.1,50,0000:00:00,32,0,0,0,30,0,0,0,0,0,0,1,32.09,0.468726852,45209,95.72,55.08,--.--
low,0,1185,19.75,15.95,4.62,1138,73.689,1.87,17.68336089,0.010405093,-4,7.4,310,0,0,0,0.9,0,0,0.2,-30.6,0,0,0.013,0,0,1541.9,0.011041667,166,0,--.--,267,157.8,66,0000:00:00,32,0,0,0,30,0,0,0,0,0,0,1,73.68,0.468738426,45209,95.74,55.09,--.--
low,0,1186,19.77,15.94,6.08,1139,96.9152,1.99,17.72367547,0.010416667,-5.3,6,295,0,0,0,1,0,0,0.2,-30,0,0,-0.002,0,0,1541.9,0.011053241,165.8,0,--.--,268,157.5,66,0000:00:00,32,0,0,0,30,0,0,0,0,0,0,1,96.89,0.46875,45209,95.74,55.08,--.--
low,0,1187,19.78,16.07,0.91,1141,14.6237,1.17,17.78439192,0.010428241,-3.9,2.5,294,0,0,0,1.1,0,0,0.1,-29.3,0,0,0.051,0,0,1548.5,0.011064815,165.2,0,--.--,269,156.8,41,0000:00:00,32,0,0,0,30,0,0,0,0,0,0,1,14.62,0.468761574,45209,95.77,55.08,--.--
low,0,1188,19.8,15.85,17.38,1143,275.473,2.44,17.85703781,0.010439815,-5.1,4.3,294,0,0,0,1.1,0,0,0,-29,0,0,0.136,0,0,1548.5,0.011076389,165.1,0,--.--,269,156.7,42,0000:00:00,32,0,0,0,30,0,0,0,0,0,0,1,275.46,0.468773148,45209,95.77,55.08,--.--
low,0,1189,19.82,15.91,6.16,1146,98.0056,1.99,17.86197422,0.010451389,-4.5,4.9,293,0,0,0,1.2,0,0,0.2,-28.8,0,0,0.152,0,0,1607.3,0.011087963,164.7,0,--.--,270,156.2,68,0000:00:00,32,0,0,0,30,0,0,0,0,0,0,1,97.99,0.468784722,45209,95.81,55.06,--.--
low,0,1190,19.83,15.94,2.6,1148,41.444,1.62,17.88054039,0.010462963,-5.7,7.3,293,0,0,0,1.2,0,0,0.2,-28.2,0,0,0.156,0,0,1607.3,0.011099537,164.4,0,--.--,270,155.9,55,0000:00:00,32,0,0,0,30,0,0,0,0,0,0,1,41.45,0.468796296,45209,95.83,55.06,--.--
low,0,1191,19.85,15.69,9.25,1149,145.1325,2.16,17.90713,0.010474537,-4.2,5,293,0,0,0,1.2,0,0,0,-27.7,0,0,0.141,0,0,1607.3,0.011111111,163.6,0,--.--,271,155,42,0000:00:00,32,0,0,0,40,0,0,0,0,0,0,1,145.1,0.46880787,45209,95.83,55.08,--.--
low,0,1192,19.87,15.68,13.94,1152,218.5792,2.34,17.9718285,0.010486111,-1.7,3.4,296,0,0,0,1.1,0,0,0.1,-27.7,0,0,0.122,0,0,1607.3,0.011122685,163.2,0,--.--,270,154.7,50,0000:00:00,32,0,0,0,40,0,0,0,0,0,0,1,218.58,0.468819444,45209,95.85,55.06,--.--
low,0,1193,19.88,15.53,16.84,1158,261.5252,2.42,18.03648183,0.010497685,-4.5,8,293,0,0,0,0.9,0,0,0.3,-27.3,0,0,0.122,0,0,1607.3,0.011134259,162.7,0,--.--,271,154.2,76,0000:00:00,32,0,0,0,40,0,0,0,0,0,0,1,261.47,0.468831019,45209,95.86,55.08,--.--
low,0,1194,19.9,16.01,1.11,1163,17.7711,1.25,18.09299572,0.010509259,-3.5,5.3,297,0,0,0,0.9,0,0,0.1,-26.6,0,0,0.115,0,0,1607.3,0.011145833,160.5,0,--.--,270,151.9,41,0000:00:00,50,0,0,0,40,0,0,0,0,0,0,1,17.77,0.468842593,45209,95.86,55.06,--.--
low,0,1195,19.92,15.99,4.18,1164,66.8382,1.83,18.2472035,0.010520833,-4.7,8.9,297,0,0,0,0.9,0,0,0,-26.5,0,0,0.136,0,0,1607.3,0.011157407,160.1,0,--.--,270,151.6,43,0000:00:00,30,0,0,0,40,0,0,0,0,0,0,1,66.83,0.468854167,45209,95.88,55.06,--.--
low,0,1196,19.93,15.59,6.14,1165,95.7226,1.98,18.35859953,0.010532407,-4.3,10.3,295,0,0,0,0.9,0,0,0,-26.5,0,0,0.126,0,0,1607.3,0.011168981,159.8,0,--.--,269,151.3,42,0000:00:00,30,0,0,0,40,0,0,0,0,0,0,1,95.74,0.468865741,45209,95.9,55.08,--.--
low,0,1197,19.95,15.59,14.94,1168,232.9146,2.37,18.42688919,0.010543981,-4.7,9.6,293,0,0,0,0.8,0,0,0,-26.6,0,0,0.121,0,0,1607.3,0.011180556,159.5,0,--.--,269,151,42,0000:00:00,30,0,0,0,40,0,0,0,0,0,0,1,232.9,0.468877315,45209,95.9,55.06,--.--
low,0,1198,19.97,15.6,14.92,1172,232.752,2.37,18.48078706,0.010555556,-2,7.7,294,0,0,0,0.6,0,0,0,-26.6,0,0,0.098,0,0,1607.3,0.01119213,158.3,0,--.--,269,149.9,67,0000:00:00,30,0,0,0,40,0,0,0,0,0,0,1,232.81,0.468888889,45209,95.94,55.06,--.--
low,0,1199,19.98,15.65,13,1174,203.45,2.31,18.53092194,0.01056713,-4.4,10.4,289,0,0,0,0.6,0,0,0.4,-25.9,0,0,0.161,0,0,1614.4,0.011203704,156.9,0,--.--,269,148.5,76,0000:00:00,30,0,0,0,40,0,0,0,0,0,0,1,203.42,0.468900463,45209,95.95,55.06,--.--
low,0,1200,20,14.8,37.51,1181,555.148,2.74,18.61202111,0.010578704,-6,10.2,282,0,0,0,0.4,0,0,0.6,-24.4,0,0,0.224,0,0,1662.2,0.011215278,155.3,0,--.--,269,146.9,88,0000:00:00,30,0,0,0,40,0,0,0,0,0,0,1,555.04,0.468912037,45209,95.97,55.06,--.--
low,0,1201,20.02,15.43,25.99,1189,401.0257,2.6,18.77146244,0.010590278,-5.4,2.2,283,0,0,0,0.3,0,0,0.3,-22.8,0,0,0.191,0,0,1662.2,0.011226852,155.2,0,--.--,269,146.8,58,0000:00:00,30,0,0,0,40,0,0,0,0,0,0,1,401.1,0.468923611,45209,95.99,55.02,--.--
low,0,1202,20.03,15.54,15.82,1194,245.8428,2.39,18.87137244,0.010601852,-8,5.8,281,0,0,0,0.4,0,0,0.3,-22.1,0,0,0.137,0,0,1662.2,0.011238426,154.9,0,--.--,269,146.5,78,0000:00:00,30,0,0,0,40,0,0,0,0,0,0,1,245.86,0.468935185,45209,96.01,55.06,--.--
low,0,1203,20.05,15.61,12.43,1201,194.0323,2.29,18.97933958,0.010613426,-4.5,8.3,282,0,0,0,0.7,0,0,0.1,-21.4,0,0,0.087,0,0,1662.2,0.01125,154,0,--.--,269,145.6,53,0000:00:00,30,0,0,0,40,0,0,0,0,0,0,1,194.08,0.468946759,45209,96.01,55.02,--.--
low,0,1204,20.07,15.64,11.54,1205,180.4856,2.26,19.20641672,0.010625,-6.9,13.9,281,0,0,0,0.7,0,0,0.2,-21.2,0,0,0.047,0,0,1662.2,0.011261574,152.7,0,--.--,269,144.4,69,0000:00:00,30,0,0,0,40,0,0,0,0,0,0,1,180.47,0.468958333,45209,96.04,55.02,--.--
low,0,1205,20.08,15.35,19.02,1210,291.957,2.47,19.42024906,0.010636574,-6.4,14.6,280,0,0,0,0.7,0,0,0.2,-20.5,0,0,0.05,0,0,1685.9,0.011273148,147.2,0,--.--,277,138,63,0000:00:00,30,0,0,0,40,0,0,0,0,0,0,1,292.01,0.468969907,45209,96.06,55.02,--.--
low,0,1206,20.1,15.53,36.96,1215,573.9888,2.76,19.48655528,0.010648148,-7.7,10,275,0,0,0,0.7,0,0,0.4,-19.6,0,0,0.085,0,0,1705.4,0.011284722,150.5,0,--.--,270,142,82,0000:00:00,30,0,0,0,40,0,0,0,0,0,0,1,573.84,0.468981481,45209,96.06,55.02,--.--
low,0,1207,20.12,15.45,23.28,1223,359.676,2.56,19.53791347,0.010659722,-6.3,3.5,274,0,0,0,1.1,0,0,0.1,-18.5,0,0,0.117,0,0,1705.4,0.011296296,149.3,0,--.--,271,140.8,53,0000:00:00,30,0,0,0,40,0,0,0,0,0,0,1,359.58,0.468993056,45209,96.1,55.06,--.--
low,0,1208,20.13,15.43,25.19,1229,388.6817,2.59,19.59626975,0.010671296,-5.7,12.5,280,0,0,0,1,0,0,0.3,-17.9,0,0,0.118,0,0,1705.4,0.01130787,148.1,0,--.--,270,139.6,82,0000:00:00,30,0,0,0,40,0,0,0,0,0,0,1,388.68,0.46900463,45209,96.1,55.02,--.--
low,0,1209,20.15,14.59,56.03,1240,817.4777,2.91,19.69810586,0.01068287,-6.3,5.3,279,0,0,0,1.4,0,0,0.5,-16.6,0,0,0.121,0,0,1705.4,0.011319444,147.2,0,--.--,269,138.7,92,0000:00:00,30,0,0,0,40,0,0,0,0,0,0,1,817.48,0.469016204,45209,96.12,55.08,--.--
low,0,1210,20.17,14.44,53.31,1255,769.7964,2.89,19.74557644,0.010694444,-5.3,5.3,287,0,0,0,1.9,0,0,0.3,-15,0,0,0.13,0,0,1705.4,0.011331019,146.1,0,--.--,269,141.8,68,0000:00:00,30,0,0,0,40,0,0,0,0,0,0,1,769.64,0.469027778,45209,96.13,55.08,--.--
low,0,1211,20.18,15.44,15.46,1262,238.7024,2.38,19.83360933,0.010706019,-5.9,5.9,287,0,0,0,2,0,0,0.1,-14.2,0,0,0.108,0,0,1705.4,0.011342593,144.7,0,--.--,269,140.4,54,0000:00:00,30,0,0,0,40,0,0,0,0,0,0,1,238.73,0.469039352,45209,96.17,55.06,--.--
low,0,1212,20.2,15.55,11.89,1266,184.8895,2.27,19.92619542,0.010717593,-3.1,6,287,0,0,0,2.1,0,0,0,-14,0,0,0.142,0,0,1712.7,0.011354167,144.1,0,--.--,269,139.9,50,0000:00:00,30,0,0,0,40,0,0,0,0,0,0,1,184.88,0.469050926,45209,96.19,55.06,--.--
low,0,1213,20.22,15.47,13.58,1269,210.0826,2.32,19.97215642,0.010729167,-5.4,13.2,285,0,0,0,2.1,0,0,0.2,-13.8,0,0,0.141,0,0,1712.7,0.011365741,142.6,0,--.--,268,138.3,66,0000:00:00,30,0,0,0,40,0,0,0,0,0,0,1,210.14,0.4690625,45209,96.19,55.08,--.--
low,0,1214,20.23,15.25,24.04,1275,366.61,2.56,20.01730975,0.010740741,-6.6,7.3,284,0,0,0,2,0,0,0.2,-13.2,0,0,0.112,0,0,1712.7,0.011377315,141.5,0,--.--,268,137.3,71,0000:00:00,30,0,0,0,40,0,0,0,0,0,0,1,366.66,0.469074074,45209,96.19,55.09,--.--
low,0,1215,20.25,15.11,11.31,1282,170.8941,2.23,20.0956835,0.010752315,-8.9,6.1,282,0,0,0,1.8,0,0,0.2,-12.4,0,0,0.159,0,0,1712.7,0.011388889,140.4,0,--.--,268,136.2,74,0000:00:00,30,0,0,0,40,0,0,0,0,0,0,1,170.84,0.469085648,45209,96.22,55.09,--.--
low,0,1216,20.27,15.52,20.42,1286,316.9184,2.5,20.14695917,0.010763889,-5.4,7.5,284,0,0,0,1.7,0,0,0.2,-11.7,0,0,0.187,0,0,1712.7,0.011400463,139.3,0,--.--,267,135.2,77,0000:00:00,30,0,0,0,40,0,0,0,0,0,0,1,316.9,0.469097222,45209,96.22,55.11,--.--
low,0,1217,20.28,15.51,21.49,1292,333.3099,2.52,20.19746433,0.010775463,-6.1,2.6,284,0,0,0,1.8,0,0,0.1,-10.9,0,0,0.2,0,0,1763.5,0.011412037,138.3,0,--.--,267,134.3,53,0000:00:00,30,0,0,0,40,0,0,0,0,0,0,1,333.2,0.469108796,45209,96.26,55.13,--.--
low,0,1218,20.3,15.58,10.62,1296,165.4596,2.22,20.25951333,0.010787037,-5.4,4.9,284,0,0,0,1.7,0,0,0,-10.7,0,0,0.202,0,0,1763.5,0.011423611,137.1,0,--.--,266,133.1,49,0000:00:00,30,0,0,0,40,0,0,0,0,0,0,1,165.43,0.46912037,45209,96.28,55.13,--.--
low,0,1219,20.32,15.6,10.42,1299,162.552,2.21,20.30530833,0.010798611,-6.6,12.8,284,0,0,0,1.5,0,0,0.1,-10.7,0,0,0.175,0,0,1763.5,0.011435185,135.9,0,--.--,265,132,64,0000:00:00,30,0,0,0,40,0,0,0,0,0,0,1,162.51,0.469131944,45209,96.3,55.15,--.--
low,0,1220,20.33,15.21,18.55,1303,282.1455,2.45,20.36567631,0.010810185,-8,10.7,284,0,0,0,1.4,0,0,0.3,-10,0,0,0.148,0,0,1770.3,0.011446759,134.8,0,--.--,264,131,65,0000:00:00,30,0,0,0,40,0,0,0,0,0,0,1,282.09,0.469143519,45209,96.31,55.13,--.--
low,0,1221,20.35,15.46,11.94,1308,184.5924,2.27,20.47957772,0.010821759,-9.6,4.4,284,0,0,0,1.3,0,0,0,-9.2,0,0,0.181,0,0,1770.3,0.011458333,133.5,0,--.--,264,129.7,48,0000:00:00,30,0,0,0,40,0,0,0,0,0,0,1,184.54,0.469155093,45209,96.33,55.15,--.--
low,0,1222,20.37,15.58,11.67,1311,181.8186,2.26,20.55703056,0.010833333,-8.3,12,280,0,0,0,1,0,0,0,-9.1,0,0,0.178,0,0,1805,0.011469907,147.2,0,--.--,277,142.1,46,0000:00:00,30,0,0,0,40,0,0,0,0,0,0,1,181.82,0.469166667,45209,96.35,55.17,--.--
low,0,1223,20.38,15.48,14.43,1315,223.3764,2.35,20.61427586,0.010844907,-7,9.2,280,0,0,0,0.8,0,0,0,-9,0,0,0.172,0,0,1840.2,0.011481481,131.3,0,--.--,264,127.4,44,0000:00:00,30,0,0,0,40,0,0,0,0,0,0,1,223.45,0.469178241,45209,96.35,55.17,--.--
low,0,1224,20.4,15.48,10.65,1319,164.862,2.22,20.67031164,0.010856481,-7.1,8.2,278,0,0,0,0.8,0,0,0,-8.9,0,0,0.193,0,0,1840.2,0.011493056,130,0,--.--,264,126.2,47,0000:00:00,30,0,0,0,40,0,0,0,0,0,0,1,164.87,0.469189815,45209,96.39,55.17,--.--
low,0,1225,20.42,15.49,14.03,1322,217.3247,2.34,20.75774208,0.010868056,-7.9,15.5,278,0,0,0,0.9,0,0,0.2,-8.8,0,0,0.154,0,0,1840.2,0.01150463,128.4,0,--.--,265,124.5,66,0000:00:00,30,0,0,0,40,0,0,0,0,0,0,1,217.31,0.469201389,45209,96.4,55.18,--.--
low,0,1226,20.43,15.17,27.03,1329,410.0451,2.61,20.77473681,0.01087963,-8.9,14,275,0,0,0,1,0,0,0.2,-8,0,0,0.124,0,0,1840.2,0.011516204,126.9,0,--.--,265,123,63,0000:00:00,30,0,0,0,40,0,0,0,0,0,0,1,410.05,0.469212963,45209,96.42,55.18,--.--
low,0,1227,20.45,15.27,18.26,1335,278.8302,2.45,20.85530661,0.010891204,-9,12.8,275,0,0,0,0.8,0,0,0.2,-7.2,0,0,0.117,0,0,1840.2,0.011527778,125.8,0,--.--,264,122,66,0000:00:00,30,0,0,0,40,0,0,0,0,0,0,1,278.88,0.469224537,45209,96.44,55.18,--.--
low,0,1228,20.47,15.53,13.27,1339,206.0831,2.31,20.91032261,0.010902778,-9.4,8.7,276,0,0,0,0.7,0,0,0.1,-6.5,0,0,0.168,0,0,1914.3,0.011539352,125,0,--.--,264,121.2,42,0000:00:00,30,0,0,0,40,0,0,0,0,0,0,1,206.03,0.469236111,45209,96.46,55.18,--.--
low,0,1229,20.48,15.47,13.04,1342,201.7288,2.3,20.92692492,0.010914352,-8.7,18.6,276,0,0,0,0.6,0,0,0.2,-6.3,0,0,0.157,0,0,1914.3,0.011550926,123.8,0,--.--,263,120.2,65,0000:00:00,30,0,0,0,40,0,0,0,0,0,0,1,201.78,0.469247685,45209,96.48,55.18,--.--
low,0,1230,20.5,15.22,20.68,1347,314.7496,2.5,20.93661714,0.010925926,-10.1,13.4,275,0,0,0,0.6,0,0,0,-5.8,0,0,0.075,0,0,1914.3,0.0115625,122.6,0,--.--,262,119,39,0000:00:00,30,0,0,0,40,0,0,0,0,0,0,1,314.85,0.469259259,45209,96.49,55.18,--.--
low,0,1231,20.52,15.85,3.86,1350,61.181,1.79,21.02722689,0.0109375,-8.2,11.4,272,0,0,0,0.4,0,0,0,-5.7,0,0,0.06,0,0,1914.3,0.011574074,121.6,0,--.--,263,117.9,54,0000:00:00,30,0,0,0,40,0,0,0,0,0,0,1,61.19,0.469270833,45209,96.51,55.18,--.--
low,0,1232,20.53,15.29,18.97,1354,290.0513,2.46,21.16780911,0.010949074,-10.4,13.8,271,0,0,0,0.4,0,0,0,-5.7,0,0,0.087,0,0,1914.3,0.011585648,120.2,0,--.--,262,116.6,56,0000:00:00,30,0,0,0,40,0,0,0,0,0,0,1,290.13,0.469282407,45209,96.51,55.2,--.--
low,0,1233,20.55,15.87,12.48,1356,198.0576,2.3,21.21953611,0.010960648,-10.9,14.8,276,0,0,0,0.8,0,0,-0.4,-6.1,0,0,0.029,0,0,1970.1,0.011597222,147.2,0,--.--,277,142.1,27,0000:00:00,30,0,0,0,40,0,0,0,0,0,0,1,198.08,0.469293981,45209,96.55,55.2,--.--
low,0,1234,20.57,15.77,3.79,1358,59.7683,1.78,21.26834583,0.010972222,-8.1,14.3,277,0,0,0,0.9,0,0,0,-6.9,0,0,-0.046,0,0,2019.1,0.011608796,117.3,0,--.--,260,113.9,63,0000:00:00,11,0,0,0,40,0,0,0,0,0,0,1,59.76,0.469305556,45209,96.57,55.22,--.--
low,0,1235,20.58,15.86,2.2,1359,34.892,1.54,21.33043194,0.010983796,-9.2,17.3,275,0,0,0,1,0,0,0,-6.9,0,0,-0.04,0,0,2019.1,0.01162037,116.9,0,--.--,260,113.5,57,0000:00:00,43,0,0,0,40,0,0,0,0,0,0,1,34.9,0.46931713,45209,96.58,55.22,--.--
low,0,1236,20.6,15.69,20.79,1361,326.1951,2.51,21.39742328,0.01099537,-11.1,16.8,269,0,0,0,0.9,0,0,0.3,-6.6,0,0,-0.012,0,0,2019.1,0.011631944,116.2,0,--.--,260,112.8,72,0000:00:00,47,0,0,0,40,0,0,0,0,0,0,1,326.22,0.469328704,45209,96.6,55.22,--.--
low,0,1237,20.62,15.04,33.65,1368,506.096,2.7,21.49960928,0.011006944,-8.5,10.7,271,0,0,0,0.8,0,0,0.2,-5.6,0,0,0.039,0,0,2026.9,0.011643519,115.1,0,--.--,257,112.1,59,0000:00:00,47,0,0,0,40,0,0,0,0,0,0,1,506.13,0.469340278,45209,96.62,55.2,--.--
low,0,1238,20.63,15.57,11.96,1373,186.2172,2.27,21.55898761,0.011018519,-10.4,9.9,271,0,0,0,0.7,0,0,0,-5,0,0,0.128,0,0,2026.9,0.011655093,113.6,0,--.--,254,110.9,51,0000:00:00,47,0,0,0,40,0,0,0,0,0,0,1,186.25,0.469351852,45209,96.64,55.22,--.--
low,0,1239,20.65,15.55,11.3,1376,175.715,2.24,21.63895872,0.011030093,-6.3,15.3,263,0,0,0,0.8,0,0,0.1,-5,0,0,0.129,0,0,2148.7,0.011666667,112.3,0,--.--,253,109.7,37,0000:00:00,47,0,0,0,40,0,0,0,0,0,0,1,175.7,0.469363426,45209,96.64,55.22,--.--
low,0,1240,20.67,15.5,14.42,1380,223.51,2.35,21.70066989,0.011041667,-12.9,19.5,262,0,0,0,0.7,0,0,-0.1,-5,0,0,0.106,0,0,2148.7,0.011678241,111.8,0,--.--,255,109,46,0000:00:00,47,0,0,0,40,0,0,0,0,0,0,1,223.5,0.469375,45209,96.67,55.22,--.--
low,0,1241,20.68,15.42,15.64,1385,241.1688,2.38,21.78904878,0.011053241,-8.3,19.5,262,0,0,0,0.8,0,0,0.2,-5.1,0,0,0.056,0,0,2155.6,0.011689815,110.6,0,--.--,257,107.5,68,0000:00:00,47,0,0,0,40,0,0,0,0,0,0,1,241.17,0.469386574,45209,96.71,55.24,--.--
low,0,1242,20.7,15.12,24.33,1391,367.8696,2.57,21.83548583,0.011064815,-9.4,12.8,262,0,0,0,0.7,0,0,0.3,-4.2,0,0,0.102,0,0,2155.6,0.011701389,109.1,0,--.--,258,105.9,61,0000:00:00,47,0,0,0,40,0,0,0,0,0,0,1,367.85,0.469398148,45209,96.73,55.22,--.--
low,0,1243,20.72,15.49,13.8,1396,213.762,2.33,21.93114778,0.011076389,-9,7.4,264,0,0,0,0.5,0,0,0,-3.3,0,0,0.18,0,0,2155.6,0.011712963,107.5,0,--.--,259,104.3,44,0000:00:00,47,0,0,0,40,0,0,0,0,0,0,1,213.75,0.469409722,45209,96.75,55.22,--.--
low,0,1244,20.73,15.52,18.55,1400,287.896,2.46,21.97558022,0.011087963,-4.2,12.8,272,0,0,0,0.4,0,0,0.1,-3.2,0,0,0.16,0,0,2219.7,0.011724537,147.2,0,--.--,277,142.1,60,0000:00:00,47,0,0,0,40,0,0,0,0,0,0,1,287.8,0.469421296,45209,96.76,55.24,--.--
low,0,1245,20.75,15.46,14.37,1404,222.1602,2.35,22.02174156,0.011099537,-9,16.3,267,0,0,0,0.5,0,0,0.1,-2.8,0,0,0.102,0,0,2278,0.011736111,104.6,0,--.--,259,101.4,55,0000:00:00,47,0,0,0,40,0,0,0,0,0,0,1,222.17,0.46943287,45209,96.76,55.24,--.--
low,0,1246,20.77,15.4,20.66,1409,318.164,2.5,22.08274378,0.011111111,-8.2,6.9,269,0,0,0,0.4,0,0,0.1,-2.4,0,0,0.073,0,0,2278,0.011747685,103,0,--.--,257,100,45,0000:00:00,63,0,0,0,40,0,0,0,0,0,0,1,318.12,0.469444444,45209,96.78,55.24,--.--
low,0,1247,20.78,15.58,10.73,1413,167.1734,2.22,22.14694844,0.011122685,-7.1,13.9,268,0,0,0,0.3,0,0,-0.2,-2,0,0,0.17,0,0,2278,0.011759259,101.4,0,--.--,256,98.5,30,0000:00:00,63,0,0,0,40,0,0,0,0,0,0,1,167.17,0.469456019,45209,96.8,55.24,--.--
low,0,1248,20.8,15.34,22.45,1418,344.383,2.54,22.221944,0.011134259,-8.8,17.5,268,0,0,0,0.3,0,0,-0.2,-3.1,0,0,0.042,0,0,2284.9,0.011770833,99.7,0,--.--,256,96.8,43,0000:00:00,63,0,0,0,40,0,0,0,0,0,0,1,344.38,0.469467593,45209,96.8,55.24,--.--
low,0,1249,20.82,15.56,10.28,1422,159.9568,2.2,22.242788,0.011145833,-8.1,12.4,268,0,0,0,0.3,0,0,-0.3,-3.6,0,0,0.06,0,0,2284.9,0.011782407,98.5,0,--.--,255,95.7,31,0000:00:00,63,0,0,0,40,0,0,0,0,0,0,1,159.99,0.469479167,45209,96.84,55.26,--.--
low,0,1250,20.83,15.56,10.68,1429,166.1808,2.22,22.27122244,0.011157407,-4.4,16.6,267,0,0,0,0.2,0,0,0,-4.2,0,0,0.064,0,0,2418.6,0.011793981,97.4,0,--.--,255,94.6,52,0000:00:00,57,0,0,0,40,0,0,0,0,0,0,1,166.17,0.469490741,45209,96.85,55.26,--.--
low,0,1251,20.85,15.52,14.15,1432,219.608,2.34,22.41949853,0.011168981,-7.7,10.5,268,0,0,0,0.2,0,0,0.2,-4,0,0,0.103,0,0,2418.6,0.011805556,96.4,0,--.--,254,93.7,59,0000:00:00,57,0,0,0,40,0,0,0,0,0,0,1,219.54,0.469502315,45209,96.87,55.26,--.--
low,0,1252,20.87,15.44,14.97,1436,231.1368,2.36,22.46567686,0.011180556,-7.1,8.9,267,0,0,0,0.3,0,0,0.1,-3.3,0,0,0.099,0,0,2418.6,0.01181713,94.6,0,--.--,252,92.1,58,0000:00:00,57,0,0,0,40,0,0,0,0,0,0,1,231.2,0.469513889,45209,96.87,55.24,--.--
low,0,1253,20.88,15.34,17.6,1440,269.984,2.43,22.51944486,0.01119213,-8.3,11.7,266,0,0,0,0.4,0,0,0.2,-2.9,0,0,0.052,0,0,2426.6,0.011828704,93,0,--.--,250,90.9,66,0000:00:00,57,0,0,0,40,0,0,0,0,0,0,1,270.02,0.469525463,45209,96.91,55.26,--.--
low,0,1254,20.9,15.44,4.86,1445,75.0384,1.88,22.57759694,0.011203704,-8.9,7.8,266,0,0,0,0.4,0,0,-0.1,-2.5,0,0,0.013,0,0,2426.6,0.011840278,91.6,0,--.--,249,89.6,33,0000:00:00,57,0,0,0,40,0,0,0,0,0,0,1,75.01,0.469537037,45209,96.93,55.26,--.--
low,0,1255,20.92,15.7,6.52,1447,102.364,2.01,22.66402583,0.011215278,-6.6,11,273,0,0,0,0.4,0,0,-0.4,-3.2,0,0,-0.137,0,0,2503.1,0.011851852,147.2,0,--.--,277,142.1,31,0000:00:00,57,0,0,0,40,0,0,0,0,0,0,1,102.36,0.469548611,45209,96.94,55.26,--.--
low,0,1256,20.93,14.99,35.61,1452,533.7939,2.73,22.67563431,0.011226852,-10.7,14.4,274,0,0,0,0.3,0,0,-0.5,-4.6,0,0,-0.244,0,0,2584.5,0.011863426,89.5,0,--.--,247,87.6,32,0000:00:00,57,0,0,0,40,0,0,0,0,0,0,1,533.94,0.469560185,45209,96.94,55.26,--.--
low,0,1257,20.95,15.45,10.76,1460,166.242,2.22,22.71307064,0.011238426,-6.3,17.4,274,0,0,0,0.3,0,0,-0.1,-5.8,0,0,-0.171,0,0,2584.5,0.011875,89.4,0,--.--,248,87.4,48,0000:00:00,57,0,0,0,40,0,0,0,0,0,0,1,166.19,0.469571759,45209,96.96,55.26,--.--
low,0,1258,20.97,15.51,12.48,1463,193.5648,2.29,22.76005289,0.01125,-6.4,13.6,265,0,0,0,0.3,0,0,0.1,-5.9,0,0,-0.018,0,0,2584.5,0.011886574,89,0,--.--,249,86.8,55,0000:00:00,57,0,0,0,40,0,0,0,0,0,0,1,193.59,0.469583333,45209,96.96,55.26,--.--
low,0,1259,20.98,15.45,13.55,1466,209.3475,2.32,22.83807908,0.011261574,-10,16.9,263,0,0,0,0.3,0,0,0.3,-5.2,0,0,0.093,0,0,2584.5,0.011898148,87.8,0,--.--,250,85.6,66,0000:00:00,57,0,0,0,40,0,0,0,0,0,0,1,209.37,0.469594907,45209,97,55.26,--.--
low,0,1260,21,15.2,20.47,1471,311.144,2.49,22.882722,0.011273148,-9.1,10.8,262,0,0,0,0.4,0,0,0.1,-4.3,0,0,0.057,0,0,2584.5,0.011909722,86,0,--.--,250,83.8,43,0000:00:00,57,0,0,0,40,0,0,0,0,0,0,1,311.04,0.469606481,45209,97.02,55.26,--.--
low,0,1261,21.02,15.77,2.65,1473,41.7905,1.62,22.934037,0.011284722,-11.4,14.5,260,0,0,0,0.3,0,0,-0.1,-4.3,0,0,-0.063,0,0,2752.4,0.011921296,84,0,--.--,246,82.3,37,0000:00:00,57,0,0,0,40,0,0,0,0,0,0,1,41.79,0.469618056,45209,97.05,55.26,--.--
low,0,1262,21.03,15.42,8.74,1474,134.7708,2.13,22.99575983,0.011296296,-9.8,20.7,262,0,0,0,0.1,0,0,0,-4.9,0,0,-0.134,0,0,2752.4,0.01193287,83.4,0,--.--,245,81.7,56,0000:00:00,57,0,0,0,40,0,0,0,0,0,0,1,134.78,0.46962963,45209,97.05,55.26,--.--
low,0,1263,21.05,15.39,10.99,1478,169.1361,2.23,23.09738228,0.011309028,-12.8,16.2,258,0,0,0,0.1,0,0,-0.3,-5.1,0,0,-0.09,0,0,2752.4,0.011944444,83.2,0,--.--,245,81.7,26,0000:00:00,57,0,0,0,40,0,0,0,0,0,0,1,169.18,0.469641204,45209,97.07,55.26,--.--
low,0,1264,21.07,14.87,18.89,1482,280.8943,2.45,23.17408711,0.011320602,-12.4,14.6,261,0,0,0,0.3,0,0,-0.6,-6.5,0,0,-0.184,0,0,2752.4,0.011956019,82.5,0,--.--,245,80.9,16,0000:00:00,57,0,0,0,40,0,0,0,0,0,0,1,280.88,0.469652778,45209,97.09,55.26,--.--
low,0,1265,21.08,15.35,10.47,1492,160.7145,2.21,23.26036161,0.011332176,-11.6,15.3,262,0,0,0,0.1,0,0,-0.2,-8.1,0,0,-0.164,0,0,2752.4,0.011967593,81.2,0,--.--,244,79.7,44,0000:00:00,57,0,0,0,40,0,0,0,0,0,0,1,160.71,0.469664352,45209,97.09,55.29,--.--
low,0,1266,21.1,15.55,11.88,1494,184.734,2.27,23.28024828,0.01134375,-6.5,15.1,262,0,0,0,0.1,0,0,0,-8.7,0,0,-0.093,0,0,2839,0.011979167,147.2,0,--.--,277,142.1,53,0000:00:00,57,0,0,0,40,0,0,0,0,0,0,1,184.79,0.469675926,45209,97.12,55.29,--.--
low,0,1267,21.12,15.42,14.41,1498,222.2022,2.35,23.39748794,0.011355324,-13.8,15.3,260,0,0,0,0.1,0,0,0.2,-8.5,0,0,0.008,0,0,2932.2,0.011990741,79.7,0,--.--,242,78.4,62,0000:00:00,57,0,0,0,40,0,0,0,0,0,0,1,222.22,0.4696875,45209,97.12,55.26,--.--
low,0,1268,21.13,15.08,24.26,1503,365.8408,2.56,23.45641728,0.011366898,-12.6,13,259,0,0,0,0.1,0,0,0.3,-7.5,0,0,0.071,0,0,2932.2,0.012002315,79,0,--.--,242,77.8,62,0000:00:00,57,0,0,0,40,0,0,0,0,0,0,1,365.82,0.469699074,45209,97.16,55.26,--.--
low,0,1269,21.15,15.29,18.06,1509,276.1374,2.44,23.51767803,0.011378472,-11.7,11.9,260,0,0,0,0.2,0,0,0.2,-6.6,0,0,0.076,0,0,2932.2,0.012013889,77.9,0,--.--,239,77,63,0000:00:00,57,0,0,0,40,0,0,0,0,0,0,1,276.05,0.469710648,45209,97.18,55.24,--.--
low,0,1270,21.17,15.21,20.42,1514,310.5882,2.49,23.57239761,0.011390046,-11.4,12.3,259,0,0,0,0.3,0,0,0.2,-5.8,0,0,0.06,0,0,2939.5,0.012025463,77.2,0,--.--,238,76.5,45,0000:00:00,57,0,0,0,40,0,0,0,0,0,0,1,310.61,0.469722222,45209,97.2,55.24,--.--
low,0,1271,21.18,15.7,4.56,1519,71.592,1.85,23.62705061,0.01140162,-11.2,11.4,260,0,0,0,0.3,0,0,0,-5.6,0,0,-0.038,0,0,2939.5,0.012037037,76.3,0,--.--,236,75.8,65,0000:00:00,57,0,0,0,40,0,0,0,0,0,0,1,71.6,0.469733796,45209,97.21,55.26,--.--
low,0,1272,21.2,15.27,27.64,1524,422.0628,2.63,23.67967358,0.011413194,-13,15.5,260,0,0,0,0.3,0,0,0.2,-5.1,0,0,-0.007,0,0,3040.1,0.012048611,147.2,0,--.--,277,142.1,52,0000:00:00,57,0,0,0,40,0,0,0,0,0,0,1,422.12,0.46974537,45209,97.23,55.24,--.--
low,0,1273,21.22,15.44,13.74,1529,212.1456,2.33,23.73502181,0.011424769,-12.2,8.5,261,0,0,0,0.4,0,0,0,-4.7,0,0,-0.058,0,0,3142.9,0.012060185,74.5,0,--.--,233,74.4,54,0000:00:00,57,0,0,0,40,0,0,0,0,0,0,1,212.2,0.469756944,45209,97.25,55.26,--.--
low,0,1274,21.23,15.39,14.33,1533,220.5387,2.34,23.78724819,0.011436343,-13.7,10.5,260,0,0,0,0.4,0,0,0.2,-4.2,0,0,0.047,0,0,3142.9,0.012071759,73.5,0,--.--,233,73.3,65,0000:00:00,57,0,0,0,40,0,0,0,0,0,0,1,220.55,0.469768519,45209,97.25,55.24,--.--
low,0,1275,21.25,15.33,12.85,1538,196.9905,2.29,23.84120503,0.011447917,-10.9,1.7,252,0,0,0,0.6,0,0,0,-3.8,0,0,0.017,0,0,3149.6,0.012083333,72.1,0,--.--,232,72.1,41,0000:00:00,57,0,0,0,40,0,0,0,0,0,0,1,197.02,0.469780093,45209,97.25,55.24,--.--
low,0,1276,21.27,15.48,12.71,1541,196.7508,2.29,23.89498975,0.011459491,-9.5,4.1,250,0,0,0,0.6,0,0,0,-3.6,0,0,0.074,0,0,3149.6,0.012094907,70.9,0,--.--,232,71,54,0000:00:00,57,0,0,0,40,0,0,0,0,0,0,1,196.79,0.469791667,45209,97.3,55.26,--.--
low,0,1277,21.28,15.49,12.23,1545,189.4427,2.28,23.94717308,0.011471065,-10.1,2.6,250,0,0,0,0.6,0,0,0,-3.5,0,0,0.104,0,0,3149.6,0.012106481,69.8,0,--.--,232,69.9,56,0000:00:00,57,0,0,0,40,0,0,0,0,0,0,1,189.48,0.469803241,45209,97.32,55.26,--.--
low,0,1278,21.3,15.47,12.88,1548,199.2536,2.3,24.00045008,0.011482639,-10.2,3.7,250,0,0,0,0.6,0,0,0,-3.5,0,0,0.12,0,0,3370.2,0.012118056,68.5,0,--.--,231,68.6,52,0000:00:00,57,0,0,0,40,0,0,0,0,0,0,1,199.2,0.469814815,45209,97.32,55.24,--.--
low,0,1279,21.32,15.5,12.13,1552,188.015,2.27,24.05389908,0.011494213,-11.2,1.4,250,0,0,0,0.6,0,0,0,-3.2,0,0,0.218,0,0,3370.2,0.01212963,67,0,--.--,230,67.3,46,0000:00:00,57,0,0,0,40,0,0,0,0,0,0,1,188.02,0.469826389,45209,97.34,55.26,--.--
low,0,1280,21.33,15.49,12.54,1555,194.2446,2.29,24.10668519,0.011505787,-8.5,2.6,251,0,0,0,0.6,0,0,-0.1,-3.4,0,0,0.138,0,0,3370.2,0.012141204,65.6,0,--.--,229,66.1,51,0000:00:00,57,0,0,0,40,0,0,0,0,0,0,1,194.22,0.469837963,45209,97.36,55.26,--.--
low,0,1281,21.35,15.49,12.5,1559,193.625,2.29,24.16138119,0.011517361,-10,1.1,251,0,0,0,0.5,0,0,-0.1,-3.4,0,0,0.14,0,0,3378.1,0.012152778,63.9,0,--.--,225,62.2,52,0000:00:00,57,0,0,0,40,0,0,0,0,0,0,1,193.61,0.469849537,45209,97.38,55.26,--.--
low,0,1282,21.37,15.5,12.12,1562,187.86,2.27,24.21359244,0.011528935,-11.4,0.2,250,0,0,0,0.6,0,0,0,-3.3,0,0,0.184,0,0,3378.1,0.012164352,62.9,0,--.--,225,61.4,46,0000:00:00,57,0,0,0,40,0,0,0,0,0,0,1,187.81,0.469861111,45209,97.39,55.26,--.--
low,0,1283,21.38,15.48,12.39,1566,191.7972,2.28,24.26755744,0.011540509,-9.6,1.1,250,0,0,0,0.6,0,0,-0.1,-3.3,0,0,0.153,0,0,3497.1,0.012175926,147.2,0,--.--,277,138,50,0000:00:00,57,0,0,0,40,0,0,0,0,0,0,1,191.83,0.469872685,45209,97.41,55.26,--.--
low,0,1284,21.4,15.48,12.43,1569,192.4164,2.28,24.32195461,0.011552083,-10.4,1.3,251,0,0,0,0.6,0,0,0,-3.5,0,0,0.116,0,0,3619.8,0.0121875,60.4,0,--.--,221,59.6,49,0000:00:00,57,0,0,0,40,0,0,0,0,0,0,1,192.48,0.469884259,45209,97.41,55.26,--.--
low,0,1285,21.42,15.5,12.26,1573,190.03,2.28,24.34593311,0.011563657,-11.9,0.3,250,0,0,0,0.5,0,0,0,-3.3,0,0,0.153,0,0,3619.8,0.012199074,59.6,0,--.--,220,58.9,48,0000:00:00,57,0,0,0,40,0,0,0,0,0,0,1,189.98,0.469895833,45209,97.45,55.26,--.--
low,0,1286,21.43,15.48,12.72,1576,196.9056,2.29,24.35374039,0.011575231,-11.3,3.9,250,0,0,0,0.5,0,0,-0.1,-3.6,0,0,0.068,0,0,3619.8,0.012210648,58.6,0,--.--,219,58.1,54,0000:00:00,57,0,0,0,40,0,0,0,0,0,0,1,196.88,0.469907407,45209,97.47,55.26,--.--
low,0,1287,21.45,15.47,12.15,1580,187.9605,2.27,24.36025239,0.011586806,-11.4,0.2,251,0,0,0,0.5,0,0,0.1,-3.5,0,0,0.114,0,0,3627.2,0.012222222,57.4,0,--.--,216,57.5,45,0000:00:00,57,0,0,0,40,0,0,0,0,0,0,1,187.92,0.469918981,45209,97.47,55.26,--.--
low,0,1288,21.47,15.48,12.55,1583,194.274,2.29,24.42599883,0.01159838,-10.8,0,251,0,0,0,0.5,0,0,-0.1,-3.3,0,0,0.168,0,0,3627.2,0.012233796,56.2,0,--.--,212,56.9,48,0000:00:00,57,0,0,0,40,0,0,0,0,0,0,1,194.3,0.469930556,45209,97.48,55.26,--.--
low,0,1289,21.48,15.78,12.41,1586,195.8298,2.29,24.53781283,0.011609954,-9.9,1.8,249,0,0,0,0.4,0,0,0,-3.6,0,0,0.06,0,0,3893.4,0.01224537,55.5,0,--.--,209,56.8,51,0000:00:00,57,0,0,0,40,0,0,0,0,0,0,1,195.85,0.46994213,45209,97.5,55.26,--.--
low,0,1290,21.5,15.81,5.46,1588,86.3226,1.94,24.72728675,0.011621528,-9.4,2.2,268,0,0,0,0.3,0,0,0,-3.4,0,0,0.12,0,0,3893.4,0.012256944,54.9,0,--.--,208,56.4,43,0000:00:00,57,0,0,0,40,0,0,0,0,0,0,1,86.31,0.469953704,45209,97.52,55.26,--.--
low,0,1291,21.52,15.79,1.78,1589,28.1062,1.45,24.8259775,0.011633102,-6.4,2.6,275,0,0,0,0.4,0,0,-0.1,-3.6,0,0,0.05,0,0,3893.4,0.012268519,54,0,--.--,205,56,52,0000:00:00,75,0,0,0,40,0,0,0,0,0,0,1,28.1,0.469965278,45209,97.52,55.26,--.--
low,0,1292,21.53,15.84,1.48,1589,23.4432,1.37,24.94886136,0.011644676,-12.2,2.3,274,0,0,0,0.5,0,0,-0.2,-3.5,0,0,0.079,0,0,3893.4,0.012280093,54.1,0,--.--,204,56.2,29,0000:00:00,88,0,0,0,40,0,0,0,0,0,0,1,23.44,0.469976852,45209,97.54,55.26,--.--
low,0,1293,21.55,15.49,15.28,1592,236.6872,2.37,25.07185847,0.01165625,-12.4,1.5,275,0,0,0,0.5,0,0,-0.5,-4.5,0,0,-0.12,0,0,3900.1,0.012291667,53.4,0,--.--,201,56,28,0000:00:00,88,0,0,0,40,0,0,0,0,0,0,1,236.73,0.469988426,45209,97.54,55.29,--.--
low,0,1294,21.57,15.11,26.64,1597,402.5304,2.6,25.25006564,0.011667824,-12.1,0.9,276,0,0,0,0.4,0,0,-0.7,-6.3,0,0,-0.266,0,0,4043,0.012303241,147.2,0,--.--,277,138,15,0000:00:00,97,0,0,0,40,0,0,0,0,0,0,1,402.45,0.47,45209,97.54,55.29,--.--
low,0,1295,21.58,14.43,47.27,1608,682.1061,2.83,25.39585114,0.011679398,-11.7,-1.4,279,0,0,0,0.5,0,0,-0.8,-8.7,0,0,-0.348,0,0,4184.6,0.012314815,53.6,0,--.--,204,55.9,22,0000:00:00,97,0,0,0,40,0,0,0,0,0,0,1,681.92,0.470011574,45209,97.57,55.29,--.--
low,0,1296,21.6,15.01,23.67,1617,355.2867,2.55,25.55928228,0.011690972,-13.4,-0.7,281,0,0,0,0.6,0,0,-0.7,-10.8,0,0,-0.327,0,0,4184.6,0.012326389,53.6,0,--.--,201,56.3,16,0000:00:00,97,0,0,0,40,0,0,0,0,0,0,1,355.24,0.470023148,45209,97.57,55.29,--.--
low,0,1297,21.62,14.89,29.71,1623,442.3819,2.65,25.75780131,0.011702546,-14.7,2.7,281,0,0,0,1,0,0,-0.6,-12.9,0,0,-0.358,0,0,4184.6,0.012337963,53.9,0,--.--,200,56.7,28,0000:00:00,97,0,0,0,40,0,0,0,0,0,0,1,442.32,0.470034722,45209,97.57,55.29,--.--
low,0,1298,21.63,15.02,29.48,1631,442.7896,2.65,25.93995881,0.01171412,-11.2,1.1,281,0,0,0,1.3,0,0,-0.7,-14.9,0,0,-0.377,0,0,4184.6,0.012349537,54.4,0,--.--,200,57.2,15,0000:00:00,97,0,0,0,40,0,0,0,0,0,0,1,442.64,0.470046296,45209,97.61,55.31,--.--
low,0,1299,21.65,14.42,44.49,1641,641.5458,2.81,26.07476564,0.011725694,-11.6,1.7,282,0,0,0,1.8,0,0,-0.8,-17.2,0,0,-0.396,0,0,4184.6,0.012361111,54.6,0,--.--,200,57.4,20,0000:00:00,97,0,0,0,40,0,0,0,0,0,0,1,641.59,0.47005787,45209,97.63,55.31,--.--
low,0,1300,21.67,14.49,36.22,1653,524.8278,2.72,26.08668994,0.011737269,-10.5,2.3,281,0,0,0,2.2,0,0,-0.7,-19.7,0,0,-0.455,0,0,4472.7,0.012372685,54.4,0,--.--,199,57.4,22,0000:00:00,97,0,0,0,40,0,0,0,0,0,0,1,524.79,0.470069444,45209,97.65,55.31,--.--
low,0,1301,21.68,14.27,41.23,1664,588.3521,2.77,26.09288272,0.011748843,-11,2.7,282,0,0,0,2.5,0,0,-0.8,-22,0,0,-0.498,0,0,4472.7,0.012384259,55.1,0,--.--,200,57.9,21,0000:00:00,97,0,0,0,40,0,0,0,0,0,0,1,588.39,0.470081019,45209,97.65,55.29,--.--
low,0,1302,21.7,14.69,48.65,1676,714.6685,2.85,26.10080983,0.011760417,-10.9,3,282,0,0,0,2.9,0,0,-0.8,-24.4,0,0,-0.519,0,0,4472.7,0.012395833,55.2,0,--.--,199,58.2,20,0000:00:00,97,0,0,0,40,0,0,0,0,0,0,1,714.81,0.470092593,45209,97.65,55.29,--.--
low,0,1303,21.72,14.7,44.61,1687,655.767,2.82,26.10940669,0.011771991,-10.1,1.9,281,0,0,0,3.1,0,0,-0.8,-26.8,0,0,-0.526,0,0,4485.7,0.012407407,55.1,0,--.--,206,57,18,0000:00:00,97,0,0,0,40,0,0,0,0,0,0,1,655.63,0.470104167,45209,97.66,55.29,--.--
low,0,1304,21.73,15.29,31.74,1698,485.3046,2.69,26.11844569,0.011783565,-11.1,2.4,280,0,0,0,3.2,0,0,-0.5,-29,0,0,-0.482,0,0,4494.7,0.012418981,55.1,0,--.--,200,58,39,0000:00:00,97,0,0,0,40,0,0,0,0,0,0,1,485.15,0.470115741,45209,97.68,55.26,--.--
low,2,1305,21.75,15.61,2.75,1702,42.9275,1.63,26.12702069,0.011795139,-7.2,1.1,279,0,0,0,2.8,0,0,-0.3,-30.3,0,0,-0.372,0,0,4637.5,0.012430556,147.2,0,--.--,277,138,48,0000:00:00,97,0,0,0,40,0,0,0,0,0,0,1,42.94,0.470127315,45209,97.68,55.26,--.--
low,2,1306,21.77,15.7,1.42,1703,22.294,1.35,26.13293069,0.011806713,-7.5,0.8,278,0,0,0,2.3,0,0,-0.1,-30.8,0,0,-0.298,0,0,4784.6,0.01244213,55.5,0,--.--,197,58.8,60,0000:00:00,97,0,0,0,50,0,0,0,0,0,0,1,22.3,0.470138889,45209,97.7,55.26,--.--
low,2,1307,21.78,15.68,1.82,1703,28.5376,1.46,26.14665075,0.011818287,-10.9,2.5,278,0,0,0,1.9,0,0,0,-30.8,0,0,-0.28,0,0,4784.6,0.012453704,55.6,0,--.--,197,58.9,58,0000:00:00,97,0,0,0,40,0,0,0,0,0,0,1,28.53,0.470150463,45209,97.7,55.24,--.--
low,2,1308,21.8,15.71,1.97,1704,30.9487,1.49,26.15374725,0.011829861,-11.8,1.8,279,0,0,0,1.5,0,0,0,-30.8,0,0,-0.292,0,0,4784.6,0.012465278,55.2,0,--.--,196,58.6,59,0000:00:00,97,0,0,0,40,0,0,0,0,0,0,1,30.95,0.470162037,45209,97.7,55.24,--.--
low,2,1309,21.82,15.72,2.07,1704,32.5404,1.51,26.16050186,0.011841435,-11.6,1.1,279,0,0,0,1.1,0,0,0,-30.8,0,0,-0.269,0,0,4784.6,0.012476852,55,0,--.--,195,58.6,58,0000:00:00,97,0,0,0,30,0,0,0,0,0,0,1,32.54,0.470173611,45209,97.7,55.22,--.--
low,2,1310,21.83,15.75,1.96,1705,30.87,1.49,26.16642311,0.011853009,-10.3,0.7,279,0,0,0,0.9,0,0,0,-30.6,0,0,-0.211,0,0,4784.6,0.012488426,55.1,0,--.--,195,58.6,56,0000:00:00,97,0,0,0,30,0,0,0,0,0,0,1,30.88,0.470185185,45209,97.74,55.22,--.--
low,2,1311,21.85,15.76,1.35,1705,21.276,1.33,26.17471811,0.011864583,-6.7,0.6,279,0,0,0,0.7,0,0,0.1,-30.4,0,0,-0.133,0,0,5081.1,0.0125,54.7,0,--.--,196,58.3,52,0000:00:00,97,0,0,0,30,0,0,0,0,0,0,1,21.27,0.470196759,45209,97.74,55.22,--.--
low,2,1312,21.87,15.73,3.14,1706,49.3922,1.69,26.18069078,0.011876157,-6.4,1,290,0,0,0,0.6,0,0,0,-30.1,0,0,-0.057,0,0,5081.1,0.012511574,54.8,0,--.--,195,58.4,48,0000:00:00,97,0,0,0,30,0,0,0,0,0,0,1,49.4,0.470208333,45209,97.74,55.2,--.--
low,2,1313,21.88,15.77,1.62,1706,25.5474,1.41,26.18607886,0.011887731,-6.9,3.3,307,0,0,0,0.6,0,0,0,-30,0,0,-0.046,0,0,5081.1,0.012523148,54.4,0,--.--,193,58.3,49,0000:00:00,97,0,0,0,30,0,0,0,0,0,0,1,25.55,0.470219907,45209,97.75,55.2,--.--
low,2,1314,21.9,15.79,1.54,1707,24.3166,1.39,26.19223497,0.011899306,-5.2,5.8,325,0,0,0,0.8,0,0,0,-30.1,0,0,-0.003,0,0,5081.1,0.012534722,54.4,0,--.--,195,58.1,50,0000:00:00,97,0,0,0,30,0,0,0,0,0,0,1,24.32,0.470231481,45209,97.75,55.2,--.--
low,2,1315,21.92,15.79,1.35,1707,21.3165,1.33,26.19856297,0.01191088,-5.7,5.2,342,0,0,0,0.9,0,0,0,-30.1,0,0,0.001,0,0,5081.1,0.012546296,54.3,0,--.--,194,58.1,50,0000:00:00,97,0,0,0,30,0,0,0,0,0,0,1,21.32,0.470243056,45209,97.77,55.18,--.--
low,2,1316,21.93,15.8,1.89,1708,29.862,1.48,26.20383964,0.011922454,-4.2,5,348,0,0,0,1,0,0,0,-30,0,0,0.029,0,0,5230.6,0.01255787,147.2,0,--.--,277,138,50,0000:00:00,100,0,0,0,30,0,0,0,0,0,0,1,29.86,0.47025463,45209,97.77,55.18,--.--
low,2,1317,21.95,15.81,1.36,1708,21.5016,1.33,26.20937664,0.011934028,-5.3,4.8,347,0,0,0,1.1,0,0,0,-29.9,0,0,0.057,0,0,5380.7,0.012569444,54,0,--.--,195,57.7,48,0000:00:00,77,0,0,0,30,0,0,0,0,0,0,1,21.51,0.470266204,45209,97.77,55.2,--.--
low,2,1318,21.97,15.77,1.23,1708,19.3971,1.29,26.21460603,0.011945602,-4.5,4.6,0,0,0,0,1.1,0,0,0,-29.9,0,0,0.06,0,0,5380.7,0.012581019,53.8,0,--.--,195,57.5,48,0000:00:00,77,0,0,0,30,0,0,0,0,0,0,1,19.4,0.470277778,45209,97.79,55.18,--.--
low,2,1319,21.98,15.83,1.4,1709,22.162,1.35,26.22041769,0.011957176,-4.2,4.6,12,0,0,0,1.1,0,0,0,-29.9,0,0,0.053,0,0,5380.7,0.012592593,53.6,0,--.--,194,57.4,50,0000:00:00,77,0,0,0,30,0,0,0,0,0,0,1,22.16,0.470289352,45209,97.79,55.18,--.--
low,2,1320,22,15.82,1.44,1709,22.7808,1.36,26.22688569,0.01196875,-3.2,4.5,26,0,0,0,1.1,0,0,0,-29.9,0,0,0.049,0,0,5380.7,0.012604167,53.4,0,--.--,194,57.2,48,0000:00:00,77,0,0,0,30,0,0,0,0,0,0,1,22.79,0.470300926,45209,97.81,55.18,--.--
low,2,1321,22.02,15.83,1.2,1710,18.996,1.28,26.23379369,0.011980324,-3.4,4.1,28,0,0,0,1,0,0,0,-30,0,0,0.037,0,0,5380.7,0.012615741,53.3,0,--.--,196,56.9,49,0000:00:00,77,0,0,0,30,0,0,0,0,0,0,1,19,0.4703125,45209,97.81,55.18,--.--
low,2,1322,22.03,15.82,1.26,1710,19.9332,1.3,26.24477981,0.011991898,-3.3,4.5,27,0,0,0,0.9,0,0,0,-30,0,0,0.027,0,0,5680.5,0.012627315,53.2,0,--.--,195,56.9,49,0000:00:00,77,0,0,0,30,0,0,0,0,0,0,1,19.93,0.470324074,45209,97.83,55.18,--.--
low,2,1323,22.05,15.82,1.19,1710,18.8258,1.27,26.25939481,0.012003472,-3.7,4.2,31,0,0,0,0.8,0,0,0,-30,0,0,0.023,0,0,5680.5,0.012638889,53.1,0,--.--,196,56.6,49,0000:00:00,77,0,30,0,30,0,0,0,0,0,0,1,18.82,0.470335648,45209,97.84,55.17,--.--
low,2,1324,22.07,15.85,1.32,1710,20.922,1.32,26.28617203,0.012015046,-3.3,4.9,32,0,0,0,0.8,0,0,0,-30,0,0,0.028,0,0,5680.5,0.012650463,52.6,0,--.--,194,56.4,49,0000:00:00,77,0,30,0,30,0,0,0,0,0,0,1,20.92,0.470347222,45209,97.84,55.17,--.--
low,2,1325,22.08,15.84,1.47,1711,23.2848,1.37,26.30055847,0.01202662,-3.5,4.6,32,0,0,0,0.8,0,0,0,-30,0,0,0.023,0,0,5680.5,0.012662037,52.6,0,--.--,195,56.3,49,0000:00:00,77,0,50,0,30,0,0,0,0,0,0,1,23.29,0.470358796,45209,97.86,55.17,--.--
low,2,1326,22.1,15.84,1.57,1711,24.8688,1.4,26.31464681,0.012038194,-3.4,4.5,32,0,0,0,0.7,0,0,0,-30,0,0,0.014,0,0,5680.5,0.012673611,52.4,0,--.--,193,56.3,49,0000:00:00,77,0,60,0,30,0,0,0,0,0,0,1,24.87,0.47037037,45209,97.86,55.17,--.--
low,2,1327,22.12,15.82,2.5,1712,39.55,1.6,26.33841658,0.012049769,-3,4.8,32,0,0,0,0.7,0,0,0,-30.1,0,0,0.007,0,0,5830.3,0.012685185,147.2,0,--.--,277,138,49,0000:00:00,77,0,80,0,30,0,0,0,0,0,0,1,39.55,0.470381944,45209,97.86,55.17,--.--
low,2,1328,22.13,15.8,3.33,1713,52.614,1.72,26.36246583,0.012061343,-2.9,5.2,31,0,0,0,0.6,0,0,0,-30.1,0,0,0.007,0,0,5979.9,0.012696759,52.1,0,--.--,194,56,47,0000:00:00,77,0,80,0,30,0,0,0,0,0,0,1,52.6,0.470393519,45209,97.9,55.17,--.--
low,2,1329,22.15,15.7,6.14,1714,96.398,1.98,26.38747092,0.012072917,-2.9,5.6,29,0,0,0,0.5,0,0,0,-30.1,0,0,0.005,0,0,5979.9,0.012708333,51.9,0,--.--,194,55.8,49,0000:00:00,77,0,80,0,30,0,0,0,0,0,0,1,96.42,0.470405093,45209,97.9,55.17,--.--
low,2,1330,22.17,15.79,3.28,1715,51.7912,1.71,26.41928675,0.012084491,-3.8,4.4,30,0,0,0,0.6,0,0,0,-30.1,0,0,0.008,0,0,5979.9,0.012719907,51.9,0,--.--,193,55.8,49,0000:00:00,92,0,80,0,30,0,0,0,0,0,0,1,51.78,0.470416667,45209,97.92,55.15,--.--
low,2,1331,22.18,15.8,3.21,1716,50.718,1.71,26.43723564,0.012096065,-3.6,5.1,29,0,0,0,0.6,0,0,0,-30,0,0,0.022,0,0,5979.9,0.012731481,52.5,0,--.--,195,56.1,49,0000:00:00,87,0,80,0,30,0,0,0,0,0,0,1,50.71,0.470428241,45209,97.92,55.17,--.--
low,2,1332,22.2,15.73,5.44,1717,85.5712,1.93,26.45354164,0.012107639,-2.3,6.8,23,0,0,0,0.6,0,0,0,-30,0,0,0.032,0,0,5979.9,0.012743056,52.6,0,--.--,194,56.4,48,0000:00:00,87,0,80,0,30,0,0,0,0,0,0,1,85.58,0.470439815,45209,97.93,55.15,--.--
low,2,1333,22.22,15.77,5.49,1719,86.5773,1.94,26.47391122,0.012119213,-4.6,6.4,15,0,0,0,0.7,0,0,0,-30,0,0,0.023,0,0,6279.1,0.01275463,52.7,0,--.--,195,56.4,49,0000:00:00,87,0,80,0,30,0,0,0,0,0,0,1,86.58,0.470451389,45209,97.95,55.13,--.--
low,2,1334,22.23,15.71,5.73,1721,90.0183,1.95,26.49647108,0.012130787,-4,6.3,16,0,0,0,0.6,0,0,0,-30,0,0,0.02,0,0,6279.1,0.012766204,53.3,0,--.--,195,57,48,0000:00:00,87,0,80,0,30,0,0,0,0,0,0,1,90.02,0.470462963,45209,97.95,55.15,--.--
low,2,1335,22.25,15.69,7.3,1722,114.537,2.06,26.51822619,0.012142361,-6.2,7.2,17,0,0,0,0.7,0,0,0,-29.9,0,0,0.012,0,0,6279.1,0.012777778,53.4,0,--.--,196,57,45,0000:00:00,87,0,80,0,30,0,0,0,0,0,0,1,114.55,0.470474537,45209,97.95,55.13,--.--
low,2,1336,22.27,15.76,4.1,1725,64.616,1.81,26.53951569,0.012153935,-6.2,3.1,17,0,0,0,0.8,0,0,0,-29.8,0,0,0.016,0,0,6279.1,0.012789352,54.2,0,--.--,196,57.7,49,0000:00:00,84,0,80,0,30,0,0,0,0,0,0,1,64.6,0.470486111,45209,97.97,55.13,--.--
low,2,1337,22.28,15.78,3.72,1726,58.7016,1.77,26.57055847,0.012165509,-4.9,4.7,17,0,0,0,0.9,0,0,0,-29.8,0,0,0.027,0,0,6279.1,0.012800926,54.2,0,--.--,194,58,49,0000:00:00,74,0,80,0,30,0,0,0,0,0,0,1,58.69,0.470497685,45209,97.99,55.13,--.--
low,2,1338,22.3,15.77,4.65,1727,73.3305,1.87,26.60126069,0.012177083,-3.1,6.2,16,0,0,0,1,0,0,0,-29.9,0,0,0.013,0,0,6428.7,0.0128125,147.2,0,--.--,277,138,49,0000:00:00,74,0,80,0,30,0,0,0,0,0,0,1,73.31,0.470509259,45209,97.99,55.11,--.--
low,2,1339,22.32,15.77,5.15,1728,81.2155,1.91,26.63054239,0.012188657,-4.5,5.5,16,0,0,0,1,0,0,0,-29.9,0,0,0.001,0,0,6579.6,0.012824074,55,0,--.--,194,58.8,49,0000:00:00,74,0,80,0,30,0,0,0,0,0,0,1,81.19,0.470520833,45209,97.99,55.11,--.--
low,2,1340,22.33,15.79,4.96,1730,78.3184,1.89,26.64445517,0.012200231,-4.3,5.1,16,0,0,0,1.1,0,0,0,-29.9,0,0,-0.009,0,0,6579.6,0.012835648,55.8,0,--.--,195,59.5,49,0000:00:00,74,0,80,0,30,0,0,0,0,0,0,1,78.32,0.470532407,45209,98.02,55.11,--.--
low,2,1341,22.35,15.77,4.86,1731,76.6422,1.88,26.65920183,0.012211806,-4.4,5.3,16,0,0,0,1.1,0,0,0,-29.9,0,0,-0.011,0,0,6579.6,0.012847222,56.1,0,--.--,195,59.8,49,0000:00:00,74,0,80,0,30,0,0,0,0,0,0,1,76.62,0.470543981,45209,98.02,55.11,--.--
low,2,1342,22.37,15.74,7.1,1733,111.754,2.05,26.67381683,0.01222338,-4.3,5.5,16,0,0,0,1.2,0,0,0,-29.9,0,0,-0.008,0,0,6579.6,0.012858796,57.3,0,--.--,196,60.8,49,0000:00:00,74,0,80,0,30,0,0,0,0,0,0,1,111.75,0.470555556,45209,98.02,55.11,--.--
low,2,1343,22.38,15.7,7.04,1735,110.528,2.04,26.68786128,0.012234954,-5.1,4.8,17,0,0,0,1.1,0,0,0,-29.9,0,0,-0.004,0,0,6579.6,0.01287037,57.7,0,--.--,195,61.2,49,0000:00:00,74,0,80,0,30,0,0,0,0,0,0,1,110.52,0.47056713,45209,98.02,55.11,--.--
low,2,1344,22.4,15.71,6.71,1737,105.4141,2.02,26.70339794,0.012246528,-4.2,5.7,17,0,0,0,1.1,0,0,0,-30,0,0,-0.012,0,0,6881.4,0.012881944,58.5,0,--.--,195,62.1,50,0000:00:00,74,0,80,0,30,0,0,0,0,0,0,1,105.44,0.470578704,45209,98.06,55.11,--.--
low,2,1345,22.42,15.8,3.17,1738,50.086,1.7,26.71783739,0.012258102,-4.1,5,18,0,0,0,1.2,0,0,0,-30,0,0,-0.021,0,0,6881.4,0.012893519,59.3,0,--.--,195,62.9,50,0000:00:00,89,0,80,0,30,0,0,0,0,0,0,1,50.08,0.470590278,45209,98.06,55.11,--.--
low,2,1346,22.43,15.8,3.36,1739,53.088,1.72,26.7489985,0.012269676,-3.3,5.9,19,0,0,0,1.3,0,0,0,-29.9,0,0,-0.009,0,0,6881.4,0.012905093,60.1,0,--.--,196,63.6,50,0000:00:00,59,0,80,0,30,0,0,0,0,0,0,1,53.09,0.470601852,45209,98.08,55.09,--.--
low,2,1347,22.45,15.8,3.33,1740,52.614,1.72,26.7773125,0.01228125,-3.6,5.6,19,0,0,0,1.3,0,0,0,-29.9,0,0,0.003,0,0,6881.4,0.012916667,60.4,0,--.--,196,63.8,49,0000:00:00,69,0,80,0,30,0,0,0,0,0,0,1,52.63,0.470613426,45209,98.08,55.09,--.--
low,2,1348,22.47,15.8,3.2,1740,50.56,1.7,26.79100583,0.012292824,-4,5.4,22,0,0,0,1.3,0,0,0,-29.9,0,0,0.008,0,0,6881.4,0.012928241,60.5,0,--.--,196,63.8,49,0000:00:00,87,0,80,0,30,0,0,0,0,0,0,1,50.56,0.470625,45209,98.1,55.11,--.--
low,2,1349,22.48,15.8,3.54,1741,55.932,1.75,26.80769575,0.012304398,-4.3,3.8,39,0,0,0,1.3,0,0,0,-29.9,0,0,0.008,0,0,6881.4,0.012939815,60.5,0,--.--,196,64,49,0000:00:00,87,0,80,0,30,0,0,0,0,0,0,1,55.92,0.470636574,45209,98.1,55.11,--.--
low,2,1350,22.5,15.8,3.29,1742,51.982,1.72,26.82358353,0.012315972,-3.6,4.9,39,0,0,0,1.3,0,0,0,-29.9,0,0,0.015,0,0,7184.2,0.012951389,59.9,0,--.--,194,63.6,49,0000:00:00,87,0,80,0,30,0,0,0,0,0,0,1,52,0.470648148,45209,98.1,55.09,--.--
low,2,1351,22.52,15.8,7.1,1743,112.18,2.05,26.85592964,0.012327546,-3.9,5.5,36,0,0,0,1.1,0,0,0,-29.9,0,0,0.017,0,0,7184.2,0.012962963,59.9,0,--.--,194,63.6,48,0000:00:00,87,0,80,0,30,0,0,0,0,0,0,1,112.19,0.470659722,45209,98.11,55.09,--.--
low,2,1352,22.53,15.73,6.48,1745,101.9304,2.01,26.86954381,0.01233912,-4.3,3.3,36,0,0,0,0.9,0,0,0,-29.9,0,0,0.013,0,0,7184.2,0.012974537,60.2,0,--.--,195,63.8,49,0000:00:00,87,0,80,0,30,0,0,0,0,0,0,1,101.94,0.470671296,45209,98.13,55.09,--.--
low,2,1353,22.55,15.8,3.12,1746,49.296,1.69,26.88481714,0.012350694,-4,2.4,45,0,0,0,1,0,0,0,-29.9,0,0,-0.004,0,0,7184.2,0.012986111,61,0,--.--,195,64.5,50,0000:00:00,87,0,80,0,30,0,0,0,0,0,0,1,49.3,0.47068287,45209,98.13,55.09,--.--
low,2,1354,22.57,15.77,3.81,1748,60.0837,1.78,26.89909006,0.012362269,-3.1,3,60,0,0,0,0.9,0,0,0,-29.9,0,0,0.002,0,0,7184.2,0.012997685,60.9,0,--.--,195,64.5,50,0000:00:00,87,0,80,0,30,0,0,0,0,0,0,1,60.08,0.470694444,45209,98.13,55.09,--.--
low,2,1355,22.58,15.8,3.62,1749,57.196,1.76,26.91301164,0.012373843,-3.1,3.9,70,0,0,0,0.8,0,0,0,-29.8,0,0,0.032,0,0,7336.2,0.013009259,147.2,0,--.--,277,138,48,0000:00:00,87,0,80,0,30,0,0,0,0,0,0,1,57.2,0.470706019,45209,98.15,55.11,--.--
low,2,1356,22.6,15.8,7.37,1750,116.446,2.07,26.92732847,0.012385417,-5,3.3,72,0,0,0,0.7,0,0,0,-29.6,0,0,0.042,0,0,7487.1,0.013020833,61,0,--.--,196,64.5,42,0000:00:00,87,0,80,0,30,0,0,0,0,0,0,1,116.45,0.470717593,45209,98.15,55.11,--.--
low,2,1357,22.62,15.81,3.1,1751,49.011,1.69,26.94208447,0.012396991,-5.2,4.9,66,0,0,0,0.6,0,0,0,-29.6,0,0,0.049,0,0,7487.1,0.013032407,60.7,0,--.--,195,64.3,47,0000:00:00,87,0,80,0,30,0,0,0,0,0,0,1,49,0.470729167,45209,98.15,55.09,--.--
low,2,1358,22.63,15.8,3.48,1752,54.984,1.74,26.95719181,0.012408565,-4.3,3.7,65,0,0,0,0.5,0,0,0,-29.7,0,0,0.032,0,0,7487.1,0.013043981,61.3,0,--.--,196,64.7,49,0000:00:00,87,0,80,0,30,0,0,0,0,0,0,1,54.99,0.470740741,45209,98.19,55.11,--.--
low,2,1359,22.65,15.81,3.25,1753,51.3825,1.71,26.97146472,0.012420139,-4.3,3.9,76,0,0,0,0.5,0,0,0,-29.7,0,0,0.031,0,0,7487.1,0.013055556,60.9,0,--.--,195,64.6,48,0000:00:00,87,0,80,0,30,0,0,0,0,0,0,1,51.39,0.470752315,45209,98.19,55.11,--.--
low,2,1360,22.67,15.81,3.17,1754,50.1177,1.7,26.98525456,0.012431713,-3.1,4.8,72,0,0,0,0.4,0,0,0,-29.7,0,0,0.018,0,0,7487.1,0.01306713,61,0,--.--,196,64.5,48,0000:00:00,87,0,80,0,30,0,0,0,0,0,0,1,50.11,0.470763889,45209,98.19,55.11,--.--
low,2,1361,22.68,15.81,3.26,1755,51.5406,1.71,26.99909706,0.012443287,-3.5,3.6,70,0,0,0,0.4,0,0,0,-29.8,0,0,0.003,0,0,7789.7,0.013078704,61,0,--.--,195,64.6,49,0000:00:00,87,0,80,0,30,0,0,0,0,0,0,1,51.54,0.470775463,45209,98.2,55.09,--.--
low,2,1362,22.7,15.81,3.36,1756,53.1216,1.73,27.01482917,0.012454861,-3.6,3.8,70,0,0,0,0.3,0,0,0,-29.8,0,0,-0.002,0,0,7789.7,0.013090278,60.7,0,--.--,196,64.2,49,0000:00:00,87,0,80,0,30,0,0,0,0,0,0,1,53.13,0.470787037,45209,98.2,55.09,--.--
low,2,1363,22.72,15.81,3.44,1757,54.3864,1.74,27.03012183,0.012466435,-3.8,3.7,70,0,0,0,0.3,0,0,0,-29.8,0,0,-0.009,0,0,7789.7,0.013101852,60.9,0,--.--,195,64.4,49,0000:00:00,87,0,80,0,30,0,0,0,0,0,0,1,54.38,0.470798611,45209,98.2,55.11,--.--
low,2,1364,22.73,15.81,3.25,1758,51.3825,1.71,27.04439475,0.012478009,-3.6,4,70,0,0,0,0.3,0,0,0,-29.8,0,0,-0.01,0,0,7789.7,0.013113426,60.8,0,--.--,196,64.1,49,0000:00:00,87,0,80,0,30,0,0,0,0,0,0,1,51.38,0.470810185,45209,98.22,55.11,--.--
low,2,1365,22.75,15.81,3.14,1759,49.6434,1.7,27.05942375,0.012489583,-3.7,3.9,70,0,0,0,0.4,0,0,0,-29.8,0,0,-0.014,0,0,7789.7,0.013125,60.8,0,--.--,195,64.4,49,0000:00:00,87,0,80,0,30,0,0,0,0,0,0,1,49.63,0.470821759,45209,98.24,55.11,--.--
low,2,1366,22.77,15.82,3.15,1760,49.833,1.7,27.07607869,0.012502315,-3.8,4,70,0,0,0,0.4,0,0,0,-29.8,0,0,-0.014,0,0,8093.2,0.013136574,60.8,0,--.--,195,64.4,49,0000:00:00,87,0,80,0,30,0,0,0,0,0,0,1,49.83,0.470833333,45209,98.26,55.13,--.--
low,2,1367,22.78,15.82,3.58,1761,56.6356,1.75,27.09158128,0.012513889,-3.8,3.7,70,0,0,0,0.4,0,0,0,-29.8,0,0,-0.01,0,0,8093.2,0.013148148,60.2,0,--.--,195,63.8,49,0000:00:00,87,0,80,0,30,0,0,0,0,0,0,1,56.62,0.470844907,45209,98.26,55.11,--.--
low,2,1368,22.8,15.82,3.48,1762,55.0536,1.74,27.10625872,0.012525463,-4,3.8,70,0,0,0,0.5,0,0,0,-29.8,0,0,0,0,0,8093.2,0.013159722,60.2,0,--.--,194,64,49,0000:00:00,87,0,80,0,30,0,0,0,0,0,0,1,55.05,0.470856481,45209,98.26,55.11,--.--
low,2,1369,22.82,15.81,3.25,1763,51.3825,1.71,27.12270433,0.012537037,-4.1,3.9,70,0,0,0,0.5,0,0,0,-29.8,0,0,0.002,0,0,8093.2,0.013171296,60.1,0,--.--,194,63.8,49,0000:00:00,87,0,80,0,30,0,0,0,0,0,0,1,51.39,0.470868056,45209,98.28,55.11,--.--
low,2,1370,22.83,15.82,3.42,1764,54.1044,1.73,27.13890958,0.012548611,-4,3.6,70,0,0,0,0.5,0,0,0,-29.8,0,0,-0.006,0,0,8093.2,0.01318287,60.4,0,--.--,195,63.9,50,0000:00:00,87,0,80,0,30,0,0,0,0,0,0,1,54.1,0.47087963,45209,98.28,55.11,--.--
low,2,1371,22.85,15.82,3.79,1764,59.9578,1.78,27.15292786,0.012559028,-4,3.7,70,0,0,0,0.6,0,0,0,-29.8,0,0,-0.009,0,0,8093.2,0.013194444,60.6,0,--.--,196,64,50,0000:00:00,87,0,80,0,30,0,0,0,0,0,0,1,59.97,0.470891204,45209,98.28,55.11,--.--
low,2,1372,22.87,15.81,3.53,1765,55.8093,1.75,27.16808869,0.012571759,-4,3.8,71,0,0,0,0.6,0,0,0,-29.8,0,0,-0.004,0,0,8397.1,0.013206019,59.7,0,--.--,195,63.3,49,0000:00:00,87,0,80,0,30,0,0,0,0,0,0,1,55.81,0.470902778,45209,98.29,55.11,--.--
low,2,1373,22.88,15.82,3.34,1766,52.8388,1.72,27.18481036,0.012582176,-4,3.6,71,0,0,0,0.6,0,0,0,-29.8,0,0,-0.002,0,0,8397.1,0.013217593,60.2,0,--.--,196,63.7,49,0000:00:00,87,0,80,0,30,0,0,0,0,0,0,1,52.85,0.470914352,45209,98.29,55.11,--.--
low,2,1374,22.9,15.83,3.74,1767,59.2042,1.77,27.19873194,0.012594907,-4,3.8,71,0,0,0,0.6,0,0,0,-29.8,0,0,-0.006,0,0,8397.1,0.013229167,59.6,0,--.--,195,63.2,50,0000:00:00,87,0,80,0,30,0,0,0,0,0,0,1,59.2,0.470925926,45209,98.29,55.11,--.--
low,2,1375,22.92,15.81,3.69,1768,58.3389,1.77,27.214474,0.012606481,-4.1,3.7,71,0,0,0,0.6,0,0,0,-29.8,0,0,-0.002,0,0,8397.1,0.013240741,60,0,--.--,196,63.5,49,0000:00:00,87,0,80,0,30,0,0,0,0,0,0,1,58.33,0.4709375,45209,98.31,55.11,--.--
low,2,1376,22.93,15.82,3.19,1769,50.4658,1.7,27.23084456,0.012618056,-4,3.6,71,0,0,0,0.1,0,0,0,-29.7,-29.2,-8.9,-8.896,0,1.9,8549.4,0.013252315,147.4,0,--.--,278,138.3,49,0000:00:00,87,0,80,0,30,0,0,6.23,0,0,0,1,50.46,0.470949074,45209,98.31,55.13,--.--
low,2,1377,22.95,15.82,3.45,1770,54.579,1.74,27.24423914,0.01262963,-4.1,3.6,71,0,0,0,0,0,0,0,-29.7,-29.2,-8.9,-8.892,0,1.96,8549.4,0.013263889,147.3,0,--.--,278,138.1,49,0000:00:00,87,0,80,0,30,0,0,6.43,0,0,0,1,54.59,0.470960648,45209,98.31,55.11,--.--
low,2,1378,22.97,15.8,3.81,1771,60.198,1.78,27.25922419,0.012641204,-4.1,3.6,71,0,0,0,0,0,0,0,-29.8,-29.2,-8.91,-8.91,0,1.99,8549.4,0.013275463,147.2,0,--.--,278,138,50,0000:00:00,87,0,80,0,30,0,0,6.53,0,0,0,1,60.2,0.470972222,45209,98.31,55.13,--.--
low,2,1379,22.98,15.81,3.17,1772,50.1177,1.7,27.27448256,0.012652778,-4,3.6,71,0,0,0,0,0,0,0,-29.8,-29.2,-8.91,-8.917,0,1.99,8549.4,0.013287037,147.1,0,--.--,278,137.9,50,0000:00:00,87,0,80,0,30,0,0,6.53,0,0,0,1,50.13,0.470983796,45209,98.31,55.13,--.--
low,2,1380,23,15.83,3.58,1773,56.6714,1.75,27.28871156,0.012664352,-4,3.6,71,0,0,0,0,0,0,0,-29.8,-29.2,-8.91,-8.913,0,2.01,8549.4,0.013298611,147,0,--.--,278,137.9,49,0000:00:00,87,0,80,0,30,0,0,6.59,0,0,0,1,56.66,0.47099537,45209,98.35,55.13,--.--
low,2,1381,23.02,15.8,3.73,1774,58.934,1.77,27.30215856,0.012675926,-4.1,3.6,71,0,0,0,0,0,0,0,-29.8,-29.2,-8.9,-8.898,0,2.02,8549.4,0.013310185,147,0,--.--,278,137.8,49,0000:00:00,87,0,80,0,30,0,0,6.63,0,0,0,1,58.95,0.471006944,45209,98.35,55.11,--.--
low,2,1382,23.03,15.81,3.05,1775,48.2205,1.68,27.31780278,0.0126875,-3.9,3.8,71,0,0,0,0,0,0,0,-29.7,-29.2,-8.9,-8.893,0,2.05,8549.4,0.013321759,146.9,0,--.--,278,137.7,51,0000:00:00,87,0,80,0,30,0,0,6.73,0,0,0,1,48.22,0.471018519,45209,98.37,55.11,--.--
low,2,1383,23.05,15.82,3.41,1776,53.9462,1.73,27.33243628,0.012699074,-8.9,2.9,69,0,0,0,0,0,0,0.1,-29.7,-29.1,-8.87,-8.875,0,2.05,8549.4,0.013333333,146.9,0,--.--,278,137.7,65,0000:00:00,87,0,80,0,30,0,0,6.73,0,0,0,1,53.95,0.471030093,45209,98.37,55.11,--.--
low,2,1384,23.07,15.83,3.47,1777,54.9301,1.74,27.34965161,0.012710648,-4.5,3.9,71,0,0,0,0,0,0,0,-29.5,-28.9,-8.81,-8.785,0,2.18,8549.4,0.013344907,146.8,0,--.--,278,137.7,47,0000:00:00,87,0,80,0,30,0,0,7.15,0,0,0,1,54.93,0.471041667,45209,98.38,55.13,--.--
low,2,1385,23.08,15.81,3.24,1778,51.2244,1.71,27.37209303,0.012722222,-4.7,3.6,71,0,0,0,0,0,0,0,-29.4,-28.8,-8.79,-8.741,0,2.14,8549.4,0.013356481,146.8,0,--.--,278,137.6,46,0000:00:00,87,0,80,0,20,0,0,7.02,0,0,0,1,51.23,0.471053241,45209,98.38,55.11,--.--
low,2,1386,23.1,15.82,3.06,1779,48.4092,1.68,27.39444803,0.012733796,-3.7,3.7,71,0,0,0,0,0,0,0,-29.4,-28.9,-8.81,-8.75,0,2.15,8549.4,0.013368056,146.7,0,--.--,278,137.6,48,0000:00:00,87,0,80,0,20,0,0,7.05,0,0,0,1,48.42,0.471064815,45209,98.4,55.11,--.--
low,2,1387,23.12,15.82,3.56,1780,56.3192,1.75,27.41988469,0.01274537,-3.1,3.8,71,0,0,0,0,0,0,0,-29.5,-29,-8.84,-8.808,0,2.09,8549.4,0.01337963,146.7,0,--.--,278,137.5,49,0000:00:00,87,0,80,0,20,0,0,6.86,0,0,0,1,56.33,0.471076389,45209,98.4,55.13,--.--
low,2,1388,23.13,15.82,3.33,1781,52.6806,1.72,27.43472853,0.012756944,-2.8,4.2,71,0,0,0,0,0,0,0,-29.6,-29,-8.85,-8.847,0,2.07,8549.4,0.013391204,146.7,0,--.--,278,137.5,49,0000:00:00,87,0,80,0,20,0,0,6.79,0,0,0,1,52.68,0.471087963,45209,98.42,55.11,--.--
low,2,1389,23.15,15.81,3.92,1782,61.9752,1.79,27.45106553,0.012768519,-2.9,4.2,72,0,0,0,0,0,0,0,-29.6,-29.1,-8.86,-8.866,0,2.08,8549.4,0.013402778,146.8,0,--.--,278,141.7,49,0000:00:00,87,0,80,0,20,0,0,6.82,0,0,0,1,61.97,0.471099537,45209,98.42,55.11,--.--
low,2,1390,23.17,15.81,5.11,1782,80.7891,1.91,27.46665594,0.012780093,-6.1,4,71,0,0,0,0.1,0,0,0,-29.6,-29,-8.85,-8.87,0,2.05,8549.4,0.013414352,146.9,0,--.--,278,141.8,47,0000:00:00,87,0,80,0,20,0,0,6.73,0,0,0,1,80.81,0.471111111,45209,98.44,55.13,--.--
low,2,1391,23.18,15.78,5.1,1784,80.478,1.91,27.48128019,0.012791667,-3.7,3.4,71,0,0,0,0.1,0,0,0,-29.5,-29,-8.83,-8.839,0,2.05,8549.4,0.013425926,147.2,0,--.--,278,142.1,48,0000:00:00,87,0,80,0,20,0,0,6.73,0,0,0,1,80.49,0.471122685,45209,98.47,55.11,--.--
low,2,1392,23.2,15.6,5.87,1785,91.572,1.96,27.49688047,0.012803241,-4.1,3.5,71,0,0,0,0.1,0,0,0,-29.4,-28.9,-8.8,-8.773,0,2.05,8549.4,0.0134375,147.4,0,--.--,278,142.4,47,0000:00:00,87,0,80,0,20,0,0,6.73,0,0,0,1,91.59,0.471134259,45209,98.47,55.13,--.--
low,2,1393,23.22,15.81,3.38,1786,53.4378,1.73,27.51265653,0.012814815,-5,3.2,70,0,0,0,0.1,0,0,0,-29.4,-28.8,-8.79,-8.75,0,2.03,8549.4,0.013449074,147.7,0,--.--,277,142.2,47,0000:00:00,87,0,80,0,20,0,0,6.66,0,0,0,1,53.43,0.471145833,45209,98.47,55.11,--.--
low,2,1394,23.23,15.81,3.72,1787,58.8132,1.77,27.52899353,0.012826389,-3.8,3.9,71,0,0,0,0.1,0,0,0,-29.4,-28.9,-8.81,-8.772,0,1.99,8549.4,0.013460648,147.9,0,--.--,277,142.4,48,0000:00:00,87,0,80,0,20,0,0,6.53,0,0,0,1,58.82,0.471157407,45209,98.47,55.11,--.--
low,2,1395,23.25,15.81,3.55,1788,56.1255,1.75,27.54439853,0.012837963,-3.5,3.8,71,0,0,0,0.1,0,0,0,-29.5,-29,-8.83,-8.815,0,1.83,8549.4,0.013472222,148.1,0,--.--,277,142.6,49,0000:00:00,87,0,80,0,20,0,0,6,0,0,0,1,56.13,0.471168981,45209,98.51,55.11,--.--
low,2,1396,23.27,15.81,3.33,1789,52.6473,1.72,27.56115347,0.012849537,-3.3,4.1,71,0,0,0,0.1,0,0,0,-29.5,-29,-8.84,-8.846,0,1.83,8549.4,0.013483796,148.3,0,--.--,277,142.8,49,0000:00:00,87,0,80,0,20,0,0,6,0,0,0,1,52.66,0.471180556,45209,98.51,55.13,--.--
low,2,1397,23.28,15.82,3.55,1790,56.161,1.75,27.57827014,0.012861111,-3.5,3.9,70,0,0,0,0,0,0,0,-29.5,-29,-8.83,-8.835,0,1.81,8549.4,0.01349537,148.4,0,--.--,277,142.9,49,0000:00:00,87,0,80,0,20,0,0,5.94,0,0,0,1,56.15,0.47119213,45209,98.51,55.11,--.--
low,2,1398,23.3,15.82,3.59,1791,56.7938,1.75,27.59771292,0.012872685,-3.1,4.1,71,0,0,0,0.1,0,0,0,-29.5,-29,-8.84,-8.836,0,1.85,8549.4,0.013506944,148.6,0,--.--,277,143.1,49,0000:00:00,87,0,80,0,20,0,0,6.07,0,0,0,1,56.78,0.471203704,45209,98.53,55.11,--.--
low,2,1399,23.32,15.81,3.72,1792,58.8132,1.77,27.61627792,0.012884259,-3.2,4.1,71,0,0,0,0.1,0,0,0,-29.5,-29,-8.84,-8.85,0,1.81,8549.4,0.013518519,148.7,0,--.--,277,143.3,49,0000:00:00,87,0,80,0,20,0,0,5.94,0,0,0,1,58.81,0.471215278,45209,98.53,55.11,--.--
low,2,1400,23.33,15.8,3.51,1793,55.458,1.74,27.63500661,0.012895833,-3.1,4.4,71,0,0,0,0.1,0,0,0,-29.5,-29,-8.84,-8.851,0,1.84,8549.4,0.013530093,149,0,--.--,277,143.5,49,0000:00:00,87,0,80,0,20,0,0,6.04,0,0,0,1,55.47,0.471226852,45209,98.53,55.11,--.--
low,2,1401,23.35,15.79,3.82,1794,60.3178,1.78,27.65171769,0.012907407,-3.2,3.5,71,0,0,0,0.1,0,0,0,-29.5,-29,-8.84,-8.848,0,1.71,8549.4,0.013541667,149.3,0,--.--,277,143.8,49,0000:00:00,87,0,80,0,20,0,0,5.61,0,0,0,1,60.32,0.471238426,45209,98.55,55.11,--.--
low,2,1402,23.37,15.8,3.9,1796,61.62,1.79,27.66869194,0.012918981,-3.9,2.6,70,0,0,0,0.1,0,0,0,-29.5,-29,-8.83,-8.833,0,1.81,8549.4,0.013553241,149.6,0,--.--,277,144.1,49,0000:00:00,87,0,80,0,20,0,0,5.94,0,0,0,1,61.64,0.47125,45209,98.56,55.11,--.--
low,2,1403,23.38,15.8,4.43,1797,69.994,1.85,27.68549075,0.012930556,-3.4,3,72,0,0,0,0.1,0,0,0,-29.5,-29,-8.83,-8.832,0,1.65,8549.4,0.013564815,149.9,0,--.--,277,148.5,50,0000:00:00,87,0,80,0,20,0,0,5.41,0,0,0,1,69.98,0.471261574,45209,98.56,55.11,--.--
low,2,1404,23.4,15.8,4.23,1798,66.834,1.82,27.70344131,0.01294213,-3.1,2.7,70,0,0,0,0.1,0,0,0,-29.5,-29,-8.83,-8.833,0,1.7,8549.4,0.013576389,150.3,0,--.--,277,148.9,49,0000:00:00,87,0,80,0,20,0,0,5.58,0,0,0,1,66.82,0.471273148,45209,98.56,55.09,--.--
low,2,1405,23.42,15.79,4.27,1799,67.4233,1.83,27.72159981,0.012953704,-3.4,2.7,71,0,0,0,0.1,0,0,0,-29.5,-29,-8.83,-8.833,0,1.75,8549.4,0.013587963,150.6,0,--.--,277,149.1,49,0000:00:00,87,0,80,0,20,0,0,5.74,0,0,0,1,67.42,0.471284722,45209,98.58,55.11,--.--
low,2,1406,23.43,15.79,3.81,1800,60.1599,1.78,27.74089869,0.012965278,-3.1,2.8,71,0,0,0,0.1,0,0,0,-29.5,-29,-8.83,-8.834,0,1.65,8549.4,0.013599537,150.9,0,--.--,277,149.4,49,0000:00:00,87,0,80,0,20,0,0,5.41,0,0,0,1,60.17,0.471296296,45209,98.6,55.09,--.--
low,2,1407,23.45,15.79,3.87,1801,61.1073,1.79,27.75904569,0.012976852,-3.2,3.1,71,0,0,0,0.1,0,0,0,-29.5,-29,-8.84,-8.847,0,1.69,8549.4,0.013611111,151.2,0,--.--,277,149.7,49,0000:00:00,87,0,80,0,20,0,0,5.54,0,0,0,1,61.11,0.47130787,45209,98.6,55.09,--.--
low,2,1408,23.47,15.79,3.83,1802,60.4757,1.78,27.77850769,0.012988426,-3.5,3.1,72,0,0,0,0.1,0,0,0,-29.5,-29,-8.84,-8.848,0,1.57,8549.4,0.013622685,151.5,0,--.--,277,150,49,0000:00:00,87,0,80,0,20,0,0,5.15,0,0,0,1,60.47,0.471319444,45209,98.6,55.09,--.--
low,2,1409,23.48,15.8,4.09,1804,64.622,1.81,27.79897786,0.013,-3.8,2.2,71,0,0,0,0.1,0,0,0,-29.5,-29,-8.84,-8.85,0,1.57,8549.4,0.013634259,151.7,0,--.--,277,150.2,49,0000:00:00,87,0,80,0,20,0,0,5.15,0,0,0,1,64.63,0.471331019,45209,98.6,55.11,--.--
low,2,1410,23.5,15.79,4.14,1805,65.3706,1.82,27.81962336,0.013011574,-3.9,2.6,73,0,0,0,0.1,0,0,0,-29.5,-29,-8.84,-8.848,0,1.57,8549.4,0.013645833,152,0,--.--,277,150.4,49,0000:00:00,87,0,80,0,20,0,0,5.15,0,0,0,1,65.37,0.471342593,45209,98.6,55.09,--.--
low,2,1411,23.52,15.79,4.4,1806,69.476,1.84,27.83951108,0.013023148,-3.3,3.1,73,0,0,0,0.1,0,0,0,-29.5,-29,-8.84,-8.849,0,1.62,8549.4,0.013657407,152.2,0,--.--,277,150.7,50,0000:00:00,87,0,80,0,20,0,0,5.31,0,0,0,1,69.46,0.471354167,45209,98.64,55.09,--.--
low,2,1412,23.53,15.78,4.14,1807,65.3292,1.82,27.86101961,0.013034722,-4,2,73,0,0,0,0.1,0,0,0,-29.5,-29,-8.83,-8.832,0,1.66,8549.4,0.013668981,152.5,0,--.--,277,151,49,0000:00:00,87,0,80,0,20,0,0,5.45,0,0,0,1,65.34,0.471365741,45209,98.65,55.11,--.--
low,2,1413,23.55,15.78,4.44,1808,70.0632,1.85,27.88213389,0.013046296,-3.8,1.7,73,0,0,0,0.1,0,0,0,-29.5,-28.9,-8.82,-8.812,0,1.71,8549.4,0.013680556,152.7,0,--.--,277,151.2,49,0000:00:00,87,0,80,0,20,0,0,5.61,0,0,0,1,70.06,0.471377315,45209,98.65,55.09,--.--
low,2,1414,23.57,15.78,4.67,1809,73.6926,1.87,27.90108189,0.01305787,-4.1,2.3,73,0,0,0,0.1,0,0,0,-29.5,-28.9,-8.82,-8.812,0,1.71,8549.4,0.01369213,152.9,0,--.--,277,151.3,49,0000:00:00,87,0,80,0,20,0,0,5.61,0,0,0,1,73.7,0.471388889,45209,98.65,55.11,--.--
low,2,1415,23.58,15.78,4.71,1811,74.3238,1.87,27.93303128,0.013069444,-3.7,3.3,74,0,0,0,0.1,0,0,0,-29.5,-28.9,-8.82,-8.814,0,1.64,8549.4,0.013703704,153.1,0,--.--,277,155.7,49,0000:00:00,87,0,80,0,20,0,0,5.38,0,0,0,1,74.3,0.471400463,45209,98.65,55.09,--.--
low,2,1416,23.6,15.77,4.54,1812,71.5958,1.85,27.95178006,0.013081019,-3.8,2.4,73,0,0,0,0.1,0,0,0,-29.5,-29,-8.83,-8.828,0,1.57,8549.4,0.013715278,153.4,0,--.--,277,156,49,0000:00:00,87,0,80,0,20,0,0,5.15,0,0,0,1,71.6,0.471412037,45209,98.67,55.09,--.--
low,2,1417,23.62,15.77,4.91,1813,77.4307,1.89,27.98056339,0.013092593,-3.7,3,74,0,0,0,0.1,0,0,0,-29.5,-29,-8.83,-8.827,0,1.6,8549.4,0.013726852,153.8,0,--.--,277,156.4,49,0000:00:00,87,0,80,0,20,0,0,5.25,0,0,0,1,77.45,0.471423611,45209,98.67,55.09,--.--
low,2,1418,23.63,15.77,4.82,1815,76.0114,1.88,27.99981842,0.013104167,-3.8,3.5,74,0,0,0,0.1,0,0,0,-29.5,-29,-8.83,-8.83,0,1.5,8556.1,0.013738426,154.2,0,--.--,277,156.8,49,0000:00:00,87,0,80,0,20,0,0,4.92,0,0,0,1,76.03,0.471435185,45209,98.69,55.09,--.--
low,2,1419,23.65,15.79,4.32,1816,68.2128,1.83,28.01996897,0.013115741,-8.2,2.9,73,0,0,0,0.1,0,0,-0.1,-29.6,-29,-8.85,-8.849,0,1.51,8556.1,0.01375,154.6,0,--.--,277,157.2,39,0000:00:00,87,0,80,0,20,0,0,4.95,0,0,0,1,68.19,0.471446759,45209,98.69,55.09,--.--
low,2,1420,23.67,15.67,7.34,1818,115.0178,2.06,28.04261708,0.013127315,-3.6,4.4,74,0,0,0,0.1,0,0,-0.1,-30,-29.4,-8.98,-8.976,0,1.51,8556.1,0.013761574,154.9,0,--.--,277,157.6,55,0000:00:00,87,0,80,0,20,0,0,4.95,0,0,0,1,115.04,0.471458333,45209,98.69,55.09,--.--
low,2,1421,23.68,15.77,4.28,1819,67.4956,1.83,28.060644,0.013138889,-2.1,4.3,74,0,0,0,0.1,0,0,0,-30.2,-29.7,-9.05,-9.124,0,1.31,8556.1,0.013773148,155.2,0,--.--,277,157.9,46,0000:00:00,87,0,80,0,20,0,0,4.3,0,0,0,1,67.5,0.471469907,45209,98.71,55.09,--.--
low,2,1422,23.7,15.7,6.6,1820,103.62,2.02,28.07824344,0.013150463,-8.1,3.5,74,0,0,0,0.1,0,0,-0.2,-30.5,-30,-9.15,-9.211,0,1.27,8556.1,0.013784722,155.4,0,--.--,277,158.1,40,0000:00:00,87,0,80,0,20,0,0,4.17,0,0,0,1,103.63,0.471481481,45209,98.73,55.09,--.--
low,2,1423,23.72,15.79,4.39,1822,69.3181,1.84,28.09670897,0.013162037,-3.2,3.9,74,0,0,0,0.1,0,0,0,-30.8,-30.3,-9.24,-9.315,0,1.11,8556.1,0.013796296,155.7,0,--.--,277,158.4,54,0000:00:00,87,0,80,0,20,0,0,3.64,0,0,0,1,69.3,0.471493056,45209,98.73,55.09,--.--
low,2,1424,23.73,15.77,4.6,1823,72.542,1.86,28.11262047,0.013173611,-2.2,3.2,75,0,0,0,0.1,0,0,0,-30.8,-30.3,-9.23,-9.328,0,1.09,8556.1,0.01380787,156.1,0,--.--,277,158.8,52,0000:00:00,87,0,80,0,20,0,0,3.58,0,0,0,1,72.55,0.47150463,45209,98.73,55.09,--.--
low,2,1425,23.75,15.74,5.18,1824,81.5332,1.91,28.12754269,0.013185185,-9.1,0.8,74,0,0,0,0.1,0,0,-0.1,-30.8,-30.2,-9.22,-9.25,0,1.14,8556.1,0.013819444,156.4,0,--.--,277,159.2,42,0000:00:00,87,0,80,0,20,0,0,3.74,0,0,0,1,81.56,0.471516204,45209,98.74,55.09,--.--
low,2,1426,23.77,15.79,4.11,1826,64.8969,1.81,28.14212303,0.013196759,-1,3.6,75,0,0,0,0.1,0,0,0,-30.9,-30.3,-9.24,-9.259,0,0.97,8556.1,0.013831019,156.7,0,--.--,276,159.5,50,0000:00:00,87,0,80,0,20,0,0,3.18,0,0,0,1,64.9,0.471527778,45209,98.74,55.09,--.--
low,2,1427,23.78,15.8,4.01,1827,63.358,1.8,28.15690422,0.013208333,-2.4,2.4,74,0,0,0,0.1,0,0,0,-30.9,-30.3,-9.25,-9.28,0,0.97,8556.1,0.013842593,156.9,0,--.--,276,159.8,50,0000:00:00,88,0,80,0,20,0,0,3.18,0,0,0,1,63.35,0.471539352,45209,98.76,55.09,--.--
low,2,1428,23.8,15.79,4.21,1828,66.4759,1.82,28.17055367,0.013219907,-2.9,1.3,74,0,0,0,0.1,0,0,0,-30.8,-30.3,-9.23,-9.243,0,0.96,8556.1,0.013854167,157.2,0,--.--,276,160,49,0000:00:00,78,0,80,0,20,0,0,3.15,0,0,0,1,66.49,0.471550926,45209,98.76,55.09,--.--
low,2,1429,23.82,15.78,3.63,1829,57.2814,1.76,28.1876925,0.013231481,-3.4,2.2,74,0,0,0,0.1,0,0,0,-30.8,-30.2,-9.22,-9.215,0,0.98,8556.1,0.013865741,157.4,0,--.--,276,160.3,49,0000:00:00,78,0,80,0,20,0,0,3.22,0,0,0,1,57.29,0.4715625,45209,98.76,55.09,--.--
low,2,1430,23.83,15.8,3.4,1830,53.72,1.73,28.20607031,0.013243056,-3.4,1.9,73,0,0,0,0,0,0,0,-30.8,-30.2,-9.21,-9.2,0,0.98,8556.1,0.013877315,157.6,0,--.--,276,160.5,49,0000:00:00,78,0,80,0,20,0,0,3.22,0,0,0,1,53.72,0.471574074,45209,98.76,55.09,--.--
low,2,1431,23.85,15.81,3.32,1831,52.4892,1.72,28.23092031,0.01325463,-3.7,2.9,74,0,0,0,0,0,0,0,-30.7,-30.2,-9.2,-9.179,0,1.01,8556.1,0.013888889,157.7,0,--.--,276,160.6,48,0000:00:00,78,0,80,0,20,0,0,3.31,0,0,0,1,52.48,0.471585648,45209,98.76,55.09,--.--
low,2,1432,23.87,15.79,3.37,1832,53.2123,1.73,28.25480781,0.013266204,-5.1,2,74,0,0,0,0,0,0,0.1,-30.7,-30.2,-9.19,-9.178,0,0.98,8556.1,0.013900463,157.8,0,--.--,276,160.7,60,0000:00:00,78,0,80,0,20,0,0,3.22,0,0,0,1,53.22,0.471597222,45209,98.8,55.09,--.--
low,2,1433,23.88,15.8,3.11,1833,49.138,1.69,28.27748578,0.013277778,-4.5,2.6,74,0,0,0,0,0,0,0,-30.5,-30,-9.14,-9.127,0,1.08,8556.1,0.013912037,157.9,0,--.--,276,160.8,48,0000:00:00,78,0,80,0,20,0,0,3.54,0,0,0,1,49.15,0.471608796,45209,98.8,55.09,--.--
low,2,1434,23.9,15.78,3.91,1834,61.6998,1.79,28.30394778,0.013289352,-3.6,2.3,73,0,0,0,0.1,0,0,0,-30.5,-30,-9.13,-9.095,0,1.07,8556.1,0.013923611,158,0,--.--,276,160.9,48,0000:00:00,78,0,80,0,20,0,0,3.51,0,0,0,1,61.71,0.47162037,45209,98.8,55.09,--.--
low,2,1435,23.92,15.79,4.19,1835,66.1601,1.82,28.33657922,0.013300926,-3.6,1.8,71,0,0,0,0,0,0,0,-30.5,-30,-9.14,-9.107,0,1.07,8556.1,0.013935185,158.2,0,--.--,276,161.1,48,0000:00:00,78,0,80,0,30,0,0,3.51,0,0,0,1,66.16,0.471631944,45209,98.82,55.09,--.--
low,2,1436,23.93,15.75,5.68,1836,89.46,1.95,28.36039269,0.0133125,-3,2.5,73,0,0,0,0.1,0,0,0,-30.5,-30,-9.15,-9.127,0,1.06,8556.1,0.013946759,158.4,0,--.--,276,161.3,49,0000:00:00,78,0,80,0,30,0,0,3.48,0,0,0,1,89.46,0.471643519,45209,98.82,55.09,--.--
low,2,1437,23.95,15.75,5.46,1838,85.995,1.93,28.38136225,0.013324074,-8.6,2.6,70,0,0,0,0,0,0,0.2,-30.5,-30,-9.11,-9.12,0,1.04,8556.1,0.013958333,158.6,0,--.--,276,161.5,66,0000:00:00,78,0,80,0,30,0,0,3.41,0,0,0,1,85.98,0.471655093,45209,98.82,55.09,--.--
low,2,1438,23.97,15.67,5.21,1840,81.6407,1.91,28.39880792,0.013335648,-3.9,1.7,73,0,0,0,0.1,0,0,0,-30,-29.5,-8.99,-8.991,0,1.18,8556.1,0.013969907,158.7,0,--.--,276,161.6,45,0000:00:00,78,0,80,0,30,0,0,3.87,0,0,0,1,81.66,0.471666667,45209,98.83,55.09,--.--
low,2,1439,23.98,15.72,6.06,1841,95.2632,1.98,28.41905892,0.013347222,-4.6,1.2,74,0,0,0,0.1,0,0,0,-29.9,-29.4,-8.94,-8.892,0,1.24,8556.1,0.013981481,159,0,--.--,276,161.9,47,0000:00:00,78,0,80,0,30,0,0,4.07,0,0,0,1,95.27,0.471678241,45209,98.83,55.09,--.--
low,2,1440,24,15.58,7.54,1843,117.4732,2.07,28.43815814,0.013358796,-7,2.9,73,0,0,0,0.1,0,0,-0.1,-30,-29.4,-8.98,-8.905,0,1.26,8556.1,0.013993056,159.4,0,--.--,276,162.2,43,0000:00:00,78,0,80,0,30,0,0,4.13,0,0,0,1,117.45,0.471689815,45209,98.85,55.09,--.--
low,2,1441,24.02,15.73,5.45,1845,85.7285,1.93,28.45508853,0.01337037,-0.1,1.9,74,0,0,0,0.1,0,0,-0.1,-30.2,-29.7,-9.06,-9.019,0,1.12,8556.1,0.01400463,159.6,0,--.--,276,162.5,43,0000:00:00,78,0,80,0,30,0,0,3.67,0,0,0,1,85.72,0.471701389,45209,98.85,55.09,--.--
low,2,1442,24.03,15.76,4.79,1846,75.4904,1.88,28.47187669,0.013381944,-1.5,2.2,73,0,0,0,0.1,0,0,0,-30.4,-29.9,-9.1,-9.129,0,1.04,8556.1,0.014016204,159.8,0,--.--,276,162.7,51,0000:00:00,78,0,80,0,30,0,0,3.41,0,0,0,1,75.48,0.471712963,45209,98.87,55.09,--.--
low,2,1443,24.05,15.78,3.98,1847,62.8044,1.8,28.48740353,0.013393519,0.2,2.8,72,0,0,0,0.1,0,0,0,-30.4,-29.9,-9.1,-9.127,0,1.02,8556.1,0.014027778,160,0,--.--,276,162.9,50,0000:00:00,78,0,80,0,30,0,0,3.35,0,0,0,1,62.81,0.471724537,45209,98.87,55.09,--.--
low,2,1444,24.07,15.78,4.62,1849,72.9036,1.86,28.50275492,0.013405093,-0.7,2.4,73,0,0,0,0.1,0,0,0,-30.4,-29.8,-9.08,-9.107,0,1.02,8562.7,0.014039352,160.2,0,--.--,276,163.1,50,0000:00:00,78,0,80,0,30,0,0,3.35,0,0,0,1,72.89,0.471736111,45209,98.87,55.09,--.--
low,2,1445,24.08,15.77,4.36,1850,68.7572,1.84,28.51657992,0.013416667,-6.8,2.6,73,0,0,0,0.1,0,0,0,-30.4,-29.8,-9.09,-9.092,0,1.03,8562.7,0.014050926,160.5,0,--.--,276,163.4,55,0000:00:00,78,0,80,0,30,0,0,3.38,0,0,0,1,68.77,0.471747685,45209,98.89,55.09,--.--
low,2,1446,24.1,15.79,3.86,1851,60.9494,1.78,28.53582275,0.013428241,0.5,3.4,73,0,0,0,0.1,0,0,0,-30.4,-29.9,-9.11,-9.123,0,0.98,8562.7,0.0140625,160.8,0,--.--,276,163.7,50,0000:00:00,78,0,80,0,30,0,0,3.22,0,0,0,1,60.94,0.471759259,45209,98.89,55.09,--.--
low,2,1447,24.12,15.78,3.83,1852,60.4374,1.78,28.55087664,0.013439815,-0.8,2.8,73,0,0,0,0.1,0,0,0,-30.4,-29.9,-9.11,-9.124,0,0.95,8562.7,0.014074074,161.1,0,--.--,276,164.1,50,0000:00:00,78,0,80,0,30,0,0,3.12,0,0,0,1,60.43,0.471770833,45209,98.89,55.09,--.--
low,2,1448,24.13,15.79,3.54,1853,55.8966,1.75,28.56578942,0.013451389,-0.8,2.3,73,0,0,0,0.1,0,0,0,-30.4,-29.9,-9.11,-9.127,0,0.91,8562.7,0.014085648,161.4,0,--.--,276,164.3,50,0000:00:00,78,0,80,0,30,0,0,2.99,0,0,0,1,55.89,0.471782407,45209,98.89,55.11,--.--
low,2,1449,24.15,15.79,3.5,1854,55.265,1.74,28.58144783,0.013462963,-7.4,2.9,73,0,0,0,0.1,0,0,-0.1,-30.5,-29.9,-9.13,-9.138,0,0.87,8562.7,0.014097222,161.6,0,--.--,276,164.6,39,0000:00:00,78,0,80,0,30,0,0,2.85,0,0,0,1,55.25,0.471793981,45209,98.92,55.09,--.--
low,2,1450,24.17,15.8,3.15,1855,49.77,1.7,28.59932192,0.013474537,1.1,2.5,73,0,0,0,0.1,0,0,0,-30.6,-30.1,-9.17,-9.201,0,0.85,8562.7,0.014108796,161.8,0,--.--,276,164.8,51,0000:00:00,78,0,80,0,30,0,0,2.79,0,0,0,1,49.78,0.471805556,45209,98.92,55.09,--.--
low,2,1451,24.18,15.78,4.39,1856,69.2742,1.84,28.61459525,0.013486111,-0.9,3,74,0,0,0,0.1,0,0,0,-30.6,-30.1,-9.16,-9.19,0,0.81,8562.7,0.01412037,162,0,--.--,276,165,50,0000:00:00,78,0,80,0,30,0,0,2.66,0,0,0,1,69.26,0.47181713,45209,98.92,55.09,--.--
low,2,1452,24.2,15.8,3.43,1857,54.194,1.73,28.63151492,0.013497685,-0.3,2.3,73,0,0,0,0,0,0,0,-30.5,-30,-9.13,-9.144,0,0.82,8562.7,0.014131944,162.2,0,--.--,276,165.2,49,0000:00:00,78,0,80,0,30,0,0,2.69,0,0,0,1,54.18,0.471828704,45209,98.92,55.08,--.--
low,2,1453,24.22,15.79,3.4,1858,53.686,1.73,28.64832436,0.013509259,-3.2,2.4,73,0,0,0,0,0,0,0,-30.4,-29.8,-9.08,-9.081,0,0.97,8562.7,0.014143519,162.4,0,--.--,276,165.3,48,0000:00:00,78,0,80,0,30,0,0,3.18,0,0,0,1,53.68,0.471840278,45209,98.92,55.09,--.--
low,2,1454,24.23,15.79,3.57,1859,56.3703,1.75,28.67520736,0.013520833,-1,1.9,73,0,0,0,0,0,0,0,-30.3,-29.8,-9.06,-9.038,0,0.91,8562.7,0.014155093,162.5,0,--.--,276,165.4,53,0000:00:00,78,0,80,0,30,0,0,2.99,0,0,0,1,56.38,0.471851852,45209,98.96,55.09,--.--
low,2,1455,24.25,15.81,4.07,1860,64.3467,1.81,28.69012958,0.013532407,-2.3,2.2,73,0,0,0,0,0,0,0,-30.1,-29.5,-8.99,-8.982,0,1.04,8562.7,0.014166667,162.6,0,--.--,276,165.4,42,0000:00:00,78,0,80,0,30,0,0,3.41,0,0,0,1,64.34,0.471863426,45209,98.96,55.09,--.--
low,2,1456,24.27,15.8,3.48,1861,54.984,1.74,28.70668808,0.013543981,-1.8,1.7,73,0,0,0,0.1,0,0,0,-30,-29.4,-8.97,-8.911,0,1.06,8562.7,0.014178241,162.7,0,--.--,276,165.5,46,0000:00:00,78,0,80,0,30,0,0,3.48,0,0,0,1,54.97,0.471875,45209,98.98,55.09,--.--
low,2,1457,24.28,15.78,3.86,1862,60.9108,1.78,28.72312558,0.013555556,-2.5,2.4,73,0,0,0,0.1,0,0,0,-30,-29.4,-8.97,-8.895,0,1.04,8562.7,0.014189815,162.9,0,--.--,276,161.6,46,0000:00:00,78,0,80,0,30,0,0,3.41,0,0,0,1,60.92,0.471886574,45209,98.98,55.09,--.--
low,2,1458,24.3,15.8,3.83,1863,60.514,1.78,28.738784,0.01356713,-2.7,2.1,73,0,0,0,0.1,0,0,0,-30,-29.5,-8.99,-8.935,0,1.01,8562.7,0.014201389,163.2,0,--.--,276,166,35,0000:00:00,78,0,80,0,30,0,0,3.31,0,0,0,1,60.5,0.471898148,45209,98.98,55.09,--.--
low,2,1459,24.32,15.66,6.18,1864,96.7788,1.99,28.75317044,0.013578704,1,2.8,73,0,0,0,0.1,0,0,0,-30.3,-29.7,-9.07,-9.039,0,1.05,8562.7,0.014212963,163.4,0,--.--,276,162.1,50,0000:00:00,78,0,80,0,30,0,0,3.44,0,0,0,1,96.81,0.471909722,45209,99,55.09,--.--
low,2,1460,24.33,15.8,3.4,1865,53.72,1.73,28.76974994,0.013590278,-6.4,2.1,70,0,0,0,0,0,0,-0.1,-30.5,-29.9,-9.16,-9.158,0,0.77,8562.7,0.014224537,163.5,0,--.--,276,162.3,44,0000:00:00,78,0,80,0,30,0,0,2.53,0,0,0,1,53.73,0.471921296,45209,99.01,55.09,--.--
low,2,1461,24.35,15.77,3.78,1867,59.6106,1.78,28.81542428,0.013601852,0,1.9,70,0,0,0,0,0,0,0,-30.8,-30.2,-9.23,-9.28,0,0.76,8562.7,0.014236111,163.6,0,--.--,276,162.3,55,0000:00:00,78,0,80,0,30,0,0,2.49,0,0,0,1,59.61,0.47193287,45209,99.01,55.09,--.--
low,2,1462,24.37,15.78,3.75,1868,59.175,1.77,28.83159878,0.013613426,-1.6,2.1,71,0,0,0,0,0,0,0,-30.8,-30.3,-9.22,-9.316,0,0.76,8562.7,0.014247685,163.6,0,--.--,276,162.3,55,0000:00:00,78,0,80,0,30,0,0,2.49,0,0,0,1,59.17,0.471944444,45209,99.01,55.09,--.--
low,2,1463,24.38,15.79,3.57,1869,56.3703,1.75,28.84888006,0.013625,-4,3,70,0,0,0,0,0,0,0.2,-30.7,-30.1,-9.14,-9.243,0,0.81,8562.7,0.014259259,163.6,0,--.--,276,162.3,67,0000:00:00,78,0,80,0,30,0,0,2.66,0,0,0,1,56.38,0.471956019,45209,99.03,55.09,--.--
low,2,1464,24.4,15.79,3.28,1871,51.7912,1.71,28.86453847,0.013636574,-1.3,1.3,70,0,0,0,0,0,0,0.1,-30.2,-29.6,-9,-9.048,0,0.98,8562.7,0.014270833,163.6,0,--.--,276,162.3,46,0000:00:00,78,0,80,0,30,0,0,3.22,0,0,0,1,51.8,0.471967593,45209,99.05,55.11,--.--
low,2,1465,24.42,15.79,3.78,1872,59.6862,1.78,28.89624375,0.013648148,-0.8,2.4,71,0,0,0,0,0,0,0.1,-29.9,-29.3,-8.92,-8.89,0,0.98,8562.7,0.014282407,163.6,0,--.--,276,162.3,47,0000:00:00,78,0,80,0,30,0,0,3.22,0,0,0,1,59.67,0.471979167,45209,99.05,55.09,--.--
low,2,1466,24.43,15.78,10.42,1874,164.4276,2.22,28.92070275,0.013659722,-3.7,1.8,71,0,0,0,0,0,0,0,-29.7,-29.2,-8.88,-8.785,0,1.02,8562.7,0.014293981,163.7,0,--.--,276,162.4,44,0000:00:00,78,0,80,0,30,0,0,3.35,0,0,0,1,164.41,0.471990741,45209,99.05,55.09,--.--
low,2,1467,24.45,15.78,3.69,1875,58.2282,1.77,28.93811561,0.013671296,-4.7,2.1,70,0,0,0,0.1,0,0,0,-29.7,-29.2,-8.89,-8.786,0,1.12,8562.7,0.014305556,163.8,0,--.--,276,162.5,44,0000:00:00,78,0,80,0,30,0,0,3.67,0,0,0,1,58.21,0.472002315,45209,99.05,55.09,--.--
low,2,1468,24.47,15.79,3.94,1876,62.2126,1.79,28.95494761,0.01368287,-2.4,2.1,70,0,0,0,0.1,0,0,0,-29.8,-29.2,-8.92,-8.827,0,1.06,8562.7,0.01431713,163.9,0,--.--,276,162.7,46,0000:00:00,78,0,80,0,30,0,0,3.48,0,0,0,1,62.22,0.472013889,45209,99.05,55.09,--.--
low,2,1469,24.48,15.79,3.57,1877,56.3703,1.75,28.97056217,0.013694444,-1.2,2.4,71,0,0,0,0.1,0,0,0,-29.9,-29.4,-8.95,-8.893,0,1.02,8562.7,0.014328704,164.1,0,--.--,276,162.8,58,0000:00:00,78,0,80,0,30,0,0,3.35,0,0,0,1,56.38,0.472025463,45209,99.09,55.09,--.--
low,2,1470,24.5,15.7,7.27,1878,114.139,2.06,28.98617672,0.013706019,-3.5,2.9,71,0,0,0,0.1,0,0,0,-29.8,-29.2,-8.89,-8.902,0,1.05,8562.7,0.014340278,164.4,0,--.--,276,163.1,45,0000:00:00,78,0,80,0,30,0,0,3.44,0,0,0,1,114.13,0.472037037,45209,99.09,55.09,--.--
low,2,1471,24.52,15.78,5.58,1880,88.0524,1.94,29.00479408,0.013717593,1.3,2.2,71,0,0,0,0.1,0,0,0,-29.6,-29.1,-8.86,-8.86,0,1.08,8562.7,0.014351852,164.6,0,--.--,276,163.3,46,0000:00:00,78,0,80,0,30,0,0,3.54,0,0,0,1,88.04,0.472048611,45209,99.09,55.09,--.--
low,2,1472,24.53,15.79,3.97,1881,62.6863,1.8,29.02232742,0.013729167,-1.4,-0.6,72,0,0,0,0.1,0,0,0,-29.6,-29,-8.85,-8.822,0,1.1,8562.7,0.014363426,164.9,0,--.--,276,163.6,47,0000:00:00,78,0,80,0,30,0,0,3.61,0,0,0,1,62.67,0.472060185,45209,99.1,55.09,--.--
low,2,1473,24.55,15.78,3.84,1882,60.5952,1.78,29.03770317,0.013740741,-0.3,0.1,70,0,0,0,0.1,0,0,0,-29.6,-29,-8.85,-8.819,0,1.12,8562.7,0.014375,165.1,0,--.--,276,163.8,47,0000:00:00,78,0,80,0,30,0,0,3.67,0,0,0,1,60.61,0.472071759,45209,99.1,55.09,--.--
low,2,1474,24.57,15.79,3.56,1883,56.2124,1.75,29.05130872,0.013752315,0.8,0,70,0,0,0,0,0,0,0,-29.6,-29.1,-8.87,-8.853,0,1.14,8562.7,0.014386574,165.3,0,--.--,276,164,47,0000:00:00,78,0,80,0,30,0,0,3.74,0,0,0,1,56.19,0.472083333,45209,99.12,55.09,--.--
low,2,1475,24.58,15.79,3.56,1884,56.2124,1.75,29.07882664,0.013763889,-1.6,0.2,71,0,0,0,0.1,0,0,-0.1,-29.8,-29.2,-8.92,-8.918,0,1.05,8562.7,0.014398148,165.5,0,--.--,276,164.2,43,0000:00:00,78,0,80,0,30,0,0,3.44,0,0,0,1,56.21,0.472094907,45209,99.12,55.09,--.--
low,2,1476,24.6,15.77,4.25,1885,67.0225,1.83,29.10715086,0.013775463,1.6,0.3,76,0,0,0,0.1,0,0,0,-29.9,-29.4,-8.95,-8.996,0,1.05,8562.7,0.014409722,165.7,0,--.--,276,164.3,51,0000:00:00,78,0,80,0,30,0,0,3.44,0,0,0,1,67.01,0.472106481,45209,99.12,55.09,--.--
low,2,1477,24.62,15.78,4,1887,63.12,1.8,29.13261803,0.013787037,0.8,-0.5,85,0,0,0,0.1,0,0,0,-29.9,-29.4,-8.95,-8.998,0,1,8562.7,0.014421296,166,0,--.--,276,164.6,50,0000:00:00,78,0,80,0,30,0,0,3.28,0,0,0,1,63.1,0.472118056,45209,99.14,55.09,--.--
low,2,1478,24.63,15.77,3.51,1888,55.3527,1.74,29.14825661,0.013798611,-6.9,-0.5,84,0,0,0,0.1,0,0,-0.2,-29.9,-29.3,-8.96,-8.966,0,1,8562.7,0.01443287,166.2,0,--.--,276,165,33,0000:00:00,78,0,80,0,30,0,0,3.28,0,0,0,1,55.37,0.47212963,45209,99.14,55.09,--.--
low,2,1479,24.65,15.8,3.1,1889,48.98,1.69,29.16357383,0.013810185,3.6,-0.9,82,0,0,0,0,0,0,-0.1,-30.2,-29.7,-9.08,-9.08,0,0.93,8562.7,0.014444444,166.4,0,--.--,276,165.2,38,0000:00:00,78,0,80,0,30,0,0,3.05,0,0,0,1,48.97,0.472141204,45209,99.14,55.09,--.--
low,2,1480,24.67,15.65,6.33,1891,99.0645,2,29.18107442,0.013821759,-0.5,-0.3,81,0,0,0,0,0,0,-0.1,-30.8,-30.3,-9.27,-9.298,0,0.81,8562.7,0.014456019,166.4,0,--.--,276,165.2,55,0000:00:00,78,0,80,0,30,0,0,2.66,0,0,0,1,99.04,0.472152778,45209,99.16,55.09,--.--
low,2,1481,24.68,15.76,6.47,1892,101.9672,2.01,29.19656192,0.013833333,-1.1,0.1,85,0,0,0,0,0,0,0.1,-31.2,-30.6,-9.32,-9.47,0,0.62,8562.7,0.014467593,166.4,0,--.--,276,165.2,55,0000:00:00,78,0,80,0,30,0,0,2.03,0,0,0,1,101.95,0.472164352,45209,99.16,55.09,--.--
low,2,1482,24.7,15.78,5.81,1895,91.6818,1.96,29.24473067,0.013844907,1,-1.4,82,0,0,0,0,0,0,0,-31,-30.5,-9.28,-9.412,0,0.68,8562.7,0.014479167,166.4,0,--.--,276,165.2,54,0000:00:00,78,0,80,0,30,0,0,2.23,0,0,0,1,91.67,0.472175926,45209,99.16,55.09,--.--
low,2,1483,24.72,15.77,3.57,1896,56.2989,1.75,29.26133297,0.013856481,3.5,-0.9,84,0,0,0,0,0,0,0,-30.9,-30.3,-9.23,-9.314,0,0.74,8562.7,0.014490741,166.5,0,--.--,276,165.3,52,0000:00:00,78,0,80,0,30,0,0,2.43,0,0,0,1,56.31,0.4721875,45209,99.16,55.09,--.--
low,2,1484,24.73,15.8,3.49,1897,55.142,1.74,29.27597331,0.013868056,0.3,0.6,84,0,0,0,0,0,0,0.1,-30.7,-30.2,-9.15,-9.214,0,0.73,8569.2,0.014502315,166.6,0,--.--,276,165.4,52,0000:00:00,78,0,80,0,30,0,0,2.4,0,0,0,1,55.13,0.472199074,45209,99.18,55.09,--.--
low,2,1485,24.75,15.79,3.99,1899,63.0021,1.8,29.29376964,0.01387963,1.3,-0.5,82,0,0,0,0.1,0,0,0,-30.4,-29.8,-9.08,-9.061,0,0.87,8569.2,0.014513889,166.7,0,--.--,276,165.5,48,0000:00:00,78,0,80,0,30,0,0,2.85,0,0,0,1,63,0.472210648,45209,99.18,55.09,--.--
low,2,1486,24.77,15.75,3.54,1900,55.755,1.75,29.30878703,0.013891204,0.9,-0.8,90,0,0,0,0,0,0,0,-30.3,-29.7,-9.05,-8.996,0,0.91,8569.2,0.014525463,166.9,0,--.--,276,165.7,55,0000:00:00,78,0,80,0,30,0,0,2.99,0,0,0,1,55.76,0.472222222,45209,99.19,55.08,--.--
low,2,1487,24.78,15.75,11.01,1902,173.4075,2.24,29.32308575,0.013902778,0.7,-0.6,86,0,0,0,0,0,0,0.1,-30.1,-29.5,-8.98,-8.95,0,0.94,8569.2,0.014537037,167,0,--.--,276,165.7,43,0000:00:00,78,0,80,0,30,0,0,3.08,0,0,0,1,173.44,0.472233796,45209,99.19,55.09,--.--
low,2,1488,24.8,15.77,3.79,1903,59.7683,1.78,29.34853842,0.013914352,0.8,-1.7,89,0,0,0,0,0,0,0,-29.9,-29.3,-8.93,-8.86,0,1.02,8569.2,0.014548611,167.1,0,--.--,276,165.9,44,0000:00:00,78,0,80,0,30,0,0,3.35,0,0,0,1,59.76,0.47224537,45209,99.19,55.09,--.--
low,2,1489,24.82,15.78,3.34,1904,52.7052,1.72,29.36669467,0.013925926,1.1,-1.8,89,0,0,0,0.1,0,0,0,-29.8,-29.3,-8.92,-8.825,0,1.02,8569.2,0.014560185,167.3,0,--.--,276,166,47,0000:00:00,78,0,80,0,30,0,0,3.35,0,0,0,1,52.69,0.472256944,45209,99.19,55.09,--.--
low,2,1490,24.83,15.78,4.06,1905,64.0668,1.81,29.41747022,0.0139375,0.6,-0.5,88,0,0,0,0.1,0,0,0.1,-29.8,-29.2,-8.89,-8.839,0,1,8569.2,0.014571759,167.4,0,--.--,276,166.2,43,0000:00:00,78,0,80,0,30,0,0,3.28,0,0,0,1,64.06,0.472268519,45209,99.21,55.09,--.--
low,2,1491,24.85,15.58,3.47,1906,54.0626,1.73,29.43571397,0.013949074,0.4,-0.2,88,0,0,0,0.1,0,0,0.1,-29.7,-29.1,-8.86,-8.823,0,1.06,8569.2,0.014583333,167.7,0,--.--,276,166.4,47,0000:00:00,78,0,80,0,30,0,0,3.48,0,0,0,1,54.07,0.472280093,45209,99.21,55.09,--.--
low,2,1492,24.87,15.79,3.26,1907,51.4754,1.71,29.45253531,0.013960648,1.4,-1.7,88,0,0,0,0.1,0,0,0,-29.5,-29,-8.84,-8.782,0,1.09,8569.2,0.014594907,167.9,0,--.--,276,166.7,55,0000:00:00,78,0,80,0,30,0,0,3.58,0,0,0,1,51.47,0.472291667,45209,99.21,55.09,--.--
low,2,1493,24.88,15.69,5.84,1908,91.6296,1.96,29.46870981,0.013972222,-0.3,-1,88,0,0,0,0.1,0,0,0.2,-29.3,-28.8,-8.72,-8.718,0,1.15,8569.2,0.014606481,168.1,0,--.--,276,166.8,53,0000:00:00,78,0,80,0,30,0,0,3.77,0,0,0,1,91.64,0.472303241,45209,99.21,55.09,--.--
low,2,1494,24.9,15.75,4.15,1911,65.3625,1.82,29.48387614,0.013983796,-1.4,-2.1,88,0,0,0,0.1,0,0,-0.1,-28.9,-28.3,-8.64,-8.569,0,1.29,8569.2,0.014618056,168.3,0,--.--,276,167.1,32,0000:00:00,78,0,80,0,30,0,0,4.23,0,0,0,1,65.36,0.472314815,45209,99.21,55.09,--.--
low,2,1495,24.92,15.65,11.68,1913,182.792,2.26,29.49860414,0.01399537,3.2,0.1,88,0,0,0,0.1,0,0,0,-29,-28.5,-8.7,-8.611,0,1.23,8569.2,0.01462963,168.5,0,--.--,276,167.3,48,0000:00:00,78,0,80,0,30,0,0,4.04,0,0,0,1,182.77,0.472326389,45209,99.21,55.09,--.--
low,2,1496,24.93,15.75,4.17,1914,65.6775,1.82,29.51277128,0.014006944,5.3,0.9,89,0,0,0,0.1,0,0,0,-29.2,-28.7,-8.76,-8.733,0,1.14,8569.2,0.014641204,168.8,0,--.--,276,167.6,50,0000:00:00,78,0,80,0,30,0,0,3.74,0,0,0,1,65.69,0.472337963,45209,99.25,55.09,--.--
low,2,1497,24.95,15.77,3.84,1915,60.5568,1.78,29.53199683,0.014018519,5.4,-0.3,89,0,0,0,0.1,0,0,0,-29.4,-28.8,-8.79,-8.825,0,1.12,8569.2,0.014652778,169.1,0,--.--,276,167.9,50,0000:00:00,78,0,80,0,30,0,0,3.67,0,0,0,1,60.55,0.472349537,45209,99.25,55.08,--.--
low,2,1498,24.97,15.78,3.69,1916,58.2282,1.77,29.549495,0.014030093,-1.2,-0.4,88,0,0,0,0.1,0,0,0,-29.4,-28.8,-8.8,-8.827,0,1.11,8569.2,0.014664352,169.5,0,--.--,276,168.2,49,0000:00:00,78,0,80,0,30,0,0,3.64,0,0,0,1,58.21,0.472361111,45209,99.25,55.09,--.--
low,2,1499,24.98,15.78,3.46,1917,54.5988,1.74,29.56780572,0.014041667,7,-0.2,87,0,0,0,0.1,0,0,0,-29.4,-28.9,-8.81,-8.831,0,1.14,8569.2,0.014675926,169.7,0,--.--,276,168.5,49,0000:00:00,78,0,80,0,30,0,0,3.74,0,0,0,1,54.59,0.472372685,45209,99.27,55.09,--.--
low,2,1500,25,15.78,3.36,1918,53.0208,1.72,29.59731194,0.014053241,4.4,0.3,88,0,0,0,0.1,0,0,0,-29.4,-28.9,-8.8,-8.83,0,1.07,8569.2,0.0146875,169.9,0,--.--,276,168.7,49,0000:00:00,78,0,80,0,30,0,0,3.51,0,0,0,1,53.01,0.472384259,45209,99.27,55.09,--.--
low,2,1501,25.02,15.79,3.23,1919,51.0017,1.71,29.61226858,0.014064815,-1.4,0.3,87,0,0,0,0,0,0,-0.3,-29.5,-28.9,-8.88,-8.835,0,1.07,8569.2,0.014699074,170.1,0,--.--,276,168.9,32,0000:00:00,78,0,80,0,30,0,0,3.51,0,0,0,1,50.99,0.472395833,45209,99.27,55.09,--.--
low,2,1502,25.03,15.73,4.4,1921,69.212,1.84,29.63009744,0.014076389,2.5,-0.7,86,0,0,0,0,0,0,0,-30.1,-29.6,-9.04,-9.067,0,0.87,8569.2,0.014710648,170.2,0,--.--,276,168.9,56,0000:00:00,78,0,80,0,30,0,0,2.85,0,0,0,1,69.23,0.472407407,45209,99.27,55.09,--.--
low,2,1503,25.05,15.67,4.02,1922,62.9934,1.8,29.64369439,0.014087963,0.7,1.2,86,0,0,0,0,0,0,0.1,-30.3,-29.8,-9.05,-9.207,0,0.77,8569.2,0.014722222,170.2,0,--.--,276,169,57,0000:00:00,78,0,80,0,30,0,0,2.53,0,0,0,1,62.99,0.472418981,45209,99.27,55.09,--.--
low,2,1504,25.07,15.77,4.18,1924,65.9186,1.82,29.66271806,0.014099537,2.9,-0.5,87,0,0,0,0,0,0,0.1,-30.1,-29.6,-9,-9.13,0,0.85,8569.2,0.014733796,170.3,0,--.--,276,169,62,0000:00:00,78,0,80,0,30,0,0,2.79,0,0,0,1,65.93,0.472430556,45209,99.28,55.09,--.--
low,2,1505,25.08,15.76,6.74,1925,106.2224,2.03,29.69743183,0.014111111,4.8,-0.3,88,0,0,0,0,0,0,0.1,-29.8,-29.3,-8.9,-8.967,0,0.92,8569.2,0.01474537,170.4,0,--.--,276,169.1,49,0000:00:00,78,0,80,0,30,0,0,3.02,0,0,0,1,106.23,0.47244213,45209,99.28,55.09,--.--
low,2,1506,25.1,15.79,3.41,1926,53.8439,1.73,29.71258856,0.014122685,3,-0.7,88,0,0,0,0,0,0,0,-29.6,-29,-8.83,-8.822,0,0.96,8569.2,0.014756944,170.5,0,--.--,276,169.3,46,0000:00:00,78,0,80,0,30,0,0,3.15,0,0,0,1,53.83,0.472453704,45209,99.3,55.09,--.--
low,2,1507,25.12,15.77,4.07,1927,64.1839,1.81,29.72898222,0.014134259,2.1,-0.1,89,0,0,0,0.1,0,0,0,-29.5,-28.9,-8.81,-8.759,0,1.02,8569.2,0.014768519,170.7,0,--.--,276,169.4,45,0000:00:00,78,0,80,0,30,0,0,3.35,0,0,0,1,64.19,0.472465278,45209,99.3,55.09,--.--
low,2,1508,25.13,15.79,3.1,1928,48.949,1.69,29.74406089,0.014145833,3.3,-0.2,88,0,0,0,0.1,0,0,0,-29.5,-28.9,-8.82,-8.764,0,1.04,8569.2,0.014780093,170.9,0,--.--,276,169.6,46,0000:00:00,78,0,80,0,30,0,0,3.41,0,0,0,1,48.93,0.472476852,45209,99.3,55.09,--.--
low,2,1509,25.15,15.78,4.34,1929,68.4852,1.84,29.75883272,0.014157407,1.3,1,88,0,0,0,0,0,0,-0.1,-29.5,-29,-8.85,-8.794,0,1.05,8569.2,0.014791667,171.1,0,--.--,276,169.8,33,0000:00:00,78,0,80,0,30,0,0,3.44,0,0,0,1,68.49,0.472488426,45209,99.3,55.09,--.--
low,2,1510,25.17,15.68,7.97,1931,124.9696,2.1,29.77278056,0.014168981,5.6,0,88,0,0,0,0,0,0,0,-29.8,-29.2,-8.93,-8.887,0,0.98,8569.2,0.014803241,171.2,0,--.--,276,169.9,49,0000:00:00,78,0,80,0,30,0,0,3.22,0,0,0,1,124.96,0.4725,45209,99.32,55.09,--.--
low,2,1511,25.18,15.77,3.46,1932,54.5642,1.74,29.78690383,0.014180556,6,1,89,0,0,0,0.1,0,0,0,-30,-29.4,-8.96,-8.988,0,0.88,8569.2,0.014814815,171.3,0,--.--,276,170.1,51,0000:00:00,78,0,80,0,30,0,0,2.89,0,0,0,1,54.58,0.472511574,45209,99.32,55.09,--.--
low,2,1512,25.2,15.78,3.74,1933,59.0172,1.77,29.80079019,0.01419213,1,1,89,0,0,0,0.1,0,0,0,-29.9,-29.4,-8.95,-9,0,0.93,8569.2,0.014826389,171.5,0,--.--,276,170.3,48,0000:00:00,78,0,80,0,30,0,0,3.05,0,0,0,1,59,0.472523148,45209,99.34,55.09,--.--
low,2,1513,25.22,15.78,3.44,1934,54.2832,1.73,29.81659397,0.014203704,6.4,-0.7,89,0,0,0,0,0,0,0,-29.9,-29.3,-8.94,-8.982,0,0.92,8569.2,0.014837963,171.7,0,--.--,276,170.4,49,0000:00:00,78,0,80,0,30,0,0,3.02,0,0,0,1,54.29,0.472534722,45209,99.34,55.09,--.--
low,2,1514,25.23,15.78,3.37,1935,53.1786,1.73,29.83407239,0.014215278,4.6,0.4,88,0,0,0,0,0,0,0,-29.8,-29.3,-8.92,-8.944,0,0.96,8569.2,0.014849537,171.8,0,--.--,276,170.5,49,0000:00:00,78,0,80,0,30,0,0,3.15,0,0,0,1,53.19,0.472546296,45209,99.34,55.09,--.--
low,2,1515,25.25,15.79,3.18,1936,50.2122,1.7,29.85045567,0.014226852,2.8,-0.1,87,0,0,0,0,0,0,0,-29.8,-29.2,-8.91,-8.906,0,0.99,8569.2,0.014861111,171.9,0,--.--,276,170.7,47,0000:00:00,78,0,80,0,30,0,0,3.25,0,0,0,1,50.2,0.47255787,45209,99.34,55.09,--.--
low,2,1516,25.27,15.79,3.22,1936,50.8438,1.71,29.86666372,0.014238426,3.4,-0.1,87,0,0,0,0,0,0,0,-29.7,-29.2,-8.9,-8.886,0,1,8569.2,0.014872685,172,0,--.--,276,170.7,47,0000:00:00,78,0,80,0,30,0,0,3.28,0,0,0,1,50.83,0.472569444,45209,99.34,55.09,--.--
low,2,1517,25.28,15.77,3.17,1937,49.9909,1.7,29.90094172,0.01425,-0.4,0.7,87,0,0,0,0,0,0,0.1,-29.5,-29,-8.83,-8.863,0,0.96,8569.2,0.014884259,172.1,0,--.--,276,170.8,54,0000:00:00,78,0,80,0,30,0,0,3.15,0,0,0,1,50,0.472581019,45209,99.34,55.09,--.--
low,2,1518,25.3,15.76,3.61,1939,56.8936,1.76,29.91698472,0.014261574,1.4,-0.8,88,0,0,0,0,0,0,0,-29.3,-28.7,-8.75,-8.739,0,1.13,8569.2,0.014895833,172.2,0,--.--,276,170.9,45,0000:00:00,78,0,80,0,30,0,0,3.71,0,0,0,1,56.88,0.472592593,45209,99.34,55.09,--.--
low,2,1519,25.32,15.77,3.99,1940,62.9223,1.8,29.93237022,0.014273148,1.5,0.4,88,0,0,0,0,0,0,0,-29.2,-28.6,-8.72,-8.656,0,1.12,8569.2,0.014907407,172.3,0,--.--,276,171,44,0000:00:00,78,0,80,0,30,0,0,3.67,0,0,0,1,62.93,0.472604167,45209,99.37,55.09,--.--
low,2,1520,25.33,15.77,3.74,1941,58.9798,1.77,29.94683522,0.014284722,2.2,0,88,0,0,0,0.1,0,0,0,-29.2,-28.7,-8.74,-8.661,0,1.15,8569.2,0.014918981,172.4,0,--.--,276,171.1,45,0000:00:00,78,0,80,0,30,0,0,3.77,0,0,0,1,58.98,0.472615741,45209,99.34,55.08,--.--
low,2,1521,25.35,15.77,3.7,1942,58.349,1.77,29.96156322,0.014296296,4.1,0.8,89,0,0,0,0.1,0,0,0,-29.3,-28.7,-8.76,-8.715,0,1.1,8569.2,0.014930556,172.5,0,--.--,276,171.2,46,0000:00:00,78,0,80,0,30,0,0,3.61,0,0,0,1,58.33,0.472627315,45209,99.37,55.09,--.--
low,2,1522,25.37,15.76,7.83,1944,123.4008,2.09,29.97633506,0.01430787,2,0.1,88,0,0,0,0,0,0,-0.1,-29.5,-29,-8.83,-8.787,0,1.05,8569.2,0.01494213,172.7,0,--.--,276,171.4,54,0000:00:00,78,0,80,0,30,0,0,3.44,0,0,0,1,123.37,0.472638889,45209,99.37,55.09,--.--
low,2,1523,25.38,15.78,3.66,1945,57.7548,1.76,29.99223572,0.014319444,4.1,0,88,0,0,0,0,0,0,0,-29.7,-29.1,-8.88,-8.89,0,0.98,8569.2,0.014953704,172.8,0,--.--,276,171.5,51,0000:00:00,78,0,80,0,30,0,0,3.22,0,0,0,1,57.75,0.472650463,45209,99.37,55.09,--.--
low,2,1524,25.4,15.78,3.51,1946,55.3878,1.74,30.00695439,0.014331019,2.7,0.8,89,0,0,0,0.1,0,0,0,-29.7,-29.1,-8.89,-8.927,0,0.98,8569.2,0.014965278,172.9,0,--.--,276,171.6,51,0000:00:00,78,0,80,0,30,0,0,3.22,0,0,0,1,55.37,0.472662037,45209,99.37,55.09,--.--
low,2,1525,25.42,15.78,3.3,1947,52.074,1.72,30.02433417,0.014342593,2.7,-0.1,89,0,0,0,0,0,0,0,-29.6,-29.1,-8.87,-8.906,0,1,8569.2,0.014976852,173.1,0,--.--,276,171.8,50,0000:00:00,78,0,80,0,30,0,0,3.28,0,0,0,1,52.06,0.472673611,45209,99.37,55.09,--.--
low,2,1526,25.43,15.78,3.36,1948,53.0208,1.72,30.03941283,0.014354167,1.9,0,89,0,0,0,0,0,0,0,-29.6,-29,-8.85,-8.856,0,0.99,8575.8,0.014988426,173.2,0,--.--,276,171.9,49,0000:00:00,78,0,80,0,30,0,0,3.25,0,0,0,1,53.02,0.472685185,45209,99.41,55.09,--.--
low,2,1527,25.45,15.78,3.37,1949,53.1786,1.73,30.05635483,0.014365741,1.4,-0.1,89,0,0,0,0,0,0,0,-29.5,-29,-8.84,-8.832,0,1.02,8575.8,0.015,173.3,0,--.--,276,172,49,0000:00:00,78,0,80,0,30,0,0,3.35,0,0,0,1,53.19,0.472696759,45209,99.41,55.09,--.--
low,2,1528,25.47,15.64,3.66,1950,57.2424,1.76,30.07112667,0.014377315,-2.3,0.4,89,0,0,0,0,0,0,0.1,-29.4,-28.9,-8.81,-8.817,0,1.03,8575.8,0.015011574,173.4,0,--.--,276,176.2,49,0000:00:00,78,0,80,0,30,0,0,3.38,0,0,0,1,57.23,0.472708333,45209,99.43,55.09,--.--
low,2,1529,25.48,15.77,3.36,1951,52.9872,1.72,30.08771844,0.014388889,-0.3,-0.4,89,0,0,0,0.1,0,0,0,-29.3,-28.8,-8.77,-8.731,0,1.04,8575.8,0.015023148,173.5,0,--.--,276,176.3,46,0000:00:00,78,0,80,0,30,0,0,3.41,0,0,0,1,52.98,0.472719907,45209,99.43,55.08,--.--
low,2,1530,25.5,15.76,3.97,1952,62.5672,1.8,30.10297244,0.014400463,0.5,-0.3,89,0,0,0,0,0,0,0,-29.3,-28.8,-8.77,-8.713,0,1.03,8575.8,0.015034722,173.7,0,--.--,276,176.5,65,0000:00:00,78,0,80,0,30,0,0,3.38,0,0,0,1,62.58,0.472731481,45209,99.43,55.09,--.--
low,2,1531,25.52,15.78,3.44,1954,54.2832,1.73,30.11687642,0.014412037,-1.5,0.1,88,0,0,0,0,0,0,0,-29.2,-28.6,-8.73,-8.681,0,1.07,8575.8,0.015046296,173.9,0,--.--,276,176.7,46,0000:00:00,78,0,80,0,30,0,0,3.51,0,0,0,1,54.29,0.472743056,45209,99.45,55.09,--.--
low,2,1532,25.53,15.76,3.87,1955,60.9912,1.79,30.13151675,0.014423611,0.2,-0.1,89,0,0,0,0.1,0,0,0,-29.2,-28.6,-8.73,-8.675,0,1.04,8575.8,0.01505787,174,0,--.--,276,176.8,43,0000:00:00,78,0,80,0,30,0,0,3.41,0,0,0,1,61.01,0.47275463,45209,99.45,55.09,--.--
low,2,1533,25.55,15.78,3.37,1956,53.1786,1.73,30.14545575,0.014435185,1.5,0,89,0,0,0,0,0,0,0,-29.3,-28.8,-8.78,-8.731,0,0.99,8575.8,0.015069444,174.2,0,--.--,276,177,48,0000:00:00,78,0,80,0,30,0,0,3.25,0,0,0,1,53.19,0.472766204,45209,99.45,55.08,--.--
low,2,1534,25.57,15.76,3.79,1957,59.7304,1.78,30.16725472,0.014446759,3.1,0.3,89,0,0,0,0.1,0,0,0,-29.5,-28.9,-8.82,-8.817,0,0.92,8575.8,0.015081019,174.3,0,--.--,276,177.1,50,0000:00:00,78,0,80,0,30,0,0,3.02,0,0,0,1,59.73,0.472777778,45209,99.46,55.09,--.--
low,2,1535,25.58,15.78,3.48,1958,54.9144,1.74,30.18163206,0.014458333,4.8,0.4,90,0,0,0,0.1,0,0,0,-29.5,-29,-8.84,-8.856,0,0.95,8575.8,0.015092593,174.6,0,--.--,276,177.4,52,0000:00:00,78,0,80,0,30,0,0,3.12,0,0,0,1,54.91,0.472789352,45209,99.46,55.08,--.--
low,2,1536,25.6,15.79,3.17,1959,50.0543,1.7,30.19732439,0.014469907,5.6,0,91,0,0,0,0.1,0,0,0,-29.5,-29,-8.83,-8.855,0,0.97,8575.8,0.015104167,174.8,0,--.--,276,177.6,49,0000:00:00,78,0,80,0,30,0,0,3.18,0,0,0,1,50.04,0.472800926,45209,99.48,55.09,--.--
low,2,1537,25.62,15.78,3.34,1960,52.7052,1.72,30.21201197,0.014481481,4.9,-0.2,90,0,0,0,0.1,0,0,0,-29.5,-28.9,-8.82,-8.834,0,0.97,8575.8,0.015115741,175,0,--.--,276,177.7,49,0000:00:00,78,0,80,0,30,0,0,3.18,0,0,0,1,52.72,0.4728125,45209,99.46,55.09,--.--
low,2,1538,25.63,15.78,3.18,1961,50.1804,1.7,30.22883331,0.014493056,2.9,0.5,91,0,0,0,0.1,0,0,0,-29.4,-28.9,-8.8,-8.821,0,1.06,8575.8,0.015127315,175.1,0,--.--,276,177.9,45,0000:00:00,78,0,80,0,30,0,0,3.48,0,0,0,1,50.17,0.472824074,45209,99.48,55.08,--.--
low,2,1539,25.65,15.79,4.97,1962,78.4763,1.89,30.24425286,0.01450463,3.1,-0.5,91,0,0,0,0,0,0,0,-29.4,-28.8,-8.78,-8.79,0,1.1,8575.8,0.015138889,175.3,0,--.--,276,177.9,47,0000:00:00,78,0,80,0,30,0,0,3.61,0,0,0,1,78.47,0.472835648,45209,99.48,55.09,--.--
low,2,1540,25.67,15.78,3.28,1963,51.7584,1.71,30.25827953,0.014516204,4,-0.2,90,0,0,0,0,0,0,0,-29.3,-28.7,-8.76,-8.75,0,1.1,8575.8,0.015150463,175.4,0,--.--,276,178,47,0000:00:00,78,0,80,0,30,0,0,3.61,0,0,0,1,51.76,0.472847222,45209,99.48,55.09,--.--
low,2,1541,25.68,15.78,3.58,1964,56.4924,1.75,30.27675375,0.014527778,3.8,0,92,0,0,0,0.1,0,0,0,-29.3,-28.7,-8.76,-8.731,0,1.03,8575.8,0.015162037,175.6,0,--.--,276,178.1,46,0000:00:00,78,0,80,0,30,0,0,3.38,0,0,0,1,56.48,0.472858796,45209,99.5,55.09,--.--
low,2,1542,25.7,15.69,3.37,1965,52.8753,1.72,30.29372875,0.014539352,1.2,0.4,94,0,0,0,0,0,0,-0.1,-29.4,-28.9,-8.8,-8.749,0,1.03,8575.8,0.015173611,175.7,0,--.--,276,178.3,51,0000:00:00,78,0,80,0,30,0,0,3.38,0,0,0,1,52.89,0.47287037,45209,99.5,55.09,--.--
low,2,1543,25.72,15.77,3.84,1966,60.5568,1.78,30.31059389,0.014550926,4.4,-0.6,97,0,0,0,0.1,0,0,0,-29.6,-29,-8.85,-8.86,0,0.94,8575.8,0.015185185,175.9,0,--.--,276,178.4,52,0000:00:00,78,0,80,0,30,0,0,3.08,0,0,0,1,60.55,0.472881944,45209,99.5,55.09,--.--
low,2,1544,25.73,15.77,3.52,1967,55.5104,1.74,30.32732761,0.0145625,5.7,-1.5,99,0,0,0,0.1,0,0,0,-29.6,-29.1,-8.86,-8.899,0,0.91,8575.8,0.015196759,176,0,--.--,276,178.6,51,0000:00:00,78,0,80,0,30,0,0,2.99,0,0,0,1,55.51,0.472893519,45209,99.5,55.08,--.--
low,2,1545,25.75,15.78,3.2,1968,50.496,1.7,30.34327283,0.014575231,6.8,-1.7,103,0,0,0,0,0,0,0,-29.5,-29,-8.84,-8.865,0,0.93,8575.8,0.015208333,176.1,0,--.--,277,178.6,49,0000:00:00,78,0,80,0,30,0,0,3.05,0,0,0,1,50.51,0.472905093,45209,99.5,55.09,--.--
low,2,1546,25.77,15.76,4.22,1969,66.5072,1.82,30.35921806,0.014585648,5.2,-2.5,101,0,0,0,0.1,0,0,0,-29.5,-28.9,-8.82,-8.837,0,0.93,8575.8,0.015219907,176.2,0,--.--,277,178.8,48,0000:00:00,78,0,80,0,30,0,0,3.05,0,0,0,1,66.49,0.472916667,45209,99.5,55.09,--.--
low,2,1547,25.78,15.75,3.88,1970,61.11,1.79,30.37472522,0.01459838,4.2,-1.3,103,0,0,0,0.1,0,0,0,-29.5,-28.9,-8.81,-8.805,0,1.03,8575.8,0.015231481,176.4,0,--.--,277,179,47,0000:00:00,78,0,80,0,30,0,0,3.38,0,0,0,1,61.09,0.472928241,45209,99.5,55.09,--.--
low,2,1548,25.8,15.77,3.85,1971,60.7145,1.78,30.39250536,0.014609954,5.1,-2.3,101,0,0,0,0.1,0,0,0,-29.5,-28.9,-8.82,-8.819,0,1.04,8575.8,0.015243056,176.6,0,--.--,277,179.2,48,0000:00:00,78,0,80,0,30,0,0,3.41,0,0,0,1,60.7,0.472939815,45209,99.5,55.08,--.--
low,2,1549,25.82,15.77,3.82,1972,60.2414,1.78,30.41033269,0.014621528,4.1,-1.8,98,0,0,0,0.1,0,0,0,-29.5,-29,-8.83,-8.837,0,1.07,8575.8,0.01525463,176.8,0,--.--,277,179.3,48,0000:00:00,78,0,80,0,30,0,0,3.51,0,0,0,1,60.23,0.472951389,45209,99.54,55.09,--.--
low,2,1550,25.83,15.77,3.64,1973,57.4028,1.76,30.42709958,0.014633102,4.8,-1.3,101,0,0,0,0.1,0,0,0,-29.5,-29,-8.83,-8.841,0,1.05,8575.8,0.015266204,177,0,--.--,277,179.5,48,0000:00:00,78,0,80,0,30,0,0,3.44,0,0,0,1,57.38,0.472962963,45209,99.54,55.09,--.--
low,2,1551,25.85,15.77,3.64,1974,57.4028,1.76,30.44360381,0.014644676,4.9,-0.8,101,0,0,0,0.1,0,0,0,-29.5,-29,-8.84,-8.845,0,1.06,8575.8,0.015277778,177.3,0,--.--,277,179.8,48,0000:00:00,78,0,80,0,30,0,0,3.48,0,0,0,1,57.41,0.472974537,45209,99.55,55.09,--.--
low,2,1552,25.87,15.77,3.54,1975,55.8258,1.75,30.45924239,0.01465625,1.9,-0.8,100,0,0,0,0.1,0,0,0,-29.5,-29,-8.84,-8.858,0,1.05,8575.8,0.015289352,177.5,0,--.--,277,180.1,37,0000:00:00,78,0,80,0,30,0,0,3.44,0,0,0,1,55.84,0.472986111,45209,99.55,55.09,--.--
low,2,1553,25.88,15.65,4.09,1977,64.0085,1.81,30.47662217,0.014667824,3.6,-0.9,98,0,0,0,0,0,0,0,-29.8,-29.3,-8.92,-8.922,0,0.97,8575.8,0.015300926,177.7,0,--.--,277,180.2,53,0000:00:00,78,0,80,0,30,0,0,3.18,0,0,0,1,64.02,0.472997685,45209,99.55,55.09,--.--
low,2,1554,25.9,15.73,4.08,1978,64.1784,1.81,30.49698378,0.014679398,4.5,-0.6,98,0,0,0,0,0,0,0,-29.9,-29.4,-8.96,-9.022,0,0.93,8575.8,0.0153125,177.8,0,--.--,277,180.3,53,0000:00:00,78,0,80,0,30,0,0,3.05,0,0,0,1,64.19,0.473009259,45209,99.55,55.09,--.--
low,2,1555,25.92,15.76,3.83,1979,60.3608,1.78,30.52536978,0.014690972,6.2,-2.1,97,0,0,0,0,0,0,0,-29.9,-29.3,-8.94,-9.018,0,0.9,8575.8,0.015324074,177.9,0,--.--,277,180.4,51,0000:00:00,78,0,80,0,30,0,0,2.95,0,0,0,1,60.38,0.473020833,45209,99.57,55.09,--.--
low,2,1556,25.93,15.76,3.77,1980,59.4152,1.77,30.54283711,0.014702546,5.8,-1.8,100,0,0,0,0,0,0,0,-29.7,-29.2,-8.9,-8.942,0,0.91,8575.8,0.015335648,178,0,--.--,277,180.5,49,0000:00:00,78,0,80,0,30,0,0,2.99,0,0,0,1,59.41,0.473032407,45209,99.59,55.08,--.--
low,2,1557,25.95,15.77,3.57,1981,56.2989,1.75,30.5585195,0.01471412,6.6,-2.3,97,0,0,0,0.1,0,0,0,-29.7,-29.1,-8.87,-8.877,0,0.97,8575.8,0.015347222,178.2,0,--.--,277,180.7,48,0000:00:00,78,0,80,0,30,0,0,3.18,0,0,0,1,56.29,0.473043981,45209,99.59,55.09,--.--
low,2,1558,25.97,15.76,3.97,1982,62.5672,1.8,30.57436706,0.014725694,5.8,-3.1,97,0,0,0,0.1,0,0,0,-29.6,-29.1,-8.86,-8.856,0,0.97,8575.8,0.015358796,178.4,0,--.--,277,180.9,48,0000:00:00,78,0,80,0,30,0,0,3.18,0,0,0,1,62.57,0.473055556,45209,99.59,55.08,--.--
low,2,1559,25.98,15.73,4.66,1984,73.3018,1.87,30.60198194,0.014737269,5.4,-3.1,96,0,0,0,0.1,0,0,0,-29.6,-29,-8.85,-8.819,0,0.99,8575.8,0.01537037,178.7,0,--.--,277,181.2,59,0000:00:00,78,0,80,0,30,0,0,3.25,0,0,0,1,73.33,0.47306713,45209,99.59,55.08,--.--
low,2,1560,26,15.77,6.48,1985,102.1896,2.01,30.62185706,0.014748843,3.6,-1.1,96,0,0,0,0,0,0,0,-29.3,-28.7,-8.76,-8.747,0,1.17,8575.8,0.015381944,178.9,0,--.--,277,181.4,42,0000:00:00,78,0,80,0,30,0,0,3.84,0,0,0,1,102.17,0.473078704,45209,99.61,55.09,--.--
low,2,1561,26.02,15.76,3.99,1986,62.8824,1.8,30.63822994,0.014760417,4.6,-2.8,97,0,0,0,0.1,0,0,0,-29.2,-28.6,-8.73,-8.668,0,1.19,8575.8,0.015393519,179.1,0,--.--,277,181.6,45,0000:00:00,78,0,80,0,30,0,0,3.9,0,0,0,1,62.9,0.473090278,45209,99.61,55.08,--.--
low,2,1562,26.03,15.77,3.58,1987,56.4566,1.75,30.65990239,0.014771991,3.7,-2.2,97,0,0,0,0,0,0,-0.1,-29.3,-28.7,-8.76,-8.658,0,1.18,8575.8,0.015405093,179.3,0,--.--,277,181.7,46,0000:00:00,78,0,80,0,30,0,0,3.87,0,0,0,1,56.45,0.473101852,45209,99.61,55.09,--.--
low,2,1563,26.05,15.76,3.62,1989,57.0512,1.76,30.67491817,0.014783565,7.9,-1.6,97,0,0,0,0.1,0,0,0,-29.5,-28.9,-8.82,-8.772,0,1.08,8575.8,0.015416667,179.4,0,--.--,277,181.9,48,0000:00:00,78,0,80,0,30,0,0,3.54,0,0,0,1,57.04,0.473113426,45209,99.61,55.09,--.--
low,2,1564,26.07,15.73,6.32,1990,99.4136,2,30.69024039,0.014795139,4.5,-1.5,97,0,0,0,0.1,0,0,0,-29.5,-28.9,-8.82,-8.844,0,1.07,8582.4,0.015428241,179.6,0,--.--,277,182.1,45,0000:00:00,78,0,80,0,30,0,0,3.51,0,0,0,1,99.44,0.473125,45209,99.63,55.08,--.--
low,2,1565,26.08,15.76,4.54,1992,71.5504,1.85,30.70751067,0.014806713,6.2,-1.6,98,0,0,0,0.1,0,0,0,-29.5,-28.9,-8.81,-8.832,0,1.08,8582.4,0.015439815,179.8,0,--.--,277,182.3,60,0000:00:00,78,0,80,0,30,0,0,3.54,0,0,0,1,71.57,0.473136574,45209,99.63,55.08,--.--
low,2,1566,26.1,15.76,3.74,1993,58.9424,1.77,30.72327067,0.014818287,7.2,-2.7,97,0,0,0,0.1,0,0,0,-29.4,-28.8,-8.79,-8.81,0,1.07,8582.4,0.015451389,180.1,0,--.--,277,182.5,48,0000:00:00,78,0,80,0,30,0,0,3.51,0,0,0,1,58.94,0.473148148,45209,99.63,55.09,--.--
low,2,1567,26.12,15.73,4.96,1994,78.0208,1.89,30.74069422,0.014829861,4.5,-2.9,97,0,0,0,0.1,0,0,0,-29.3,-28.7,-8.76,-8.774,0,1.03,8582.4,0.015462963,180.4,0,--.--,277,182.8,42,0000:00:00,78,0,80,0,30,0,0,3.38,0,0,0,1,78.03,0.473159722,45209,99.64,55.08,--.--
low,2,1568,26.13,15.76,3.43,1995,54.0568,1.73,30.75741733,0.014841435,6.4,-2,97,0,0,0,0.1,0,0,0.1,-29.1,-28.6,-8.72,-8.732,0,1.02,8582.4,0.015474537,180.6,0,--.--,277,183,42,0000:00:00,78,0,80,0,30,0,0,3.35,0,0,0,1,54.06,0.473171296,45209,99.63,55.08,--.--
low,2,1569,26.15,15.76,3.5,1996,55.16,1.74,30.77391108,0.014853009,4.9,-3.6,97,0,0,0,0.1,0,0,0,-29,-28.5,-8.69,-8.659,0,1.11,8582.4,0.015486111,180.7,0,--.--,277,183.2,45,0000:00:00,78,0,80,0,30,0,0,3.64,0,0,0,1,55.17,0.47318287,45209,99.64,55.08,--.--
low,2,1570,26.17,15.74,3.95,1997,62.173,1.79,30.78819169,0.014864583,5,-3.5,97,0,0,0,0.1,0,0,0,-29,-28.4,-8.67,-8.616,0,1.13,8582.4,0.015497685,181,0,--.--,277,183.4,45,0000:00:00,78,0,80,0,30,0,0,3.71,0,0,0,1,62.19,0.473194444,45209,99.64,55.08,--.--
low,2,1571,26.18,15.76,3.6,1998,56.736,1.75,30.80273514,0.014876157,5.1,-3.5,96,0,0,0,0.1,0,0,0,-29,-28.4,-8.66,-8.599,0,1.04,8582.4,0.015509259,181.2,0,--.--,277,183.7,42,0000:00:00,78,0,80,0,30,0,0,3.41,0,0,0,1,56.74,0.473206019,45209,99.66,55.08,--.--
low,2,1572,26.2,15.76,3.98,1999,62.7248,1.8,30.81705956,0.014887731,5.8,-1.4,97,0,0,0,0.1,0,0,0,-29.2,-28.6,-8.72,-8.669,0,0.99,8582.4,0.015520833,181.4,0,--.--,277,183.8,47,0000:00:00,78,0,80,0,30,0,0,3.25,0,0,0,1,62.73,0.473217593,45209,99.66,55.08,--.--
low,2,1573,26.22,15.76,3.82,2000,60.2032,1.78,30.83356378,0.014899306,7.3,-1.5,97,0,0,0,0.1,0,0,0,-29.3,-28.7,-8.76,-8.75,0,0.96,8582.4,0.015532407,181.5,0,--.--,277,184,48,0000:00:00,78,0,80,0,30,0,0,3.15,0,0,0,1,60.19,0.473229167,45209,99.66,55.08,--.--
low,2,1574,26.23,15.75,3.77,2001,59.3775,1.77,30.84837006,0.01491088,7,-2.1,97,0,0,0,0.1,0,0,0,-29.3,-28.8,-8.77,-8.788,0,0.86,8582.4,0.015543981,181.7,0,--.--,277,184.2,48,0000:00:00,78,0,80,0,30,0,0,2.82,0,0,0,1,59.39,0.473240741,45209,99.66,55.08,--.--
low,2,1575,26.25,15.77,3.26,2002,51.4102,1.71,30.86426139,0.014922454,5.7,-2.2,96,0,0,0,0.1,0,0,0,-29.3,-28.7,-8.76,-8.767,0,0.87,8582.4,0.015555556,181.9,0,--.--,277,184.5,48,0000:00:00,78,0,80,0,30,0,0,2.85,0,0,0,1,51.41,0.473252315,45209,99.66,55.09,--.--
low,2,1576,26.27,15.77,3.32,2003,52.3564,1.72,30.88111583,0.014934028,5.4,-1.6,97,0,0,0,0.1,0,0,0,-29.3,-28.7,-8.75,-8.752,0,0.85,8582.4,0.01556713,182.1,0,--.--,277,184.7,47,0000:00:00,78,0,80,0,30,0,0,2.79,0,0,0,1,52.37,0.473263889,45209,99.66,55.08,--.--
low,2,1577,26.28,15.77,3.27,2004,51.5679,1.71,30.89548406,0.014945602,5.4,-2.9,97,0,0,0,0.1,0,0,0,-29.2,-28.7,-8.74,-8.754,0,0.85,8582.4,0.015578704,182.3,0,--.--,277,184.8,49,0000:00:00,78,0,80,0,30,0,0,2.79,0,0,0,1,51.57,0.473275463,45209,99.7,55.08,--.--
low,2,1578,26.3,15.76,3.77,2006,59.4152,1.77,30.91059272,0.014957176,5.3,-2,98,0,0,0,0.1,0,0,0,-29.1,-28.6,-8.72,-8.738,0,0.95,8582.4,0.015590278,182.5,0,--.--,277,185,44,0000:00:00,78,0,80,0,30,0,0,3.12,0,0,0,1,59.41,0.473287037,45209,99.66,55.08,--.--
low,2,1579,26.32,15.77,3.38,2007,53.3026,1.73,30.92578361,0.01496875,5.5,-3.1,97,0,0,0,0.1,0,0,0,-29.1,-28.5,-8.7,-8.687,0,0.73,8582.4,0.015601852,182.7,0,--.--,277,185.2,46,0000:00:00,78,0,80,0,30,0,0,2.4,0,0,0,1,53.3,0.473298611,45209,99.7,55.08,--.--
low,2,1580,26.33,15.76,3.63,2008,57.2088,1.76,30.94141228,0.014980324,5.8,-3.4,98,0,0,0,0.1,0,0,0,-29,-28.5,-8.69,-8.666,0,0.79,8582.4,0.015613426,182.9,0,--.--,277,185.4,46,0000:00:00,78,0,80,0,30,0,0,2.59,0,0,0,1,57.21,0.473310185,45209,99.7,55.09,--.--
low,2,1581,26.35,15.76,3.85,2009,60.676,1.78,30.95630617,0.014991898,5.4,-2.6,98,0,0,0,0.1,0,0,0,-29.1,-28.5,-8.69,-8.672,0,0.82,8582.4,0.015625,183.2,0,--.--,277,185.7,52,0000:00:00,78,0,80,0,30,0,0,2.69,0,0,0,1,60.66,0.473321759,45209,99.7,55.08,--.--
low,2,1582,26.37,15.77,3.28,2010,51.7256,1.71,30.97437492,0.015003472,4.8,-3.6,97,0,0,0,0.1,0,0,0.1,-29,-28.5,-8.68,-8.682,0,0.86,8582.4,0.015636574,183.4,0,--.--,277,185.9,59,0000:00:00,78,0,80,0,30,0,0,2.82,0,0,0,1,51.72,0.473333333,45209,99.72,55.08,--.--
low,2,1583,26.38,15.72,3.46,2011,54.3912,1.74,30.9884365,0.015015046,5.8,-2.1,97,0,0,0,0.1,0,0,0,-28.9,-28.3,-8.64,-8.636,0,0.88,8582.4,0.015648148,183.6,0,--.--,277,186.1,46,0000:00:00,78,0,80,0,30,0,0,2.89,0,0,0,1,54.38,0.473344907,45209,99.72,55.08,--.--
low,2,1584,26.4,15.76,3.47,2012,54.6872,1.74,31.00441539,0.01502662,5.8,-4.2,96,0,0,0,0.1,0,0,0,-28.9,-28.3,-8.63,-8.598,0,0.85,8582.4,0.015659722,183.7,0,--.--,277,186.3,45,0000:00:00,78,0,80,0,30,0,0,2.79,0,0,0,1,54.7,0.473356481,45209,99.73,55.08,--.--
low,2,1585,26.42,15.76,3.57,2012,56.2632,1.75,31.02531064,0.015038194,6.2,-3.4,97,0,0,0,0.1,0,0,0,-28.9,-28.3,-8.63,-8.599,0,0.85,8582.4,0.015671296,183.9,0,--.--,277,186.4,46,0000:00:00,78,0,80,0,30,0,0,2.79,0,0,0,1,56.28,0.473368056,45209,99.73,55.09,--.--
low,2,1586,26.43,15.77,3.4,2013,53.618,1.73,31.03981028,0.015049769,6.1,-4,96,0,0,0,0.1,0,0,0.2,-28.7,-28.1,-8.58,-8.603,0,0.86,8582.4,0.01568287,184.1,0,--.--,277,186.6,60,0000:00:00,78,0,80,0,30,0,0,2.82,0,0,0,1,53.62,0.47337963,45209,99.73,55.08,--.--
low,2,1587,26.45,15.75,4.13,2015,65.0475,1.81,31.05444133,0.015061343,5.3,-4.3,96,0,0,0,0,0,0,0,-28.4,-27.9,-8.49,-8.488,0,0.97,8582.4,0.015694444,184.2,0,--.--,277,186.7,44,0000:00:00,78,0,80,0,30,0,0,3.18,0,0,0,1,65.05,0.473391204,45209,99.73,55.08,--.--
low,2,1588,26.47,15.77,3.21,2016,50.6217,1.7,31.06872194,0.015072917,6.5,-2.3,96,0,0,0,0,0,0,0,-28.2,-27.7,-8.44,-8.378,0,1.11,8582.4,0.015706019,184.3,0,--.--,277,186.8,43,0000:00:00,78,0,80,0,30,0,0,3.64,0,0,0,1,50.62,0.473402778,45209,99.75,55.08,--.--
low,2,1589,26.48,15.76,3.65,2017,57.524,1.76,31.08374725,0.015084491,5.8,-3.9,95,0,0,0,0,0,0,0,-28.2,-27.7,-8.44,-8.356,0,1.07,8582.4,0.015717593,184.4,0,--.--,277,187,46,0000:00:00,78,0,80,0,30,0,0,3.51,0,0,0,1,57.51,0.473414352,45209,99.75,55.06,--.--
low,2,1590,26.5,15.77,4.77,2018,75.2229,1.88,31.09780883,0.015096065,5.7,-2.1,96,0,0,0,0,0,0,0,-28.2,-27.7,-8.44,-8.375,0,1.17,8582.4,0.015729167,184.5,0,--.--,276,187.1,44,0000:00:00,78,0,80,0,30,0,0,3.84,0,0,0,1,75.24,0.473425926,45209,99.75,55.08,--.--
low,2,1591,26.52,15.77,3.31,2019,52.1987,1.72,31.11287794,0.015107639,5.3,-1.7,96,0,0,0,0,0,0,0,-28.2,-27.7,-8.44,-8.406,0,1.16,8582.4,0.015740741,184.6,0,--.--,276,187.1,45,0000:00:00,78,0,80,0,30,0,0,3.81,0,0,0,1,52.2,0.4734375,45209,99.75,55.08,--.--
low,2,1592,26.53,15.77,3.34,2020,52.6718,1.72,31.12772803,0.015119213,6.5,-2.8,97,0,0,0,0,0,0,0,-28.3,-27.8,-8.46,-8.428,0,1.09,8582.4,0.015752315,184.6,0,--.--,276,187.4,46,0000:00:00,78,0,80,0,30,0,0,3.58,0,0,0,1,52.66,0.473449074,45209,99.77,55.08,--.--
low,2,1593,26.55,15.77,3.26,2021,51.4102,1.71,31.14331292,0.015130787,6.2,-2.2,97,0,0,0,0,0,0,0,-28.3,-27.8,-8.46,-8.447,0,1.16,8582.4,0.015763889,184.7,0,--.--,276,187.5,46,0000:00:00,78,0,80,0,30,0,0,3.81,0,0,0,1,51.42,0.473460648,45209,99.77,55.08,--.--
low,2,1594,26.57,15.77,3.43,2022,54.0911,1.73,31.16352269,0.015142361,6.2,-2.4,96,0,0,0,0,0,0,0,-28.3,-27.8,-8.47,-8.463,0,1.07,8582.4,0.015775463,184.8,0,--.--,276,187.6,46,0000:00:00,78,0,80,0,30,0,0,3.51,0,0,0,1,54.08,0.473472222,45209,99.77,55.08,--.--
low,2,1595,26.58,15.77,3.21,2023,50.6217,1.7,31.17980803,0.015153935,6.3,-2,96,0,0,0,0,0,0,0,-28.3,-27.8,-8.48,-8.469,0,1.12,8582.4,0.015787037,185,0,--.--,276,187.7,47,0000:00:00,78,0,80,0,30,0,0,3.67,0,0,0,1,50.63,0.473483796,45209,99.77,55.08,--.--
low,2,1596,26.6,15.77,3.44,2024,54.2488,1.73,31.19645414,0.015165509,6.2,-2,97,0,0,0,0,0,0,0,-28.4,-27.9,-8.49,-8.501,0,1.11,8582.4,0.015798611,185.1,0,--.--,276,187.8,46,0000:00:00,78,0,80,0,30,0,0,3.64,0,0,0,1,54.23,0.47349537,45209,99.77,55.09,--.--
low,2,1597,26.62,15.77,3.39,2025,53.4603,1.73,31.21099758,0.015177083,7.4,-3.6,98,0,0,0,0,0,0,0,-28.5,-28,-8.54,-8.562,0,1.02,8582.4,0.015810185,185.2,0,--.--,276,187.9,49,0000:00:00,78,0,80,0,30,0,0,3.35,0,0,0,1,53.46,0.473506944,45209,99.79,55.09,--.--
low,2,1598,26.63,15.76,3.56,2026,56.1056,1.75,31.22614469,0.015188657,6.2,-0.1,97,0,0,0,0.1,0,0,0,-28.6,-28.1,-8.55,-8.596,0,0.94,8582.4,0.015821759,185.3,0,--.--,276,188,49,0000:00:00,78,0,80,0,30,0,0,3.08,0,0,0,1,56.11,0.473518519,45209,99.79,55.08,--.--
low,2,1599,26.65,15.68,4.64,2027,72.7552,1.86,31.24221114,0.015200231,4.9,-1.9,100,0,0,0,0.1,0,0,0,-28.6,-28.1,-8.55,-8.616,0,1,8582.4,0.015833333,185.5,0,--.--,276,188.2,49,0000:00:00,78,0,80,0,30,0,0,3.28,0,0,0,1,72.77,0.473530093,45209,99.79,55.09,--.--
low,2,1600,26.67,15.76,3.72,2028,58.6272,1.77,31.25679839,0.015211806,6.5,-0.6,99,0,0,0,0.1,0,0,0,-28.6,-28,-8.54,-8.613,0,0.97,8582.4,0.015844907,185.7,0,--.--,276,188.5,50,0000:00:00,78,0,80,0,30,0,0,3.18,0,0,0,1,58.63,0.473541667,45209,99.79,55.09,--.--
low,2,1601,26.68,15.77,3.8,2029,59.926,1.78,31.27085106,0.01522338,5,-3.6,97,0,0,0,0.1,0,0,0,-28.5,-28,-8.54,-8.592,0,1,8582.4,0.015856481,185.9,0,--.--,276,188.7,50,0000:00:00,78,0,80,0,30,0,0,3.28,0,0,0,1,59.92,0.473553241,45209,99.79,55.09,--.--
low,2,1602,26.7,15.77,3.32,2030,52.3564,1.72,31.28564794,0.015234954,5.9,-0.1,99,0,0,0,0.1,0,0,0,-28.5,-28,-8.52,-8.568,0,1.08,8582.4,0.015868056,186.1,0,--.--,277,188.8,49,0000:00:00,78,0,80,0,30,0,0,3.54,0,0,0,1,52.34,0.473564815,45209,99.79,55.08,--.--
low,2,1603,26.72,15.76,3.46,2031,54.5296,1.74,31.30091669,0.015246528,7,-2.4,99,0,0,0,0.1,0,0,0,-28.5,-28,-8.52,-8.552,0,1.03,8589,0.01587963,186.3,0,--.--,277,189.1,49,0000:00:00,78,0,80,0,30,0,0,3.38,0,0,0,1,54.53,0.473576389,45209,99.79,55.08,--.--
low,2,1604,26.73,15.76,3.67,2032,57.8392,1.76,31.31736669,0.015258102,6,-1.5,99,0,0,0,0.1,0,0,0,-28.5,-27.9,-8.51,-8.547,0,1.12,8589,0.015891204,186.6,0,--.--,277,189.3,49,0000:00:00,78,0,80,0,30,0,0,3.67,0,0,0,1,57.83,0.473587963,45209,99.82,55.09,--.--
low,2,1605,26.75,15.77,3.33,2033,52.5141,1.72,31.33447294,0.015269676,6.2,-2.4,99,0,0,0,0.1,0,0,0,-28.4,-27.9,-8.5,-8.526,0,1.18,8589,0.015902778,186.9,0,--.--,277,189.6,48,0000:00:00,78,0,80,0,30,0,0,3.87,0,0,0,1,52.5,0.473599537,45209,99.82,55.09,--.--
low,2,1606,26.77,15.76,3.21,2034,50.5896,1.7,31.35063719,0.01528125,5.6,-4.4,98,0,0,0,0.1,0,0,-0.1,-28.5,-27.9,-8.51,-8.514,0,1.18,8589,0.015914352,187.1,0,--.--,277,189.8,37,0000:00:00,78,0,80,0,30,0,0,3.87,0,0,0,1,50.6,0.473611111,45209,99.82,55.08,--.--
low,2,1607,26.78,15.76,3.38,2035,53.2688,1.73,31.36651844,0.015292824,8.1,-1.6,98,0,0,0,0.1,0,0,0,-28.6,-28.1,-8.55,-8.574,0,1.14,8589,0.015925926,187.3,0,--.--,277,190,48,0000:00:00,78,0,80,0,30,0,0,3.74,0,0,0,1,53.27,0.473622685,45209,99.82,55.08,--.--
low,2,1608,26.8,15.75,3.49,2036,54.9675,1.74,31.38083378,0.015304398,5.9,-1,99,0,0,0,0.1,0,0,0,-28.6,-28.1,-8.57,-8.596,0,1.06,8589,0.0159375,187.5,0,--.--,277,190.2,49,0000:00:00,78,0,80,0,30,0,0,3.48,0,0,0,1,54.97,0.473634259,45209,99.82,55.08,--.--
low,2,1609,26.82,15.75,3.76,2037,59.22,1.77,31.39419447,0.015315972,6.9,-2.5,99,0,0,0,0.1,0,0,0,-28.7,-28.1,-8.57,-8.612,0,1.03,8589,0.015949074,187.8,0,--.--,277,190.5,50,0000:00:00,78,0,80,0,30,0,0,3.38,0,0,0,1,59.23,0.473645833,45209,99.82,55.08,--.--
low,2,1610,26.83,15.75,3.91,2038,61.5825,1.79,31.40942914,0.015327546,7.4,-3.2,99,0,0,0,0.1,0,0,0,-28.6,-28.1,-8.57,-8.61,0,1.03,8589,0.015960648,188.2,0,--.--,277,186.8,50,0000:00:00,78,0,80,0,30,0,0,3.38,0,0,0,1,61.57,0.473657407,45209,99.82,55.08,--.--
low,2,1611,26.85,15.77,3.69,2039,58.1913,1.76,31.44088539,0.01533912,6.6,-2.2,97,0,0,0,0.1,0,0,0,-28.6,-28.1,-8.56,-8.594,0,1.09,8589,0.015972222,188.6,0,--.--,277,187.2,50,0000:00:00,78,0,80,0,30,0,0,3.58,0,0,0,1,58.17,0.473668981,45209,99.86,55.08,--.--
low,2,1612,26.87,15.75,3.63,2040,57.1725,1.76,31.46228206,0.015350694,6.9,-2.2,93,0,0,0,0.1,0,0,0,-28.6,-28.1,-8.54,-8.57,0,1.15,8589,0.015983796,188.8,0,--.--,277,187.8,49,0000:00:00,78,0,80,0,30,0,0,3.77,0,0,0,1,57.18,0.473680556,45209,99.86,55.08,--.--
low,2,1613,26.88,15.76,3.27,2041,51.5352,1.71,31.47823356,0.015362269,5.5,-1.1,96,0,0,0,0.1,0,0,0,-28.5,-28,-8.53,-8.55,0,1.1,8589,0.01599537,189,0,--.--,277,188,46,0000:00:00,78,0,80,0,30,0,0,3.61,0,0,0,1,51.54,0.47369213,45209,99.86,55.08,--.--
low,2,1614,26.9,15.77,3.05,2042,48.0985,1.68,31.49853856,0.015373843,6.8,-2.3,92,0,0,0,0,0,0,0,-28.6,-28.1,-8.55,-8.557,0,1.09,8589,0.016006944,189.1,0,--.--,277,188.1,49,0000:00:00,78,0,80,0,30,0,0,3.58,0,0,0,1,48.08,0.473703704,45209,99.86,55.08,--.--
low,2,1615,26.92,15.76,3.48,2043,54.8448,1.74,31.51267878,0.015385417,5.5,-0.2,90,0,0,0,0,0,0,0,-28.6,-28.1,-8.55,-8.556,0,1.12,8589,0.016018519,189.2,0,--.--,277,188.2,49,0000:00:00,78,0,80,0,30,0,0,3.67,0,0,0,1,54.84,0.473715278,45209,99.88,55.06,--.--
low,2,1616,26.93,15.75,7.19,2044,113.2425,2.05,31.52655633,0.015396991,5.4,-2.7,88,0,0,0,0.1,0,0,0.1,-28.5,-28,-8.52,-8.57,0,1.08,8589,0.016030093,189.3,0,--.--,277,188.3,59,0000:00:00,78,0,80,0,30,0,0,3.54,0,0,0,1,113.27,0.473726852,45209,99.9,55.08,--.--
low,2,1617,26.95,15.72,4.9,2045,77.028,1.89,31.54103758,0.015408565,6.2,-1.4,86,0,0,0,0.1,0,0,0,-28.3,-27.8,-8.47,-8.489,0,1.18,8589,0.016041667,189.6,0,--.--,277,188.6,47,0000:00:00,78,0,80,0,30,0,0,3.87,0,0,0,1,77.01,0.473738426,45209,99.88,55.08,--.--
low,2,1618,26.97,15.69,3.66,2046,57.4254,1.76,31.55521258,0.015420139,6,-1.9,79,0,0,0,0.1,0,0,0,-28.3,-27.7,-8.45,-8.425,0,1.23,8589,0.016053241,189.9,0,--.--,277,188.9,47,0000:00:00,78,0,80,0,30,0,0,4.04,0,0,0,1,57.43,0.47375,45209,99.88,55.06,--.--
low,2,1619,26.98,15.72,4.65,2048,73.098,1.86,31.57048133,0.015431713,4.6,-1.5,81,0,0,0,0.1,0,0,0,-28.3,-27.7,-8.45,-8.419,0,1.24,8589,0.016064815,190.2,0,--.--,277,189.3,47,0000:00:00,78,0,80,0,30,0,0,4.07,0,0,0,1,73.12,0.473761574,45209,99.9,55.08,--.--
low,2,1620,27,15.76,3.23,2049,50.9048,1.71,31.58866978,0.015443287,6.5,-2.8,85,0,0,0,0.1,0,0,0,-28.3,-27.8,-8.46,-8.426,0,1.21,8589,0.016076389,190.5,0,--.--,277,189.6,50,0000:00:00,78,0,80,0,30,0,0,3.97,0,0,0,1,50.91,0.473773148,45209,99.9,55.08,--.--
low,2,1621,27.02,15.76,3.17,2050,49.9592,1.7,31.60333533,0.015454861,4.8,-1.1,93,0,0,0,0,0,0,0,-28.3,-27.7,-8.45,-8.424,0,1.26,8589,0.016087963,190.7,0,--.--,277,189.7,46,0000:00:00,78,0,80,0,30,0,0,4.13,0,0,0,1,49.95,0.473784722,45209,99.9,55.08,--.--
low,2,1622,27.03,15.75,3.31,2051,52.1325,1.72,31.61842908,0.015466435,3.8,-3.2,99,0,0,0,0.1,0,0,0,-28.3,-27.7,-8.45,-8.421,0,1.25,8589,0.016099537,190.8,0,--.--,277,189.8,47,0000:00:00,78,0,80,0,30,0,0,4.1,0,0,0,1,52.12,0.473796296,45209,99.91,55.08,--.--
low,2,1623,27.05,15.75,3.24,2052,51.03,1.71,31.63326975,0.015478009,4.5,-2.2,105,0,0,0,0.1,0,0,0,-28.3,-27.8,-8.46,-8.439,0,1.25,8589,0.016111111,190.9,0,--.--,277,189.9,47,0000:00:00,78,0,80,0,30,0,0,4.1,0,0,0,1,51.03,0.47380787,45209,99.91,55.06,--.--
low,2,1624,27.07,15.75,3.49,2052,54.9675,1.74,31.64784775,0.015489583,3.7,-1.9,104,0,0,0,0.1,0,0,0,-28.3,-27.8,-8.46,-8.444,0,1.26,8589,0.016122685,190.9,0,--.--,277,190,48,0000:00:00,78,0,80,0,30,0,0,4.13,0,0,0,1,54.95,0.473819444,45209,99.91,55.08,--.--
low,2,1625,27.08,15.74,4.16,2054,65.4784,1.82,31.66528183,0.015501157,4.9,-2.8,104,0,0,0,0.1,0,0,0,-28.4,-27.8,-8.48,-8.464,0,1.24,8589,0.016134259,191.2,0,--.--,277,190.2,49,0000:00:00,78,0,80,0,30,0,0,4.07,0,0,0,1,65.47,0.473831019,45209,99.91,55.08,--.--
low,2,1626,27.1,15.76,3.35,2055,52.796,1.72,31.70667208,0.015512731,5,-3.2,103,0,0,0,0.1,0,0,0,-28.4,-27.9,-8.49,-8.501,0,1.24,8589,0.016145833,191.4,0,--.--,277,190.4,49,0000:00:00,78,0,80,0,30,0,0,4.07,0,0,0,1,52.79,0.473842593,45209,99.93,55.08,--.--
low,2,1627,27.12,15.75,3.45,2056,54.3375,1.74,31.72372375,0.015524306,3.5,-1.9,103,0,0,0,0.1,0,0,0,-28.4,-27.9,-8.49,-8.498,0,1.25,8589,0.016157407,191.6,0,--.--,277,190.6,49,0000:00:00,78,0,80,0,30,0,0,4.1,0,0,0,1,54.34,0.473854167,45209,99.91,55.08,--.--
low,2,1628,27.13,15.76,3.39,2056,53.4264,1.73,31.74290561,0.01553588,4.1,-2.6,103,0,0,0,0,0,0,0,-28.4,-27.8,-8.48,-8.486,0,1.27,8589,0.016168981,191.7,0,--.--,277,190.7,49,0000:00:00,78,0,80,0,30,0,0,4.17,0,0,0,1,53.42,0.473865741,45209,99.93,55.08,--.--
low,2,1629,27.15,15.76,3.33,2057,52.4808,1.72,31.76159494,0.015547454,2.3,-2.9,103,0,0,0,0,0,0,0.1,-28.3,-27.8,-8.47,-8.488,0,1.28,8589,0.016180556,191.8,0,--.--,277,190.8,43,0000:00:00,78,0,80,0,30,0,0,4.2,0,0,0,1,52.47,0.473877315,45209,99.93,55.08,--.--
low,2,1630,27.17,15.73,3.99,2059,62.7627,1.8,31.80092717,0.015559028,2.7,-5.8,103,0,0,0,0,0,0,-0.1,-28.3,-27.8,-8.48,-8.457,0,1.25,8589,0.01619213,191.9,0,--.--,277,190.9,36,0000:00:00,78,0,80,0,30,0,0,4.1,0,0,0,1,62.76,0.473888889,45209,99.93,55.08,--.--
low,2,1631,27.18,15.57,9.57,2061,149.0049,2.17,31.82172967,0.015570602,4.5,-2.4,104,0,0,0,0,0,0,-0.1,-28.7,-28.2,-8.59,-8.579,0,1.31,8589,0.016203704,192,0,--.--,277,191,55,0000:00:00,78,0,80,0,30,0,0,4.3,0,0,0,1,148.98,0.473900463,45209,99.95,55.08,--.--
low,2,1632,27.2,15.74,3.9,2062,61.386,1.79,31.838519,0.015582176,3.5,-0.5,105,0,0,0,0.1,0,0,0,-28.9,-28.3,-8.64,-8.691,0,1.21,8595.6,0.016215278,192.2,0,--.--,277,191.2,52,0000:00:00,78,0,80,0,30,0,0,3.97,0,0,0,1,61.41,0.473912037,45209,99.95,55.08,--.--
low,2,1633,27.22,15.73,4.39,2063,69.0547,1.84,31.85326275,0.01559375,4.1,-2,104,0,0,0,0.1,0,0,0,-28.9,-28.4,-8.65,-8.728,0,1.21,8595.6,0.016226852,192.4,0,--.--,277,191.4,52,0000:00:00,78,0,80,0,30,0,0,3.97,0,0,0,1,69.06,0.473923611,45209,99.95,55.08,--.--
low,2,1634,27.23,15.72,4.28,2064,67.2816,1.83,31.87116608,0.015605324,3.5,-2.8,104,0,0,0,0.1,0,0,0,-28.9,-28.3,-8.64,-8.708,0,1.23,8595.6,0.016238426,192.7,0,--.--,277,191.7,42,0000:00:00,78,0,80,0,30,0,0,4.04,0,0,0,1,67.29,0.473935185,45209,99.95,55.08,--.--
low,2,1635,27.25,15.56,9.1,2066,141.596,2.15,31.88633769,0.015616898,3.7,-5.7,104,0,0,0,0.1,0,0,-0.1,-29.2,-28.6,-8.73,-8.747,0,1.21,8595.6,0.01625,193,0,--.--,277,192,50,0000:00:00,78,0,80,0,30,0,0,3.97,0,0,0,1,141.56,0.473946759,45209,99.95,55.08,--.--
low,2,1636,27.27,15.7,4.77,2068,74.889,1.87,31.907328,0.015628472,3.6,-0.6,108,0,0,0,0.1,0,0,0,-29.3,-28.8,-8.78,-8.819,0,1.11,8595.6,0.016261574,193.4,0,--.--,277,192.4,51,0000:00:00,78,0,80,0,30,0,0,3.64,0,0,0,1,74.88,0.473958333,45209,99.95,55.08,--.--
low,2,1637,27.28,15.74,3.84,2069,60.4416,1.78,31.92470733,0.015640046,3.1,-1.7,108,0,0,0,0.1,0,0,-0.1,-29.4,-28.8,-8.79,-8.842,0,1.07,8595.6,0.016273148,193.6,0,--.--,277,192.6,39,0000:00:00,78,0,80,0,30,0,0,3.51,0,0,0,1,60.43,0.473969907,45209,99.99,55.08,--.--
low,2,1638,27.3,15.75,3.37,2070,53.0775,1.72,31.94049106,0.01565162,5.4,-3.4,108,0,0,0,0,0,0,0,-29.6,-29,-8.86,-8.901,0,1,8595.6,0.016284722,193.8,0,--.--,277,192.8,53,0000:00:00,78,0,80,0,30,0,0,3.28,0,0,0,1,53.08,0.473981481,45209,99.99,55.08,--.--
low,2,1639,27.32,15.72,4.1,2071,64.452,1.81,31.95801253,0.015663194,4.5,0.4,108,0,0,0,0.1,0,0,0,-29.6,-29,-8.85,-8.916,0,0.99,8595.6,0.016296296,194,0,--.--,277,193,51,0000:00:00,78,0,80,0,30,0,0,3.25,0,0,0,1,64.47,0.473993056,45209,99.99,55.08,--.--
low,2,1640,27.33,15.74,3.47,2072,54.6178,1.74,31.97597094,0.015674769,3.6,-3.7,108,0,0,0,0.1,0,0,0,-29.6,-29,-8.85,-8.898,0,0.98,8595.6,0.01630787,194.2,0,--.--,277,193.2,35,0000:00:00,78,0,80,0,30,0,0,3.22,0,0,0,1,54.61,0.47400463,45209,100,55.08,--.--
low,2,1641,27.35,15.71,4.81,2073,75.5651,1.88,31.99171094,0.015686343,4.9,1.1,109,0,0,0,0.1,0,0,0,-29.7,-29.2,-8.9,-8.933,0,0.96,8595.6,0.016319444,194.4,0,--.--,277,193.4,51,0000:00:00,78,0,80,0,30,0,0,3.15,0,0,0,1,75.57,0.474016204,45209,100,55.08,--.--
low,2,1642,27.37,15.72,3.98,2074,62.5656,1.8,32.00988783,0.015697917,6,0.4,108,0,0,0,0.1,0,0,0,-29.7,-29.2,-8.9,-8.937,0,0.88,8595.6,0.016331019,194.8,0,--.--,277,193.8,50,0000:00:00,78,0,80,0,30,0,0,2.89,0,0,0,1,62.58,0.474027778,45209,100,55.06,--.--
low,2,1643,27.38,15.74,3.61,2075,56.8214,1.75,32.02628367,0.015709491,7.1,-2,108,0,0,0,0.1,0,0,0,-29.7,-29.2,-8.89,-8.928,0,0.88,8595.6,0.016342593,195.1,0,--.--,277,194.1,49,0000:00:00,78,0,80,0,30,0,0,2.89,0,0,0,1,56.84,0.474039352,45209,100.02,55.06,--.--
low,2,1644,27.4,15.73,4.01,2076,63.0773,1.8,32.04241717,0.015721065,0.3,-2.5,108,0,0,0,0.1,0,0,-0.1,-29.6,-29.1,-8.88,-8.873,0,0.89,8595.6,0.016354167,195.3,0,--.--,277,194.3,39,0000:00:00,78,0,80,0,30,0,0,2.92,0,0,0,1,63.08,0.474050926,45209,100.02,55.08,--.--
low,2,1645,27.42,15.73,4.11,2078,64.6503,1.81,32.05685467,0.015732639,7.1,0.7,109,0,0,0,0.1,0,0,0,-29.8,-29.2,-8.9,-8.901,0,0.84,8595.6,0.016365741,195.6,0,--.--,277,194.6,49,0000:00:00,78,0,80,0,30,0,0,2.76,0,0,0,1,64.64,0.4740625,45209,100.02,55.08,--.--
low,2,1646,27.43,15.74,3.6,2079,56.664,1.75,32.074431,0.015744213,6.8,-1.3,108,0,0,0,0.1,0,0,0,-29.8,-29.2,-8.91,-8.922,0,0.75,8595.6,0.016377315,195.9,0,--.--,277,194.9,49,0000:00:00,78,0,80,0,30,0,0,2.46,0,0,0,1,56.66,0.474074074,45209,100.04,55.08,--.--
low,2,1647,27.45,15.73,4.16,2080,65.4368,1.82,32.08891225,0.015755787,6.4,-0.5,111,0,0,0,0.1,0,0,0,-29.8,-29.2,-8.91,-8.92,0,0.74,8595.6,0.016388889,196.2,0,--.--,277,195.1,49,0000:00:00,78,0,80,0,30,0,0,2.43,0,0,0,1,65.42,0.474085648,45209,100.04,55.08,--.--
low,2,1648,27.47,15.74,3.75,2081,59.025,1.77,32.10425875,0.015767361,6,-1.6,110,0,0,0,0.1,0,0,0,-29.8,-29.2,-8.9,-8.904,0,0.82,8595.6,0.016400463,196.4,0,--.--,278,195.4,48,0000:00:00,78,0,80,0,30,0,0,2.69,0,0,0,1,59.03,0.474097222,45209,100.04,55.08,--.--
low,2,1649,27.48,15.74,3.69,2082,58.0806,1.76,32.11971675,0.015778935,7.6,-1.5,110,0,0,0,0.1,0,0,0,-29.7,-29.2,-8.89,-8.895,0,0.83,8595.6,0.016412037,196.6,0,--.--,278,195.6,48,0000:00:00,78,0,80,0,30,0,0,2.72,0,0,0,1,58.09,0.474108796,45209,100.06,55.08,--.--
low,2,1650,27.5,15.75,3.3,2083,51.975,1.72,32.13532558,0.015790509,4.3,-1.4,109,0,0,0,0,0,0,0,-29.7,-29.1,-8.87,-8.856,0,0.87,8595.6,0.016423611,196.8,0,--.--,278,195.8,49,0000:00:00,78,0,80,0,30,0,0,2.85,0,0,0,1,51.96,0.47412037,45209,100.06,55.06,--.--
low,2,1651,27.52,15.74,4.02,2084,63.2748,1.8,32.15188578,0.015802083,5,-1.6,109,0,0,0,0.1,0,0,0,-29.6,-29.1,-8.86,-8.843,0,0.93,8595.6,0.016435185,196.9,0,--.--,278,195.9,48,0000:00:00,78,0,80,0,30,0,0,3.05,0,0,0,1,63.28,0.474131944,45209,100.06,55.08,--.--
low,2,1652,27.53,15.75,3.31,2085,52.1325,1.72,32.16690711,0.015813657,4.8,-1.7,110,0,0,0,0,0,0,0,-29.5,-29,-8.83,-8.831,0,0.95,8595.6,0.016446759,197.1,0,--.--,278,196,43,0000:00:00,78,0,80,0,30,0,0,3.12,0,0,0,1,52.14,0.474143519,45209,100.06,55.08,--.--
low,2,1653,27.55,15.74,3.51,2086,55.2474,1.74,32.18251594,0.015825231,5.7,-0.6,110,0,0,0,0.1,0,0,0,-29.4,-28.9,-8.8,-8.779,0,0.96,8595.6,0.016458333,197.2,0,--.--,278,196.2,46,0000:00:00,78,0,80,0,30,0,0,3.15,0,0,0,1,55.24,0.474155093,45209,100.08,55.08,--.--
low,2,1654,27.57,15.72,3.54,2087,55.6488,1.75,32.19620969,0.015836806,5.6,-3,110,0,0,0,0.1,0,0,0,-29.4,-28.8,-8.78,-8.739,0,0.97,8595.6,0.016469907,197.4,0,--.--,278,196.4,47,0000:00:00,78,0,80,0,30,0,0,3.18,0,0,0,1,55.66,0.474166667,45209,100.08,55.06,--.--
low,2,1655,27.58,15.74,3.57,2088,56.1918,1.75,32.22104392,0.01584838,4.2,-2.9,110,0,0,0,0.1,0,0,-0.1,-29.4,-28.8,-8.79,-8.721,0,0.92,8595.6,0.016481481,197.6,0,--.--,278,196.6,35,0000:00:00,78,0,80,0,30,0,0,3.02,0,0,0,1,56.2,0.474178241,45209,100.08,55.08,--.--
low,2,1656,27.6,15.73,3.79,2090,59.6167,1.78,32.23625925,0.015859954,6.8,0.4,110,0,0,0,0.1,0,0,0,-29.6,-29,-8.86,-8.814,0,0.88,8595.6,0.016493056,197.8,0,--.--,278,196.8,48,0000:00:00,78,0,80,0,30,0,0,2.89,0,0,0,1,59.62,0.474189815,45209,100.09,55.06,--.--
low,2,1657,27.62,15.72,3.44,2091,54.0768,1.73,32.25210017,0.015871528,6.2,0,110,0,0,0,0.1,0,0,0,-29.7,-29.2,-8.89,-8.898,0,0.89,8595.6,0.01650463,198,0,--.--,278,196.9,55,0000:00:00,78,0,80,0,30,0,0,2.92,0,0,0,1,54.08,0.474201389,45209,100.09,55.08,--.--
low,2,1658,27.63,15.74,3.57,2092,56.1918,1.75,32.26766528,0.015883102,6,-1.6,109,0,0,0,0,0,0,0,-29.7,-29.2,-8.89,-8.919,0,0.87,8595.6,0.016516204,198.2,0,--.--,278,197.1,55,0000:00:00,78,0,80,0,30,0,0,2.85,0,0,0,1,56.2,0.474212963,45209,100.11,55.08,--.--
low,2,1659,27.65,15.75,3.13,2093,49.2975,1.69,32.28377828,0.015894676,5.5,-0.7,109,0,0,0,0,0,0,0,-29.6,-29.1,-8.85,-8.894,0,0.96,8595.6,0.016527778,198.3,0,--.--,278,197.2,44,0000:00:00,78,0,80,0,30,0,0,3.15,0,0,0,1,49.31,0.474224537,45209,100.11,55.08,--.--
low,2,1660,27.67,15.74,5.68,2094,89.4032,1.95,32.30085194,0.01590625,3,0.1,109,0,0,0,0,0,0,0,-29.5,-28.9,-8.82,-8.834,0,0.99,8595.6,0.016539352,198.3,0,--.--,278,197.3,45,0000:00:00,78,0,80,0,30,0,0,3.25,0,0,0,1,89.43,0.474236111,45209,100.11,55.08,--.--
low,2,1661,27.68,15.74,3.48,2095,54.7752,1.74,32.31452831,0.015917824,8.1,-5.1,109,0,0,0,0,0,0,0.1,-29.4,-28.9,-8.79,-8.787,0,1,8595.6,0.016550926,198.3,0,--.--,278,197.3,63,0000:00:00,78,0,80,0,30,0,0,3.28,0,0,0,1,54.79,0.474247685,45209,100.11,55.06,--.--
low,2,1662,27.7,15.71,3.63,2097,57.0273,1.76,32.33104481,0.015929398,5.7,-1.8,111,0,0,0,0,0,0,0,-29.2,-28.6,-8.71,-8.709,0,1.11,8595.6,0.0165625,198.4,0,--.--,278,196.8,46,0000:00:00,78,0,80,0,30,0,0,3.64,0,0,0,1,57.04,0.474259259,45209,100.11,55.08,--.--
low,2,1663,27.72,15.74,3.56,2098,56.0344,1.75,32.34577919,0.015940972,5.9,-3.2,110,0,0,0,0,0,0,0,-29.1,-28.5,-8.69,-8.629,0,1.11,8602.2,0.016574074,198.6,0,--.--,278,196.9,45,0000:00:00,78,0,80,0,30,0,0,3.64,0,0,0,1,56.04,0.474270833,45209,100.11,55.06,--.--
low,2,1664,27.73,15.72,3.69,2099,58.0068,1.76,32.37259053,0.015952546,6.2,-2.4,110,0,0,0,0.1,0,0,0,-29,-28.5,-8.69,-8.625,0,1.08,8602.2,0.016585648,198.8,0,--.--,278,197.1,45,0000:00:00,78,0,80,0,30,0,0,3.54,0,0,0,1,58.03,0.474282407,45209,100.15,55.08,--.--
low,2,1665,27.75,15.72,3.91,2100,61.4652,1.79,32.38832053,0.01596412,5.6,-1.6,111,0,0,0,0.1,0,0,0,-29.1,-28.5,-8.7,-8.644,0,1.12,8602.2,0.016597222,199,0,--.--,278,197.4,46,0000:00:00,78,0,80,0,30,0,0,3.67,0,0,0,1,61.48,0.474293981,45209,100.15,55.06,--.--
low,2,1666,27.77,15.73,3.13,2101,49.2349,1.69,32.40431269,0.015975694,6.4,-2.4,110,0,0,0,0.1,0,0,0,-29.1,-28.5,-8.7,-8.676,0,1.06,8602.2,0.016608796,199.2,0,--.--,278,197.6,46,0000:00:00,78,0,80,0,30,0,0,3.48,0,0,0,1,49.25,0.474305556,45209,100.15,55.08,--.--
low,2,1667,27.78,15.73,3.78,2102,59.4594,1.77,32.42253328,0.015987269,6.2,0,111,0,0,0,0.1,0,0,0,-29.1,-28.5,-8.7,-8.667,0,1.07,8602.2,0.01662037,199.5,0,--.--,278,197.8,47,0000:00:00,78,0,80,0,30,0,0,3.51,0,0,0,1,59.48,0.47431713,45209,100.17,55.08,--.--
low,2,1668,27.8,15.74,3.37,2103,53.0438,1.72,32.4396615,0.015998843,7.1,-1.8,111,0,0,0,0.1,0,0,0,-29.1,-28.6,-8.71,-8.699,0,1.02,8602.2,0.016631944,199.7,0,--.--,278,198,47,0000:00:00,78,0,80,0,30,0,0,3.35,0,0,0,1,53.04,0.474328704,45209,100.17,55.08,--.--
low,2,1669,27.82,15.72,6.14,2104,96.5208,1.98,32.45464869,0.016010417,5.5,-3.8,110,0,0,0,0.1,0,0,-0.1,-29.2,-28.7,-8.75,-8.715,0,0.99,8602.2,0.016643519,200,0,--.--,278,198.3,49,0000:00:00,78,0,80,0,30,0,0,3.25,0,0,0,1,96.55,0.474340278,45209,100.17,55.06,--.--
low,2,1670,27.83,15.73,3.6,2105,56.628,1.75,32.468762,0.016021991,7.1,0.3,111,0,0,0,0.1,0,0,0,-29.3,-28.8,-8.77,-8.785,0,0.94,8602.2,0.016655093,200.3,0,--.--,278,198.6,48,0000:00:00,78,0,80,0,30,0,0,3.08,0,0,0,1,56.62,0.474351852,45209,100.18,55.06,--.--
low,2,1671,27.85,15.73,3.66,2106,57.5718,1.76,32.48518067,0.016033565,6.2,-0.9,111,0,0,0,0.1,0,0,0,-29.4,-28.8,-8.79,-8.812,0,0.84,8602.2,0.016666667,200.7,0,--.--,278,199.1,49,0000:00:00,78,0,80,0,30,0,0,2.76,0,0,0,1,57.59,0.474363426,45209,100.18,55.06,--.--
low,2,1672,27.87,15.73,4.17,2107,65.5941,1.82,32.50026483,0.016045139,5.3,-3.4,110,0,0,0,0.1,0,0,0.1,-29.4,-28.9,-8.79,-8.85,0,0.82,8602.2,0.016678241,201.1,0,--.--,278,199.4,59,0000:00:00,78,0,80,0,30,0,0,2.69,0,0,0,1,65.59,0.474375,45209,100.18,55.06,--.--
low,2,1673,27.88,15.73,3.92,2109,61.6616,1.79,32.51635461,0.016056713,5.8,-0.6,111,0,0,0,0.1,0,0,0,-29.3,-28.7,-8.76,-8.816,0,0.96,8602.2,0.016689815,201.3,0,--.--,278,199.7,49,0000:00:00,78,0,80,0,30,0,0,3.15,0,0,0,1,61.65,0.474386574,45209,100.18,55.06,--.--
low,2,1674,27.9,15.73,3.43,2109,53.9539,1.73,32.53156028,0.016068287,5.7,-1.9,110,0,0,0,0.1,0,0,0,-29.2,-28.6,-8.73,-8.751,0,0.95,8602.2,0.016701389,201.6,0,--.--,278,199.9,48,0000:00:00,78,0,80,0,30,0,0,3.12,0,0,0,1,53.97,0.474398148,45209,100.18,55.06,--.--
low,2,1675,27.92,15.73,3.23,2110,50.8079,1.71,32.54664444,0.016079861,5.5,-1.8,111,0,0,0,0,0,0,0,-29.2,-28.6,-8.72,-8.719,0,0.94,8602.2,0.016712963,201.8,0,--.--,278,200.1,48,0000:00:00,78,0,80,0,30,0,0,3.08,0,0,0,1,50.82,0.474409722,45209,100.2,55.06,--.--
low,2,1676,27.93,15.72,3.76,2111,59.1072,1.77,32.56124767,0.016091435,5.2,-1.9,111,0,0,0,0.1,0,0,0,-29.1,-28.6,-8.71,-8.711,0,0.92,8602.2,0.016724537,202,0,--.--,278,200.3,48,0000:00:00,78,0,80,0,30,0,0,3.02,0,0,0,1,59.12,0.474421296,45209,100.2,55.06,--.--
low,2,1677,27.95,15.74,3.45,2112,54.303,1.73,32.57715244,0.016103009,5.7,-2.1,111,0,0,0,0.1,0,0,0,-29.1,-28.6,-8.72,-8.712,0,0.91,8602.2,0.016736111,202.2,0,--.--,278,200.5,48,0000:00:00,78,0,80,0,30,0,0,2.99,0,0,0,1,54.31,0.47443287,45209,100.22,55.06,--.--
low,2,1678,27.97,15.74,3.68,2113,57.9232,1.76,32.59317811,0.016114583,4.8,-3.7,110,0,0,0,0.1,0,0,-0.1,-29.2,-28.6,-8.73,-8.72,0,0.92,8602.2,0.016747685,202.4,0,--.--,278,200.7,41,0000:00:00,78,0,80,0,30,0,0,3.02,0,0,0,1,57.93,0.474444444,45209,100.22,55.08,--.--
low,2,1679,27.98,15.73,3.48,2114,54.7404,1.74,32.62495911,0.016126157,6.6,-1.1,110,0,0,0,0,0,0,0,-29.2,-28.7,-8.75,-8.76,0,0.9,8602.2,0.016759259,202.7,0,--.--,278,201,49,0000:00:00,78,0,80,0,30,0,0,2.95,0,0,0,1,54.74,0.474456019,45209,100.22,55.06,--.--
low,2,1680,28,15.74,3.45,2115,54.303,1.73,32.64625489,0.016137731,5.2,-1.1,110,0,0,0,0,0,0,0,-29.2,-28.7,-8.75,-8.759,0,0.93,8602.2,0.016770833,202.8,0,--.--,278,201.1,49,0000:00:00,78,0,80,0,30,0,0,3.05,0,0,0,1,54.31,0.474467593,45209,100.24,55.06,--.--
low,2,1681,28.02,15.74,3.34,2116,52.5716,1.72,32.66233444,0.016149306,6.2,-1.2,110,0,0,0,0.1,0,0,0,-29.2,-28.7,-8.75,-8.763,0,0.91,8602.2,0.016782407,203,0,--.--,278,201.3,49,0000:00:00,78,0,80,0,30,0,0,2.99,0,0,0,1,52.57,0.474479167,45209,100.24,55.06,--.--
low,2,1682,28.03,15.73,3.64,2117,57.2572,1.76,32.68059872,0.01616088,5.8,-1.4,111,0,0,0,0.1,0,0,0,-29.2,-28.7,-8.75,-8.764,0,0.93,8602.2,0.016793981,203.1,0,--.--,278,201.4,49,0000:00:00,78,0,80,0,30,0,0,3.05,0,0,0,1,57.26,0.474490741,45209,100.24,55.08,--.--
low,2,1683,28.05,15.72,3.67,2118,57.6924,1.76,32.69710472,0.016172454,5.9,-1.5,111,0,0,0,0.1,0,0,0,-29.3,-28.7,-8.75,-8.765,0,0.98,8602.2,0.016805556,203.4,0,--.--,278,201.7,49,0000:00:00,78,0,80,0,30,0,0,3.22,0,0,0,1,57.71,0.474502315,45209,100.24,55.02,--.--
low,2,1684,28.07,15.63,7.32,2120,114.4116,2.06,32.71320747,0.016184028,4.6,-4.6,110,0,0,0,0.1,0,0,-0.1,-29.4,-28.8,-8.81,-8.799,0,0.99,8602.2,0.01681713,203.7,0,--.--,278,202,54,0000:00:00,78,0,80,0,30,0,0,3.25,0,0,0,1,114.4,0.474513889,45209,100.24,55.06,--.--
low,2,1685,28.08,15.71,4.88,2121,76.6648,1.88,32.74702697,0.016195602,6.2,0.2,111,0,0,0,0.1,0,0,0,-29.5,-29,-8.83,-8.869,0,0.96,8602.2,0.016828704,204.1,0,--.--,278,202.3,51,0000:00:00,78,0,80,0,30,0,0,3.15,0,0,0,1,76.67,0.474525463,45209,100.24,55.06,--.--
low,2,1686,28.1,15.73,3.68,2122,57.8864,1.76,32.77865147,0.016207176,6,-1.2,110,0,0,0,0.1,0,0,0,-29.5,-29,-8.84,-8.889,0,1.05,8602.2,0.016840278,204.4,0,--.--,278,202.7,50,0000:00:00,78,0,80,0,30,0,0,3.44,0,0,0,1,57.89,0.474537037,45209,100.27,55.06,--.--
low,2,1687,28.12,15.73,4.18,2123,65.7514,1.82,32.79505969,0.01621875,5.1,-1.1,110,0,0,0,0.1,0,0,0,-29.6,-29,-8.85,-8.899,0,1.02,8602.2,0.016851852,204.7,0,--.--,278,203,51,0000:00:00,78,0,80,0,30,0,0,3.35,0,0,0,1,65.74,0.474548611,45209,100.27,55.06,--.--
low,2,1688,28.13,15.72,3.78,2124,59.4216,1.77,32.81686525,0.016230324,6,-1.5,111,0,0,0,0.1,0,0,0,-29.6,-29,-8.85,-8.902,0,1.02,8608.9,0.016863426,205,0,--.--,278,203.2,51,0000:00:00,78,0,80,0,30,0,0,3.35,0,0,0,1,59.42,0.474560185,45209,100.27,55.06,--.--
low,2,1689,28.15,15.71,3.69,2126,57.9699,1.76,32.83920925,0.016241898,4,-4.5,110,0,0,0,0.1,0,0,0,-29.6,-29,-8.85,-8.89,0,1.03,8608.9,0.016875,205.2,0,--.--,278,207.6,52,0000:00:00,78,0,80,0,30,0,0,3.38,0,0,0,1,57.97,0.474571759,45209,100.27,55.06,--.--
low,2,1690,28.17,15.73,7.74,2127,121.7502,2.09,32.85632658,0.016253472,4.2,-3.3,111,0,0,0,0,0,0,-0.3,-29.7,-29.2,-8.94,-8.878,0,1.03,8608.9,0.016886574,205.4,0,--.--,278,207.7,33,0000:00:00,78,0,80,0,30,0,0,3.38,0,0,0,1,121.76,0.474583333,45209,100.27,55.06,--.--
low,2,1691,28.18,15.66,7.27,2129,113.8482,2.06,32.87509131,0.016265046,6.3,-1.9,111,0,0,0,0,0,0,-0.1,-30.3,-29.8,-9.11,-9.078,0,0.83,8608.9,0.016898148,205.5,0,--.--,278,207.8,56,0000:00:00,78,0,80,0,30,0,0,2.72,0,0,0,1,113.88,0.474594907,45209,100.27,55.06,--.--
low,2,1692,28.2,15.71,3.76,2130,59.0696,1.77,32.89423658,0.01627662,5.1,-1.4,111,0,0,0,0.1,0,0,0,-30.6,-30.1,-9.18,-9.277,0,0.73,8608.9,0.016909722,205.6,0,--.--,278,207.9,57,0000:00:00,78,0,80,0,30,0,0,2.4,0,0,0,1,59.08,0.474606481,45209,100.27,55.06,--.--
low,2,1693,28.22,15.7,5,2131,78.5,1.89,32.91658058,0.016288194,5.3,-1,111,0,0,0,0.1,0,0,0,-30.7,-30.1,-9.18,-9.322,0,0.72,8608.9,0.016921296,205.8,0,--.--,278,207.6,56,0000:00:00,78,0,80,0,30,0,0,2.36,0,0,0,1,78.5,0.474618056,45209,100.27,55.06,--.--
low,2,1694,28.23,15.68,5.13,2133,80.4384,1.91,32.93787925,0.016299769,5.9,-1.2,111,0,0,0,0.1,0,0,0,-30.6,-30.1,-9.15,-9.283,0,0.74,8608.9,0.01693287,206,0,--.--,278,207.9,55,0000:00:00,78,0,80,0,30,0,0,2.43,0,0,0,1,80.45,0.47462963,45209,100.31,55.06,--.--
low,2,1695,28.25,15.72,3.92,2134,61.6224,1.79,32.95754786,0.016311343,6.3,-2.1,110,0,0,0,0,0,0,0,-30.5,-29.9,-9.11,-9.219,0,0.76,8608.9,0.016944444,206.3,0,--.--,279,208.1,53,0000:00:00,78,0,80,0,30,0,0,2.49,0,0,0,1,61.62,0.474641204,45209,100.31,55.06,--.--
low,2,1696,28.27,15.71,4.3,2135,67.553,1.83,32.97928208,0.016322917,7.3,-1.9,107,0,0,0,0.1,0,0,0,-30.3,-29.8,-9.07,-9.136,0,0.8,8608.9,0.016956019,206.4,0,--.--,279,208.2,52,0000:00:00,78,0,80,0,30,0,0,2.62,0,0,0,1,67.53,0.474652778,45209,100.31,55.06,--.--
low,2,1697,28.28,15.7,4.39,2136,68.923,1.84,33.00216308,0.016334491,8.8,-2.7,105,0,0,0,0.1,0,0,0,-30.2,-29.7,-9.05,-9.062,0,0.82,8608.9,0.016967593,206.6,0,--.--,279,208.4,51,0000:00:00,78,0,80,0,30,0,0,2.69,0,0,0,1,68.91,0.474664352,45209,100.33,55.06,--.--
low,2,1698,28.3,15.68,5.13,2138,80.4384,1.91,33.02850725,0.016346065,9.3,-1.8,99,0,0,0,0.1,0,0,0,-30.2,-29.6,-9.03,-9.035,0,0.85,8608.9,0.016979167,206.9,0,--.--,279,208.7,50,0000:00:00,78,0,80,0,30,0,0,2.79,0,0,0,1,80.42,0.474675926,45209,100.33,55.06,--.--
low,2,1699,28.32,15.68,4.89,2139,76.6752,1.88,33.05111258,0.016357639,8.7,-1.3,94,0,0,0,0.1,0,0,0,-30.2,-29.6,-9.04,-9.023,0,0.88,8608.9,0.016990741,207.2,0,--.--,279,209,50,0000:00:00,78,0,80,0,30,0,0,2.89,0,0,0,1,76.69,0.4746875,45209,100.33,55.06,--.--
low,2,1700,28.33,15.7,4.51,2140,70.807,1.85,33.07202892,0.016369213,9.4,-1.9,90,0,0,0,0,0,0,0,-30.2,-29.7,-9.04,-9.044,0,0.88,8608.9,0.017002315,207.6,0,--.--,279,209.3,52,0000:00:00,78,0,80,0,30,0,0,2.89,0,0,0,1,70.78,0.474699074,45209,100.33,55.06,--.--
low,2,1701,28.35,15.68,4.99,2142,78.2432,1.89,33.08948447,0.016380787,6.8,-2.2,91,0,0,0,0.1,0,0,0.2,-30.1,-29.6,-8.97,-9.03,0,0.89,8608.9,0.017013889,207.8,0,--.--,279,209.5,64,0000:00:00,78,0,80,0,30,0,0,2.92,0,0,0,1,78.26,0.474710648,45209,100.33,55.06,--.--
low,2,1702,28.37,15.66,5.26,2144,82.3716,1.92,33.11487225,0.016392361,7.1,-4.1,91,0,0,0,0.1,0,0,0,-29.7,-29.1,-8.86,-8.861,0,1.01,8608.9,0.017025463,208,0,--.--,279,209.8,52,0000:00:00,78,0,80,0,30,0,0,3.31,0,0,0,1,82.37,0.474722222,45209,100.33,55.06,--.--
low,2,1703,28.38,15.65,6.06,2146,94.839,1.98,33.13785531,0.016403935,8.1,-3.2,92,0,0,0,0.1,0,0,0.1,-29.5,-29,-8.83,-8.751,0,1.05,8608.9,0.017037037,208.4,0,--.--,279,214.3,56,0000:00:00,78,0,80,0,30,0,0,3.44,0,0,0,1,94.82,0.474733796,45209,100.35,55.06,--.--
low,2,1704,28.4,15.68,5.19,2147,81.3792,1.91,33.15880553,0.016415509,8.2,-0.6,92,0,0,0,0.1,0,0,0,-29.4,-28.9,-8.81,-8.723,0,1.06,8608.9,0.017048611,208.8,0,--.--,279,214.7,47,0000:00:00,78,0,80,0,30,0,0,3.48,0,0,0,1,81.36,0.47474537,45209,100.35,55.02,--.--
low,2,1705,28.42,15.72,4.79,2148,75.2988,1.88,33.17760192,0.016427083,8.9,-0.3,92,0,0,0,0.1,0,0,0,-29.5,-28.9,-8.82,-8.759,0,1.06,8608.9,0.017060185,209.1,0,--.--,279,214.6,47,0000:00:00,78,0,80,0,30,0,0,3.48,0,0,0,1,75.28,0.474756944,45209,100.33,55.02,--.--
low,2,1706,28.43,15.71,4,2150,62.84,1.8,33.19444717,0.016438657,7.4,-0.6,91,0,0,0,0,0,0,0,-29.4,-28.9,-8.81,-8.761,0,1.07,8608.9,0.017071759,209.4,0,--.--,279,214.9,51,0000:00:00,78,0,80,0,30,0,0,3.51,0,0,0,1,62.82,0.474768519,45209,100.33,55.02,--.--
low,2,1707,28.45,15.65,5.84,2151,91.396,1.96,33.21410917,0.016450231,10.7,-0.8,90,0,0,0,0,0,0,0,-29.3,-28.8,-8.75,-8.729,0,1.1,8608.9,0.017083333,209.5,0,--.--,279,215,43,0000:00:00,78,0,80,0,30,0,0,3.61,0,0,0,1,91.4,0.474780093,45209,100.33,55.06,--.--
low,2,1708,28.47,15.7,5.27,2153,82.739,1.92,33.23107389,0.016461806,7.8,-0.3,91,0,0,0,0.1,0,0,0,-29.2,-28.6,-8.71,-8.677,0,1.13,8608.9,0.017094907,209.5,0,--.--,279,215,45,0000:00:00,78,0,80,0,30,0,0,3.71,0,0,0,1,82.72,0.474791667,45209,100.35,55.02,--.--
low,2,1709,28.48,15.68,4.81,2154,75.4208,1.88,33.24703556,0.01647338,10.9,-1.6,90,0,0,0,0.1,0,0,0,-29.1,-28.5,-8.7,-8.619,0,1.17,8608.9,0.017106481,209.6,0,--.--,279,215.1,45,0000:00:00,78,0,80,0,30,0,0,3.84,0,0,0,1,75.42,0.474803241,45209,100.35,55.06,--.--
low,2,1710,28.5,15.7,4.31,2155,67.667,1.83,33.26087789,0.016484954,11.1,-2.5,91,0,0,0,0.1,0,0,0,-29.1,-28.5,-8.69,-8.621,0,1.13,8608.9,0.017118056,209.8,0,--.--,279,215.3,43,0000:00:00,78,0,80,0,30,0,0,3.71,0,0,0,1,67.68,0.474814815,45209,100.36,55.06,--.--
low,2,1711,28.52,15.67,3.87,2157,60.6429,1.78,33.276937,0.016496528,8.9,0.3,92,0,0,0,0.1,0,0,0,-29,-28.5,-8.68,-8.611,0,1.14,8608.9,0.01712963,210,0,--.--,279,215.4,46,0000:00:00,78,0,80,0,30,0,0,3.74,0,0,0,1,60.64,0.474826389,45209,100.36,55.06,--.--
low,2,1712,28.53,15.66,4.52,2158,70.7832,1.85,33.29189561,0.016508102,11.2,-1.5,91,0,0,0,0.1,0,0,-0.1,-29,-28.5,-8.69,-8.625,0,1.15,8608.9,0.017141204,210.2,0,--.--,279,215.7,38,0000:00:00,78,0,80,0,30,0,0,3.77,0,0,0,1,70.8,0.474837963,45209,100.36,55.02,--.--
low,2,1713,28.55,15.7,3.89,2159,61.073,1.79,33.30952572,0.016519676,9.2,0.3,92,0,0,0,0.1,0,0,0,-29.2,-28.6,-8.73,-8.691,0,1.12,8608.9,0.017152778,210.4,0,--.--,279,215.8,48,0000:00:00,78,0,80,0,30,0,0,3.67,0,0,0,1,61.07,0.474849537,45209,100.36,55.02,--.--
low,2,1714,28.57,15.7,3.66,2160,57.462,1.76,33.32671944,0.01653125,8.4,-0.6,92,0,0,0,0.1,0,0,0,-29.2,-28.7,-8.75,-8.746,0,1.1,8608.9,0.017164352,210.6,0,--.--,279,211.9,48,0000:00:00,78,0,80,0,30,0,0,3.61,0,0,0,1,57.47,0.474861111,45209,100.36,55.02,--.--
low,2,1715,28.58,15.72,3.17,2161,49.8324,1.7,33.34229853,0.016542824,9.1,-0.1,91,0,0,0,0,0,0,0,-29.3,-28.7,-8.76,-8.771,0,1.08,8608.9,0.017175926,210.7,0,--.--,279,212.1,49,0000:00:00,78,0,80,0,30,0,0,3.54,0,0,0,1,49.85,0.474872685,45209,100.38,55.06,--.--
low,2,1716,28.6,15.71,3.68,2162,57.8128,1.76,33.35749453,0.016554398,8.6,0.6,94,0,0,0,0.1,0,0,0,-29.3,-28.7,-8.76,-8.773,0,1.08,8608.9,0.0171875,210.8,0,--.--,279,212.5,49,0000:00:00,78,0,80,0,30,0,0,3.54,0,0,0,1,57.79,0.474884259,45209,100.38,55.02,--.--
low,2,1717,28.62,15.7,3.43,2163,53.851,1.73,33.37203553,0.016565972,9.6,0.1,94,0,0,0,0.1,0,0,0,-29.3,-28.7,-8.76,-8.77,0,1.07,8608.9,0.017199074,210.9,0,--.--,279,212.6,48,0000:00:00,78,0,80,0,30,0,0,3.51,0,0,0,1,53.85,0.474895833,45209,100.38,55.06,--.--
low,2,1718,28.63,15.71,4.04,2164,63.4684,1.8,33.38561586,0.016577546,8,-0.4,96,0,0,0,0.1,0,0,0,-29.3,-28.7,-8.76,-8.771,0,1.07,8608.9,0.017210648,211.2,0,--.--,279,212.9,48,0000:00:00,78,0,80,0,30,0,0,3.51,0,0,0,1,63.48,0.474907407,45209,100.38,55.02,--.--
low,2,1719,28.65,15.71,3.94,2165,61.8974,1.79,33.40145678,0.01658912,9.5,-0.2,95,0,0,0,0.1,0,0,0,-29.3,-28.7,-8.76,-8.772,0,1.08,8615.5,0.017222222,211.4,0,--.--,279,213.1,48,0000:00:00,78,0,80,0,30,0,0,3.54,0,0,0,1,61.88,0.474918981,45209,100.38,55.02,--.--
low,2,1720,28.67,15.71,3.57,2166,56.0847,1.75,33.41729769,0.016600694,8.3,-1,97,0,0,0,0.1,0,0,0,-29.3,-28.7,-8.76,-8.769,0,1.01,8615.5,0.017233796,211.7,0,--.--,279,213.4,48,0000:00:00,78,0,80,0,30,0,0,3.31,0,0,0,1,56.07,0.474930556,45209,100.4,55.06,--.--
low,2,1721,28.68,15.72,3.48,2167,54.7056,1.74,33.43646736,0.016612269,9.2,-0.5,97,0,0,0,0.1,0,0,0,-29.3,-28.7,-8.75,-8.765,0,1.01,8615.5,0.01724537,212,0,--.--,279,213.7,48,0000:00:00,78,0,80,0,30,0,0,3.31,0,0,0,1,54.7,0.47494213,45209,100.4,55.02,--.--
low,2,1722,28.7,15.72,3.33,2168,52.3476,1.72,33.45248283,0.016623843,9.2,-0.7,97,0,0,0,0.1,0,0,0,-29.3,-28.7,-8.75,-8.751,0,1.02,8615.5,0.017256944,212.2,0,--.--,279,213.9,48,0000:00:00,78,0,80,0,30,0,0,3.35,0,0,0,1,52.36,0.474953704,45209,100.4,55.02,--.--
low,2,1723,28.72,15.72,3.11,2169,48.8892,1.69,33.47177794,0.016635417,8.7,-0.3,97,0,0,0,0.1,0,0,0,-29.3,-28.7,-8.76,-8.753,0,0.99,8615.5,0.017268519,212.4,0,--.--,279,214.1,48,0000:00:00,78,0,80,0,30,0,0,3.25,0,0,0,1,48.89,0.474965278,45209,100.4,55.06,--.--
low,2,1724,28.73,15.71,3.63,2170,57.0273,1.76,33.48588228,0.016646991,9.7,-0.7,97,0,0,0,0.1,0,0,0,-29.3,-28.7,-8.76,-8.767,0,0.98,8615.5,0.017280093,212.6,0,--.--,279,214.3,48,0000:00:00,78,0,80,0,30,0,0,3.22,0,0,0,1,57.04,0.474976852,45209,100.4,55.02,--.--
low,2,1725,28.75,15.71,3.63,2171,57.0273,1.76,33.49880761,0.016658565,10,-2.1,96,0,0,0,0.1,0,0,0,-29.3,-28.7,-8.77,-8.773,0,0.97,8615.5,0.017291667,212.8,0,--.--,279,214.5,48,0000:00:00,78,0,80,0,30,0,0,3.18,0,0,0,1,57.04,0.474988426,45209,100.4,55.06,--.--
low,2,1726,28.77,15.72,4.39,2172,69.0108,1.84,33.51477944,0.016670139,9.3,1.5,93,0,0,0,0.1,0,0,0,-29.4,-28.8,-8.79,-8.801,0,0.96,8615.5,0.017303241,213.1,0,--.--,279,214.8,49,0000:00:00,78,0,80,0,30,0,0,3.15,0,0,0,1,69.02,0.475,45209,100.4,55.02,--.--
low,2,1727,28.78,15.71,3.67,2173,57.6557,1.76,33.52952939,0.016681713,7.8,0.9,91,0,0,0,0.1,0,0,0,-29.4,-28.8,-8.8,-8.822,0,0.99,8615.5,0.017314815,213.3,0,--.--,279,215,50,0000:00:00,78,0,80,0,30,0,0,3.25,0,0,0,1,57.64,0.475011574,45209,100.4,55.02,--.--
low,2,1728,28.8,15.68,4.43,2174,69.4624,1.84,33.54407039,0.016693287,9.4,0,88,0,0,0,0.1,0,0,0,-29.4,-28.8,-8.78,-8.83,0,1,8615.5,0.017326389,213.5,0,--.--,279,215.2,49,0000:00:00,78,0,80,0,30,0,0,3.28,0,0,0,1,69.46,0.475023148,45209,100.4,55.02,--.--
low,2,1729,28.82,15.72,3.23,2175,50.7756,1.71,33.56013972,0.016704861,11.4,-0.6,88,0,0,0,0,0,0,-0.1,-29.3,-28.7,-8.77,-8.79,0,1.1,8615.5,0.017337963,213.7,0,--.--,279,215.4,42,0000:00:00,78,0,80,0,30,0,0,3.61,0,0,0,1,50.77,0.475034722,45209,100.44,55.06,--.--
low,2,1730,28.83,15.72,2.96,2176,46.5312,1.67,33.59147244,0.016716435,8.9,0.2,89,0,0,0,0,0,0,0,-29.4,-28.8,-8.79,-8.806,0,1.07,8615.5,0.017349537,213.8,0,--.--,279,215.5,49,0000:00:00,78,0,80,0,30,0,0,3.51,0,0,0,1,46.52,0.475046296,45209,100.44,55.02,--.--
low,2,1731,28.85,15.71,3.66,2177,57.4986,1.76,33.60683333,0.016728009,8.7,2,84,0,0,0,0.1,0,0,0,-29.4,-28.9,-8.8,-8.824,0,1.07,8615.5,0.017361111,214,0,--.--,279,215.7,50,0000:00:00,78,0,80,0,30,0,0,3.51,0,0,0,1,57.51,0.47505787,45209,100.44,55.06,--.--
low,2,1732,28.87,15.71,3.38,2178,53.0998,1.73,33.62211667,0.016739583,7.8,0.9,85,0,0,0,0.1,0,0,0,-29.5,-28.9,-8.81,-8.849,0,1.12,8615.5,0.017372685,214.3,0,--.--,279,215.9,50,0000:00:00,78,0,80,0,30,0,0,3.67,0,0,0,1,53.11,0.475069444,45209,100.45,55.06,--.--
low,2,1733,28.88,15.72,3.33,2179,52.3476,1.72,33.63513761,0.016751157,7.7,2,77,0,0,0,0,0,0,0,-29.4,-28.9,-8.8,-8.844,0,1.16,8615.5,0.017384259,214.5,0,--.--,279,216.1,50,0000:00:00,78,0,80,0,30,0,0,3.81,0,0,0,1,52.36,0.475081019,45209,100.44,55.06,--.--
low,2,1734,28.9,15.72,3.68,2180,57.8496,1.76,33.64810661,0.016762731,6.1,0.8,76,0,0,0,0.1,0,0,0,-29.4,-28.9,-8.8,-8.823,0,1.17,8615.5,0.017395833,214.6,0,--.--,279,216.2,49,0000:00:00,78,0,80,0,30,0,0,3.84,0,0,0,1,57.84,0.475092593,45209,100.45,55.06,--.--
low,2,1735,28.92,15.71,7.18,2181,112.7978,2.05,33.66538761,0.016774306,11.2,1.6,77,0,0,0,0,0,0,0,-29.5,-28.9,-8.83,-8.824,0,1.18,8615.5,0.017407407,214.8,0,--.--,279,217,54,0000:00:00,78,0,80,0,30,0,0,3.87,0,0,0,1,112.83,0.475104167,45209,100.45,55.06,--.--
low,2,1736,28.93,15.71,3.52,2183,55.2992,1.74,33.68330036,0.01678588,6.7,3.1,73,0,0,0,0.1,0,0,0,-29.6,-29,-8.85,-8.866,0,1.19,8615.5,0.017418981,215,0,--.--,279,217.2,50,0000:00:00,78,0,80,0,30,0,0,3.9,0,0,0,1,55.3,0.475115741,45209,100.45,55.06,--.--
low,2,1737,28.95,15.72,3.5,2184,55.02,1.74,33.69792869,0.016797454,7,2,76,0,0,0,0.1,0,0,0,-29.6,-29.1,-8.86,-8.9,0,1.22,8615.5,0.017430556,215.3,0,--.--,279,217.4,44,0000:00:00,78,0,80,0,30,0,0,4,0,0,0,1,55.01,0.475127315,45209,100.45,55.06,--.--
low,2,1738,28.97,15.73,2.98,2185,46.8754,1.67,33.71302775,0.016809028,10.1,2,78,0,0,0,0,0,0,-0.2,-29.8,-29.3,-8.99,-8.953,0,1.16,8615.5,0.01744213,215.4,0,--.--,279,217.5,47,0000:00:00,78,0,80,0,30,0,0,3.81,0,0,0,1,46.88,0.475138889,45209,100.47,55.06,--.--
low,2,1739,28.98,15.72,2.97,2186,46.6884,1.67,33.72872775,0.016820602,9.1,2.2,76,0,0,0,0,0,0,0,-30.3,-29.8,-9.09,-9.14,0,0.99,8615.5,0.017453704,215.4,0,--.--,279,217.5,55,0000:00:00,78,0,80,0,30,0,0,3.25,0,0,0,1,46.7,0.475150463,45209,100.47,55.06,--.--
low,2,1740,29,15.71,3.96,2187,62.2116,1.79,33.74374908,0.016832176,8.9,3.1,76,0,0,0,0,0,0,0,-30.5,-29.9,-9.13,-9.263,0,0.94,8615.5,0.017465278,215.4,0,--.--,279,217.6,57,0000:00:00,78,0,80,0,30,0,0,3.08,0,0,0,1,62.2,0.475162037,45209,100.47,55.06,--.--
low,2,1741,29.02,15.69,4.11,2188,64.4859,1.81,33.75968742,0.01684375,8.9,4.1,76,0,0,0,0,0,0,0,-30.5,-30,-9.12,-9.28,0,0.93,8615.5,0.017476852,215.6,0,--.--,279,217.7,56,0000:00:00,78,0,80,0,30,0,0,3.05,0,0,0,1,64.48,0.475173611,45209,100.49,55.06,--.--
low,2,1742,29.03,15.72,3.35,2190,52.662,1.72,33.77482047,0.016855324,8.9,0.9,75,0,0,0,0,0,0,0,-30.4,-29.9,-9.12,-9.231,0,0.96,8615.5,0.017488426,215.8,0,--.--,279,217.9,55,0000:00:00,78,0,80,0,30,0,0,3.15,0,0,0,1,52.66,0.475185185,45209,100.49,55.02,--.--
low,2,1743,29.05,15.71,3.46,2191,54.3566,1.74,33.78809514,0.016866898,7.2,3.6,72,0,0,0,0.1,0,0,0,-30.4,-29.8,-9.08,-9.203,0,0.94,8615.5,0.0175,215.9,0,--.--,279,218,54,0000:00:00,78,0,80,0,30,0,0,3.08,0,0,0,1,54.35,0.475196759,45209,100.51,55.06,--.--
low,2,1744,29.07,15.7,3.6,2192,56.52,1.75,33.80358694,0.016878472,6.1,1.5,70,0,0,0,0,0,0,0,-30.3,-29.7,-9.05,-9.125,0,1.02,8615.5,0.017511574,216,0,--.--,279,218.1,52,0000:00:00,78,0,80,0,30,0,0,3.35,0,0,0,1,56.52,0.475208333,45209,100.51,55.06,--.--
low,2,1745,29.08,15.72,3.44,2193,54.0768,1.73,33.84340389,0.016890046,7.3,1.7,71,0,0,0,0.1,0,0,0,-30.2,-29.6,-9.02,-9.067,0,1.03,8615.5,0.017523148,216.1,0,--.--,279,218.3,50,0000:00:00,78,0,80,0,30,0,0,3.38,0,0,0,1,54.07,0.475219907,45209,100.51,55.06,--.--
low,2,1746,29.1,15.72,3.65,2194,57.378,1.76,33.86107764,0.01690162,6,0.4,70,0,0,0,0.1,0,0,0,-30.1,-29.5,-9,-9.008,0,1.04,8615.5,0.017534722,216.3,0,--.--,279,218.5,50,0000:00:00,78,0,80,0,30,0,0,3.41,0,0,0,1,57.37,0.475231481,45209,100.53,55.02,--.--
low,2,1747,29.12,15.7,3.47,2195,54.479,1.74,33.87791153,0.016913194,7,0.8,71,0,0,0,0,0,0,0,-30,-29.5,-8.98,-8.97,0,1.06,8615.5,0.017546296,216.5,0,--.--,279,218.7,49,0000:00:00,78,0,80,0,30,0,0,3.48,0,0,0,1,54.49,0.475243056,45209,100.53,55.06,--.--
low,2,1748,29.13,15.72,3.04,2196,47.7888,1.68,33.89396042,0.016924769,7.7,1.4,71,0,0,0,0,0,0,0,-30,-29.4,-8.96,-8.943,0,1.07,8615.5,0.01755787,216.7,0,--.--,279,218.8,48,0000:00:00,78,0,80,0,30,0,0,3.51,0,0,0,1,47.8,0.47525463,45209,100.53,55.06,--.--
low,2,1749,29.15,15.71,3.55,2197,55.7705,1.75,33.90975769,0.016936343,6.9,1.1,70,0,0,0,0,0,0,0,-29.9,-29.4,-8.94,-8.904,0,1.05,8615.5,0.017569444,216.8,0,--.--,279,214.9,43,0000:00:00,78,0,80,0,30,0,0,3.44,0,0,0,1,55.78,0.475266204,45209,100.53,55.02,--.--
low,2,1750,29.17,15.7,9.13,2198,143.341,2.16,33.92789992,0.016947917,8.3,3.2,71,0,0,0,0,0,0,-0.1,-30.1,-29.6,-9.04,-8.941,0,1.01,8615.5,0.017581019,216.9,0,--.--,279,215,53,0000:00:00,78,0,80,0,30,0,0,3.31,0,0,0,1,143.36,0.475277778,45209,100.54,55.06,--.--
low,2,1751,29.18,15.71,4.05,2200,63.6255,1.8,33.94469019,0.016959491,6.7,2.4,71,0,0,0,0.1,0,0,0,-30.4,-29.9,-9.12,-9.111,0,0.9,8615.5,0.017592593,217,0,--.--,279,215.1,53,0000:00:00,78,0,80,0,30,0,0,2.95,0,0,0,1,63.61,0.475289352,45209,100.54,55.06,--.--
low,2,1752,29.2,15.7,3.86,2201,60.602,1.78,33.96104436,0.016971065,7.9,3.6,71,0,0,0,0.1,0,0,0,-30.6,-30,-9.15,-9.21,0,0.89,8615.5,0.017604167,217.2,0,--.--,279,215.3,54,0000:00:00,78,0,80,0,30,0,0,2.92,0,0,0,1,60.59,0.475300926,45209,100.54,55.06,--.--
low,2,1753,29.22,15.7,3.68,2202,57.776,1.76,33.97704964,0.016982639,7.2,2.3,71,0,0,0,0.1,0,0,0,-30.6,-30.1,-9.16,-9.232,0,0.84,8615.5,0.017615741,217.4,0,--.--,279,215.5,53,0000:00:00,78,0,80,0,30,0,0,2.76,0,0,0,1,57.78,0.4753125,45209,100.54,55.06,--.--
low,2,1754,29.23,15.71,3.62,2203,56.8702,1.75,33.99318575,0.016994213,6.7,0.6,76,0,0,0,0.1,0,0,0,-30.5,-30,-9.14,-9.197,0,0.82,8615.5,0.017627315,217.5,0,--.--,279,215.7,53,0000:00:00,78,0,80,0,30,0,0,2.69,0,0,0,1,56.86,0.475324074,45209,100.56,55.06,--.--
low,2,1755,29.25,15.7,4.16,2204,65.312,1.81,34.00563867,0.017005787,6.4,1,81,0,0,0,0.1,0,0,0,-30.5,-29.9,-9.12,-9.156,0,0.84,8615.5,0.017638889,217.8,0,--.--,279,215.9,52,0000:00:00,78,0,80,0,30,0,0,2.76,0,0,0,1,65.3,0.475335648,45209,100.56,55.06,--.--
low,2,1756,29.27,15.7,3.85,2205,60.445,1.78,34.01838933,0.017017361,6.8,0,80,0,0,0,0.1,0,0,0,-30.4,-29.9,-9.1,-9.116,0,0.89,8622.1,0.017650463,218,0,--.--,279,216.2,51,0000:00:00,78,0,80,0,30,0,0,2.92,0,0,0,1,60.44,0.475347222,45209,100.56,55.06,--.--
low,2,1757,29.28,15.7,3.75,2206,58.875,1.77,34.036904,0.017028935,7.3,-0.1,79,0,0,0,0.1,0,0,0,-30.3,-29.8,-9.08,-9.077,0,0.81,8622.1,0.017662037,218.3,0,--.--,279,216.5,50,0000:00:00,78,0,80,0,30,0,0,2.66,0,0,0,1,58.89,0.475358796,45209,100.56,55.02,--.--
low,2,1758,29.3,15.7,3.67,2207,57.619,1.76,34.05312733,0.017040509,6.4,-0.8,79,0,0,0,0.1,0,0,0,-30.3,-29.8,-9.06,-9.051,0,0.84,8622.1,0.017673611,218.6,0,--.--,279,216.8,49,0000:00:00,78,0,80,0,30,0,0,2.76,0,0,0,1,57.63,0.47537037,45209,100.56,55.06,--.--
low,2,1759,29.32,15.7,3.7,2208,58.09,1.76,34.07142067,0.017052083,7.5,-0.5,79,0,0,0,0.1,0,0,0,-30.3,-29.7,-9.05,-9.03,0,0.9,8622.1,0.017685185,219,0,--.--,279,217.1,48,0000:00:00,78,0,80,0,30,0,0,2.95,0,0,0,1,58.1,0.475381944,45209,100.56,55.06,--.--
low,2,1760,29.33,15.73,2.85,2209,44.8305,1.65,34.10900911,0.017063657,7,0.7,79,0,0,0,0,0,0,0,-30.2,-29.7,-9.04,-8.996,0,0.93,8622.1,0.017696759,219.2,0,--.--,279,217.4,50,0000:00:00,78,0,80,0,30,0,0,3.05,0,0,0,1,44.82,0.475393519,45209,100.56,55.02,--.--
low,2,1761,29.35,15.72,2.92,2210,45.9024,1.66,34.12498094,0.017075231,7,0.9,79,0,0,0,0,0,0,0,-30.1,-29.5,-8.99,-8.946,0,0.98,8622.1,0.017708333,219.3,0,--.--,279,217.4,48,0000:00:00,78,0,80,0,30,0,0,3.22,0,0,0,1,45.9,0.475405093,45209,100.56,55.06,--.--
low,2,1762,29.37,15.72,4.24,2211,66.6528,1.82,34.14087872,0.017086806,7.2,0.6,80,0,0,0,0,0,0,0,-29.9,-29.4,-8.95,-8.884,0,1.03,8622.1,0.017719907,219.3,0,--.--,279,217.4,44,0000:00:00,78,0,80,0,30,0,0,3.38,0,0,0,1,66.66,0.475416667,45209,100.6,55.02,--.--
low,2,1763,29.38,15.7,3.72,2212,58.404,1.77,34.15593414,0.01709838,6.8,0.8,80,0,0,0,0,0,0,0,-29.9,-29.3,-8.94,-8.833,0,1.05,8622.1,0.017731481,219.3,0,--.--,279,217.5,44,0000:00:00,78,0,80,0,30,0,0,3.44,0,0,0,1,58.41,0.475428241,45209,100.6,55.02,--.--
low,2,1764,29.4,15.68,4.2,2213,65.856,1.82,34.17077136,0.017109954,6.9,0.7,80,0,0,0,0.1,0,0,0,-29.9,-29.4,-8.96,-8.852,0,1.05,8622.1,0.017743056,219.5,0,--.--,279,217.6,44,0000:00:00,78,0,80,0,30,0,0,3.44,0,0,0,1,65.87,0.475439815,45209,100.6,55.06,--.--
low,2,1765,29.42,15.68,8.63,2214,135.3184,2.13,34.18634053,0.017121528,7,0.3,80,0,0,0,0,0,0,-0.1,-30.1,-29.6,-9.04,-8.919,0,1.03,8622.1,0.01775463,219.7,0,--.--,279,217.8,52,0000:00:00,78,0,80,0,30,0,0,3.38,0,0,0,1,135.35,0.475451389,45209,100.6,55.02,--.--
low,2,1766,29.43,15.71,3.66,2216,57.4986,1.76,34.20757914,0.017133102,6.5,2.5,80,0,0,0,0.1,0,0,0,-30.3,-29.8,-9.09,-9.057,0,0.86,8622.1,0.017766204,219.9,0,--.--,279,218,50,0000:00:00,78,0,80,0,30,0,0,2.82,0,0,0,1,57.48,0.475462963,45209,100.62,55.06,--.--
low,2,1767,29.45,15.68,3.65,2217,57.232,1.76,34.25316314,0.017144676,7.5,0.1,79,0,0,0,0.1,0,0,0,-30.4,-29.9,-9.1,-9.125,0,0.77,8622.1,0.017777778,220.1,0,--.--,279,218.2,51,0000:00:00,78,0,80,0,30,0,0,2.53,0,0,0,1,57.24,0.475474537,45209,100.62,55.02,--.--
low,2,1768,29.47,15.71,3.45,2218,54.1995,1.73,34.26960453,0.01715625,6.9,1,80,0,0,0,0.1,0,0,0.1,-30.4,-29.8,-9.08,-9.127,0,0.78,8622.1,0.017789352,220.3,0,--.--,279,218.4,61,0000:00:00,78,0,80,0,30,0,0,2.56,0,0,0,1,54.18,0.475486111,45209,100.63,55.06,--.--
low,2,1769,29.48,15.71,3.4,2219,53.414,1.73,34.29067508,0.017167824,6.4,1.3,79,0,0,0,0.1,0,0,0.1,-30.2,-29.7,-9.02,-9.058,0,0.9,8622.1,0.017800926,220.4,0,--.--,279,218.6,47,0000:00:00,78,0,80,0,30,0,0,2.95,0,0,0,1,53.4,0.475497685,45209,100.63,55.06,--.--
low,2,1770,29.5,15.7,3.57,2221,56.049,1.75,34.31955358,0.017179398,7.3,-0.1,79,0,0,0,0.1,0,0,0.1,-30.1,-29.5,-8.99,-8.985,0,0.95,8622.1,0.0178125,220.6,0,--.--,279,218.8,52,0000:00:00,78,0,80,0,30,0,0,3.12,0,0,0,1,56.05,0.475509259,45209,100.63,55.02,--.--
low,2,1771,29.52,15.7,4.87,2222,76.459,1.88,34.33749614,0.017190972,6.3,-1,79,0,0,0,0.1,0,0,0,-30,-29.4,-8.97,-8.944,0,0.93,8622.1,0.017824074,220.8,0,--.--,279,219,61,0000:00:00,78,0,80,0,30,0,0,3.05,0,0,0,1,76.46,0.475520833,45209,100.65,55.02,--.--
low,2,1772,29.53,15.54,10.56,2224,164.1024,2.22,34.38069864,0.017202546,7.6,-1,79,0,0,0,0.1,0,0,0,-29.9,-29.3,-8.92,-8.922,0,0.99,8622.1,0.017835648,221.1,0,--.--,279,219.2,46,0000:00:00,78,0,80,0,30,0,0,3.25,0,0,0,1,164.06,0.475532407,45209,100.65,55.02,--.--
low,2,1773,29.55,15.7,3.77,2225,59.189,1.77,34.39660656,0.01721412,6,-0.6,79,0,0,0,0.1,0,0,0.1,-29.7,-29.2,-8.89,-8.848,0,1.03,8622.1,0.017847222,221.3,0,--.--,279,219.5,62,0000:00:00,78,0,80,0,30,0,0,3.38,0,0,0,1,59.18,0.475543981,45209,100.67,55.02,--.--
low,2,1774,29.57,15.64,4.85,2226,75.854,1.88,34.41562819,0.017225694,5.7,-1.7,79,0,0,0,0.1,0,0,0.1,-29.6,-29,-8.84,-8.804,0,1.02,8622.1,0.017858796,221.7,0,--.--,279,215.7,63,0000:00:00,78,0,80,0,30,0,0,3.35,0,0,0,1,75.83,0.475555556,45209,100.65,55.06,--.--
low,2,1775,29.58,15.61,6.66,2228,103.9626,2.02,34.43368319,0.017237269,6.6,0.2,79,0,0,0,0.1,0,0,0,-29.3,-28.7,-8.75,-8.734,0,1.07,8622.1,0.01787037,221.8,0,--.--,279,215.9,57,0000:00:00,78,0,80,0,30,0,0,3.51,0,0,0,1,103.96,0.47556713,45209,100.67,55.02,--.--
low,2,1776,29.6,15.64,4.13,2229,64.5932,1.81,34.47102583,0.017248843,6.5,-0.6,79,0,0,0,0.1,0,0,0,-29.1,-28.6,-8.71,-8.648,0,1.12,8622.1,0.017881944,222,0,--.--,279,216.1,51,0000:00:00,78,0,80,0,30,0,0,3.67,0,0,0,1,64.59,0.475578704,45209,100.67,55.02,--.--
low,2,1777,29.62,15.71,9.9,2231,155.529,2.19,34.48646417,0.017260417,6.9,0.2,79,0,0,0,0.1,0,0,0,-29,-28.5,-8.68,-8.601,0,1.15,8622.1,0.017893519,222.2,0,--.--,279,216.3,46,0000:00:00,78,0,80,0,30,0,0,3.77,0,0,0,1,155.48,0.475590278,45209,100.67,55.06,--.--
low,2,1778,29.63,15.69,3.65,2233,57.2685,1.76,34.50324375,0.017271991,6,-0.9,81,0,0,0,0.1,0,0,0.1,-29,-28.4,-8.68,-8.586,0,1.14,8622.1,0.017905093,222.4,0,--.--,279,212.4,60,0000:00:00,78,0,80,0,30,0,0,3.74,0,0,0,1,57.28,0.475601852,45209,100.67,55.02,--.--
low,2,1779,29.65,15.67,4.37,2234,68.4779,1.84,34.51855125,0.017283565,5.2,-0.9,81,0,0,0,0.1,0,0,0.1,-28.9,-28.3,-8.65,-8.593,0,1.15,8622.1,0.017916667,222.5,0,--.--,279,212.5,55,0000:00:00,78,0,80,0,30,0,0,3.77,0,0,0,1,68.49,0.475613426,45209,100.69,55.02,--.--
low,2,1780,29.67,15.7,4.14,2235,64.998,1.81,34.53260297,0.017295139,6.8,0.3,82,0,0,0,0.1,0,0,0,-28.9,-28.3,-8.63,-8.575,0,1.2,8622.1,0.017928241,222.7,0,--.--,279,212.7,43,0000:00:00,78,0,80,0,30,0,0,3.94,0,0,0,1,64.98,0.475625,45209,100.69,55.02,--.--
low,2,1781,29.68,15.65,8.59,2237,134.4335,2.13,34.54781356,0.017306713,7.3,0.8,82,0,0,0,0.1,0,0,0,-29,-28.5,-8.68,-8.635,0,1.11,8622.1,0.017939815,223,0,--.--,279,213,64,0000:00:00,78,0,80,0,30,0,0,3.64,0,0,0,1,134.42,0.475636574,45209,100.69,55.02,--.--
low,2,1782,29.7,15.7,3.54,2238,55.578,1.74,34.56420089,0.017318287,7.1,2.2,82,0,0,0,0.1,0,0,0,-29,-28.5,-8.68,-8.706,0,1.11,8622.1,0.017951389,223.3,0,--.--,279,213.3,50,0000:00:00,78,0,80,0,30,0,0,3.64,0,0,0,1,55.56,0.475648148,45209,100.69,55.02,--.--
low,2,1783,29.72,15.69,3.85,2239,60.4065,1.78,34.58314756,0.017329861,7.1,0.3,85,0,0,0,0.1,0,0,0,-29,-28.5,-8.68,-8.709,0,1.13,8622.1,0.017962963,223.6,0,--.--,279,213.6,48,0000:00:00,78,0,80,0,30,0,0,3.71,0,0,0,1,60.41,0.475659722,45209,100.69,55.02,--.--
low,2,1784,29.73,15.7,3.51,2240,55.107,1.74,34.60015589,0.017341435,7,0,87,0,0,0,0.1,0,0,0,-29,-28.5,-8.68,-8.724,0,1.14,8622.1,0.017974537,223.9,0,--.--,279,209.8,50,0000:00:00,78,0,80,0,30,0,0,3.74,0,0,0,1,55.1,0.475671296,45209,100.69,55.02,--.--
low,2,1785,29.75,15.71,3.22,2241,50.5862,1.7,34.61544389,0.017353009,7.3,-0.3,87,0,0,0,0.1,0,0,0,-29,-28.4,-8.67,-8.705,0,1.12,8622.1,0.017986111,224.2,0,--.--,279,210.1,48,0000:00:00,78,0,80,0,30,0,0,3.67,0,0,0,1,50.57,0.47568287,45209,100.72,55.02,--.--
low,2,1786,29.77,15.69,3.49,2242,54.7581,1.74,34.63005361,0.017364583,5.2,-0.4,87,0,0,0,0.1,0,0,0,-29,-28.4,-8.66,-8.684,0,1.14,8622.1,0.017997685,224.4,0,--.--,279,210.3,48,0000:00:00,78,0,80,0,30,0,0,3.74,0,0,0,1,54.77,0.475694444,45209,100.72,55.02,--.--
low,2,1787,29.78,15.69,3.76,2243,58.9944,1.77,34.64914311,0.017376157,8,-0.6,87,0,0,0,0.1,0,0,0,-28.9,-28.4,-8.65,-8.649,0,1.13,8628.7,0.018009259,224.7,0,--.--,279,210.6,48,0000:00:00,78,0,80,0,30,0,0,3.71,0,0,0,1,59,0.475706019,45209,100.72,55.06,--.--
low,2,1788,29.8,15.68,4.35,2244,68.208,1.83,34.66647822,0.017387731,5.9,-0.2,87,0,0,0,0.1,0,0,0,-28.9,-28.3,-8.64,-8.63,0,1.03,8628.7,0.018020833,224.9,0,--.--,279,210.9,47,0000:00:00,78,0,80,0,30,0,0,3.38,0,0,0,1,68.2,0.475717593,45209,100.72,55.02,--.--
low,2,1789,29.82,15.7,3.9,2245,61.23,1.79,34.68131544,0.017399306,7,-0.4,86,0,0,0,0.1,0,0,0,-28.9,-28.3,-8.64,-8.624,0,1.04,8628.7,0.018032407,225.3,0,--.--,279,211.2,47,0000:00:00,78,0,80,0,30,0,0,3.41,0,0,0,1,61.22,0.475729167,45209,100.72,55.06,--.--
low,2,1790,29.83,15.68,3.51,2247,55.0368,1.74,34.69601239,0.01741088,7.3,-0.4,86,0,0,0,0.1,0,0,0,-28.9,-28.3,-8.64,-8.626,0,1.1,8628.7,0.018043981,225.6,0,--.--,279,211.5,47,0000:00:00,78,0,80,0,30,0,0,3.61,0,0,0,1,55.05,0.475740741,45209,100.76,55.02,--.--
low,2,1791,29.85,15.7,3.35,2248,52.595,1.72,34.72036914,0.017422454,6,-2.7,86,0,0,0,0.1,0,0,-0.1,-29,-28.4,-8.67,-8.628,0,1.14,8628.7,0.018055556,225.8,0,--.--,279,211.7,39,0000:00:00,78,0,80,0,30,0,0,3.74,0,0,0,1,52.6,0.475752315,45209,100.76,55.06,--.--
low,2,1792,29.87,15.69,4.38,2249,68.7222,1.84,34.73414147,0.017434028,7.7,1.2,87,0,0,0,0.1,0,0,0,-29.2,-28.6,-8.73,-8.714,0,1.11,8628.7,0.01806713,226,0,--.--,279,207.8,50,0000:00:00,78,0,80,0,30,0,0,3.64,0,0,0,1,68.72,0.475763889,45209,100.76,55.02,--.--
low,2,1793,29.88,15.68,3.98,2250,62.4064,1.8,34.75047481,0.017445602,6.8,1.3,87,0,0,0,0.1,0,0,0,-29.3,-28.8,-8.77,-8.812,0,1.1,8628.7,0.018078704,226.3,0,--.--,279,208.1,52,0000:00:00,78,0,80,0,30,0,0,3.61,0,0,0,1,62.42,0.475775463,45209,100.78,55.02,--.--
low,2,1794,29.9,15.71,3.4,2251,53.414,1.73,34.77113731,0.017457176,6.5,0.5,87,0,0,0,0.1,0,0,0,-29.4,-28.8,-8.78,-8.855,0,1.11,8628.7,0.018090278,226.5,0,--.--,279,208.3,52,0000:00:00,78,0,80,0,30,0,0,3.64,0,0,0,1,53.4,0.475787037,45209,100.78,55.06,--.--
low,2,1795,29.92,15.7,3.37,2252,52.909,1.72,34.80351631,0.01746875,6.5,0.5,87,0,0,0,0.1,0,0,0,-29.3,-28.8,-8.77,-8.835,0,1.14,8628.7,0.018101852,226.7,0,--.--,279,208.5,51,0000:00:00,78,0,80,0,30,0,0,3.74,0,0,0,1,52.92,0.475798611,45209,100.78,55.02,--.--
low,2,1796,29.93,15.63,5.61,2253,87.6843,1.94,34.86462339,0.017480324,8,-0.2,87,0,0,0,0.1,0,0,0,-29.3,-28.7,-8.76,-8.813,0,1.15,8628.7,0.018113426,226.9,0,--.--,279,208.7,52,0000:00:00,78,0,80,0,30,0,0,3.77,0,0,0,1,87.69,0.475810185,45209,100.8,55.06,--.--
low,2,1797,29.95,15.69,3.16,2254,49.5804,1.7,34.88488144,0.017491898,8.5,-0.4,87,0,0,0,0.1,0,0,0,-29.3,-28.7,-8.76,-8.81,0,1.16,8628.7,0.018125,227,0,--.--,279,208.8,45,0000:00:00,78,0,80,0,30,0,0,3.81,0,0,0,1,49.59,0.475821759,45209,100.8,55.06,--.--
low,2,1798,29.97,15.68,3.75,2256,58.8,1.77,34.90396575,0.017503472,9,2.2,84,0,0,0,0.1,0,0,0,-29.3,-28.7,-8.76,-8.822,0,1.17,8628.7,0.018136574,227.2,0,--.--,279,209,51,0000:00:00,78,0,80,0,30,0,0,3.84,0,0,0,1,58.81,0.475833333,45209,100.8,55.02,--.--
low,2,1799,29.98,15.66,4.75,2257,74.385,1.87,34.92267075,0.017515046,7.4,1.1,78,0,0,0,0.1,0,0,0,-29.3,-28.7,-8.76,-8.8,0,1.21,8628.7,0.018148148,227.5,0,--.--,279,209.2,51,0000:00:00,78,0,80,0,30,0,0,3.97,0,0,0,1,74.4,0.475844907,45209,100.8,55.06,--.--
low,2,1800,30,15.48,7.53,2259,116.5644,2.07,34.94069125,0.01752662,7,-0.5,78,0,0,0,0.1,0,0,0,-29.4,-28.9,-8.8,-8.801,0,1.26,8628.7,0.018159722,227.9,0,--.--,279,209.6,40,0000:00:00,78,0,80,0,30,0,0,4.13,0,0,0,1,116.53,0.475856481,45209,100.8,55.02,--.--
low,2,1801,30.02,15.33,14.35,2261,219.9855,2.34,34.95744944,0.017538194,7.6,-0.1,79,0,0,0,0,0,0,-0.2,-30,-29.5,-9,-8.889,0,1.14,8628.7,0.018171296,228.2,0,--.--,279,209.9,42,0000:00:00,78,0,80,0,30,0,0,3.74,0,0,0,1,220.04,0.475868056,45209,100.81,55.02,--.--
low,2,1802,30.03,15.65,4.66,2263,72.929,1.86,34.97326011,0.017549769,8.3,1.8,80,0,0,0,0.1,0,0,-0.1,-30.6,-30.1,-9.18,-9.194,0,0.82,8628.7,0.01818287,228.4,0,--.--,279,210.2,57,0000:00:00,78,0,80,0,30,0,0,2.69,0,0,0,1,72.93,0.47587963,45209,100.81,55.02,--.--
low,2,1803,30.05,15.65,4.39,2264,68.7035,1.84,34.99685372,0.017561343,7.6,2.5,79,0,0,0,0.1,0,0,0,-30.8,-30.3,-9.23,-9.367,0,0.81,8628.7,0.018194444,228.6,0,--.--,279,210.4,58,0000:00:00,78,0,80,0,30,0,0,2.66,0,0,0,1,68.72,0.475891204,45209,100.81,55.06,--.--
low,2,1804,30.07,15.66,4.3,2265,67.338,1.83,35.01114906,0.017572917,7.8,2.5,79,0,0,0,0.1,0,0,0,-30.8,-30.2,-9.22,-9.383,0,0.85,8628.7,0.018206019,228.9,0,--.--,279,210.6,56,0000:00:00,78,0,80,0,30,0,0,2.79,0,0,0,1,67.33,0.475902778,45209,100.83,55.02,--.--
low,2,1805,30.08,15.67,4.14,2266,64.8738,1.81,35.02644681,0.017584491,7.3,1.7,79,0,0,0,0.1,0,0,0,-30.7,-30.2,-9.19,-9.326,0,0.91,8628.7,0.018217593,229.2,0,--.--,279,210.9,55,0000:00:00,78,0,80,0,30,0,0,2.99,0,0,0,1,64.87,0.475914352,45209,100.83,55.06,--.--
low,2,1806,30.1,15.67,3.85,2268,60.3295,1.78,35.04170097,0.017596065,7,1.1,79,0,0,0,0.1,0,0,0,-30.6,-30.1,-9.16,-9.262,0,0.94,8628.7,0.018229167,229.5,0,--.--,279,211.2,54,0000:00:00,78,0,80,0,30,0,0,3.08,0,0,0,1,60.34,0.475925926,45209,100.85,55.02,--.--
low,2,1807,30.12,15.68,3.63,2269,56.9184,1.76,35.06456736,0.017607639,6.8,1.1,77,0,0,0,0.1,0,0,0,-30.5,-30,-9.13,-9.204,0,0.95,8628.7,0.018240741,229.8,0,--.--,279,211.5,53,0000:00:00,78,0,80,0,30,0,0,3.12,0,0,0,1,56.91,0.4759375,45209,100.85,55.02,--.--
low,2,1808,30.13,15.7,5.41,2270,84.937,1.93,35.07799958,0.017619213,7,1.8,74,0,0,0,0,0,0,0.1,-30.3,-29.8,-9.08,-9.146,0,0.95,8628.7,0.018252315,230,0,--.--,279,211.7,49,0000:00:00,78,0,80,0,30,0,0,3.12,0,0,0,1,84.93,0.475949074,45209,100.85,55.06,--.--
low,2,1809,30.15,15.69,3.28,2271,51.4632,1.71,35.09327783,0.017630787,6.5,0.2,77,0,0,0,0.1,0,0,0,-30.1,-29.6,-9.02,-9.021,0,1.07,8628.7,0.018263889,230.1,0,--.--,279,208.6,48,0000:00:00,78,0,80,0,30,0,0,3.51,0,0,0,1,51.48,0.475960648,45209,100.85,55.02,--.--
low,2,1810,30.17,15.69,3.51,2272,55.0719,1.74,35.10874006,0.017643519,6.8,0,77,0,0,0,0.1,0,0,0,-30.1,-29.5,-9,-8.949,0,1.08,8628.7,0.018275463,230.3,0,--.--,279,208.9,47,0000:00:00,78,0,80,0,30,0,0,3.54,0,0,0,1,55.06,0.475972222,45209,100.85,55.02,--.--
low,2,1811,30.18,15.69,3.5,2273,54.915,1.74,35.12229447,0.017655093,6.9,-0.5,77,0,0,0,0.1,0,0,0,-30,-29.5,-8.98,-8.921,0,1.11,8628.7,0.018287037,230.6,0,--.--,279,209.1,46,0000:00:00,79,0,80,0,30,0,0,3.64,0,0,0,1,54.91,0.475983796,45209,100.85,55.02,--.--
low,2,1812,30.2,15.65,5.26,2274,82.319,1.92,35.13563097,0.017666667,6.5,0.7,69,0,0,0,0.1,0,0,0,-30,-29.5,-8.98,-8.898,0,1.09,8635.3,0.018298611,230.9,0,--.--,279,209.4,40,0000:00:00,74,0,80,0,30,0,0,3.58,0,0,0,1,82.3,0.47599537,45209,100.85,55.02,--.--
low,2,1813,30.22,15.7,3.08,2275,48.356,1.68,35.14928125,0.017678241,7.7,0.4,73,0,0,0,0,0,0,0,-30.3,-29.7,-9.06,-8.983,0,1.02,8635.3,0.018310185,230.9,0,--.--,279,205.4,49,0000:00:00,74,0,80,0,30,0,0,3.35,0,0,0,1,48.34,0.476006944,45209,100.89,55.02,--.--
low,2,1814,30.23,15.67,3.51,2276,55.0017,1.74,35.16674703,0.017689815,8.9,2.3,73,0,0,0,0.1,0,0,0,-30.4,-29.9,-9.11,-9.087,0,0.98,8635.3,0.018321759,231,0,--.--,279,205.5,51,0000:00:00,74,0,80,0,30,0,0,3.22,0,0,0,1,55.02,0.476018519,45209,100.89,55.02,--.--
low,2,1815,30.25,15.68,3.55,2277,55.664,1.75,35.18044092,0.017701389,6,1.1,73,0,0,0,0,0,0,0,-30.5,-30,-9.13,-9.142,0,0.87,8635.3,0.018333333,231.2,0,--.--,279,205.7,51,0000:00:00,74,0,80,0,30,0,0,2.85,0,0,0,1,55.67,0.476030093,45209,100.89,55.06,--.--
low,2,1816,30.27,15.69,3.11,2278,48.7959,1.69,35.19707914,0.017712963,7.7,1.6,73,0,0,0,0,0,0,0,-30.4,-29.9,-9.1,-9.144,0,0.86,8635.3,0.018344907,231.3,0,--.--,279,205.7,50,0000:00:00,74,0,80,0,30,0,0,2.82,0,0,0,1,48.8,0.476041667,45209,100.9,55.02,--.--
low,2,1817,30.28,15.69,3.06,2279,48.0114,1.68,35.21412022,0.017724537,5.2,1.2,73,0,0,0,0,0,0,0,-30.3,-29.8,-9.07,-9.081,0,0.87,8635.3,0.018356481,231.3,0,--.--,279,206.9,48,0000:00:00,74,0,80,0,30,0,0,2.85,0,0,0,1,48,0.476053241,45209,100.9,55.02,--.--
low,2,1818,30.3,15.7,3.13,2280,49.141,1.69,35.22936467,0.017736111,6.9,-0.1,73,0,0,0,0.1,0,0,0,-30.2,-29.7,-9.05,-9.04,0,0.9,8635.3,0.018368056,231.4,0,--.--,279,206.9,48,0000:00:00,74,0,80,0,30,0,0,2.95,0,0,0,1,49.13,0.476064815,45209,100.9,55.02,--.--
low,2,1819,30.32,15.68,4.01,2281,62.8768,1.8,35.24531617,0.017747685,6.6,-0.1,73,0,0,0,0.1,0,0,0,-30.1,-29.6,-9.02,-8.986,0,0.92,8635.3,0.01837963,231.6,0,--.--,279,207.1,46,0000:00:00,74,0,80,0,30,0,0,3.02,0,0,0,1,62.87,0.476076389,45209,100.92,55.02,--.--
low,2,1820,30.33,15.7,3.14,2282,49.298,1.69,35.26121394,0.017759259,6.8,0.8,73,0,0,0,0.1,0,0,0,-30.1,-29.6,-9.01,-8.946,0,0.85,8635.3,0.018391204,231.8,0,--.--,279,207.3,45,0000:00:00,74,0,80,0,30,0,0,2.79,0,0,0,1,49.29,0.476087963,45209,100.92,55.02,--.--
low,2,1821,30.35,15.68,3.82,2283,59.8976,1.78,35.27616303,0.017770833,6.9,0.8,73,0,0,0,0.1,0,0,0,-30.1,-29.5,-9,-8.925,0,0.92,8635.3,0.018402778,232,0,--.--,279,207.5,45,0000:00:00,74,0,80,0,30,0,0,3.02,0,0,0,1,59.89,0.476099537,45209,100.92,55.02,--.--
low,2,1822,30.37,15.69,3.91,2284,61.3479,1.79,35.29128644,0.017782407,6.9,1,73,0,0,0,0.1,0,0,0,-30.1,-29.6,-9.01,-8.928,0,0.85,8635.3,0.018414352,232.2,0,--.--,279,207.7,45,0000:00:00,74,0,80,0,30,0,0,2.79,0,0,0,1,61.35,0.476111111,45209,100.92,55.02,--.--
low,2,1823,30.38,15.68,3.5,2285,54.88,1.74,35.30593044,0.017793981,6.9,0.6,73,0,0,0,0.1,0,0,0,-30.1,-29.6,-9.01,-8.946,0,0.85,8635.3,0.018425926,232.4,0,--.--,279,207.9,47,0000:00:00,74,0,80,0,30,0,0,2.79,0,0,0,1,54.88,0.476122685,45209,100.94,55.02,--.--
low,2,1824,30.4,15.69,3.66,2286,57.4254,1.76,35.32139267,0.017805556,7.5,0.2,73,0,0,0,0.1,0,0,0.1,-30.1,-29.6,-9.01,-8.962,0,0.84,8635.3,0.0184375,232.6,0,--.--,279,208.1,52,0000:00:00,74,0,80,0,30,0,0,2.76,0,0,0,1,57.41,0.476134259,45209,100.94,55.02,--.--
low,2,1825,30.42,15.68,3.65,2287,57.232,1.76,35.33608025,0.01781713,6.6,1.4,73,0,0,0,0.1,0,0,0,-30.1,-29.5,-9,-8.958,0,0.85,8635.3,0.018449074,232.8,0,--.--,279,208.3,45,0000:00:00,74,0,80,0,30,0,0,2.79,0,0,0,1,57.24,0.476145833,45209,100.94,55.02,--.--
low,2,1826,30.43,15.69,3.43,2288,53.8167,1.73,35.35046275,0.017828704,6.6,0.4,75,0,0,0,0.1,0,0,0,-30.1,-29.5,-9,-8.955,0,0.85,8635.3,0.018460648,233,0,--.--,279,208.5,45,0000:00:00,74,0,80,0,30,0,0,2.79,0,0,0,1,53.81,0.476157407,45209,100.96,55.02,--.--
low,2,1827,30.45,15.69,3.47,2289,54.4443,1.74,35.365499,0.017840278,6.6,0.8,76,0,0,0,0.1,0,0,0,-30.1,-29.5,-9,-8.958,0,0.82,8635.3,0.018472222,233.2,0,--.--,279,208.7,45,0000:00:00,74,0,80,0,30,0,0,2.69,0,0,0,1,54.43,0.476168981,45209,100.96,55.02,--.--
low,2,1828,30.47,15.69,3.36,2290,52.7184,1.72,35.38636567,0.017851852,6.3,0.3,78,0,0,0,0.1,0,0,0,-30.1,-29.5,-9,-8.96,0,0.8,8635.3,0.018483796,233.4,0,--.--,279,208.9,46,0000:00:00,74,0,80,0,30,0,0,2.62,0,0,0,1,52.71,0.476180556,45209,100.96,55.02,--.--
low,2,1829,30.48,15.68,3.55,2291,55.664,1.75,35.40367928,0.017863426,6.1,0,77,0,0,0,0.1,0,0,0,-30.1,-29.5,-9,-8.985,0,0.81,8635.3,0.01849537,233.6,0,--.--,279,209.1,43,0000:00:00,74,0,80,0,30,0,0,2.66,0,0,0,1,55.67,0.47619213,45209,100.96,55.02,--.--
low,2,1830,30.5,15.69,3.37,2292,52.8753,1.72,35.41732956,0.017875,7.6,0.7,77,0,0,0,0.1,0,0,0,-30,-29.5,-8.98,-8.973,0,0.85,8635.3,0.018506944,233.7,0,--.--,279,209.2,41,0000:00:00,74,0,80,0,30,0,0,2.79,0,0,0,1,52.87,0.476203704,45209,100.98,55.02,--.--
low,2,1831,30.52,15.69,3.3,2293,51.777,1.71,35.43410914,0.017886574,5.8,0.6,77,0,0,0,0.1,0,0,0,-30,-29.4,-8.97,-8.964,0,0.86,8635.3,0.018518519,233.9,0,--.--,279,209.4,46,0000:00:00,74,0,80,0,30,0,0,2.82,0,0,0,1,51.79,0.476215278,45209,100.98,55.02,--.--
low,2,1832,30.53,15.69,3.45,2294,54.1305,1.73,35.44775942,0.017898148,6.8,0.9,77,0,0,0,0.1,0,0,0,-30,-29.4,-8.97,-8.943,0,0.88,8635.3,0.018530093,234.1,0,--.--,279,209.6,45,0000:00:00,74,0,80,0,30,0,0,2.89,0,0,0,1,54.13,0.476226852,45209,100.98,55.02,--.--
low,2,1833,30.55,15.65,4.8,2295,75.12,1.88,35.46034219,0.017909722,6.4,-0.1,77,0,0,0,0.1,0,0,0,-30,-29.4,-8.97,-8.946,0,0.87,8635.3,0.018541667,234.5,0,--.--,279,209.9,47,0000:00:00,74,0,80,0,30,0,0,2.85,0,0,0,1,75.12,0.476238426,45209,100.99,55.02,--.--
low,2,1834,30.57,15.7,3.97,2296,62.329,1.79,35.47447219,0.017921296,6.9,1.5,77,0,0,0,0,0,0,0,-29.9,-29.3,-8.93,-8.948,0,0.9,8635.3,0.018553241,234.7,0,--.--,279,210.2,43,0000:00:00,74,0,80,0,30,0,0,2.95,0,0,0,1,62.32,0.47625,45209,100.99,55.02,--.--
low,2,1835,30.58,15.7,3.13,2297,49.141,1.69,35.48920336,0.01793287,7.3,0.6,76,0,0,0,0,0,0,0,-29.8,-29.2,-8.9,-8.887,0,0.94,8635.3,0.018564815,234.8,0,--.--,279,210.2,55,0000:00:00,74,0,80,0,30,0,0,3.08,0,0,0,1,49.13,0.476261574,45209,100.99,55.02,--.--
low,2,1836,30.6,15.69,3.85,2298,60.4065,1.78,35.50620086,0.017944444,6,1.7,76,0,0,0,0,0,0,0,-29.7,-29.2,-8.88,-8.856,0,0.93,8635.3,0.018576389,234.8,0,--.--,279,210.3,44,0000:00:00,74,0,80,0,30,0,0,3.05,0,0,0,1,60.42,0.476273148,45209,101.01,55.02,--.--
low,2,1837,30.62,15.7,3.13,2299,49.141,1.69,35.52183731,0.017956019,6.4,1,76,0,0,0,0,0,0,0,-29.7,-29.1,-8.88,-8.832,0,0.97,8635.3,0.018587963,234.8,0,--.--,279,210.3,55,0000:00:00,74,0,80,0,30,0,0,3.18,0,0,0,1,49.13,0.476284722,45209,101.01,55.02,--.--
low,2,1838,30.63,15.62,2.9,2300,45.298,1.66,35.53760442,0.017967593,6.2,1,77,0,0,0,0,0,0,0,-29.6,-29.1,-8.87,-8.835,0,0.94,8635.3,0.018599537,234.7,0,--.--,279,210.2,45,0000:00:00,74,0,80,0,30,0,0,3.08,0,0,0,1,45.3,0.476296296,45209,101.01,55.02,--.--
low,2,1839,30.65,15.7,3.24,2300,50.868,1.71,35.55280531,0.017979167,6.5,1.1,77,0,0,0,0,0,0,0,-29.6,-29.1,-8.85,-8.838,0,0.97,8635.3,0.018611111,234.6,0,--.--,279,210.1,45,0000:00:00,74,0,80,0,30,0,0,3.18,0,0,0,1,50.86,0.47630787,45209,101.01,55.02,--.--
low,2,1840,30.67,15.69,3.38,2301,53.0322,1.72,35.56831108,0.017990741,6.3,1.2,77,0,0,0,0,0,0,0,-29.6,-29,-8.84,-8.837,0,1,8635.3,0.018622685,234.6,0,--.--,279,210.1,45,0000:00:00,74,0,80,0,30,0,0,3.28,0,0,0,1,53.02,0.476319444,45209,101.01,55.02,--.--
low,2,1841,30.68,15.69,3.9,2302,61.191,1.79,35.58265,0.018002315,6.4,0.9,77,0,0,0,0.1,0,0,0,-29.5,-29,-8.84,-8.816,0,0.99,8635.3,0.018634259,234.7,0,--.--,279,210.2,45,0000:00:00,74,0,80,0,30,0,0,3.25,0,0,0,1,61.18,0.476331019,45209,101.01,55.02,--.--
low,2,1842,30.7,15.68,3.59,2303,56.2912,1.75,35.59625458,0.018013889,6.6,0.6,77,0,0,0,0.1,0,0,0,-29.5,-29,-8.84,-8.816,0,0.97,8635.3,0.018645833,234.9,0,--.--,279,210.4,46,0000:00:00,74,0,80,0,30,0,0,3.18,0,0,0,1,56.29,0.476342593,45209,101.05,55.02,--.--
low,2,1843,30.72,15.68,3.62,2304,56.7616,1.75,35.61462331,0.018025463,6.6,0.3,77,0,0,0,0.1,0,0,0,-29.5,-29,-8.84,-8.816,0,0.96,8635.3,0.018657407,235.2,0,--.--,279,210.7,45,0000:00:00,74,0,80,0,30,0,0,3.15,0,0,0,1,56.76,0.476354167,45209,101.05,55.02,--.--
low,2,1844,30.73,15.68,3.49,2305,54.7232,1.74,35.63095664,0.018037037,6.5,0.6,77,0,0,0,0.1,0,0,0,-29.6,-29,-8.84,-8.818,0,0.98,8635.3,0.018668981,235.4,0,--.--,279,210.9,45,0000:00:00,74,0,80,0,30,0,0,3.22,0,0,0,1,54.73,0.476365741,45209,101.05,55.02,--.--
low,2,1845,30.75,15.68,3.56,2306,55.8208,1.75,35.64647231,0.018048611,6.6,0.5,77,0,0,0,0.1,0,0,0,-29.6,-29,-8.85,-8.836,0,0.92,8635.3,0.018680556,235.7,0,--.--,279,211.2,46,0000:00:00,74,0,80,0,30,0,0,3.02,0,0,0,1,55.83,0.476377315,45209,101.07,55.02,--.--
low,2,1846,30.77,15.69,3.29,2307,51.6201,1.71,35.66119408,0.018060185,5.2,0.3,77,0,0,0,0.1,0,0,0,-29.6,-29.1,-8.86,-8.855,0,0.9,8635.3,0.01869213,235.9,0,--.--,279,211.4,61,0000:00:00,74,0,80,0,30,0,0,2.95,0,0,0,1,51.62,0.476388889,45209,101.07,55.02,--.--
low,2,1847,30.78,15.45,3.17,2310,48.9765,1.69,35.67574164,0.018071759,6.7,0.2,77,0,0,0,0.1,0,0,0.1,-29.3,-28.7,-8.75,-8.826,0,0.97,8635.3,0.018703704,236.1,0,--.--,279,211.6,46,0000:00:00,74,0,80,0,30,0,0,3.18,0,0,0,1,48.99,0.476400463,45209,101.07,55.02,--.--
low,2,1848,30.8,15.67,4.22,2311,66.1274,1.82,35.69094253,0.018083333,6.3,0,78,0,0,0,0,0,0,0,-29,-28.5,-8.68,-8.685,0,1.03,8635.3,0.018715278,236.3,0,--.--,279,211.8,43,0000:00:00,74,0,80,0,30,0,0,3.38,0,0,0,1,66.14,0.476412037,45209,101.08,55.02,--.--
low,2,1849,30.82,15.68,3.75,2312,58.8,1.77,35.70515069,0.018094907,6.5,0.6,78,0,0,0,0,0,0,0,-29.1,-28.6,-8.72,-8.677,0,1.01,8635.3,0.018726852,236.4,0,--.--,279,211.9,46,0000:00:00,74,0,80,0,30,0,0,3.31,0,0,0,1,58.81,0.476423611,45209,101.08,55.02,--.--
low,2,1850,30.83,15.69,3.56,2313,55.8564,1.75,35.74825919,0.018106481,7.5,1.3,78,0,0,0,0.1,0,0,0,-29.3,-28.8,-8.77,-8.764,0,0.98,8635.3,0.018738426,236.5,0,--.--,279,212,49,0000:00:00,74,0,80,0,30,0,0,3.22,0,0,0,1,55.84,0.476435185,45209,101.08,55.02,--.--
low,2,1851,30.85,15.68,3.38,2314,52.9984,1.72,35.76137778,0.018118056,6.2,1.4,78,0,0,0,0.1,0,0,0,-29.4,-28.9,-8.8,-8.838,0,0.96,8641.9,0.01875,236.7,0,--.--,279,212.2,50,0000:00:00,74,0,80,0,30,0,0,3.15,0,0,0,1,53.01,0.476446759,45209,101.08,55.02,--.--
low,2,1852,30.87,15.68,3.34,2315,52.3712,1.72,35.79191922,0.01812963,6.5,0.9,78,0,0,0,0.1,0,0,0,-29.4,-28.9,-8.8,-8.86,0,0.94,8641.9,0.018761574,236.9,0,--.--,279,212.4,50,0000:00:00,74,0,80,0,30,0,0,3.08,0,0,0,1,52.38,0.476458333,45209,101.1,55.02,--.--
low,2,1853,30.88,15.68,3.49,2316,54.7232,1.74,35.80590056,0.018141204,6,0.4,78,0,0,0,0.1,0,0,0,-29.4,-28.8,-8.79,-8.856,0,0.94,8641.9,0.018773148,237.2,0,--.--,279,212.6,50,0000:00:00,74,0,80,0,30,0,0,3.08,0,0,0,1,54.74,0.476469907,45209,101.1,55.02,--.--
low,2,1854,30.9,15.69,3.26,2316,51.1494,1.71,35.81988189,0.018152778,6.9,-0.1,78,0,0,0,0.1,0,0,0,-29.4,-28.8,-8.78,-8.823,0,0.91,8641.9,0.018784722,237.4,0,--.--,279,212.9,49,0000:00:00,74,0,80,0,30,0,0,2.99,0,0,0,1,51.14,0.476481481,45209,101.1,55.02,--.--
low,2,1855,30.92,15.66,9.91,2318,155.1906,2.19,35.83902189,0.018164352,6.2,0.1,81,0,0,0,0.1,0,0,0,-29.3,-28.7,-8.75,-8.812,0,0.91,8641.9,0.018796296,237.7,0,--.--,279,213.1,47,0000:00:00,74,0,80,0,30,0,0,2.99,0,0,0,1,155.17,0.476493056,45209,101.12,55.02,--.--
low,2,1856,30.93,15.69,3.01,2319,47.2269,1.67,35.85444056,0.018175926,6.1,0.1,83,0,0,0,0,0,0,0,-29.2,-28.6,-8.72,-8.748,0,0.94,8641.9,0.01880787,237.9,0,--.--,279,213.3,44,0000:00:00,74,0,80,0,30,0,0,3.08,0,0,0,1,47.23,0.47650463,45209,101.12,55.02,--.--
low,2,1857,30.95,15.64,7.03,2321,109.9492,2.04,35.86872678,0.0181875,6.6,-0.3,85,0,0,0,0,0,0,0,-29.3,-28.7,-8.76,-8.752,0,0.92,8641.9,0.018819444,237.9,0,--.--,279,213.3,50,0000:00:00,74,0,80,0,30,0,0,3.02,0,0,0,1,109.93,0.476516204,45209,101.12,55.02,--.--
low,2,1858,30.97,15.68,3.21,2322,50.3328,1.7,35.88231611,0.018199074,6.5,1.5,86,0,0,0,0,0,0,0,-29.4,-28.8,-8.79,-8.804,0,0.89,8641.9,0.018831019,237.9,0,--.--,279,213.4,50,0000:00:00,74,0,80,0,30,0,0,2.92,0,0,0,1,50.34,0.476527778,45209,101.12,55.02,--.--
low,2,1859,30.98,15.68,3.21,2323,50.3328,1.7,35.89821389,0.018210648,6.5,0,85,0,0,0,0.1,0,0,0,-29.4,-28.9,-8.8,-8.841,0,0.87,8641.9,0.018842593,238,0,--.--,279,213.5,51,0000:00:00,74,0,80,0,30,0,0,2.85,0,0,0,1,50.35,0.476539352,45209,101.12,55.02,--.--
low,2,1860,31,15.66,4.4,2324,68.904,1.84,35.91341478,0.018222222,6.8,1.4,86,0,0,0,0.1,0,0,0,-29.4,-28.9,-8.81,-8.861,0,0.87,8641.9,0.018854167,238.3,0,--.--,279,213.7,51,0000:00:00,74,0,80,0,30,0,0,2.85,0,0,0,1,68.89,0.476550926,45209,101.14,55.02,--.--
low,2,1861,31.02,15.68,3.54,2325,55.5072,1.74,35.929433,0.018233796,6.9,0,85,0,0,0,0.1,0,0,0,-29.4,-28.9,-8.8,-8.847,0,0.87,8641.9,0.018865741,238.6,0,--.--,279,214,50,0000:00:00,74,0,80,0,30,0,0,2.85,0,0,0,1,55.51,0.4765625,45209,101.14,55.02,--.--
low,2,1862,31.03,15.68,3.28,2326,51.4304,1.71,35.94450322,0.01824537,6.6,-0.9,87,0,0,0,0.1,0,0,0,-29.4,-28.8,-8.79,-8.828,0,0.89,8641.9,0.018877315,238.9,0,--.--,279,214.3,50,0000:00:00,74,0,80,0,30,0,0,2.92,0,0,0,1,51.43,0.476574074,45209,101.14,55.02,--.--
low,2,1863,31.05,15.68,3.12,2327,48.9216,1.69,35.95957344,0.018256944,6.1,-0.7,94,0,0,0,0.1,0,0,0,-29.3,-28.8,-8.77,-8.804,0,0.9,8641.9,0.018888889,239.1,0,--.--,279,214.6,49,0000:00:00,74,0,80,0,30,0,0,2.95,0,0,0,1,48.91,0.476585648,45209,101.14,55.02,--.--
low,2,1864,31.07,15.68,3.65,2328,57.232,1.76,35.97446944,0.018268519,6.6,-0.6,97,0,0,0,0.1,0,0,0,-29.3,-28.7,-8.76,-8.767,0,0.89,8641.9,0.018900463,239.4,0,--.--,279,214.8,54,0000:00:00,74,0,80,0,30,0,0,2.92,0,0,0,1,57.23,0.476597222,45209,101.14,55.02,--.--
low,2,1865,31.08,15.68,3.49,2329,54.7232,1.74,35.99118411,0.018280093,5.9,-2.2,97,0,0,0,0.1,0,0,0,-29.2,-28.7,-8.75,-8.745,0,0.93,8641.9,0.018912037,239.6,0,--.--,279,215.1,48,0000:00:00,74,0,80,0,30,0,0,3.05,0,0,0,1,54.73,0.476608796,45209,101.14,55.02,--.--
low,2,1866,31.1,15.67,3.68,2330,57.6656,1.76,36.00712544,0.018291667,5.9,-1.5,97,0,0,0,0.1,0,0,0,-29.2,-28.7,-8.74,-8.726,0,0.97,8641.9,0.018923611,239.8,0,--.--,279,215.3,48,0000:00:00,74,0,80,0,30,0,0,3.18,0,0,0,1,57.68,0.47662037,45209,101.14,55.02,--.--
low,2,1867,31.12,15.68,3.46,2331,54.2528,1.73,36.02097611,0.018303241,6.8,-2.3,97,0,0,0,0.1,0,0,0,-29.2,-28.7,-8.74,-8.722,0,0.98,8641.9,0.018935185,240.1,0,--.--,279,215.6,48,0000:00:00,74,0,80,0,30,0,0,3.22,0,0,0,1,54.26,0.476631944,45209,101.17,55.02,--.--
low,2,1868,31.13,15.68,3.46,2331,54.2528,1.73,36.03556722,0.018314815,5.5,-1.7,97,0,0,0,0.1,0,0,0,-29.2,-28.6,-8.73,-8.708,0,0.99,8641.9,0.018946759,240.3,0,--.--,279,215.8,48,0000:00:00,74,0,80,0,30,0,0,3.25,0,0,0,1,54.24,0.476643519,45209,101.17,55.02,--.--
low,2,1869,31.15,15.68,3.42,2332,53.6256,1.73,36.04927847,0.018326389,5.6,-2,97,0,0,0,0.1,0,0,0,-29.2,-28.6,-8.73,-8.706,0,1.02,8641.9,0.018958333,240.6,0,--.--,279,220.1,48,0000:00:00,74,0,80,0,30,0,0,3.35,0,0,0,1,53.61,0.476655093,45209,101.17,55.02,--.--
low,2,1870,31.17,15.67,3.84,2333,60.1728,1.78,36.0687975,0.018337963,-0.1,-3.1,92,0,0,0,0.1,0,0,-0.1,-29.2,-28.7,-8.76,-8.723,0,1.02,8641.9,0.018969907,240.9,0,--.--,279,220.4,37,0000:00:00,74,0,80,0,30,0,0,3.35,0,0,0,1,60.18,0.476666667,45209,101.17,55.02,--.--
low,2,1871,31.18,15.68,3.66,2334,57.3888,1.76,36.0839355,0.018349537,8.6,0.7,95,0,0,0,0.1,0,0,0,-29.4,-28.9,-8.81,-8.793,0,1,8641.9,0.018981481,241.1,0,--.--,279,220.6,50,0000:00:00,74,0,80,0,30,0,0,3.28,0,0,0,1,57.37,0.476678241,45209,101.17,55.02,--.--
low,2,1872,31.2,15.68,3.18,2335,49.8624,1.7,36.0988855,0.018361111,5.6,-0.5,94,0,0,0,0,0,0,0,-29.5,-29,-8.83,-8.865,0,0.98,8641.9,0.018993056,241.2,0,--.--,279,220.8,51,0000:00:00,74,0,80,0,30,0,0,3.22,0,0,0,1,49.88,0.476689815,45209,101.17,55.02,--.--
low,2,1873,31.22,15.68,3.35,2336,52.528,1.72,36.11243128,0.018372685,5.9,-1.2,95,0,0,0,0,0,0,0,-29.5,-29,-8.83,-8.873,0,1.01,8641.9,0.01900463,241.4,0,--.--,279,220.9,51,0000:00:00,74,0,80,0,30,0,0,3.31,0,0,0,1,52.53,0.476701389,45209,101.17,55.02,--.--
low,2,1874,31.23,15.67,3.15,2337,49.3605,1.69,36.12938544,0.018384259,6.4,-0.8,94,0,0,0,0.1,0,0,0,-29.5,-28.9,-8.81,-8.847,0,1.01,8641.9,0.019016204,241.5,0,--.--,279,221,50,0000:00:00,74,0,80,0,30,0,0,3.31,0,0,0,1,49.37,0.476712963,45209,101.17,55.02,--.--
low,2,1875,31.25,15.65,4.49,2338,70.2685,1.85,36.144359,0.018395833,6.1,-1,94,0,0,0,0.1,0,0,0,-29.4,-28.9,-8.81,-8.828,0,1.02,8641.9,0.019027778,241.7,0,--.--,279,221.2,50,0000:00:00,74,0,80,0,30,0,0,3.35,0,0,0,1,70.25,0.476724537,45209,101.21,55.02,--.--
low,2,1876,31.27,15.66,3.48,2339,54.4968,1.74,36.16038744,0.018407407,5.5,-6.5,93,0,0,0,0.1,0,0,-0.1,-29.5,-28.9,-8.83,-8.827,0,1.03,8641.9,0.019039352,242,0,--.--,279,221.5,41,0000:00:00,74,0,80,0,30,0,0,3.38,0,0,0,1,54.51,0.476736111,45209,101.21,55.02,--.--
low,2,1877,31.28,15.6,3.45,2341,53.82,1.73,36.17561244,0.018418981,6.9,-0.7,95,0,0,0,0.1,0,0,0,-29.7,-29.1,-8.88,-8.878,0,1,8641.9,0.019050926,242.1,0,--.--,279,221.7,51,0000:00:00,74,0,80,0,30,0,0,3.28,0,0,0,1,53.81,0.476747685,45209,101.21,55.02,--.--
low,2,1878,31.3,15.68,3.11,2341,48.7648,1.69,36.19448156,0.018430556,5.8,-0.5,94,0,0,0,0.1,0,0,0,-29.7,-29.2,-8.9,-8.925,0,0.98,8641.9,0.0190625,242.3,0,--.--,279,221.8,51,0000:00:00,74,0,80,0,30,0,0,3.22,0,0,0,1,48.78,0.476759259,45209,101.21,55.02,--.--
low,2,1879,31.32,15.65,3.9,2342,61.035,1.79,36.20984686,0.01844213,6.4,-1.6,94,0,0,0,0.1,0,0,0,-29.8,-29.2,-8.91,-8.951,0,0.98,8641.9,0.019074074,242.5,0,--.--,279,222,52,0000:00:00,74,0,80,0,30,0,0,3.22,0,0,0,1,61.05,0.476770833,45209,101.23,55.02,--.--
low,2,1880,31.33,15.67,3.44,2343,53.9048,1.73,36.22524586,0.018453704,6.4,-1.6,94,0,0,0,0.1,0,0,0,-29.7,-29.2,-8.9,-8.944,0,1.02,8641.9,0.019085648,242.6,0,--.--,279,222.2,50,0000:00:00,74,0,80,0,30,0,0,3.35,0,0,0,1,53.89,0.476782407,45209,101.23,55.02,--.--
low,2,1881,31.35,15.68,3.68,2344,57.7024,1.76,36.24376503,0.018465278,5.5,-0.1,92,0,0,0,0.1,0,0,0,-29.7,-29.1,-8.87,-8.892,0,1.05,8641.9,0.019097222,242.8,0,--.--,279,222.3,49,0000:00:00,74,0,80,0,30,0,0,3.44,0,0,0,1,57.71,0.476793981,45209,101.23,55.06,--.--
low,2,1882,31.37,15.66,3.5,2345,54.81,1.74,36.26099103,0.018476852,6.4,-1,88,0,0,0,0,0,0,0,-29.6,-29.1,-8.87,-8.868,0,1.08,8648.5,0.019108796,242.9,0,--.--,279,222.5,48,0000:00:00,74,0,80,0,30,0,0,3.54,0,0,0,1,54.82,0.476805556,45209,101.25,55.02,--.--
low,2,1883,31.38,15.58,4.36,2347,67.9288,1.83,36.27756453,0.018488426,6.1,-1.1,90,0,0,0,0,0,0,0,-29.7,-29.2,-8.9,-8.892,0,1.08,8648.5,0.01912037,243,0,--.--,279,222.5,49,0000:00:00,74,0,80,0,30,0,0,3.54,0,0,0,1,67.94,0.47681713,45209,101.26,55.02,--.--
low,2,1884,31.4,15.67,3.53,2348,55.3151,1.74,36.29167653,0.0185,6.2,0.6,90,0,0,0,0.1,0,0,0,-29.7,-29.2,-8.9,-8.906,0,1.07,8648.5,0.019131944,243.1,0,--.--,279,226.7,50,0000:00:00,74,0,80,0,30,0,0,3.51,0,0,0,1,55.32,0.476828704,45209,101.25,55.02,--.--
low,2,1885,31.42,15.66,3.54,2349,55.4364,1.74,36.30535297,0.018511574,6.1,-2.9,89,0,0,0,0.1,0,0,0,-29.7,-29.2,-8.9,-8.91,0,1.09,8648.5,0.019143519,243.2,0,--.--,279,226.8,49,0000:00:00,74,0,80,0,30,0,0,3.58,0,0,0,1,55.45,0.476840278,45209,101.26,55.02,--.--
low,2,1886,31.43,15.65,4.26,2350,66.669,1.82,36.32019594,0.018523148,7.8,-0.6,90,0,0,0,0.1,0,0,0,-29.7,-29.2,-8.89,-8.894,0,1.12,8648.5,0.019155093,243.5,0,--.--,279,227.1,49,0000:00:00,74,0,80,0,30,0,0,3.67,0,0,0,1,66.68,0.476851852,45209,101.26,55.02,--.--
low,2,1887,31.45,15.66,3.96,2351,62.0136,1.79,36.3568865,0.018534722,7.6,-1.8,89,0,0,0,0.1,0,0,0,-29.7,-29.1,-8.88,-8.877,0,1.15,8648.5,0.019166667,243.9,0,--.--,279,227.4,49,0000:00:00,74,0,80,0,30,0,0,3.77,0,0,0,1,62,0.476863426,45209,101.28,55.02,--.--
low,2,1888,31.47,15.66,3.81,2352,59.6646,1.78,36.37469872,0.018546296,6.8,-2.7,89,0,0,0,0.1,0,0,0,-29.7,-29.1,-8.88,-8.878,0,1.18,8648.5,0.019178241,244.2,0,--.--,280,227.8,49,0000:00:00,74,0,80,0,30,0,0,3.87,0,0,0,1,59.68,0.476875,45209,101.28,55.02,--.--
low,2,1889,31.48,15.68,3.24,2353,50.8032,1.71,36.39048922,0.01855787,3.1,-0.7,89,0,0,0,0,0,0,0,-29.5,-29,-8.84,-8.849,0,1.22,8648.5,0.019189815,244.4,0,--.--,280,228,45,0000:00:00,74,0,80,0,30,0,0,4,0,0,0,1,50.79,0.476886574,45209,101.28,55.06,--.--
low,2,1890,31.5,15.68,3.14,2354,49.2352,1.69,36.40601597,0.018569444,5.6,-0.4,90,0,0,0,0,0,0,0,-29.4,-28.9,-8.8,-8.765,0,1.26,8648.5,0.019201389,244.4,0,--.--,280,228,45,0000:00:00,74,0,80,0,30,0,0,4.13,0,0,0,1,49.23,0.476898148,45209,101.28,55.02,--.--
low,2,1891,31.52,15.67,3.41,2355,53.4347,1.73,36.43587764,0.018581019,4.2,-0.8,89,0,0,0,0,0,0,0,-29.4,-28.8,-8.78,-8.72,0,1.29,8648.5,0.019212963,244.5,0,--.--,280,228.1,45,0000:00:00,74,0,80,0,30,0,0,4.23,0,0,0,1,53.43,0.476909722,45209,101.3,55.02,--.--
low,2,1892,31.53,15.65,8.44,2356,132.086,2.12,36.45155106,0.018592593,3.8,-1.9,89,0,0,0,0,0,0,-0.2,-29.4,-28.9,-8.82,-8.701,0,1.31,8648.5,0.019224537,244.6,0,--.--,280,232.2,33,0000:00:00,74,0,80,0,30,0,0,4.3,0,0,0,1,132.12,0.476921296,45209,101.3,55.06,--.--
low,2,1893,31.55,15.64,4.1,2357,64.124,1.81,36.46677606,0.018604167,7.6,1.1,90,0,0,0,0.1,0,0,-0.1,-29.9,-29.3,-8.95,-8.874,0,1.16,8648.5,0.019236111,244.8,0,--.--,280,232.4,50,0000:00:00,74,0,80,0,30,0,0,3.81,0,0,0,1,64.13,0.47693287,45209,101.3,55.02,--.--
low,2,1894,31.57,15.66,3.63,2359,56.8458,1.75,36.48290425,0.018615741,7.5,1.1,92,0,0,0,0.1,0,0,0,-30.1,-29.6,-9.02,-9.039,0,1.12,8648.5,0.019247685,245,0,--.--,280,232.6,53,0000:00:00,74,0,80,0,30,0,0,3.67,0,0,0,1,56.84,0.476944444,45209,101.3,55.02,--.--
low,2,1895,31.58,15.57,3.59,2360,55.8963,1.75,36.50448233,0.018627315,6.4,-0.5,91,0,0,0,0,0,0,-0.1,-30.4,-29.9,-9.12,-9.14,0,1.04,8648.5,0.019259259,245.1,0,--.--,280,232.7,51,0000:00:00,74,0,80,0,30,0,0,3.41,0,0,0,1,55.9,0.476956019,45209,101.3,55.02,--.--
low,2,1896,31.6,15.58,6.9,2362,107.502,2.03,36.52134956,0.018638889,6.6,0.4,98,0,0,0,0,0,0,0,-30.7,-30.2,-9.19,-9.269,0,0.96,8648.5,0.019270833,245.2,0,--.--,280,232.9,55,0000:00:00,74,0,80,0,30,0,0,3.15,0,0,0,1,107.49,0.476967593,45209,101.3,55.02,--.--
low,2,1897,31.62,15.63,3.61,2363,56.4243,1.75,36.55085136,0.018650463,4.9,-1.6,101,0,0,0,0,0,0,0,-30.8,-30.2,-9.21,-9.342,0,0.95,8648.5,0.019282407,245.3,0,--.--,280,232.9,56,0000:00:00,74,0,80,0,30,0,0,3.12,0,0,0,1,56.44,0.476979167,45209,101.3,55.02,--.--
low,2,1898,31.63,15.66,3.5,2364,54.81,1.74,36.56839169,0.018662037,5.1,-0.2,102,0,0,0,0,0,0,0,-30.7,-30.2,-9.19,-9.323,0,0.97,8648.5,0.019293981,245.3,0,--.--,280,233,55,0000:00:00,74,0,80,0,30,0,0,3.18,0,0,0,1,54.81,0.476990741,45209,101.34,55.02,--.--
low,2,1899,31.65,15.65,3.71,2365,58.0615,1.76,36.58888436,0.018673611,5,-1.3,101,0,0,0,0.1,0,0,0,-30.6,-30.1,-9.17,-9.269,0,0.99,8648.5,0.019305556,245.4,0,--.--,280,233.1,55,0000:00:00,74,0,80,0,30,0,0,3.25,0,0,0,1,58.05,0.477002315,45209,101.34,55.02,--.--
low,2,1900,31.67,15.63,4.97,2366,77.6811,1.89,36.60730481,0.018685185,5.4,-2.6,101,0,0,0,0.1,0,0,0,-30.5,-30,-9.14,-9.225,0,1.02,8648.5,0.01931713,245.8,0,--.--,280,233.4,54,0000:00:00,74,0,80,0,30,0,0,3.35,0,0,0,1,77.67,0.477013889,45209,101.34,55.02,--.--
low,2,1901,31.68,15.65,3.88,2368,60.722,1.78,36.62559492,0.018696759,7.1,-3.8,105,0,0,0,0.1,0,0,0,-30.4,-29.9,-9.1,-9.162,0,1.05,8648.5,0.019328704,246.2,0,--.--,280,233.8,50,0000:00:00,74,0,80,0,30,0,0,3.44,0,0,0,1,60.71,0.477025463,45209,101.34,55.02,--.--
low,2,1902,31.7,15.55,6.83,2369,106.2065,2.03,36.66901175,0.018708333,3.6,-2.3,108,0,0,0,0,0,0,-0.1,-30.5,-30,-9.14,-9.105,0,1.09,8648.5,0.019340278,246.3,0,--.--,280,234,51,0000:00:00,74,0,80,0,30,0,0,3.58,0,0,0,1,106.24,0.477037037,45209,101.35,55.02,--.--
low,2,1903,31.72,15.63,4.04,2370,63.1452,1.8,36.69334064,0.018719907,4.3,-1.1,109,0,0,0,0.1,0,0,0,-30.7,-30.2,-9.2,-9.189,0,1,8648.5,0.019351852,246.5,0,--.--,280,234.1,53,0000:00:00,74,0,80,0,30,0,0,3.28,0,0,0,1,63.15,0.477048611,45209,101.35,55.06,--.--
low,2,1904,31.73,15.63,4.72,2371,73.7736,1.87,36.71067497,0.018731481,1.2,-2.5,108,0,0,0,0.1,0,0,0,-30.9,-30.3,-9.24,-9.25,0,1,8648.5,0.019363426,246.8,0,--.--,280,234.4,57,0000:00:00,74,0,80,0,30,0,0,3.28,0,0,0,1,73.75,0.477060185,45209,101.35,55.02,--.--
low,2,1905,31.75,15.64,4.24,2373,66.3136,1.82,36.72836817,0.018743056,4.6,-1.4,108,0,0,0,0.1,0,0,0,-30.9,-30.3,-9.25,-9.279,0,0.99,8648.5,0.019375,247.1,0,--.--,280,234.7,52,0000:00:00,74,0,80,0,30,0,0,3.25,0,0,0,1,66.3,0.477071759,45209,101.35,55.02,--.--
low,2,1906,31.77,15.64,4.21,2374,65.8444,1.82,36.74501803,0.01875463,-1.3,-3.5,108,0,0,0,0.1,0,0,-0.1,-30.8,-30.3,-9.24,-9.258,0,1.02,8648.5,0.019386574,247.4,0,--.--,280,235,34,0000:00:00,74,0,80,0,30,0,0,3.35,0,0,0,1,65.84,0.477083333,45209,101.35,55.02,--.--
low,2,1907,31.78,15.46,10.11,2376,156.3006,2.19,36.78453064,0.018766204,3.7,-0.8,108,0,0,0,0.1,0,0,-0.1,-31.3,-30.7,-9.39,-9.326,0,0.94,8648.5,0.019398148,247.6,0,--.--,280,235.2,52,0000:00:00,74,0,80,0,30,0,0,3.08,0,0,0,1,156.33,0.477094907,45209,101.37,55.02,--.--
low,2,1908,31.8,15.64,5.6,2377,87.584,1.94,36.80606531,0.018777778,2,-0.8,108,0,0,0,0.1,0,0,0,-31.6,-31.1,-9.47,-9.494,0,0.84,8648.5,0.019409722,247.7,0,--.--,280,235.4,55,0000:00:00,74,0,80,0,30,0,0,2.76,0,0,0,1,87.57,0.477106481,45209,101.37,55.02,--.--
low,2,1909,31.82,15.64,3.99,2379,62.4036,1.8,36.82480931,0.018789352,1.9,-1.7,108,0,0,0,0,0,0,0,-31.7,-31.1,-9.49,-9.577,0,0.83,8648.5,0.019421296,247.9,0,--.--,280,235.5,55,0000:00:00,74,0,80,0,30,0,0,2.72,0,0,0,1,62.39,0.477118056,45209,101.37,55.02,--.--
low,2,1910,31.83,15.65,4.07,2380,63.6955,1.8,36.84296908,0.018800926,2.8,-1.7,108,0,0,0,0,0,0,0,-31.6,-31.1,-9.47,-9.555,0,0.84,8648.5,0.01943287,248,0,--.--,280,235.6,54,0000:00:00,74,0,80,0,30,0,0,2.76,0,0,0,1,63.68,0.47712963,45209,101.39,55.02,--.--
low,2,1911,31.85,15.65,3.83,2381,59.9395,1.78,36.86063967,0.0188125,4.4,-2.5,108,0,0,0,0,0,0,0,-31.5,-30.9,-9.43,-9.489,0,0.88,8648.5,0.019444444,248.1,0,--.--,280,235.7,51,0000:00:00,74,0,80,0,30,0,0,2.89,0,0,0,1,59.93,0.477141204,45209,101.39,55.02,--.--
low,2,1912,31.87,15.58,9.13,2382,142.2454,2.15,36.91080925,0.018824074,0.9,-2.6,108,0,0,0,0,0,0,0,-31.5,-31,-9.46,-9.431,0,0.9,8648.5,0.019456019,248.2,0,--.--,280,235.8,55,0000:00:00,74,0,80,0,30,0,0,2.95,0,0,0,1,142.25,0.477152778,45209,101.39,55.02,--.--
low,2,1913,31.88,15.63,4.96,2384,77.5248,1.89,36.93117167,0.018835648,5,-1.6,108,0,0,0,0,0,0,0,-31.6,-31.1,-9.48,-9.472,0,0.85,8648.5,0.019467593,248.3,0,--.--,280,236,52,0000:00:00,74,0,80,0,30,0,0,2.79,0,0,0,1,77.53,0.477164352,45209,101.41,55.02,--.--
low,2,1914,31.9,15.62,4.32,2385,67.4784,1.83,36.94737644,0.018847222,3.6,-1.5,110,0,0,0,0.1,0,0,0,-31.7,-31.1,-9.48,-9.495,0,0.85,8648.5,0.019479167,248.5,0,--.--,280,236.1,52,0000:00:00,74,0,80,0,30,0,0,2.79,0,0,0,1,67.48,0.477175926,45209,101.41,55.02,--.--
low,2,1915,31.92,15.64,4.18,2386,65.3752,1.82,36.96302644,0.018858796,5.3,-2.6,108,0,0,0,0.1,0,0,0,-31.6,-31.1,-9.47,-9.476,0,0.9,8655.1,0.019490741,248.7,0,--.--,280,236.3,51,0000:00:00,74,0,80,0,30,0,0,2.95,0,0,0,1,65.36,0.4771875,45209,101.43,55.02,--.--
low,2,1916,31.93,15.63,4.07,2387,63.6141,1.8,36.983506,0.01887037,2.2,-3.4,108,0,0,0,0.1,0,0,0,-31.5,-31,-9.45,-9.436,0,0.9,8655.1,0.019502315,248.9,0,--.--,280,236.6,35,0000:00:00,74,0,80,0,30,0,0,2.95,0,0,0,1,63.61,0.477199074,45209,101.41,55.02,--.--
low,2,1917,31.95,15.45,11.69,2389,180.6105,2.26,36.99892878,0.018881944,5.8,-1.9,108,0,0,0,0,0,0,-0.1,-31.8,-31.3,-9.55,-9.48,0,0.84,8655.1,0.019513889,249.1,0,--.--,280,236.8,53,0000:00:00,74,0,80,0,30,0,0,2.76,0,0,0,1,180.55,0.477210648,45209,101.43,55.02,--.--
low,2,1918,31.97,15.63,4.69,2391,73.3047,1.87,37.01844706,0.018893519,5,-1.1,108,0,0,0,0.1,0,0,0,-32.1,-31.6,-9.63,-9.626,0,0.74,8655.1,0.019525463,249.3,0,--.--,280,237,53,0000:00:00,74,0,80,0,30,0,0,2.43,0,0,0,1,73.29,0.477222222,45209,101.43,55.02,--.--
low,2,1919,31.98,15.64,3.73,2392,58.3372,1.77,37.03639856,0.018905093,4.4,-2.6,107,0,0,0,0,0,0,0,-32.2,-31.7,-9.65,-9.708,0,0.75,8655.1,0.019537037,249.5,0,--.--,280,237.1,54,0000:00:00,74,0,80,0,30,0,0,2.46,0,0,0,1,58.35,0.477233796,45209,101.43,55.02,--.--
low,2,1920,32,15.65,3.6,2393,56.34,1.75,37.05172464,0.018916667,4.8,-1,108,0,0,0,0.1,0,0,0,-32.1,-31.6,-9.62,-9.686,0,0.74,8655.1,0.019548611,249.6,0,--.--,280,237.2,52,0000:00:00,74,0,80,0,30,0,0,2.43,0,0,0,1,56.33,0.47724537,45209,101.44,55.02,--.--
low,2,1921,32.02,15.62,4.72,2394,73.7264,1.87,37.06611394,0.018928241,2.9,-3.4,108,0,0,0,0.1,0,0,0,-32.1,-31.5,-9.61,-9.628,0,0.79,8655.1,0.019560185,249.8,0,--.--,280,237.4,49,0000:00:00,74,0,80,0,30,0,0,2.59,0,0,0,1,73.71,0.477256944,45209,101.44,55.06,--.--
low,2,1922,32.03,15.64,3.55,2396,55.522,1.74,37.08102492,0.018939815,5.9,-3.3,108,0,0,0,0.1,0,0,0,-32.1,-31.6,-9.62,-9.602,0,0.79,8655.1,0.019571759,250,0,--.--,280,237.7,50,0000:00:00,74,0,80,0,30,0,0,2.59,0,0,0,1,55.53,0.477268519,45209,101.44,55.02,--.--
low,2,1923,32.05,15.58,4.51,2397,70.2658,1.85,37.09580547,0.018951389,4.8,-3.7,108,0,0,0,0,0,0,0,-32.2,-31.7,-9.65,-9.616,0,0.79,8655.1,0.019583333,250.2,0,--.--,280,237.8,52,0000:00:00,74,0,80,0,30,0,0,2.59,0,0,0,1,70.26,0.477280093,45209,101.46,55.02,--.--
low,2,1924,32.07,15.61,4.14,2398,64.6254,1.81,37.11132506,0.018962963,4.9,-1.1,108,0,0,0,0.1,0,0,0,-32.2,-31.7,-9.65,-9.637,0,0.79,8655.1,0.019594907,250.3,0,--.--,280,238,52,0000:00:00,74,0,80,0,30,0,0,2.59,0,0,0,1,64.63,0.477291667,45209,101.46,55.02,--.--
low,2,1925,32.08,15.63,3.53,2399,55.1739,1.74,37.13524764,0.018974537,6.3,-2.2,107,0,0,0,0.1,0,0,0,-32.2,-31.6,-9.64,-9.624,0,0.81,8655.1,0.019606481,250.4,0,--.--,280,238.1,50,0000:00:00,74,0,80,0,30,0,0,2.66,0,0,0,1,55.18,0.477303241,45209,101.46,55.02,--.--
low,2,1926,32.1,15.65,3.31,2400,51.8015,1.71,37.15348264,0.018986111,5.9,-1.2,107,0,0,0,0.1,0,0,0,-32.1,-31.6,-9.62,-9.602,0,0.85,8655.1,0.019618056,250.5,0,--.--,280,238.2,48,0000:00:00,74,0,80,0,30,0,0,2.79,0,0,0,1,51.81,0.477314815,45209,101.46,55.02,--.--
low,2,1927,32.12,15.65,3.43,2401,53.6795,1.73,37.17015464,0.018997685,5.2,-1.5,107,0,0,0,0,0,0,0,-32.1,-31.5,-9.61,-9.567,0,0.94,8655.1,0.01962963,250.6,0,--.--,280,238.3,48,0000:00:00,74,0,80,0,30,0,0,3.08,0,0,0,1,53.67,0.477326389,45209,101.46,55.02,--.--
low,2,1928,32.13,15.65,3.4,2402,53.21,1.73,37.18626222,0.019009259,5.7,-2.1,108,0,0,0,0,0,0,0,-32.1,-31.5,-9.61,-9.562,0,0.94,8655.1,0.019641204,250.7,0,--.--,280,238.4,48,0000:00:00,74,0,80,0,30,0,0,3.08,0,0,0,1,53.21,0.477337963,45209,101.46,55.02,--.--
low,2,1929,32.15,15.65,3.57,2403,55.8705,1.75,37.20224978,0.019020833,4.8,-5.6,107,0,0,0,0.1,0,0,0.1,-32.1,-31.5,-9.6,-9.56,0,0.94,8655.1,0.019652778,250.8,0,--.--,280,238.5,66,0000:00:00,74,0,80,0,30,0,0,3.08,0,0,0,1,55.86,0.477349537,45209,101.46,55.02,--.--
low,2,1930,32.17,15.63,5.51,2405,86.1213,1.94,37.22161361,0.019032407,5.5,-2.4,107,0,0,0,0.1,0,0,0,-31.9,-31.3,-9.54,-9.522,0,1,8655.1,0.019664352,251,0,--.--,280,238.7,47,0000:00:00,74,0,80,0,30,0,0,3.28,0,0,0,1,86.13,0.477361111,45209,101.46,55.02,--.--
low,2,1931,32.18,15.63,4.2,2406,65.646,1.82,37.23889344,0.019043981,6.3,-4,106,0,0,0,0.1,0,0,0,-31.8,-31.2,-9.52,-9.462,0,1.02,8655.1,0.019675926,251.3,0,--.--,280,239,45,0000:00:00,74,0,80,0,30,0,0,3.35,0,0,0,1,65.65,0.477372685,45209,101.5,55.02,--.--
low,2,1932,32.2,15.63,3.84,2407,60.0192,1.78,37.25768083,0.019055556,5.9,-3.8,106,0,0,0,0.1,0,0,0,-31.8,-31.2,-9.52,-9.448,0,1.05,8655.1,0.0196875,251.5,0,--.--,280,239.2,46,0000:00:00,74,0,80,0,30,0,0,3.44,0,0,0,1,60.03,0.477384259,45209,101.46,55.02,--.--
low,2,1933,32.22,15.63,3.71,2408,57.9873,1.76,37.27392906,0.01906713,6.1,-3.7,106,0,0,0,0.1,0,0,0,-31.8,-31.3,-9.53,-9.464,0,1.09,8655.1,0.019699074,251.7,0,--.--,280,239.4,46,0000:00:00,74,0,80,0,30,0,0,3.58,0,0,0,1,57.99,0.477395833,45209,101.46,55.02,--.--
low,2,1934,32.23,15.64,3.68,2409,57.5552,1.76,37.29181672,0.019078704,5.9,-2.6,107,0,0,0,0.1,0,0,0,-31.9,-31.3,-9.55,-9.486,0,1.03,8655.1,0.019710648,251.9,0,--.--,280,240.9,47,0000:00:00,74,0,80,0,30,0,0,3.38,0,0,0,1,57.57,0.477407407,45209,101.5,55.02,--.--
low,2,1935,32.25,15.63,4.46,2411,69.7098,1.84,37.30918339,0.019090278,6.2,-3.9,107,0,0,0,0.1,0,0,0,-31.9,-31.4,-9.57,-9.525,0,1.03,8655.1,0.019722222,252.3,0,--.--,280,241.2,40,0000:00:00,74,0,80,0,30,0,0,3.38,0,0,0,1,69.71,0.477418981,45209,101.5,55.02,--.--
low,2,1936,32.27,15.63,3.98,2412,62.2074,1.79,37.32677839,0.019101852,6.6,-3.4,107,0,0,0,0.1,0,0,0,-32.2,-31.7,-9.66,-9.622,0,1,8655.1,0.019733796,252.6,0,--.--,280,241.5,51,0000:00:00,74,0,80,0,30,0,0,3.28,0,0,0,1,62.22,0.477430556,45209,101.5,55.02,--.--
low,2,1937,32.28,15.62,4.33,2413,67.6346,1.83,37.34129811,0.019113426,6.3,-0.4,107,0,0,0,0.1,0,0,0,-32.3,-31.8,-9.68,-9.704,0,0.93,8655.1,0.01974537,253,0,--.--,280,241.9,50,0000:00:00,74,0,80,0,30,0,0,3.05,0,0,0,1,67.62,0.47744213,45209,101.5,55.02,--.--
low,2,1938,32.3,15.64,3.74,2414,58.4936,1.77,37.35654711,0.019125,7.8,-1.3,107,0,0,0,0.1,0,0,0,-32.3,-31.8,-9.7,-9.731,0,0.9,8655.1,0.019756944,253.3,0,--.--,280,242.2,51,0000:00:00,74,0,80,0,30,0,0,2.95,0,0,0,1,58.49,0.477453704,45209,101.52,55.02,--.--
low,2,1939,32.32,15.63,4.12,2415,64.3956,1.81,37.37262156,0.019136574,6.6,-1.2,107,0,0,0,0.1,0,0,0,-32.3,-31.8,-9.68,-9.728,0,0.87,8655.1,0.019768519,253.7,0,--.--,280,242.6,50,0000:00:00,74,0,80,0,30,0,0,2.85,0,0,0,1,64.39,0.477465278,45209,101.52,55.02,--.--
low,2,1940,32.33,15.63,4,2416,62.52,1.8,37.388305,0.019148148,6.5,-2.4,107,0,0,0,0.1,0,0,0,-32.3,-31.7,-9.67,-9.703,0,0.89,8655.1,0.019780093,254.1,0,--.--,280,243,49,0000:00:00,74,0,80,0,30,0,0,2.92,0,0,0,1,62.52,0.477476852,45209,101.52,55.02,--.--
low,2,1941,32.35,15.64,4.05,2417,63.342,1.8,37.4047375,0.019159722,6.2,-2.5,107,0,0,0,0.1,0,0,0,-32.2,-31.7,-9.65,-9.667,0,0.95,8655.1,0.019791667,254.5,0,--.--,280,243.4,49,0000:00:00,74,0,80,0,30,0,0,3.12,0,0,0,1,63.33,0.477488426,45209,101.52,55.02,--.--
low,2,1942,32.37,15.65,3.34,2418,52.271,1.72,37.45090631,0.019171296,5.8,-3.4,106,0,0,0,0.1,0,0,0,-32.2,-31.6,-9.64,-9.628,0,0.97,8655.1,0.019803241,254.8,0,--.--,280,243.8,47,0000:00:00,74,0,80,0,30,0,0,3.18,0,0,0,1,52.26,0.4775,45209,101.52,55.02,--.--
low,2,1943,32.38,15.64,3.51,2419,54.8964,1.74,37.50180147,0.01918287,5.8,-3,105,0,0,0,0.1,0,0,0,-32.1,-31.6,-9.63,-9.608,0,0.97,8661.7,0.019814815,255.1,0,--.--,280,244,47,0000:00:00,74,0,80,0,30,0,0,3.18,0,0,0,1,54.91,0.477511574,45209,101.53,55.06,--.--
low,2,1944,32.4,15.64,3.7,2420,57.868,1.76,37.51659708,0.019194444,5.8,-2.1,105,0,0,0,0.1,0,0,0,-32.2,-31.6,-9.64,-9.61,0,0.98,8661.7,0.019826389,255.3,0,--.--,280,244.2,48,0000:00:00,74,0,80,0,30,0,0,3.22,0,0,0,1,57.88,0.477523148,45209,101.53,55.02,--.--
low,2,1945,32.42,15.64,3.61,2421,56.4604,1.75,37.54396708,0.019206019,5.9,0,101,0,0,0,0.1,0,0,0,-32.2,-31.7,-9.65,-9.644,0,0.97,8661.7,0.019837963,255.5,0,--.--,281,244.5,49,0000:00:00,74,0,80,0,30,0,0,3.18,0,0,0,1,56.47,0.477534722,45209,101.53,55.02,--.--
low,2,1946,32.43,15.65,3.78,2422,59.157,1.77,37.55995464,0.019217593,5.4,-4.5,101,0,0,0,0,0,0,-0.2,-32.3,-31.7,-9.69,-9.65,0,0.98,8661.7,0.019849537,255.8,0,--.--,281,244.8,35,0000:00:00,74,0,80,0,30,0,0,3.22,0,0,0,1,59.14,0.477546296,45209,101.53,55.02,--.--
low,2,1947,32.45,15.49,10.73,2425,166.2077,2.22,37.57467289,0.019229167,6.4,-2,102,0,0,0,0,0,0,-0.1,-32.8,-32.3,-9.87,-9.835,0,0.86,8661.7,0.019861111,255.9,0,--.--,281,244.8,54,0000:00:00,74,0,80,0,30,0,0,2.82,0,0,0,1,166.19,0.47755787,45209,101.55,55.02,--.--
low,2,1948,32.47,15.62,11.73,2427,183.2226,2.26,37.59026944,0.019240741,5.5,-0.8,101,0,0,0,0,0,0,0,-33,-32.4,-9.89,-9.975,0,0.77,8661.7,0.019872685,256,0,--.--,281,244.9,49,0000:00:00,74,0,80,0,30,0,0,2.53,0,0,0,1,183.22,0.477569444,45209,101.55,55.02,--.--
low,2,1949,32.48,15.62,3.41,2429,53.2642,1.73,37.60689803,0.019252315,6.4,-1.2,102,0,0,0,0,0,0,0,-33,-32.4,-9.88,-9.972,0,0.79,8661.7,0.019884259,256,0,--.--,281,245,63,0000:00:00,74,0,80,0,30,0,0,2.59,0,0,0,1,53.27,0.477581019,45209,101.57,55.06,--.--
low,2,1950,32.5,15.64,6.3,2430,98.532,1.99,37.62403664,0.019263889,6.4,-0.9,102,0,0,0,0,0,0,0,-32.8,-32.2,-9.81,-9.909,0,0.84,8661.7,0.019895833,256.2,0,--.--,281,245.1,50,0000:00:00,74,0,80,0,30,0,0,2.76,0,0,0,1,98.51,0.477592593,45209,101.57,55.02,--.--
low,2,1951,32.52,15.64,3.68,2431,57.5552,1.76,37.64065458,0.019275463,5,-2.1,102,0,0,0,0.1,0,0,0.1,-32.6,-32,-9.75,-9.788,0,0.89,8661.7,0.019907407,256.4,0,--.--,281,245.3,52,0000:00:00,74,0,80,0,30,0,0,2.92,0,0,0,1,57.54,0.477604167,45209,101.57,55.02,--.--
low,2,1952,32.53,15.63,3.39,2432,52.9857,1.72,37.65858308,0.019287037,7.1,0.5,102,0,0,0,0.1,0,0,0,-32.4,-31.9,-9.71,-9.713,0,0.97,8661.7,0.019918981,256.6,0,--.--,281,245.5,45,0000:00:00,74,0,80,0,30,0,0,3.18,0,0,0,1,53,0.477615741,45209,101.57,55.02,--.--
low,2,1953,32.55,15.64,3.59,2433,56.1476,1.75,37.67629708,0.019298611,7.6,-1.3,102,0,0,0,0.1,0,0,0,-32.3,-31.8,-9.69,-9.649,0,1.05,8661.7,0.019930556,256.8,0,--.--,281,245.7,58,0000:00:00,74,0,80,0,30,0,0,3.44,0,0,0,1,56.13,0.477627315,45209,101.57,55.02,--.--
low,2,1954,32.57,15.63,3.83,2434,59.8629,1.78,37.69154608,0.019310185,5.3,-1.3,102,0,0,0,0.1,0,0,0,-32.3,-31.8,-9.67,-9.637,0,1.09,8661.7,0.01994213,257,0,--.--,281,245.9,46,0000:00:00,74,0,80,0,30,0,0,3.58,0,0,0,1,59.87,0.477638889,45209,101.59,55.02,--.--
low,2,1955,32.58,15.62,3.95,2436,61.699,1.79,37.70761025,0.019321759,5.5,-0.3,102,0,0,0,0.1,0,0,0,-32.2,-31.7,-9.66,-9.601,0,1.13,8661.7,0.019953704,257.2,0,--.--,281,246.2,45,0000:00:00,74,0,80,0,30,0,0,3.71,0,0,0,1,61.71,0.477650463,45209,101.59,55.02,--.--
low,2,1956,32.6,15.62,3.83,2437,59.8246,1.78,37.72515647,0.019333333,6.6,-0.4,101,0,0,0,0.1,0,0,0,-32.3,-31.7,-9.68,-9.616,0,1.16,8661.7,0.019965278,257.5,0,--.--,281,246.5,46,0000:00:00,74,0,80,0,30,0,0,3.81,0,0,0,1,59.84,0.477662037,45209,101.59,55.02,--.--
low,2,1957,32.62,15.59,4.14,2438,64.5426,1.81,37.74066614,0.019344907,5.8,-0.3,94,0,0,0,0.1,0,0,0,-32.3,-31.8,-9.69,-9.641,0,1.18,8661.7,0.019976852,257.9,0,--.--,281,246.9,47,0000:00:00,74,0,80,0,30,0,0,3.87,0,0,0,1,64.56,0.477673611,45209,101.59,55.02,--.--
low,2,1958,32.63,15.63,4.08,2439,63.7704,1.8,37.75785914,0.019356481,6.4,-0.1,96,0,0,0,0.1,0,0,0,-32.4,-31.8,-9.7,-9.677,0,1.15,8661.7,0.019988426,258.3,0,--.--,281,247.3,47,0000:00:00,74,0,80,0,30,0,0,3.77,0,0,0,1,63.76,0.477685185,45209,101.59,55.02,--.--
low,2,1959,32.65,15.64,3.51,2440,54.8964,1.74,37.77615753,0.019368056,6.8,-0.1,96,0,0,0,0.1,0,0,0,-32.4,-31.9,-9.71,-9.698,0,1.16,8661.7,0.02,258.7,0,--.--,281,247.6,47,0000:00:00,74,0,80,0,30,0,0,3.81,0,0,0,1,54.89,0.477696759,45209,101.59,55.02,--.--
low,2,1960,32.67,15.63,3.7,2441,57.831,1.76,37.79346969,0.01937963,6.1,0.5,96,0,0,0,0.1,0,0,0,-32.4,-31.8,-9.7,-9.693,0,1.17,8661.7,0.020011574,259,0,--.--,281,248,47,0000:00:00,74,0,80,0,30,0,0,3.84,0,0,0,1,57.84,0.477708333,45209,101.59,55.02,--.--
low,2,1961,32.68,15.52,4.07,2442,63.1664,1.8,37.80962069,0.019391204,5.5,1.5,96,0,0,0,0.1,0,0,-0.1,-32.6,-32.1,-9.81,-9.744,0,1.13,8661.7,0.020023148,259.3,0,--.--,281,248.2,51,0000:00:00,74,0,80,0,30,0,0,3.71,0,0,0,1,63.15,0.477719907,45209,101.59,55.02,--.--
low,2,1962,32.7,15.64,3.57,2443,55.8348,1.75,37.82434836,0.019402778,6.7,1.5,96,0,0,0,0.1,0,0,0,-33,-32.4,-9.9,-9.934,0,0.99,8661.7,0.020034722,259.5,0,--.--,281,248.5,55,0000:00:00,74,0,80,0,30,0,0,3.25,0,0,0,1,55.82,0.477731481,45209,101.62,55.02,--.--
low,2,1963,32.72,15.63,3.96,2444,61.8948,1.79,37.83804211,0.019414352,5.7,1.9,96,0,0,0,0.1,0,0,0,-33.1,-32.6,-9.93,-10.051,0,0.96,8661.7,0.020046296,259.6,0,--.--,281,247.3,56,0000:00:00,74,0,80,0,30,0,0,3.15,0,0,0,1,61.88,0.477743056,45209,101.62,55.02,--.--
low,2,1964,32.73,15.61,4.22,2445,65.8742,1.82,37.85250911,0.019425926,5.7,2,96,0,0,0,0.1,0,0,0,-33.1,-32.6,-9.93,-10.069,0,0.96,8661.7,0.02005787,259.9,0,--.--,281,248.9,55,0000:00:00,74,0,80,0,30,0,0,3.15,0,0,0,1,65.89,0.47775463,45209,101.62,55.02,--.--
low,2,1965,32.75,15.62,3.99,2446,62.3238,1.79,37.86741056,0.0194375,6.1,0.8,96,0,0,0,0.1,0,0,0,-33.1,-32.5,-9.91,-10.032,0,0.99,8661.7,0.020069444,260.2,0,--.--,281,247.9,54,0000:00:00,74,0,80,0,30,0,0,3.25,0,0,0,1,62.32,0.477766204,45209,101.62,55.02,--.--
low,2,1966,32.77,15.63,3.72,2447,58.1436,1.76,37.89912783,0.019449074,6.4,0.7,96,0,0,0,0.1,0,0,0,-33,-32.4,-9.88,-9.975,0,1,8661.7,0.020081019,260.5,0,--.--,281,248.2,53,0000:00:00,74,0,80,0,30,0,0,3.28,0,0,0,1,58.14,0.477777778,45209,101.62,55.02,--.--
low,2,1967,32.78,15.64,3.39,2448,53.0196,1.72,37.91419342,0.019460648,6.4,0.7,96,0,0,0,0.1,0,0,0,-32.9,-32.3,-9.85,-9.917,0,1.05,8661.7,0.020092593,260.8,0,--.--,281,248.5,52,0000:00:00,74,0,80,0,30,0,0,3.44,0,0,0,1,53.02,0.477789352,45209,101.62,55.02,--.--
low,2,1968,32.8,15.65,3.15,2449,49.2975,1.69,37.932385,0.019472222,6.6,0.5,96,0,0,0,0.1,0,0,0,-32.8,-32.3,-9.83,-9.871,0,1.08,8661.7,0.020104167,261,0,--.--,281,248.7,51,0000:00:00,74,0,80,0,30,0,0,3.54,0,0,0,1,49.29,0.477800926,45209,101.62,55.02,--.--
low,2,1969,32.82,15.64,3.33,2450,52.0812,1.72,37.9482755,0.019483796,7.1,-0.2,96,0,0,0,0.1,0,0,0,-32.7,-32.2,-9.8,-9.817,0,1.08,8668.3,0.020115741,261.2,0,--.--,281,248.9,49,0000:00:00,74,0,80,0,30,0,0,3.54,0,0,0,1,52.09,0.4778125,45209,101.66,55.02,--.--
low,2,1970,32.83,15.64,3.43,2451,53.6452,1.73,37.96367856,0.01949537,5.8,-0.2,96,0,0,0,0.1,0,0,0,-32.6,-32.1,-9.78,-9.769,0,1.11,8668.3,0.020127315,261.5,0,--.--,281,249.2,46,0000:00:00,74,0,80,0,30,0,0,3.64,0,0,0,1,53.64,0.477824074,45209,101.66,55.02,--.--
low,2,1971,32.85,15.62,7.31,2453,114.1822,2.06,37.98379344,0.019506944,6.5,0.7,96,0,0,0,0.1,0,0,0,-32.6,-32.1,-9.78,-9.739,0,1.14,8668.3,0.020138889,261.8,0,--.--,281,249.5,48,0000:00:00,74,0,80,0,30,0,0,3.74,0,0,0,1,114.21,0.477835648,45209,101.66,55.02,--.--
low,2,1972,32.87,15.63,3.47,2454,54.2361,1.73,38.00938703,0.019518519,6.5,-0.7,96,0,0,0,0.1,0,0,0,-32.7,-32.1,-9.79,-9.761,0,1.12,8668.3,0.020150463,262.2,0,--.--,281,249.9,48,0000:00:00,74,0,80,0,30,0,0,3.67,0,0,0,1,54.25,0.477847222,45209,101.68,55.02,--.--
low,2,1973,32.88,15.63,4.19,2455,65.4897,1.82,38.03476408,0.019530093,7.9,1.9,86,0,0,0,0.1,0,0,0,-32.7,-32.1,-9.79,-9.758,0,1.16,8668.3,0.020162037,262.6,0,--.--,281,250.3,48,0000:00:00,74,0,80,0,30,0,0,3.81,0,0,0,1,65.47,0.477858796,45209,101.68,55.02,--.--
low,2,1974,32.9,15.63,3.66,2456,57.2058,1.76,38.05272708,0.019541667,6,1.2,78,0,0,0,0.1,0,0,0,-32.7,-32.1,-9.79,-9.759,0,1.15,8668.3,0.020173611,263,0,--.--,281,246.6,48,0000:00:00,74,0,80,0,30,0,0,3.77,0,0,0,1,57.2,0.47787037,45209,101.68,55.06,--.--
low,2,1975,32.92,15.62,3.55,2457,55.451,1.74,38.06688997,0.019553241,5.4,0.7,76,0,0,0,0.1,0,0,0,-32.7,-32.1,-9.79,-9.759,0,1.11,8668.3,0.020185185,263.3,0,--.--,281,247,59,0000:00:00,74,0,80,0,30,0,0,3.64,0,0,0,1,55.45,0.477881944,45209,101.68,55.02,--.--
low,2,1976,32.93,15.44,4.69,2458,72.4136,1.86,38.08126089,0.019564815,5.1,2,77,0,0,0,0.1,0,0,0.1,-32.4,-31.9,-9.7,-9.724,0,1.17,8668.3,0.020196759,263.6,0,--.--,281,247.3,49,0000:00:00,74,0,80,0,30,0,0,3.84,0,0,0,1,72.41,0.477893519,45209,101.7,55.02,--.--
low,2,1977,32.95,15.59,5.91,2460,92.1369,1.96,38.09978794,0.019576389,5.2,1.1,72,0,0,0,0.1,0,0,0,-32.2,-31.7,-9.64,-9.635,0,1.24,8668.3,0.020208333,263.9,0,--.--,281,247.5,46,0000:00:00,74,0,80,0,30,0,0,4.07,0,0,0,1,92.13,0.477905093,45209,101.7,55.02,--.--
low,2,1978,32.97,15.59,5.86,2461,91.3574,1.96,38.11469461,0.019587963,5.5,0.9,75,0,0,0,0.2,0,0,0,-32.1,-31.6,-9.62,-9.572,0,1.2,8668.3,0.020219907,264.2,0,--.--,281,247.8,46,0000:00:00,74,0,80,0,30,0,0,3.94,0,0,0,1,91.37,0.477916667,45209,101.7,55.02,--.--
low,2,1979,32.98,15.62,4.14,2462,64.6668,1.81,38.13130192,0.019599537,5.8,1.3,75,0,0,0,0.1,0,0,0,-32.1,-31.6,-9.63,-9.559,0,1.17,8668.3,0.020231481,264.5,0,--.--,281,248.1,46,0000:00:00,74,0,80,0,30,0,0,3.84,0,0,0,1,64.65,0.477928241,45209,101.7,55.02,--.--
low,2,1980,33,15.64,3.26,2463,50.9864,1.71,38.14516069,0.019611111,5.7,1.3,74,0,0,0,0.1,0,0,0,-32.2,-31.6,-9.64,-9.59,0,1.09,8668.3,0.020243056,264.7,0,--.--,281,248.4,47,0000:00:00,74,0,80,0,30,0,0,3.58,0,0,0,1,50.99,0.477939815,45209,101.71,55.02,--.--
low,2,1981,33.02,15.63,3.31,2464,51.7353,1.71,38.15967114,0.019622685,5.5,1.9,74,0,0,0,0.1,0,0,0,-32.2,-31.7,-9.65,-9.614,0,1.08,8668.3,0.02025463,264.9,0,--.--,281,248.6,44,0000:00:00,74,0,80,0,30,0,0,3.54,0,0,0,1,51.75,0.477951389,45209,101.71,55.02,--.--
low,2,1982,33.03,15.62,4.27,2465,66.6974,1.82,38.17499722,0.019634259,6.1,3.9,75,0,0,0,0.1,0,0,0.1,-32.1,-31.6,-9.6,-9.632,0,1.05,8668.3,0.020266204,265.1,0,--.--,281,248.8,53,0000:00:00,74,0,80,0,30,0,0,3.44,0,0,0,1,66.69,0.477962963,45209,101.71,55.02,--.--
low,2,1983,33.05,15.6,3.44,2467,53.664,1.73,38.19006281,0.019645833,5.6,0.3,74,0,0,0,0.1,0,0,0,-31.9,-31.3,-9.55,-9.552,0,1.02,8668.3,0.020277778,265.4,0,--.--,280,249.1,47,0000:00:00,74,0,80,0,30,0,0,3.35,0,0,0,1,53.66,0.477974537,45209,101.73,55.02,--.--
low,2,1984,33.07,15.61,3.83,2468,59.7863,1.78,38.21355122,0.019657407,5.4,0.6,74,0,0,0,0.1,0,0,0,-31.8,-31.3,-9.54,-9.516,0,1.01,8668.3,0.020289352,265.7,0,--.--,280,249.4,48,0000:00:00,74,0,80,0,30,0,0,3.31,0,0,0,1,59.79,0.477986111,45209,101.73,55.02,--.--
low,2,1985,33.08,15.64,3.19,2469,49.8916,1.7,38.22653281,0.019668981,5.9,2.1,74,0,0,0,0.1,0,0,0,-31.8,-31.3,-9.53,-9.499,0,0.96,8668.3,0.020300926,266,0,--.--,280,249.7,47,0000:00:00,74,0,80,0,30,0,0,3.15,0,0,0,1,49.88,0.477997685,45209,101.73,55.02,--.--
low,2,1986,33.1,15.64,3.34,2470,52.2376,1.72,38.23967122,0.019680556,5.7,2.5,74,0,0,0,0.1,0,0,0,-31.8,-31.3,-9.55,-9.513,0,0.95,8668.3,0.0203125,266.2,0,--.--,280,249.9,47,0000:00:00,74,0,80,0,30,0,0,3.12,0,0,0,1,52.23,0.478009259,45209,101.73,55.02,--.--
low,2,1987,33.12,15.63,3.53,2471,55.1739,1.74,38.25456314,0.01969213,5.7,0.7,74,0,0,0,0.1,0,0,0,-31.9,-31.3,-9.56,-9.536,0,0.91,8668.3,0.020324074,266.4,0,--.--,280,250,48,0000:00:00,74,0,80,0,30,0,0,2.99,0,0,0,1,55.18,0.478020833,45209,101.73,55.02,--.--
low,2,1988,33.13,15.63,3.47,2472,54.2361,1.73,38.28735239,0.019703704,5.2,2.1,74,0,0,0,0.1,0,0,0,-31.9,-31.4,-9.56,-9.556,0,0.89,8668.3,0.020335648,266.6,0,--.--,280,250.2,43,0000:00:00,74,0,80,0,30,0,0,2.92,0,0,0,1,54.24,0.478032407,45209,101.75,55.02,--.--
low,2,1989,33.15,15.63,5.41,2473,84.5583,1.93,38.30121906,0.019715278,5.6,3.8,74,0,0,0,0.1,0,0,0,-32.1,-31.5,-9.62,-9.606,0,0.79,8668.3,0.020347222,266.8,0,--.--,280,250.4,50,0000:00:00,74,0,80,0,30,0,0,2.59,0,0,0,1,84.59,0.478043981,45209,101.75,55.02,--.--
low,2,1990,33.17,15.63,2.99,2474,46.7337,1.67,38.32366572,0.019726852,5.8,1.2,74,0,0,0,0,0,0,0,-32.2,-31.7,-9.66,-9.705,0,0.72,8668.3,0.020358796,266.9,0,--.--,280,250.6,50,0000:00:00,74,0,80,0,30,0,0,2.36,0,0,0,1,46.74,0.478055556,45209,101.75,55.02,--.--
low,2,1991,33.18,15.61,3.03,2475,47.2983,1.67,38.33829714,0.019738426,5.1,3.5,75,0,0,0,0,0,0,-0.2,-32.5,-31.9,-9.78,-9.745,0,0.71,8668.3,0.02037037,267,0,--.--,280,250.7,44,0000:00:00,74,0,80,0,30,0,0,2.33,0,0,0,1,47.31,0.47806713,45209,101.75,55.02,--.--
low,2,1992,33.2,15.63,3.43,2477,53.6109,1.73,38.35410081,0.01975,5.9,3.5,75,0,0,0,0,0,0,0,-33,-32.5,-9.91,-9.973,0,0.43,8668.3,0.020381944,267.1,0,--.--,280,250.8,68,0000:00:00,74,0,80,0,30,0,0,1.41,0,0,0,1,53.6,0.478078704,45209,101.75,55.02,--.--
low,2,1993,33.22,15.39,7.67,2479,118.0413,2.07,38.36833236,0.019761574,5.4,2.6,74,0,0,0,0,0,0,0.1,-32.8,-32.3,-9.81,-9.982,0,0.39,8674.9,0.020393519,267.2,0,--.--,280,250.8,52,0000:00:00,74,0,80,0,30,0,0,1.28,0,0,0,1,118.07,0.478090278,45209,101.75,55.02,--.--
low,2,1994,33.23,15.6,3.2,2481,49.92,1.7,38.38511311,0.019773148,5,-0.3,74,0,0,0,0.1,0,0,0.1,-32.5,-32,-9.72,-9.822,0,0.63,8674.9,0.020405093,267.3,0,--.--,280,250.9,51,0000:00:00,74,0,80,0,30,0,0,2.07,0,0,0,1,49.93,0.478101852,45209,101.79,55.06,--.--
low,2,1995,33.25,15.54,5.2,2482,80.808,1.91,38.40378978,0.019784722,7.2,0.3,74,0,0,0,0.1,0,0,0,-32.3,-31.7,-9.65,-9.688,0,0.72,8674.9,0.020416667,267.6,0,--.--,280,251.2,48,0000:00:00,74,0,80,0,30,0,0,2.36,0,0,0,1,80.81,0.478113426,45209,101.79,55.02,--.--
low,2,1996,33.27,15.63,3.37,2483,52.6731,1.72,38.42259644,0.019796296,3.7,0.7,74,0,0,0,0.1,0,0,0.1,-32.1,-31.6,-9.6,-9.598,0,0.75,8674.9,0.020428241,267.8,0,--.--,280,251.4,43,0000:00:00,74,0,80,0,30,0,0,2.46,0,0,0,1,52.67,0.478125,45209,101.79,55.02,--.--
low,2,1997,33.28,15.63,3.64,2484,56.8932,1.76,38.45086789,0.01980787,6.3,1.7,74,0,0,0,0.1,0,0,0,-31.9,-31.4,-9.57,-9.51,0,0.82,8674.9,0.020439815,268.1,0,--.--,280,251.7,43,0000:00:00,74,0,80,0,30,0,0,2.69,0,0,0,1,56.88,0.478136574,45209,101.79,55.02,--.--
low,2,1998,33.3,15.62,3.28,2485,51.2336,1.71,38.46582747,0.019819444,6.7,0.9,74,0,0,0,0.1,0,0,0,-31.9,-31.4,-9.56,-9.51,0,0.86,8674.9,0.020451389,268.2,0,--.--,280,251.9,46,0000:00:00,74,0,80,0,30,0,0,2.82,0,0,0,1,51.25,0.478148148,45209,101.79,55.02,--.--
low,2,1999,33.32,15.61,3.87,2486,60.4107,1.78,38.48583464,0.019831019,4.9,1.4,74,0,0,0,0.1,0,0,0,-31.9,-31.4,-9.56,-9.505,0,0.89,8674.9,0.020462963,268.5,0,--.--,280,252.1,47,0000:00:00,74,0,80,0,30,0,0,2.92,0,0,0,1,60.41,0.478159722,45209,101.8,55.02,--.--
low,2,2000,33.33,15.6,4.31,2488,67.236,1.83,38.50109775,0.019842593,6.1,1.2,74,0,0,0,0.1,0,0,0,-31.9,-31.4,-9.58,-9.525,0,0.94,8674.9,0.020474537,268.8,0,--.--,280,252.5,48,0000:00:00,74,0,80,0,30,0,0,3.08,0,0,0,1,67.24,0.478171296,45209,101.8,55.02,--.--
low,2,2001,33.35,15.6,4.34,2489,67.704,1.83,38.514253,0.019854167,5.5,1,74,0,0,0,0.1,0,0,0,-32,-31.5,-9.6,-9.562,0,1.01,8674.9,0.020486111,269.4,0,--.--,280,253.1,49,0000:00:00,74,0,80,0,30,0,0,3.31,0,0,0,1,67.72,0.47818287,45209,101.82,55.02,--.--
low,2,2002,33.37,15.61,6.52,2490,101.7772,2.01,38.52724289,0.019865741,5.4,5.4,74,0,0,0,0.1,0,0,0.1,-31.9,-31.3,-9.51,-9.569,0,1.05,8674.9,0.020497685,269.6,0,--.--,280,253.3,53,0000:00:00,74,0,80,0,30,0,0,3.44,0,0,0,1,101.78,0.478194444,45209,101.82,55.02,--.--
low,2,2003,33.38,15.61,3.45,2491,53.8545,1.73,38.54075411,0.019877315,5.5,-1,74,0,0,0,0.1,0,0,0,-31.6,-31,-9.45,-9.462,0,1.15,8674.9,0.020509259,270,0,--.--,280,253.6,48,0000:00:00,74,0,80,0,30,0,0,3.77,0,0,0,1,53.86,0.478206019,45209,101.82,55.02,--.--
low,2,2004,33.4,15.59,4.62,2493,72.0258,1.86,38.55356203,0.019888889,5.6,-0.1,74,0,0,0,0.1,0,0,0,-31.5,-31,-9.44,-9.41,0,1.14,8674.9,0.020520833,270.4,0,--.--,280,254.1,48,0000:00:00,74,0,80,0,30,0,0,3.74,0,0,0,1,72.02,0.478217593,45209,101.84,55.02,--.--
low,2,2005,33.42,15.61,3.52,2494,54.9472,1.74,38.57342653,0.019900463,5.7,1.9,74,0,0,0,0.1,0,0,0,-31.5,-31,-9.44,-9.406,0,1.15,8674.9,0.020532407,270.7,0,--.--,280,254.4,48,0000:00:00,74,0,80,0,30,0,0,3.77,0,0,0,1,54.93,0.478229167,45209,101.82,55.02,--.--
low,2,2006,33.43,15.63,3.03,2495,47.3589,1.68,38.58727644,0.019912037,5.7,0.9,74,0,0,0,0,0,0,0,-31.6,-31,-9.45,-9.425,0,1.13,8674.9,0.020543981,270.8,0,--.--,280,254.5,48,0000:00:00,74,0,80,0,30,0,0,3.71,0,0,0,1,47.37,0.478240741,45209,101.84,55.02,--.--
low,2,2007,33.45,15.64,2.99,2496,46.7636,1.67,38.60087456,0.019923611,5.6,1.8,75,0,0,0,0,0,0,0,-31.6,-31,-9.46,-9.446,0,1.13,8674.9,0.020555556,270.8,0,--.--,280,254.5,48,0000:00:00,74,0,80,0,30,0,0,3.71,0,0,0,1,46.76,0.478252315,45209,101.84,55.02,--.--
low,2,2008,33.47,15.64,3.11,2497,48.6404,1.69,38.61386444,0.019935185,5.8,2,75,0,0,0,0,0,0,0,-31.6,-31,-9.45,-9.445,0,1.14,8674.9,0.02056713,270.7,0,--.--,280,250.3,48,0000:00:00,74,0,80,0,30,0,0,3.74,0,0,0,1,48.64,0.478263889,45209,101.84,55.02,--.--
low,2,2009,33.48,15.63,2.95,2497,46.1085,1.66,38.627115,0.019946759,5.4,2.5,74,0,0,0,0.1,0,0,0,-31.5,-31,-9.45,-9.429,0,1.15,8674.9,0.020578704,270.7,0,--.--,280,250.3,48,0000:00:00,74,0,80,0,30,0,0,3.77,0,0,0,1,46.1,0.478275463,45209,101.84,55.02,--.--
low,2,2010,33.5,15.58,4.59,2499,71.5122,1.85,38.640358,0.019958333,5.4,1.1,74,0,0,0,0,0,0,0,-31.6,-31,-9.45,-9.426,0,1.14,8674.9,0.020590278,270.9,0,--.--,280,250.5,48,0000:00:00,74,0,80,0,30,0,0,3.74,0,0,0,1,71.5,0.478287037,45209,101.86,55.02,--.--
low,2,2011,33.52,15.63,3.19,2499,49.8597,1.7,38.65770244,0.019969907,6,1.3,76,0,0,0,0,0,0,0,-31.6,-31,-9.46,-9.446,0,1.13,8674.9,0.020601852,271,0,--.--,280,250.6,48,0000:00:00,74,0,80,0,30,0,0,3.71,0,0,0,1,49.88,0.478298611,45209,101.88,55.02,--.--
low,2,2012,33.53,15.64,3.13,2500,48.9532,1.69,38.6738865,0.019981481,5.7,2,75,0,0,0,0,0,0,0,-31.6,-31,-9.46,-9.447,0,1.14,8674.9,0.020613426,271,0,--.--,280,250.6,47,0000:00:00,74,0,80,0,30,0,0,3.74,0,0,0,1,48.94,0.478310185,45209,101.88,55.02,--.--
low,2,2013,33.55,15.64,2.99,2501,46.7636,1.67,38.68751933,0.019993056,5.7,2.5,75,0,0,0,0.1,0,0,0,-31.6,-31,-9.45,-9.433,0,1.15,8674.9,0.020625,270.8,0,--.--,280,250.4,46,0000:00:00,74,0,80,0,30,0,0,3.77,0,0,0,1,46.76,0.478321759,45209,101.89,55.02,--.--
low,2,2014,33.57,15.64,3.05,2502,47.702,1.68,38.70084825,0.02000463,5.1,1,75,0,0,0,0.1,0,0,0.2,-31.5,-30.9,-9.42,-9.43,0,1.16,8674.9,0.020636574,270.6,0,--.--,280,250.2,68,0000:00:00,74,0,80,0,30,0,0,3.81,0,0,0,1,47.71,0.478333333,45209,101.89,55.02,--.--
low,2,2015,33.58,15.58,3.06,2505,47.6748,1.68,38.71409881,0.020016204,5.6,4.4,76,0,0,0,0,0,0,0,-30.9,-30.4,-9.26,-9.279,0,1.33,8674.9,0.020648148,270.5,0,--.--,280,250.1,40,0000:00:00,74,0,80,0,30,0,0,4.36,0,0,0,1,47.68,0.478344907,45209,101.89,55.02,--.--
low,2,2016,33.6,15.61,4,2506,62.44,1.8,38.72682803,0.020027778,5.4,4,77,0,0,0,0,0,0,0,-30.8,-30.3,-9.23,-9.116,0,1.36,8674.9,0.020659722,270.3,0,--.--,280,249.9,42,0000:00:00,74,0,80,0,30,0,0,4.46,0,0,0,1,62.45,0.478356481,45209,101.89,55.02,--.--
low,2,2017,33.62,15.62,3.73,2507,58.2626,1.77,38.74003514,0.020039352,5.4,2.9,77,0,0,0,0,0,0,0,-30.9,-30.4,-9.26,-9.147,0,1.33,8674.9,0.020671296,270.2,0,--.--,280,249.8,44,0000:00:00,74,0,80,0,30,0,0,4.36,0,0,0,1,58.25,0.478368056,45209,101.91,55.06,--.--
low,2,2018,33.63,15.63,3.14,2508,49.0782,1.69,38.75332914,0.020050926,5.7,2.2,76,0,0,0,0.1,0,0,0,-31,-30.5,-9.3,-9.215,0,1.29,8674.9,0.02068287,270,0,--.--,280,249.7,45,0000:00:00,74,0,80,0,30,0,0,4.23,0,0,0,1,49.09,0.47837963,45209,101.91,55.06,--.--
low,2,2019,33.65,15.63,3.07,2508,47.9841,1.68,38.76631903,0.0200625,5.7,1.5,76,0,0,0,0.1,0,0,0,-31.1,-30.6,-9.32,-9.287,0,1.27,8674.9,0.020694444,269.8,0,--.--,280,249.5,46,0000:00:00,74,0,80,0,30,0,0,4.17,0,0,0,1,47.99,0.478391204,45209,101.91,55.02,--.--
low,2,2020,33.67,15.64,3.05,2509,47.702,1.68,38.77913514,0.020074074,5.8,1.8,75,0,0,0,0.1,0,0,0,-31.2,-30.6,-9.33,-9.311,0,1.25,8674.9,0.020706019,269.6,0,--.--,280,249.2,46,0000:00:00,74,0,80,0,30,0,0,4.1,0,0,0,1,47.69,0.478402778,45209,101.91,55.02,--.--
low,2,2021,33.68,15.64,2.93,2510,45.8252,1.66,38.78410364,0.020085648,5.7,2.5,75,0,0,0,0.1,0,0,0,-31.2,-30.6,-9.33,-9.313,0,0,8674.9,0.020717593,269.3,0,--.--,280,249,46,0000:00:00,74,0,80,0,30,0,0,0,0,0,0,1,45.83,0.478414352,45209,101.91,55.02,--.--
low,2,2022,33.7,15.64,3.04,2511,47.5456,1.68,38.78776931,0.02009838,5.7,2.3,75,0,0,0,0.1,0,0,0,-31.2,-30.6,-9.33,-9.312,0,0,8674.9,0.020729167,269.1,0,--.--,280,248.7,46,0000:00:00,74,0,80,0,30,0,0,0,0,0,0,1,47.54,0.478425926,45209,101.91,55.06,--.--
low,2,2023,33.72,15.64,3.06,2512,47.8584,1.68,38.79108586,0.020108796,5.6,2.1,74,0,0,0,0.1,0,0,0,-31.2,-30.6,-9.33,-9.314,0,0,8674.9,0.020740741,268.7,0,--.--,280,248.3,46,0000:00:00,74,0,80,0,30,0,0,0,0,0,0,1,47.85,0.4784375,45209,101.91,55.06,--.--
low,0,2024,33.73,15.64,2.99,2513,46.7636,1.67,38.86708919,0.02012037,5.5,1.4,75,0,0,0,0.1,0,0,0,-31.2,-30.6,-9.34,-9.328,0,0,8674.9,0.020752315,268.4,0,--.--,280,248,46,0000:00:00,74,0,80,0,30,0,0,0,0,0,0,1,46.75,0.478449074,45209,101.95,55.06,--.--
low,0,2025,33.75,15.64,2.95,2513,46.138,1.66,38.91713919,0.020131944,5.6,2.3,75,0,0,0,0,0,0,0,-31.2,0,-9.34,-9.335,0,0,8817.7,0.020763889,147.9,0,--.--,258,127.3,46,0000:00:00,74,0,70,0,30,0,0,0,0,0,0,1,46.14,0.478460648,45209,101.95,55.02,--.--
low,0,2026,33.77,15.69,1.14,2514,17.8866,1.25,38.94572808,0.020143519,5.8,1.7,75,0,0,0,0.1,0,0,0,-31.2,0,0,-0.003,0,0,8817.7,0.020775463,147.3,0,--.--,258,126.8,47,0000:00:00,74,0,30,0,30,0,0,0,0,0,0,1,17.89,0.478472222,45209,101.95,55.06,--.--
low,0,2027,33.78,15.71,0.84,2514,13.1964,1.12,38.95164031,0.020155093,5.5,1.7,75,0,0,0,0.1,0,0,0,-31.2,0,0,0.001,0,0,8817.7,0.020787037,147,0,--.--,259,126.4,46,0000:00:00,74,0,0,0,30,0,0,0,0,0,0,1,13.19,0.478483796,45209,101.95,55.06,--.--
low,0,2028,33.8,15.71,0.76,2514,11.9396,1.08,38.96214714,0.020166667,5.8,4.2,75,0,0,0,0.1,0,0,0.3,-30.9,0,0,0,0,0,8817.7,0.020798611,146.6,0,--.--,259,126,73,0000:00:00,74,0,0,0,30,0,0,0,0,0,0,1,11.94,0.47849537,45209,101.97,55.06,--.--
low,0,2029,33.82,15.1,18.12,2518,273.612,2.44,38.97925283,0.020178241,5.8,1.9,74,0,0,0,0.2,0,0,0.5,-29.5,0,0,0.071,0,0,8817.7,0.020810185,146.2,0,--.--,259,125.6,82,0000:00:00,74,0,0,0,30,0,0,0,0,0,0,1,273.67,0.478506944,45209,101.97,55.06,--.--
low,0,2030,33.83,15.4,11.7,2526,180.18,2.26,38.99032408,0.020189815,5.3,1.1,72,0,0,0,0.6,0,0,0.4,-27.7,0,0,0.157,0,0,8817.7,0.020821759,145.9,0,--.--,258,125.3,65,0000:00:00,74,0,0,0,30,0,0,0,0,0,0,1,180.18,0.478518519,45209,101.97,55.02,--.--
low,0,2031,33.85,15.5,6.64,2528,102.92,2.01,38.99524272,0.020201389,4.8,1.9,53,0,0,0,0.7,0,0,0.2,-26.7,0,0,0.132,0,0,9105.5,0.020833333,145.7,0,--.--,258,125.1,57,0000:00:00,74,0,0,0,30,0,0,0,0,0,0,1,102.93,0.478530093,45209,101.98,55.02,--.--
low,0,2032,33.87,15.65,1.36,2529,21.284,1.33,39.00141972,0.020212963,5.1,1.6,46,0,0,0,0.7,0,0,0.1,-26.2,0,0,0.118,0,0,9105.5,0.020844907,146.2,0,--.--,257,125.7,39,0000:00:00,69,0,0,0,30,0,0,0,0,0,0,1,21.29,0.478541667,45209,101.98,55.02,--.--
low,0,2033,33.88,15.63,2.42,2530,37.8246,1.58,39.01080372,0.020224537,3.6,3.2,47,0,0,0,0.6,0,0,0,-26.1,0,0,0.15,0,0,9105.5,0.020856481,146.4,0,--.--,258,125.8,40,0000:00:00,41,0,0,0,30,0,0,0,0,0,0,1,37.81,0.478553241,45209,101.98,55.02,--.--
low,0,2034,33.9,15.59,3.95,2530,61.5805,1.79,39.01915039,0.020236111,2.9,4.9,26,0,0,0,0.5,0,0,0,-26.1,0,0,0.157,0,0,9105.5,0.020868056,146.3,0,--.--,258,125.7,41,0000:00:00,41,0,0,0,30,0,0,0,0,0,0,1,61.57,0.478564815,45209,102,55.02,--.--
low,0,2035,33.92,15.63,2.55,2531,39.8565,1.6,39.02611483,0.020247685,1.3,5.4,9,0,0,0,0.5,0,0,0,-26.2,0,0,0.125,0,0,9105.5,0.02087963,146.1,0,--.--,259,125.5,44,0000:00:00,41,0,0,0,30,0,0,0,0,0,0,1,39.86,0.478576389,45209,102,55.02,--.--
low,0,2036,33.93,15.67,1.13,2532,17.7071,1.25,39.0301655,0.020259259,1.5,4,8,0,0,0,0.4,0,0,0,-26.3,0,0,0.097,0,0,9250.2,0.020891204,268.1,0,--.--,280,247.7,44,0000:00:00,41,0,0,0,30,0,0,0,0,0,0,1,17.7,0.478587963,45209,102.02,55.02,--.--
low,0,2037,33.95,15.66,1.42,2532,22.2372,1.35,39.05209417,0.020270833,0.7,4.7,3,0,0,0,0.3,0,0,0,-26.3,0,0,0.086,0,0,9390.4,0.020902778,145.9,0,--.--,260,125.2,45,0000:00:00,15,0,0,0,30,0,0,0,0,0,0,1,22.24,0.478599537,45209,102.02,55.02,--.--
low,0,2038,33.97,15.64,2.16,2533,33.7824,1.53,39.07396558,0.020282407,-0.9,3.2,343,0,0,0,0.3,0,0,0,-26.4,0,0,0.064,0,0,9390.4,0.020914352,145.6,0,--.--,260,124.9,46,0000:00:00,15,0,0,0,30,0,0,0,0,0,0,1,33.79,0.478611111,45209,102.02,55.02,--.--
low,0,2039,33.98,15.65,1.92,2534,30.048,1.48,39.10001183,0.020293981,-1.6,2.4,325,0,0,0,0.3,0,0,0,-26.5,0,0,0.039,0,0,9390.4,0.020925926,145.3,0,--.--,260,124.6,48,0000:00:00,15,0,0,0,30,0,0,0,0,0,0,1,30.06,0.478622685,45209,102.04,55.02,--.--
low,0,2040,34,15.67,1.6,2534,25.072,1.4,39.12688736,0.020305556,-1.7,2.6,308,0,0,0,0.3,0,0,0,-26.6,0,0,0.002,0,0,9390.4,0.0209375,144.9,0,--.--,260,124.2,49,0000:00:00,15,0,0,0,30,0,0,0,0,0,0,1,25.07,0.478634259,45209,102.04,55.02,--.--
low,0,2041,34.02,15.68,0.93,2534,14.5824,1.16,39.15190792,0.02031713,-1.8,4.2,302,0,0,0,0.4,0,0,0.2,-26.5,0,0,-0.01,0,0,9390.4,0.020949074,144.8,0,--.--,260,124.1,67,0000:00:00,15,0,0,0,30,0,0,0,0,0,0,1,14.58,0.478645833,45209,102.04,55.02,--.--
low,0,2042,34.03,15.54,5.08,2536,78.9432,1.9,39.23069053,0.020328704,-3.6,5.2,294,0,0,0,0.4,0,0,-0.1,-26.2,0,0,0.041,0,0,9673,0.020960648,144.4,0,--.--,259,123.8,34,0000:00:00,15,0,0,0,30,0,0,0,0,0,0,1,78.93,0.478657407,45209,102.07,55.02,--.--
low,0,2043,34.05,15.53,5.07,2538,78.7371,1.9,39.26383864,0.020340278,0.7,8.2,293,0,0,0,0.5,0,0,0,-26.5,0,0,-0.006,0,0,9673,0.020972222,144,0,--.--,259,123.3,49,0000:00:00,15,0,0,0,30,0,0,0,0,0,0,1,78.76,0.478668981,45209,102.07,55.02,--.--
low,0,2044,34.07,15.55,6.03,2539,93.7665,1.97,39.38207181,0.020351852,1.8,9,292,0,0,0,0.5,0,0,0,-26.5,0,0,-0.035,0,0,9673,0.020983796,143.4,0,--.--,259,122.8,55,0000:00:00,15,0,0,0,30,0,0,0,0,0,0,1,93.79,0.478680556,45209,102.07,55.02,--.--
low,0,2045,34.08,15.53,6.23,2541,96.7519,1.99,39.40777597,0.020364583,1.6,5.4,290,0,0,0,0.6,0,0,0,-26.5,0,0,-0.036,0,0,9673,0.02099537,142.7,0,--.--,259,122.1,51,0000:00:00,15,0,0,0,30,0,0,0,0,0,0,1,96.73,0.47869213,45209,102.07,55.02,--.--
low,0,2046,34.1,15.53,5.8,2543,90.074,1.95,39.43040931,0.020375,-1,7.8,292,0,0,0,0.5,0,0,0.1,-26.4,0,0,-0.024,0,0,9673,0.021006944,142.1,0,--.--,259,121.5,71,0000:00:00,15,0,0,0,30,0,0,0,0,0,0,1,90.07,0.478703704,45209,102.11,55.02,--.--
low,0,2047,34.12,15.07,18.82,2546,283.6174,2.45,39.45298497,0.020387731,-0.1,7.3,289,0,0,0,0.5,0,0,0.3,-25.6,0,0,0.021,0,0,9815.3,0.021018519,268.1,0,--.--,280,247.7,60,0000:00:00,15,0,0,0,30,0,0,0,0,0,0,1,283.62,0.478715278,45209,102.11,55.02,--.--
low,0,2048,34.13,15.26,7.82,2549,119.3332,2.08,39.47663772,0.020399306,-1.2,3.8,289,0,0,0,0.5,0,0,0.3,-25,0,0,0.042,0,0,9960.7,0.021030093,140.7,0,--.--,259,120.1,76,0000:00:00,15,0,0,0,30,0,0,0,0,0,0,1,119.31,0.478726852,45209,102.11,55.02,--.--
low,0,2049,34.15,14.81,28.74,2554,425.6394,2.63,39.49990072,0.02041088,-0.9,1.1,288,0,0,0,0.4,0,0,0.2,-24,0,0,0.065,0,0,9960.7,0.021041667,140.1,0,--.--,258,119.6,54,0000:00:00,15,0,0,0,30,0,0,0,0,0,0,1,425.78,0.478738426,45209,102.13,55.02,--.--
low,0,2050,34.17,15.5,5.97,2556,92.535,1.97,39.52301572,0.020422454,-0.9,2.6,289,0,0,0,0.4,0,0,0,-23.8,0,0,0.035,0,0,9960.7,0.021053241,139.5,0,--.--,257,119,61,0000:00:00,15,0,0,0,30,0,0,0,0,0,0,1,92.53,0.47875,45209,102.13,55,--.--
low,0,2051,34.18,15.52,5.25,2558,81.48,1.91,39.56728839,0.020434028,1.3,8,285,0,0,0,0.5,0,0,0,-23.9,0,0,-0.017,0,0,9960.7,0.021064815,138.8,0,--.--,257,118.3,61,0000:00:00,15,0,0,0,30,0,0,0,0,0,0,1,81.45,0.478761574,45209,102.13,55,--.--
low,0,2052,34.2,15.51,5.24,2559,81.2724,1.91,39.59195922,0.020445602,0.8,7.3,283,0,0,0,0.5,0,0,0,-24,0,0,-0.029,0,0,9960.7,0.021076389,138,0,--.--,257,117.5,53,0000:00:00,15,0,0,0,30,0,0,0,0,0,0,1,81.29,0.478773148,45209,102.15,55.02,--.--
low,0,2053,34.22,15.51,5.49,2561,85.1499,1.93,39.61475031,0.020457176,0.6,6.7,284,0,0,0,0.5,0,0,0,-23.9,0,0,0.005,0,0,10258,0.021087963,137.3,0,--.--,257,116.8,51,0000:00:00,15,0,0,0,30,0,0,0,0,0,0,1,85.14,0.478784722,45209,102.15,55.02,--.--
low,0,2054,34.23,15.48,5.41,2562,83.7468,1.92,39.68383219,0.02046875,0.4,10.1,286,0,0,0,0.5,0,0,0.1,-23.7,0,0,0.033,0,0,10258,0.021099537,136.1,0,--.--,256,115.6,52,0000:00:00,15,0,0,0,30,0,0,0,0,0,0,1,83.77,0.478796296,45209,102.16,55.02,--.--
low,0,2055,34.25,15.41,5.4,2564,83.214,1.92,39.72996242,0.020480324,0.6,10.2,284,0,0,0,0.3,0,0,0.1,-23.4,0,0,0.051,0,0,10258,0.021111111,135,0,--.--,256,114.6,51,0000:00:00,15,0,0,0,30,0,0,0,0,0,0,1,83.24,0.47880787,45209,102.16,55,--.--
low,0,2056,34.27,14.84,10.74,2567,159.3816,2.2,39.76482875,0.020491898,0.4,9.4,284,0,0,0,0.2,0,0,0.2,-23,0,0,0.043,0,0,10258,0.021122685,134,0,--.--,256,113.6,58,0000:00:00,15,0,0,0,30,0,0,0,0,0,0,1,159.42,0.478819444,45209,102.18,55.02,--.--
low,0,2057,34.28,15.5,5.73,2569,88.815,1.95,39.81564008,0.020503472,-0.2,2,284,0,0,0,0.2,0,0,0,-22.7,0,0,0.045,0,0,10258,0.021134259,132.8,0,--.--,256,112.4,51,0000:00:00,15,0,0,0,30,0,0,0,0,0,0,1,88.82,0.478831019,45209,102.18,55.02,--.--
low,0,2058,34.3,15.51,5.29,2570,82.0479,1.91,39.84343208,0.020515046,-1.8,11.3,285,0,0,0,0.1,0,0,0.1,-22.7,0,0,0.046,0,0,10410,0.021145833,268.1,0,--.--,280,247.7,71,0000:00:00,15,0,0,0,30,0,0,0,0,0,0,1,82.05,0.478842593,45209,102.2,55.02,--.--
low,0,2059,34.32,15.22,16.34,2573,248.6948,2.4,39.87048708,0.02052662,-1.6,13.3,286,0,0,0,0.1,0,0,0.2,-22.2,0,0,0.026,0,0,10567.3,0.021157407,131.7,0,--.--,256,111.3,77,0000:00:00,15,0,0,0,30,0,0,0,0,0,0,1,248.74,0.478854167,45209,102.2,55.02,--.--
low,0,2060,34.33,15.32,10.84,2578,166.0688,2.22,39.93701897,0.020538194,0.4,7.1,293,0,0,0,0.4,0,0,0.2,-21.3,0,0,0.049,0,0,10567.3,0.021168981,131,0,--.--,255,110.7,56,0000:00:00,15,0,0,0,30,0,0,0,0,0,0,1,166.12,0.478865741,45209,102.2,55.02,--.--
low,0,2061,34.35,15.42,8.14,2581,125.5188,2.1,39.96530106,0.020549769,-0.5,3.5,289,0,0,0,0.4,0,0,0,-20.9,0,0,0.093,0,0,10567.3,0.021180556,130.6,0,--.--,255,110.3,50,0000:00:00,15,0,0,0,30,0,0,0,0,0,0,1,125.55,0.478877315,45209,102.2,55.02,--.--
low,0,2062,34.37,15.32,11.94,2584,182.9208,2.26,39.99202978,0.020561343,1.1,14.7,290,0,0,0,0.5,0,0,0.2,-20.6,0,0,0.087,0,0,10567.3,0.02119213,130,0,--.--,255,109.6,63,0000:00:00,15,0,0,0,30,0,0,0,0,0,0,1,182.96,0.478888889,45209,102.24,55,--.--
low,0,2063,34.38,15.44,6.48,2586,100.0512,2,39.99584311,0.020572917,-0.6,8.8,291,0,0,0,0.7,0,0,0.1,-20.3,0,0,0.022,0,0,10567.3,0.021203704,129.8,0,--.--,256,109.4,68,0000:00:00,15,0,0,0,30,0,0,0,0,0,0,1,100.06,0.478900463,45209,102.24,55.02,--.--
low,0,2064,34.4,15.46,6.3,2588,97.398,1.99,40.02118033,0.020584491,2,5.5,289,0,0,0,0.7,0,0,0,-20.1,0,0,0.032,0,0,10883.4,0.021215278,129.2,0,--.--,256,108.8,63,0000:00:00,15,0,0,0,30,0,0,0,0,0,0,1,97.37,0.478912037,45209,102.25,55.02,--.--
low,0,2065,34.42,15.14,15.82,2591,239.5148,2.38,40.04594833,0.020596065,1,11.5,297,0,0,0,0.8,0,0,0.1,-19.7,0,0,0.038,0,0,10883.4,0.021226852,128.7,0,--.--,256,108.2,54,0000:00:00,15,0,0,0,30,0,0,0,0,0,0,1,239.48,0.478923611,45209,102.25,55.02,--.--
low,0,2066,34.43,15.45,6.59,2593,101.8155,2.01,40.068667,0.020607639,0.1,8,297,0,0,0,0.9,0,0,0,-19.6,0,0,0.047,0,0,10883.4,0.021238426,128.3,0,--.--,257,107.9,61,0000:00:00,15,0,0,0,30,0,0,0,0,0,0,1,101.8,0.478935185,45209,102.25,55.02,--.--
low,0,2067,34.45,15.47,6.22,2595,96.2234,1.98,40.0739765,0.020619213,-1.2,10.9,294,0,0,0,0.9,0,0,0.1,-19.3,0,0,0.029,0,0,10883.4,0.02125,128.1,0,--.--,257,107.7,55,0000:00:00,15,0,0,0,30,0,0,0,0,0,0,1,96.25,0.478946759,45209,102.27,55.02,--.--
low,0,2068,34.47,15.6,0.88,2597,13.728,1.14,40.16799711,0.020630787,0.7,9.3,298,0,0,0,0.7,0,0,0.1,-19.3,0,0,0.028,0,0,10883.4,0.021261574,127.6,0,--.--,258,107.1,68,0000:00:00,15,0,0,0,30,0,0,0,0,0,0,1,13.73,0.478958333,45209,102.29,55.02,--.--
low,0,2069,34.48,15.46,5.9,2599,91.214,1.96,40.17471378,0.020642361,0.6,6.6,296,0,0,0,0.6,0,0,0,-19,0,0,0.063,0,0,11042.3,0.021273148,268.1,0,--.--,280,247.7,51,0000:00:00,15,0,0,0,30,0,0,0,0,0,0,1,91.18,0.478969907,45209,102.29,55.02,--.--
low,0,2070,34.5,15.48,5.76,2600,89.1648,1.95,40.18254989,0.020653935,0.3,6.4,297,0,0,0,0.6,0,0,0,-18.9,0,0,0.081,0,0,11200.1,0.021284722,127.6,0,--.--,257,107.1,51,0000:00:00,20,0,0,0,30,0,0,0,0,0,0,1,89.18,0.478981481,45209,102.29,55.06,--.--
low,0,2071,34.52,15.49,5.28,2602,81.7872,1.91,40.21274367,0.020665509,1.1,8.9,298,0,0,0,0.6,0,0,0,-19,0,0,0.062,0,0,11200.1,0.021296296,127.3,0,--.--,257,106.8,51,0000:00:00,8,0,0,0,30,0,0,0,0,0,0,1,81.8,0.478993056,45209,102.31,55.08,--.--
low,0,2072,34.53,15.54,1.23,2603,19.1142,1.28,40.24611083,0.020677083,-7.1,13.7,303,0,0,0,0.4,0,0,0.1,-18.9,0,0,0.037,0,0,11200.1,0.02130787,126.9,0,--.--,256,106.5,78,0000:00:00,8,0,0,0,30,0,0,0,0,0,0,1,19.12,0.47900463,45209,102.33,55.08,--.--
low,0,2073,34.55,14.99,22.58,2607,338.4742,2.53,40.26861436,0.020688657,2.9,14.3,303,0,0,0,0.5,0,0,0.3,-18,0,0,0.111,0,0,11200.1,0.021319444,126.5,0,--.--,257,110,60,0000:00:00,8,0,0,0,30,0,0,0,0,0,0,1,338.47,0.479016204,45209,102.33,55.08,--.--
low,0,2074,34.57,15.6,1.55,2611,24.18,1.38,40.29953725,0.020700231,3.8,10.1,303,0,0,0,0.5,0,0,0.1,-17.3,0,0,0.148,0,0,11200.1,0.021331019,126.7,0,--.--,258,110.1,40,0000:00:00,24,0,0,0,30,0,0,0,0,0,0,1,24.18,0.479027778,45209,102.34,55.08,--.--
low,0,2075,34.58,15.5,1.82,2611,28.21,1.45,40.35123342,0.020711806,-0.2,13.1,294,0,0,0,0.3,0,0,0,-17.1,0,0,0.197,0,0,11358,0.021342593,268.1,0,--.--,280,251.7,41,0000:00:00,30,0,0,0,30,0,0,0,0,0,0,1,28.22,0.479039352,45209,102.33,55.09,--.--
low,0,2076,34.6,15.44,7.04,2613,108.6976,2.04,40.37736967,0.02072338,0.8,6.9,298,0,0,0,0.4,0,0,0,-17,0,0,0.186,0,0,11514.7,0.021354167,127.8,0,--.--,259,111.2,41,0000:00:00,30,0,0,0,30,0,0,0,0,0,0,1,108.69,0.479050926,45209,102.34,55.11,--.--
low,0,2077,34.62,15.42,7.79,2615,120.1218,2.08,40.40384056,0.020734954,0,11.7,297,0,0,0,0.4,0,0,0,-17.1,0,0,0.154,0,0,11514.7,0.021365741,127.7,0,--.--,260,111,46,0000:00:00,30,0,0,0,30,0,0,0,0,0,0,1,120.13,0.4790625,45209,102.36,55.11,--.--
low,0,2078,34.63,15.49,5.23,2616,81.0127,1.91,40.42741417,0.020746528,0.9,11.1,297,0,0,0,0.4,0,0,0,-17.3,0,0,0.088,0,0,11514.7,0.021377315,126.3,0,--.--,259,109.7,49,0000:00:00,30,0,0,0,30,0,0,0,0,0,0,1,81.01,0.479074074,45209,102.36,55.13,--.--
low,0,2079,34.65,15.44,7.21,2618,111.3224,2.05,40.47398208,0.020758102,1.2,17.8,298,0,0,0,0.3,0,0,0.2,-17.2,0,0,0.02,0,0,11521.8,0.021388889,125.5,0,--.--,255,109.1,67,0000:00:00,30,0,0,0,30,0,0,0,0,0,0,1,111.32,0.479085648,45209,102.36,55.13,--.--
low,0,2080,34.67,15.33,12.14,2622,186.1062,2.27,40.52245286,0.020769676,1.1,11.6,297,0,0,0,0.4,0,0,0.2,-16.7,0,0,-0.02,0,0,11521.8,0.021400463,125.6,0,--.--,255,109.2,61,0000:00:00,30,0,0,0,30,0,0,0,0,0,0,1,186.09,0.479097222,45209,102.4,55.15,--.--
low,0,2081,34.68,15.45,6.09,2624,94.0905,1.97,40.54874136,0.02078125,1.9,7.6,297,0,0,0,0.4,0,0,0.1,-16.2,0,0,0.006,0,0,11847.3,0.021412037,125.7,0,--.--,255,109.4,48,0000:00:00,30,0,0,0,30,0,0,0,0,0,0,1,94.1,0.479108796,45209,102.4,55.15,--.--
low,0,2082,34.7,15.47,6.16,2626,95.2952,1.98,40.55736322,0.020792824,1.6,8.6,297,0,0,0,0.3,0,0,0,-16.1,0,0,0.032,0,0,11847.3,0.021423611,125.2,0,--.--,254,108.9,52,0000:00:00,30,0,0,0,30,0,0,0,0,0,0,1,95.3,0.47912037,45209,102.4,55.15,--.--
low,0,2083,34.72,15.43,5.5,2627,84.865,1.93,40.62263344,0.020804398,1.6,11.7,298,0,0,0,0.3,0,0,0,-16.1,0,0,0.026,0,0,11854.8,0.021435185,124.7,0,--.--,252,112.4,58,0000:00:00,30,0,0,0,30,0,0,0,0,0,0,1,84.87,0.479131944,45209,102.42,55.17,--.--
low,0,2084,34.73,15.31,10.95,2630,167.6445,2.22,40.70862747,0.020815972,1.9,14.8,299,0,0,0,0.3,0,0,0.2,-15.7,0,0,-0.003,0,0,11854.8,0.021446759,124.3,0,--.--,251,112.1,65,0000:00:00,30,0,0,0,30,0,0,0,0,0,0,1,167.69,0.479143519,45209,102.43,55.15,--.--
low,0,2085,34.75,15.32,11.39,2633,174.4948,2.24,40.78321631,0.020827546,1.4,11.8,298,0,0,0,0.3,0,0,0.2,-15.2,0,0,-0.005,0,0,11854.8,0.021458333,124,0,--.--,250,114.2,62,0000:00:00,30,0,0,0,30,0,0,0,0,0,0,1,174.49,0.479155093,45209,102.43,55.15,--.--
low,0,2086,34.77,15.54,6.09,2635,94.6386,1.98,40.83582092,0.02083912,1.2,7.1,297,0,0,0,0.2,0,0,0,-14.7,0,0,0.021,0,0,12023.8,0.021469907,268.1,0,--.--,280,254.7,51,0000:00:00,30,0,0,0,40,0,0,0,0,0,0,1,94.66,0.479166667,45209,102.45,55.17,--.--
low,0,2087,34.78,15.29,2.03,2636,31.0387,1.49,40.88389075,0.020850694,1.4,11.9,297,0,0,0,0.3,0,0,0.1,-14.6,0,0,0.069,0,0,12197.9,0.021481481,123.6,0,--.--,249,114.1,60,0000:00:00,30,0,0,0,40,0,0,0,0,0,0,1,31.04,0.479178241,45209,102.45,55.17,--.--
low,0,2088,34.8,15.14,15.52,2639,234.9728,2.37,41.01677675,0.020862269,1.4,16.4,297,0,0,0,0.4,0,0,0.3,-14.2,0,0,0.021,0,0,12197.9,0.021493056,123.5,0,--.--,248,114.1,70,0000:00:00,30,0,0,0,40,0,0,0,0,0,0,1,235.05,0.479189815,45209,102.45,55.17,--.--
low,0,2089,34.82,15.05,20.57,2646,309.5785,2.49,41.08502358,0.020873843,1.1,11,297,0,0,0,0.7,0,0,0.2,-13.4,0,0,0.012,0,0,12197.9,0.02150463,125.2,0,--.--,249,115.6,64,0000:00:00,30,0,0,0,40,0,0,0,0,0,0,1,309.62,0.479201389,45209,102.47,55.15,--.--
low,0,2090,34.83,15.06,17.83,2651,268.5198,2.43,41.13339997,0.020885417,1.7,13.1,297,0,0,0,0.9,0,0,0.2,-12.7,0,0,0.048,0,0,12225,0.021516204,126.6,0,--.--,244,118,56,0000:00:00,30,0,0,0,40,0,0,0,0,0,0,1,268.57,0.479212963,45209,102.47,55.15,--.--
low,0,2091,34.85,15.26,12.41,2655,189.3766,2.28,41.17980381,0.020896991,0.8,9.5,293,0,0,0,1,0,0,0,-12.4,0,0,0.052,0,0,12231.5,0.021527778,127.3,0,--.--,247,118.1,53,0000:00:00,30,0,0,0,40,0,0,0,0,0,0,1,189.39,0.479224537,45209,102.49,55.13,--.--
low,0,2092,34.87,15.22,11.37,2658,173.0514,2.24,41.22752256,0.020908565,0.9,19.3,294,0,0,0,1.1,0,0,0.2,-12.3,0,0,0.037,0,0,12605.3,0.021539352,123.1,0,--.--,236,116,66,0000:00:00,30,0,0,0,40,0,0,0,0,0,0,1,173.04,0.479236111,45209,102.49,55.15,--.--
low,0,2093,34.88,14.82,32.28,2664,478.3896,2.68,41.30464,0.020920139,1.9,14.6,294,0,0,0,1.2,0,0,0.2,-11.7,0,0,-0.003,0,0,12629.1,0.021550926,125.9,0,--.--,236,118.9,66,0000:00:00,30,0,0,0,40,0,0,0,0,0,0,1,478.29,0.479247685,45209,102.49,55.15,--.--
low,0,2094,34.9,15.11,16.26,2670,245.6886,2.39,41.34934717,0.020931713,1.2,4.8,283,0,0,0,1.3,0,0,0,-11,0,0,0.056,0,0,12639.6,0.0215625,123.5,0,--.--,231,117.5,53,0000:00:00,30,0,0,0,40,0,0,0,0,0,0,1,245.66,0.479259259,45209,102.52,55.17,--.--
low,0,2095,34.92,15.25,11.42,2674,174.155,2.24,41.42555869,0.020943287,3.1,9.6,284,0,0,0,1.3,0,0,0,-10.9,0,0,0.099,0,0,12639.6,0.021574074,122.7,0,--.--,229,120,52,0000:00:00,40,0,0,0,40,0,0,0,0,0,0,1,174.13,0.479270833,45209,102.52,55.18,--.--
low,0,2096,34.93,15.27,10.94,2677,167.0538,2.22,41.48220583,0.020954861,2.6,8.7,284,0,0,0,1.2,0,0,0,-10.9,0,0,0.082,0,0,12649.3,0.021585648,127.6,0,--.--,235,123.8,53,0000:00:00,27,0,0,0,40,0,0,0,0,0,0,1,167,0.479282407,45209,102.52,55.18,--.--
low,0,2097,34.95,15.27,11.25,2680,171.7875,2.23,41.52787111,0.020966435,0.3,9.8,284,0,0,0,1.1,0,0,0.2,-10.9,0,0,0.082,0,0,12865.9,0.021597222,268.1,0,--.--,280,258.7,74,0000:00:00,25,0,0,0,40,0,0,0,0,0,0,1,171.81,0.479293981,45209,102.52,55.2,--.--
low,0,2098,34.97,15.08,18.41,2685,277.6228,2.44,41.57408708,0.020978009,-0.3,8.3,284,0,0,0,1.1,0,0,0.1,-10.3,0,0,0.108,0,0,13093.5,0.021608796,125.4,0,--.--,240,120.8,58,0000:00:00,25,0,0,0,40,0,0,0,0,0,0,1,277.68,0.479305556,45209,102.52,55.22,--.--
low,0,2099,34.98,15.27,10.54,2689,160.9458,2.21,41.621235,0.020989583,0.3,5.7,284,0,0,0,1.1,0,0,0,-10,0,0,0.117,0,0,13093.5,0.02162037,123.7,0,--.--,243,118.8,64,0000:00:00,25,0,0,0,40,0,0,0,0,0,0,1,160.99,0.47931713,45209,102.52,55.22,--.--
low,0,2100,35,15.05,18.23,2693,274.3615,2.44,41.66919867,0.021001157,0.4,12.5,284,0,0,0,1.1,0,0,0.2,-9.5,0,0,0.15,0,0,13093.5,0.021631944,122.4,0,--.--,243,117.4,64,0000:00:00,25,0,0,0,40,0,0,0,0,0,0,1,274.34,0.479328704,45209,102.52,55.22,--.--
low,0,2101,35.02,15.23,13.39,2698,203.9297,2.31,41.71693964,0.021012731,-0.4,4.8,284,0,0,0,1,0,0,0,-9,0,0,0.141,0,0,13093.5,0.021643519,122,0,--.--,243,117,45,0000:00:00,25,0,0,0,40,0,0,0,0,0,0,1,203.88,0.479340278,45209,102.56,55.24,--.--
low,0,2102,35.03,15.25,10.78,2701,164.395,2.22,41.76168922,0.021024306,1.8,6.1,281,0,0,0,0.9,0,0,0,-8.9,0,0,0.151,0,0,13093.5,0.021655093,121.2,0,--.--,242,116.4,50,0000:00:00,25,0,0,0,40,0,0,0,0,0,0,1,164.41,0.479351852,45209,102.58,55.26,--.--
low,0,2103,35.05,15.25,10.91,2704,166.3775,2.22,41.81560022,0.02103588,2.4,7.5,282,0,0,0,0.9,0,0,0,-9,0,0,0.142,0,0,13472.3,0.021666667,120.4,0,--.--,241,115.7,48,0000:00:00,25,0,0,0,40,0,0,0,0,0,0,1,166.39,0.479363426,45209,102.58,55.26,--.--
low,0,2104,35.07,15.25,11.13,2707,169.7325,2.23,41.89582022,0.021047454,1.8,6.5,282,0,0,0,0.9,0,0,0,-9.1,0,0,0.108,0,0,13472.3,0.021678241,119.5,0,--.--,240,114.9,51,0000:00:00,25,0,0,0,40,0,0,0,0,0,0,1,169.74,0.479375,45209,102.58,55.26,--.--
low,0,2105,35.08,15.24,11.33,2710,172.6692,2.24,41.89991578,0.021059028,1,6,282,0,0,0,0.9,0,0,0,-9.1,0,0,0.107,0,0,13472.3,0.021689815,118.2,0,--.--,239,113.8,50,0000:00:00,25,0,0,0,40,0,0,0,0,0,0,1,172.71,0.479386574,45209,102.6,55.26,--.--
low,0,2106,35.1,15.25,11.27,2713,171.8675,2.24,41.91773214,0.021070602,0.7,4.7,285,0,0,0,0.9,0,0,0,-9,0,0,0.13,0,0,13479.9,0.021701389,117,0,--.--,238,112.9,49,0000:00:00,25,0,0,0,40,0,0,0,0,0,0,1,171.84,0.479398148,45209,102.6,55.26,--.--
low,0,2107,35.12,15.27,10.55,2716,161.0985,2.21,41.93236564,0.021082176,1.3,4.9,287,0,0,0,0.9,0,0,0,-9,0,0,0.116,0,0,13479.9,0.021712963,116.2,0,--.--,237,112.3,55,0000:00:00,25,0,0,0,40,0,0,0,0,0,0,1,161.06,0.479409722,45209,102.6,55.26,--.--
low,0,2108,35.13,15.21,12.76,2719,194.0796,2.29,41.95301131,0.02109375,2.2,5.9,287,0,0,0,0.8,0,0,0,-9,0,0,0.1,0,0,13677,0.021724537,268.1,0,--.--,280,258.7,49,0000:00:00,25,0,0,0,40,0,0,0,0,0,0,1,194.09,0.479421296,45209,102.61,55.29,--.--
low,0,2109,35.15,15.12,19.1,2724,288.792,2.46,41.95960306,0.021105324,2.5,3.2,279,0,0,0,0.8,0,0,0,-9.1,0,0,0.091,0,0,13884.5,0.021736111,114.3,0,--.--,233,115.1,49,0000:00:00,25,0,0,0,40,0,0,0,0,0,0,1,288.72,0.47943287,45209,102.61,55.29,--.--
low,0,2110,35.17,15.52,0.95,2726,14.744,1.17,41.96543056,0.021116898,0.6,5.7,283,0,0,0,0.8,0,0,0.1,-9.1,0,0,0.085,0,0,13884.5,0.021747685,113.2,0,--.--,233,114.2,72,0000:00:00,25,0,0,0,40,0,0,0,0,0,0,1,14.74,0.479444444,45209,102.61,55.29,--.--
low,0,2111,35.18,15.53,4.13,2729,64.1389,1.81,42.02342517,0.021128472,2.6,6.2,288,0,0,0,0.7,0,0,0,-8.9,0,0,0.09,0,0,13884.5,0.021759259,112.2,0,--.--,231,113.6,49,0000:00:00,25,0,0,0,40,0,0,0,0,0,0,1,64.12,0.479456019,45209,102.61,55.29,--.--
low,0,2112,35.2,15.54,3.39,2730,52.6806,1.72,42.18383061,0.021140046,0.2,6.8,295,0,0,0,0.7,0,0,0.2,-8.7,0,0,0.128,0,0,13884.5,0.021770833,112.7,0,--.--,232,113.8,68,0000:00:00,25,0,0,0,40,0,0,0,0,0,0,1,52.68,0.479467593,45209,102.63,55.29,--.--
low,0,2113,35.22,15.42,4.82,2732,74.3244,1.87,42.22826228,0.02115162,3.5,5.7,300,0,0,0,0.6,0,0,0.2,-7.9,0,0,0.162,0,0,13884.5,0.021782407,112.6,0,--.--,231,114,63,0000:00:00,25,0,0,0,40,0,0,0,0,0,0,1,74.31,0.479479167,45209,102.63,55.29,--.--
low,0,2114,35.23,15.51,1.53,2733,23.7303,1.38,42.24202961,0.021163194,-1.5,6.1,299,0,0,0,0.6,0,0,0,-7.5,0,0,0.177,0,0,14306.7,0.021793981,112.7,0,--.--,230,114.4,42,0000:00:00,47,0,0,0,40,0,0,0,0,0,0,1,23.72,0.479490741,45209,102.63,55.31,--.--
low,0,2115,35.25,15.54,1.35,2733,20.979,1.32,42.32814944,0.021174769,2.4,3.5,301,0,0,0,0.5,0,0,0,-7.6,0,0,0.146,0,0,14306.7,0.021805556,113,0,--.--,230,114.5,74,0000:00:00,32,0,0,0,40,0,0,0,0,0,0,1,20.98,0.479502315,45209,102.65,55.31,--.--
low,0,2116,35.27,15.14,13.79,2735,208.7806,2.32,42.44717925,0.021186343,0.6,9.5,303,0,0,0,0.5,0,0,0.4,-6.9,0,0,0.217,0,0,14306.7,0.02181713,113.3,0,--.--,231,114.7,77,0000:00:00,32,0,0,0,40,0,0,0,0,0,0,1,208.74,0.479513889,45209,102.65,55.31,--.--
low,0,2117,35.28,14.86,38.86,2741,577.4596,2.76,42.46057817,0.021197917,1.6,9.5,302,0,0,0,0.6,0,0,0.5,-5.4,0,0,0.297,0,0,14306.7,0.021828704,113.5,0,--.--,228,115.4,67,0000:00:00,32,0,0,0,40,0,0,0,0,0,0,1,577.3,0.479525463,45209,102.65,55.29,--.--
low,0,2118,35.3,15.09,10.6,2748,159.954,2.2,42.469983,0.021209491,2.7,14.3,302,0,0,0,0.8,0,0,0.1,-4.1,0,0,0.22,0,0,14313.7,0.021840278,113.6,0,--.--,226,116.2,39,0000:00:00,32,0,0,0,40,0,0,0,0,0,0,1,159.99,0.479537037,45209,102.65,55.29,--.--
low,0,2119,35.32,15.44,3.21,2749,49.5624,1.7,42.47778108,0.021221065,2.6,9.5,309,0,0,0,0.9,0,0,0,-4.1,0,0,0.042,0,0,14534.9,0.021851852,268.1,0,--.--,280,257.8,47,0000:00:00,32,0,0,0,40,0,0,0,0,0,0,1,49.58,0.479548611,45209,102.69,55.31,--.--
low,0,2120,35.33,15.22,20.37,2752,310.0314,2.49,42.49033708,0.021232639,-0.9,9.4,300,0,0,0,1.1,0,0,-0.2,-4.2,0,0,0.044,0,0,14757.3,0.021863426,114.5,0,--.--,225,117.2,25,0000:00:00,32,0,0,0,40,0,0,0,0,0,0,1,309.99,0.479560185,45209,102.69,55.29,--.--
low,0,2121,35.35,14.69,29.17,2758,428.5073,2.63,42.54163708,0.021244213,-2,8.8,294,0,0,0,1.1,0,0,-0.2,-5,0,0,-0.026,0,0,14757.3,0.021875,115.6,0,--.--,226,113.4,38,0000:00:00,32,0,0,0,40,0,0,0,0,0,0,1,428.42,0.479571759,45209,102.69,55.31,--.--
low,0,2122,35.37,15.51,3.11,2760,48.2361,1.68,42.59240375,0.021255787,-4.5,6.1,290,0,0,0,1,0,0,-0.2,-5.9,0,0,-0.102,0,0,14757.3,0.021886574,115.7,0,--.--,226,113.6,59,0000:00:00,32,0,0,0,40,0,0,0,0,0,0,1,48.25,0.479583333,45209,102.7,55.31,--.--
low,0,2123,35.38,15.46,2.19,2760,33.8574,1.53,42.61633206,0.021267361,-7.8,7.8,292,0,0,0,0.7,0,0,0,-6,0,0,-0.11,0,0,14757.3,0.021898148,115.5,0,--.--,226,113.4,59,0000:00:00,32,0,0,0,40,0,0,0,0,0,0,1,33.86,0.479594907,45209,102.7,55.33,--.--
low,0,2124,35.4,15.51,1.81,2761,28.0731,1.45,42.66412639,0.021278935,-6.7,5.7,292,0,0,0,0.5,0,0,0,-5.9,0,0,-0.081,0,0,14757.3,0.021909722,115.3,0,--.--,225,113.2,56,0000:00:00,32,0,0,0,40,0,0,0,0,0,0,1,28.07,0.479606481,45209,102.72,55.33,--.--
low,0,2125,35.42,15.48,2.92,2762,45.2016,1.66,42.71816806,0.021290509,-7.7,1.8,270,0,0,0,0.4,0,0,0,-5.9,0,0,-0.065,0,0,15200.2,0.021921296,115.3,0,--.--,226,113.2,59,0000:00:00,32,0,0,0,40,0,0,0,0,0,0,1,45.21,0.479618056,45209,102.72,55.31,--.--
low,0,2126,35.43,15.2,12.15,2765,184.68,2.27,42.73658639,0.021302083,-7.3,3.9,274,0,0,0,0.4,0,0,0,-5.8,0,0,-0.038,0,0,15200.2,0.02193287,114.7,0,--.--,225,112.7,56,0000:00:00,32,0,0,0,40,0,0,0,0,0,0,1,184.72,0.47962963,45209,102.74,55.31,--.--
low,0,2127,35.45,15.23,12,2768,182.76,2.26,42.74252422,0.021313657,-7.6,5.8,274,0,0,0,0.2,0,0,0,-5.8,0,0,-0.042,0,0,15200.2,0.021944444,115.3,0,--.--,226,116,45,0000:00:00,32,0,0,0,40,0,0,0,0,0,0,1,182.71,0.479641204,45209,102.74,55.33,--.--
low,0,2128,35.47,15.41,5.59,2770,86.1419,1.94,42.79044644,0.021325231,-11.3,2,247,0,0,0,0.2,0,0,-0.2,-6.1,0,0,-0.023,0,0,15200.2,0.021956019,115.9,0,--.--,225,116.6,39,0000:00:00,32,0,0,0,40,0,0,0,0,0,0,1,86.16,0.479652778,45209,102.76,55.33,--.--
low,0,2129,35.48,15.24,11.29,2774,172.0596,2.24,42.91922878,0.021336806,-7.6,5.4,253,0,0,0,0.5,0,0,0,-6.4,0,0,0.042,0,0,15200.2,0.021967593,116.7,0,--.--,226,117.3,55,0000:00:00,32,0,0,0,40,0,0,0,0,0,0,1,172.1,0.479664352,45209,102.78,55.33,--.--
low,0,2130,35.5,15,12.97,2778,194.55,2.29,42.98141478,0.02134838,-14.1,0.2,231,0,0,0,0.6,0,0,-0.2,-6.5,0,0,0.081,0,0,15420.7,0.021979167,268.1,0,--.--,280,262.8,33,0000:00:00,32,0,0,0,40,0,0,0,0,0,0,1,194.51,0.479675926,45209,102.78,55.33,--.--
low,0,2131,35.52,15.42,4.3,2782,66.306,1.82,43.00367367,0.021359954,-6.6,-0.5,261,0,0,0,0.4,0,0,0,-6.8,0,0,0.107,0,0,15638.4,0.021990741,115.9,0,--.--,228,116.3,51,0000:00:00,32,0,0,0,40,0,0,0,0,0,0,1,66.32,0.4796875,45209,102.79,55.33,--.--
low,0,2132,35.53,15.49,1.38,2783,21.3762,1.33,43.09998267,0.021371528,-4.1,1.3,267,0,0,0,0.6,0,0,0,-6.9,0,0,0.064,0,0,15638.4,0.022002315,115,0,--.--,229,115.3,58,0000:00:00,32,0,0,0,40,0,0,0,0,0,0,1,21.37,0.479699074,45209,102.78,55.33,--.--
low,0,2133,35.55,15.2,11.35,2784,172.52,2.24,43.16424022,0.021383102,-7.9,1.8,266,0,0,0,0.7,0,0,0.4,-6.4,0,0,0.161,0,0,15638.4,0.022013889,114.6,0,--.--,229,114.8,77,0000:00:00,32,0,0,0,40,0,0,0,0,0,0,1,172.54,0.479710648,45209,102.78,55.33,--.--
low,0,2134,35.57,14.69,31.56,2790,463.6164,2.67,43.22816214,0.021394676,-6.7,1.8,265,0,0,0,0.6,0,0,0.6,-4.8,0,0,0.285,0,0,15638.4,0.022025463,114.1,0,--.--,230,114.2,89,0000:00:00,32,0,0,0,40,0,0,0,0,0,0,1,463.46,0.479722222,45209,102.79,55.33,--.--
low,0,2135,35.58,14.16,15.81,2801,223.8696,2.35,43.28591592,0.02140625,-6.2,2.2,279,0,0,0,0.7,0,0,0.3,-3,0,0,0.277,0,0,15638.4,0.022037037,113.3,0,--.--,230,113.5,61,0000:00:00,32,0,0,0,40,0,0,0,0,0,0,1,223.84,0.479733796,45209,102.81,55.33,--.--
low,0,2136,35.6,15.41,5.2,2804,80.132,1.9,43.33794167,0.021417824,-5.4,2,289,0,0,0,0.8,0,0,0.2,-2.1,0,0,0.294,0,0,15856.1,0.022048611,268.1,0,--.--,280,262.8,36,0000:00:00,32,0,0,0,40,0,0,0,0,0,0,1,80.14,0.47974537,45209,102.81,55.33,--.--
low,0,2137,35.62,14.76,23.49,2806,346.7124,2.54,43.34947131,0.021429398,-11.3,2.7,284,0,0,0,0.7,0,0,-0.1,-1.8,0,0,0.263,0,0,16070.6,0.022060185,112.7,0,--.--,230,112.8,43,0000:00:00,32,0,0,0,40,0,0,0,0,0,0,1,346.71,0.479756944,45209,102.81,55.31,--.--
low,0,2138,35.63,15.34,15.08,2809,231.3272,2.36,43.39483536,0.02144213,-10.6,4.2,284,0,0,0,0.9,0,0,-0.1,-2.1,0,0,0.206,0,0,16070.6,0.022071759,111.7,0,--.--,228,112.1,36,0000:00:00,32,0,0,0,40,0,0,0,0,0,0,1,231.36,0.479768519,45209,102.81,55.33,--.--
low,0,2139,35.65,15.07,15.27,2814,230.1189,2.36,43.45674628,0.021453704,-10.2,1.5,284,0,0,0,0.7,0,0,-0.3,-2.9,0,0,0.095,0,0,16070.6,0.022083333,111.4,0,--.--,227,111.9,41,0000:00:00,32,0,0,0,40,0,0,0,0,0,0,1,230.2,0.479780093,45209,102.85,55.33,--.--
low,0,2140,35.67,15.11,13.76,2818,207.9136,2.32,43.52777644,0.021465278,-4.1,7.3,285,0,0,0,0.5,0,0,-0.1,-3.3,0,0,0.081,0,0,16078.3,0.022094907,110.3,0,--.--,226,111,50,0000:00:00,32,0,0,0,40,0,0,0,0,0,0,1,207.93,0.479791667,45209,102.87,55.31,--.--
low,0,2141,35.68,15.19,12.33,2822,187.2927,2.27,43.57327969,0.021476852,-2.9,2.4,280,0,0,0,0.4,0,0,-0.1,-3.6,0,0,0.017,0,0,16078.3,0.022106481,109.7,0,--.--,225,110.4,51,0000:00:00,32,0,0,0,40,0,0,0,0,0,0,1,187.27,0.479803241,45209,102.87,55.33,--.--
low,0,2142,35.7,15.43,2.69,2824,41.5067,1.62,43.62893997,0.021488426,-9.4,-0.7,251,0,0,0,0.3,0,0,0,-3.6,0,0,0.023,0,0,16078.3,0.022118056,109.9,0,--.--,225,110.7,53,0000:00:00,32,0,0,0,40,0,0,0,0,0,0,1,41.51,0.479814815,45209,102.88,55.31,--.--
low,0,2143,35.72,15.22,10.73,2825,163.3106,2.21,43.69524581,0.0215,-11.6,0.4,257,0,0,0,0.2,0,0,-0.3,-3.5,0,0,0.009,0,0,16078.3,0.02212963,109.8,0,--.--,224,110.6,27,0000:00:00,32,0,0,0,40,0,0,0,0,0,0,1,163.34,0.479826389,45209,102.88,55.33,--.--
low,0,2144,35.73,15.09,14.77,2829,222.8793,2.35,43.75202533,0.021511574,-5.8,-11.4,256,0,0,0,0.1,0,0,0,-4.5,0,0,-0.119,0,0,16078.3,0.022141204,109.8,0,--.--,224,110.6,59,0000:00:00,32,0,0,0,40,0,0,0,0,0,0,1,222.83,0.479837963,45209,102.9,55.31,--.--
low,0,2145,35.75,14.98,17.07,2833,255.7086,2.41,43.77996033,0.021523148,-7,-10.2,239,0,0,0,0.2,0,0,0.1,-4.4,0,0,-0.089,0,0,16078.3,0.022152778,110.1,0,--.--,224,111,47,0000:00:00,32,0,0,0,40,0,0,0,0,0,0,1,255.64,0.479849537,45209,102.88,55.31,--.--
low,0,2146,35.77,15.21,10.77,2837,163.8117,2.21,43.79524192,0.021534722,-2.5,0.3,210,0,0,0,0.3,0,0,0,-4.1,0,0,-0.037,0,0,16078.3,0.022164352,110.4,0,--.--,224,111.3,53,0000:00:00,32,0,0,0,40,0,0,0,0,0,0,1,163.82,0.479861111,45209,102.88,55.33,--.--
low,0,2147,35.78,15.1,13.27,2840,200.377,2.3,43.85134947,0.021546296,-3,1.8,207,0,0,0,0.9,0,0,0,-4,0,0,0.01,0,0,16300.6,0.022175926,268.1,0,--.--,280,262.8,50,0000:00:00,32,0,0,0,40,0,0,0,0,0,0,1,200.43,0.479872685,45209,102.92,55.33,--.--
low,0,2148,35.8,15.06,15.85,2844,238.701,2.38,43.90524808,0.02155787,-7.7,-4.8,196,0,0,0,0.9,0,0,-0.1,-3.8,0,0,0.065,0,0,16525.7,0.0221875,111,0,--.--,225,111.8,39,0000:00:00,32,0,0,0,40,0,0,0,0,0,0,1,238.75,0.479884259,45209,102.92,55.33,--.--
low,0,2149,35.82,15.13,13.51,2848,204.4063,2.31,43.96133258,0.021569444,-2.7,0.6,198,0,0,0,1,0,0,0,-4.1,0,0,0.036,0,0,16525.7,0.022199074,110.2,0,--.--,226,110.9,48,0000:00:00,32,0,0,0,40,0,0,0,0,0,0,1,204.35,0.479895833,45209,102.92,55.33,--.--
low,0,2150,35.83,15.1,6.66,2851,100.566,2,43.96838758,0.021581019,-5.1,-4.6,217,0,0,0,0.7,0,0,0,-4.1,0,0,0.013,0,0,16525.7,0.022210648,108.8,0,--.--,225,109.5,53,0000:00:00,32,0,0,0,40,0,0,0,0,0,0,1,100.59,0.479907407,45209,102.94,55.33,--.--
low,0,2151,35.85,15.41,3.57,2853,55.0137,1.74,43.97445058,0.021592593,-3.8,-0.6,228,0,0,0,0.7,0,0,0,-4.1,0,0,0.016,0,0,16525.7,0.022222222,107.6,0,--.--,225,108.3,53,0000:00:00,32,0,0,0,40,0,0,0,0,0,0,1,55.01,0.479918981,45209,102.94,55.33,--.--
low,0,2152,35.87,15.04,13.43,2856,201.9872,2.31,44.04426125,0.021604167,-3.7,5.1,248,0,0,0,0.5,0,0,0,-4.1,0,0,0.004,0,0,16525.7,0.022233796,106.8,0,--.--,226,107.5,51,0000:00:00,32,0,0,0,40,0,0,0,0,0,0,1,202.05,0.479930556,45209,102.94,55.33,--.--
low,0,2153,35.88,15.1,12.85,2860,194.035,2.29,44.22745525,0.021615741,-7.4,5.9,249,0,0,0,0.4,0,0,0.1,-4.1,0,0,0.015,0,0,16973.6,0.02224537,105.6,0,--.--,226,106.3,68,0000:00:00,32,0,0,0,40,0,0,0,0,0,0,1,194.01,0.47994213,45209,102.94,55.33,--.--
low,0,2154,35.9,15.09,13.38,2863,201.9042,2.31,44.29433053,0.021627315,-5.3,3.7,269,0,0,0,0.4,0,0,0.2,-3.4,0,0,0.047,0,0,16973.6,0.022256944,104.2,0,--.--,227,104.7,50,0000:00:00,32,0,0,0,40,0,0,0,0,0,0,1,201.86,0.479953704,45209,102.94,55.33,--.--
low,0,2155,35.92,15.3,1.66,2865,25.398,1.4,44.34576228,0.021638889,-10.1,3,263,0,0,0,0.3,0,0,0,-3.1,0,0,0.05,0,0,16973.6,0.022268519,103,0,--.--,227,99.2,51,0000:00:00,40,0,0,0,40,0,0,0,0,0,0,1,25.39,0.479965278,45209,102.97,55.33,--.--
low,0,2156,35.93,15.48,1.41,2865,21.8268,1.34,44.39619561,0.021650463,-7.5,3.5,262,0,0,0,0.3,0,0,0,-3.2,0,0,0.015,0,0,16973.6,0.022280093,102.2,0,--.--,227,98.4,51,0000:00:00,55,0,0,0,40,0,0,0,0,0,0,1,21.83,0.479976852,45209,102.97,55.31,--.--
low,0,2157,35.95,15.04,16.71,2868,251.3184,2.4,44.42033006,0.021662037,-14.4,3.1,267,0,0,0,0.3,0,0,-0.4,-3.6,0,0,-0.068,0,0,16973.6,0.022291667,101.6,0,--.--,227,97.8,27,0000:00:00,55,0,0,0,40,0,0,0,0,0,0,1,251.37,0.479988426,45209,102.97,55.33,--.--
low,0,2158,35.97,14.52,45.42,2874,659.4984,2.82,44.46592433,0.021673611,-15.6,3.9,275,0,0,0,0.1,0,0,-0.6,-5.1,0,0,-0.196,0,0,17196.6,0.022303241,268.1,0,--.--,280,263.8,32,0000:00:00,55,0,0,0,40,0,0,0,0,0,0,1,659.54,0.48,45209,103.01,55.33,--.--
low,0,2159,35.98,14.77,16.3,2884,240.751,2.38,44.50212794,0.021685185,-11.5,3.8,260,0,0,0,0.5,0,0,-0.2,-6.5,0,0,-0.183,0,0,17418.3,0.022314815,100.8,0,--.--,227,97,49,0000:00:00,55,0,0,0,40,0,0,0,0,0,0,1,240.8,0.480011574,45209,103.03,55.33,--.--
low,0,2160,36,15.09,12.27,2888,185.1543,2.27,44.50698561,0.021696759,-12.3,1.4,274,0,0,0,0.5,0,0,0.1,-6.8,0,0,-0.11,0,0,17418.3,0.022326389,100.5,0,--.--,226,96.7,56,0000:00:00,55,0,0,0,40,0,0,0,0,0,0,1,185.19,0.480023148,45209,103.05,55.33,--.--
low,0,2161,36.02,15.13,12,2892,181.56,2.26,44.51354336,0.021708333,-14.8,0.5,268,0,0,0,0.3,0,0,0.3,-6.5,0,0,0.003,0,0,17418.3,0.022337963,99.2,0,--.--,224,95.6,75,0000:00:00,55,0,0,0,40,0,0,0,0,0,0,1,181.52,0.480034722,45209,103.05,55.33,--.--
low,0,2162,36.03,14.98,5.8,2896,86.884,1.94,44.52095353,0.021719907,-11.5,5.1,267,0,0,0,0.4,0,0,0.2,-5.4,0,0,0.106,0,0,17424.9,0.022349537,98.3,0,--.--,224,94.6,52,0000:00:00,55,0,0,0,40,0,0,0,0,0,0,1,86.9,0.480046296,45209,103.06,55.33,--.--
low,0,2163,36.05,15.17,10.82,2899,164.1394,2.22,44.56534289,0.021731481,-11.8,-4.2,266,0,0,0,0.4,0,0,0,-5,0,0,0.108,0,0,17424.9,0.022361111,97.3,0,--.--,223,93.7,46,0000:00:00,55,0,0,0,40,0,0,0,0,0,0,1,164.14,0.48005787,45209,103.06,55.33,--.--
low,0,2164,36.07,15.05,8.66,2902,130.333,2.12,44.60986139,0.021743056,-10.1,3.5,266,0,0,0,0.5,0,0,-0.1,-4.9,0,0,0.128,0,0,17424.9,0.022372685,96.6,0,--.--,222,93,48,0000:00:00,55,0,0,0,40,0,0,0,0,0,0,1,130.35,0.480069444,45209,103.08,55.33,--.--
low,0,2165,36.08,15.34,1.14,2904,17.4876,1.24,44.67529331,0.02175463,-11.2,1.8,259,0,0,0,0.4,0,0,0,-5,0,0,0.086,0,0,17424.9,0.022384259,95.9,0,--.--,222,92.3,49,0000:00:00,55,0,0,0,40,0,0,0,0,0,0,1,17.49,0.480081019,45209,103.08,55.33,--.--
low,0,2166,36.1,15.43,1.53,2904,23.6079,1.37,44.73036897,0.021766204,-9.1,1.7,261,0,0,0,0.3,0,0,-0.1,-5.2,0,0,0.018,0,0,17432,0.022395833,94.9,0,--.--,220,91.4,51,0000:00:00,55,0,0,0,40,0,0,0,0,0,0,1,23.6,0.480092593,45209,103.08,55.33,--.--
low,0,2167,36.12,15.42,1.73,2905,26.6766,1.43,44.79345031,0.021777778,-9,3.1,270,0,0,0,0.4,0,0,0,-5.4,0,0,-0.03,0,0,17432,0.022407407,93.9,0,--.--,220,90.4,53,0000:00:00,55,0,0,0,40,0,0,0,0,0,0,1,26.68,0.480104167,45209,103.1,55.33,--.--
low,0,2168,36.13,15.41,10.37,2906,159.8017,2.2,44.82000314,0.021789352,-11.6,4.3,267,0,0,0,0.6,0,0,0,-5.4,0,0,-0.027,0,0,17432,0.022418981,93.5,0,--.--,219,90.1,53,0000:00:00,55,0,0,0,40,0,0,0,0,0,0,1,159.82,0.480115741,45209,103.1,55.33,--.--
low,0,2169,36.15,15.22,10.53,2909,160.2666,2.2,44.89997203,0.021800926,-9.3,1.4,268,0,0,0,0.3,0,0,0,-5.4,0,0,0,0,0,17666.9,0.022430556,268.1,0,--.--,280,262.8,50,0000:00:00,55,0,0,0,40,0,0,0,0,0,0,1,160.26,0.480127315,45209,103.14,55.33,--.--
low,0,2170,36.17,15.09,15.61,2912,235.5549,2.37,44.96640561,0.0218125,-7.6,5.2,265,0,0,0,0.2,0,0,0,-5.2,0,0,0.03,0,0,17903.6,0.02244213,91.9,0,--.--,219,93.3,50,0000:00:00,55,0,0,0,40,0,0,0,0,0,0,1,235.54,0.480138889,45209,103.15,55.33,--.--
low,0,2171,36.18,15.24,13.01,2915,198.2724,2.3,45.02026853,0.021824074,-9.4,4,264,0,0,0,0.2,0,0,0,-5.3,0,0,0.029,0,0,17903.6,0.022453704,90.8,0,--.--,217,92.5,50,0000:00:00,55,0,0,0,40,0,0,0,0,0,0,1,198.27,0.480150463,45209,103.15,55.33,--.--
low,0,2172,36.2,15.18,14.96,2919,227.0928,2.36,45.06186564,0.021835648,-9.3,1.7,266,0,0,0,0.3,0,0,0,-5.3,0,0,0.012,0,0,17903.6,0.022465278,90.3,0,--.--,216,92.2,52,0000:00:00,55,0,0,0,40,0,0,0,0,0,0,1,227.09,0.480162037,45209,103.17,55.33,--.--
low,0,2173,36.22,15.27,6.26,2922,95.5902,1.98,45.07293789,0.021847222,-16.3,3.8,265,0,0,0,0.2,0,0,-0.1,-5.4,0,0,-0.02,0,0,17911,0.022476852,89.8,0,--.--,214,91.9,50,0000:00:00,55,0,0,0,40,0,0,0,0,0,0,1,95.59,0.480173611,45209,103.17,55.33,--.--
low,0,2174,36.23,15.2,18.94,2924,287.888,2.46,45.13083272,0.021858796,-10.2,7.5,265,0,0,0,0.1,0,0,0.1,-5.6,0,0,-0.026,0,0,17911,0.022488426,89,0,--.--,213,91.2,49,0000:00:00,55,0,0,0,40,0,0,0,0,0,0,1,287.79,0.480185185,45209,103.19,55.33,--.--
low,0,2175,36.25,15.07,15.87,2928,239.1609,2.38,45.19675164,0.02187037,-5.6,1.4,266,0,0,0,0.1,0,0,0,-5.5,0,0,-0.046,0,0,17911,0.0225,88.6,0,--.--,212,90.9,52,0000:00:00,55,0,0,0,40,0,0,0,0,0,0,1,239.11,0.480196759,45209,103.21,55.33,--.--
low,0,2176,36.27,15.09,12.85,2932,193.9065,2.29,45.26140108,0.021881944,-10.1,-1.2,265,0,0,0,0.2,0,0,-0.1,-5.2,0,0,0.033,0,0,17911,0.022511574,88.6,0,--.--,212,90.9,30,0000:00:00,55,0,0,0,40,0,0,0,0,0,0,1,193.93,0.480208333,45209,103.21,55.33,--.--
low,0,2177,36.28,14.96,10.01,2937,149.7496,2.18,45.31165747,0.021893519,-9.4,-1.3,258,0,0,0,0.3,0,0,0,-5.5,0,0,-0.009,0,0,17919.3,0.022523148,88.1,0,--.--,209,90.7,52,0000:00:00,55,0,0,0,40,0,0,0,0,0,0,1,149.79,0.480219907,45209,103.23,55.33,--.--
low,0,2178,36.3,15.39,2.59,2938,39.8601,1.6,45.36405122,0.021905093,-7.9,0.6,257,0,0,0,0.2,0,0,0,-5.6,0,0,-0.051,0,0,17919.3,0.022534722,88.4,0,--.--,208,91.2,54,0000:00:00,55,0,0,0,40,0,0,0,0,0,0,1,39.85,0.480231481,45209,103.23,55.33,--.--
low,0,2179,36.32,15.18,13.73,2942,208.4214,2.32,45.41934872,0.021916667,-9.9,-2,250,0,0,0,0.2,0,0,-0.1,-5.8,0,0,-0.074,0,0,17919.3,0.022546296,88.7,0,--.--,207,91.6,36,0000:00:00,55,0,0,0,40,0,0,0,0,0,0,1,208.48,0.480243056,45209,103.24,55.33,--.--
low,0,2180,36.33,15.01,15.81,2946,237.3081,2.38,45.47184872,0.021928241,-13.4,-0.6,235,0,0,0,0.4,0,0,-0.1,-6.1,0,0,-0.041,0,0,18171.2,0.02255787,268.1,0,--.--,280,262.8,54,0000:00:00,55,0,0,0,40,0,0,0,0,0,0,1,237.24,0.48025463,45209,103.24,55.33,--.--
low,0,2181,36.35,14.9,15.62,2951,232.738,2.37,45.56002306,0.021939815,-13.5,1.5,254,0,0,0,0.4,0,0,0,-6.2,0,0,-0.014,0,0,18429,0.022569444,88.8,0,--.--,205,91.8,51,0000:00:00,55,0,0,0,40,0,0,0,0,0,0,1,232.74,0.480266204,45209,103.26,55.33,--.--
low,0,2182,36.37,15.14,11.95,2955,180.923,2.26,45.62695106,0.021951389,-16.1,-1.7,252,0,0,0,0.6,0,0,0,-6.2,0,0,-0.021,0,0,18435.7,0.022581019,88.1,0,--.--,202,91.5,55,0000:00:00,55,0,0,0,40,0,0,0,0,0,0,1,180.89,0.480277778,45209,103.26,55.33,--.--
low,0,2183,36.38,15.15,12.45,2958,188.6175,2.28,45.68437689,0.021962963,-18.2,2.4,256,0,0,0,0.6,0,0,0,-6.1,0,0,-0.017,0,0,18435.7,0.022592593,87.8,0,--.--,200,85.6,54,0000:00:00,55,0,0,0,40,0,0,0,0,0,0,1,188.64,0.480289352,45209,103.26,55.33,--.--
low,0,2184,36.4,15.15,13.14,2962,199.071,2.3,45.75578639,0.021974537,-16.8,-1.5,258,0,0,0,0.6,0,0,0,-6,0,0,-0.011,0,0,18435.7,0.022604167,86.7,0,--.--,199,84.6,54,0000:00:00,55,0,0,0,40,0,0,0,0,0,0,1,199.04,0.480300926,45209,103.3,55.33,--.--
low,0,2185,36.42,15.12,12.5,2965,189,2.28,45.8190775,0.021986111,-20,-2.2,254,0,0,0,0.6,0,0,-0.1,-5.9,0,0,0.028,0,0,18435.7,0.022615741,85.7,0,--.--,199,83.5,40,0000:00:00,55,0,0,0,40,0,0,0,0,0,0,1,188.99,0.4803125,45209,103.3,55.33,--.--
low,0,2186,36.43,14.84,21.39,2971,317.4276,2.5,45.90559258,0.021997685,-21.7,0.1,259,0,0,0,0.5,0,0,-0.2,-6.4,0,0,0.022,0,0,18968.6,0.022627315,84.6,0,--.--,199,81.5,51,0000:00:00,55,0,0,0,40,0,0,0,0,0,0,1,317.34,0.480324074,45209,103.32,55.33,--.--
low,0,2187,36.45,15.04,16.02,2976,240.9408,2.38,45.98217308,0.022009259,-19.2,2.9,261,0,0,0,0.6,0,0,0,-7,0,0,0.003,0,0,18968.6,0.022638889,83.2,0,--.--,198,80.2,54,0000:00:00,55,0,0,0,40,0,0,0,0,0,0,1,240.89,0.480335648,45209,103.33,55.33,--.--
low,0,2188,36.47,15.09,13.7,2980,206.733,2.32,46.04069492,0.022020833,-19.9,-0.9,261,0,0,0,0.6,0,0,-0.1,-7,0,0,0,0,0,18968.6,0.022650463,81.7,0,--.--,197,78.7,46,0000:00:00,55,0,0,0,40,0,0,0,0,0,0,1,206.73,0.480347222,45209,103.33,55.33,--.--
low,0,2189,36.48,15.06,17.07,2984,257.0742,2.41,46.11058617,0.022032407,-20.8,-4.2,248,0,0,0,0.7,0,0,-0.1,-7.2,0,0,0.029,0,0,18968.6,0.022662037,80.5,0,--.--,198,83.5,56,0000:00:00,55,0,0,0,40,0,0,0,0,0,0,1,257.02,0.480358796,45209,103.35,55.33,--.--
low,0,2190,36.5,14.99,15.2,2988,227.848,2.36,46.18889667,0.022043981,-20.1,0.7,260,0,0,0,0.6,0,0,-0.1,-7.5,0,0,0.036,0,0,18976.5,0.022673611,79,0,--.--,195,82.5,41,0000:00:00,55,0,0,0,40,0,0,0,0,0,0,1,227.86,0.48037037,45209,103.37,55.33,--.--
low,0,2191,36.52,14.81,21.03,2993,311.4543,2.49,46.24613956,0.022055556,-26.2,0.7,258,0,0,0,0.5,0,0,-0.3,-8.2,0,0,0.012,0,0,19249.4,0.022685185,268.1,0,--.--,280,259.8,38,0000:00:00,64,0,0,0,40,0,0,0,0,0,0,1,311.48,0.480381944,45209,103.39,55.33,--.--
low,0,2192,36.53,14.87,18.54,2999,275.6898,2.44,46.31134606,0.02206713,-20.6,4.3,268,0,0,0,0.4,0,0,-0.1,-9,0,0,0.006,0,0,19523.5,0.022696759,76.1,0,--.--,193,79.8,52,0000:00:00,50,0,0,0,40,0,0,0,0,0,0,1,275.76,0.480393519,45209,103.39,55.33,--.--
low,0,2193,36.55,15.07,13.98,3003,210.6786,2.32,46.38167422,0.022078704,-14.4,5.3,279,0,0,0,0.4,0,0,0,-9.3,0,0,0.013,0,0,19523.5,0.022708333,75.4,0,--.--,192,73.2,50,0000:00:00,50,0,0,0,40,0,0,0,0,0,0,1,210.65,0.480405093,45209,103.39,55.33,--.--
low,0,2194,36.57,14.95,16.83,3007,251.6085,2.4,46.43911797,0.022090278,-20.8,2.9,275,0,0,0,0.4,0,0,-0.1,-9.2,0,0,0.064,0,0,19530.5,0.022719907,73.6,0,--.--,189,71.9,38,0000:00:00,54,0,0,0,40,0,0,0,0,0,0,1,251.66,0.480416667,45209,103.42,55.33,--.--
low,0,2195,36.58,14.94,18.87,3013,281.9178,2.45,46.49299931,0.022101852,-19.2,5.5,274,0,0,0,0.3,0,0,-0.1,-9.6,0,0,0.078,0,0,19530.5,0.022731481,72.7,0,--.--,188,71.2,45,0000:00:00,48,0,0,0,40,0,0,0,0,0,0,1,281.97,0.480428241,45209,103.42,55.33,--.--
low,0,2196,36.6,15.02,13.72,3017,206.0744,2.31,46.55039464,0.022113426,-17.2,4.6,274,0,0,0,0.3,0,0,0.2,-9.9,0,0,0.047,0,0,19530.5,0.022743056,71.7,0,--.--,187,70.3,68,0000:00:00,40,0,0,0,40,0,0,0,0,0,0,1,206.13,0.480439815,45209,103.42,55.33,--.--
low,0,2197,36.62,14.99,15.66,3022,234.7434,2.37,46.60788086,0.022125,-17.7,-2.8,261,0,0,0,0.3,0,0,0.2,-9.6,0,0,0.053,0,0,20091.8,0.02275463,70.9,0,--.--,186,69.7,69,0000:00:00,40,0,0,0,40,0,0,0,0,0,0,1,234.76,0.480451389,45209,103.46,55.33,--.--
low,0,2198,36.63,14.78,17.13,3028,253.1814,2.4,46.66365419,0.022136574,-21.8,-3.6,255,0,0,0,0.2,0,0,0.2,-9.1,0,0,0.073,0,0,20091.8,0.022766204,69.7,0,--.--,184,68.9,69,0000:00:00,40,0,0,0,40,0,0,0,0,0,0,1,253.15,0.480462963,45209,103.46,55.33,--.--
low,0,2199,36.65,15.15,13.65,3032,206.7975,2.32,46.71734308,0.022148148,-16.7,-6.1,256,0,0,0,0.4,0,0,0,-8.5,0,0,0.079,0,0,20098.6,0.022777778,67.9,0,--.--,181,67.5,42,0000:00:00,40,0,0,0,40,0,0,0,0,0,0,1,206.82,0.480474537,45209,103.48,55.33,--.--
low,0,2200,36.67,15.06,12.88,3035,193.9728,2.29,46.78104969,0.022159722,-15,-2.7,254,0,0,0,0.4,0,0,0,-8.5,0,0,0.067,0,0,20098.6,0.022789352,66.9,0,--.--,179,66.7,46,0000:00:00,40,0,0,0,40,0,0,0,0,0,0,1,193.92,0.480486111,45209,103.48,55.33,--.--
low,0,2201,36.68,15.06,13.72,3039,206.6232,2.32,46.86929081,0.022171296,-14.1,-3.4,254,0,0,0,0.4,0,0,0,-8.7,0,0,0.017,0,0,20098.6,0.022800926,66.6,0,--.--,179,66.5,48,0000:00:00,40,0,0,0,40,0,0,0,0,0,0,1,206.62,0.480497685,45209,103.5,55.33,--.--
low,0,2202,36.7,15.04,13.76,3043,206.9504,2.32,46.95419981,0.02218287,-18.8,-1.3,254,0,0,0,0.3,0,0,0.1,-8.5,0,0,0.021,0,0,20385.5,0.0228125,268.1,0,--.--,280,259.8,46,0000:00:00,40,0,0,0,40,0,0,0,0,0,0,1,206.94,0.480509259,45209,103.51,55.33,--.--
low,0,2203,36.72,15.04,13.35,3048,200.784,2.3,47.02242161,0.022194444,-15.1,-4.7,250,0,0,0,0.2,0,0,0,-8.5,0,0,0.026,0,0,20675.8,0.022824074,65.5,0,--.--,177,65.7,49,0000:00:00,40,0,0,0,40,0,0,0,0,0,0,1,200.82,0.480520833,45209,103.51,55.33,--.--
low,0,2204,36.73,15.1,12.8,3052,193.28,2.29,47.14866861,0.022206019,-16.6,-3.8,251,0,0,0,0.3,0,0,-0.1,-8.6,0,0,0.016,0,0,20675.8,0.022835648,65.1,0,--.--,177,66.2,43,0000:00:00,40,0,0,0,40,0,0,0,0,0,0,1,193.28,0.480532407,45209,103.53,55.33,--.--
low,0,2205,36.75,14.98,15.31,3057,229.3438,2.36,47.19753389,0.022217593,-21.2,-3.9,247,0,0,0,0.4,0,0,-0.1,-8.7,0,0,0.029,0,0,20675.8,0.022847222,64.2,0,--.--,176,65.6,35,0000:00:00,40,0,0,0,40,0,0,0,0,0,0,1,229.37,0.480543981,45209,103.55,55.31,--.--
low,0,2206,36.77,14.9,21.32,3062,317.668,2.5,47.24315769,0.022229167,-16.3,-1.9,240,0,0,0,0.4,0,0,-0.1,-9.2,0,0,0.036,0,0,20675.8,0.022858796,63.6,0,--.--,175,65.1,52,0000:00:00,40,0,0,0,40,0,0,0,0,0,0,1,317.71,0.480555556,45209,103.55,55.31,--.--
low,0,2207,36.78,14.94,20.46,3066,305.6724,2.49,47.28921269,0.022240741,-16.8,-3.2,239,0,0,0,0.3,0,0,0,-9.2,0,0,0.018,0,0,20675.8,0.02287037,61.8,0,--.--,176,63.3,43,0000:00:00,40,0,0,0,40,0,0,0,0,0,0,1,305.63,0.48056713,45209,103.55,55.29,--.--
low,0,2208,36.8,14.93,16.45,3070,245.5985,2.39,47.33382503,0.022252315,-20.7,-2.9,239,0,0,0,0.4,0,0,0.2,-8.9,0,0,0.03,0,0,21255.2,0.022881944,60.9,0,--.--,176,62.4,76,0000:00:00,40,0,0,0,40,0,0,0,0,0,0,1,245.55,0.480578704,45209,103.59,55.29,--.--
low,0,2209,36.82,14.97,30.36,3077,454.4892,2.66,47.38149503,0.022263889,-17.2,-7.9,241,0,0,0,0.6,0,0,0.1,-8.1,0,0,0.06,0,0,21255.2,0.022893519,60.1,0,--.--,175,61.8,49,0000:00:00,40,0,0,0,40,0,0,0,0,0,0,1,454.58,0.480590278,45209,103.6,55.29,--.--
low,0,2210,36.83,15.1,11.65,3080,175.915,2.25,47.42681303,0.022275463,-17.5,-4.1,239,0,0,0,0.6,0,0,-0.1,-8.1,0,0,0.054,0,0,21255.2,0.022905093,59.5,0,--.--,174,61.4,48,0000:00:00,40,0,0,0,40,0,0,0,0,0,0,1,175.96,0.480601852,45209,103.6,55.26,--.--
low,0,2211,36.85,15.11,10.87,3084,164.2457,2.22,47.47330703,0.022287037,-14.6,-1,240,0,0,0,0.7,0,0,-0.1,-8.2,0,0,0.006,0,0,21255.2,0.022916667,58.9,0,--.--,173,60.9,50,0000:00:00,40,0,0,0,40,0,0,0,0,0,0,1,164.27,0.480613426,45209,103.62,55.26,--.--
low,0,2212,36.87,15.1,10.98,3087,165.798,2.22,47.53768942,0.022298611,-15.6,-1.3,239,0,0,0,0.7,0,0,0,-8.4,0,0,-0.03,0,0,21255.2,0.022928241,58.3,0,--.--,171,60.7,51,0000:00:00,46,0,0,0,40,0,0,0,0,0,0,1,165.83,0.480625,45209,103.62,55.26,--.--
low,0,2213,36.88,15.18,10.58,3090,160.6044,2.21,47.58333158,0.022310185,-17.5,-3.9,227,0,0,0,0.7,0,0,0.1,-8.3,0,0,-0.046,0,0,21255.2,0.022939815,57.9,0,--.--,171,60.5,65,0000:00:00,31,0,0,0,40,0,0,0,0,0,0,1,160.55,0.480636574,45209,103.64,55.26,--.--
low,0,2214,36.9,15.12,11.35,3093,171.612,2.23,47.63353158,0.022321759,-16.5,-6.7,215,0,0,0,0.8,0,0,0,-7.9,0,0,-0.016,0,0,21837.7,0.022951389,56.6,0,--.--,168,59.7,48,0000:00:00,31,0,0,0,40,0,0,0,0,0,0,1,171.6,0.480648148,45209,103.64,55.26,--.--
low,0,2215,36.92,15.12,10.79,3096,163.1448,2.21,47.68294214,0.022333333,-17.3,-7,217,0,0,0,0.9,0,0,0,-7.9,0,0,0.01,0,0,21837.7,0.022962963,55.7,0,--.--,168,58.9,50,0000:00:00,31,0,0,0,40,0,0,0,0,0,0,1,163.18,0.480659722,45209,103.66,55.24,--.--
low,0,2216,36.93,15.12,11.07,3099,167.3784,2.22,47.72593656,0.022344907,-16.9,-4.9,217,0,0,0,0.9,0,0,0,-8,0,0,-0.021,0,0,21837.7,0.022974537,54.9,0,--.--,167,58.4,52,0000:00:00,31,0,0,0,40,0,0,0,0,0,0,1,167.37,0.480671296,45209,103.66,55.24,--.--
low,0,2217,36.95,15.07,15.38,3103,231.7766,2.37,47.76795006,0.022356481,-18.1,-5.7,210,0,0,0,1,0,0,0,-8,0,0,-0.043,0,0,21837.7,0.022986111,54.3,0,--.--,166,60,53,0000:00:00,31,0,0,0,40,0,0,0,0,0,0,1,231.73,0.48068287,45209,103.66,55.24,--.--
low,0,2218,36.97,15.13,10.86,3106,164.3118,2.22,47.77551189,0.022368056,-17.3,-6.3,208,0,0,0,1.2,0,0,0,-7.9,0,0,-0.004,0,0,21837.7,0.022997685,53.4,0,--.--,165,59.4,51,0000:00:00,31,0,0,0,40,0,0,0,0,0,0,1,164.34,0.480694444,45209,103.68,55.22,--.--
low,0,2219,36.98,15.06,12,3110,180.72,2.26,47.82819289,0.02237963,-18.4,-9.9,192,0,0,0,1.2,0,0,-0.1,-8,0,0,-0.006,0,0,22426.2,0.023009259,52.4,0,--.--,163,58.8,41,0000:00:00,31,0,0,0,40,0,0,0,0,0,0,1,180.76,0.480706019,45209,103.69,55.22,--.--
low,0,2220,37,15.1,11.78,3113,177.878,2.25,47.88658914,0.022391204,-14.4,-5.8,181,0,0,0,1.3,0,0,-0.1,-8.4,0,0,-0.038,0,0,22426.2,0.023020833,51.3,0,--.--,163,57.8,59,0000:00:00,31,0,0,0,40,0,0,0,0,0,0,1,177.84,0.480717593,45209,103.69,55.24,--.--
low,0,2221,37.02,15.13,10.23,3116,154.7799,2.19,47.92402836,0.022402778,-16.1,-6.5,182,0,0,0,1.3,0,0,0,-8.5,0,0,-0.077,0,0,22426.2,0.023032407,49.7,0,--.--,160,57,56,0000:00:00,31,0,0,0,40,0,0,0,0,0,0,1,154.81,0.480729167,45209,103.71,55.26,--.--
low,0,2222,37.03,15.14,9.99,3119,151.2486,2.18,47.96995303,0.022414352,-15.3,-8.4,183,0,0,0,1.2,0,0,0,-8.4,0,0,-0.067,0,0,22426.2,0.023043981,48.6,0,--.--,161,55.7,55,0000:00:00,31,0,0,0,40,0,0,0,0,0,0,1,151.29,0.480740741,45209,103.71,55.26,--.--
low,0,2223,37.05,15.38,1.77,3120,27.2226,1.43,48.03103814,0.022425926,-13.2,-9.3,184,0,0,0,1,0,0,0,-8.3,0,0,-0.018,0,0,22426.2,0.023055556,47.3,0,--.--,159,54.9,52,0000:00:00,31,0,0,0,40,0,0,0,0,0,0,1,27.23,0.480752315,45209,103.71,55.24,--.--
low,0,2224,37.07,15.16,12.51,3122,189.6516,2.28,48.07966147,0.0224375,-13.7,-12.6,160,0,0,0,1.1,0,0,0.2,-7.8,0,0,0.006,0,0,22433,0.02306713,46.9,0,--.--,159,54.6,70,0000:00:00,31,0,0,0,40,0,0,0,0,0,0,1,189.65,0.480763889,45209,103.71,55.24,--.--
low,0,2225,37.08,15.07,13.95,3127,210.2265,2.32,48.12810731,0.022449074,-6.7,-14.1,134,0,0,0,1.1,0,0,0.3,-6.8,0,0,0.062,0,0,23023.6,0.023078704,45.9,0,--.--,158,53.9,67,0000:00:00,31,0,0,0,40,0,0,0,0,0,0,1,210.18,0.480775463,45209,103.71,55.24,--.--
low,0,2226,37.1,15.11,8.92,3130,134.7812,2.13,48.17226564,0.022460648,0.9,-11.2,106,0,0,0,1.2,0,0,0.2,-5.8,0,0,0.136,0,0,23023.6,0.023090278,45.4,0,--.--,158,53.4,53,0000:00:00,31,0,0,0,40,0,0,0,0,0,0,1,134.74,0.480787037,45209,103.71,55.26,--.--
low,0,2227,37.12,15.14,10.92,3133,165.3288,2.22,48.21559628,0.022472222,-4.6,-19.6,111,0,0,0,1.4,0,0,-0.1,-5.7,0,0,0.088,0,0,23023.6,0.023101852,44.8,0,--.--,157,53,45,0000:00:00,31,0,0,0,40,0,0,0,0,0,0,1,165.29,0.480798611,45209,103.75,55.26,--.--
low,0,2228,37.13,14.98,14.68,3136,219.9064,2.34,48.26955525,0.022483796,-2.1,-15.3,109,0,0,0,1.2,0,0,-0.3,-6.3,0,0,0.073,0,0,23023.6,0.023113426,44.5,0,--.--,157,52.6,32,0000:00:00,31,0,0,0,40,0,0,0,0,0,0,1,219.95,0.480810185,45209,103.75,55.26,--.--
low,0,2229,37.15,15.09,11.6,3141,175.044,2.24,48.33209675,0.02249537,4.7,-5.6,78,0,0,0,1.3,0,0,-0.1,-7.1,0,0,0.026,0,0,23023.6,0.023125,42.7,0,--.--,156,51.2,52,0000:00:00,31,-1,0,0,40,0,0,0,0,0,0,1,175.08,0.480821759,45209,103.71,55.26,--.--
low,0,2230,37.17,15.1,11.55,3145,174.405,2.24,48.37462886,0.022506944,2.6,-3.8,79,0,0,0,1.3,0,0,0,-7.4,0,0,-0.054,0,0,23611.9,0.023136574,42.2,0,--.--,158,50.3,55,0000:00:00,31,-1,0,0,40,0,0,0,0,0,0,1,174.37,0.480833333,45209,103.75,55.29,--.--
low,0,2231,37.18,15.14,10.5,3148,158.97,2.2,48.41850586,0.022518519,2.7,-8.9,80,0,0,0,1.3,0,0,0,-7.5,0,0,-0.065,0,0,23611.9,0.023148148,41.3,0,--.--,159,49.3,49,0000:00:00,31,-1,0,0,40,0,0,0,0,0,0,1,158.94,0.480844907,45209,103.75,55.29,--.--
low,0,2232,37.2,15.13,10.31,3151,155.9903,2.19,48.46336186,0.022530093,3.7,-7.7,80,0,0,0,1.2,0,0,-0.1,-7.6,0,0,-0.044,0,0,23611.9,0.023159722,40.7,0,--.--,159,48.6,46,0000:00:00,31,-1,0,0,40,0,0,0,0,0,0,1,156.02,0.480856481,45209,103.75,55.29,--.--
low,0,2233,37.22,15.07,12.89,3154,194.2523,2.29,48.50634264,0.022541667,4.4,-6.3,80,0,0,0,1.1,0,0,0,-7.8,0,0,-0.089,0,0,23611.9,0.023171296,40.2,0,--.--,162,47.5,58,0000:00:00,31,-1,0,0,40,0,0,0,0,0,0,1,194.27,0.480868056,45209,103.75,55.29,--.--
low,0,2234,37.23,15.03,14.98,3157,225.1494,2.35,48.54881875,0.022553241,5.1,-4.7,66,0,0,0,1,0,0,0,-7.8,0,0,-0.079,0,0,23611.9,0.02318287,39.9,0,--.--,162,47.1,55,0000:00:00,31,-1,0,0,40,0,0,0,0,0,0,1,225.18,0.48087963,45209,103.75,55.29,--.--
low,0,2235,37.25,15.13,10.12,3161,153.1156,2.19,48.60065764,0.022564815,5.4,-6.5,68,0,0,0,1,0,0,0,-7.8,0,0,-0.099,0,0,23611.9,0.023194444,38.8,0,--.--,162,46.2,58,0000:00:00,31,-1,0,0,40,0,0,0,0,0,0,1,153.15,0.480891204,45209,103.75,55.29,--.--
low,0,2236,37.27,15.13,10.44,3163,157.9572,2.2,48.64573581,0.022576389,5.7,-5.2,69,0,0,0,0.9,0,0,0,-7.9,0,0,-0.109,0,0,23611.9,0.023206019,38.2,0,--.--,164,45.1,59,0000:00:00,31,-1,0,0,40,0,0,0,0,0,0,1,157.92,0.480902778,45209,103.75,55.31,--.--
low,0,2237,37.28,15.12,10.68,3166,161.4816,2.21,48.69438161,0.022587963,5.9,-4.8,69,0,0,0,0.8,0,0,0,-7.8,0,0,-0.102,0,0,23618.7,0.023217593,37.8,0,--.--,165,44.5,59,0000:00:00,31,-1,0,0,40,0,0,0,0,0,0,1,161.5,0.480914352,45209,103.75,55.31,--.--
low,0,2238,37.3,15.14,10.22,3169,154.7308,2.19,48.73924992,0.022599537,5.6,-5.2,69,0,0,0,0.8,0,0,0,-7.7,0,0,-0.066,0,0,23618.7,0.023229167,37.5,0,--.--,166,43.9,57,0000:00:00,31,-1,0,0,40,0,0,0,0,0,0,1,154.7,0.480925926,45209,103.75,55.29,--.--
low,0,2239,37.32,15.14,10.1,3172,152.914,2.18,48.78216028,0.022611111,6.4,-4.9,69,0,0,0,0.8,0,0,0,-7.7,0,0,-0.068,0,0,23618.7,0.023240741,37.1,0,--.--,167,43.3,58,0000:00:00,31,-1,0,0,40,0,0,0,0,0,0,1,152.91,0.4809375,45209,103.77,55.31,--.--
low,0,2240,37.33,15.05,12.4,3175,186.62,2.27,48.82544889,0.022622685,8.9,-0.8,51,0,0,0,0.8,0,0,-0.1,-7.8,0,0,-0.067,0,0,23618.7,0.023252315,36.7,0,--.--,169,42.6,44,0000:00:00,31,-1,0,0,40,0,0,0,0,0,0,1,186.67,0.480949074,45209,103.75,55.31,--.--
low,0,2241,37.35,15.11,10.74,3179,162.2814,2.21,48.87043089,0.022634259,8.8,-0.3,50,0,0,0,0.9,0,0,0,-8,0,0,-0.074,0,0,24188.2,0.023263889,36.7,0,--.--,169,42.6,58,0000:00:00,31,-1,0,0,40,0,0,0,0,0,0,1,162.29,0.480960648,45209,103.77,55.29,--.--
low,0,2242,37.37,15.11,11.59,3182,175.1249,2.24,48.91401369,0.022645833,6.1,1.2,26,0,0,0,0.9,0,0,0,-8,0,0,-0.068,0,0,24188.2,0.023275463,36.5,0,--.--,171,41.7,57,0000:00:00,31,-1,0,0,40,0,0,0,0,0,0,1,175.09,0.480972222,45209,103.75,55.31,--.--
low,0,2243,37.38,15.11,10.69,3185,161.5259,2.21,48.95734433,0.022657407,6.8,-0.6,36,0,0,0,1,0,0,0,-7.8,0,0,-0.029,0,0,24188.2,0.023287037,37,0,--.--,173,41.7,56,0000:00:00,31,-1,0,0,40,0,0,0,0,0,0,1,161.56,0.480983796,45209,103.77,55.31,--.--
low,0,2244,37.4,15.13,10.21,3188,154.4773,2.19,49.00134742,0.022668981,6.2,-1.9,32,0,0,0,1,0,0,0,-7.8,0,0,-0.015,0,0,24188.2,0.023298611,37.2,0,--.--,173,41.9,56,0000:00:00,31,-1,0,0,40,0,0,0,0,0,0,1,154.49,0.48099537,45209,103.75,55.31,--.--
low,0,2245,37.42,15.13,10.3,3191,155.839,2.19,49.05106628,0.022680556,6.6,0.6,33,0,0,0,1,0,0,0,-7.9,0,0,-0.045,0,0,24188.2,0.023310185,37.4,0,--.--,174,42,57,0000:00:00,31,-1,0,0,40,0,0,0,0,0,0,1,155.84,0.481006944,45209,103.75,55.31,--.--
low,0,2246,37.43,15.12,10.71,3194,161.9352,2.21,49.09456503,0.02269213,5.9,-0.2,33,0,0,0,0.9,0,0,0,-7.9,0,0,-0.055,0,0,24188.2,0.023321759,37.8,0,--.--,174,42.1,57,0000:00:00,31,-1,0,0,40,0,0,0,0,0,0,1,161.94,0.481018519,45209,103.77,55.31,--.--
low,0,2247,37.45,15.13,10.37,3197,156.8981,2.2,49.13695703,0.022703704,5.9,-1.3,32,0,0,0,0.9,0,0,0,-7.9,0,0,-0.033,0,0,24188.2,0.023333333,38.9,0,--.--,176,44.6,56,0000:00:00,31,-1,0,0,40,0,0,0,0,0,0,1,156.89,0.481030093,45209,103.77,55.31,--.--
low,0,2248,37.47,15.13,10.31,3199,155.9903,2.19,49.17960136,0.022715278,6.7,-1.5,35,0,0,0,0.9,0,0,0,-7.8,0,0,-0.022,0,0,24188.2,0.023344907,39.4,0,--.--,177,44.7,65,0000:00:00,31,-1,0,0,40,0,0,0,0,0,0,1,156.02,0.481041667,45209,103.77,55.31,--.--
low,0,2249,37.48,15.13,10.47,3203,158.4111,2.2,49.22386936,0.022726852,7.2,-0.9,34,0,0,0,0.9,0,0,0,-7.8,0,0,-0.017,0,0,24195.3,0.023356481,39.9,0,--.--,178,44.8,56,0000:00:00,31,-1,0,0,40,0,0,0,0,0,0,1,158.38,0.481053241,45209,103.77,55.29,--.--
low,0,2250,37.5,15.13,11.83,3205,178.9879,2.25,49.28748992,0.022738426,6.2,-2.1,42,0,0,0,0.8,0,0,0,-7.8,0,0,-0.012,0,0,24195.3,0.023368056,40.5,0,--.--,179,45.1,56,0000:00:00,31,-1,0,0,40,0,0,0,0,0,0,1,179.02,0.481064815,45209,103.75,55.29,--.--
low,0,2251,37.52,15.13,10.35,3209,156.5955,2.19,49.33020392,0.02275,5.5,-1.8,37,0,0,0,0.7,0,0,0,-7.7,0,0,0.003,0,0,24195.3,0.02337963,40.9,0,--.--,180,45.3,55,0000:00:00,31,-1,0,0,40,0,0,0,0,0,0,1,156.61,0.481076389,45209,103.77,55.29,--.--
low,0,2252,37.53,15.14,10.08,3211,152.6112,2.18,49.37445917,0.022761574,6.2,-3.5,38,0,0,0,0.7,0,0,0,-7.7,0,0,0.001,0,0,24474.3,0.023391204,268.1,0,--.--,280,247.7,55,0000:00:00,31,-1,0,0,40,0,0,0,0,0,0,1,152.59,0.481087963,45209,103.77,55.26,--.--
low,0,2253,37.55,15.14,10.14,3214,153.5196,2.19,49.41902117,0.022773148,6.5,-2.4,38,0,0,0,0.7,0,0,0,-7.8,0,0,-0.008,0,0,24752.2,0.023402778,42.1,0,--.--,183,45.4,56,0000:00:00,31,-1,0,0,40,0,0,0,0,0,0,1,153.52,0.481099537,45209,103.77,55.26,--.--
low,0,2254,37.57,15.12,10.54,3217,159.3648,2.2,49.46286917,0.022784722,5.7,-2.7,37,0,0,0,0.6,0,0,0,-7.8,0,0,-0.025,0,0,24752.2,0.023414352,42.2,0,--.--,182,45.5,57,0000:00:00,31,-1,0,0,40,0,0,0,0,0,0,1,159.32,0.481111111,45209,103.77,55.24,--.--
low,0,2255,37.58,14.95,15.32,3220,229.034,2.36,49.50729786,0.022796296,4.4,-3.9,52,0,0,0,0.6,0,0,0,-7.7,0,0,0.004,0,0,24752.2,0.023425926,42.4,0,--.--,183,45.7,55,0000:00:00,31,-1,0,0,40,0,0,0,0,0,0,1,229.08,0.481122685,45209,103.77,55.24,--.--
low,0,2256,37.6,15.12,10.17,3224,153.7704,2.19,49.55086503,0.02280787,4.2,-5.1,49,0,0,0,0.6,0,0,0,-7.7,0,0,0.024,0,0,24752.2,0.0234375,43.3,0,--.--,185,45.6,55,0000:00:00,31,-1,0,0,40,0,0,0,0,0,0,1,153.75,0.481134259,45209,103.77,55.22,--.--
low,0,2257,37.62,15.13,10.53,3227,159.3189,2.2,49.59444783,0.022819444,5,-4.4,49,0,0,0,0.6,0,0,0,-7.8,0,0,-0.007,0,0,24752.2,0.023449074,43.5,0,--.--,185,45.7,56,0000:00:00,31,-1,0,0,40,0,0,0,0,0,0,1,159.29,0.481145833,45209,103.77,55.22,--.--
low,0,2258,37.63,15.12,10.61,3230,160.4232,2.21,49.64033506,0.022831019,4.5,-4.7,48,0,0,0,0.6,0,0,0,-7.8,0,0,-0.014,0,0,24752.2,0.023460648,44.1,0,--.--,187,45.6,56,0000:00:00,31,-1,0,0,40,0,0,0,0,0,0,1,160.4,0.481157407,45209,103.77,55.22,--.--
low,0,2259,37.65,15.12,10.44,3233,157.8528,2.2,49.68555117,0.022842593,4,-5,48,0,0,0,0.6,0,0,0,-7.8,0,0,-0.019,0,0,24752.2,0.023472222,44.3,0,--.--,188,45.5,57,0000:00:00,31,-1,0,0,40,0,0,0,0,0,0,1,157.83,0.481168981,45209,103.77,55.2,--.--
low,0,2260,37.67,14.99,10.67,3235,159.9433,2.2,49.73071328,0.022854167,4,-1.7,55,0,0,0,0.6,0,0,0,-7.6,0,0,0,0,0,24759.4,0.023483796,44.6,0,--.--,190,45.2,51,0000:00:00,31,-1,0,0,40,0,0,0,0,0,0,1,159.95,0.481180556,45209,103.77,55.2,--.--
low,0,2261,37.68,15.11,10.38,3238,156.8418,2.2,49.80910678,0.022865741,3.9,-7.4,51,0,0,0,0.6,0,0,0,-7.6,0,0,0.029,0,0,24759.4,0.02349537,44.8,0,--.--,190,45.2,55,0000:00:00,31,-1,0,0,40,0,0,0,0,0,0,1,156.87,0.48119213,45209,103.77,55.2,--.--
low,0,2262,37.7,15.13,10.37,3241,156.8981,2.2,49.85284183,0.022877315,4.5,-4.3,57,0,0,0,0.6,0,0,0,-7.6,0,0,0.02,0,0,24759.4,0.023506944,45.1,0,--.--,191,45.2,55,0000:00:00,31,-1,0,0,40,0,0,0,0,0,0,1,156.85,0.481203704,45209,103.77,55.2,--.--
low,0,2263,37.72,15.1,10.94,3244,165.194,2.22,49.89762619,0.022888889,3.7,-6,54,0,0,0,0.6,0,0,0,-7.8,0,0,-0.027,0,0,25302.8,0.023518519,45.1,0,--.--,191,45.1,58,0000:00:00,31,-1,0,0,40,0,0,0,0,0,0,1,165.23,0.481215278,45209,103.77,55.2,--.--
low,0,2264,37.73,15.1,10.78,3247,162.778,2.21,49.94918369,0.022900463,2.9,-7.1,54,0,0,0,0.6,0,0,0,-7.8,0,0,-0.033,0,0,25302.8,0.023530093,45.7,0,--.--,194,44.6,58,0000:00:00,31,-1,0,0,40,0,0,0,0,0,0,1,162.82,0.481226852,45209,103.77,55.22,--.--
low,0,2265,37.75,15.11,10.76,3250,162.5836,2.21,50.00575081,0.022912037,3.3,-7.4,52,0,0,0,0.7,0,0,0,-7.7,0,0,-0.015,0,0,25302.8,0.023541667,46.2,0,--.--,196,44.4,57,0000:00:00,31,-1,0,0,40,0,0,0,0,0,0,1,162.57,0.481238426,45209,103.77,55.2,--.--
low,0,2266,37.77,14.94,18.89,3254,282.2166,2.45,50.06065456,0.022923611,2.7,-6.8,61,0,0,0,0.7,0,0,0,-7.6,0,0,0.007,0,0,25302.8,0.023553241,46.4,0,--.--,197,44.2,56,0000:00:00,31,-1,0,0,40,0,0,0,0,0,0,1,282.2,0.48125,45209,103.77,55.18,--.--
low,0,2267,37.78,15.11,10.42,3258,157.4462,2.2,50.11151097,0.022935185,2.8,-7.5,58,0,0,0,0.7,0,0,0,-7.7,0,0,-0.005,0,0,25302.8,0.023564815,46.8,0,--.--,198,44.1,47,0000:00:00,31,-1,0,0,40,0,0,0,0,0,0,1,157.47,0.481261574,45209,103.77,55.2,--.--
low,0,2268,37.8,15.11,10.67,3260,161.2237,2.21,50.16192847,0.022946759,1.8,-6.8,58,0,0,0,0.8,0,0,0,-7.8,0,0,-0.025,0,0,25302.8,0.023576389,47,0,--.--,199,44,56,0000:00:00,31,-1,0,0,40,0,0,0,0,0,0,1,161.17,0.481273148,45209,103.77,55.2,--.--
low,0,2269,37.82,15.09,12.3,3264,185.607,2.27,50.21163528,0.022958333,0.7,-8.4,62,0,0,0,0.8,0,0,0,-7.9,0,0,-0.048,0,0,25573.8,0.023587963,268.1,0,--.--,280,247.7,59,0000:00:00,31,-1,0,0,40,0,0,0,0,0,0,1,185.61,0.481284722,45209,103.77,55.2,--.--
low,0,2270,37.83,15.04,13.54,3267,203.6416,2.31,50.26192736,0.022969907,-3.1,-10,93,0,0,0,0.7,0,0,-0.2,-8.2,0,0,-0.013,0,0,25837.5,0.023599537,47.5,0,--.--,201,43.7,34,0000:00:00,31,0,0,0,40,0,0,0,0,0,0,1,203.63,0.481296296,45209,103.78,55.2,--.--
low,0,2271,37.85,14.85,13.31,3272,197.6535,2.3,50.31523581,0.022981481,-3.2,-4.3,104,0,0,0,0.6,0,0,-0.2,-9,0,0,0.016,0,0,25837.5,0.023611111,47.7,0,--.--,202,43.4,48,0000:00:00,31,0,0,0,40,0,0,0,0,0,0,1,197.61,0.48130787,45209,103.77,55.2,--.--
low,0,2272,37.87,14.97,12.23,3275,183.0831,2.26,50.3656115,0.022993056,-4.5,-4.7,124,0,0,0,0.5,0,0,0,-9.4,0,0,-0.017,0,0,25837.5,0.023622685,47.7,0,--.--,204,42.7,55,0000:00:00,31,0,0,0,40,0,0,0,0,0,0,1,183.03,0.481319444,45209,103.78,55.22,--.--
low,0,2273,37.88,15.05,12.06,3279,181.503,2.26,50.42419219,0.02300463,-3.3,-6.4,125,0,0,0,0.3,0,0,0,-9.4,0,0,-0.037,0,0,25837.5,0.023634259,46.9,0,--.--,205,41.8,57,0000:00:00,31,0,0,0,40,0,0,0,0,0,0,1,181.55,0.481331019,45209,103.77,55.2,--.--
low,0,2274,37.9,15.05,11.89,3282,178.9445,2.25,50.47502775,0.023016204,-3.8,-5.9,123,0,0,0,0.3,0,0,0,-9.4,0,0,-0.037,0,0,25837.5,0.023645833,46.5,0,--.--,206,41.1,56,0000:00:00,31,0,0,0,40,0,0,0,0,0,0,1,178.94,0.481342593,45209,103.78,55.2,--.--
low,0,2275,37.92,15.05,12.03,3286,181.0515,2.26,50.52686817,0.023027778,-2.8,-5.3,118,0,0,0,0.3,0,0,0,-9.4,0,0,-0.035,0,0,26360.3,0.023657407,44.4,0,--.--,207,38.8,56,0000:00:00,31,0,0,0,40,0,0,0,0,0,0,1,181.04,0.481354167,45209,103.78,55.22,--.--
low,0,2276,37.93,15.04,12.76,3289,191.9104,2.28,50.57741928,0.023039352,-3,-6.4,115,0,0,0,0.4,0,0,0,-9.4,0,0,-0.039,0,0,26360.3,0.023668981,43.4,0,--.--,209,37.1,58,0000:00:00,31,0,0,0,40,0,0,0,0,0,0,1,191.97,0.481365741,45209,103.78,55.22,--.--
low,0,2277,37.95,15.05,12.05,3293,181.3525,2.26,50.62662442,0.023050926,-2.3,-5.6,116,0,0,0,0.4,0,0,0,-9.4,0,0,-0.027,0,0,26360.3,0.023680556,42.2,0,--.--,210,35.5,56,0000:00:00,31,0,0,0,40,0,0,0,0,0,0,1,181.35,0.481377315,45209,103.8,55.22,--.--
low,0,2278,37.97,15.01,14.05,3296,210.8905,2.32,50.6769165,0.0230625,-0.8,-7.2,108,0,0,0,0.4,0,0,0,-9.4,0,0,-0.029,0,0,26360.3,0.02369213,41.3,0,--.--,213,33.9,58,0000:00:00,31,0,0,0,40,0,0,0,0,0,0,1,210.89,0.481388889,45209,103.8,55.24,--.--
low,0,2279,37.98,15.05,12.16,3300,183.008,2.26,50.7265815,0.023074074,0.6,-3,97,0,0,0,0.5,0,0,0,-9.5,0,0,-0.048,0,0,26367.7,0.023703704,40.9,0,--.--,214,33.1,45,0000:00:00,31,0,0,0,40,0,0,0,0,0,0,1,182.98,0.481400463,45209,103.8,55.24,--.--
low,0,2280,38,14.99,12.45,3303,186.6255,2.27,50.77675661,0.023085648,-0.4,-4.1,94,0,0,0,0.6,0,0,0,-9.6,0,0,-0.041,0,0,26621.8,0.023715278,268.1,0,--.--,280,247.7,58,0000:00:00,31,0,0,0,40,0,0,0,0,0,0,1,186.59,0.481412037,45209,103.8,55.26,--.--
low,0,2281,38.02,15.04,12.1,3307,181.984,2.26,50.82658883,0.023097222,-0.3,-3.6,95,0,0,0,0.5,0,0,0,-9.6,0,0,-0.034,0,0,26874.6,0.023738426,39.5,0,--.--,220,29.9,57,0000:00:00,31,0,0,0,40,0,0,0,0,0,0,1,181.96,0.481423611,45209,103.82,55.26,--.--
low,0,2282,38.03,15.05,11.77,3310,177.1385,2.25,50.8752505,0.023108796,0.7,-3.5,95,0,0,0,0.5,0,0,0,-9.5,0,0,-0.022,0,0,26874.6,0.02375,39,0,--.--,221,29,57,0000:00:00,31,0,0,0,40,0,0,0,0,0,0,1,177.19,0.481435185,45209,103.82,55.26,--.--
low,0,2283,38.05,15.05,12.03,3314,181.0515,2.26,50.92427917,0.02312037,0.5,-3.3,95,0,0,0,0.5,0,0,0,-9.6,0,0,-0.024,0,0,26874.6,0.023761574,39,0,--.--,224,28,57,0000:00:00,31,0,0,0,40,0,0,0,0,0,0,1,181,0.481446759,45209,103.82,55.26,--.--
low,0,2284,38.07,15.05,11.88,3317,178.794,2.25,50.99593389,0.023131944,0.5,-3.6,95,0,0,0,0.5,0,0,0,-9.6,0,0,-0.029,0,0,26881.5,0.023773148,39.2,0,--.--,227,27.2,57,0000:00:00,31,0,0,0,40,0,0,0,0,0,0,1,178.79,0.481458333,45209,103.82,55.26,--.--
low,0,2285,38.08,15.04,12.01,3320,180.6304,2.26,51.10270864,0.023143519,0.7,-3.2,95,0,0,0,0.5,0,0,0,-9.6,0,0,-0.029,0,0,26881.5,0.023784722,39.2,0,--.--,228,26.8,58,0000:00:00,31,0,0,0,40,0,0,0,0,0,0,1,180.69,0.481469907,45209,103.84,55.26,--.--
low,0,2286,38.1,15.05,11.92,3323,179.396,2.25,51.28502739,0.023155093,0.6,-3.5,95,0,0,0,0.5,0,0,0,-9.5,0,0,-0.013,0,0,27372.7,0.023796296,39.3,0,--.--,230,26,56,0000:00:00,31,0,0,0,40,0,0,0,0,0,0,1,179.35,0.481481481,45209,103.84,55.24,--.--
low,0,2287,38.12,15.05,11.64,3327,175.182,2.24,51.51250889,0.023166667,1.5,-3.2,95,0,0,0,0.5,0,0,0,-9.5,0,0,0.002,0,0,27372.7,0.02380787,39.7,0,--.--,235,24.9,56,0000:00:00,31,0,0,0,40,0,0,0,0,0,0,1,175.21,0.481493056,45209,103.84,55.22,--.--
low,0,2288,38.13,15.06,11.72,3330,176.5032,2.25,51.64169222,0.023178241,1,-2.9,95,0,0,0,0.5,0,0,0,-9.5,0,0,-0.001,0,0,27372.7,0.023819444,40.1,0,--.--,238,24.3,56,0000:00:00,31,0,0,0,40,0,0,0,0,0,0,1,176.46,0.48150463,45209,103.84,55.22,--.--
low,0,2289,38.15,15.05,17.14,3333,257.957,2.41,51.72751681,0.023189815,-2.6,-4.8,97,0,0,0,0.7,0,0,0.3,-9.3,0,0,0.019,0,0,27379.6,0.023831019,41.3,0,--.--,243,21.4,78,0000:00:00,31,0,0,0,40,0,0,0,0,0,0,1,258.01,0.481516204,45209,103.84,55.22,--.--
low,0,2290,38.17,14.61,26.31,3339,384.3891,2.58,51.77880361,0.023202546,0.7,-2.1,100,0,0,0,0.8,0,0,0.6,-7.8,0,0,0.221,0,0,27379.6,0.023842593,41.8,0,--.--,246,21,84,0000:00:00,31,0,0,0,40,0,0,0,0,0,0,1,384.39,0.481527778,45209,103.84,55.24,--.--
low,0,2291,38.18,13.95,47.05,3350,656.3475,2.82,51.85084061,0.02321412,1.1,0.6,98,0,0,0,0.8,0,0,0.7,-5.8,0,0,0.359,0,0,27618.1,0.023854167,268.1,0,--.--,280,243.7,96,0000:00:00,31,0,0,0,40,0,0,0,0,0,0,1,656.35,0.481539352,45209,103.84,55.24,--.--
low,0,2292,38.2,13.59,60.26,3366,818.9334,2.91,51.88969736,0.023225694,1.3,1.4,98,0,0,0,0.8,0,0,0.6,-3.4,0,0,0.547,0,0,27855.7,0.023865741,40,0,--.--,244,20,73,0000:00:00,31,0,0,0,40,0,0,0,0,0,0,1,818.99,0.481550926,45209,103.84,55.24,--.--
low,0,2293,38.22,13.8,33.7,3379,465.06,2.67,51.94692903,0.023237269,2.9,1.3,98,0,0,0,1.1,0,0,0.7,-1.3,0,0,0.591,0,0,27855.7,0.023877315,39.6,0,--.--,244,19.5,99,0000:00:00,31,0,0,0,40,0,0,0,0,0,0,1,465.16,0.4815625,45209,103.87,55.22,--.--
low,0,2294,38.23,14.65,21.09,3391,308.9685,2.49,51.99883722,0.023248843,-0.5,-1,101,0,0,0,1.3,0,0,0,-0.3,0,0,0.808,0,0,27855.7,0.023888889,39,0,--.--,244,19.1,90,0000:00:00,31,0,0,0,40,0,0,0,0,0,0,1,309.05,0.481574074,45209,103.87,55.22,--.--
low,0,2295,38.25,14.95,12.35,3396,184.6325,2.27,52.004263,0.023260417,-0.9,-1.7,104,0,0,0,1.3,0,0,0,-0.3,0,0,0.15,0,0,27855.7,0.023900463,39.2,0,--.--,245,18.8,82,0000:00:00,31,0,0,0,40,0,0,0,0,0,0,1,184.63,0.481585648,45209,103.87,55.22,--.--
low,0,2296,38.27,14.76,17.57,3400,259.3332,2.41,52.015723,0.023271991,1.6,-4.3,103,0,0,0,1.3,0,0,0,-0.5,0,0,-0.328,0,0,28093.4,0.023912037,268.1,0,--.--,280,243.7,84,0000:00:00,31,0,0,0,40,0,0,0,0,0,0,1,259.4,0.481597222,45209,103.87,55.22,--.--
low,0,2297,38.28,15.09,9.27,3404,139.8843,2.15,52.02424875,0.023283565,0.3,-8.4,101,0,0,0,1.4,0,0,-0.1,-0.3,0,0,0.041,0,0,28093.4,0.023923611,268.1,0,--.--,280,243.7,47,0000:00:00,31,0,0,0,40,0,0,0,0,0,0,1,139.88,0.481608796,45209,103.87,55.22,--.--
low,0,2298,38.3,14.93,13.8,3406,206.034,2.31,52.11248958,0.023295139,0.2,-11.4,103,0,0,0,1,0,0,-0.3,-0.5,0,0,0.065,0,0,28093.4,0.023935185,268.1,0,--.--,280,243.7,28,0000:00:00,31,0,0,0,40,0,0,0,0,0,0,1,206.08,0.48162037,45209,103.87,55.22,--.--
low,0,2299,38.32,14.89,12.55,3409,186.8695,2.27,52.14403181,0.023306713,0.6,-7.5,106,0,0,0,1,0,0,-0.5,-1.9,0,0,-0.013,0,0,28093.4,0.023946759,268.1,0,--.--,280,243.7,33,0000:00:00,31,0,0,0,40,0,0,0,0,0,0,1,186.92,0.481631944,45209,103.91,55.22,--.--
low,0,2300,38.33,15.26,1.28,3415,19.5328,1.29,52.16285053,0.023318287,2.8,-3.8,106,0,0,0,1.1,0,0,-0.2,-3,0,0,0.056,0,0,28336,0.023958333,34,0,--.--,241,16.4,51,0000:00:00,31,0,0,0,40,0,0,0,0,0,0,1,19.54,0.481643519,45209,103.87,55.22,--.--
low,0,2301,38.35,15.28,2.7,3415,41.256,1.62,52.21635261,0.023329861,2.1,-4.6,104,0,0,0,0.8,0,0,0,-3.6,0,0,0.062,0,0,28336,0.023969907,33.3,0,--.--,240,16.1,62,0000:00:00,31,0,0,0,40,0,0,0,0,0,0,1,41.25,0.481655093,45209,103.91,55.22,--.--
low,0,2302,38.37,15.27,2.01,3416,30.6927,1.49,52.24279386,0.023341435,1.2,-4.8,101,0,0,0,0.6,0,0,0.2,-3.4,0,0,0.095,0,0,28578.7,0.023981481,268.1,0,--.--,280,243.7,77,0000:00:00,31,0,0,0,40,0,0,0,0,0,0,1,30.7,0.481666667,45209,103.91,55.22,--.--
low,0,2303,38.38,14.7,21.61,3421,317.667,2.5,52.27851247,0.023353009,2,-5.8,99,0,0,0,0.6,0,0,0.5,-2.2,0,0,0.307,0,0,28822.8,0.023993056,33.2,0,--.--,242,15.5,78,0000:00:00,31,0,0,0,40,0,0,0,0,0,0,1,317.67,0.481678241,45209,103.91,55.24,--.--
low,0,2304,38.4,15.1,7.52,3427,113.552,2.06,52.302049,0.023364583,3.5,-3.8,85,0,0,0,0.6,0,0,0.1,-1.1,0,0,0.393,0,0,28822.8,0.02400463,31.7,0,--.--,239,15.8,41,0000:00:00,31,0,0,0,40,0,0,0,0,0,0,1,113.56,0.481689815,45209,103.91,55.22,--.--
low,0,2305,38.42,15.19,4.46,3428,67.7474,1.83,52.3157765,0.023376157,3.6,-3.7,57,0,0,0,0.4,0,0,0,-0.8,0,0,0.412,0,0,28822.8,0.024016204,31.4,0,--.--,238,15.7,39,0000:00:00,31,-1,0,0,40,0,0,0,0,0,0,1,67.76,0.481701389,45209,103.93,55.22,--.--
low,0,2306,38.43,15.25,12.63,3430,192.6075,2.28,52.32651494,0.023387731,3.1,-2.4,50,0,0,0,0.4,0,0,-0.2,-1,0,0,0.377,0,0,28822.8,0.024027778,31.5,0,--.--,239,15.5,29,0000:00:00,31,-1,0,0,40,0,0,0,0,0,0,1,192.58,0.481712963,45209,103.93,55.22,--.--
low,0,2307,38.45,14.85,6.41,3434,95.1885,1.98,52.39763656,0.023399306,2.9,-0.1,27,0,0,0,0.5,0,0,-0.2,-1.9,0,0,0.234,0,0,28822.8,0.024039352,31.1,0,--.--,239,15.2,54,0000:00:00,31,-1,0,0,40,0,0,0,0,0,0,1,95.2,0.481724537,45209,103.93,55.22,--.--
low,0,2308,38.47,14.9,8.63,3436,128.587,2.11,52.40286747,0.02341088,4.5,-3.4,24,0,0,0,0.5,0,0,0.3,-1.9,0,0,0.185,0,0,29313,0.024050926,30.2,0,--.--,239,14.6,75,0000:00:00,31,-1,0,0,40,0,0,0,0,0,0,1,128.59,0.481736111,45209,103.95,55.22,--.--
low,0,2309,38.48,15.05,5.63,3440,84.7315,1.93,52.43168472,0.023422454,6.3,-2.9,23,0,0,0,0.7,0,0,0.3,-0.7,0,0,0.277,0,0,29313,0.0240625,29.4,0,--.--,239,14.4,49,0000:00:00,31,-1,0,0,40,0,0,0,0,0,0,1,84.72,0.481747685,45209,103.95,55.2,--.--
low,0,2310,38.5,15.3,3.23,3441,49.419,1.69,52.52600972,0.023434028,2.8,-0.6,3,0,0,0,0.8,0,0,0,-0.3,0,0,0.225,0,0,29313,0.024074074,28.4,0,--.--,236,15.3,38,0000:00:00,31,-1,0,0,40,0,0,0,0,0,0,1,49.41,0.481759259,45209,103.95,55.22,--.--
low,0,2311,38.52,15.28,2.53,3442,38.6584,1.59,52.55382306,0.023445602,4.3,-1.4,345,0,0,0,0.8,0,0,0.1,-0.5,0,0,0.17,0,0,29313,0.024085648,27.7,0,--.--,234,15.6,42,0000:00:00,31,-1,0,0,40,0,0,0,0,0,0,1,38.66,0.481770833,45209,103.95,55.2,--.--
low,0,2312,38.53,14.86,17.23,3444,256.0378,2.41,52.61972764,0.023457176,2.5,-3.7,6,0,0,0,0.8,0,0,0,-0.5,0,0,0.185,0,0,29313,0.024097222,27.8,0,--.--,233,16.1,56,0000:00:00,31,-1,0,0,40,0,0,0,0,0,0,1,256,0.481782407,45209,103.96,55.2,--.--
low,0,2313,38.55,15.31,1.23,3445,18.8313,1.27,52.70474264,0.02346875,6.1,-0.6,34,0,0,0,0.9,0,0,-0.1,-0.5,0,0,0.148,0,0,29559,0.024108796,268.1,0,--.--,280,243.7,52,0000:00:00,31,-1,0,0,40,0,0,0,0,0,0,1,18.83,0.481793981,45209,103.96,55.2,--.--
low,0,2314,38.57,14.97,6.93,3447,103.7421,2.02,52.75629514,0.023480324,4.1,-1.3,49,0,0,0,0.6,0,0,0.1,-0.5,0,0,0.143,0,0,29809.6,0.02412037,27.4,0,--.--,232,16.2,36,0000:00:00,31,-1,0,0,40,0,0,0,0,0,0,1,103.76,0.481805556,45209,103.96,55.2,--.--
low,0,2315,38.58,14.7,23.1,3452,339.57,2.53,52.82150164,0.023491898,3.3,-5.1,73,0,0,0,0.5,0,0,-0.3,-0.9,0,0,0.115,0,0,29809.6,0.024131944,26.3,0,--.--,232,16,42,0000:00:00,31,-1,0,0,40,0,0,0,0,0,0,1,339.5,0.48181713,45209,103.98,55.2,--.--
low,0,2316,38.6,14.9,6.72,3457,100.128,2,52.87595964,0.023503472,3.1,-0.8,90,0,0,0,0.6,0,0,0,-1.3,0,0,0.105,0,0,29809.6,0.024143519,26.5,0,--.--,234,15.4,62,0000:00:00,31,-1,0,0,40,0,0,0,0,0,0,1,100.15,0.481828704,45209,103.96,55.22,--.--
low,0,2317,38.62,14.95,15.87,3460,237.2565,2.38,52.87979042,0.023515046,4.1,0.7,93,0,0,0,0.4,0,0,0,-1.6,0,0,-0.016,0,0,29809.6,0.024155093,26.5,0,--.--,236,14.2,65,0000:00:00,31,0,0,0,40,0,0,0,0,0,0,1,237.27,0.481840278,45209,103.98,55.22,--.--
low,0,2318,38.63,14.7,20.82,3465,306.054,2.49,53.00196008,0.02352662,1.9,-7.2,107,0,0,0,0.6,0,0,0.2,-1.2,0,0,-0.03,0,0,29809.6,0.024166667,26.1,0,--.--,236,14,56,0000:00:00,31,0,0,0,40,0,0,0,0,0,0,1,306.07,0.481851852,45209,103.98,55.22,--.--
low,0,2319,38.65,15.3,12.13,3467,185.589,2.27,53.01941842,0.023538194,2.9,-5.1,103,0,0,0,0.3,0,0,0.1,-0.6,0,0,0.04,0,0,30308.6,0.024178241,26.7,0,--.--,239,12.9,59,0000:00:00,31,0,0,0,40,0,0,0,0,0,0,1,185.61,0.481863426,45209,103.98,55.22,--.--
low,0,2320,38.67,14.99,15.66,3471,234.7434,2.37,53.09598442,0.023549769,8.2,-8.9,73,0,0,0,0.2,0,0,-0.1,-0.6,0,0,0.037,0,0,30308.6,0.024189815,25.2,0,--.--,237,13.6,59,0000:00:00,31,-1,0,0,40,0,0,0,0,0,0,1,234.7,0.481875,45209,103.98,55.2,--.--
low,0,2321,38.68,14.92,13.14,3474,196.0488,2.29,53.12843067,0.023561343,5.6,-5.2,63,0,0,0,0.3,0,0,-0.1,-0.7,0,0,0.007,0,0,30308.6,0.024201389,26.2,0,--.--,239,12.8,46,0000:00:00,31,-1,0,0,40,0,0,0,0,0,0,1,196.05,0.481886574,45209,103.98,55.22,--.--
low,0,2322,38.7,14.99,0.92,3478,13.7908,1.14,53.13132256,0.023572917,7.7,-7.8,61,0,0,0,0.4,0,0,0.1,-0.9,0,0,-0.04,0,0,30308.6,0.024212963,27.1,0,--.--,243,11.7,78,0000:00:00,31,-1,0,0,40,0,0,0,0,0,0,1,13.79,0.481898148,45209,103.98,55.22,--.--
low,0,2323,38.72,14.52,30.29,3482,439.8108,2.64,53.13408686,0.023584491,0,-0.7,59,0,0,0,0.6,0,0,0.1,-0.3,0,0,0.058,0,0,30308.6,0.024224537,27.9,0,--.--,244,11.3,64,0000:00:00,31,-1,0,0,40,0,0,0,0,0,0,1,439.93,0.481909722,45209,104,55.18,--.--
low,0,2324,38.73,15,4.19,3486,62.85,1.8,53.13672703,0.023596065,-57.9,-8.8,48,0,0,0,0.8,0,0,0.3,-0.2,0,0,0.099,0,0,30557,0.024236111,268.1,0,--.--,280,243.7,35,0000:00:00,31,-1,0,0,40,0,0,0,0,0,0,1,62.84,0.481921296,45209,104,55.18,--.--
low,0,2325,38.75,15.12,18.23,3488,275.6376,2.44,53.13958197,0.023607639,-71.8,-3.2,77,0,0,0,0.9,0,0,0,-0.1,0,0,0.125,0,0,30557,0.024247685,268.1,0,--.--,280,243.7,47,0000:00:00,31,-1,0,0,40,0,0,0,0,0,0,1,275.64,0.48193287,45209,104,55.18,--.--
low,0,2326,38.77,15.15,7.71,3492,116.8065,2.07,53.14230908,0.023619213,-86.6,0,102,0,0,0,1,0,0,0.1,-0.1,0,0,-0.022,0,0,30557,0.024259259,268.1,0,--.--,280,243.7,49,0000:00:00,31,0,0,0,40,0,0,0,0,0,0,1,116.82,0.481944444,45209,104.05,55.2,--.--
low,0,2327,38.78,15.31,0.68,3492,10.4108,1.02,53.14525117,0.023630787,-72.2,-10.6,129,0,0,0,0.8,0,0,0,1.4,0,0,0.414,0,0,30557,0.024270833,268.1,0,--.--,280,243.7,49,0000:00:00,31,0,0,0,40,0,0,0,0,0,0,1,10.41,0.481956019,45209,104.07,55.18,--.--
low,0,2328,38.8,15.31,0.65,3493,9.9515,1,53.1481525,0.023642361,-78.5,-9.5,139,0,0,0,1.1,0,0,-0.5,-1.2,0,0,-0.376,0,0,30557,0.024282407,268.1,0,--.--,280,243.7,49,0000:00:00,31,0,0,0,40,0,0,0,0,0,0,1,9.95,0.481967593,45209,104.13,55.2,--.--
low,0,2329,38.82,15.33,0.62,3493,9.5046,0.98,53.15088317,0.023653935,-74.2,-8,125,0,0,0,1.3,0,0,-0.4,-1.5,0,0,-0.464,0,0,30557,0.024293981,268.1,0,--.--,280,243.7,49,0000:00:00,31,0,0,0,40,0,0,0,0,0,0,1,9.5,0.481979167,45209,104.14,55.2,--.--
low,0,2330,38.83,15.34,0.67,3493,10.2778,1.01,53.15361383,0.023665509,-73.5,-9,137,0,0,0,1.6,0,0,0,-0.7,0,0,-0.212,0,0,30557,0.024305556,268.1,0,--.--,280,243.7,49,0000:00:00,31,0,0,0,40,0,0,0,0,0,0,1,10.28,0.481990741,45209,104.16,55.22,--.--
low,0,2331,38.85,15.34,0.64,3493,9.8176,0.99,53.15664514,0.023677083,-73.1,-12.7,160,0,0,0,2,0,0,0.2,-0.1,0,0,-0.019,0,0,30557,0.02431713,268.1,0,--.--,280,243.7,49,0000:00:00,31,0,0,0,40,0,0,0,0,0,0,1,9.82,0.482002315,45209,104.2,55.2,--.--
low,0,2332,38.87,15.35,0.69,3493,10.5915,1.02,53.15954836,0.023688657,-76,-3.9,223,0,0,0,2.5,0,0,-0.4,-0.1,0,0,-0.016,0,0,30557,0.024328704,268.1,0,--.--,280,243.7,49,0000:00:00,31,0,0,0,40,0,0,0,0,0,0,1,10.59,0.482013889,45209,104.23,55.2,--.--
low,0,2333,38.88,15.36,0.68,3494,10.4448,1.02,53.16249428,0.023700231,-81,0,215,0,0,0,1.9,0,0,-0.3,-1.7,0,0,-0.517,0,0,30557,0.024340278,268.1,0,--.--,280,243.7,49,0000:00:00,31,0,0,0,40,0,0,0,0,0,0,1,10.44,0.482025463,45209,104.25,55.2,--.--
low,0,2334,38.9,15.36,0.64,3494,9.8304,0.99,53.16539939,0.023711806,-81.4,-0.7,212,0,0,0,2.1,0,0,0.5,-0.2,0,0,-0.069,0,0,30557,0.024351852,268.1,0,--.--,280,243.7,49,0000:00:00,31,0,0,0,40,0,0,0,0,0,0,1,9.83,0.482037037,45209,104.29,55.22,--.--
low,0,2335,38.92,15.36,0.64,3494,9.8304,0.99,53.16834722,0.02372338,-80.5,-0.8,183,0,0,0,1.6,0,0,-0.1,0.3,0,0,0.084,0,0,30557,0.024363426,268.1,0,--.--,280,243.7,49,0000:00:00,31,0,0,0,40,0,0,0,0,0,0,1,9.83,0.482048611,45209,104.32,55.22,--.--
low,0,2336,38.93,15.37,0.71,3494,10.9127,1.04,53.17120961,0.023734954,-69.7,1.5,176,0,0,0,2.5,0,0,0.1,-0.1,0,0,-0.043,0,0,30557,0.024375,268.1,0,--.--,280,243.7,49,0000:00:00,31,0,0,0,40,0,0,0,0,0,0,1,10.91,0.482060185,45209,104.36,55.22,--.--
low,0,2337,38.95,15.37,0.68,3494,10.4516,1.02,53.17428561,0.023746528,-22.9,-1.5,191,0,0,0,2.4,0,0,0,-0.3,0,0,-0.095,0,0,30557,0.024386574,268.1,0,--.--,280,243.7,49,0000:00:00,31,0,0,0,40,0,0,0,0,0,0,1,10.45,0.482071759,45209,104.4,55.24,--.--
low,0,2338,38.97,15.37,0.69,3494,10.6053,1.03,53.17697886,0.023758102,-6.4,1.5,213,0,0,0,2,0,0,-0.1,0,0,0,0.004,0,0,30557,0.024398148,268.1,0,--.--,280,243.7,49,0000:00:00,31,0,0,0,40,0,0,0,0,0,0,1,10.61,0.482083333,45209,104.41,55.24,--.--
low,0,2339,38.98,15.38,0.68,3495,10.4584,1.02,53.17950111,0.023769676,0.4,0.6,219,0,0,0,1.7,0,0,0.1,-0.2,0,0,-0.06,0,0,30557,0.024409722,268.1,0,--.--,280,243.7,49,0000:00:00,31,0,0,0,40,0,0,0,0,0,0,1,10.46,0.482094907,45209,104.41,55.26,--.--
low,0,2340,39,15.38,0.69,3495,10.6122,1.03,53.18253636,0.02378125,0.9,0.5,220,0,0,0,1.4,0,0,0,-0.1,0,0,-0.033,0,0,30557,0.024421296,268.1,0,--.--,280,243.7,49,0000:00:00,31,0,0,0,40,0,0,0,0,0,0,1,10.61,0.482106481,45209,104.43,55.24,--.--
low,0,2341,39.02,15.38,0.67,3495,10.3046,1.01,53.18518686,0.023792824,0.6,0.8,220,0,0,0,1.1,0,0,0.1,-0.1,0,0,-0.023,0,0,30557,0.02443287,268.1,0,--.--,280,243.7,49,0000:00:00,31,0,0,0,40,0,0,0,0,0,0,1,10.3,0.482118056,45209,104.43,55.24,--.--
low,0,2342,39.03,15.38,0.72,3495,11.0736,1.04,53.18792286,0.023804398,0.1,-0.2,220,0,0,0,1,0,0,0,-0.1,0,0,-0.044,0,0,30557,0.024444444,268.1,0,--.--,280,243.7,49,0000:00:00,31,0,0,0,40,0,0,0,0,0,0,1,11.08,0.48212963,45209,104.45,55.26,--.--
low,0,2343,39.05,15.39,0.63,3495,9.6957,0.99,53.19074436,0.023815972,-0.4,0.7,220,0,0,0,1.1,0,0,0,-0.2,0,0,-0.073,0,0,30557,0.024456019,268.1,0,--.--,280,243.7,49,0000:00:00,31,0,0,0,40,0,0,0,0,0,0,1,9.69,0.482141204,45209,104.45,55.26,--.--
low,0,2344,39.07,15.39,0.59,3496,9.0801,0.96,53.19365325,0.023827546,-1.1,0.5,221,0,0,0,1.2,0,0,0,-0.3,0,0,-0.103,0,0,30557,0.024467593,268.1,0,--.--,280,243.7,49,0000:00:00,31,0,0,0,40,0,0,0,0,0,0,1,9.08,0.482152778,45209,104.45,55.26,--.--
low,0,2345,39.08,15.39,0.71,3496,10.9269,1.04,53.19634825,0.02383912,-0.3,1.5,221,0,0,0,1.5,0,0,0,-0.2,0,0,-0.058,0,0,30557,0.024479167,268.1,0,--.--,280,243.7,49,0000:00:00,31,0,0,0,40,0,0,0,0,0,0,1,10.93,0.482164352,45209,104.45,55.26,--.--
low,0,2346,39.1,15.39,0.62,3496,9.5418,0.98,53.19929992,0.023850694,-1.2,1.1,221,0,0,0,1.7,0,0,0,-0.2,0,0,-0.046,0,0,30557,0.024490741,268.1,0,--.--,280,243.7,49,0000:00:00,31,0,0,0,40,0,0,0,0,0,0,1,9.54,0.482175926,45209,104.45,55.26,--.--
low,0,2347,39.12,15.39,0.64,3496,9.8496,0.99,53.19929992,0.023862269,-1.3,1,221,0,0,0,2,0,0,0,-0.2,0,0,-0.067,0,0,30557,0.024502315,268.1,0,--.--,280,243.7,49,0000:00:00,31,0,0,0,40,0,0,0,0,0,0,1,9.85,0.4821875,45209,104.45,55.26,--.--
low,0,2348,39.13,15.39,0.66,3496,10.1574,1.01,53.19929992,0.023873843,-1.6,0.9,221,0,0,0,2.3,0,0,-0.1,-0.2,0,0,-0.071,0,0,30557,0.024513889,268.1,0,--.--,280,243.7,49,0000:00:00,31,0,0,0,40,0,0,0,0,0,0,1,10.16,0.482199074,45209,104.45,55.26,--.--
low,0,2349,39.15,15.4,0.68,3497,10.472,1.02,53.19929992,0.023885417,-1.2,1.6,222,0,0,0,2.5,0,0,0,-0.3,0,0,-0.08,0,0,30557,0.024525463,268.1,0,--.--,280,243.7,49,0000:00:00,31,0,0,0,40,0,0,0,0,0,0,1,10.47,0.482210648,45209,104.49,55.29,--.--
low,0,2350,39.17,15.4,0.63,3497,9.702,0.99,53.19929992,0.023896991,-2.3,0.2,222,0,0,0,2.7,0,0,-0.1,-0.3,0,0,-0.084,0,0,30557,0.024537037,268.1,0,--.--,280,243.7,49,0000:00:00,31,0,0,0,40,0,0,0,0,0,0,1,9.7,0.482222222,45209,104.49,55.29,--.--
low,0,2351,39.18,15.4,0.69,3497,10.626,1.03,53.19929992,0.02397338,-2.3,-0.2,222,0,0,0,2.7,0,0,0,-0.3,0,0,-0.084,0,0,30557,0.024618056,268.1,0,--.--,280,243.7,49,0000:00:00,31,0,0,0,40,0,0,0,0,0,0,1,10.62,0.482303241,45209,104.49,55.29,--.--
