water_current,transect,SU,min,voltage,current,mAh,W,log_W,Wh,Timestamp,roll,pitch,heading,rollRate,pitchRate,yawRate,groundSpeed,airSpeed,airSpeedSetpoint,climbRate,altitudeRelative,altitudeAMSL,altitudeTuning,altitudeTuningSetpoint,xTrackError,rangeFinderDist,flightDistance,flightTime,distanceToHome,missionItemIndex,headingToNextWP,headingToHome,distanceToGCS,throttlePct,hobbs,apmSubInfo.cameraTilt,apmSubInfo.tetherTurns,apmSubInfo.lights1,apmSubInfo.lights2,apmSubInfo.pilotGain,apmSubInfo.inputHold,apmSubInfo.rollPitchToggle,apmSubInfo.rangefinderDistance,battery0.id,battery0.batteryFunction,battery0.batteryType,battery0.chargeState,battery0.instantPower,clock.currentTime,clock.currentDate,temperature.temperature1,temperature.temperature2,temperature.temperature3
high,0,1,0.02,16.53,0.63,8,10.4139,1.02,0.00289275,26:18.7,-3.8,-0.7,25,0,0,0,0.1,0,0,-0.2,0,0,0,-0.13,0,0,0,0:00:00,0,0,--.--,0,0,0,0000:00:00,50,0,0,0,30,0,0,0,0,0,0,1,10.41,11:26:18,9/22/2023,83.82,58.98,--.--
high,0,2,0.03,16.53,0.62,8,10.2486,1.01,0.005739583,26:19.7,-3,-0.2,25,0,0,0,0.2,0,0,0.2,0,0,0,0.059,0,0,0,0:00:00,0,0,--.--,0,0,0,0000:00:00,50,0,0,0,30,0,0,0,0,0,0,1,10.25,11:26:19,9/22/2023,83.89,58.98,--.--
high,0,3,0.05,16.53,0.6,8,9.918,1,0.008494583,26:20.7,-2.8,-0.4,25,0,0,0,0.2,0,0,0.1,0,0,0,0.099,0,0,0,0:00:00,0,0,--.--,0,0,0,0000:00:00,50,0,0,0,30,0,0,0,0,0,0,1,9.92,11:26:20,9/22/2023,83.91,59,--.--
high,0,4,0.07,16.53,0.62,9,10.2486,1.01,0.011341417,26:21.7,-2.4,-0.2,24,0,0,0,0.1,0,0,0,0,0,0,0.049,0,0,0,0:00:00,0,0,--.--,0,0,0,0000:00:00,50,0,0,0,30,0,0,0,0,0,0,1,10.25,11:26:21,9/22/2023,83.97,59,--.--
high,0,5,0.08,16.53,0.63,9,10.4139,1.02,0.014234167,26:22.7,-2.3,0.6,25,0,0,0,0,0,0,0.1,0,0,0,0.036,0,0,0,0:00:00,0,0,--.--,0,0,0,0000:00:00,50,0,0,0,30,0,0,0,0,0,0,1,10.41,11:26:22,9/22/2023,84.02,59,--.--
high,0,6,0.1,16.52,0.61,9,10.0772,1,0.017033389,26:23.7,-1.3,0.2,24,0,0,0,0.2,0,0,-0.1,0,0,0,0.02,0,0,0,0:00:00,0,0,--.--,0,0,0,0000:00:00,50,0,0,0,30,0,0,0,0,0,0,1,10.08,11:26:23,9/22/2023,84.06,59,--.--
high,0,7,0.12,16.53,0.63,9,10.4139,1.02,0.019926139,26:24.7,-3,0.3,24,0,0,0,0.2,0,0,-0.2,0,0,0,-0.133,0,0,0,0:00:00,0,0,--.--,0,0,0,0000:00:00,50,0,0,0,30,0,0,0,0,0,0,1,10.41,11:26:24,9/22/2023,84.09,59.04,--.--
high,0,8,0.13,16.52,0.64,9,10.5728,1.02,0.022863028,26:25.7,-3,-0.4,24,0,0,0,0.1,0,0,-0.1,0,0,0,-0.095,0,0,0,0:00:00,0,0,--.--,0,0,0,0000:00:00,50,0,0,0,30,0,0,0,0,0,0,1,10.58,11:26:25,9/22/2023,84.16,59,--.--
high,0,9,0.15,16.52,0.61,9,10.0772,1,0.02566225,26:26.7,-2.3,0.1,24,0,0,0,0.1,0,0,0,0,0,0,-0.022,0,0,0,0:00:00,0,0,--.--,0,0,0,0000:00:00,50,0,0,0,30,0,0,0,0,0,0,1,10.08,11:26:26,9/22/2023,84.2,59.04,--.--
high,0,10,0.17,16.53,0.64,10,10.5792,1.02,0.028600917,26:27.7,-2.7,0.6,24,0,0,0,0.1,0,0,0.1,0,0,0,0.058,0,0,0,0:00:00,0,0,--.--,0,0,0,0000:00:00,50,0,0,0,30,0,0,0,0,0,0,1,10.58,11:26:27,9/22/2023,84.24,59.04,--.--
high,0,11,0.18,16.53,0.63,10,10.4139,1.02,0.031493667,26:28.7,-2.5,-0.4,24,0,0,0,0.1,0,0,0.1,0,0,0,0.093,0,0,0,0:00:00,0,0,--.--,0,0,0,0000:00:00,50,0,0,0,30,0,0,0,0,0,0,1,10.41,11:26:28,9/22/2023,84.27,59.04,--.--
high,0,12,0.2,16.53,0.58,10,9.5874,0.98,0.034156833,26:29.7,-2.5,0.6,23,0,0,0,0.1,0,0,0,0,0,0,0.017,0,0,0,0:00:00,0,0,--.--,0,0,0,0000:00:00,50,0,0,0,30,0,0,0,0,0,0,1,9.59,11:26:29,9/22/2023,84.33,59.04,--.--
high,0,13,0.22,16.52,0.63,10,10.4076,1.02,0.037047833,26:30.7,-1.8,0.3,23,0,0,0,0.1,0,0,0,0,0,0,0.025,0,0,0,0:00:00,0,0,--.--,0,0,0,0000:00:00,50,0,0,0,30,0,0,0,0,0,0,1,10.41,11:26:30,9/22/2023,84.36,59.04,--.--
high,0,14,0.23,16.52,0.68,10,11.2336,1.05,0.040168278,26:31.7,-2.8,-0.3,23,0,0,0,0,0,0,-0.1,0,0,0,-0.101,0,0,0,0:00:00,0,0,--.--,0,0,0,0000:00:00,50,0,0,0,30,0,0,0,0,0,0,1,11.23,11:26:31,9/22/2023,84.42,59.05,--.--
high,0,15,0.25,16.52,0.65,10,10.738,1.03,0.043151056,26:32.7,-2.4,0.3,23,0,0,0,0,0,0,-0.1,0,0,0,-0.101,0,0,0,0:00:00,0,0,--.--,0,0,0,0000:00:00,50,0,0,0,30,0,0,0,0,0,0,1,10.74,11:26:32,9/22/2023,84.42,59.05,--.--
high,0,16,0.27,16.52,0.71,11,11.7292,1.07,0.046409167,26:33.7,-2.9,-0.2,23,0,0,0,0,0,0,0.1,0,0,0,0.009,0,0,0,0:00:00,0,0,--.--,0,0,0,0000:00:00,50,0,0,0,30,0,0,0,0,0,0,1,11.73,11:26:33,9/22/2023,84.49,59.07,--.--
high,0,17,0.28,16.52,0.65,11,10.738,1.03,0.049391944,26:34.7,-1.5,0.6,22,0,0,0,0,0,0,0.1,0,0,0,0.096,0,0,0,0:00:00,0,0,--.--,0,0,0,0000:00:00,50,0,0,0,30,0,0,0,0,0,0,1,10.74,11:26:34,9/22/2023,84.54,59.07,--.--
high,0,18,0.3,16.52,0.64,11,10.5728,1.02,0.052328833,26:35.7,-3.3,-0.5,23,0,0,0,0,0,0,-0.1,0,0,0,-0.041,0,0,0,0:00:00,0,0,--.--,0,0,0,0000:00:00,50,0,0,0,30,0,0,0,0,0,0,1,10.57,11:26:35,9/22/2023,84.58,59.07,--.--
high,0,19,0.32,16.52,0.63,11,10.4076,1.02,0.055219833,26:36.7,-1.8,1.1,22,0,0,0,0,0,0,0,0,0,0,-0.023,0,0,0,0:00:00,0,0,--.--,0,0,0,0000:00:00,50,0,0,0,30,0,0,0,0,0,0,1,10.41,11:26:36,9/22/2023,84.63,59.07,--.--
high,0,20,0.33,16.52,0.61,11,10.0772,1,0.058019056,26:37.7,-3.5,-1.2,22,0,0,0,0.1,0,0,0,0,0,0,-0.03,0,0,0,0:00:00,0,0,--.--,0,0,0,0000:00:00,50,0,0,0,30,0,0,0,0,0,0,1,10.08,11:26:37,9/22/2023,84.69,59.07,--.--
high,0,21,0.35,16.52,0.62,12,10.2424,1.01,0.060864167,26:38.7,-1.2,1.1,22,0,0,0,0.1,0,0,0.1,0,0,0,0.03,0,0,0,0:00:00,0,0,--.--,0,0,0,0000:00:00,50,0,0,0,30,0,0,0,0,0,0,1,10.24,11:26:38,9/22/2023,84.74,59.07,--.--
high,0,22,0.37,16.52,0.65,12,10.738,1.03,0.063846944,26:39.7,-3,-0.9,22,0,0,0,0.1,0,0,0,0,0,0,0.008,0,0,0,0:00:00,0,0,--.--,0,0,0,0000:00:00,50,0,0,0,30,0,0,0,0,0,0,1,10.74,11:26:39,9/22/2023,84.79,59.11,--.--
high,0,23,0.38,16.52,0.63,12,10.4076,1.02,0.066737944,26:40.7,-1.8,0.9,22,0,0,0,0.1,0,0,0,0,0,0,0.004,0,0,0,0:00:00,0,0,--.--,0,0,0,0000:00:00,50,0,0,0,30,0,0,0,0,0,0,1,10.41,11:26:40,9/22/2023,84.85,59.11,--.--
high,0,24,0.4,16.52,0.6,12,9.912,1,0.069491278,26:41.7,-3.3,-0.3,22,0,0,0,0,0,0,-0.1,0,0,0,-0.04,0,0,0,0:00:00,0,0,--.--,0,0,0,0000:00:00,50,0,0,0,30,0,0,0,0,0,0,1,9.91,11:26:41,9/22/2023,84.9,59.11,--.--
high,0,25,0.42,16.52,0.61,12,10.0772,1,0.0722905,26:42.7,-2.3,0.9,22,0,0,0,0.1,0,0,0,0,0,0,-0.026,0,0,0,0:00:00,0,0,--.--,0,0,0,0000:00:00,50,0,0,0,30,0,0,0,0,0,0,1,10.08,11:26:42,9/22/2023,84.94,59.11,--.--
high,0,26,0.43,16.52,0.62,12,10.2424,1.01,0.075135611,26:43.7,-2.6,-0.6,22,0,0,0,0.1,0,0,0.1,0,0,0,0.016,0,0,0,0:00:00,0,0,--.--,0,0,0,0000:00:00,50,0,0,0,30,0,0,0,0,0,0,1,10.24,11:26:43,9/22/2023,84.99,59.13,--.--
high,0,27,0.45,16.52,0.61,13,10.0772,1,0.077934833,26:44.7,-1.5,1.3,21,0,0,0,0,0,0,0.1,0,0,0,0.067,0,0,0,0:00:00,0,0,--.--,0,0,0,0000:00:00,50,0,0,0,30,0,0,0,0,0,0,1,10.08,11:26:44,9/22/2023,85.03,59.13,--.--
high,0,28,0.47,16.52,0.62,13,10.2424,1.01,0.080779944,26:45.7,-2.4,0.1,22,0,0,0,0.1,0,0,0.1,0,0,0,0.037,0,0,0,0:00:00,0,0,--.--,0,0,0,0000:00:00,50,0,0,0,30,0,0,0,0,0,0,1,10.24,11:26:45,9/22/2023,85.06,59.13,--.--
high,0,29,0.48,16.52,0.64,13,10.5728,1.02,0.083716833,26:46.7,-1.7,0.3,22,0,0,0,0.1,0,0,-0.1,0,0,0,-0.046,0,0,0,0:00:00,0,0,--.--,0,0,0,0000:00:00,50,0,0,0,30,0,0,0,0,0,0,1,10.57,11:26:46,9/22/2023,85.12,59.14,--.--
high,0,30,0.5,16.52,0.65,13,10.738,1.03,0.086699611,26:47.7,-2.1,0.1,21,0,0,0,0.1,0,0,0,0,0,0,-0.062,0,0,0,0:00:00,0,0,--.--,0,0,0,0000:00:00,50,0,0,0,30,0,0,0,0,0,0,1,10.74,11:26:47,9/22/2023,85.17,59.14,--.--
high,0,31,0.52,16.52,0.65,13,10.738,1.03,0.089682389,26:48.7,-2.6,-0.1,22,0,0,0,0.1,0,0,-0.1,0,0,0,-0.026,0,0,0,0:00:00,0,0,--.--,0,0,0,0000:00:00,50,0,0,0,30,0,0,0,0,0,0,1,10.74,11:26:48,9/22/2023,85.21,59.14,--.--
high,0,32,0.53,16.52,0.62,14,10.2424,1.01,0.0925275,26:49.7,-2.5,0.7,22,0,0,0,0.1,0,0,0,0,0,0,-0.01,0,0,0,0:00:00,0,0,--.--,0,0,0,0000:00:00,50,0,0,0,30,0,0,0,0,0,0,1,10.24,11:26:49,9/22/2023,85.24,59.14,--.--
high,0,33,0.55,16.52,0.65,14,10.738,1.03,0.095510278,26:50.7,-2.7,-0.1,22,0,0,0,0.2,0,0,0,0,0,0,-0.013,0,0,0,0:00:00,0,0,--.--,0,0,0,0000:00:00,50,0,0,0,30,0,0,0,0,0,0,1,10.74,11:26:50,9/22/2023,85.3,59.14,--.--
high,0,34,0.57,16.52,0.62,14,10.2424,1.01,0.098355389,26:51.7,-1.7,1.6,23,0,0,0,0.1,0,0,0.1,0,0,0,0.035,0,0,0,0:00:00,0,0,--.--,0,0,0,0000:00:00,50,0,0,0,30,0,0,0,0,0,0,1,10.24,11:26:51,9/22/2023,85.35,59.14,--.--
high,0,35,0.58,16.52,0.62,14,10.2424,1.01,0.1012005,26:52.7,-1.4,0.4,23,0,0,0,0.1,0,0,0.1,0,0,0,0.12,0,0,0,0:00:00,0,0,--.--,0,0,0,0000:00:00,50,0,0,0,30,0,0,0,0,0,0,1,10.24,11:26:52,9/22/2023,85.39,59.14,--.--
high,0,36,0.6,16.52,0.6,14,9.912,1,0.103953833,26:53.7,-2.3,0.6,23,0,0,0,0.1,0,0,-0.2,0,0,0,-0.053,0,0,0,0:00:00,0,0,--.--,0,0,0,0000:00:00,50,0,0,0,30,0,0,0,0,0,0,1,9.91,11:26:53,9/22/2023,85.44,59.14,--.--
high,0,37,0.62,16.52,0.62,14,10.2424,1.01,0.106798944,26:54.7,-2.2,0.5,23,0,0,0,0,0,0,-0.1,0,0,0,-0.113,0,0,0,0:00:00,0,0,--.--,0,0,0,0000:00:00,50,0,0,0,30,0,0,0,0,0,0,1,10.24,11:26:54,9/22/2023,85.5,59.18,--.--
high,0,38,0.63,16.52,0.62,15,10.2424,1.01,0.109644056,26:55.7,-1.7,0.7,23,0,0,0,0,0,0,-0.1,0,0,0,-0.054,0,0,0,0:00:00,0,0,--.--,0,0,0,0000:00:00,50,0,0,0,30,0,0,0,0,0,0,1,10.24,11:26:55,9/22/2023,85.53,59.18,--.--
high,0,39,0.65,16.52,0.63,15,10.4076,1.02,0.112535056,26:56.7,-3.8,-0.1,24,0,0,0,0.2,0,0,0.1,0,0,0,-0.009,0,0,0,0:00:00,0,0,--.--,0,0,0,0000:00:00,50,0,0,0,30,0,0,0,0,0,0,1,10.41,11:26:56,9/22/2023,85.59,59.18,--.--
high,0,40,0.67,16.52,0.59,15,9.7468,0.99,0.1152425,26:57.7,-1.3,1.2,24,0,0,0,0.2,0,0,0.1,0,0,0,0.097,0,0,0,0:00:00,0,0,--.--,0,0,0,0000:00:00,50,0,0,0,30,0,0,0,0,0,0,1,9.75,11:26:57,9/22/2023,85.62,59.18,--.--
high,0,41,0.68,16.52,0.64,15,10.5728,1.02,0.118179389,26:58.7,-1.8,1.3,24,0,0,0,0.1,0,0,0,0,0,0,0.077,0,0,0,0:00:00,0,0,--.--,0,0,0,0000:00:00,50,0,0,0,30,0,0,0,0,0,0,1,10.57,11:26:58,9/22/2023,85.64,59.2,--.--
high,0,42,0.7,16.52,0.62,15,10.2424,1.01,0.1210245,26:59.7,-2.2,-0.3,24,0,0,0,0.1,0,0,-0.1,0,0,0,-0.061,0,0,0,0:00:00,0,0,--.--,0,0,0,0000:00:00,50,0,0,0,30,0,0,0,0,0,0,1,10.24,11:26:59,9/22/2023,85.73,59.2,--.--
high,0,43,0.72,16.52,0.63,15,10.4076,1.02,0.1239155,27:00.7,-0.3,3.6,24,0,0,0,0.1,0,0,0.1,0,0,0,-0.062,0,0,0,0:00:00,0,0,--.--,0,0,0,0000:00:00,50,0,0,0,30,0,0,0,0,0,0,1,10.41,11:27:00,9/22/2023,85.73,59.2,--.--
high,0,44,0.73,16.52,0.63,16,10.4076,1.02,0.1268065,27:01.7,-2.6,-0.4,24,0,0,0,0,0,0,0,0,0,0,0.014,0,0,0,0:00:00,0,0,--.--,0,0,0,0000:00:00,50,0,0,0,30,0,0,0,0,0,0,1,10.41,11:27:01,9/22/2023,85.78,59.2,--.--
high,0,45,0.75,16.52,0.58,16,9.5816,0.98,0.129468056,27:02.7,0.3,3.3,24,0,0,0,0.1,0,0,0.1,0,0,0,-0.011,0,0,0,0:00:00,0,0,--.--,0,0,0,0000:00:00,50,0,0,0,30,0,0,0,0,0,0,1,9.58,11:27:02,9/22/2023,85.84,59.2,--.--
high,0,46,0.77,16.52,0.62,16,10.2424,1.01,0.132313167,27:03.7,-1.9,0.3,23,0,0,0,0.2,0,0,-0.2,0,0,0,-0.028,0,0,0,0:00:00,0,0,--.--,0,0,0,0000:00:00,50,0,0,0,30,0,0,0,0,0,0,1,10.24,11:27:03,9/22/2023,85.91,59.22,--.--
high,0,47,0.78,16.52,0.65,16,10.738,1.03,0.135295944,27:04.7,-2,2.5,23,0,0,0,0,0,0,-0.1,0,0,0,-0.113,0,0,0,0:00:00,0,0,--.--,0,0,0,0000:00:00,50,0,0,0,30,0,0,0,0,0,0,1,10.74,11:27:04,9/22/2023,85.95,59.22,--.--
high,0,48,0.8,16.52,0.61,16,10.0772,1,0.138095167,27:05.7,-2.8,-0.2,24,0,0,0,0.2,0,0,0.1,0,0,0,-0.096,0,0,0,0:00:00,0,0,--.--,0,0,0,0000:00:00,50,0,0,0,30,0,0,0,0,0,0,1,10.08,11:27:05,9/22/2023,86,59.22,--.--
high,0,49,0.82,16.52,0.63,16,10.4076,1.02,0.140986167,27:06.7,-1.5,1.1,24,0,0,0,0.1,0,0,0.2,0,0,0,0.057,0,0,0,0:00:00,0,0,--.--,0,0,0,0000:00:00,50,0,0,0,30,0,0,0,0,0,0,1,10.41,11:27:06,9/22/2023,86.05,59.23,--.--
high,0,50,0.83,16.52,0.64,17,10.5728,1.02,0.143923056,27:07.7,-2.7,-0.3,24,0,0,0,0.1,0,0,0,0,0,0,0.115,0,0,0,0:00:00,0,0,--.--,0,0,0,0000:00:00,50,0,0,0,30,0,0,0,0,0,0,1,10.57,11:27:07,9/22/2023,86.09,59.23,--.--
high,0,51,0.85,16.52,0.64,17,10.5728,1.02,0.146859944,27:08.7,-2.8,0.8,24,0,0,0,0.1,0,0,-0.1,0,0,0,-0.023,0,0,0,0:00:00,0,0,--.--,0,0,0,0000:00:00,50,0,0,0,30,0,0,0,0,0,0,1,10.57,11:27:08,9/22/2023,86.14,59.23,--.--
high,0,52,0.87,16.52,0.6,17,9.912,1,0.149613278,27:09.7,-1.8,1.1,24,0,0,0,0.1,0,0,0.1,0,0,0,-0.079,0,0,0,0:00:00,0,0,--.--,0,0,0,0000:00:00,50,0,0,0,30,0,0,0,0,0,0,1,9.91,11:27:09,9/22/2023,86.18,59.23,--.--
high,0,53,0.88,16.52,0.6,17,9.912,1,0.152366611,27:10.7,-0.6,2.2,23,0,0,0,0.1,0,0,0,0,0,0,0.074,0,0,0,0:00:00,0,0,--.--,0,0,0,0000:00:00,50,0,0,0,30,0,0,0,0,0,0,1,9.91,11:27:10,9/22/2023,86.22,59.23,--.--
high,0,54,0.9,16.52,0.63,17,10.4076,1.02,0.155257611,27:11.7,-2,1.9,23,0,0,0,0,0,0,-0.1,0,0,0,-0.026,0,0,0,0:00:00,0,0,--.--,0,0,0,0000:00:00,50,0,0,0,30,0,0,0,0,0,0,1,10.41,11:27:11,9/22/2023,86.27,59.23,--.--
high,0,55,0.92,16.52,0.68,18,11.2336,1.05,0.158378056,27:12.7,-0.7,2.7,23,0,0,0,0,0,0,0,0,0,0,-0.079,0,0,0,0:00:00,0,0,--.--,0,0,0,0000:00:00,50,0,0,0,30,0,0,0,0,0,0,1,11.23,11:27:12,9/22/2023,86.31,59.25,--.--
high,0,56,0.93,16.52,0.62,18,10.2424,1.01,0.161223167,27:13.7,-1.4,2,23,0,0,0,0,0,0,0,0,0,0,-0.063,0,0,0,0:00:00,0,0,--.--,0,0,0,0000:00:00,50,0,0,0,30,0,0,0,0,0,0,1,10.24,11:27:13,9/22/2023,86.32,59.25,--.--
high,0,57,0.95,16.52,0.63,18,10.4076,1.02,0.164114167,27:14.7,-0.1,3.7,22,0,0,0,0.1,0,0,0.1,0,0,0,0.015,0,0,0,0:00:00,0,0,--.--,0,0,0,0000:00:00,50,0,0,0,30,0,0,0,0,0,0,1,10.41,11:27:14,9/22/2023,86.4,59.27,--.--
high,0,58,0.97,16.52,0.61,18,10.0772,1,0.166913389,27:15.7,0,3.3,22,0,0,0,0,0,0,0.1,0,0,0,0.074,0,0,0,0:00:00,0,0,--.--,0,0,0,0000:00:00,50,0,0,0,30,0,0,0,0,0,0,1,10.08,11:27:15,9/22/2023,86.45,59.27,--.--
high,0,59,0.98,16.52,0.64,18,10.5728,1.02,0.169850278,27:16.7,-1,2.2,21,0,0,0,0.1,0,0,-0.1,0,0,0,0.048,0,0,0,0:00:00,0,0,--.--,0,0,0,0000:00:00,50,0,0,0,30,0,0,0,0,0,0,1,10.57,11:27:16,9/22/2023,86.49,59.27,--.--
high,0,60,1,16.52,0.62,18,10.2424,1.01,0.172695389,27:17.7,0.2,4.3,21,0,0,0,0,0,0,0,0,0,0,-0.086,0,0,0,0:00:00,0,0,--.--,0,0,0,0000:00:00,50,0,0,0,30,0,0,0,0,0,0,1,10.24,11:27:17,9/22/2023,86.52,59.27,--.--
high,0,61,1.02,16.52,0.62,19,10.2424,1.01,0.1755405,27:18.7,-0.6,2.9,20,0,0,0,0.1,0,0,0,0,0,0,0.009,0,0,0,0:00:00,0,0,--.--,0,0,0,0000:00:00,50,0,0,0,30,0,0,0,0,0,0,1,10.24,11:27:18,9/22/2023,86.56,59.29,--.--
high,0,62,1.03,16.52,0.6,19,9.912,1,0.178293833,27:19.7,0.7,3.9,20,0,0,0,0.1,0,0,0,0,0,0,0.011,0,0,0,0:00:00,0,0,--.--,0,0,0,0000:00:00,50,0,0,0,30,0,0,0,0,0,0,1,9.91,11:27:19,9/22/2023,86.61,59.29,--.--
high,0,63,1.05,16.52,0.61,19,10.0772,1,0.181093056,27:20.7,-2.7,2,20,0,0,0,0.1,0,0,-0.2,0,0,0,-0.06,0,0,0,0:00:00,0,0,--.--,0,0,0,0000:00:00,50,0,0,0,30,0,0,0,0,0,0,1,10.08,11:27:20,9/22/2023,86.65,59.29,--.--
high,0,64,1.07,16.52,0.64,19,10.5728,1.02,0.184029944,27:21.7,-0.2,3.6,20,0,0,0,0.2,0,0,0.1,0,0,0,-0.095,0,0,0,0:00:00,0,0,--.--,0,0,0,0000:00:00,50,0,0,0,30,0,0,0,0,0,0,1,10.57,11:27:21,9/22/2023,86.67,59.29,--.--
high,0,65,1.08,16.52,0.59,19,9.7468,0.99,0.186737389,27:22.7,-1,1.6,20,0,0,0,0.1,0,0,0.2,0,0,0,0.036,0,0,0,0:00:00,0,0,--.--,0,0,0,0000:00:00,50,0,0,0,30,0,0,0,0,0,0,1,9.75,11:27:22,9/22/2023,86.72,59.29,--.--
high,0,66,1.1,16.52,0.59,19,9.7468,0.99,0.189444833,27:23.7,-0.9,2.4,20,0,0,0,0,0,0,0,0,0,0,0.109,0,0,0,0:00:00,0,0,--.--,0,0,0,0000:00:00,50,0,0,0,30,0,0,0,0,0,0,1,9.75,11:27:23,9/22/2023,86.74,59.29,--.--
high,0,67,1.12,16.52,0.65,20,10.738,1.03,0.192427611,27:24.7,-1.8,0.7,20,0,0,0,0.1,0,0,0.1,0,0,0,0.009,0,0,0,0:00:00,0,0,--.--,0,0,0,0000:00:00,50,0,0,0,30,0,0,0,0,0,0,1,10.74,11:27:24,9/22/2023,86.77,59.29,--.--
high,0,68,1.13,16.52,0.62,20,10.2424,1.01,0.195272722,27:25.7,0.3,3.7,20,0,0,0,0.2,0,0,0,0,0,0,0.032,0,0,0,0:00:00,0,0,--.--,0,0,0,0000:00:00,50,0,0,0,30,0,0,0,0,0,0,1,10.24,11:27:25,9/22/2023,86.81,59.31,--.--
high,0,69,1.15,16.52,0.6,20,9.912,1,0.198026056,27:26.7,-2.9,-0.1,20,0,0,0,0.1,0,0,-0.1,0,0,0,-0.046,0,0,0,0:00:00,0,0,--.--,0,0,0,0000:00:00,50,0,0,0,30,0,0,0,0,0,0,1,9.91,11:27:26,9/22/2023,86.85,59.34,--.--
high,0,70,1.17,16.51,0.65,20,10.7315,1.03,0.201007028,27:27.7,-0.3,3.3,20,0,0,0,0.1,0,0,-0.1,0,0,0,-0.091,0,0,0,0:00:00,0,0,--.--,0,0,0,0000:00:00,50,0,0,0,30,0,0,0,0,0,0,1,10.73,11:27:27,9/22/2023,86.88,59.34,--.--
high,0,71,1.18,16.52,0.62,20,10.2424,1.01,0.203852139,27:28.7,-3,0.6,20,0,0,0,0.1,0,0,0,0,0,0,-0.047,0,0,0,0:00:00,0,0,--.--,0,0,0,0000:00:00,50,0,0,0,30,0,0,0,0,0,0,1,10.24,11:27:28,9/22/2023,86.92,59.34,--.--
high,0,72,1.2,16.52,0.6,20,9.912,1,0.206605472,27:29.7,-1,3.6,20,0,0,0,0.2,0,0,0,0,0,0,-0.002,0,0,0,0:00:00,0,0,--.--,0,0,0,0000:00:00,50,0,0,0,30,0,0,0,0,0,0,1,9.91,11:27:29,9/22/2023,86.95,59.34,--.--
high,0,73,1.22,16.52,0.61,21,10.0772,1,0.209404694,27:30.7,-3.3,0.1,20,0,0,0,0.2,0,0,0,0,0,0,-0.005,0,0,0,0:00:00,0,0,--.--,0,0,0,0000:00:00,50,0,0,0,30,0,0,0,0,0,0,1,10.07,11:27:30,9/22/2023,87.01,59.36,--.--
high,0,74,1.23,16.52,0.63,21,10.4076,1.02,0.212295694,27:31.7,0.6,4.4,20,0,0,0,0.2,0,0,0.2,0,0,0,0.034,0,0,0,0:00:00,0,0,--.--,0,0,0,0000:00:00,50,0,0,0,30,0,0,0,0,0,0,1,10.41,11:27:31,9/22/2023,87.03,59.36,--.--
high,0,75,1.25,16.52,0.61,21,10.0772,1,0.215094917,27:32.7,-3.3,-0.6,20,0,0,0,0.1,0,0,-0.1,0,0,0,0.087,0,0,0,0:00:00,0,0,--.--,0,0,0,0000:00:00,50,0,0,0,30,0,0,0,0,0,0,1,10.07,11:27:32,9/22/2023,87.06,59.38,--.--
high,0,76,1.27,16.52,0.61,21,10.0772,1,0.217894139,27:33.7,0.5,3.9,20,0,0,0,0.1,0,0,0,0,0,0,-0.03,0,0,0,0:00:00,0,0,--.--,0,0,0,0000:00:00,50,0,0,0,30,0,0,0,0,0,0,1,10.07,11:27:33,9/22/2023,87.1,59.38,--.--
high,0,77,1.28,16.52,0.63,21,10.4076,1.02,0.220785139,27:34.7,-3,-0.1,20,0,0,0,0.1,0,0,0,0,0,0,0.007,0,0,0,0:00:00,0,0,--.--,0,0,0,0000:00:00,50,0,0,0,30,0,0,0,0,0,0,1,10.41,11:27:34,9/22/2023,87.13,59.38,--.--
high,0,78,1.3,16.52,0.62,21,10.2424,1.01,0.22363025,27:35.7,-0.4,3,19,0,0,0,0.1,0,0,0,0,0,0,-0.024,0,0,0,0:00:00,0,0,--.--,0,0,0,0000:00:00,50,0,0,0,30,0,0,0,0,0,0,1,10.24,11:27:35,9/22/2023,87.17,59.38,--.--
high,0,79,1.32,16.52,0.58,22,9.5816,0.98,0.226291806,27:36.7,-2.3,1.6,19,0,0,0,0,0,0,-0.1,0,0,0,0.002,0,0,0,0:00:00,0,0,--.--,0,0,0,0000:00:00,50,0,0,0,30,0,0,0,0,0,0,1,9.58,11:27:36,9/22/2023,87.21,59.38,--.--
high,0,80,1.33,16.52,0.62,22,10.2424,1.01,0.229136917,27:37.7,-1.4,2.1,19,0,0,0,0.1,0,0,0,0,0,0,-0.043,0,0,0,0:00:00,0,0,--.--,0,0,0,0000:00:00,50,0,0,0,30,0,0,0,0,0,0,1,10.24,11:27:37,9/22/2023,87.22,59.38,--.--
high,0,81,1.35,16.52,0.62,22,10.2424,1.01,0.231982028,27:38.7,-1.9,1.6,18,0,0,0,0,0,0,0,0,0,0,-0.016,0,0,0,0:00:00,0,0,--.--,0,0,0,0000:00:00,50,0,0,0,30,0,0,0,0,0,0,1,10.24,11:27:38,9/22/2023,87.26,59.38,--.--
high,0,82,1.37,16.52,0.62,22,10.2424,1.01,0.234827139,27:39.7,-1.6,2.4,19,0,0,0,0.1,0,0,0.1,0,0,0,-0.002,0,0,0,0:00:00,0,0,--.--,0,0,0,0000:00:00,50,0,0,0,30,0,0,0,0,0,0,1,10.24,11:27:39,9/22/2023,87.3,59.38,--.--
high,0,83,1.38,16.52,0.62,22,10.2424,1.01,0.23767225,27:40.7,-0.9,1.1,18,0,0,0,0,0,0,0.1,0,0,0,0.05,0,0,0,0:00:00,0,0,--.--,0,0,0,0000:00:00,50,0,0,0,30,0,0,0,0,0,0,1,10.24,11:27:40,9/22/2023,87.31,59.41,--.--
high,0,84,1.4,16.52,0.6,23,9.912,1,0.240425583,27:41.7,-0.7,2.2,18,0,0,0,0.1,0,0,-0.1,0,0,0,0.049,0,0,0,0:00:00,0,0,--.--,0,0,0,0000:00:00,50,0,0,0,30,0,0,0,0,0,0,1,9.91,11:27:41,9/22/2023,87.35,59.41,--.--
high,0,85,1.42,16.52,0.61,23,10.0772,1,0.243224806,27:42.7,-1.9,1.5,18,0,0,0,0.1,0,0,-0.1,0,0,0,-0.05,0,0,0,0:00:00,0,0,--.--,0,0,0,0000:00:00,50,0,0,0,30,0,0,0,0,0,0,1,10.07,11:27:42,9/22/2023,87.39,59.41,--.--
high,0,86,1.43,16.52,0.61,23,10.0772,1,0.246024028,27:43.7,-0.9,2.3,18,0,0,0,0.1,0,0,0,0,0,0,-0.048,0,0,0,0:00:00,0,0,--.--,0,0,0,0000:00:00,50,0,0,0,30,0,0,0,0,0,0,1,10.07,11:27:43,9/22/2023,87.42,59.41,--.--
high,0,87,1.45,16.52,0.61,23,10.0772,1,0.24882325,27:44.7,-2.7,1.1,18,0,0,0,0.1,0,0,-0.1,0,0,0,-0.04,0,0,0,0:00:00,0,0,--.--,0,0,0,0000:00:00,50,0,0,0,30,0,0,0,0,0,0,1,10.07,11:27:44,9/22/2023,87.46,59.43,--.--
high,0,88,1.47,16.52,0.6,23,9.912,1,0.251576583,27:45.7,-0.7,2.3,18,0,0,0,0.1,0,0,0.1,0,0,0,-0.037,0,0,0,0:00:00,0,0,--.--,0,0,0,0000:00:00,50,0,0,0,30,0,0,0,0,0,0,1,9.91,11:27:45,9/22/2023,87.48,59.43,--.--
high,0,89,1.48,16.52,0.6,23,9.912,1,0.254329917,27:46.7,-2.1,1.3,18,0,0,0,0.1,0,0,0,0,0,0,0.033,0,0,0,0:00:00,0,0,--.--,0,0,0,0000:00:00,50,0,0,0,30,0,0,0,0,0,0,1,9.91,11:27:46,9/22/2023,87.51,59.43,--.--
high,0,90,1.5,16.51,0.61,24,10.0711,1,0.257127444,27:47.7,-1.7,2.6,18,0,0,0,0.1,0,0,0,0,0,0,0.009,0,0,0,0:00:00,0,0,--.--,0,0,0,0000:00:00,50,0,0,0,30,0,0,0,0,0,0,1,10.07,11:27:47,9/22/2023,87.55,59.45,--.--
high,0,91,1.52,16.52,0.6,24,9.912,1,0.259880778,27:48.7,-1.6,1.8,19,0,0,0,0.1,0,0,0.2,0,0,0,0.021,0,0,0,0:00:00,0,0,--.--,0,0,0,0000:00:00,50,0,0,0,30,0,0,0,0,0,0,1,9.91,11:27:48,9/22/2023,87.58,59.45,--.--
high,0,92,1.53,16.52,0.62,24,10.2424,1.01,0.262725889,27:49.7,-1.4,1.8,18,0,0,0,0.1,0,0,0,0,0,0,0.086,0,0,0,0:00:00,0,0,--.--,0,0,0,0000:00:00,50,0,0,0,30,0,0,0,0,0,0,1,10.24,11:27:49,9/22/2023,87.6,59.45,--.--
high,0,93,1.55,16.52,0.62,24,10.2424,1.01,0.265571,27:50.7,-1.6,2.2,18,0,0,0,0,0,0,-0.1,0,0,0,-0.043,0,0,0,0:00:00,0,0,--.--,0,0,0,0000:00:00,50,0,0,0,30,0,0,0,0,0,0,1,10.24,11:27:50,9/22/2023,87.64,59.45,--.--
high,0,94,1.57,16.51,0.6,24,9.906,1,0.268322667,27:51.7,-1.3,2.4,19,0,0,0,0.1,0,0,0,0,0,0,-0.086,0,0,0,0:00:00,0,0,--.--,0,0,0,0000:00:00,50,0,0,0,30,0,0,0,0,0,0,1,9.91,11:27:51,9/22/2023,87.67,59.45,--.--
high,0,95,1.58,16.52,0.62,24,10.2424,1.01,0.271167778,27:52.7,-0.4,1.5,18,0,0,0,0.1,0,0,0.1,0,0,0,0.021,0,0,0,0:00:00,0,0,--.--,0,0,0,0000:00:00,50,0,0,0,30,0,0,0,0,0,0,1,10.24,11:27:52,9/22/2023,87.69,59.45,--.--
high,0,96,1.6,16.51,0.6,25,9.906,1,0.273919444,27:53.7,-0.9,2.8,18,0,0,0,0.1,0,0,0,0,0,0,0.033,0,0,0,0:00:00,0,0,--.--,0,0,0,0000:00:00,50,0,0,0,30,0,0,0,0,0,0,1,9.91,11:27:53,9/22/2023,87.73,59.45,--.--
high,0,97,1.62,16.52,0.61,25,10.0772,1,0.276718667,27:54.7,-1.5,2.1,18,0,0,0,0,0,0,0,0,0,0,-0.04,0,0,0,0:00:00,0,0,--.--,0,0,0,0000:00:00,50,0,0,0,30,0,0,0,0,0,0,1,10.07,11:27:54,9/22/2023,87.76,59.49,--.--
high,0,98,1.63,16.52,0.61,25,10.0772,1,0.279517889,27:55.7,-1.1,1.9,18,0,0,0,0.1,0,0,0.1,0,0,0,-0.006,0,0,0,0:00:00,0,0,--.--,0,0,0,0000:00:00,50,0,0,0,30,0,0,0,0,0,0,1,10.07,11:27:55,9/22/2023,87.8,59.49,--.--
high,0,99,1.65,16.51,0.63,25,10.4013,1.02,0.282407139,27:56.7,-1.4,1.9,18,0,0,0,0.1,0,0,-0.1,0,0,0,0.035,0,0,0,0:00:00,0,0,--.--,0,0,0,0000:00:00,50,0,0,0,30,0,0,0,0,0,0,1,10.4,11:27:56,9/22/2023,87.82,59.5,--.--
high,0,100,1.67,16.51,0.59,25,9.7409,0.99,0.285112944,27:57.7,-2.7,1.8,18,0,0,0,0.1,0,0,-0.1,0,0,0,-0.069,0,0,0,0:00:00,0,0,--.--,0,0,0,0000:00:00,50,0,0,0,30,0,0,0,0,0,0,1,9.74,11:27:57,9/22/2023,87.84,59.5,--.--
high,0,101,1.68,16.51,0.59,25,9.7409,0.99,0.28781875,27:58.7,-1.2,2.4,18,0,0,0,0.2,0,0,0,0,0,0,-0.064,0,0,0,0:00:00,0,0,--.--,0,0,0,0000:00:00,50,0,0,0,30,0,0,0,0,0,0,1,9.74,11:27:58,9/22/2023,87.89,59.52,--.--
high,0,102,1.7,16.51,0.61,26,10.0711,1,0.290616278,27:59.7,-2,0.6,18,0,0,0,0.1,0,0,0.1,0,0,0,0.019,0,0,0,0:00:00,0,0,--.--,0,0,0,0000:00:00,50,0,0,0,30,0,0,0,0,0,0,1,10.07,11:27:59,9/22/2023,87.91,59.52,--.--
high,0,103,1.72,16.51,0.62,26,10.2362,1.01,0.293459667,28:00.7,-0.7,2.4,18,0,0,0,0.1,0,0,0,0,0,0,0.053,0,0,0,0:00:00,0,0,--.--,0,0,0,0000:00:00,50,0,0,0,30,0,0,0,0,0,0,1,10.24,11:28:00,9/22/2023,87.94,59.5,--.--
high,0,104,1.73,16.51,0.59,26,9.7409,0.99,0.296165472,28:01.7,-1.6,2.5,18,0,0,0,0.1,0,0,0.1,0,0,0,0.045,0,0,0,0:00:00,0,0,--.--,0,0,0,0000:00:00,50,0,0,0,30,0,0,0,0,0,0,1,9.74,11:28:01,9/22/2023,87.98,59.52,--.--
high,0,105,1.75,16.51,0.6,26,9.906,1,0.298917139,28:02.7,-0.9,1.9,18,0,0,0,0.1,0,0,0,0,0,0,0.066,0,0,0,0:00:00,0,0,--.--,0,0,0,0000:00:00,50,0,0,0,30,0,0,0,0,0,0,1,9.91,11:28:02,9/22/2023,88.02,59.52,--.--
high,0,106,1.77,16.51,0.61,26,10.0711,1,0.301714667,28:03.7,-1.7,1.3,18,0,0,0,0.1,0,0,-0.1,0,0,0,-0.052,0,0,0,0:00:00,0,0,--.--,0,0,0,0000:00:00,50,0,0,0,30,0,0,0,0,0,0,1,10.07,11:28:03,9/22/2023,88.03,59.52,--.--
high,0,107,1.78,16.51,0.6,26,9.906,1,0.304466333,28:04.7,-0.4,3.2,18,0,0,0,0.1,0,0,0,0,0,0,-0.079,0,0,0,0:00:00,0,0,--.--,0,0,0,0000:00:00,50,0,0,0,30,0,0,0,0,0,0,1,9.91,11:28:04,9/22/2023,88.07,59.52,--.--
high,0,108,1.8,16.51,0.58,27,9.5758,0.98,0.307126278,28:05.7,-3.1,-0.1,18,0,0,0,0,0,0,-0.1,0,0,0,-0.047,0,0,0,0:00:00,0,0,--.--,0,0,0,0000:00:00,50,0,0,0,30,0,0,0,0,0,0,1,9.58,11:28:05,9/22/2023,88.09,59.56,--.--
high,0,109,1.82,16.51,0.58,27,9.5758,0.98,0.309786222,28:06.7,-1.2,3.3,18,0,0,0,0.2,0,0,0,0,0,0,-0.081,0,0,0,0:00:00,0,0,--.--,0,0,0,0000:00:00,50,0,0,0,30,0,0,0,0,0,0,1,9.58,11:28:06,9/22/2023,88.12,59.56,--.--
high,0,110,1.83,16.51,0.61,27,10.0711,1,0.31258375,28:07.7,-2.8,0.7,18,0,0,0,0.2,0,0,0,0,0,0,0.012,0,0,0,0:00:00,0,0,--.--,0,0,0,0000:00:00,50,0,0,0,30,0,0,0,0,0,0,1,10.07,11:28:07,9/22/2023,88.16,59.56,--.--
high,0,111,1.85,16.51,0.6,27,9.906,1,0.315335417,28:08.7,-0.5,3.3,19,0,0,0,0.2,0,0,0.1,0,0,0,0.053,0,0,0,0:00:00,0,0,--.--,0,0,0,0000:00:00,50,0,0,0,30,0,0,0,0,0,0,1,9.91,11:28:08,9/22/2023,88.2,59.58,--.--
high,0,112,1.87,16.51,0.59,27,9.7409,0.99,0.318041222,28:09.7,-2.4,-0.1,19,0,0,0,0,0,0,0,0,0,0,0.081,0,0,0,0:00:00,0,0,--.--,0,0,0,0000:00:00,50,0,0,0,30,0,0,0,0,0,0,1,9.74,11:28:09,9/22/2023,88.23,59.58,--.--
high,0,113,1.88,16.51,0.64,27,10.5664,1.02,0.320976333,28:10.7,0.3,3.3,18,0,0,0,0.1,0,0,0.1,0,0,0,0.033,0,0,0,0:00:00,0,0,--.--,0,0,0,0000:00:00,50,0,0,0,30,0,0,0,0,0,0,1,10.57,11:28:10,9/22/2023,88.25,59.56,--.--
high,0,114,1.9,16.51,0.61,28,10.0711,1,0.323773861,28:11.7,-2.3,0.8,18,0,0,0,0.1,0,0,-0.2,0,0,0,0.017,0,0,0,0:00:00,0,0,--.--,0,0,0,0000:00:00,50,0,0,0,30,0,0,0,0,0,0,1,10.07,11:28:11,9/22/2023,88.29,59.58,--.--
high,0,115,1.92,16.51,0.61,28,10.0711,1,0.326571389,28:12.7,-1.2,3.4,18,0,0,0,0,0,0,-0.1,0,0,0,-0.123,0,0,0,0:00:00,0,0,--.--,0,0,0,0000:00:00,50,0,0,0,30,0,0,0,0,0,0,1,10.07,11:28:12,9/22/2023,88.32,59.59,--.--
high,0,116,1.93,16.51,0.62,28,10.2362,1.01,0.329414778,28:13.7,-1.9,0.5,18,0,0,0,0,0,0,-0.1,0,0,0,-0.043,0,0,0,0:00:00,0,0,--.--,0,0,0,0000:00:00,50,0,0,0,30,0,0,0,0,0,0,1,10.24,11:28:13,9/22/2023,88.34,59.59,--.--
high,0,117,1.95,16.51,0.58,28,9.5758,0.98,0.332074722,28:14.7,-1.6,2.9,18,0,0,0,0.1,0,0,0,0,0,0,-0.067,0,0,0,0:00:00,0,0,--.--,0,0,0,0000:00:00,50,0,0,0,30,0,0,0,0,0,0,1,9.58,11:28:14,9/22/2023,88.38,59.59,--.--
high,0,118,1.97,16.51,0.6,28,9.906,1,0.334826389,28:15.7,-1.7,1,19,0,0,0,0.1,0,0,0.1,0,0,0,0.011,0,0,0,0:00:00,0,0,--.--,0,0,0,0000:00:00,50,0,0,0,30,0,0,0,0,0,0,1,9.9,11:28:15,9/22/2023,88.41,59.59,--.--
high,0,119,1.98,16.51,0.63,28,10.4013,1.02,0.337715639,28:16.7,-1,2.2,18,0,0,0,0.1,0,0,0.1,0,0,0,0.078,0,0,0,0:00:00,0,0,--.--,0,0,0,0000:00:00,50,0,0,0,30,0,0,0,0,0,0,1,10.4,11:28:16,9/22/2023,88.43,59.59,--.--
high,0,120,2,16.51,0.66,29,10.8966,1.04,0.340742472,28:17.7,-1,2.1,18,0,0,0,0.1,0,0,0.1,0,0,0,0.061,0,0,0,0:00:00,0,0,--.--,0,0,0,0000:00:00,50,0,0,0,30,0,0,0,0,0,0,1,10.9,11:28:17,9/22/2023,88.47,59.59,--.--
high,0,121,2.02,16.5,0.65,29,10.725,1.03,0.343721639,28:18.7,-1.3,1.7,18,0,0,0,0.1,0,0,-0.1,0,0,0,0.056,0,0,0,0:00:00,0,0,--.--,0,0,0,0000:00:00,50,0,0,0,30,0,0,0,0,0,0,1,10.73,11:28:18,9/22/2023,88.5,59.59,--.--
high,0,122,2.03,16.5,0.63,29,10.395,1.02,0.346609139,28:19.7,-0.9,2.3,18,0,0,0,0.1,0,0,-0.1,0,0,0,-0.092,0,0,0,0:00:00,0,0,--.--,0,0,0,0000:00:00,50,0,0,0,30,0,0,0,0,0,0,1,10.4,11:28:19,9/22/2023,88.52,59.59,--.--
high,0,123,2.05,16.51,0.64,29,10.5664,1.02,0.34954425,28:20.7,-2.3,1.8,19,0,0,0,0,0,0,-0.1,0,0,0,-0.088,0,0,0,0:00:00,0,0,--.--,0,0,0,0000:00:00,50,0,0,0,30,0,0,0,0,0,0,1,10.56,11:28:20,9/22/2023,88.54,59.63,--.--
high,0,124,2.07,16.51,0.63,29,10.4013,1.02,0.3524335,28:21.7,-1.6,1.9,19,0,0,0,0.1,0,0,0,0,0,0,-0.046,0,0,0,0:00:00,0,0,--.--,0,0,0,0000:00:00,50,0,0,0,30,0,0,0,0,0,0,1,10.4,11:28:21,9/22/2023,88.57,59.65,--.--
high,0,125,2.08,16.51,0.63,29,10.4013,1.02,0.35532275,28:22.7,-2.6,1.4,19,0,0,0,0.2,0,0,0.1,0,0,0,-0.007,0,0,0,0:00:00,0,0,--.--,0,0,0,0000:00:00,50,0,0,0,30,0,0,0,0,0,0,1,10.4,11:28:22,9/22/2023,88.61,59.63,--.--
high,0,126,2.1,16.51,0.6,30,9.906,1,0.358074417,28:23.7,-1.9,0.9,20,0,0,0,0.1,0,0,0,0,0,0,0.047,0,0,0,0:00:00,0,0,--.--,0,0,0,0000:00:00,50,0,0,0,30,0,0,0,0,0,0,1,9.9,11:28:23,9/22/2023,88.65,59.65,--.--
high,0,127,2.12,16.51,0.63,30,10.4013,1.02,0.360963667,28:24.7,-0.9,2.9,20,0,0,0,0.1,0,0,0.2,0,0,0,0.043,0,0,0,0:00:00,0,0,--.--,0,--.--,0,0000:00:00,50,0,0,0,30,0,0,0,0,0,0,1,10.4,11:28:24,9/22/2023,88.7,59.65,--.--
high,0,128,2.13,16.51,0.62,30,10.2362,1.01,0.363807056,28:25.7,-1.2,0.6,20,0,0,0,0.1,0,0,0,0,0,0,0.061,0,0,0,0:00:00,0,0,--.--,0,--.--,0,0000:00:00,50,0,0,0,30,0,0,0,0,0,0,1,10.23,11:28:25,9/22/2023,88.75,59.65,--.--
high,0,129,2.15,16.51,0.6,30,9.906,1,0.366558722,28:26.7,-0.7,3.5,20,0,0,0,0.2,0,0,-0.1,0,0,0,-0.064,0,0,0,0:00:00,0,0,--.--,0,--.--,0,0000:00:00,50,0,0,0,30,0,0,0,0,0,0,1,9.91,11:28:26,9/22/2023,88.77,59.67,--.--
high,0,130,2.17,16.51,0.59,30,9.7409,0.99,0.369264528,28:27.7,-3,0.4,21,0,0,0,0,0,0,-0.2,0,0,0,-0.107,0,0,0,0:00:00,0,0,--.--,0,--.--,0,0000:00:00,50,0,0,0,30,0,0,0,0,0,0,1,9.74,11:28:27,9/22/2023,88.81,59.67,--.--
high,0,131,2.18,16.51,0.62,31,10.2362,1.01,0.372107917,28:28.7,-1.5,3.1,21,0,0,0,0.1,0,0,0.1,0,0,0,-0.051,0,0,0,0:00:00,0,0,--.--,0,--.--,0,0000:00:00,50,0,0,0,30,0,0,0,0,0,0,1,10.24,11:28:28,9/22/2023,88.84,59.67,--.--
high,0,132,2.2,16.51,0.6,31,9.906,1,0.374859583,28:29.7,-2.2,1.5,21,0,0,0,0.2,0,0,0,0,0,0,0.042,0,0,0,0:00:00,0,0,--.--,0,--.--,0,0000:00:00,50,0,0,0,30,0,0,0,0,0,0,1,9.91,11:28:29,9/22/2023,88.88,59.68,--.--
high,0,133,2.22,16.51,0.63,31,10.4013,1.02,0.377748833,28:30.7,-2.6,1.8,21,0,0,0,0.3,0,0,0,0,0,0,-0.045,0,0,0,0:00:00,0,0,--.--,0,--.--,0,0000:00:00,50,0,0,0,30,0,0,0,0,0,0,1,10.4,11:28:30,9/22/2023,88.92,59.67,--.--
high,0,134,2.23,16.51,0.6,31,9.906,1,0.3805005,28:31.7,-0.3,2,21,0,0,0,0.1,0,0,0.2,0,0,0,0.108,0,0,0,0:00:00,0,0,--.--,0,--.--,0,0000:00:00,50,0,0,0,30,0,0,0,0,0,0,1,9.9,11:28:31,9/22/2023,88.95,59.67,--.--
high,0,135,2.25,16.51,0.62,31,10.2362,1.01,0.383343889,28:32.7,-0.7,1.7,21,0,0,0,0.2,0,0,0,0,0,0,0.095,0,0,0,0:00:00,0,0,--.--,0,--.--,0,0000:00:00,50,0,0,0,30,0,0,0,0,0,0,1,10.23,11:28:32,9/22/2023,88.99,59.68,--.--
high,0,136,2.27,16.51,0.61,31,10.0711,1,0.386141417,28:33.7,-0.7,2.3,21,0,0,0,0.2,0,0,-0.1,0,0,0,-0.037,0,0,0,0:00:00,0,0,--.--,0,--.--,0,0000:00:00,50,0,0,0,30,0,0,0,0,0,0,1,10.07,11:28:33,9/22/2023,89.04,59.68,--.--
high,0,137,2.28,16.51,0.65,32,10.7315,1.03,0.389122389,28:34.7,-1.9,0.2,21,0,0,0,0.3,0,0,-0.2,0,0,0,-0.105,0,0,0,0:00:00,0,0,--.--,0,--.--,0,0000:00:00,50,0,0,0,30,0,0,0,0,0,0,1,10.73,11:28:34,9/22/2023,89.08,59.68,--.--
high,0,138,2.3,16.51,0.55,32,9.0805,0.96,0.39164475,28:35.7,-0.6,3.7,21,0,0,0,0.2,0,0,-0.1,0,0,0,-0.099,0,0,0,0:00:00,0,0,--.--,0,--.--,0,0000:00:00,50,0,0,0,30,0,0,0,0,0,0,1,9.08,11:28:35,9/22/2023,89.1,59.7,--.--
high,0,139,2.32,16.51,0.6,32,9.906,1,0.394396417,28:36.7,-3.7,0.6,22,0,0,0,0.1,0,0,-0.2,0,0,0,-0.082,0,0,0,0:00:00,0,0,--.--,0,--.--,0,0000:00:00,50,0,0,0,30,0,0,0,0,0,0,1,9.9,11:28:36,9/22/2023,89.13,59.7,--.--
high,0,140,2.33,16.51,0.62,32,10.2362,1.01,0.397239806,28:37.7,-1.7,2.7,22,0,0,0,0.3,0,0,0.1,0,0,0,-0.015,0,0,0,0:00:00,0,0,--.--,0,--.--,0,0000:00:00,50,0,0,0,30,0,0,0,0,0,0,1,10.23,11:28:37,9/22/2023,89.19,59.68,--.--
high,0,141,2.35,16.51,0.59,32,9.7409,0.99,0.399945611,28:38.7,-2,1.1,22,0,0,0,0.2,0,0,0.2,0,0,0,0.135,0,0,0,0:00:00,0,0,--.--,0,--.--,0,0000:00:00,50,0,0,0,30,0,0,0,0,0,0,1,9.74,11:28:38,9/22/2023,89.22,59.7,--.--
high,0,142,2.37,16.51,0.59,32,9.7409,0.99,0.402651417,28:39.7,-0.9,1.8,22,0,0,0,0.1,0,0,0.1,0,0,0,0.108,0,0,0,0:00:00,0,0,--.--,0,--.--,0,0000:00:00,50,0,0,0,30,0,0,0,0,0,0,1,9.74,11:28:39,9/22/2023,89.26,59.7,--.--
high,0,143,2.38,16.51,0.6,33,9.906,1,0.405403083,28:40.7,-1.1,1.5,22,0,0,0,0.1,0,0,0,0,0,0,0.037,0,0,0,0:00:00,0,0,--.--,0,--.--,0,0000:00:00,50,0,0,0,30,0,0,0,0,0,0,1,9.9,11:28:40,9/22/2023,89.31,59.7,--.--
high,0,144,2.4,16.5,0.6,33,9.9,1,0.408153083,28:41.7,-0.3,2.6,22,0,0,0,0.2,0,0,0,0,0,0,0.005,0,0,0,0:00:00,0,0,--.--,0,--.--,0,0000:00:00,50,0,0,0,30,0,0,0,0,0,0,1,9.9,11:28:41,9/22/2023,89.35,59.7,--.--
high,0,145,2.42,16.51,0.62,33,10.2362,1.01,0.410996472,28:42.7,-3.1,1.1,22,0,0,0,0.1,0,0,-0.4,0,0,0,-0.203,0,0,0,0:00:00,0,0,--.--,0,--.--,0,0000:00:00,50,0,0,0,30,0,0,0,0,0,0,1,10.23,11:28:42,9/22/2023,89.38,59.72,--.--
high,0,146,2.43,16.51,0.61,33,10.0711,1,0.413794,28:43.7,-2.6,2.6,23,0,0,0,0.3,0,0,0,0,0,0,-0.183,0,0,0,0:00:00,0,0,--.--,0,--.--,0,0000:00:00,50,0,0,0,30,0,0,0,0,0,0,1,10.07,11:28:43,9/22/2023,89.46,59.7,--.--
high,0,147,2.45,16.5,0.62,33,10.23,1.01,0.416635667,28:44.7,-1,0.6,23,0,0,0,0.2,0,0,0.2,0,0,0,0.127,0,0,0,0:00:00,0,0,--.--,0,--.--,0,0000:00:00,50,0,0,0,30,0,0,0,0,0,0,1,10.23,11:28:44,9/22/2023,89.49,59.72,--.--
high,0,148,2.47,16.5,0.64,33,10.56,1.02,0.419569,28:45.7,-0.5,2.7,22,0,0,0,0,0,0,0.1,0,0,0,0.152,0,0,0,0:00:00,0,0,--.--,0,--.--,0,0000:00:00,50,0,0,0,30,0,0,0,0,0,0,1,10.56,11:28:45,9/22/2023,89.53,59.7,--.--
high,0,149,2.48,16.5,0.61,34,10.065,1,0.422364833,28:46.7,-1.5,1.4,22,0,0,0,0.2,0,0,-0.1,0,0,0,0.03,0,0,0,0:00:00,0,0,--.--,0,--.--,0,0000:00:00,50,0,0,0,30,0,0,0,0,0,0,1,10.07,11:28:46,9/22/2023,89.58,59.7,--.--
high,0,150,2.5,16.5,0.59,34,9.735,0.99,0.425069,28:47.7,-2.3,1,22,0,0,0,0.1,0,0,-0.3,0,0,0,-0.152,0,0,0,0:00:00,0,0,--.--,0,--.--,0,0000:00:00,50,0,0,0,30,0,0,0,0,0,0,1,9.74,11:28:47,9/22/2023,89.6,59.72,--.--
high,0,151,2.52,16.5,0.61,34,10.065,1,0.427864833,28:48.7,-2.5,2.6,22,0,0,0,0.2,0,0,0,0,0,0,-0.126,0,0,0,0:00:00,0,0,--.--,0,--.--,0,0000:00:00,50,0,0,0,30,0,0,0,0,0,0,1,10.07,11:28:48,9/22/2023,89.65,59.72,--.--
high,0,152,2.53,16.5,0.59,34,9.735,0.99,0.430569,28:49.7,-1.5,1,23,0,0,0,0.2,0,0,0.2,0,0,0,0.103,0,0,0,0:00:00,0,0,--.--,0,--.--,0,0000:00:00,50,0,0,0,30,0,0,0,0,0,0,1,9.74,11:28:49,9/22/2023,89.69,59.72,--.--
high,0,153,2.55,16.5,0.61,34,10.065,1,0.433364833,28:50.7,-0.6,2.6,22,0,0,0,0,0,0,0.1,0,0,0,0.074,0,0,0,0:00:00,0,0,--.--,0,--.--,0,0000:00:00,50,0,0,0,30,0,0,0,0,0,0,1,10.07,11:28:50,9/22/2023,89.74,59.72,--.--
high,0,154,2.57,16.5,0.67,34,11.055,1.04,0.436435667,28:51.7,-2.1,1.2,22,0,0,0,0,0,0,0,0,0,0,0.018,0,0,0,0:00:00,0,0,--.--,0,--.--,0,0000:00:00,50,0,0,0,30,0,0,0,0,0,0,1,11.06,11:28:51,9/22/2023,89.76,59.7,--.--
high,0,155,2.58,16.5,0.58,35,9.57,0.98,0.439094,28:52.7,-0.9,2.3,22,0,0,0,0.1,0,0,0,0,0,0,-0.039,0,0,0,0:00:00,0,0,--.--,0,--.--,0,0000:00:00,50,0,0,0,30,0,0,0,0,0,0,1,9.57,11:28:52,9/22/2023,89.83,59.72,--.--
high,0,156,2.6,16.51,0.65,35,10.7315,1.03,0.442074972,28:53.7,-0.6,2,21,0,0,0,0.2,0,0,0,0,0,0,0,0,0,0,0:00:00,0,0,--.--,0,--.--,0,0000:00:00,50,0,0,0,30,0,0,0,0,0,0,1,10.73,11:28:53,9/22/2023,89.89,59.72,--.--
high,0,157,2.62,16.5,0.62,35,10.23,1.01,0.444916639,28:54.7,-2.5,1.7,21,0,0,0,0.1,0,0,-0.2,0,0,0,-0.106,0,0,0,0:00:00,0,0,--.--,0,--.--,0,0000:00:00,50,0,0,0,30,0,0,0,0,0,0,1,10.23,11:28:54,9/22/2023,89.92,59.72,--.--
high,0,158,2.63,16.5,0.62,35,10.23,1.01,0.447758306,28:55.7,-2,1.3,22,0,0,0,0.1,0,0,-0.1,0,0,0,-0.096,0,0,0,0:00:00,0,0,--.--,0,--.--,0,0000:00:00,50,0,0,0,30,0,0,0,0,0,0,1,10.23,11:28:55,9/22/2023,89.96,59.72,--.--
high,0,159,2.65,16.5,0.62,35,10.23,1.01,0.450599972,28:56.7,-1.1,2.1,22,0,0,0,0.1,0,0,0.2,0,0,0,0.055,0,0,0,0:00:00,0,0,--.--,0,--.--,0,0000:00:00,50,0,0,0,30,0,0,0,0,0,0,1,10.23,11:28:56,9/22/2023,90.01,59.72,--.--
high,0,160,2.67,16.5,0.63,36,10.395,1.02,0.453487472,28:57.7,-1.3,1.5,21,0,0,0,0,0,0,0.1,0,0,0,0.133,0,0,0,0:00:00,0,0,--.--,0,--.--,0,0000:00:00,50,0,0,0,30,0,0,0,0,0,0,1,10.4,11:28:57,9/22/2023,90.05,59.72,--.--
high,0,161,2.68,16.5,0.6,36,9.9,1,0.456237472,28:58.7,-2.3,2.4,21,0,0,0,0.1,0,0,0,0,0,0,-0.038,0,0,0,0:00:00,0,0,--.--,0,--.--,0,0000:00:00,50,0,0,0,30,0,0,0,0,0,0,1,9.9,11:28:58,9/22/2023,90.1,59.7,--.--
high,0,162,2.7,16.5,0.61,36,10.065,1,0.459033306,28:59.7,-0.3,1.9,21,0,0,0,0.1,0,0,0.1,0,0,0,0.058,0,0,0,0:00:00,0,0,--.--,0,--.--,0,0000:00:00,50,0,0,0,30,0,0,0,0,0,0,1,10.07,11:28:59,9/22/2023,90.12,59.72,--.--
high,0,163,2.72,16.5,0.62,36,10.23,1.01,0.461874972,29:00.7,-2.2,1.1,21,0,0,0,0.1,0,0,-0.2,0,0,0,-0.057,0,0,0,0:00:00,0,0,--.--,0,--.--,0,0000:00:00,50,0,0,0,30,0,0,0,0,0,0,1,10.23,11:29:00,9/22/2023,90.18,59.72,--.--
high,0,164,2.73,16.5,0.61,36,10.065,1,0.464670806,29:01.7,-0.1,4,21,0,0,0,0.1,0,0,0,0,0,0,-0.068,0,0,0,0:00:00,0,0,--.--,0,--.--,0,0000:00:00,50,0,0,0,30,0,0,0,0,0,0,1,10.07,11:29:01,9/22/2023,90.21,59.72,--.--
high,0,165,2.75,16.5,0.61,36,10.065,1,0.467466639,29:02.7,-2.8,-0.5,21,0,0,0,0.1,0,0,0,0,0,0,-0.024,0,0,0,0:00:00,0,0,--.--,0,--.--,0,0000:00:00,50,0,0,0,30,0,0,0,0,0,0,1,10.07,11:29:02,9/22/2023,90.25,59.72,--.--
high,0,166,2.77,16.5,0.62,37,10.23,1.01,0.470308306,29:03.7,0.7,4.8,21,0,0,0,0.1,0,0,0,0,0,0,0.019,0,0,0,0:00:00,0,0,--.--,0,--.--,0,0000:00:00,50,0,0,0,30,0,0,0,0,0,0,1,10.23,11:29:03,9/22/2023,90.3,59.72,--.--
high,0,167,2.78,16.5,0.63,37,10.395,1.02,0.473195806,29:04.7,-3.8,-0.3,22,0,0,0,0,0,0,-0.1,0,0,0,-0.059,0,0,0,0:00:00,0,0,--.--,0,--.--,0,0000:00:00,50,0,0,0,30,0,0,0,0,0,0,1,10.4,11:29:04,9/22/2023,90.34,59.72,--.--
high,0,168,2.8,16.5,0.61,37,10.065,1,0.475991639,29:05.7,-0.3,3.5,22,0,0,0,0.1,0,0,0.1,0,0,0,-0.054,0,0,0,0:00:00,0,0,--.--,0,--.--,0,0000:00:00,50,0,0,0,30,0,0,0,0,0,0,1,10.07,11:29:05,9/22/2023,90.37,59.72,--.--
high,0,169,2.82,16.5,0.65,37,10.725,1.03,0.478970806,29:06.7,-2.2,0.7,22,0,0,0,0,0,0,0.1,0,0,0,0.09,0,0,0,0:00:00,0,0,--.--,0,--.--,0,0000:00:00,50,0,0,0,30,0,0,0,0,0,0,1,10.73,11:29:06,9/22/2023,90.45,59.72,--.--
high,0,170,2.83,16.5,0.61,37,10.065,1,0.481766639,29:07.7,-0.8,2.6,22,0,0,0,0.1,0,0,0,0,0,0,0.008,0,0,0,0:00:00,0,0,--.--,0,--.--,0,0000:00:00,50,0,0,0,30,0,0,0,0,0,0,1,10.07,11:29:07,9/22/2023,90.48,59.72,--.--
high,0,171,2.85,16.5,0.63,37,10.395,1.02,0.484654139,29:08.7,-1.1,2.4,22,0,0,0,0.1,0,0,0.1,0,0,0,0.044,0,0,0,0:00:00,0,0,--.--,0,--.--,0,0000:00:00,50,0,0,0,30,0,0,0,0,0,0,1,10.4,11:29:08,9/22/2023,90.54,59.72,--.--
high,0,172,2.87,16.5,0.64,38,10.56,1.02,0.487587472,29:09.7,-1.7,1.7,23,0,0,0,0.1,0,0,0,0,0,0,-0.009,0,0,0,0:00:00,0,0,--.--,0,--.--,0,0000:00:00,50,0,0,0,30,0,0,0,0,0,0,1,10.56,11:29:09,9/22/2023,90.59,59.72,--.--
high,0,173,2.88,16.5,0.62,38,10.23,1.01,0.490429139,29:10.7,1.4,-33.4,28,0,0,0,0.1,0,0,0.3,0,0,0,0.056,0,0,0,0:00:00,0,0,--.--,0,--.--,49,0000:00:00,50,0,0,0,30,0,0,0,0,0,0,1,10.23,11:29:10,9/22/2023,90.63,59.7,--.--
high,0,174,2.9,16.5,0.59,38,9.735,0.99,0.493133306,29:11.7,0.1,-61.1,27,0,0,0,0.2,0,0,-0.1,0,0,0,-0.045,0,0,0,0:00:00,0,0,--.--,0,--.--,49,0000:00:00,50,0,0,0,30,0,0,0,0,0,0,1,9.73,11:29:11,9/22/2023,90.66,59.67,--.--
high,0,175,2.92,16.49,0.76,42,12.5324,1.1,0.496614528,29:12.7,2.4,-75,24,0,0,0,0,0,0,-0.1,0,0,0,-0.095,0,0,0,0:00:01,0,0,--.--,0,--.--,50,0000:00:00,50,0,0,0,30,0,0,0,0,0,0,1,12.53,11:29:12,9/22/2023,90.7,59.72,--.--
high,0,176,2.93,16.5,0.58,42,9.57,0.98,0.499272861,29:13.7,1.1,-73.5,26,0,0,0,0.2,0,0,0.3,0,0,0,0.117,0,0,0,0:00:02,0,0,--.--,0,--.--,50,0000:00:00,50,0,0,0,30,0,0,0,0,0,0,1,9.57,11:29:13,9/22/2023,90.73,59.7,--.--
high,0,177,2.95,16.5,0.62,42,10.23,1.01,0.502114528,29:14.7,2.1,-75.8,24,0,0,0,0.1,0,0,0,0,0,0,0.083,0,0,0,0:00:03,0,0,--.--,0,--.--,50,0000:00:00,50,0,0,0,30,0,0,0,0,0,0,1,10.23,11:29:14,9/22/2023,90.77,59.72,--.--
high,0,178,2.97,16.5,0.62,42,10.23,1.01,0.504956194,29:15.8,3.1,-75.6,23,0,0,0,0.2,0,0,0.1,0,0,0,0.026,0,0,0,0:00:05,0,0,--.--,0,--.--,50,0000:00:00,50,0,0,0,30,0,0,0,0,0,0,1,10.23,11:29:15,9/22/2023,90.79,59.72,--.--
high,0,179,2.98,16.5,0.6,42,9.9,1,0.507706194,29:16.8,1.2,-73.7,25,0,0,0,0.2,0,0,0.1,0,0,0,0.032,0,0,0,0:00:06,0,0,--.--,0,--.--,50,0000:00:00,50,0,0,0,30,0,0,0,0,0,0,1,9.9,11:29:16,9/22/2023,90.82,59.72,--.--
high,0,180,3,16.5,0.67,42,11.055,1.04,0.510777028,29:17.8,1.4,-65.1,24,0,0,0,0.3,0,0,0.1,0,0,0,0.002,0,0,0,0:00:07,0,0,--.--,0,--.--,50,0000:00:00,50,0,0,0,30,0,0,0,0,0,0,1,11.06,11:29:17,9/22/2023,90.86,59.7,--.--
high,0,181,3.02,16.5,0.61,43,10.065,1,0.513572861,29:18.8,2.5,-63.1,22,0,0,0,0.2,0,0,0.2,0,0,0,0.104,0,0,0,0:00:08,0,0,--.--,0,--.--,50,0000:00:00,50,0,0,0,30,0,0,0,0,0,0,1,10.06,11:29:18,9/22/2023,90.88,59.67,--.--
high,0,182,3.03,16.5,0.61,43,10.065,1,0.516368694,29:19.8,1.8,-64.4,23,0,0,0,0.2,0,0,0,0,0,0,0.045,0,0,0,0:00:09,0,0,--.--,0,--.--,50,0000:00:00,50,0,0,0,30,0,0,0,0,0,0,1,10.07,11:29:19,9/22/2023,90.93,59.7,--.--
high,0,183,3.05,16.5,0.6,43,9.9,1,0.519118694,29:20.8,6.2,-68.2,19,0,0,0,0.3,0,0,0,0,0,0,0.01,0,0,0,0:00:10,0,0,--.--,0,--.--,50,0000:00:00,50,0,0,0,30,0,0,0,0,0,0,1,9.9,11:29:20,9/22/2023,90.93,59.74,--.--
high,0,184,3.07,16.5,0.62,43,10.23,1.01,0.521960361,29:21.8,1.9,-69.3,22,0,0,0,0.4,0,0,-0.2,0,0,0,-0.135,0,0,0,0:00:11,0,0,--.--,0,--.--,50,0000:00:00,50,0,0,0,30,0,0,0,0,0,0,1,10.23,11:29:21,9/22/2023,90.99,59.74,--.--
high,0,185,3.08,16.5,0.62,43,10.23,1.01,0.524802028,29:22.8,5,-69.1,19,0,0,0,0.3,0,0,-0.1,0,0,0,-0.066,0,0,0,0:00:12,0,0,--.--,0,--.--,50,0000:00:00,50,0,0,0,30,0,0,0,0,0,0,1,10.23,11:29:22,9/22/2023,91.02,59.74,--.--
high,0,186,3.1,16.5,0.62,43,10.23,1.01,0.527643694,29:23.8,-0.3,-68.8,24,0,0,0,0.2,0,0,-0.1,0,0,0,-0.087,0,0,0,0:00:13,0,0,--.--,0,--.--,50,0000:00:00,50,0,0,0,30,0,0,0,0,0,0,1,10.23,11:29:23,9/22/2023,91.04,59.74,--.--
high,0,187,3.12,16.5,0.62,44,10.23,1.01,0.530485361,29:24.8,4.1,-62.5,19,0,0,0,0.2,0,0,0,0,0,0,-0.086,0,0,0,0:00:14,0,0,--.--,0,--.--,50,0000:00:00,50,0,0,0,30,0,0,0,0,0,0,1,10.23,11:29:24,9/22/2023,91.08,59.7,--.--
high,0,188,3.13,16.5,0.62,44,10.23,1.01,0.533327028,29:25.8,1.4,-63.5,22,0,0,0,0.2,0,0,0.1,0,0,0,0.05,0,0,0,0:00:15,0,0,--.--,0,--.--,50,0000:00:00,50,0,0,0,30,0,0,0,0,0,0,1,10.23,11:29:25,9/22/2023,91.09,59.74,--.--
high,0,189,3.15,16.5,0.62,44,10.23,1.01,0.536168694,29:26.8,8,-56.9,15,0,0,0,0.3,0,0,0.3,0,0,0,0.161,0,0,0,0:00:16,0,0,--.--,0,--.--,50,0000:00:00,50,0,0,0,30,0,0,0,0,0,0,1,10.23,11:29:26,9/22/2023,91.11,59.72,--.--
high,0,190,3.17,16.5,0.59,44,9.735,0.99,0.538872861,29:27.8,2.2,-61,20,0,0,0,0.5,0,0,0,0,0,0,0.115,0,0,0,0:00:17,0,0,--.--,0,--.--,50,0000:00:00,50,0,0,0,30,0,0,0,0,0,0,1,9.74,11:29:27,9/22/2023,91.15,59.74,--.--
high,0,191,3.18,16.5,0.62,44,10.23,1.01,0.541714528,29:28.8,5.5,-58.5,17,0,0,0,0.6,0,0,-0.1,0,0,0,-0.053,0,0,0,0:00:18,0,0,--.--,0,--.--,50,0000:00:00,50,0,0,0,30,0,0,0,0,0,0,1,10.23,11:29:28,9/22/2023,91.17,59.76,--.--
high,0,192,3.2,16.5,0.6,44,9.9,1,0.544464528,29:29.8,4.9,-59.1,17,0,0,0,0.7,0,0,-0.1,0,0,0,-0.06,0,0,0,0:00:19,0,0,--.--,0,--.--,50,0000:00:00,50,0,0,0,30,0,0,0,0,0,0,1,9.9,11:29:29,9/22/2023,91.2,59.74,--.--
high,0,193,3.22,16.5,0.62,45,10.23,1.01,0.547306194,29:30.8,0.8,-59.1,20,0,0,0,0.5,0,0,-0.2,0,0,0,-0.169,0,0,0,0:00:20,0,0,--.--,0,--.--,50,0000:00:00,50,0,0,0,30,0,0,0,0,0,0,1,10.23,11:29:30,9/22/2023,91.22,59.79,--.--
high,0,194,3.23,16.5,0.64,45,10.56,1.02,0.550239528,29:31.8,6,-56,15,0,0,0,0.5,0,0,-0.1,0,0,0,-0.103,0,0,0,0:00:21,0,0,--.--,0,--.--,50,0000:00:00,50,0,0,0,30,0,0,0,0,0,0,1,10.56,11:29:31,9/22/2023,91.24,59.83,--.--
high,0,195,3.25,16.5,0.63,45,10.395,1.02,0.553127028,29:32.8,-0.9,-61.4,21,0,0,0,0.3,0,0,0,0,0,0,-0.064,0,0,0,0:00:22,0,0,--.--,0,--.--,50,0000:00:00,50,0,0,0,30,0,0,0,0,0,0,1,10.39,11:29:32,9/22/2023,91.27,59.83,--.--
high,0,196,3.27,16.5,0.6,45,9.9,1,0.555877028,29:33.8,8.9,-57.3,12,0,0,0,0.4,0,0,0.3,0,0,0,0.14,0,0,0,0:00:23,0,0,--.--,0,--.--,50,0000:00:00,50,0,0,0,30,0,0,0,0,0,0,1,9.9,11:29:33,9/22/2023,91.27,59.83,--.--
high,0,197,3.28,16.5,0.64,45,10.56,1.02,0.558810361,29:34.8,1.9,-63.2,17,0,0,0,0.5,0,0,0,0,0,0,0.131,0,0,0,0:00:24,0,0,--.--,0,--.--,50,0000:00:00,50,0,0,0,30,0,0,0,0,0,0,1,10.56,11:29:34,9/22/2023,91.31,59.81,--.--
high,0,198,3.3,16.5,0.59,46,9.735,0.99,0.561514528,29:35.8,8.1,-57.6,11,0,0,0,0.7,0,0,0.1,0,0,0,0.021,0,0,0,0:00:25,0,0,--.--,0,--.--,50,0000:00:00,50,0,0,0,30,0,0,0,0,0,0,1,9.73,11:29:35,9/22/2023,91.33,59.81,--.--
high,0,199,3.32,16.5,0.63,46,10.395,1.02,0.564402028,29:36.8,1.6,-62.9,17,0,0,0,0.7,0,0,0,0,0,0,0.008,0,0,0,0:00:26,0,0,--.--,0,--.--,50,0000:00:00,50,0,0,0,30,0,0,0,0,0,0,1,10.39,11:29:36,9/22/2023,91.35,59.81,--.--
high,0,200,3.33,16.5,0.62,46,10.23,1.01,0.567243694,29:37.8,13.6,-67.1,5,0,0,0,0.8,0,0,0,0,0,0,-0.037,0,0,0,0:00:27,0,0,--.--,0,--.--,50,0000:00:00,50,0,0,0,30,0,0,0,0,0,0,1,10.23,11:29:37,9/22/2023,91.36,59.79,--.--
high,0,201,3.35,16.5,0.6,46,9.9,1,0.569993694,29:38.8,5.4,-75.1,12,0,0,0,0.8,0,0,-0.1,0,0,0,-0.062,0,0,0,0:00:28,0,0,--.--,0,--.--,50,0000:00:00,50,0,0,0,30,0,0,0,0,0,0,1,9.9,11:29:38,9/22/2023,91.38,59.76,--.--
high,0,202,3.37,16.5,0.59,46,9.735,0.99,0.572697861,29:39.8,13.1,-72.6,5,0,0,0,0.8,0,0,-0.1,0,0,0,-0.101,0,0,0,0:00:29,0,0,--.--,0,--.--,50,0000:00:00,50,0,0,0,30,0,0,0,0,0,0,1,9.73,11:29:39,9/22/2023,91.4,59.76,--.--
high,0,203,3.38,16.5,0.6,46,9.9,1,0.575447861,29:40.8,11.7,-77,6,0,0,0,0.8,0,0,0.1,0,0,0,-0.002,0,0,0,0:00:30,0,0,--.--,0,--.--,50,0000:00:00,50,0,0,0,30,0,0,0,0,0,0,1,9.9,11:29:40,9/22/2023,91.4,59.76,--.--
high,0,204,3.4,16.5,0.58,47,9.57,0.98,0.578106194,29:41.8,17,-77.4,0,0,0,0,0.9,0,0,-0.1,0,0,0,0.008,0,0,0,0:00:31,0,0,--.--,0,--.--,50,0000:00:00,50,0,0,0,30,0,0,0,0,0,0,1,9.57,11:29:41,9/22/2023,91.45,59.74,--.--
high,0,205,3.42,16.5,0.61,47,10.065,1,0.580902028,29:42.8,6.1,-74,11,0,0,0,0.7,0,0,-0.1,0,0,0,-0.108,0,0,0,0:00:32,0,0,--.--,0,--.--,50,0000:00:00,50,0,0,0,30,0,0,0,0,0,0,1,10.06,11:29:42,9/22/2023,91.47,59.76,--.--
high,0,206,3.43,16.5,0.64,47,10.56,1.02,0.583835361,29:43.8,15.3,-78.5,2,0,0,0,0.6,0,0,0,0,0,0,-0.029,0,0,0,0:00:33,0,0,--.--,0,--.--,50,0000:00:00,50,0,0,0,30,0,0,0,0,0,0,1,10.56,11:29:43,9/22/2023,91.49,59.76,--.--
high,0,207,3.45,16.5,0.62,47,10.23,1.01,0.586677028,29:44.8,7.6,-65.2,10,0,0,0,0.7,0,0,0.1,0,0,0,0.075,0,0,0,0:00:34,0,0,--.--,0,--.--,50,0000:00:00,50,0,0,0,30,0,0,0,0,0,0,1,10.23,11:29:44,9/22/2023,91.51,59.76,--.--
high,0,208,3.47,16.5,0.6,47,9.9,1,0.589427028,29:45.8,0.3,-43.4,18,0,0,0,0.7,0,0,0.8,0,0,0,0.133,0,0,0,0:00:35,0,0,--.--,0,--.--,50,0000:00:00,50,0,0,0,30,0,0,0,0,0,0,1,9.9,11:29:45,9/22/2023,91.54,59.76,--.--
high,0,209,3.48,16.5,0.62,47,10.23,1.01,0.592268694,29:46.8,-0.3,28.2,55,0,0,0,1.1,0,0,0.5,0,0,0,0.668,0,0,0,0:00:36,0,0,--.--,0,--.--,50,0000:00:00,50,0,0,0,30,0,0,0,0,0,0,1,10.23,11:29:46,9/22/2023,91.56,59.76,--.--
high,0,210,3.5,16.49,0.59,48,9.7291,0.99,0.594971222,29:47.8,11.1,40.9,80,0,0,0,1.5,0,0,-0.6,0,0,0,-0.222,0,0,0,0:00:37,0,0,--.--,0,--.--,50,0000:00:00,50,0,0,0,30,0,0,0,0,0,0,1,9.73,11:29:47,9/22/2023,91.62,59.74,--.--
high,0,211,3.52,16.49,0.61,48,10.0589,1,0.597765361,29:48.8,2.8,13.1,127,0,0,0,1.4,0,0,-0.6,0,0,0,-0.582,0,0,0,0:00:38,0,0,--.--,0,--.--,50,0000:00:00,50,0,0,0,30,0,0,0,0,0,0,1,10.06,11:29:48,9/22/2023,91.65,59.72,--.--
high,0,212,3.53,16.5,0.62,48,10.23,1.01,0.600607028,29:49.8,-2.8,-26.3,157,0,0,0,2.5,0,0,-0.1,0,0,0,-0.167,0,0,0,0:00:39,0,0,--.--,0,--.--,50,0000:00:00,50,0,0,0,30,0,0,0,0,0,0,1,10.23,11:29:49,9/22/2023,91.69,59.7,--.--
high,0,213,3.55,16.49,0.62,48,10.2238,1.01,0.603446972,29:50.8,-2.8,-64.6,159,0,0,0,4.1,0,0,-0.5,0,0,0,-0.193,0,0,0,0:00:40,0,0,--.--,0,--.--,50,0000:00:00,50,0,0,0,30,0,0,0,0,0,0,1,10.23,11:29:50,9/22/2023,91.72,59.72,--.--
high,0,214,3.57,16.49,0.64,48,10.5536,1.02,0.606378528,29:51.8,-5.1,-63.2,154,0,0,0,2.9,0,0,0.1,0,0,0,-0.036,0,0,0,0:00:41,0,0,--.--,0,--.--,50,0000:00:00,50,0,0,0,30,0,0,0,0,0,0,1,10.56,11:29:51,9/22/2023,91.81,59.7,--.--
high,0,215,3.58,16.5,0.61,48,10.065,1,0.609174361,29:52.8,-2.2,-31.9,158,0,0,0,2.7,0,0,-0.4,0,0,0,0.063,0,0,0,0:00:42,0,0,--.--,0,--.--,50,0000:00:00,50,0,0,0,30,0,0,0,0,0,0,1,10.06,11:29:52,9/22/2023,91.89,59.68,--.--
high,0,216,3.6,16.32,4.81,49,78.4992,1.89,0.630979694,29:53.8,0.5,1.9,156,0,0,0,2.8,0,0,0.4,-0.5,0,0,0.154,0,0,0,0:00:43,0,0,--.--,0,--.--,50,0000:00:00,50,0,0,0,30,0,0,0,0,0,0,1,78.49,11:29:53,9/22/2023,91.94,59.59,--.--
high,0,217,3.62,16.3,5.49,50,89.487,1.95,0.655837194,29:54.8,3.7,-5.5,166,0,0,0,4,0,0,0.3,-0.4,0,0,0.223,0,0,0,0:00:44,--.--,0,--.--,--.--,13.8,50,0000:00:00,50,0,0,0,30,0,0,0,0,0,0,1,89.5,11:29:54,9/22/2023,91.98,58.77,--.--
high,0,218,3.63,16.26,14.77,53,240.1602,2.38,0.722548361,29:55.8,7.8,-4.2,132,0,0,0,4.4,0,0,0.2,-0.5,0,0,0.085,0,0,0,0:00:45,--.--,0,--.--,--.--,14.5,51,0000:00:00,50,0,0,0,30,0,0,0,0,0,0,1,240.19,11:29:55,9/22/2023,91.99,57.72,--.--
high,0,219,3.65,16.3,5.38,55,87.694,1.94,0.746907806,29:56.8,8.8,-13.6,89,0,0,0,3.7,0,0,0.1,-0.4,0,0,-0.026,0,0,0,0:00:46,--.--,0,--.--,--.--,15.6,51,0000:00:00,50,0,0,0,30,0,0,0,0,0,0,1,87.67,11:29:56,9/22/2023,92.01,56.82,--.--
high,0,220,3.67,16.45,0.69,56,11.3505,1.06,0.750060722,29:57.8,6.3,-16,82,0,0,0,2.7,0,0,-0.1,-0.2,0,0,-0.106,0,0,0,0:00:47,--.--,0,--.--,--.--,16.5,49,0000:00:00,50,0,0,0,30,0,0,0,0,0,0,1,11.35,11:29:57,9/22/2023,92.05,56.16,--.--
high,0,221,3.68,16.48,0.61,57,10.0528,1,0.752853167,29:58.8,2.6,-6.2,97,0,0,0,2.6,0,0,0,-0.2,0,0,-0.117,0,0,0,0:00:48,--.--,0,--.--,--.--,17.3,50,0000:00:00,50,0,0,0,30,0,0,0,0,0,0,1,10.05,11:29:58,9/22/2023,92.08,55.6,--.--
high,0,222,3.7,15.96,15.21,59,242.7516,2.39,0.820284167,29:59.8,10.1,-3.6,73,0,0,0,2.4,0,0,-0.1,-0.3,0,0,-0.19,0,0,0,0:00:49,--.--,0,--.--,--.--,19.1,49,0000:00:00,50,0,0,0,30,0,0,0,0,0,0,1,242.69,11:29:59,9/22/2023,92.1,55.08,--.--
high,0,223,3.72,16.29,10.89,62,177.3981,2.25,0.869561417,30:00.8,6.6,-6.4,79,0,0,0,2.3,0,0,0.3,-0.4,0,0,-0.103,0,0,0,0:00:50,--.--,0,--.--,--.--,20.2,49,0000:00:00,50,0,0,0,40,0,0,0,0,0,0,1,177.39,11:30:00,9/22/2023,92.14,54.5,--.--
high,0,224,3.73,15.91,9.87,64,157.0317,2.2,0.913181333,30:01.8,-8.8,-7.6,112,0,0,0,1.9,0,0,0.1,-0.6,0,0,0.05,0,0,6.8,0:00:51,--.--,0,--.--,--.--,20.6,49,0000:00:00,50,0,0,0,40,0,0,0,0,0,0,1,157.03,11:30:01,9/22/2023,92.17,53.96,--.--
high,0,225,3.75,16.17,25.18,68,407.1606,2.61,1.0262815,30:02.8,8.2,-12,105,0,0,0,2.1,0,0,0,-0.8,0,0,-0.16,0,0,6.8,0:00:52,--.--,0,--.--,--.--,21.9,50,0000:00:00,50,0,0,0,40,0,0,0,0,0,0,1,407.21,11:30:02,9/22/2023,92.23,53.51,--.--
high,0,226,3.77,16.08,10.8,73,173.664,2.24,1.0745215,30:03.8,-3.2,-35.7,134,0,0,0,2.2,0,0,-0.3,-1,0,0,-0.398,0,0,6.8,0:00:53,--.--,0,--.--,--.--,22.7,49,0000:00:00,50,0,0,0,40,0,0,0,0,0,0,1,173.69,11:30:03,9/22/2023,92.25,53.06,--.--
high,0,227,3.78,15.63,18.06,77,282.2778,2.45,1.152932,30:04.8,-9.5,-54.3,147,0,0,0,2.4,0,0,-0.3,-2.1,0,0,-0.66,0,0,6.8,0:00:54,0.5,0,--.--,--.--,23.2,50,0000:00:00,50,0,0,0,40,0,0,0,0,0,0,1,282.3,11:30:04,9/22/2023,92.28,52.66,--.--
high,0,228,3.8,16.04,8.84,80,141.7936,2.15,1.192319111,30:05.8,-25.3,-42.1,175,0,0,0,2.2,0,0,-0.3,-2.6,0,0,0.245,0,0,6.8,0:00:55,1.5,0,--.--,--.--,23.8,35,0000:00:00,50,0,0,0,40,0,0,0,0,0,0,1,141.82,11:30:05,9/22/2023,92.3,52.34,--.--
high,0,229,3.82,14.6,30.06,89,438.876,2.64,1.314229111,30:06.8,1.4,5.9,153,0,0,0,2.1,0,0,-0.1,-3.1,0,0,-0.961,0,0,6.8,0:00:56,3.5,0,--.--,16,24.5,49,0000:00:00,50,0,0,0,40,0,0,0,0,0,0,1,438.97,11:30:06,9/22/2023,92.34,52,--.--
high,0,230,3.83,15.47,28.17,97,435.7899,2.64,1.435281861,30:07.8,6.6,-6.2,121,0,0,0,2.1,0,0,-0.3,-3.7,0,0,-1.127,0,0,13.4,0:00:57,4.7,0,--.--,16,25.3,49,0000:00:00,50,0,0,0,40,0,0,0,0,0,0,1,435.82,11:30:07,9/22/2023,92.35,51.71,--.--
high,0,231,3.85,16,11.63,102,186.08,2.27,1.48697075,30:08.8,4.6,-11.4,120,0,0,0,1.8,0,0,0,-3.5,0,0,-1.067,0,0,13.4,0:00:58,3.3,0,--.--,--.--,25.9,50,0000:00:00,50,0,0,0,40,0,0,0,0,0,0,1,186.14,11:30:08,9/22/2023,92.39,51.44,--.--
high,0,232,3.87,16.01,10.82,105,173.2282,2.24,1.535089694,30:09.8,9.6,-5.9,115,0,0,0,1.9,0,0,0.2,-3.1,0,0,-0.944,0,0,13.4,0:00:59,0,0,--.--,--.--,22.7,49,0000:00:00,50,0,0,0,40,0,0,0,0,0,0,1,173.26,11:30:09,9/22/2023,92.41,51.19,--.--
high,0,233,3.88,16,11.61,108,185.76,2.27,1.586689694,30:10.8,11.2,-5.9,112,0,0,0,1.9,0,0,0.1,-3.5,0,0,-1.07,0,0,13.4,0:01:00,7.5,0,--.--,22,27.7,50,0000:00:00,50,0,0,0,40,0,0,0,0,0,0,1,185.74,11:30:10,9/22/2023,92.43,50.99,--.--
high,0,234,3.9,16,10.71,111,171.36,2.23,1.634289694,30:11.8,9.2,-4.1,113,0,0,0,1.8,0,0,0,-4,0,0,-1.232,0,0,13.4,0:01:01,9.7,0,--.--,15,28.5,50,0000:00:00,50,0,0,0,40,0,0,0,0,0,0,1,171.41,11:30:11,9/22/2023,92.46,50.76,--.--
high,0,235,3.92,16.01,11.1,114,177.711,2.25,1.683653861,30:12.8,7.2,-4.6,119,0,0,0,1.7,0,0,-0.1,-4.6,0,0,-1.4,0,0,13.4,0:01:02,11,0,--.--,11,28.9,50,0000:00:00,50,0,0,0,40,0,0,0,0,0,0,1,177.72,11:30:12,9/22/2023,92.5,50.58,--.--
high,0,236,3.93,15.98,11.93,118,190.6414,2.28,1.736609806,30:13.8,10.5,-6,118,0,0,0,1.6,0,0,0,-4.9,0,0,-1.482,0,0,20.5,0:01:03,12.2,0,--.--,7,29.2,50,0000:00:00,50,0,0,0,40,0,0,0,0,0,0,1,190.68,11:30:13,9/22/2023,92.52,50.43,--.--
high,0,237,3.95,15.99,11.73,121,187.5627,2.27,1.788710556,30:14.8,8.7,-6.4,118,0,0,0,1.4,0,0,0,-4.8,0,0,-1.478,0,0,20.5,0:01:04,13,0,--.--,6,29.5,50,0000:00:00,50,0,0,0,40,0,0,0,0,0,0,1,187.6,11:30:14,9/22/2023,92.53,50.25,--.--
high,0,238,3.97,15.99,12.23,124,195.5577,2.29,1.843032139,30:15.8,7.7,-9,118,0,0,0,1.3,0,0,0,-5,0,0,-1.542,0,0,32.2,0:01:05,0,0,--.--,--.--,22.7,50,0000:00:00,50,0,0,0,40,0,0,0,0,0,0,1,195.53,11:30:15,9/22/2023,92.55,50.13,--.--
high,0,239,3.98,15.97,11.81,127,188.6057,2.28,1.895422611,30:16.8,8.9,-8.6,119,0,0,0,1.2,0,0,-0.1,-5.5,0,0,-1.68,0,0,45.5,0:01:06,14.2,0,--.--,4,30.1,50,0000:00:00,50,0,0,0,40,0,0,0,0,0,0,1,188.59,11:30:16,9/22/2023,92.59,50,--.--
high,0,240,4,15.96,12.37,131,197.4252,2.3,1.950262944,30:17.8,9.4,-3.3,116,0,0,0,1,0,0,-0.1,-6,0,0,-1.836,0,0,45.5,0:01:07,15.2,0,--.--,2,30.3,50,0000:00:00,50,0,0,0,40,0,0,0,0,0,0,1,197.45,11:30:17,9/22/2023,92.59,49.87,--.--
high,0,241,4.02,15.97,10.76,136,171.8372,2.24,1.9979955,30:18.8,5.6,-1.6,119,0,0,0,0.8,0,0,0,-6.1,0,0,-1.865,0,0,45.5,0:01:08,15.8,0,--.--,1,30.6,50,0000:00:00,50,0,0,0,40,0,0,0,0,0,0,1,171.88,11:30:18,9/22/2023,92.62,49.78,--.--
high,0,242,4.03,15.98,11.59,139,185.2082,2.27,2.049442222,30:19.8,10.6,-4.3,117,0,0,0,0.6,0,0,0,-6.1,0,0,-1.862,0,0,45.5,0:01:09,16.5,0,--.--,0,30.9,49,0000:00:00,50,0,0,0,40,0,0,0,0,0,0,1,185.22,11:30:19,9/22/2023,92.62,49.69,--.--
high,0,243,4.05,16.02,10.69,142,171.2538,2.23,2.097012722,30:20.8,8.4,2,117,0,0,0,0.4,0,0,0,-6.2,0,0,-1.896,0,0,45.5,0:01:10,17.1,0,--.--,0,31.4,49,0000:00:00,50,0,0,0,40,0,0,0,0,0,0,1,171.2,11:30:20,9/22/2023,92.68,49.6,--.--
high,0,244,4.07,16.01,10.74,145,171.9474,2.24,2.144775889,30:21.8,8.3,-0.7,117,0,0,0,0.2,0,0,0,-6.5,0,0,-1.979,0,0,76.5,0:01:11,17.8,0,--.--,0,31.8,49,0000:00:00,50,0,0,0,40,0,0,0,0,0,0,1,171.96,11:30:21,9/22/2023,92.7,49.5,--.--
high,0,245,4.08,16.01,10.76,148,172.2676,2.24,2.192628,30:22.8,9.4,0.6,117,0,0,0,0.1,0,0,0,-6.6,0,0,-2.001,0,0,76.5,0:01:12,18.6,0,--.--,359,32.1,49,0000:00:00,50,0,0,0,40,0,0,0,0,0,0,1,172.3,11:30:22,9/22/2023,92.73,49.41,--.--
high,0,246,4.1,16.01,10.69,151,171.1469,2.23,2.240168806,30:23.8,9.3,0.9,116,0,0,0,0.2,0,0,0,-6.7,0,0,-2.057,0,0,76.5,0:01:13,18.8,0,--.--,359,32.3,49,0000:00:00,50,0,0,0,40,0,0,0,0,0,0,1,171.16,11:30:23,9/22/2023,92.75,49.33,--.--
high,0,247,4.12,16.02,10.75,154,172.215,2.24,2.288006306,30:24.8,9.5,0.3,116,0,0,0,0.4,0,0,-0.1,-7.1,0,0,-2.182,0,0,76.5,0:01:14,19.3,0,--.--,360,32.8,49,0000:00:00,50,0,0,0,40,0,0,0,0,0,0,1,172.16,11:30:24,9/22/2023,92.75,49.32,--.--
high,0,248,4.13,16.01,10.77,157,172.4277,2.24,2.335902889,30:25.8,9.5,-0.8,116,0,0,0,0.6,0,0,-0.1,-7.5,0,0,-2.279,0,0,76.5,0:01:15,19.9,0,--.--,359,33.1,49,0000:00:00,50,0,0,0,40,0,0,0,0,0,0,1,172.43,11:30:25,9/22/2023,92.8,49.23,--.--
high,0,249,4.15,16.01,10.76,160,172.2676,2.24,2.383755,30:26.8,9.5,-1.7,116,0,0,0,0.8,0,0,0,-7.4,0,0,-2.251,0,0,94.3,0:01:16,0,0,--.--,--.--,22.7,49,0000:00:00,50,0,0,0,40,0,0,0,0,0,0,1,172.24,11:30:26,9/22/2023,92.84,49.17,--.--
high,0,250,4.17,16,10.92,163,174.72,2.24,2.432288333,30:27.8,9.1,-3,117,0,0,0,0.9,0,0,0.1,-7.3,0,0,-2.219,0,0,114.9,0:01:17,20.6,0,--.--,360,33.9,43,0000:00:00,50,0,0,0,40,0,0,0,0,0,0,1,174.71,11:30:27,9/22/2023,92.86,49.12,--.--
high,0,251,4.18,15.77,15.35,166,242.0695,2.38,2.499529861,30:28.8,8.5,-4.5,117,0,0,0,1.1,0,0,-0.3,-7.8,0,0,-2.394,0,0,114.9,0:01:18,21.1,0,--.--,0,34.3,30,0000:00:00,50,0,0,0,40,0,0,0,0,0,0,1,242.13,11:30:28,9/22/2023,92.88,49.1,--.--
high,0,252,4.2,15.19,27.01,173,410.2819,2.61,2.613497056,30:29.8,10.6,-6.5,117,0,0,0,1.2,0,0,-0.4,-9.2,0,0,-2.856,0,0,114.9,0:01:19,21.7,0,--.--,1,34.8,30,0000:00:00,50,0,0,0,40,0,0,0,0,0,0,1,410.36,11:30:29,9/22/2023,92.89,49.05,--.--
high,0,253,4.22,15.53,19.67,179,305.4751,2.48,2.69835125,30:30.8,8.3,-4,117,0,0,0,1.2,0,0,-0.4,-10.7,0,0,-3.303,0,0,114.9,0:01:20,23,0,--.--,360,35.6,30,0000:00:00,50,0,0,0,40,0,0,0,0,0,0,1,305.46,11:30:30,9/22/2023,92.91,49.01,--.--
high,0,254,4.23,15.18,26.61,185,403.9398,2.61,2.81055675,30:31.8,9.2,-5.5,117,0,0,0,1.3,0,0,-0.3,-11.9,0,0,-3.65,0,0,114.9,0:01:21,23.8,0,--.--,360,36.3,30,0000:00:00,50,0,0,0,40,0,0,0,0,0,0,1,403.97,11:30:31,9/22/2023,92.95,48.97,--.--
high,0,255,4.25,15.91,11.92,191,189.6472,2.28,2.863236528,30:32.8,10.9,-0.4,118,0,0,0,1.3,0,0,-0.1,-12.6,0,0,-3.865,0,0,154.7,0:01:22,19.2,0,--.--,7,34.4,49,0000:00:00,69,0,0,0,40,0,0,0,0,0,0,1,189.71,11:30:32,9/22/2023,92.97,48.96,--.--
high,0,256,4.27,15.94,10.82,194,172.4708,2.24,2.911145083,30:33.8,11,-5.8,116,0,0,0,1.3,0,0,-0.1,-13,0,0,-3.971,0,0,154.7,0:01:23,16.2,0,--.--,22,34.6,49,0000:00:00,77,0,0,0,40,0,0,0,0,0,0,1,172.43,11:30:33,9/22/2023,92.98,48.9,--.--
high,0,257,4.28,15.95,10.72,197,170.984,2.23,2.958640639,30:34.8,10.2,-5.8,116,0,0,0,1.3,0,0,-0.1,-13.3,0,0,-4.052,0,0,161.3,0:01:24,16.9,0,--.--,29,36.1,50,0000:00:00,77,0,0,0,40,0,0,0,0,0,0,1,170.99,11:30:34,9/22/2023,93,48.88,--.--
high,0,258,4.3,16.26,3.93,199,63.9018,1.81,2.976391139,30:35.8,8.1,-3.3,116,0,0,0,1.3,0,0,-0.1,-13.4,0,0,-4.075,0,0,161.3,0:01:25,16.8,0,--.--,35,36.9,37,0000:00:00,77,0,0,0,40,0,0,0,0,0,0,1,63.92,11:30:35,9/22/2023,93.02,48.83,--.--
high,0,259,4.32,15.85,4.98,202,78.933,1.9,2.998316972,30:36.8,8.8,0.1,116,0,0,0,1.3,0,0,0,-13.6,0,0,-4.166,0,0,161.3,0:01:26,17.7,0,--.--,36,37.9,49,0000:00:00,89,0,0,0,40,0,0,0,0,0,0,1,78.95,11:30:36,9/22/2023,93.02,48.81,--.--
high,0,260,4.33,15.94,11.34,204,180.7596,2.26,3.048527972,30:37.8,10.3,-6.6,115,0,0,0,1.3,0,0,-0.1,-14,0,0,-4.273,0,0,161.3,0:01:27,17.7,0,--.--,36,37.9,49,0000:00:00,96,0,0,0,40,0,0,0,0,0,0,1,180.76,11:30:37,9/22/2023,93.04,48.79,--.--
high,0,261,4.35,16.29,0.65,207,10.5885,1.02,3.051469222,30:38.8,8.5,-3,115,0,0,0,1.2,0,0,0,-14.3,0,0,-4.366,0,0,196.6,0:01:28,19,0,--.--,39,39.5,49,0000:00:00,96,0,0,0,40,0,0,0,0,0,0,1,10.59,11:30:38,9/22/2023,93.07,48.78,--.--
high,0,262,4.37,16.3,10.88,207,177.344,2.25,3.100731444,30:39.8,8.5,0,116,0,0,0,1,0,0,-0.1,-14.5,0,0,-4.412,0,0,196.6,0:01:29,20.3,0,--.--,38,40.5,49,0000:00:00,96,0,0,0,40,0,0,0,0,0,0,1,177.3,11:30:39,9/22/2023,93.07,48.74,--.--
high,0,263,4.38,15.97,10.69,210,170.7193,2.23,3.148153472,30:40.8,9.1,-4.2,115,0,0,0,0.9,0,0,-0.1,-14.6,0,0,-4.462,0,0,196.6,0:01:30,21,0,--.--,39,41.3,49,0000:00:00,96,0,0,0,40,0,0,0,0,0,0,1,170.76,11:30:40,9/22/2023,93.07,48.74,--.--
high,0,264,4.4,15.97,10.77,213,171.9969,2.24,3.195930389,30:41.8,8.3,-2.9,115,0,0,0,0.8,0,0,-0.1,-14.8,0,0,-4.503,0,0,196.6,0:01:31,21.9,0,--.--,38,42,49,0000:00:00,96,0,0,0,40,0,0,0,0,0,0,1,171.99,11:30:41,9/22/2023,93.11,48.67,--.--
high,0,265,4.42,15.97,10.82,216,172.7954,2.24,3.243929111,30:42.8,11,-3.3,116,0,0,0,0.7,0,0,-0.1,-15,0,0,-4.58,0,0,196.6,0:01:32,22.2,0,--.--,38,42.2,49,0000:00:00,96,0,0,0,40,0,0,0,0,0,0,1,172.78,11:30:42,9/22/2023,93.13,48.67,--.--
high,0,266,4.43,15.96,10.62,219,169.4952,2.23,3.291011111,30:43.8,9.5,-2,116,0,0,0,0.6,0,0,-0.1,-15.3,0,0,-4.658,0,0,196.6,0:01:33,22.4,0,--.--,38,42.5,49,0000:00:00,96,0,0,0,40,0,0,0,0,0,0,1,169.53,11:30:43,9/22/2023,93.15,48.65,--.--
high,0,267,4.45,15.96,10.76,222,171.7296,2.23,3.338713778,30:44.8,9.2,-0.5,116,0,0,0,0.5,0,0,0,-15.4,0,0,-4.704,0,0,196.6,0:01:34,23,0,--.--,39,43.1,49,0000:00:00,96,0,0,0,40,0,0,0,0,0,0,1,171.72,11:30:44,9/22/2023,93.16,48.63,--.--
high,0,268,4.47,15.96,10.78,225,172.0488,2.24,3.386505111,30:45.8,8.4,-4,116,0,0,0,0.4,0,0,0,-15.5,0,0,-4.736,0,0,196.6,0:01:35,23.9,0,--.--,38,43.9,50,0000:00:00,96,0,0,0,40,0,0,0,0,0,0,1,172.08,11:30:45,9/22/2023,93.18,48.6,--.--
high,0,269,4.48,15.96,10.72,228,171.0912,2.23,3.434030444,30:46.8,8.9,-1.4,116,0,0,0,0.4,0,0,0,-15.7,0,0,-4.777,0,0,196.6,0:01:36,22.6,0,--.--,52,44.1,50,0000:00:00,96,0,0,0,40,0,0,0,0,0,0,1,171.11,11:30:46,9/22/2023,93.2,48.6,--.--
high,0,270,4.5,15.96,10.72,231,171.0912,2.23,3.481555778,30:47.8,9.9,-0.8,116,0,0,0,0.4,0,0,0,-15.8,0,0,-4.836,0,0,196.6,0:01:37,24.9,0,--.--,42,45.4,50,0000:00:00,96,0,0,0,40,0,0,0,0,0,0,1,171.12,11:30:47,9/22/2023,93.2,48.58,--.--
high,0,271,4.52,15.96,10.74,234,171.4104,2.23,3.529169778,30:48.8,9.2,-2,115,0,0,0,0.4,0,0,0,-16.1,0,0,-4.918,0,0,215.7,0:01:38,0,0,--.--,--.--,22.7,50,0000:00:00,96,0,0,0,40,0,0,0,0,0,0,1,171.36,11:30:48,9/22/2023,93.24,48.56,--.--
high,0,272,4.53,15.96,10.81,237,172.5276,2.24,3.577094111,30:49.8,9.2,-2.4,115,0,0,0,0.4,0,0,-0.1,-16.4,0,0,-5.019,0,0,241.9,0:01:39,26.2,0,--.--,37,46,50,0000:00:00,96,0,0,0,40,0,0,0,0,0,0,1,172.48,11:30:49,9/22/2023,93.25,48.52,--.--
high,0,273,4.55,15.96,10.77,240,171.8892,2.24,3.624841111,30:50.8,8.8,-3,115,0,0,0,0.4,0,0,-0.1,-16.7,0,0,-5.111,0,0,248.8,0:01:40,29,0,--.--,24,46.3,50,0000:00:00,96,0,0,0,40,0,0,0,0,0,0,1,171.87,11:30:50,9/22/2023,93.27,48.51,--.--
high,0,274,4.57,15.95,10.81,243,172.4195,2.24,3.672735417,30:51.8,9.3,-2.6,116,0,0,0,0.3,0,0,-0.1,-16.9,0,0,-5.16,0,0,248.8,0:01:41,27.3,0,--.--,29,45.7,50,0000:00:00,96,0,0,0,40,0,0,0,0,0,0,1,172.44,11:30:51,9/22/2023,93.29,48.51,--.--
high,0,275,4.58,15.96,10.93,246,174.4428,2.24,3.72119175,30:52.8,8.9,-6.5,115,0,0,0,0.2,0,0,-0.2,-17,0,0,-5.192,0,0,248.8,0:01:42,26.1,0,--.--,35,45.5,30,0000:00:00,96,0,0,0,40,0,0,0,0,0,0,1,174.4,11:30:52,9/22/2023,93.31,48.49,--.--
high,0,276,4.6,15.54,23.35,252,362.859,2.56,3.821985917,30:53.8,9.8,-3.3,116,0,0,0,0.1,0,0,-0.3,-17.9,0,0,-5.484,0,0,248.8,0:01:43,27.1,0,--.--,36,46.6,30,0000:00:00,96,0,0,0,40,0,0,0,0,0,0,1,362.93,11:30:53,9/22/2023,93.31,48.49,--.--
high,0,277,4.62,15.18,28.17,260,427.6206,2.63,3.940769417,30:54.8,10.2,-3.7,116,0,0,0,0,0,0,-0.3,-19.1,0,0,-5.872,0,0,304.7,0:01:44,26.9,0,--.--,39,46.9,30,0000:00:00,96,0,0,0,40,0,0,0,0,0,0,1,427.65,11:30:54,9/22/2023,93.33,48.49,--.--
high,0,278,4.63,15.44,24.56,268,379.2064,2.58,4.046104528,30:55.8,8.5,-3.7,116,0,0,0,0.1,0,0,-0.4,-20.5,0,0,-6.313,0,0,304.7,0:01:45,28.3,0,--.--,38,48,30,0000:00:00,96,0,0,0,40,0,0,0,0,0,0,1,379.3,11:30:55,9/22/2023,93.34,48.45,--.--
high,0,279,4.65,15.38,33.33,277,512.6154,2.71,4.188497694,30:56.8,9.3,-5.1,116,0,0,0,0.2,0,0,-0.4,-22,0,0,-6.752,0,0,304.7,0:01:46,30,0,--.--,31,48.5,30,0000:00:00,96,0,0,0,40,0,0,0,0,0,0,1,512.62,11:30:56,9/22/2023,93.36,48.45,--.--
high,0,280,4.67,15.28,34.25,286,523.34,2.72,4.333869917,30:57.8,9.8,-2.7,116,0,0,0,0.3,0,0,-0.4,-23.3,0,0,-7.131,0,0,304.7,0:01:47,30.8,0,--.--,29,48.9,30,0000:00:00,96,0,0,0,40,0,0,0,0,0,0,1,523.48,11:30:57,9/22/2023,93.36,48.43,--.--
high,0,281,4.68,15.07,28.34,294,427.0838,2.63,4.452504306,30:58.8,9.3,-3.5,116,0,0,0,0.3,0,0,-0.4,-24.4,0,0,-7.491,0,0,311.8,0:01:48,31.3,0,--.--,28,49.3,30,0000:00:00,96,0,0,0,40,0,0,0,0,0,0,1,427.03,11:30:58,9/22/2023,93.36,48.43,--.--
high,0,282,4.7,15.45,25.72,302,397.374,2.6,4.562885972,30:59.8,9.6,-3.8,116,0,0,0,0.3,0,0,-0.4,-25.6,0,0,-7.841,0,0,311.8,0:01:49,31.3,0,--.--,30,49.5,30,0000:00:00,96,0,0,0,40,0,0,0,0,0,0,1,397.37,11:30:59,9/22/2023,93.4,48.42,--.--
high,0,283,4.72,15.15,37.35,310,565.8525,2.75,4.720067222,31:00.8,9.3,-3.5,116,0,0,0,0.3,0,0,-0.4,-26.7,0,0,-8.195,0,0,373.5,0:01:50,30.4,0,--.--,37,49.9,30,0000:00:00,96,0,0,0,40,0,0,0,0,0,0,1,565.96,11:31:00,9/22/2023,93.42,48.42,--.--
high,0,284,4.73,15.5,25.34,319,392.77,2.59,4.82917,31:01.8,9,-4.3,116,0,0,0,0.2,0,0,-0.4,-28,0,0,-8.58,0,0,373.5,0:01:51,31.8,0,--.--,35,51,30,0000:00:00,96,0,0,0,40,0,0,0,0,0,0,1,392.69,11:31:01,9/22/2023,93.43,48.42,--.--
high,0,285,4.75,15.43,27.33,328,421.7019,2.63,4.946309417,31:02.8,9.2,-2.4,116,0,0,0,0.3,0,0,-0.4,-29.4,0,0,-9.007,0,0,373.5,0:01:52,31.2,0,--.--,38,50.9,30,0000:00:00,96,0,0,0,40,0,0,0,0,0,0,1,421.78,11:31:02,9/22/2023,93.45,48.38,--.--
high,0,286,4.77,15.45,22.97,334,354.8865,2.55,5.044889,31:03.8,11.5,-2.1,115,0,0,0,0.4,0,0,-0.3,-30.6,0,0,-9.364,0,0,373.5,0:01:53,32,0,--.--,38,51.6,32,0000:00:00,96,0,0,0,40,0,0,0,0,0,0,1,354.89,11:31:03,9/22/2023,93.47,48.38,--.--
high,0,287,4.78,15.54,20.55,338,319.347,2.5,5.1335965,31:04.8,9.8,-2.3,116,0,0,0,0.3,0,0,-0.4,-31.9,0,0,-9.766,0,0,373.5,0:01:54,32.7,0,--.--,37,52.2,30,0000:00:00,96,0,0,0,40,0,0,0,0,0,0,1,319.31,11:31:04,9/22/2023,93.47,48.42,--.--
high,0,288,4.8,15.52,22.4,344,347.648,2.54,5.230165389,31:05.8,9.1,-4.4,116,0,0,0,0.4,0,0,-0.4,-33.3,0,0,-10.202,0,0,436.7,0:01:55,32.8,0,--.--,37,52.2,44,0000:00:00,96,0,0,0,40,0,0,0,0,0,0,1,347.56,11:31:05,9/22/2023,93.49,48.42,--.--
high,0,289,4.82,15.81,11.8,349,186.558,2.27,5.281987056,31:06.8,9.9,-2.9,117,0,0,0,0.5,0,0,-0.2,-34.1,0,0,-10.415,0,0,436.7,0:01:56,33.5,0,--.--,36,52.7,34,0000:00:00,96,0,0,0,40,0,0,0,0,0,0,1,186.58,11:31:06,9/22/2023,93.49,48.36,--.--
high,0,290,4.83,15.62,17.69,353,276.3178,2.44,5.358742,31:07.8,10.6,-6.2,117,0,0,0,0.5,0,0,-0.3,-34.9,0,0,-10.664,0,0,436.7,0:01:57,33.1,0,--.--,37,52.4,34,0000:00:00,96,0,0,0,40,0,0,0,0,0,0,1,276.35,11:31:07,9/22/2023,93.49,48.38,--.--
high,0,291,4.85,15.64,18.01,358,281.6764,2.45,5.436985444,31:08.8,9.2,-3.9,118,0,0,0,0.5,0,0,-0.2,-35.8,0,0,-10.932,0,0,436.7,0:01:58,33.2,0,--.--,35,52.3,50,0000:00:00,96,0,0,0,40,0,0,0,0,0,0,1,281.66,11:31:08,9/22/2023,93.52,48.36,--.--
high,0,292,4.87,16.15,0.46,360,7.429,0.87,5.439049056,31:09.8,9.7,-2.6,118,0,0,0,0.3,0,0,0,-36.2,0,0,-11.023,0,0,436.7,0:01:59,33.7,0,--.--,32,52.3,50,0000:00:00,96,0,0,0,40,0,0,0,0,0,0,1,7.43,11:31:09,9/22/2023,93.52,48.36,--.--
high,0,293,4.88,16.19,0.72,360,11.6568,1.07,5.442287056,31:10.8,10.9,-6.1,115,0,0,0,0.1,0,0,0,-36.2,0,0,-11.022,0,0,436.7,0:02:00,33.5,0,--.--,31,51.9,50,0000:00:00,96,0,0,0,40,0,0,0,0,0,0,1,11.65,11:31:10,9/22/2023,93.52,48.38,--.--
high,0,294,4.9,16.2,0.8,360,12.96,1.11,5.445887056,31:11.8,9.9,-3.5,114,0,0,0,0.1,0,0,0.1,-36,0,0,-10.982,0,0,436.7,0:02:01,33.1,0,--.--,31,51.6,50,0000:00:00,96,0,0,0,40,0,0,0,0,0,0,1,12.96,11:31:11,9/22/2023,93.52,48.38,--.--
high,0,295,4.92,16.2,1.02,361,16.524,1.22,5.450477056,31:12.8,9.5,-1.8,114,0,0,0,0,0,0,0,-36,0,0,-10.977,0,0,436.7,0:02:02,33.2,0,--.--,31,51.6,50,0000:00:00,96,0,0,0,40,0,0,0,0,0,0,1,16.53,11:31:12,9/22/2023,93.52,48.36,--.--
high,0,296,4.93,16.21,0.99,361,16.0479,1.21,5.454934806,31:13.8,9.5,-2.8,114,0,0,0,0,0,0,0,-36.1,0,0,-11.001,0,0,436.7,0:02:03,33.1,0,--.--,32,51.6,50,0000:00:00,96,0,0,0,40,0,0,0,0,0,0,1,16.05,11:31:13,9/22/2023,93.56,48.38,--.--
high,0,297,4.95,16.22,0.96,361,15.5712,1.19,5.459260139,31:14.8,8.8,-3.8,117,0,0,0,0.2,0,0,0,-36.1,0,0,-10.995,0,0,436.7,0:02:04,33.2,0,--.--,32,51.8,50,0000:00:00,96,0,0,0,40,0,0,0,0,0,0,1,15.57,11:31:14,9/22/2023,93.58,48.38,--.--
high,0,298,4.97,15.91,10.96,363,174.3736,2.24,5.50769725,31:15.8,12,-7.3,117,0,0,0,0.5,0,0,0,-36.1,0,0,-11.002,0,0,436.7,0:02:05,33.1,0,--.--,34,52,50,0000:00:00,96,0,0,0,40,0,0,0,0,0,0,1,174.38,11:31:15,9/22/2023,93.58,48.38,--.--
high,0,299,4.98,15.9,10.97,366,174.423,2.24,5.556148083,31:16.8,7.5,-15.2,112,0,0,0,0.5,0,0,-0.1,-36.1,0,0,-11.009,0,0,469.4,0:02:06,0,0,--.--,--.--,22.7,50,0000:00:00,96,0,0,0,40,0,0,0,0,0,0,1,174.41,11:31:16,9/22/2023,93.6,48.36,--.--
high,0,300,5,15.9,10.92,369,173.628,2.24,5.604378083,31:17.8,11.4,-4.8,115,0,0,0,0.5,0,0,0,-36.3,0,0,-11.074,0,0,502.9,0:02:07,33.5,0,--.--,33,52.3,50,0000:00:00,96,0,0,0,40,0,0,0,0,0,0,1,173.63,11:31:17,9/22/2023,93.6,48.36,--.--
high,0,301,5.02,15.9,11.02,372,175.218,2.24,5.65304975,31:18.8,11.6,-7.2,114,0,0,0,0.5,0,0,-0.1,-36.6,0,0,-11.173,0,0,502.9,0:02:08,33,0,--.--,34,51.9,50,0000:00:00,96,0,0,0,40,0,0,0,0,0,0,1,175.18,11:31:18,9/22/2023,93.61,48.36,--.--
high,0,302,5.03,15.9,11.1,375,176.49,2.25,5.70207475,31:19.8,9,-9.5,114,0,0,0,0.5,0,0,-0.1,-36.9,0,0,-11.267,0,0,502.9,0:02:09,33,0,--.--,32,51.6,50,0000:00:00,96,0,0,0,40,0,0,0,0,0,0,1,176.49,11:31:19,9/22/2023,93.63,48.36,--.--
high,0,303,5.05,15.9,11.02,378,175.218,2.24,5.750746417,31:20.8,12.8,-9.8,113,0,0,0,0.5,0,0,-0.2,-37.2,0,0,0.076,0,0,502.9,0:02:10,32.2,0,--.--,31,50.6,39,0000:00:00,96,0,0,0,40,0,0,0,0,0,0,1,175.17,11:31:20,9/22/2023,93.63,48.36,--.--
high,0,304,5.07,15.76,14.48,382,228.2048,2.36,5.814136639,31:21.8,10.3,-10.6,112,0,0,0,0.2,0,0,0,-37.8,0,0,0.06,0,0,502.9,0:02:11,32.3,0,--.--,29,50.3,65,0000:00:00,96,0,0,0,40,0,0,0,0,0,0,1,228.18,11:31:21,9/22/2023,93.63,48.36,--.--
high,0,305,5.08,16.02,6.36,383,101.8872,2.01,5.842438639,31:22.8,13.6,-8,105,0,0,0,0.1,0,0,0.3,-37.5,0,0,0.169,0,0,568.3,0:02:12,32,0,--.--,28,50,70,0000:00:00,96,0,0,0,40,0,0,0,0,0,0,1,101.89,11:31:22,9/22/2023,93.65,48.36,--.--
high,0,306,5.1,15.9,12.11,386,192.549,2.28,5.895924472,31:23.8,15.8,-12.3,103,0,0,0,0.3,0,0,0,-36.8,0,0,-11.197,0,0,568.3,0:02:13,31.8,0,--.--,26,49.4,68,0000:00:00,96,0,0,0,40,0,0,0,0,0,0,1,192.6,11:31:23,9/22/2023,93.65,48.36,--.--
high,0,307,5.12,15.81,14.68,390,232.0908,2.37,5.960394139,31:24.8,11.6,-7.9,98,0,0,0,0.1,0,0,0.1,-36.3,0,0,-11.05,0,0,568.3,0:02:14,31.5,0,--.--,25,48.7,50,0000:00:00,97,0,0,0,40,0,0,0,0,0,0,1,232.12,11:31:24,9/22/2023,93.65,48.36,--.--
high,0,308,5.13,16.21,1.29,390,20.9109,1.32,5.966202722,31:25.8,16.2,-5.8,98,0,0,0,0.2,0,0,0.1,-36,0,0,-10.96,0,0,568.3,0:02:15,31.2,0,--.--,23,48.2,50,0000:00:00,65,0,0,0,40,0,0,0,0,0,0,1,20.91,11:31:25,9/22/2023,93.65,48.36,--.--
high,0,309,5.15,15.89,11.27,391,179.0803,2.25,6.01594725,31:26.8,16.5,-10.3,101,0,0,0,0.3,0,0,-0.1,-35.8,0,0,-10.933,0,0,568.3,0:02:16,31.4,0,--.--,22,48,49,0000:00:00,62,0,0,0,40,0,0,0,0,0,0,1,179.14,11:31:26,9/22/2023,93.69,48.36,--.--
high,0,310,5.17,15.91,10.84,394,172.4644,2.24,6.063854028,31:27.8,15.6,-9.1,101,0,0,0,0.5,0,0,0.1,-36,0,0,-10.956,0,0,600.4,0:02:17,0,0,--.--,--.--,22.7,56,0000:00:00,62,0,0,0,40,0,0,0,0,0,0,1,172.51,11:31:27,9/22/2023,93.69,48.36,--.--
high,0,311,5.18,15.74,15.51,398,244.1274,2.39,6.131667194,31:28.8,17.7,-8.6,100,0,0,0,0.5,0,0,0.2,-35.6,0,0,-10.82,0,0,631.7,0:02:18,31,0,--.--,20,47.3,64,0000:00:00,62,0,0,0,40,0,0,0,0,0,0,1,244.17,11:31:28,9/22/2023,93.69,48.36,--.--
high,0,312,5.2,15.59,20.57,404,320.6863,2.51,6.220746722,31:29.8,13.4,-9.5,98,0,0,0,0.6,0,0,0.2,-34.9,0,0,-10.599,0,0,631.7,0:02:19,30.3,0,--.--,20,46.6,64,0000:00:00,62,0,0,0,40,0,0,0,0,0,0,1,320.75,11:31:29,9/22/2023,93.7,48.36,--.--
high,0,313,5.22,15.51,22.4,410,347.424,2.54,6.317253389,31:30.8,12.7,-8.9,99,0,0,0,0.6,0,0,0,-34.4,0,0,-10.466,0,0,631.7,0:02:20,29.1,0,--.--,18,45.1,51,0000:00:00,62,0,0,0,40,0,0,0,0,0,0,1,347.51,11:31:30,9/22/2023,93.7,48.36,--.--
high,0,314,5.23,15.8,13.12,414,207.296,2.32,6.374835611,31:31.8,16.6,-9.3,99,0,0,0,0.5,0,0,0.1,-34.2,0,0,-10.418,0,0,631.7,0:02:21,27.9,0,--.--,17,43.9,60,0000:00:00,62,0,0,0,40,0,0,0,0,0,0,1,207.32,11:31:31,9/22/2023,93.72,48.36,--.--
high,0,315,5.25,15.84,14.45,419,228.888,2.36,6.438415611,31:32.8,14.1,-12.2,97,0,0,0,0.3,0,0,0,-33.9,0,0,-10.321,0,0,631.7,0:02:22,27.2,0,--.--,16,43,56,0000:00:00,62,0,0,0,40,0,0,0,0,0,0,1,228.84,11:31:32,9/22/2023,93.74,48.36,--.--
high,0,316,5.27,15.85,11.49,422,182.1165,2.26,6.489003528,31:33.8,13.3,-9,98,0,0,0,0.3,0,0,-0.1,-33.9,0,0,-10.332,0,0,689.7,0:02:23,26.7,0,--.--,15,42.4,50,0000:00:00,62,0,0,0,40,0,0,0,0,0,0,1,182.14,11:31:33,9/22/2023,93.76,48.36,--.--
high,0,317,5.28,15.87,11.17,425,177.2679,2.25,6.538244611,31:34.8,18,-8.1,93,0,0,0,0.3,0,0,-0.1,-34.2,0,0,-10.418,0,0,689.7,0:02:24,26.4,0,--.--,15,42,66,0000:00:00,62,0,0,0,40,0,0,0,0,0,0,1,177.23,11:31:34,9/22/2023,93.76,48.34,--.--
high,0,318,5.3,15.84,12.46,429,197.3664,2.3,6.593068611,31:35.8,19.1,-3.1,91,0,0,0,0.2,0,0,-0.1,-34.2,0,0,-10.447,0,0,689.7,0:02:25,25.9,0,--.--,16,41.8,50,0000:00:00,62,0,0,0,40,0,0,0,0,0,0,1,197.34,11:31:35,9/22/2023,93.76,48.36,--.--
high,0,319,5.32,15.85,11.69,432,185.2865,2.27,6.644537083,31:36.8,19.8,-5.2,91,0,0,0,0.2,0,0,-0.1,-34.6,0,0,-10.568,0,0,689.7,0:02:26,25.8,0,--.--,15,41.5,56,0000:00:00,62,0,0,0,40,0,0,0,0,0,0,1,185.23,11:31:36,9/22/2023,93.78,48.34,--.--
high,0,320,5.33,15.54,21.52,437,334.4208,2.52,6.73743175,31:37.8,19.3,-4.7,86,0,0,0,0.1,0,0,0,-34.8,0,0,-10.611,0,0,689.7,0:02:27,26,0,--.--,14,41.4,53,0000:00:00,62,0,0,0,40,0,0,0,0,0,0,1,334.53,11:31:37,9/22/2023,93.78,48.34,--.--
high,0,321,5.35,15.6,19.47,441,303.732,2.48,6.82180175,31:38.8,18.5,-5,84,0,0,0,0.2,0,0,0,-34.9,0,0,-10.637,0,0,716.4,0:02:28,0,0,--.--,--.--,22.7,57,0000:00:00,62,0,0,0,40,0,0,0,0,0,0,1,303.63,11:31:38,9/22/2023,93.79,48.34,--.--
high,0,322,5.37,15.8,12.38,445,195.604,2.29,6.876136194,31:39.8,14.3,-6.7,85,0,0,0,0.3,0,0,0,-35,0,0,-10.66,0,0,742.2,0:02:29,26.1,0,--.--,13,41.3,53,0000:00:00,62,0,0,0,40,0,0,0,0,0,0,1,195.57,11:31:39,9/22/2023,93.81,48.34,--.--
high,0,323,5.38,15.84,12.05,449,190.872,2.28,6.929156194,31:40.8,14.2,-4.8,83,0,0,0,0.4,0,0,0,-35,0,0,-10.66,0,0,742.2,0:02:30,26.4,0,--.--,11,41.2,53,0000:00:00,62,0,0,0,40,0,0,0,0,0,0,1,190.85,11:31:40,9/22/2023,93.81,48.34,--.--
high,0,324,5.4,15.82,11.77,452,186.2014,2.27,6.980878806,31:41.8,13.9,-7,92,0,0,0,0.4,0,0,0,-34.8,0,0,-10.596,0,0,742.2,0:02:31,26.2,0,--.--,10,40.8,50,0000:00:00,62,0,0,0,40,0,0,0,0,0,0,1,186.15,11:31:41,9/22/2023,93.81,48.34,--.--
high,0,325,5.42,15.86,11.45,456,181.597,2.26,7.031322417,31:42.8,14.4,-5,73,0,0,0,0.5,0,0,0,-34.6,0,0,-10.542,0,0,742.2,0:02:32,26.1,0,--.--,10,40.6,50,0000:00:00,62,0,0,0,40,0,0,0,0,0,0,1,181.55,11:31:42,9/22/2023,93.81,48.34,--.--
high,0,326,5.43,15.85,11.18,459,177.203,2.25,7.080545472,31:43.8,16.6,-6,75,0,0,0,0.4,0,0,0.1,-34.6,0,0,-10.544,0,0,742.2,0:02:33,25.6,0,--.--,9,40.1,70,0000:00:00,62,0,0,0,40,0,0,0,0,0,0,1,177.16,11:31:43,9/22/2023,93.85,48.34,--.--
high,0,327,5.45,15.51,22.41,463,347.5791,2.54,7.177095222,31:44.8,18.2,-7.9,75,0,0,0,0.4,0,0,0.1,-34.3,0,0,-10.441,0,0,742.2,0:02:34,25,0,--.--,9,39.6,59,0000:00:00,62,0,0,0,40,0,0,0,0,0,0,1,347.51,11:31:44,9/22/2023,93.87,48.34,--.--
high,0,328,5.47,15.65,13.59,468,212.6835,2.33,7.236173972,31:45.8,12.7,-7.1,75,0,0,0,0.4,0,0,0,-34.3,0,0,-10.473,0,0,742.2,0:02:35,24.9,0,--.--,9,39.3,50,0000:00:00,62,0,0,0,40,0,0,0,0,0,0,1,212.63,11:31:45,9/22/2023,93.87,48.34,--.--
high,0,329,5.48,15.8,12.33,471,194.814,2.29,7.290288972,31:46.8,15.3,-3.5,75,0,0,0,0.4,0,0,-0.1,-34.8,0,0,-10.62,0,0,742.2,0:02:36,24.4,0,--.--,7,38.6,57,0000:00:00,62,0,0,0,40,0,0,0,0,0,0,1,194.84,11:31:46,9/22/2023,93.88,48.33,--.--
high,0,330,5.5,15.78,13.57,475,214.1346,2.33,7.349770806,31:47.8,14.6,-4,75,0,0,0,0.4,0,0,-0.1,-35.1,0,0,-10.715,0,0,742.2,0:02:37,24.3,0,--.--,6,38.3,56,0000:00:00,62,0,0,0,40,0,0,0,0,0,0,1,214.16,11:31:47,9/22/2023,93.9,48.33,--.--
high,0,331,5.52,15.77,12.96,479,204.3792,2.31,7.406542806,31:48.8,15.2,-5.2,74,0,0,0,0.4,0,0,0,-35.2,0,0,-10.723,0,0,742.2,0:02:38,23.1,0,--.--,5,37,60,0000:00:00,62,0,0,0,40,0,0,0,0,0,0,1,204.41,11:31:48,9/22/2023,93.9,48.34,--.--
high,0,332,5.53,15.71,14.88,483,233.7648,2.37,7.471477472,31:49.8,16.7,-4,74,0,0,0,0.3,0,0,0.2,-34.9,0,0,-10.608,0,0,767.9,0:02:39,0,0,--.--,--.--,22.7,63,0000:00:00,62,0,0,0,40,0,0,0,0,0,0,1,233.71,11:31:49,9/22/2023,93.92,48.33,--.--
high,0,333,5.55,16.12,3.12,485,50.2944,1.7,7.485448139,31:50.8,15.8,-5.3,73,0,0,0,0.3,0,0,0.2,-34.2,0,0,-10.373,0,0,790.6,0:02:40,22.6,0,--.--,4,36.4,59,0000:00:00,62,0,40,0,40,0,0,0,0,0,0,1,50.29,11:31:50,9/22/2023,93.92,48.34,--.--
high,0,334,5.57,16.08,3.35,486,53.868,1.73,7.500411472,31:51.8,15.5,-3.6,73,0,0,0,0.2,0,0,0.2,-33.4,0,0,-10.136,0,0,790.6,0:02:41,22.5,0,--.--,4,36.3,53,0000:00:00,62,0,70,0,40,0,0,0,0,0,0,1,53.86,11:31:51,9/22/2023,93.94,48.34,--.--
high,0,335,5.58,16.1,4.28,487,68.908,1.84,7.519552583,31:52.8,16,-0.2,77,0,0,0,0.1,0,0,0.1,-32.8,0,0,-9.977,0,0,790.6,0:02:42,21.8,0,--.--,5,35.9,49,0000:00:00,62,0,80,0,40,0,0,0,0,0,0,1,68.9,11:31:52,9/22/2023,93.94,48.33,--.--
high,0,336,5.6,15.76,14.11,490,222.3736,2.35,7.581323028,31:53.8,14.9,-7.2,76,0,0,0,0.2,0,0,-0.1,-32.7,0,0,-9.987,0,0,790.6,0:02:43,21.9,0,--.--,7,36.4,49,0000:00:00,62,0,80,0,40,0,0,0,0,0,0,1,222.37,11:31:53,9/22/2023,93.94,48.34,--.--
high,0,337,5.62,15.7,15.43,495,242.251,2.38,7.648614972,31:54.8,16.5,-3.3,76,0,0,0,0.3,0,0,-0.1,-33,0,0,-10.09,0,0,790.6,0:02:44,21.5,0,--.--,8,36.4,50,0000:00:00,62,0,80,0,40,0,0,0,0,0,0,1,242.24,11:31:54,9/22/2023,93.97,48.34,--.--
high,0,338,5.63,15.64,18.09,499,282.9276,2.45,7.727205972,31:55.8,16,-2.5,75,0,0,0,0.4,0,0,-0.1,-33.5,0,0,-10.247,0,0,834.9,0:02:45,21.7,0,--.--,8,36.6,50,0000:00:00,62,0,80,0,40,0,0,0,0,0,0,1,282.87,11:31:55,9/22/2023,93.97,48.34,--.--
high,0,339,5.65,15.61,18.42,504,287.5362,2.46,7.807077139,31:56.8,15.6,-3.6,75,0,0,0,0.5,0,0,-0.1,-34.1,0,0,-10.402,0,0,834.9,0:02:46,21.5,0,--.--,8,36.4,57,0000:00:00,62,0,80,0,40,0,0,0,0,0,0,1,287.54,11:31:56,9/22/2023,93.97,48.34,--.--
high,0,340,5.67,15.6,18.75,510,292.5,2.47,7.888327139,31:57.8,15.5,-5.5,75,0,0,0,0.3,0,0,0,-34.3,0,0,-10.458,0,0,834.9,0:02:47,21.7,0,--.--,8,36.6,64,0000:00:00,62,0,80,0,40,0,0,0,0,0,0,1,292.54,11:31:57,9/22/2023,93.97,48.34,--.--
high,0,341,5.68,15.62,19.17,515,299.4354,2.48,7.971503639,31:58.8,14.2,-7,75,0,0,0,0.3,0,0,0,-34.1,0,0,-10.413,0,0,834.9,0:02:48,21.8,0,--.--,6,36.2,59,0000:00:00,62,0,80,0,40,0,0,0,0,0,0,1,299.45,11:31:58,9/22/2023,94.01,48.34,--.--
high,0,342,5.7,15.63,17.02,521,266.0226,2.42,8.045398806,31:59.8,15.1,-6.1,75,0,0,0,0.2,0,0,0,-33.9,0,0,-10.347,0,0,834.9,0:02:49,21.8,0,--.--,6,36.1,60,0000:00:00,62,0,80,0,40,0,0,0,0,0,0,1,266.01,11:31:59,9/22/2023,94.01,48.34,--.--
high,0,343,5.72,15.7,14.64,526,229.848,2.36,8.109245472,32:00.8,12,-6.1,75,0,0,0,0.2,0,0,0,-33.7,0,0,-10.28,0,0,856.6,0:02:50,0,0,--.--,--.--,22.7,53,0000:00:00,62,0,80,0,40,0,0,0,0,0,0,1,229.89,11:32:00,9/22/2023,94.01,48.33,--.--
high,0,344,5.73,15.7,15.12,530,237.384,2.38,8.175185472,32:01.8,13.5,-5.4,75,0,0,0,0.1,0,0,0,-33.7,0,0,-10.27,0,0,878.4,0:02:51,22.3,0,--.--,3,36,54,0000:00:00,62,0,80,0,40,0,0,0,0,0,0,1,237.41,11:32:01,9/22/2023,94.03,48.34,--.--
high,0,345,5.75,15.71,14.43,534,226.6953,2.36,8.238156389,32:02.9,15.4,-5.6,75,0,0,0,0.1,0,0,0,-33.9,0,0,-10.308,0,0,878.4,0:02:52,21.9,0,--.--,2,35.4,62,0000:00:00,62,0,80,0,40,0,0,0,0,0,0,1,226.62,11:32:02,9/22/2023,94.05,48.33,--.--
high,0,346,5.77,15.47,25.05,540,387.5235,2.59,8.345801806,32:03.9,16.9,-4.5,75,0,0,0,0.1,0,0,0.1,-33.6,0,0,-10.261,0,0,878.4,0:02:53,22,0,--.--,2,35.4,53,0000:00:00,62,0,80,0,40,0,0,0,0,0,0,1,387.52,11:32:03,9/22/2023,94.06,48.34,--.--
high,0,347,5.78,15.7,14.35,545,225.295,2.35,8.40838375,32:04.9,15,-6.6,73,0,0,0,0.1,0,0,-0.1,-33.8,0,0,-10.285,0,0,878.4,0:02:54,22,0,--.--,1,35.1,51,0000:00:00,62,0,80,0,40,0,0,0,0,0,0,1,225.27,11:32:04,9/22/2023,94.06,48.34,--.--
high,0,348,5.8,15.71,14.32,549,224.9672,2.35,8.470874639,32:05.9,17.1,-2,75,0,0,0,0.1,0,0,-0.1,-34.2,0,0,-10.402,0,0,878.4,0:02:55,21.6,0,--.--,0,34.6,50,0000:00:00,62,0,80,0,40,0,0,0,0,0,0,1,224.95,11:32:05,9/22/2023,94.08,48.33,--.--
high,0,349,5.82,15.71,14.33,552,225.1243,2.35,8.533409167,32:06.9,18.7,-1.5,75,0,0,0,0.1,0,0,-0.1,-34.6,0,0,-10.529,0,0,878.4,0:02:56,21.1,0,--.--,359,34,50,0000:00:00,62,0,80,0,40,0,0,0,0,0,0,1,225.07,11:32:06,9/22/2023,94.08,48.33,--.--
high,0,350,5.83,15.71,14.2,556,223.082,2.35,8.595376389,32:07.9,15.6,-5.9,74,0,0,0,0.1,0,0,-0.1,-34.8,0,0,-10.599,0,0,878.4,0:02:57,21.1,0,--.--,359,34,50,0000:00:00,62,0,80,0,40,0,0,0,0,0,0,1,223.14,11:32:07,9/22/2023,94.1,48.34,--.--
high,0,351,5.85,15.64,14.64,560,228.9696,2.36,8.658979056,32:08.9,18.3,0.2,75,0,0,0,0.1,0,0,0,-34.7,0,0,-10.593,0,0,878.4,0:02:58,20.6,0,--.--,358,33.5,52,0000:00:00,62,0,80,0,40,0,0,0,0,0,0,1,229,11:32:08,9/22/2023,94.1,48.34,--.--
high,0,352,5.87,15.69,14.55,565,228.2895,2.36,8.722392806,32:09.9,17,-1.6,75,0,0,0,0.1,0,0,0,-34.5,0,0,-10.533,0,0,878.4,0:02:59,20.5,0,--.--,359,33.5,54,0000:00:00,62,0,80,0,40,0,0,0,0,0,0,1,228.26,11:32:09,9/22/2023,94.1,48.33,--.--
high,0,353,5.88,15.7,16.12,569,253.084,2.4,8.792693917,32:10.9,17.6,-5.6,73,0,0,0,0,0,0,0.1,-34.4,0,0,-10.494,0,0,878.4,0:03:00,20.2,0,--.--,358,33.2,63,0000:00:00,62,0,80,0,40,0,0,0,0,0,0,1,253.04,11:32:10,9/22/2023,94.1,48.34,--.--
high,0,354,5.9,15.48,20.34,574,314.8632,2.5,8.880155917,32:11.9,18.6,-3.2,74,0,0,0,0,0,0,0.1,-34.2,0,0,-10.422,0,0,900.3,0:03:01,0,0,--.--,--.--,22.7,61,0000:00:00,62,0,80,0,40,0,0,0,0,0,0,1,314.84,11:32:11,9/22/2023,94.1,48.33,--.--
high,0,355,5.92,15.64,17.98,579,281.2072,2.45,8.958269028,32:12.9,17.7,-5,74,0,0,0,0.1,0,0,0.1,-34.1,0,0,-10.392,0,0,919.9,0:03:02,19.1,0,--.--,358,32.3,59,0000:00:00,62,0,80,0,40,0,0,0,0,0,0,1,281.14,11:32:12,9/22/2023,94.14,48.33,--.--
high,0,356,5.93,15.63,16.32,583,255.0816,2.41,9.029125028,32:13.9,16.8,-4.3,74,0,0,0,0.1,0,0,0,-34.2,0,0,-10.413,0,0,919.9,0:03:03,19.1,0,--.--,358,32.3,57,0000:00:00,62,0,80,0,40,0,0,0,0,0,0,1,255.07,11:32:13,9/22/2023,94.14,48.33,--.--
high,0,357,5.95,15.65,14.87,588,232.7155,2.37,9.093768222,32:14.9,16.4,-4,74,0,0,0,0.1,0,0,-0.1,-34.3,0,0,-10.454,0,0,919.9,0:03:04,18.6,0,--.--,357,31.7,56,0000:00:00,62,0,80,0,40,0,0,0,0,0,0,1,232.79,11:32:14,9/22/2023,94.15,48.33,--.--
high,0,358,5.97,15.67,14.96,592,234.4232,2.37,9.158885778,32:15.9,16,-3.9,73,0,0,0,0.1,0,0,0,-34.4,0,0,-10.483,0,0,919.9,0:03:05,18.6,0,--.--,357,31.7,56,0000:00:00,62,0,80,0,40,0,0,0,0,0,0,1,234.39,11:32:15,9/22/2023,94.15,48.33,--.--
high,0,359,5.98,15.67,14.88,596,233.1696,2.37,9.223655111,32:16.9,15.7,-3.4,74,0,0,0,0.1,0,0,0,-34.4,0,0,-10.481,0,0,919.9,0:03:06,19.5,0,--.--,355,31.9,53,0000:00:00,62,0,80,0,40,0,0,0,0,0,0,1,233.21,11:32:16,9/22/2023,94.15,48.33,--.--
high,0,360,6,15.67,14.93,600,233.9531,2.37,9.288642083,32:17.9,17,-1.8,75,0,0,0,0.1,0,0,0,-34.3,0,0,-10.464,0,0,919.9,0:03:07,19.5,0,--.--,354,31.5,53,0000:00:00,62,0,80,0,40,0,0,0,0,0,0,1,233.94,11:32:17,9/22/2023,94.17,48.33,--.--
high,0,361,6.02,15.69,14.26,604,223.7394,2.35,9.350791917,32:18.9,15.4,-5,74,0,0,0,0.1,0,0,0,-34.3,0,0,-10.463,0,0,919.9,0:03:08,19.4,0,--.--,352,31,50,0000:00:00,62,0,80,0,40,0,0,0,0,0,0,1,223.74,11:32:18,9/22/2023,94.17,48.33,--.--
high,0,362,6.03,15.69,14.59,608,228.9171,2.36,9.41438,32:19.9,17.4,-1.8,75,0,0,0,0,0,0,0,-34.4,0,0,-10.488,0,0,919.9,0:03:09,19.5,0,--.--,351,30.8,50,0000:00:00,62,0,80,0,40,0,0,0,0,0,0,1,228.98,11:32:19,9/22/2023,94.19,48.33,--.--
high,0,363,6.05,15.69,14.55,612,228.2895,2.36,9.47779375,32:20.9,19.1,-2.4,75,0,0,0,0.1,0,0,0,-34.6,0,0,-10.534,0,0,919.9,0:03:10,19.6,0,--.--,350,30.7,50,0000:00:00,62,0,80,0,40,0,0,0,0,0,0,1,228.26,11:32:20,9/22/2023,94.19,48.33,--.--
high,0,364,6.07,15.68,14.47,616,226.8896,2.36,9.540818639,32:21.9,14.3,-5,74,0,0,0,0.1,0,0,0,-34.8,0,0,-10.607,0,0,919.9,0:03:11,19.5,0,--.--,347,29.7,50,0000:00:00,62,0,80,0,40,0,0,0,0,0,0,1,226.95,11:32:21,9/22/2023,94.21,48.34,--.--
high,0,365,6.08,15.69,14.41,620,226.0929,2.35,9.603622222,32:22.9,19,-2.3,75,0,0,0,0.1,0,0,0,-35,0,0,-10.659,0,0,939.6,0:03:12,0,0,--.--,--.--,22.7,50,0000:00:00,62,0,80,0,40,0,0,0,0,0,0,1,226.09,11:32:22,9/22/2023,94.21,48.33,--.--
high,0,366,6.1,15.68,14.42,624,226.1056,2.35,9.666429333,32:23.9,17.4,-5.2,74,0,0,0,0.2,0,0,0,-35.2,0,0,-10.711,0,0,958.7,0:03:13,19.2,0,--.--,342,28.4,50,0000:00:00,62,0,80,0,40,0,0,0,0,0,0,1,226.16,11:32:23,9/22/2023,94.21,48.34,--.--
high,0,367,6.12,15.72,14.02,628,220.3944,2.34,9.72765,32:24.9,18.1,-4.2,75,0,0,0,0.1,0,0,0,-35.3,0,0,-10.75,0,0,958.7,0:03:14,19.6,0,--.--,341,28.5,50,0000:00:00,62,0,80,0,40,0,0,0,0,0,0,1,220.34,11:32:24,9/22/2023,94.23,48.33,--.--
high,0,368,6.13,15.73,13.06,632,205.4338,2.31,9.784714944,32:25.9,19.4,-1.2,77,0,0,0,0.2,0,0,0,-35.2,0,0,-10.73,0,0,958.7,0:03:15,19.3,0,--.--,340,27.9,50,0000:00:00,62,0,80,0,40,0,0,0,0,0,0,1,205.41,11:32:25,9/22/2023,94.23,48.33,--.--
high,0,369,6.15,15.73,13.21,636,207.7933,2.32,9.842435306,32:26.9,14.8,-7,75,0,0,0,0.2,0,0,0,-34.8,0,0,-10.624,0,0,958.7,0:03:16,19,0,--.--,339,27.3,50,0000:00:00,62,0,80,0,40,0,0,0,0,0,0,1,207.79,11:32:26,9/22/2023,94.23,48.33,--.--
high,0,370,6.17,15.73,13.27,639,208.7371,2.32,9.900417833,32:27.9,14.4,-6.2,74,0,0,0,0.2,0,0,0,-34.7,0,0,-10.58,0,0,958.7,0:03:17,19.1,0,--.--,334,26.2,50,0000:00:00,62,0,80,0,40,0,0,0,0,0,0,1,208.71,11:32:27,9/22/2023,94.24,48.33,--.--
high,0,371,6.18,15.68,15.89,643,249.1552,2.4,9.969627611,32:28.9,20.7,0.8,76,0,0,0,0.1,0,0,0,-35,0,0,-10.638,0,0,958.7,0:03:18,19.1,0,--.--,332,25.5,50,0000:00:00,62,0,80,0,40,0,0,0,0,0,0,1,249.17,11:32:28,9/22/2023,94.24,48.34,--.--
high,0,372,6.2,15.65,15.84,648,247.896,2.39,10.03848761,32:29.9,16.6,-5.6,78,0,0,0,0.2,0,0,-0.1,-35.5,0,0,-10.786,0,0,958.7,0:03:19,18.7,0,--.--,330,24.6,50,0000:00:00,62,0,80,0,40,0,0,0,0,0,0,1,247.98,11:32:29,9/22/2023,94.26,48.34,--.--
high,0,373,6.22,15.64,15.55,652,243.202,2.39,10.10604372,32:30.9,16.1,-5.9,73,0,0,0,0.2,0,0,-0.1,-36,0,0,-10.956,0,0,958.7,0:03:20,18.5,0,--.--,328,24,50,0000:00:00,62,0,80,0,40,0,0,0,0,0,0,1,243.16,11:32:30,9/22/2023,94.26,48.34,--.--
high,0,374,6.23,15.65,15.49,656,242.4185,2.38,10.17338219,32:31.9,16.6,-5.7,73,0,0,0,0.3,0,0,-0.2,-36.7,0,0,-11.162,0,0,958.7,0:03:21,18.9,0,--.--,326,23.6,50,0000:00:00,62,0,80,0,40,0,0,0,0,0,0,1,242.39,11:32:31,9/22/2023,94.26,48.33,--.--
high,0,375,6.25,15.64,15.63,660,244.4532,2.39,10.24128586,32:32.9,21,1.7,76,0,0,0,0.2,0,0,-0.1,-37.2,0,0,-11.321,0,0,965.6,0:03:22,19.7,0,--.--,322,22.7,50,0000:00:00,62,0,80,0,40,0,0,0,0,0,0,1,244.39,11:32:32,9/22/2023,94.26,48.34,--.--
high,0,376,6.27,15.63,15.71,665,245.5473,2.39,10.30949344,32:33.9,16.7,-4.9,73,0,0,0,0.1,0,0,-0.1,-37.3,0,0,-11.366,0,0,965.6,0:03:23,20.2,0,--.--,322,23,50,0000:00:00,62,0,80,0,40,0,0,0,0,0,0,1,245.63,11:32:33,9/22/2023,94.26,48.34,--.--
high,0,377,6.28,15.64,15.34,669,239.9176,2.38,10.37613722,32:34.9,16.7,-6.2,74,0,0,0,0.1,0,0,-0.1,-37.2,0,0,-11.343,0,0,1006.4,0:03:24,21.3,0,--.--,320,23.1,50,0000:00:00,62,0,80,0,40,0,0,0,0,0,0,1,239.96,11:32:34,9/22/2023,94.3,48.33,--.--
high,0,378,6.3,15.65,15.44,673,241.636,2.38,10.44325833,32:35.9,17.8,-3.5,74,0,0,0,0.1,0,0,-0.1,-37.3,0,0,-11.375,0,0,1006.4,0:03:25,22,0,--.--,320,23.1,50,0000:00:00,62,0,80,0,40,0,0,0,0,0,0,1,241.59,11:32:35,9/22/2023,94.32,48.33,--.--
high,0,379,6.32,15.65,15.31,678,239.6015,2.38,10.50981431,32:36.9,19,-2.8,75,0,0,0,0.1,0,0,-0.1,-37.7,0,0,-11.475,0,0,1006.4,0:03:26,23.3,0,--.--,319,23.5,50,0000:00:00,62,0,80,0,40,0,0,0,0,0,0,1,239.57,11:32:36,9/22/2023,94.32,48.34,--.--
high,0,380,6.33,15.64,3.3,682,51.612,1.71,10.52415097,32:37.9,21.1,-1.3,75,0,0,0,0.3,0,0,0.1,-37.9,0,0,-11.566,0,0,1006.4,0:03:27,23.8,0,--.--,317,23.2,68,0000:00:00,62,0,80,0,40,0,0,0,0,0,0,1,51.63,11:32:37,9/22/2023,94.32,48.34,--.--
high,0,381,6.35,15.67,13.82,684,216.5594,2.34,10.58430636,32:38.9,20.9,-2.5,62,0,0,0,0.2,0,0,0.2,-37.4,0,0,-11.406,0,0,1006.4,0:03:28,24.2,0,--.--,317,23.5,50,0000:00:00,62,0,80,0,40,0,0,0,0,0,0,1,216.6,11:32:38,9/22/2023,94.32,48.34,--.--
high,0,382,6.37,15.65,12.7,690,198.755,2.3,10.63951608,32:39.9,18.6,-4.1,60,0,0,0,0.2,0,0,0.1,-37,0,0,-11.288,0,0,1027.7,0:03:29,0,0,--.--,--.--,22.7,50,0000:00:00,62,0,80,0,40,0,0,0,0,0,0,1,198.7,11:32:39,9/22/2023,94.33,48.33,--.--
high,0,383,6.38,15.44,11.1,694,171.384,2.23,10.68712275,32:40.9,17.6,-4.4,63,0,0,0,0.3,0,0,0,-37,0,0,-11.261,0,0,1052.1,0:03:30,24.7,0,--.--,314,22.5,50,0000:00:00,62,0,80,0,40,0,0,0,0,0,0,1,171.35,11:32:40,9/22/2023,94.33,48.34,--.--
high,0,384,6.4,15.71,13.26,697,208.3146,2.32,10.74498792,32:41.9,19.9,-3.3,63,0,0,0,0.3,0,0,-0.1,-37.1,0,0,-11.314,0,0,1052.1,0:03:31,24.5,0,--.--,313,22.2,53,0000:00:00,62,0,80,0,40,0,0,0,0,0,0,1,208.31,11:32:41,9/22/2023,94.33,48.34,--.--
high,0,385,6.42,15.69,14.12,701,221.5428,2.35,10.80652758,32:42.9,21.8,-1.3,63,0,0,0,0.4,0,0,0,-37.1,0,0,-11.322,0,0,1052.1,0:03:32,24.5,0,--.--,312,22,54,0000:00:00,62,0,80,0,40,0,0,0,0,0,0,1,221.51,11:32:42,9/22/2023,94.35,48.34,--.--
high,0,386,6.43,15.63,18.2,706,284.466,2.45,10.88554592,32:43.9,22.4,-2.7,62,0,0,0,0.3,0,0,0,-36.9,0,0,-11.252,0,0,1052.1,0:03:33,24.3,0,--.--,312,21.6,56,0000:00:00,62,0,80,0,40,0,0,0,0,0,0,1,284.5,11:32:43,9/22/2023,94.35,48.33,--.--
high,0,387,6.45,15.61,16.74,711,261.3114,2.42,10.95813242,32:44.9,22.1,-2.7,61,0,0,0,0.3,0,0,0,-36.7,0,0,-11.192,0,0,1052.1,0:03:34,24.4,0,--.--,310,21.1,57,0000:00:00,62,0,80,0,40,0,0,0,0,0,0,1,261.24,11:32:44,9/22/2023,94.35,48.33,--.--
high,0,388,6.47,15.54,18,715,279.72,2.45,11.03583242,32:45.9,22.9,-2.8,61,0,0,0,0.2,0,0,0,-36.9,0,0,-11.23,0,0,1100.5,0:03:35,24.2,0,--.--,308,20.1,55,0000:00:00,62,0,80,0,40,0,0,0,0,0,0,1,279.77,11:32:45,9/22/2023,94.35,48.33,--.--
high,0,389,6.48,15.56,17.68,720,275.1008,2.44,11.11224931,32:46.9,22.1,-3.4,61,0,0,0,0.2,0,0,0,-37.4,0,0,-11.379,0,0,1100.5,0:03:36,24.5,0,--.--,308,20.4,60,0000:00:00,62,0,80,0,40,0,0,0,0,0,0,1,275.19,11:32:46,9/22/2023,94.37,48.34,--.--
high,0,390,6.5,15.51,20.23,726,313.7673,2.5,11.19940689,32:47.9,21.3,-1.3,54,0,0,0,0.2,0,0,0,-37.8,0,0,-11.503,0,0,1100.5,0:03:37,24.7,0,--.--,307,20.2,51,0000:00:00,62,0,80,0,40,0,0,0,0,0,0,1,313.79,11:32:47,9/22/2023,94.37,48.34,--.--
high,0,391,6.52,15.67,13.82,730,216.5594,2.34,11.25956228,32:48.9,21.8,-1,53,0,0,0,0.3,0,0,0,-37.9,0,0,-11.569,0,0,1100.5,0:03:38,24.7,0,--.--,305,19.5,57,0000:00:00,62,0,80,0,40,0,0,0,0,0,0,1,216.53,11:32:48,9/22/2023,94.37,48.34,--.--
high,0,392,6.53,15.65,13.7,734,214.405,2.33,11.31911922,32:49.9,21.2,-3,53,0,0,0,0.3,0,0,0,-37.7,0,0,-11.499,0,0,1100.5,0:03:39,25.7,0,--.--,305,19.6,55,0000:00:00,62,0,80,0,40,0,0,0,0,0,0,1,214.42,11:32:49,9/22/2023,94.39,48.33,--.--
high,0,393,6.55,15.63,15.42,738,241.0146,2.38,11.38606772,32:50.9,23.5,1.9,56,0,0,0,0.2,0,0,0.1,-37.3,0,0,-11.374,0,0,1124.7,0:03:40,0,0,--.--,--.--,22.7,57,0000:00:00,62,0,80,0,40,0,0,0,0,0,0,1,241.03,11:32:50,9/22/2023,94.39,48.34,--.--
high,0,394,6.57,15.63,15.68,742,245.0784,2.39,11.45414506,32:51.9,22.8,-0.8,54,0,0,0,0.2,0,0,0.1,-36.8,0,0,-11.239,0,0,1150.6,0:03:41,26,0,--.--,301,18.3,59,0000:00:00,62,0,80,0,40,0,0,0,0,0,0,1,245.02,11:32:51,9/22/2023,94.39,48.33,--.--
high,0,395,6.58,15.56,17.14,747,266.6984,2.43,11.52822794,32:52.9,24.5,-2.9,53,0,0,0,0.2,0,0,0.2,-36.5,0,0,-11.125,0,0,1150.6,0:03:42,26.1,0,--.--,299,17.7,62,0000:00:00,62,0,80,0,40,0,0,0,0,0,0,1,266.66,11:32:52,9/22/2023,94.39,48.33,--.--
high,0,396,6.6,15.6,16.37,751,255.372,2.41,11.59916461,32:53.9,24.5,-3,54,0,0,0,0.2,0,0,0.2,-36.2,0,0,-11.026,0,0,1150.6,0:03:43,26.2,0,--.--,298,17.5,63,0000:00:00,62,0,80,0,40,0,0,0,0,0,0,1,255.36,11:32:53,9/22/2023,94.39,48.33,--.--
high,0,397,6.62,15.57,16.72,756,260.3304,2.42,11.67147861,32:54.9,24.9,-2.5,54,0,0,0,0.1,0,0,0.1,-36,0,0,-10.975,0,0,1150.6,0:03:44,25.9,0,--.--,299,17.4,63,0000:00:00,62,0,80,0,40,0,0,0,0,0,0,1,260.38,11:32:54,9/22/2023,94.42,48.33,--.--
high,0,398,6.63,15.61,12.99,760,202.7739,2.31,11.72780469,32:55.9,21.3,-0.9,55,0,0,0,0.2,0,0,0,-35.9,0,0,-10.95,0,0,1150.6,0:03:45,25.1,0,--.--,296,16,49,0000:00:00,62,0,80,0,40,0,0,0,0,0,0,1,202.76,11:32:55,9/22/2023,94.42,48.33,--.--
high,0,399,6.65,15.69,12.94,764,203.0286,2.31,11.78420153,32:56.9,19.2,-3.5,54,0,0,0,0.2,0,0,-0.1,-36.2,0,0,-11.037,0,0,1150.6,0:03:46,25,0,--.--,296,15.9,50,0000:00:00,62,0,80,0,40,0,0,0,0,0,0,1,202.98,11:32:56,9/22/2023,94.42,48.33,--.--
high,0,400,6.67,15.69,13.12,768,205.8528,2.31,11.84138286,32:57.9,22.4,0.7,56,0,0,0,0.1,0,0,-0.1,-36.6,0,0,-11.14,0,0,1150.6,0:03:47,25.7,0,--.--,295,16,50,0000:00:00,62,0,80,0,40,0,0,0,0,0,0,1,205.83,11:32:57,9/22/2023,94.42,48.33,--.--
high,0,401,6.68,15.68,13.22,771,207.2896,2.32,11.89896331,32:58.9,23.3,-0.5,55,0,0,0,0.1,0,0,0,-36.9,0,0,-11.231,0,0,1150.6,0:03:48,26,0,--.--,294,15.8,66,0000:00:00,62,0,80,0,40,0,0,0,0,0,0,1,207.33,11:32:58,9/22/2023,94.42,48.33,--.--
high,0,402,6.7,15.36,24.45,777,375.552,2.57,12.00328331,32:59.9,24.8,-2.5,54,0,0,0,0.1,0,0,0.2,-36.5,0,0,-11.135,0,0,1150.6,0:03:49,25.6,0,--.--,294,15.5,70,0000:00:00,62,0,80,0,40,0,0,0,0,0,0,1,375.65,11:32:59,9/22/2023,94.42,48.33,--.--
high,0,403,6.72,15.54,17.98,783,279.4092,2.45,12.08089697,33:00.9,24.4,-5.2,53,0,0,0,0.1,0,0,0.1,-35.8,0,0,-10.94,0,0,1150.6,0:03:50,25.6,0,--.--,293,15.2,58,0000:00:00,62,0,80,0,40,0,0,0,0,0,0,1,279.46,11:33:00,9/22/2023,94.42,48.33,--.--
high,0,404,6.73,15.68,13.23,787,207.4464,2.32,12.13852097,33:01.9,20.4,0.2,55,0,0,0,0.2,0,0,0,-35.6,0,0,-10.847,0,0,1176.5,0:03:51,0,0,--.--,--.--,22.7,50,0000:00:00,62,0,80,0,40,0,0,0,0,0,0,1,207.41,11:33:01,9/22/2023,94.42,48.33,--.--
high,0,405,6.75,15.67,13.78,791,215.9326,2.33,12.19850225,33:02.9,22.6,1.4,56,0,0,0,0.2,0,0,0,-35.7,0,0,-10.878,0,0,1201.6,0:03:52,24.7,0,--.--,293,14.8,50,0000:00:00,62,0,80,0,40,0,0,0,0,0,0,1,215.92,11:33:02,9/22/2023,94.46,48.33,--.--
high,0,406,6.77,15.67,13.02,794,204.0234,2.31,12.25517542,33:03.9,20.5,-2,53,0,0,0,0.1,0,0,0,-35.9,0,0,-10.929,0,0,1201.6,0:03:53,24.2,0,--.--,291,13.8,50,0000:00:00,62,0,80,0,40,0,0,0,0,0,0,1,204.05,11:33:03,9/22/2023,94.46,48.33,--.--
high,0,407,6.78,15.64,14.22,798,222.4008,2.35,12.31695342,33:04.9,20.3,-2.5,53,0,0,0,0.1,0,0,-0.1,-36.1,0,0,-11.003,0,0,1201.6,0:03:54,24,0,--.--,289,13,50,0000:00:00,62,0,80,0,40,0,0,0,0,0,0,1,222.4,11:33:04,9/22/2023,94.46,48.33,--.--
high,0,408,6.8,15.65,14.44,802,225.986,2.35,12.37972731,33:05.9,19.4,-4,52,0,0,0,0.2,0,0,-0.1,-36.6,0,0,-11.137,0,0,1201.6,0:03:55,23.9,0,--.--,287,12.2,50,0000:00:00,62,0,80,0,40,0,0,0,0,0,0,1,225.96,11:33:05,9/22/2023,94.48,48.33,--.--
high,0,409,6.82,15.65,14.1,806,220.665,2.34,12.44102314,33:06.9,19.4,-4.3,51,0,0,0,0.2,0,0,-0.1,-37.1,0,0,-11.289,0,0,1201.6,0:03:56,24.1,0,--.--,288,12.6,50,0000:00:00,62,0,80,0,40,0,0,0,0,0,0,1,220.64,11:33:06,9/22/2023,94.48,48.33,--.--
high,0,410,6.83,15.64,14.34,810,224.2776,2.35,12.50332247,33:07.9,20.5,-2,52,0,0,0,0.2,0,0,-0.1,-37.6,0,0,-11.447,0,0,1250.8,0:03:57,24.1,0,--.--,285,11.5,50,0000:00:00,62,0,80,0,40,0,0,0,0,0,0,1,224.23,11:33:07,9/22/2023,94.48,48.33,--.--
high,0,411,6.85,15.62,14.97,814,233.8314,2.37,12.56827564,33:08.9,24.5,2.8,55,0,0,0,0.3,0,0,-0.1,-37.9,0,0,-11.545,0,0,1250.8,0:03:58,24.3,0,--.--,286,11.9,50,0000:00:00,62,0,80,0,40,0,0,0,0,0,0,1,233.89,11:33:08,9/22/2023,94.48,48.33,--.--
high,0,412,6.87,15.62,15.03,818,234.7686,2.37,12.63348914,33:09.9,20.5,-3,52,0,0,0,0.2,0,0,0,-37.8,0,0,-11.537,0,0,1250.8,0:03:59,25,0,--.--,283,11,50,0000:00:00,62,0,80,0,40,0,0,0,0,0,0,1,234.78,11:33:09,9/22/2023,94.48,48.34,--.--
high,0,413,6.88,15.68,13.09,822,205.2512,2.31,12.69050336,33:10.9,23.5,-3.1,51,0,0,0,0,0,0,0.2,-37.5,0,0,-11.438,0,0,1250.8,0:04:00,24.9,0,--.--,284,11.2,61,0000:00:00,62,0,80,0,40,0,0,0,0,0,0,1,205.21,11:33:10,9/22/2023,94.5,48.33,--.--
high,0,414,6.9,15.53,16.49,827,256.0897,2.41,12.76163939,33:11.9,23.5,-3.4,50,0,0,0,0,0,0,0.1,-37,0,0,-11.283,0,0,1250.8,0:04:01,25,0,--.--,283,11,60,0000:00:00,62,0,80,0,40,0,0,0,0,0,0,1,256.09,11:33:11,9/22/2023,94.5,48.33,--.--
high,0,415,6.92,15.36,21.11,832,324.2496,2.51,12.85170872,33:12.9,24.4,-1.3,50,0,0,0,0.2,0,0,0.1,-36.9,0,0,-11.256,0,0,1274.8,0:04:02,0,0,--.--,--.--,22.7,61,0000:00:00,62,0,80,0,40,0,0,0,0,0,0,1,324.33,11:33:12,9/22/2023,94.5,48.33,--.--
high,0,416,6.93,15.46,23.65,838,365.629,2.56,12.95327233,33:13.9,22,-2.3,51,0,0,0,0.2,0,0,-0.1,-37.3,0,0,-11.346,0,0,1299.7,0:04:03,25.5,0,--.--,281,10.2,48,0000:00:00,62,0,80,0,40,0,0,0,0,0,0,1,365.7,11:33:13,9/22/2023,94.51,48.33,--.--
high,0,417,6.95,15.54,17.32,843,269.1528,2.43,13.028037,33:14.9,20.5,-0.1,49,0,0,0,0.2,0,0,-0.1,-37.9,0,0,-11.542,0,0,1299.7,0:04:04,26.3,0,--.--,280,10.4,49,0000:00:00,62,0,80,0,40,0,0,0,0,0,0,1,269.24,11:33:14,9/22/2023,94.51,48.33,--.--
high,0,418,6.97,15.54,17.28,848,268.5312,2.43,13.102629,33:15.9,21.5,-0.5,50,0,0,0,0.2,0,0,-0.2,-38.4,0,0,-11.707,0,0,1299.7,0:04:05,26.7,0,--.--,280,10.4,50,0000:00:00,62,0,80,0,40,0,0,0,0,0,0,1,268.48,11:33:15,9/22/2023,94.51,48.33,--.--
high,0,419,6.98,15.54,17.48,853,271.6392,2.43,13.17808433,33:16.9,21.8,-0.5,50,0,0,0,0.1,0,0,-0.1,-38.7,0,0,-11.805,0,0,1299.7,0:04:06,27.6,0,--.--,278,10.2,50,0000:00:00,62,0,80,0,40,0,0,0,0,0,0,1,271.71,11:33:16,9/22/2023,94.51,48.34,--.--
high,0,420,7,15.53,17.4,857,270.222,2.43,13.253146,33:17.9,23.7,-0.5,53,0,0,0,0.1,0,0,-0.1,-38.9,0,0,-11.849,0,0,1299.7,0:04:07,27.8,0,--.--,277,10.2,49,0000:00:00,62,0,80,0,40,0,0,0,0,0,0,1,270.29,11:33:17,9/22/2023,94.53,48.33,--.--
high,0,421,7.02,15.55,17.1,862,265.905,2.42,13.3270085,33:18.9,25.2,-0.7,56,0,0,0,0.1,0,0,-0.1,-39,0,0,-11.894,0,0,1352.9,0:04:08,28.3,0,--.--,278,10.5,49,0000:00:00,62,0,80,0,40,0,0,0,0,0,0,1,265.85,11:33:18,9/22/2023,94.53,48.33,--.--
high,0,422,7.03,15.55,17.26,867,268.393,2.43,13.40156211,33:19.9,24.3,-1.8,56,0,0,0,0.1,0,0,-0.1,-39.4,0,0,-11.989,0,0,1352.9,0:04:09,29,0,--.--,278,11.1,50,0000:00:00,62,0,80,0,40,0,0,0,0,0,0,1,268.43,11:33:19,9/22/2023,94.53,48.34,--.--
high,0,423,7.05,15.54,17.25,872,268.065,2.43,13.47602461,33:20.9,23.2,-0.9,56,0,0,0,0.1,0,0,-0.1,-39.9,0,0,-12.138,0,0,1352.9,0:04:10,29.5,0,--.--,277,11.1,49,0000:00:00,62,0,80,0,40,0,0,0,0,0,0,1,268.01,11:33:20,9/22/2023,94.55,48.34,--.--
high,0,424,7.07,15.54,16.54,877,257.0316,2.41,13.54742228,33:21.9,24,0.2,58,0,0,0,0.1,0,0,-0.1,-40.5,0,0,-12.316,0,0,1352.9,0:04:11,30.1,0,--.--,275,10.9,49,0000:00:00,62,0,80,0,40,0,0,0,0,0,0,1,257.11,11:33:21,9/22/2023,94.55,48.34,--.--
high,0,425,7.08,15.53,18.72,881,290.7216,2.46,13.62817828,33:22.9,23.1,-6.6,72,0,0,0,0.2,0,0,-0.2,-41.2,0,0,-12.55,0,0,1352.9,0:04:12,31,0,--.--,273,11.1,50,0000:00:00,62,0,80,0,40,0,0,0,0,0,0,1,290.7,11:33:22,9/22/2023,94.55,48.34,--.--
high,0,426,7.1,15.54,16.84,886,261.6936,2.42,13.70087094,33:23.9,25.9,-2.4,71,0,0,0,0.2,0,0,-0.2,-42,0,0,-12.776,0,0,1381.1,0:04:13,0,0,--.--,--.--,22.7,54,0000:00:00,62,0,80,0,40,0,0,0,0,0,0,1,261.69,11:33:23,9/22/2023,94.55,48.34,--.--
high,0,427,7.12,15.51,18.15,891,281.5065,2.45,13.77906719,33:24.9,24.9,-6.7,68,0,0,0,0.1,0,0,0.1,-42.2,0,0,-12.862,0,0,1412.8,0:04:14,32.2,0,--.--,274,12.3,70,0000:00:00,62,0,80,0,40,0,0,0,0,0,0,1,281.58,11:33:24,9/22/2023,94.55,48.34,--.--
high,0,428,7.13,15.35,23.59,897,362.1065,2.56,13.87965233,33:25.9,25.8,-7.8,70,0,0,0,0.2,0,0,0.2,-41.5,0,0,-12.659,0,0,1412.8,0:04:15,33.3,0,--.--,273,12.9,70,0000:00:00,62,0,80,0,40,0,0,0,0,0,0,1,362.18,11:33:25,9/22/2023,94.55,48.34,--.--
high,0,429,7.15,15.05,29.64,904,446.082,2.65,14.003564,33:26.9,22.4,-14.2,67,0,0,0,0.2,0,0,0,-40.6,0,0,-12.396,0,0,1412.8,0:04:16,34.3,0,--.--,275,14.4,50,0000:00:00,62,0,80,0,40,0,0,0,0,0,0,1,446.14,11:33:26,9/22/2023,94.55,48.34,--.--
high,0,430,7.17,15.31,12.9,909,197.499,2.3,14.05842483,33:27.9,26.8,-4.5,71,0,0,0,0.2,0,0,0.1,-40.6,0,0,-12.387,0,0,1412.8,0:04:17,34,0,--.--,274,13.8,70,0000:00:00,62,0,80,0,40,0,0,0,0,0,0,1,197.5,11:33:27,9/22/2023,94.55,48.34,--.--
high,0,431,7.18,15.3,24.18,914,369.954,2.57,14.16118983,33:29.0,22.7,-3.1,71,0,0,0,0.2,0,0,0,-40.4,0,0,-12.31,0,0,1412.8,0:04:18,34.9,0,--.--,275,15,48,0000:00:00,62,0,80,0,40,0,0,0,0,0,0,1,369.93,11:33:28,9/22/2023,94.55,48.34,--.--
high,0,432,7.2,15.53,16.41,919,254.8473,2.41,14.23198075,33:30.0,23.3,-3.6,69,0,0,0,0.2,0,0,0,-40.6,0,0,-12.386,0,0,1444.5,0:04:19,0,0,--.--,--.--,22.7,70,0000:00:00,62,0,80,0,40,0,0,0,0,0,0,1,254.77,11:33:29,9/22/2023,94.55,48.34,--.--
high,0,433,7.22,15.58,14.32,925,223.1056,2.35,14.29395453,33:30.9,23.3,-5.9,68,0,0,0,0.2,0,0,0.3,-40.1,0,0,-12.238,0,0,1480.3,0:04:20,35.8,0,--.--,275,15.9,70,0000:00:00,62,0,80,0,40,0,0,0,0,0,0,1,223.06,11:33:30,9/22/2023,94.59,48.34,--.--
high,0,434,7.23,15.1,27.05,931,408.455,2.61,14.40741425,33:31.9,15.7,-12.9,82,0,0,0,0.2,0,0,0,-39.5,0,0,-12.04,0,0,1480.3,0:04:21,37.4,0,--.--,275,17.2,51,0000:00:00,62,0,80,0,40,0,0,0,0,0,0,1,408.48,11:33:31,9/22/2023,94.55,48.33,--.--
high,0,435,7.25,15.55,14.87,935,231.2285,2.36,14.47164439,33:32.9,19.1,-7.7,82,0,0,0,0.2,0,0,-0.1,-39.5,0,0,-12.023,0,0,1480.3,0:04:22,37.7,0,--.--,274,17.4,47,0000:00:00,62,0,80,0,40,0,0,0,0,0,0,1,231.3,11:33:32,9/22/2023,94.59,48.33,--.--
high,0,436,7.27,15.49,17.83,939,276.1867,2.44,14.54836292,33:33.9,19.9,-7.8,81,0,0,0,0.2,0,0,-0.1,-39.9,0,0,-12.144,0,0,1480.3,0:04:23,37.9,0,--.--,274,17.6,49,0000:00:00,62,0,80,0,40,0,0,0,0,0,0,1,276.26,11:33:33,9/22/2023,94.59,48.34,--.--
high,0,437,7.28,15.49,18.15,945,281.1435,2.45,14.62645833,33:34.9,17.6,-6.5,81,0,0,0,0.2,0,0,-0.1,-40.2,0,0,-12.264,0,0,1480.3,0:04:24,38.3,0,--.--,274,17.9,53,0000:00:00,62,0,80,0,40,0,0,0,0,0,0,1,281.11,11:33:34,9/22/2023,94.59,48.34,--.--
high,0,438,7.3,15.48,18.58,950,287.6184,2.46,14.70635233,33:36.0,20.3,-10.5,87,0,0,0,0,0,0,0,-40.4,0,0,-12.299,0,0,1555.1,0:04:25,39,0,--.--,275,18.8,50,0000:00:00,62,0,80,0,40,0,0,0,0,0,0,1,287.66,11:33:35,9/22/2023,94.6,48.34,--.--
high,0,439,7.32,15.46,18.4,955,284.464,2.45,14.78537011,33:36.9,18.4,-11.3,87,0,0,0,0,0,0,-0.1,-40.4,0,0,-12.315,0,0,1555.1,0:04:26,39.5,0,--.--,276,19.5,50,0000:00:00,62,0,80,0,40,0,0,0,0,0,0,1,284.54,11:33:36,9/22/2023,94.6,48.34,--.--
high,0,440,7.33,15.48,17.77,960,275.0796,2.44,14.86178111,33:38.0,15.2,-12,84,0,0,0,0.1,0,0,-0.1,-40.7,0,0,-12.394,0,0,1555.1,0:04:27,39.9,0,--.--,276,19.7,50,0000:00:00,62,0,80,0,40,0,0,0,0,0,0,1,275.13,11:33:37,9/22/2023,94.6,48.34,--.--
high,0,441,7.35,15.55,15.6,964,242.58,2.38,14.92916444,33:38.9,14,-14.5,80,0,0,0,0.2,0,0,-0.1,-41.1,0,0,-12.526,0,0,1555.1,0:04:28,40.8,0,--.--,276,20.7,61,0000:00:00,62,0,80,0,40,0,0,0,0,0,0,1,242.66,11:33:38,9/22/2023,94.6,48.34,--.--
high,0,442,7.37,15.16,30.12,970,456.6192,2.66,15.05600311,33:39.9,16.5,-12.4,79,0,0,0,0.2,0,0,0.1,-41.2,0,0,-12.559,0,0,1555.1,0:04:29,41,0,--.--,276,20.9,70,0000:00:00,62,0,80,0,40,0,0,0,0,0,0,1,456.68,11:33:39,9/22/2023,94.6,48.34,--.--
high,0,443,7.38,15.15,29.38,978,445.107,2.65,15.17964394,33:40.9,17.8,-13.7,79,0,0,0,0.2,0,0,0.1,-40.8,0,0,-12.437,0,0,1594.1,0:04:30,0,0,--.--,--.--,22.7,60,0000:00:00,62,0,80,0,40,0,0,0,0,0,0,1,445.14,11:33:40,9/22/2023,94.62,48.34,--.--
high,0,444,7.4,15.16,28.22,986,427.8152,2.63,15.2984815,33:41.9,17.6,-14.4,79,0,0,0,0.1,0,0,0.1,-40.4,0,0,-12.331,0,0,1635.5,0:04:31,41.8,0,--.--,276,21.5,67,0000:00:00,62,0,80,0,40,0,0,0,0,0,0,1,427.87,11:33:41,9/22/2023,94.62,48.34,--.--
high,0,445,7.42,15.44,19.1,993,294.904,2.47,15.38039928,33:42.9,13.4,-10.8,84,0,0,0,0.1,0,0,0,-40.4,0,0,-12.303,0,0,1635.5,0:04:32,42.2,0,--.--,275,21.7,52,0000:00:00,62,0,80,0,40,0,0,0,0,0,0,1,294.81,11:33:42,9/22/2023,94.62,48.34,--.--
high,0,446,7.43,15.45,20.02,999,309.309,2.49,15.46631844,33:43.9,14.9,-11.5,90,0,0,0,0.1,0,0,-0.1,-40.7,0,0,-12.391,0,0,1635.5,0:04:33,43.2,0,--.--,277,23.1,50,0000:00:00,62,0,80,0,40,0,0,0,0,0,0,1,309.21,11:33:43,9/22/2023,94.62,48.33,--.--
high,0,447,7.45,15.47,16.98,1004,262.6806,2.42,15.53928528,33:44.9,14.3,-9.9,88,0,0,0,0.1,0,0,-0.1,-41.1,0,0,-12.529,0,0,1635.5,0:04:34,44.7,0,--.--,278,24.8,50,0000:00:00,62,0,80,0,40,0,0,0,0,0,0,1,262.75,11:33:44,9/22/2023,94.64,48.34,--.--
high,0,448,7.47,15.48,17.42,1009,269.6616,2.43,15.61419128,33:45.9,14.8,-11,88,0,0,0,0.1,0,0,-0.2,-41.6,0,0,-12.674,0,0,1635.5,0:04:35,45,0,--.--,278,25.2,50,0000:00:00,62,0,80,0,40,0,0,0,0,0,0,1,269.68,11:33:45,9/22/2023,94.64,48.34,--.--
high,0,449,7.48,15.49,17.19,1013,266.2731,2.43,15.68815603,33:46.9,15.6,-8.3,90,0,0,0,0.1,0,0,-0.2,-42.1,0,0,-12.829,0,0,1723.3,0:04:36,46.3,0,--.--,263,23.9,51,0000:00:00,62,0,80,0,40,0,0,0,0,0,0,1,266.24,11:33:46,9/22/2023,94.64,48.34,--.--
high,0,450,7.5,15.46,17.63,1018,272.5598,2.44,15.76386708,33:47.9,13.1,-6.8,90,0,0,0,0.1,0,0,-0.1,-42.4,0,0,-12.914,0,0,1731.9,0:04:37,46.5,0,--.--,274,25.5,50,0000:00:00,62,0,80,0,40,0,0,0,0,0,0,1,272.63,11:33:47,9/22/2023,94.64,48.36,--.--
high,0,451,7.52,15.57,14.84,1023,231.0588,2.36,15.82805008,33:48.9,16.4,-15.5,84,0,0,0,0.3,0,0,0.3,-42.1,0,0,-12.851,0,0,1731.9,0:04:38,48.1,0,--.--,278,28.2,70,0000:00:00,62,0,70,0,40,0,0,0,0,0,0,1,231.04,11:33:48,9/22/2023,94.66,48.34,--.--
high,0,452,7.53,15.53,14.81,1027,229.9993,2.36,15.89193878,33:50.0,15.4,-14.5,85,0,0,0,0.4,0,0,0.3,-40.9,0,0,-12.479,0,0,1738.6,0:04:39,49.3,0,--.--,281,30,52,0000:00:00,62,0,20,0,40,0,0,0,0,0,0,1,229.98,11:33:49,9/22/2023,94.66,48.34,--.--
high,0,453,7.55,15.63,13.49,1031,210.8487,2.32,15.95050786,33:51.0,14.7,-16.2,87,0,0,0,0.3,0,0,0,-40.4,0,0,-12.306,0,0,1758.9,0:04:40,52.7,0,--.--,258,30,50,0000:00:00,62,0,10,0,40,0,0,0,0,0,0,1,210.78,11:33:50,9/22/2023,94.68,48.34,--.--
high,0,454,7.57,15.66,11.6,1034,181.656,2.26,16.00096786,33:51.9,14.6,-13.6,88,0,0,0,0.3,0,0,-0.1,-40.5,0,0,-12.334,0,0,1811.6,0:04:41,0,0,--.--,--.--,22.7,50,0000:00:00,62,0,0,0,40,0,0,0,0,0,0,1,181.63,11:33:51,9/22/2023,94.66,48.34,--.--
high,0,455,7.58,15.64,12.47,1037,195.0308,2.29,16.05514308,33:52.9,15.3,-12.1,88,0,0,0,0.3,0,0,-0.1,-40.8,0,0,-12.435,0,0,1875.1,0:04:42,52.5,0,--.--,264,30,50,0000:00:00,62,0,0,0,40,0,0,0,0,0,0,1,195.06,11:33:52,9/22/2023,94.68,48.34,--.--
high,0,456,7.6,15.64,12.66,1041,198.0024,2.3,16.11014375,33:53.9,15.8,-10.3,89,0,0,0,0.3,0,0,-0.1,-41.2,0,0,-12.561,0,0,1884.6,0:04:43,52.1,0,--.--,274,31.1,53,0000:00:00,62,0,0,0,40,0,0,0,0,0,0,1,198.03,11:33:53,9/22/2023,94.68,48.34,--.--
high,0,457,7.62,15.31,23.91,1045,366.0621,2.56,16.21182767,33:54.9,16.9,-16.7,87,0,0,0,0.3,0,0,0.2,-41,0,0,-12.519,0,0,1884.6,0:04:44,52.4,0,--.--,278,32.3,69,0000:00:00,62,0,0,0,40,0,0,0,0,0,0,1,366.13,11:33:54,9/22/2023,94.69,48.36,--.--
high,0,458,7.63,15.36,21.51,1051,330.3936,2.52,16.30360367,33:55.9,14.3,-17.7,86,0,0,0,0.3,0,0,0,-40.5,0,0,-12.341,0,0,1884.6,0:04:45,52.8,0,--.--,281,33.2,50,0000:00:00,62,0,0,0,40,0,0,0,0,0,0,1,330.33,11:33:55,9/22/2023,94.69,48.34,--.--
high,0,459,7.65,15.65,11.46,1055,179.349,2.25,16.35342283,33:56.9,13.3,-14.1,88,0,0,0,0.3,0,0,-0.1,-40.6,0,0,-12.376,0,0,1891.2,0:04:46,53.1,0,--.--,282,33.9,49,0000:00:00,62,0,0,0,40,0,0,0,0,0,0,1,179.33,11:33:56,9/22/2023,94.69,48.34,--.--
high,0,460,7.67,15.67,11.08,1058,173.6236,2.24,16.40165161,33:57.9,16.1,-11.5,89,0,0,0,0.3,0,0,-0.2,-41.1,0,0,-12.525,0,0,1997.1,0:04:47,53.3,0,--.--,282,34.2,49,0000:00:00,62,0,0,0,40,0,0,0,0,0,0,1,173.65,11:33:57,9/22/2023,94.71,48.34,--.--
high,0,461,7.68,15.67,11.38,1062,178.3246,2.25,16.45118622,33:58.9,15.6,-10.2,90,0,0,0,0.3,0,0,-0.1,-41.5,0,0,-12.638,0,0,1997.1,0:04:48,53.5,0,--.--,283,34.6,50,0000:00:00,62,0,0,0,40,0,0,0,0,0,0,1,178.31,11:33:58,9/22/2023,94.71,48.34,--.--
high,0,462,7.7,15.65,12.5,1065,195.625,2.29,16.5055265,33:59.9,15.4,-12.2,89,0,0,0,0.3,0,0,-0.1,-41.6,0,0,-12.665,0,0,2019.4,0:04:49,58.5,0,--.--,260,35.8,50,0000:00:00,62,0,0,0,40,0,0,0,0,0,0,1,195.59,11:33:59,9/22/2023,94.71,48.34,--.--
high,0,463,7.72,15.67,11.35,1068,177.8545,2.25,16.55493053,34:00.9,14.9,-14.6,88,0,0,0,0.3,0,0,0,-41.5,0,0,-12.652,0,0,2026.3,0:04:50,58.3,0,--.--,271,36.6,50,0000:00:00,62,0,0,0,40,0,0,0,0,0,0,1,177.83,11:34:00,9/22/2023,94.71,48.34,--.--
high,0,464,7.73,15.69,11.26,1071,176.6694,2.25,16.60400536,34:01.9,15.2,-12.9,88,0,0,0,0.3,0,0,0,-41.5,0,0,-12.654,0,0,2046.5,0:04:51,60.8,0,--.--,265,38.4,50,0000:00:00,62,0,0,0,40,0,0,0,0,0,0,1,176.67,11:34:01,9/22/2023,94.71,48.34,--.--
high,0,465,7.75,15.65,11.93,1075,186.7045,2.27,16.65586772,34:02.9,15.4,-12.6,88,0,0,0,0.2,0,0,0,-41.6,0,0,-12.691,0,0,2107.3,0:04:52,0,0,--.--,--.--,22.7,50,0000:00:00,72,0,0,0,40,0,0,0,0,0,0,1,186.7,11:34:02,9/22/2023,94.71,48.34,--.--
high,0,466,7.77,15.65,13.49,1078,211.1185,2.32,16.71451175,34:03.9,14.2,-13.1,88,0,0,0,0.2,0,0,-0.1,-41.9,0,0,-12.755,0,0,2176.5,0:04:53,59.5,0,--.--,267,37.3,50,0000:00:00,78,0,0,0,40,0,0,0,0,0,0,1,211.13,11:34:03,9/22/2023,94.71,48.34,--.--
high,0,467,7.78,15.67,12.01,1081,188.1967,2.27,16.76678861,34:04.9,14.8,-14.5,88,0,0,0,0.1,0,0,-0.1,-42.2,0,0,-12.861,0,0,2184.4,0:04:54,58,0,--.--,274,36.9,50,0000:00:00,78,0,0,0,40,0,0,0,0,0,0,1,188.22,11:34:04,9/22/2023,94.75,48.34,--.--
high,0,468,7.8,15.67,12.1,1085,189.607,2.28,16.81945722,34:06.0,14.6,-12.9,88,0,0,0,0.1,0,0,-0.1,-42.6,0,0,-12.988,0,0,2184.4,0:04:55,58.3,0,--.--,278,38,50,0000:00:00,78,0,0,0,40,0,0,0,0,0,0,1,189.58,11:34:05,9/22/2023,94.75,48.34,--.--
high,0,469,7.82,15.62,13.47,1088,210.4014,2.32,16.87790206,34:06.9,14.5,-13.4,87,0,0,0,0.1,0,0,-0.1,-43,0,0,-13.105,0,0,2184.4,0:04:56,58.1,0,--.--,280,38.2,50,0000:00:00,78,0,0,0,40,0,0,0,0,0,0,1,210.4,11:34:06,9/22/2023,94.77,48.34,--.--
high,0,470,7.83,15.58,13.51,1092,210.4858,2.32,16.93637033,34:07.9,15.1,-13.2,86,0,0,0,0.1,0,0,-0.1,-43.3,0,0,-13.183,0,0,2184.4,0:04:57,58.3,0,--.--,280,38.5,49,0000:00:00,78,0,0,0,40,0,0,0,0,0,0,1,210.49,11:34:07,9/22/2023,94.77,48.34,--.--
high,0,471,7.85,15.46,16.81,1097,259.8826,2.41,17.00855994,34:08.9,14.7,-16.9,92,0,0,0,0,0,0,-0.1,-43.5,0,0,-13.255,0,0,2301.1,0:04:58,58.7,0,--.--,280,38.8,50,0000:00:00,78,0,0,0,40,0,0,0,0,0,0,1,259.95,11:34:08,9/22/2023,94.77,48.34,--.--
high,0,472,7.87,15.56,16.57,1101,257.8292,2.41,17.08017917,34:10.0,14.9,-16.2,92,0,0,0,0,0,0,-0.2,-43.9,0,0,-13.364,0,0,2301.1,0:04:59,59.5,0,--.--,281,39.7,50,0000:00:00,78,0,0,0,40,0,0,0,0,0,0,1,257.76,11:34:09,9/22/2023,94.77,48.34,--.--
high,0,473,7.88,15.54,27.32,1106,424.5528,2.63,17.1981105,34:10.9,15.1,-17.6,89,0,0,0,0,0,0,0.1,-44.1,0,0,-13.451,0,0,2301.1,0:05:00,60.2,0,--.--,280,40.3,70,0000:00:00,78,0,0,0,40,0,0,0,0,0,0,1,424.5,11:34:10,9/22/2023,94.77,48.36,--.--
high,0,474,7.9,15.17,27.3,1114,414.141,2.62,17.31314967,34:12.0,13.1,-22.1,92,0,0,0,0.1,0,0,0,-43.7,0,0,-13.329,0,0,2301.1,0:05:01,60.8,0,--.--,281,41,50,0000:00:00,78,0,0,0,40,0,0,0,0,0,0,1,414.14,11:34:11,9/22/2023,94.78,48.34,--.--
high,0,475,7.92,15.54,14.56,1119,226.2624,2.35,17.37600033,34:13.0,16.9,-18.5,88,0,0,0,0.1,0,0,-0.2,-43.9,0,0,-13.388,0,0,2301.1,0:05:02,62,0,--.--,281,42.2,50,0000:00:00,78,0,0,0,40,0,0,0,0,0,0,1,226.23,11:34:12,9/22/2023,94.78,48.34,--.--
high,0,476,7.93,15.51,15.9,1124,246.609,2.39,17.44450283,34:14.0,15.5,-17.6,90,0,0,0,0,0,0,-0.2,-44.7,0,0,-13.61,0,0,2359.8,0:05:03,0,0,--.--,--.--,22.7,50,0000:00:00,78,0,0,0,40,0,0,0,0,0,0,1,246.58,11:34:13,9/22/2023,94.8,48.36,--.--
high,0,477,7.95,15.52,16.38,1128,254.2176,2.41,17.51511883,34:15.0,8.4,-21.5,104,0,0,0,0.1,0,0,-0.1,-45.4,0,0,-13.83,0,0,2422.6,0:05:04,63.5,0,--.--,281,43.6,56,0000:00:00,78,0,0,0,40,0,0,0,0,0,0,1,254.18,11:34:14,9/22/2023,94.8,48.36,--.--
high,0,478,7.97,15.42,20.09,1134,309.7878,2.49,17.601171,34:16.0,16.6,-17.7,86,0,0,0,0.1,0,0,-0.2,-45.7,0,0,-13.936,0,0,2422.6,0:05:05,64.4,0,--.--,281,44.6,50,0000:00:00,78,0,0,0,40,0,0,0,0,0,0,1,309.81,11:34:15,9/22/2023,94.8,48.36,--.--
high,0,479,7.98,15.53,15.57,1139,241.8021,2.38,17.66833825,34:17.0,16.3,-16.2,89,0,0,0,0.1,0,0,-0.2,-46.2,0,0,-14.074,0,0,2422.6,0:05:06,65.3,0,--.--,282,45.7,52,0000:00:00,78,0,0,0,40,0,0,0,0,0,0,1,241.76,11:34:16,9/22/2023,94.8,48.36,--.--
high,0,480,8,15.46,15.28,1144,236.2288,2.37,17.73395736,34:18.0,18.4,-13,80,0,0,0,0.3,0,0,-0.1,-46.4,0,0,-14.146,0,0,2422.6,0:05:07,66.2,0,--.--,282,46.5,51,0000:00:00,78,0,0,0,40,0,0,0,0,0,0,1,236.24,11:34:17,9/22/2023,94.8,48.36,--.--
high,0,481,8.02,15.6,13.9,1148,216.84,2.34,17.79419069,34:19.0,18.1,-14.4,73,0,0,0,0.4,0,0,-0.1,-46.4,0,0,-14.154,0,0,2422.6,0:05:08,66.8,0,--.--,282,47.3,49,0000:00:00,78,0,0,0,40,0,0,0,0,0,0,1,216.83,11:34:18,9/22/2023,94.82,48.36,--.--
high,0,482,8.03,15.64,11.45,1151,179.078,2.25,17.84393458,34:20.0,18.2,-14.5,74,0,0,0,0.4,0,0,-0.1,-46.6,0,0,-14.201,0,0,2552.3,0:05:09,67.6,0,--.--,283,48.3,63,0000:00:00,78,0,0,0,40,0,0,0,0,0,0,1,179.07,11:34:19,9/22/2023,94.82,48.36,--.--
high,0,483,8.05,15.28,24.93,1156,380.9304,2.58,17.94974858,34:21.0,19.9,-17.2,72,0,0,0,0.4,0,0,0.1,-46.5,0,0,-14.167,0,0,2552.3,0:05:10,68.4,0,--.--,283,48.9,66,0000:00:00,78,0,0,0,40,0,0,0,0,0,0,1,380.93,11:34:20,9/22/2023,94.82,48.36,--.--
high,0,484,8.07,15.59,14.29,1162,222.7811,2.35,18.01163222,34:22.0,17.5,-15.6,72,0,0,0,0.4,0,0,-0.1,-46.3,0,0,-14.106,0,0,2552.3,0:05:11,69.1,0,--.--,283,49.6,50,0000:00:00,78,0,0,0,40,0,0,0,0,0,0,1,222.71,11:34:21,9/22/2023,94.84,48.36,--.--
high,0,485,8.08,15.58,13.22,1166,205.9676,2.31,18.06884544,34:23.0,20.1,-12.3,73,0,0,0,0.3,0,0,-0.2,-46.7,0,0,-14.246,0,0,2552.3,0:05:12,69.9,0,--.--,282,50.3,50,0000:00:00,78,0,0,0,40,0,0,0,0,0,0,1,205.91,11:34:22,9/22/2023,94.82,48.36,--.--
high,0,486,8.1,15.57,14.36,1170,223.5852,2.35,18.13095244,34:24.0,18.9,-11.8,73,0,0,0,0.2,0,0,-0.2,-47.4,0,0,-14.45,0,0,2552.3,0:05:13,70.8,0,--.--,280,50.7,50,0000:00:00,78,0,0,0,40,0,0,0,0,0,0,1,223.6,11:34:23,9/22/2023,94.84,48.36,--.--
high,0,487,8.12,15.54,13.75,1174,213.675,2.33,18.19030661,34:25.0,18.7,-12.4,74,0,0,0,0.2,0,0,-0.2,-48.1,0,0,-14.656,0,0,2619.1,0:05:14,0,0,--.--,--.--,22.7,50,0000:00:00,76,0,0,0,40,0,0,0,0,0,0,1,213.73,11:34:24,9/22/2023,94.84,48.36,--.--
high,0,488,8.13,15.56,14.34,1178,223.1304,2.35,18.25228728,34:26.0,18.6,-13.2,73,0,0,0,0.1,0,0,-0.2,-48.7,0,0,-14.851,0,0,2691.6,0:05:15,73.1,0,--.--,280,52.9,50,0000:00:00,69,0,0,0,40,0,0,0,0,0,0,1,223.2,11:34:25,9/22/2023,94.84,48.36,--.--
high,0,489,8.15,15.57,13.74,1182,213.9318,2.33,18.31171278,34:27.0,18.2,-13,73,0,0,0,0.1,0,0,-0.2,-49.2,0,0,-15.001,0,0,2691.6,0:05:16,74.3,0,--.--,281,54.3,50,0000:00:00,69,0,0,0,40,0,0,0,0,0,0,1,213.92,11:34:26,9/22/2023,94.84,48.36,--.--
high,0,490,8.17,15.58,14.82,1186,230.8956,2.36,18.37585044,34:28.0,18.8,-14,72,0,0,0,0.2,0,0,-0.2,-49.5,0,0,-15.102,0,0,2691.6,0:05:17,74.8,0,--.--,282,55.1,51,0000:00:00,69,0,0,0,40,0,0,0,0,0,0,1,230.95,11:34:27,9/22/2023,94.84,48.36,--.--
high,0,491,8.18,15.57,13.92,1190,216.7344,2.34,18.43605444,34:29.0,18.3,-12.7,73,0,0,0,0.2,0,0,-0.1,-49.8,0,0,-15.177,0,0,2691.6,0:05:18,75.7,0,--.--,281,55.6,52,0000:00:00,55,0,0,0,40,0,0,0,0,0,0,1,216.68,11:34:28,9/22/2023,94.84,48.36,--.--
high,0,492,8.2,15.58,14.82,1194,230.8956,2.36,18.50019211,34:30.0,19.2,-14,73,0,0,0,0.2,0,0,-0.2,-50.1,0,0,-15.262,0,0,2691.6,0:05:19,77.1,0,--.--,281,57,49,0000:00:00,55,0,0,0,40,0,0,0,0,0,0,1,230.91,11:34:29,9/22/2023,94.87,48.36,--.--
high,0,493,8.22,15.54,13.91,1197,216.1614,2.33,18.56023694,34:31.0,18.2,-15.2,72,0,0,0,0.1,0,0,-0.1,-50.6,0,0,-15.421,0,0,2842.4,0:05:20,78.4,0,--.--,280,58.1,62,0000:00:00,55,0,0,0,40,0,0,0,0,0,0,1,216.18,11:34:30,9/22/2023,94.87,48.36,--.--
high,0,494,8.23,15.46,18.06,1202,279.2076,2.45,18.63779461,34:32.0,17.5,-15.7,72,0,0,0,0.1,0,0,0,-50.9,0,0,-15.503,0,0,2842.4,0:05:21,78.9,0,--.--,279,58.4,58,0000:00:00,55,0,0,0,40,0,0,0,0,0,0,1,279.12,11:34:31,9/22/2023,94.87,48.36,--.--
high,0,495,8.25,15.52,15.74,1207,244.2848,2.39,18.7056515,34:33.0,17.8,-14.3,72,0,0,0,0.1,0,0,-0.1,-51.2,0,0,-15.593,0,0,2842.4,0:05:22,80,0,--.--,278,59.3,58,0000:00:00,55,0,0,0,40,0,0,0,0,0,0,1,244.32,11:34:32,9/22/2023,94.87,48.36,--.--
high,0,496,8.27,15.52,16.14,1211,250.4928,2.4,18.77523283,34:34.0,18.2,-13.4,73,0,0,0,0.1,0,0,-0.1,-51.5,0,0,-15.692,0,0,2842.4,0:05:23,81,0,--.--,278,60.3,58,0000:00:00,55,0,0,0,40,0,0,0,0,0,0,1,250.43,11:34:33,9/22/2023,94.87,48.36,--.--
high,0,497,8.28,15.5,16.4,1216,254.2,2.41,18.84584394,34:35.0,18.2,-13.5,72,0,0,0,0.2,0,0,-0.1,-51.7,0,0,-15.769,0,0,2842.4,0:05:24,82.1,0,--.--,278,61.3,54,0000:00:00,55,0,0,0,40,0,0,0,0,0,0,1,254.25,11:34:34,9/22/2023,94.87,48.36,--.--
high,0,498,8.3,15.55,14.63,1220,227.4965,2.36,18.90903742,34:36.0,19.6,-12.8,73,0,0,0,0.1,0,0,-0.1,-52,0,0,-15.842,0,0,2920.8,0:05:25,0,0,--.--,--.--,22.7,52,0000:00:00,55,0,0,0,40,0,0,0,0,0,0,1,227.53,11:34:35,9/22/2023,94.87,48.36,--.--
high,0,499,8.32,15.56,13.86,1224,215.6616,2.33,18.96894342,34:37.0,19.7,-12.5,73,0,0,0,0.1,0,0,-0.1,-52.2,0,0,-15.916,0,0,3003.8,0:05:26,83,0,--.--,277,62.1,51,0000:00:00,55,0,0,0,40,0,0,0,0,0,0,1,215.73,11:34:36,9/22/2023,94.87,48.36,--.--
high,0,500,8.33,15.56,13.97,1228,217.3732,2.34,19.02932486,34:38.0,19.6,-11.7,73,0,0,0,0.1,0,0,-0.1,-52.4,0,0,-15.983,0,0,3003.8,0:05:27,84.4,0,--.--,278,63.6,51,0000:00:00,55,0,0,0,40,0,0,0,0,0,0,1,217.37,11:34:37,9/22/2023,94.91,48.36,--.--
high,0,501,8.35,15.57,13.94,1232,217.0458,2.34,19.08961536,34:39.0,19,-13,73,0,0,0,0.1,0,0,-0.1,-52.7,0,0,-16.064,0,0,3003.8,0:05:28,85.6,0,--.--,278,64.9,51,0000:00:00,55,0,0,0,40,0,0,0,0,0,0,1,217.03,11:34:38,9/22/2023,94.91,48.36,--.--
high,0,502,8.37,15.5,15.62,1236,242.11,2.38,19.15686814,34:40.0,16.4,-16.5,80,0,0,0,0.2,0,0,-0.1,-53.1,0,0,-16.182,0,0,3003.8,0:05:29,86.9,0,--.--,278,66.1,56,0000:00:00,55,0,0,0,40,0,0,0,0,0,0,1,242.11,11:34:39,9/22/2023,94.91,48.36,--.--
high,0,503,8.38,15.43,20.59,1241,317.7037,2.5,19.24511917,34:41.0,8.7,-21.2,107,0,0,0,0.2,0,0,0,-53.4,0,0,-16.272,0,0,3003.8,0:05:30,87.9,0,--.--,277,66.9,54,0000:00:00,55,0,0,0,40,0,0,0,0,0,0,1,317.79,11:34:41,9/22/2023,94.91,48.36,--.--
high,0,504,8.4,15.59,15.96,1244,248.8164,2.4,19.31423483,34:42.0,4.7,-21.5,127,0,0,0,0.4,0,0,-0.2,-53.7,0,0,-16.361,0,0,3086.8,0:05:31,0,0,--.--,--.--,22.7,54,0000:00:00,55,0,0,0,40,0,0,0,0,0,0,1,248.74,11:34:41,9/22/2023,94.93,48.36,--.--
high,0,505,8.42,15.77,6.78,1246,106.9206,2.03,19.343935,34:43.0,-1.1,-24.3,143,0,0,0,0.5,0,0,0,-53.9,0,0,-16.44,0,0,3175.8,0:05:32,90.2,0,--.--,275,68.9,55,0000:00:00,55,0,0,0,40,0,0,0,0,0,0,1,106.91,11:34:42,9/22/2023,94.93,48.36,--.--
high,0,506,8.43,15.83,2.67,1247,42.2661,1.63,19.35567558,34:44.0,-8.5,-20.1,163,0,0,0,0.8,0,0,-0.1,-53.7,0,0,-16.356,0,0,3175.8,0:05:33,90.6,0,--.--,275,69.3,51,0000:00:00,40,0,0,0,40,0,0,0,0,0,0,1,42.26,11:34:43,9/22/2023,94.93,48.38,--.--
high,0,507,8.45,15.57,6.87,1252,106.9659,2.03,19.38538833,34:45.0,-7,-21.8,167,0,0,0,0.7,0,0,-0.1,-53.7,0,0,-16.37,0,0,3175.8,0:05:34,91,0,--.--,277,70.1,50,0000:00:00,40,0,0,0,40,0,0,0,0,0,0,1,106.99,11:34:45,9/22/2023,94.95,48.38,--.--
high,0,508,8.47,15.78,18.13,1254,286.0914,2.46,19.46485817,34:46.0,-4.8,-19.9,164,0,0,0,0.7,0,0,-0.1,-53.9,0,0,-16.443,0,0,3175.8,0:05:35,91.4,0,--.--,278,70.7,53,0000:00:00,40,0,0,0,40,0,0,0,0,0,0,1,286.02,11:34:45,9/22/2023,94.95,48.38,--.--
high,0,509,8.48,15.64,17.52,1258,274.0128,2.44,19.54097283,34:47.0,-4.5,-19.8,162,0,0,0,0.7,0,0,0.1,-54.2,0,0,-16.506,0,0,3175.8,0:05:36,91.7,0,--.--,279,71.1,61,0000:00:00,40,0,0,0,40,0,0,0,0,0,0,1,273.96,11:34:47,9/22/2023,94.96,48.38,--.--
high,0,510,8.5,15.73,8.58,1261,134.9634,2.13,19.57846267,34:48.0,-6,-25.5,164,0,0,0,0.9,0,0,0.1,-54,0,0,-16.443,0,0,3356.9,0:05:37,92.1,0,--.--,279,71.5,64,0000:00:00,40,0,0,0,40,0,0,0,0,0,0,1,134.97,11:34:47,9/22/2023,94.96,48.38,--.--
high,0,511,8.52,15.63,15.53,1264,242.7339,2.39,19.64588875,34:49.0,-6.1,-26.4,166,0,0,0,0.9,0,0,-0.1,-53.8,0,0,-16.41,0,0,3356.9,0:05:38,92.4,0,--.--,279,71.9,61,0000:00:00,40,0,0,0,40,0,0,0,0,0,0,1,242.81,11:34:48,9/22/2023,94.98,48.38,--.--
high,0,512,8.53,15.55,14.37,1268,223.4535,2.35,19.70795917,34:50.0,-6.5,-22.2,166,0,0,0,1,0,0,0,-54.1,0,0,-16.497,0,0,3356.9,0:05:39,92.5,0,--.--,279,72,64,0000:00:00,40,0,0,0,40,0,0,0,0,0,0,1,223.47,11:34:49,9/22/2023,94.98,48.38,--.--
high,0,513,8.55,15.6,14.49,1273,226.044,2.35,19.77074917,34:51.0,-5.1,-23,166,0,0,0,1.1,0,0,-0.1,-54.4,0,0,-16.599,0,0,3356.9,0:05:40,93,0,--.--,279,72.5,60,0000:00:00,40,0,0,0,40,0,0,0,0,0,0,1,226.04,11:34:50,9/22/2023,95,48.38,--.--
high,0,514,8.57,15.58,11.83,1276,184.3114,2.27,19.82194678,34:52.0,-6,-20.9,165,0,0,0,1.1,0,0,-0.1,-54.9,0,0,-16.721,0,0,3356.9,0:05:41,93.6,0,--.--,280,73.2,60,0000:00:00,40,0,0,0,40,0,0,0,0,0,0,1,184.36,11:34:51,9/22/2023,95,48.38,--.--
high,0,515,8.58,15.61,13,1280,202.93,2.31,19.87831622,34:53.0,-5.9,-19.1,164,0,0,0,1,0,0,0,-55,0,0,-16.777,0,0,3356.9,0:05:42,93.9,0,--.--,280,73.5,59,0000:00:00,40,0,0,0,40,0,0,0,0,0,0,1,202.98,11:34:52,9/22/2023,95,48.38,--.--
high,0,516,8.6,15.59,14.53,1283,226.5227,2.36,19.94123919,34:54.0,-5.9,-20.8,165,0,0,0,0.9,0,0,0,-55,0,0,-16.756,0,0,3356.9,0:05:43,94.5,0,--.--,280,74.2,50,0000:00:00,40,0,0,0,40,0,0,0,0,0,0,1,226.45,11:34:53,9/22/2023,95.04,48.38,--.--
high,0,517,8.62,15.87,2.9,1286,46.023,1.66,19.95402336,34:55.0,-6.8,-18.7,163,0,0,0,0.9,0,0,-0.1,-54.9,0,0,-16.721,0,0,3356.9,0:05:44,95,0,--.--,280,74.6,50,0000:00:00,40,0,0,0,40,0,0,0,0,0,0,1,46.02,11:34:54,9/22/2023,95.05,48.36,--.--
high,0,518,8.63,15.61,15.86,1288,247.5746,2.39,20.02279408,34:56.0,-6.9,-19.6,163,0,0,0,0.6,0,0,0,-55,0,0,-16.761,0,0,3356.9,0:05:45,95.4,0,--.--,281,75.1,50,0000:00:00,40,0,0,0,40,0,0,0,0,0,0,1,247.59,11:34:55,9/22/2023,95.07,48.36,--.--
high,0,519,8.65,15.74,7,1291,110.18,2.04,20.05339964,34:57.0,-6.8,-19.7,164,0,0,0,0.6,0,0,-0.1,-55.2,0,0,-16.833,0,0,3356.9,0:05:46,95.4,0,--.--,281,75.1,50,0000:00:00,40,0,0,0,40,0,0,0,0,0,0,1,110.19,11:34:56,9/22/2023,95.09,48.38,--.--
high,0,520,8.67,15.87,6.29,1294,99.8223,2,20.08112806,34:58.0,-7,-21.5,164,0,0,0,0.5,0,0,-0.1,-55.7,0,0,-16.985,0,0,3356.9,0:05:47,95.2,0,--.--,281,74.9,68,0000:00:00,40,0,0,0,40,0,0,0,0,0,0,1,99.83,11:34:57,9/22/2023,95.09,48.42,--.--
high,0,521,8.68,15.44,22.53,1298,347.8632,2.54,20.17775672,34:59.0,-6,-26.4,164,0,0,0,0.3,0,0,0.2,-55.9,0,0,-17.031,0,0,3544.2,0:05:48,95.2,0,--.--,281,74.9,70,0000:00:00,40,0,0,0,40,0,0,0,0,0,0,1,347.82,11:34:58,9/22/2023,95.11,48.38,--.--
high,0,522,8.7,15.88,3.72,1302,59.0736,1.77,20.19416606,35:00.0,0.8,-13.3,154,0,0,0,0.2,0,0,0.1,-55.4,0,0,-16.876,0,0,3544.2,0:05:49,95.3,0,--.--,281,75.1,49,0000:00:00,40,0,0,0,40,0,0,0,0,0,0,1,59.08,11:34:59,9/22/2023,95.11,48.38,--.--
high,0,523,8.72,15.91,3.02,1302,48.0482,1.68,20.20751278,35:01.0,14.6,2.1,138,0,0,0,0.4,0,0,0,-55.4,0,0,-16.89,0,0,3544.2,0:05:50,95.2,0,--.--,281,74.9,49,0000:00:00,40,0,0,0,40,0,0,0,0,0,0,1,48.04,11:35:00,9/22/2023,95.13,48.38,--.--
high,0,524,8.73,15.67,10.64,1304,166.7288,2.22,20.25382633,35:02.0,6.7,-12.5,155,0,0,0,0.4,0,0,-0.2,-55.9,0,0,-17.037,0,0,3544.2,0:05:51,95.2,0,--.--,280,74.8,49,0000:00:00,40,0,0,0,40,0,0,0,0,0,0,1,166.72,11:35:01,9/22/2023,95.16,48.38,--.--
high,0,525,8.75,15.58,13.93,1311,217.0294,2.34,20.31411228,35:03.0,8.9,-1.9,151,0,0,0,0.4,0,0,-0.1,-56.2,0,0,-17.138,0,0,3544.2,0:05:52,95.8,0,--.--,280,75.4,49,0000:00:00,40,0,0,0,40,0,0,0,0,0,0,1,217.03,11:35:02,9/22/2023,95.16,48.38,--.--
high,0,526,8.77,15.53,16.21,1314,251.7413,2.4,20.38404042,35:04.0,2.1,-7,151,0,0,0,0.4,0,0,-0.1,-56.6,0,0,-17.254,0,0,3639.3,0:05:53,0,0,--.--,--.--,22.7,49,0000:00:00,40,0,0,0,40,0,0,0,0,0,0,1,251.81,11:35:03,9/22/2023,95.16,48.38,--.--
high,0,527,8.78,15.53,15.86,1319,246.3058,2.39,20.45245869,35:05.0,2.1,-5.5,154,0,0,0,0.6,0,0,-0.1,-56.9,0,0,-17.35,0,0,3735.6,0:05:54,96.5,0,--.--,282,76.4,49,0000:00:00,40,0,0,0,40,0,0,0,0,0,0,1,246.29,11:35:04,9/22/2023,95.16,48.38,--.--
high,0,528,8.8,15.64,11.99,1322,187.5236,2.27,20.50454858,35:06.0,-0.3,-5.1,153,0,0,0,0.7,0,0,0,-57.2,0,0,-17.436,0,0,3735.6,0:05:55,96.7,0,--.--,282,76.8,50,0000:00:00,40,0,0,0,40,0,0,0,0,0,0,1,187.48,11:35:05,9/22/2023,95.2,48.42,--.--
high,0,529,8.82,15.71,8.54,1325,134.1634,2.13,20.54181619,35:07.0,0,-6.5,154,0,0,0,0.7,0,0,0,-57.4,0,0,-17.507,0,0,3735.6,0:05:56,96.8,0,--.--,284,77.1,50,0000:00:00,40,0,0,0,40,0,0,0,0,0,0,1,134.18,11:35:06,9/22/2023,95.22,48.42,--.--
high,0,530,8.83,15.94,4.52,1327,72.0488,1.86,20.56182975,35:08.0,2.6,-7.1,150,0,0,0,0.8,0,0,0,-57.6,0,0,-17.561,0,0,3742.4,0:05:57,96.9,0,--.--,285,77.4,50,0000:00:00,40,0,0,0,40,0,0,0,0,0,0,1,72.05,11:35:07,9/22/2023,95.23,48.42,--.--
high,0,531,8.85,15.94,1.63,1327,25.9822,1.41,20.56904703,35:09.0,1,-4.4,150,0,0,0,0.8,0,0,0,-57.7,0,0,-17.583,0,0,3742.4,0:05:58,97.2,0,--.--,284,77.7,50,0000:00:00,40,0,0,0,40,0,0,0,0,0,0,1,25.98,11:35:08,9/22/2023,95.23,48.42,--.--
high,0,532,8.87,15.94,1.51,1328,24.0694,1.38,20.57573297,35:10.0,1.3,-4.6,151,0,0,0,0.9,0,0,0,-57.8,0,0,-17.61,0,0,3936.9,0:05:59,97.6,0,--.--,284,78,50,0000:00:00,40,0,0,0,40,0,0,0,0,0,0,1,24.07,11:35:09,9/22/2023,95.25,48.42,--.--
high,0,533,8.88,15.96,1.48,1328,23.6208,1.37,20.58229431,35:11.0,1.6,-4.9,151,0,0,0,0.9,0,0,0,-57.9,0,0,-17.635,0,0,3936.9,0:06:00,98.1,0,--.--,283,78.3,50,0000:00:00,40,0,0,0,40,0,0,0,0,0,0,1,23.62,11:35:10,9/22/2023,95.27,48.42,--.--
high,0,534,8.9,15.96,1.62,1328,25.8552,1.41,20.58947631,35:12.0,1.8,-5.2,151,0,0,0,0.9,0,0,0,-57.9,0,0,-17.655,0,0,3936.9,0:06:01,98.2,0,--.--,284,78.5,50,0000:00:00,40,0,0,0,40,0,0,0,0,0,0,1,25.85,11:35:11,9/22/2023,95.27,48.42,--.--
high,0,535,8.92,15.7,11.61,1329,182.277,2.26,20.64010881,35:13.0,2.6,-3.9,155,0,0,0,0.8,0,0,0,-58,0,0,-17.681,0,0,3936.9,0:06:02,97.7,0,--.--,284,78.2,50,0000:00:00,40,0,0,0,40,0,0,0,0,0,0,1,182.22,11:35:12,9/22/2023,95.29,48.42,--.--
high,0,536,8.93,15.77,8.86,1333,139.7222,2.15,20.67892053,35:14.0,2.3,-8.7,155,0,0,0,0.7,0,0,0.1,-58,0,0,-17.694,0,0,3936.9,0:06:03,97.3,0,--.--,285,78,58,0000:00:00,40,0,0,0,40,0,0,0,0,0,0,1,139.7,11:35:14,9/22/2023,95.29,48.42,--.--
high,0,537,8.95,15.76,8.14,1336,128.2864,2.11,20.71455564,35:15.0,2.6,-7.8,153,0,0,0,0.5,0,0,0,-57.8,0,0,-17.637,0,0,4131.9,0:06:04,97.4,0,--.--,285,78.1,57,0000:00:00,40,0,0,0,40,0,0,0,0,0,0,1,128.29,11:35:14,9/22/2023,95.29,48.42,--.--
high,0,538,8.97,15.7,10.4,1339,163.28,2.21,20.75991119,35:16.0,2.2,-7.6,152,0,0,0,0.5,0,0,0,-57.8,0,0,-17.62,0,0,4140.1,0:06:05,94.4,0,--.--,281,74.1,60,0000:00:00,40,0,0,0,40,0,0,0,0,0,0,1,163.29,11:35:16,9/22/2023,95.32,48.38,--.--
high,0,539,8.98,15.77,7.91,1341,124.7407,2.1,20.79456139,35:17.0,0.5,-6.9,152,0,0,0,0.6,0,0,0.1,-57.6,0,0,-17.593,0,0,4154.8,0:06:06,93.9,0,--.--,272,72.2,63,0000:00:00,40,0,0,0,40,0,0,0,0,0,0,1,124.73,11:35:16,9/22/2023,95.32,48.42,--.--
high,0,540,9,15.79,9.38,1344,148.1102,2.17,20.83570311,35:18.0,2,-7.1,154,0,0,0,0.6,0,0,0.1,-57.3,0,0,-17.481,0,0,4172,0:06:07,98.7,0,--.--,262,76.1,54,0000:00:00,40,0,0,0,40,0,0,0,0,0,0,1,148.07,11:35:17,9/22/2023,95.36,48.42,--.--
high,0,541,9.02,15.79,7.15,1345,112.8985,2.05,20.86706381,35:19.0,2.2,-6.9,154,0,0,0,0.5,0,0,0,-57.2,0,0,-17.434,0,0,4172,0:06:08,101.2,0,--.--,260,78.5,56,0000:00:00,40,0,0,0,40,0,0,0,0,0,0,1,112.87,11:35:19,9/22/2023,95.36,48.42,--.--
high,0,542,9.03,15.7,12.04,1348,189.028,2.28,20.91957158,35:20.0,1.5,-6,154,0,0,0,0.4,0,0,0.1,-57.2,0,0,-17.432,0,0,4172,0:06:09,101.7,0,--.--,259,79,61,0000:00:00,40,0,0,0,40,0,0,0,0,0,0,1,188.97,11:35:19,9/22/2023,95.36,48.38,--.--
high,0,543,9.05,15.7,10.21,1351,160.297,2.2,20.96409853,35:21.0,2.2,-5.4,154,0,0,0,0.3,0,0,0,-57.1,0,0,-17.404,0,0,4379.9,0:06:10,95.8,0,--.--,277,74.9,58,0000:00:00,40,0,0,0,40,0,0,0,0,0,0,1,160.32,11:35:21,9/22/2023,95.38,48.42,--.--
high,0,544,9.07,15.67,11.54,1354,180.8318,2.26,21.01432958,35:22.0,3.2,-5.5,153,0,0,0,0.2,0,0,0,-57.1,0,0,-17.402,0,0,4387.3,0:06:11,98.1,0,--.--,283,78.4,57,0000:00:00,40,0,0,0,40,0,0,0,0,0,0,1,180.87,11:35:22,9/22/2023,95.4,48.42,--.--
high,0,545,9.08,15.67,11.91,1358,186.6297,2.27,21.06617117,35:23.0,2.9,-5.1,154,0,0,0,0.3,0,0,0,-57.2,0,0,-17.427,0,0,4395.2,0:06:12,98.8,0,--.--,286,79.6,58,0000:00:00,40,0,0,0,40,0,0,0,0,0,0,1,186.63,11:35:23,9/22/2023,95.4,48.38,--.--
high,0,546,9.1,15.69,10.97,1361,172.1193,2.24,21.11398208,35:24.0,0.5,-5.1,155,0,0,0,0.3,0,0,0.1,-57,0,0,-17.408,0,0,4395.2,0:06:13,99.2,0,--.--,288,80.5,59,0000:00:00,40,0,0,0,40,0,0,0,0,0,0,1,172.14,11:35:24,9/22/2023,95.41,48.38,--.--
high,0,547,9.12,15.69,10.11,1364,158.6259,2.2,21.15804483,35:25.0,1.4,-6,154,0,0,0,0.2,0,0,0.1,-56.7,0,0,-17.308,0,0,4395.2,0:06:14,99.3,0,--.--,289,80.9,61,0000:00:00,40,0,0,0,40,0,0,0,0,0,0,1,158.65,11:35:25,9/22/2023,95.41,48.38,--.--
high,0,548,9.13,15.55,14.39,1367,223.7645,2.35,21.22020164,35:26.0,1.8,-6.4,154,0,0,0,0.2,0,0,0.1,-56.2,0,0,-17.179,0,0,4593.5,0:06:15,99.5,0,--.--,289,81.1,62,0000:00:00,40,0,0,0,40,0,0,0,0,0,0,1,223.82,11:35:26,9/22/2023,95.43,48.38,--.--
high,0,549,9.15,15.54,13.4,1371,208.236,2.32,21.27804497,35:27.0,1.9,-6.8,154,0,0,0,0.1,0,0,0,-56,0,0,-17.085,0,0,4593.5,0:06:16,99.9,0,--.--,289,81.5,56,0000:00:00,40,0,0,0,40,0,0,0,0,0,0,1,208.2,11:35:26,9/22/2023,95.45,48.38,--.--
high,0,550,9.17,15.6,13.07,1375,203.892,2.31,21.33468164,35:28.0,2.1,-5.3,154,0,0,0,0.1,0,0,0,-56.2,0,0,-17.12,0,0,4593.5,0:06:17,101,0,--.--,289,82.5,63,0000:00:00,40,0,0,0,40,0,0,0,0,0,0,1,203.89,11:35:27,9/22/2023,95.45,48.38,--.--
high,0,551,9.18,15.62,13.52,1379,211.1824,2.32,21.39334342,35:29.0,1.3,-5.1,154,0,0,0,0.1,0,0,0,-56.3,0,0,-17.153,0,0,4593.5,0:06:18,101.5,0,--.--,289,82.9,61,0000:00:00,40,0,0,0,40,0,0,0,0,0,0,1,211.16,11:35:29,9/22/2023,95.45,48.38,--.--
high,0,552,9.2,15.55,13.83,1383,215.0565,2.33,21.45308133,35:30.0,2.1,-5,154,0,0,0,0.1,0,0,0.1,-56.2,0,0,-17.14,0,0,4602,0:06:19,99.5,0,--.--,284,80,64,0000:00:00,40,0,0,0,40,0,0,0,0,0,0,1,215.13,11:35:29,9/22/2023,95.49,48.38,--.--
high,0,553,9.22,15.45,20.72,1388,320.124,2.51,21.54200467,35:31.0,2.5,-6.7,154,0,0,0,0.1,0,0,0.1,-55.7,0,0,-17.029,0,0,4608.9,0:06:20,99.5,0,--.--,280,79.2,64,0000:00:00,40,0,0,0,40,0,0,0,0,0,0,1,320.12,11:35:30,9/22/2023,95.5,48.38,--.--
high,0,554,9.23,15.65,10.89,1394,170.4285,2.23,21.58934592,35:32.0,1.4,-5.8,154,0,0,0,0.1,0,0,0,-55.5,0,0,-16.929,0,0,4807.1,0:06:21,99.3,0,--.--,286,80.2,52,0000:00:00,40,0,0,0,40,0,0,0,0,0,0,1,170.43,11:35:31,9/22/2023,95.5,48.38,--.--
high,0,555,9.25,15.61,11.31,1397,176.5491,2.25,21.63838733,35:33.0,3,-2.6,154,0,0,0,0.1,0,0,0.1,-55.6,0,0,-16.941,0,0,4814.9,0:06:22,100.6,0,--.--,288,82,62,0000:00:00,40,0,0,0,40,0,0,0,0,0,0,1,176.59,11:35:33,9/22/2023,95.52,48.38,--.--
high,0,556,9.27,15.55,14.87,1400,231.2285,2.36,21.70261747,35:34.0,1.5,-2.7,155,0,0,0,0.2,0,0,0.1,-55.3,0,0,-16.876,0,0,4814.9,0:06:23,102.4,0,--.--,289,84,59,0000:00:00,40,0,0,0,40,0,0,0,0,0,0,1,231.18,11:35:33,9/22/2023,95.54,48.38,--.--
high,0,557,9.28,15.63,11.69,1404,182.7147,2.26,21.75337156,35:35.0,1.8,-6.6,155,0,0,0,0.2,0,0,0.1,-55,0,0,-16.789,0,0,4814.9,0:06:24,103.4,0,--.--,290,85.2,56,0000:00:00,40,0,0,0,40,0,0,0,0,0,0,1,182.77,11:35:35,9/22/2023,95.54,48.38,--.--
high,0,558,9.3,15.63,11.11,1407,173.6493,2.24,21.80160747,35:36.0,2.5,-5.6,155,0,0,0,0.1,0,0,0.1,-54.9,0,0,-16.746,0,0,4814.9,0:06:25,104.2,0,--.--,291,86.2,57,0000:00:00,36,0,0,0,40,0,0,0,0,0,0,1,173.7,11:35:36,9/22/2023,95.56,48.38,--.--
high,0,559,9.32,15.62,11.78,1410,184.0036,2.26,21.85271958,35:37.0,1.9,-4.9,154,0,0,0,0.1,0,0,0.1,-54.9,0,0,-16.728,0,0,4814.9,0:06:26,104.8,0,--.--,291,86.7,61,0000:00:00,56,0,0,0,40,0,0,0,0,0,0,1,184,11:35:37,9/22/2023,95.58,48.38,--.--
high,0,560,9.33,15.53,15.01,1414,233.1053,2.37,21.91747106,35:38.0,1.7,-5.3,154,0,0,0,0.1,0,0,0.2,-54.5,0,0,-16.659,0,0,4814.9,0:06:27,105.4,0,--.--,291,87.4,65,0000:00:00,56,0,0,0,40,0,0,0,0,0,0,1,233.06,11:35:38,9/22/2023,95.58,48.36,--.--
high,0,561,9.35,15.47,16.91,1418,261.5977,2.42,21.99013708,35:39.0,1.5,-9.1,151,0,0,0,0.1,0,0,0.2,-54.1,0,0,-16.522,0,0,4822.4,0:06:28,106,0,--.--,291,88.1,67,0000:00:00,56,0,0,0,40,0,0,0,0,0,0,1,261.6,11:35:39,9/22/2023,95.59,48.36,--.--
high,0,562,9.37,15.38,22.83,1424,351.1254,2.55,22.08767192,35:40.0,6.8,-6.8,132,0,0,0,0.1,0,0,0,-53.7,0,0,-16.374,0,0,4822.4,0:06:29,106.4,0,--.--,293,88.9,50,0000:00:00,56,0,0,0,40,0,0,0,0,0,0,1,351.03,11:35:40,9/22/2023,95.59,48.36,--.--
high,0,563,9.38,15.5,16.7,1429,258.85,2.41,22.15957469,35:41.0,8.2,3.3,112,0,0,0,0.1,0,0,-0.1,-53.8,0,0,-16.386,0,0,4822.4,0:06:30,106.7,0,--.--,295,89.8,51,0000:00:00,56,0,0,0,40,0,0,0,0,0,0,1,258.92,11:35:41,9/22/2023,95.61,48.36,--.--
high,0,564,9.4,15.41,15.01,1433,231.3041,2.36,22.22382583,35:42.0,4.4,1,116,0,0,0,0.4,0,0,-0.1,-54,0,0,-16.458,0,0,4822.4,0:06:31,107,0,--.--,295,90.1,51,0000:00:00,56,0,0,0,40,0,0,0,0,0,0,1,231.33,11:35:42,9/22/2023,95.61,48.36,--.--
high,0,565,9.42,15.86,2.93,1435,46.4698,1.67,22.23673411,35:43.0,4.5,-2.4,93,0,0,0,0.4,0,0,0.1,-53.9,0,0,-16.457,0,0,5035.1,0:06:32,107,0,--.--,295,90.1,67,0000:00:00,56,0,0,0,40,0,0,0,0,0,0,1,46.48,11:35:43,9/22/2023,95.61,48.38,--.--
high,0,566,9.43,15.3,15.59,1440,238.527,2.38,22.30299161,35:44.0,4.6,-1.8,90,0,0,0,0.5,0,0,0.2,-53.5,0,0,-16.349,0,0,5035.1,0:06:33,108.1,0,--.--,296,91.4,70,0000:00:00,56,0,0,0,40,0,0,0,0,0,0,1,238.57,11:35:44,9/22/2023,95.65,48.36,--.--
high,0,567,9.45,15.61,12.85,1444,200.5885,2.3,22.35871064,35:45.0,4.1,-1.9,90,0,0,0,0.6,0,0,0.3,-52.8,0,0,-16.155,0,0,5035.1,0:06:34,109,0,--.--,295,92.1,70,0000:00:00,56,0,0,0,40,0,0,0,0,0,0,1,200.59,11:35:45,9/22/2023,95.65,48.36,--.--
high,0,568,9.47,15.54,13.63,1450,211.8102,2.33,22.41754681,35:46.0,6.2,-6.7,91,0,0,0,0.6,0,0,-0.1,-52.6,0,0,-16.021,0,0,5035.1,0:06:35,109.7,0,--.--,294,92.7,49,0000:00:00,56,0,0,0,40,0,0,0,0,0,0,1,211.85,11:35:46,9/22/2023,95.67,48.36,--.--
high,0,569,9.48,15.54,13.57,1453,210.8778,2.32,22.47612397,35:47.0,5.1,0.5,92,0,0,0,0.6,0,0,-0.1,-52.9,0,0,-16.106,0,0,5035.1,0:06:36,110.5,0,--.--,295,90.2,50,0000:00:00,52,0,0,0,40,0,0,0,0,0,0,1,210.93,11:35:47,9/22/2023,95.67,48.36,--.--
high,0,570,9.5,15.6,12.71,1457,198.276,2.3,22.53120064,35:48.0,3.5,0.7,92,0,0,0,0.8,0,0,-0.1,-53.3,0,0,-16.233,0,0,5035.1,0:06:37,111.1,0,--.--,295,90.8,51,0000:00:00,52,0,0,0,40,0,0,0,0,0,0,1,198.3,11:35:48,9/22/2023,95.68,48.36,--.--
high,0,571,9.52,15.56,13.38,1460,208.1928,2.32,22.58903197,35:49.0,2,0.1,94,0,0,0,0.9,0,0,0,-53.3,0,0,-16.254,0,0,5254.1,0:06:38,112.4,0,--.--,293,91.6,50,0000:00:00,52,0,0,0,40,0,0,0,0,0,0,1,208.19,11:35:49,9/22/2023,95.7,48.36,--.--
high,0,572,9.53,15.64,10.53,1464,164.6892,2.22,22.63477897,35:50.0,3.6,-3.7,93,0,0,0,0.8,0,0,0,-53.2,0,0,-16.21,0,0,5269.8,0:06:39,114.2,0,--.--,285,94.7,66,0000:00:00,52,0,0,0,40,0,0,0,0,0,0,1,164.65,11:35:50,9/22/2023,95.72,48.36,--.--
high,0,573,9.55,15.48,16.81,1467,260.2188,2.42,22.70706197,35:51.0,5,-0.6,93,0,0,0,0.6,0,0,0.2,-52.6,0,0,-16.094,0,0,5276.7,0:06:40,114.3,0,--.--,289,95.7,67,0000:00:00,52,0,0,0,40,0,0,0,0,0,0,1,260.19,11:35:51,9/22/2023,95.72,48.36,--.--
high,0,574,9.57,15.47,15.96,1472,246.9012,2.39,22.77564564,35:52.0,4.1,-4.8,91,0,0,0,0.5,0,0,0.2,-52,0,0,-15.902,0,0,5276.7,0:06:41,115.5,0,--.--,290,97,65,0000:00:00,45,0,0,0,40,0,0,0,0,0,0,1,246.93,11:35:52,9/22/2023,95.72,48.36,--.--
high,0,575,9.58,15.51,14.9,1477,231.099,2.36,22.83983981,35:53.0,3.7,-4,91,0,0,0,0.4,0,0,0.2,-51.5,0,0,-15.738,0,0,5276.7,0:06:42,116.9,0,--.--,289,98.3,64,0000:00:00,41,0,0,0,40,0,0,0,0,0,0,1,231.11,11:35:53,9/22/2023,95.74,48.36,--.--
high,0,576,9.6,15.55,14.53,1481,225.9415,2.35,22.90260133,35:54.0,3,-3.6,92,0,0,0,0.3,0,0,0,-51.3,0,0,-15.647,0,0,5508.8,0:06:43,117.7,0,--.--,289,99.1,51,0000:00:00,41,0,0,0,40,0,0,0,0,0,0,1,226.01,11:35:54,9/22/2023,95.74,48.36,--.--
high,0,577,9.62,15.64,10.01,1483,156.5564,2.19,22.94608922,35:55.0,2.1,-1.1,92,0,0,0,0.3,0,0,-0.1,-51.5,0,0,-15.688,0,0,5508.8,0:06:44,119.1,0,--.--,289,100.5,50,0000:00:00,41,0,0,0,40,0,0,0,0,0,0,1,156.52,11:35:55,9/22/2023,95.74,48.36,--.--
high,0,578,9.63,15.64,10.37,1486,162.1868,2.21,22.99114111,35:56.0,4.6,0.4,92,0,0,0,0.3,0,0,-0.1,-51.7,0,0,-15.757,0,0,5508.8,0:06:45,120.1,0,--.--,289,101.5,50,0000:00:00,41,0,0,0,40,0,0,0,0,0,0,1,162.22,11:35:56,9/22/2023,95.77,48.36,--.--
high,0,579,9.65,15.63,10.81,1489,168.9603,2.23,23.03807453,35:57.0,4.5,0.7,89,0,0,0,0.3,0,0,0,-51.7,0,0,-15.778,0,0,5508.8,0:06:46,121.1,0,--.--,289,102.6,52,0000:00:00,41,0,0,0,40,0,0,0,0,0,0,1,168.95,11:35:57,9/22/2023,95.77,48.36,--.--
high,0,580,9.67,15.58,12.28,1492,191.3224,2.28,23.09121964,35:58.0,5.1,-1.7,81,0,0,0,0.2,0,0,0.2,-51.5,0,0,-15.726,0,0,5508.8,0:06:47,122.1,0,--.--,290,103.9,65,0000:00:00,41,0,0,0,40,0,0,0,0,0,0,1,191.3,11:35:58,9/22/2023,95.77,48.36,--.--
high,0,581,9.68,15.63,10.51,1496,164.2713,2.22,23.13685056,35:59.0,5.1,0.6,79,0,0,0,0.2,0,0,0.1,-51,0,0,-15.575,0,0,5508.8,0:06:48,122.6,0,--.--,290,104.2,50,0000:00:00,41,0,0,0,40,0,0,0,0,0,0,1,164.28,11:35:59,9/22/2023,95.77,48.36,--.--
high,0,582,9.7,15.64,10.72,1499,167.6608,2.22,23.183423,36:00.0,4.4,-2.3,79,0,0,0,0.1,0,0,0,-51,0,0,-15.533,0,0,5749.6,0:06:49,123.6,0,--.--,289,105,60,0000:00:00,41,0,0,0,40,0,0,0,0,0,0,1,167.63,11:36:00,9/22/2023,95.81,48.36,--.--
high,0,583,9.72,15.53,13.24,1503,205.6172,2.31,23.24053889,36:01.0,6.8,0.6,79,0,0,0,0.1,0,0,0.2,-50.7,0,0,-15.489,0,0,5749.6,0:06:50,124.6,0,--.--,289,106.1,67,0000:00:00,41,0,0,0,40,0,0,0,0,0,0,1,205.62,11:36:01,9/22/2023,95.83,48.36,--.--
high,0,584,9.73,15.41,17.14,1507,264.1274,2.42,23.31390761,36:02.0,6.1,-2.6,78,0,0,0,0.1,0,0,0.3,-50.1,0,0,-15.329,0,0,5749.6,0:06:51,125.6,0,--.--,289,106.9,70,0000:00:00,41,0,0,0,40,0,0,0,0,0,0,1,264.18,11:36:02,9/22/2023,95.83,48.36,--.--
high,0,585,9.75,15.35,19.55,1513,300.0925,2.48,23.39726664,36:03.0,5.6,-4.7,78,0,0,0,0.2,0,0,0.3,-49.3,0,0,-15.091,0,0,5749.6,0:06:52,126.4,0,--.--,287,107.4,70,0000:00:00,41,0,0,0,40,0,0,0,0,0,0,1,300.01,11:36:03,9/22/2023,95.83,48.36,--.--
high,0,586,9.77,15.38,19.81,1518,304.6778,2.48,23.48189936,36:04.0,4.9,-4.1,79,0,0,0,0.2,0,0,0.2,-48.5,0,0,-14.838,0,0,5756.8,0:06:53,127.4,0,--.--,287,108.2,68,0000:00:00,41,0,0,0,40,0,0,0,0,0,0,1,304.58,11:36:04,9/22/2023,95.85,48.36,--.--
high,0,587,9.78,15.36,20.15,1523,309.504,2.49,23.56787269,36:05.0,5.3,-2.1,78,0,0,0,0.3,0,0,0.2,-47.8,0,0,-14.626,0,0,6012.3,0:06:54,128.1,0,--.--,287,108.9,70,0000:00:00,46,0,0,0,40,0,0,0,0,0,0,1,309.46,11:36:05,9/22/2023,95.85,48.36,--.--
high,0,588,9.8,15.35,20.29,1529,311.4515,2.49,23.654387,36:06.0,5.1,-2.3,78,0,0,0,0.3,0,0,0.2,-46.9,0,0,-14.372,0,0,6012.3,0:06:55,129.2,0,--.--,286,109.9,70,0000:00:00,41,0,0,0,40,0,0,0,0,0,0,1,311.39,11:36:06,9/22/2023,95.86,48.36,--.--
high,0,589,9.82,15.32,20.19,1534,309.3108,2.49,23.74030667,36:07.0,5.1,-0.8,78,0,0,0,0.3,0,0,0.2,-45.9,0,0,-14.076,0,0,6012.3,0:06:56,130,0,--.--,286,110.8,65,0000:00:00,24,0,0,0,40,0,0,0,0,0,0,1,309.31,11:36:07,9/22/2023,95.88,48.34,--.--
high,0,590,9.83,15.23,23.07,1539,351.3561,2.55,23.83790558,36:08.0,6,-0.6,78,0,0,0,0.3,0,0,0.3,-45,0,0,-13.775,0,0,6012.3,0:06:57,131,0,--.--,286,111.6,70,0000:00:00,24,0,0,0,40,0,0,0,0,0,0,1,351.4,11:36:08,9/22/2023,95.88,48.34,--.--
high,0,591,9.85,15.38,14.62,1544,224.8556,2.35,23.90036547,36:09.0,5.7,0.5,79,0,0,0,0.3,0,0,0.3,-43.9,0,0,-13.453,0,0,6012.3,0:06:58,131.8,0,--.--,285,112.2,64,0000:00:00,24,0,0,0,40,0,0,0,0,0,0,1,224.8,11:36:09,9/22/2023,95.9,48.34,--.--
high,0,592,9.87,15.51,14.33,1550,222.2583,2.35,23.96210389,36:10.0,6.1,-1.2,77,0,0,0,0.4,0,0,0.3,-43.3,0,0,-13.244,0,0,6012.3,0:06:59,132.1,0,--.--,285,112.4,70,0000:00:00,24,0,0,0,40,0,0,0,0,0,0,1,222.29,11:36:10,9/22/2023,95.9,48.34,--.--
high,0,593,9.88,15.23,22.54,1555,343.2842,2.54,24.05746061,36:11.0,4.8,-1.8,78,0,0,0,0.3,0,0,0.2,-42.7,0,0,-13.04,0,0,6273,0:07:00,133,0,--.--,284,113.2,67,0000:00:00,24,0,0,0,40,0,0,0,0,0,0,1,343.33,11:36:11,9/22/2023,95.9,48.34,--.--
high,0,594,9.9,15.42,18.69,1561,288.1998,2.46,24.13751611,36:12.0,3.4,-3.6,80,0,0,0,0.4,0,0,0.1,-42.2,0,0,-12.886,0,0,6273,0:07:01,133.7,0,--.--,284,113.8,60,0000:00:00,24,0,0,0,40,0,0,0,0,0,0,1,288.13,11:36:12,9/22/2023,95.9,48.34,--.--
high,0,595,9.92,15.53,12.46,1564,193.5038,2.29,24.19126717,36:13.0,3,-2.5,77,0,0,0,0.5,0,0,-0.1,-42.2,0,0,-12.841,0,0,6273,0:07:02,134.5,0,--.--,283,114.6,50,0000:00:00,24,0,0,0,40,0,0,0,0,0,0,1,193.44,11:36:13,9/22/2023,95.9,48.34,--.--
high,0,596,9.93,15.57,11.2,1567,174.384,2.24,24.23970717,36:14.0,6.6,3.2,75,0,0,0,0.5,0,0,0.2,-42,0,0,-12.853,0,0,6273,0:07:03,135.3,0,--.--,283,115.4,70,0000:00:00,24,0,0,0,40,0,0,0,0,0,0,1,174.37,11:36:14,9/22/2023,95.94,48.34,--.--
high,0,597,9.95,15.57,10.98,1570,170.9586,2.23,24.28719567,36:15.1,4.6,3,84,0,0,0,0.4,0,0,0.1,-41.2,0,0,-12.596,0,0,6273,0:07:04,135.8,0,--.--,283,115.8,49,0000:00:00,24,0,0,0,40,0,0,0,0,0,0,1,170.96,11:36:15,9/22/2023,95.94,48.34,--.--
high,0,598,9.97,15.53,10.85,1573,168.5005,2.23,24.33400136,36:16.0,5.5,-1.5,84,0,0,0,0.3,0,0,0,-41,0,0,-12.498,0,0,6541.3,0:07:05,135.8,0,--.--,283,115.8,48,0000:00:00,24,0,0,0,40,0,0,0,0,0,0,1,168.46,11:36:16,9/22/2023,95.95,48.34,--.--
high,0,599,9.98,15.71,10.08,1576,158.3568,2.2,24.37798936,36:17.0,7.6,5.4,82,0,0,0,0.3,0,0,0,-41.1,0,0,-12.519,0,0,6541.3,0:07:06,136.3,0,--.--,283,116.2,49,0000:00:00,24,0,0,0,40,0,0,0,0,0,0,1,158.39,11:36:17,9/22/2023,95.97,48.34,--.--
high,0,600,10,15.57,14.27,1579,222.1839,2.35,24.43970711,36:18.1,9.9,-0.3,85,0,0,0,0.8,0,0,0,-41.4,0,0,-12.591,0,0,6541.3,0:07:07,136.7,0,--.--,282,116.5,48,0000:00:00,24,0,0,0,40,0,0,0,0,0,0,1,222.13,11:36:18,9/22/2023,95.97,48.34,--.--
high,0,601,10.02,15.59,10.08,1583,157.1472,2.2,24.48335911,36:19.0,6.1,3.1,109,0,0,0,0.5,0,0,-0.2,-41.8,0,0,-12.702,0,0,6541.3,0:07:08,136.6,0,--.--,282,116.3,37,0000:00:00,24,0,0,0,40,0,0,0,0,0,0,1,157.14,11:36:19,9/22/2023,95.99,48.34,--.--
high,0,602,10.03,15.49,14.85,1587,230.0265,2.36,24.54725536,36:20.0,5.3,-0.7,131,0,0,0,0.5,0,0,-0.2,-42.7,0,0,-12.947,0,0,6541.3,0:07:09,136.1,0,--.--,281,115.7,39,0000:00:00,24,0,0,0,40,0,0,0,0,0,0,1,230.07,11:36:20,9/22/2023,95.99,48.34,--.--
high,0,603,10.05,15.7,14.85,1591,233.145,2.37,24.61201786,36:21.0,4.8,-2.1,148,0,0,0,0.3,0,0,-0.3,-43.5,0,0,-13.208,0,0,6541.3,0:07:10,135.8,0,--.--,281,115.4,35,0000:00:00,24,0,0,0,40,0,0,0,0,0,0,1,233.17,11:36:21,9/22/2023,95.99,48.34,--.--
high,0,604,10.07,15.41,17.27,1594,266.1307,2.43,24.68594306,36:22.0,4.8,-1.5,166,0,0,0,0.4,0,0,-0.2,-44.5,0,0,-13.52,0,0,6812.6,0:07:11,135.3,0,--.--,281,111,49,0000:00:00,16,0,0,0,40,0,0,0,0,0,0,1,266.06,11:36:22,9/22/2023,96.01,48.34,--.--
high,0,605,10.08,15.85,1.38,1595,21.873,1.34,24.69201889,36:23.0,6.8,-2.1,161,0,0,0,0.4,0,0,-0.2,-44.9,0,0,-13.66,0,0,6812.6,0:07:12,134.6,0,--.--,281,110.4,49,0000:00:00,30,0,0,0,40,0,0,0,0,0,0,1,21.87,11:36:23,9/22/2023,96.01,48.36,--.--
high,0,606,10.1,15.84,11.25,1597,178.2,2.25,24.74151889,36:24.0,8.1,-3.7,162,0,0,0,0.4,0,0,-0.1,-45.1,0,0,-13.754,0,0,6812.6,0:07:13,134.2,0,--.--,282,110.1,48,0000:00:00,62,0,0,0,40,0,0,0,0,0,0,1,178.25,11:36:24,9/22/2023,96.03,48.34,--.--
high,0,607,10.12,15.3,19.1,1600,292.23,2.47,24.82269389,36:25.0,-0.2,-2.4,165,0,0,0,0.6,0,0,-0.1,-45.5,0,0,-13.839,0,0,6812.6,0:07:14,133.6,0,--.--,282,113.5,38,0000:00:00,74,0,0,0,40,0,0,0,0,0,0,1,292.25,11:36:25,9/22/2023,96.03,48.36,--.--
high,0,608,10.13,15.34,20.62,1605,316.3108,2.5,24.910558,36:26.0,-1.4,-2,163,0,0,0,0.7,0,0,-0.1,-46,0,0,-13.98,0,0,6812.6,0:07:15,133,0,--.--,283,113.1,40,0000:00:00,74,0,0,0,40,0,0,0,0,0,0,1,316.21,11:36:26,9/22/2023,96.03,48.36,--.--
high,0,609,10.15,15.22,24.52,1611,373.1944,2.57,25.01422311,36:27.0,-3.6,-2,162,0,0,0,0.8,0,0,-0.3,-46.7,0,0,-14.177,0,0,7080.7,0:07:16,132.7,0,--.--,283,112.7,31,0000:00:00,74,0,0,0,40,0,0,0,0,0,0,1,373.24,11:36:27,9/22/2023,96.04,48.36,--.--
high,0,610,10.17,15.42,17.57,1619,270.9294,2.43,25.08948128,36:28.0,-1,3.2,160,0,0,0,0.9,0,0,0,-47.4,0,0,-14.417,0,0,7080.7,0:07:17,132.2,0,--.--,283,112.3,49,0000:00:00,74,0,0,0,40,0,0,0,0,0,0,1,270.93,11:36:28,9/22/2023,96.06,48.36,--.--
high,0,611,10.18,15.46,14.73,1623,227.7258,2.36,25.15273844,36:29.0,-1,-4.4,161,0,0,0,0.9,0,0,-0.1,-47.8,0,0,-14.541,0,0,7080.7,0:07:18,132.2,0,--.--,282,112.1,43,0000:00:00,74,0,0,0,40,0,0,0,0,0,0,1,227.73,11:36:29,9/22/2023,96.06,48.36,--.--
high,0,612,10.2,15.54,11.64,1627,180.8856,2.26,25.20298444,36:30.0,1.7,-3.9,163,0,0,0,0.9,0,0,0,-48.1,0,0,-14.647,0,0,7080.7,0:07:19,132.1,0,--.--,283,112,50,0000:00:00,74,0,0,0,40,0,0,0,0,0,0,1,180.93,11:36:30,9/22/2023,96.06,48.36,--.--
high,0,613,10.22,15.47,14.38,1631,222.4586,2.35,25.2647785,36:31.0,1.8,-3,161,0,0,0,0.9,0,0,-0.1,-48.4,0,0,-14.73,0,0,7080.7,0:07:20,132.2,0,--.--,283,108.4,49,0000:00:00,74,0,0,0,40,0,0,0,0,0,0,1,222.52,11:36:31,9/22/2023,96.06,48.36,--.--
high,0,614,10.23,15.42,15.21,1635,234.5382,2.37,25.329928,36:32.0,-0.5,-3.3,160,0,0,0,0.9,0,0,-0.1,-48.7,0,0,-14.836,0,0,7080.7,0:07:21,132.4,0,--.--,283,108.7,48,0000:00:00,74,0,0,0,40,0,0,0,0,0,0,1,234.54,11:36:32,9/22/2023,96.1,48.36,--.--
high,0,615,10.25,15.58,14.08,1639,219.3664,2.34,25.39086311,36:33.0,-0.6,-4.7,161,0,0,0,0.7,0,0,-0.1,-48.9,0,0,-14.894,0,0,7345.9,0:07:22,131.7,0,--.--,285,112.2,50,0000:00:00,74,0,0,0,40,0,0,0,0,0,0,1,219.31,11:36:33,9/22/2023,96.1,48.36,--.--
high,0,616,10.27,15.6,10.95,1642,170.82,2.23,25.43831311,36:34.0,-1.5,-3.7,161,0,0,0,0.6,0,0,-0.1,-49,0,0,-14.92,0,0,7352.7,0:07:23,131.2,0,--.--,288,112.3,50,0000:00:00,74,0,0,0,40,0,0,0,0,0,0,1,170.85,11:36:34,9/22/2023,96.12,48.36,--.--
high,0,617,10.28,15.49,15.11,1645,234.0539,2.37,25.50332808,36:35.0,-1.2,-2.2,157,0,0,0,0.5,0,0,0,-49,0,0,-14.924,0,0,7352.7,0:07:24,131.4,0,--.--,289,112.7,49,0000:00:00,74,0,0,0,40,0,0,0,0,0,0,1,234.08,11:36:35,9/22/2023,96.12,48.36,--.--
high,0,618,10.3,15.51,12.29,1649,190.6179,2.28,25.5562775,36:36.0,-0.8,-3.1,155,0,0,0,0.4,0,0,0,-48.9,0,0,-14.914,0,0,7359.3,0:07:25,131.5,0,--.--,289,113,50,0000:00:00,74,0,0,0,40,0,0,0,0,0,0,1,190.64,11:36:36,9/22/2023,96.13,48.36,--.--
high,0,619,10.32,15.83,6.79,1652,107.4857,2.03,25.58613464,36:37.0,-0.8,-3.7,154,0,0,0,0.3,0,0,0,-48.9,0,0,-14.912,0,0,7359.3,0:07:26,132.1,0,--.--,290,113.7,50,0000:00:00,74,0,0,0,40,0,0,0,0,0,0,1,107.51,11:36:37,9/22/2023,96.15,48.36,--.--
high,1,620,10.33,15.85,1.61,1652,25.5185,1.41,25.59322311,36:38.0,-0.2,-3.7,152,0,0,0,0.3,0,0,0,-49.1,0,0,-14.959,0,0,7490.8,0:07:27,0,0,--.--,--.--,26.6,50,0000:00:00,74,0,0,0,40,0,0,0,0,0,0,1,25.52,11:36:38,9/22/2023,96.15,48.36,--.--
high,1,621,10.35,15.86,1.68,1653,26.6448,1.43,25.60062444,36:39.1,-0.6,-3.1,152,0,0,0,0.3,0,0,0,-49.4,0,0,-15.035,0,0,7623.2,0:07:28,132.7,0,--.--,291,111,50,0000:00:00,74,0,0,0,40,0,0,0,0,0,0,1,26.64,11:36:39,9/22/2023,96.17,48.36,--.--
high,1,622,10.37,15.86,1.81,1653,28.7066,1.46,25.6085985,36:40.1,-0.5,-2.4,152,0,0,0,0.3,0,0,0,-49.5,0,0,-15.081,0,0,7623.2,0:07:29,132.9,0,--.--,291,111.2,50,0000:00:00,74,0,0,0,40,0,0,0,0,0,0,1,28.71,11:36:40,9/22/2023,96.17,48.36,--.--
high,1,623,10.38,15.87,1.71,1654,27.1377,1.43,25.61613675,36:41.1,-0.6,-2.3,152,0,0,0,0.4,0,0,0,-49.4,0,0,-15.065,0,0,7623.2,0:07:30,132.7,0,--.--,292,111.3,50,0000:00:00,74,0,0,0,40,0,0,0,0,0,0,1,27.14,11:36:41,9/22/2023,96.19,48.36,--.--
high,1,624,10.4,15.88,1.48,1654,23.5024,1.37,25.62266519,36:42.1,-0.9,-1.9,153,0,0,0,0.4,0,0,0,-49.1,0,0,-14.986,0,0,7623.2,0:07:31,133,0,--.--,291,114.7,50,0000:00:00,74,0,0,0,40,0,0,0,0,0,0,1,23.5,11:36:42,9/22/2023,96.19,48.36,--.--
high,1,625,10.42,15.9,1.37,1655,21.783,1.34,25.62871603,36:43.1,-2.2,-0.3,155,0,0,0,0.2,0,0,0,-48.8,0,0,-14.891,0,0,7623.2,0:07:32,132.3,0,--.--,291,114.2,50,0000:00:00,74,0,0,0,40,0,0,0,0,0,0,1,21.78,11:36:43,9/22/2023,96.19,48.38,--.--
high,1,626,10.43,15.8,7.19,1657,113.602,2.06,25.66027214,36:44.1,-1,-2.3,156,0,0,0,0.4,0,0,0,-48.7,0,0,-14.841,0,0,7887.6,0:07:33,131.9,0,--.--,292,114.1,50,0000:00:00,74,0,0,0,40,0,0,0,0,0,0,1,113.63,11:36:44,9/22/2023,96.22,48.38,--.--
high,1,627,10.45,15.78,5.27,1660,83.1606,1.92,25.68337231,36:45.1,-0.7,-3.8,157,0,0,0,0.4,0,0,0,-48.7,0,0,-14.846,0,0,7887.6,0:07:34,131.7,0,--.--,290,113.3,50,0000:00:00,74,0,0,0,40,0,0,0,0,0,0,1,83.16,11:36:45,9/22/2023,96.22,48.36,--.--
high,1,628,10.47,15.57,11.6,1662,180.612,2.26,25.73354231,36:46.1,-2.3,-1.5,156,0,0,0,0.5,0,0,0,-48.8,0,0,-14.877,0,0,7894.9,0:07:35,131.8,0,--.--,289,109.5,50,0000:00:00,74,0,40,0,40,0,0,0,0,0,0,1,180.62,11:36:46,9/22/2023,96.22,48.36,--.--
high,1,629,10.48,15.85,2.48,1663,39.308,1.59,25.74446119,36:47.1,-0.4,-3.4,152,0,0,0,0.4,0,0,0,-49,0,0,-14.936,0,0,7894.9,0:07:36,132.1,0,--.--,289,109.7,50,0000:00:00,74,0,60,0,40,0,0,0,0,0,0,1,39.32,11:36:47,9/22/2023,96.22,48.38,--.--
high,1,630,10.5,15.83,4.22,1664,66.8026,1.82,25.76301747,36:48.1,-1.4,-1.9,155,0,0,0,0.4,0,0,0,-49.1,0,0,-14.977,0,0,7894.9,0:07:37,132.5,0,--.--,289,110.1,50,0000:00:00,74,0,80,0,40,0,0,0,0,0,0,1,66.79,11:36:48,9/22/2023,96.26,48.38,--.--
high,1,631,10.52,15.82,3.85,1665,60.907,1.78,25.77993608,36:49.1,-1,-2.2,153,0,0,0,0.4,0,0,0,-49.1,0,0,-14.974,0,0,7894.9,0:07:38,132.5,0,--.--,289,110.1,50,0000:00:00,74,0,80,0,40,0,0,0,0,0,0,1,60.91,11:36:49,9/22/2023,96.26,48.36,--.--
high,1,632,10.53,15.81,4.6,1666,72.726,1.86,25.80013775,36:50.1,-1.9,-2.7,153,0,0,0,0.3,0,0,0,-48.9,0,0,-14.912,0,0,8159.2,0:07:39,132.5,0,--.--,289,110.2,44,0000:00:00,74,0,80,0,40,0,0,0,0,0,0,1,72.74,11:36:50,9/22/2023,96.28,48.36,--.--
high,1,633,10.55,15.76,5.89,1668,92.8264,1.97,25.82592286,36:51.1,-6,-2.1,155,0,0,0,0.2,0,0,-0.1,-48.8,0,0,-14.876,0,0,8159.2,0:07:40,132.6,0,--.--,289,114,37,0000:00:00,74,0,80,0,40,0,0,0,0,0,0,1,92.84,11:36:51,9/22/2023,96.3,48.38,--.--
high,1,634,10.57,15.56,10.8,1670,168.048,2.23,25.87260286,36:52.1,-4.5,-1.7,157,0,0,0,0.2,0,0,-0.2,-49.3,0,0,-14.994,0,0,8159.2,0:07:41,132.7,0,--.--,289,114.1,39,0000:00:00,74,0,80,0,40,0,0,0,0,0,0,1,168.05,11:36:52,9/22/2023,96.3,48.38,--.--
high,1,635,10.58,15.63,7.96,1673,124.4148,2.09,25.90716253,36:53.1,-3.2,-1.2,156,0,0,0,0.2,0,0,-0.1,-49.9,0,0,-15.168,0,0,8159.2,0:07:42,132.8,0,--.--,289,114.2,43,0000:00:00,74,0,80,0,40,0,0,0,0,0,0,1,124.44,11:36:53,9/22/2023,96.31,48.38,--.--
high,1,636,10.6,15.75,6.94,1676,109.305,2.04,25.93752503,36:54.1,-1.3,-1.3,156,0,0,0,0.2,0,0,0,-50.2,0,0,-15.291,0,0,8159.2,0:07:43,132.8,0,--.--,288,114,45,0000:00:00,74,0,80,0,40,0,0,0,0,0,0,1,109.33,11:36:54,9/22/2023,96.33,48.38,--.--
high,1,637,10.62,15.84,3.73,1677,59.0832,1.77,25.95393703,36:55.1,0.7,-1.8,153,0,0,0,0.2,0,0,0,-50.4,0,0,-15.342,0,0,8291.7,0:07:44,0,0,--.--,--.--,22.7,49,0000:00:00,74,0,80,0,40,0,0,0,0,0,0,1,59.08,11:36:55,9/22/2023,96.35,48.36,--.--
high,1,638,10.63,15.83,6.4,1678,101.312,2.01,25.98207925,36:56.1,0.5,-1.3,155,0,0,0,0.2,0,0,0,-50.4,0,0,-15.364,0,0,8424.9,0:07:45,133.5,0,--.--,287,114.4,50,0000:00:00,74,0,80,0,40,0,0,0,0,0,0,1,101.34,11:36:56,9/22/2023,96.35,48.38,--.--
high,1,639,10.65,15.51,15.38,1681,238.5438,2.38,26.04834142,36:57.1,2.2,-3.4,155,0,0,0,0.3,0,0,0,-50.5,0,0,-15.377,0,0,8424.9,0:07:46,133.8,0,--.--,287,114.6,49,0000:00:00,74,0,80,0,40,0,0,0,0,0,0,1,238.53,11:36:57,9/22/2023,96.35,48.38,--.--
high,1,640,10.67,15.55,13.56,1685,210.858,2.32,26.10691308,36:58.1,1,-4.5,155,0,0,0,0.2,0,0,0,-50.6,0,0,-15.424,0,0,8424.9,0:07:47,134,0,--.--,287,111,50,0000:00:00,74,0,80,0,40,0,0,0,0,0,0,1,210.93,11:36:58,9/22/2023,96.39,48.38,--.--
high,1,641,10.68,15.74,4.26,1687,67.0524,1.83,26.12553875,36:59.1,0,-2.7,155,0,0,0,0.2,0,0,0,-50.8,0,0,-15.467,0,0,8424.9,0:07:48,134,0,--.--,287,111.1,50,0000:00:00,74,0,80,0,40,0,0,0,0,0,0,1,67.06,11:36:59,9/22/2023,96.39,48.38,--.--
high,1,642,10.7,15.8,4.92,1689,77.736,1.89,26.14713208,37:00.1,-0.7,-1.7,156,0,0,0,0.2,0,0,0,-50.9,0,0,-15.515,0,0,8424.9,0:07:49,134.3,0,--.--,287,115.2,50,0000:00:00,74,0,80,0,40,0,0,0,0,0,0,1,77.72,11:37:00,9/22/2023,96.39,48.38,--.--
high,1,643,10.72,15.74,6.52,1690,102.6248,2.01,26.17563897,37:01.1,-0.4,-2.3,156,0,0,0,0.2,0,0,0,-51,0,0,-15.542,0,0,8558.1,0:07:50,0,0,--.--,--.--,22.7,50,0000:00:00,74,0,80,0,40,0,0,0,0,0,0,1,102.64,11:37:01,9/22/2023,96.4,48.38,--.--
high,1,644,10.73,15.75,6.74,1692,106.155,2.03,26.20512647,37:02.1,-0.9,-2.8,157,0,0,0,0.1,0,0,0,-50.9,0,0,-15.527,0,0,8692.7,0:07:51,134.9,0,--.--,288,115.9,50,0000:00:00,74,0,80,0,40,0,0,0,0,0,0,1,106.15,11:37:02,9/22/2023,96.4,48.38,--.--
high,1,645,10.75,15.7,7.62,1694,119.634,2.08,26.23835814,37:03.1,-0.6,-3.4,157,0,0,0,0.1,0,0,0,-50.9,0,0,-15.507,0,0,8692.7,0:07:52,135.4,0,--.--,287,116.2,50,0000:00:00,74,0,80,0,40,0,0,0,0,0,0,1,119.6,11:37:03,9/22/2023,96.42,48.38,--.--
high,1,646,10.77,15.58,12.8,1698,199.424,2.3,26.29375369,37:04.1,-1.2,-3.2,156,0,0,0,0.1,0,0,0,-51,0,0,-15.531,0,0,8692.7,0:07:53,135.8,0,--.--,287,116.6,50,0000:00:00,74,0,80,0,40,0,0,0,0,0,0,1,199.4,11:37:04,9/22/2023,96.44,48.38,--.--
high,1,647,10.78,15.66,7.81,1701,122.3046,2.09,26.32772719,37:05.1,-1,-2.7,157,0,0,0,0.1,0,0,0,-51.2,0,0,-15.593,0,0,8692.7,0:07:54,136.5,0,--.--,286,117.2,50,0000:00:00,74,0,80,0,40,0,0,0,0,0,0,1,122.34,11:37:05,9/22/2023,96.44,48.36,--.--
high,1,648,10.8,15.72,7.57,1703,119.0004,2.08,26.36078286,37:06.1,-0.8,-3,156,0,0,0,0.1,0,0,0,-51.4,0,0,-15.665,0,0,8692.7,0:07:55,137,0,--.--,286,117.7,50,0000:00:00,74,0,80,0,40,0,0,0,0,0,0,1,118.97,11:37:06,9/22/2023,96.46,48.36,--.--
high,1,649,10.82,15.75,6.54,1705,103.005,2.01,26.38939536,37:07.1,-1.2,-2.3,156,0,0,0,0.1,0,0,0,-51.6,0,0,-15.722,0,0,8964.6,0:07:56,137.2,0,--.--,287,118,50,0000:00:00,74,0,80,0,40,0,0,0,0,0,0,1,103.02,11:37:07,9/22/2023,96.46,48.38,--.--
high,1,650,10.83,15.79,5.15,1706,81.3185,1.91,26.41198383,37:08.1,-1,-1.7,156,0,0,0,0.2,0,0,0,-51.7,0,0,-15.755,0,0,8964.6,0:07:57,137.3,0,--.--,287,118.2,50,0000:00:00,70,0,80,0,40,0,0,0,0,0,0,1,81.3,11:37:08,9/22/2023,96.46,48.36,--.--
high,1,651,10.85,15.79,5.28,1708,83.3712,1.92,26.4351425,37:09.1,-0.7,-2,157,0,0,0,0.1,0,0,0,-51.7,-50,-15.23,-31.01,0,1.47,9109.9,0:07:58,0.1,0,--.--,--.--,22.8,50,0000:00:00,62,0,80,0,40,0,0,4.82,0,0,0,1,83.36,11:37:09,9/22/2023,96.48,48.36,--.--
high,1,652,10.87,15.67,9.16,1710,143.5372,2.16,26.47501394,37:10.1,-0.4,-1.9,156,0,0,0,0.2,0,0,0,-51.8,-50,-15.25,-31.02,0,1.46,9109.9,0:07:59,0.5,0,--.--,--.--,22.7,50,0000:00:00,62,0,80,0,40,0,0,4.79,0,0,0,1,143.5,11:37:10,9/22/2023,96.49,48.38,--.--
high,1,653,10.88,15.67,9.39,1712,147.1413,2.17,26.51588653,37:11.1,-0.5,-2,156,0,0,0,0.2,0,0,0,-51.9,-50.1,-15.28,-31.079,0,1.3,9109.9,0:08:00,1,0,--.--,--.--,26.7,50,0000:00:00,62,0,80,0,40,0,0,4.27,0,0,0,1,147.16,11:37:11,9/22/2023,96.49,48.38,--.--
high,1,654,10.9,15.67,9.36,1715,146.6712,2.17,26.55662853,37:12.1,-1.4,-2.7,156,0,0,0,0.2,0,0,0,-51.9,-50.2,-15.3,-31.118,0,1.26,9109.9,0:08:01,1.7,0,--.--,--.--,26.8,50,0000:00:00,62,0,80,0,40,0,0,4.13,0,0,0,1,146.63,11:37:12,9/22/2023,96.51,48.38,--.--
high,1,655,10.92,15.65,10.03,1718,156.9695,2.2,26.60023117,37:13.1,-1.6,-2.4,156,0,0,0,0.2,0,0,0,-52,-50.2,-15.31,-31.139,0,1.24,9109.9,0:08:02,2.4,0,--.--,--.--,26.7,50,0000:00:00,62,0,80,0,40,0,0,4.07,0,0,0,1,156.97,11:37:13,9/22/2023,96.51,48.36,--.--
high,1,656,10.93,15.66,9.77,1720,152.9982,2.18,26.64273067,37:14.1,-1.1,-2.3,156,0,0,0,0.2,0,0,0,-52,-50.3,-15.33,-31.174,0,1.13,9109.9,0:08:03,3,0,--.--,--.--,26.6,50,0000:00:00,62,0,80,0,40,0,0,3.71,0,0,0,1,152.98,11:37:14,9/22/2023,96.51,48.38,--.--
high,1,657,10.95,15.65,9.68,1723,151.492,2.18,26.68481178,37:15.1,-1.4,-1.6,156,0,0,0,0.2,0,0,0,-52.1,-50.3,-15.34,-31.214,0,1.12,9109.9,0:08:04,3.6,0,--.--,344,26.6,50,0000:00:00,62,0,80,0,40,0,0,3.67,0,0,0,1,151.53,11:37:15,9/22/2023,96.51,48.38,--.--
high,1,658,10.97,15.65,9.68,1726,151.492,2.18,26.72689289,37:16.1,-4.3,-0.7,157,0,0,0,0.2,0,0,0.1,-52.1,-50.3,-15.33,-31.22,0,1.09,9109.9,0:08:05,4.3,0,--.--,342,26.5,58,0000:00:00,62,0,80,0,40,0,0,3.58,0,0,0,1,151.52,11:37:16,9/22/2023,96.55,48.36,--.--
high,1,659,10.98,15.66,9.07,1728,142.0362,2.15,26.76634739,37:17.1,-4,-1.9,156,0,0,0,0.2,0,0,0.1,-51.9,-50.2,-15.28,-31.134,0,1.07,9109.9,0:08:06,4.9,0,--.--,341,26.4,57,0000:00:00,62,0,80,0,40,0,0,3.51,0,0,0,1,142.08,11:37:17,9/22/2023,96.55,48.36,--.--
high,1,660,11,15.65,9.79,1731,153.2135,2.19,26.80890669,37:18.1,-1.2,-1.5,156,0,0,0,0.2,0,0,0.1,-51.7,-50,-15.22,-31.017,0,1.04,9109.9,0:08:07,5.5,0,--.--,341,26.4,50,0000:00:00,62,0,80,0,40,0,0,3.41,0,0,0,1,153.24,11:37:18,9/22/2023,96.57,48.36,--.--
high,1,661,11.02,15.81,3.69,1733,58.3389,1.77,26.82511194,37:19.1,1.1,-3.2,153,0,0,0,0,0,0,0,-51.6,-49.9,-15.21,-30.954,0,1.04,9109.9,0:08:08,5.9,0,--.--,341,26.5,50,0000:00:00,62,0,80,0,40,0,0,3.41,0,0,0,1,58.33,11:37:19,9/22/2023,96.57,48.36,--.--
high,1,662,11.03,15.81,4,1734,63.24,1.8,26.84267861,37:20.1,0,-2.2,153,0,0,0,0.1,0,0,0,-51.6,-49.9,-15.19,-30.935,0,1.1,9109.9,0:08:09,5.9,0,--.--,341,26.5,50,0000:00:00,62,0,80,0,40,0,0,3.61,0,0,0,1,63.23,11:37:20,9/22/2023,96.58,48.36,--.--
high,1,663,11.05,15.82,3.61,1735,57.1102,1.76,26.85854256,37:21.1,-2.5,-0.3,155,0,0,0,0,0,0,0,-51.5,-49.7,-15.16,-30.875,0,1.11,9109.9,0:08:10,5.5,0,--.--,342,26.5,50,0000:00:00,62,0,80,0,40,0,0,3.64,0,0,0,1,57.11,11:37:21,9/22/2023,96.6,48.36,--.--
high,1,664,11.07,15.55,13.4,1737,208.37,2.32,26.91642311,37:22.1,-1.3,-0.8,157,0,0,0,0.2,0,0,0,-51.4,-49.6,-15.12,-30.812,0,1.1,9109.9,0:08:11,5.7,0,--.--,341,26.5,53,0000:00:00,62,0,80,0,40,0,0,3.61,0,0,0,1,208.36,11:37:22,9/22/2023,96.6,48.36,--.--
high,1,665,11.08,15.53,10.56,1741,163.9968,2.21,26.96197778,37:23.1,-5.1,-4,157,0,0,0,0.2,0,0,0.1,-51.2,-49.4,-15.06,-30.709,0,1.16,9109.9,0:08:12,6.3,0,--.--,339,26.2,57,0000:00:00,62,0,80,0,40,0,0,3.81,0,0,0,1,164,11:37:23,9/22/2023,96.62,48.36,--.--
high,1,666,11.1,15.62,11.2,1744,174.944,2.24,27.01057333,37:24.1,-3.1,-2.5,156,0,0,0,0.2,0,0,0.1,-50.9,-49.2,-14.97,-30.537,0,1.27,9116.5,0:08:13,7,0,--.--,340,26.5,58,0000:00:00,62,0,80,0,40,0,0,4.17,0,0,0,1,174.92,11:37:24,9/22/2023,96.62,48.36,--.--
high,1,667,11.12,15.64,10.5,1747,164.22,2.22,27.05619,37:25.1,-3.3,-2.3,156,0,0,0,0.2,0,0,0.1,-50.6,-48.9,-14.86,-30.352,0,1.31,9116.5,0:08:14,7.6,0,--.--,344,27,62,0000:00:00,62,0,80,0,40,0,0,4.3,0,0,0,1,164.21,11:37:25,9/22/2023,96.64,48.36,--.--
high,1,668,11.13,15.64,10.93,1749,170.9452,2.23,27.10367478,37:26.1,-3.6,-1.9,156,0,0,0,0.2,0,0,0.1,-50.2,-48.4,-14.73,-30.094,0,1.43,9116.5,0:08:15,8.2,0,--.--,346,27.4,52,0000:00:00,62,0,80,0,40,0,0,4.69,0,0,0,1,170.91,11:37:26,9/22/2023,96.64,48.36,--.--
high,1,669,11.15,15.66,8.82,1752,138.1212,2.14,27.14204178,37:27.1,1,-3.9,156,0,0,0,0.2,0,0,0,-49.9,-48.2,-14.67,-29.896,0,1.51,9116.5,0:08:16,8.7,0,--.--,346,27.6,50,0000:00:00,62,0,80,0,40,0,0,4.95,0,0,0,1,138.13,11:37:27,9/22/2023,96.64,48.36,--.--
high,1,670,11.17,15.68,8.18,1755,128.2624,2.11,27.17767022,37:28.1,1.4,-2.9,157,0,0,0,0.2,0,0,0,-49.9,-48.1,-14.67,-29.877,0,1.49,9116.5,0:08:17,9.3,0,--.--,346,27.7,50,0000:00:00,62,0,80,0,40,0,0,4.89,0,0,0,1,128.3,11:37:28,9/22/2023,96.64,48.36,--.--
high,1,671,11.18,15.69,8.01,1757,125.6769,2.1,27.21258047,37:29.1,-0.7,-1.9,157,0,0,0,0.1,0,0,0,-50,-48.2,-14.7,-29.913,0,1.56,9116.5,0:08:18,9.8,0,--.--,346,27.9,56,0000:00:00,62,0,80,0,40,0,0,5.12,0,0,0,1,125.69,11:37:29,9/22/2023,96.67,48.36,--.--
high,1,672,11.2,15.69,8.28,1759,129.9132,2.11,27.24866747,37:30.1,-3.4,-1.4,157,0,0,0,0.1,0,0,0,-49.9,-48.2,-14.68,-29.917,0,1.33,9116.5,0:08:19,10.2,0,--.--,346,28,56,0000:00:00,62,0,80,0,40,0,0,4.36,0,0,0,1,129.92,11:37:30,9/22/2023,96.67,48.36,--.--
high,1,673,11.22,15.64,9.49,1762,148.4236,2.17,27.28989625,37:31.2,-0.8,-2.6,157,0,0,0,0.1,0,0,0,-49.9,-48.1,-14.66,-29.872,0,1.41,9116.5,0:08:20,10.6,0,--.--,345,27.9,52,0000:00:00,62,0,80,0,40,0,0,4.63,0,0,0,1,148.46,11:37:31,9/22/2023,96.67,48.36,--.--
high,1,674,11.23,15.65,8.44,1764,132.086,2.12,27.32658681,37:32.2,0.2,-3,157,0,0,0,0.1,0,0,0,-49.8,-48.1,-14.66,-29.855,0,1.51,9116.5,0:08:21,11,0,--.--,344,27.9,48,0000:00:00,62,0,80,0,40,0,0,4.95,0,0,0,1,132.11,11:37:32,9/22/2023,96.71,48.36,--.--
high,1,675,11.25,15.65,8.72,1767,136.468,2.14,27.36449458,37:33.2,-3.8,-3,156,0,0,0,0.1,0,0,-0.1,-49.9,-48.2,-14.7,-29.876,0,1.36,9116.5,0:08:22,11.5,0,--.--,344,28.1,41,0000:00:00,62,0,80,0,40,0,0,4.46,0,0,0,1,136.43,11:37:33,9/22/2023,96.73,48.36,--.--
high,1,676,11.27,15.64,9.77,1770,152.8028,2.18,27.40693981,37:34.2,0.8,-0.3,156,0,0,0,0.2,0,0,0,-50.2,-48.4,-14.78,-30.038,0,1.17,9116.5,0:08:23,11.9,0,--.--,345,28.4,49,0000:00:00,62,0,80,0,40,0,0,3.84,0,0,0,1,152.77,11:37:34,9/22/2023,96.73,48.36,--.--
high,1,677,11.28,15.65,9.49,1772,148.5185,2.17,27.44819494,37:35.2,1.5,-2.3,156,0,0,0,0.2,0,0,-0.1,-50.4,-48.7,-14.85,-30.178,0,1.01,9116.5,0:08:24,12.5,0,--.--,346,28.8,49,0000:00:00,62,0,80,0,40,0,0,3.31,0,0,0,1,148.49,11:37:35,9/22/2023,96.75,48.36,--.--
high,1,678,11.3,15.66,9.43,1775,147.6738,2.17,27.48921544,37:36.2,-0.1,-2.3,156,0,0,0,0.1,0,0,0,-50.6,-48.8,-14.89,-30.28,0,0.95,9123.1,0:08:25,13.1,0,--.--,346,26,48,0000:00:00,62,0,80,0,40,0,0,3.12,0,0,0,1,147.66,11:37:36,9/22/2023,96.75,48.36,--.--
high,1,679,11.32,15.69,7.5,1777,117.675,2.07,27.52190294,37:37.2,-3.5,-2.3,157,0,0,0,0.1,0,0,-0.1,-50.7,-49,-14.94,-30.371,0,0.92,9123.1,0:08:26,13.5,0,--.--,346,26.2,45,0000:00:00,62,0,80,0,40,0,0,3.02,0,0,0,1,117.67,11:37:37,9/22/2023,96.75,48.36,--.--
high,1,680,11.33,15.7,7.53,1779,118.221,2.07,27.55474211,37:38.2,-2.7,-2.2,157,0,0,0,0.1,0,0,-0.1,-51,-49.2,-15.03,-30.513,0,0.87,9123.1,0:08:27,13.8,0,--.--,346,26.3,43,0000:00:00,62,0,80,0,40,0,0,2.85,0,0,0,1,118.18,11:37:38,9/22/2023,96.76,48.36,--.--
high,1,681,11.35,15.69,8.12,1782,127.4028,2.11,27.59013178,37:39.2,0.5,-1.8,156,0,0,0,0.2,0,0,-0.1,-51.3,-49.6,-15.13,-30.715,0,0.76,9123.1,0:08:28,14.2,0,--.--,346,26.4,57,0000:00:00,62,0,80,0,40,0,0,2.49,0,0,0,1,127.44,11:37:39,9/22/2023,96.76,48.36,--.--
high,1,682,11.37,15.54,13.43,1784,208.7022,2.32,27.64810461,37:40.2,-2.9,-1.2,156,0,0,0,0.2,0,0,0,-51.5,-49.7,-15.16,-30.852,0,0.81,9123.1,0:08:29,14.9,0,--.--,347,27.1,56,0000:00:00,62,0,80,0,40,0,0,2.66,0,0,0,1,208.76,11:37:40,9/22/2023,96.78,48.36,--.--
high,1,683,11.38,15.63,9.26,1788,144.7338,2.16,27.68830844,37:41.2,-1.5,-2.5,156,0,0,0,0.2,0,0,0,-51.5,-49.7,-15.15,-30.834,0,0.75,9123.1,0:08:30,15.6,0,--.--,348,30.7,50,0000:00:00,62,0,80,0,40,0,0,2.46,0,0,0,1,144.76,11:37:41,9/22/2023,96.8,48.36,--.--
high,1,684,11.4,15.62,10.11,1790,157.9182,2.2,27.73217461,37:42.2,-0.8,-3,156,0,0,0,0.2,0,0,0,-51.6,-49.8,-15.19,-30.879,0,0.71,9123.1,0:08:31,16.4,0,--.--,349,31.2,59,0000:00:00,62,0,80,0,40,0,0,2.33,0,0,0,1,157.94,11:37:42,9/22/2023,96.8,48.36,--.--
high,1,685,11.42,15.65,9.47,1793,148.2055,2.17,27.77334281,37:43.2,-3.2,-2.3,156,0,0,0,0.1,0,0,0.1,-51.5,-49.8,-15.15,-30.893,0,0.78,9123.1,0:08:32,17.1,0,--.--,349,31.6,60,0000:00:00,62,0,80,0,40,0,0,2.56,0,0,0,1,148.18,11:37:43,9/22/2023,96.8,48.36,--.--
high,1,686,11.43,15.69,7.47,1795,117.2043,2.07,27.80589956,37:44.2,-2,-3,157,0,0,0,0.1,0,0,0.1,-51.2,-49.5,-15.07,-30.732,0,0.82,9123.1,0:08:33,17.5,0,--.--,349,31.9,57,0000:00:00,62,0,80,0,40,0,0,2.69,0,0,0,1,117.22,11:37:44,9/22/2023,96.8,48.36,--.--
high,1,687,11.45,15.69,7.19,1797,112.8111,2.05,27.83723597,37:45.2,-2.1,-3.7,156,0,0,0,0.1,0,0,0.1,-51,-49.3,-15,-30.579,0,0.91,9123.1,0:08:34,17.9,0,--.--,349,32,58,0000:00:00,62,0,80,0,40,0,0,2.99,0,0,0,1,112.81,11:37:45,9/22/2023,96.84,48.36,--.--
high,1,688,11.47,15.7,6.86,1799,107.702,2.03,27.86715319,37:46.2,-2,-2.8,157,0,0,0,0.1,0,0,0.1,-50.8,-49,-14.93,-30.455,0,0.95,9123.1,0:08:35,18.2,0,--.--,348,32.1,57,0000:00:00,62,0,80,0,40,0,0,3.12,0,0,0,1,107.67,11:37:46,9/22/2023,96.84,48.36,--.--
high,1,689,11.48,15.72,7.05,1801,110.826,2.04,27.89793819,37:47.2,-0.2,-1.8,156,0,0,0,0.1,0,0,0,-50.6,-48.9,-14.88,-30.331,0,0.99,9123.1,0:08:36,18.5,0,--.--,348,32.2,51,0000:00:00,62,0,80,0,40,0,0,3.25,0,0,0,1,110.85,11:37:47,9/22/2023,96.85,48.36,--.--
high,1,690,11.5,15.71,7,1803,109.97,2.04,27.92848542,37:48.2,1.3,-2.1,156,0,0,0,0.1,0,0,0,-50.6,-48.8,-14.88,-30.291,0,1.09,9123.1,0:08:37,18.9,0,--.--,348,32.3,50,0000:00:00,62,0,80,0,40,0,0,3.58,0,0,0,1,109.99,11:37:48,9/22/2023,96.85,48.36,--.--
high,1,691,11.52,15.7,7.82,1805,122.774,2.09,27.96258931,37:49.2,-0.1,-0.9,156,0,0,0,0.1,0,0,0,-50.6,-48.9,-14.9,-30.32,0,1.09,9123.1,0:08:38,19.3,0,--.--,348,32.5,50,0000:00:00,62,0,80,0,40,0,0,3.58,0,0,0,1,122.76,11:37:49,9/22/2023,96.85,48.36,--.--
high,1,692,11.53,15.71,7.06,1807,110.9126,2.04,27.99339836,37:50.2,-0.3,-0.3,156,0,0,0,0.1,0,0,0,-50.7,-48.9,-14.9,-30.353,0,1.09,9129.8,0:08:39,19.7,0,--.--,348,32.7,51,0000:00:00,62,0,80,0,40,0,0,3.58,0,0,0,1,110.93,11:37:50,9/22/2023,96.87,48.36,--.--
high,1,693,11.55,15.72,6.76,1809,106.2672,2.03,28.02291703,37:51.2,-1.3,-0.5,156,0,0,0,0.1,0,0,0,-50.6,-48.8,-14.87,-30.313,0,1.09,9129.8,0:08:40,20.1,0,--.--,347,32.9,51,0000:00:00,62,0,80,0,40,0,0,3.58,0,0,0,1,106.26,11:37:51,9/22/2023,96.89,48.36,--.--
high,1,694,11.57,15.73,6.38,1811,100.3574,2,28.05079408,37:52.2,-1,-1.8,157,0,0,0,0.1,0,0,0,-50.4,-48.7,-14.81,-30.212,0,1.11,9129.8,0:08:41,20.3,0,--.--,347,32.9,51,0000:00:00,62,0,80,0,40,0,0,3.64,0,0,0,1,100.38,11:37:52,9/22/2023,96.89,48.36,--.--
high,1,695,11.58,15.78,4.7,1812,74.166,1.87,28.07139575,37:53.2,-1.5,-1.6,157,0,0,0,0.1,0,0,0,-50.2,-48.5,-14.76,-30.093,0,1.14,9129.8,0:08:42,20.5,0,--.--,346,32.7,51,0000:00:00,62,0,80,0,40,0,0,3.74,0,0,0,1,74.16,11:37:53,9/22/2023,96.91,48.36,--.--
high,1,696,11.6,15.67,6.74,1814,105.6158,2.02,28.10073347,37:54.2,-2.4,-2.8,157,0,0,0,0.2,0,0,0,-50.1,-48.4,-14.74,-30.014,0,1.08,9129.8,0:08:43,20.7,0,--.--,345,32.6,50,0000:00:00,62,0,80,0,40,0,0,3.54,0,0,0,1,105.64,11:37:54,9/22/2023,96.91,48.36,--.--
high,1,697,11.62,15.55,12.91,1817,200.7505,2.3,28.1564975,37:55.2,-1.5,-2,156,0,0,0,0.2,0,0,-0.1,-50.3,-48.5,-14.81,-30.08,0,1.02,9129.8,0:08:44,21.3,0,--.--,345,32.9,50,0000:00:00,62,0,80,0,40,0,0,3.35,0,0,0,1,200.76,11:37:55,9/22/2023,96.93,48.36,--.--
high,1,698,11.63,15.62,8.89,1821,138.8618,2.14,28.19507022,37:56.2,-1,-0.4,156,0,0,0,0.2,0,0,0,-50.5,-48.8,-14.89,-30.241,0,1,9129.8,0:08:45,22,0,--.--,345,33.2,50,0000:00:00,62,0,80,0,40,0,0,3.28,0,0,0,1,138.82,11:37:56,9/22/2023,96.93,48.36,--.--
high,1,699,11.65,15.63,9.42,1823,147.2346,2.17,28.23596872,37:57.2,-1.1,-1.3,157,0,0,0,0.2,0,0,-0.1,-50.9,-49.1,-14.97,-30.414,0,0.9,9129.8,0:08:46,22.8,0,--.--,345,33.7,50,0000:00:00,62,0,80,0,40,0,0,2.95,0,0,0,1,147.26,11:37:57,9/22/2023,96.94,48.36,--.--
high,1,700,11.67,15.63,9.62,1826,150.3606,2.18,28.27773556,37:58.2,-1.5,-1.3,157,0,0,0,0.2,0,0,0,-51,-49.2,-15.01,-30.535,0,1,9129.8,0:08:47,23.2,0,--.--,345,33.9,50,0000:00:00,62,0,80,0,40,0,0,3.28,0,0,0,1,150.37,11:37:58,9/22/2023,96.94,48.36,--.--
high,1,701,11.68,15.63,9.33,1828,145.8279,2.16,28.31824331,37:59.2,-1.9,-0.8,156,0,0,0,0.2,0,0,0,-51,-49.3,-15.02,-30.58,0,0.94,9129.8,0:08:48,23.8,0,--.--,345,34.3,50,0000:00:00,62,0,80,0,40,0,0,3.08,0,0,0,1,145.85,11:37:59,9/22/2023,96.96,48.36,--.--
high,1,702,11.7,15.67,8.03,1831,125.8301,2.1,28.35319611,38:00.2,-1.2,-1.9,157,0,0,0,0.2,0,0,0,-51,-49.2,-15.01,-30.56,0,0.94,9129.8,0:08:49,24.3,0,--.--,345,34.6,50,0000:00:00,62,0,80,0,40,0,0,3.08,0,0,0,1,125.86,11:38:00,9/22/2023,96.96,48.36,--.--
high,1,703,11.72,15.65,8.97,1833,140.3805,2.15,28.39219069,38:01.2,-0.8,-2.4,156,0,0,0,0.2,0,0,0,-50.9,-49.2,-14.98,-30.515,0,0.93,9129.8,0:08:50,24.8,0,--.--,344,34.9,51,0000:00:00,62,0,80,0,40,0,0,3.05,0,0,0,1,140.34,11:38:01,9/22/2023,96.96,48.36,--.--
high,1,704,11.73,15.64,9.24,1836,144.5136,2.16,28.43233336,38:02.2,-1.8,-1.5,156,0,0,0,0.2,0,0,0,-50.8,-49,-14.95,-30.45,0,0.97,9129.8,0:08:51,25.5,0,--.--,344,35.3,51,0000:00:00,62,0,80,0,40,0,0,3.18,0,0,0,1,144.53,11:38:02,9/22/2023,96.96,48.36,--.--
high,1,705,11.75,15.63,9.6,1838,150.048,2.18,28.47401336,38:03.2,-0.4,-3.8,156,0,0,0,0.3,0,0,0,-50.8,-49,-14.95,-30.417,0,1.01,9136.4,0:08:52,26.2,0,--.--,344,35.8,50,0000:00:00,62,0,80,0,40,0,0,3.31,0,0,0,1,150.08,11:38:03,9/22/2023,96.96,48.36,--.--
high,1,706,11.77,15.63,9.25,1841,144.5775,2.16,28.51417378,38:04.2,-0.7,-3.4,156,0,0,0,0.3,0,0,0,-50.9,-49.1,-14.98,-30.475,0,1.02,9136.4,0:08:53,27.3,0,--.--,344,36.6,52,0000:00:00,62,0,80,0,40,0,0,3.35,0,0,0,1,144.6,11:38:04,9/22/2023,97,48.36,--.--
high,1,707,11.78,15.64,9.16,1844,143.2624,2.16,28.55396889,38:05.2,-2,-1.6,157,0,0,0,0.2,0,0,0,-51,-49.2,-15,-30.518,0,1.09,9136.4,0:08:54,28.2,0,--.--,344,37.1,51,0000:00:00,62,0,80,0,40,0,0,3.58,0,0,0,1,143.28,11:38:05,9/22/2023,97,48.36,--.--
high,1,708,11.8,15.66,8.29,1846,129.8214,2.11,28.59003039,38:06.2,-1,-2.9,157,0,0,0,0.2,0,0,0,-50.9,-49.2,-14.99,-30.531,0,1.15,9136.4,0:08:55,28.9,0,--.--,345,37.7,50,0000:00:00,62,0,80,0,40,0,0,3.77,0,0,0,1,129.83,11:38:06,9/22/2023,97.02,48.36,--.--
high,1,709,11.82,15.61,10.12,1849,157.9732,2.2,28.63391183,38:07.2,-0.1,-3.3,156,0,0,0,0.2,0,0,0,-50.8,-49.1,-14.96,-30.477,0,1.18,9136.4,0:08:56,29.4,0,--.--,345,38.3,50,0000:00:00,62,0,80,0,40,0,0,3.87,0,0,0,1,157.94,11:38:07,9/22/2023,97.02,48.36,--.--
high,1,710,11.83,15.52,13.43,1853,208.4336,2.32,28.69181006,38:08.2,-1.7,-2,156,0,0,0,0.2,0,0,0,-50.7,-48.9,-14.92,-30.412,0,1.16,9136.4,0:08:57,30,0,--.--,346,38.9,50,0000:00:00,62,0,80,0,40,0,0,3.81,0,0,0,1,208.45,11:38:08,9/22/2023,97.02,48.36,--.--
high,1,711,11.85,15.52,13.06,1856,202.6912,2.31,28.74811317,38:09.2,-2.1,-2.7,156,0,0,0,0.2,0,0,0,-50.5,-48.8,-14.86,-30.297,0,1.11,9136.4,0:08:58,30.6,0,--.--,346,39.4,50,0000:00:00,62,0,80,0,40,0,0,3.64,0,0,0,1,202.68,11:38:09,9/22/2023,97.03,48.36,--.--
high,1,712,11.87,15.54,11.87,1860,184.4598,2.27,28.799352,38:10.2,-1.1,-2.9,156,0,0,0,0.2,0,0,0,-50.5,-48.8,-14.86,-30.239,0,1.05,9136.4,0:08:59,31.3,0,--.--,346,39.8,50,0000:00:00,62,0,80,0,40,0,0,3.44,0,0,0,1,184.51,11:38:10,9/22/2023,97.03,48.36,--.--
high,1,713,11.88,15.56,11.51,1863,179.0956,2.25,28.84910078,38:11.2,-0.8,-1.6,156,0,0,0,0.3,0,0,0,-50.7,-49,-14.93,-30.318,0,0.96,9136.4,0:09:00,32.1,0,--.--,345,40.3,50,0000:00:00,62,0,80,0,40,0,0,3.15,0,0,0,1,179.08,11:38:11,9/22/2023,97.05,48.36,--.--
high,1,714,11.9,15.53,11.77,1866,182.7881,2.26,28.89987525,38:12.2,-0.6,-1.6,155,0,0,0,0.3,0,0,0,-51,-49.2,-15.01,-30.479,0,0.76,9143.2,0:09:01,33,0,--.--,345,41,52,0000:00:00,62,0,80,0,40,0,0,2.49,0,0,0,1,182.81,11:38:12,9/22/2023,97.07,48.36,--.--
high,1,715,11.92,15.58,10.9,1869,169.822,2.23,28.94704803,38:13.2,-1.1,-0.5,155,0,0,0,0.3,0,0,0,-51.1,-49.3,-15.04,-30.597,0,0.69,9143.2,0:09:02,33.8,0,--.--,346,41.8,51,0000:00:00,62,0,80,0,40,0,0,2.26,0,0,0,1,169.78,11:38:13,9/22/2023,97.07,48.36,--.--
high,1,716,11.93,15.63,8.48,1872,132.5424,2.12,28.98386536,38:14.2,-1.5,-2.5,156,0,0,0,0.2,0,0,0,-51.1,-49.4,-15.05,-30.632,0,0.72,9143.2,0:09:03,34.5,0,--.--,347,42.6,50,0000:00:00,62,0,80,0,40,0,0,2.36,0,0,0,1,132.58,11:38:14,9/22/2023,97.07,48.36,--.--
high,1,717,11.95,15.62,8.43,1874,131.6766,2.12,29.02044219,38:15.2,0.3,-4.1,156,0,0,0,0.2,0,0,0,-51.2,-49.4,-15.07,-30.656,0,0.73,9143.2,0:09:04,35.1,0,--.--,347,43.2,50,0000:00:00,62,0,80,0,40,0,0,2.4,0,0,0,1,131.65,11:38:15,9/22/2023,97.09,48.36,--.--
high,1,718,11.97,15.58,10.78,1877,167.9524,2.23,29.06709564,38:16.2,-0.9,-1.5,156,0,0,0,0.2,0,0,0,-51.2,-49.5,-15.08,-30.695,0,0.86,9143.2,0:09:05,35.7,0,--.--,347,43.7,50,0000:00:00,62,0,80,0,40,0,0,2.82,0,0,0,1,167.92,11:38:16,9/22/2023,97.09,48.36,--.--
high,1,719,11.98,15.6,9.87,1880,153.972,2.19,29.10986564,38:17.2,-0.9,-1.9,156,0,0,0,0.2,0,0,0,-51.2,-49.5,-15.07,-30.695,0,0.91,9143.2,0:09:06,36.3,0,--.--,347,44.2,50,0000:00:00,62,0,80,0,40,0,0,2.99,0,0,0,1,153.97,11:38:17,9/22/2023,97.09,48.36,--.--
high,1,720,12,15.56,11.05,1883,171.938,2.24,29.15762619,38:18.2,-1.8,-2,156,0,0,0,0.2,0,0,0,-51.1,-49.4,-15.05,-30.657,0,0.91,9143.2,0:09:07,36.9,0,--.--,347,44.8,50,0000:00:00,62,0,80,0,40,0,0,2.99,0,0,0,1,171.99,11:38:18,9/22/2023,97.09,48.36,--.--
high,1,721,12.02,15.58,10.44,1886,162.6552,2.21,29.20280819,38:19.2,-2,-2.5,156,0,0,0,0.2,0,0,0,-51,-49.3,-15.02,-30.593,0,1.04,9143.2,0:09:08,37.5,0,--.--,347,45.3,50,0000:00:00,62,0,80,0,40,0,0,3.41,0,0,0,1,162.66,11:38:19,9/22/2023,97.12,48.36,--.--
high,1,722,12.03,15.59,10.21,1889,159.1739,2.2,29.24702317,38:20.2,-2.6,-1.8,156,0,0,0,0.2,0,0,0,-50.9,-49.2,-14.99,-30.534,0,1.19,9143.2,0:09:09,38.1,0,--.--,347,45.8,50,0000:00:00,62,0,80,0,40,0,0,3.9,0,0,0,1,159.16,11:38:20,9/22/2023,97.12,48.36,--.--
high,1,723,12.05,15.59,9.89,1892,154.1851,2.19,29.28985236,38:21.2,-1,-2.8,156,0,0,0,0.2,0,0,0,-51,-49.2,-15,-30.52,0,1.18,9143.2,0:09:10,38.8,0,--.--,347,46.4,50,0000:00:00,62,0,80,0,40,0,0,3.87,0,0,0,1,154.21,11:38:21,9/22/2023,97.12,48.36,--.--
high,1,724,12.07,15.59,9.46,1894,147.4814,2.17,29.33081942,38:22.2,-0.8,-2.5,156,0,0,0,0.2,0,0,0,-51.1,-49.3,-15.03,-30.575,0,1.29,9149.8,0:09:11,39.5,0,--.--,347,47,50,0000:00:00,62,0,80,0,40,0,0,4.23,0,0,0,1,147.49,11:38:22,9/22/2023,97.12,48.36,--.--
high,1,725,12.08,15.6,9.55,1897,148.98,2.17,29.37220275,38:23.2,-1.7,-2.4,156,0,0,0,0.2,0,0,0,-51.2,-49.4,-15.06,-30.633,0,1.4,9149.8,0:09:12,40.2,0,--.--,347,47.5,46,0000:00:00,62,0,80,0,40,0,0,4.59,0,0,0,1,149,11:38:23,9/22/2023,97.16,48.36,--.--
high,1,726,12.1,15.63,8.93,1900,139.5759,2.14,29.41097383,38:24.2,-1.8,-3.6,156,0,0,0,0.2,0,0,0,-51.3,-49.6,-15.1,-30.711,0,1.45,9149.8,0:09:13,40.8,0,--.--,347,47.9,45,0000:00:00,62,0,80,0,40,0,0,4.76,0,0,0,1,139.56,11:38:24,9/22/2023,97.16,48.36,--.--
high,1,727,12.12,15.64,7.94,1902,124.1816,2.09,29.44546872,38:25.2,-1.4,-2.8,156,0,0,0,0.1,0,0,-0.1,-51.5,-49.7,-15.15,-30.8,0,1.4,9149.8,0:09:14,41.2,0,--.--,347,48.1,45,0000:00:00,62,0,80,0,40,0,0,4.59,0,0,0,1,124.15,11:38:25,9/22/2023,97.16,48.36,--.--
high,1,728,12.13,15.57,10.06,1904,156.6342,2.19,29.48897822,38:26.2,-0.8,-2.4,156,0,0,0,0.1,0,0,0,-51.6,-49.8,-15.19,-30.892,0,1.29,9149.8,0:09:15,41.6,0,--.--,347,48.4,49,0000:00:00,62,0,80,0,40,0,0,4.23,0,0,0,1,156.63,11:38:26,9/22/2023,97.18,48.36,--.--
high,1,729,12.15,15.55,11.48,1907,178.514,2.25,29.53856544,38:27.2,1.1,-3.3,157,0,0,0,0.1,0,0,0,-51.6,-49.8,-15.19,-30.915,0,1.26,9149.8,0:09:16,42,0,--.--,347,48.8,49,0000:00:00,62,0,80,0,40,0,0,4.13,0,0,0,1,178.57,11:38:27,9/22/2023,97.18,48.36,--.--
high,1,730,12.17,15.5,12.35,1911,191.425,2.28,29.59173906,38:28.2,-0.8,-1.5,156,0,0,0,0.1,0,0,0,-51.5,-49.8,-15.17,-30.91,0,1.38,9149.8,0:09:17,42.4,0,--.--,347,49.2,49,0000:00:00,62,0,80,0,40,0,0,4.53,0,0,0,1,191.39,11:38:28,9/22/2023,97.2,48.36,--.--
high,1,731,12.18,15.49,12.84,1914,198.8916,2.3,29.64698672,38:29.2,-2.1,-3,156,0,0,0,0.2,0,0,0,-51.5,-49.7,-15.15,-30.833,0,1.33,9149.8,0:09:18,43,0,--.--,347,49.8,49,0000:00:00,62,0,80,0,40,0,0,4.36,0,0,0,1,198.87,11:38:29,9/22/2023,97.2,48.36,--.--
high,1,732,12.2,15.49,13.1,1918,202.919,2.31,29.70335311,38:30.2,-0.9,-3.3,156,0,0,0,0.2,0,0,0,-51.5,-49.8,-15.18,-30.84,0,1.45,9149.8,0:09:19,43.7,0,--.--,347,50.4,49,0000:00:00,62,0,80,0,40,0,0,4.76,0,0,0,1,202.89,11:38:30,9/22/2023,97.21,48.36,--.--
high,1,733,12.22,15.48,13.31,1922,206.0388,2.31,29.76058611,38:31.2,-0.6,-1.9,156,0,0,0,0.3,0,0,-0.1,-51.8,-50.1,-15.27,-31.079,0,1.49,9149.8,0:09:20,44.5,0,--.--,347,51.2,50,0000:00:00,62,0,80,0,40,0,0,4.89,0,0,0,1,206.11,11:38:31,9/22/2023,97.21,48.36,--.--
high,1,734,12.23,15.49,12.66,1925,196.1034,2.29,29.81505928,38:32.2,-1.6,-1.2,156,0,0,0,0.3,0,0,-0.1,-52.2,-50.5,-15.38,-31.298,0,1.6,9149.8,0:09:21,45.6,0,--.--,347,52,50,0000:00:00,62,0,80,0,40,0,0,5.25,0,0,0,1,196.15,11:38:32,9/22/2023,97.21,48.36,--.--
high,1,735,12.25,15.55,10.56,1929,164.208,2.22,29.86067261,38:33.2,-1.7,-1.4,156,0,0,0,0.3,0,0,0,-52.5,-50.7,-15.46,-31.394,0,1.45,9156.6,0:09:22,46.5,0,--.--,347,52.8,50,0000:00:00,62,0,80,0,40,0,0,4.76,0,0,0,1,164.25,11:38:33,9/22/2023,97.23,48.36,--.--
high,1,736,12.27,15.65,8,1931,125.2,2.1,29.89545039,38:34.2,-1.4,-1.7,156,0,0,0,0.2,0,0,0,-52.6,-50.8,-15.49,-31.512,0,1.56,9156.6,0:09:23,47.3,0,--.--,347,53.4,50,0000:00:00,62,0,80,0,40,0,0,5.12,0,0,0,1,125.2,11:38:34,9/22/2023,97.23,48.36,--.--
high,1,737,12.28,15.71,5.43,1933,85.3053,1.93,29.91914631,38:35.2,-1.8,-1,156,0,0,0,0.1,0,0,0,-52.5,-50.7,-15.45,-31.439,0,1.57,9156.6,0:09:24,47.7,0,--.--,347,53.7,50,0000:00:00,62,0,80,0,40,0,0,5.15,0,0,0,1,85.32,11:38:35,9/22/2023,97.23,48.36,--.--
high,1,738,12.3,15.73,4.37,1934,68.7401,1.84,29.93824078,38:36.2,-1,-1.7,156,0,0,0,0,0,0,0,-52.3,-50.5,-15.39,-31.317,0,1.61,9156.6,0:09:25,47.9,0,--.--,347,53.8,50,0000:00:00,62,0,80,0,40,0,0,5.28,0,0,0,1,68.76,11:38:36,9/22/2023,97.25,48.36,--.--
high,1,739,12.32,15.74,3.92,1935,61.7008,1.79,29.95537989,38:37.2,-1.8,-1.6,157,0,0,0,0.1,0,0,0.1,-52,-50.3,-15.32,-31.17,0,1.63,9156.6,0:09:26,47.8,0,--.--,347,53.7,50,0000:00:00,62,0,80,0,40,0,0,5.35,0,0,0,1,61.72,11:38:37,9/22/2023,97.25,48.36,--.--
high,1,740,12.33,15.76,3.73,1936,58.7848,1.77,29.971709,38:38.2,-1.9,-1.4,157,0,0,0,0.1,0,0,0.1,-51.8,-50,-15.24,-31.014,0,1.66,9156.6,0:09:27,47.6,0,--.--,347,53.5,50,0000:00:00,62,0,80,0,40,0,0,5.45,0,0,0,1,58.79,11:38:38,9/22/2023,97.25,48.36,--.--
high,1,741,12.35,15.51,12.9,1939,200.079,2.3,30.0272865,38:39.2,-1.6,-2.6,157,0,0,0,0.2,0,0,0,-51.6,-49.9,-15.2,-30.958,0,1.69,9156.6,0:09:28,47.9,0,--.--,346,53.7,50,0000:00:00,62,0,80,0,40,0,0,5.54,0,0,0,1,200.13,11:38:39,9/22/2023,97.29,48.36,--.--
high,1,742,12.37,15.47,13.81,1943,213.6407,2.33,30.08663114,38:40.2,-1.8,-3.2,155,0,0,0,0.2,0,0,0,-51.6,-49.8,-15.19,-30.918,0,1.62,9156.6,0:09:29,48.6,0,--.--,346,54.2,50,0000:00:00,62,0,80,0,40,0,0,5.31,0,0,0,1,213.64,11:38:40,9/22/2023,97.29,48.36,--.--
high,1,743,12.38,15.58,10.19,1946,158.7602,2.2,30.13073119,38:41.2,0,-2.5,155,0,0,0,0.2,0,0,0,-51.7,-49.9,-15.21,-30.959,0,1.54,9156.6,0:09:30,49.3,0,--.--,346,54.8,50,0000:00:00,62,0,80,0,40,0,0,5.05,0,0,0,1,158.74,11:38:41,9/22/2023,97.3,48.36,--.--
high,1,744,12.4,15.61,8.32,1948,129.8752,2.11,30.16680764,38:42.2,-0.6,-2.2,156,0,0,0,0.1,0,0,0,-51.7,-50,-15.23,-30.978,0,1.57,9156.6,0:09:31,49.8,0,--.--,346,54.3,50,0000:00:00,62,0,80,0,40,0,0,5.15,0,0,0,1,129.87,11:38:42,9/22/2023,97.3,48.36,--.--
high,1,745,12.42,15.6,8.95,1951,139.62,2.14,30.20559097,38:43.2,-0.6,-3.6,156,0,0,0,0.1,0,0,0,-51.8,-50,-15.25,-31.033,0,1.57,9156.6,0:09:32,50.2,0,--.--,346,54.7,50,0000:00:00,62,0,80,0,40,0,0,5.15,0,0,0,1,139.65,11:38:43,9/22/2023,97.32,48.36,--.--
high,1,746,12.43,15.63,8.34,1953,130.3542,2.12,30.24180047,38:44.2,-1.1,-2.6,157,0,0,0,0.2,0,0,0,-51.9,-50.1,-15.28,-31.092,0,1.53,9156.6,0:09:33,50.5,0,--.--,346,54.9,50,0000:00:00,62,0,80,0,40,0,0,5.02,0,0,0,1,130.34,11:38:44,9/22/2023,97.32,48.36,--.--
high,1,747,12.45,15.5,12.83,1956,198.865,2.3,30.29704075,38:45.2,-0.3,-3,156,0,0,0,0.2,0,0,-0.1,-52,-50.3,-15.33,-31.194,0,1.5,9156.6,0:09:34,51,0,--.--,346,56.2,50,0000:00:00,62,0,80,0,40,0,0,4.92,0,0,0,1,198.83,11:38:45,9/22/2023,97.34,48.36,--.--
high,1,748,12.47,15.49,13.1,1960,202.919,2.31,30.35340714,38:46.2,-0.9,-2.7,156,0,0,0,0.2,0,0,0,-52.2,-50.5,-15.38,-31.294,0,1.41,9156.6,0:09:35,51.7,0,--.--,346,56.6,48,0000:00:00,62,0,80,0,40,0,0,4.63,0,0,0,1,202.97,11:38:46,9/22/2023,97.34,48.36,--.--
high,1,749,12.48,15.46,11.61,1963,179.4906,2.25,30.40326564,38:47.2,-2.4,-3.9,156,0,0,0,0.2,0,0,-0.1,-52.4,-50.6,-15.43,-31.398,0,1.39,9156.6,0:09:36,52.2,0,--.--,345,57,42,0000:00:00,62,0,80,0,40,0,0,4.56,0,0,0,1,179.49,11:38:47,9/22/2023,97.36,48.36,--.--
high,1,750,12.5,15.36,13.36,1967,205.2096,2.31,30.46026831,38:48.2,-1.5,-1.9,157,0,0,0,0.2,0,0,-0.1,-52.6,-50.9,-15.51,-31.552,0,1.34,9163.2,0:09:37,52.8,0,--.--,345,57.3,50,0000:00:00,62,0,80,0,40,0,0,4.4,0,0,0,1,205.16,11:38:48,9/22/2023,97.36,48.36,--.--
high,1,751,12.52,15.49,12.98,1971,201.0602,2.3,30.51611836,38:49.2,-0.3,-2.1,156,0,0,0,0.2,0,0,0,-52.8,-51,-15.56,-31.66,0,1.42,9163.2,0:09:38,53.5,0,--.--,344,57.7,50,0000:00:00,62,0,80,0,40,0,0,4.66,0,0,0,1,201.03,11:38:49,9/22/2023,97.36,48.36,--.--
high,1,752,12.53,15.64,7.28,1973,113.8592,2.06,30.54774592,38:50.2,-0.4,-1.8,155,0,0,0,0.1,0,0,0,-52.9,-51.1,-15.59,-31.711,0,1.35,9163.2,0:09:39,54,0,--.--,344,58.1,52,0000:00:00,62,0,80,0,40,0,0,4.43,0,0,0,1,113.85,11:38:50,9/22/2023,97.38,48.36,--.--
high,1,753,12.55,15.65,8.62,1975,134.903,2.13,30.58521897,38:51.2,0.4,-3.2,156,0,0,0,0.1,0,0,0,-52.9,-51.1,-15.59,-31.719,0,1.36,9163.2,0:09:40,54.3,0,--.--,345,58.6,50,0000:00:00,62,0,80,0,40,0,0,4.46,0,0,0,1,134.89,11:38:51,9/22/2023,97.38,48.36,--.--
high,1,754,12.57,15.61,8.54,1977,133.3094,2.12,30.62224936,38:52.2,0.7,-3.6,156,0,0,0,0.1,0,0,0,-53,-51.2,-15.62,-31.772,0,1.32,9163.2,0:09:41,54.7,0,--.--,345,59,50,0000:00:00,62,0,80,0,40,0,0,4.33,0,0,0,1,133.28,11:38:52,9/22/2023,97.39,48.36,--.--
high,1,755,12.58,15.63,8.03,1980,125.5089,2.1,30.65711294,38:53.2,-1.2,-1.9,156,0,0,0,0.1,0,0,0,-53,-51.3,-15.64,-31.811,0,1.24,9163.2,0:09:42,55,0,--.--,345,59.3,50,0000:00:00,62,0,80,0,40,0,0,4.07,0,0,0,1,125.52,11:38:53,9/22/2023,97.39,48.36,--.--
high,1,756,12.6,15.52,11.87,1982,184.2224,2.27,30.70828583,38:54.2,-2.8,-1.2,157,0,0,0,0.2,0,0,0,-53.1,-51.3,-15.64,-31.815,0,1.26,9163.2,0:09:43,55.4,0,--.--,345,59.6,50,0000:00:00,62,0,80,0,40,0,0,4.13,0,0,0,1,184.25,11:38:54,9/22/2023,97.41,48.36,--.--
high,1,757,12.62,15.6,8.59,1985,134.004,2.13,30.74550917,38:55.2,-1.8,-2.8,156,0,0,0,0.2,0,0,0,-53.1,-51.3,-15.64,-31.82,0,1.26,9163.2,0:09:44,56,0,--.--,344,59.9,50,0000:00:00,62,0,80,0,40,0,0,4.13,0,0,0,1,134.02,11:38:55,9/22/2023,97.41,48.36,--.--
high,1,758,12.63,15.54,10.76,1988,167.2104,2.22,30.7919565,38:56.2,-0.3,-3.4,156,0,0,0,0.2,0,0,0,-53.1,-51.3,-15.65,-31.838,0,1.25,9163.2,0:09:45,56.6,0,--.--,344,60.4,50,0000:00:00,62,0,80,0,40,0,0,4.1,0,0,0,1,167.26,11:38:56,9/22/2023,97.41,48.36,--.--
high,1,759,12.65,15.58,9.39,1991,146.2962,2.17,30.83259433,38:57.2,-0.3,-2.9,156,0,0,0,0.2,0,0,0,-53.1,-51.4,-15.66,-31.855,0,1.27,9163.2,0:09:46,57.2,0,--.--,344,61,50,0000:00:00,62,0,80,0,40,0,0,4.17,0,0,0,1,146.26,11:38:57,9/22/2023,97.45,48.36,--.--
high,1,760,12.67,15.59,9.42,1993,146.8578,2.17,30.87338817,38:58.2,-1.9,-1.4,156,0,0,0,0.2,0,0,0,-53.1,-51.3,-15.65,-31.834,0,1.27,9163.2,0:09:47,57.8,0,--.--,344,61.6,50,0000:00:00,62,0,80,0,40,0,0,4.17,0,0,0,1,146.84,11:38:58,9/22/2023,97.45,48.36,--.--
high,1,761,12.68,15.59,9.27,1996,144.5193,2.16,30.91353242,38:59.2,-1.6,-3.7,156,0,0,0,0.1,0,0,0,-53,-51.3,-15.63,-31.796,0,1.32,9163.2,0:09:48,58.3,0,--.--,344,62,44,0000:00:00,62,0,80,0,40,0,0,4.33,0,0,0,1,144.53,11:38:59,9/22/2023,97.47,48.36,--.--
high,1,762,12.7,15.55,10.17,1999,158.1435,2.2,30.95746117,39:00.2,0,-3.7,156,0,0,0,0.2,0,0,0,-53.1,-51.3,-15.65,-31.835,0,1.26,9163.2,0:09:49,58.8,0,--.--,344,62.3,47,0000:00:00,62,0,80,0,40,0,0,4.13,0,0,0,1,158.19,11:39:00,9/22/2023,97.47,48.36,--.--
high,1,763,12.72,15.51,11.57,2002,179.4507,2.25,31.00730858,39:01.2,0.9,-3.5,155,0,0,0,0.2,0,0,-0.1,-53.3,-51.6,-15.73,-31.994,0,1.18,9169.8,0:09:50,59.3,0,--.--,344,62.8,50,0000:00:00,62,0,80,0,40,0,0,3.87,0,0,0,1,179.46,11:39:01,9/22/2023,97.48,48.36,--.--
high,1,764,12.73,15.51,11.97,2005,185.6547,2.27,31.05887933,39:02.2,0.6,-2.1,155,0,0,0,0.2,0,0,-0.1,-53.6,-51.9,-15.81,-32.16,0,1.08,9169.8,0:09:51,59.9,0,--.--,344,63.3,50,0000:00:00,62,0,80,0,40,0,0,3.54,0,0,0,1,185.68,11:39:02,9/22/2023,97.48,48.36,--.--
high,1,765,12.75,15.5,11.47,2008,177.785,2.25,31.10826406,39:03.2,0.2,-3.2,156,0,0,0,0.2,0,0,-0.1,-53.9,-52.1,-15.89,-32.312,0,1.02,9169.8,0:09:52,60.5,0,--.--,344,63.8,49,0000:00:00,62,0,80,0,40,0,0,3.35,0,0,0,1,177.8,11:39:03,9/22/2023,97.48,48.36,--.--
high,1,766,12.77,15.52,11.4,2012,176.928,2.25,31.15741072,39:04.2,-1.2,-2.1,156,0,0,0,0.1,0,0,0,-54,-52.2,-15.92,-32.379,0,0.97,9169.8,0:09:53,61.1,0,--.--,344,64.3,52,0000:00:00,62,0,80,0,40,0,0,3.18,0,0,0,1,176.88,11:39:04,9/22/2023,97.48,48.36,--.--
high,1,767,12.78,15.57,9.45,2014,147.1365,2.17,31.19828197,39:05.2,-2.5,-2,156,0,0,0,0.1,0,0,0,-54,-52.2,-15.92,-32.373,0,1.1,9169.8,0:09:54,61.5,0,--.--,344,64.7,56,0000:00:00,62,0,80,0,40,0,0,3.61,0,0,0,1,147.11,11:39:05,9/22/2023,97.5,48.36,--.--
high,1,768,12.8,15.56,9.43,2017,146.7308,2.17,31.23904053,39:06.2,-3.5,-1.6,156,0,0,0,0.1,0,0,0,-53.9,-52.1,-15.89,-32.311,0,1.01,9169.8,0:09:55,61.7,0,--.--,344,65,56,0000:00:00,62,0,80,0,40,0,0,3.31,0,0,0,1,146.76,11:39:06,9/22/2023,97.52,48.36,--.--
high,1,769,12.82,15.57,9.13,2020,142.1541,2.15,31.27852778,39:07.2,-1.8,-2.3,156,0,0,0,0.1,0,0,0,-53.8,-52.1,-15.87,-32.275,0,1.06,9169.8,0:09:56,61.9,0,--.--,344,65.2,54,0000:00:00,62,0,80,0,40,0,0,3.48,0,0,0,1,142.15,11:39:07,9/22/2023,97.52,48.36,--.--
high,1,770,12.83,15.47,13.04,2023,201.7288,2.3,31.33456356,39:08.2,-4.4,-3.5,156,0,0,0,0.2,0,0,0,-53.9,-52.1,-15.89,-32.32,0,1,9169.8,0:09:57,62.3,0,--.--,344,65.5,57,0000:00:00,62,0,80,0,40,0,0,3.28,0,0,0,1,201.68,11:39:08,9/22/2023,97.52,48.36,--.--
high,1,771,12.85,15.51,11.96,2026,185.4996,2.27,31.38609122,39:09.2,-3.1,-2.6,156,0,0,0,0.2,0,0,0,-54,-52.2,-15.92,-32.378,0,1.05,9169.8,0:09:58,62.8,0,--.--,344,65.9,57,0000:00:00,62,0,80,0,40,0,0,3.44,0,0,0,1,185.55,11:39:09,9/22/2023,97.54,48.36,--.--
high,1,772,12.87,15.49,11.22,2030,173.7978,2.24,31.43436839,39:10.2,-1.9,-2.3,155,0,0,0,0.2,0,0,0,-54,-52.3,-15.94,-32.414,0,1.06,9169.8,0:09:59,63.4,0,--.--,344,66.5,59,0000:00:00,62,0,80,0,40,0,0,3.48,0,0,0,1,173.75,11:39:10,9/22/2023,97.54,48.36,--.--
high,1,773,12.88,15.48,12.05,2034,186.534,2.27,31.48618339,39:11.2,-2.1,-0.5,155,0,0,0,0.2,0,0,0,-54,-52.2,-15.91,-32.355,0,1.16,9169.8,0:10:00,64,0,--.--,344,67.2,58,0000:00:00,62,0,80,0,40,0,0,3.81,0,0,0,1,186.57,11:39:11,9/22/2023,97.54,48.36,--.--
high,1,774,12.9,15.45,12.61,2037,194.8245,2.29,31.54030131,39:12.2,-3.1,-1.6,156,0,0,0,0.1,0,0,0.1,-53.8,-52.1,-15.86,-32.253,0,1.24,9169.8,0:10:01,64.5,0,--.--,345,67.8,60,0000:00:00,62,0,80,0,40,0,0,4.07,0,0,0,1,194.76,11:39:12,9/22/2023,97.54,48.36,--.--
high,1,775,12.92,15.48,12.2,2040,188.856,2.28,31.59276131,39:13.2,-2.3,-1.8,156,0,0,0,0.1,0,0,0.1,-53.5,-51.8,-15.77,-32.077,0,1.34,9169.8,0:10:02,64.9,0,--.--,344,68.2,60,0000:00:00,62,0,80,0,40,0,0,4.4,0,0,0,1,188.89,11:39:13,9/22/2023,97.54,48.36,--.--
high,1,776,12.93,15.48,11.49,2044,177.8652,2.25,31.64216831,39:14.2,-1.8,-2.7,156,0,0,0,0.1,0,0,0.1,-53.2,-51.4,-15.66,-31.849,0,1.45,9169.8,0:10:03,65.3,0,--.--,344,68.4,60,0000:00:00,62,0,80,0,40,0,0,4.76,0,0,0,1,177.89,11:39:14,9/22/2023,97.57,48.36,--.--
high,1,777,12.95,15.5,15.13,2047,234.515,2.37,31.70731136,39:15.2,-0.9,-2.9,156,0,0,0,0.1,0,0,0.1,-52.8,-51,-15.54,-31.611,0,1.55,9169.8,0:10:04,65.6,0,--.--,344,68.7,55,0000:00:00,62,0,80,0,40,0,0,5.09,0,0,0,1,234.5,11:39:15,9/22/2023,97.57,48.36,--.--
high,1,778,12.97,15.44,13.18,2051,203.4992,2.31,31.76383892,39:16.2,1.8,-2.5,156,0,0,0,0.1,0,0,0,-52.6,-50.9,-15.5,-31.532,0,1.55,9176.4,0:10:05,66,0,--.--,344,69.1,51,0000:00:00,62,0,80,0,40,0,0,5.09,0,0,0,1,203.51,11:39:16,9/22/2023,97.57,48.36,--.--
high,1,779,12.98,15.44,13.2,2054,203.808,2.31,31.82045225,39:17.2,0.6,-1.9,156,0,0,0,0.2,0,0,0,-52.6,-50.9,-15.51,-31.555,0,1.56,9176.4,0:10:06,66.5,0,--.--,344,69.6,51,0000:00:00,62,0,80,0,40,0,0,5.12,0,0,0,1,203.83,11:39:17,9/22/2023,97.57,48.36,--.--
high,1,780,13,15.42,13.1,2058,202.002,2.31,31.87656392,39:18.2,0.3,-2.4,156,0,0,0,0.2,0,0,0,-52.7,-51,-15.53,-31.592,0,1.53,9176.4,0:10:07,67,0,--.--,344,70,50,0000:00:00,62,0,80,0,40,0,0,5.02,0,0,0,1,201.96,11:39:18,9/22/2023,97.57,48.36,--.--
high,1,781,13.02,15.43,13.49,2062,208.1507,2.32,31.93438356,39:19.2,0.4,-2,156,0,0,0,0.2,0,0,0,-52.7,-51,-15.54,-31.611,0,1.48,9176.4,0:10:08,67.6,0,--.--,344,70.6,50,0000:00:00,62,0,80,0,40,0,0,4.86,0,0,0,1,208.15,11:39:19,9/22/2023,97.61,48.36,--.--
high,1,782,13.03,15.46,12.32,2065,190.4672,2.28,31.98729111,39:20.2,0,-1.6,156,0,0,0,0.1,0,0,0,-52.7,-51,-15.53,-31.595,0,1.34,9176.4,0:10:09,68.1,0,--.--,344,71,50,0000:00:00,62,0,80,0,40,0,0,4.4,0,0,0,1,190.5,11:39:20,9/22/2023,97.63,48.36,--.--
high,1,783,13.05,15.47,11.68,2069,180.6896,2.26,32.03748267,39:21.2,0.1,-3.1,156,0,0,0,0.1,0,0,0,-52.7,-50.9,-15.52,-31.574,0,1.3,9176.4,0:10:10,68.5,0,--.--,344,71.4,50,0000:00:00,62,0,80,0,40,0,0,4.27,0,0,0,1,180.69,11:39:21,9/22/2023,97.63,48.36,--.--
high,1,784,13.07,15.47,11.86,2072,183.4742,2.26,32.08844772,39:22.2,-0.8,-2.8,157,0,0,0,0.2,0,0,0,-52.7,-51,-15.53,-31.599,0,1.22,9176.4,0:10:11,68.9,0,--.--,344,71.8,50,0000:00:00,62,0,80,0,40,0,0,4,0,0,0,1,183.49,11:39:22,9/22/2023,97.63,48.36,--.--
high,1,785,13.08,15.46,12.47,2075,192.7862,2.29,32.14199944,39:23.2,0.1,-1.9,156,0,0,0,0.2,0,0,0,-52.9,-51.1,-15.59,-31.715,0,1.09,9176.4,0:10:12,69.5,0,--.--,344,72.3,50,0000:00:00,62,0,80,0,40,0,0,3.58,0,0,0,1,192.74,11:39:23,9/22/2023,97.63,48.36,--.--
high,1,786,13.1,15.5,10.4,2079,161.2,2.21,32.18677722,39:24.2,-0.8,-1.7,157,0,0,0,0.2,0,0,0,-53.1,-51.3,-15.65,-31.831,0,0.98,9176.4,0:10:13,70,0,--.--,344,72.8,52,0000:00:00,62,0,80,0,40,0,0,3.22,0,0,0,1,161.19,11:39:24,9/22/2023,97.65,48.36,--.--
high,1,787,13.12,15.52,10.15,2081,157.528,2.2,32.230535,39:25.3,-1.3,-2.4,157,0,0,0,0.2,0,0,0,-53.2,-51.4,-15.68,-31.892,0,0.98,9176.4,0:10:14,70.6,0,--.--,344,73.3,52,0000:00:00,62,0,80,0,40,0,0,3.22,0,0,0,1,157.52,11:39:25,9/22/2023,97.65,48.36,--.--
high,1,788,13.13,15.52,10.11,2084,156.9072,2.2,32.27412033,39:26.3,-4.1,-1.8,157,0,0,0,0.2,0,0,0,-53.2,-51.5,-15.69,-31.912,0,0.97,9176.4,0:10:15,71.1,0,--.--,344,73.8,56,0000:00:00,62,0,80,0,40,0,0,3.18,0,0,0,1,156.9,11:39:26,9/22/2023,97.66,48.36,--.--
high,1,789,13.15,15.53,9.64,2087,149.7092,2.18,32.31570622,39:27.3,-1.7,-1.8,157,0,0,0,0.2,0,0,0,-53.2,-51.4,-15.68,-31.894,0,1.02,9176.4,0:10:16,71.7,0,--.--,344,74.3,51,0000:00:00,62,0,80,0,40,0,0,3.35,0,0,0,1,149.74,11:39:27,9/22/2023,97.66,48.36,--.--
high,1,790,13.17,15.53,9.72,2090,150.9516,2.18,32.35763722,39:28.3,-0.4,-2.6,156,0,0,0,0.1,0,0,0,-53.2,-51.4,-15.68,-31.899,0,0.97,9176.4,0:10:17,72.2,0,--.--,344,74.8,51,0000:00:00,62,0,80,0,40,0,0,3.18,0,0,0,1,150.97,11:39:28,9/22/2023,97.68,48.36,--.--
high,1,791,13.18,15.54,9.49,2092,147.4746,2.17,32.39860239,39:29.3,-0.6,-2.7,157,0,0,0,0.1,0,0,0,-53.2,-51.4,-15.68,-31.899,0,0.99,9183,0:10:18,72.6,0,--.--,344,75.2,50,0000:00:00,62,0,80,0,40,0,0,3.25,0,0,0,1,147.51,11:39:29,9/22/2023,97.68,48.36,--.--
high,1,792,13.2,15.54,9.67,2095,150.2718,2.18,32.44034456,39:30.3,-1.5,-1.8,156,0,0,0,0.2,0,0,0,-53.2,-51.5,-15.7,-31.931,0,1,9183,0:10:19,73.1,0,--.--,344,75.6,50,0000:00:00,62,0,80,0,40,0,0,3.28,0,0,0,1,150.24,11:39:30,9/22/2023,97.68,48.36,--.--
high,1,793,13.22,15.5,10.72,2098,166.16,2.22,32.48650011,39:31.3,-3.3,-0.9,157,0,0,0,0.3,0,0,0,-53.3,-51.5,-15.7,-31.939,0,0.95,9183,0:10:20,73.5,0,--.--,344,75.8,50,0000:00:00,62,0,80,0,40,0,0,3.12,0,0,0,1,166.17,11:39:31,9/22/2023,97.68,48.36,--.--
high,1,794,13.23,15.45,12.6,2102,194.67,2.29,32.54057511,39:32.3,-0.6,-2.1,157,0,0,0,0.3,0,0,0,-53.4,-51.6,-15.75,-32.031,0,0.73,9183,0:10:21,74.3,0,--.--,343,76.2,50,0000:00:00,62,0,80,0,40,0,0,2.4,0,0,0,1,194.67,11:39:32,9/22/2023,97.7,48.36,--.--
high,1,795,13.25,15.52,9.45,2105,146.664,2.17,32.58131511,39:33.3,-0.4,-2.6,156,0,0,0,0.2,0,0,0,-53.5,-51.8,-15.79,-32.111,0,0.74,9183,0:10:22,75,0,--.--,343,76.8,50,0000:00:00,62,0,80,0,40,0,0,2.43,0,0,0,1,146.65,11:39:33,9/22/2023,97.7,48.36,--.--
high,1,796,13.27,15.59,7.5,2107,116.925,2.07,32.61379428,39:34.3,-0.6,-2,155,0,0,0,0.1,0,0,0,-53.6,-51.8,-15.8,-32.132,0,0.71,9183,0:10:23,75.6,0,--.--,343,77.3,50,0000:00:00,62,0,80,0,40,0,0,2.33,0,0,0,1,116.95,11:39:34,9/22/2023,97.7,48.36,--.--
high,1,797,13.28,15.62,6.73,2109,105.1226,2.02,32.642995,39:35.3,-0.1,-2.3,155,0,0,0,0.1,0,0,0,-53.5,-51.8,-15.78,-32.098,0,0.73,9183,0:10:24,76.1,0,--.--,343,77.8,50,0000:00:00,62,0,80,0,40,0,0,2.4,0,0,0,1,105.11,11:39:35,9/22/2023,97.7,48.36,--.--
high,1,798,13.3,15.6,6.93,2111,108.108,2.03,32.673025,39:36.3,-1.1,-1.8,155,0,0,0,0.1,0,0,0,-53.5,-51.7,-15.76,-32.053,0,0.81,9183,0:10:25,76.4,0,--.--,343,78.2,50,0000:00:00,62,0,80,0,40,0,0,2.66,0,0,0,1,108.12,11:39:36,9/22/2023,97.74,48.36,--.--
high,1,799,13.32,15.61,6.77,2113,105.6797,2.02,32.70238047,39:37.3,-2.1,-1.2,156,0,0,0,0.1,0,0,0.1,-53.3,-51.6,-15.72,-31.971,0,0.81,9183,0:10:26,76.7,0,--.--,343,78.5,55,0000:00:00,62,0,80,0,40,0,0,2.66,0,0,0,1,105.7,11:39:37,9/22/2023,97.74,48.36,--.--
high,1,800,13.33,15.61,6.67,2115,104.1187,2.02,32.73130233,39:38.3,-2.3,-0.9,156,0,0,0,0.1,0,0,0.1,-53.1,-51.4,-15.65,-31.836,0,0.82,9183,0:10:27,77.1,0,--.--,343,78.9,52,0000:00:00,62,0,80,0,40,0,0,2.69,0,0,0,1,104.09,11:39:38,9/22/2023,97.74,48.36,--.--
high,1,801,13.35,15.57,9.04,2117,140.7528,2.15,32.77040033,39:39.3,-0.7,-2.9,156,0,0,0,0.2,0,0,0,-53,-51.2,-15.61,-31.758,0,0.87,9183,0:10:28,77.6,0,--.--,343,79.3,51,0000:00:00,62,0,80,0,40,0,0,2.85,0,0,0,1,140.79,11:39:39,9/22/2023,97.75,48.36,--.--
high,1,802,13.37,15.6,7.47,2119,116.532,2.07,32.80277033,39:40.3,-0.5,-2.3,156,0,0,0,0.2,0,0,0,-52.9,-51.2,-15.6,-31.734,0,0.93,9183,0:10:29,78.1,0,--.--,343,79.9,51,0000:00:00,62,0,80,0,40,0,0,3.05,0,0,0,1,116.5,11:39:40,9/22/2023,97.75,48.36,--.--
high,1,803,13.38,15.61,7.05,2121,110.0505,2.04,32.83333992,39:41.3,-1.4,-1.3,156,0,0,0,0.1,0,0,0,-52.9,-51.1,-15.59,-31.711,0,1.09,9183,0:10:30,78.6,0,--.--,343,80.4,51,0000:00:00,62,0,80,0,40,0,0,3.58,0,0,0,1,110.08,11:39:41,9/22/2023,97.75,48.36,--.--
high,1,804,13.4,15.59,7.9,2123,123.161,2.09,32.86755131,39:42.3,-0.5,-1.9,155,0,0,0,0.2,0,0,0,-52.8,-51.1,-15.57,-31.674,0,1.14,9189.6,0:10:31,79,0,--.--,344,80.9,51,0000:00:00,62,0,80,0,40,0,0,3.74,0,0,0,1,123.14,11:39:42,9/22/2023,97.77,48.36,--.--
high,1,805,13.42,15.58,8.07,2126,125.7306,2.1,32.90247647,39:43.3,0.5,-2.7,155,0,0,0,0.2,0,0,0,-52.8,-51,-15.56,-31.65,0,1.14,9189.6,0:10:32,79.4,0,--.--,344,81.4,50,0000:00:00,62,0,80,0,40,0,0,3.74,0,0,0,1,125.75,11:39:43,9/22/2023,97.77,48.36,--.--
high,1,806,13.43,15.54,9.92,2128,154.1568,2.19,32.94529781,39:44.3,-0.7,-2.8,156,0,0,0,0.2,0,0,0,-52.8,-51,-15.55,-31.635,0,1.03,9189.6,0:10:33,79.9,0,--.--,344,82,50,0000:00:00,62,0,80,0,40,0,0,3.38,0,0,0,1,154.16,11:39:44,9/22/2023,97.77,48.36,--.--
high,1,807,13.45,15.54,9.38,2131,145.7652,2.16,32.98578814,39:45.3,-1.7,-2.3,156,0,0,0,0.2,0,0,0,-52.8,-51,-15.56,-31.653,0,0.94,9189.6,0:10:34,80.4,0,--.--,344,82.5,49,0000:00:00,62,0,80,0,40,0,0,3.08,0,0,0,1,145.74,11:39:45,9/22/2023,97.77,48.36,--.--
high,1,808,13.47,15.54,9.63,2134,149.6502,2.18,33.02735764,39:46.3,-1.3,-2.8,156,0,0,0,0.2,0,0,0,-52.8,-51.1,-15.57,-31.673,0,0.93,9189.6,0:10:35,81,0,--.--,344,83,50,0000:00:00,62,0,80,0,40,0,0,3.05,0,0,0,1,149.66,11:39:46,9/22/2023,97.79,48.36,--.--
high,1,809,13.48,15.57,8.14,2136,126.7398,2.1,33.06256314,39:47.3,-2.1,-1.9,155,0,0,0,0.2,0,0,0,-52.8,-51.1,-15.57,-31.677,0,0.96,9189.6,0:10:36,81.5,0,--.--,344,83.5,50,0000:00:00,62,0,80,0,40,0,0,3.15,0,0,0,1,126.76,11:39:47,9/22/2023,97.81,48.36,--.--
high,1,810,13.5,15.56,8.76,2138,136.3056,2.13,33.10042581,39:48.3,-1.4,-1.6,155,0,0,0,0.2,0,0,0,-52.9,-51.1,-15.58,-31.692,0,1.03,9189.6,0:10:37,82,0,--.--,344,84.1,50,0000:00:00,62,0,80,0,40,0,0,3.38,0,0,0,1,136.32,11:39:48,9/22/2023,97.81,48.36,--.--
high,1,811,13.52,15.52,10.44,2141,162.0288,2.21,33.14543381,39:49.3,-1,-1.7,155,0,0,0,0.2,0,0,0,-52.9,-51.1,-15.59,-31.717,0,1.13,9189.6,0:10:38,82.7,0,--.--,344,84.8,50,0000:00:00,62,0,80,0,40,0,0,3.71,0,0,0,1,162.01,11:39:49,9/22/2023,97.81,48.36,--.--
high,1,812,13.53,15.55,8.96,2144,139.328,2.14,33.18413603,39:50.3,-0.8,-2.7,155,0,0,0,0.2,0,0,0,-53,-51.2,-15.62,-31.774,0,1.11,9189.6,0:10:39,83.3,0,--.--,344,85.4,50,0000:00:00,62,0,80,0,40,0,0,3.64,0,0,0,1,139.35,11:39:50,9/22/2023,97.83,48.36,--.--
high,1,813,13.55,15.54,8.48,2146,131.7792,2.12,33.22074136,39:51.3,-1.1,-2.8,156,0,0,0,0.2,0,0,0,-53.1,-51.3,-15.64,-31.817,0,1.09,9189.6,0:10:40,83.9,0,--.--,344,85.9,50,0000:00:00,62,0,80,0,40,0,0,3.58,0,0,0,1,131.81,11:39:51,9/22/2023,97.83,48.36,--.--
high,1,814,13.57,15.56,8.06,2149,125.4136,2.1,33.25557847,39:52.3,-1.2,-2.5,156,0,0,0,0.2,0,0,0,-53.1,-51.3,-15.65,-31.833,0,1.15,9189.6,0:10:41,84.4,0,--.--,344,86.4,49,0000:00:00,62,0,80,0,40,0,0,3.77,0,0,0,1,125.43,11:39:52,9/22/2023,97.84,48.36,--.--
high,1,815,13.58,15.56,8.44,2151,131.3264,2.12,33.29205803,39:53.3,-0.7,-3,156,0,0,0,0.2,0,0,0,-53,-51.3,-15.63,-31.792,0,1.23,9189.6,0:10:42,84.9,0,--.--,345,86.9,50,0000:00:00,62,0,80,0,40,0,0,4.04,0,0,0,1,131.35,11:39:53,9/22/2023,97.84,48.36,--.--
high,1,816,13.6,15.67,5.01,2153,78.5067,1.89,33.31386544,39:54.3,-0.8,-3.1,157,0,0,0,0.1,0,0,0,-52.9,-51.2,-15.6,-31.735,0,1.24,9189.6,0:10:43,85.2,0,--.--,345,87.3,50,0000:00:00,78,0,80,0,40,0,0,4.07,0,0,0,1,78.5,11:39:54,9/22/2023,97.86,48.36,--.--
high,1,817,13.62,15.68,4.73,2154,74.1664,1.87,33.33446722,39:55.3,-1.1,-2.4,157,0,0,0,0,0,0,0,-52.9,-51.1,-15.59,-31.716,0,1.2,9196.2,0:10:44,85.2,0,--.--,345,87.3,50,0000:00:00,87,0,80,0,40,0,0,3.94,0,0,0,1,74.15,11:39:55,9/22/2023,97.86,48.36,--.--
high,1,818,13.63,15.59,7.87,2156,122.6933,2.09,33.36854869,39:56.3,-1.2,-2.6,156,0,0,0,0.1,0,0,0,-53,-51.3,-15.64,-31.814,0,1.16,9196.2,0:10:45,85.2,0,--.--,345,87.4,50,0000:00:00,87,0,80,0,40,0,0,3.81,0,0,0,1,122.72,11:39:56,9/22/2023,97.86,48.36,--.--
high,1,819,13.65,15.62,6.91,2158,107.9342,2.03,33.39853042,39:57.3,-1.6,-2.2,156,0,0,0,0.1,0,0,-0.1,-53.3,-51.5,-15.73,-31.993,0,1.15,9196.2,0:10:46,85.5,0,--.--,345,87.6,50,0000:00:00,87,0,80,0,40,0,0,3.77,0,0,0,1,107.91,11:39:57,9/22/2023,97.86,48.36,--.--
high,1,820,13.67,15.63,6.81,2160,106.4403,2.03,33.42809717,39:58.3,-1,-2.3,156,0,0,0,0.1,0,0,0,-53.6,-51.9,-15.82,-32.175,0,1.11,9196.2,0:10:47,85.9,0,--.--,345,87.9,51,0000:00:00,87,0,80,0,40,0,0,3.64,0,0,0,1,106.41,11:39:58,9/22/2023,97.86,48.36,--.--
high,1,821,13.68,15.69,4.69,2162,73.5861,1.87,33.44853775,39:59.3,-1.5,-1.9,156,0,0,0,0,0,0,0,-53.8,-52,-15.87,-32.271,0,1.04,9196.2,0:10:48,86.1,0,--.--,345,88.2,51,0000:00:00,87,0,80,0,40,0,0,3.41,0,0,0,1,73.57,11:39:59,9/22/2023,97.86,48.36,--.--
high,1,822,13.7,15.68,4.55,2163,71.344,1.85,33.46835553,40:00.3,-2.8,-1,157,0,0,0,0,0,0,0,-53.8,-52.1,-15.87,-32.275,0,0.98,9196.2,0:10:49,86.2,0,--.--,345,88.3,49,0000:00:00,87,0,80,0,40,0,0,3.22,0,0,0,1,71.36,11:40:00,9/22/2023,97.9,48.36,--.--
high,1,823,13.72,15.7,4.26,2164,66.882,1.83,33.48693386,40:01.3,-2.2,-1.5,156,0,0,0,0,0,0,0,-53.8,-52,-15.85,-32.233,0,0.97,9196.2,0:10:50,86.1,0,--.--,345,88.2,50,0000:00:00,87,0,80,0,40,0,0,3.18,0,0,0,1,66.87,11:40:01,9/22/2023,97.9,48.38,--.--
high,1,824,13.73,15.66,5.98,2166,93.6468,1.97,33.51294686,40:02.3,-3.6,0,156,0,0,0,0,0,0,0,-53.6,-51.9,-15.81,-32.155,0,0.97,9196.2,0:10:51,86.1,0,--.--,345,88.2,50,0000:00:00,87,0,80,0,40,0,0,3.18,0,0,0,1,93.63,11:40:02,9/22/2023,97.9,48.38,--.--
high,1,825,13.75,15.7,4.27,2167,67.039,1.83,33.53156881,40:03.3,-1.6,-1.6,155,0,0,0,0.1,0,0,0,-53.5,-51.8,-15.77,-32.074,0,0.96,9196.2,0:10:52,86,0,--.--,345,88.1,50,0000:00:00,87,0,80,0,40,0,0,3.15,0,0,0,1,67.02,11:40:03,9/22/2023,97.92,48.38,--.--
high,1,826,13.77,15.7,4.51,2168,70.807,1.85,33.55123742,40:04.3,-2.5,-0.6,157,0,0,0,0,0,0,0,-53.4,-51.6,-15.73,-31.99,0,1.05,9196.2,0:10:53,85.9,0,--.--,345,88,50,0000:00:00,87,0,80,0,40,0,0,3.44,0,0,0,1,70.8,11:40:04,9/22/2023,97.92,48.36,--.--
high,1,827,13.78,15.66,5.78,2170,90.5148,1.96,33.57638042,40:05.3,-1.4,-2.6,156,0,0,0,0.1,0,0,0,-53.3,-51.5,-15.71,-31.954,0,1.06,9196.2,0:10:54,85.9,0,--.--,345,88,50,0000:00:00,87,0,80,0,40,0,0,3.48,0,0,0,1,90.54,11:40:05,9/22/2023,97.92,48.36,--.--
high,1,828,13.8,15.65,9.52,2172,148.988,2.17,33.61776597,40:06.3,-0.7,-2.3,155,0,0,0,0.1,0,0,0,-53.3,-51.5,-15.7,-31.939,0,1.11,9196.2,0:10:55,86.2,0,--.--,345,88.2,50,0000:00:00,87,0,80,0,40,0,0,3.64,0,0,0,1,149,11:40:06,9/22/2023,97.93,48.38,--.--
high,1,829,13.82,15.59,8.65,2174,134.8535,2.13,33.65522528,40:07.3,-1.4,-3,156,0,0,0,0.1,0,0,0,-53.2,-51.4,-15.68,-31.891,0,1.02,9196.2,0:10:56,86.5,0,--.--,345,88.6,50,0000:00:00,87,0,80,0,40,0,0,3.35,0,0,0,1,134.84,11:40:07,9/22/2023,97.93,48.38,--.--
high,1,830,13.83,15.66,5.95,2176,93.177,1.97,33.68110778,40:08.3,-0.4,-3.5,156,0,0,0,0.1,0,0,0,-53.1,-51.3,-15.65,-31.831,0,0.98,9196.2,0:10:57,86.8,0,--.--,345,88.8,49,0000:00:00,87,0,80,0,40,0,0,3.22,0,0,0,1,93.16,11:40:08,9/22/2023,97.93,48.36,--.--
high,1,831,13.85,15.61,7.09,2178,110.6749,2.04,33.71185081,40:09.3,-0.8,-2.5,156,0,0,0,0.1,0,0,0,-53.1,-51.3,-15.63,-31.8,0,1.07,9196.2,0:10:58,86.9,0,--.--,345,89,49,0000:00:00,87,0,80,0,40,0,0,3.51,0,0,0,1,110.68,11:40:09,9/22/2023,97.93,48.36,--.--
high,1,832,13.87,15.61,7.37,2180,115.0457,2.06,33.74380794,40:10.3,0.1,-3,156,0,0,0,0.1,0,0,0,-53.1,-51.3,-15.64,-31.82,0,1.03,9196.2,0:10:59,87.2,0,--.--,345,89.2,49,0000:00:00,87,0,80,0,40,0,0,3.38,0,0,0,1,115.05,11:40:10,9/22/2023,97.95,48.36,--.--
high,1,833,13.88,15.6,8.03,2182,125.268,2.1,33.77860461,40:11.3,0.1,-2.6,156,0,0,0,0.1,0,0,0,-53.2,-51.4,-15.67,-31.875,0,1.15,9196.2,0:11:00,87.5,0,--.--,345,89.5,50,0000:00:00,87,0,80,0,40,0,0,3.77,0,0,0,1,125.26,11:40:11,9/22/2023,97.95,48.38,--.--
high,1,834,13.9,15.61,7.52,2184,117.3872,2.07,33.81121217,40:12.3,-0.7,-2.6,156,0,0,0,0.1,0,0,0,-53.2,-51.5,-15.69,-31.92,0,1.18,9196.2,0:11:01,87.9,0,--.--,345,89.8,50,0000:00:00,87,0,80,0,40,0,0,3.87,0,0,0,1,117.36,11:40:12,9/22/2023,97.95,48.38,--.--
high,1,835,13.92,15.61,7.3,2186,113.953,2.06,33.84286578,40:13.3,-1,-2.9,156,0,0,0,0.2,0,0,0,-53.3,-51.5,-15.71,-31.956,0,1,9196.2,0:11:02,88.3,0,--.--,345,90.2,50,0000:00:00,87,0,80,0,40,0,0,3.28,0,0,0,1,113.96,11:40:13,9/22/2023,97.95,48.36,--.--
high,1,836,13.93,15.61,7.24,2188,113.0164,2.05,33.87425922,40:14.3,-1.6,-2.7,156,0,0,0,0.2,0,0,0,-53.3,-51.5,-15.71,-31.956,0,0.87,9196.2,0:11:03,88.8,0,--.--,345,90.7,49,0000:00:00,87,0,80,0,40,0,0,2.85,0,0,0,1,113.04,11:40:14,9/22/2023,97.95,48.36,--.--
high,1,837,13.95,15.61,7.22,2190,112.7042,2.05,33.90556594,40:15.3,-1.1,-2.5,156,0,0,0,0.1,0,0,0,-53.2,-51.5,-15.68,-31.898,0,0.91,9196.2,0:11:04,89.3,0,--.--,344,91.1,49,0000:00:00,87,0,80,0,40,0,0,2.99,0,0,0,1,112.73,11:40:15,9/22/2023,97.97,48.36,--.--
high,1,838,13.97,15.61,7.33,2192,114.4213,2.06,33.93734964,40:16.3,-1.3,-2,156,0,0,0,0.1,0,0,0,-53.1,-51.3,-15.64,-31.813,0,1,9196.2,0:11:05,89.7,0,--.--,344,91.5,49,0000:00:00,87,0,80,0,40,0,0,3.28,0,0,0,1,114.45,11:40:16,9/22/2023,97.97,48.36,--.--
high,1,839,13.98,15.6,7.48,2194,116.688,2.07,33.96976297,40:17.3,-1.5,-1.7,156,0,0,0,0.1,0,0,0,-52.9,-51.2,-15.59,-31.72,0,0.92,9196.2,0:11:06,90.1,0,--.--,344,91.7,49,0000:00:00,87,0,80,0,40,0,0,3.02,0,0,0,1,116.69,11:40:17,9/22/2023,97.97,48.36,--.--
high,1,840,14,15.61,7.43,2196,115.9823,2.06,34.00198028,40:18.3,-1.6,-2,156,0,0,0,0.1,0,0,0,-52.9,-51.1,-15.57,-31.678,0,0.82,9196.2,0:11:07,90.3,0,--.--,344,91.9,49,0000:00:00,87,0,80,0,40,0,0,2.69,0,0,0,1,115.95,11:40:18,9/22/2023,97.97,48.38,--.--
high,1,841,14.02,15.6,7.53,2198,117.468,2.07,34.03461028,40:19.3,-0.4,-3.3,155,0,0,0,0.1,0,0,0,-52.9,-51.1,-15.59,-31.71,0,0.85,9196.2,0:11:08,90.7,0,--.--,344,92.2,49,0000:00:00,87,0,80,0,40,0,0,2.79,0,0,0,1,117.48,11:40:19,9/22/2023,97.99,48.38,--.--
high,1,842,14.03,15.54,9.94,2200,154.4676,2.19,34.07751794,40:20.3,-1,-2.1,155,0,0,0,0.2,0,0,0,-53,-51.2,-15.61,-31.755,0,0.83,9196.2,0:11:09,91.2,0,--.--,344,92.8,56,0000:00:00,87,0,80,0,40,0,0,2.72,0,0,0,1,154.44,11:40:20,9/22/2023,97.99,48.36,--.--
high,1,843,14.05,15.55,9.01,2203,140.1055,2.15,34.11643614,40:21.3,-3.2,-2.4,155,0,0,0,0.2,0,0,0.1,-52.9,-51.1,-15.58,-31.69,0,0.88,9202.8,0:11:10,91.7,0,--.--,344,93.4,61,0000:00:00,87,0,80,0,40,0,0,2.89,0,0,0,1,140.14,11:40:21,9/22/2023,97.99,48.36,--.--
high,1,844,14.07,15.59,7.41,2205,115.5219,2.06,34.14852556,40:22.3,-2.4,-3.3,155,0,0,0,0.2,0,0,0.1,-52.5,-50.7,-15.44,-31.408,0,0.95,9202.8,0:11:11,92.1,0,--.--,345,93.9,63,0000:00:00,87,0,80,0,40,0,0,3.12,0,0,0,1,115.54,11:40:22,9/22/2023,97.99,48.36,--.--
high,1,845,14.08,15.27,18.91,2209,288.7557,2.46,34.22873547,40:23.3,1.1,-2.5,153,0,0,0,0.3,0,0,0,-52.1,-50.3,-15.33,-31.189,0,1.04,9202.8,0:11:12,92.5,0,--.--,345,94.4,55,0000:00:00,70,0,80,0,40,0,0,3.41,0,0,0,1,288.81,11:40:23,9/22/2023,97.99,48.36,--.--
high,1,846,14.1,15.24,19.81,2215,301.9044,2.48,34.31259781,40:24.3,-0.5,-0.6,154,0,0,0,0.3,0,0,0,-52,-50.2,-15.31,-31.157,0,1.03,9202.8,0:11:13,93.4,0,--.--,346,95.5,57,0000:00:00,63,0,80,0,40,0,0,3.38,0,0,0,1,301.83,11:40:24,9/22/2023,97.99,48.36,--.--
high,1,847,14.12,15.55,8.57,2219,133.2635,2.12,34.34961544,40:25.3,-1.7,-1.4,156,0,0,0,0.2,0,0,0,-52,-50.3,-15.32,-31.178,0,0.91,9202.8,0:11:14,94.1,0,--.--,346,96.4,50,0000:00:00,63,0,80,0,40,0,0,2.99,0,0,0,1,133.25,11:40:25,9/22/2023,97.99,48.38,--.--
high,1,848,14.13,15.54,8.42,2221,130.8468,2.12,34.38596178,40:26.3,-2.3,0.1,155,0,0,0,0.1,0,0,0,-52.2,-50.4,-15.36,-31.26,0,0.83,9202.8,0:11:15,94.7,0,--.--,346,96.9,52,0000:00:00,63,0,80,0,40,0,0,2.72,0,0,0,1,130.88,11:40:26,9/22/2023,98.02,48.38,--.--
high,1,849,14.15,15.53,11.34,2224,176.1102,2.25,34.43488128,40:27.3,-1.9,-0.3,156,0,0,0,0.2,0,0,0,-52.2,-50.4,-15.36,-31.255,0,0.83,9202.8,0:11:16,95.1,0,--.--,346,97.2,53,0000:00:00,63,0,80,0,40,0,0,2.72,0,0,0,1,176.08,11:40:27,9/22/2023,98.02,48.36,--.--
high,1,850,14.17,15.48,11.17,2227,172.9116,2.24,34.48291228,40:28.3,-2.1,-2.3,156,0,0,0,0.1,0,0,0,-52.1,-50.3,-15.32,-31.179,0,0.82,9202.8,0:11:17,95.5,0,--.--,346,97.6,51,0000:00:00,63,0,80,0,40,0,0,2.69,0,0,0,1,172.95,11:40:28,9/22/2023,98.02,48.38,--.--
high,1,851,14.18,15.52,9.33,2230,144.8016,2.16,34.52313494,40:29.3,-1.8,-2.2,156,0,0,0,0.1,0,0,0,-51.9,-50.2,-15.28,-31.094,0,0.67,9202.8,0:11:18,95.9,0,--.--,346,98,52,0000:00:00,63,0,80,0,40,0,0,2.2,0,0,0,1,144.83,11:40:29,9/22/2023,98.02,48.36,--.--
high,1,852,14.2,15.52,9.32,2232,144.6464,2.16,34.5633145,40:30.3,-2.4,-1.6,159,0,0,0,0.1,0,0,0.1,-51.7,-50,-15.22,-30.971,0,0.81,9202.8,0:11:19,96.3,0,--.--,346,98.3,55,0000:00:00,63,0,80,0,40,0,0,2.66,0,0,0,1,144.61,11:40:30,9/22/2023,98.06,48.36,--.--
high,1,853,14.22,15.46,10.98,2235,169.7508,2.23,34.6104675,40:31.3,-3,-0.6,161,0,0,0,0.2,0,0,0.1,-51.5,-49.8,-15.16,-30.856,0,0.82,9202.8,0:11:20,96.7,0,--.--,345,98.7,51,0000:00:00,63,0,80,0,40,0,0,2.69,0,0,0,1,169.79,11:40:31,9/22/2023,98.06,48.36,--.--
high,1,854,14.23,15.46,11.17,2239,172.6882,2.24,34.65843644,40:32.3,-1.3,-3.5,162,0,0,0,0.2,0,0,0,-51.4,-49.7,-15.14,-30.812,0,0.87,9202.8,0:11:21,97.2,0,--.--,345,99.1,50,0000:00:00,63,0,80,0,40,0,0,2.85,0,0,0,1,172.69,11:40:32,9/22/2023,98.06,48.36,--.--
high,1,855,14.25,15.45,11.49,2242,177.5205,2.25,34.70774769,40:33.3,-2,-2.4,161,0,0,0,0.2,0,0,0,-51.4,-49.7,-15.14,-30.813,0,0.97,9202.8,0:11:22,97.9,0,--.--,345,99.7,52,0000:00:00,63,0,80,0,40,0,0,3.18,0,0,0,1,177.52,11:40:33,9/22/2023,98.06,48.36,--.--
high,1,856,14.27,15.39,13.71,2246,210.9969,2.32,34.76635794,40:34.3,-3.1,0.5,161,0,0,0,0.3,0,0,0,-51.4,-49.6,-15.13,-30.795,0,0.76,9209.4,0:11:23,98.7,0,--.--,345,100.5,52,0000:00:00,63,0,80,0,40,0,0,2.49,0,0,0,1,210.94,11:40:34,9/22/2023,98.08,48.38,--.--
high,1,857,14.28,15.4,13.9,2249,214.06,2.33,34.82581906,40:35.3,-1.1,-3.6,161,0,0,0,0.3,0,0,0,-51.4,-49.6,-15.13,-30.797,0,0.96,9209.4,0:11:24,99.5,0,--.--,345,101.2,52,0000:00:00,63,0,80,0,40,0,0,3.15,0,0,0,1,214.06,11:40:35,9/22/2023,98.08,48.36,--.--
high,1,858,14.3,15.41,12.58,2253,193.8578,2.29,34.87966844,40:36.3,-2,-0.8,161,0,0,0,0.3,0,0,0,-51.4,-49.7,-15.14,-30.813,0,1.06,9209.4,0:11:25,100.4,0,--.--,345,101.9,50,0000:00:00,63,0,80,0,40,0,0,3.48,0,0,0,1,193.85,11:40:36,9/22/2023,98.08,48.36,--.--
high,1,859,14.32,15.42,12.82,2257,197.6844,2.3,34.93458078,40:37.3,-1.8,-2.2,160,0,0,0,0.3,0,0,0,-51.4,-49.7,-15.14,-30.815,0,0.85,9209.4,0:11:26,101.2,0,--.--,345,102.7,50,0000:00:00,63,0,80,0,40,0,0,2.79,0,0,0,1,197.68,11:40:37,9/22/2023,98.1,48.36,--.--
high,1,860,14.33,15.4,13.08,2260,201.432,2.3,34.99053411,40:38.3,-2.9,-1.5,160,0,0,0,0.2,0,0,0,-51.4,-49.6,-15.13,-30.795,0,1,9209.4,0:11:27,102,0,--.--,345,103.4,50,0000:00:00,63,0,80,0,40,0,0,3.28,0,0,0,1,201.41,11:40:38,9/22/2023,98.11,48.36,--.--
high,1,861,14.35,15.39,12.92,2264,198.8388,2.3,35.04576711,40:39.3,-1.8,-2.6,160,0,0,0,0.2,0,0,0,-51.3,-49.6,-15.1,-30.736,0,0.73,9209.4,0:11:28,102.8,0,--.--,345,104.1,50,0000:00:00,63,0,80,0,40,0,0,2.4,0,0,0,1,198.88,11:40:39,9/22/2023,98.11,48.36,--.--
high,1,862,14.37,15.39,13.05,2267,200.8395,2.3,35.10155586,40:40.3,-0.6,-2.5,160,0,0,0,0.2,0,0,0,-51.2,-49.5,-15.08,-30.696,0,0.77,9209.4,0:11:29,103.3,0,--.--,344,104.5,50,0000:00:00,63,0,80,0,40,0,0,2.53,0,0,0,1,200.83,11:40:40,9/22/2023,98.11,48.36,--.--
high,1,863,14.38,15.41,12.4,2271,191.084,2.28,35.15463475,40:41.3,-1.5,-2,160,0,0,0,0.1,0,0,0,-51.2,-49.4,-15.07,-30.676,0,0.77,9209.4,0:11:30,103.7,0,--.--,344,104.9,50,0000:00:00,63,0,80,0,40,0,0,2.53,0,0,0,1,191.06,11:40:41,9/22/2023,98.13,48.36,--.--
high,1,864,14.4,15.4,15.16,2274,233.464,2.37,35.21948586,40:42.3,-3,-1,160,0,0,0,0.1,0,0,0,-51.1,-49.4,-15.05,-30.637,0,0.76,9209.4,0:11:31,104.1,0,--.--,344,105.2,49,0000:00:00,63,0,80,0,40,0,0,2.49,0,0,0,1,233.54,11:40:42,9/22/2023,98.13,48.36,--.--
high,1,865,14.42,15.29,16.7,2279,255.343,2.41,35.29041447,40:43.3,-0.2,-3.1,159,0,0,0,0.2,0,0,0,-51.2,-49.4,-15.06,-30.66,0,0.7,9216,0:11:32,104.5,0,--.--,344,105.6,49,0000:00:00,63,0,80,0,40,0,0,2.3,0,0,0,1,255.43,11:40:43,9/22/2023,98.15,48.36,--.--
high,1,866,14.43,15.28,17.05,2284,260.524,2.42,35.36278225,40:44.3,0,-2.8,159,0,0,0,0.2,0,0,0,-51.3,-49.5,-15.11,-30.753,0,0.79,9216,0:11:33,105,0,--.--,344,106.2,50,0000:00:00,63,0,80,0,40,0,0,2.59,0,0,0,1,260.51,11:40:44,9/22/2023,98.15,48.36,--.--
high,1,867,14.45,15.27,16.04,2288,244.9308,2.39,35.43081858,40:45.3,-1,-2.7,160,0,0,0,0.2,0,0,0,-51.5,-49.7,-15.17,-30.857,0,0.88,9216,0:11:34,105.7,0,--.--,345,106.9,50,0000:00:00,63,0,80,0,40,0,0,2.89,0,0,0,1,244.93,11:40:45,9/22/2023,98.15,48.38,--.--
high,1,868,14.47,15.34,14.38,2293,220.5892,2.34,35.49209336,40:46.3,-2.1,-1.7,160,0,0,0,0.2,0,0,0,-51.7,-49.9,-15.23,-30.992,0,0.89,9216,0:11:35,106.4,0,--.--,345,107.6,52,0000:00:00,63,0,80,0,40,0,0,2.92,0,0,0,1,220.57,11:40:46,9/22/2023,98.15,48.36,--.--
high,1,869,14.48,15.35,13.57,2296,208.2995,2.32,35.54995433,40:47.3,-2.7,-1.3,160,0,0,0,0.2,0,0,0,-51.8,-50.1,-15.28,-31.079,0,1.1,9216,0:11:36,107.2,0,--.--,344,108.4,52,0000:00:00,63,0,80,0,40,0,0,3.61,0,0,0,1,208.31,11:40:47,9/22/2023,98.15,48.38,--.--
high,1,870,14.5,15.34,13.71,2300,210.3114,2.32,35.60837417,40:48.3,-2.5,-0.4,160,0,0,0,0.2,0,0,0,-51.9,-50.1,-15.28,-31.097,0,1.07,9216,0:11:37,107.9,0,--.--,344,109.2,51,0000:00:00,63,0,80,0,40,0,0,3.51,0,0,0,1,210.34,11:40:48,9/22/2023,98.19,48.38,--.--
high,1,871,14.52,15.38,12.4,2304,190.712,2.28,35.66134972,40:49.3,-3.1,-0.5,160,0,0,0,0.2,0,0,0,-51.8,-50.1,-15.25,-31.038,0,1.06,9216,0:11:38,108.5,0,--.--,345,109.6,50,0000:00:00,63,0,80,0,40,0,0,3.48,0,0,0,1,190.66,11:40:49,9/22/2023,98.19,48.36,--.--
high,1,872,14.53,15.34,13.66,2308,209.5444,2.32,35.7195565,40:50.3,-1.7,-3,161,0,0,0,0.2,0,0,0,-51.7,-50,-15.22,-30.977,0,1.07,9216,0:11:39,109.1,0,--.--,345,110.3,50,0000:00:00,63,0,80,0,40,0,0,3.51,0,0,0,1,209.54,11:40:50,9/22/2023,98.2,48.36,--.--
high,1,873,14.55,15.34,14.13,2312,216.7542,2.34,35.779766,40:51.3,-4.5,-0.9,162,0,0,0,0.2,0,0,0.1,-51.5,-49.7,-15.17,-30.877,0,1.04,9216,0:11:40,110.1,0,--.--,344,111.1,52,0000:00:00,63,0,80,0,40,0,0,3.41,0,0,0,1,216.68,11:40:51,9/22/2023,98.2,48.38,--.--
high,1,874,14.57,15.35,13.33,2316,204.6155,2.31,35.83660364,40:52.3,-3.8,-1.6,162,0,0,0,0.2,0,0,0.1,-51.4,-49.6,-15.11,-30.77,0,0.99,9216,0:11:41,110.5,0,--.--,344,111.4,52,0000:00:00,63,0,80,0,40,0,0,3.25,0,0,0,1,204.63,11:40:52,9/22/2023,98.2,48.38,--.--
high,1,875,14.58,15.36,13.43,2319,206.2848,2.31,35.89390497,40:53.3,-1.5,-2,161,0,0,0,0.2,0,0,0.1,-51.2,-49.4,-15.06,-30.655,0,1.11,9222.7,0:11:42,111.2,0,--.--,344,112,50,0000:00:00,63,0,80,0,40,0,0,3.64,0,0,0,1,206.23,11:40:53,9/22/2023,98.22,48.38,--.--
high,1,876,14.6,15.36,13.4,2323,205.824,2.31,35.95107831,40:54.3,-2.1,-1.5,160,0,0,0,0.2,0,0,0,-51,-49.3,-15.02,-30.592,0,1.15,9222.7,0:11:43,112,0,--.--,344,112.7,50,0000:00:00,63,0,80,0,40,0,0,3.77,0,0,0,1,205.77,11:40:54,9/22/2023,98.22,48.38,--.--
high,1,877,14.62,15.32,14.75,2327,225.97,2.35,36.01384775,40:55.3,-1.3,-2.2,160,0,0,0,0.2,0,0,0,-51,-49.3,-15.02,-30.571,0,1.36,9222.7,0:11:44,112.4,0,--.--,344,113.1,50,0000:00:00,63,0,80,0,40,0,0,4.46,0,0,0,1,225.98,11:40:55,9/22/2023,98.22,48.36,--.--
high,1,878,14.63,15.34,14.18,2331,217.5212,2.34,36.07427031,40:56.3,-1.9,-2.4,160,0,0,0,0.2,0,0,0,-51,-49.2,-15,-30.533,0,1.32,9222.7,0:11:45,113.2,0,--.--,344,114,50,0000:00:00,63,0,80,0,40,0,0,4.33,0,0,0,1,217.46,11:40:56,9/22/2023,98.24,48.38,--.--
high,1,879,14.65,15.3,14.12,2335,216.036,2.33,36.13428031,40:57.3,-2.3,-2.6,160,0,0,0,0.2,0,0,0,-50.9,-49.1,-14.97,-30.491,0,1.46,9222.7,0:11:46,113.6,0,--.--,344,114.4,50,0000:00:00,63,0,80,0,40,0,0,4.79,0,0,0,1,216.11,11:40:57,9/22/2023,98.26,48.36,--.--
high,1,880,14.67,15.33,13.69,2339,209.8677,2.32,36.19257689,40:58.3,-4.5,0.1,160,0,0,0,0.2,0,0,0,-50.8,-49,-14.94,-30.416,0,1.45,9222.7,0:11:47,114.2,0,--.--,344,115,48,0000:00:00,63,0,80,0,40,0,0,4.76,0,0,0,1,209.92,11:40:58,9/22/2023,98.26,48.38,--.--
high,1,881,14.68,15.24,16.47,2343,251.0028,2.4,36.26229989,40:59.3,-6.3,-2.7,162,0,0,0,0.2,0,0,0,-50.7,-49,-14.92,-30.374,0,1.59,9222.7,0:11:48,114.8,0,--.--,344,115.5,43,0000:00:00,63,0,80,0,40,0,0,5.22,0,0,0,1,251.02,11:40:59,9/22/2023,98.26,48.38,--.--
high,1,882,14.7,15.31,13.03,2347,199.4893,2.3,36.31771358,41:00.3,-4.1,0.7,162,0,0,0,0.1,0,0,0,-50.7,-48.9,-14.91,-30.37,0,1.55,9222.7,0:11:49,115.2,0,--.--,344,115.8,49,0000:00:00,63,0,80,0,40,0,0,5.09,0,0,0,1,199.5,11:41:00,9/22/2023,98.28,48.36,--.--
high,1,883,14.72,15.34,13.3,2351,204.022,2.31,36.37438636,41:01.3,-1,-3.3,159,0,0,0,0.1,0,0,0,-50.7,-48.9,-14.91,-30.352,0,1.41,9222.7,0:11:50,115.4,0,--.--,344,116,48,0000:00:00,63,0,80,0,40,0,0,4.63,0,0,0,1,203.97,11:41:01,9/22/2023,98.29,48.38,--.--
high,1,884,14.73,15.56,5.51,2353,85.7356,1.93,36.39820181,41:02.3,-1.9,-4.2,153,0,0,0,0.2,0,0,0,-50.7,-49,-14.93,-30.379,0,1.55,9222.7,0:11:51,115.1,0,--.--,344,115.6,45,0000:00:00,63,0,80,0,40,0,0,5.09,0,0,0,1,85.71,11:41:02,9/22/2023,98.29,48.38,--.--
high,1,885,14.75,15.61,3.96,2353,61.8156,1.79,36.41537281,41:03.3,-3.9,-4.8,133,0,0,0,0.2,0,0,-0.1,-50.9,-49.1,-14.98,-30.479,0,1.53,9222.7,0:11:52,114.5,0,--.--,344,115,42,0000:00:00,63,0,80,0,40,0,0,5.02,0,0,0,1,61.82,11:41:03,9/22/2023,98.29,48.38,--.--
high,1,886,14.77,15.6,3.73,2355,58.188,1.76,36.43153614,41:04.4,-1.2,-2,106,0,0,0,0.2,0,0,0,-51.1,-49.4,-15.05,-30.618,0,1.53,9222.7,0:11:53,113.8,0,--.--,343,114.3,47,0000:00:00,63,0,80,0,40,0,0,5.02,0,0,0,1,58.19,11:41:04,9/22/2023,98.29,48.38,--.--
high,1,887,14.78,15.61,4.23,2356,66.0303,1.82,36.44987789,41:05.4,-1.2,-0.8,82,0,0,0,0.3,0,0,0,-51.2,-49.4,-15.06,-30.653,0,1.61,9222.7,0:11:54,113.1,0,--.--,343,113.5,47,0000:00:00,63,0,80,0,40,0,0,5.28,0,0,0,1,66.03,11:41:05,9/22/2023,98.31,48.38,--.--
high,1,888,14.8,15.6,4.55,2357,70.98,1.85,36.46959456,41:06.4,-0.6,-0.6,57,0,0,0,0.3,0,0,0,-51.1,-49.3,-15.03,-30.61,0,1.55,9222.7,0:11:55,112.2,0,--.--,343,112.7,47,0000:00:00,63,0,80,0,40,0,0,5.09,0,0,0,1,70.99,11:41:06,9/22/2023,98.31,48.42,--.--
high,1,889,14.82,15.6,4.88,2359,76.128,1.88,36.49074122,41:07.4,-0.1,-1.5,32,0,0,0,0.4,0,0,0,-50.9,-49.2,-14.99,-30.518,0,1.47,9222.7,0:11:56,111.2,0,--.--,343,111.7,47,0000:00:00,63,0,80,0,40,0,0,4.82,0,0,0,1,76.13,11:41:07,9/22/2023,98.31,48.38,--.--
high,1,890,14.83,15.6,5.02,2360,78.312,1.89,36.51249456,41:08.4,-0.4,-2.9,13,0,0,0,0.3,0,0,0,-50.8,-49,-14.95,-30.453,0,1.33,9222.7,0:11:57,110.2,0,--.--,343,110.8,50,0000:00:00,63,0,80,0,40,0,0,4.36,0,0,0,1,78.3,11:41:08,9/22/2023,98.31,48.38,--.--
high,1,891,14.85,15.58,5.77,2361,89.8966,1.95,36.53746583,41:09.4,1.5,-0.4,356,0,0,0,0.3,0,0,0,-50.8,-49,-14.93,-30.41,0,1.37,9222.7,0:11:58,109.4,0,--.--,343,110,49,0000:00:00,63,0,80,0,40,0,0,4.49,0,0,0,1,89.87,11:41:09,9/22/2023,98.31,48.42,--.--
high,1,892,14.87,15.62,3,2362,46.86,1.67,36.5504825,41:10.4,2.5,-4.8,348,0,0,0,0.2,0,0,0,-50.8,-49,-14.94,-30.418,0,1.39,9222.7,0:11:59,108.7,0,--.--,343,109.3,53,0000:00:00,63,0,80,0,40,0,0,4.56,0,0,0,1,46.84,11:41:10,9/22/2023,98.31,48.42,--.--
high,1,893,14.88,15.56,5.61,2364,87.2916,1.94,36.57473017,41:11.4,1.5,-1.7,337,0,0,0,0.2,0,0,0,-50.7,-49,-14.93,-30.41,0,1.42,9222.7,0:12:00,108.1,0,--.--,343,108.7,54,0000:00:00,63,0,80,0,40,0,0,4.66,0,0,0,1,87.28,11:41:11,9/22/2023,98.35,48.38,--.--
high,1,894,14.9,15.6,4.54,2365,70.824,1.85,36.5944035,41:12.4,2.3,-0.4,328,0,0,0,0.1,0,0,0,-50.7,-49,-14.92,-30.377,0,1.62,9222.7,0:12:01,107.6,0,--.--,343,108.3,55,0000:00:00,63,0,80,0,40,0,0,5.31,0,0,0,1,70.84,11:41:12,9/22/2023,98.35,48.38,--.--
high,1,895,14.92,15.66,2.85,2366,44.631,1.65,36.606801,41:13.4,4.8,-0.6,323,0,0,0,0.1,0,0,0,-50.6,-48.9,-14.89,-30.319,0,1.54,9222.7,0:12:02,107.2,0,--.--,343,107.8,49,0000:00:00,63,0,80,0,40,0,0,5.05,0,0,0,1,44.64,11:41:13,9/22/2023,98.35,48.42,--.--
high,1,896,14.93,15.64,3.13,2367,48.9532,1.69,36.62039911,41:14.4,4.3,0.1,329,0,0,0,0.2,0,0,0,-50.4,-48.7,-14.84,-30.218,0,1.55,9222.7,0:12:03,106.7,0,--.--,343,107.3,49,0000:00:00,63,0,80,0,40,0,0,5.09,0,0,0,1,48.96,11:41:14,9/22/2023,98.37,48.42,--.--
high,1,897,14.95,15.66,3.55,2368,55.593,1.75,36.63584161,41:15.4,3.2,-0.5,330,0,0,0,0.2,0,0,0.1,-50.2,-48.5,-14.77,-30.093,0,1.54,9222.7,0:12:04,106.1,0,--.--,343,106.7,48,0000:00:00,63,0,80,0,40,0,0,5.05,0,0,0,1,55.59,11:41:15,9/22/2023,98.37,48.42,--.--
high,1,898,14.97,15.66,3.35,2369,52.461,1.72,36.65041411,41:16.4,2.6,-0.1,329,0,0,0,0.2,0,0,0.1,-50,-48.3,-14.72,-29.978,0,1.42,9222.7,0:12:05,105.4,0,--.--,343,106.1,48,0000:00:00,63,0,80,0,40,0,0,4.66,0,0,0,1,52.47,11:41:16,9/22/2023,98.38,48.42,--.--
high,1,899,14.98,15.67,3.48,2370,54.5316,1.74,36.66556178,41:17.4,2.4,-0.6,329,0,0,0,0.2,0,0,0,-50,-48.2,-14.69,-29.919,0,1.57,9222.7,0:12:06,104.7,0,--.--,344,105.5,48,0000:00:00,63,0,80,0,40,0,0,5.15,0,0,0,1,54.52,11:41:17,9/22/2023,98.38,48.42,--.--
high,1,900,15,15.68,4.01,2371,62.8768,1.8,36.68302756,41:18.4,2.7,1,326,0,0,0,0.2,0,0,0,-49.8,-48.1,-14.66,-29.857,0,1.62,9229.4,0:12:07,103.9,0,--.--,344,104.8,50,0000:00:00,63,0,80,0,40,0,0,5.31,0,0,0,1,62.87,11:41:18,9/22/2023,98.38,48.42,--.--
high,1,901,15.02,15.67,3.14,2372,49.2038,1.69,36.69669528,41:19.4,1,-1.1,330,0,0,0,0.3,0,0,0,-49.8,-48,-14.63,-29.811,0,1.53,9229.4,0:12:08,103.1,0,--.--,344,104.1,46,0000:00:00,63,0,80,0,40,0,0,5.02,0,0,0,1,49.21,11:41:19,9/22/2023,98.4,48.42,--.--
high,1,902,15.03,15.65,4.14,2373,64.791,1.81,36.71469278,41:20.4,3.9,0.9,326,0,0,0,0.3,0,0,0,-49.6,-47.9,-14.59,-29.733,0,1.5,9229.4,0:12:09,102.2,0,--.--,344,103.2,47,0000:00:00,63,0,80,0,40,0,0,4.92,0,0,0,1,64.8,11:41:20,9/22/2023,98.4,48.42,--.--
high,1,903,15.05,15.65,4.09,2374,64.0085,1.81,36.73247292,41:21.4,3.6,1,313,0,0,0,0.3,0,0,0,-49.5,-47.8,-14.56,-29.657,0,1.61,9229.4,0:12:10,101.2,0,--.--,344,102.3,49,0000:00:00,63,0,80,0,40,0,0,5.28,0,0,0,1,64.02,11:41:21,9/22/2023,98.4,48.42,--.--
high,1,904,15.07,15.67,3.31,2375,51.8677,1.71,36.74688061,41:22.4,3.3,0.6,300,0,0,0,0.3,0,0,0,-49.4,-47.7,-14.53,-29.599,0,1.54,9229.4,0:12:11,100.2,0,--.--,344,101.5,50,0000:00:00,63,0,80,0,40,0,0,5.05,0,0,0,1,51.85,11:41:22,9/22/2023,98.4,48.42,--.--
high,1,905,15.08,15.69,2.88,2376,45.1872,1.66,36.75943261,41:23.4,4.7,0.8,303,0,0,0,0.3,0,0,0,-49.3,-47.6,-14.5,-29.55,0,1.55,9229.4,0:12:12,99.4,0,--.--,344,100.7,50,0000:00:00,63,0,80,0,40,0,0,5.09,0,0,0,1,45.18,11:41:23,9/22/2023,98.42,48.42,--.--
high,1,906,15.1,15.68,3.22,2377,50.4896,1.7,36.7734575,41:24.4,4.1,-0.2,306,0,0,0,0.2,0,0,0,-49.3,-47.5,-14.49,-29.512,0,1.58,9229.4,0:12:13,98.5,0,--.--,344,99.9,50,0000:00:00,63,0,80,0,40,0,0,5.18,0,0,0,1,50.5,11:41:24,9/22/2023,98.42,48.38,--.--
high,1,907,15.12,15.68,4.65,2377,72.912,1.86,36.79371083,41:25.4,4,1.3,303,0,0,0,0.3,0,0,0,-49.3,-47.5,-14.48,-29.498,0,1.62,9236.1,0:12:14,97.7,0,--.--,345,99.3,49,0000:00:00,63,0,80,0,40,0,0,5.31,0,0,0,1,72.91,11:41:25,9/22/2023,98.42,48.42,--.--
high,1,908,15.13,15.69,3.24,2379,50.8356,1.71,36.80783183,41:26.4,3.1,-0.8,303,0,0,0,0.2,0,0,0,-49.3,-47.6,-14.5,-29.536,0,1.47,9236.1,0:12:15,97,0,--.--,345,98.7,49,0000:00:00,63,0,80,0,40,0,0,4.82,0,0,0,1,50.83,11:41:26,9/22/2023,98.44,48.42,--.--
high,1,909,15.15,15.69,3.27,2379,51.3063,1.71,36.82208358,41:27.4,2,-2.3,306,0,0,0,0.2,0,0,0,-49.4,-47.7,-14.54,-29.599,0,1.55,9236.1,0:12:16,96.4,0,--.--,345,98.1,49,0000:00:00,63,0,80,0,40,0,0,5.09,0,0,0,1,51.29,11:41:27,9/22/2023,98.44,48.42,--.--
high,1,910,15.17,15.68,3.47,2380,54.4096,1.74,36.83719736,41:28.4,2.6,-0.5,306,0,0,0,0.2,0,0,0,-49.5,-47.8,-14.57,-29.659,0,1.51,9236.1,0:12:17,95.8,0,--.--,345,97.7,49,0000:00:00,63,0,80,0,40,0,0,4.95,0,0,0,1,54.42,11:41:28,9/22/2023,98.44,48.42,--.--
high,1,911,15.18,15.68,3.51,2381,55.0368,1.74,36.85248536,41:29.4,2.7,1.7,306,0,0,0,0.2,0,0,0,-49.6,-47.9,-14.59,-29.715,0,1.56,9236.1,0:12:18,95.2,0,--.--,345,97.2,45,0000:00:00,63,0,80,0,40,0,0,5.12,0,0,0,1,55.03,11:41:29,9/22/2023,98.44,48.42,--.--
high,1,912,15.2,15.67,4.03,2382,63.1501,1.8,36.87002706,41:30.4,1.4,1.5,306,0,0,0,0.2,0,0,-0.1,-49.8,-48,-14.64,-29.812,0,1.65,9236.1,0:12:19,94.7,0,--.--,346,96.8,40,0000:00:00,63,0,80,0,40,0,0,5.41,0,0,0,1,63.13,11:41:30,9/22/2023,98.44,48.42,--.--
high,1,913,15.22,15.63,5.72,2384,89.4036,1.95,36.89486139,41:31.4,2.2,0.6,306,0,0,0,0.1,0,0,-0.2,-50.2,-48.5,-14.77,-30.052,0,1.62,9236.1,0:12:20,94.2,0,--.--,346,96.4,39,0000:00:00,63,0,80,0,40,0,0,5.31,0,0,0,1,89.43,11:41:31,9/22/2023,98.44,48.43,--.--
high,1,914,15.23,15.64,6.37,2385,99.6268,2,36.9225355,41:32.4,4,-0.8,306,0,0,0,0.1,0,0,-0.1,-50.6,-48.9,-14.9,-30.316,0,1.48,9236.1,0:12:21,93.9,0,--.--,346,96.2,47,0000:00:00,63,0,80,0,40,0,0,4.86,0,0,0,1,99.6,11:41:32,9/22/2023,98.47,48.43,--.--
high,1,915,15.25,15.68,3.61,2386,56.6048,1.75,36.93825906,41:33.4,4.7,-1.7,306,0,0,0,0.1,0,0,0,-50.8,-49.1,-14.96,-30.44,0,1.34,9236.1,0:12:22,93.6,0,--.--,346,96,49,0000:00:00,60,0,80,0,40,0,0,4.4,0,0,0,1,56.6,11:41:33,9/22/2023,98.47,48.42,--.--
high,1,916,15.27,15.67,3.75,2387,58.7625,1.77,36.95458197,41:34.4,2.6,0.7,306,0,0,0,0.1,0,0,0,-50.9,-49.2,-14.99,-30.497,0,1.35,9236.1,0:12:23,93.3,0,--.--,346,95.7,42,0000:00:00,44,0,80,0,40,0,0,4.43,0,0,0,1,58.76,11:41:34,9/22/2023,98.47,48.43,--.--
high,1,917,15.28,15.67,3.91,2388,61.2697,1.79,36.97160133,41:35.4,2.5,0.7,306,0,0,0,0.2,0,0,-0.1,-51.1,-49.4,-15.05,-30.616,0,1.48,9236.1,0:12:24,92.8,0,--.--,347,95.4,42,0000:00:00,44,0,80,0,40,0,0,4.86,0,0,0,1,61.27,11:41:35,9/22/2023,98.47,48.43,--.--
high,1,918,15.3,15.63,5.08,2390,79.4004,1.9,36.993657,41:36.4,2.4,0.9,306,0,0,0,0.1,0,0,-0.2,-51.5,-49.8,-15.18,-30.858,0,1.37,9242.8,0:12:25,92.5,0,--.--,347,95.2,40,0000:00:00,44,0,80,0,40,0,0,4.49,0,0,0,1,79.38,11:41:36,9/22/2023,98.47,48.43,--.--
high,1,919,15.32,15.56,7.1,2392,110.476,2.04,37.02434478,41:37.4,2.5,-0.3,308,0,0,0,0.2,0,0,-0.1,-52.1,-50.3,-15.35,-31.197,0,1.11,9242.8,0:12:26,92.2,0,--.--,347,94.8,43,0000:00:00,38,0,80,0,40,0,0,3.64,0,0,0,1,110.48,11:41:37,9/22/2023,98.47,48.43,--.--
high,1,920,15.33,15.66,4.63,2393,72.5058,1.86,37.04448528,41:38.4,2.8,1.2,306,0,0,0,0.1,0,0,-0.1,-52.5,-50.8,-15.47,-31.457,0,0.99,9242.8,0:12:27,91.8,0,--.--,347,94.6,44,0000:00:00,36,0,80,0,40,0,0,3.25,0,0,0,1,72.5,11:41:38,9/22/2023,98.47,48.43,--.--
high,1,921,15.35,15.69,3.35,2394,52.5615,1.72,37.05908569,41:39.4,5.3,-0.4,305,0,0,0,0.2,0,0,-0.1,-52.8,-51,-15.56,-31.621,0,0.85,9242.8,0:12:28,91.4,0,--.--,347,94.4,49,0000:00:00,36,0,80,0,40,0,0,2.79,0,0,0,1,52.55,11:41:39,9/22/2023,98.47,48.43,--.--
high,1,922,15.37,15.68,3.28,2395,51.4304,1.71,37.07337192,41:40.4,5.5,2.5,303,0,0,0,0.2,0,0,0,-52.9,-51.1,-15.59,-31.711,0,0.91,9242.8,0:12:29,90.9,0,--.--,348,94.1,49,0000:00:00,36,0,80,0,40,0,0,2.99,0,0,0,1,51.43,11:41:40,9/22/2023,98.51,48.43,--.--
high,1,923,15.38,15.69,3.13,2396,49.1097,1.69,37.0870135,41:41.4,4,0.5,303,0,0,0,0.2,0,0,0,-53,-51.3,-15.63,-31.778,0,0.92,9242.8,0:12:30,90.4,0,--.--,348,93.7,49,0000:00:00,36,0,80,0,40,0,0,3.02,0,0,0,1,49.12,11:41:41,9/22/2023,98.51,48.43,--.--
high,1,924,15.4,15.69,3.19,2397,50.0511,1.7,37.10091658,41:42.4,5.3,-0.1,304,0,0,0,0.2,0,0,0,-53.2,-51.4,-15.68,-31.873,0,0.93,9242.8,0:12:31,89.9,0,--.--,348,93.3,49,0000:00:00,36,0,80,0,40,0,0,3.05,0,0,0,1,50.06,11:41:42,9/22/2023,98.51,48.45,--.--
high,1,925,15.42,15.68,3.63,2398,56.9184,1.76,37.11672725,41:43.4,3,-2.7,305,0,0,0,0.2,0,0,0,-53.3,-51.5,-15.71,-31.937,0,0.93,9242.8,0:12:32,89.5,0,--.--,348,93,49,0000:00:00,36,0,80,0,40,0,0,3.05,0,0,0,1,56.92,11:41:43,9/22/2023,98.51,48.43,--.--
high,1,926,15.43,15.68,3.93,2399,61.6224,1.79,37.13384458,41:44.4,2.7,-2.1,305,0,0,0,0.2,0,0,0,-53.3,-51.5,-15.71,-31.957,0,1.01,9242.8,0:12:33,89,0,--.--,349,92.4,49,0000:00:00,36,0,80,0,40,0,0,3.31,0,0,0,1,61.61,11:41:44,9/22/2023,98.53,48.43,--.--
high,1,927,15.45,15.68,3.65,2400,57.232,1.76,37.14974236,41:45.4,3.7,-0.4,305,0,0,0,0.2,0,0,0,-53.3,-51.5,-15.7,-31.937,0,1.05,9242.8,0:12:34,88.4,0,--.--,349,92.2,49,0000:00:00,36,0,80,0,40,0,0,3.44,0,0,0,1,57.25,11:41:45,9/22/2023,98.53,48.43,--.--
high,1,928,15.47,15.69,3.52,2401,55.2288,1.74,37.16508369,41:46.4,3,-0.2,304,0,0,0,0.2,0,0,0,-53.3,-51.5,-15.7,-31.932,0,1.09,9242.8,0:12:35,87.8,0,--.--,349,91.8,49,0000:00:00,36,0,80,0,40,0,0,3.58,0,0,0,1,55.22,11:41:46,9/22/2023,98.53,48.43,--.--
high,1,929,15.48,15.69,3.3,2402,51.777,1.71,37.17946619,41:47.4,4.1,1.5,304,0,0,0,0.2,0,0,0,-53.3,-51.5,-15.7,-31.933,0,1.09,9249.5,0:12:36,87.2,0,--.--,349,91.3,47,0000:00:00,36,0,80,0,40,0,0,3.58,0,0,0,1,51.78,11:41:47,9/22/2023,98.53,48.43,--.--
high,1,930,15.5,15.68,3.83,2403,60.0544,1.78,37.19614797,41:48.4,2.1,-2.1,305,0,0,0,0.2,0,0,0,-53.3,-51.6,-15.73,-31.979,0,1.04,9249.5,0:12:37,86.5,0,--.--,350,90.7,47,0000:00:00,36,0,80,0,40,0,0,3.41,0,0,0,1,60.04,11:41:48,9/22/2023,98.53,48.42,--.--
high,1,931,15.52,15.68,3.58,2404,56.1344,1.75,37.21174086,41:49.4,3.5,-0.3,305,0,0,0,0.2,0,0,0,-53.5,-51.7,-15.78,-32.073,0,0.96,9249.5,0:12:38,85.9,0,--.--,350,90.3,47,0000:00:00,36,0,80,0,40,0,0,3.15,0,0,0,1,56.15,11:41:49,9/22/2023,98.53,48.42,--.--
high,1,932,15.53,15.67,3.98,2405,62.3666,1.79,37.22906492,41:50.4,3,-1.1,305,0,0,0,0.2,0,0,-0.1,-53.8,-52,-15.85,-32.219,0,0.85,9249.5,0:12:39,85.4,0,--.--,350,89.9,48,0000:00:00,36,0,80,0,40,0,0,2.79,0,0,0,1,62.38,11:41:50,9/22/2023,98.55,48.43,--.--
high,1,933,15.55,15.68,3.84,2406,60.2112,1.78,37.24579025,41:51.4,3.1,-2.2,306,0,0,0,0.2,0,0,-0.1,-54.1,-52.3,-15.96,-32.418,0,0.91,9249.5,0:12:40,84.9,0,--.--,350,89.6,48,0000:00:00,36,0,80,0,40,0,0,2.99,0,0,0,1,60.2,11:41:51,9/22/2023,98.56,48.43,--.--
high,1,934,15.57,15.66,4.23,2407,66.2418,1.82,37.26419075,41:52.4,3,-1.6,306,0,0,0,0.2,0,0,-0.1,-54.4,-52.6,-16.04,-32.598,0,0.73,9249.5,0:12:41,84.5,0,--.--,351,89.3,49,0000:00:00,36,0,80,0,40,0,0,2.4,0,0,0,1,66.24,11:41:52,9/22/2023,98.55,48.43,--.--
high,1,935,15.58,15.69,3.8,2408,59.622,1.78,37.28075242,41:53.4,3.9,1.8,304,0,0,0,0.2,0,0,0,-54.5,-52.8,-16.08,-32.68,0,0.57,9249.5,0:12:42,84,0,--.--,351,88.4,50,0000:00:00,36,0,80,0,40,0,0,1.87,0,0,0,1,59.61,11:41:53,9/22/2023,98.56,48.43,--.--
high,1,936,15.6,15.67,4.04,2409,63.3068,1.8,37.29833764,41:54.4,2.4,3.8,305,0,0,0,0.2,0,0,0,-54.5,-52.7,-16.06,-32.675,0,0.54,9249.5,0:12:43,83.4,0,--.--,351,88.6,56,0000:00:00,36,0,80,0,40,0,0,1.77,0,0,0,1,63.32,11:41:54,9/22/2023,98.56,48.43,--.--
high,1,937,15.62,15.68,3.63,2411,56.9184,1.76,37.31414831,41:55.4,2.5,3.7,304,0,0,0,0.2,0,0,0,-54.4,-52.6,-16.04,-32.618,0,0.52,9249.5,0:12:44,82.9,0,--.--,352,88.2,56,0000:00:00,36,0,80,0,40,0,0,1.71,0,0,0,1,56.92,11:41:55,9/22/2023,98.56,48.43,--.--
high,1,938,15.63,15.68,3.98,2412,62.4064,1.8,37.33148342,41:56.4,2.7,2,305,0,0,0,0.2,0,0,0.1,-54.3,-52.5,-16.01,-32.572,0,0.67,9249.5,0:12:45,82.5,0,--.--,352,87.9,57,0000:00:00,36,0,80,0,40,0,0,2.2,0,0,0,1,62.41,11:41:56,9/22/2023,98.56,48.43,--.--
high,1,939,15.65,15.65,4.55,2413,71.2075,1.85,37.35126328,41:57.4,2.6,0.7,305,0,0,0,0.2,0,0,0.1,-54.2,-52.4,-15.97,-32.493,0,0.78,9249.5,0:12:46,82,0,--.--,352,87.5,58,0000:00:00,36,0,80,0,40,0,0,2.56,0,0,0,1,71.23,11:41:57,9/22/2023,98.58,48.43,--.--
high,1,940,15.67,15.64,6.13,2414,95.8732,1.98,37.37789472,41:58.4,2.4,0.8,302,0,0,0,0.2,0,0,0.1,-53.9,-52.2,-15.88,-32.35,0,0.85,9256.1,0:12:47,81.6,0,--.--,352,87.2,60,0000:00:00,36,0,80,0,40,0,0,2.79,0,0,0,1,95.85,11:41:58,9/22/2023,98.58,48.43,--.--
high,1,941,15.68,15.62,6.88,2416,107.4656,2.03,37.40774628,41:59.4,2.9,0.3,298,0,0,0,0.2,0,0,0.1,-53.5,-51.7,-15.76,-32.091,0,1.02,9256.1,0:12:48,81.3,0,--.--,352,87,59,0000:00:00,36,0,80,0,40,0,0,3.35,0,0,0,1,107.44,11:41:59,9/22/2023,98.58,48.43,--.--
high,1,942,15.7,15.63,5.84,2418,91.2792,1.96,37.43310161,42:00.4,2.9,-0.1,294,0,0,0,0.2,0,0,0.1,-53,-51.2,-15.62,-31.798,0,1.22,9256.1,0:12:49,80.8,0,--.--,353,86.7,58,0000:00:00,36,0,80,0,40,0,0,4,0,0,0,1,91.27,11:42:00,9/22/2023,98.58,48.42,--.--
high,1,943,15.72,15.65,4.63,2419,72.4595,1.86,37.45322925,42:01.4,3.4,1.5,289,0,0,0,0.2,0,0,0.1,-52.6,-50.8,-15.48,-31.529,0,1.25,9256.1,0:12:50,80.4,0,--.--,353,86.4,56,0000:00:00,36,0,80,0,40,0,0,4.1,0,0,0,1,72.48,11:42:01,9/22/2023,98.6,48.42,--.--
high,1,944,15.73,15.68,4.01,2420,62.8768,1.8,37.47069503,42:02.4,4.4,-1.1,288,0,0,0,0.2,0,0,0.1,-52.2,-50.5,-15.38,-31.311,0,1.18,9256.1,0:12:51,79.8,0,--.--,353,85.9,50,0000:00:00,36,0,80,0,40,0,0,3.87,0,0,0,1,62.88,11:42:02,9/22/2023,98.6,48.42,--.--
high,1,945,15.75,15.68,3.49,2421,54.7232,1.74,37.48589592,42:03.4,4.1,-0.1,288,0,0,0,0.3,0,0,0,-52.1,-50.3,-15.33,-31.21,0,1.15,9256.1,0:12:52,79.1,0,--.--,354,85.5,50,0000:00:00,36,0,80,0,40,0,0,3.77,0,0,0,1,54.73,11:42:03,9/22/2023,98.6,48.42,--.--
high,1,946,15.77,15.69,3.42,2422,53.6598,1.73,37.50080142,42:04.4,4.7,1.4,287,0,0,0,0.3,0,0,0,-52,-50.3,-15.33,-31.191,0,1.27,9256.1,0:12:53,78.5,0,--.--,354,85,48,0000:00:00,36,0,80,0,40,0,0,4.17,0,0,0,1,53.66,11:42:04,9/22/2023,98.6,48.43,--.--
high,1,947,15.78,15.67,4.05,2423,63.4635,1.8,37.51843017,42:05.4,4.3,3,286,0,0,0,0.3,0,0,0,-52.1,-50.4,-15.35,-31.235,0,1.31,9256.1,0:12:54,77.9,0,--.--,355,84.7,46,0000:00:00,36,0,80,0,40,0,0,4.3,0,0,0,1,63.47,11:42:05,9/22/2023,98.6,48.42,--.--
high,1,948,15.8,15.63,4.86,2425,75.9618,1.88,37.53953067,42:06.4,4.4,1,286,0,0,0,0.4,0,0,0,-52.2,-50.5,-15.38,-31.295,0,1.11,9256.1,0:12:55,77.4,0,--.--,355,84.5,47,0000:00:00,36,0,80,0,40,0,0,3.64,0,0,0,1,75.97,11:42:06,9/22/2023,98.6,48.42,--.--
high,1,949,15.82,15.57,3.33,2426,51.8481,1.71,37.55393292,42:07.4,4.9,2.2,288,0,0,0,0.3,0,0,0,-52.3,-50.6,-15.41,-31.352,0,1.38,9262.7,0:12:56,77,0,--.--,356,84.4,44,0000:00:00,36,0,80,0,40,0,0,4.53,0,0,0,1,51.83,11:42:07,9/22/2023,98.6,48.42,--.--
high,1,950,15.83,15.69,3.4,2427,53.346,1.73,37.56875125,42:08.4,5,0.9,299,0,0,0,0.3,0,0,0,-52.5,-50.7,-15.45,-31.435,0,1.29,9262.7,0:12:57,76.4,0,--.--,357,84.1,45,0000:00:00,36,0,80,0,40,0,0,4.23,0,0,0,1,53.34,11:42:08,9/22/2023,98.6,48.43,--.--
high,1,951,15.85,15.69,3.25,2428,50.9925,1.71,37.58291583,42:09.4,4.9,0.6,314,0,0,0,0.2,0,0,0,-52.6,-50.8,-15.5,-31.518,0,1.2,9262.7,0:12:58,75.7,0,--.--,357,83.6,46,0000:00:00,36,0,80,0,40,0,0,3.94,0,0,0,1,51.01,11:42:09,9/22/2023,98.64,48.42,--.--
high,1,952,15.87,15.69,3.26,2429,51.1494,1.71,37.597124,42:10.4,4.3,1.6,320,0,0,0,0.3,0,0,-0.1,-52.7,-51,-15.54,-31.597,0,1.26,9262.7,0:12:59,75.1,0,--.--,357,83.2,43,0000:00:00,36,0,80,0,40,0,0,4.13,0,0,0,1,51.16,11:42:10,9/22/2023,98.64,48.43,--.--
high,1,953,15.88,15.69,4.38,2430,68.7222,1.84,37.6162135,42:11.4,3.9,2.9,323,0,0,0,0.3,0,0,-0.1,-53,-51.2,-15.62,-31.756,0,1.22,9262.7,0:13:00,74.5,0,--.--,358,82.7,41,0000:00:00,36,0,80,0,40,0,0,4,0,0,0,1,68.71,11:42:11,9/22/2023,98.64,48.42,--.--
high,1,954,15.9,15.67,4.24,2432,66.4408,1.82,37.63466928,42:12.4,4.2,2.5,323,0,0,0,0.2,0,0,-0.1,-53.4,-51.7,-15.76,-32.019,0,1.07,9262.7,0:13:01,73.8,0,--.--,358,82.3,42,0000:00:00,36,0,80,0,40,0,0,3.51,0,0,0,1,66.44,11:42:12,9/22/2023,98.65,48.42,--.--
high,1,955,15.92,15.64,5.19,2433,81.1716,1.91,37.65721694,42:13.4,4.5,2.9,323,0,0,0,0.3,0,0,-0.1,-53.9,-52.1,-15.89,-32.294,0,0.96,9262.7,0:13:02,73.1,0,--.--,358,81.7,46,0000:00:00,36,0,80,0,40,0,0,3.15,0,0,0,1,81.18,11:42:13,9/22/2023,98.65,48.42,--.--
high,1,956,15.93,15.64,5.15,2434,80.546,1.91,37.67959083,42:14.4,5.1,1.8,325,0,0,0,0.3,0,0,0,-54.1,-52.4,-15.97,-32.458,0,0.82,9262.7,0:13:03,72.1,0,--.--,359,80.9,49,0000:00:00,36,0,80,0,40,0,0,2.69,0,0,0,1,80.56,11:42:14,9/22/2023,98.64,48.42,--.--
high,1,957,15.95,15.63,4.81,2436,75.1803,1.88,37.70047425,42:15.4,4.2,-0.4,321,0,0,0,0.3,0,0,0,-54.2,-52.5,-15.99,-32.518,0,0.85,9269.6,0:13:04,71,0,--.--,359,79.9,51,0000:00:00,36,0,80,0,40,0,0,2.79,0,0,0,1,75.2,11:42:15,9/22/2023,98.65,48.42,--.--
high,1,958,15.97,15.58,3.47,2437,54.0626,1.73,37.71549164,42:16.4,3,0.4,307,0,0,0,0.3,0,0,0,-54.2,-52.4,-15.98,-32.497,0,0.77,9269.6,0:13:05,70.1,0,--.--,359,79.3,53,0000:00:00,36,0,80,0,40,0,0,2.53,0,0,0,1,54.07,11:42:16,9/22/2023,98.65,48.43,--.--
high,1,959,15.98,15.6,5.26,2438,82.056,1.91,37.73828497,42:17.4,0.2,2.9,292,0,0,0,0.4,0,0,0.1,-54,-52.2,-15.92,-32.378,0,0.69,9269.6,0:13:06,69.4,0,--.--,360,78.9,54,0000:00:00,36,0,80,0,40,0,0,2.26,0,0,0,1,82.05,11:42:17,9/22/2023,98.65,48.42,--.--
high,1,960,16,15.62,5.68,2442,88.7216,1.95,37.76292986,42:18.4,2.4,0.8,283,0,0,0,0.3,0,0,0.1,-53.8,-52,-15.85,-32.236,0,0.77,9269.6,0:13:07,68.9,0,--.--,1,78.8,50,0000:00:00,36,0,80,0,40,0,0,2.53,0,0,0,1,88.72,11:42:18,9/22/2023,98.67,48.42,--.--
high,1,961,16.02,15.65,6.48,2443,101.412,2.01,37.79109986,42:19.4,2.2,0.8,282,0,0,0,0.4,0,0,0,-53.7,-51.9,-15.82,-32.177,0,0.78,9269.6,0:13:08,68.3,0,--.--,2,78.5,53,0000:00:00,36,0,80,0,40,0,0,2.56,0,0,0,1,101.42,11:42:19,9/22/2023,98.67,48.42,--.--
high,1,962,16.03,15.67,4.3,2445,67.381,1.83,37.80981681,42:20.4,1.6,3.3,280,0,0,0,0.3,0,0,0,-53.6,-51.8,-15.8,-32.138,0,0.8,9269.6,0:13:09,67.8,0,--.--,2,78.3,49,0000:00:00,36,0,80,0,40,0,0,2.62,0,0,0,1,67.36,11:42:20,9/22/2023,98.69,48.42,--.--
high,1,963,16.05,15.68,3.42,2445,53.6256,1.73,37.82471281,42:21.4,2.1,2.7,282,0,0,0,0.2,0,0,0,-53.8,-52,-15.85,-32.233,0,0.76,9276.2,0:13:10,67.4,0,--.--,3,78.1,49,0000:00:00,36,0,80,0,40,0,0,2.49,0,0,0,1,53.62,11:42:21,9/22/2023,98.69,48.42,--.--
high,1,964,16.07,15.68,3.79,2446,59.4272,1.77,37.84122036,42:22.4,2.5,2.7,284,0,0,0,0.2,0,0,0,-53.9,-52.2,-15.92,-32.351,0,0.7,9276.2,0:13:11,67,0,--.--,3,77.9,49,0000:00:00,36,0,80,0,40,0,0,2.3,0,0,0,1,59.42,11:42:22,9/22/2023,98.69,48.42,--.--
high,1,965,16.08,15.67,3.95,2448,61.8965,1.79,37.85841383,42:23.4,2,3.6,284,0,0,0,0.2,0,0,0,-54.1,-52.4,-15.97,-32.472,0,0.71,9276.2,0:13:12,66.7,0,--.--,4,77.8,51,0000:00:00,36,0,80,0,40,0,0,2.33,0,0,0,1,61.9,11:42:23,9/22/2023,98.71,48.43,--.--
high,1,966,16.1,15.64,4.64,2449,72.5696,1.86,37.87857206,42:24.4,2.1,2.3,283,0,0,0,0.3,0,0,0,-54.2,-52.4,-15.98,-32.498,0,0.6,9276.2,0:13:13,66.4,0,--.--,4,77.7,51,0000:00:00,36,0,80,0,40,0,0,1.97,0,0,0,1,72.56,11:42:24,9/22/2023,98.71,48.42,--.--
high,1,967,16.12,15.58,7.48,2451,116.5384,2.07,37.91094383,42:25.4,3,6.4,274,0,0,0,0.3,0,0,0,-54.1,-52.3,-15.94,-32.429,0,0.52,9276.2,0:13:14,65.9,0,--.--,5,77.5,49,0000:00:00,36,0,80,0,40,0,0,1.71,0,0,0,1,116.57,11:42:25,9/22/2023,98.71,48.42,--.--
high,1,968,16.13,15.67,4.11,2452,64.4037,1.81,37.92883375,42:26.4,2.8,4.6,278,0,0,0,0.3,0,0,0,-54,-52.2,-15.91,-32.357,0,0.55,9276.2,0:13:15,65.3,0,--.--,5,77.1,49,0000:00:00,36,0,80,0,40,0,0,1.8,0,0,0,1,64.42,11:42:26,9/22/2023,98.73,48.42,--.--
high,1,969,16.15,15.67,3.83,2453,60.0161,1.78,37.94550489,42:27.4,2.9,6.1,278,0,0,0,0.3,0,0,0,-53.9,-52.1,-15.88,-32.31,0,0.75,9276.2,0:13:16,64.7,0,--.--,6,76.8,49,0000:00:00,36,0,80,0,40,0,0,2.46,0,0,0,1,60.01,11:42:27,9/22/2023,98.73,48.42,--.--
high,1,970,16.17,15.67,3.7,2454,57.979,1.76,37.96161017,42:28.4,3.6,5.6,280,0,0,0,0.2,0,0,0,-53.9,-52.1,-15.89,-32.316,0,0.9,9276.2,0:13:17,64.2,0,--.--,7,76.5,48,0000:00:00,36,0,80,0,40,0,0,2.95,0,0,0,1,57.99,11:42:28,9/22/2023,98.73,48.42,--.--
high,1,971,16.18,15.68,3.31,2455,51.9008,1.72,37.97602706,42:29.4,4.7,4.4,297,0,0,0,0.2,0,0,0,-54,-52.3,-15.93,-32.392,0,0.84,9276.2,0:13:18,63.5,0,--.--,7,76,50,0000:00:00,36,0,80,0,40,0,0,2.76,0,0,0,1,51.91,11:42:29,9/22/2023,98.74,48.42,--.--
high,1,972,16.2,15.69,3.39,2456,53.1891,1.73,37.99080181,42:30.4,5.7,2,324,0,0,0,0.2,0,0,0,-54.1,-52.4,-15.96,-32.456,0,0.79,9282.8,0:13:19,62.8,0,--.--,7,75.4,50,0000:00:00,36,0,80,0,40,0,0,2.59,0,0,0,1,53.18,11:42:30,9/22/2023,98.74,48.43,--.--
high,1,973,16.22,15.51,3.26,2457,50.5626,1.7,38.00484697,42:31.4,3.7,2.2,333,0,0,0,0.2,0,0,0,-54.3,-52.5,-16.01,-32.552,0,0.8,9282.8,0:13:20,62.4,0,--.--,7,73.3,47,0000:00:00,36,0,80,0,40,0,0,2.62,0,0,0,1,50.58,11:42:31,9/22/2023,98.74,48.42,--.--
high,1,974,16.23,15.47,11.8,2459,182.546,2.26,38.05555419,42:32.4,4.5,2.5,315,0,0,0,0.2,0,0,-0.1,-54.5,-52.8,-16.08,-32.693,0,0.8,9282.8,0:13:21,62.2,0,--.--,7,73.2,46,0000:00:00,36,0,80,0,40,0,0,2.62,0,0,0,1,182.61,11:42:32,9/22/2023,98.74,48.42,--.--
high,1,975,16.25,15.58,7.08,2461,110.3064,2.04,38.08619486,42:33.4,4.6,3.1,299,0,0,0,0.2,0,0,-0.1,-54.7,-53,-16.15,-32.821,0,0.73,9282.8,0:13:22,62,0,--.--,8,73.2,49,0000:00:00,36,0,80,0,40,0,0,2.4,0,0,0,1,110.28,11:42:33,9/22/2023,98.74,48.42,--.--
high,1,976,16.27,15.66,4.92,2463,77.0472,1.89,38.10759686,42:34.4,4.9,4.7,298,0,0,0,0.2,0,0,0,-54.8,-53.1,-16.18,-32.895,0,0.65,9282.8,0:13:23,61.6,0,--.--,9,73,49,0000:00:00,36,0,80,0,40,0,0,2.13,0,0,0,1,77.03,11:42:34,9/22/2023,98.74,48.42,--.--
high,1,977,16.28,15.62,4.02,2464,62.7924,1.8,38.12503919,42:35.4,6.1,5,300,0,0,0,0.2,0,0,0,-54.9,-53.1,-16.2,-32.932,0,0.45,9282.8,0:13:24,61,0,--.--,9,74.4,49,0000:00:00,36,0,80,0,40,0,0,1.48,0,0,0,1,62.81,11:42:35,9/22/2023,98.74,48.42,--.--
high,1,978,16.3,15.6,5.66,2465,88.296,1.95,38.14956586,42:36.4,6.1,5.3,298,0,0,0,0.3,0,0,0,-55,-53.2,-16.23,-32.995,0,0.37,9282.8,0:13:25,60.2,0,--.--,9,73.8,51,0000:00:00,36,0,80,0,40,0,0,1.21,0,0,0,1,88.3,11:42:36,9/22/2023,98.76,48.43,--.--
high,1,979,16.32,15.53,10.38,2467,161.2014,2.21,38.19434403,42:37.4,6.2,9.7,299,0,0,0,0.2,0,0,0.1,-55.1,-53.4,-16.27,-33.074,0,0.5,9282.8,0:13:26,59.4,0,--.--,10,73.2,61,0000:00:00,36,0,80,0,40,0,0,1.64,0,0,0,1,161.23,11:42:37,9/22/2023,98.76,48.42,--.--
high,1,980,16.33,15.49,9.87,2470,152.8863,2.18,38.23681244,42:38.4,5.8,6.7,298,0,0,0,0.2,0,0,0,-55.1,-53.3,-16.26,-33.057,0,0.7,9282.8,0:13:27,58.6,0,--.--,10,72.5,58,0000:00:00,41,0,80,0,40,0,0,2.3,0,0,0,1,152.88,11:42:38,9/22/2023,98.76,48.42,--.--
high,1,981,16.35,15.41,10.62,2473,163.6542,2.21,38.28227194,42:39.4,6.1,4.3,300,0,0,0,0.2,0,0,0.1,-55.1,-53.3,-16.25,-33.036,0,0.69,9282.8,0:13:28,57.9,0,--.--,10,71.8,61,0000:00:00,54,0,80,0,40,0,0,2.26,0,0,0,1,163.71,11:42:39,9/22/2023,98.76,48.42,--.--
high,1,982,16.37,15.35,16.26,2477,249.591,2.4,38.35160278,42:40.4,6.4,6.6,296,0,0,0,0.2,0,0,0.1,-54.8,-53,-16.15,-32.854,0,0.82,9282.8,0:13:29,57.1,0,--.--,10,71,66,0000:00:00,64,0,80,0,40,0,0,2.69,0,0,0,1,249.53,11:42:40,9/22/2023,98.76,48.42,--.--
high,1,983,16.38,15.2,20.26,2482,307.952,2.49,38.437145,42:41.4,5.2,5.8,289,0,0,0,0.2,0,0,0.3,-54,-52.3,-15.91,-32.414,0,1.04,9289.5,0:13:30,56.5,0,--.--,10,68.5,68,0000:00:00,64,0,80,0,40,0,0,3.41,0,0,0,1,307.99,11:42:41,9/22/2023,98.76,48.42,--.--
high,1,984,16.4,15.32,13.63,2487,208.8116,2.32,38.49514822,42:42.4,8.6,0,290,0,0,0,0.3,0,0,0.1,-53.2,-51.5,-15.68,-31.931,0,1.24,9289.5,0:13:31,55.7,0,--.--,10,68,60,0000:00:00,64,0,80,0,40,0,0,4.07,0,0,0,1,208.76,11:42:42,9/22/2023,98.8,48.38,--.--
high,1,985,16.42,15.3,15.36,2491,235.008,2.37,38.56042822,42:43.4,8.1,3.6,287,0,0,0,0.4,0,0,0.2,-52.6,-50.8,-15.48,-31.532,0,1.1,9289.5,0:13:32,54.8,0,--.--,11,67.2,60,0000:00:00,53,0,80,0,40,0,0,3.61,0,0,0,1,235.08,11:42:43,9/22/2023,98.76,48.38,--.--
high,1,986,16.43,15.44,10.05,2496,155.172,2.19,38.60353156,42:44.4,5.8,6,275,0,0,0,0.3,0,0,0.2,-52,-50.3,-15.31,-31.191,0,1.11,9289.5,0:13:33,53.6,0,--.--,12,68.5,60,0000:00:00,46,0,80,0,40,0,0,3.64,0,0,0,1,155.15,11:42:44,9/22/2023,98.8,48.38,--.--
high,1,987,16.45,15.48,7.14,2498,110.5272,2.04,38.63423356,42:45.4,2.5,6.8,254,0,0,0,0.2,0,0,0.2,-51.5,-49.8,-15.16,-30.877,0,1.21,9289.5,0:13:34,53.1,0,--.--,13,68.3,58,0000:00:00,46,0,80,0,40,0,0,3.97,0,0,0,1,110.5,11:42:45,9/22/2023,98.8,48.38,--.--
high,1,988,16.47,15.57,13.7,2500,213.309,2.33,38.69348606,42:46.4,6.5,0.3,273,0,0,0,0.3,0,0,0.1,-51.3,-49.6,-15.11,-30.756,0,1.14,9289.5,0:13:35,52.4,0,--.--,13,67.8,58,0000:00:00,46,0,80,0,40,0,0,3.74,0,0,0,1,213.31,11:42:46,9/22/2023,98.82,48.38,--.--
high,1,989,16.48,15.55,5.27,2503,81.9485,1.91,38.71624953,42:47.4,6.1,3.6,288,0,0,0,0.3,0,0,0.1,-51.1,-49.3,-15.03,-30.614,0,1.05,9296.4,0:13:36,51.1,0,--.--,14,66.8,64,0000:00:00,46,0,80,0,40,0,0,3.44,0,0,0,1,81.94,11:42:47,9/22/2023,98.82,48.36,--.--
high,1,990,16.5,15.42,10.24,2506,157.9008,2.2,38.76011086,42:48.4,5,3.2,301,0,0,0,0.2,0,0,0.2,-50.6,-48.8,-14.86,-30.291,0,1.12,9296.4,0:13:37,50.3,0,--.--,14,66.1,64,0000:00:00,46,0,80,0,40,0,0,3.67,0,0,0,1,157.86,11:42:48,9/22/2023,98.82,48.38,--.--
high,1,991,16.52,15.47,6.93,2508,107.2071,2.03,38.78989061,42:49.4,4.2,1.4,309,0,0,0,0.3,0,0,0.1,-49.8,-48.1,-14.64,-29.837,0,1.35,9296.4,0:13:38,49.6,0,--.--,15,65.6,50,0000:00:00,46,0,80,0,40,0,0,4.43,0,0,0,1,107.21,11:42:49,9/22/2023,98.82,48.38,--.--
high,1,992,16.53,15.45,9.75,2511,150.6375,2.18,38.83173436,42:50.4,4,-2.1,306,0,0,0,0.4,0,0,0,-49.5,-47.7,-14.54,-29.618,0,1.26,9296.4,0:13:39,48.8,0,--.--,15,65.2,49,0000:00:00,46,0,80,0,40,0,0,4.13,0,0,0,1,150.62,11:42:50,9/22/2023,98.82,48.36,--.--
high,1,993,16.55,15.61,3.66,2513,57.1326,1.76,38.84760453,42:51.4,2,1.6,312,0,0,0,0.3,0,0,0,-49.3,-47.6,-14.49,-29.531,0,1.17,9296.4,0:13:40,47.9,0,--.--,17,62.3,50,0000:00:00,46,0,80,0,40,0,0,3.84,0,0,0,1,57.13,11:42:51,9/22/2023,98.82,48.36,--.--
high,1,994,16.57,15.5,7.36,2514,114.08,2.06,38.87929342,42:52.4,-0.3,3.7,300,0,0,0,0.3,0,0,0,-49.2,-47.5,-14.47,-29.478,0,1.17,9296.4,0:13:41,47.3,0,--.--,18,62,48,0000:00:00,46,0,80,0,40,0,0,3.84,0,0,0,1,114.11,11:42:52,9/22/2023,98.82,48.36,--.--
high,1,995,16.58,15.58,5.28,2516,82.2624,1.92,38.90214408,42:53.4,4.6,1.2,289,0,0,0,0.3,0,0,0,-49.3,-47.5,-14.48,-29.499,0,1.15,9296.4,0:13:42,47.2,0,--.--,19,62.2,49,0000:00:00,46,0,80,0,40,0,0,3.77,0,0,0,1,82.25,11:42:53,9/22/2023,98.82,48.36,--.--
high,1,996,16.6,15.61,3.72,2517,58.0692,1.76,38.91827442,42:54.4,5.4,0.6,292,0,0,0,0.3,0,0,0,-49.2,-47.5,-14.47,-29.477,0,1.3,9303,0:13:43,47.1,0,--.--,20,62.3,49,0000:00:00,46,0,80,0,40,0,0,4.27,0,0,0,1,58.08,11:42:54,9/22/2023,98.83,48.36,--.--
high,1,997,16.62,15.58,4.73,2518,73.6934,1.87,38.93874481,42:55.4,4.3,4.2,288,0,0,0,0.4,0,0,0,-49.1,-47.4,-14.44,-29.413,0,1.43,9303,0:13:44,46.7,0,--.--,21,64.8,49,0000:00:00,46,0,80,0,40,0,0,4.69,0,0,0,1,73.71,11:42:55,9/22/2023,98.83,48.36,--.--
high,1,998,16.63,15.62,3.82,2519,59.6684,1.78,38.95531936,42:56.4,4.6,1.6,288,0,0,0,0.3,0,0,0,-49.1,-47.4,-14.44,-29.4,0,1.43,9303,0:13:45,46.3,0,--.--,22,64.9,48,0000:00:00,46,0,80,0,40,0,0,4.69,0,0,0,1,59.68,11:42:56,9/22/2023,98.83,48.36,--.--
high,1,999,16.65,15.6,4.19,2521,65.364,1.82,38.97347603,42:57.4,5.2,3.4,288,0,0,0,0.3,0,0,0,-49.2,-47.4,-14.46,-29.44,0,1.61,9303,0:13:46,45.9,0,--.--,23,64.8,49,0000:00:00,46,0,80,0,40,0,0,5.28,0,0,0,1,65.38,11:42:57,9/22/2023,98.83,48.36,--.--
high,1,1000,16.67,15.6,4.8,2522,74.88,1.87,38.99427603,42:58.4,4.9,3.2,288,0,0,0,0.4,0,0,0,-49.2,-47.5,-14.47,-29.473,0,1.6,9303,0:13:47,45.4,0,--.--,25,64.7,48,0000:00:00,46,0,80,0,40,0,0,5.25,0,0,0,1,74.86,11:42:58,9/22/2023,98.85,48.36,--.--
high,1,1001,16.68,15.55,6.39,2523,99.3645,2,39.02187728,42:59.4,4.2,0.7,288,0,0,0,0.4,0,0,0,-49.3,-47.5,-14.49,-29.513,0,1.59,9303,0:13:48,44.9,0,--.--,26,64.6,49,0000:00:00,46,0,80,0,40,0,0,5.22,0,0,0,1,99.4,11:42:59,9/22/2023,98.85,48.36,--.--
high,1,1002,16.7,15.56,6.23,2525,96.9388,1.99,39.04880472,43:00.4,3.4,0.9,289,0,0,0,0.4,0,0,0,-49.3,-47.6,-14.5,-29.531,0,1.48,9309.9,0:13:49,44.4,0,--.--,28,64.5,49,0000:00:00,55,0,80,0,40,0,0,4.86,0,0,0,1,96.97,11:43:00,9/22/2023,98.85,48.36,--.--
high,1,1003,16.72,15.56,4.56,2527,70.9536,1.85,39.06851406,43:01.4,3.1,0.7,289,0,0,0,0.4,0,0,0,-49.3,-47.5,-14.49,-29.513,0,1.31,9309.9,0:13:50,44,0,--.--,30,64.5,50,0000:00:00,55,0,80,0,40,0,0,4.3,0,0,0,1,70.94,11:43:01,9/22/2023,98.87,48.36,--.--
high,1,1004,16.73,15.61,4.42,2528,68.9962,1.84,39.08767967,43:02.4,4,3.2,284,0,0,0,0.4,0,0,0,-49.3,-47.5,-14.48,-29.495,0,1.26,9309.9,0:13:51,43.7,0,--.--,31,64.6,53,0000:00:00,55,0,80,0,40,0,0,4.13,0,0,0,1,68.99,11:43:02,9/22/2023,98.87,48.36,--.--
high,1,1005,16.75,15.4,13.33,2530,205.282,2.31,39.14470244,43:03.4,2.4,2.1,259,0,0,0,0.4,0,0,0,-49.3,-47.5,-14.49,-29.497,0,1.27,9309.9,0:13:52,43.5,0,--.--,33,64.9,49,0000:00:00,55,0,80,0,40,0,0,4.17,0,0,0,1,205.3,11:43:03,9/22/2023,98.87,48.36,--.--
high,1,1006,16.77,15.49,5.35,2533,82.8715,1.92,39.16772231,43:04.4,2.2,2.1,246,0,0,0,0.3,0,0,0,-49.4,-47.7,-14.54,-29.599,0,1.17,9309.9,0:13:53,43.5,0,--.--,34,65.2,50,0000:00:00,55,0,80,0,40,0,0,3.84,0,0,0,1,82.87,11:43:04,9/22/2023,98.87,48.36,--.--
high,1,1007,16.78,15.5,10.33,2535,160.115,2.2,39.21219869,43:05.4,3.3,2.2,270,0,0,0,0.2,0,0,0,-49.6,-47.8,-14.58,-29.679,0,1.29,9309.9,0:13:54,43.4,0,--.--,36,65.4,52,0000:00:00,55,0,80,0,40,0,0,4.23,0,0,0,1,160.13,11:43:05,9/22/2023,98.89,48.36,--.--
high,1,1008,16.8,15.44,9.91,2537,153.0104,2.18,39.25470158,43:06.4,2.8,3.4,281,0,0,0,0.4,0,0,0,-49.7,-47.9,-14.62,-29.74,0,1.33,9316.9,0:13:55,43,0,--.--,37,65.3,49,0000:00:00,55,0,80,0,40,0,0,4.36,0,0,0,1,153.05,11:43:06,9/22/2023,98.89,48.36,--.--
high,1,1009,16.82,15.48,9.16,2539,141.7968,2.15,39.29408958,43:07.4,4.2,4,296,0,0,0,0.5,0,0,-0.1,-49.9,-48.2,-14.7,-29.914,0,1.32,9316.9,0:13:56,42.7,0,--.--,39,65.4,48,0000:00:00,55,0,80,0,40,0,0,4.33,0,0,0,1,141.79,11:43:07,9/22/2023,98.89,48.36,--.--
high,1,1010,16.83,15.38,11.37,2542,174.8706,2.24,39.34266475,43:08.4,3.1,4.5,296,0,0,0,0.5,0,0,-0.1,-50.2,-48.4,-14.77,-30.054,0,1.26,9316.9,0:13:57,42.5,0,--.--,41,65.5,48,0000:00:00,55,0,80,0,40,0,0,4.13,0,0,0,1,174.85,11:43:08,9/22/2023,98.89,48.36,--.--
high,1,1011,16.85,15.45,9.94,2545,153.573,2.19,39.38532392,43:09.4,3,4.2,293,0,0,0,0.5,0,0,-0.1,-50.4,-48.6,-14.83,-30.178,0,1.09,9316.9,0:13:58,42.3,0,--.--,43,65.7,46,0000:00:00,55,0,80,0,40,0,0,3.58,0,0,0,1,153.56,11:43:09,9/22/2023,98.89,48.36,--.--
high,1,1012,16.87,15.45,9.95,2548,153.7275,2.19,39.428026,43:10.4,3,4.4,291,0,0,0,0.5,0,0,0,-50.5,-48.8,-14.88,-30.274,0,1.11,9323.5,0:13:59,42,0,--.--,46,65.9,45,0000:00:00,55,0,80,0,40,0,0,3.64,0,0,0,1,153.72,11:43:10,9/22/2023,98.89,48.36,--.--
high,1,1013,16.88,15.45,9.63,2551,148.7835,2.17,39.46935475,43:11.4,2.7,5.1,288,0,0,0,0.5,0,0,0,-50.7,-48.9,-14.92,-30.355,0,1.3,9323.5,0:14:00,41.9,0,--.--,48,66.1,47,0000:00:00,55,0,80,0,40,0,0,4.27,0,0,0,1,148.8,11:43:11,9/22/2023,98.89,48.36,--.--
high,1,1014,16.9,15.47,8.59,2553,132.8873,2.12,39.50626789,43:12.4,2.4,5.3,289,0,0,0,0.5,0,0,0,-50.8,-49,-14.96,-30.433,0,1.23,9323.5,0:14:01,41.9,0,--.--,50,66.5,45,0000:00:00,55,0,80,0,40,0,0,4.04,0,0,0,1,132.9,11:43:12,9/22/2023,98.89,48.36,--.--
high,1,1015,16.92,15.46,8.8,2556,136.048,2.13,39.544059,43:13.4,2.4,6.1,289,0,0,0,0.5,0,0,0,-50.9,-49.1,-14.99,-30.499,0,1.3,9323.5,0:14:02,42.1,0,--.--,52,66.9,43,0000:00:00,55,0,80,0,40,0,0,4.27,0,0,0,1,136.08,11:43:13,9/22/2023,98.92,48.36,--.--
high,1,1016,16.93,15.47,8.78,2558,135.8266,2.13,39.58178861,43:14.4,2.5,6.3,289,0,0,0,0.4,0,0,-0.1,-51.1,-49.3,-15.05,-30.613,0,1.26,9323.5,0:14:03,42.4,0,--.--,54,67.5,41,0000:00:00,55,0,80,0,40,0,0,4.13,0,0,0,1,135.83,11:43:14,9/22/2023,98.92,48.36,--.--
high,1,1017,16.95,15.45,9.36,2560,144.612,2.16,39.62195861,43:15.4,2.5,6.5,289,0,0,0,0.4,0,0,-0.2,-51.5,-49.7,-15.19,-30.842,0,1.3,9330.3,0:14:04,42.7,0,--.--,56,68,39,0000:00:00,55,0,80,0,40,0,0,4.27,0,0,0,1,144.6,11:43:15,9/22/2023,98.92,48.36,--.--
high,1,1018,16.97,15.44,8.91,2563,137.5704,2.14,39.66017261,43:16.4,2.9,7.6,292,0,0,0,0.3,0,0,-0.1,-52.1,-50.3,-15.36,-31.198,0,1.19,9330.3,0:14:05,43,0,--.--,57,68.5,44,0000:00:00,55,0,80,0,40,0,0,3.9,0,0,0,1,137.58,11:43:16,9/22/2023,98.92,48.36,--.--
high,1,1019,16.98,15.48,9.65,2566,149.382,2.17,39.70166761,43:17.4,4.5,4.2,307,0,0,0,0.3,0,0,0,-52.4,-50.6,-15.44,-31.394,0,1.13,9330.3,0:14:06,43.4,0,--.--,59,69,48,0000:00:00,55,0,80,0,40,0,0,3.71,0,0,0,1,149.39,11:43:17,9/22/2023,98.92,48.36,--.--
high,1,1020,17,15.41,9.65,2568,148.7065,2.17,39.74297497,43:18.4,3,3.2,306,0,0,0,0.4,0,0,0,-52.4,-50.6,-15.42,-31.39,0,1.06,9330.3,0:14:07,44.1,0,--.--,60,69.8,48,0000:00:00,55,0,80,0,40,0,0,3.48,0,0,0,1,148.74,11:43:18,9/22/2023,98.92,48.36,--.--
high,1,1021,17.02,15.44,7.38,2571,113.9472,2.06,39.77462697,43:19.4,4.5,1.1,306,0,0,0,0.4,0,0,0,-52.3,-50.5,-15.4,-31.337,0,1.09,9330.3,0:14:08,44.9,0,--.--,61,70.7,49,0000:00:00,55,0,80,0,40,0,0,3.58,0,0,0,1,113.93,11:43:19,9/22/2023,98.92,48.36,--.--
high,1,1022,17.03,15.47,8.2,2573,126.854,2.1,39.80986419,43:20.4,3.9,3.2,306,0,0,0,0.4,0,0,0,-52.3,-50.5,-15.39,-31.32,0,1.21,9330.3,0:14:09,45.4,0,--.--,62,71.3,49,0000:00:00,55,0,80,0,40,0,0,3.97,0,0,0,1,126.87,11:43:20,9/22/2023,98.96,48.36,--.--
high,1,1023,17.05,15.48,8.21,2575,127.0908,2.1,39.84516719,43:21.4,3.8,4.3,305,0,0,0,0.4,0,0,0,-52.2,-50.5,-15.37,-31.291,0,1.05,9337.1,0:14:10,45.6,0,--.--,64,71.6,49,0000:00:00,55,0,80,0,40,0,0,3.44,0,0,0,1,127.13,11:43:21,9/22/2023,98.96,48.36,--.--
high,1,1024,17.07,15.49,5.56,2577,86.1244,1.94,39.86909064,43:22.4,4.2,2.5,304,0,0,0,0.3,0,0,0,-52.2,-50.4,-15.36,-31.257,0,0.87,9337.1,0:14:11,45.8,0,--.--,66,71.9,49,0000:00:00,55,0,80,0,40,0,0,2.85,0,0,0,1,86.11,11:43:22,9/22/2023,98.98,48.36,--.--
high,1,1025,17.08,15.6,3.52,2579,54.912,1.74,39.88434397,43:23.4,4.9,2.8,305,0,0,0,0.3,0,0,0,-52.2,-50.4,-15.36,-31.257,0,0.96,9337.1,0:14:12,45.9,0,--.--,67,72.1,49,0000:00:00,55,0,80,0,40,0,0,3.15,0,0,0,1,54.93,11:43:23,9/22/2023,98.98,48.36,--.--
high,1,1026,17.1,15.49,8.3,2581,128.567,2.11,39.92005703,43:24.4,4.6,4.5,305,0,0,0,0.3,0,0,0,-52.2,-50.4,-15.37,-31.273,0,1.02,9337.1,0:14:13,46.3,0,--.--,68,72.6,49,0000:00:00,55,0,80,0,40,0,0,3.35,0,0,0,1,128.53,11:43:24,9/22/2023,98.98,48.36,--.--
high,1,1027,17.12,15.45,11.33,2583,175.0485,2.24,39.96868161,43:25.4,2.9,10.4,280,0,0,0,0.2,0,0,0,-52.2,-50.4,-15.37,-31.277,0,1.2,9337.1,0:14:14,46.5,0,--.--,69,72.9,49,0000:00:00,55,0,80,0,40,0,0,3.94,0,0,0,1,175.07,11:43:25,9/22/2023,98.98,48.36,--.--
high,1,1028,17.13,15.5,5.61,2585,86.955,1.94,39.99283578,43:26.4,0.1,0.2,257,0,0,0,0.2,0,0,0,-52.3,-50.6,-15.41,-31.354,0,1.15,9337.1,0:14:15,47,0,--.--,70,73.4,56,0000:00:00,55,0,80,0,40,0,0,3.77,0,0,0,1,86.94,11:43:26,9/22/2023,99,48.36,--.--
high,1,1029,17.15,15.29,6.41,2588,98.0089,1.99,40.02006047,43:27.5,-1.6,5,231,0,0,0,0.2,0,0,0.1,-52.1,-50.3,-15.32,-31.21,0,1.18,9337.1,0:14:16,47.2,0,--.--,70,69.8,58,0000:00:00,55,0,80,0,40,0,0,3.87,0,0,0,1,97.98,11:43:27,9/22/2023,99,48.36,--.--
high,1,1030,17.17,15.49,6,2590,92.94,1.97,40.04587714,43:28.4,-2.3,1.6,225,0,0,0,0.2,0,0,0.1,-51.7,-49.9,-15.19,-30.955,0,1.3,9343.7,0:14:17,47.5,0,--.--,71,70,46,0000:00:00,55,0,80,0,40,0,0,4.27,0,0,0,1,92.93,11:43:28,9/22/2023,99.01,48.36,--.--
high,1,1031,17.18,15.32,14.92,2592,228.5744,2.36,40.10937003,43:29.4,0.2,4.2,256,0,0,0,0.2,0,0,0,-51.5,-49.7,-15.15,-30.856,0,1.27,9343.7,0:14:18,47.7,0,--.--,72,74.2,50,0000:00:00,55,0,80,0,40,0,0,4.17,0,0,0,1,228.59,11:43:29,9/22/2023,99.01,48.36,--.--
high,1,1032,17.2,15.58,3.61,2593,56.2438,1.75,40.12499331,43:30.5,2.2,5.9,282,0,0,0,0.3,0,0,0,-51.5,-49.7,-15.17,-30.855,0,1.32,9343.7,0:14:19,47.8,0,--.--,73,74.3,49,0000:00:00,55,0,80,0,40,0,0,4.33,0,0,0,1,56.26,11:43:30,9/22/2023,99.03,48.36,--.--
high,1,1033,17.22,15.48,3.33,2595,51.5484,1.71,40.13931231,43:31.4,2.3,6.7,295,0,0,0,0.2,0,0,0,-51.6,-49.9,-15.21,-30.934,0,1.45,9343.7,0:14:20,48,0,--.--,74,74.5,46,0000:00:00,55,0,80,0,40,0,0,4.76,0,0,0,1,51.55,11:43:31,9/22/2023,99.03,48.36,--.--
high,1,1034,17.23,15.6,3.57,2596,55.692,1.75,40.15478231,43:32.4,4.6,3.8,314,0,0,0,0.2,0,0,0,-51.8,-50,-15.25,-31.036,0,1.48,9343.7,0:14:21,47.9,0,--.--,74,74.5,49,0000:00:00,55,0,80,0,40,0,0,4.86,0,0,0,1,55.7,11:43:32,9/22/2023,99.03,48.36,--.--
high,1,1035,17.25,15.43,9.48,2598,146.2764,2.17,40.19541464,43:33.4,3,6.4,307,0,0,0,0.4,0,0,0,-51.8,-50,-15.24,-31.031,0,1.39,9343.7,0:14:22,48.2,0,--.--,75,74.8,47,0000:00:00,55,0,80,0,40,0,0,4.56,0,0,0,1,146.31,11:43:33,9/22/2023,99.03,48.36,--.--
high,1,1036,17.27,15.41,10.66,2601,164.2706,2.22,40.24104536,43:34.5,3.2,3.4,307,0,0,0,0.4,0,0,0,-51.7,-50,-15.22,-30.99,0,1.51,9343.7,0:14:23,48.7,0,--.--,76,75.4,48,0000:00:00,55,0,80,0,40,0,0,4.95,0,0,0,1,164.29,11:43:34,9/22/2023,99.03,48.36,--.--
high,1,1037,17.28,15.44,9.13,2603,140.9672,2.15,40.28020292,43:35.4,3.3,3.9,308,0,0,0,0.4,0,0,0,-51.6,-49.9,-15.2,-30.939,0,1.51,9343.7,0:14:24,49.3,0,--.--,78,75.9,48,0000:00:00,55,0,80,0,40,0,0,4.95,0,0,0,1,140.94,11:43:35,9/22/2023,99.05,48.36,--.--
high,1,1038,17.3,15.5,7.47,2606,115.785,2.06,40.31236542,43:36.4,3.8,5,307,0,0,0,0.4,0,0,0,-51.6,-49.8,-15.18,-30.897,0,1.36,9350.7,0:14:25,49.9,0,--.--,79,76.5,49,0000:00:00,55,0,80,0,40,0,0,4.46,0,0,0,1,115.76,11:43:36,9/22/2023,99.05,48.36,--.--
high,1,1039,17.32,15.5,7.01,2608,108.655,2.04,40.34254736,43:37.4,3.2,4.9,307,0,0,0,0.4,0,0,0,-51.6,-49.9,-15.21,-30.933,0,1.16,9350.7,0:14:26,50.5,0,--.--,81,77.2,45,0000:00:00,55,0,80,0,40,0,0,3.81,0,0,0,1,108.68,11:43:37,9/22/2023,99.05,48.36,--.--
high,1,1040,17.33,15.46,9.7,2610,149.962,2.18,40.38420347,43:38.4,5.2,5.6,327,0,0,0,0.2,0,0,0,-51.9,-50.1,-15.29,-31.081,0,0.91,9350.7,0:14:27,50.8,0,--.--,82,77.4,49,0000:00:00,60,0,80,0,40,0,0,2.99,0,0,0,1,150,11:43:38,9/22/2023,99.05,48.36,--.--
high,1,1041,17.35,15.6,3.51,2611,54.756,1.74,40.39941347,43:39.5,3.9,4.3,324,0,0,0,0.1,0,0,-0.1,-52.2,-50.4,-15.39,-31.278,0,0.79,9350.7,0:14:28,50.9,0,--.--,83,77.5,48,0000:00:00,74,0,80,0,40,0,0,2.59,0,0,0,1,54.75,11:43:39,9/22/2023,99.05,48.36,--.--
high,1,1042,17.37,15.6,3.74,2612,58.344,1.77,40.41562014,43:40.5,4.3,4.9,323,0,0,0,0.1,0,0,0,-52.4,-50.7,-15.46,-31.432,0,0.8,9350.7,0:14:29,51.2,0,--.--,83,77.8,50,0000:00:00,74,0,80,0,40,0,0,2.62,0,0,0,1,58.36,11:43:40,9/22/2023,99.05,48.36,--.--
high,1,1043,17.38,15.45,6.81,2614,105.2145,2.02,40.44484639,43:41.5,3.9,5.4,322,0,0,0,0.3,0,0,0,-52.6,-50.8,-15.49,-31.499,0,0.76,9350.7,0:14:30,51.4,0,--.--,83,78,50,0000:00:00,74,0,80,0,40,0,0,2.49,0,0,0,1,105.18,11:43:41,9/22/2023,99.05,48.36,--.--
high,1,1044,17.4,15.48,8.16,2616,126.3168,2.1,40.47993439,43:42.5,4.8,6.1,322,0,0,0,0.2,0,0,0,-52.5,-50.8,-15.48,-31.493,0,0.59,9350.7,0:14:31,51.4,0,--.--,84,78,49,0000:00:00,74,0,80,0,40,0,0,1.94,0,0,0,1,126.31,11:43:42,9/22/2023,99.09,48.36,--.--
high,1,1045,17.42,15.44,8.53,2618,131.7032,2.12,40.51651861,43:43.5,5.3,4.9,322,0,0,0,0.2,0,0,0,-52.6,-50.8,-15.49,-31.499,0,0.53,9350.7,0:14:32,51.3,0,--.--,85,77.9,49,0000:00:00,74,0,80,0,40,0,0,1.74,0,0,0,1,131.69,11:43:43,9/22/2023,99.09,48.36,--.--
high,1,1046,17.43,15.41,9.88,2621,152.2508,2.18,40.5588105,43:44.5,6.2,5.9,323,0,0,0,0.2,0,0,0,-52.6,-50.8,-15.5,-31.531,0,0.56,9357.5,0:14:33,51.1,0,--.--,86,77.6,47,0000:00:00,74,0,80,0,40,0,0,1.84,0,0,0,1,152.3,11:43:44,9/22/2023,99.09,48.36,--.--
high,1,1047,17.45,15.34,15.64,2624,239.9176,2.38,40.62545428,43:45.5,4.6,9.1,321,0,0,0,0.2,0,0,-0.1,-52.8,-51,-15.58,-31.653,0,1.08,9357.5,0:14:34,50.6,0,--.--,87,77.1,43,0000:00:00,74,0,80,0,40,0,0,3.54,0,0,0,1,239.95,11:43:45,9/22/2023,99.09,48.36,--.--
high,1,1048,17.47,15.29,14.3,2629,218.647,2.34,40.68618956,43:46.5,3.7,7.7,318,0,0,0,0.2,0,0,-0.1,-53.2,-51.4,-15.7,-31.878,0,1.02,9357.5,0:14:35,50,0,--.--,87,76.5,45,0000:00:00,74,0,80,0,40,0,0,3.35,0,0,0,1,218.7,11:43:46,9/22/2023,99.1,48.36,--.--
high,1,1049,17.48,15.25,15.5,2633,236.375,2.37,40.75184928,43:47.5,3.1,8.4,311,0,0,0,0.2,0,0,-0.1,-53.5,-51.8,-15.8,-32.101,0,1.36,9357.5,0:14:36,49.2,0,--.--,87,75.7,45,0000:00:00,74,0,80,0,40,0,0,4.46,0,0,0,1,236.41,11:43:47,9/22/2023,99.1,48.36,--.--
high,1,1050,17.5,15.28,13.96,2637,213.3088,2.33,40.81110172,43:48.5,4.6,7.7,306,0,0,0,0.2,0,0,-0.1,-53.9,-52.1,-15.91,-32.315,0,1.3,9357.5,0:14:37,48.6,0,--.--,87,75.1,47,0000:00:00,74,0,80,0,40,0,0,4.27,0,0,0,1,213.31,11:43:48,9/22/2023,99.1,48.36,--.--
high,1,1051,17.52,15.25,15.11,2641,230.4275,2.36,40.87510936,43:49.5,4,7.6,300,0,0,0,0.2,0,0,-0.1,-54.2,-52.5,-16.01,-32.52,0,1.41,9357.5,0:14:38,47.9,0,--.--,87,74.4,49,0000:00:00,74,0,80,0,40,0,0,4.63,0,0,0,1,230.38,11:43:49,9/22/2023,99.12,48.36,--.--
high,1,1052,17.53,15.31,13.86,2645,212.1966,2.33,40.93405286,43:50.5,2.6,4.5,300,0,0,0,0.1,0,0,0,-54.5,-52.7,-16.07,-32.674,0,1.26,9357.5,0:14:39,47.2,0,--.--,88,73.7,51,0000:00:00,74,0,80,0,40,0,0,4.13,0,0,0,1,212.18,11:43:50,9/22/2023,99.12,48.36,--.--
high,1,1053,17.55,15.36,11.08,2647,170.1888,2.23,40.98132753,43:51.5,0.8,3,296,0,0,0,0.2,0,0,0,-54.5,-52.8,-16.07,-32.679,0,1.29,9357.5,0:14:40,46.7,0,--.--,88,73.2,53,0000:00:00,74,0,80,0,40,0,0,4.23,0,0,0,1,170.2,11:43:51,9/22/2023,99.12,48.36,--.--
high,1,1054,17.57,15.41,8.74,2650,134.6834,2.13,41.01873958,43:52.5,2.1,6.8,293,0,0,0,0.3,0,0,0,-54.3,-52.5,-15.99,-32.538,0,1.36,9357.5,0:14:41,46.8,0,--.--,89,73.2,50,0000:00:00,74,0,80,0,40,0,0,4.46,0,0,0,1,134.73,11:43:52,9/22/2023,99.14,48.36,--.--
high,1,1055,17.58,15.48,6.46,2652,100.0008,2,41.04651758,43:53.5,0.3,5.4,293,0,0,0,0.3,0,0,0,-54.1,-52.4,-15.97,-32.474,0,1.44,9357.5,0:14:42,47.4,0,--.--,90,73.7,50,0000:00:00,74,0,80,0,40,0,0,4.72,0,0,0,1,99.99,11:43:53,9/22/2023,99.14,48.36,--.--
high,1,1056,17.6,15.53,5.21,2653,80.9113,1.91,41.06899294,43:54.5,0.8,4.9,298,0,0,0,0.2,0,0,0,-54.2,-52.5,-16,-32.519,0,1.39,9357.5,0:14:43,47.9,0,--.--,91,70.1,50,0000:00:00,74,0,80,0,40,0,0,4.56,0,0,0,1,80.91,11:43:54,9/22/2023,99.16,48.36,--.--
high,1,1057,17.62,15.53,4.91,2655,76.2523,1.88,41.09017414,43:55.5,1,5.7,298,0,0,0,0.2,0,0,-0.1,-54.4,-52.7,-16.07,-32.654,0,1.38,9357.5,0:14:44,48.4,0,--.--,92,70.6,49,0000:00:00,74,0,80,0,40,0,0,4.53,0,0,0,1,76.24,11:43:55,9/22/2023,99.16,48.36,--.--
high,1,1058,17.63,15.54,4.19,2656,65.1126,1.81,41.10826097,43:56.5,1.2,11.3,299,0,0,0,0.2,0,0,-0.2,-54.7,-53,-16.18,-32.835,0,1.33,9357.5,0:14:45,48.9,0,--.--,92,75.1,39,0000:00:00,74,0,80,0,40,0,0,4.36,0,0,0,1,65.13,11:43:56,9/22/2023,99.16,48.36,--.--
high,1,1059,17.65,15.56,4.28,2658,66.5968,1.82,41.12676008,43:57.5,1.9,5.1,297,0,0,0,0.1,0,0,-0.1,-55.2,-53.4,-16.32,-33.132,0,1.18,9357.5,0:14:46,49.4,0,--.--,93,75.6,49,0000:00:00,74,0,80,0,40,0,0,3.87,0,0,0,1,66.59,11:43:57,9/22/2023,99.18,48.36,--.--
high,1,1060,17.67,15.57,3.94,2659,61.3458,1.79,41.14380058,43:58.5,2.1,5.8,297,0,0,0,0.1,0,0,-0.1,-55.6,-53.8,-16.43,-33.357,0,1.05,9357.5,0:14:47,49.8,0,--.--,93,75.9,49,0000:00:00,74,0,80,0,40,0,0,3.44,0,0,0,1,61.34,11:43:58,9/22/2023,99.16,48.36,--.--
high,1,1061,17.68,15.56,4.19,2660,65.1964,1.81,41.16191069,43:59.5,1.9,5.3,297,0,0,0,0.1,0,0,-0.1,-55.8,-54.1,-16.49,-33.496,0,1.04,9357.5,0:14:48,50.1,0,--.--,93,76.3,49,0000:00:00,74,0,80,0,40,0,0,3.41,0,0,0,1,65.22,11:43:59,9/22/2023,99.18,48.38,--.--
high,1,1062,17.7,15.57,3.7,2661,57.609,1.76,41.17791319,44:00.5,2.1,5.6,296,0,0,0,0.1,0,0,0,-56,-54.2,-16.54,-33.594,0,0.98,9357.5,0:14:49,50.4,0,--.--,93,76.6,49,0000:00:00,74,0,80,0,40,0,0,3.22,0,0,0,1,57.59,11:44:00,9/22/2023,99.18,48.36,--.--
high,1,1063,17.72,15.57,4.05,2662,63.0585,1.8,41.19542944,44:01.5,1.5,2.3,294,0,0,0,0.2,0,0,-0.1,-56.1,-54.3,-16.57,-33.66,0,0.93,9357.5,0:14:50,50.6,0,--.--,93,76.8,50,0000:00:00,74,0,80,0,40,0,0,3.05,0,0,0,1,63.05,11:44:01,9/22/2023,99.18,48.36,--.--
high,1,1064,17.73,15.54,4.71,2665,73.1934,1.86,41.21576094,44:02.5,1.9,6.3,297,0,0,0,0.1,0,0,0,-56.1,-54.4,-16.56,-33.673,0,0.89,9357.5,0:14:51,50.5,0,--.--,92,76.6,49,0000:00:00,62,0,80,0,40,0,0,2.92,0,0,0,1,73.21,11:44:02,9/22/2023,99.19,48.36,--.--
high,1,1065,17.75,15.55,4.28,2666,66.554,1.82,41.23424817,44:03.5,2.1,6.9,297,0,0,0,0.1,0,0,0,-56.1,-54.3,-16.55,-33.638,0,0.92,9357.5,0:14:52,50.4,0,--.--,92,76.6,49,0000:00:00,62,0,80,0,40,0,0,3.02,0,0,0,1,66.58,11:44:03,9/22/2023,99.19,48.36,--.--
high,1,1066,17.77,15.57,4.04,2667,62.9028,1.8,41.25172117,44:04.5,1.6,6.4,295,0,0,0,0,0,0,0,-56.1,-54.3,-16.57,-33.656,0,0.89,9357.5,0:14:53,50.5,0,--.--,92,76.7,47,0000:00:00,62,0,80,0,40,0,0,2.92,0,0,0,1,62.91,11:44:04,9/22/2023,99.21,48.36,--.--
high,1,1067,17.78,15.55,4.72,2669,73.396,1.87,41.27210894,44:05.5,2.6,6.6,293,0,0,0,0,0,0,-0.1,-56.2,-54.5,-16.62,-33.74,0,0.85,9357.5,0:14:54,50.7,0,--.--,92,76.9,49,0000:00:00,62,0,80,0,40,0,0,2.79,0,0,0,1,73.4,11:44:05,9/22/2023,99.21,48.36,--.--
high,1,1068,17.8,15.57,3.8,2671,59.166,1.77,41.28854394,44:06.5,2.2,5.8,297,0,0,0,0,0,0,0,-56.4,-54.7,-16.68,-33.875,0,0.76,9357.5,0:14:55,50.6,0,--.--,92,76.8,50,0000:00:00,62,0,80,0,40,0,0,2.49,0,0,0,1,59.17,11:44:06,9/22/2023,99.21,48.36,--.--
high,1,1069,17.82,15.53,5.12,2672,79.5136,1.9,41.31063106,44:07.5,1.9,5.2,297,0,0,0,0,0,0,0,-56.6,-54.8,-16.72,-33.955,0,0.74,9357.5,0:14:56,50.4,0,--.--,92,76.6,49,0000:00:00,62,0,80,0,40,0,0,2.43,0,0,0,1,79.53,11:44:07,9/22/2023,99.21,48.36,--.--
high,1,1070,17.83,15.56,4.7,2673,73.132,1.86,41.3309455,44:08.5,2.4,6.3,296,0,0,0,0,0,0,0,-56.7,-55,-16.76,-34.035,0,0.72,9357.5,0:14:57,50.4,0,--.--,92,76.6,49,0000:00:00,62,0,80,0,40,0,0,2.36,0,0,0,1,73.11,11:44:08,9/22/2023,99.21,48.36,--.--
high,1,1071,17.85,15.57,4.1,2675,63.837,1.81,41.348678,44:09.5,2,5.7,296,0,0,0,0.1,0,0,0,-56.8,-55.1,-16.79,-34.112,0,0.65,9357.5,0:14:58,50.5,0,--.--,92,76.7,50,0000:00:00,62,0,80,0,40,0,0,2.13,0,0,0,1,63.85,11:44:09,9/22/2023,99.21,48.36,--.--
high,1,1072,17.87,15.56,3.98,2676,61.9288,1.79,41.36588044,44:10.5,2.3,6.1,297,0,0,0,0.1,0,0,0,-56.9,-55.1,-16.8,-34.132,0,0.62,9357.5,0:14:59,50.6,0,--.--,92,76.8,50,0000:00:00,62,0,80,0,40,0,0,2.03,0,0,0,1,61.93,11:44:10,9/22/2023,99.25,48.38,--.--
high,1,1073,17.88,15.57,4.35,2677,67.7295,1.83,41.38469419,44:11.5,2.7,6.8,296,0,0,0,0.1,0,0,0,-56.9,-55.1,-16.81,-34.139,0,0.6,9357.5,0:15:00,50.9,0,--.--,92,77.1,49,0000:00:00,62,0,80,0,40,0,0,1.97,0,0,0,1,67.73,11:44:11,9/22/2023,99.25,48.38,--.--
high,1,1074,17.9,15.49,5.79,2678,89.6871,1.95,41.40960728,44:12.5,2.6,11.2,297,0,0,0,0,0,0,0.1,-56.8,-55.1,-16.75,-34.073,0,0.68,9357.5,0:15:01,51.1,0,--.--,92,77.3,50,0000:00:00,62,0,80,0,40,0,0,2.23,0,0,0,1,89.66,11:44:12,9/22/2023,99.25,48.36,--.--
high,1,1075,17.92,15.58,3.83,2680,59.6714,1.78,41.42618267,44:13.5,2.3,4.9,296,0,0,0,0.1,0,0,0.1,-56.5,-54.8,-16.68,-33.919,0,0.76,9357.5,0:15:02,51.3,0,--.--,92,77.5,50,0000:00:00,62,0,80,0,40,0,0,2.49,0,0,0,1,59.66,11:44:13,9/22/2023,99.25,48.36,--.--
high,1,1076,17.93,15.56,4.58,2681,71.2648,1.85,41.44597844,44:14.5,2.5,6.3,295,0,0,0,0.1,0,0,0.1,-56.3,-54.6,-16.61,-33.774,0,0.84,9357.5,0:15:03,51.5,0,--.--,92,77.7,50,0000:00:00,43,0,80,0,40,0,0,2.76,0,0,0,1,71.29,11:44:14,9/22/2023,99.27,48.36,--.--
high,1,1077,17.95,15.57,4.11,2682,63.9927,1.81,41.46375419,44:15.5,2.5,6.5,294,0,0,0,0.2,0,0,0.1,-56.1,-54.3,-16.53,-33.633,0,0.9,9357.5,0:15:04,51.9,0,--.--,92,78.1,53,0000:00:00,61,0,80,0,40,0,0,2.95,0,0,0,1,64.01,11:44:15,9/22/2023,99.27,48.36,--.--
high,1,1078,17.97,15.55,6.67,2684,103.7185,2.02,41.49256489,44:16.5,1.7,8.6,295,0,0,0,0.1,0,0,0.1,-55.8,-54,-16.44,-33.457,0,0.88,9357.5,0:15:05,52.2,0,--.--,92,78.4,60,0000:00:00,79,0,80,0,40,0,0,2.89,0,0,0,1,103.7,11:44:16,9/22/2023,99.27,48.38,--.--
high,1,1079,17.98,15.51,7.06,2685,109.5006,2.04,41.52298172,44:17.5,1.5,11.8,297,0,0,0,0.1,0,0,0.1,-55.3,-53.6,-16.29,-33.169,0,0.87,9357.5,0:15:07,52.5,0,--.--,93,78.7,56,0000:00:00,79,0,80,0,40,0,0,2.85,0,0,0,1,109.53,11:44:17,9/22/2023,99.27,48.36,--.--
high,1,1080,18,15.5,6.48,2687,100.44,2,41.55088172,44:18.5,-4.2,11.2,293,0,0,0,0.1,0,0,0.1,-54.9,-53.2,-16.19,-32.951,0,0.97,9357.5,0:15:08,52.8,0,--.--,92,79,49,0000:00:00,79,0,80,0,40,0,0,3.18,0,0,0,1,100.41,11:44:18,9/22/2023,99.28,48.36,--.--
high,1,1081,18.02,15.44,8.32,2689,128.4608,2.11,41.58656528,44:19.5,-2.1,13.5,298,0,0,0,0,0,0,0,-54.8,-53.1,-16.18,-32.88,0,1.03,9357.5,0:15:09,53.1,0,--.--,92,79.3,47,0000:00:00,79,0,80,0,40,0,0,3.38,0,0,0,1,128.47,11:44:19,9/22/2023,99.28,48.36,--.--
high,1,1082,18.03,15.43,9.7,2693,149.671,2.18,41.62814056,44:20.5,0.7,13.9,296,0,0,0,0.1,0,0,0,-54.9,-53.1,-16.21,-32.952,0,0.97,9357.5,0:15:10,53.2,0,--.--,92,79.4,49,0000:00:00,79,0,80,0,40,0,0,3.18,0,0,0,1,149.68,11:44:20,9/22/2023,99.3,48.36,--.--
high,1,1083,18.05,15.34,12.45,2695,190.983,2.28,41.68119139,44:21.5,-1,13.2,300,0,0,0,0.1,0,0,0,-55,-53.2,-16.23,-32.99,0,0.85,9357.5,0:15:11,53.6,0,--.--,92,79.8,49,0000:00:00,79,0,80,0,40,0,0,2.79,0,0,0,1,191.02,11:44:21,9/22/2023,99.3,48.36,--.--
high,1,1084,18.07,15.29,14.16,2699,216.5064,2.34,41.74133206,44:22.5,2.5,12,306,0,0,0,0.1,0,0,0,-55,-53.3,-16.24,-33.011,0,0.82,9357.5,0:15:12,53.9,0,--.--,92,80.1,50,0000:00:00,79,0,80,0,40,0,0,2.69,0,0,0,1,216.44,11:44:22,9/22/2023,99.32,48.36,--.--
high,1,1085,18.08,15.2,21.52,2704,327.104,2.51,41.83219428,44:23.5,10.2,13.1,313,0,0,0,0.1,0,0,0,-55.1,-53.3,-16.25,-33.035,0,0.84,9357.5,0:15:13,53.8,0,--.--,92,80,50,0000:00:00,79,0,80,0,40,0,0,2.76,0,0,0,1,327.04,11:44:23,9/22/2023,99.32,48.36,--.--
high,1,1086,18.1,15.53,4.8,2710,74.544,1.87,41.85290094,44:24.5,7,7.3,307,0,0,0,0.1,0,0,0,-55.1,-53.3,-16.26,-33.057,0,0.84,9357.5,0:15:14,53.4,0,--.--,92,79.6,50,0000:00:00,79,0,80,0,40,0,0,2.76,0,0,0,1,74.54,11:44:24,9/22/2023,99.34,48.36,--.--
high,1,1087,18.12,15.56,3.38,2711,52.5928,1.72,41.86751006,44:25.5,9,10.8,309,0,0,0,0.2,0,0,0.1,-55.1,-53.3,-16.25,-33.052,0,0.89,9357.5,0:15:15,53.2,0,--.--,92,79.4,49,0000:00:00,79,0,80,0,40,0,0,2.92,0,0,0,1,52.6,11:44:25,9/22/2023,99.34,48.36,--.--
high,1,1088,18.13,15.32,16.3,2715,249.716,2.4,41.93687561,44:26.5,3.2,13.5,305,0,0,0,0.1,0,0,0,-54.9,-53.2,-16.21,-32.95,0,0.85,9357.5,0:15:16,53.6,0,--.--,92,79.8,49,0000:00:00,79,0,80,0,40,0,0,2.79,0,0,0,1,249.72,11:44:26,9/22/2023,99.34,48.36,--.--
high,1,1089,18.15,15.27,13.88,2718,211.9476,2.33,41.99574994,44:27.5,5.6,13.8,304,0,0,0,0,0,0,0,-55,-53.2,-16.23,-32.992,0,0.85,9357.5,0:15:17,53.9,0,--.--,92,80.1,49,0000:00:00,79,0,80,0,40,0,0,2.79,0,0,0,1,211.88,11:44:27,9/22/2023,99.34,48.36,--.--
high,1,1090,18.17,15.25,15.46,2723,235.765,2.37,42.06124022,44:28.5,10,13.6,305,0,0,0,0,0,0,0,-55.1,-53.3,-16.25,-33.035,0,0.87,9357.5,0:15:18,53.9,0,--.--,92,80.1,49,0000:00:00,79,0,80,0,40,0,0,2.85,0,0,0,1,235.8,11:44:28,9/22/2023,99.34,48.36,--.--
high,1,1091,18.18,15.26,14.1,2726,215.166,2.33,42.12100856,44:29.5,9.4,13,304,0,0,0,0,0,0,0,-55.1,-53.3,-16.25,-33.039,0,0.83,9357.5,0:15:19,53.9,0,--.--,92,80.1,49,0000:00:00,79,0,80,0,40,0,0,2.72,0,0,0,1,215.1,11:44:29,9/22/2023,99.34,48.36,--.--
high,1,1092,18.2,15.24,2.96,2730,45.1104,1.65,42.13353922,44:30.5,5.5,10.3,290,0,0,0,0.1,0,0,0,-55.1,-53.3,-16.25,-33.034,0,0.78,9357.5,0:15:20,53.8,0,--.--,92,80,53,0000:00:00,79,0,80,0,40,0,0,2.56,0,0,0,1,45.11,11:44:30,9/22/2023,99.34,48.36,--.--
high,1,1093,18.22,15.49,3.16,2731,48.9484,1.69,42.147136,44:31.5,6.4,6.6,285,0,0,0,0.1,0,0,0,-55,-53.2,-16.23,-33.01,0,0.87,9357.5,0:15:21,53.6,0,--.--,91,79.8,50,0000:00:00,79,0,80,0,40,0,0,2.85,0,0,0,1,48.95,11:44:31,9/22/2023,99.34,48.36,--.--
high,1,1094,18.23,15.55,3.36,2732,52.248,1.72,42.16164933,44:32.5,5.9,8.8,288,0,0,0,0,0,0,0,-55,-53.2,-16.22,-32.977,0,0.85,9357.5,0:15:22,53.4,0,--.--,91,79.6,52,0000:00:00,79,0,80,0,40,0,0,2.79,0,0,0,1,52.24,11:44:32,9/22/2023,99.37,48.36,--.--
high,1,1095,18.25,15.55,3.93,2733,61.1115,1.79,42.17862475,44:33.5,6.5,9.1,295,0,0,0,0.1,0,0,0,-55,-53.2,-16.22,-32.971,0,0.88,9357.5,0:15:23,53.1,0,--.--,91,79.3,53,0000:00:00,79,0,80,0,40,0,0,2.89,0,0,0,1,61.13,11:44:33,9/22/2023,99.37,48.36,--.--
high,1,1096,18.27,15.5,6.04,2735,93.62,1.97,42.20463031,44:34.5,1.7,15.7,269,0,0,0,0.1,0,0,0,-54.9,-53.1,-16.2,-32.936,0,0.75,9357.5,0:15:24,53.1,0,--.--,91,79.4,50,0000:00:00,79,0,80,0,40,0,0,2.46,0,0,0,1,93.64,11:44:34,9/22/2023,99.37,48.36,--.--
high,1,1097,18.28,15.19,16.79,2737,255.0401,2.41,42.27547478,44:35.5,0.2,18,274,0,0,0,0.1,0,0,0,-54.8,-53.1,-16.16,-32.857,0,0.96,9357.5,0:15:25,53.5,0,--.--,91,79.8,50,0000:00:00,79,0,80,0,40,0,0,3.15,0,0,0,1,255.09,11:44:35,9/22/2023,99.37,48.36,--.--
high,1,1098,18.3,15.54,3.6,2741,55.944,1.75,42.29101478,44:36.5,8.1,9.8,300,0,0,0,0.1,0,0,0,-54.9,-53.1,-16.2,-32.917,0,0.88,9357.5,0:15:26,53.8,0,--.--,92,80,55,0000:00:00,79,0,80,0,40,0,0,2.89,0,0,0,1,55.95,11:44:36,9/22/2023,99.37,48.36,--.--
high,1,1099,18.32,15.53,3.99,2742,61.9647,1.79,42.30822719,44:37.5,9.7,14.5,317,0,0,0,0.1,0,0,0,-54.9,-53.1,-16.2,-32.937,0,0.92,9357.5,0:15:27,53.5,0,--.--,92,79.8,50,0000:00:00,79,0,80,0,40,0,0,3.02,0,0,0,1,61.97,11:44:37,9/22/2023,99.37,48.36,--.--
high,1,1100,18.33,15.21,15.28,2747,232.4088,2.37,42.37278519,44:38.5,9.3,13.3,310,0,0,0,0.1,0,0,0,-55,-53.2,-16.23,-32.974,0,0.87,9357.5,0:15:28,53.4,0,--.--,92,79.6,48,0000:00:00,79,0,80,0,40,0,0,2.85,0,0,0,1,232.42,11:44:38,9/22/2023,99.37,48.36,--.--
high,1,1101,18.35,15.3,12.07,2750,184.671,2.27,42.42408269,44:39.5,7.2,13.3,307,0,0,0,0,0,0,0,-55.1,-53.4,-16.27,-33.06,0,0.95,9357.5,0:15:29,53.1,0,--.--,92,79.3,49,0000:00:00,79,0,80,0,40,0,0,3.12,0,0,0,1,184.7,11:44:39,9/22/2023,99.37,48.36,--.--
high,1,1102,18.37,15.21,15.23,2754,231.6483,2.36,42.48842944,44:40.5,5.6,12.9,311,0,0,0,0.2,0,0,0,-55.1,-53.3,-16.25,-33.039,0,0.82,9357.5,0:15:30,53.5,0,--.--,92,79.6,50,0000:00:00,79,0,80,0,40,0,0,2.69,0,0,0,1,231.72,11:44:40,9/22/2023,99.37,48.36,--.--
high,1,1103,18.38,15.29,12.58,2759,192.3482,2.28,42.5418595,44:41.5,6.4,11.4,307,0,0,0,0,0,0,0,-55.1,-53.3,-16.25,-33.033,0,0.84,9357.5,0:15:31,53.8,0,--.--,92,80,49,0000:00:00,79,0,80,0,40,0,0,2.76,0,0,0,1,192.29,11:44:41,9/22/2023,99.41,48.36,--.--
high,1,1104,18.4,15.16,15.28,2764,231.6448,2.36,42.60620528,44:42.5,6.5,10.3,300,0,0,0,0.1,0,0,0,-55.2,-53.4,-16.28,-33.075,0,0.79,9357.5,0:15:32,54.1,0,--.--,92,80.3,49,0000:00:00,79,0,80,0,40,0,0,2.59,0,0,0,1,231.61,11:44:42,9/22/2023,99.41,48.36,--.--
high,1,1105,18.42,15.37,11.36,2769,174.6032,2.24,42.65470617,44:43.5,8.8,9.2,303,0,0,0,0.1,0,0,0,-55.2,-53.4,-16.29,-33.119,0,0.73,9357.5,0:15:33,53.8,0,--.--,92,80,57,0000:00:00,79,0,80,0,40,0,0,2.4,0,0,0,1,174.55,11:44:43,9/22/2023,99.41,48.36,--.--
high,1,1106,18.43,15.45,6.36,2770,98.262,1.99,42.68200117,44:44.5,4.1,9.5,285,0,0,0,0.1,0,0,0.1,-55,-53.3,-16.24,-33.039,0,0.79,9357.5,0:15:34,53.6,0,--.--,92,79.8,53,0000:00:00,79,0,80,0,40,0,0,2.59,0,0,0,1,98.26,11:44:44,9/22/2023,99.41,48.36,--.--
high,1,1107,18.45,15.51,6.5,2772,100.815,2,42.71000533,44:45.5,-3,15.5,263,0,0,0,0.1,0,0,0.1,-54.7,-53,-16.16,-32.877,0,0.9,9357.5,0:15:35,53.4,0,--.--,92,79.7,59,0000:00:00,79,0,80,0,40,0,0,2.95,0,0,0,1,100.81,11:44:45,9/22/2023,99.43,48.36,--.--
high,1,1108,18.47,15.51,3.85,2774,59.7135,1.78,42.72659242,44:46.5,-4,12.8,257,0,0,0,0.1,0,0,0.1,-54.5,-52.8,-16.09,-32.738,0,0.97,9357.5,0:15:36,53.4,0,--.--,91,79.7,59,0000:00:00,79,0,80,0,40,0,0,3.18,0,0,0,1,59.73,11:44:46,9/22/2023,99.43,48.36,--.--
high,1,1109,18.48,15.2,15.61,2778,237.272,2.38,42.79250131,44:47.5,-10.8,18.9,245,0,0,0,0.3,0,0,0.1,-54.1,-52.3,-15.95,-32.492,0,0.85,9357.5,0:15:37,53.9,0,--.--,91,80.1,52,0000:00:00,79,0,80,0,40,0,0,2.79,0,0,0,1,237.27,11:44:47,9/22/2023,99.45,48.36,--.--
high,1,1110,18.5,15.24,15.99,2782,243.6876,2.39,42.86019231,44:48.5,-3.8,12.8,242,0,0,0,0.4,0,0,0.1,-53.7,-51.9,-15.83,-32.229,0,0.92,9357.5,0:15:38,54.9,0,--.--,90,77.2,50,0000:00:00,79,0,80,0,40,0,0,3.02,0,0,0,1,243.67,11:44:48,9/22/2023,99.46,48.36,--.--
high,1,1111,18.52,15.35,9.1,2785,139.685,2.15,42.89899369,44:49.5,-2.8,15.5,242,0,0,0,0.3,0,0,0.1,-53.5,-51.8,-15.78,-32.133,0,0.95,9357.5,0:15:39,55.9,0,--.--,90,78.2,54,0000:00:00,79,0,80,0,40,0,0,3.12,0,0,0,1,139.72,11:44:49,9/22/2023,99.46,48.36,--.--
high,1,1112,18.53,15.31,11.61,2787,177.7491,2.25,42.94836844,44:50.5,-4.8,15.1,240,0,0,0,0.4,0,0,0.1,-53.2,-51.5,-15.69,-31.953,0,1.39,9364.3,0:15:40,57.1,0,--.--,90,79.3,53,0000:00:00,73,0,80,0,40,0,0,4.56,0,0,0,1,177.71,11:44:50,9/22/2023,99.46,48.36,--.--
high,1,1113,18.55,15.52,11.59,2790,179.8768,2.25,42.99833422,44:51.5,-5.1,14.3,240,0,0,0,0.2,0,0,0,-53.1,-51.3,-15.64,-31.832,0,1.74,9364.3,0:15:41,57.9,0,--.--,90,84.1,50,0000:00:00,63,0,80,0,40,0,0,5.71,0,0,0,1,179.83,11:44:51,9/22/2023,99.48,48.36,--.--
high,1,1114,18.57,15.49,3.6,2792,55.764,1.75,43.01382422,44:52.5,-7,12.8,242,0,0,0,0.2,0,0,0,-53,-51.2,-15.61,-31.774,0,1.88,9364.3,0:15:42,58.9,0,--.--,90,85.2,50,0000:00:00,63,0,80,0,40,0,0,6.17,0,0,0,1,55.75,11:44:52,9/22/2023,99.5,48.36,--.--
high,1,1115,18.58,15.51,3.83,2793,59.4033,1.77,43.03032514,44:53.5,-6.4,13.4,246,0,0,0,0.2,0,0,0,-52.8,-51.1,-15.57,-31.694,0,2.26,9364.3,0:15:43,59.4,0,--.--,91,85.7,50,0000:00:00,63,0,80,0,40,0,0,7.41,0,0,0,1,59.42,11:44:53,9/22/2023,99.5,48.36,--.--
high,1,1116,18.6,15.49,4.75,2794,73.5775,1.87,43.05076333,44:54.5,-7.2,12.7,247,0,0,0,0.2,0,0,0,-52.7,-51,-15.53,-31.619,0,2.24,9364.3,0:15:44,59.9,0,--.--,91,86.2,54,0000:00:00,63,0,80,0,40,0,0,7.35,0,0,0,1,73.57,11:44:54,9/22/2023,99.5,48.36,--.--
high,1,1117,18.62,15.23,15.91,2798,242.3093,2.38,43.11807147,44:55.5,-6.8,16.4,244,0,0,0,0.3,0,0,0.1,-52.3,-50.6,-15.42,-31.416,0,2.29,9364.3,0:15:45,60.7,0,--.--,91,87,49,0000:00:00,63,0,80,0,40,0,0,7.51,0,0,0,1,242.25,11:44:55,9/22/2023,99.5,48.36,--.--
high,1,1118,18.63,15.52,12.72,2800,197.4144,2.3,43.17290881,44:56.5,-6.3,14.9,243,0,0,0,0.4,0,0,0.1,-52.1,-50.3,-15.34,-31.238,0,2.41,9364.3,0:15:46,61.8,0,--.--,91,88.1,50,0000:00:00,63,0,80,0,40,0,0,7.91,0,0,0,1,197.36,11:44:56,9/22/2023,99.54,48.36,--.--
high,1,1119,18.65,15.48,5.08,2802,78.6384,1.9,43.19475281,44:57.5,-6.8,16.4,242,0,0,0,0.4,0,0,0.1,-51.9,-50.2,-15.3,-31.139,0,2.65,9364.3,0:15:47,62.9,0,--.--,91,89.1,50,0000:00:00,63,0,80,0,40,0,0,8.69,0,0,0,1,78.66,11:44:57,9/22/2023,99.54,48.36,--.--
high,1,1120,18.67,15.35,9.58,2805,147.053,2.17,43.23560086,44:58.5,-7.3,16.5,241,0,0,0,0.4,0,0,0.1,-51.8,-50.1,-15.26,-31.074,0,2.77,9370.9,0:15:48,64,0,--.--,91,90.3,50,0000:00:00,63,0,80,0,40,0,0,9.09,0,0,0,1,147.06,11:44:58,9/22/2023,99.55,48.36,--.--
high,1,1121,18.68,15.34,9.59,2808,147.1106,2.17,43.27646492,44:59.5,-8,16,241,0,0,0,0.4,0,0,0.1,-51.6,-49.9,-15.21,-30.974,0,2.78,9370.9,0:15:49,65.4,0,--.--,91,91.6,50,0000:00:00,63,0,80,0,40,0,0,9.12,0,0,0,1,147.13,11:44:59,9/22/2023,99.57,48.36,--.--
high,1,1122,18.7,15.37,9.71,2811,149.2427,2.17,43.31792122,45:00.5,-7.5,17,241,0,0,0,0.5,0,0,0.1,-51.3,-49.6,-15.12,-30.815,0,2.71,9370.9,0:15:50,66.8,0,--.--,92,93,51,0000:00:00,63,0,80,0,40,0,0,8.89,0,0,0,1,149.26,11:45:00,9/22/2023,99.57,48.36,--.--
high,1,1123,18.72,15.26,14.5,2814,221.27,2.34,43.37938511,45:01.5,-8.6,15.9,240,0,0,0,0.5,0,0,0.1,-50.9,-49.1,-14.99,-30.555,0,2.43,9370.9,0:15:51,68.5,0,--.--,92,94.6,50,0000:00:00,63,0,80,0,40,0,0,7.97,0,0,0,1,221.31,11:45:01,9/22/2023,99.59,48.34,--.--
high,1,1124,18.73,15.33,7.56,2817,115.8948,2.06,43.41157811,45:02.5,-6.9,16.4,241,0,0,0,0.5,0,0,0.1,-50.5,-48.8,-14.86,-30.309,0,2.66,9378,0:15:52,70.1,0,--.--,92,96.3,51,0000:00:00,63,0,80,0,40,0,0,8.73,0,0,0,1,115.87,11:45:02,9/22/2023,99.61,48.34,--.--
high,1,1125,18.75,15.47,4.31,2818,66.6757,1.82,43.43009914,45:03.5,-7.5,15.8,239,0,0,0,0.4,0,0,0.1,-50.2,-48.5,-14.78,-30.116,0,2.77,9378,0:15:53,71.5,0,--.--,93,97.6,59,0000:00:00,63,0,80,0,40,0,0,9.09,0,0,0,1,66.67,11:45:03,9/22/2023,99.63,48.34,--.--
high,1,1126,18.77,15.27,15.1,2822,230.577,2.36,43.49414831,45:04.5,-9.4,14,228,0,0,0,0.5,0,0,0.1,-49.9,-48.1,-14.67,-29.912,0,2.9,9378,0:15:54,72.9,0,--.--,93,99,49,0000:00:00,63,0,80,0,40,0,0,9.51,0,0,0,1,230.58,11:45:04,9/22/2023,99.63,48.34,--.--
high,1,1127,18.78,15.24,11.16,2826,170.0784,2.23,43.54139231,45:05.5,-8,16.4,225,0,0,0,0.5,0,0,0.1,-49.7,-47.9,-14.6,-29.77,0,2.68,9378,0:15:55,74.6,0,--.--,93,100.7,50,0000:00:00,63,0,80,0,40,0,0,8.79,0,0,0,1,170.12,11:45:05,9/22/2023,99.64,48.34,--.--
high,1,1128,18.8,15.51,3.1,2828,48.081,1.68,43.55474814,45:06.5,-8.9,14,227,0,0,0,0.3,0,0,0,-49.6,-47.8,-14.58,-29.694,0,3.09,9378,0:15:56,76.1,0,--.--,93,102.2,50,0000:00:00,63,0,80,0,40,0,0,10.14,0,0,0,1,48.09,11:45:06,9/22/2023,99.64,48.34,--.--
high,1,1129,18.82,15.51,7.95,2829,123.3045,2.09,43.58899939,45:07.5,-9.2,13.4,231,0,0,0,0.3,0,0,0,-49.6,-47.8,-14.58,-29.694,0,2.86,9384.8,0:15:57,77.3,0,--.--,93,103.3,50,0000:00:00,63,0,80,0,40,0,0,9.38,0,0,0,1,123.34,11:45:07,9/22/2023,99.66,48.34,--.--
high,1,1130,18.83,15.5,4.55,2831,70.525,1.85,43.60858967,45:08.5,-8.3,13.7,234,0,0,0,0.2,0,0,0,-49.6,-47.8,-14.57,-29.679,0,3.04,9384.8,0:15:58,78,0,--.--,93,104.1,50,0000:00:00,63,0,80,0,40,0,0,9.97,0,0,0,1,70.52,11:45:08,9/22/2023,99.66,48.34,--.--
high,1,1131,18.85,15.51,5.13,2832,79.5663,1.9,43.63069142,45:09.5,-8.1,14.9,233,0,0,0,0.2,0,0,0,-49.5,-47.8,-14.57,-29.673,0,3.4,9384.8,0:15:59,78.7,0,--.--,93,104.8,50,0000:00:00,63,0,80,0,40,0,0,11.15,0,0,0,1,79.57,11:45:09,9/22/2023,99.7,48.34,--.--
high,1,1132,18.87,15.52,4.36,2833,67.6672,1.83,43.64948786,45:10.5,-7.9,15.1,233,0,0,0,0.2,0,0,0,-49.5,-47.7,-14.54,-29.634,0,3.19,9384.8,0:16:00,79.4,0,--.--,93,105.5,50,0000:00:00,63,0,80,0,40,0,0,10.47,0,0,0,1,67.66,11:45:10,9/22/2023,99.7,48.34,--.--
high,1,1133,18.88,15.51,4.2,2834,65.142,1.81,43.66758286,45:11.5,-8.1,14.6,233,0,0,0,0.2,0,0,0,-49.4,-47.6,-14.51,-29.574,0,0,9384.8,0:16:01,80.1,0,--.--,93,106.1,50,0000:00:00,63,0,80,0,40,0,0,0,0,0,0,1,65.14,11:45:11,9/22/2023,99.73,48.34,--.--
high,1,1134,18.9,15.52,5.14,2836,79.7728,1.9,43.68974197,45:12.5,-8.1,14.5,233,0,0,0,0.2,0,0,0,-49.3,-47.5,-14.48,-29.51,0,3.04,9384.8,0:16:02,80.7,0,--.--,93,106.8,50,0000:00:00,63,0,80,0,40,0,0,9.97,0,0,0,1,79.75,11:45:12,9/22/2023,99.73,48.34,--.--
high,1,1135,18.92,15.48,4.56,2837,70.5888,1.85,43.70934997,45:13.5,-7.8,15,233,0,0,0,0.2,0,0,0,-49.2,-47.4,-14.46,-29.456,0,2.99,9384.8,0:16:03,81.4,0,--.--,93,107.4,50,0000:00:00,63,0,80,0,40,0,0,9.81,0,0,0,1,70.58,11:45:13,9/22/2023,99.75,48.36,--.--
high,1,1136,18.93,15.52,4.04,2838,62.7008,1.8,43.72676686,45:14.5,-7.9,15.5,233,0,0,0,0.2,0,0,0,-49.2,-47.4,-14.45,-29.434,0,3.08,9384.8,0:16:04,82,0,--.--,93,108.1,50,0000:00:00,63,0,80,0,40,0,0,10.1,0,0,0,1,62.69,11:45:14,9/22/2023,99.75,48.34,--.--
high,1,1137,18.95,15.51,4.2,2839,65.142,1.81,43.74486186,45:15.5,-7.7,15.4,233,0,0,0,0.2,0,0,0,-49.2,-47.4,-14.46,-29.439,0,0,9384.8,0:16:05,82.6,0,--.--,93,108.6,50,0000:00:00,63,0,70,0,40,0,0,0,0,0,0,1,65.15,11:45:15,9/22/2023,99.77,48.34,--.--
high,1,1138,18.97,15.54,2.39,2840,37.1406,1.57,43.75517869,45:16.5,-7.5,15.1,234,0,0,0,0.2,0,0,0,-49.2,-47.4,-14.45,-29.437,0,0,9384.8,0:16:06,83.3,0,--.--,93,109.3,50,0000:00:00,63,0,20,0,40,0,0,0,0,0,0,1,37.14,11:45:16,9/22/2023,99.77,48.36,--.--
high,1,1139,18.98,15.57,2.65,2841,41.2605,1.62,43.76663994,45:17.5,-7.9,15.8,233,0,0,0,0.3,0,0,0,-49,-47.2,-14.4,-29.358,0,0,9391.5,0:16:07,84.1,0,--.--,93,110.2,50,0000:00:00,63,0,0,0,40,0,0,0,0,0,0,1,41.26,11:45:17,9/22/2023,99.79,48.36,--.--
high,1,1140,19,15.43,2.19,2842,33.7917,1.53,43.77602653,45:18.5,-7.2,15.1,229,0,0,0,0.5,0,0,0,-48.8,-47.1,-14.35,-29.251,0,0,9391.5,0:16:08,85.2,0,--.--,94,111.2,49,0000:00:00,63,0,0,0,40,0,0,0,0,0,0,1,33.8,11:45:18,9/22/2023,99.79,48.36,--.--
high,1,1141,19.02,15.32,11.6,2845,177.712,2.25,43.82539097,45:19.5,-3.9,17.6,229,0,0,0,0.5,0,0,0,-48.7,-46.9,-14.31,-29.158,0,0,9391.5,0:16:09,86.6,0,--.--,94,112.6,50,0000:00:00,63,0,0,0,40,0,0,0,0,0,0,1,177.68,11:45:19,9/22/2023,99.79,48.34,--.--
high,1,1142,19.03,15.32,12.18,2848,186.5976,2.27,43.87722364,45:20.5,-7.5,14.6,231,0,0,0,0,0,0,0,-48.8,0,0,-14.857,0,0,9573.5,0:16:10,98,0,--.--,276,76.9,48,0000:00:00,63,0,0,0,40,0,0,0,0,0,0,1,186.61,11:45:20,9/22/2023,99.82,48.34,--.--
high,1,1143,19.05,15.2,10.4,2851,158.08,2.2,43.92113475,45:21.5,-7.9,12.7,230,0,0,0,0.1,0,0,0,-48.9,0,0,-14.891,0,0,9573.5,0:16:11,97.3,0,--.--,276,72.1,54,0000:00:00,63,0,0,0,40,0,0,0,0,0,0,1,158.12,11:45:21,9/22/2023,99.82,48.34,--.--
high,1,1144,19.07,15.31,14.4,2855,220.464,2.34,43.98237475,45:22.5,-4.4,16.8,228,0,0,0,0.1,0,0,0,-48.8,0,0,-14.869,0,0,9573.5,0:16:12,96.5,0,--.--,275,71.3,50,0000:00:00,63,0,0,0,40,0,0,0,0,0,0,1,220.41,11:45:22,9/22/2023,99.82,48.34,--.--
high,1,1145,19.08,15.51,11.92,2857,184.8792,2.27,44.03373008,45:23.5,-7.7,13.6,228,0,0,0,0.1,0,0,0,-48.8,0,0,-14.869,0,0,9573.5,0:16:13,95.9,0,--.--,275,70.7,54,0000:00:00,63,0,0,0,40,0,0,0,0,0,0,1,184.86,11:45:23,9/22/2023,99.86,48.34,--.--
high,1,1146,19.1,15.29,12.03,2860,183.9387,2.26,44.08482417,45:24.5,-6.4,18.7,226,0,0,0,0.3,0,0,0.1,-48.6,0,0,-14.832,0,0,9573.5,0:16:14,95.4,0,--.--,275,70.1,50,0000:00:00,63,0,0,0,40,0,0,0,0,0,0,1,183.91,11:45:24,9/22/2023,99.86,48.34,--.--
high,1,1147,19.12,15.32,10.58,2864,162.0856,2.21,44.12984794,45:25.5,-10.7,17.7,226,0,0,0,0.4,0,0,0.1,-48.2,0,0,-14.714,0,0,9573.5,0:16:15,94.3,0,--.--,275,69,50,0000:00:00,63,0,0,0,40,0,0,0,0,0,0,1,162.05,11:45:25,9/22/2023,99.88,48.34,--.--
high,1,1148,19.13,15.31,11.42,2867,174.8402,2.24,44.17841467,45:26.5,-8.4,17.9,226,0,0,0,0.3,0,0,0.2,-47.6,0,0,-14.537,0,0,9573.5,0:16:16,93.3,0,--.--,275,68.1,51,0000:00:00,63,0,0,0,40,0,0,0,0,0,0,1,174.81,11:45:26,9/22/2023,99.88,48.34,--.--
high,1,1149,19.15,15.14,5.1,2869,77.214,1.89,44.199863,45:27.5,-7.6,17.5,225,0,0,0,0.3,0,0,0.2,-47,0,0,-14.36,0,0,9580.6,0:16:17,92,0,--.--,274,66.7,50,0000:00:00,63,0,0,0,40,0,0,0,0,0,0,1,77.24,11:45:27,9/22/2023,99.9,48.33,--.--
high,1,1150,19.17,15.18,14.62,2873,221.9316,2.35,44.26151067,45:28.5,-6.8,20.3,222,0,0,0,0.3,0,0,0.2,-46.4,0,0,-14.18,0,0,9580.6,0:16:18,90.8,0,--.--,274,65.4,49,0000:00:00,63,0,0,0,40,0,0,0,0,0,0,1,221.89,11:45:28,9/22/2023,99.91,48.33,--.--
high,1,1151,19.18,15.24,12.89,2877,196.4436,2.29,44.31607833,45:29.5,-6,21.2,221,0,0,0,0.3,0,0,0.1,-46.1,0,0,-14.065,0,0,9580.6,0:16:19,90.1,0,--.--,274,64.7,49,0000:00:00,63,0,0,0,40,0,0,0,0,0,0,1,196.4,11:45:29,9/22/2023,99.91,48.33,--.--
high,1,1152,19.2,15.26,13.06,2880,199.2956,2.3,44.37143822,45:30.5,-7,19,222,0,0,0,0.2,0,0,0.1,-45.9,0,0,-14.003,0,0,9936.3,0:16:20,87.9,0,--.--,274,62.6,50,0000:00:00,63,0,0,0,40,0,0,0,0,0,0,1,199.31,11:45:30,9/22/2023,99.93,48.33,--.--
high,1,1153,19.22,15.46,3.68,2883,56.8928,1.76,44.38724178,45:31.5,-9.9,15.1,224,0,0,0,0.1,0,0,0.1,-45.6,0,0,-13.935,0,0,9936.3,0:16:21,86.1,0,--.--,273,60.6,50,0000:00:00,63,0,0,0,40,0,0,0,0,0,0,1,56.87,11:45:31,9/22/2023,99.93,48.33,--.--
high,1,1154,19.23,15.31,14.57,2885,223.0667,2.35,44.44920475,45:32.5,-5.2,20.1,222,0,0,0,0.2,0,0,0.2,-45,0,0,-13.756,0,0,9936.3,0:16:22,84.6,0,--.--,274,59.3,55,0000:00:00,63,0,0,0,40,0,0,0,0,0,0,1,223.05,11:45:32,9/22/2023,99.93,48.33,--.--
high,1,1155,19.25,15.18,15.19,2889,230.5842,2.36,44.51325592,45:33.5,-7.7,18.8,222,0,0,0,0.2,0,0,0.2,-44.3,0,0,-13.533,0,0,9936.3,0:16:23,82.8,0,--.--,273,57.3,50,0000:00:00,63,0,0,0,40,0,0,0,0,0,0,1,230.58,11:45:33,9/22/2023,99.95,48.33,--.--
high,1,1156,19.27,15.25,12.83,2893,195.6575,2.29,44.56760522,45:34.5,-8.2,18.3,222,0,0,0,0.2,0,0,0.2,-43.6,0,0,-13.326,0,0,9943.5,0:16:24,80.9,0,--.--,274,55.5,50,0000:00:00,63,0,0,0,40,0,0,0,0,0,0,1,195.62,11:45:34,9/22/2023,99.95,48.29,--.--
high,1,1157,19.28,15.23,10.47,2896,159.4581,2.2,44.61189914,45:35.5,-8.1,17.7,223,0,0,0,0.1,0,0,0.2,-43.1,0,0,-13.171,0,0,10112.4,0:16:25,87,0,--.--,94,113,49,0000:00:00,63,0,0,0,40,0,0,0,0,0,0,1,159.49,11:45:35,9/22/2023,99.95,48.29,--.--
high,1,1158,19.3,15.33,9.96,2899,152.6868,2.18,44.65431214,45:36.5,-9.5,15.6,224,0,0,0,0.1,0,0,0.1,-42.8,0,0,-13.065,0,0,10277.7,0:16:26,77.3,0,--.--,272,51.7,49,0000:00:00,63,0,0,0,40,0,0,0,0,0,0,1,152.67,11:45:36,9/22/2023,99.99,48.29,--.--
high,1,1159,19.32,15.36,8.97,2901,137.7792,2.14,44.69258414,45:37.5,-8.6,16.1,223,0,0,0,0.1,0,0,0.1,-42.5,0,0,-12.976,0,0,10277.7,0:16:27,75.4,0,--.--,272,49.7,53,0000:00:00,63,0,0,0,40,0,0,0,0,0,0,1,137.75,11:45:37,9/22/2023,99.99,48.29,--.--
high,1,1160,19.33,15.24,12.24,2904,186.5376,2.27,44.74440014,45:38.5,-6.5,20.3,222,0,0,0,0.2,0,0,0.2,-42.1,0,0,-12.856,0,0,10277.7,0:16:28,73.6,0,--.--,271,51.8,52,0000:00:00,63,0,0,0,40,0,0,0,0,0,0,1,186.53,11:45:38,9/22/2023,100,48.29,--.--
high,1,1161,19.35,15.23,12.94,2908,197.0762,2.29,44.79914353,45:39.5,-7,19.3,222,0,0,0,0.2,0,0,0.2,-41.6,0,0,-12.698,0,0,10284.6,0:16:29,71.8,0,--.--,270,49.9,51,0000:00:00,63,0,0,0,40,0,0,0,0,0,0,1,197.06,11:45:39,9/22/2023,100.02,48.29,--.--
high,1,1162,19.37,15.39,6.75,2911,103.8825,2.02,44.82799978,45:40.5,-8.3,16.9,223,0,0,0,0.3,0,0,0.1,-41.2,0,0,-12.564,0,0,10284.6,0:16:30,70.9,0,--.--,270,45,52,0000:00:00,63,0,0,0,40,0,0,0,0,0,0,1,103.88,11:45:40,9/22/2023,100.02,48.29,--.--
high,1,1163,19.38,15.34,10.24,2913,157.0816,2.2,44.87163356,45:41.5,-7.3,19.1,223,0,0,0,0.3,0,0,0.1,-40.8,0,0,-12.451,0,0,10443.3,0:16:31,87,0,--.--,94,113,52,0000:00:00,63,0,0,0,40,0,0,0,0,0,0,1,157.07,11:45:41,9/22/2023,100.04,48.29,--.--
high,1,1164,19.4,15.27,11.58,2916,176.8266,2.25,44.92075206,45:42.5,-8.2,17,223,0,0,0,0.3,0,0,0.2,-40.3,0,0,-12.304,0,0,10599.3,0:16:32,66.6,0,--.--,269,40.6,56,0000:00:00,63,0,0,0,40,0,0,0,0,0,0,1,176.77,11:45:42,9/22/2023,100.04,48.29,--.--
high,1,1165,19.42,15.4,6.17,2919,95.018,1.98,44.94714594,45:43.5,-8.3,18.4,223,0,0,0,0.3,0,0,0.2,-39.6,0,0,-12.096,0,0,10599.3,0:16:33,64.5,0,--.--,270,38.6,53,0000:00:00,63,0,0,0,40,0,0,0,0,0,0,1,95.02,11:45:43,9/22/2023,100.06,48.29,--.--
high,1,1166,19.43,15.52,5.28,2920,81.9456,1.91,44.96990861,45:44.5,-8.5,14.2,224,0,0,0,0.5,0,0,0.2,-38.8,0,0,-11.876,0,0,10605.9,0:16:34,62.7,0,--.--,268,36.6,52,0000:00:00,63,0,0,0,40,0,0,0,0,0,0,1,81.96,11:45:44,9/22/2023,100.06,48.29,--.--
high,1,1167,19.45,15.11,12.04,2922,181.9244,2.26,45.02044317,45:45.5,-13,15.3,211,0,0,0,0.4,0,0,0.2,-38.1,0,0,-11.648,0,0,10605.9,0:16:35,61.1,0,--.--,268,35,48,0000:00:00,63,0,0,0,40,0,0,0,0,0,0,1,181.9,11:45:45,9/22/2023,100.08,48.29,--.--
high,1,1168,19.47,15.53,9.85,2923,152.9705,2.18,45.06293497,45:46.5,-15.1,11.4,209,0,0,0,0.6,0,0,0.1,-37.7,0,0,-11.505,0,0,10755.5,0:16:36,87,0,--.--,94,113,49,0000:00:00,63,0,0,0,40,0,0,0,0,0,0,1,153.01,11:45:46,9/22/2023,100.08,48.29,--.--
high,1,1169,19.48,15.53,2.39,2925,37.1167,1.57,45.07324517,45:47.5,-12.8,14.3,212,0,0,0,0.5,0,0,0.1,-37.5,0,0,-11.444,0,0,10902,0:16:37,59.6,0,--.--,269,33.6,50,0000:00:00,63,0,0,0,40,0,0,0,0,0,0,1,37.11,11:45:47,9/22/2023,100.09,48.29,--.--
high,1,1170,19.5,15.54,1.92,2925,29.8368,1.47,45.08153317,45:48.5,-14.2,14.1,211,0,0,0,0.5,0,0,0,-37.4,0,0,-11.408,0,0,10902,0:16:38,58,0,--.--,269,32,49,0000:00:00,63,0,0,0,40,0,0,0,0,0,0,1,29.83,11:45:48,9/22/2023,100.11,48.29,--.--
high,1,1171,19.52,15.18,14.73,2929,223.6014,2.35,45.14364467,45:49.5,-12.5,16.1,213,0,0,0,0.4,0,0,0,-37.3,0,0,-11.379,0,0,10902,0:16:39,57.1,0,--.--,269,31.2,48,0000:00:00,63,0,0,0,40,0,0,0,0,0,0,1,223.62,11:45:49,9/22/2023,100.11,48.29,--.--
high,1,1172,19.53,15.27,12.59,2932,192.2493,2.28,45.19704725,45:50.5,-13,14.2,210,0,0,0,0.4,0,0,0,-37.2,0,0,-11.354,0,0,10902,0:16:40,55.9,0,--.--,269,30.1,49,0000:00:00,63,0,0,0,40,0,0,0,0,0,0,1,192.19,11:45:50,9/22/2023,100.15,48.29,--.--
high,1,1173,19.55,15.54,2.36,2933,36.6744,1.56,45.20723458,45:51.5,-12.6,15.9,212,0,0,0,0.3,0,0,0,-37,0,0,-11.293,0,0,10902,0:16:41,55.2,0,--.--,272,29.8,50,0000:00:00,63,0,0,0,40,0,0,0,0,0,0,1,36.68,11:45:51,9/22/2023,100.15,48.29,--.--
high,1,1174,19.57,15.25,12.43,2938,189.5575,2.28,45.25988944,45:52.5,-14.6,15.5,212,0,0,0,0.2,0,0,0,-36.9,0,0,-11.247,0,0,11048.4,0:16:42,87,0,--.--,94,113,49,0000:00:00,63,0,0,0,40,0,0,0,0,0,0,1,189.56,11:45:52,9/22/2023,100.17,48.29,--.--
high,1,1175,19.58,15.17,15.3,2942,232.101,2.37,45.32436194,45:53.5,-13.4,16.5,212,0,0,0,0.1,0,0,0,-36.8,0,0,-11.221,0,0,11190.1,0:16:43,54.3,0,--.--,272,28.9,49,0000:00:00,63,0,0,0,40,0,0,0,0,0,0,1,232.09,11:45:53,9/22/2023,100.17,48.29,--.--
high,1,1176,19.6,15.27,12,2945,183.24,2.26,45.37526194,45:54.5,-14.3,14.8,210,0,0,0,0.1,0,0,-0.1,-37,0,0,-11.266,0,0,11190.1,0:16:44,53,0,--.--,272,27.6,49,0000:00:00,63,0,0,0,40,0,0,0,0,0,0,1,183.23,11:45:54,9/22/2023,100.18,48.29,--.--
high,1,1177,19.62,15.23,12.58,2949,191.5934,2.28,45.42848233,45:55.5,-13.7,12.1,207,0,0,0,0.3,0,0,-0.1,-37.4,0,0,-11.368,0,0,11190.1,0:16:45,52.2,0,--.--,272,26.8,50,0000:00:00,63,0,0,0,40,0,0,0,0,0,0,1,191.63,11:45:55,9/22/2023,100.18,48.29,--.--
high,1,1178,19.63,15.14,17.93,2953,271.4602,2.43,45.50388794,45:56.5,-19.3,5.6,176,0,0,0,0.5,0,0,0,-37.6,0,0,-11.457,0,0,11190.1,0:16:46,51.3,0,--.--,273,26.1,58,0000:00:00,63,0,0,0,40,0,0,0,0,0,0,1,271.39,11:45:56,9/22/2023,100.2,48.29,--.--
high,1,1179,19.65,15.1,15.02,2957,226.802,2.36,45.5668885,45:57.5,-18.2,8.6,161,0,0,0,0.2,0,0,0.1,-37.3,0,0,-11.388,0,0,11190.1,0:16:47,50.9,0,--.--,272,25.6,49,0000:00:00,63,0,0,0,40,0,0,0,0,0,0,1,226.82,11:45:57,9/22/2023,100.2,48.29,--.--
high,1,1180,19.67,15.15,15.26,2961,231.189,2.36,45.63110767,45:58.5,-20.8,9,154,0,0,0,0.2,0,0,-0.1,-37.3,0,0,-11.365,0,0,11469.3,0:16:48,50.2,0,--.--,274,25.3,42,0000:00:00,50,0,0,0,40,0,0,0,0,0,0,1,231.16,11:45:58,9/22/2023,100.22,48.29,--.--
high,1,1181,19.68,15.15,15.06,2965,228.159,2.36,45.69448517,45:59.5,-16.3,11.1,139,0,0,0,0.2,0,0,-0.1,-37.9,0,0,-11.538,0,0,11469.3,0:16:49,49.5,0,--.--,275,24.8,49,0000:00:00,42,0,0,0,40,0,0,0,0,0,0,1,228.2,11:45:59,9/22/2023,100.24,48.29,--.--
high,1,1182,19.7,15.5,1.54,2966,23.87,1.38,45.70111572,46:00.5,-16.2,11.3,140,0,0,0,0.1,0,0,-0.1,-38.4,0,0,-11.678,0,0,11469.3,0:16:50,49.2,0,--.--,276,24.9,49,0000:00:00,47,0,0,0,40,0,0,0,0,0,0,1,23.87,11:46:00,9/22/2023,100.24,48.29,--.--
high,1,1183,19.72,15.28,10.93,2969,167.0104,2.22,45.7475075,46:01.5,-19,9.8,140,0,0,0,0.1,0,0,-0.1,-38.6,0,0,-11.764,0,0,11469.3,0:16:51,48.6,0,--.--,276,24.3,50,0000:00:00,79,0,0,0,40,0,0,0,0,0,0,1,166.98,11:46:01,9/22/2023,100.24,48.29,--.--
high,1,1184,19.73,15.19,6.6,2971,100.254,2,45.77535583,46:02.5,-20.5,3.6,134,0,0,0,0.6,0,0,-0.2,-38.7,0,0,-11.788,0,0,11469.3,0:16:52,48.3,0,--.--,278,24.5,52,0000:00:00,100,0,0,0,40,0,0,0,0,0,0,1,100.23,11:46:02,9/22/2023,100.24,48.29,--.--
high,1,1185,19.75,15.06,17.37,2973,261.5922,2.42,45.84802033,46:03.5,-18.6,-1.4,118,0,0,0,0.7,0,0,0,-38.7,0,0,-11.81,0,0,11606.9,0:16:53,87,0,--.--,94,113,50,0000:00:00,100,0,0,0,40,0,0,0,0,0,0,1,261.52,11:46:03,9/22/2023,100.27,48.29,--.--
high,1,1186,19.77,15.25,11.18,2977,170.495,2.23,45.89538006,46:04.5,-19.7,-1.6,121,0,0,0,0.8,0,0,0,-38.5,0,0,-11.748,0,0,11742,0:16:54,48,0,--.--,279,24.6,49,0000:00:00,100,0,0,0,40,0,0,0,0,0,0,1,170.5,11:46:04,9/22/2023,100.27,48.29,--.--
high,1,1187,19.78,15.24,11.78,2980,179.5272,2.25,45.94524872,46:05.5,-19.9,-4.7,121,0,0,0,0.7,0,0,0,-38.6,0,0,-11.762,0,0,11742,0:16:55,47.4,0,--.--,278,23.8,49,0000:00:00,100,0,0,0,40,0,0,0,0,0,0,1,179.48,11:46:05,9/22/2023,100.27,48.29,--.--
high,1,1188,19.8,15.19,14.37,2984,218.2803,2.34,46.00588214,46:06.5,-21.4,-3,122,0,0,0,0.8,0,0,-0.1,-38.8,0,0,-11.82,0,0,11742,0:16:56,46.9,0,--.--,278,23.4,49,0000:00:00,100,0,0,0,40,0,0,0,0,0,0,1,218.27,11:46:06,9/22/2023,100.27,48.29,--.--
high,1,1189,19.82,15.14,14.37,2988,217.5618,2.34,46.06631597,46:07.5,-19.8,-1.9,125,0,0,0,0.7,0,0,0,-39.3,0,0,-11.944,0,0,11742,0:16:57,46.8,0,--.--,278,23.2,58,0000:00:00,100,0,0,0,40,0,0,0,0,0,0,1,217.5,11:46:07,9/22/2023,100.27,48.29,--.--
high,1,1190,19.83,14.99,20.6,2993,308.794,2.49,46.15209208,46:08.5,-25.4,4.6,139,0,0,0,0.8,0,0,0,-39.3,0,0,-11.978,0,0,11742,0:16:58,46.9,0,--.--,278,23.4,50,0000:00:00,100,0,0,0,40,0,0,0,0,0,0,1,308.88,11:46:08,9/22/2023,100.31,48.33,--.--
high,1,1191,19.85,15.13,14.8,2999,223.924,2.35,46.21429319,46:09.5,-24.2,2,139,0,0,0,0.8,0,0,0,-39.4,0,0,-11.997,0,0,12011,0:16:59,47,0,--.--,278,23.5,51,0000:00:00,100,0,0,0,40,0,0,0,0,0,0,1,223.85,11:46:09,9/22/2023,100.31,48.33,--.--
high,1,1192,19.87,15.11,17.12,3003,258.6832,2.41,46.28614964,46:10.5,-22.9,3.4,142,0,0,0,0.8,0,0,0,-39.4,0,0,-12.005,0,0,12011,0:17:00,47.4,0,--.--,279,24,53,0000:00:00,100,0,0,0,40,0,0,0,0,0,0,1,258.65,11:46:10,9/22/2023,100.31,48.33,--.--
high,1,1193,19.88,15.13,15.47,3008,234.0611,2.37,46.35116661,46:11.5,-21.6,4.1,145,0,0,0,0.8,0,0,0,-39.4,0,0,-12.018,0,0,12011,0:17:01,47.9,0,--.--,279,24.5,50,0000:00:00,100,0,0,0,40,0,0,0,0,0,0,1,234.05,11:46:11,9/22/2023,100.31,48.29,--.--
high,1,1194,19.9,15.12,15.28,3012,231.0336,2.36,46.41534261,46:12.5,-23.1,5.8,147,0,0,0,0.8,0,0,0,-39.6,0,0,-12.069,0,0,12011,0:17:02,48.5,0,--.--,279,24.9,57,0000:00:00,100,0,0,0,40,0,0,0,0,0,0,1,231.06,11:46:12,9/22/2023,100.33,48.29,--.--
high,1,1195,19.92,15.02,17.38,3017,261.0476,2.42,46.48785583,46:13.5,-21,9.5,168,0,0,0,0.7,0,0,0.1,-39.5,0,0,-12.042,0,0,12011,0:17:03,49.3,0,--.--,279,26,54,0000:00:00,100,0,0,0,40,0,0,0,0,0,0,1,261.1,11:46:13,9/22/2023,100.35,48.29,--.--
high,1,1196,19.93,15.07,17.96,3022,270.6572,2.43,46.56303839,46:14.5,-14.9,14.2,197,0,0,0,0.7,0,0,0.1,-39.2,0,0,-11.962,0,0,12145,0:17:04,87,0,--.--,94,113,54,0000:00:00,100,0,0,0,40,0,0,0,0,0,0,1,270.69,11:46:14,9/22/2023,100.35,48.33,--.--
high,1,1197,19.95,15.1,15.09,3026,227.859,2.36,46.62633256,46:15.5,-5,19,226,0,0,0,0.7,0,0,0.1,-38.8,0,0,-11.849,0,0,12283,0:17:05,53.3,0,--.--,264,26.9,54,0000:00:00,100,0,0,0,40,0,0,0,0,0,0,1,227.87,11:46:15,9/22/2023,100.36,48.33,--.--
high,1,1198,19.97,15.17,11.69,3031,177.3373,2.25,46.67559292,46:16.5,3.9,19.2,252,0,0,0,0.8,0,0,0.2,-38.3,0,0,-11.696,0,0,12292,0:17:06,55.8,0,--.--,257,29.2,59,0000:00:00,100,0,0,0,40,0,0,0,0,0,0,1,177.33,11:46:16,9/22/2023,100.36,48.29,--.--
high,1,1199,19.98,15.37,10.03,3034,154.1611,2.19,46.71841544,46:17.5,15,18.9,270,0,0,0,1,0,0,0.3,-37.5,0,0,-11.479,0,0,12299.3,0:17:07,53.9,0,--.--,264,27.4,68,0000:00:00,100,0,0,0,40,0,0,0,0,0,0,1,154.17,11:46:17,9/22/2023,100.36,48.29,--.--
high,1,1200,20,14.93,22.23,3037,331.8939,2.52,46.81060819,46:18.5,15.2,14.1,278,0,0,0,0.9,0,0,0.4,-36.4,0,0,-11.134,0,0,12299.3,0:17:08,53.3,0,--.--,267,27.2,64,0000:00:00,69,0,0,0,40,0,0,0,0,0,0,1,331.85,11:46:18,9/22/2023,100.35,48.29,--.--
high,1,1201,20.02,15.03,15.34,3043,230.5602,2.36,46.87465269,46:19.5,13.7,6,297,0,0,0,0.9,0,0,0.2,-35.5,0,0,-10.841,0,0,12307.1,0:17:09,52.4,0,--.--,272,27.1,62,0000:00:00,59,0,0,0,40,0,0,0,0,0,0,1,230.62,11:46:19,9/22/2023,100.35,48.29,--.--
high,1,1202,20.03,15.29,6.55,3046,100.1495,2,46.902472,46:20.5,17.2,7.1,299,0,0,0,0.7,0,0,0.2,-34.9,0,0,-10.669,0,0,12585.4,0:17:10,52.3,0,--.--,264,25.9,53,0000:00:00,59,0,0,0,40,0,0,0,0,0,0,1,100.18,11:46:20,9/22/2023,100.33,48.29,--.--
high,1,1203,20.05,15.13,15.43,3050,233.4559,2.37,46.96732086,46:21.5,17.4,8.9,282,0,0,0,0.9,0,0,0.1,-34.6,0,0,-10.553,0,0,12592.1,0:17:11,54.5,0,--.--,254,28.1,50,0000:00:00,51,0,0,0,40,0,0,0,0,0,0,1,233.44,11:46:21,9/22/2023,100.33,48.29,--.--
high,1,1204,20.07,15.33,5.54,3054,84.9282,1.93,46.99091203,46:22.5,12.5,17.1,269,0,0,0,0.8,0,0,0.2,-33.9,0,0,-10.363,0,0,12592.1,0:17:12,51.7,0,--.--,258,25.1,50,0000:00:00,51,0,0,0,40,0,0,0,0,0,0,1,84.95,11:46:22,9/22/2023,100.33,48.29,--.--
high,1,1205,20.08,15.12,16.74,3057,253.1088,2.4,47.06122003,46:23.5,17.9,6.9,280,0,0,0,0.5,0,0,0.1,-33.4,0,0,-10.185,0,0,12602.9,0:17:13,46.8,0,--.--,267,20.7,51,0000:00:00,51,0,0,0,40,0,0,0,0,0,0,1,253.14,11:46:23,9/22/2023,100.33,48.29,--.--
high,1,1206,20.1,14.93,22.69,3064,338.7617,2.53,47.1553205,46:24.5,21.3,6.9,306,0,0,0,0.3,0,0,0.2,-32.7,0,0,-9.999,0,0,12610.4,0:17:14,46.6,0,--.--,257,20,62,0000:00:00,51,0,0,0,40,0,0,0,0,0,0,1,338.83,11:46:24,9/22/2023,100.33,48.29,--.--
high,1,1207,20.12,15.16,3.94,3068,59.7304,1.78,47.17191228,46:25.5,20.2,2.2,327,0,0,0,0.5,0,0,0.1,-32.2,0,0,-9.821,0,0,12620.8,0:17:15,43.4,0,--.--,270,18,57,0000:00:00,51,0,0,0,40,0,0,0,0,0,0,1,59.74,11:46:25,9/22/2023,100.31,48.29,--.--
high,1,1208,20.13,15.05,12.66,3070,190.533,2.28,47.22483811,46:26.5,14.8,5.5,304,0,0,0,0.7,0,0,0.2,-31.8,0,0,-9.697,0,0,12620.8,0:17:16,43.6,0,--.--,264,17.2,55,0000:00:00,51,0,0,0,40,0,0,0,0,0,0,1,190.57,11:46:26,9/22/2023,100.27,48.29,--.--
high,1,1209,20.15,15.37,5.48,3074,84.2276,1.93,47.24823467,46:27.5,15.6,11.2,283,0,0,0,0.7,0,0,0.1,-31.4,0,0,-9.581,0,0,12643.3,0:17:17,41.3,0,--.--,277,17.9,50,0000:00:00,51,0,0,0,40,0,0,0,0,0,0,1,84.22,11:46:27,9/22/2023,100.27,48.29,--.--
high,1,1210,20.17,15.44,1.9,3077,29.336,1.47,47.25638356,46:28.5,18.6,9.6,278,0,0,0,0.8,0,0,0,-31.3,0,0,-9.537,0,0,12643.3,0:17:18,40.4,0,--.--,283,19.4,49,0000:00:00,51,0,0,0,40,0,0,0,0,0,0,1,29.34,11:46:28,9/22/2023,100.27,48.29,--.--
high,1,1211,20.18,15.33,13.9,3079,213.087,2.33,47.31557439,46:29.5,20.5,9.5,280,0,0,0,0.9,0,0,0,-31.2,0,0,-9.508,0,0,12650.3,0:17:19,39.3,0,--.--,287,19.9,51,0000:00:00,51,0,0,0,40,0,0,0,0,0,0,1,213.07,11:46:29,9/22/2023,100.27,48.29,--.--
high,1,1212,20.2,15.47,1.38,3080,21.3486,1.33,47.32150456,46:30.5,18.5,11.3,275,0,0,0,0.9,0,0,0,-31.1,0,0,-9.495,0,0,12650.3,0:17:20,38.7,0,--.--,287,19.8,50,0000:00:00,51,0,0,0,40,0,0,0,0,0,0,1,21.36,11:46:30,9/22/2023,100.27,48.27,--.--
high,1,1213,20.22,15.43,2.08,3080,32.0944,1.51,47.33041967,46:31.5,20.2,10.2,276,0,0,0,0.9,0,0,0,-31.1,0,0,-9.477,0,0,12900.1,0:17:21,37.8,0,--.--,287,19.1,50,0000:00:00,51,0,0,0,40,0,0,0,0,0,0,1,32.09,11:46:31,9/22/2023,100.27,48.27,--.--
high,1,1214,20.23,15.47,2.12,3081,32.7964,1.52,47.33952978,46:32.5,18,13.8,270,0,0,0,1,0,0,0,-31,0,0,-9.448,0,0,12900.1,0:17:22,36.2,0,--.--,289,18.5,52,0000:00:00,51,0,0,0,40,0,0,0,0,0,0,1,32.79,11:46:32,9/22/2023,100.27,48.29,--.--
high,1,1215,20.25,15.43,5.27,3084,81.3161,1.91,47.36211758,46:33.5,18.4,13.7,270,0,0,0,1,0,0,0.1,-30.9,0,0,-9.417,0,0,12900.1,0:17:23,34.1,0,--.--,290,17.5,50,0000:00:00,51,0,0,0,40,0,0,0,0,0,0,1,81.31,11:46:33,9/22/2023,100.27,48.29,--.--
high,1,1216,20.27,15.25,10.52,3086,160.43,2.21,47.40668147,46:34.5,19.2,14.4,270,0,0,0,1.1,0,0,0.1,-30.6,0,0,-9.342,0,0,12900.1,0:17:24,32.4,0,--.--,291,17.2,48,0000:00:00,51,0,0,0,40,0,0,0,0,0,0,1,160.44,11:46:34,9/22/2023,100.27,48.29,--.--
high,1,1217,20.28,15.3,10.58,3089,161.874,2.21,47.45164647,46:35.5,18.4,14.5,264,0,0,0,0.9,0,0,0.1,-30.3,0,0,-9.239,0,0,12907.5,0:17:25,30.8,0,--.--,292,16.5,49,0000:00:00,51,0,0,0,40,0,0,0,0,0,0,1,161.86,11:46:35,9/22/2023,100.24,48.27,--.--
high,1,1218,20.3,15.22,5.04,3090,76.7088,1.88,47.47295447,46:36.5,17.5,16.9,263,0,0,0,0.9,0,0,0.1,-30.1,0,0,-9.174,0,0,12907.5,0:17:26,30.8,0,--.--,292,16.5,49,0000:00:00,51,0,0,0,40,0,0,0,0,0,0,1,76.71,11:46:36,9/22/2023,100.24,48.27,--.--
high,1,1219,20.32,15.24,11.16,3091,170.0784,2.23,47.52019847,46:37.5,17.3,17.3,262,0,0,0,0.9,0,0,0,-30,0,0,-9.137,0,0,12907.5,0:17:27,27.2,0,--.--,294,15.9,49,0000:00:00,51,0,0,0,40,0,0,0,0,0,0,1,170.12,11:46:37,9/22/2023,100.24,48.27,--.--
high,1,1220,20.33,15.18,13.78,3095,209.1804,2.32,47.57830414,46:38.5,14.7,13.6,257,0,0,0,0.7,0,0,0,-30.1,0,0,-9.169,0,0,12907.5,0:17:28,26.1,0,--.--,294,16,50,0000:00:00,51,0,0,0,40,0,0,0,0,0,0,1,209.14,11:46:38,9/22/2023,100.24,48.29,--.--
high,1,1221,20.35,15.52,0.63,3095,9.7776,0.99,47.58102014,46:39.5,1.6,-8,244,0,0,0,0.6,0,0,-0.1,-30.2,0,0,-9.201,0,0,12914.2,0:17:29,24.3,0,--.--,295,16,49,0000:00:00,51,0,0,0,40,0,0,0,0,0,0,1,9.77,11:46:39,9/22/2023,100.24,48.27,--.--
high,1,1222,20.37,15.52,0.76,3097,11.7952,1.07,47.58429658,46:40.5,7.5,-9.4,230,0,0,0,0.5,0,0,0,-30.1,0,0,-9.166,0,0,12914.2,0:17:30,22.1,0,--.--,297,16.4,49,0000:00:00,51,0,0,0,40,0,0,0,0,0,0,1,11.79,11:46:40,9/22/2023,100.22,48.27,--.--
high,1,1223,20.38,15.52,0.61,3097,9.4672,0.98,47.58692636,46:41.5,12.7,-1.9,214,0,0,0,0.4,0,0,0,-30,0,0,-9.139,0,0,12914.2,0:17:31,21.4,0,--.--,298,16.7,49,0000:00:00,51,0,0,0,40,0,0,0,0,0,0,1,9.47,11:46:41,9/22/2023,100.22,48.27,--.--
high,1,1224,20.4,14.91,19.68,3099,293.4288,2.47,47.66843436,46:42.5,8.1,6.6,255,0,0,0,0.3,0,0,0.1,-29.9,0,0,-9.135,0,0,13130,0:17:32,19.5,0,--.--,303,18.3,63,0000:00:00,51,0,0,0,40,0,0,0,0,0,0,1,293.35,11:46:42,9/22/2023,100.22,48.29,--.--
high,1,1225,20.42,15.37,3.12,3103,47.9544,1.68,47.68175503,46:43.5,7.1,10.6,268,0,0,0,0.5,0,0,0.1,-29.6,0,0,-9.025,0,0,13130,0:17:33,18.5,0,--.--,302,18.2,49,0000:00:00,51,0,0,0,40,0,0,0,0,0,0,1,47.95,11:46:43,9/22/2023,100.22,48.27,--.--
high,1,1226,20.43,15.23,11.38,3105,173.3174,2.24,47.72989875,46:44.5,8.2,8.2,265,0,0,0,0.5,0,0,0,-29.3,0,0,-8.947,0,0,13130,0:17:34,16.8,0,--.--,304,19,51,0000:00:00,51,0,0,0,40,0,0,0,0,0,0,1,173.35,11:46:44,9/22/2023,100.22,48.27,--.--
high,1,1227,20.45,15.22,12.39,3108,188.5758,2.28,47.78228092,46:45.5,7.6,13.5,265,0,0,0,0.6,0,0,0.1,-29.2,0,0,-8.908,0,0,13137.1,0:17:35,13.4,0,--.--,306,20,49,0000:00:00,56,0,0,0,40,0,0,0,0,0,0,1,188.54,11:46:45,9/22/2023,100.22,48.27,--.--
high,1,1228,20.47,15.28,10.88,3112,166.2464,2.22,47.82846047,46:46.5,7.7,9,265,0,0,0,0.3,0,0,0,-29.2,0,0,-8.9,0,0,13137.1,0:17:36,12.1,0,--.--,312,21.7,50,0000:00:00,52,0,0,0,40,0,0,0,0,0,0,1,166.25,11:46:46,9/22/2023,100.22,48.29,--.--
high,1,1229,20.48,15.49,1.31,3113,20.2919,1.31,47.83409711,46:47.5,7.4,7.3,262,0,0,0,0.1,0,0,0.1,-29.1,0,0,-8.881,0,0,13235.8,0:17:37,87,0,--.--,94,113,51,0000:00:00,20,0,0,0,40,0,0,0,0,0,0,1,20.29,11:46:47,9/22/2023,100.22,48.27,--.--
high,1,1230,20.5,15.47,2.45,3114,37.9015,1.58,47.84462531,46:48.5,7.8,8.6,266,0,0,0,0.3,0,0,0.1,-28.9,0,0,-8.808,0,0,13330.3,0:17:38,9.5,0,--.--,314,22.5,48,0000:00:00,0,0,0,0,40,0,0,0,0,0,0,1,37.9,11:46:48,9/22/2023,100.22,48.27,--.--
high,1,1231,20.52,15.23,8.75,3116,133.2625,2.12,47.88164267,46:49.6,8.6,15.1,270,0,0,0,0.2,0,0,-0.1,-28.9,0,0,-8.805,0,0,13330.3,0:17:39,7.2,0,--.--,325,24.6,45,0000:00:00,0,0,0,0,40,0,0,0,0,0,0,1,133.25,11:46:49,9/22/2023,100.2,48.27,--.--
high,1,1232,20.53,15.25,11.96,3119,182.39,2.26,47.93230656,46:50.5,7.3,10.9,267,0,0,0,0.3,0,0,0,-29,0,0,-8.853,0,0,13330.3,0:17:40,5.1,0,--.--,347,27,49,0000:00:00,26,0,0,0,40,0,0,0,0,0,0,1,182.35,11:46:50,9/22/2023,100.2,48.27,--.--
high,1,1233,20.55,15.35,9.54,3120,146.439,2.17,47.97298406,46:51.5,8.6,8.1,266,0,0,0,0.4,0,0,0.1,-28.8,0,0,-8.79,0,0,13337.3,0:17:41,4.6,0,--.--,12,28.7,48,0000:00:00,30,0,0,0,40,0,0,0,0,0,0,1,146.43,11:46:51,9/22/2023,100.2,48.27,--.--
high,1,1234,20.57,15.24,17.85,3124,272.034,2.43,48.04854906,46:52.5,6.6,15,268,0,0,0,0.4,0,0,0.1,-28.4,0,0,-8.674,0,0,13337.3,0:17:42,5,0,--.--,39,30.7,48,0000:00:00,30,0,0,0,40,0,0,0,0,0,0,1,271.98,11:46:52,9/22/2023,100.2,48.27,--.--
high,1,1235,20.58,15.27,9.98,3128,152.3946,2.18,48.09088089,46:53.5,8.8,8.5,269,0,0,0,0.3,0,0,0.1,-28.3,0,0,-8.62,0,0,13424.9,0:17:43,87,0,--.--,94,113,50,0000:00:00,30,0,0,0,40,0,0,0,0,0,0,1,152.38,11:46:53,9/22/2023,100.2,48.27,--.--
high,1,1236,20.6,15.23,3.72,3128,56.6556,1.75,48.10661856,46:54.5,8.6,8.7,270,0,0,0,0.2,0,0,0.1,-28.2,0,0,-8.59,0,0,13507.6,0:17:44,8.4,0,--.--,70,35,50,0000:00:00,30,0,0,0,40,0,0,0,0,0,0,1,56.67,11:46:54,9/22/2023,100.2,48.27,--.--
high,1,1237,20.62,15.5,1.12,3130,17.36,1.24,48.11144078,46:55.5,8.6,9.3,268,0,0,0,0.2,0,0,0,-28.3,0,0,-8.611,0,0,13507.6,0:17:45,11,0,--.--,76,37.6,50,0000:00:00,30,0,0,0,40,0,0,0,0,0,0,1,17.36,11:46:55,9/22/2023,100.2,48.27,--.--
high,1,1238,20.63,15.38,5.87,3131,90.2806,1.96,48.13651872,46:56.5,8.1,6.2,266,0,0,0,0.3,0,0,-0.1,-28.4,0,0,-8.66,0,0,13515.2,0:17:46,13.6,0,--.--,81,40.2,54,0000:00:00,30,0,0,0,40,0,0,0,0,0,0,1,90.3,11:46:56,9/22/2023,100.2,48.27,--.--
high,1,1239,20.65,15.18,14.27,3135,216.6186,2.34,48.19669056,46:57.5,7.8,8.6,266,0,0,0,0.3,0,0,0,-28.5,0,0,-8.691,0,0,13515.2,0:17:47,15.9,0,--.--,81,42.5,49,0000:00:00,30,0,0,0,40,0,0,0,0,0,0,1,216.63,11:46:57,9/22/2023,100.2,48.29,--.--
high,1,1240,20.67,15.49,9.7,3137,150.253,2.18,48.2384275,46:58.5,7.8,12.5,267,0,0,0,0.2,0,0,0,-28.5,0,0,-8.685,0,0,13515.2,0:17:48,16.7,0,--.--,84,43.3,50,0000:00:00,30,0,0,0,40,0,0,0,0,0,0,1,150.21,11:46:58,9/22/2023,100.2,48.27,--.--
high,1,1241,20.68,15.49,1.59,3138,24.6291,1.39,48.24526892,46:59.5,8.1,13.2,268,0,0,0,0.3,0,0,0,-28.3,0,0,-8.646,0,0,13660,0:17:49,17.7,0,--.--,85,44.3,50,0000:00:00,30,0,0,0,40,0,0,0,0,0,0,1,24.63,11:46:59,9/22/2023,100.2,48.29,--.--
high,1,1242,20.7,15.39,9.81,3141,150.9759,2.18,48.28720667,47:00.5,10.1,8,283,0,0,0,0.3,0,0,0.1,-28.2,0,0,-8.603,0,0,13660,0:17:50,20,0,--.--,86,46.6,56,0000:00:00,30,0,0,0,40,0,0,0,0,0,0,1,150.98,11:47:00,9/22/2023,100.2,48.29,--.--
high,1,1243,20.72,15.48,4.51,3144,69.8148,1.84,48.30659967,47:01.5,10.1,5.4,290,0,0,0,0.3,0,0,0.2,-27.7,0,0,-8.467,0,0,13660,0:17:51,21.5,0,--.--,87,48,52,0000:00:00,30,0,0,0,40,0,0,0,0,0,0,1,69.8,11:47:01,9/22/2023,100.2,48.27,--.--
high,1,1244,20.73,15.39,3.35,3145,51.5565,1.71,48.32092092,47:02.5,10.9,11.7,298,0,0,0,0.3,0,0,0.4,-27.1,0,0,-8.271,0,0,13660,0:17:52,23.4,0,--.--,90,49.8,70,0000:00:00,30,0,0,0,40,0,0,0,0,0,0,1,51.57,11:47:02,9/22/2023,100.2,48.29,--.--
high,1,1245,20.75,15.24,11.06,3148,168.5544,2.23,48.36774158,47:03.5,11.4,9.6,299,0,0,0,0.3,0,0,0.4,-26,0,0,-7.966,0,0,13667.1,0:17:53,24.6,0,--.--,90,51,70,0000:00:00,30,0,0,0,40,0,0,0,0,0,0,1,168.57,11:47:03,9/22/2023,100.2,48.29,--.--
high,1,1246,20.77,15.21,3.06,3151,46.5426,1.67,48.38067008,47:04.5,11,4.1,310,0,0,0,0.3,0,0,0.2,-25.1,0,0,-7.669,0,0,13667.1,0:17:54,25.6,0,--.--,88,52,49,0000:00:00,30,0,0,0,40,0,0,0,0,0,0,1,46.53,11:47:04,9/22/2023,100.2,48.29,--.--
high,1,1247,20.78,15.37,7.38,3152,113.4306,2.05,48.41217858,47:05.5,12.5,7.6,316,0,0,0,0.3,0,0,0.4,-24.3,0,0,-7.425,0,0,13667.1,0:17:55,26.4,0,--.--,87,52.9,70,0000:00:00,30,0,0,0,40,0,0,0,0,0,0,1,113.44,11:47:05,9/22/2023,100.18,48.29,--.--
high,1,1248,20.8,15.23,11.62,3155,176.9726,2.25,48.46133764,47:06.5,9.9,4,320,0,0,0,0.3,0,0,0.2,-23,0,0,-7.035,0,0,13667.1,0:17:56,27.7,0,--.--,89,54.1,49,0000:00:00,12,0,0,0,40,0,0,0,0,0,0,1,177,11:47:06,9/22/2023,100.18,48.27,--.--
high,1,1249,20.82,15.47,4.92,3156,76.1124,1.88,48.48247997,47:07.6,10.1,-1,335,0,0,0,0.3,0,0,0.2,-22.3,0,0,-6.801,0,0,13667.1,0:17:57,29.7,0,--.--,90,56.1,55,0000:00:00,12,0,0,0,40,0,0,0,0,0,0,1,76.13,11:47:07,9/22/2023,100.18,48.27,--.--
high,1,1250,20.83,15.47,2,3157,30.94,1.49,48.49107442,47:08.5,10.5,-0.3,359,0,0,0,0.3,0,0,0.3,-21.3,0,0,-6.534,0,0,13667.1,0:17:58,30.9,0,--.--,90,57.3,58,0000:00:00,12,0,0,0,40,0,0,0,0,0,0,1,30.94,11:47:08,9/22/2023,100.18,48.27,--.--
high,1,1251,20.85,15.31,1.96,3158,30.0076,1.48,48.49940986,47:09.5,9.4,0.5,13,0,0,0,0.2,0,0,0.4,-20.3,0,0,-6.215,0,0,13674.2,0:17:59,31.7,0,--.--,90,58.1,70,0000:00:00,12,0,0,0,40,0,0,0,0,0,0,1,30,11:47:09,9/22/2023,100.17,48.27,--.--
high,1,1252,20.87,15.52,3.07,3160,47.6464,1.68,48.51264497,47:10.6,6.9,0.8,25,0,0,0,0.2,0,0,0.2,-19.2,0,0,-5.868,0,0,13784.2,0:18:00,33.4,0,--.--,90,59.7,49,0000:00:00,12,0,0,0,40,0,0,0,0,0,0,1,47.63,11:47:10,9/22/2023,100.17,48.27,--.--
high,1,1253,20.88,15.49,0.82,3161,12.7018,1.1,48.51617325,47:11.5,5,-1.4,42,0,0,0,0.2,0,0,0.1,-18.8,0,0,-5.744,0,0,13784.2,0:18:01,35,0,--.--,91,57.3,49,0000:00:00,12,0,0,0,40,0,0,0,0,0,0,1,12.7,11:47:11,9/22/2023,100.17,48.27,--.--
high,1,1254,20.9,15.19,8.65,3162,131.3935,2.12,48.55267144,47:12.5,3.9,1.5,51,0,0,0,0.2,0,0,0.1,-18.6,0,0,-5.665,0,0,13784.2,0:18:02,35.7,0,--.--,90,58,49,0000:00:00,12,0,0,0,40,0,0,0,0,0,0,1,131.38,11:47:12,9/22/2023,100.17,48.27,--.--
high,1,1255,20.92,15.21,12.6,3165,191.646,2.28,48.60590644,47:13.5,6.1,-8.5,47,0,0,0,0.3,0,0,-0.1,-18.4,0,0,-5.615,0,0,13784.2,0:18:03,38,0,--.--,91,64.3,43,0000:00:00,12,0,0,0,40,0,0,0,0,0,0,1,191.65,11:47:13,9/22/2023,100.17,48.27,--.--
high,1,1256,20.93,15.19,12.61,3169,191.5459,2.28,48.65911364,47:14.5,7.5,-5,56,0,0,0,0.3,0,0,-0.1,-18.6,0,0,-5.678,0,0,13790.8,0:18:04,39,0,--.--,93,65.2,50,0000:00:00,12,0,0,0,40,0,0,0,0,0,0,1,191.48,11:47:14,9/22/2023,100.17,48.27,--.--
high,1,1257,20.95,15.18,16.87,3172,256.0866,2.41,48.73024881,47:15.5,8,-2.4,59,0,0,0,0.3,0,0,-0.1,-19,0,0,-5.773,0,0,13790.8,0:18:05,39.4,0,--.--,94,65.6,49,0000:00:00,12,0,0,0,40,0,0,0,0,0,0,1,256,11:47:15,9/22/2023,100.15,48.27,--.--
high,1,1258,20.97,15.2,16.91,3176,257.032,2.41,48.80164658,47:16.6,7,-5.6,64,0,0,0,0.3,0,0,-0.1,-19.3,0,0,-5.866,0,0,13790.8,0:18:06,39.8,0,--.--,94,65.9,49,0000:00:00,12,0,0,0,40,0,0,0,0,0,0,1,256.98,11:47:16,9/22/2023,100.15,48.29,--.--
high,1,1259,20.98,15.2,12.88,3180,195.776,2.29,48.85602881,47:17.6,8.6,-6.2,59,0,0,0,0.2,0,0,-0.1,-19.5,0,0,-5.95,0,0,13790.8,0:18:07,39.7,0,--.--,93,65.9,49,0000:00:00,12,0,0,0,40,0,0,0,0,0,0,1,195.71,11:47:17,9/22/2023,100.17,48.29,--.--
high,1,1260,21,15.19,12.35,3184,187.5965,2.27,48.90813894,47:18.6,7.1,-5.5,59,0,0,0,0.2,0,0,-0.1,-19.8,0,0,-6.016,0,0,13790.8,0:18:08,39.9,0,--.--,94,66,50,0000:00:00,12,0,0,0,40,0,0,0,0,0,0,1,187.55,11:47:18,9/22/2023,100.15,48.29,--.--
high,1,1261,21.02,15.19,12.34,3187,187.4446,2.27,48.96020689,47:19.6,7,-4.4,60,0,0,0,0.3,0,0,0,-19.9,0,0,-6.073,0,0,13790.8,0:18:09,40,0,--.--,94,66.1,50,0000:00:00,12,0,0,0,40,0,0,0,0,0,0,1,187.43,11:47:19,9/22/2023,100.17,48.29,--.--
high,1,1262,21.03,15.24,10.09,3191,153.7716,2.19,49.00292122,47:20.6,6.8,-8.9,57,0,0,0,0.4,0,0,0,-20.1,0,0,-6.132,0,0,13790.8,0:18:10,40,0,--.--,95,66.1,49,0000:00:00,12,0,0,0,40,0,0,0,0,0,0,1,153.74,11:47:20,9/22/2023,100.17,48.29,--.--
high,1,1263,21.05,15.14,10.15,3193,153.671,2.19,49.04560761,47:21.6,10.4,-3.2,58,0,0,0,0.4,0,0,0.2,-20.3,0,0,-6.183,0,0,13886.1,0:18:11,39.8,0,--.--,94,65.9,55,0000:00:00,12,0,0,0,40,0,0,0,0,0,0,1,153.72,11:47:21,9/22/2023,100.17,48.29,--.--
high,1,1264,21.07,15.26,10.22,3198,155.9572,2.19,49.08892906,47:22.6,9,-4.2,51,0,0,0,0.4,0,0,-0.1,-20.3,0,0,-6.185,0,0,13886.1,0:18:12,39.9,0,--.--,95,65.9,48,0000:00:00,12,0,0,0,40,0,0,0,0,0,0,1,155.93,11:47:22,9/22/2023,100.17,48.29,--.--
high,1,1265,21.08,15.18,14.1,3201,214.038,2.33,49.14838406,47:23.6,8.1,-4.9,56,0,0,0,0.4,0,0,-0.1,-20.7,0,0,-6.302,0,0,13886.1,0:18:13,39.9,0,--.--,95,65.9,49,0000:00:00,12,0,0,0,40,0,0,0,0,0,0,1,214.04,11:47:23,9/22/2023,100.17,48.29,--.--
high,1,1266,21.1,15.13,10.23,3204,154.7799,2.19,49.19137847,47:24.6,8.1,-1.4,45,0,0,0,0.5,0,0,-0.1,-20.9,0,0,-6.362,0,0,13886.1,0:18:14,39.9,0,--.--,97,65.7,50,0000:00:00,12,0,0,0,40,0,0,0,0,0,0,1,154.79,11:47:24,9/22/2023,100.17,48.29,--.--
high,1,1267,21.12,15.23,10.5,3207,159.915,2.2,49.23579931,47:25.6,9.9,-5.8,49,0,0,0,0.5,0,0,-0.1,-21,0,0,-6.414,0,0,13886.1,0:18:15,39.5,0,--.--,96,65.5,50,0000:00:00,12,0,0,0,40,0,0,0,0,0,0,1,159.87,11:47:25,9/22/2023,100.18,48.27,--.--
high,1,1268,21.13,15.23,10.32,3210,157.1736,2.2,49.27945864,47:26.6,7.9,-4,59,0,0,0,0.5,0,0,-0.1,-21.2,0,0,-6.446,0,0,13886.1,0:18:16,39.9,0,--.--,99,65.7,46,0000:00:00,12,0,0,0,40,0,0,0,0,0,0,1,157.2,11:47:26,9/22/2023,100.17,48.29,--.--
high,1,1269,21.15,15.21,11.83,3214,179.9343,2.26,49.32944039,47:27.6,6.9,-0.9,69,0,0,0,0.4,0,0,-0.1,-21.4,0,0,-6.521,0,0,13886.1,0:18:17,40.2,0,--.--,100,65.8,49,0000:00:00,12,0,0,0,40,0,0,0,0,0,0,1,179.95,11:47:27,9/22/2023,100.17,48.27,--.--
high,1,1270,21.17,15.22,11.57,3217,176.0954,2.25,49.37835578,47:28.6,10.9,-4,87,0,0,0,0.4,0,0,-0.1,-21.7,0,0,-6.622,0,0,13886.1,0:18:18,40.6,0,--.--,101,66,49,0000:00:00,12,0,0,0,40,0,0,0,0,0,0,1,176.15,11:47:28,9/22/2023,100.17,48.29,--.--
high,1,1271,21.18,15.21,10.79,3220,164.1159,2.22,49.42394353,47:29.6,8.7,-7.3,83,0,0,0,0.3,0,0,-0.1,-22.1,0,0,-6.717,0,0,13886.1,0:18:19,40.9,0,--.--,101,66.3,50,0000:00:00,12,0,0,0,40,0,0,0,0,0,0,1,164.09,11:47:29,9/22/2023,100.17,48.27,--.--
high,1,1272,21.2,15.19,11.37,3223,172.7103,2.24,49.47191861,47:30.6,9.4,-7.5,69,0,0,0,0.3,0,0,-0.1,-22.3,0,0,-6.801,0,0,13886.1,0:18:20,41.3,0,--.--,102,66.7,49,0000:00:00,12,0,0,0,40,0,0,0,0,0,0,1,172.74,11:47:30,9/22/2023,100.17,48.29,--.--
high,1,1273,21.22,15.22,10.26,3226,156.1572,2.19,49.51529561,47:31.6,9.9,-7,71,0,0,0,0.3,0,0,-0.1,-22.7,0,0,-6.915,0,0,13892.9,0:18:21,41.5,0,--.--,102,66.8,66,0000:00:00,12,0,0,0,40,0,0,0,0,0,0,1,156.15,11:47:31,9/22/2023,100.17,48.27,--.--
high,1,1274,21.23,14.99,15.21,3230,227.9979,2.36,49.57862836,47:32.6,11,-1.9,65,0,0,0,0.3,0,0,0.1,-22.8,0,0,-6.957,0,0,13985.5,0:18:22,41.4,0,--.--,102,66.8,70,0000:00:00,12,0,0,0,40,0,0,0,0,0,0,1,228,11:47:32,9/22/2023,100.17,48.27,--.--
high,1,1275,21.25,14.95,20.35,3235,304.2325,2.48,49.66313739,47:33.6,10.7,-4.2,61,0,0,0,0.3,0,0,0.1,-22.5,0,0,-6.855,0,0,13985.5,0:18:23,41.2,0,--.--,101,66.7,70,0000:00:00,12,0,0,0,40,0,0,0,0,0,0,1,304.25,11:47:33,9/22/2023,100.17,48.27,--.--
high,1,1276,21.27,14.94,20.5,3241,306.27,2.49,49.74821239,47:34.6,10.5,-2.9,61,0,0,0,0.4,0,0,0.2,-21.7,0,0,-6.64,0,0,13985.5,0:18:24,41.2,0,--.--,102,66.6,70,0000:00:00,12,0,0,0,40,0,0,0,0,0,0,1,306.33,11:47:34,9/22/2023,100.17,48.27,--.--
high,1,1277,21.28,14.91,20.96,3246,312.5136,2.49,49.83502172,47:35.6,10.7,-2.3,61,0,0,0,0.3,0,0,0.3,-20.7,0,0,-6.338,0,0,13985.5,0:18:25,41.3,0,--.--,103,66.6,70,0000:00:00,12,0,0,0,40,0,0,0,0,0,0,1,312.58,11:47:35,9/22/2023,100.17,48.27,--.--
high,1,1278,21.3,14.85,22.33,3252,331.6005,2.52,49.92713297,47:36.6,11,-2.8,61,0,0,0,0.3,0,0,0.3,-19.7,0,0,-6.018,0,0,13985.5,0:18:26,41.6,0,--.--,104,66.7,70,0000:00:00,12,0,0,0,40,0,0,0,0,0,0,1,331.65,11:47:36,9/22/2023,100.17,48.27,--.--
high,1,1279,21.32,14.85,22.16,3259,329.076,2.52,50.01854297,47:37.6,11,-7.4,60,0,0,0,0.2,0,0,0.1,-18.8,0,0,-5.751,0,0,13985.5,0:18:27,41.5,0,--.--,102,66.8,50,0000:00:00,12,0,0,0,40,0,0,0,0,0,0,1,329.16,11:47:37,9/22/2023,100.17,48.25,--.--
high,0,1280,21.33,15.09,13.25,3264,199.9425,2.3,50.07408256,47:38.6,9.7,-9,60,0,0,0,0.1,0,0,-0.1,-19,0,0,-5.788,0,0,13985.5,0:18:28,41.8,0,--.--,103,67,50,0000:00:00,12,0,0,0,40,0,0,0,0,0,0,1,199.97,11:47:38,9/22/2023,100.18,48.25,--.--
high,0,1281,21.35,15.22,18.32,3268,278.8304,2.45,50.15153544,47:39.6,10.5,-0.7,60,0,0,0,0.2,0,0,0.2,-19.2,0,0,-5.851,0,0,13985.5,0:18:29,42.2,0,--.--,103,67.4,69,0000:00:00,12,0,0,0,40,0,0,0,0,0,0,1,278.81,11:47:39,9/22/2023,100.18,48.25,--.--
high,0,1282,21.37,14.87,21.79,3272,324.0173,2.51,50.24154025,47:40.6,10.8,-4.6,47,0,0,0,0.2,0,0,0.2,-18.5,0,0,-5.643,0,0,13985.5,0:18:30,42.6,0,--.--,103,67.8,68,0000:00:00,12,0,0,0,40,0,0,0,0,0,0,1,323.93,11:47:40,9/22/2023,100.18,48.27,--.--
high,0,1283,21.38,14.89,21.54,3278,320.7306,2.51,50.33063208,47:41.6,11.6,-3.1,37,0,0,0,0.3,0,0,0.2,-17.6,0,0,-5.372,0,0,13985.5,0:18:31,42.9,0,--.--,104,68,69,0000:00:00,12,0,0,0,40,0,0,0,0,0,0,1,320.67,11:47:41,9/22/2023,100.18,48.25,--.--
high,0,1284,21.4,14.89,21.1,3284,314.179,2.5,50.41790403,47:42.6,11.5,1.5,28,0,0,0,0.3,0,0,0.2,-16.8,0,0,-5.143,0,0,13985.5,0:18:32,43,0,--.--,104,68.1,69,0000:00:00,12,0,0,0,40,0,0,0,0,0,0,1,314.12,11:47:42,9/22/2023,100.18,48.25,--.--
high,0,1285,21.42,14.88,21.63,3290,321.8544,2.51,50.50730803,47:43.6,11.3,-2.9,20,0,0,0,0.4,0,0,0.1,-16.2,0,0,-4.947,0,0,14077,0:18:33,43.4,0,--.--,105,68.3,70,0000:00:00,12,0,0,0,40,0,0,0,0,0,0,1,321.88,11:47:43,9/22/2023,100.18,48.22,--.--
high,0,1286,21.43,14.82,23.08,3296,342.0456,2.53,50.60232069,47:44.6,12.2,0.2,19,0,0,0,0.3,0,0,0.2,-15.7,0,0,-4.782,0,0,14077,0:18:34,43.8,0,--.--,105,68.7,70,0000:00:00,12,0,0,0,40,0,0,0,0,0,0,1,341.98,11:47:44,9/22/2023,100.18,48.25,--.--
high,0,1287,21.45,14.82,22.2,3302,329.004,2.52,50.69371069,47:45.6,11.8,1.2,19,0,0,0,0.3,0,0,0.2,-15,0,0,-4.576,0,0,14077,0:18:35,44.1,0,--.--,105,69,70,0000:00:00,12,0,0,0,40,0,0,0,0,0,0,1,328.94,11:47:45,9/22/2023,100.18,48.29,--.--
high,0,1288,21.47,14.85,21.84,3308,324.324,2.51,50.78380069,47:46.6,11.9,-0.8,18,0,0,0,0.3,0,0,0.2,-14.2,0,0,-4.351,0,0,14077,0:18:36,44.6,0,--.--,106,69.5,70,0000:00:00,12,0,0,0,40,0,0,0,0,0,0,1,324.32,11:47:46,9/22/2023,100.18,48.29,--.--
high,0,1289,21.48,14.81,22.88,3314,338.8528,2.53,50.87792647,47:47.6,12.5,-1.4,15,0,0,0,0.3,0,0,0.3,-13.3,0,0,-4.07,0,0,14077,0:18:37,45.4,0,--.--,108,70,70,0000:00:00,12,0,0,0,40,0,0,0,0,0,0,1,338.9,11:47:47,9/22/2023,100.2,48.29,--.--
high,0,1290,21.5,15.01,14.82,3320,222.4482,2.35,50.93971764,47:48.6,13,-3,8,0,0,0,0.2,0,0,0.3,-12.3,0,0,-3.758,0,0,14122.2,0:18:38,87,0,--.--,94,113,70,0000:00:00,12,0,0,0,40,0,0,0,0,0,0,1,222.49,11:47:48,9/22/2023,100.18,48.34,--.--
high,0,1291,21.52,14.63,43.12,3327,630.8456,2.8,51.11495253,47:49.6,19.3,-15.2,353,0,0,0,0.3,0,0,0.2,-11.5,0,0,-3.505,0,0,14166.1,0:18:39,47.3,0,--.--,111,71.3,69,0000:00:00,12,0,0,0,40,0,0,0,0,0,0,1,630.85,11:47:49,9/22/2023,100.18,48.34,--.--
high,0,1292,21.53,13.72,60.39,3342,828.5508,2.92,51.34510553,47:50.6,24.5,-13.1,323,0,0,0,0.1,0,0,0.2,-10.9,0,0,-3.321,0,0,14166.1,0:18:40,48.8,0,--.--,112,72.7,69,0000:00:00,12,0,0,0,40,0,0,0,0,0,0,1,828.37,11:47:50,9/22/2023,100.18,48.34,--.--
high,0,1293,21.55,13.54,70.31,3360,951.9974,2.98,51.60954925,47:51.6,7.2,14.6,282,0,0,0,0.3,0,0,0.3,-10.2,0,0,-3.103,0,0,14166.1,0:18:41,50.8,0,--.--,115,74,69,0000:00:00,12,0,0,0,40,0,0,0,0,0,0,1,951.65,11:47:51,9/22/2023,100.17,48.36,--.--
high,0,1294,21.57,13.85,47.79,3378,661.8915,2.82,51.793408,47:52.6,-6.3,16.1,283,0,0,0,0.2,0,0,0.4,-9.6,0,0,-2.926,0,0,14172.9,0:18:42,52,0,--.--,116,75,70,0000:00:00,12,0,0,0,40,0,0,0,0,0,0,1,661.8,11:47:52,9/22/2023,100.18,48.36,--.--
high,0,1295,21.58,14.08,46.81,3391,659.0848,2.82,51.97648711,47:53.6,-11.7,13.8,267,0,0,0,0.5,0,0,0.4,-8.4,0,0,-2.582,0,0,14172.9,0:18:43,52.5,0,--.--,117,75.3,69,0000:00:00,12,0,0,0,40,0,0,0,0,0,0,1,659.18,11:47:53,9/22/2023,100.2,48.38,--.--
high,0,1296,21.6,14.36,32.09,3404,460.8124,2.66,52.10449056,47:54.6,-9.6,19.5,276,0,0,0,0.2,0,0,0.4,-7.2,0,0,-2.193,0,0,14216.2,0:18:44,87,0,--.--,94,113,69,0000:00:00,12,0,0,0,40,0,0,0,0,0,0,1,460.81,11:47:54,9/22/2023,100.22,48.42,--.--
high,0,1297,21.62,14.19,53.97,3415,765.8343,2.88,52.31722231,47:55.6,-11.8,15.3,265,0,0,0,0.4,0,0,0.3,-6,0,0,-1.827,0,0,14259.7,0:18:45,53.5,0,--.--,117,76.3,69,0000:00:00,12,0,0,0,40,0,0,0,0,0,0,1,765.73,11:47:55,9/22/2023,100.24,48.42,--.--
high,0,1298,21.63,13.99,49.82,3429,696.9818,2.84,52.51082836,47:56.6,-11,17.8,261,0,0,0,0.3,0,0,0.4,-4.8,0,0,-1.466,0,0,14259.7,0:18:46,54.1,0,--.--,118,72.8,69,0000:00:00,12,0,0,0,40,0,0,0,0,0,0,1,696.93,11:47:56,9/22/2023,100.24,48.43,--.--
high,0,1299,21.65,14.06,45.12,3441,634.3872,2.8,52.68704703,47:57.6,-13.8,18.7,256,0,0,0,0.5,0,0,0.4,-3.2,0,0,-1,0,0,14259.7,0:18:47,55.2,0,--.--,119,73.7,69,0000:00:00,12,0,0,0,40,0,0,0,0,0,0,1,634.48,11:47:57,9/22/2023,100.27,48.43,--.--
high,0,1300,21.67,14.22,30.32,3453,431.1504,2.63,52.80681103,47:58.6,-12.7,21.9,260,0,0,0,0.3,0,0,0.4,-2.1,0,0,-0.638,0,0,14259.7,0:18:48,55.3,0,--.--,119,73.8,69,0000:00:00,12,0,0,0,40,0,0,0,0,0,0,1,431.3,11:47:58,9/22/2023,100.27,48.45,--.--
high,0,1301,21.68,14.56,25.99,3461,378.4144,2.58,52.91192614,47:59.6,-12.7,18.2,257,0,0,0,0.4,0,0,0.3,-1.2,0,0,-0.361,0,0,14259.7,0:18:49,55.6,0,--.--,120,74,70,0000:00:00,12,0,0,0,40,0,0,0,0,0,0,1,378.36,11:47:59,9/22/2023,100.33,48.51,--.--
high,0,1302,21.7,14.67,24.13,3468,353.9871,2.55,53.01025589,48:00.6,-5.6,15.3,265,0,0,0,0.4,0,0,-0.1,-0.7,0,0,-0.225,0,0,14347.8,0:18:50,56.1,0,--.--,121,74.3,52,0000:00:00,12,0,0,0,40,0,0,0,0,0,0,1,353.91,11:48:00,9/22/2023,100.35,48.51,--.--
high,0,1303,21.72,14.6,2.32,3475,33.872,1.53,53.01966478,48:01.6,-16.5,14.4,247,0,0,0,0.5,0,0,-0.1,-1.3,0,0,-0.389,0,0,14347.8,0:18:51,56,0,--.--,120,74.3,51,0000:00:00,12,0,0,0,40,0,0,0,0,0,0,1,33.87,11:48:01,9/22/2023,100.36,48.52,--.--
high,0,1304,21.73,15.19,3.3,3476,50.127,1.7,53.03358894,48:02.6,-22.4,5.7,230,0,0,0,0.4,0,0,0,-1.4,0,0,-0.424,0,0,14347.8,0:18:52,56.4,0,--.--,120,74.6,52,0000:00:00,12,0,0,0,40,0,0,0,0,0,0,1,50.11,11:48:02,9/22/2023,100.38,48.58,--.--
high,0,1305,21.75,14.96,12.74,3478,190.5904,2.28,53.08653072,48:03.6,-23.7,1.4,210,0,0,0,0.4,0,0,0,-1.5,0,0,-0.456,0,0,14347.8,0:18:53,55.3,0,--.--,118,74,52,0000:00:00,12,0,0,0,40,0,0,0,0,0,0,1,190.55,11:48:03,9/22/2023,100.4,48.6,--.--
high,0,1306,21.77,14.83,18.55,3483,275.0965,2.44,53.16294642,48:04.6,-19,-5.1,186,0,0,0,0.3,0,0,0,-1.6,0,0,-0.499,0,0,14347.8,0:18:54,55.2,0,--.--,118,73.9,52,0000:00:00,12,0,0,0,40,0,0,0,0,0,0,1,275.08,11:48:04,9/22/2023,100.44,48.63,--.--
high,0,1307,21.78,14.79,18.06,3488,267.1074,2.43,53.23714292,48:05.6,-20,-19.2,176,0,0,0,0.4,0,0,0.1,-1.6,0,0,-0.484,0,0,14392.4,0:18:55,87,0,--.--,94,108.9,54,0000:00:00,12,0,0,0,40,0,0,0,0,0,0,1,267.02,11:48:05,9/22/2023,100.45,48.65,--.--
high,0,1308,21.8,13.26,77.32,3503,1025.2632,3.01,53.52193825,48:06.6,-21.3,-33.8,168,0,0,0,0.5,0,0,-0.1,-1.6,0,0,-0.473,0,0,14435.9,0:18:56,55.9,0,--.--,120,74.1,54,0000:00:00,12,0,0,0,40,0,0,0,0,0,0,1,1025.57,11:48:06,9/22/2023,100.47,48.67,--.--
high,0,1309,21.82,12.86,76.9,3526,988.934,3,53.79664214,48:07.6,-27.1,-24.9,192,0,0,0,0.2,0,0,-0.2,-2.1,0,0,-0.637,0,0,14435.9,0:18:57,54.5,0,--.--,117,73.4,54,0000:00:00,12,0,0,0,40,0,0,0,0,0,0,1,988.63,11:48:07,9/22/2023,100.45,48.67,--.--
high,0,1310,21.83,13.31,75.1,3547,999.581,3,54.07430353,48:08.6,-22.7,-2.2,214,0,0,0,0.3,0,0,0,-2.5,0,0,-0.758,0,0,14435.9,0:18:58,54.8,0,--.--,118,73.4,56,0000:00:00,12,0,0,0,40,0,0,0,0,0,0,1,999.88,11:48:08,9/22/2023,100.49,48.72,--.--
high,0,1311,21.85,13.87,49.85,3564,691.4195,2.84,54.2663645,48:09.6,-18.9,-2.2,208,0,0,0,0.3,0,0,-0.1,-2.6,0,0,-0.801,0,0,14435.9,0:18:59,54.8,0,--.--,118,73.5,50,0000:00:00,12,0,0,0,40,0,0,0,0,0,0,1,691.57,11:48:09,9/22/2023,100.51,48.72,--.--
high,0,1312,21.87,13.59,48.47,3579,658.7073,2.82,54.44933875,48:10.6,-11.7,15.5,232,0,0,0,0.6,0,0,0,-2.5,0,0,-0.763,0,0,14435.9,0:19:00,54.6,0,--.--,117,73.5,50,0000:00:00,12,0,0,0,40,0,0,0,0,0,0,1,658.76,11:48:10,9/22/2023,100.53,48.74,--.--
high,0,1313,21.88,14.21,38.95,3591,553.4795,2.74,54.60308306,48:11.6,-18.4,5.9,207,0,0,0,0.3,0,0,0,-2.5,0,0,-0.759,0,0,14521.7,0:19:01,54.9,0,--.--,117,77.6,51,0000:00:00,12,0,0,0,50,0,0,0,0,0,0,1,553.6,11:48:11,9/22/2023,100.53,48.74,--.--
high,0,1314,21.9,13.93,46.1,3603,642.173,2.81,54.78146444,48:12.6,-19.3,-5.4,195,0,0,0,0.4,0,0,0,-2.4,0,0,-0.744,0,0,14521.7,0:19:02,54.4,0,--.--,116,77.4,53,0000:00:00,12,0,0,0,50,0,0,0,0,0,0,1,642.03,11:48:12,9/22/2023,100.56,48.74,--.--
high,0,1315,21.92,13.05,67.88,3623,885.834,2.95,55.02752944,48:13.6,-14,-15.7,157,0,0,0,0.4,0,0,0,-2.2,0,0,-0.674,0,0,14521.7,0:19:03,54.3,0,--.--,115,77.5,54,0000:00:00,12,0,0,0,50,0,0,0,0,0,0,1,885.7,11:48:13,9/22/2023,100.56,48.74,--.--
high,0,1316,21.93,13.69,59.93,3641,820.4417,2.91,55.25542992,48:14.6,-24.9,-13.4,197,0,0,0,0.2,0,0,0,-2.1,0,0,-0.638,0,0,14521.7,0:19:04,53.9,0,--.--,113,77.4,54,0000:00:00,12,0,0,0,50,0,0,0,0,0,0,1,820.32,11:48:14,9/22/2023,100.6,48.74,--.--
high,0,1317,21.95,13.51,68.54,3660,925.9754,2.97,55.51264531,48:15.6,-21.5,1.3,206,0,0,0,0.6,0,0,0.1,-2.1,0,0,-0.644,0,0,14521.7,0:19:05,54,0,--.--,113,77.5,55,0000:00:00,12,0,0,0,50,0,0,0,0,0,0,1,925.63,11:48:15,9/22/2023,100.62,48.74,--.--
high,0,1318,21.97,12.97,64.77,3681,840.0669,2.92,55.74599722,48:16.6,-17,-11.4,168,0,0,0,0.6,0,0,-0.1,-2.4,0,0,-0.734,0,0,14564.1,0:19:06,87,0,--.--,94,108.9,49,0000:00:00,12,0,0,0,50,0,0,0,0,0,0,1,840.26,11:48:16,9/22/2023,100.62,48.74,--.--
high,0,1319,21.98,14.23,46.17,3697,656.9991,2.82,55.92849697,48:17.6,-13.7,-4.5,166,0,0,0,0.4,0,0,-0.1,-2.7,0,0,-0.813,0,0,14604.1,0:19:07,54.8,0,--.--,114,74.3,55,0000:00:00,12,0,0,0,50,0,0,0,0,0,0,1,656.95,11:48:17,9/22/2023,100.63,48.74,--.--
high,0,1320,22,13.8,50.01,3709,690.138,2.84,56.12020197,48:18.6,-20.3,-5.1,200,0,0,0,0.4,0,0,0,-2.8,0,0,-0.843,0,0,14604.1,0:19:08,54.8,0,--.--,112,74.5,58,0000:00:00,12,0,0,0,50,0,0,0,0,0,0,1,690.09,11:48:18,9/22/2023,100.65,48.74,--.--
high,0,1321,22.02,13.59,54.81,3725,744.8679,2.87,56.32710972,48:19.6,-16.9,6.7,217,0,0,0,0.7,0,0,0.1,-2.5,0,0,-0.761,0,0,14604.1,0:19:09,55.3,0,--.--,113,74.9,50,0000:00:00,12,0,0,0,50,0,0,0,0,0,0,1,744.81,11:48:19,9/22/2023,100.67,48.74,--.--
high,0,1322,22.03,13.93,45.82,3739,638.2726,2.81,56.50440767,48:20.6,-6.9,16.4,219,0,0,0,0.4,0,0,0.2,-2.3,0,0,-0.705,0,0,14604.1,0:19:10,55.2,0,--.--,111,75,52,0000:00:00,12,0,0,0,50,0,0,0,0,0,0,1,638.18,11:48:20,9/22/2023,100.67,48.78,--.--
high,0,1323,22.05,14.11,40.45,3749,570.7495,2.76,56.66294919,48:21.6,-8.7,15.1,213,0,0,0,0.5,0,0,0,-2.2,0,0,-0.673,0,0,14604.1,0:19:11,55.3,0,--.--,112,75.1,54,0000:00:00,12,0,0,0,50,0,0,0,0,0,0,1,570.79,11:48:21,9/22/2023,100.69,48.78,--.--
high,0,1324,22.07,14,39.84,3761,557.76,2.75,56.81788253,48:22.6,-14.4,6.8,200,0,0,0,0.3,0,0,0,-2.1,0,0,-0.641,0,0,14681.8,0:19:12,54.9,0,--.--,111,74.9,50,0000:00:00,12,0,0,0,50,0,0,0,0,0,0,1,557.76,11:48:22,9/22/2023,100.72,48.78,--.--
high,0,1325,22.08,13.89,44.36,3772,616.1604,2.79,56.98903819,48:23.6,-12.7,10.3,216,0,0,0,0.3,0,0,0.1,-1.8,0,0,-0.558,0,0,14681.8,0:19:13,55.1,0,--.--,112,74.9,50,0000:00:00,12,0,0,0,50,0,0,0,0,0,0,1,615.98,11:48:23,9/22/2023,100.76,48.78,--.--
high,0,1326,22.1,13.71,35.01,3783,479.9871,2.68,57.12236794,48:24.6,-18.3,2.3,196,0,0,0,0.6,0,0,-0.1,-1.5,0,0,-0.445,0,0,14681.8,0:19:14,54.9,0,--.--,111,74.9,53,0000:00:00,12,0,0,0,50,0,0,0,0,0,0,1,480.16,11:48:24,9/22/2023,100.78,48.79,--.--
high,0,1327,22.12,12.99,57.28,3802,744.0672,2.87,57.32905328,48:25.6,-20.6,-8.3,181,0,0,0,0.4,0,0,0,-1.7,0,0,-0.53,0,0,14681.8,0:19:15,55.5,0,--.--,113,75.1,53,0000:00:00,12,0,0,0,50,0,0,0,0,0,0,1,744.01,11:48:25,9/22/2023,100.78,48.79,--.--
high,0,1328,22.13,12.8,91.32,3822,1168.896,3.07,57.65374661,48:26.6,-18.9,-10.5,164,0,0,0,0.4,0,0,-0.2,-2,0,0,-0.597,0,0,14681.8,0:19:16,54.9,0,--.--,112,74.7,50,0000:00:00,12,0,0,0,50,0,0,0,0,0,0,1,1169.08,11:48:26,9/22/2023,100.81,48.79,--.--
high,0,1329,22.15,12.78,89.11,3847,1138.8258,3.06,57.97008711,48:27.6,-18.4,-14,160,0,0,0,0.3,0,0,-0.1,-2.4,0,0,-0.717,0,0,14719.6,0:19:17,87,0,--.--,94,108.9,52,0000:00:00,12,0,0,0,50,0,0,0,0,0,0,1,1138.83,11:48:27,9/22/2023,100.83,48.79,--.--
high,0,1330,22.17,12.68,87.17,3873,1105.3156,3.04,58.27711922,48:28.6,-18.5,-2,175,0,0,0,0.1,0,0,-0.1,-2.8,0,0,-0.843,0,0,14758,0:19:18,54.6,0,--.--,112,78.4,52,0000:00:00,12,0,0,0,50,0,0,0,0,0,0,1,1105.58,11:48:28,9/22/2023,100.85,48.79,--.--
high,0,1331,22.18,13.71,52.5,3892,719.775,2.86,58.47705672,48:29.6,-15,9.2,197,0,0,0,0.1,0,0,0,-3.1,0,0,-0.938,0,0,14758,0:19:19,55.1,0,--.--,115,78.3,55,0000:00:00,12,0,0,0,50,0,0,0,0,0,0,1,719.83,11:48:29,9/22/2023,100.85,48.79,--.--
high,0,1332,22.2,13.59,56.56,3907,768.6504,2.89,58.69057072,48:30.6,-13.3,8.3,217,0,0,0,0.3,0,0,0.1,-3.2,0,0,-0.974,0,0,14758,0:19:20,54.9,0,--.--,113,78.4,58,0000:00:00,12,0,0,0,50,0,0,0,0,0,0,1,768.37,11:48:30,9/22/2023,100.89,48.78,--.--
high,0,1333,22.22,13.63,48.75,3923,664.4625,2.82,58.87514364,48:31.6,-8.9,16.3,212,0,0,0,0.2,0,0,0,-2.9,0,0,-0.873,0,0,14758,0:19:21,55.4,0,--.--,113,74.9,49,0000:00:00,12,0,0,0,50,0,0,0,0,0,0,1,664.27,11:48:31,9/22/2023,100.9,48.74,--.--
high,0,1334,22.23,13.92,41.99,3935,584.5008,2.77,59.03750497,48:32.6,-11.8,12.8,203,0,0,0,0.1,0,0,0.1,-2.6,0,0,-0.799,0,0,14758,0:19:22,55.5,0,--.--,113,75,52,0000:00:00,12,0,0,0,50,0,0,0,0,0,0,1,584.37,11:48:32,9/22/2023,100.92,48.74,--.--
high,0,1335,22.25,13.84,47.49,3952,657.2616,2.82,59.22007764,48:33.6,-15.4,6.1,206,0,0,0,0.1,0,0,0.2,-1.8,0,0,-0.626,0,0,14835,0:19:23,55.7,0,--.--,113,75.4,55,0000:00:00,12,0,0,0,50,0,0,0,0,0,0,1,657.17,11:48:33,9/22/2023,100.94,48.74,--.--
high,0,1336,22.27,13.71,57.28,3962,785.3088,2.9,59.43821897,48:34.6,-14.1,5.7,214,0,0,0,0.2,0,0,0,-1.4,0,0,-0.43,0,0,14835,0:19:24,55.9,0,--.--,113,75.6,54,0000:00:00,12,0,0,0,50,0,0,0,0,0,0,1,785.14,11:48:34,9/22/2023,100.96,48.74,--.--
high,0,1337,22.28,13.37,62.49,3982,835.4913,2.92,59.67029989,48:35.6,-11.4,12.3,212,0,0,0,0.2,0,0,0.3,-1.4,0,0,-0.493,0,0,14835,0:19:25,55.9,0,--.--,111,75.8,75,0000:00:00,12,0,0,0,50,0,0,0,0,0,0,1,835.49,11:48:35,9/22/2023,100.98,48.74,--.--
high,0,1338,22.3,13.45,62.96,4000,846.812,2.93,59.90552544,48:36.6,-4.4,15,219,0,0,0,0.2,0,0,0,-0.4,0,0,-0.153,0,0,14835,0:19:26,56.4,0,--.--,112,76.2,54,0000:00:00,12,0,0,0,50,0,0,0,0,0,0,1,846.87,11:48:36,9/22/2023,100.99,48.74,--.--
high,0,1339,22.32,13.88,45.62,4012,633.2056,2.8,60.08141589,48:37.6,-16.6,1.6,197,0,0,0,0.1,0,0,-0.2,-0.9,0,0,-0.212,0,0,14835,0:19:27,56,0,--.--,110,76.2,53,0000:00:00,12,0,0,0,50,0,0,0,0,0,0,1,633.07,11:48:37,9/22/2023,100.99,48.74,--.--
high,0,1340,22.33,12.72,91.4,4027,1162.608,3.07,60.40436256,48:38.6,-23.1,-4.4,193,0,0,0,0.1,0,0,-0.1,-1.3,0,0,-0.37,0,0,14873.7,0:19:28,87,0,--.--,94,108.9,54,0000:00:00,12,0,0,0,50,0,0,0,0,0,0,1,1163.07,11:48:38,9/22/2023,101.01,48.78,--.--
high,0,1341,22.35,12.81,88.12,4061,1128.8172,3.05,60.71792289,48:39.6,-16.3,-5.5,161,0,0,0,0,0,0,0,-1.7,0,0,-0.487,0,0,14909.3,0:19:29,55.6,0,--.--,107,76.1,54,0000:00:00,12,0,0,0,50,0,0,0,0,0,0,1,1128.99,11:48:39,9/22/2023,101.05,48.79,--.--
high,0,1342,22.37,12.81,85.66,4084,1097.3046,3.04,61.02272972,48:40.6,-11.3,-13.8,134,0,0,0,0.2,0,0,-0.1,-2.1,0,0,-0.587,0,0,14909.3,0:19:30,55.8,0,--.--,109,76.1,54,0000:00:00,12,0,0,0,50,0,0,0,0,0,0,1,1097.56,11:48:40,9/22/2023,101.07,48.79,--.--
high,0,1343,22.38,12.63,90.81,4109,1146.9303,3.06,61.34132147,48:41.6,-0.6,-24.5,106,0,0,0,0.1,0,0,-0.2,-2.6,0,0,-0.742,0,0,14909.3,0:19:31,54.9,0,--.--,106,75.6,54,0000:00:00,12,0,0,0,50,0,0,0,0,0,0,1,1147.11,11:48:41,9/22/2023,101.08,48.78,--.--
high,0,1344,22.4,13.2,70.32,4131,928.224,2.97,61.59916147,48:42.6,-8.7,-22.2,118,0,0,0,0.3,0,0,-0.4,-3.5,0,0,-0.937,0,0,14909.3,0:19:32,54.9,0,--.--,106,75.5,49,0000:00:00,12,0,0,0,50,0,0,0,0,0,0,1,928.36,11:48:42,9/22/2023,101.1,48.79,--.--
high,0,1345,22.42,13.95,39.16,4142,546.282,2.74,61.75090647,48:43.6,-13.1,-12.9,126,0,0,0,0.1,0,0,-0.3,-4.6,0,0,-1.297,0,0,14944.9,0:19:33,87,0,--.--,94,108.9,49,0000:00:00,12,0,0,0,50,0,0,0,0,0,0,1,546.09,11:48:43,9/22/2023,101.1,48.79,--.--
high,0,1346,22.43,13.94,55.22,4152,769.7668,2.89,61.96473058,48:44.6,-15.5,2.2,142,0,0,0,0.2,0,0,0,-4.8,0,0,-1.468,0,0,14980.6,0:19:34,54.1,0,--.--,106,74.7,58,0000:00:00,12,0,0,0,50,0,0,0,0,0,0,1,769.55,11:48:44,9/22/2023,101.12,48.79,--.--
high,0,1347,22.45,13.79,49.45,4169,681.9155,2.83,62.15415156,48:45.6,-18.6,10.5,140,0,0,0,0.3,0,0,0.1,-4.5,0,0,-1.394,0,0,14980.6,0:19:35,53.3,0,--.--,104,74.3,57,0000:00:00,12,0,0,0,50,0,0,0,0,0,0,1,681.67,11:48:45,9/22/2023,101.14,48.79,--.--
high,0,1348,22.47,13.91,42.77,4181,594.9307,2.77,62.31941008,48:46.6,-15.9,4.2,143,0,0,0,0.3,0,0,0,-4.4,0,0,-1.343,0,0,14980.6,0:19:36,53.7,0,--.--,106,78.4,57,0000:00:00,12,0,0,0,50,0,0,0,0,0,0,1,595.06,11:48:46,9/22/2023,101.14,48.78,--.--
high,0,1349,22.48,14.02,39.22,4192,549.8644,2.74,62.47215019,48:47.6,-11.7,-0.8,118,0,0,0,0.6,0,0,0,-4.4,0,0,-1.371,0,0,14980.6,0:19:37,52.9,0,--.--,102,78,59,0000:00:00,12,0,0,0,50,0,0,0,0,0,0,1,549.83,11:48:47,9/22/2023,101.17,48.78,--.--
high,0,1350,22.5,13.97,41.45,4204,579.0565,2.76,62.63299922,48:48.6,-3.7,-12.4,100,0,0,0,0.6,0,0,0.1,-3.9,0,0,-1.249,0,0,14980.6,0:19:38,52.7,0,--.--,102,77.9,59,0000:00:00,12,0,0,0,50,0,0,0,0,0,0,1,579.02,11:48:48,9/22/2023,101.17,48.74,--.--
high,0,1351,22.52,13.94,43.29,4215,603.4626,2.78,62.80062772,48:49.6,13.9,-17.6,55,0,0,0,1,0,0,0,-4,0,0,-1.191,0,0,15052,0:19:39,52.4,0,--.--,101,77.7,63,0000:00:00,12,-1,0,0,50,0,0,0,0,0,0,1,603.42,11:48:49,9/22/2023,101.17,48.74,--.--
high,0,1352,22.53,14.47,19.92,4226,288.2424,2.46,62.88069506,48:50.6,15.9,9.1,344,0,0,0,1.3,0,0,0,-4.4,0,0,-1.276,0,0,15052,0:19:40,51.8,0,--.--,100,77.3,63,0000:00:00,12,-1,0,0,50,0,0,0,0,0,0,1,288.26,11:48:50,9/22/2023,101.17,48.74,--.--
high,0,1353,22.55,14.49,20.72,4231,300.2328,2.48,62.96409306,48:51.6,12.2,11.3,305,0,0,0,1.6,0,0,-0.1,-4.9,0,0,-1.452,0,0,15052,0:19:41,51.4,0,--.--,99,76.9,63,0000:00:00,12,-1,0,0,50,0,0,0,0,0,0,1,300.25,11:48:51,9/22/2023,101.21,48.74,--.--
high,0,1354,22.57,14.23,33.56,4239,477.5588,2.68,63.09674828,48:52.6,4.9,11,265,0,0,0,1.2,0,0,0.1,-4.6,0,0,-1.467,0,0,15052,0:19:42,52.1,0,--.--,102,73.4,61,0000:00:00,12,-1,0,0,50,0,0,0,0,0,0,1,477.49,11:48:52,9/22/2023,101.25,48.72,--.--
high,0,1355,22.58,14.5,24.27,4246,351.915,2.55,63.19450244,48:53.6,1,16.4,251,0,0,0,1.1,0,0,0.1,-3.7,0,0,-1.198,0,0,15052,0:19:43,52.9,0,--.--,100,78.3,50,0000:00:00,12,-1,0,0,50,0,0,0,0,0,0,1,351.92,11:48:53,9/22/2023,101.25,48.72,--.--
high,0,1356,22.6,14.47,24.19,4253,350.0293,2.54,63.29173281,48:54.6,-5.7,21.9,229,0,0,0,0.9,0,0,0.3,-3,0,0,-1.002,0,0,15087.6,0:19:44,87,0,--.--,94,113,62,0000:00:00,12,-1,0,0,50,0,0,0,0,0,0,1,349.96,11:48:54,9/22/2023,101.28,48.72,--.--
high,0,1357,22.62,14.04,39.84,4262,559.3536,2.75,63.44710881,48:55.6,-9.3,9.8,225,0,0,0,0.8,0,0,0.5,-1.7,0,0,-0.669,0,0,15121.7,0:19:45,53.6,0,--.--,99,79.2,62,0000:00:00,12,-1,0,0,50,0,0,0,0,0,0,1,559.35,11:48:55,9/22/2023,101.28,48.67,--.--
high,0,1358,22.63,13.8,50.97,4275,703.386,2.85,63.64249381,48:56.6,-15.7,2.3,215,0,0,0,0.7,0,0,0.3,-0.7,0,0,-0.276,0,0,15121.7,0:19:46,54.5,0,--.--,101,79.8,57,0000:00:00,12,-1,0,0,50,0,0,0,0,0,0,1,703.28,11:48:56,9/22/2023,101.3,48.67,--.--
high,0,1359,22.65,13.61,55.13,4290,750.3193,2.88,63.85091583,48:57.6,-9.9,6,216,0,0,0,0.6,0,0,0,-0.6,0,0,-0.179,0,0,15121.7,0:19:47,54.8,0,--.--,101,76.1,74,0000:00:00,12,-1,0,0,50,0,0,0,0,0,0,1,750.48,11:48:57,9/22/2023,101.3,48.72,--.--
high,0,1360,22.67,13.83,47.49,4304,656.7867,2.82,64.03335658,48:58.6,-18.5,2.3,221,0,0,0,0.7,0,0,-0.2,-1.1,0,0,-0.297,0,0,15121.7,0:19:48,55.4,0,--.--,102,76.6,63,0000:00:00,12,-1,0,0,50,0,0,0,0,0,0,1,656.74,11:48:58,9/22/2023,101.35,48.67,--.--
high,0,1361,22.68,14.84,6.33,4316,93.9372,1.97,64.05945025,48:59.6,-12.1,15.5,216,0,0,0,0.6,0,0,-0.1,-1.2,0,0,-0.338,0,0,15155.9,0:19:49,87,0,--.--,94,108.9,46,0000:00:00,12,-1,0,0,50,0,0,0,0,0,0,1,93.92,11:48:59,9/22/2023,101.35,48.74,--.--
high,0,1362,22.7,14.87,6.41,4318,95.3167,1.98,64.08592711,49:00.6,-4.1,13.6,240,0,0,0,0.6,0,0,-0.4,-2.5,0,0,-0.614,0,0,15155.9,0:19:50,87,0,--.--,94,108.9,40,0000:00:00,12,-1,0,0,50,0,0,0,0,0,0,1,95.3,11:49:00,9/22/2023,101.39,48.74,--.--
high,0,1363,22.72,14.86,3.25,4322,48.295,1.68,64.09934239,49:01.6,-0.8,21.4,249,0,0,0,0.6,0,0,-0.5,-3.8,0,0,-1.034,0,0,15189.8,0:19:51,55.1,0,--.--,105,75.9,49,0000:00:00,12,-1,0,0,50,0,0,0,0,0,0,1,48.3,11:49:01,9/22/2023,101.39,48.74,--.--
high,0,1364,22.73,14.56,19.47,4327,283.4832,2.45,64.17808772,49:02.6,-3.5,27.6,241,0,0,0,0.7,0,0,-0.3,-4.5,0,0,-1.323,0,0,15189.8,0:19:52,54.3,0,--.--,107,74.9,49,0000:00:00,12,-1,0,0,50,0,0,0,0,0,0,1,283.42,11:49:02,9/22/2023,101.41,48.74,--.--
high,0,1365,22.75,14.36,28.01,4334,402.2236,2.6,64.2898165,49:03.6,10.8,27,268,0,0,0,0.3,0,0,-0.1,-4.7,0,0,-1.398,0,0,15189.8,0:19:53,53.7,0,--.--,108,74,49,0000:00:00,12,-1,0,0,50,0,0,0,0,0,0,1,402.22,11:49:03,9/22/2023,101.43,48.74,--.--
high,0,1366,22.77,14.55,22.72,4340,330.576,2.52,64.38164317,49:04.6,4.5,25.5,253,0,0,0,0.3,0,0,-0.2,-5.6,0,0,-1.617,0,0,15189.8,0:19:54,53,0,--.--,110,73.1,49,0000:00:00,12,-1,0,0,50,0,0,0,0,0,0,1,330.58,11:49:04,9/22/2023,101.44,48.78,--.--
high,0,1367,22.78,14.36,20.65,4347,296.534,2.47,64.46401372,49:05.6,5.7,26.5,254,0,0,0,0.1,0,0,-0.2,-6.7,0,0,-1.94,0,0,15196.8,0:19:55,52.1,0,--.--,112,71.9,49,0000:00:00,12,-1,0,0,50,0,0,0,0,0,0,1,296.45,11:49:05,9/22/2023,101.44,48.78,--.--
high,0,1368,22.8,14.47,20.59,4352,297.9373,2.47,64.54677408,49:06.6,3.3,23.7,248,0,0,0,0.1,0,0,-0.2,-7.5,0,0,-2.22,0,0,15278.4,0:19:56,50.9,0,--.--,112,70.7,49,0000:00:00,12,-1,0,0,50,0,0,0,0,0,0,1,298,11:49:06,9/22/2023,101.46,48.74,--.--
high,0,1369,22.82,14.51,28.54,4360,414.1154,2.62,64.66180614,49:07.6,4.5,24.5,249,0,0,0,0.2,0,0,-0.2,-8.2,0,0,-2.432,0,0,15278.4,0:19:57,48.8,0,--.--,112,68.7,49,0000:00:00,12,-1,0,0,50,0,0,0,0,0,0,1,414.23,11:49:07,9/22/2023,101.46,48.74,--.--
high,0,1370,22.83,14.32,22.56,4367,323.0592,2.51,64.75154481,49:08.6,4.3,24.3,250,0,0,0,0.3,0,0,-0.2,-8.7,0,0,-2.614,0,0,15278.4,0:19:58,47.1,0,--.--,111,67.1,49,0000:00:00,12,-1,0,0,50,0,0,0,0,0,0,1,323.13,11:49:08,9/22/2023,101.46,48.74,--.--
high,0,1371,22.85,14.44,23.51,4373,339.4844,2.53,64.84584603,49:09.6,4.9,24,248,0,0,0,0.5,0,0,-0.2,-9.2,0,0,-2.77,0,0,15278.4,0:19:59,45.8,0,--.--,112,65.7,49,0000:00:00,12,-1,0,0,50,0,0,0,0,0,0,1,339.55,11:49:09,9/22/2023,101.5,48.74,--.--
high,0,1372,22.87,14.5,29.37,4381,425.865,2.63,64.96414186,49:10.6,5.3,22.9,248,0,0,0,0.5,0,0,-0.1,-9.6,0,0,-2.888,0,0,15285.8,0:20:00,43.7,0,--.--,110,63.9,49,0000:00:00,12,-1,0,0,50,0,0,0,0,0,0,1,425.98,11:49:10,9/22/2023,101.5,48.74,--.--
high,0,1373,22.88,14.43,24.49,4388,353.3907,2.55,65.06230594,49:11.6,5.9,20.4,248,0,0,0,0.5,0,0,-0.1,-10.1,0,0,-3.033,0,0,15285.8,0:20:01,43,0,--.--,111,63.2,49,0000:00:00,12,-1,0,0,50,0,0,0,0,0,0,1,353.39,11:49:11,9/22/2023,101.5,48.72,--.--
high,0,1374,22.9,14.46,23.94,4394,346.1724,2.54,65.15846494,49:12.6,6.2,21.8,249,0,0,0,0.6,0,0,-0.1,-10.4,0,0,-3.122,0,0,15285.8,0:20:02,40.8,0,--.--,111,60.9,49,0000:00:00,12,-1,0,0,50,0,0,0,0,0,0,1,346.15,11:49:12,9/22/2023,101.5,48.72,--.--
high,0,1375,22.92,14.3,24.44,4401,349.492,2.54,65.25554606,49:13.6,6.1,19.9,250,0,0,0,0.6,0,0,-0.1,-10.8,0,0,-3.256,0,0,15285.8,0:20:03,39.2,0,--.--,113,59,49,0000:00:00,12,-1,0,0,50,0,0,0,0,0,0,1,349.52,11:49:13,9/22/2023,101.52,48.72,--.--
high,0,1376,22.93,14.19,27.01,4408,383.2719,2.58,65.36201047,49:14.6,6.5,21.7,250,0,0,0,0.6,0,0,-0.1,-11.1,0,0,-3.361,0,0,15292.8,0:20:04,37.2,0,--.--,114,57,49,0000:00:00,12,-1,0,0,50,0,0,0,0,0,0,1,383.38,11:49:14,9/22/2023,101.52,48.7,--.--
high,0,1377,22.95,14.35,21.86,4415,313.691,2.5,65.44914686,49:15.6,6,20.6,249,0,0,0,0.6,0,0,-0.1,-11.5,0,0,-3.474,0,0,15292.8,0:20:05,35.3,0,--.--,114,55.1,49,0000:00:00,12,-1,0,0,50,0,0,0,0,0,0,1,313.76,11:49:15,9/22/2023,101.53,48.67,--.--
high,0,1378,22.97,13.95,24.77,4422,345.5415,2.54,65.54513061,49:16.6,8.4,22.8,250,0,0,0,0.5,0,0,0.2,-11.3,0,0,-3.509,0,0,15292.8,0:20:06,33.8,0,--.--,116,53.5,75,0000:00:00,12,-1,0,0,50,0,0,0,0,0,0,1,345.54,11:49:16,9/22/2023,101.53,48.67,--.--
high,0,1379,22.98,13.88,47.51,4434,659.4388,2.82,65.72830806,49:17.6,6.1,23.7,248,0,0,0,0.4,0,0,0.2,-10.5,0,0,-3.277,0,0,15404.4,0:20:07,32.7,0,--.--,117,52.3,75,0000:00:00,12,-1,0,0,50,0,0,0,0,0,0,1,659.25,11:49:17,9/22/2023,101.55,48.65,--.--
high,0,1380,23,13.88,46.88,4446,650.6944,2.81,65.9090565,49:18.6,6.6,20.5,247,0,0,0,0.2,0,0,0.3,-9.8,0,0,-3.043,0,0,15404.4,0:20:08,31,0,--.--,118,50.5,75,0000:00:00,12,-1,0,0,50,0,0,0,0,0,0,1,650.79,11:49:18,9/22/2023,101.53,48.65,--.--
high,0,1381,23.02,13.88,47.7,4459,662.076,2.82,66.0929665,49:19.6,3.4,25.4,245,0,0,0,0.2,0,0,0.2,-9,0,0,-2.797,0,0,15404.4,0:20:09,30.3,0,--.--,121,49.1,75,0000:00:00,12,-1,0,0,50,0,0,0,0,0,0,1,662.03,11:49:19,9/22/2023,101.55,48.65,--.--
high,0,1382,23.03,13.97,47.92,4472,669.4424,2.83,66.27892272,49:20.6,3.6,22.9,243,0,0,0,0.2,0,0,0.2,-8.5,0,0,-2.644,0,0,15404.4,0:20:10,29.1,0,--.--,123,47.7,75,0000:00:00,12,-1,0,0,50,0,0,0,0,0,0,1,669.68,11:49:20,9/22/2023,101.55,48.63,--.--
high,0,1383,23.05,13.83,48.41,4485,669.5103,2.83,66.46489781,49:21.6,1.7,24.6,240,0,0,0,0.3,0,0,0.1,-8,0,0,-2.486,0,0,15411.1,0:20:11,28,0,--.--,126,46.3,75,0000:00:00,12,-1,0,0,50,0,0,0,0,0,0,1,669.41,11:49:21,9/22/2023,101.57,48.63,--.--
high,0,1384,23.07,13.82,49.41,4499,682.8462,2.83,66.65457731,49:22.6,0.1,24.3,237,0,0,0,0.3,0,0,0.1,-7.7,0,0,-2.373,0,0,15475.9,0:20:12,87,0,--.--,94,108.9,74,0000:00:00,12,-1,0,0,50,0,0,0,0,0,0,1,682.65,11:49:22,9/22/2023,101.57,48.63,--.--
high,0,1385,23.08,13.75,47.15,4513,648.3125,2.81,66.83466411,49:23.6,-3.8,28,232,0,0,0,0.2,0,0,0,-7.3,0,0,-2.262,0,0,15542.5,0:20:13,26.1,0,--.--,130,47.6,74,0000:00:00,12,-1,0,0,50,0,0,0,0,0,0,1,648.17,11:49:23,9/22/2023,101.57,48.63,--.--
high,0,1386,23.1,13.98,42.92,4525,600.0216,2.78,67.00133678,49:24.6,-7.7,28.6,225,0,0,0,0.2,0,0,0.1,-6.8,0,0,-2.126,0,0,15542.5,0:20:14,25.4,0,--.--,134,46.2,74,0000:00:00,12,-1,0,0,50,0,0,0,0,0,0,1,600.24,11:49:24,9/22/2023,101.59,48.65,--.--
high,0,1387,23.12,14.26,27.19,4536,387.7294,2.59,67.10903939,49:25.6,2.5,29,246,0,0,0,0.3,0,0,-0.1,-6.4,0,0,-1.951,0,0,15542.5,0:20:15,24.8,0,--.--,137,45.1,50,0000:00:00,12,-1,0,0,50,0,0,0,0,0,0,1,387.65,11:49:25,9/22/2023,101.59,48.65,--.--
high,0,1388,23.13,14.54,19.48,4542,283.2392,2.45,67.18771694,49:26.6,15.8,30.6,283,0,0,0,0.1,0,0,-0.1,-7.2,0,0,-2.134,0,0,15542.5,0:20:16,25.2,0,--.--,141,44.5,75,0000:00:00,12,-1,0,0,50,0,0,0,0,0,0,1,283.18,11:49:26,9/22/2023,101.62,48.67,--.--
high,0,1389,23.15,14.17,39.45,4550,559.0065,2.75,67.34299653,49:27.6,8.1,28.6,269,0,0,0,0.2,0,0,0.1,-7.3,0,0,-2.241,0,0,15549.7,0:20:17,25,0,--.--,144,43.6,74,0000:00:00,12,-1,0,0,50,0,0,0,0,0,0,1,558.85,11:49:27,9/22/2023,101.59,48.67,--.--
high,0,1390,23.17,14.55,34.26,4560,498.483,2.7,67.48146403,49:28.6,6.3,30.9,263,0,0,0,0.2,0,0,0.3,-7,0,0,-2.191,0,0,15696.2,0:20:18,24.5,0,--.--,143,43.3,74,0000:00:00,12,-1,0,0,50,0,0,0,0,0,0,1,498.38,11:49:28,9/22/2023,101.62,48.67,--.--
high,0,1391,23.18,14.32,28.66,4568,410.4112,2.61,67.59546714,49:29.6,7.1,23.4,259,0,0,0,0.3,0,0,0.4,-5.9,0,0,-1.908,0,0,15696.2,0:20:19,24.4,0,--.--,143,43.2,74,0000:00:00,12,-1,0,0,50,0,0,0,0,0,0,1,410.41,11:49:29,9/22/2023,101.62,48.67,--.--
high,0,1392,23.2,14.35,25.44,4575,365.064,2.56,67.69687381,49:30.6,5.2,27.3,253,0,0,0,0.4,0,0,0.3,-4.8,0,0,-1.538,0,0,15696.2,0:20:20,23.9,0,--.--,141,39.5,73,0000:00:00,12,-1,0,0,50,0,0,0,0,0,0,1,364.96,11:49:30,9/22/2023,101.62,48.67,--.--
high,0,1393,23.22,14.27,28.74,4583,410.1198,2.61,67.81079597,49:31.6,2.1,27.4,246,0,0,0,0.5,0,0,0.2,-4.1,0,0,-1.298,0,0,15696.2,0:20:21,24.1,0,--.--,142,39.6,73,0000:00:00,12,-1,0,0,50,0,0,0,0,0,0,1,410.09,11:49:31,9/22/2023,101.62,48.67,--.--
high,0,1394,23.23,13.78,43,4595,592.54,2.77,67.97539042,49:32.6,-8.3,28.4,228,0,0,0,0.6,0,0,0,-3.7,0,0,-1.166,0,0,15696.2,0:20:22,23.7,0,--.--,141,39.4,73,0000:00:00,12,-1,0,0,50,0,0,0,0,0,0,1,592.45,11:49:32,9/22/2023,101.62,48.67,--.--
high,0,1395,23.25,13.97,40.8,4607,569.976,2.76,68.13371708,49:33.6,-7.9,25.1,224,0,0,0,0.5,0,0,0,-3.3,0,0,-1.051,0,0,15696.2,0:20:23,23.7,0,--.--,141,43.1,58,0000:00:00,12,-1,0,0,50,0,0,0,0,0,0,1,569.85,11:49:33,9/22/2023,101.66,48.67,--.--
high,0,1396,23.27,14.43,21.84,4615,315.1512,2.5,68.22125908,49:34.6,11.6,29.2,267,0,0,0,0.5,0,0,-0.2,-3.6,0,0,-1.041,0,0,15696.2,0:20:24,23.8,0,--.--,144,42.6,50,0000:00:00,12,-1,0,0,50,0,0,0,0,0,0,1,315.19,11:49:34,9/22/2023,101.68,48.7,--.--
high,0,1397,23.28,14.47,20.73,4621,299.9631,2.48,68.30458217,49:35.6,21.7,25,288,0,0,0,0.6,0,0,-0.1,-4.5,0,0,-1.291,0,0,15696.2,0:20:25,24.1,0,--.--,148,41.8,69,0000:00:00,12,-1,0,0,50,0,0,0,0,0,0,1,300.03,11:49:35,9/22/2023,101.68,48.72,--.--
high,0,1398,23.3,14.38,22.44,4627,322.6872,2.51,68.3942175,49:36.6,12.8,24.8,270,0,0,0,0.7,0,0,-0.3,-5.3,0,0,-1.538,0,0,15696.2,0:20:26,23.2,0,--.--,150,40.7,42,0000:00:00,12,-1,0,0,50,0,0,0,0,0,0,1,322.75,11:49:36,9/22/2023,101.68,48.72,--.--
high,0,1399,23.32,14.33,23.44,4633,335.8952,2.53,68.48752172,49:37.6,21.9,17,290,0,0,0,0.8,0,0,-0.3,-6.3,0,0,-1.858,0,0,15696.2,0:20:27,22.1,0,--.--,151,35.9,49,0000:00:00,12,-1,0,0,50,0,0,0,0,0,0,1,335.97,11:49:37,9/22/2023,101.68,48.74,--.--
high,0,1400,23.33,14.49,20.53,4639,297.4797,2.47,68.57015497,49:38.6,20.4,20,289,0,0,0,0.7,0,0,-0.2,-6.9,0,0,-2.062,0,0,15696.2,0:20:28,20.6,0,--.--,151,34.7,47,0000:00:00,12,-1,0,0,50,0,0,0,0,0,0,1,297.58,11:49:38,9/22/2023,101.68,48.74,--.--
high,0,1401,23.35,14.48,26.55,4646,384.444,2.58,68.67694497,49:39.6,22.6,19.6,300,0,0,0,0.7,0,0,0,-7.4,0,0,-2.245,0,0,15847.6,0:20:29,19.6,0,--.--,151,34,75,0000:00:00,12,-1,0,0,50,0,0,0,0,0,0,1,384.34,11:49:39,9/22/2023,101.68,48.74,--.--
high,0,1402,23.37,13.79,49.72,4657,685.6388,2.84,68.86740019,49:40.6,24.7,13.5,288,0,0,0,0.7,0,0,0.2,-7,0,0,-2.199,0,0,15847.6,0:20:30,18.3,0,--.--,151,32.8,75,0000:00:00,12,-1,0,0,50,0,0,0,0,0,0,1,685.59,11:49:40,9/22/2023,101.68,48.72,--.--
high,0,1403,23.38,13.84,48.59,4670,672.4856,2.83,69.05420175,49:41.6,25,16,289,0,0,0,0.8,0,0,0.2,-6.4,0,0,-2,0,0,15847.6,0:20:31,17.6,0,--.--,153,32,75,0000:00:00,12,-1,0,0,50,0,0,0,0,0,0,1,672.58,11:49:41,9/22/2023,101.68,48.72,--.--
high,0,1404,23.4,13.73,50,4684,686.5,2.84,69.24489619,49:42.6,23,16.9,291,0,0,0,0.8,0,0,0.1,-6.2,0,0,-1.893,0,0,15847.6,0:20:32,16.5,0,--.--,153,31.1,75,0000:00:00,12,-1,0,0,50,0,0,0,0,0,0,1,686.4,11:49:42,9/22/2023,101.66,48.72,--.--
high,0,1405,23.42,13.74,49.44,4697,679.3056,2.83,69.43359219,49:43.6,24.3,15.1,289,0,0,0,0.8,0,0,0.1,-5.9,0,0,-1.838,0,0,15847.6,0:20:33,16.4,0,--.--,157,34.2,75,0000:00:00,12,-1,0,0,50,0,0,0,0,0,0,1,679.11,11:49:43,9/22/2023,101.66,48.72,--.--
high,0,1406,23.43,13.77,48.17,4711,663.3009,2.82,69.61784244,49:44.6,21.5,16.9,288,0,0,0,0.9,0,0,0.2,-5.3,0,0,-1.665,0,0,15847.6,0:20:34,15.9,0,--.--,157,29.9,75,0000:00:00,12,-1,0,0,50,0,0,0,0,0,0,1,663.49,11:49:44,9/22/2023,101.66,48.72,--.--
high,0,1407,23.45,13.82,46.49,4724,642.4918,2.81,69.79631239,49:45.6,18.8,21.7,289,0,0,0,0.9,0,0,0.2,-4.7,0,0,-1.461,0,0,16006.9,0:20:35,15.3,0,--.--,159,29,75,0000:00:00,12,-1,0,0,50,0,0,0,0,0,0,1,642.58,11:49:45,9/22/2023,101.62,48.67,--.--
high,0,1408,23.47,13.78,46.36,4736,638.8408,2.81,69.97376817,49:46.6,20.8,17.8,279,0,0,0,1.1,0,0,0.1,-4.6,0,0,-1.419,0,0,16006.9,0:20:36,14.5,0,--.--,161,28.2,75,0000:00:00,12,-1,0,0,50,0,0,0,0,0,0,1,638.7,11:49:46,9/22/2023,101.62,48.67,--.--
high,0,1409,23.48,13.79,46.39,4749,639.7181,2.81,70.15146764,49:47.6,16.2,21.6,273,0,0,0,1.2,0,0,0.2,-4.1,0,0,-1.302,0,0,16006.9,0:20:37,14.4,0,--.--,164,27.6,75,0000:00:00,12,-1,0,0,50,0,0,0,0,0,0,1,639.63,11:49:47,9/22/2023,101.62,48.67,--.--
high,0,1410,23.5,13.74,46.7,4762,641.658,2.81,70.32970597,49:48.6,16.9,19.4,268,0,0,0,1.4,0,0,0.1,-3.8,0,0,-1.17,0,0,16006.9,0:20:38,13,0,--.--,165,26.6,70,0000:00:00,12,-1,0,0,50,0,0,0,0,0,0,1,641.7,11:49:48,9/22/2023,101.62,48.67,--.--
high,0,1411,23.52,13.87,53.36,4776,740.1032,2.87,70.53529019,49:49.6,27.3,17.1,285,0,0,0,1.5,0,0,0.2,-3.5,0,0,-1.101,0,0,16006.9,0:20:39,13,0,--.--,169,25.8,75,0000:00:00,12,-1,0,0,50,0,0,0,0,0,0,1,740.16,11:49:49,9/22/2023,101.66,48.67,--.--
high,0,1412,23.53,13.8,53.79,4789,742.302,2.87,70.74148519,49:50.6,25.3,9.4,288,0,0,0,1.7,0,0,0,-3,0,0,-0.919,0,0,16173.7,0:20:40,11.9,0,--.--,172,24.7,63,0000:00:00,12,-1,0,0,50,0,0,0,0,0,0,1,742.41,11:49:50,9/22/2023,101.62,48.67,--.--
high,0,1413,23.55,13.73,41.06,4802,563.7538,2.75,70.89808347,49:51.6,31.1,-8,313,0,0,0,1.6,0,0,0.1,-2.9,0,0,-0.898,0,0,16173.7,0:20:41,11.3,0,--.--,179,23.3,64,0000:00:00,12,-1,0,0,50,0,0,0,0,0,0,1,563.88,11:49:51,9/22/2023,101.62,48.67,--.--
high,0,1414,23.57,13.42,60.76,4818,815.3992,2.91,71.12458325,49:52.6,36.8,-16,319,0,0,0,1.4,0,0,0.3,-1.9,0,0,-0.669,0,0,16173.7,0:20:42,10,0,--.--,187,21.5,68,0000:00:00,12,-1,0,0,50,0,0,0,0,0,0,1,815.64,11:49:52,9/22/2023,101.59,48.72,--.--
high,0,1415,23.58,13.38,53.32,4835,713.4216,2.85,71.32275592,49:53.6,29.1,-13.8,330,0,0,0,1.3,0,0,0.3,-0.8,0,0,-0.304,0,0,16173.7,0:20:43,9,0,--.--,194,24.2,73,0000:00:00,12,-1,0,0,50,0,0,0,0,0,0,1,713.31,11:49:53,9/22/2023,101.59,48.72,--.--
high,0,1416,23.6,13.69,48.22,4849,660.1318,2.82,71.50612586,49:54.6,24.1,-4.7,322,0,0,0,1.4,0,0,0,-0.5,0,0,-0.163,0,0,16173.7,0:20:44,8.2,0,--.--,201,23.4,69,0000:00:00,12,-1,0,0,50,0,0,0,0,0,0,1,659.89,11:49:54,9/22/2023,101.59,48.72,--.--
high,0,1417,23.62,13.41,59.9,4863,803.259,2.9,71.72925336,49:55.6,15.4,-3.7,302,0,0,0,1.6,0,0,0,-0.7,0,0,-0.226,0,0,16270.4,0:20:45,87,0,--.--,94,113,68,0000:00:00,12,-1,0,0,50,0,0,0,0,0,0,1,803.26,11:49:55,9/22/2023,101.57,48.74,--.--
high,0,1418,23.63,13.51,31.6,4879,426.916,2.63,71.84784114,49:56.6,15.5,11.6,282,0,0,0,1.9,0,0,0.1,-0.5,0,0,-0.171,0,0,16360.7,0:20:46,7.6,0,--.--,209,18.6,62,0000:00:00,12,-1,0,0,50,0,0,0,0,0,0,1,426.92,11:49:56,9/22/2023,101.57,48.74,--.--
high,0,1419,23.65,13.95,37.08,4888,517.266,2.71,71.99152614,49:57.6,16.2,13,280,0,0,0,2.3,0,0,-0.3,-1.2,0,0,-0.252,0,0,16360.7,0:20:47,7.3,0,--.--,213,18.2,52,0000:00:00,12,-1,0,0,50,0,0,0,0,0,0,1,517.08,11:49:57,9/22/2023,101.57,48.79,--.--
high,0,1420,23.67,13.23,69.22,4904,915.7806,2.96,72.24590964,49:58.6,25.4,2.2,297,0,0,0,2.4,0,0,0,-1.6,0,0,-0.512,0,0,16360.7,0:20:48,6.7,0,--.--,231,17,50,0000:00:00,12,-1,0,0,50,0,0,0,0,0,0,1,915.78,11:49:58,9/22/2023,101.59,48.81,--.--
high,0,1421,23.68,13.88,30.69,4918,425.9772,2.63,72.36423664,49:59.6,19,10.1,279,0,0,0,2.3,0,0,0,-1.2,0,0,-0.397,0,0,16360.7,0:20:49,7.7,0,--.--,237,15.7,54,0000:00:00,12,-1,0,0,50,0,0,0,0,0,0,1,425.85,11:49:59,9/22/2023,101.57,48.81,--.--
high,0,1422,23.7,13.85,51.47,4929,712.8595,2.85,72.56225317,50:00.6,15.8,9.2,264,0,0,0,2.4,0,0,-0.1,-1.7,0,0,-0.476,0,0,16360.7,0:20:50,8.3,0,--.--,252,14.4,49,0000:00:00,12,-1,0,0,50,0,0,0,0,0,0,1,712.91,11:50:00,9/22/2023,101.57,48.83,--.--
high,0,1423,23.72,13.94,54.75,4943,763.215,2.88,72.77425733,50:01.6,16.7,6.1,267,0,0,0,2.3,0,0,0,-1.6,0,0,-0.512,0,0,16451,0:20:51,87,0,--.--,94,108.9,49,0000:00:00,12,-1,0,0,50,0,0,0,0,0,0,1,763.27,11:50:01,9/22/2023,101.59,48.83,--.--
high,0,1424,23.73,14.04,34.85,4954,489.294,2.69,72.91017233,50:02.6,13,9.5,258,0,0,0,2.3,0,0,0,-1.3,0,0,-0.409,0,0,16546.2,0:20:52,9.6,0,--.--,257,13.1,49,0000:00:00,12,-1,0,0,50,0,0,0,0,0,0,1,489.22,11:50:02,9/22/2023,101.57,48.81,--.--
high,0,1425,23.75,13.92,44.37,4965,617.6304,2.79,73.08173633,50:03.6,15.1,2,258,0,0,0,2.1,0,0,0.2,-1.1,0,0,-0.372,0,0,16546.2,0:20:53,10.7,0,--.--,255,12,49,0000:00:00,12,-1,0,0,50,0,0,0,0,0,0,1,617.63,11:50:03,9/22/2023,101.57,48.81,--.--
high,0,1426,23.77,13.63,56.42,4979,769.0046,2.89,73.29534872,50:04.6,9.5,-4.9,252,0,0,0,1.8,0,0,0.2,-0.3,0,0,-0.136,0,0,16546.2,0:20:54,11.5,0,--.--,259,11.2,49,0000:00:00,12,-1,0,0,50,0,0,0,0,0,0,1,768.95,11:50:04,9/22/2023,101.57,48.83,--.--
high,0,1427,23.78,13.93,40.76,4991,567.7868,2.75,73.45306728,50:05.6,22.3,-27.4,245,0,0,0,1.6,0,0,0.1,-0.5,0,0,-0.133,0,0,16546.2,0:20:55,11.9,0,--.--,260,10.9,49,0000:00:00,12,-1,0,0,50,0,0,0,0,0,0,1,567.66,11:50:05,9/22/2023,101.57,48.87,--.--
high,0,1428,23.8,14.86,0.65,4997,9.659,0.98,73.45575033,50:06.6,36.9,-26.5,225,0,0,0,1.7,0,0,0.1,0.2,0,0,0.033,0,0,16546.2,0:20:56,11.7,0,--.--,259,11,49,0000:00:00,12,-1,0,0,50,0,0,0,0,0,0,1,9.66,11:50:06,9/22/2023,101.55,48.88,--.--
high,0,1429,23.82,14.9,0.65,4997,9.685,0.99,73.45844061,50:07.6,80.5,1,236,0,0,0,1.8,0,0,1.3,1.3,0,0,0.26,0,0,16641.4,0:20:57,87,0,--.--,94,108.9,49,0000:00:00,12,-1,0,0,50,0,0,0,0,0,0,1,9.68,11:50:07,9/22/2023,101.52,48.9,--.--
high,0,1430,23.83,14.91,0.7,4997,10.437,1.02,73.46133978,50:08.6,59.4,-24.5,284,0,0,0,2.2,0,0,-0.4,2,0,0,0.726,0,0,16739,0:20:58,11,0,--.--,257,11.7,49,0000:00:00,12,-1,0,0,50,0,0,0,0,0,0,1,10.44,11:50:08,9/22/2023,101.53,48.96,--.--
high,0,1431,23.85,14.94,0.66,4997,9.8604,0.99,73.46407878,50:09.6,35.1,-25,275,0,0,0,2,0,0,-1.1,-2.2,0,0,-0.41,0,0,16836.6,0:20:59,87,0,--.--,94,108.9,49,0000:00:00,12,-1,0,0,50,0,0,0,0,0,0,1,9.86,11:50:09,9/22/2023,101.53,49.01,--.--
high,0,1432,23.87,14.96,0.63,4998,9.4248,0.97,73.46669678,50:10.6,47.2,-21.1,239,0,0,0,2.1,0,0,-0.5,-1.6,0,0,-0.627,0,0,16836.6,0:21:00,87,0,--.--,94,108.9,49,0000:00:00,12,-1,0,0,50,0,0,0,0,0,0,1,9.42,11:50:10,9/22/2023,101.46,49.03,--.--
low,0,1,0.02,16.45,0.64,9,10.528,1.02,0.016998333,55:14.3,-2.1,-0.6,311,0,0,0,0,0,0,0,0,0,0,0,0,0,0,0:00:00,0,0,--.--,0,0,0,0000:00:00,50,0,0,0,30,0,0,0,0,0,0,1,10.53,10:55:14,10/10/2023,72.27,54.54,--.--
low,0,2,0.03,16.45,0.58,9,9.541,0.98,0.019831389,55:15.2,-1.7,-0.5,311,0,0,0,0,0,0,0,0,0,0,0,0,0,0,0:00:00,0,0,--.--,0,0,0,0000:00:00,50,0,0,0,30,0,0,0,0,0,0,1,9.54,10:55:15,10/10/2023,72.3,54.54,--.--
low,0,3,0.05,16.45,0.62,9,10.199,1.01,0.022527361,55:16.2,-1.9,-0.4,311,0,0,0,0,0,0,0,0,0,0,0,0,0,0,0:00:00,0,0,--.--,0,0,0,0000:00:00,50,0,0,0,30,0,0,0,0,0,0,1,10.2,10:55:16,10/10/2023,72.34,54.54,--.--
low,0,4,0.07,16.45,0.62,9,10.199,1.01,0.025406111,55:17.2,-1.5,-0.6,311,0,0,0,0,0,0,0,0,0,0,0,0,0,0,0:00:00,0,0,--.--,0,0,0,0000:00:00,50,0,0,0,30,0,0,0,0,0,0,1,10.2,10:55:17,10/10/2023,72.37,54.55,--.--
low,0,5,0.08,16.45,0.61,9,10.0345,1,0.028239167,55:18.2,-1.4,-0.5,311,0,0,0,0,0,0,0,0,0,0,0,0,0,0,0:00:00,0,0,--.--,0,0,0,0000:00:00,50,0,0,0,30,0,0,0,0,0,0,1,10.04,10:55:18,10/10/2023,72.41,54.54,--.--
low,0,6,0.1,16.45,0.65,10,10.6925,1.03,0.031072222,55:19.3,-2.8,-0.5,311,0,0,0,0,0,0,0,0,0,-0.01,0,0,0,0,0:00:00,0,0,--.--,0,0,0,0000:00:00,50,0,0,0,30,0,0,0,0,0,0,1,10.69,10:55:19,10/10/2023,72.45,54.54,--.--
low,0,7,0.12,16.45,0.62,10,10.199,1.01,0.033859583,55:20.2,-1.3,-0.3,311,0,0,0,0,0,0,0,0,0,0,0,0,0,0,0:00:00,0,0,--.--,0,0,0,0000:00:00,50,0,0,0,30,0,0,0,0,0,0,1,10.2,10:55:20,10/10/2023,72.48,54.54,--.--
low,0,8,0.13,16.45,0.59,10,9.7055,0.99,0.036829722,55:21.2,-2.5,-0.2,310,0,0,0,0,0,0,0,0,0,0,0,0,0,0,0:00:00,0,0,--.--,0,0,0,0000:00:00,50,0,0,0,30,0,0,0,0,0,0,1,9.71,10:55:21,10/10/2023,72.52,54.55,--.--
low,0,9,0.15,16.45,0.63,10,10.3635,1.02,0.039525694,55:22.2,-1.8,-0.8,310,0,0,0,0,0,0,0,0,0,0,0,0,0,0,0:00:00,0,0,--.--,0,0,0,0000:00:00,50,0,0,0,30,0,0,0,0,0,0,1,10.36,10:55:22,10/10/2023,72.55,54.55,--.--
low,0,10,0.17,16.45,0.62,10,10.199,1.01,0.04235875,55:23.2,-1.4,0.2,311,0,0,0,0,0,0,0,0,0,0,0,0,0,0,0:00:00,0,0,--.--,0,--.--,0,0000:00:00,50,0,0,0,30,0,0,0,0,0,0,1,10.2,10:55:23,10/10/2023,72.59,54.54,--.--
low,0,11,0.18,16.45,0.62,10,10.199,1.01,0.045191806,55:24.2,-2.2,-0.4,310,0,0,0,0,0,0,0,0,0,0,0,0,0,0,0:00:00,0,0,--.--,0,--.--,0,0000:00:00,50,0,0,0,30,0,0,0,0,0,0,1,10.2,10:55:24,10/10/2023,72.63,54.54,--.--
low,0,12,0.2,16.45,0.61,11,10.0345,1,0.047796389,55:25.2,-1.7,-0.6,310,0,0,0,0,0,0,0,0,0,0,0,0,0,0,0:00:00,0,0,--.--,0,--.--,0,0000:00:00,50,0,0,0,30,0,0,0,0,0,0,1,10.04,10:55:25,10/10/2023,72.66,54.54,--.--
low,0,13,0.22,16.45,0.65,11,10.6925,1.03,0.050629444,55:26.3,-2,0,309,0,0,0,0,0,0,0,0,0,0,0,0,0,0,0:00:00,0,0,--.--,0,--.--,0,0000:00:00,50,0,0,0,30,0,0,0,0,0,0,1,10.69,10:55:26,10/10/2023,72.72,54.54,--.--
low,0,14,0.23,16.45,0.59,11,9.7055,0.99,0.053234028,55:27.2,-2.1,-0.2,309,0,0,0,0,0,0,0,0,0,0,0,0,0,0,0:00:00,0,0,--.--,0,--.--,0,0000:00:00,50,0,0,0,30,0,0,0,0,0,0,1,9.7,10:55:27,10/10/2023,72.75,54.55,--.--
low,0,15,0.25,16.45,0.62,11,10.199,1.01,0.056021389,55:28.2,-1.9,-0.2,309,0,0,0,0,0,0,0,0,0,0,0,0,0,0,0:00:00,0,0,--.--,0,--.--,0,0000:00:00,50,0,0,0,30,0,0,0,0,0,0,1,10.2,10:55:28,10/10/2023,72.79,54.54,--.--
low,0,16,0.27,16.45,0.62,11,10.199,1.01,0.058900139,55:29.2,-1.9,-0.7,308,0,0,0,0,0,0,0,0,0,0,0,0,0,0,0:00:00,0,0,--.--,0,--.--,0,0000:00:00,50,0,0,0,30,0,0,0,0,0,0,1,10.2,10:55:29,10/10/2023,72.82,54.54,--.--
low,0,17,0.28,16.45,0.57,12,9.3765,0.97,0.061596111,55:30.3,-1.8,-0.1,307,0,0,0,0,0,0,0,0,0,0,0,0,0,0,0:00:00,0,0,--.--,0,--.--,0,0000:00:00,50,0,0,0,30,0,0,0,0,0,0,1,9.37,10:55:30,10/10/2023,72.86,54.54,--.--
low,0,18,0.3,16.45,0.62,12,10.199,1.01,0.064383472,55:31.2,-2.8,-0.4,307,0,0,0,0,0,0,0,0,0,0,0,0,0,0,0:00:00,0,0,--.--,0,--.--,0,0000:00:00,50,0,0,0,30,0,0,0,0,0,0,1,10.2,10:55:31,10/10/2023,72.9,54.55,--.--
low,0,19,0.32,16.45,0.57,12,9.3765,0.97,0.067307917,55:32.2,-1.6,-0.1,306,0,0,0,0,0,0,0,0,0,0,0,0,0,0,0:00:00,0,0,--.--,0,--.--,0,0000:00:00,50,0,0,0,30,0,0,0,0,0,0,1,9.37,10:55:32,10/10/2023,72.93,54.54,--.--
low,0,20,0.33,16.45,0.61,12,10.0345,1,0.070140972,55:33.2,-2,-0.5,305,0,0,0,0,0,0,0,0,0,0,0,0,0,0,0:00:00,0,0,--.--,0,--.--,0,0000:00:00,50,0,0,0,30,0,0,0,0,0,0,1,10.03,10:55:33,10/10/2023,72.97,54.54,--.--
low,0,21,0.35,16.45,0.63,12,10.3635,1.02,0.072928333,55:34.2,-2.8,-0.3,305,0,0,0,0,0,0,0,0,0,0,0,0,0,0,0:00:00,0,0,--.--,0,--.--,0,0000:00:00,50,0,0,0,30,0,0,0,0,0,0,1,10.36,10:55:34,10/10/2023,73,54.54,--.--
low,0,22,0.37,16.45,0.59,12,9.7055,0.99,0.075624306,55:35.2,-1.8,-0.4,304,0,0,0,0,0,0,0,0,0,0,0,0,0,0,0:00:00,0,0,--.--,0,--.--,0,0000:00:00,50,0,0,0,30,0,0,0,0,0,0,1,9.71,10:55:35,10/10/2023,73.04,54.54,--.--
low,0,23,0.38,16.45,0.61,13,10.0345,1,0.078365972,55:36.2,-2.3,-0.2,303,0,0,0,0,0,0,0,0,0,0,0,0,0,0,0:00:00,0,0,--.--,0,--.--,0,0000:00:00,50,0,0,0,30,0,0,0,0,0,0,1,10.03,10:55:36,10/10/2023,73.08,54.55,--.--
low,0,24,0.4,16.45,0.64,13,10.528,1.02,0.08101625,55:37.2,-2.7,-0.5,302,0,0,0,0,0,0,0,0,0,0,0,0,0,0,0:00:00,0,0,--.--,0,--.--,0,0000:00:00,50,0,0,0,30,0,0,0,0,0,0,1,10.53,10:55:37,10/10/2023,73.11,54.55,--.--
low,0,25,0.42,16.45,0.62,13,10.199,1.01,0.083757917,55:38.2,-2.9,-0.1,301,0,0,0,0,0,0,0,0,0,0,0,0,0,0,0:00:00,0,0,--.--,0,--.--,0,0000:00:00,50,0,0,0,30,0,0,0,0,0,0,1,10.2,10:55:38,10/10/2023,73.15,54.55,--.--
low,0,26,0.43,16.45,0.61,13,10.0345,1,0.086590972,55:39.2,-2.1,-0.5,301,0,0,0,0,0,0,0,0,0,0,0,0,0,0,0:00:00,0,0,--.--,0,--.--,0,0000:00:00,50,0,0,0,30,0,0,0,0,0,0,1,10.03,10:55:39,10/10/2023,73.18,54.55,--.--
low,0,27,0.45,16.45,0.59,13,9.7055,0.99,0.089378333,55:40.2,-3.7,-0.1,300,0,0,0,0,0,0,0,0,0,0,0,0,0,0,0:00:00,0,0,--.--,0,--.--,0,0000:00:00,50,0,0,0,30,0,0,0,0,0,0,1,9.7,10:55:40,10/10/2023,73.22,54.55,--.--
low,0,28,0.47,16.45,0.6,13,9.87,0.99,0.092165694,55:41.2,-1.2,-0.5,299,0,0,0,0,0,0,0,0,0,0,0,0,0,0,0:00:00,0,0,--.--,0,--.--,0,0000:00:00,50,0,0,0,30,0,0,0,0,0,0,1,9.87,10:55:41,10/10/2023,73.26,54.54,--.--
low,0,29,0.48,16.45,0.58,14,9.541,0.98,0.094815972,55:42.2,-4.3,-0.2,298,0,0,0,0,0,0,0,0,0,0,0,0,0,0,0:00:00,0,0,--.--,0,--.--,0,0000:00:00,50,0,0,0,30,0,0,0,0,0,0,1,9.54,10:55:42,10/10/2023,73.31,54.55,--.--
low,0,30,0.5,16.45,0.6,14,9.87,0.99,0.097923194,55:43.3,-1.1,-0.6,298,0,0,0,0,0,0,0,0,0,0,0,0,0,0,0:00:00,0,0,--.--,0,--.--,0,0000:00:00,50,0,0,0,30,0,0,0,0,0,0,1,9.87,10:55:43,10/10/2023,73.35,54.55,--.--
low,0,31,0.52,16.45,0.62,14,10.199,1.01,0.10075625,55:44.2,-3.9,0.1,296,0,0,0,0,0,0,0,0,0,0,0,0,0,0,0:00:00,0,0,--.--,0,--.--,0,0000:00:00,50,0,0,0,30,0,0,0,0,0,0,1,10.2,10:55:44,10/10/2023,73.38,54.55,--.--
low,0,32,0.53,16.45,0.61,14,10.0345,1,0.103315139,55:45.2,-2,-0.9,296,0,0,0,0,0,0,0,0,0,0,0,0,0,0,0:00:00,0,0,--.--,0,--.--,0,0000:00:00,50,0,0,0,30,0,0,0,0,0,0,1,10.03,10:55:45,10/10/2023,73.44,54.55,--.--
low,0,33,0.55,16.45,0.61,14,10.0345,1,0.106011111,55:46.2,-3.2,0.1,295,0,0,0,0,0,0,0,0,0,0,0,0,0,0,0:00:00,0,0,--.--,0,--.--,0,0000:00:00,50,0,0,0,30,0,0,0,0,0,0,1,10.04,10:55:46,10/10/2023,73.45,54.55,--.--
low,0,34,0.57,16.45,0.58,14,9.541,0.98,0.108842444,55:47.2,-2.2,-0.6,294,0,0,0,0,0,0,0,0,0,0,0,0,0,0,0:00:00,0,0,--.--,0,--.--,0,0000:00:00,50,0,0,0,30,0,0,0,0,0,0,1,9.54,10:55:47,10/10/2023,73.51,54.55,--.--
low,0,35,0.58,16.45,0.68,15,11.186,1.05,0.111719444,55:48.2,-3.5,0,293,0,0,0,0,0,0,0,0,0,0,0,0,0,0,0:00:00,0,0,--.--,0,--.--,0,0000:00:00,50,0,0,0,30,0,0,0,0,0,0,1,11.19,10:55:48,10/10/2023,73.53,54.55,--.--
low,0,36,0.6,16.45,0.62,15,10.199,1.01,0.114461111,55:49.2,-2,-0.8,292,0,0,0,0,0,0,0,0,0,0,0,0,0,0,0:00:00,0,0,--.--,0,--.--,0,0000:00:00,50,0,0,0,30,0,0,0,0,0,0,1,10.2,10:55:49,10/10/2023,73.56,54.55,--.--
low,0,37,0.62,16.45,0.56,15,9.212,0.96,0.117248472,55:50.2,-3.7,0.1,291,0,0,0,0,0,0,0,0,0,0,0,0,0,0,0:00:00,0,0,--.--,0,--.--,0,0000:00:00,50,0,0,0,30,0,0,0,0,0,0,1,9.21,10:55:50,10/10/2023,73.6,54.55,--.--
low,0,38,0.63,16.45,0.59,15,9.7055,0.99,0.11989875,55:51.2,-1.6,-1.2,290,0,0,0,0,0,0,0,0,0,0,0,0,0,0,0:00:00,0,0,--.--,0,--.--,0,0000:00:00,50,0,0,0,30,0,0,0,0,0,0,1,9.71,10:55:51,10/10/2023,73.63,54.55,--.--
low,0,39,0.65,16.44,0.62,15,10.1928,1.01,0.12291275,55:52.2,-3.9,0.2,289,0,0,0,0,0,0,0,0,0,0,0,0,0,0,0:00:00,0,0,--.--,0,--.--,0,0000:00:00,50,0,0,0,30,0,0,0,0,0,0,1,10.19,10:55:52,10/10/2023,73.67,54.55,--.--
low,0,40,0.67,16.44,0.63,15,10.3572,1.02,0.125700111,55:53.3,-1.5,-0.8,288,0,0,0,0,0,0,0,0,0,0,0,0,0,0,0:00:00,0,0,--.--,0,--.--,0,0000:00:00,50,0,0,0,30,0,0,0,0,0,0,1,10.36,10:55:53,10/10/2023,73.71,54.54,--.--
low,0,41,0.68,16.45,0.6,16,9.87,0.99,0.128487472,55:54.3,-3.3,-0.2,287,0,0,0,0,0,0,0,0,0,0,0,0,0,0,0:00:00,0,0,--.--,0,--.--,0,0000:00:00,50,0,0,0,30,0,0,0,0,0,0,1,9.87,10:55:54,10/10/2023,73.74,54.55,--.--
low,0,42,0.7,16.45,0.61,16,10.0345,1,0.131274833,55:55.3,-2.4,-0.9,286,0,0,0,0,0,0,0,0,0,0,0,0,0,0,0:00:00,0,0,--.--,0,--.--,0,0000:00:00,50,0,0,0,30,0,0,0,0,0,0,1,10.03,10:55:55,10/10/2023,73.76,54.55,--.--
low,0,43,0.72,16.45,0.58,16,9.541,0.98,0.138174694,55:56.3,-2.2,-0.5,284,0,0,0,0,0,0,0,0,0,0,-0.01,0,0,0,0:00:00,0,0,--.--,0,--.--,0,0000:00:00,50,0,0,0,30,0,0,0,0,0,0,1,9.54,10:55:56,10/10/2023,73.8,54.55,--.--
low,0,44,0.73,16.44,0.66,16,10.8504,1.04,0.140960361,55:57.3,-2.9,-0.7,283,0,0,0,0,0,0,0,0,0,0,0,0,0,0,0:00:00,0,0,--.--,0,--.--,0,0000:00:00,50,0,0,0,30,0,0,0,0,0,0,1,10.85,10:55:57,10/10/2023,73.85,54.55,--.--
low,0,45,0.75,16.45,0.61,16,10.0345,1,0.154577028,55:58.3,-2.2,-0.5,282,0,0,0,0,0,0,0,0,0,-0.01,-0.01,0,0,0,0:00:00,0,0,--.--,0,--.--,0,0000:00:00,50,0,0,0,30,0,0,0,0,0,0,1,10.03,10:55:58,10/10/2023,73.89,54.55,--.--
low,0,46,0.77,16.45,0.61,16,10.0345,1,0.159129806,55:59.3,-3,-0.8,281,0,0,0,0,0,0,0,0,0,0,0,0,0,0,0:00:00,0,0,--.--,0,--.--,50,0000:00:00,50,0,0,0,30,0,0,0,0,0,0,1,10.03,10:55:59,10/10/2023,73.92,54.55,--.--
low,0,47,0.78,16.45,0.61,17,10.0345,1,0.161961139,56:00.3,-2.3,-0.4,280,0,0,0,0,0,0,0,0,0,0,-0.01,0,0,0,0:00:00,0,0,--.--,0,--.--,50,0000:00:00,50,0,0,0,30,0,0,0,0,0,0,1,10.03,10:56:00,10/10/2023,73.96,54.55,--.--
low,0,48,0.8,16.45,1.51,17,24.8395,1.4,0.164702806,56:01.3,-3.3,-0.5,279,0,0,0,0,0,0,0,0,0,0,0,0,0,0,0:00:02,0,0,--.--,0,--.--,50,0000:00:00,50,0,0,0,30,0,0,0,0,0,0,1,24.83,10:56:01,10/10/2023,73.99,54.55,--.--
low,0,49,0.82,16.44,0.61,17,10.0284,1,0.168034444,56:02.3,-2,-0.4,278,0,0,0,0,0,0,0,0,0,0,0,0,0,0,0:00:02,0,0,--.--,0,--.--,50,0000:00:00,50,0,0,0,30,0,0,0,0,0,0,1,10.03,10:56:02,10/10/2023,74.03,54.57,--.--
low,0,50,0.83,16.34,3,18,49.02,1.69,0.173599,56:03.3,-3.3,-0.4,277,0,0,0,0,0,0,0,0,0,0,0,0,0,0,0:00:03,0,0,--.--,0,--.--,35,0000:00:00,50,0,0,0,30,0,0,0,0,0,0,1,49.01,10:56:03,10/10/2023,74.05,54.55,--.--
low,0,51,0.85,16.39,1,18,16.39,1.21,0.176384667,56:04.3,-2,-1,276,0,0,0,0,0,0,0,0,0,0,0,0,0,0,0:00:04,0,0,--.--,0,--.--,50,0000:00:00,50,0,0,0,30,0,0,0,0,0,0,1,16.39,10:56:04,10/10/2023,74.08,54.55,--.--
low,0,52,0.87,16.44,0.62,18,10.1928,1.01,0.179172028,56:05.3,-4,0.2,275,0,0,0,0,0,0,0,0,0,0,0,0,0,0,0:00:05,0,0,--.--,0,--.--,49,0000:00:00,50,0,0,0,30,0,0,0,0,0,0,1,10.19,10:56:05,10/10/2023,74.14,54.55,--.--
low,0,53,0.88,16.45,0.6,19,9.87,0.99,0.181868,56:06.3,-1,-1.4,274,0,0,0,0,0,0,0,0,0,0,0,0,0,0,0:00:06,0,0,--.--,0,--.--,49,0000:00:00,50,0,10,0,30,0,0,0,0,0,0,1,9.87,10:56:06,10/10/2023,74.16,54.55,--.--
low,0,54,0.9,16.43,0.73,19,11.9939,1.08,0.184653667,56:07.3,-3.7,-0.2,273,0,0,0,0,0,0,0,0,0,0,0,0,0,0,0:00:07,0,0,--.--,0,--.--,49,0000:00:00,50,0,60,0,30,0,0,0,0,0,0,1,12,10:56:07,10/10/2023,74.19,54.55,--.--
low,0,55,0.92,16.42,1.22,19,20.0324,1.3,0.187303944,56:08.3,-1.5,-0.5,273,0,0,0,0,0,0,0,0,0,-0.01,0,0,0,0,0:00:08,0,0,--.--,0,--.--,50,0000:00:00,50,0,40,0,30,0,0,0,0,0,0,1,20.03,10:56:08,10/10/2023,74.23,54.54,--.--
low,0,56,0.93,16.44,0.61,19,10.0284,1,0.189999917,56:09.3,-4.1,-0.8,273,0,0,0,0,0,0,0,0,0,0,0,0,0,0,0:00:09,0,0,--.--,0,--.--,49,0000:00:00,50,0,0,0,30,0,0,0,0,0,0,1,10.03,10:56:09,10/10/2023,74.26,54.57,--.--
low,0,57,0.95,16.45,0.61,20,10.0345,1,0.192695889,56:10.3,-1.5,-0.7,273,0,0,0,0,0,0,0,0,0,0,0,0,0,0,0:00:10,0,0,--.--,0,--.--,48,0000:00:00,50,0,0,0,30,0,0,0,0,0,0,1,10.03,10:56:10,10/10/2023,74.3,54.55,--.--
low,0,58,0.97,16.45,0.59,20,9.7055,0.99,0.195528944,56:11.3,-4,0.3,273,0,0,0,0,0,0,0,0,0,0,0,0,0,0,0:00:11,0,0,--.--,0,--.--,49,0000:00:00,50,0,0,0,30,0,0,0,0,0,0,1,9.7,10:56:11,10/10/2023,74.32,54.55,--.--
low,0,59,0.98,16.44,0.61,20,10.0284,1,0.198362,56:12.3,-1.8,-0.9,273,0,0,0,0,0,0,0,0,0,0,0,0,0,0,0:00:12,0,0,--.--,0,--.--,50,0000:00:00,50,0,0,0,30,0,0,0,0,0,0,1,10.03,10:56:12,10/10/2023,74.37,54.55,--.--
low,0,60,1,16.45,0.58,20,9.541,0.98,0.201286444,56:13.3,-3.3,-0.5,273,0,0,0,0,0,0,0,0,0,0,0,0,0,0,0:00:13,0,0,--.--,0,--.--,49,0000:00:00,50,0,0,0,30,0,0,0,0,0,0,1,9.54,10:56:13,10/10/2023,74.41,54.55,--.--
low,0,61,1.02,16.45,0.59,20,9.7055,0.99,0.203936722,56:14.3,-1.3,-0.6,274,0,0,0,0,0,0,0,0,0,-0.01,0,0,0,0,0:00:14,0,0,--.--,0,--.--,50,0000:00:00,50,0,0,0,30,0,0,0,0,0,0,1,9.7,10:56:14,10/10/2023,74.44,54.57,--.--
low,0,62,1.03,16.45,0.59,20,9.7055,0.99,0.206724083,56:15.3,-3.3,-0.5,273,0,0,0,0,0,0,0,0,0,0,-0.01,0,0,0,0:00:15,0,0,--.--,0,--.--,49,0000:00:00,50,0,0,0,30,0,0,0,0,0,0,1,9.7,10:56:15,10/10/2023,74.48,54.55,--.--
low,0,63,1.05,16.45,0.62,21,10.199,1.01,0.209601083,56:16.3,-2.1,-0.7,274,0,0,0,0,0,0,0,0,0,0,0,0,0,0,0:00:16,0,0,--.--,0,--.--,49,0000:00:00,50,0,0,0,30,0,0,0,0,0,0,1,10.2,10:56:16,10/10/2023,74.53,54.57,--.--
low,0,64,1.07,16.45,0.62,21,10.199,1.01,0.212616917,56:17.3,-3.3,-0.4,274,0,0,0,0,0,0,0,0,0,0,0,0,0,0,0:00:17,0,0,--.--,0,--.--,49,0000:00:00,50,0,0,0,30,0,0,0,0,0,0,1,10.2,10:56:17,10/10/2023,74.55,54.55,--.--
low,0,65,1.08,16.45,0.64,21,10.528,1.02,0.215449972,56:18.3,-2.6,-0.7,274,0,0,0,0,0,0,0,0,0,0,0,0,0,0,0:00:18,0,0,--.--,0,--.--,49,0000:00:00,50,0,0,0,30,0,0,0,0,0,0,1,10.53,10:56:18,10/10/2023,74.61,54.55,--.--
low,0,66,1.1,16.45,0.58,21,9.541,0.98,0.218283028,56:19.3,-3.1,0.2,274,0,0,0,0,0,0,0,0,0,0,0,0,0,0,0:00:19,0,0,--.--,0,--.--,49,0000:00:00,50,0,0,0,30,0,0,0,0,0,0,1,9.54,10:56:19,10/10/2023,74.62,54.55,--.--
low,0,67,1.12,16.45,0.61,21,10.0345,1,0.221116083,56:20.3,-2.5,-0.7,274,0,0,0,0,0,0,0,0,0,0,0,0,0,0,0:00:21,0,0,--.--,0,--.--,49,0000:00:00,50,0,0,0,30,0,0,0,0,0,0,1,10.03,10:56:20,10/10/2023,74.66,54.57,--.--
low,0,68,1.13,16.44,0.63,21,10.3572,1.02,0.223949139,56:21.3,-2.7,-0.5,274,0,0,0,0,0,0,0,0,0,0,0,0,0,0,0:00:22,0,0,--.--,0,--.--,49,0000:00:00,50,0,0,0,30,0,0,0,0,0,0,1,10.36,10:56:21,10/10/2023,74.7,54.57,--.--
low,0,69,1.15,16.45,0.66,22,10.857,1.04,0.226780472,56:22.3,-2.6,-0.6,273,0,0,0,0,0,0,0,0,0,0,0,0,0,0,0:00:22,0,0,--.--,0,--.--,49,0000:00:00,50,0,0,0,30,0,0,0,0,0,0,1,10.85,10:56:22,10/10/2023,74.73,54.57,--.--
low,0,70,1.17,16.45,0.62,22,10.199,1.01,0.229567833,56:23.3,-1.5,-0.3,273,0,0,0,0,0,0,0,0,0,0,0,0,0,0,0:00:23,0,0,--.--,0,--.--,49,0000:00:00,50,0,0,0,30,0,0,0,0,0,0,1,10.2,10:56:23,10/10/2023,74.77,54.57,--.--
low,0,71,1.18,16.45,0.62,22,10.199,1.01,0.2323535,56:24.3,-3.6,-0.6,273,0,0,0,0,0,0,0,0,0,0,0,0,0,0,0:00:24,0,0,--.--,0,--.--,49,0000:00:00,50,0,0,0,30,0,0,0,0,0,0,1,10.2,10:56:24,10/10/2023,74.8,54.57,--.--
low,0,72,1.2,16.45,0.62,22,10.199,1.01,0.2352305,56:25.3,-2.1,-0.8,273,0,0,0,0,0,0,0,0,0,0,0,0,0,0,0:00:26,0,0,--.--,0,--.--,49,0000:00:00,50,0,0,0,30,0,0,0,0,0,0,1,10.2,10:56:25,10/10/2023,74.82,54.57,--.--
low,0,73,1.22,16.45,0.62,22,10.199,1.01,0.238063556,56:26.3,-4.2,0.1,274,0,0,0,0,0,0,0,0,0,0,0,0,0,0,0:00:27,0,0,--.--,0,--.--,49,0000:00:00,50,0,0,0,30,0,0,0,0,0,0,1,10.2,10:56:26,10/10/2023,74.86,54.57,--.--
low,0,74,1.23,16.44,0.62,23,10.1928,1.01,0.240896611,56:27.3,-1.2,-0.4,275,0,0,0,0,0,0,0,0,0,0,0,0,0,0,0:00:28,0,0,--.--,0,--.--,49,0000:00:00,50,0,0,0,30,0,0,0,0,0,0,1,10.19,10:56:27,10/10/2023,74.89,54.57,--.--
low,0,75,1.25,16.45,0.61,23,10.0345,1,0.243638278,56:28.3,-4,-0.4,276,0,0,0,0,0,0,0,0,0,0,0,0,0,0,0:00:29,0,0,--.--,0,--.--,49,0000:00:00,50,0,0,0,30,0,0,0,0,0,0,1,10.03,10:56:28,10/10/2023,74.93,54.57,--.--
low,0,76,1.27,16.44,0.61,23,10.0284,1,0.246471333,56:29.3,-1,-0.2,277,0,0,0,0,0,0,0,0,0,0,0,0,0,0,0:00:30,0,0,--.--,0,--.--,49,0000:00:00,50,0,0,0,30,0,0,0,0,0,0,1,10.03,10:56:29,10/10/2023,74.97,54.57,--.--
low,0,77,1.28,16.44,0.63,23,10.3572,1.02,0.249304389,56:30.3,-3.6,-0.9,277,0,0,0,0,0,0,0,0,0,0,0,0,0,0,0:00:31,0,0,--.--,0,--.--,49,0000:00:00,50,0,0,0,30,0,0,0,0,0,0,1,10.36,10:56:30,10/10/2023,75.02,54.57,--.--
low,0,78,1.3,16.45,0.62,23,10.199,1.01,0.251998722,56:31.3,-2.2,-0.5,278,0,0,0,0,0,0,0,0,0,0,0,0,0,0,0:00:32,0,0,--.--,0,--.--,49,0000:00:00,50,0,0,0,30,0,0,0,0,0,0,1,10.2,10:56:31,10/10/2023,75.04,54.57,--.--
low,0,79,1.32,16.45,0.62,23,10.199,1.01,0.255014556,56:32.3,-3.8,0.4,279,0,0,0,0,0,0,0,0,0,0,0,0,0,0,0:00:33,0,0,--.--,0,--.--,49,0000:00:00,50,0,0,0,30,0,0,0,0,0,0,1,10.2,10:56:32,10/10/2023,75.07,54.57,--.--
low,0,80,1.33,16.45,0.6,24,9.87,0.99,0.257845889,56:33.3,-1.4,-0.7,280,0,0,0,0,0,0,0,0,0,0,0,0,0,0,0:00:34,0,0,--.--,0,--.--,49,0000:00:00,50,0,0,0,30,0,0,0,0,0,0,1,9.87,10:56:33,10/10/2023,75.11,54.57,--.--
low,0,81,1.35,16.45,0.62,24,10.199,1.01,0.260540222,56:34.3,-4.6,-0.2,281,0,0,0,0,0,0,0,0,0,0,0,0,0,0,0:00:35,0,0,--.--,0,--.--,49,0000:00:00,50,0,0,0,30,0,0,0,0,0,0,1,10.2,10:56:34,10/10/2023,75.15,54.55,--.--
low,0,82,1.37,16.45,0.62,24,10.199,1.01,0.263325889,56:35.3,-0.9,-0.1,282,0,0,0,0,0,0,0,0,0,0,0,0,0,0,0:00:36,0,0,--.--,0,--.--,49,0000:00:00,50,0,0,0,30,0,0,0,0,0,0,1,10.2,10:56:35,10/10/2023,75.16,54.57,--.--
low,0,83,1.38,16.44,0.59,24,9.6996,0.99,0.266111556,56:36.3,-4.6,-0.5,282,0,0,0,0,0,0,0,0,0,0,0,0,0,0,0:00:37,0,0,--.--,0,--.--,49,0000:00:00,50,0,0,0,30,0,0,0,0,0,0,1,9.7,10:56:36,10/10/2023,75.2,54.57,--.--
low,0,84,1.4,16.45,0.66,24,10.857,1.04,0.268988556,56:37.3,-1.3,-0.3,283,0,0,0,0,0,0,0,0,0,0,0,0,0,0,0:00:38,0,0,--.--,0,--.--,49,0000:00:00,50,0,0,0,30,0,0,0,0,0,0,1,10.85,10:56:37,10/10/2023,75.24,54.57,--.--
low,0,85,1.42,16.44,0.62,24,10.1928,1.01,0.271684528,56:38.3,-3.5,-0.3,284,0,0,0,0,0,0,0,0,0,0,0,0,0,0,0:00:39,0,0,--.--,0,--.--,49,0000:00:00,50,0,0,0,30,0,0,0,0,0,0,1,10.19,10:56:38,10/10/2023,75.27,54.57,--.--
low,0,86,1.43,16.44,0.59,25,9.6996,0.99,0.274607194,56:39.3,-2.8,-0.8,284,0,0,0,0,0,0,0,0,0,0,0,0,0,0,0:00:40,0,0,--.--,0,--.--,49,0000:00:00,50,0,0,0,30,0,0,0,0,0,0,1,9.7,10:56:39,10/10/2023,75.31,54.57,--.--
low,0,87,1.45,16.44,0.61,25,10.0284,1,0.27744025,56:40.3,-3,0.3,285,0,0,0,0,0,0,0,0,0,0,0,0,0,0,0:00:41,0,0,--.--,0,--.--,49,0000:00:00,50,0,0,0,30,0,0,0,0,0,0,1,10.03,10:56:40,10/10/2023,75.34,54.57,--.--
low,0,88,1.47,16.44,0.61,25,10.0284,1,0.280362917,56:41.3,-2.4,-0.6,285,0,0,0,0,0,0,0,0,0,0,0,0,0,0,0:00:42,0,0,--.--,0,--.--,49,0000:00:00,50,0,0,0,30,0,0,0,0,0,0,1,10.03,10:56:41,10/10/2023,75.38,54.57,--.--
low,0,89,1.48,16.44,0.63,25,10.3572,1.02,0.28319425,56:42.3,-4,-0.1,286,0,0,0,0,0,0,0,0,0,0,0,0,0,0,0:00:43,0,0,--.--,0,--.--,49,0000:00:00,50,0,0,0,30,0,0,0,0,0,0,1,10.36,10:56:42,10/10/2023,75.42,54.57,--.--
low,0,90,1.5,16.45,0.59,25,9.7055,0.99,0.286025583,56:43.3,-1.9,-0.6,286,0,0,0,0,0,0,0,0,0,0,0,0,0,0,0:00:44,0,0,--.--,0,--.--,49,0000:00:00,50,0,0,0,30,0,0,0,0,0,0,1,9.7,10:56:43,10/10/2023,75.45,54.57,--.--
low,0,91,1.52,16.44,0.64,25,10.5216,1.02,0.288902583,56:44.3,-3,-0.5,286,0,0,0,0,0,0,0,0,0,0,0,0,0,0,0:00:45,0,0,--.--,0,--.--,49,0000:00:00,50,0,0,0,30,0,0,0,0,0,0,1,10.52,10:56:44,10/10/2023,75.49,54.57,--.--
low,0,92,1.53,16.45,0.62,26,10.199,1.01,0.291642583,56:45.3,-2.8,-0.5,286,0,0,0,0,0,0,0,0,0,0,0,0,0,0,0:00:46,0,0,--.--,0,--.--,49,0000:00:00,50,0,0,0,30,0,0,0,0,0,0,1,10.2,10:56:45,10/10/2023,75.51,54.57,--.--
low,0,93,1.55,16.44,0.64,26,10.5216,1.02,0.294475639,56:46.3,-2.9,0.3,286,0,0,0,0,0,0,0,0,0,0,0,0,0,0,0:00:47,0,0,--.--,0,--.--,49,0000:00:00,50,0,0,0,30,0,0,0,0,0,0,1,10.52,10:56:46,10/10/2023,75.56,54.57,--.--
low,0,94,1.57,16.44,0.62,26,10.1928,1.01,0.297354389,56:47.3,-3.3,-0.8,286,0,0,0,0,0,0,0,0,0,-0.01,0,0,0,0,0:00:48,0,0,--.--,0,--.--,49,0000:00:00,50,0,0,0,30,0,0,0,0,0,0,1,10.19,10:56:47,10/10/2023,75.58,54.57,--.--
low,0,95,1.58,16.44,0.62,26,10.1928,1.01,0.300050361,56:48.3,-2.6,-0.1,286,0,0,0,0,0,0,0,0,0,0,0,0,0,0,0:00:49,0,0,--.--,0,--.--,49,0000:00:00,50,0,0,0,30,0,0,0,0,0,0,1,10.19,10:56:48,10/10/2023,75.63,54.57,--.--
low,0,96,1.6,16.44,0.63,26,10.3572,1.02,0.302699028,56:49.3,-2.8,-0.4,286,0,0,0,0,0,0,0,0,0,0,0,0,0,0,0:00:50,0,0,--.--,0,--.--,49,0000:00:00,50,0,0,0,30,0,0,0,0,0,0,1,10.36,10:56:49,10/10/2023,75.67,54.57,--.--
low,0,97,1.62,16.44,0.6,26,9.864,0.99,0.305439028,56:50.3,-2.9,-0.4,285,0,0,0,0,0,0,0,0,0,0,0,0,0,0,0:00:51,0,0,--.--,0,--.--,49,0000:00:00,50,0,0,0,30,0,0,0,0,0,0,1,9.86,10:56:50,10/10/2023,75.7,54.57,--.--
low,0,98,1.63,16.45,0.62,27,10.199,1.01,0.308361694,56:51.3,-1.6,-0.6,284,0,0,0,0,0,0,0,0,0,0,0,0,0,0,0:00:52,0,0,--.--,0,--.--,49,0000:00:00,50,0,0,0,30,0,0,0,0,0,0,1,10.2,10:56:51,10/10/2023,75.74,54.57,--.--
low,0,99,1.65,16.45,0.63,27,10.3635,1.02,0.311149056,56:52.3,-3.1,-0.5,284,0,0,0,0,0,0,0,0,0,0,0,0,0,0,0:00:53,0,0,--.--,0,--.--,49,0000:00:00,50,0,0,0,30,0,0,0,0,0,0,1,10.36,10:56:52,10/10/2023,75.78,54.57,--.--
low,0,100,1.67,16.45,0.59,27,9.7055,0.99,0.313934722,56:53.3,-1.2,-1.2,284,0,0,0,0,0,0,0,0,0,0,0,0,0,0,0:00:54,0,0,--.--,0,--.--,49,0000:00:00,50,0,0,0,30,0,0,0,0,0,0,1,9.7,10:56:53,10/10/2023,75.79,54.57,--.--
low,0,101,1.68,16.44,0.58,27,9.5352,0.98,0.316857389,56:54.3,-2.5,-0.3,284,0,0,0,0,0,0,0,0,0,0,0,0,0,0,0:00:55,0,0,--.--,0,--.--,49,0000:00:00,50,0,0,0,30,0,0,0,0,0,0,1,9.54,10:56:54,10/10/2023,75.83,54.57,--.--
low,0,102,1.7,16.44,0.6,27,9.864,0.99,0.31964475,56:55.3,-2.1,-0.7,284,0,0,0,0,0,0,0,0,0,0,0,0,0,0,0:00:56,0,0,--.--,0,--.--,49,0000:00:00,50,0,0,0,30,0,0,0,0,0,0,1,9.87,10:56:55,10/10/2023,75.87,54.57,--.--
low,0,103,1.72,16.44,0.64,28,10.5216,1.02,0.322339083,56:56.3,-0.8,-1,284,0,0,0,0,0,0,0,0,0,0,0,0,0,0,0:00:57,0,0,--.--,0,--.--,49,0000:00:00,50,0,0,0,30,0,0,0,0,0,0,1,10.52,10:56:56,10/10/2023,75.9,54.57,--.--
low,0,104,1.73,16.45,0.61,28,10.0345,1,0.325170417,56:57.3,-2.5,-1.1,284,0,0,0,0,0,0,0,0,0,0,0,0,0,0,0:00:58,0,0,--.--,0,--.--,49,0000:00:00,50,0,0,0,30,0,0,0,0,0,0,1,10.03,10:56:57,10/10/2023,75.94,54.59,--.--
low,0,105,1.75,16.44,0.61,28,10.0284,1,0.327773417,56:58.3,-1.2,-0.4,285,0,0,0,0,0,0,0,0,0,0,0,0,0,0,0:00:59,0,0,--.--,0,--.--,49,0000:00:00,50,0,0,0,30,0,0,0,0,0,0,1,10.03,10:56:58,10/10/2023,75.97,54.57,--.--
low,0,106,1.77,16.44,0.64,28,10.5216,1.02,0.330513417,56:59.3,-2.6,-0.7,285,0,0,0,0,0,0,0,0,0,0,0,0,0,0,0:01:00,0,0,--.--,0,--.--,49,0000:00:00,50,0,0,0,30,0,0,0,0,0,0,1,10.52,10:56:59,10/10/2023,75.99,54.57,--.--
low,0,107,1.78,16.45,0.61,28,10.0345,1,0.33348175,57:00.3,-1.4,-1,286,0,0,0,0,0,0,0,0,0,0,0,0,0,0,0:01:01,0,0,--.--,0,--.--,49,0000:00:00,50,0,0,0,30,0,0,0,0,0,0,1,10.03,10:57:00,10/10/2023,76.03,54.57,--.--
low,0,108,1.8,16.44,0.59,28,9.6996,0.99,0.336267417,57:01.3,-2.6,-0.6,286,0,0,0,0,0,0,0,0,0,0,0,0,0,0,0:01:02,0,0,--.--,0,--.--,49,0000:00:00,50,0,0,0,30,0,0,0,0,0,0,1,9.7,10:57:01,10/10/2023,76.06,54.57,--.--
low,0,109,1.82,16.44,0.62,29,10.1928,1.01,0.33882475,57:02.3,-0.8,-1.1,287,0,0,0,0,0,0,0,0,0,0,0,0,0,0,0:01:03,0,0,--.--,0,--.--,49,0000:00:00,50,0,0,0,30,0,0,0,0,0,0,1,10.19,10:57:02,10/10/2023,76.1,54.57,--.--
low,0,110,1.83,16.44,0.57,29,9.3708,0.97,0.34170175,57:03.3,-2.2,-0.8,287,0,0,0,0,0,0,0,0,0,0,0,0,0,0,0:01:04,0,0,--.--,0,--.--,49,0000:00:00,50,0,0,0,30,0,0,0,0,0,0,1,9.37,10:57:03,10/10/2023,76.14,54.59,--.--
low,0,111,1.85,16.44,0.6,29,9.864,0.99,0.34444175,57:04.3,-1.6,-0.8,288,0,0,0,0,0,0,0,0,0,0,0,0,0,0,0:01:05,0,0,--.--,0,--.--,49,0000:00:00,50,0,0,0,30,0,0,0,0,0,0,1,9.86,10:57:04,10/10/2023,76.17,54.59,--.--
low,0,112,1.87,16.44,0.65,29,10.686,1.03,0.347136083,57:05.3,-2.5,-0.1,288,0,0,0,0,0,0,0,0,0,0,0,0,0,0,0:01:06,0,0,--.--,0,--.--,48,0000:00:00,50,0,0,0,30,0,0,0,0,0,0,1,10.69,10:57:05,10/10/2023,76.21,54.57,--.--
low,0,113,1.88,16.44,0.61,29,10.0284,1,0.350013083,57:06.3,-1.3,-1,289,0,0,0,0,0,0,0,0,0,0,0,0,0,0,0:01:07,0,0,--.--,0,--.--,49,0000:00:00,50,0,0,0,30,0,0,0,0,0,0,1,10.03,10:57:06,10/10/2023,76.24,54.57,--.--
low,0,114,1.9,16.44,0.56,29,9.2064,0.96,0.352616083,57:07.3,-2.9,-0.8,290,0,0,0,0,0,0,0,0,0,0,0,0,0,0,0:01:08,0,0,--.--,0,--.--,49,0000:00:00,50,0,0,0,30,0,0,0,0,0,0,1,9.21,10:57:07,10/10/2023,76.26,54.57,--.--
low,0,115,1.92,16.44,0.63,30,10.3572,1.02,0.355447417,57:08.3,-0.8,-0.9,290,0,0,0,0,0,0,0,0,0,0,0,0,0,0,0:01:09,0,0,--.--,0,--.--,49,0000:00:00,50,0,0,0,30,0,0,0,0,0,0,1,10.36,10:57:08,10/10/2023,76.3,54.59,--.--
low,0,116,1.93,16.44,0.6,30,9.864,0.99,0.358233083,57:09.3,-2.4,-1.3,290,0,0,0,0,0,0,0,0,0,0,0,0,0,0,0:01:10,0,0,--.--,0,--.--,49,0000:00:00,50,0,0,0,30,0,0,0,0,0,0,1,9.86,10:57:09,10/10/2023,76.33,54.59,--.--
low,0,117,1.95,16.44,0.59,30,9.6996,0.99,0.36088175,57:10.3,-1.3,-0.4,290,0,0,0,0,0,0,0,0,0,0,0,0,0,0,0:01:11,0,0,--.--,0,--.--,49,0000:00:00,50,0,0,0,30,0,0,0,0,0,0,1,9.7,10:57:10,10/10/2023,76.35,54.59,--.--
low,0,118,1.97,16.44,0.63,30,10.3572,1.02,0.363713083,57:11.3,-2.6,-0.8,290,0,0,0,0,0,0,0,0,0,0,0,0,0,0,0:01:12,0,0,--.--,0,--.--,49,0000:00:00,50,0,0,0,30,0,0,0,0,0,0,1,10.36,10:57:11,10/10/2023,76.39,54.57,--.--
low,0,119,1.98,16.44,0.57,30,9.3708,0.97,0.366544417,57:12.3,-1.5,-0.5,291,0,0,0,0,0,0,0,0,0,0,0,0,0,0,0:01:13,0,0,--.--,0,--.--,49,0000:00:00,50,0,0,0,30,0,0,0,0,0,0,1,9.37,10:57:12,10/10/2023,76.42,54.59,--.--
low,0,120,2,16.44,0.62,31,10.1928,1.01,0.369193083,57:13.3,-2.3,-1,291,0,0,0,0,0,0,0,0,0,0,0,0,0,0,0:01:14,0,0,--.--,0,--.--,49,0000:00:00,50,0,0,0,30,0,0,0,0,0,0,1,10.19,10:57:13,10/10/2023,76.46,54.57,--.--
low,0,121,2.02,16.44,0.61,31,10.0284,1,0.37211575,57:14.3,-1.4,-0.9,292,0,0,0,0,0,0,0,0,0,0,0,0,0,0,0:01:15,0,0,--.--,0,--.--,49,0000:00:00,50,0,0,0,30,0,0,0,0,0,0,1,10.03,10:57:14,10/10/2023,76.5,54.59,--.--
low,0,122,2.03,16.44,0.58,31,9.5352,0.98,0.374810083,57:15.3,-2.1,-1.2,293,0,0,0,0,0,0,0,0,0,0,0,0,0,0,0:01:16,0,0,--.--,0,--.--,49,0000:00:00,50,0,0,0,30,0,0,0,0,0,0,1,9.53,10:57:15,10/10/2023,76.53,54.59,--.--
low,0,123,2.05,16.44,0.62,31,10.1928,1.01,0.37773275,57:16.3,-1.8,-0.2,294,0,0,0,0,0,0,0,0,0,-0.01,0,0,0,0,0:01:17,0,0,--.--,0,--.--,49,0000:00:00,50,0,0,0,30,0,0,0,0,0,0,1,10.19,10:57:16,10/10/2023,76.55,54.59,--.--
low,0,124,2.07,16.44,0.62,31,10.1928,1.01,0.38060975,57:17.3,-2.1,-0.9,296,0,0,0,0,0,0,0,0,0,0,0,0,0,0,0:01:18,0,0,--.--,0,--.--,49,0000:00:00,50,0,0,0,30,0,0,0,0,0,0,1,10.19,10:57:17,10/10/2023,76.59,54.57,--.--
low,0,125,2.08,16.44,0.58,31,9.5352,0.98,0.383578083,57:18.3,-1.7,-0.8,297,0,0,0,0,0,0,0,0,0,0,0,0,0,0,0:01:19,0,0,--.--,0,--.--,49,0000:00:00,50,0,0,0,30,0,0,0,0,0,0,1,9.53,10:57:18,10/10/2023,76.62,54.57,--.--
low,0,126,2.1,16.44,0.64,32,10.5216,1.02,0.38636375,57:19.3,-2.4,-1,299,0,0,0,0,0,0,0,0,0,0,0,0,0,0,0:01:20,0,0,--.--,0,--.--,49,0000:00:00,50,0,0,0,30,0,0,0,0,0,0,1,10.52,10:57:19,10/10/2023,76.64,54.59,--.--
low,0,127,2.12,16.44,0.59,32,9.6996,0.99,0.389149417,57:20.3,-0.5,-0.9,301,0,0,0,0,0,0,0,0,0,0,0,0,0,0,0:01:21,0,0,--.--,0,--.--,49,0000:00:00,50,0,0,0,30,0,0,0,0,0,0,1,9.7,10:57:20,10/10/2023,76.68,54.59,--.--
low,0,128,2.13,16.44,0.64,32,10.5216,1.02,0.39184375,57:21.3,-2.3,-0.6,302,0,0,0,0,0,0,0,0,0,0,0,0,0,0,0:01:22,0,0,--.--,0,--.--,49,0000:00:00,50,0,0,0,30,0,0,0,0,0,0,1,10.52,10:57:21,10/10/2023,76.71,54.59,--.--
low,0,129,2.15,16.44,0.63,32,10.3572,1.02,0.39444675,57:22.3,-2,-0.4,305,0,0,0,0,0,0,0,0,0,0,0,0,0,0,0:01:23,0,0,--.--,0,--.--,49,0000:00:00,50,0,0,0,30,0,0,0,0,0,0,1,10.36,10:57:22,10/10/2023,76.75,54.59,--.--
low,0,130,2.17,16.44,0.65,32,10.686,1.03,0.397141083,57:23.3,-1.3,-0.5,307,0,0,0,0,0,0,0,0,0,0,0,0,0,0,0:01:24,0,0,--.--,0,--.--,49,0000:00:00,50,0,0,0,30,0,0,0,0,0,0,1,10.69,10:57:23,10/10/2023,76.78,54.59,--.--
low,0,131,2.18,16.44,0.61,32,10.0284,1,0.399881083,57:24.3,-2.2,-0.6,309,0,0,0,0,0,0,0,0,0,0,0,0,0,0,0:01:25,0,0,--.--,0,--.--,49,0000:00:00,50,0,0,0,30,0,0,0,0,0,0,1,10.03,10:57:24,10/10/2023,76.82,54.59,--.--
low,0,132,2.2,16.44,0.61,33,10.0284,1,0.402710694,57:25.3,-1.6,-1,311,0,0,0,0,0,0,0,0,0,0,0,0,0,0,0:01:26,0,0,--.--,0,--.--,49,0000:00:00,50,0,0,0,30,0,0,0,0,0,0,1,10.03,10:57:25,10/10/2023,76.86,54.59,--.--
low,0,133,2.22,16.44,0.59,33,9.6996,0.99,0.405542028,57:26.3,-1.8,-0.9,313,0,0,0,0,0,0,0,0,0,0,0,0,0,0,0:01:27,0,0,--.--,0,--.--,49,0000:00:00,50,0,0,0,30,0,0,0,0,0,0,1,9.7,10:57:26,10/10/2023,76.89,54.57,--.--
low,0,134,2.23,16.44,0.57,33,9.3708,0.97,0.408190694,57:27.3,-2,-0.7,315,0,0,0,0,0,0,0,0,0,0,0,0,0,0,0:01:28,0,0,--.--,0,--.--,49,0000:00:00,50,0,0,0,30,0,0,0,0,0,0,1,9.37,10:57:27,10/10/2023,76.93,54.59,--.--
low,0,135,2.25,16.44,0.59,33,9.6996,0.99,0.410976361,57:28.3,-1.6,-0.2,317,0,0,0,0,0,0,0,0,0,0,0,0,0,0,0:01:29,0,0,--.--,0,--.--,49,0000:00:00,50,0,0,0,30,0,0,0,0,0,0,1,9.7,10:57:28,10/10/2023,76.95,54.59,--.--
low,0,136,2.27,16.44,0.6,33,9.864,0.99,0.413625028,57:29.3,-1.9,-0.9,318,0,0,0,0,0,0,0,0,0,0,0,0,0,0,0:01:30,0,0,--.--,0,--.--,49,0000:00:00,50,0,0,0,30,0,0,0,0,0,0,1,9.86,10:57:29,10/10/2023,76.98,54.59,--.--
low,0,137,2.28,16.43,0.62,33,10.1866,1.01,0.416637194,57:30.3,-1.6,-1.1,319,0,0,0,0,0,0,0,0,0,0,0,0,0,0,0:01:31,0,0,--.--,0,--.--,50,0000:00:00,50,0,0,0,30,0,0,0,0,0,0,1,10.19,10:57:30,10/10/2023,77,54.59,--.--
low,0,138,2.3,16.44,0.62,34,10.1928,1.01,0.419377194,57:31.3,-2,-0.9,320,0,0,0,0,0,0,0,0,0,0,0,0,0,0,0:01:32,0,0,--.--,0,--.--,50,0000:00:00,50,0,0,10,30,0,0,0,0,0,0,1,10.19,10:57:31,10/10/2023,77.04,54.57,--.--
low,0,139,2.32,16.44,0.58,34,9.5352,0.98,0.42202425,57:32.3,-1.3,-0.7,320,0,0,0,0,0,0,0,0,0,-0.01,0,0,0,0,0:01:33,0,0,--.--,0,--.--,50,0000:00:00,50,0,0,10,30,0,0,0,0,0,0,1,9.53,10:57:32,10/10/2023,77.09,54.59,--.--
low,0,140,2.33,16.44,0.61,34,10.0284,1,0.424809917,57:33.3,-2.6,-0.5,320,0,0,0,0,0,0,0,0,0,0,0,0,0,0,0:01:34,0,0,--.--,0,--.--,50,0000:00:00,50,0,0,10,30,0,0,0,0,0,0,1,10.03,10:57:33,10/10/2023,77.11,54.59,--.--
low,0,141,2.35,16.44,0.58,34,9.5352,0.98,0.427595583,57:34.3,-1,-0.6,320,0,0,0,0,0,0,0,0,0,0,0,0,0,0,0:01:35,0,0,--.--,0,--.--,50,0000:00:00,50,0,0,10,30,0,0,0,0,0,0,1,9.53,10:57:34,10/10/2023,77.13,54.59,--.--
low,0,142,2.37,16.43,0.66,34,10.8438,1.04,0.43024425,57:35.3,-2.4,-1.3,320,0,0,0,0,0,0,0,0,0,0,0,0,0,0,0:01:36,0,0,--.--,0,--.--,50,0000:00:00,50,0,0,10,30,0,0,0,0,0,0,1,10.85,10:57:35,10/10/2023,77.16,54.57,--.--
low,0,143,2.38,16.44,0.6,34,9.864,0.99,0.433029917,57:36.3,-1.5,-1.2,319,0,0,0,0,0,0,0,0,0,0,0,0,0,0,0:01:37,0,0,--.--,0,--.--,50,0000:00:00,50,0,0,10,30,0,0,0,0,0,0,1,9.86,10:57:36,10/10/2023,77.2,54.59,--.--
low,0,144,2.4,16.43,0.58,35,9.5294,0.98,0.435678583,57:37.3,-2.4,-0.6,318,0,0,0,0,0,0,0,0,0,0,0,0,0,0,0:01:38,0,0,--.--,0,--.--,50,0000:00:00,50,0,0,10,30,0,0,0,0,0,0,1,9.53,10:57:37,10/10/2023,77.22,54.59,--.--
low,0,145,2.42,16.44,0.61,35,10.0284,1,0.43846425,57:38.3,-1.4,-0.6,317,0,0,0,0,0,0,0,0,0,0,0,0,0,0,0:01:39,0,0,--.--,0,--.--,50,0000:00:00,50,0,0,10,30,0,0,0,0,0,0,1,10.03,10:57:38,10/10/2023,77.27,54.59,--.--
low,0,146,2.43,16.44,0.61,35,10.0284,1,0.44120425,57:39.3,-2.1,-1,316,0,0,0,0,0,0,0,0,0,0,0,0,0,0,0:01:40,0,0,--.--,0,--.--,50,0000:00:00,50,0,0,10,30,0,0,0,0,0,0,1,10.03,10:57:39,10/10/2023,77.29,54.57,--.--
low,0,147,2.45,16.44,0.58,35,9.5352,0.98,0.444033861,57:40.3,-2.3,-0.6,315,0,0,0,0,0,0,0,0,0,0,0,0,0,0,0:01:41,0,0,--.--,0,--.--,50,0000:00:00,50,0,0,10,30,0,0,0,0,0,0,1,9.53,10:57:40,10/10/2023,77.34,54.59,--.--
low,0,148,2.47,16.44,0.61,35,10.0284,1,0.446910861,57:41.3,-1.3,-1.3,314,0,0,0,0,0,0,0,0,0,0,0,0,0,0,0:01:42,0,0,--.--,0,--.--,50,0000:00:00,50,0,0,10,30,0,0,0,0,0,0,1,10.03,10:57:41,10/10/2023,77.36,54.59,--.--
low,0,149,2.48,16.44,0.58,35,9.5352,0.98,0.449924861,57:42.3,-2.9,-0.5,313,0,0,0,0,0,0,0,0,0,0,0,0,0,0,0:01:43,0,0,--.--,0,--.--,50,0000:00:00,50,0,0,10,30,0,0,0,0,0,0,1,9.53,10:57:42,10/10/2023,77.4,54.59,--.--
low,0,150,2.5,16.44,0.61,36,10.0284,1,0.452664861,57:43.3,-2.3,-0.3,312,0,0,0,0,0,0,0,0,0,0,0,0,0,0,0:01:44,0,0,--.--,0,--.--,50,0000:00:00,50,0,0,10,30,0,0,0,0,0,0,1,10.03,10:57:43,10/10/2023,77.43,54.59,--.--
low,0,151,2.52,16.44,0.6,36,9.864,0.99,0.455404861,57:44.3,-2.7,-0.5,311,0,0,0,0,0,0,0,0,0,0,0,0,0,0,0:01:45,0,0,--.--,0,--.--,50,0000:00:00,50,0,0,10,30,0,0,0,0,0,0,1,9.86,10:57:44,10/10/2023,77.47,54.59,--.--
low,0,152,2.53,16.43,0.62,36,10.1866,1.01,0.458281861,57:45.3,-1.8,-0.9,310,0,0,0,0,0,0,0,0,0,0,0,0,0,0,0:01:46,0,0,--.--,0,--.--,50,0000:00:00,50,0,0,10,30,0,0,0,0,0,0,1,10.19,10:57:45,10/10/2023,77.49,54.59,--.--
low,0,153,2.55,16.44,0.63,36,10.3572,1.02,0.461113194,57:46.3,-2.5,-1.2,309,0,0,0,0,0,0,0,0,0,0,0,0,0,0,0:01:47,0,0,--.--,0,--.--,50,0000:00:00,50,0,0,10,30,0,0,0,0,0,0,1,10.36,10:57:46,10/10/2023,77.52,54.59,--.--
low,0,154,2.57,16.44,0.66,36,10.8504,1.04,0.463897167,57:47.3,-1.8,-0.6,309,0,0,0,0,0,0,0,0,0,0,0,0,0,0,0:01:48,0,0,--.--,0,--.--,50,0000:00:00,50,0,0,10,30,0,0,0,0,0,0,1,10.85,10:57:47,10/10/2023,77.56,54.59,--.--
low,0,155,2.58,16.44,0.6,37,9.864,0.99,0.4665915,57:48.3,-3.1,-0.3,308,0,0,0,0,0,0,0,0,0,0,0,0,0,0,0:01:49,0,0,--.--,0,--.--,50,0000:00:00,50,0,0,10,30,0,0,0,0,0,0,1,9.86,10:57:48,10/10/2023,77.58,54.59,--.--
low,0,156,2.6,16.44,0.6,37,9.864,0.99,0.469285833,57:49.3,-2,-0.1,308,0,0,0,0,0,0,0,0,0,0,0,0,0,0,0:01:50,0,0,--.--,0,--.--,50,0000:00:00,50,0,0,10,30,0,0,0,0,0,0,1,9.86,10:57:49,10/10/2023,77.61,54.59,--.--
low,0,157,2.62,16.44,0.63,37,10.3572,1.02,0.472117167,57:50.4,-2.5,-1.7,307,0,0,0,0,0,0,0,0,0,0,0,0,0,0,0:01:51,0,0,--.--,0,--.--,50,0000:00:00,50,0,0,10,30,0,0,0,0,0,0,1,10.36,10:57:50,10/10/2023,77.65,54.59,--.--
low,0,158,2.63,16.44,0.62,37,10.1928,1.01,0.474994167,57:51.4,-1.8,-0.5,306,0,0,0,0,0,0,0,0,0,0,0,0,0,0,0:01:52,0,0,--.--,0,--.--,50,0000:00:00,50,0,0,10,30,0,0,0,0,0,0,1,10.19,10:57:51,10/10/2023,77.67,54.59,--.--
low,0,159,2.65,16.43,0.61,37,10.0223,1,0.477960694,57:52.4,-2.4,-0.3,306,0,0,0,0,0,0,0,0,0,0,0,0,0,0,0:01:53,0,0,--.--,0,--.--,50,0000:00:00,50,0,0,10,30,0,0,0,0,0,0,1,10.02,10:57:52,10/10/2023,77.7,54.59,--.--
low,0,160,2.67,16.44,0.59,37,9.6996,0.99,0.480700694,57:53.4,-2.4,-0.8,304,0,0,0,0,0,0,0,0,0,0,0,0,0,0,0:01:54,0,0,--.--,0,--.--,50,0000:00:00,50,0,0,10,30,0,0,0,0,0,0,1,9.7,10:57:53,10/10/2023,77.72,54.59,--.--
low,0,161,2.68,16.44,0.59,38,9.6996,0.99,0.483439028,57:54.4,-2.4,-0.1,304,0,0,0,0,0,0,0,0,0,0,0,0,0,0,0:01:55,0,0,--.--,0,--.--,50,0000:00:00,50,0,0,10,30,0,0,0,0,0,0,1,9.7,10:57:54,10/10/2023,77.76,54.59,--.--
low,0,162,2.7,16.44,0.62,38,10.1928,1.01,0.486270361,57:55.4,-2.3,-1.1,302,0,0,0,0,0,0,0,0,0,0,0,0,0,0,0:01:56,0,0,--.--,0,--.--,50,0000:00:00,50,0,0,10,30,0,0,0,0,0,0,1,10.19,10:57:55,10/10/2023,77.79,54.59,--.--
low,0,163,2.72,16.44,0.63,38,10.3572,1.02,0.48919125,57:56.4,-1.8,-1.4,301,0,0,0,0,0,0,0,0,0,0,0,0,0,0,0:01:57,0,0,--.--,0,--.--,50,0000:00:00,50,0,0,10,30,0,0,0,0,0,0,1,10.36,10:57:56,10/10/2023,77.83,54.61,--.--
low,0,164,2.73,16.43,0.65,38,10.6795,1.03,0.492020861,57:57.4,-2.2,0,300,0,0,0,0,0,0,0,0,0,0,0,0,0,0,0:01:58,0,0,--.--,0,--.--,50,0000:00:00,50,0,0,10,30,0,0,0,0,0,0,1,10.68,10:57:57,10/10/2023,77.85,54.59,--.--
low,0,165,2.75,16.44,0.6,38,9.864,0.99,0.494896111,57:58.4,-2.2,-1,299,0,0,0,0,0,0,0,0,0,0,0,0,0,0,0:01:59,0,0,--.--,0,--.--,50,0000:00:00,50,0,0,10,30,0,0,0,0,0,0,1,9.86,10:57:58,10/10/2023,77.9,54.61,--.--
low,0,166,2.77,16.43,0.6,38,9.858,0.99,0.4986385,57:59.4,-2.1,-0.1,297,0,0,0,0,0,0,0,0,0,0,0,0,0,0,0:02:00,0,0,--.--,0,--.--,50,0000:00:00,50,0,0,10,30,0,0,0,0,0,0,1,9.86,10:57:59,10/10/2023,77.92,54.59,--.--
low,0,167,2.78,16.44,0.62,39,10.1928,1.01,0.501650667,58:00.4,-1.4,-1.3,296,0,0,0,0,0,0,0,0,0,0,0,0,0,0,0:02:01,0,0,--.--,0,--.--,50,0000:00:00,50,0,0,10,30,0,0,0,0,0,0,1,10.19,10:58:00,10/10/2023,77.95,54.61,--.--
low,0,168,2.8,16.43,0.64,39,10.5152,1.02,0.504345,58:01.4,-1.9,-1.4,294,0,0,0,0,0,0,0,0,0,0,0,0,0,0,0:02:02,0,0,--.--,0,--.--,50,0000:00:00,50,0,0,10,30,0,0,0,0,0,0,1,10.52,10:58:01,10/10/2023,78.01,54.61,--.--
low,0,169,2.82,16.43,0.62,39,10.1866,1.01,0.50722025,58:02.4,-2.4,0,292,0,0,0,0,0,0,0,0,0,0,0,0,0,0,0:02:03,0,0,--.--,0,--.--,50,0000:00:00,50,0,0,10,30,0,0,0,0,0,0,1,10.19,10:58:02,10/10/2023,78.03,54.59,--.--
low,0,170,2.83,16.43,0.63,39,10.3509,1.01,0.509868917,58:03.4,-2.3,-0.3,291,0,0,0,0,0,0,0,0,0,0,0,0,0,0,0:02:04,0,0,--.--,0,--.--,49,0000:00:00,50,0,0,10,30,0,0,0,0,0,0,1,10.35,10:58:03,10/10/2023,78.06,54.61,--.--
low,0,171,2.85,16.43,0.82,39,13.4726,1.13,0.512744167,58:04.4,-1.8,-0.9,289,0,0,0,0,0,0,0,0,0,0,0,0,0,0,0:02:05,0,0,--.--,0,--.--,49,0000:00:00,50,0,0,50,30,0,0,0,0,0,0,1,13.47,10:58:04,10/10/2023,78.08,54.59,--.--
low,0,172,2.87,16.43,0.66,40,10.8438,1.04,0.515573778,58:05.4,-1.6,-1.4,288,0,0,0,0,0,0,0,0,0,0,0,0,0,0,0:02:06,0,0,--.--,0,--.--,50,0000:00:00,50,0,0,40,30,0,0,0,0,0,0,1,10.85,10:58:05,10/10/2023,78.12,54.61,--.--
low,0,173,2.88,16.44,0.59,40,9.6996,0.99,0.518176778,58:06.4,-1.7,-0.4,286,0,0,0,0,0,0,0,0,0,0,0,0,0,0,0:02:07,0,0,--.--,0,--.--,50,0000:00:00,50,0,0,30,30,0,0,0,0,0,0,1,9.7,10:58:06,10/10/2023,78.13,54.61,--.--
low,0,174,2.9,16.43,0.63,40,10.3509,1.01,0.521006389,58:07.4,-2.4,-0.6,284,0,0,0,0,0,0,0,0,0,0,0,0,0,0,0:02:08,0,0,--.--,0,--.--,50,0000:00:00,50,0,0,30,30,0,0,0,0,0,0,1,10.35,10:58:07,10/10/2023,78.17,54.59,--.--
low,0,175,2.92,16.44,0.58,40,9.5352,0.98,0.523927278,58:08.4,-2.1,-0.2,282,0,0,0,0,0,0,0,0,0,0,0,0,0,0,0:02:09,0,0,--.--,0,--.--,50,0000:00:00,50,0,0,30,30,0,0,0,0,0,0,1,9.53,10:58:08,10/10/2023,78.21,54.59,--.--
low,0,176,2.93,16.43,0.63,40,10.3509,1.01,0.526848167,58:09.4,-1.4,-1.1,279,0,0,0,0,0,0,0,0,0,0,0,0,0,0,0:02:10,0,0,--.--,0,--.--,50,0000:00:00,50,0,0,30,30,0,0,0,0,0,0,1,10.35,10:58:09,10/10/2023,78.22,54.61,--.--
low,0,177,2.95,16.43,0.62,40,10.1866,1.01,0.5295425,58:10.4,-2,-0.7,277,0,0,0,0,0,0,0,0,0,0,0,0,0,0,0:02:11,0,0,--.--,0,--.--,50,0000:00:00,50,0,0,30,30,0,0,0,0,0,0,1,10.19,10:58:10,10/10/2023,78.26,54.59,--.--
low,0,178,2.97,16.44,0.57,41,9.3708,0.97,0.532280833,58:11.4,-1.1,-0.9,274,0,0,0,0,0,0,0,0,0,0,0,0,0,0,0:02:12,0,0,--.--,0,--.--,50,0000:00:00,50,0,0,30,30,0,0,0,0,0,0,1,9.37,10:58:11,10/10/2023,78.28,54.61,--.--
low,0,179,2.98,16.43,0.62,41,10.1866,1.01,0.535110444,58:12.4,-3.3,-0.4,272,0,0,0,0,0,0,0,0,0,0,0,0,0,0,0:02:13,0,0,--.--,0,--.--,50,0000:00:00,50,0,0,30,30,0,0,0,0,0,0,1,10.19,10:58:12,10/10/2023,78.31,54.59,--.--
low,0,180,3,16.43,0.64,41,10.5152,1.02,0.537804778,58:13.4,-2,-0.5,269,0,0,0,0,0,0,0,0,0,0,0,0,0,0,0:02:14,0,0,--.--,0,--.--,50,0000:00:00,50,0,0,30,30,0,0,0,0,0,0,1,10.52,10:58:13,10/10/2023,78.35,54.61,--.--
low,0,181,3.02,16.43,0.64,41,10.5152,1.02,0.540497472,58:14.4,-0.1,-1.9,267,0,0,0,0,0,0,0,0,0,0,0,0,0,0,0:02:15,0,0,--.--,0,--.--,50,0000:00:00,50,0,0,30,30,0,0,0,0,0,0,1,10.52,10:58:14,10/10/2023,78.37,54.61,--.--
low,0,182,3.03,16.44,0.59,41,9.6996,0.99,0.543235806,58:15.4,-3.6,0.2,264,0,0,0,0,0,0,0,0,0,0,0,0,0,0,0:02:16,0,0,--.--,0,--.--,50,0000:00:00,50,0,0,30,30,0,0,0,0,0,0,1,9.7,10:58:15,10/10/2023,78.4,54.61,--.--
low,0,183,3.05,16.43,0.6,41,9.858,0.99,0.545974139,58:16.4,-0.1,-1.7,263,0,0,0,0,0,0,0,0,0,0,-0.01,0,0,0,0:02:17,0,0,--.--,0,--.--,50,0000:00:00,50,0,0,30,30,0,0,0,0,0,0,1,9.86,10:58:16,10/10/2023,78.44,54.61,--.--
low,0,184,3.07,16.43,0.62,42,10.1866,1.01,0.548895028,58:17.4,-4.8,-0.1,261,0,0,0,0,0,0,0,0,0,0,0,0,0,0,0:02:18,0,0,--.--,0,--.--,50,0000:00:00,50,0,0,30,30,0,0,0,0,0,0,1,10.19,10:58:17,10/10/2023,78.48,54.61,--.--
low,0,185,3.08,16.44,0.59,42,9.6996,0.99,0.551679,58:18.4,0.2,-1.2,261,0,0,0,0,0,0,0,0,0,0,0,0,0,0,0:02:19,0,0,--.--,0,--.--,50,0000:00:00,50,0,0,30,30,0,0,0,0,0,0,1,9.7,10:58:18,10/10/2023,78.49,54.61,--.--
low,0,186,3.1,16.43,0.59,42,9.6937,0.99,0.554599889,58:19.4,-3.7,0.1,261,0,0,0,0,0,0,0,0,0,0,0,0,0,0,0:02:20,0,0,--.--,0,--.--,50,0000:00:00,50,0,0,30,30,0,0,0,0,0,0,1,9.7,10:58:19,10/10/2023,78.53,54.61,--.--
low,0,187,3.12,16.43,0.6,42,9.858,0.99,0.558068444,58:20.5,0.6,-2.3,261,0,0,0,0,0,0,0,0,0,0,0,0,0,0,0:02:21,0,0,--.--,0,--.--,50,0000:00:00,50,0,0,30,30,0,0,0,0,0,0,1,9.86,10:58:20,10/10/2023,78.53,54.61,--.--
low,0,188,3.13,16.43,0.6,42,9.858,0.99,0.560898056,58:21.4,-5.4,-0.9,262,0,0,0,0,0,0,0,0,0,0,0,0,0,0,0:02:22,0,0,--.--,0,--.--,50,0000:00:00,50,0,0,30,30,0,0,0,0,0,0,1,9.86,10:58:21,10/10/2023,78.6,54.61,--.--
low,0,189,3.15,16.43,0.64,42,10.5152,1.02,0.563727667,58:22.4,-0.5,-0.3,263,0,0,0,0,0,0,0,0,0,0,0,0,0,0,0:02:23,0,0,--.--,0,--.--,50,0000:00:00,50,0,0,30,30,0,0,0,0,0,0,1,10.52,10:58:22,10/10/2023,78.64,54.61,--.--
low,0,190,3.17,16.43,0.61,43,10.0223,1,0.566466,58:23.4,-2.7,-1.2,264,0,0,0,0,0,0,0,0,0,0,0,0,0,0,0:02:24,0,0,--.--,0,--.--,50,0000:00:00,50,0,0,20,30,0,0,0,0,0,0,1,10.03,10:58:23,10/10/2023,78.66,54.61,--.--
low,0,191,3.18,16.43,0.64,43,10.5152,1.02,0.569432528,58:24.4,-1.6,0.4,265,0,0,0,0,0,0,0,0,0,0,0,0,0,0,0:02:25,0,0,--.--,0,--.--,51,0000:00:00,50,0,0,40,30,0,0,0,0,0,0,1,10.52,10:58:24,10/10/2023,78.67,54.61,--.--
low,0,192,3.2,16.43,0.76,43,12.4868,1.1,0.572125222,58:25.4,-1.8,-1.8,265,0,0,0,0,0,0,0,0,0,0,0,0,0,0,0:02:26,0,0,--.--,0,--.--,50,0000:00:00,50,0,0,30,30,0,0,0,0,0,0,1,12.49,10:58:25,10/10/2023,78.71,54.61,--.--
low,0,193,3.22,16.43,0.62,43,10.1866,1.01,0.574772278,58:26.4,-4.6,0.3,266,0,0,0,0,0,0,0,0,0,0,0,0,0,0,0:02:27,0,0,--.--,0,--.--,50,0000:00:00,50,0,0,40,30,0,0,0,0,0,0,1,10.19,10:58:26,10/10/2023,78.75,54.61,--.--
low,0,194,3.23,16.43,0.62,43,10.1866,1.01,0.577647528,58:27.4,0.6,-1.3,267,0,0,0,0,0,0,0,0,0,0,0,0,0,0,0:02:28,0,0,--.--,0,--.--,50,0000:00:00,50,0,0,40,30,0,0,0,0,0,0,1,10.19,10:58:27,10/10/2023,78.76,54.59,--.--
low,0,195,3.25,16.43,0.6,43,9.858,0.99,0.5804315,58:28.4,-3.3,0,268,0,0,0,0,0,0,0,0,0,0,0,0,0,0,0:02:29,0,0,--.--,0,--.--,50,0000:00:00,50,0,0,40,30,0,0,0,0,0,0,1,9.86,10:58:28,10/10/2023,78.8,54.61,--.--
low,0,196,3.27,16.43,0.65,44,10.6795,1.03,0.583261111,58:29.4,0.2,-1.2,269,0,0,0,0,0,0,0,0,0,0,0,0,0,0,0:02:30,0,0,--.--,0,--.--,50,0000:00:00,50,0,0,40,30,0,0,0,0,0,0,1,10.68,10:58:29,10/10/2023,78.82,54.61,--.--
low,0,197,3.28,16.43,0.59,44,9.6937,0.99,0.586136361,58:30.4,-5.4,0.1,270,0,0,0,0,0,0,0,0,0,0,0,0,0,0,0:02:31,0,0,--.--,0,--.--,50,0000:00:00,50,0,0,40,30,0,0,0,0,0,0,1,9.69,10:58:30,10/10/2023,78.84,54.61,--.--
low,0,198,3.3,16.43,0.58,44,9.5294,0.98,0.589239806,58:31.4,0.3,-0.9,271,0,0,0,0,0,0,0,0,0,0,0,0,0,0,0:02:32,0,0,--.--,0,--.--,50,0000:00:00,50,0,0,40,30,0,0,0,0,0,0,1,9.53,10:58:31,10/10/2023,78.89,54.61,--.--
low,0,199,3.32,16.43,0.63,44,10.3509,1.01,0.592069417,58:32.4,-3.2,-0.5,272,0,0,0,0,0,0,0,0,0,-0.01,-0.01,0,0,0,0:02:33,0,0,--.--,0,--.--,50,0000:00:00,50,0,0,40,30,0,0,0,0,0,0,1,10.35,10:58:32,10/10/2023,78.91,54.61,--.--
low,0,200,3.33,16.43,0.61,44,10.0223,1,0.594899028,58:33.4,-0.4,-1.1,272,0,0,0,0,0,0,0,0,0,0,0,0,0,0,0:02:34,0,0,--.--,0,--.--,50,0000:00:00,50,0,0,40,30,0,0,0,0,0,0,1,10.02,10:58:33,10/10/2023,78.94,54.61,--.--
low,0,201,3.35,16.43,0.62,45,10.1866,1.01,0.597683,58:34.4,-3.1,0.1,273,0,0,0,0,0,0,0,0,0,0,0,0,0,0,0:02:35,0,0,--.--,0,--.--,50,0000:00:00,50,0,0,40,30,0,0,0,0,0,0,1,10.19,10:58:34,10/10/2023,78.96,54.63,--.--
low,0,202,3.37,16.43,0.63,45,10.3509,1.01,0.600466972,58:35.4,-1.8,-1.3,274,0,0,0,0,0,0,0,0,0,0,0,0,0,0,0:02:36,0,0,--.--,0,--.--,50,0000:00:00,50,0,0,40,30,0,0,0,0,0,0,1,10.35,10:58:35,10/10/2023,79,54.63,--.--
low,0,203,3.38,16.43,0.68,45,11.1724,1.05,0.603205306,58:36.4,-2.7,0.3,274,0,0,0,0,0,0,0,0,0,0,0,0,0,0,0:02:37,0,0,--.--,0,--.--,50,0000:00:00,50,0,0,40,30,0,0,0,0,0,0,1,11.17,10:58:36,10/10/2023,79.03,54.61,--.--
low,0,204,3.4,16.43,0.62,45,10.1866,1.01,0.605989278,58:37.4,0.1,-1.2,274,0,0,0,0,0,0,0,0,0,-0.01,-0.01,0,0,0,0:02:38,0,0,--.--,0,--.--,50,0000:00:00,50,0,0,40,30,0,0,0,0,0,0,1,10.19,10:58:37,10/10/2023,79.05,54.61,--.--
low,0,205,3.42,16.43,0.62,45,10.1866,1.01,0.608727611,58:38.4,-3.4,-0.5,274,0,0,0,0,0,0,0,0,0,0,0,0,0,0,0:02:39,0,0,--.--,0,--.--,50,0000:00:00,50,0,0,40,30,0,0,0,0,0,0,1,10.19,10:58:38,10/10/2023,79.09,54.61,--.--
low,0,206,3.43,16.43,0.61,45,10.0223,1,0.6116485,58:39.4,-1.9,-0.7,274,0,0,0,0,0,0,0,0,0,0,0,0,0,0,0:02:40,0,0,--.--,0,--.--,50,0000:00:00,50,0,0,40,30,0,0,0,0,0,0,1,10.02,10:58:39,10/10/2023,79.12,54.61,--.--
low,0,207,3.45,16.43,0.61,46,10.0223,1,0.614386833,58:40.4,-2.8,-0.1,274,0,0,0,0,0,0,0,0,0,0,-0.01,0,0,0,0:02:41,0,0,--.--,0,--.--,50,0000:00:00,50,0,0,40,30,0,0,0,0,0,0,1,10.02,10:58:40,10/10/2023,79.14,54.61,--.--
low,0,208,3.47,16.43,0.6,46,9.858,0.99,0.617581556,58:41.4,0.3,-1.5,274,0,0,0,0,0,0,0,0,0,0,0,0,0,0,0:02:42,0,0,--.--,0,--.--,50,0000:00:00,50,0,0,40,30,0,0,0,0,0,0,1,9.86,10:58:41,10/10/2023,79.2,54.61,--.--
low,0,209,3.48,16.43,0.61,46,10.0223,1,0.620411167,58:42.4,-3.5,-0.5,274,0,0,0,0,0,0,0,0,0,-0.01,-0.01,0,0,0,0:02:43,0,0,--.--,0,--.--,50,0000:00:00,50,0,0,40,30,0,0,0,0,0,0,1,10.02,10:58:42,10/10/2023,79.21,54.63,--.--
low,0,210,3.5,16.43,0.6,46,9.858,0.99,0.622875667,58:43.4,-1.7,-0.4,274,0,0,0,0,0,0,0,0,0,-0.01,-0.01,0,0,0,0:02:44,0,0,--.--,0,--.--,50,0000:00:00,50,0,0,40,30,0,0,0,0,0,0,1,9.86,10:58:43,10/10/2023,79.25,54.61,--.--
low,0,211,3.52,16.43,0.64,46,10.5152,1.02,0.625659639,58:44.4,-3.1,-0.7,274,0,0,0,0,0,0,0,0,0,0,0,0,0,0,0:02:45,0,0,--.--,0,--.--,50,0000:00:00,50,0,0,40,30,0,0,0,0,0,0,1,10.52,10:58:44,10/10/2023,79.27,54.61,--.--
low,0,212,3.53,16.43,0.6,46,9.858,0.99,0.628352333,58:45.4,-0.3,-0.5,274,0,0,0,0,0,0,0,0,0,0,0,0,0,0,0:02:46,0,0,--.--,0,--.--,50,0000:00:00,50,0,0,40,30,0,0,0,0,0,0,1,9.86,10:58:45,10/10/2023,79.29,54.61,--.--
low,0,213,3.55,16.43,0.7,47,11.501,1.06,0.631410139,58:46.4,-2.3,-0.5,274,0,0,0,0,0,0,0,0,0,-0.01,-0.01,0,0,0,0:02:47,0,0,--.--,0,--.--,50,0000:00:00,50,0,0,40,30,0,0,0,0,0,0,1,11.5,10:58:46,10/10/2023,79.32,54.61,--.--
low,0,214,3.57,16.43,0.62,47,10.1866,1.01,0.634194111,58:47.4,-1.9,-1,274,0,0,0,0,0,0,0,0,0,0,0,0,0,0,0:02:48,0,0,--.--,0,--.--,50,0000:00:00,52,0,0,40,30,0,0,0,0,0,0,1,10.19,10:58:47,10/10/2023,79.34,54.61,--.--
low,0,215,3.58,16.43,0.54,47,8.8722,0.95,0.637069361,58:48.5,-3,-0.2,274,0,0,0,0,0,0,0,0,0,0,0,0,0,0,0:02:49,0,0,--.--,0,--.--,49,0000:00:00,49,0,0,40,30,0,0,0,0,0,0,1,8.87,10:58:48,10/10/2023,79.38,54.63,--.--
low,0,216,3.6,16.43,0.61,47,10.0223,1,0.639625139,58:49.5,-0.5,-1.1,274,0,0,0,0,0,0,0,0,0,0,0,0,0,0,0:02:50,0,0,--.--,0,--.--,49,0000:00:00,49,0,0,40,30,0,0,0,0,0,0,1,10.02,10:58:49,10/10/2023,79.41,54.63,--.--
low,0,217,3.62,16.43,0.59,47,9.6937,0.99,0.642409111,58:50.4,-2,-0.4,274,0,0,0,0,0,0,0,0,0,0,0,0,0,0,0:02:51,0,0,--.--,0,--.--,50,0000:00:00,49,0,0,40,30,0,0,0,0,0,0,1,9.69,10:58:50,10/10/2023,79.43,54.61,--.--
low,0,218,3.63,16.43,0.67,48,11.0081,1.04,0.645375639,58:51.5,-1.7,-0.7,274,0,0,0,0,0,0,0,0,0,0,0,0,0,0,0:02:52,0,0,--.--,0,--.--,50,0000:00:00,49,0,0,40,30,0,0,0,0,0,0,1,11.01,10:58:51,10/10/2023,79.47,54.61,--.--
low,0,219,3.65,16.43,0.61,48,10.0223,1,0.648159611,58:52.4,-3,-1.1,274,0,0,0,0,0,0,0,0,0,-0.01,-0.01,0,0,0,0:02:53,0,0,--.--,0,--.--,49,0000:00:00,49,0,0,40,30,0,0,0,0,0,0,1,10.02,10:58:52,10/10/2023,79.48,54.63,--.--
low,0,220,3.67,16.43,0.63,48,10.3509,1.01,0.650943583,58:53.5,-1.5,0,275,0,0,0,0,0,0,0,0,0,0,0,0,0,0,0:02:54,0,0,--.--,0,--.--,50,0000:00:00,49,0,0,40,30,0,0,0,0,0,0,1,10.35,10:58:53,10/10/2023,79.5,54.61,--.--
low,0,221,3.68,16.43,0.56,48,9.2008,0.96,0.653636278,58:54.5,-0.8,-1.1,275,0,0,0,0,0,0,0,0,0,0,0,0,0,0,0:02:55,0,0,--.--,0,--.--,50,0000:00:00,49,0,10,40,30,0,0,0,0,0,0,1,9.2,10:58:54,10/10/2023,79.54,54.63,--.--
low,0,222,3.7,16.43,0.61,48,10.0223,1,0.656328972,58:55.5,-3.1,-0.4,275,0,0,0,0,0,0,0,0,0,0,0,0,0,0,0:02:56,0,0,--.--,0,--.--,50,0000:00:00,49,0,10,40,30,0,0,0,0,0,0,1,10.02,10:58:55,10/10/2023,79.57,54.63,--.--
low,0,223,3.72,16.43,0.65,48,10.6795,1.03,0.659112944,58:56.5,-1.8,-0.5,276,0,0,0,0,0,0,0,0,0,0,0,0,0,0,0:02:57,0,0,--.--,0,--.--,50,0000:00:00,49,0,10,40,30,0,0,0,0,0,0,1,10.68,10:58:56,10/10/2023,79.61,54.63,--.--
low,0,224,3.73,16.43,0.61,49,10.0223,1,0.661896917,58:57.5,-2.5,-1,277,0,0,0,0,0,0,0,0,0,0,0,0,0,0,0:02:58,0,0,--.--,0,--.--,50,0000:00:00,49,0,10,40,30,0,0,0,0,0,0,1,10.02,10:58:57,10/10/2023,79.65,54.61,--.--
low,0,225,3.75,16.43,0.61,49,10.0223,1,0.664726528,58:58.5,0.5,-0.9,278,0,0,0,0,0,0,0,0,0,0,0,0,0,0,0:02:59,0,0,--.--,0,--.--,50,0000:00:00,49,0,10,40,30,0,0,0,0,0,0,1,10.02,10:58:58,10/10/2023,79.66,54.61,--.--
low,0,226,3.77,16.43,0.59,49,9.6937,0.99,0.6675105,58:59.5,-4.1,-0.4,278,0,0,0,0,0,0,0,0,0,-0.01,-0.01,0,0,0,0:03:00,0,0,--.--,0,--.--,50,0000:00:00,49,0,10,40,30,0,0,0,0,0,0,1,9.69,10:58:59,10/10/2023,79.68,54.63,--.--
low,0,227,3.78,16.43,0.59,49,9.6937,0.99,0.67038575,59:00.5,-1.1,-0.1,279,0,0,0,0,0,0,0,0,0,0,0,0,0,0,0:03:01,0,0,--.--,0,--.--,50,0000:00:00,49,0,10,40,30,0,0,0,0,0,0,1,9.69,10:59:00,10/10/2023,79.72,54.61,--.--
low,0,228,3.8,16.43,0.61,49,10.0223,1,0.673169722,59:01.5,-3,-1.5,280,0,0,0,0,0,0,0,0,0,0,0,0,0,0,0:03:01,0,0,--.--,0,--.--,0,0000:00:00,49,0,10,40,30,0,0,0,0,0,0,1,10.02,10:59:01,10/10/2023,79.75,54.63,--.--
low,0,229,3.82,16.43,0.61,49,10.0223,1,0.676044972,59:02.5,0.1,0,280,0,0,0,0,0,0,0,0,0,0,0,0,0,0,0:03:01,0,0,--.--,0,--.--,0,0000:00:00,49,0,10,40,30,0,0,0,0,0,0,1,10.02,10:59:02,10/10/2023,79.77,54.63,--.--
low,0,230,3.83,16.43,0.62,50,10.1866,1.01,0.678874583,59:03.5,-2.5,-1.3,280,0,0,0,0,0,0,0,0,0,0,0,0,0,0,0:03:01,0,0,--.--,0,--.--,0,0000:00:00,49,0,10,40,30,0,0,0,0,0,0,1,10.19,10:59:03,10/10/2023,79.81,54.61,--.--
low,0,231,3.85,16.43,0.61,50,10.0223,1,0.682523472,59:04.5,-3.4,0.6,281,0,0,0,0,0,0,0,0,0,0,0,0,0,0,0:00:00,0,0,--.--,0,--.--,50,0000:00:00,49,0,10,40,30,0,0,0,0,0,0,1,10.02,10:59:04,10/10/2023,79.83,54.63,--.--
low,0,232,3.87,16.43,0.63,50,10.3509,1.01,0.685626917,59:05.5,-0.7,-1.5,281,0,0,0,0,0,0,0,0,0,0,0,0,0,0,0:00:01,0,0,--.--,0,--.--,50,0000:00:00,49,0,10,40,30,0,0,0,0,0,0,1,10.35,10:59:05,10/10/2023,79.86,54.63,--.--
low,0,233,3.88,16.43,0.61,50,10.0223,1,0.68836525,59:06.5,-2.3,-0.7,281,0,0,0,0,0,0,0,0,0,0,0,0,0,0,0:00:01,0,0,--.--,0,--.--,50,0000:00:00,49,0,10,40,30,0,0,0,0,0,0,1,10.02,10:59:06,10/10/2023,79.88,54.63,--.--
low,0,234,3.9,16.43,0.63,50,10.3509,1.01,0.691194861,59:07.5,-0.8,-0.8,281,0,0,0,0,0,0,0,0,0,-0.01,-0.01,0,0,0,0:00:02,0,0,--.--,0,--.--,50,0000:00:00,49,0,10,40,30,0,0,0,0,0,0,1,10.35,10:59:07,10/10/2023,79.92,54.61,--.--
low,0,235,3.92,16.43,0.62,50,10.1866,1.01,0.694024472,59:08.5,-4.1,-0.2,281,0,0,0,0,0,0,0,0,0,0,0,0,0,0,0:00:03,0,0,--.--,0,--.--,52,0000:00:00,49,0,10,40,30,0,0,0,0,0,0,1,10.19,10:59:08,10/10/2023,79.93,54.63,--.--
low,0,236,3.93,16.42,0.8,51,13.136,1.12,0.696762806,59:09.5,0.3,-0.9,282,0,0,0,0,0,0,0,0,0,0,0,0,0,0,0:00:04,0,0,--.--,0,--.--,50,0000:00:00,49,0,10,40,30,0,0,0,0,0,0,1,13.14,10:59:09,10/10/2023,79.95,54.63,--.--
low,0,237,3.95,16.43,0.68,51,11.1724,1.05,0.699590694,59:10.5,-2.8,-1.2,282,0,0,0,0,0,0,0,0,0,0,0,0,0,0,0:00:05,0,0,--.--,0,--.--,50,0000:00:00,49,0,10,40,30,0,0,0,0,0,0,1,11.17,10:59:10,10/10/2023,79.99,54.63,--.--
low,0,238,3.97,16.43,0.6,51,9.858,0.99,0.702327361,59:11.5,-1,-0.6,281,0,0,0,0,0,0,0,0,0,-0.01,-0.01,0,0,0,0:00:07,0,0,--.--,0,--.--,50,0000:00:00,49,0,10,40,30,0,0,0,0,0,0,1,9.86,10:59:11,10/10/2023,80.02,54.63,--.--
low,0,239,3.98,16.43,0.62,51,10.1866,1.01,0.705656972,59:12.5,-3.6,-0.1,282,0,0,0,0,0,0,0,0,0,0,0,0,0,0,0:00:07,0,0,--.--,0,--.--,50,0000:00:00,49,0,10,40,30,0,0,0,0,0,0,1,10.19,10:59:12,10/10/2023,80.06,54.63,--.--
low,0,240,4,16.43,0.62,51,10.1866,1.01,0.708349667,59:13.5,-0.7,-1.3,282,0,0,0,0,0,0,0,0,0,0,0,0,0,0,0:00:08,0,0,--.--,0,--.--,50,0000:00:00,49,0,10,40,30,0,0,0,0,0,0,1,10.19,10:59:13,10/10/2023,80.08,54.63,--.--
low,0,241,4.02,16.43,0.6,52,9.858,0.99,0.710951083,59:14.5,-1,-0.5,283,0,0,0,0,0,0,0,0,0,0,0,0,0,0,0:00:09,0,0,--.--,0,--.--,50,0000:00:00,49,0,10,40,30,0,0,0,0,0,0,1,9.86,10:59:14,10/10/2023,80.1,54.63,--.--
low,0,242,4.03,16.42,0.62,52,10.1804,1.01,0.713689417,59:15.5,-2.7,-0.8,283,0,0,0,0,0,0,0,0,0,0,0,0,0,0,0:00:10,0,0,--.--,0,--.--,55,0000:00:00,49,0,10,30,30,0,0,0,0,0,0,1,10.18,10:59:15,10/10/2023,80.13,54.63,--.--
low,0,243,4.05,16.42,0.6,52,9.852,0.99,0.716564667,59:16.5,-3.7,-0.4,283,0,0,0,0,0,0,0,0,0,0,0,0,0,0,0:00:11,0,0,--.--,0,--.--,52,0000:00:00,49,0,10,40,30,0,0,0,0,0,0,1,9.85,10:59:16,10/10/2023,80.17,54.63,--.--
low,0,244,4.07,16.42,0.73,52,11.9866,1.08,0.719620611,59:17.5,-1.4,-0.3,284,0,0,0,0,0,0,0,0,0,0,0,0,0,0,0:00:12,0,0,--.--,0,--.--,50,0000:00:00,49,0,0,40,30,0,0,0,0,0,0,1,11.99,10:59:17,10/10/2023,80.2,54.63,--.--
low,0,245,4.08,16.43,0.59,52,9.6937,0.99,0.722266056,59:18.5,-1.4,-0.9,285,0,0,0,0,0,0,0,0,0,0,0,0,0,0,0:00:13,0,0,--.--,0,--.--,50,0000:00:00,49,0,0,40,30,0,0,0,0,0,0,1,9.69,10:59:18,10/10/2023,80.24,54.63,--.--
low,0,246,4.1,16.43,0.57,52,9.3651,0.97,0.725095667,59:19.5,-48.6,2.2,276,0,0,0,0,0,0,0,0,0,0,0,0,0,0,0:00:14,0,0,--.--,0,--.--,50,0000:00:00,49,0,0,40,30,0,0,0,0,0,0,1,9.36,10:59:19,10/10/2023,80.26,54.63,--.--
low,0,247,4.12,16.43,0.6,53,9.858,0.99,0.727969167,59:20.5,-44.1,-9.8,273,0,0,0,0,0,0,0,0,0,-0.01,-0.01,0,0,0,0:00:15,0,0,--.--,0,--.--,50,0000:00:00,49,0,0,40,30,0,0,0,0,0,0,1,9.86,10:59:20,10/10/2023,80.29,54.64,--.--
low,0,248,4.13,16.43,0.63,53,10.3509,1.01,0.730798778,59:21.5,22,-6.3,270,0,0,0,0,0,0,0,0,0,0,0,0,0,0,0:00:17,0,0,--.--,0,--.--,50,0000:00:00,49,0,0,40,30,0,0,0,0,0,0,1,10.35,10:59:21,10/10/2023,80.33,54.63,--.--
low,0,249,4.15,16.42,0.67,53,11.0014,1.04,0.733444222,59:22.5,14.8,-3,270,0,0,0,0,0,0,0,0,0,-0.01,-0.01,0,0,0,0:00:17,0,0,--.--,0,--.--,50,0000:00:00,49,0,0,40,30,0,0,0,0,0,0,1,11,10:59:22,10/10/2023,80.35,54.63,--.--
low,0,250,4.17,16.42,0.58,53,9.5236,0.98,0.736136917,59:23.5,3.4,-0.2,269,0,0,0,0,0,0,0,0,0,0,0,0,0,0,0:00:18,0,0,--.--,0,--.--,50,0000:00:00,49,0,0,40,30,0,0,0,0,0,0,1,9.53,10:59:23,10/10/2023,80.38,54.63,--.--
low,0,251,4.18,16.43,0.62,53,10.1866,1.01,0.738873583,59:24.5,-2.8,-0.9,270,0,0,0,0,0,0,0,0,0,0,0,0,0,0,0:00:19,0,0,--.--,0,--.--,50,0000:00:00,49,0,0,40,30,0,0,0,0,0,0,1,10.19,10:59:24,10/10/2023,80.4,54.63,--.--
low,0,252,4.2,16.42,0.63,54,10.3446,1.01,0.741564639,59:25.5,-1.5,-1.2,270,0,0,0,0,0,0,0,0,0,-0.01,-0.01,0,0,0,0:00:21,0,0,--.--,0,--.--,50,0000:00:00,49,0,0,40,30,0,0,0,0,0,0,1,10.35,10:59:25,10/10/2023,80.44,54.64,--.--
low,0,253,4.22,16.43,0.62,54,10.1866,1.01,0.744348611,59:26.5,-1.8,-0.6,271,0,0,0,0,0,0,0,0,0,0,0,0,0,0,0:00:22,0,0,--.--,0,--.--,50,0000:00:00,49,0,0,40,30,0,0,0,0,0,0,1,10.18,10:59:26,10/10/2023,80.46,54.63,--.--
low,0,254,4.23,16.42,0.58,54,9.5236,0.98,0.747130889,59:27.5,-2.5,-0.8,272,0,0,0,0,0,0,0,0,0,0,0,0,0,0,0:00:23,0,0,--.--,0,--.--,50,0000:00:00,49,0,0,40,30,0,0,0,0,0,0,1,9.53,10:59:27,10/10/2023,80.47,54.63,--.--
low,0,255,4.25,16.43,0.59,54,9.6937,0.99,0.749641028,59:28.5,-3.3,-0.3,272,0,0,0,0,0,0,0,0,0,0,0,0,0,0,0:00:24,0,0,--.--,0,--.--,50,0000:00:00,49,0,0,40,30,0,0,0,0,0,0,1,9.69,10:59:28,10/10/2023,80.51,54.64,--.--
low,0,256,4.27,16.42,0.6,54,9.852,0.99,0.752470639,59:29.5,-0.9,-0.9,273,0,0,0,0,0,0,0,0,0,0,0,0,0,0,0:00:25,0,0,--.--,0,--.--,50,0000:00:00,49,0,0,40,30,0,0,0,0,0,0,1,9.85,10:59:29,10/10/2023,80.55,54.63,--.--
low,0,257,4.28,16.42,0.59,54,9.6878,0.99,0.755252917,59:30.5,-3.1,-1.2,273,0,0,0,0,0,0,0,0,0,0,0,0,0,0,0:00:26,0,0,--.--,0,--.--,50,0000:00:00,49,0,0,40,30,0,0,0,0,0,0,1,9.69,10:59:30,10/10/2023,80.56,54.63,--.--
low,0,258,4.3,16.43,0.61,55,10.0223,1,0.757945611,59:31.5,-1.6,0.1,274,0,0,0,0,0,0,0,0,0,0,0,0,0,0,0:00:27,0,0,--.--,0,--.--,50,0000:00:00,49,0,0,40,30,0,0,0,0,0,0,1,10.02,10:59:31,10/10/2023,80.58,54.63,--.--
low,0,259,4.32,16.42,0.61,55,10.0162,1,0.760591056,59:32.5,-2.5,-1.2,274,0,0,0,0,0,0,0,0,0,0,0,0,0,0,0:00:28,0,0,--.--,0,--.--,50,0000:00:00,49,0,0,40,30,0,0,0,0,0,0,1,10.02,10:59:32,10/10/2023,80.62,54.63,--.--
low,0,260,4.33,16.43,0.55,55,9.0365,0.96,0.763282111,59:33.5,-1,-0.3,275,0,0,0,0,0,0,0,0,0,-0.01,-0.01,0,0,0,0:00:29,0,0,--.--,0,--.--,50,0000:00:00,49,0,0,40,30,0,0,0,0,0,0,1,9.03,10:59:33,10/10/2023,80.64,54.63,--.--
low,0,261,4.35,16.43,0.62,55,10.1866,1.01,0.765881944,59:34.5,-2.1,-1.4,275,0,0,0,0,0,0,0,0,0,-0.01,-0.01,0,0,0,0:00:30,0,0,--.--,0,--.--,50,0000:00:00,49,0,0,40,30,0,0,0,0,0,0,1,10.19,10:59:34,10/10/2023,80.67,54.63,--.--
low,0,262,4.37,16.42,0.61,55,10.0162,1,0.768483361,59:35.5,-16.6,-28.7,305,0,0,0,0,0,0,0,0,0,0,0,0,0,0,0:00:31,0,0,--.--,0,--.--,50,0000:00:00,49,0,0,40,30,0,0,0,0,0,0,1,10.02,10:59:35,10/10/2023,80.71,54.63,--.--
low,0,263,4.38,16.43,0.59,55,9.6937,0.99,0.771130417,59:36.5,-18.1,-4.1,338,0,0,0,0,0,0,0,0,0,0,0,0,0,0,0:00:32,0,0,--.--,0,--.--,50,0000:00:00,49,0,0,40,30,0,0,0,0,0,0,1,9.69,10:59:36,10/10/2023,80.73,54.63,--.--
low,0,264,4.4,16.42,0.58,56,9.5236,0.98,0.773958306,59:37.5,-8.7,7.9,329,0,0,0,0,0,0,0,0,0,0,0,0,0,0,0:00:33,0,0,--.--,0,--.--,50,0000:00:00,49,0,0,40,30,0,0,0,0,0,0,1,9.53,10:59:37,10/10/2023,80.74,54.63,--.--
low,0,265,4.42,16.42,0.59,56,9.6878,0.99,0.776649361,59:38.5,3.1,-25.8,0,0,0,0,0,0,0,0,0,0,0,0,0,0,0,0:00:34,0,0,--.--,0,--.--,50,0000:00:00,49,0,0,40,30,0,0,0,0,0,0,1,9.69,10:59:38,10/10/2023,80.78,54.63,--.--
low,0,266,4.43,16.42,0.57,56,9.3594,0.97,0.779433333,59:39.5,18,-44.9,16,0,0,0,0,0,0,0,0,0,0,0,0,0,0,0:00:35,0,0,--.--,0,--.--,50,0000:00:00,49,0,0,40,30,0,0,0,0,0,0,1,9.36,10:59:39,10/10/2023,80.8,54.63,--.--
low,0,267,4.45,16.43,0.57,56,9.3651,0.97,0.782126028,59:40.5,-19,-66.5,32,0,0,0,0,0,0,0,0,0,-0.01,-0.01,0,0,0,0:00:36,0,0,--.--,0,--.--,50,0000:00:00,49,0,0,40,30,0,0,0,0,0,0,1,9.36,10:59:40,10/10/2023,80.82,54.63,--.--
low,0,268,4.47,16.43,0.58,56,9.5294,0.98,0.816067583,59:41.5,-22.8,-65.9,34,0,0,0,0,0,0,0,0,0,-0.01,-0.01,0,0,0,0:00:37,0,0,--.--,0,--.--,50,0000:00:00,49,0,0,40,30,0,0,0,0,0,0,1,9.53,10:59:41,10/10/2023,80.83,54.64,--.--
low,0,269,4.48,16.42,0.62,56,10.1804,1.01,0.849830028,59:42.5,-17.5,-63.2,28,0,0,0,0,0,0,0,0,0,0,0,0,0,0,0:00:38,0,0,--.--,0,--.--,50,0000:00:00,49,0,0,40,30,0,0,0,0,0,0,1,10.18,10:59:42,10/10/2023,80.85,54.64,--.--
low,0,270,4.5,16.42,0.59,57,9.6878,0.99,0.882398194,59:43.5,-4.3,-61.2,19,0,0,0,0,0,0,0,0,0,0,0,0,0,0,0:00:39,0,0,--.--,0,--.--,50,0000:00:00,49,0,0,40,30,0,0,0,0,0,0,1,9.69,10:59:43,10/10/2023,80.87,54.64,--.--
low,0,271,4.52,16.43,0.61,57,10.0223,1,0.891134194,59:44.5,6.9,-15.7,8,0,0,0,0,0,0,0,-0.1,-0.1,-0.03,-0.03,0,0,0,0:00:40,0,0,--.--,0,--.--,50,0000:00:00,49,0,0,40,30,0,0,0,0,0,0,1,10.02,10:59:44,10/10/2023,80.89,54.63,--.--
low,0,272,4.53,16.43,0.59,57,9.6937,0.99,0.916310417,59:45.5,12,10.3,10,0,0,0,0,0,0,0,-0.7,-0.7,-0.21,-0.22,0,0,0,0:00:41,0,0,--.--,0,--.--,50,0000:00:00,49,0,0,40,30,0,0,0,0,0,0,1,9.69,10:59:45,10/10/2023,80.91,54.64,--.--
low,0,273,4.55,16.12,7.58,59,122.1896,2.09,0.938229722,59:46.5,8.9,9,3,0,0,0,0,0,0,0,-0.7,-0.7,-0.21,-0.21,0,0,0,0:00:42,--.--,0,--.--,--.--,9.5,50,0000:00:00,49,0,0,40,30,0,0,0,0,0,0,1,122.2,10:59:46,10/10/2023,80.94,54.68,--.--
low,0,274,4.57,16.12,7.54,61,121.5448,2.08,0.941099722,59:47.5,13.4,1.7,347,0,0,0,0.2,0,0,-0.3,-0.7,0,0,0,0,0,0,0:00:43,--.--,0,--.--,--.--,10.9,50,0000:00:00,49,0,0,40,30,0,0,0,0,0,0,1,121.54,10:59:47,10/10/2023,80.98,54.7,--.--
low,0,275,4.58,15.78,7.43,63,117.2454,2.07,0.944880833,59:48.5,11.2,-4.8,356,0,0,0,0.1,0,0,-0.3,-0.9,0,0,0,0,0,0,0:00:44,--.--,0,--.--,--.--,10.9,50,0000:00:00,49,0,0,40,30,0,0,0,0,0,0,1,117.25,10:59:48,10/10/2023,81,54.73,--.--
low,0,276,4.6,16.38,1.92,65,31.4496,1.5,0.951842333,59:49.5,12.9,-7.8,339,0,0,0,0.3,0,0,-0.1,-1,0,0,-0.422,0,0,0,0:00:45,--.--,0,--.--,--.--,13.1,50,0000:00:00,49,0,0,40,30,0,0,0,0,0,0,1,31.45,10:59:49,10/10/2023,81.03,54.75,--.--
low,0,277,4.62,16.36,5.54,65,90.6344,1.96,0.955397833,59:50.5,6,7.3,336,0,0,0,0.5,0,0,0.3,-1.1,0,0,-0.199,0,0,0,0:00:46,--.--,0,--.--,--.--,14.6,50,0000:00:00,49,0,0,40,30,0,0,0,0,0,0,1,90.61,10:59:50,10/10/2023,81.05,54.79,--.--
low,0,278,4.63,16.27,4.85,66,78.9095,1.9,0.960812333,59:51.6,1.8,1.5,318,0,0,0,1.3,0,0,0.4,-1.1,0,0,-0.158,0,0,0,0:00:47,--.--,0,--.--,--.--,14.6,50,0000:00:00,49,0,0,40,30,0,0,0,0,0,0,1,78.92,10:59:51,10/10/2023,81.07,54.81,--.--
low,0,279,4.65,16.4,0.63,67,10.332,1.01,0.964411222,59:52.6,0.6,-5.4,306,0,0,0,3.2,0,0,-0.1,-0.9,0,0,-0.175,0,0,0,0:00:48,--.--,0,--.--,--.--,15.5,50,0000:00:00,49,0,0,40,30,0,0,0,0,0,0,1,10.33,10:59:52,10/10/2023,81.1,54.86,--.--
low,0,280,4.67,16.4,0.83,67,13.612,1.13,0.969461722,59:53.5,1.7,-2.5,306,0,0,0,2.8,0,0,-0.2,-0.8,0,0,-0.383,0,0,7.1,0:00:49,--.--,0,--.--,--.--,16.2,50,0000:00:00,49,0,0,40,30,0,0,0,0,0,0,1,13.61,10:59:53,10/10/2023,81.12,54.91,--.--
low,0,281,4.68,16.38,1.53,67,25.0614,1.4,0.973331583,59:54.5,4.9,1,303,0,0,0,0.7,0,0,-0.1,-0.7,0,0,-0.418,0,0,7.1,0:00:50,--.--,0,--.--,--.--,16.6,50,0000:00:00,49,0,0,40,30,0,0,0,0,0,0,1,25.06,10:59:54,10/10/2023,81.14,54.91,--.--
low,0,282,4.7,16.41,0.78,68,12.7998,1.11,0.978339639,59:55.5,4.7,-0.1,305,0,0,0,2.5,0,0,0.3,-0.5,0,0,-0.104,0,0,7.1,0:00:51,--.--,0,--.--,--.--,17.2,50,0000:00:00,49,0,0,40,30,0,0,0,0,0,0,1,12.8,10:59:55,10/10/2023,81.18,54.93,--.--
low,0,283,4.72,16.38,1.19,68,19.4922,1.29,0.983890639,59:56.6,1.4,5.2,309,0,0,0,4.5,0,0,-0.1,-0.3,0,0,-0.053,0,0,7.1,0:00:52,--.--,0,--.--,--.--,17.4,50,0000:00:00,49,0,0,40,30,0,0,0,0,0,0,1,19.5,10:59:56,10/10/2023,81.21,54.95,--.--
low,0,284,4.73,16.4,0.79,68,12.956,1.11,1.024335528,59:57.5,-0.3,4.6,299,0,0,0,3.9,0,0,-0.2,-0.6,0,0,-0.172,0,0,7.1,0:00:53,0.7,0,--.--,--.--,17.7,50,0000:00:00,49,0,0,40,30,0,0,0,0,0,0,1,12.95,10:59:57,10/10/2023,81.23,54.95,--.--
low,0,285,4.75,16.38,1.11,69,18.1818,1.26,1.067215528,59:58.5,1.9,-0.6,299,0,0,0,2.9,0,0,0,-0.4,0,0,-0.126,0,0,7.1,0:00:54,1.5,0,--.--,--.--,18.5,50,0000:00:00,49,0,0,40,30,0,0,0,0,0,0,1,18.18,10:59:58,10/10/2023,81.27,54.99,--.--
low,0,286,4.77,16.39,0.85,69,13.9315,1.14,1.109579528,59:59.5,0.2,0.4,302,0,0,0,2.8,0,0,-0.1,-0.3,0,0,-0.098,0,0,7.1,0:00:55,0,0,--.--,--.--,17.4,50,0000:00:00,49,0,0,40,30,0,0,0,0,0,0,1,13.94,10:59:59,10/10/2023,81.3,55,--.--
low,0,287,4.78,16.39,1.1,69,18.029,1.26,1.152077472,00:00.5,0.3,1.7,310,0,0,0,3,0,0,0,-0.4,0,0,-0.112,0,0,7.1,0:00:56,3.3,0,--.--,--.--,19.7,54,0000:00:00,49,0,0,40,30,0,0,0,0,0,0,1,18.03,11:00:00,10/10/2023,81.32,55.02,--.--
low,0,288,4.8,16.38,1.22,70,19.9836,1.3,1.191469083,00:01.5,2.1,1.5,330,0,0,0,3.1,0,0,-0.1,-0.2,0,0,-0.07,0,0,7.1,0:00:57,4.2,0,--.--,127,20.3,49,0000:00:00,49,0,0,40,30,0,0,0,0,0,0,1,19.99,11:00:01,10/10/2023,81.36,55.02,--.--
low,0,289,4.82,16.16,9.01,71,145.6016,2.16,1.233574083,00:02.6,2.1,-0.4,345,0,0,0,3.5,0,0,0.1,0,0,0,0.001,0,0,7.1,0:00:58,4.2,0,--.--,126,20.3,53,0000:00:00,49,0,0,40,30,0,0,0,0,0,0,1,145.59,11:00:02,10/10/2023,81.39,55.02,--.--
low,0,290,4.83,16.08,9.6,74,154.368,2.19,1.268416528,00:03.5,1.8,-2.6,3,0,0,0,4,0,0,-0.2,-0.6,0,0,-0.165,0,0,7.1,0:00:59,4.1,0,--.--,124,20.1,50,0000:00:00,49,0,0,40,30,0,0,0,0,0,0,1,154.39,11:00:03,10/10/2023,81.41,55.06,--.--
low,0,291,4.85,16.02,9.52,76,152.5104,2.18,1.300303472,00:04.5,1.3,-0.2,16,0,0,0,2.9,0,0,-0.2,-0.9,0,0,-0.262,0,0,13.9,0:01:00,4.7,0,--.--,135,21.1,48,0000:00:00,49,0,0,40,30,0,0,0,0,0,0,1,152.52,11:00:04,10/10/2023,81.45,55.06,--.--
low,0,292,4.87,15.97,9.58,79,152.9926,2.18,1.304799722,00:05.6,-0.6,-2.7,35,0,0,0,1.7,0,0,0.1,-0.6,0,0,-0.197,0,0,13.9,0:01:01,4.7,0,--.--,135,21.1,48,0000:00:00,49,0,0,40,30,0,0,0,0,0,0,1,153.03,11:00:05,10/10/2023,81.48,55.08,--.--
low,0,293,4.88,16.06,8.83,82,141.8098,2.15,1.309432222,00:06.6,-0.2,-0.8,42,0,0,0,0.9,0,0,0.1,-0.3,0,0,-0.08,0,0,13.9,0:01:02,5.6,0,--.--,152,22.6,49,0000:00:00,49,0,0,40,30,0,0,0,0,0,0,1,141.85,11:00:06,10/10/2023,81.5,55.09,--.--
low,0,294,4.9,16.04,9.45,84,151.578,2.18,1.319366306,00:07.6,-0.6,2.2,33,0,0,0,0.8,0,0,-0.1,-0.5,0,0,-0.151,0,0,13.9,0:01:03,6,0,--.--,166,23.3,50,0000:00:00,49,0,0,40,30,0,0,0,0,0,0,1,151.58,11:00:07,10/10/2023,81.52,55.09,--.--
low,0,295,4.92,16.04,7.82,87,125.4328,2.1,1.352123306,00:08.6,0,-0.2,38,0,0,0,0.6,0,0,0.1,-1.4,0,0,-0.437,0,0,13.9,0:01:04,5.8,0,--.--,173,23.2,50,0000:00:00,49,0,0,40,30,0,0,0,0,0,0,1,125.42,11:00:08,10/10/2023,81.55,55.09,--.--
low,0,296,4.93,16.1,7.13,89,114.793,2.06,1.386798972,00:09.6,0,-0.7,35,0,0,0,0.7,0,0,0.1,-0.9,0,0,-0.288,0,0,13.9,0:01:05,6.6,0,--.--,184,24,50,0000:00:00,49,0,0,40,30,0,0,0,0,0,0,1,114.78,11:00:09,10/10/2023,81.57,55.11,--.--
low,0,297,4.95,16.35,0.99,89,16.1865,1.21,1.422398639,00:10.6,0.6,-0.4,33,0,0,0,0.2,0,0,0,-0.6,0,0,-0.178,0,0,13.9,0:01:06,0,0,--.--,--.--,17.4,50,0000:00:00,49,0,0,40,30,0,0,0,0,0,0,1,16.18,11:00:10,10/10/2023,81.61,55.11,--.--
low,0,298,4.97,16.35,1.02,90,16.677,1.22,1.454781972,00:11.6,-1.7,-1.2,34,0,0,0,0.3,0,0,0,-1.2,0,0,0.112,0,0,20.6,0:01:07,9,0,--.--,187,26.3,42,0000:00:00,49,0,0,40,30,0,0,0,0,0,0,1,16.68,11:00:11,10/10/2023,81.63,55.13,--.--
low,0,299,4.98,16.33,2.19,90,35.7627,1.55,1.481995722,00:12.6,-0.7,1.8,32,0,0,0,0.2,0,0,-0.2,-1.2,0,0,0.117,0,0,20.6,0:01:08,9.4,0,--.--,187,26.8,52,0000:00:00,49,0,0,40,30,0,0,0,0,0,0,1,35.76,11:00:12,10/10/2023,81.66,55.13,--.--
low,0,300,5,16.11,7.32,92,117.9252,2.07,1.484944194,00:13.6,-3.3,2.7,28,0,0,0,0.3,0,0,0,-1.2,0,0,0.123,0,0,20.6,0:01:09,10.1,0,--.--,186,27.5,43,0000:00:00,49,0,0,40,30,0,0,0,0,0,0,1,117.91,11:00:13,10/10/2023,81.7,55.13,--.--
low,0,301,5.02,16.17,7.72,94,124.8324,2.1,1.488305028,00:14.6,-1.1,3.5,35,0,0,0,0.4,0,0,-0.2,-1.8,0,0,-0.061,0,0,20.6,0:01:10,10.3,0,--.--,190,27.6,61,0000:00:00,49,0,0,40,30,0,0,0,0,0,0,1,124.81,11:00:14,10/10/2023,81.72,55.15,--.--
low,0,302,5.03,16.06,7.98,96,128.1588,2.11,1.492980083,00:15.6,-1.2,2.2,29,0,0,0,0.7,0,0,0.1,-1.5,0,0,0.012,0,0,20.6,0:01:11,11.4,0,--.--,186,28.8,46,0000:00:00,49,0,0,40,30,0,0,0,0,0,0,1,128.16,11:00:15,10/10/2023,81.73,55.13,--.--
low,0,303,5.05,16.08,7.25,98,116.58,2.07,1.497297306,00:16.6,-4.9,3.1,31,0,0,0,0.8,0,0,0,-0.9,0,0,0.192,0,0,41.7,0:01:12,12.8,0,--.--,188,30.1,37,0000:00:00,58,0,0,40,30,0,0,0,0,0,0,1,116.58,11:00:16,10/10/2023,81.77,55.15,--.--
low,0,304,5.07,15.93,6.15,101,97.9695,1.99,1.50610275,00:17.6,-3.1,5.5,32,0,0,0,0.7,0,0,-0.1,-1.4,0,0,0.059,0,0,41.7,0:01:13,14.1,0,--.--,189,31.4,47,0000:00:00,53,0,0,40,30,0,0,0,0,0,0,1,97.97,11:00:17,10/10/2023,81.79,55.17,--.--
low,0,305,5.08,16.33,0.65,102,10.6145,1.03,1.513869,00:18.6,-0.1,2.4,31,0,0,0,0.6,0,0,0,-1.8,0,0,-0.066,0,0,41.7,0:01:14,15.3,0,--.--,189,32.6,54,0000:00:00,53,0,0,40,30,0,0,0,0,0,0,1,10.62,11:00:18,10/10/2023,81.82,55.15,--.--
low,0,306,5.1,16.35,0.74,103,12.099,1.08,1.516915639,00:19.6,-0.8,2.6,31,0,0,0,0.7,0,0,0.1,-1.5,0,0,0.009,0,0,41.7,0:01:15,16,0,--.--,189,33.3,45,0000:00:00,53,0,0,40,30,0,0,0,0,0,0,1,12.1,11:00:19,10/10/2023,81.86,55.17,--.--
low,0,307,5.12,16.34,1.03,103,16.8302,1.23,1.520780778,00:20.6,-4,3.2,31,0,0,0,0.7,0,0,0,-1.4,0,0,0.066,0,0,41.7,0:01:16,16.7,0,--.--,187,34.1,46,0000:00:00,53,0,0,40,30,0,0,0,0,0,0,1,16.83,11:00:20,10/10/2023,81.9,55.17,--.--
low,0,308,5.13,16.36,0.95,103,15.542,1.19,1.525870556,00:21.6,-0.2,3,32,0,0,0,0.8,0,0,-0.1,-1.6,0,0,-0.015,0,0,54.5,0:01:17,0,0,--.--,--.--,17.4,54,0000:00:00,53,0,0,40,30,0,0,0,0,0,0,1,15.54,11:00:21,10/10/2023,81.91,55.18,--.--
low,0,309,5.15,16.34,1.94,104,31.6996,1.5,1.530324111,00:22.6,-3.6,3.6,33,0,0,0,0.8,0,0,0.1,-1.7,0,0,-0.057,0,0,71.6,0:01:18,17.4,0,--.--,185,34.7,46,0000:00:00,53,0,0,40,30,0,0,0,0,0,0,1,31.71,11:00:22,10/10/2023,81.95,55.18,--.--
low,0,310,5.17,16.35,1.71,104,27.9585,1.45,1.533730361,00:23.6,-4.4,5.5,33,0,0,0,0.7,0,0,0.1,-1.2,0,0,0.109,0,0,71.6,0:01:19,17.7,0,--.--,186,35.1,42,0000:00:00,53,0,0,40,30,0,0,0,0,0,0,1,27.97,11:00:23,10/10/2023,81.97,55.18,--.--
low,0,311,5.18,16.37,0.67,104,10.9679,1.04,1.540051,00:24.6,-2,3.1,33,0,0,0,0.7,0,0,0,-1.4,0,0,0.047,0,0,71.6,0:01:20,18.1,0,--.--,188,35.4,44,0000:00:00,53,0,0,40,30,0,0,0,0,0,0,1,10.97,11:00:24,10/10/2023,82,55.18,--.--
low,0,312,5.2,16.37,0.85,104,13.9145,1.14,1.5437365,00:25.6,0.3,4.7,33,0,0,0,0.7,0,0,-0.1,-1.5,0,0,0.037,0,0,71.6,0:01:21,18.7,0,--.--,186,36.1,51,0000:00:00,53,0,0,40,30,0,0,0,0,0,0,1,13.91,11:00:25,10/10/2023,82.02,55.18,--.--
low,0,313,5.22,16.36,1.12,105,18.3232,1.26,1.551411917,00:26.6,-3.1,3.7,33,0,0,0,0.6,0,0,0.1,-1.4,0,0,0.035,0,0,71.6,0:01:22,19.1,0,--.--,183,36.5,43,0000:00:00,53,0,0,40,30,0,0,0,0,0,0,1,18.32,11:00:26,10/10/2023,82.04,55.18,--.--
low,0,314,5.23,16.36,0.98,105,16.0328,1.21,1.555047472,00:27.6,-1.5,2.8,33,0,0,0,0.7,0,0,-0.1,-1.5,0,0,0.019,0,0,107.6,0:01:23,18.9,0,--.--,184,36.3,49,0000:00:00,53,0,0,40,30,0,0,0,0,0,0,1,16.03,11:00:27,10/10/2023,82.08,55.2,--.--
low,0,315,5.25,16.35,0.75,105,12.2625,1.09,1.560182694,00:28.6,-0.1,4.8,33,0,0,0,0.6,0,0,0,-1.7,0,0,-0.034,0,0,107.6,0:01:24,19.6,0,--.--,181,37,50,0000:00:00,53,0,0,40,30,0,0,0,0,0,0,1,12.26,11:00:28,10/10/2023,82.11,55.2,--.--
low,0,316,5.27,16.37,1.39,106,22.7543,1.36,1.563231194,00:29.6,-5.2,5.2,34,0,0,0,0.7,0,0,0.1,-1.4,0,0,0.047,0,0,107.6,0:01:25,20.1,0,--.--,180,37.6,43,0000:00:00,53,0,0,40,30,0,0,0,0,0,0,1,22.75,11:00:29,10/10/2023,82.13,55.18,--.--
low,0,317,5.28,16.38,0.81,106,13.2678,1.12,1.567139417,00:30.6,-0.2,3.9,33,0,0,0,0.7,0,0,0,-1.7,0,0,-0.038,0,0,107.6,0:01:26,20.2,0,--.--,180,37.6,49,0000:00:00,53,0,0,40,30,0,0,0,0,0,0,1,13.26,11:00:30,10/10/2023,82.15,55.2,--.--
low,0,318,5.3,16.35,1.69,106,27.6315,1.44,1.572495306,00:31.6,-2.7,5.3,34,0,0,0,0.7,0,0,-0.1,-1.8,0,0,-0.082,0,0,107.6,0:01:27,20.5,0,--.--,179,38,55,0000:00:00,53,0,0,40,30,0,0,0,0,0,0,1,27.63,11:00:31,10/10/2023,82.18,55.2,--.--
low,0,319,5.32,16.36,0.8,106,13.088,1.12,1.577409306,00:32.6,-0.3,4.2,33,0,0,0,0.7,0,0,0.1,-1.7,0,0,-0.031,0,0,126.5,0:01:28,0,0,--.--,--.--,17.4,47,0000:00:00,53,0,0,40,30,0,0,0,0,0,0,1,13.09,11:00:32,10/10/2023,82.22,55.2,--.--
low,0,320,5.33,16.36,1.13,107,18.4868,1.27,1.581865583,00:33.6,-5.3,5.1,33,0,0,0,0.7,0,0,0.1,-1.3,0,0,0.086,0,0,147.5,0:01:29,21.2,0,--.--,177,38.6,41,0000:00:00,53,0,0,40,30,0,0,0,0,0,0,1,18.49,11:00:33,10/10/2023,82.24,55.2,--.--
low,0,321,5.35,16.38,0.67,107,10.9746,1.04,1.585183028,00:34.6,0,4.1,34,0,0,0,0.8,0,0,-0.1,-1.5,0,0,0.012,0,0,147.5,0:01:30,21.4,0,--.--,177,38.8,51,0000:00:00,53,0,0,40,30,0,0,0,0,0,0,1,10.97,11:00:34,10/10/2023,82.26,55.2,--.--
low,0,322,5.37,16.36,0.86,107,14.0696,1.15,1.588729861,00:35.6,-2.3,4.4,32,0,0,0,0.8,0,0,0,-1.5,0,0,0.035,0,0,147.5,0:01:31,22.3,0,--.--,173,39.7,45,0000:00:00,53,0,0,40,30,0,0,0,0,0,0,1,14.07,11:00:35,10/10/2023,82.29,55.2,--.--
low,0,323,5.38,16.34,1.18,108,19.2812,1.29,1.593868222,00:36.6,-3.4,3.1,32,0,0,0,0.9,0,0,-0.1,-1.4,0,0,0.056,0,0,147.5,0:01:32,22.7,0,--.--,173,40,47,0000:00:00,53,0,0,40,30,0,0,0,0,0,0,1,19.28,11:00:36,10/10/2023,82.33,55.2,--.--
low,0,324,5.4,16.38,1.08,108,17.6904,1.25,1.599139778,00:37.6,0.6,4.7,32,0,0,0,1.1,0,0,0,-1.6,0,0,-0.009,0,0,147.5,0:01:33,22.9,0,--.--,172,40.2,49,0000:00:00,53,0,0,40,30,0,0,0,0,0,0,1,17.69,11:00:37,10/10/2023,82.35,55.2,--.--
low,0,325,5.42,16.37,0.98,108,16.0426,1.21,1.604232667,00:38.6,-1.6,4.9,31,0,0,0,1.1,0,0,0,-1.6,0,0,0.003,0,0,191.7,0:01:34,23.3,0,--.--,172,40.7,49,0000:00:00,53,0,0,40,30,0,0,0,0,0,0,1,16.04,11:00:38,10/10/2023,82.36,55.2,--.--
low,0,326,5.43,16.36,0.73,108,11.9428,1.08,1.608870833,00:39.6,-1.9,4.9,31,0,0,0,1,0,0,0,-1.6,0,0,-0.013,0,0,191.7,0:01:35,23.5,0,--.--,172,40.8,48,0000:00:00,53,0,0,40,30,0,0,0,0,0,0,1,11.95,11:00:39,10/10/2023,82.38,55.2,--.--
low,0,327,5.45,16.37,0.78,109,12.7686,1.11,1.613145222,00:40.6,-1.4,4.3,30,0,0,0,1.2,0,0,0,-1.7,0,0,-0.052,0,0,191.7,0:01:36,23.7,0,--.--,171,41,51,0000:00:00,53,0,0,40,30,0,0,0,0,0,0,1,12.77,11:00:40,10/10/2023,82.42,55.2,--.--
low,0,328,5.47,16.37,1.13,109,18.4981,1.27,1.618056222,00:41.6,-2.1,4,30,0,0,0,1.3,0,0,0,-1.7,0,0,-0.055,0,0,191.7,0:01:37,24.4,0,--.--,168,41.7,49,0000:00:00,53,0,0,40,30,0,0,0,0,0,0,1,18.5,11:00:41,10/10/2023,82.45,55.22,--.--
low,0,329,5.48,16.36,1.16,109,18.9776,1.28,1.623470722,00:42.6,-6.1,5.5,30,0,0,0,1.2,0,0,0,-1.3,0,0,0.079,0,0,191.7,0:01:38,24.5,0,--.--,167,41.8,47,0000:00:00,53,0,0,40,30,0,0,0,0,0,0,1,18.98,11:00:42,10/10/2023,82.47,55.22,--.--
low,0,330,5.5,16.37,1.12,109,18.3344,1.26,1.627747722,00:43.6,-5.2,5.2,30,0,0,0,1.1,0,0,0.1,-1.4,0,0,0.06,0,0,215,0:01:39,0,0,--.--,--.--,17.4,41,0000:00:00,53,0,0,40,30,0,0,0,0,0,0,1,18.33,11:00:43,10/10/2023,82.51,55.22,--.--
low,0,331,5.52,16.37,1.02,110,16.6974,1.22,1.632158528,00:44.6,-0.8,3.2,30,0,0,0,1.1,0,0,0,-1.5,0,0,0.013,0,0,240.2,0:01:40,25.2,0,--.--,165,42.4,48,0000:00:00,53,0,0,40,30,0,0,0,0,0,0,1,16.7,11:00:44,10/10/2023,82.54,55.22,--.--
low,0,332,5.53,16.37,0.94,110,15.3878,1.19,1.637163528,00:45.6,-2.7,5,31,0,0,0,0.9,0,0,0,-1.5,0,0,0.033,0,0,240.2,0:01:41,25.2,0,--.--,165,42.3,48,0000:00:00,53,0,0,40,30,0,0,0,0,0,0,1,15.39,11:00:45,10/10/2023,82.58,55.22,--.--
low,0,333,5.55,16.37,1.08,110,17.6796,1.25,1.643521861,00:46.6,-4.7,4.7,31,0,0,0,0.9,0,0,0,-1.5,0,0,0.026,0,0,240.2,0:01:42,25.4,0,--.--,165,42.6,47,0000:00:00,53,0,0,40,30,0,0,0,0,0,0,1,17.68,11:00:46,10/10/2023,82.6,55.22,--.--
low,0,334,5.57,16.38,1.19,111,19.4922,1.29,1.648887583,00:47.6,-2.1,3.8,30,0,0,0,0.8,0,0,0,-1.8,0,0,-0.073,0,0,240.2,0:01:43,25.7,0,--.--,164,42.8,54,0000:00:00,53,0,0,40,30,0,0,0,0,0,0,1,19.49,11:00:47,10/10/2023,82.63,55.22,--.--
low,0,335,5.58,16.38,0.94,111,15.3972,1.19,1.653480278,00:48.6,-0.5,3.8,30,0,0,0,0.7,0,0,0,-1.6,0,0,-0.007,0,0,240.2,0:01:44,26,0,--.--,163,43.1,47,0000:00:00,53,0,0,40,30,0,0,0,0,0,0,1,15.4,11:00:48,10/10/2023,82.65,55.2,--.--
low,0,336,5.6,16.37,0.97,111,15.8789,1.2,1.657254472,00:49.6,-4.7,4.8,30,0,0,0,0.6,0,0,0,-1.4,0,0,0.056,0,0,291.4,0:01:45,26.1,0,--.--,163,43.1,46,0000:00:00,53,0,0,40,30,0,0,0,0,0,0,1,15.88,11:00:49,10/10/2023,82.67,55.22,--.--
low,0,337,5.62,16.38,1.1,111,18.018,1.26,1.662165472,00:50.6,-4.6,4.7,30,0,0,0,0.6,0,0,0.1,-1.4,0,0,0.05,0,0,291.4,0:01:46,26.4,0,--.--,162,43.3,42,0000:00:00,53,0,0,40,30,0,0,0,0,0,0,1,18.01,11:00:50,10/10/2023,82.71,55.22,--.--
low,0,338,5.63,16.35,1.4,112,22.89,1.36,1.666712694,00:51.6,-2.8,3.6,30,0,0,0,0.5,0,0,-0.1,-1.5,0,0,0.033,0,0,291.4,0:01:47,26.5,0,--.--,161,43.4,49,0000:00:00,53,0,0,40,30,0,0,0,0,0,0,1,22.89,11:00:51,10/10/2023,82.72,55.22,--.--
low,0,339,5.65,16.37,1.18,112,19.3166,1.29,1.672575028,00:52.6,-0.8,4.5,30,0,0,0,0.4,0,0,0,-1.7,0,0,-0.032,0,0,291.4,0:01:48,26.7,0,--.--,159,43.5,51,0000:00:00,53,0,0,40,30,0,0,0,0,0,0,1,19.32,11:00:52,10/10/2023,82.76,55.22,--.--
low,0,340,5.67,16.37,1.01,112,16.5337,1.22,1.677986222,00:53.6,-1.8,4.5,30,0,0,0,0.4,0,0,0,-1.8,0,0,-0.082,0,0,291.4,0:01:49,26.9,0,--.--,159,43.7,51,0000:00:00,53,0,0,40,30,0,0,0,0,0,0,1,16.53,11:00:53,10/10/2023,82.78,55.22,--.--
low,0,341,5.68,16.37,0.83,113,13.5871,1.13,1.682985111,00:54.6,-1.5,4.1,30,0,0,0,0.3,0,0,0,-1.6,0,0,-0.016,0,0,317.5,0:01:50,0,0,--.--,--.--,17.4,49,0000:00:00,53,0,0,40,30,0,0,0,0,0,0,1,13.59,11:00:54,10/10/2023,82.81,55.22,--.--
low,0,342,5.7,16.37,1.08,113,17.6796,1.25,1.705918389,00:55.6,-2,4.4,29,0,0,0,0.3,0,0,0,-1.6,0,0,0.001,0,0,344.4,0:01:51,26.6,0,--.--,161,43.5,50,0000:00:00,53,0,0,40,30,0,0,0,0,0,0,1,17.68,11:00:55,10/10/2023,82.83,55.22,--.--
low,0,343,5.72,16.37,1,113,16.37,1.21,1.755993639,00:56.6,-2.6,4.6,29,0,0,0,0.4,0,0,0,-1.5,0,0,0.021,0,0,344.4,0:01:52,27.5,0,--.--,158,44.2,46,0000:00:00,53,0,0,40,30,0,0,0,0,0,0,1,16.37,11:00:56,10/10/2023,82.87,55.24,--.--
low,0,344,5.73,16.36,1.29,113,21.1044,1.32,1.790853889,00:57.6,-5.9,5.3,28,0,0,0,0.4,0,0,0,-1.3,0,0,0.085,0,0,344.4,0:01:53,28.1,0,--.--,154,44.6,44,0000:00:00,53,0,0,40,30,0,0,0,0,0,0,1,21.11,11:00:57,10/10/2023,82.89,55.22,--.--
low,0,345,5.75,16.37,1.19,114,19.4803,1.29,1.827868528,00:58.6,-4.5,4.6,28,0,0,0,0.3,0,0,0,-1.4,0,0,0.047,0,0,344.4,0:01:54,28.6,0,--.--,153,46.3,44,0000:00:00,53,0,0,40,30,0,0,0,0,0,0,1,19.48,11:00:58,10/10/2023,82.9,55.22,--.--
low,0,346,5.77,16.36,1.1,114,17.996,1.26,1.832613944,00:59.6,-0.9,3.9,28,0,0,0,0.4,0,0,0,-1.5,0,0,0.007,0,0,344.4,0:01:55,28.5,0,--.--,153,46.2,48,0000:00:00,53,0,0,40,30,0,0,0,0,0,0,1,18,11:00:59,10/10/2023,82.94,55.24,--.--
low,0,347,5.78,16.22,5.09,115,82.5598,1.92,1.906551444,01:00.6,-0.8,2.1,46,0,0,0,0.3,0,0,0.1,-1.6,0,0,-0.018,0,0,371.3,0:01:56,0,0,--.--,--.--,18,46,0000:00:00,53,0,0,40,30,0,0,0,0,0,0,1,82.58,11:01:00,10/10/2023,82.96,55.22,--.--
low,0,348,5.8,16.11,11.19,116,180.2709,2.26,1.994457333,01:01.6,-0.5,6.7,56,0,0,0,0.5,0,0,-0.1,-1.6,0,0,-0.02,0,0,399.6,0:01:57,28.4,0,--.--,153,46.1,52,0000:00:00,53,0,0,40,30,0,0,0,0,0,0,1,180.23,11:01:01,10/10/2023,82.99,55.24,--.--
low,0,349,5.82,16.11,7.79,119,125.4969,2.1,2.06747075,01:02.6,3.8,7,63,0,0,0,0.6,0,0,0,-1.7,0,0,-0.044,0,0,399.6,0:01:58,29,0,--.--,149,46.5,49,0000:00:00,53,0,0,40,30,0,0,0,0,0,0,1,125.47,11:01:02,10/10/2023,83.01,55.24,--.--
low,0,350,5.83,16.31,8.17,121,133.2527,2.12,2.141180083,01:03.6,-1.2,3.8,59,0,0,0,0.5,0,0,0.1,-1.6,0,0,-0.014,0,0,399.6,0:01:59,28.6,0,--.--,151,46.2,44,0000:00:00,53,0,0,40,30,0,0,0,0,0,0,1,133.29,11:01:03,10/10/2023,83.05,55.22,--.--
low,0,351,5.85,16.27,1.05,122,17.0835,1.23,2.215362583,01:04.6,-0.6,6.4,59,0,0,0,0.6,0,0,-0.1,-1.7,0,0,-0.056,0,0,399.6,0:02:00,28.3,0,--.--,151,45.9,56,0000:00:00,53,0,0,40,40,0,0,0,0,0,0,1,17.08,11:01:04,10/10/2023,83.07,55.22,--.--
low,0,352,5.87,15.75,16.9,125,266.175,2.43,2.290678972,01:05.7,2.9,6,64,0,0,0,0.9,0,0,0.1,-1.6,0,0,-0.008,0,0,399.6,0:02:01,28.3,0,--.--,151,46,57,0000:00:00,53,0,0,40,40,0,0,0,0,0,0,1,266.23,11:01:05,10/10/2023,83.08,55.22,--.--
low,0,353,5.88,15.62,20.26,130,316.4612,2.5,2.387928972,01:06.7,0.7,4.3,85,0,0,0,1,0,0,0.1,-1.5,0,0,0.016,0,0,456.3,0:02:02,28,0,--.--,150,45.6,45,0000:00:00,53,0,0,40,40,0,0,0,0,0,0,1,316.42,11:01:06,10/10/2023,83.12,55.22,--.--
low,0,354,5.9,15.73,16.71,135,262.8483,2.42,2.462020639,01:07.7,2.4,2.5,80,0,0,0,1.1,0,0,0,-1.5,0,0,0.006,0,0,456.3,0:02:03,27.5,0,--.--,151,45.2,49,0000:00:00,53,0,0,40,40,0,0,0,0,0,0,1,262.8,11:01:07,10/10/2023,83.14,55.22,--.--
low,0,355,5.92,15.72,16.88,139,265.3536,2.42,2.533150361,01:08.7,3.7,5.1,81,0,0,0,1.3,0,0,0.1,-1.7,0,0,-0.044,0,0,456.3,0:02:04,26.7,0,--.--,153,44.4,48,0000:00:00,53,0,0,40,40,0,0,0,0,0,0,1,265.37,11:01:08,10/10/2023,83.17,55.22,--.--
low,0,356,5.93,15.7,17.01,144,267.057,2.43,2.605670361,01:09.7,1.2,3.8,80,0,0,0,1.4,0,0,0.1,-1.6,0,0,-0.041,0,0,456.3,0:02:05,25.6,0,--.--,154,43.4,45,0000:00:00,53,0,0,40,40,0,0,0,0,0,0,1,267.11,11:01:09,10/10/2023,83.19,55.22,--.--
low,0,357,5.95,15.7,17.27,149,271.139,2.43,2.677234194,01:10.7,2.5,3.4,87,0,0,0,1.3,0,0,-0.1,-1.8,0,0,-0.083,0,0,456.3,0:02:06,23.9,0,--.--,157,41.8,54,0000:00:00,53,0,0,40,40,0,0,0,0,0,0,1,271.05,11:01:10,10/10/2023,83.21,55.22,--.--
low,0,358,5.97,15.56,22.5,154,350.1,2.54,2.756484056,01:11.7,0.8,5.9,88,0,0,0,1.4,0,0,0,-1.7,0,0,-0.059,0,0,456.3,0:02:07,23.9,0,--.--,157,36.1,50,0000:00:00,53,0,0,40,40,0,0,0,0,0,0,1,350.08,11:01:11,10/10/2023,83.25,55.22,--.--
low,0,359,5.98,15.69,17,159,266.73,2.43,2.829047611,01:12.7,0.4,0.9,96,0,0,0,1.3,0,0,0.1,-1.8,0,0,-0.081,0,0,456.3,0:02:08,22.5,0,--.--,157,34.7,62,0000:00:00,53,0,0,40,40,0,0,0,0,0,0,1,266.73,11:01:12,10/10/2023,83.26,55.22,--.--
low,0,360,6,15.7,16.31,165,256.067,2.41,2.898127972,01:13.7,3.2,1.4,91,0,0,0,1.5,0,0,0,-1.5,0,0,-0.031,0,0,463.7,0:02:09,21.2,0,--.--,160,33.4,52,0000:00:00,53,0,0,40,40,0,0,0,0,0,0,1,256.1,11:01:13,10/10/2023,83.28,55.2,--.--
low,0,361,6.02,15.68,16.65,170,261.072,2.42,2.967033528,01:14.7,1.3,1.4,98,0,0,0,1.4,0,0,0,-1.5,0,0,-0.017,0,0,463.7,0:02:10,20.1,0,--.--,159,32.3,50,0000:00:00,53,0,0,40,40,0,0,0,0,0,0,1,261.12,11:01:14,10/10/2023,83.3,55.2,--.--
low,0,362,6.03,15.69,16.42,174,257.6298,2.41,3.035023528,01:15.7,0.1,1.9,95,0,0,0,1.5,0,0,0,-1.3,0,0,0.029,0,0,463.7,0:02:11,18.6,0,--.--,160,30.8,46,0000:00:00,53,0,0,40,40,0,0,0,0,0,0,1,257.56,11:01:15,10/10/2023,83.34,55.2,--.--
low,0,363,6.05,15.65,18.23,179,285.2995,2.46,3.093946306,01:16.7,2.2,3.1,88,0,0,0,1.4,0,0,0,-1.6,0,0,-0.061,0,0,463.7,0:02:12,16.5,0,--.--,165,28.7,54,0000:00:00,53,0,0,40,40,0,0,0,0,0,0,1,285.39,11:01:16,10/10/2023,83.35,55.2,--.--
low,0,364,6.07,15.68,16.66,184,261.2288,2.42,3.152332306,01:17.7,1.6,4,90,0,0,0,1.4,0,0,0,-1.6,0,0,-0.057,0,0,502.1,0:02:13,14.3,0,--.--,169,26.4,51,0000:00:00,53,0,0,40,40,0,0,0,0,0,0,1,261.16,11:01:17,10/10/2023,83.37,55.22,--.--
low,0,365,6.08,15.71,15.83,188,248.6893,2.4,3.214194806,01:18.7,1.8,3.9,91,0,0,0,1.4,0,0,0.1,-1.6,0,0,-0.044,0,0,502.1,0:02:14,13.5,0,--.--,172,25.5,48,0000:00:00,53,0,0,40,40,0,0,0,0,0,0,1,248.61,11:01:18,10/10/2023,83.41,55.2,--.--
low,0,366,6.1,15.7,15.8,192,248.06,2.39,3.275051056,01:19.7,2.3,2.5,90,0,0,0,1.3,0,0,0,-1.5,0,0,-0.015,0,0,502.1,0:02:15,12.3,0,--.--,177,24.2,51,0000:00:00,53,0,0,40,40,0,0,0,0,0,0,1,248.04,11:01:19,10/10/2023,83.43,55.22,--.--
low,0,367,6.12,15.69,15.6,197,244.764,2.39,3.336398056,01:20.7,-0.9,3.5,94,0,0,0,1.3,0,0,0,-1.3,0,0,0.018,0,0,508.9,0:02:16,11,0,--.--,182,22.7,46,0000:00:00,53,0,0,40,40,0,0,0,0,0,0,1,244.83,11:01:20,10/10/2023,83.46,55.22,--.--
low,0,368,6.13,15.83,13.4,202,212.122,2.33,3.396898944,01:21.7,0.2,-1.5,90,0,0,0,1.3,0,0,-0.1,-1.4,0,0,-0.008,0,0,508.9,0:02:17,9.7,0,--.--,188,21.2,53,0000:00:00,53,0,0,40,40,0,0,0,0,0,0,1,212.14,11:01:21,10/10/2023,83.48,55.2,--.--
low,0,369,6.15,15.78,13.32,204,210.1896,2.32,3.532463389,01:22.7,-1.6,4.4,92,0,0,0,1.4,0,0,0.1,-1.4,0,0,-0.007,0,0,519.9,0:02:18,0,0,--.--,--.--,12.2,47,0000:00:00,53,0,0,40,40,0,0,0,0,0,0,1,210.18,11:01:22,10/10/2023,83.5,55.2,--.--
low,0,370,6.17,15.75,14.14,208,222.705,2.35,3.610496056,01:23.7,1.2,1.6,92,0,0,0,1.4,0,0,0,-1.4,0,0,-0.005,0,0,528.5,0:02:19,8,0,--.--,199,19,49,0000:00:00,53,0,0,40,40,0,0,0,0,0,0,1,222.71,11:01:23,10/10/2023,83.52,55.2,--.--
low,0,371,6.18,15.75,13.91,211,219.0825,2.34,3.685044889,01:24.7,0.1,1.9,92,0,0,0,1.4,0,0,0,-1.4,0,0,-0.011,0,0,528.5,0:02:20,7.1,0,--.--,210,17.5,49,0000:00:00,53,0,0,40,40,0,0,0,0,0,0,1,219.08,11:01:24,10/10/2023,83.55,55.2,--.--
low,0,372,6.2,15.73,14.04,215,220.8492,2.34,3.833837944,01:25.7,-1.7,3.4,92,0,0,0,1.5,0,0,0,-1.5,0,0,-0.046,0,0,528.5,0:02:21,6.8,0,--.--,217,16.7,52,0000:00:00,53,0,0,40,40,0,0,0,0,0,0,1,220.91,11:01:25,10/10/2023,83.59,55.2,--.--
low,0,373,6.22,15.76,13.82,219,217.8032,2.34,3.926172944,01:26.7,-4.3,4,92,0,0,0,1.5,0,0,0.1,-1.6,0,0,-0.079,0,0,528.5,0:02:22,6.5,0,--.--,230,15.5,75,0000:00:00,53,0,0,40,40,0,0,0,0,0,0,1,217.75,11:01:26,10/10/2023,83.61,55.22,--.--
low,0,374,6.23,15.1,32.32,225,488.032,2.69,3.986116111,01:27.7,-3.6,-1.4,84,0,0,0,1.8,0,0,0.1,-0.8,0,0,0.06,0,0,528.5,0:02:23,6.6,0,--.--,234,15.2,61,0000:00:00,53,0,0,40,40,0,0,0,0,0,0,1,487.97,11:01:27,10/10/2023,83.64,55.2,--.--
low,0,375,6.25,16.08,17.47,233,280.9176,2.45,4.032857778,01:28.7,-11.9,-3.4,84,0,0,0,1.7,0,0,-0.1,-0.3,0,0,0.068,0,0,543.7,0:02:24,6.5,0,--.--,249,13.7,25,0000:00:00,53,0,0,40,40,0,0,0,0,0,0,1,280.99,11:01:28,10/10/2023,83.66,55.2,--.--
low,0,376,6.27,15.54,17.27,238,268.3758,2.43,4.109298472,01:29.7,-4.1,2.7,87,0,0,0,2,0,0,-0.1,-1.1,0,0,-0.103,0,0,550.3,0:02:25,0,0,--.--,--.--,12.2,61,0000:00:00,53,0,0,40,40,0,0,0,0,0,0,1,268.38,11:01:29,10/10/2023,83.7,55.22,--.--
low,0,377,6.28,14.9,35.95,243,535.655,2.73,4.156452222,01:30.7,-4.8,8.3,72,0,0,0,2.2,0,0,0.2,-1.5,0,0,-0.2,0,0,550.3,0:02:26,5.8,0,--.--,261,12.3,80,0000:00:00,53,0,0,40,40,0,0,0,0,0,0,1,535.58,11:01:30,10/10/2023,83.73,55.2,--.--
low,0,378,6.3,15.65,21.24,249,332.406,2.52,4.204090278,01:31.7,-2.3,-8,51,0,0,0,2.5,0,0,0,-1,0,0,-0.177,0,0,550.3,0:02:27,5.8,0,--.--,265,11.9,61,0000:00:00,53,0,0,40,40,0,0,0,0,0,0,1,332.47,11:01:31,10/10/2023,83.75,55.2,--.--
low,0,379,6.32,15.74,13.71,255,215.7954,2.33,4.25318125,01:32.7,-4.2,-5.1,30,0,0,0,2.5,0,0,-0.1,-0.8,0,0,-0.035,0,0,556.9,0:02:28,6.6,0,--.--,266,12,42,0000:00:00,53,0,0,40,40,0,0,0,0,0,0,1,215.77,11:01:32,10/10/2023,83.77,55.2,--.--
low,0,380,6.33,15.8,10.65,260,168.27,2.23,4.300496917,01:33.7,-0.3,2.1,33,0,0,0,2.7,0,0,-0.1,-1.4,0,0,0.004,0,0,570.2,0:02:29,6.8,0,--.--,260,12.6,66,0000:00:00,53,0,0,40,40,0,0,0,0,0,0,1,168.24,11:01:33,10/10/2023,83.8,55.2,--.--
low,0,381,6.35,15.77,17.45,262,275.1865,2.44,4.348561528,01:34.7,-2.5,1.7,29,0,0,0,2.7,0,0,0.1,-1.2,0,0,0.032,0,0,570.2,0:02:30,7.1,0,--.--,259,12.9,48,0000:00:00,53,0,0,40,40,0,0,0,0,0,0,1,275.15,11:01:34,10/10/2023,83.82,55.2,--.--
low,0,382,6.37,15.85,10.71,267,169.7535,2.23,4.397608472,01:35.7,-1,-3.8,30,0,0,0,2.5,0,0,0,-1.3,0,0,0.042,0,0,570.2,0:02:31,7.2,0,--.--,255,13.4,53,0000:00:00,53,0,0,40,40,0,0,0,0,0,0,1,169.79,11:01:35,10/10/2023,83.84,55.2,--.--
low,0,383,6.38,15.85,10.82,270,171.497,2.23,4.44461575,01:36.7,1.7,2.4,30,0,0,0,2.5,0,0,-0.1,-1.3,0,0,0.056,0,0,570.2,0:02:32,8.2,0,--.--,253,14.1,54,0000:00:00,53,0,0,40,40,0,0,0,0,0,0,1,171.52,11:01:36,10/10/2023,83.88,55.2,--.--
low,0,384,6.4,15.85,11.15,273,176.7275,2.25,4.492239806,01:37.7,1,2.9,30,0,0,0,2.4,0,0,0,-1.4,0,0,-0.021,0,0,570.2,0:02:33,8.6,0,--.--,246,15.2,52,0000:00:00,53,0,0,40,40,0,0,0,0,0,0,1,176.71,11:01:37,10/10/2023,83.89,55.2,--.--
low,0,385,6.42,15.86,10.74,276,170.3364,2.23,4.539629389,01:38.7,0.2,-0.3,30,0,0,0,2.2,0,0,0,-1.4,0,0,0.018,0,0,570.2,0:02:34,9.5,0,--.--,247,15.6,52,0000:00:00,53,0,0,40,40,0,0,0,0,0,0,1,170.29,11:01:38,10/10/2023,83.93,55.22,--.--
low,0,386,6.43,15.86,10.91,279,173.0326,2.24,4.591505389,01:39.7,-0.1,3,30,0,0,0,2,0,0,0,-1.4,0,0,0.009,0,0,586.5,0:02:35,10,0,--.--,237,17.2,53,0000:00:00,53,0,0,40,40,0,0,0,0,0,0,1,173.03,11:01:39,10/10/2023,83.93,55.2,--.--
low,0,387,6.45,15.85,11.14,282,176.569,2.25,4.642820972,01:40.7,0.9,2.9,30,0,0,0,1.8,0,0,0,-1.5,0,0,-0.021,0,0,586.5,0:02:36,10.7,0,--.--,230,18.5,53,0000:00:00,53,0,0,40,40,0,0,0,0,0,0,1,176.56,11:01:40,10/10/2023,83.97,55.2,--.--
low,0,388,6.47,15.86,10.67,285,169.2262,2.23,4.694356417,01:41.7,1.1,-0.9,29,0,0,0,1.7,0,0,0,-1.4,0,0,0.015,0,0,586.5,0:02:37,11.7,0,--.--,228,19.6,53,0000:00:00,53,0,0,40,40,0,0,0,0,0,0,1,169.27,11:01:41,10/10/2023,83.98,55.2,--.--
low,0,389,6.48,15.86,10.81,288,171.4466,2.23,4.747324083,01:42.7,0.6,4.6,30,0,0,0,1.4,0,0,0,-1.4,0,0,-0.007,0,0,586.5,0:02:38,12.8,0,--.--,226,20.7,51,0000:00:00,53,0,0,40,40,0,0,0,0,0,0,1,171.41,11:01:42,10/10/2023,84,55.2,--.--
low,0,390,6.5,15.87,10.75,291,170.6025,2.23,4.834831167,01:43.7,0.9,2.7,29,0,0,0,1.4,0,0,0,-1.4,0,0,0.005,0,0,586.5,0:02:39,13.7,0,--.--,224,21.8,54,0000:00:00,53,0,0,40,40,0,0,0,0,0,0,1,170.56,11:01:43,10/10/2023,84.02,55.22,--.--
low,0,391,6.52,15.84,11.79,294,186.7536,2.27,4.886883389,01:44.7,-0.7,-0.5,29,0,0,0,1.3,0,0,0.1,-1.4,0,0,-0.024,0,0,610.5,0:02:40,14.6,0,--.--,224,22.6,51,0000:00:00,53,0,0,40,40,0,0,0,0,0,0,1,186.69,11:01:44,10/10/2023,84.06,55.2,--.--
low,0,392,6.53,15.83,11.67,298,184.7361,2.27,4.942569722,01:45.7,-0.6,0.5,28,0,0,0,1.2,0,0,0,-1.4,0,0,-0.005,0,0,610.5,0:02:41,15.4,0,--.--,221,23.6,51,0000:00:00,53,0,0,40,40,0,0,0,0,0,0,1,184.75,11:01:45,10/10/2023,84.07,55.2,--.--
low,0,393,6.55,15.83,11.72,301,185.5276,2.27,4.996134056,01:46.7,0.3,1.8,28,0,0,0,1.2,0,0,0,-1.5,0,0,-0.009,0,0,610.5,0:02:42,16.9,0,--.--,224,24.6,53,0000:00:00,53,0,0,40,40,0,0,0,0,0,0,1,185.54,11:01:46,10/10/2023,84.11,55.2,--.--
low,0,394,6.57,15.72,12.13,304,190.6836,2.28,5.05196925,01:47.7,-1.8,1.9,22,0,0,0,1.1,0,0,0,-1.5,0,0,-0.038,0,0,610.5,0:02:43,17.6,0,--.--,221,25.6,57,0000:00:00,53,0,0,40,40,0,0,0,0,0,0,1,190.73,11:01:47,10/10/2023,84.13,55.2,--.--
low,0,395,6.58,15.45,20.39,308,315.0255,2.5,5.106006139,01:48.7,-1.3,0.7,14,0,0,0,1.2,0,0,0,-1.2,0,0,0.019,0,0,610.5,0:02:44,18.8,0,--.--,222,26.6,59,0000:00:00,53,0,0,40,40,0,0,0,0,0,0,1,315.03,11:01:48,10/10/2023,84.16,55.2,--.--
low,0,396,6.6,15.8,11.86,312,187.388,2.27,5.294139306,01:49.7,-1.6,-1.7,15,0,0,0,1.2,0,0,0,-1.3,0,0,-0.048,0,0,610.5,0:02:45,19.5,0,--.--,222,27.1,55,0000:00:00,53,0,0,40,40,0,0,0,0,0,0,1,187.41,11:01:49,10/10/2023,84.18,55.2,--.--
low,0,397,6.62,15.81,12.68,315,200.4708,2.3,5.351870417,01:50.7,1.9,-1.1,20,0,0,0,1.1,0,0,0.1,-0.9,0,0,0.037,0,0,617.1,0:02:46,21,0,--.--,218,29.1,48,0000:00:00,53,0,0,40,40,0,0,0,0,0,0,1,200.53,11:01:50,10/10/2023,84.22,55.2,--.--
low,0,398,6.63,15.78,12.22,319,192.8316,2.29,5.41873375,01:51.7,-1.8,0.5,19,0,0,0,1.4,0,0,-0.1,-0.6,0,0,0.162,0,0,617.1,0:02:47,21.9,0,--.--,219,29.9,50,0000:00:00,53,0,0,40,40,0,0,0,0,0,0,1,192.87,11:01:51,10/10/2023,84.22,55.2,--.--
low,0,399,6.65,15.79,12.73,322,201.0067,2.3,5.44686875,01:52.7,-0.5,2.6,20,0,0,0,1.4,0,0,0.1,-1.1,0,0,-0.015,0,0,617.1,0:02:48,23,0,--.--,219,30.8,46,0000:00:00,53,0,0,40,40,0,0,0,0,0,0,1,201.04,11:01:52,10/10/2023,84.25,55.22,--.--
low,0,400,6.67,15.79,12.32,326,194.5328,2.29,5.501100028,01:53.7,-1,-0.2,19,0,0,0,1.3,0,0,-0.1,-1.2,0,0,0.017,0,0,617.1,0:02:49,23.5,0,--.--,216,31.7,26,0000:00:00,53,0,0,40,40,0,0,0,0,0,0,1,194.58,11:01:53,10/10/2023,84.27,55.22,--.--
low,0,401,6.68,15.33,44.18,332,677.2794,2.83,5.511705778,01:54.7,-3.7,1.4,20,0,0,0,1.5,0,0,-0.3,-2.1,0,0,-0.087,0,0,617.1,0:02:50,24.7,0,--.--,216,32.9,40,0000:00:00,53,0,0,40,40,0,0,0,0,0,0,1,677.15,11:01:54,10/10/2023,84.31,55.22,--.--
low,0,402,6.7,15.65,13.28,340,207.832,2.32,5.578355556,01:55.7,-1.3,7.2,22,0,0,0,1.7,0,0,0,-2.6,0,0,-0.107,0,0,663.6,0:02:51,25.5,0,--.--,218,35,68,0000:00:00,53,0,0,40,40,0,0,0,0,0,0,1,207.83,11:01:55,10/10/2023,84.33,55.2,--.--
low,0,403,6.72,15.6,15.43,344,240.708,2.38,5.589108889,01:56.7,-1.5,-2,49,0,0,0,1.5,0,0,0.2,-2,0,0,-0.056,0,0,663.6,0:02:52,26.4,0,--.--,216,36,76,0000:00:00,53,0,0,40,40,0,0,0,0,0,0,1,240.71,11:01:56,10/10/2023,84.34,55.2,--.--
low,0,404,6.73,15.3,6.62,351,101.286,2.01,5.640571639,01:57.7,-2.2,-1.6,75,0,0,0,1.6,0,0,0.3,-0.7,0,0,0.088,0,0,663.6,0:02:53,26.7,0,--.--,216,36.4,59,0000:00:00,53,0,0,40,40,0,0,0,0,0,0,1,101.32,11:01:57,10/10/2023,84.36,55.2,--.--
low,0,405,6.75,15.77,12.38,354,195.2326,2.29,5.790102806,01:58.7,-2.7,0.8,94,0,0,0,1.6,0,0,0.1,-0.2,0,0,0.114,0,0,663.6,0:02:54,25.9,0,--.--,211,36,44,0000:00:00,53,0,0,40,40,0,0,0,0,0,0,1,195.24,11:01:58,10/10/2023,84.4,55.2,--.--
low,0,406,6.77,16.11,2.37,354,38.1807,1.58,5.987862556,01:59.7,0.7,-1.1,93,0,0,0,1.8,0,0,-0.2,-0.2,0,0,0.143,0,0,663.6,0:02:55,25.8,0,--.--,213,41.4,28,0000:00:00,53,0,0,40,40,0,0,0,0,0,0,1,38.19,11:01:59,10/10/2023,84.42,55.2,--.--
low,0,407,6.78,15.46,15.52,361,239.9392,2.38,6.056237694,02:00.7,-1.3,-2.8,95,0,0,0,1.8,0,0,-0.5,-1.6,0,0,-0.101,0,0,663.6,0:02:56,25.3,0,--.--,209,41.3,26,0000:00:00,53,0,0,40,40,0,0,0,0,0,0,1,239.95,11:02:00,10/10/2023,84.43,55.22,--.--
low,0,408,6.8,16.13,2.4,363,38.712,1.59,6.241930194,02:01.7,1,-1,94,0,0,0,1.9,0,0,-0.2,-2.6,0,0,-0.179,0,0,689.1,0:02:57,0,0,--.--,--.--,17.4,59,0000:00:00,71,0,0,40,40,0,0,0,0,0,0,1,38.71,11:02:01,10/10/2023,84.45,55.22,--.--
low,0,409,6.82,15.93,11.63,365,185.2659,2.27,6.430177333,02:02.7,-0.5,0.8,95,0,0,0,1.8,0,0,-0.4,-3.1,0,0,-0.123,0,0,713.9,0:02:58,24.7,0,--.--,209,40.7,30,0000:00:00,80,0,0,40,40,0,0,0,0,0,0,1,185.25,11:02:02,10/10/2023,84.47,55.22,--.--
low,0,410,6.83,15.42,34.91,369,538.3122,2.73,6.582262139,02:03.7,-3.2,0.8,94,0,0,0,1.8,0,0,-0.6,-4.6,0,0,-0.226,0,0,713.9,0:02:59,24.3,0,--.--,204,40.7,20,0000:00:00,80,0,0,40,40,0,0,0,0,0,0,1,538.35,11:02:03,10/10/2023,84.51,55.24,--.--
low,0,411,6.85,14.67,48.53,381,711.9351,2.85,6.588498306,02:04.7,1.2,-1.4,94,0,0,0,2.2,0,0,-0.4,-6.6,0,0,-0.312,0,0,713.9,0:03:00,23.8,0,--.--,203,40.3,40,0000:00:00,87,0,0,40,40,0,0,0,0,0,0,1,711.84,11:02:04,10/10/2023,84.52,55.24,--.--
low,0,412,6.87,15.53,15.85,384,246.1505,2.39,6.721538639,02:05.7,1.7,0.2,95,0,0,0,2.3,0,0,-0.7,-8.4,0,0,-0.338,0,0,713.9,0:03:01,23.4,0,--.--,202,40,20,0000:00:00,98,0,0,40,40,0,0,0,0,0,0,1,246.09,11:02:05,10/10/2023,84.54,55.24,--.--
low,0,413,6.88,14.58,45.85,396,668.493,2.83,6.811091972,02:06.7,2.4,-2.6,95,0,0,0,2.5,0,0,-0.6,-10.7,0,0,-0.44,0,0,713.9,0:03:02,23.4,0,--.--,203,39.9,33,0000:00:00,98,0,0,40,40,0,0,0,0,0,0,1,668.68,11:02:06,10/10/2023,84.56,55.26,--.--
low,0,414,6.9,14.71,46.07,409,677.6897,2.83,6.918924417,02:07.7,-0.1,-1.1,95,0,0,0,2.6,0,0,-0.8,-12.9,0,0,-0.395,0,0,762.4,0:03:03,23.5,0,--.--,206,39.8,5,0000:00:00,98,0,0,40,40,0,0,0,0,0,0,1,677.78,11:02:07,10/10/2023,84.58,55.29,--.--
low,0,415,6.92,14.89,36.77,424,547.5053,2.74,6.9569915,02:08.7,0.1,-0.4,95,0,0,0,2.7,0,0,-0.5,-15.2,0,0,-0.392,0,0,762.4,0:03:04,23.7,0,--.--,206,40,34,0000:00:00,98,0,0,40,40,0,0,0,0,0,0,1,547.58,11:02:08,10/10/2023,84.61,55.29,--.--
low,0,416,6.93,15.81,1.42,428,22.4502,1.35,7.057117167,02:09.7,1.5,1,94,0,0,0,2.7,0,0,-0.3,-16.7,0,0,-0.359,0,0,762.4,0:03:05,23.6,0,--.--,206,39.9,39,0000:00:00,98,0,0,40,40,0,0,0,0,0,0,1,22.45,11:02:09,10/10/2023,84.63,55.29,--.--
low,0,417,6.95,15.42,31.06,433,478.9452,2.68,7.136570583,02:10.7,0.4,0,94,0,0,0,2.7,0,0,-0.6,-18.3,0,0,-0.379,0,0,762.4,0:03:06,23.8,0,--.--,207,40,33,0000:00:00,98,0,0,40,40,0,0,0,0,0,0,1,479.04,11:02:10,10/10/2023,84.63,55.31,--.--
low,0,418,6.97,15.2,21.21,438,322.392,2.51,7.339626139,02:11.7,-0.1,-1.1,95,0,0,0,2.6,0,0,-0.7,-20,0,0,-0.397,0,0,762.4,0:03:07,23.9,0,--.--,207,40.1,18,0000:00:00,98,0,0,40,40,0,0,0,0,0,0,1,322.46,11:02:11,10/10/2023,84.65,55.31,--.--
low,0,419,6.98,14.66,26.48,449,388.1968,2.59,7.379051139,02:12.7,-1.3,-0.9,94,0,0,0,2.7,0,0,-0.5,-22,0,0,-0.428,0,0,810,0:03:08,24.1,0,--.--,208,40.2,39,0000:00:00,98,0,0,40,40,0,0,0,0,0,0,1,388.25,11:02:12,10/10/2023,84.69,55.31,--.--
low,0,420,7,15.45,8.87,454,137.0415,2.14,7.420347806,02:13.7,1.4,-3.5,94,0,0,0,2.7,0,0,-0.7,-23.8,0,0,-0.399,0,0,810,0:03:09,24,0,--.--,207,40.3,15,0000:00:00,98,0,0,40,40,0,0,0,0,0,0,1,137.02,11:02:13,10/10/2023,84.72,55.31,--.--
low,0,421,7.02,15.51,23.24,464,360.4524,2.56,7.503961639,02:14.7,0.8,2.1,90,0,0,0,2.9,0,0,-0.4,-25.7,0,0,-0.408,0,0,810,0:03:10,24,0,--.--,206,40.3,34,0000:00:00,98,0,0,40,40,0,0,0,0,0,0,1,360.41,11:02:14,10/10/2023,84.72,55.31,--.--
low,0,422,7.03,15.11,18.93,469,286.0323,2.46,7.510997028,02:15.7,0,5.1,90,0,0,0,2.9,0,0,-0.5,-27.3,0,0,-0.415,0,0,810,0:03:11,24.1,0,--.--,205,40.5,18,0000:00:00,98,0,0,40,40,0,0,0,0,0,0,1,285.98,11:02:15,10/10/2023,84.76,55.31,--.--
low,0,423,7.05,14.62,50,479,731,2.86,7.525085361,02:16.7,0.6,2.2,88,0,0,0,3.1,0,0,-0.4,-29.2,0,0,-0.438,0,0,810,0:03:12,24,0,--.--,207,40.2,38,0000:00:00,98,0,0,40,40,0,0,0,0,0,0,1,730.8,11:02:16,10/10/2023,84.78,55.29,--.--
low,0,424,7.07,15.77,9,483,141.93,2.15,7.536313361,02:17.7,1.1,2.2,74,0,0,0,3,0,0,-0.1,-29.9,0,0,-0.298,0,0,810,0:03:13,23.9,0,--.--,206,40.2,44,0000:00:00,98,0,0,40,40,0,0,0,0,0,0,1,141.97,11:02:17,10/10/2023,84.79,55.29,--.--
low,0,425,7.08,15.6,9.53,486,148.668,2.17,7.630499028,02:18.7,-0.3,1.9,74,0,0,0,2.7,0,0,-0.3,-30,0,0,-0.165,0,0,810,0:03:14,25.2,0,--.--,213,40.8,24,0000:00:00,98,0,0,40,40,0,0,0,0,0,0,1,148.69,11:02:18,10/10/2023,84.81,55.29,--.--
low,0,426,7.1,15.54,19.37,490,301.0098,2.48,7.634682111,02:19.7,1.6,-1,77,0,0,0,2.6,0,0,-0.5,-31.5,0,0,-0.288,0,0,810,0:03:15,25.6,0,--.--,214,41.1,21,0000:00:00,98,0,0,40,40,0,0,0,0,0,0,1,300.93,11:02:19,10/10/2023,84.85,55.26,--.--
low,0,427,7.12,16.03,1.58,498,25.3274,1.4,7.639863444,02:20.7,2.1,-4.8,79,0,0,0,2.7,0,0,-0.2,-32.7,0,0,-0.337,0,0,810,0:03:16,26,0,--.--,217,41.1,49,0000:00:00,81,0,0,40,40,0,0,0,0,0,0,1,25.32,11:02:20,10/10/2023,84.87,55.26,--.--
low,0,428,7.13,16.05,3.16,498,50.718,1.71,7.655359111,02:21.7,2,-0.1,79,0,0,0,2.7,0,0,0,-33.2,0,0,-0.344,0,0,810,0:03:17,26,0,--.--,213,41.5,65,0000:00:00,90,0,0,40,40,0,0,0,0,0,0,1,50.72,11:02:21,10/10/2023,84.88,55.24,--.--
low,0,429,7.15,16.04,2.52,499,40.4208,1.61,7.665472611,02:22.7,0.6,2.7,78,0,0,0,2.8,0,0,-0.3,-33.5,0,0,-0.355,0,0,810,0:03:18,26.4,0,--.--,217,41.5,35,0000:00:00,90,0,0,40,40,0,0,0,0,0,0,1,40.41,11:02:22,10/10/2023,84.9,55.24,--.--
low,0,430,7.17,15.11,22.44,502,339.0684,2.53,7.6918125,02:23.7,0.5,2,79,0,0,0,2.9,0,0,-0.6,-34.9,0,0,-0.426,0,0,860.1,0:03:19,25.9,0,--.--,216,48.4,22,0000:00:00,90,0,0,40,40,0,0,0,0,0,0,1,339.02,11:02:23,10/10/2023,84.92,55.24,--.--
low,0,431,7.18,14.91,1.01,511,15.0591,1.18,7.70116525,02:24.7,2.9,-1.2,79,0,0,0,2.8,0,0,-0.3,-36.2,0,0,-0.421,0,0,860.1,0:03:20,26.9,0,--.--,218,49,47,0000:00:00,90,0,0,40,50,0,0,0,0,0,0,1,15.06,11:02:24,10/10/2023,84.94,55.22,--.--
low,0,432,7.2,16.08,1.16,512,18.6528,1.27,7.708307472,02:25.7,0.9,1.9,77,0,0,0,2.7,0,0,-0.1,-36.8,0,0,-0.331,0,0,860.1,0:03:21,26.7,0,--.--,215,49.2,60,0000:00:00,90,0,0,40,40,0,0,0,0,0,0,1,18.65,11:02:25,10/10/2023,84.96,55.22,--.--
low,0,433,7.22,16.03,3.48,512,55.7844,1.75,7.729387306,02:26.7,-0.2,4.2,76,0,0,0,2.7,0,0,0,-36.9,0,0,-0.324,0,0,860.1,0:03:22,27.2,0,--.--,217,49.4,61,0000:00:00,90,0,0,40,30,0,0,0,0,0,0,1,55.78,11:02:26,10/10/2023,84.97,55.22,--.--
low,0,434,7.23,16.11,2.26,513,36.4086,1.56,7.834233528,02:27.7,1.2,3,77,0,0,0,2.7,0,0,-0.2,-37.2,0,0,-0.34,0,0,860.1,0:03:23,27.3,0,--.--,216,49.7,36,0000:00:00,90,0,0,40,30,0,0,0,0,0,0,1,36.42,11:02:27,10/10/2023,84.99,55.22,--.--
low,0,435,7.25,15.91,5.96,514,94.8236,1.98,7.850975972,02:28.7,1.3,5.4,76,0,0,0,2.5,0,0,0,-37.8,0,0,-0.319,0,0,886,0:03:24,0,0,--.--,--.--,23.8,62,0000:00:00,90,0,0,40,30,0,0,0,0,0,0,1,94.85,11:02:28,10/10/2023,85.01,55.22,--.--
low,0,436,7.27,16.11,2.09,516,33.6699,1.53,7.859926056,02:29.7,-1,6.3,78,0,0,0,2.5,0,0,0,-37.7,0,0,-0.258,0,0,913.6,0:03:25,28.8,0,--.--,219,50.8,50,0000:00:00,90,0,0,40,30,0,0,0,0,0,0,1,33.68,11:02:29,10/10/2023,85.03,55.2,--.--
low,0,437,7.28,16.07,1.6,517,25.712,1.41,7.865214944,02:30.7,2,2,87,0,0,0,2.4,0,0,0.1,-37.6,0,0,-0.188,0,0,913.6,0:03:26,29.3,0,--.--,220,51.1,56,0000:00:00,90,0,0,40,30,0,0,0,0,0,0,1,25.72,11:02:30,10/10/2023,85.05,55.2,--.--
low,0,438,7.3,16.01,4.74,517,75.8874,1.88,7.886998722,02:31.7,1.6,2.9,81,0,0,0,2.2,0,0,-0.2,-37.6,0,0,-0.111,0,0,913.6,0:03:27,29.6,0,--.--,223,51.2,30,0000:00:00,90,0,0,40,30,0,0,0,0,0,0,1,75.87,11:02:31,10/10/2023,85.06,55.18,--.--
low,0,439,7.32,15.52,24.32,522,377.4464,2.58,7.932013306,02:32.7,1.3,3.8,80,0,0,0,2.2,0,0,-0.2,-38.6,0,0,-0.166,0,0,913.6,0:03:28,29.6,0,--.--,223,56.6,49,0000:00:00,90,0,0,40,30,0,0,0,0,0,0,1,377.5,11:02:32,10/10/2023,85.08,55.2,--.--
low,0,440,7.33,16.03,3.76,524,60.2728,1.78,7.939002972,02:33.7,3.7,0.7,87,0,0,0,2.2,0,0,0,-39,0,0,-0.181,0,0,913.6,0:03:29,30.9,0,--.--,226,57.2,60,0000:00:00,90,0,0,40,30,0,0,0,0,0,0,1,60.28,11:02:33,10/10/2023,85.1,55.18,--.--
low,0,441,7.35,16.03,2.01,525,32.2203,1.51,7.943219917,02:34.7,2.3,1.3,92,0,0,0,2.2,0,0,0,-39,0,0,-0.163,0,0,972.7,0:03:30,31.5,0,--.--,228,59.5,56,0000:00:00,90,0,0,40,30,0,0,0,0,0,0,1,32.22,11:02:34,10/10/2023,85.12,55.2,--.--
low,0,442,7.37,16,1.19,525,19.04,1.28,7.968574806,02:35.7,3.9,1.4,95,0,0,0,2.1,0,0,0,-38.9,0,0,-0.132,0,0,972.7,0:03:31,31,0,--.--,227,59.1,38,0000:00:00,90,0,0,40,30,0,0,0,0,0,0,1,19.04,11:02:35,10/10/2023,85.14,55.18,--.--
low,0,443,7.38,16.07,4.88,526,78.4216,1.89,7.977322722,02:36.7,5,1.9,95,0,0,0,1.9,0,0,0,-38.9,0,0,-0.074,0,0,972.7,0:03:32,30.9,0,--.--,227,59.1,43,0000:00:00,90,0,0,40,30,0,0,0,0,0,0,1,78.43,11:02:36,10/10/2023,85.15,55.18,--.--
low,0,444,7.4,15.81,10.25,528,162.0525,2.21,7.982574722,02:37.7,4.7,1.7,94,0,0,0,1.8,0,0,-0.1,-39.2,0,0,-0.055,0,0,972.7,0:03:33,31.4,0,--.--,228,59.4,48,0000:00:00,90,0,0,40,30,0,0,0,0,0,0,1,162.02,11:02:37,10/10/2023,85.17,55.17,--.--
low,1,445,7.42,16.13,1.56,529,25.1628,1.4,7.987243167,02:38.7,4.4,1.8,93,0,0,0,1.9,0,0,0,-39.5,0,0,-0.079,0,0,972.7,0:03:34,32.4,0,--.--,229,60.1,54,0000:00:00,100,0,0,40,30,0,0,0,0,0,0,1,25.17,11:02:38,10/10/2023,85.19,55.18,--.--
low,1,446,7.43,16.15,0.94,529,15.181,1.18,7.990838722,02:39.7,3.9,2.2,92,0,0,0,1.8,0,0,0,-39.5,0,0,-0.098,0,0,1004.2,0:03:35,0,0,--.--,--.--,36.5,39,0000:00:00,77,0,0,40,30,0,0,0,0,0,0,1,15.18,11:02:39,10/10/2023,85.21,55.17,--.--
low,1,447,7.45,16.07,5.68,530,91.2776,1.96,7.994434278,02:40.7,5.2,0,93,0,0,0,1.8,0,0,-0.1,-39.9,0,0,-0.092,0,0,1036.9,0:03:36,32.9,0,--.--,233,65.2,58,0000:00:00,77,0,0,40,30,0,0,0,0,0,0,1,91.25,11:02:40,10/10/2023,85.23,55.17,--.--
low,1,448,7.47,16.15,1.95,530,31.4925,1.5,7.998748944,02:41.7,4.4,0,93,0,0,0,1.7,0,0,0,-39.9,0,0,-0.089,0,0,1036.9,0:03:37,33.2,0,--.--,232,65.5,54,0000:00:00,77,0,0,40,30,0,0,0,0,0,0,1,31.49,11:02:41,10/10/2023,85.24,55.17,--.--
low,1,449,7.48,16.16,1.17,531,18.9072,1.28,8.002299556,02:42.7,6.1,-3,90,0,0,0,1.6,0,0,0,-39.8,0,0,-0.058,0,0,1036.9,0:03:38,33.8,0,--.--,235,65.5,51,0000:00:00,77,0,0,40,30,0,0,0,0,0,0,1,18.91,11:02:42,10/10/2023,85.26,55.17,--.--
low,1,450,7.5,16.16,1.04,531,16.8064,1.23,8.006614222,02:43.7,6,-0.6,92,0,0,0,1.5,0,0,0,-39.6,0,0,-0.019,0,0,1036.9,0:03:39,33.5,0,--.--,234,65.4,49,0000:00:00,77,0,0,40,30,0,0,0,0,0,0,1,16.81,11:02:43,10/10/2023,85.3,55.17,--.--
low,1,451,7.52,16.18,0.8,531,12.944,1.11,8.010928889,02:44.7,6.6,-0.3,89,0,0,0,1.4,0,0,0,-39.6,0,0,0,0,0,1036.9,0:03:40,34.2,0,--.--,237,67.8,48,0000:00:00,77,0,0,40,30,0,0,0,0,0,0,1,12.94,11:02:44,10/10/2023,85.32,55.17,--.--
low,1,452,7.53,16.18,0.8,532,12.944,1.11,8.015782889,02:45.7,5.1,-1.6,89,0,0,0,1.4,0,0,0,-39.5,0,0,0.018,0,0,1103.7,0:03:41,34.2,0,--.--,237,67.8,47,0000:00:00,77,0,0,40,30,0,0,0,0,0,0,1,12.94,11:02:45,10/10/2023,85.33,55.17,--.--
low,1,453,7.55,16.18,0.96,532,15.5328,1.19,8.020277333,02:46.7,3.9,-0.5,90,0,0,0,1.3,0,0,0,-39.4,0,0,0.048,0,0,1103.7,0:03:42,34.9,0,--.--,237,68.3,46,0000:00:00,77,0,0,40,30,0,0,0,0,0,0,1,15.53,11:02:46,10/10/2023,85.35,55.18,--.--
low,1,454,7.57,16.18,0.79,532,12.7822,1.11,8.024729583,02:47.7,4.8,-1.6,90,0,0,0,1.2,0,0,0,-39.4,0,0,0.053,0,0,1103.7,0:03:43,33.5,0,--.--,229,68.5,46,0000:00:00,77,0,0,40,30,0,0,0,0,0,0,1,12.79,11:02:47,10/10/2023,85.37,55.15,--.--
low,1,455,7.58,16.18,0.96,532,15.5328,1.19,8.028777083,02:48.7,5.1,-2.3,89,0,0,0,1.2,0,0,0,-39.4,0,0,0.063,0,0,1103.7,0:03:44,33.8,0,--.--,228,69.1,45,0000:00:00,77,0,0,40,30,0,0,0,0,0,0,1,15.54,11:02:48,10/10/2023,85.39,55.17,--.--
low,1,456,7.6,16.18,0.96,533,15.5328,1.19,8.0329595,02:49.7,4.8,-3,89,0,0,0,1.1,0,0,0,-39.3,0,0,0.079,0,0,1103.7,0:03:45,34.3,0,--.--,228,69.5,44,0000:00:00,77,0,0,40,30,0,0,0,0,0,0,1,15.54,11:02:49,10/10/2023,85.41,55.17,--.--
low,1,457,7.62,16.18,1.08,533,17.4744,1.24,8.0370545,02:50.7,4.9,-2.6,89,0,0,0,1,0,0,0,-39.3,0,0,0.09,0,0,1137.8,0:03:46,0,0,--.--,--.--,37.6,44,0000:00:00,77,0,0,40,30,0,0,0,0,0,0,1,17.48,11:02:50,10/10/2023,85.42,55.17,--.--
low,1,458,7.63,16.18,1,533,16.18,1.21,8.0415095,02:51.7,5.1,-2.7,89,0,0,0,1,0,0,0,-39.4,0,0,0.08,0,0,1172.3,0:03:47,34.5,0,--.--,222,70.5,44,0000:00:00,77,0,0,40,30,0,0,0,0,0,0,1,16.18,11:02:51,10/10/2023,85.46,55.15,--.--
low,1,459,7.65,16.19,0.99,533,16.0281,1.2,8.0454695,02:52.7,5.2,-2.6,89,0,0,0,0.9,0,0,0,-39.4,0,0,0.062,0,0,1172.3,0:03:48,35.3,0,--.--,223,69.3,45,0000:00:00,77,0,0,40,30,0,0,0,0,0,0,1,16.03,11:02:52,10/10/2023,85.46,55.17,--.--
low,1,460,7.67,16.19,0.9,534,14.571,1.16,8.0495195,02:53.7,5.6,-2.6,89,0,0,0,0.8,0,0,0,-39.5,0,0,0.044,0,0,1172.3,0:03:49,35.6,0,--.--,220,69.9,45,0000:00:00,77,0,0,40,30,0,0,0,0,0,0,1,14.57,11:02:53,10/10/2023,85.48,55.17,--.--
low,1,461,7.68,16.19,0.93,534,15.0567,1.18,8.053436917,02:54.7,5.5,-2.6,89,0,0,0,0.8,0,0,0,-39.5,0,0,0.034,0,0,1172.3,0:03:50,35.6,0,--.--,220,70,45,0000:00:00,77,0,0,40,30,0,0,0,0,0,0,1,15.06,11:02:54,10/10/2023,85.51,55.17,--.--
low,1,462,7.7,16.2,0.91,534,14.742,1.17,8.057534444,02:55.7,5.1,-2.8,89,0,0,0,0.7,0,0,0,-39.5,0,0,0.037,0,0,1172.3,0:03:51,35.1,0,--.--,216,70.1,45,0000:00:00,77,0,0,40,30,0,0,0,0,0,0,1,14.74,11:02:55,10/10/2023,85.51,55.17,--.--
low,1,463,7.72,16.2,0.99,535,16.038,1.21,8.061767056,02:56.7,5.3,-2.9,89,0,0,0,0.6,0,0,0,-39.5,0,0,0.036,0,0,1242.1,0:03:52,35.4,0,--.--,211,71,45,0000:00:00,77,0,0,40,30,0,0,0,0,0,0,1,16.04,11:02:56,10/10/2023,85.53,55.17,--.--
low,1,464,7.73,16.2,0.88,535,14.256,1.15,8.066402056,02:57.7,5.5,-2.4,89,0,0,0,0.5,0,0,0,-39.5,0,0,0.023,0,0,1242.1,0:03:53,35.1,0,--.--,214,70.4,45,0000:00:00,77,0,0,40,30,0,0,0,0,0,0,1,14.25,11:02:57,10/10/2023,85.55,55.17,--.--
low,1,465,7.75,16.2,0.9,535,14.58,1.16,8.071397056,02:58.7,5.5,-2.8,89,0,0,0,0.5,0,0,0,-39.6,0,0,0.005,0,0,1242.1,0:03:54,36,0,--.--,218,70.6,46,0000:00:00,77,0,0,40,30,0,0,0,0,0,0,1,14.58,11:02:58,10/10/2023,85.57,55.17,--.--
low,1,466,7.77,16.21,0.87,535,14.1027,1.15,8.077160611,02:59.7,5.4,-2.3,89,0,0,0,0.4,0,0,0,-39.6,0,0,-0.001,0,0,1242.1,0:03:55,37,0,--.--,221,71.2,46,0000:00:00,77,0,0,40,30,0,0,0,0,0,0,1,14.1,11:02:59,10/10/2023,85.6,55.17,--.--
low,1,467,7.78,16.21,0.91,536,14.7511,1.17,8.081798472,03:00.7,5.4,-2.3,90,0,0,0,0.3,0,0,0,-39.6,0,0,-0.004,0,0,1242.1,0:03:56,36.6,0,--.--,221,70.9,46,0000:00:00,77,0,0,40,30,0,0,0,0,0,0,1,14.75,11:03:00,10/10/2023,85.6,55.17,--.--
low,1,468,7.8,16.21,0.94,536,15.2374,1.18,8.085896,03:01.7,5.7,-2.5,90,0,0,0,0.1,0,0,0,-39.6,-39.1,-11.91,-11.93,0,0.93,1277.7,0:03:57,0.5,0,--.--,--.--,30.2,46,0000:00:00,77,0,0,40,30,0,0,3.05,0,0,0,1,15.23,11:03:01,10/10/2023,85.64,55.17,--.--
low,1,469,7.82,16.2,1.03,536,16.686,1.22,8.0899485,03:02.7,5.1,-2.6,90,0,0,0,0.1,0,0,0,-39.6,-39,-11.89,-11.893,0,0.93,1277.7,0:03:58,0.5,0,--.--,--.--,30.4,45,0000:00:00,77,0,0,40,30,0,0,3.05,0,0,0,1,16.68,11:03:02,10/10/2023,85.64,55.17,--.--
low,1,470,7.83,16.2,1.11,536,17.982,1.25,8.094001,03:03.7,5.3,-3.5,89,0,0,0,0,0,0,0,-39.5,-39,-11.88,-11.853,0,0.94,1277.7,0:03:59,0.4,0,--.--,--.--,30.5,44,0000:00:00,77,0,0,40,30,0,0,3.08,0,0,0,1,17.99,11:03:03,10/10/2023,85.66,55.17,--.--
low,1,471,7.85,16.21,1.28,537,20.7488,1.32,8.098233611,03:04.7,5.2,-3.1,90,0,0,0,0,0,0,0,-39.5,-38.9,-11.87,-11.831,0,0.93,1277.7,0:04:00,0.4,0,--.--,--.--,30.6,44,0000:00:00,77,0,0,40,30,0,0,3.05,0,0,0,1,20.74,11:03:04,10/10/2023,85.68,55.17,--.--
low,1,472,7.87,16.21,1.03,537,16.6963,1.22,8.102421194,03:05.7,5.3,-3.2,89,0,0,0,0,0,0,0,-39.5,-39,-11.89,-11.853,0,0.92,1277.7,0:04:01,0.4,0,--.--,--.--,30.6,45,0000:00:00,77,0,0,40,30,0,0,3.02,0,0,0,1,16.69,11:03:05,10/10/2023,85.71,55.17,--.--
low,1,473,7.88,16.21,0.91,537,14.7511,1.17,8.106203528,03:06.7,5.8,-2.7,90,0,0,0,0,0,0,0,-39.6,-39.1,-11.91,-11.897,0,0.9,1277.7,0:04:02,0.4,0,--.--,--.--,30.7,46,0000:00:00,77,0,0,40,30,0,0,2.95,0,0,0,1,14.75,11:03:06,10/10/2023,85.71,55.17,--.--
low,1,474,7.9,16.21,0.9,537,14.589,1.16,8.110526194,03:07.7,5.5,-2.2,90,0,0,0,0,0,0,0,-39.6,-39.1,-11.92,-11.931,0,0.9,1277.7,0:04:03,0.5,0,--.--,--.--,30.7,46,0000:00:00,77,0,0,40,30,0,0,2.95,0,0,0,1,14.59,11:03:07,10/10/2023,85.75,55.17,--.--
low,1,475,7.92,16.21,0.9,538,14.589,1.16,8.115164056,03:08.7,5.6,-2.7,90,0,0,0,0,0,0,0,-39.6,-39.1,-11.92,-11.934,0,0.9,1277.7,0:04:04,0.6,0,--.--,--.--,30.7,46,0000:00:00,77,0,0,40,30,0,0,2.95,0,0,0,1,14.59,11:03:08,10/10/2023,85.75,55.17,--.--
low,1,476,7.93,16.21,0.94,538,15.2374,1.18,8.121869056,03:09.7,5.3,-2.5,90,0,0,0,0,0,0,0,-39.6,-39.1,-11.91,-11.917,0,0.91,1277.7,0:04:05,0.6,0,--.--,--.--,30.7,46,0000:00:00,77,0,0,40,30,0,0,2.99,0,0,0,1,15.24,11:03:09,10/10/2023,85.78,55.17,--.--
low,1,477,7.95,16.21,0.93,538,15.0753,1.18,8.129024056,03:10.7,5.3,-3,90,0,0,0,0,0,0,0,-39.6,-39.1,-11.91,-11.912,0,0.9,1277.7,0:04:06,0.7,0,--.--,--.--,30.7,45,0000:00:00,77,0,0,40,30,0,0,2.95,0,0,0,1,15.08,11:03:10,10/10/2023,85.78,55.17,--.--
low,1,478,7.97,16.21,0.84,538,13.6164,1.13,8.136984139,03:11.7,5.2,-2.5,90,0,0,0,0,0,0,0,-39.6,-39.1,-11.91,-11.912,0,0.91,1277.7,0:04:07,0.7,0,--.--,--.--,30.7,46,0000:00:00,77,0,0,40,30,0,0,2.99,0,0,0,1,13.62,11:03:11,10/10/2023,85.8,55.17,--.--
low,1,479,7.98,16.21,0.96,539,15.5616,1.19,8.143329139,03:12.7,5.5,-2.6,89,0,0,0,0,0,0,0,-39.6,-39.1,-11.92,-11.916,0,0.91,1277.7,0:04:08,0.8,0,--.--,--.--,30.8,46,0000:00:00,77,0,10,40,30,0,0,2.99,0,0,0,1,15.56,11:03:12,10/10/2023,85.82,55.18,--.--
low,1,480,8,16.21,1.03,539,16.6963,1.22,8.148417278,03:13.7,5.6,-2.7,89,0,0,0,0,0,0,0,-39.7,-39.1,-11.92,-11.935,0,0.88,1277.7,0:04:09,0.8,0,--.--,--.--,30.8,46,0000:00:00,77,0,40,40,30,0,0,2.89,0,0,0,1,16.7,11:03:13,10/10/2023,85.86,55.17,--.--
low,1,481,8.02,16.2,1.49,539,24.138,1.38,8.152967889,03:14.7,5.5,-2.7,89,0,0,0,0,0,0,0,-39.6,-39.1,-11.91,-11.929,0,0.88,1277.7,0:04:10,0.8,0,--.--,--.--,30.8,46,0000:00:00,77,0,50,40,30,0,0,2.89,0,0,0,1,24.13,11:03:14,10/10/2023,85.87,55.17,--.--
low,1,482,8.03,16.2,1.59,540,25.758,1.41,8.156887722,03:15.7,5.1,-3.1,89,0,0,0,0,0,0,0,-39.6,-39,-11.89,-11.89,0,0.89,1277.7,0:04:11,0.8,0,--.--,--.--,30.8,45,0000:00:00,77,0,50,40,30,0,0,2.92,0,0,0,1,25.75,11:03:15,10/10/2023,85.91,55.18,--.--
low,1,483,8.05,16.19,1.77,540,28.6563,1.46,8.161168,03:16.7,5.2,-3.3,89,0,0,0,0,0,0,0,-39.5,-39,-11.88,-11.857,0,0.91,1277.7,0:04:12,0.7,0,--.--,--.--,30.7,44,0000:00:00,77,0,50,40,30,0,0,2.99,0,0,0,1,28.66,11:03:16,10/10/2023,85.91,55.18,--.--
low,1,484,8.07,16.2,1.41,541,22.842,1.36,8.165943889,03:17.7,5.5,-2.8,89,0,0,0,0,0,0,0,-39.6,-39,-11.9,-11.888,0,0.9,1277.7,0:04:13,0.6,0,--.--,--.--,30.6,45,0000:00:00,77,0,30,40,30,0,0,2.95,0,0,0,1,22.85,11:03:17,10/10/2023,85.95,55.17,--.--
low,1,485,8.08,16.21,1.13,541,18.3173,1.26,8.173053889,03:18.7,5.2,-2.4,89,0,0,0,0,0,0,0,-39.7,-39.1,-11.93,-11.938,0,0.9,1277.7,0:04:14,0.5,0,--.--,--.--,30.6,47,0000:00:00,77,0,20,50,30,0,0,2.95,0,0,0,1,18.32,11:03:18,10/10/2023,85.96,55.17,--.--
low,1,486,8.1,16.22,1.01,541,16.3822,1.21,8.182222556,03:19.7,5.6,-1.2,90,0,0,0,0,0,0,0,-39.7,-39.2,-11.95,-11.99,0,0.9,1277.7,0:04:15,0.4,0,--.--,--.--,30.6,48,0000:00:00,77,0,20,30,30,0,0,2.95,0,0,0,1,16.38,11:03:19,10/10/2023,85.98,55.17,--.--
low,1,487,8.12,16.22,0.87,542,14.1114,1.15,8.190632361,03:20.7,6.9,-3,89,0,0,0,0,0,0,0,-39.7,-39.2,-11.95,-11.992,0,0.9,1277.7,0:04:16,0.3,0,--.--,--.--,30.6,48,0000:00:00,77,0,20,0,30,0,0,2.95,0,0,0,1,14.11,11:03:20,10/10/2023,86.02,55.17,--.--
low,1,488,8.13,16.22,0.95,542,15.409,1.19,8.201457278,03:21.7,4.9,-2.5,89,0,0,0,0,0,0,0,-39.7,-39.1,-11.92,-11.95,0,0.91,1277.7,0:04:17,0.2,0,--.--,--.--,30.5,46,0000:00:00,77,0,20,0,30,0,0,2.99,0,0,0,1,15.41,11:03:21,10/10/2023,86.04,55.17,--.--
low,1,489,8.15,16.22,1.06,542,17.1932,1.24,8.2313575,03:22.7,4.7,-3.2,89,0,0,0,0,0,0,0,-39.6,-39,-11.9,-11.896,0,0.92,1277.7,0:04:18,0.2,0,--.--,--.--,30.4,45,0000:00:00,77,0,30,0,30,0,0,3.02,0,0,0,1,17.19,11:03:22,10/10/2023,86.05,55.17,--.--
low,1,490,8.17,16.2,1.58,543,25.596,1.41,8.241983,03:23.7,5,-2.9,89,0,0,0,0,0,0,0,-39.6,-39,-11.9,-11.895,0,0.93,1277.7,0:04:19,0.2,0,--.--,--.--,30.4,46,0000:00:00,77,0,60,0,30,0,0,3.05,0,0,0,1,25.6,11:03:23,10/10/2023,86.07,55.17,--.--
low,1,491,8.18,16.18,2.04,543,33.0072,1.52,8.261872028,03:24.7,5.3,-2.6,90,0,0,0,0,0,0,0,-39.6,-39.1,-11.92,-11.916,0,0.91,1277.7,0:04:20,0.3,0,--.--,--.--,30.3,46,0000:00:00,77,0,60,0,30,0,0,2.99,0,0,0,1,33.02,11:03:24,10/10/2023,86.09,55.17,--.--
low,1,492,8.2,16.19,1.87,544,30.2753,1.48,8.291004278,03:25.7,5.4,-2.4,90,0,0,0,0,0,0,0,-39.7,-39.1,-11.92,-11.935,0,0.92,1277.7,0:04:21,0.4,0,--.--,--.--,24.4,47,0000:00:00,77,0,70,0,30,0,0,3.02,0,0,0,1,30.27,11:03:25,10/10/2023,86.11,55.17,--.--
low,1,493,8.22,16.17,2.41,544,38.9697,1.59,8.305530278,03:26.7,5.2,-3.1,90,0,0,0,0,0,0,0,-39.6,-39.1,-11.92,-11.931,0,0.93,1277.7,0:04:22,0.5,0,--.--,--.--,24.4,32,0000:00:00,77,0,70,0,30,0,0,3.05,0,0,0,1,38.97,11:03:26,10/10/2023,86.13,55.17,--.--
low,1,494,8.23,15.76,6.83,546,107.6408,2.03,8.316617833,03:27.7,4.3,-3.3,92,0,0,0,0,0,0,-0.2,-40.3,-39.7,-12.13,-12.116,0,0.79,1277.7,0:04:23,0.7,0,--.--,--.--,24.2,45,0000:00:00,77,0,70,0,30,0,0,2.59,0,0,0,1,107.64,11:03:27,10/10/2023,86.14,55.17,--.--
low,1,495,8.25,16.14,2.37,548,38.2518,1.58,8.327480944,03:28.7,5.2,-2.6,92,0,0,0,0,0,0,-0.1,-40.8,-40.3,-12.28,-12.392,0,0.59,1277.7,0:04:24,0.7,0,--.--,--.--,24.2,57,0000:00:00,77,0,70,0,30,0,0,1.94,0,0,0,1,38.24,11:03:28,10/10/2023,86.14,55.17,--.--
low,1,496,8.27,16.09,4.45,549,71.6005,1.85,8.338703167,03:29.7,5.5,-3,92,0,0,0,0.2,0,0,0,-41,-40.5,-12.33,-12.539,0,0.55,1277.7,0:04:25,0.6,0,--.--,--.--,24.2,59,0000:00:00,77,0,70,0,30,0,0,1.8,0,0,0,1,71.59,11:03:29,10/10/2023,86.18,55.17,--.--
low,1,497,8.28,16.11,6.51,551,104.8761,2.02,8.345723167,03:30.7,5.4,-2.4,89,0,0,0,0.1,0,0,0.1,-40.9,-40.4,-12.3,-12.531,0,0.56,1277.7,0:04:26,0.7,0,--.--,--.--,24.1,57,0000:00:00,77,0,70,0,30,0,0,1.84,0,0,0,1,104.88,11:03:30,10/10/2023,86.2,55.17,--.--
low,1,498,8.3,16.14,3.24,552,52.2936,1.72,8.350088167,03:31.7,5.1,-2.9,89,0,0,0,0,0,0,0.1,-40.7,-40.2,-12.25,-12.418,0,0.61,1277.7,0:04:27,0.7,0,--.--,--.--,24.1,54,0000:00:00,77,0,70,20,30,0,0,2,0,0,0,1,52.31,11:03:31,10/10/2023,86.22,55.17,--.--
low,1,499,8.32,16.16,2.47,552,39.9152,1.6,8.354455861,03:32.7,5.2,-0.8,90,0,0,0,0,0,0,0.1,-40.5,-40,-12.17,-12.29,0,0.67,1277.7,0:04:28,0.7,0,--.--,--.--,24.1,50,0000:00:00,77,0,70,0,30,0,0,2.2,0,0,0,1,39.92,11:03:32,10/10/2023,86.23,55.17,--.--
low,1,500,8.33,16.16,2.42,553,39.1072,1.59,8.358823556,03:33.7,5.6,-1.6,90,0,0,0,0,0,0,0.1,-40.3,-39.8,-12.11,-12.15,0,0.73,1277.7,0:04:29,0.7,0,--.--,--.--,24.1,48,0000:00:00,77,0,70,20,30,0,0,2.4,0,0,0,1,39.1,11:03:33,10/10/2023,86.23,55.17,--.--
low,1,501,8.35,16.16,2.5,554,40.4,1.61,8.36319125,03:34.7,4.9,-3.5,89,0,0,0,0,0,0,0,-40.1,-39.6,-12.06,-12.034,0,0.77,1277.7,0:04:30,0.8,0,--.--,--.--,24,45,0000:00:00,77,0,70,40,30,0,0,2.53,0,0,0,1,40.4,11:03:34,10/10/2023,86.27,55.17,--.--
low,1,502,8.37,16.2,1.56,554,25.272,1.4,8.367336361,03:35.7,5.3,-3.3,90,0,0,0,0,0,0,0,-40.1,-39.5,-12.05,-11.979,0,0.8,1277.7,0:04:31,0.8,0,--.--,--.--,24,45,0000:00:00,77,0,30,40,30,0,0,2.62,0,0,0,1,25.27,11:03:35,10/10/2023,86.27,55.17,--.--
low,1,503,8.38,16.2,0.97,555,15.714,1.2,8.372064278,03:36.7,5.4,-3.2,90,0,0,0,0,0,0,0,-40.1,-39.6,-12.06,-11.998,0,0.81,1277.7,0:04:32,0.8,0,--.--,--.--,24,46,0000:00:00,77,0,0,40,30,0,0,2.66,0,0,0,1,15.72,11:03:36,10/10/2023,86.29,55.15,--.--
low,1,504,8.4,16.21,0.97,555,15.7237,1.2,8.389029278,03:37.7,5.4,-2.7,90,0,0,0,0,0,0,0,-40.1,-39.6,-12.06,-12.016,0,0.81,1277.7,0:04:33,0.8,0,--.--,--.--,24,46,0000:00:00,77,0,0,80,30,0,0,2.66,0,0,0,1,15.72,11:03:37,10/10/2023,86.32,55.15,--.--
low,1,505,8.42,16.21,0.97,555,15.7237,1.2,8.395742556,03:38.7,5.3,-3.1,90,0,0,0,0,0,0,0,-40.1,-39.6,-12.06,-12.012,0,0.81,1277.7,0:04:34,0.9,0,--.--,--.--,23.9,46,0000:00:00,77,0,0,100,30,0,0,2.66,0,0,0,1,15.73,11:03:38,10/10/2023,86.34,55.17,--.--
low,1,506,8.43,16.21,0.97,556,15.7237,1.2,8.399750028,03:39.7,5.7,-3,90,0,0,0,0,0,0,0,-40.1,-39.5,-12.05,-12.002,0,0.81,1277.7,0:04:35,1,0,--.--,--.--,22.8,45,0000:00:00,77,0,0,100,30,0,0,2.66,0,0,0,1,15.73,11:03:39,10/10/2023,86.34,55.15,--.--
low,1,507,8.45,16.22,0.92,556,14.9224,1.17,8.415547528,03:40.7,5,-7.5,89,0,0,0,0,0,0,-0.2,-40.2,-39.6,-12.1,-12.021,0,0.81,1277.7,0:04:36,1,0,--.--,--.--,22.8,31,0000:00:00,77,0,0,100,30,0,0,2.66,0,0,0,1,14.92,11:03:40,10/10/2023,86.38,55.17,--.--
low,1,508,8.47,16.21,1.05,558,17.0205,1.23,8.419732528,03:41.7,6.4,-3.8,90,0,0,0,0,0,0,-0.1,-40.7,-40.2,-12.27,-12.257,0,0.64,1277.7,0:04:37,1,0,--.--,--.--,22.8,58,0000:00:00,77,0,0,100,30,0,0,2.1,0,0,0,1,17.02,11:03:41,10/10/2023,86.38,55.17,--.--
low,1,509,8.48,16.2,3.77,559,61.074,1.79,8.423424806,03:42.7,5.6,-4.2,90,0,0,0,0,0,0,0,-41.1,-40.6,-12.38,-12.497,0,0.53,1277.7,0:04:38,1,0,--.--,--.--,22.8,57,0000:00:00,94,0,0,100,30,0,0,1.74,0,0,0,1,61.06,11:03:42,10/10/2023,86.4,55.17,--.--
low,1,510,8.5,16.22,1.49,559,24.1678,1.38,8.427207139,03:43.7,5.8,-4.9,90,0,0,0,0,0,0,-0.1,-41.3,-40.8,-12.44,-12.588,0,0.5,1277.7,0:04:39,1,0,--.--,--.--,22.9,37,0000:00:00,100,0,0,100,30,0,0,1.64,0,0,0,1,24.16,11:03:43,10/10/2023,86.43,55.15,--.--
low,1,511,8.52,16.21,0.89,560,14.4269,1.16,8.432340306,03:44.7,6.9,-4.8,90,0,0,0,0,0,0,-0.1,-41.8,-41.3,-12.6,-12.714,0,0.33,1277.7,0:04:40,1,0,--.--,--.--,22.9,61,0000:00:00,100,0,0,100,30,0,0,1.08,0,0,0,1,14.43,11:03:44,10/10/2023,86.45,55.15,--.--
low,1,512,8.53,16.02,3.55,560,56.871,1.75,8.436978167,03:45.7,4.7,-2.6,90,0,0,0,0,0,0,0.1,-41.7,-41.2,-12.54,-12.738,0,0.32,1277.7,0:04:41,1,0,--.--,--.--,22.9,52,0000:00:00,100,0,0,100,30,0,0,1.05,0,0,0,1,56.85,11:03:45,10/10/2023,86.47,55.15,--.--
low,1,513,8.55,16.2,0.93,562,15.066,1.18,8.441525972,03:46.7,5.9,-1.1,90,0,0,0,0,0,0,0.1,-41.4,-40.8,-12.44,-12.546,0,0.42,1277.7,0:04:42,1.1,0,--.--,--.--,22.8,50,0000:00:00,100,0,0,100,30,0,0,1.38,0,0,0,1,15.06,11:03:46,10/10/2023,86.49,55.17,--.--
low,1,514,8.57,16.21,0.82,562,13.2922,1.12,8.4491075,03:47.7,5.2,-0.9,91,0,0,0,0,0,0,0.1,-41.2,-40.6,-12.39,-12.411,0,0.49,1277.7,0:04:43,1.2,0,--.--,--.--,22.7,48,0000:00:00,100,0,0,80,30,0,0,1.61,0,0,0,1,13.29,11:03:47,10/10/2023,86.5,55.15,--.--
low,1,515,8.58,16.21,0.84,563,13.6164,1.13,8.453925472,03:48.7,4.9,-1.6,92,0,0,0,0,0,0,0,-41.1,-40.6,-12.37,-12.352,0,0.53,1277.7,0:04:44,1.2,0,--.--,--.--,22.7,47,0000:00:00,100,0,0,40,30,0,0,1.74,0,0,0,1,13.61,11:03:48,10/10/2023,86.52,55.15,--.--
low,1,516,8.6,16.21,1.14,563,18.4794,1.27,8.458385972,03:49.7,5,-1.8,91,0,0,0,0,0,0,0,-41.1,-40.5,-12.35,-12.313,0,0.57,1277.7,0:04:45,1.3,0,--.--,--.--,22.7,47,0000:00:00,100,0,0,20,30,0,0,1.87,0,0,0,1,18.49,11:03:49,10/10/2023,86.54,55.15,--.--
low,1,517,8.62,16.21,1.03,563,16.6963,1.22,8.464775972,03:50.7,5.2,-2.3,91,0,0,0,0,0,0,0,-41,-40.5,-12.33,-12.287,0,0.56,1277.7,0:04:46,1.4,0,--.--,--.--,22.7,46,0000:00:00,100,0,0,10,30,0,0,1.84,0,0,0,1,16.7,11:03:50,10/10/2023,86.56,55.15,--.--
low,1,518,8.63,16.21,1.01,563,16.3721,1.21,8.476544139,03:51.7,5.2,-2.7,91,0,0,0,0,0,0,0,-41,-40.5,-12.33,-12.271,0,0.57,1277.7,0:04:47,1.5,0,--.--,--.--,22.7,46,0000:00:00,100,0,0,0,30,0,0,1.87,0,0,0,1,16.37,11:03:51,10/10/2023,86.58,55.15,--.--
low,1,519,8.65,16.15,1.69,564,27.2935,1.44,8.489218472,03:52.7,6.3,-3.3,92,0,0,0,0,0,0,0,-41,-40.5,-12.33,-12.26,0,0.57,1277.7,0:04:48,1.6,0,--.--,--.--,22.6,46,0000:00:00,100,0,0,0,30,0,0,1.87,0,0,0,1,27.3,11:03:52,10/10/2023,86.58,55.15,--.--
low,1,520,8.67,16.21,1.07,565,17.3447,1.24,8.497718222,03:53.7,4.7,-2.7,91,0,0,0,0,0,0,0,-41,-40.5,-12.34,-12.28,0,0.57,1277.7,0:04:49,1.7,0,--.--,--.--,16.5,46,0000:00:00,100,0,0,0,30,0,0,1.87,0,0,0,1,17.35,11:03:53,10/10/2023,86.61,55.15,--.--
low,1,521,8.68,16.22,0.99,565,16.0578,1.21,8.512621333,03:54.7,5.3,-2.2,90,0,0,0,0,0,0,0,-41.1,-40.6,-12.36,-12.333,0,0.56,1277.7,0:04:50,1.7,0,--.--,--.--,16.5,48,0000:00:00,100,0,30,0,30,0,0,1.84,0,0,0,1,16.05,11:03:54,10/10/2023,86.61,55.15,--.--
low,1,522,8.7,16.2,1.42,565,23.004,1.36,8.520621444,03:55.7,5.2,-2.1,91,0,0,0,0,0,0,0,-41.2,-40.6,-12.38,-12.374,0,0.54,1277.7,0:04:51,1.7,0,--.--,--.--,16.6,48,0000:00:00,100,0,60,0,30,0,0,1.77,0,0,0,1,23.01,11:03:55,10/10/2023,86.63,55.15,--.--
low,1,523,8.72,16.17,2.62,566,42.3654,1.63,8.532105889,03:56.7,6.5,-4.4,90,0,0,0,0,0,0,0.1,-41.1,-40.6,-12.36,-12.384,0,0.53,1277.7,0:04:52,1.8,0,--.--,--.--,16.5,46,0000:00:00,100,0,60,0,30,0,0,1.74,0,0,0,1,42.37,11:03:56,10/10/2023,86.65,55.15,--.--
low,1,524,8.73,16.18,2.82,567,45.6276,1.66,8.541004889,03:57.7,4.8,-1.9,90,0,0,0,0,0,0,0,-41,-40.5,-12.33,-12.33,0,0.56,1277.7,0:04:53,1.9,0,--.--,--.--,16.5,47,0000:00:00,92,0,60,0,30,0,0,1.84,0,0,0,1,45.63,11:03:57,10/10/2023,86.67,55.15,--.--
low,1,525,8.75,16.19,1.89,567,30.5991,1.49,8.549454444,03:58.7,5.4,-2.6,90,0,0,0,0,0,0,0,-41,-40.5,-12.33,-12.311,0,0.59,1277.7,0:04:54,1.9,0,--.--,--.--,16.5,62,0000:00:00,78,0,60,0,30,0,0,1.94,0,0,0,1,30.59,11:03:58,10/10/2023,86.67,55.15,--.--
low,1,526,8.77,16.16,3.32,568,53.6512,1.73,8.562247778,03:59.7,5,-2.5,93,0,0,0,0,0,0,0,-40.9,-40.4,-12.31,-12.318,0,0.6,1277.7,0:04:55,1.9,0,--.--,--.--,16.5,48,0000:00:00,78,0,60,0,30,0,0,1.97,0,0,0,1,53.65,11:03:59,10/10/2023,86.7,55.15,--.--
low,1,527,8.78,16.18,1.78,569,28.8004,1.46,8.5705625,04:00.7,5,-1.7,91,0,0,0,0,0,0,0,-40.9,-40.3,-12.29,-12.288,0,0.61,1277.7,0:04:56,1.9,0,--.--,--.--,16.4,53,0000:00:00,78,0,60,0,30,0,0,2,0,0,0,1,28.8,11:04:00,10/10/2023,86.7,55.15,--.--
low,1,528,8.8,16.15,2.56,569,41.344,1.62,8.5797295,04:01.7,4.4,-3.7,92,0,0,0,0,0,0,0,-40.8,-40.3,-12.26,-12.242,0,0.64,1277.7,0:04:57,1.9,0,--.--,--.--,16.5,46,0000:00:00,87,0,60,0,30,0,0,2.1,0,0,0,1,41.34,11:04:01,10/10/2023,86.72,55.15,--.--
low,1,529,8.82,16.18,1.98,570,32.0364,1.51,8.591669944,04:02.7,5.3,-3.8,90,0,0,0,0,0,0,0,-40.7,-40.2,-12.25,-12.203,0,0.67,1277.7,0:04:58,1.8,0,--.--,--.--,16.5,46,0000:00:00,79,0,60,0,30,0,0,2.2,0,0,0,1,32.04,11:04:02,10/10/2023,86.74,55.13,--.--
low,1,530,8.83,16.18,1.88,570,30.4184,1.48,8.601288056,04:03.7,6.3,-3.9,90,0,0,0,0,0,0,0.1,-40.7,-40.2,-12.23,-12.204,0,0.64,1277.7,0:04:59,1.8,0,--.--,--.--,16.5,55,0000:00:00,72,0,60,0,30,0,0,2.1,0,0,0,1,30.42,11:04:03,10/10/2023,86.76,55.15,--.--
low,1,531,8.85,16.16,2.85,571,46.056,1.66,8.609692667,04:04.7,6.9,-4.2,90,0,0,0,0,0,0,0.1,-40.6,-40.1,-12.2,-12.178,0,0.69,1277.7,0:05:00,1.8,0,--.--,--.--,16.5,64,0000:00:00,72,0,60,0,30,0,0,2.26,0,0,0,1,46.07,11:04:04,10/10/2023,86.77,55.15,--.--
low,1,532,8.87,16.18,1.85,572,29.933,1.48,8.617697722,04:05.7,5.1,-2.5,90,0,0,0,0,0,0,0.1,-40.2,-39.7,-12.07,-12.083,0,0.8,1277.7,0:05:01,1.7,0,--.--,--.--,16.5,55,0000:00:00,72,0,60,0,30,0,0,2.62,0,0,0,1,29.94,11:04:05,10/10/2023,86.79,55.15,--.--
low,1,533,8.88,16.02,2.06,574,33.0012,1.52,8.626282111,04:06.7,4.4,-5.3,90,0,0,0,0,0,0,0,-40,-39.4,-12.02,-11.98,0,0.89,1277.7,0:05:02,1.7,0,--.--,--.--,16.5,43,0000:00:00,72,0,60,0,30,0,0,2.92,0,0,0,1,33,11:04:06,10/10/2023,86.81,55.13,--.--
low,1,534,8.9,16.16,2.66,574,42.9856,1.63,8.634911444,04:07.7,4.8,-4.5,92,0,0,0,0.1,0,0,0,-39.9,-39.4,-12,-11.941,0,0.88,1277.7,0:05:03,1.7,0,--.--,--.--,16.5,44,0000:00:00,72,0,60,0,30,0,0,2.89,0,0,0,1,42.99,11:04:07,10/10/2023,86.83,55.15,--.--
low,1,535,8.92,16.18,2.14,575,34.6252,1.54,8.643456167,04:08.7,5,-4.4,92,0,0,0,0,0,0,0,-39.9,-39.4,-12,-11.927,0,0.89,1277.7,0:05:04,1.6,0,--.--,--.--,16.4,44,0000:00:00,72,0,60,0,30,0,0,2.92,0,0,0,1,34.62,11:04:08,10/10/2023,86.85,55.13,--.--
low,1,536,8.93,16.18,1.87,575,30.2566,1.48,8.652400111,04:09.7,5,-3,92,0,0,0,0,0,0,0,-40,-39.4,-12.03,-11.965,0,0.87,1277.7,0:05:05,1.5,0,--.--,--.--,16.4,46,0000:00:00,72,0,60,0,30,0,0,2.85,0,0,0,1,30.26,11:04:09,10/10/2023,86.85,55.13,--.--
low,1,537,8.95,16.19,1.78,576,28.8182,1.46,8.661389,04:10.7,5.4,-2.7,92,0,0,0,0,0,0,0,-40.1,-39.5,-12.05,-12.011,0,0.85,1277.7,0:05:06,1.5,0,--.--,--.--,16.5,46,0000:00:00,72,0,60,0,30,0,0,2.79,0,0,0,1,28.81,11:04:10,10/10/2023,86.86,55.13,--.--
low,1,538,8.97,16.18,1.91,577,30.9038,1.49,8.670158583,04:11.7,5.2,-2.5,93,0,0,0,0,0,0,0,-40.1,-39.6,-12.06,-12.041,0,0.85,1277.7,0:05:07,1.4,0,--.--,--.--,16.5,47,0000:00:00,72,0,60,0,30,0,0,2.79,0,0,0,1,30.91,11:04:11,10/10/2023,86.88,55.15,--.--
low,1,539,8.98,16.18,1.92,577,31.0656,1.49,8.680001417,04:12.7,5.3,-2.2,92,0,0,0,0,0,0,0,-40.1,-39.6,-12.07,-12.05,0,0.84,1277.7,0:05:08,1.3,0,--.--,--.--,16.5,47,0000:00:00,72,0,60,0,30,0,0,2.76,0,0,0,1,31.08,11:04:12,10/10/2023,86.92,55.13,--.--
low,1,540,9,16.19,1.9,578,30.761,1.49,8.689259972,04:13.7,5.3,-2.2,92,0,0,0,0,0,0,0,-40.2,-39.6,-12.08,-12.069,0,0.82,1277.7,0:05:09,1.3,0,--.--,--.--,16.6,47,0000:00:00,72,0,60,0,30,0,0,2.69,0,0,0,1,30.75,11:04:13,10/10/2023,86.94,55.15,--.--
low,1,541,9.02,16.18,1.99,578,32.1982,1.51,8.698473583,04:14.7,5.4,-2.4,93,0,0,0,0,0,0,0,-40.2,-39.6,-12.08,-12.088,0,0.8,1277.7,0:05:10,1.3,0,--.--,--.--,16.5,48,0000:00:00,72,0,60,0,30,0,0,2.62,0,0,0,1,32.2,11:04:14,10/10/2023,86.94,55.13,--.--
low,1,542,9.03,16.18,2,579,32.36,1.51,8.707866972,04:15.7,5,-1.8,93,0,0,0,0.1,0,0,0,-40.2,-39.7,-12.09,-12.105,0,0.8,1277.7,0:05:11,1.3,0,--.--,--.--,16.5,48,0000:00:00,72,0,60,0,30,0,0,2.62,0,0,0,1,32.35,11:04:15,10/10/2023,86.97,55.13,--.--
low,1,543,9.05,16.19,1.95,579,31.5705,1.5,8.716496306,04:16.7,5.1,-2.1,91,0,0,0,0,0,0,0,-40.3,-39.7,-12.11,-12.129,0,0.79,1277.7,0:05:12,1.4,0,--.--,--.--,16.4,49,0000:00:00,72,0,60,0,30,0,0,2.59,0,0,0,1,31.56,11:04:16,10/10/2023,86.99,55.15,--.--
low,1,544,9.07,16.18,2.19,580,35.4342,1.55,8.725305417,04:17.8,5,-1.9,92,0,0,0,0.1,0,0,0,-40.3,-39.7,-12.11,-12.147,0,0.78,1277.7,0:05:13,1.4,0,--.--,--.--,16.5,49,0000:00:00,72,0,60,0,30,0,0,2.56,0,0,0,1,35.44,11:04:17,10/10/2023,87.01,55.13,--.--
low,1,545,9.08,16.18,2.06,580,33.3308,1.52,8.733889806,04:18.8,5.2,-1.9,93,0,0,0,0,0,0,0,-40.3,-39.7,-12.11,-12.145,0,0.79,1277.7,0:05:14,1.4,0,--.--,--.--,16.5,49,0000:00:00,72,0,60,0,30,0,0,2.59,0,0,0,1,33.33,11:04:18,10/10/2023,87.04,55.15,--.--
low,1,546,9.1,16.18,2.05,581,33.169,1.52,8.742609028,04:19.8,5.2,-2.3,93,0,0,0,0.1,0,0,0,-40.2,-39.7,-12.1,-12.128,0,0.77,1277.7,0:05:15,1.5,0,--.--,--.--,16.5,49,0000:00:00,72,0,60,0,30,0,0,2.53,0,0,0,1,33.17,11:04:19,10/10/2023,87.04,55.13,--.--
low,1,547,9.12,16.18,2.09,581,33.8162,1.53,8.751418139,04:20.8,5.1,-2.5,93,0,0,0,0.1,0,0,0,-40.2,-39.7,-12.09,-12.11,0,0.79,1277.7,0:05:16,1.5,0,--.--,--.--,16.5,49,0000:00:00,72,0,60,0,30,0,0,2.59,0,0,0,1,33.81,11:04:20,10/10/2023,87.06,55.15,--.--
low,1,548,9.13,16.18,1.92,582,31.0656,1.49,8.766175222,04:21.8,5,-2.5,92,0,0,0,0.1,0,0,0,-40.2,-39.7,-12.09,-12.11,0,0.78,1277.7,0:05:17,1.7,0,--.--,--.--,16.5,49,0000:00:00,72,0,60,0,30,0,0,2.56,0,0,0,1,31.07,11:04:21,10/10/2023,87.1,55.13,--.--
low,1,549,9.15,16.18,1.96,583,31.7128,1.5,8.776769,04:22.8,5.2,-2.8,92,0,0,0,0.1,0,0,0,-40.2,-39.7,-12.1,-12.121,0,0.79,1277.7,0:05:18,1.8,0,--.--,--.--,16.5,49,0000:00:00,72,0,60,0,30,0,0,2.59,0,0,0,1,31.72,11:04:22,10/10/2023,87.12,55.15,--.--
low,1,550,9.17,16.18,1.91,583,30.9038,1.49,8.787196111,04:23.8,5.1,-2.6,93,0,0,0,0,0,0,0,-40.2,-39.7,-12.1,-12.121,0,0.77,1277.7,0:05:19,1.9,0,--.--,--.--,15.8,49,0000:00:00,72,0,60,0,30,0,0,2.53,0,0,0,1,30.91,11:04:23,10/10/2023,87.13,55.13,--.--
low,1,551,9.18,16.18,1.94,584,31.3892,1.5,8.796185,04:24.8,5.1,-2.6,93,0,0,0,0,0,0,0,-40.2,-39.7,-12.1,-12.121,0,0.78,1277.7,0:05:20,2,0,--.--,--.--,15.8,49,0000:00:00,72,0,60,0,30,0,0,2.56,0,0,0,1,31.39,11:04:24,10/10/2023,87.15,55.15,--.--
low,1,552,9.2,16.18,1.96,584,31.7128,1.5,8.806201417,04:25.8,6.3,-7.5,91,0,0,0,0.1,0,0,0.1,-40.2,-39.6,-12.06,-12.112,0,0.76,1277.7,0:05:21,2.1,0,--.--,--.--,15.8,49,0000:00:00,72,0,60,0,30,0,0,2.49,0,0,0,1,31.72,11:04:25,10/10/2023,87.19,55.15,--.--
low,1,553,9.22,16.05,3.31,586,53.1255,1.73,8.816172917,04:26.8,3.8,-4.7,91,0,0,0,0.1,0,0,0.1,-39.9,-39.3,-11.97,-12.011,0,0.85,1277.7,0:05:22,2.2,0,--.--,--.--,9.8,49,0000:00:00,72,0,60,0,30,0,0,2.79,0,0,0,1,53.13,11:04:26,10/10/2023,87.21,55.15,--.--
low,1,554,9.23,16.16,2.36,586,38.1376,1.58,8.825791028,04:27.8,5.3,-5.5,91,0,0,0,0.1,0,0,0,-39.6,-39.1,-11.91,-11.884,0,0.94,1277.7,0:05:23,2.3,0,--.--,--.--,15.9,45,0000:00:00,72,0,60,0,30,0,0,3.08,0,0,0,1,38.15,11:04:27,10/10/2023,87.21,55.15,--.--
low,1,555,9.25,16.18,2.32,587,37.5376,1.57,8.834600139,04:28.8,5.1,-4.7,92,0,0,0,0,0,0,0,-39.6,-39,-11.89,-11.824,0,0.96,1277.7,0:05:24,2.4,0,--.--,--.--,9.8,44,0000:00:00,72,0,60,0,30,0,0,3.15,0,0,0,1,37.53,11:04:28,10/10/2023,87.22,55.13,--.--
low,1,556,9.27,16.18,2,588,32.36,1.51,8.843448722,04:29.8,5.3,-4.6,92,0,0,0,0,0,0,0,-39.5,-39,-11.89,-11.818,0,0.96,1277.7,0:05:25,2.5,0,--.--,--.--,9.9,44,0000:00:00,72,0,60,0,30,0,0,3.15,0,0,0,1,32.36,11:04:29,10/10/2023,87.24,55.13,--.--
low,1,557,9.28,16.17,2.23,588,36.0591,1.56,8.854356722,04:30.8,5.2,-2.8,93,0,0,0,0.1,0,0,0,-39.6,-39.1,-11.91,-11.846,0,0.93,1277.7,0:05:26,2.6,0,--.--,--.--,9.9,46,0000:00:00,72,0,60,0,30,0,0,3.05,0,0,0,1,36.06,11:04:30,10/10/2023,87.26,55.13,--.--
low,1,558,9.3,16.17,2.22,589,35.8974,1.56,8.864822306,04:31.8,5.4,-2.1,93,0,0,0,0,0,0,0,-39.7,-39.2,-11.95,-11.919,0,0.9,1277.7,0:05:27,2.7,0,--.--,--.--,9.9,48,0000:00:00,72,0,60,0,30,0,0,2.95,0,0,0,1,35.9,11:04:31,10/10/2023,87.28,55.13,--.--
low,1,559,9.32,16.18,2.14,589,34.6252,1.54,8.873541528,04:32.8,5.4,-1.4,93,0,0,0,0.1,0,0,0,-39.8,-39.3,-11.98,-11.984,0,0.87,1277.7,0:05:28,2.9,0,--.--,--.--,9.9,49,0000:00:00,72,0,60,0,30,0,0,2.85,0,0,0,1,34.62,11:04:32,10/10/2023,87.3,55.13,--.--
low,1,560,9.33,16.18,1.96,590,31.7128,1.5,8.882710194,04:33.8,5.4,-2.2,93,0,0,0,0.1,0,0,0,-39.9,-39.4,-12,-12.025,0,0.87,1277.7,0:05:29,3.1,0,--.--,--.--,10,60,0000:00:00,72,0,60,0,30,0,0,2.85,0,0,0,1,31.71,11:04:33,10/10/2023,87.31,55.13,--.--
low,1,561,9.35,16.17,1.97,591,31.8549,1.5,8.891788972,04:34.8,5.5,-1.7,93,0,0,0,0.1,0,0,0,-39.8,-39.3,-11.97,-12.017,0,0.88,1277.7,0:05:30,3.3,0,--.--,--.--,10.1,49,0000:00:00,72,0,60,0,30,0,0,2.89,0,0,0,1,31.85,11:04:34,10/10/2023,87.35,55.13,--.--
low,1,562,9.37,16.16,2.43,591,39.2688,1.59,8.900822806,04:35.8,5,-1.8,93,0,0,0,0.1,0,0,0,-39.7,-39.2,-11.95,-11.96,0,0.9,1277.7,0:05:31,3.5,0,--.--,297,10.1,48,0000:00:00,72,0,60,0,30,0,0,2.95,0,0,0,1,39.28,11:04:35,10/10/2023,87.37,55.15,--.--
low,1,563,9.38,16.17,2.33,592,37.6761,1.58,8.910395972,04:36.8,5.4,-3.2,92,0,0,0,0.1,0,0,0,-39.7,-39.2,-11.94,-11.943,0,0.88,1277.7,0:05:32,3.8,0,--.--,297,10,48,0000:00:00,72,0,60,0,30,0,0,2.89,0,0,0,1,37.68,11:04:36,10/10/2023,87.37,55.13,--.--
low,1,564,9.4,16.18,1.94,592,31.3892,1.5,8.920412389,04:37.8,5.1,-2.8,91,0,0,0,0.1,0,0,0,-39.7,-39.2,-11.94,-11.94,0,0.89,1277.7,0:05:33,4,0,--.--,297,10,47,0000:00:00,72,0,60,0,30,0,0,2.92,0,0,0,1,31.39,11:04:37,10/10/2023,87.39,55.13,--.--
low,1,565,9.42,16.18,2.04,593,33.0072,1.52,8.931434556,04:38.8,5.1,-2.5,92,0,0,0,0.1,0,0,0,-39.8,-39.2,-11.96,-11.961,0,0.9,1277.7,0:05:34,4.3,0,--.--,296,10.1,49,0000:00:00,72,0,60,0,30,0,0,2.95,0,0,0,1,33,11:04:38,10/10/2023,87.42,55.13,--.--
low,1,566,9.43,16.18,2.02,593,32.6836,1.51,8.940238222,04:39.8,5.1,-1.9,93,0,0,0,0.1,0,0,0,-39.8,-39.3,-11.97,-11.995,0,0.87,1277.7,0:05:35,4.5,0,--.--,295,10.1,49,0000:00:00,72,0,60,0,30,0,0,2.85,0,0,0,1,32.68,11:04:39,10/10/2023,87.44,55.13,--.--
low,1,567,9.45,16.18,2.01,594,32.5218,1.51,8.949491056,04:40.8,5.2,-2.3,93,0,0,0,0.1,0,0,0,-39.8,-39.3,-11.97,-12,0,0.86,1277.7,0:05:36,4.7,0,--.--,294,10.2,49,0000:00:00,72,0,60,0,30,0,0,2.82,0,0,0,1,32.51,11:04:40,10/10/2023,87.46,55.13,--.--
low,1,568,9.47,16.18,2.13,595,34.4634,1.54,8.958704667,04:41.8,5.1,-2.4,93,0,0,0,0.1,0,0,0,-39.8,-39.2,-11.96,-11.981,0,0.87,1277.7,0:05:37,4.9,0,--.--,293,10.2,49,0000:00:00,72,0,60,0,30,0,0,2.85,0,0,0,1,34.45,11:04:41,10/10/2023,87.48,55.13,--.--
low,1,569,9.48,16.17,2.23,595,36.0591,1.56,8.9679575,04:42.8,5.3,-2.7,93,0,0,0,0.1,0,0,0,-39.8,-39.2,-11.96,-11.976,0,0.86,1277.7,0:05:38,5.1,0,--.--,292,10.3,49,0000:00:00,72,0,60,0,30,0,0,2.82,0,0,0,1,36.06,11:04:42,10/10/2023,87.48,55.13,--.--
low,1,570,9.5,16.13,2.46,596,39.6798,1.6,8.97806375,04:43.8,5.9,-2.3,93,0,0,0,0.1,0,0,0,-39.7,-39.2,-11.94,-11.967,0,0.87,1277.7,0:05:39,5.4,0,--.--,291,10.5,50,0000:00:00,72,0,60,0,30,0,0,2.85,0,0,0,1,39.68,11:04:43,10/10/2023,87.49,55.13,--.--
low,1,571,9.52,16.17,1.96,596,31.6932,1.5,8.987810667,04:44.8,6,-4.7,92,0,0,0,0.1,0,0,0,-39.6,-39,-11.9,-11.909,0,0.92,1277.7,0:05:40,5.7,0,--.--,289,9.5,47,0000:00:00,72,0,60,0,30,0,0,3.02,0,0,0,1,31.7,11:04:44,10/10/2023,87.51,55.13,--.--
low,1,572,9.53,16.17,2.06,597,33.3102,1.52,9.005428889,04:45.8,4.5,-3.6,93,0,0,0,0.1,0,0,0,-39.5,-38.9,-11.87,-11.837,0,0.94,1277.7,0:05:41,5.9,0,--.--,289,9.5,47,0000:00:00,72,0,60,0,30,0,0,3.08,0,0,0,1,33.31,11:04:45,10/10/2023,87.55,55.13,--.--
low,1,573,9.55,16.18,2.05,598,33.169,1.52,9.014552611,04:46.8,5.2,-4.5,93,0,0,0,0.1,0,0,0,-39.5,-38.9,-11.87,-11.832,0,0.92,1277.7,0:05:42,6.2,0,--.--,288,9.5,47,0000:00:00,72,0,60,0,30,0,0,3.02,0,0,0,1,33.16,11:04:46,10/10/2023,87.55,55.13,--.--
low,1,574,9.57,16.17,2.06,598,33.3102,1.52,9.023760528,04:47.8,4.9,-3.2,93,0,0,0,0.1,0,0,0,-39.5,-38.9,-11.88,-11.837,0,0.9,1277.7,0:05:43,6.4,0,--.--,288,9.5,47,0000:00:00,72,0,60,0,30,0,0,2.95,0,0,0,1,33.31,11:04:47,10/10/2023,87.58,55.13,--.--
low,1,575,9.58,16.17,2.25,599,36.3825,1.56,9.032923528,04:48.8,5.1,-2.6,93,0,0,0,0.1,0,0,0,-39.6,-39,-11.9,-11.876,0,0.89,1277.7,0:05:44,6.7,0,--.--,287,9.5,48,0000:00:00,72,0,60,0,30,0,0,2.92,0,0,0,1,36.39,11:04:48,10/10/2023,87.6,55.13,--.--
low,1,576,9.6,16.17,2.17,599,35.0889,1.55,9.042137139,04:49.8,5.1,-2.3,93,0,0,0,0.1,0,0,0,-39.7,-39.1,-11.93,-11.934,0,0.88,1284.3,0:05:45,6.9,0,--.--,286,9.6,49,0000:00:00,72,0,60,0,30,0,0,2.89,0,0,0,1,35.1,11:04:49,10/10/2023,87.62,55.13,--.--
low,1,577,9.62,16.18,3.92,600,63.4256,1.8,9.051081083,04:50.8,6.2,-4.8,92,0,0,0,0.1,0,0,0,-39.6,-39.1,-11.91,-11.955,0,0.88,1284.3,0:05:46,7.2,0,--.--,286,9.7,48,0000:00:00,72,0,60,0,30,0,0,2.89,0,0,0,1,63.43,11:04:50,10/10/2023,87.64,55.11,--.--
low,1,578,9.63,16.18,2.03,601,32.8454,1.52,9.059935139,04:51.8,4.6,-1.7,93,0,0,0,0.1,0,0,0,-39.5,-39,-11.88,-11.882,0,0.9,1284.3,0:05:47,7.4,0,--.--,285,9.8,48,0000:00:00,72,0,60,0,30,0,0,2.95,0,0,0,1,32.84,11:04:51,10/10/2023,87.66,55.11,--.--
low,1,579,9.65,16.17,2.05,601,33.1485,1.52,9.068738806,04:52.8,4.4,-3.5,96,0,0,0,0.1,0,0,0,-39.5,-38.9,-11.87,-11.855,0,0.9,1284.3,0:05:48,7.7,0,--.--,286,9.3,47,0000:00:00,72,0,60,0,30,0,0,2.95,0,0,0,1,33.15,11:04:52,10/10/2023,87.67,55.13,--.--
low,1,580,9.67,16.17,2.04,602,32.9868,1.52,9.077817583,04:53.8,4.5,-2.1,95,0,0,0,0.1,0,0,0,-39.5,-39,-11.88,-11.863,0,0.87,1284.3,0:05:49,8,0,--.--,286,9.1,48,0000:00:00,72,0,60,0,30,0,0,2.85,0,0,0,1,32.99,11:04:53,10/10/2023,87.69,55.13,--.--
low,1,581,9.68,16.18,2.05,603,33.169,1.52,9.085902583,04:54.8,4.2,-2.9,95,0,0,0,0.1,0,0,0,-39.5,-39,-11.88,-11.898,0,0.88,1284.3,0:05:50,8.3,0,--.--,287,9,48,0000:00:00,72,0,60,0,30,0,0,2.89,0,0,0,1,33.16,11:04:54,10/10/2023,87.71,55.13,--.--
low,1,582,9.7,16.18,1.99,603,32.1982,1.51,9.097760583,04:55.8,4.7,-1.8,95,0,0,0,0.1,0,0,0,-39.5,-39,-11.88,-11.893,0,0.9,1284.3,0:05:51,8.5,0,--.--,286,8.9,49,0000:00:00,72,0,60,0,30,0,0,2.95,0,0,0,1,32.19,11:04:55,10/10/2023,87.73,55.13,--.--
low,1,583,9.72,16.18,1.97,604,31.8746,1.5,9.106794417,04:56.8,4.6,-2.5,96,0,0,0,0.1,0,0,0,-39.5,-38.9,-11.87,-11.879,0,0.9,1284.3,0:05:52,8.8,0,--.--,286,8.9,48,0000:00:00,72,0,60,0,30,0,0,2.95,0,0,0,1,31.87,11:04:56,10/10/2023,87.75,55.13,--.--
low,1,584,9.73,16.17,1.96,604,31.6932,1.5,9.115468694,04:57.8,4.5,-2.3,97,0,0,0,0.1,0,0,0,-39.5,-38.9,-11.87,-11.872,0,0.89,1284.3,0:05:53,9,0,--.--,287,8.8,48,0000:00:00,72,0,60,0,30,0,0,2.92,0,0,0,1,31.7,11:04:57,10/10/2023,87.76,55.11,--.--
low,1,585,9.75,16.18,2.02,605,32.6836,1.51,9.123963194,04:58.8,4.7,-2.4,98,0,0,0,0.1,0,0,0,-39.5,-38.9,-11.86,-11.858,0,0.89,1284.3,0:05:54,9.2,0,--.--,286,8.7,48,0000:00:00,72,0,60,0,30,0,0,2.92,0,0,0,1,32.68,11:04:58,10/10/2023,87.76,55.13,--.--
low,1,586,9.77,16.17,1.8,606,29.106,1.46,9.133176806,04:59.8,4.7,-2,98,0,0,0,0.1,0,0,0,-39.5,-38.9,-11.88,-11.878,0,0.89,1284.3,0:05:55,9.4,0,--.--,286,8.8,49,0000:00:00,72,0,60,0,30,0,0,2.92,0,0,0,1,29.11,11:04:59,10/10/2023,87.78,55.11,--.--
low,1,587,9.78,16.17,2.64,606,42.6888,1.63,9.141985917,05:00.8,4.6,-1.2,95,0,0,0,0.1,0,0,0,-39.5,-39,-11.89,-11.911,0,0.87,1284.3,0:05:56,9.6,0,--.--,285,8.8,50,0000:00:00,72,0,60,0,30,0,0,2.85,0,0,0,1,42.68,11:05:00,10/10/2023,87.8,55.13,--.--
low,1,588,9.8,16.18,2.01,607,32.5218,1.51,9.150705139,05:01.8,4.7,-1.1,97,0,0,0,0.1,0,0,0,-39.5,-39,-11.88,-11.913,0,0.87,1284.3,0:05:57,9.8,0,--.--,285,8.9,49,0000:00:00,72,0,60,0,30,0,0,2.85,0,0,0,1,32.52,11:05:01,10/10/2023,87.84,55.11,--.--
low,1,589,9.82,16.18,1.93,607,31.2274,1.49,9.160407139,05:02.8,4.9,-1.6,96,0,0,0,0.1,0,0,0,-39.5,-38.9,-11.87,-11.877,0,0.87,1284.3,0:05:58,10,0,--.--,284,8.9,48,0000:00:00,72,0,60,0,30,0,0,2.85,0,0,0,1,31.23,11:05:02,10/10/2023,87.85,55.13,--.--
low,1,590,9.83,16.18,1.89,608,30.5802,1.49,9.168721861,05:03.8,4.5,-1.8,96,0,0,0,0.1,0,0,0,-39.4,-38.9,-11.85,-11.85,0,0.87,1284.3,0:05:59,10.2,0,--.--,284,8.9,48,0000:00:00,72,0,60,0,30,0,0,2.85,0,0,0,1,30.58,11:05:03,10/10/2023,87.87,55.11,--.--
low,1,591,9.85,16.18,2.05,608,33.169,1.52,9.176811861,05:04.8,4.5,-1.6,96,0,0,0,0.1,0,0,0,-39.4,-38.9,-11.85,-11.836,0,0.87,1284.3,0:06:00,10.4,0,--.--,284,8.9,48,0000:00:00,72,0,60,0,30,0,0,2.85,0,0,0,1,33.16,11:05:04,10/10/2023,87.89,55.13,--.--
low,1,592,9.87,16.18,1.96,609,31.7128,1.5,9.185980528,05:05.8,4.6,-1.4,97,0,0,0,0.1,0,0,0,-39.5,-38.9,-11.87,-11.859,0,0.86,1284.3,0:06:01,10.6,0,--.--,284,8.9,49,0000:00:00,72,0,60,0,30,0,0,2.82,0,0,0,1,31.71,11:05:05,10/10/2023,87.91,55.13,--.--
low,1,593,9.88,16.18,1.94,610,31.3892,1.5,9.19510425,05:06.8,5,-1.1,97,0,0,0,0.1,0,0,0,-39.5,-39,-11.87,-11.891,0,0.85,1284.3,0:06:02,10.8,0,--.--,284,8.9,49,0000:00:00,72,0,60,0,30,0,0,2.79,0,0,0,1,31.39,11:05:06,10/10/2023,87.91,55.11,--.--
low,1,594,9.9,16.17,2.16,610,34.9272,1.54,9.204716417,05:07.8,4.5,-1.6,96,0,0,0,0.1,0,0,0,-39.5,-38.9,-11.86,-11.873,0,0.86,1284.3,0:06:03,11.1,0,--.--,284,9,48,0000:00:00,72,0,60,0,30,0,0,2.82,0,0,0,1,34.93,11:05:07,10/10/2023,87.93,55.13,--.--
low,1,595,9.92,16.18,1.85,611,29.933,1.48,9.213210917,05:08.8,4.4,-2,96,0,0,0,0.1,0,0,0,-39.4,-38.9,-11.84,-11.833,0,0.87,1284.3,0:06:04,11.3,0,--.--,284,9,47,0000:00:00,72,0,60,0,30,0,0,2.85,0,0,0,1,29.93,11:05:08,10/10/2023,87.94,55.13,--.--
low,1,596,9.93,16.18,1.8,611,29.124,1.46,9.221440833,05:09.8,4.4,-1.9,96,0,0,0,0,0,0,0,-39.4,-38.8,-11.84,-11.813,0,0.86,1284.3,0:06:05,11.5,0,--.--,284,8.9,47,0000:00:00,72,0,60,0,30,0,0,2.82,0,0,0,1,29.13,11:05:09,10/10/2023,87.96,55.11,--.--
low,1,597,9.95,16.18,2.04,612,33.0072,1.52,9.229709306,05:10.8,4.7,-1.4,97,0,0,0,0.1,0,0,0,-39.4,-38.9,-11.85,-11.831,0,0.86,1284.3,0:06:06,11.7,0,--.--,284,9,48,0000:00:00,72,0,60,0,30,0,0,2.82,0,0,0,1,33,11:05:10,10/10/2023,87.98,55.13,--.--
low,1,598,9.97,16.18,2.03,612,32.8454,1.52,9.23824875,05:11.8,4.5,-1,97,0,0,0,0.1,0,0,0,-39.5,-38.9,-11.86,-11.855,0,0.85,1284.3,0:06:07,11.9,0,--.--,284,9,48,0000:00:00,72,0,60,0,30,0,0,2.79,0,0,0,1,32.84,11:05:11,10/10/2023,88.02,55.13,--.--
low,1,599,9.98,16.17,2.14,613,34.6038,1.54,9.268046917,05:12.8,4.6,-1.1,97,0,0,0,0.1,0,0,0,-39.5,-38.9,-11.87,-11.874,0,0.84,1284.3,0:06:08,12.2,0,--.--,283,9.1,48,0000:00:00,72,0,60,0,30,0,0,2.76,0,0,0,1,34.61,11:05:12,10/10/2023,88.02,55.11,--.--
low,1,600,10,16.18,1.89,613,30.5802,1.49,9.278544417,05:13.8,4.8,-1.3,96,0,0,0,0.1,0,0,0,-39.5,-38.9,-11.86,-11.871,0,0.84,1284.3,0:06:09,12.5,0,--.--,283,9.2,48,0000:00:00,72,0,60,0,30,0,0,2.76,0,0,0,1,30.58,11:05:13,10/10/2023,88.03,55.13,--.--
low,1,601,10.02,16.19,1.83,614,29.6277,1.47,9.288156583,05:14.8,5.1,-3.2,96,0,0,0,0.1,0,0,0.1,-39.4,-38.9,-11.84,-11.852,0,0.83,1284.3,0:06:10,12.7,0,--.--,283,9.3,47,0000:00:00,72,0,60,0,30,0,0,2.72,0,0,0,1,29.62,11:05:14,10/10/2023,88.05,55.11,--.--
low,1,602,10.03,16.09,1.85,614,29.7665,1.47,9.298481028,05:15.8,4,-1.1,96,0,0,0,0.1,0,0,0,-39.3,-38.8,-11.81,-11.802,0,0.87,1284.3,0:06:11,12.9,0,--.--,283,9.4,47,0000:00:00,72,0,60,0,30,0,0,2.85,0,0,0,1,29.77,11:05:15,10/10/2023,88.07,55.11,--.--
low,1,603,10.05,16.18,1.9,615,30.742,1.49,9.307688944,05:16.8,4.7,-1.6,96,0,0,0,0.1,0,0,0,-39.3,-38.7,-11.81,-11.78,0,0.87,1284.3,0:06:12,13.2,0,--.--,283,9.5,60,0000:00:00,72,0,60,0,30,0,0,2.85,0,0,0,1,30.75,11:05:16,10/10/2023,88.09,55.11,--.--
low,1,604,10.07,16.18,6.63,616,107.2734,2.03,9.318199444,05:17.8,5.2,-2.6,96,0,0,0,0.1,0,0,0.1,-39,-38.5,-11.72,-11.754,0,0.96,1290.9,0:06:13,13.4,0,--.--,283,9.5,44,0000:00:00,72,0,60,0,30,0,0,3.15,0,0,0,1,107.31,11:05:17,10/10/2023,88.11,55.13,--.--
low,1,605,10.08,16.15,2.34,617,37.791,1.58,9.326738889,05:18.8,4,-3.2,96,0,0,0,0.1,0,0,0,-38.8,-38.2,-11.65,-11.634,0,1.01,1290.9,0:06:14,13.6,0,--.--,283,9.5,44,0000:00:00,72,0,60,0,30,0,0,3.31,0,0,0,1,37.8,11:05:18,10/10/2023,88.12,55.13,--.--
low,1,606,10.1,16.17,2.14,617,34.6038,1.54,9.343672472,05:19.8,5.2,-2,96,0,0,0,0.1,0,0,0,-38.7,-38.1,-11.62,-11.54,0,1.02,1290.9,0:06:15,13.8,0,--.--,283,9.5,39,0000:00:00,72,0,60,0,30,0,0,3.35,0,0,0,1,34.6,11:05:19,10/10/2023,88.16,55.13,--.--
low,1,607,10.12,16.16,2.3,618,37.168,1.57,9.352071889,05:20.8,3.9,-2,96,0,0,0,0.1,0,0,0,-38.7,-38.2,-11.63,-11.526,0,1.03,1290.9,0:06:16,14.1,0,--.--,284,9.5,44,0000:00:00,72,0,60,0,30,0,0,3.38,0,0,0,1,37.18,11:05:20,10/10/2023,88.18,55.11,--.--
low,1,608,10.13,16.17,2.05,619,33.1485,1.52,9.360027056,05:21.8,4.5,-1,97,0,0,0,0.1,0,0,0,-38.8,-38.3,-11.66,-11.573,0,1.03,1290.9,0:06:17,14.3,0,--.--,283,9.6,45,0000:00:00,72,0,60,0,30,0,0,3.38,0,0,0,1,33.14,11:05:21,10/10/2023,88.18,55.13,--.--
low,1,609,10.15,16.17,2.34,619,37.8378,1.58,9.369504472,05:22.8,4.9,-0.9,97,0,0,0,0.1,0,0,0,-38.9,-38.4,-11.69,-11.648,0,0.99,1290.9,0:06:18,14.5,0,--.--,283,9.7,46,0000:00:00,72,0,60,0,30,0,0,3.25,0,0,0,1,37.84,11:05:22,10/10/2023,88.2,55.11,--.--
low,1,610,10.17,16.18,1.9,620,30.742,1.49,9.378897861,05:23.8,4.5,-0.6,96,0,0,0,0.1,0,0,0.1,-38.9,-38.4,-11.7,-11.691,0,0.97,1290.9,0:06:19,14.8,0,--.--,283,8.2,61,0000:00:00,72,0,60,0,30,0,0,3.18,0,0,0,1,30.73,11:05:23,10/10/2023,88.21,55.13,--.--
low,1,611,10.18,16.17,3.77,621,60.9609,1.79,9.388420194,05:24.8,4.6,-0.6,96,0,0,0,0.1,0,0,0,-38.9,-38.3,-11.68,-11.701,0,1,1290.9,0:06:20,15,0,--.--,283,8.2,47,0000:00:00,72,0,60,0,30,0,0,3.28,0,0,0,1,60.98,11:05:24,10/10/2023,88.25,55.13,--.--
low,1,612,10.2,16.17,1.87,621,30.2379,1.48,9.397223861,05:25.8,4.6,-0.8,96,0,0,0,0.1,0,0,0,-38.8,-38.3,-11.67,-11.662,0,0.98,1290.9,0:06:21,15.2,0,--.--,283,8.1,46,0000:00:00,72,0,60,0,30,0,0,3.22,0,0,0,1,30.25,11:05:25,10/10/2023,88.27,55.13,--.--
low,1,613,10.22,16.18,1.77,622,28.6386,1.46,9.410347639,05:26.8,4.5,-3.5,96,0,0,0,0.1,0,0,-0.1,-38.8,-38.3,-11.67,-11.648,0,1,1290.9,0:06:22,15.4,0,--.--,283,8.1,35,0000:00:00,72,0,60,0,30,0,0,3.28,0,0,0,1,28.64,11:05:26,10/10/2023,88.29,55.13,--.--
low,1,614,10.23,16.17,2.11,623,34.1187,1.53,9.41956125,05:27.8,5.5,0,97,0,0,0,0.1,0,0,0,-38.9,-38.4,-11.7,-11.692,0,0.94,1290.9,0:06:23,15.6,0,--.--,283,8.2,47,0000:00:00,72,0,60,0,30,0,0,3.08,0,0,0,1,34.12,11:05:27,10/10/2023,88.3,55.13,--.--
low,1,615,10.25,16.18,2.09,623,33.8162,1.53,9.428010806,05:28.8,4.5,0.5,99,0,0,0,0.1,0,0,0,-39,-38.5,-11.72,-11.732,0,0.93,1290.9,0:06:24,16,0,--.--,283,8.2,49,0000:00:00,72,0,60,0,30,0,0,3.05,0,0,0,1,33.81,11:05:28,10/10/2023,88.32,55.13,--.--
low,1,616,10.27,16.17,2.12,624,34.2804,1.54,9.436110556,05:29.8,6.1,1.7,94,0,0,0,0.1,0,0,0,-39.1,-38.5,-11.74,-11.786,0,0.9,1290.9,0:06:25,16.3,0,--.--,283,8.2,50,0000:00:00,72,0,60,0,30,0,0,2.95,0,0,0,1,34.28,11:05:29,10/10/2023,88.34,55.13,--.--
low,1,617,10.28,16.17,1.96,625,31.6932,1.5,9.445447444,05:30.8,4.8,-0.5,94,0,0,0,0.1,0,0,0,-39.1,-38.5,-11.75,-11.804,0,0.88,1290.9,0:06:26,16.7,0,--.--,283,8.4,50,0000:00:00,72,0,60,0,30,0,0,2.89,0,0,0,1,31.7,11:05:30,10/10/2023,88.34,55.13,--.--
low,1,618,10.3,16.18,2.92,625,47.2456,1.67,9.456079528,05:31.8,6.1,0,95,0,0,0,0.1,0,0,0.1,-39.1,-38.5,-11.74,-11.805,0,0.88,1290.9,0:06:27,17,0,--.--,283,8.4,56,0000:00:00,72,0,60,0,30,0,0,2.89,0,0,0,1,47.25,11:05:31,10/10/2023,88.38,55.13,--.--
low,1,619,10.32,16.18,2.05,626,33.169,1.52,9.467167083,05:32.8,6.5,1.4,94,0,0,0,0.1,0,0,0,-38.9,-38.4,-11.71,-11.763,0,0.91,1290.9,0:06:28,17.2,0,--.--,283,8.5,51,0000:00:00,72,0,60,0,30,0,0,2.99,0,0,0,1,33.16,11:05:32,10/10/2023,88.39,55.13,--.--
low,1,620,10.33,16.18,1.88,626,30.4184,1.48,9.4783375,05:33.8,6.1,-0.7,94,0,0,0,0.1,0,0,0,-38.9,-38.4,-11.69,-11.726,0,0.93,1290.9,0:06:29,17.5,0,--.--,283,8.6,48,0000:00:00,72,0,60,0,30,0,0,3.05,0,0,0,1,30.41,11:05:33,10/10/2023,88.41,55.13,--.--
low,1,621,10.35,16.11,1.81,627,29.1591,1.46,9.487180611,05:34.8,5.9,0.9,95,0,0,0,0.1,0,0,0.2,-38.6,-38,-11.59,-11.674,0,0.97,1290.9,0:06:30,17.7,0,--.--,283,7.4,69,0000:00:00,72,0,60,0,30,0,0,3.18,0,0,0,1,29.16,11:05:34,10/10/2023,88.43,55.13,--.--
low,1,622,10.37,16.16,2.08,628,33.6128,1.53,9.496208861,05:35.8,5.6,-0.1,92,0,0,0,0.1,0,0,0.1,-38,-37.4,-11.41,-11.461,0,1.15,1290.9,0:06:31,17.9,0,--.--,283,7.4,41,0000:00:00,72,0,60,0,30,0,0,3.77,0,0,0,1,33.61,11:05:35,10/10/2023,88.43,55.11,--.--
low,1,623,10.38,16.15,2.37,629,38.2755,1.58,9.505737083,05:36.8,3.5,-1.2,90,0,0,0,0.1,0,0,0.1,-37.7,-37.2,-11.33,-11.271,0,1.22,1290.9,0:06:32,18.1,0,--.--,283,7.4,60,0000:00:00,72,0,60,0,30,0,0,4,0,0,0,1,38.28,11:05:36,10/10/2023,88.45,55.11,--.--
low,1,624,10.4,16.16,2.47,630,39.9152,1.6,9.516869528,05:37.8,4.2,-0.6,89,0,0,0,0.1,0,0,0,-37.5,-36.9,-11.26,-11.185,0,1.29,1290.9,0:06:33,18.4,0,--.--,282,7.5,44,0000:00:00,72,0,60,0,30,0,0,4.23,0,0,0,1,39.91,11:05:37,10/10/2023,88.48,55.11,--.--
low,1,625,10.42,16.15,2.49,631,40.2135,1.6,9.524864694,05:38.8,4.4,-0.1,90,0,0,0,0.1,0,0,0,-37.5,-36.9,-11.26,-11.156,0,1.29,1290.9,0:06:34,18.8,0,--.--,282,7.6,44,0000:00:00,72,0,60,0,30,0,0,4.23,0,0,0,1,40.22,11:05:38,10/10/2023,88.5,55.11,--.--
low,1,626,10.43,16.16,1.97,631,31.8352,1.5,9.533628861,05:39.8,4.7,0.3,90,0,0,0,0.1,0,0,0,-37.6,-37,-11.29,-11.21,0,1.26,1290.9,0:06:35,19.1,0,--.--,282,7.7,46,0000:00:00,72,0,60,0,30,0,0,4.13,0,0,0,1,31.84,11:05:39,10/10/2023,88.5,55.11,--.--
low,1,627,10.45,16.17,2.01,632,32.5017,1.51,9.542797528,05:40.8,5.4,-0.1,92,0,0,0,0.1,0,0,0,-37.7,-37.1,-11.31,-11.269,0,1.22,1290.9,0:06:36,19.3,0,--.--,282,7.8,47,0000:00:00,72,0,60,0,30,0,0,4,0,0,0,1,32.5,11:05:40,10/10/2023,88.52,55.11,--.--
low,1,628,10.47,16.18,2.12,633,34.3016,1.54,9.552364778,05:41.8,6.1,-0.8,93,0,0,0,0.1,0,0,-0.1,-37.7,-37.2,-11.33,-11.292,0,1.18,1290.9,0:06:37,19.6,0,--.--,281,7.8,34,0000:00:00,72,0,60,0,30,0,0,3.87,0,0,0,1,34.29,11:05:41,10/10/2023,88.54,55.11,--.--
low,1,629,10.48,16.16,2.48,634,40.0768,1.6,9.560904222,05:42.8,5.5,1.7,94,0,0,0,0.1,0,0,0,-38,-37.5,-11.42,-11.408,0,1.09,1290.9,0:06:38,19.7,0,--.--,281,7.9,51,0000:00:00,72,0,60,0,30,0,0,3.58,0,0,0,1,40.08,11:05:42,10/10/2023,88.56,55.11,--.--
low,1,630,10.5,16.17,1.78,635,28.7826,1.46,9.586430194,05:43.8,5.6,1.3,93,0,0,0,0.1,0,0,0,-38.1,-37.6,-11.45,-11.511,0,1.06,1290.9,0:06:39,19.9,0,--.--,281,3.1,51,0000:00:00,72,0,60,0,30,0,0,3.48,0,0,0,1,28.78,11:05:43,10/10/2023,88.57,55.13,--.--
low,1,631,10.52,16.18,1.95,635,31.551,1.5,9.597165278,05:44.8,5.5,1.1,93,0,0,0,0.1,0,0,0,-38.1,-37.6,-11.45,-11.534,0,1.06,1297.5,0:06:40,20,0,--.--,280,3.3,52,0000:00:00,72,0,60,0,30,0,0,3.48,0,0,0,1,31.55,11:05:44,10/10/2023,88.59,55.13,--.--
low,1,632,10.53,16.18,2.04,636,33.0072,1.52,9.606013861,05:45.8,5.6,0.9,93,0,0,0,0.1,0,0,0,-38.1,-37.5,-11.44,-11.512,0,1.06,1297.5,0:06:41,20.2,0,--.--,280,3.5,51,0000:00:00,72,0,60,0,30,0,0,3.48,0,0,0,1,33,11:05:45,10/10/2023,88.61,55.13,--.--
low,1,633,10.55,16.17,2.13,636,34.4421,1.54,9.616248528,05:46.8,6,0.8,93,0,0,0,0.1,0,0,0,-38,-37.5,-11.42,-11.477,0,1.04,1297.5,0:06:42,20.5,0,--.--,280,3.8,50,0000:00:00,72,0,60,0,30,0,0,3.41,0,0,0,1,34.44,11:05:46,10/10/2023,88.63,55.11,--.--
low,1,634,10.57,16.18,1.9,637,30.742,1.49,9.624473361,05:47.8,5.2,-0.3,93,0,0,0,0.1,0,0,0,-38,-37.4,-11.4,-11.439,0,1.05,1297.5,0:06:43,20.8,0,--.--,280,4,45,0000:00:00,72,0,60,0,30,0,0,3.44,0,0,0,1,30.73,11:05:47,10/10/2023,88.65,55.13,--.--
low,1,635,10.58,16.15,5.69,638,91.8935,1.96,9.632468528,05:48.8,5,-0.8,93,0,0,0,0,0,0,-0.1,-38.2,-37.7,-11.48,-11.448,0,1,1297.5,0:06:44,21,0,--.--,280,4.2,52,0000:00:00,72,0,60,0,30,0,0,3.28,0,0,0,1,91.88,11:05:48,10/10/2023,88.66,55.13,--.--
low,1,636,10.6,16.17,2.39,639,38.6463,1.59,9.640603472,05:49.8,6.6,1.7,93,0,0,0,0.1,0,0,0,-38.4,-37.9,-11.55,-11.558,0,0.91,1297.5,0:06:45,21.1,0,--.--,280,4.3,53,0000:00:00,72,0,60,0,30,0,0,2.99,0,0,0,1,38.65,11:05:49,10/10/2023,88.68,55.13,--.--
low,1,637,10.62,16.17,1.97,639,31.8549,1.5,9.648648528,05:50.8,4.6,0.2,93,0,0,0,0.1,0,0,0,-38.6,-38,-11.59,-11.671,0,0.88,1297.5,0:06:46,21.3,0,--.--,279,4.5,55,0000:00:00,72,0,60,0,30,0,0,2.89,0,0,0,1,31.85,11:05:50,10/10/2023,88.7,55.11,--.--
low,1,638,10.63,16.16,2.28,640,36.8448,1.57,9.65655875,05:51.8,5,0.7,93,0,0,0,0.1,0,0,0,-38.5,-38,-11.58,-11.694,0,0.86,1297.5,0:06:47,21.6,0,--.--,279,1.9,54,0000:00:00,72,0,60,0,30,0,0,2.82,0,0,0,1,36.84,11:05:51,10/10/2023,88.72,55.11,--.--
low,1,639,10.65,16.18,1.83,641,29.6094,1.47,9.666748528,05:52.8,5.5,1.1,93,0,0,0,0.1,0,0,0,-38.4,-37.9,-11.54,-11.636,0,0.88,1297.5,0:06:48,21.8,0,--.--,279,5.2,52,0000:00:00,72,0,60,0,30,0,0,2.89,0,0,0,1,29.6,11:05:52,10/10/2023,88.74,55.11,--.--
low,1,640,10.67,16.17,1.78,641,28.7826,1.46,9.676720028,05:53.8,6.1,0.9,93,0,0,0,0.1,0,0,0,-38.3,-37.7,-11.49,-11.536,0,0.9,1297.5,0:06:49,22,0,--.--,278,2.3,49,0000:00:00,72,0,60,0,30,0,0,2.95,0,0,0,1,28.79,11:05:53,10/10/2023,88.75,55.11,--.--
low,1,641,10.68,16.18,1.81,642,29.2858,1.47,9.685927944,05:54.8,5.1,-0.2,93,0,0,0,0.1,0,0,0,-38.2,-37.6,-11.47,-11.47,0,0.92,1297.5,0:06:50,22.1,0,--.--,278,2.4,48,0000:00:00,72,0,60,0,30,0,0,3.02,0,0,0,1,29.28,11:05:54,10/10/2023,88.77,55.13,--.--
low,1,642,10.7,16.18,1.79,642,28.9622,1.46,9.694686694,05:55.8,5.4,-0.5,93,0,0,0,0.1,0,0,0,-38.1,-37.6,-11.45,-11.415,0,0.94,1297.5,0:06:51,22.3,0,--.--,278,2.5,47,0000:00:00,72,0,60,0,30,0,0,3.08,0,0,0,1,28.96,11:05:55,10/10/2023,88.79,55.13,--.--
low,1,643,10.72,16.18,1.76,643,28.4768,1.45,9.705184194,05:56.8,4.8,-1,93,0,0,0,0.1,0,0,0,-38,-37.5,-11.43,-11.392,0,0.94,1297.5,0:06:52,22.5,0,--.--,278,2.6,46,0000:00:00,72,0,60,0,30,0,0,3.08,0,0,0,1,28.47,11:05:56,10/10/2023,88.81,55.11,--.--
low,1,644,10.73,16.16,2.27,643,36.6832,1.56,9.715373972,05:57.8,4.5,-0.8,93,0,0,0,0.1,0,0,0,-38,-37.5,-11.42,-11.358,0,0.96,1297.5,0:06:53,22.7,0,--.--,278,2.6,46,0000:00:00,72,0,60,0,30,0,0,3.15,0,0,0,1,36.69,11:05:57,10/10/2023,88.81,55.13,--.--
low,1,645,10.75,16.17,2.22,644,35.8974,1.56,9.727441611,05:58.8,4.9,-1.3,93,0,0,0,0.1,0,0,0,-38,-37.4,-11.41,-11.339,0,0.96,1297.5,0:06:54,23.1,0,--.--,278,4.5,45,0000:00:00,72,0,60,0,30,0,0,3.15,0,0,0,1,35.89,11:05:58,10/10/2023,88.83,55.11,--.--
low,1,646,10.77,16.17,2.05,644,33.1485,1.52,9.741877944,05:59.8,5.3,-1,93,0,0,0,0.1,0,0,0,-38,-37.5,-11.42,-11.35,0,0.94,1297.5,0:06:55,23.3,0,--.--,278,2.9,45,0000:00:00,72,0,60,0,30,0,0,3.08,0,0,0,1,33.15,11:05:59,10/10/2023,88.84,55.11,--.--
low,1,647,10.78,16.17,1.95,645,31.5315,1.5,9.755686611,06:00.8,4.7,-0.8,93,0,0,0,0.1,0,0,0,-38,-37.5,-11.43,-11.371,0,0.93,1297.5,0:06:56,23.5,0,--.--,278,4.7,46,0000:00:00,72,0,60,0,30,0,0,3.05,0,0,0,1,31.54,11:06:00,10/10/2023,88.86,55.13,--.--
low,1,648,10.8,16.15,2.34,646,37.791,1.58,9.770114,06:01.8,4.6,-0.2,93,0,0,0,0.1,0,0,0,-38.1,-37.6,-11.45,-11.396,0,0.92,1297.5,0:06:57,23.7,0,--.--,278,4.8,46,0000:00:00,72,0,70,0,30,0,0,3.02,0,0,0,1,37.8,11:06:01,10/10/2023,88.88,55.13,--.--
low,1,649,10.82,16.16,2.27,646,36.6832,1.56,9.783070833,06:02.8,5.2,-0.7,93,0,0,0,0.1,0,0,0,-38.1,-37.6,-11.45,-11.417,0,0.9,1297.5,0:06:58,23.8,0,--.--,278,4.9,46,0000:00:00,72,0,70,0,30,0,0,2.95,0,0,0,1,36.69,11:06:02,10/10/2023,88.9,55.11,--.--
low,1,650,10.83,16.15,2.69,647,43.4435,1.64,9.819757472,06:03.8,5,-0.9,93,0,0,0,0.1,0,0,0,-38.1,-37.5,-11.44,-11.398,0,0.9,1297.5,0:06:59,24,0,--.--,278,5,45,0000:00:00,72,0,70,0,30,0,0,2.95,0,0,0,1,43.44,11:06:03,10/10/2023,88.92,55.11,--.--
low,1,651,10.85,16.14,3.22,648,51.9708,1.72,9.836559556,06:04.8,4.7,-0.9,93,0,0,0,0.1,0,0,0,-38.1,-37.5,-11.44,-11.395,0,0.88,1297.5,0:07:00,24.2,0,--.--,278,5.2,45,0000:00:00,72,0,70,0,30,0,0,2.89,0,0,0,1,51.99,11:06:04,10/10/2023,88.93,55.11,--.--
low,1,652,10.87,16.14,3.08,648,49.7112,1.7,9.849426722,06:05.8,4.9,-0.3,93,0,0,0,0.1,0,0,0,-38.2,-37.6,-11.47,-11.433,0,0.88,1297.5,0:07:01,24.6,0,--.--,278,5.5,46,0000:00:00,72,0,70,0,30,0,0,2.89,0,0,0,1,49.72,11:06:05,10/10/2023,88.95,55.13,--.--
low,1,653,10.88,16.13,3.22,649,51.9386,1.72,9.862375528,06:06.8,6.3,0,93,0,0,0,0.1,0,0,0,-38.2,-37.7,-11.49,-11.49,0,0.85,1297.5,0:07:02,25,0,--.--,278,5.7,48,0000:00:00,72,0,70,0,30,0,0,2.79,0,0,0,1,51.94,11:06:06,10/10/2023,88.95,55.11,--.--
low,1,654,10.9,16.14,2.89,650,46.6446,1.67,9.875018528,06:07.8,6.1,-0.7,93,0,0,0,0.1,0,0,0,-38.3,-37.7,-11.5,-11.513,0,0.85,1297.5,0:07:03,25.5,0,--.--,278,6,53,0000:00:00,72,0,70,0,30,0,0,2.79,0,0,0,1,46.65,11:06:07,10/10/2023,88.99,55.13,--.--
low,1,655,10.92,15.97,8.27,651,132.0719,2.12,9.886989028,06:08.8,4.7,-1.1,93,0,0,0,0.1,0,0,0.1,-38,-37.4,-11.4,-11.466,0,0.89,1297.5,0:07:04,25.9,0,--.--,278,6.4,47,0000:00:00,72,0,70,0,30,0,0,2.92,0,0,0,1,132.1,11:06:08,10/10/2023,89.01,55.13,--.--
low,1,656,10.93,16.13,3.75,653,60.4875,1.78,9.897845417,06:09.8,5.3,-1.7,93,0,0,0,0.1,0,0,0,-37.7,-37.2,-11.33,-11.336,0,0.98,1297.5,0:07:05,26.2,0,--.--,278,6.7,45,0000:00:00,72,0,70,0,30,0,0,3.22,0,0,0,1,60.5,11:06:09,10/10/2023,89.01,55.11,--.--
low,1,657,10.95,16.14,2.87,653,46.3218,1.67,9.908970972,06:10.8,4.9,-2,93,0,0,0,0.1,0,0,0,-37.7,-37.1,-11.32,-11.281,0,0.99,1304.1,0:07:06,26.6,0,--.--,278,7,45,0000:00:00,72,0,70,0,30,0,0,3.25,0,0,0,1,46.31,11:06:10,10/10/2023,89.04,55.11,--.--
low,1,658,10.97,16.13,2.89,654,46.6157,1.67,9.9199075,06:11.8,6.1,-1.4,93,0,0,0,0.1,0,0,0,-37.7,-37.1,-11.32,-11.284,0,0.99,1304.1,0:07:07,27,0,--.--,278,7.4,46,0000:00:00,72,0,70,0,30,0,0,3.25,0,0,0,1,46.62,11:06:11,10/10/2023,89.04,55.11,--.--
low,1,659,10.98,16.14,2.82,655,45.5148,1.66,9.930315278,06:12.8,6.3,-0.7,94,0,0,0,0.1,0,0,0,-37.7,-37.2,-11.33,-11.305,0,0.98,1304.1,0:07:08,27.4,0,--.--,278,7.8,46,0000:00:00,72,0,70,0,30,0,0,3.22,0,0,0,1,45.51,11:06:12,10/10/2023,89.06,55.11,--.--
low,1,660,11,16.14,2.67,656,43.0938,1.63,9.940402778,06:13.8,5.6,0,94,0,0,0,0.1,0,0,0,-37.7,-37.2,-11.34,-11.324,0,0.96,1304.1,0:07:09,27.8,0,--.--,278,8.1,46,0000:00:00,72,0,70,0,30,0,0,3.15,0,0,0,1,43.1,11:06:13,10/10/2023,89.08,55.11,--.--
low,1,661,11.02,16.15,2.42,657,39.083,1.59,9.950865444,06:14.8,5.7,-0.2,94,0,0,0,0.1,0,0,0,-37.8,-37.2,-11.34,-11.328,0,0.95,1304.1,0:07:10,28.1,0,--.--,278,8.3,47,0000:00:00,72,0,70,0,30,0,0,3.12,0,0,0,1,39.09,11:06:14,10/10/2023,89.1,55.11,--.--
low,1,662,11.03,16.15,2.48,657,40.052,1.6,9.989928361,06:15.8,6.3,-0.5,94,0,0,0,0.1,0,0,0,-37.8,-37.2,-11.35,-11.34,0,0.95,1304.1,0:07:11,28.4,0,--.--,277,8.5,47,0000:00:00,72,0,70,0,30,0,0,3.12,0,0,0,1,40.05,11:06:15,10/10/2023,89.11,55.11,--.--
low,1,663,11.05,16.07,2.45,658,39.3715,1.6,10.00216786,06:16.8,4.5,-1,94,0,0,0,0,0,0,0,-37.9,-37.3,-11.38,-11.371,0,0.93,1304.1,0:07:12,28.6,0,--.--,277,8.7,49,0000:00:00,72,0,70,0,30,0,0,3.05,0,0,0,1,39.38,11:06:16,10/10/2023,89.13,55.11,--.--
low,1,664,11.07,16.15,2.32,659,37.468,1.57,10.01257564,06:17.8,7.4,1.2,95,0,0,0,0.1,0,0,0,-38,-37.4,-11.4,-11.426,0,0.9,1304.1,0:07:13,28.7,0,--.--,277,8.7,49,0000:00:00,72,0,70,0,30,0,0,2.95,0,0,0,1,37.47,11:06:17,10/10/2023,89.13,55.13,--.--
low,1,665,11.08,16.14,2.25,659,36.315,1.56,10.03207814,06:18.8,5.1,0.8,95,0,0,0,0.1,0,0,0,-38,-37.4,-11.4,-11.444,0,0.89,1304.1,0:07:14,28.9,0,--.--,277,8.9,49,0000:00:00,72,0,70,0,30,0,0,2.92,0,0,0,1,36.33,11:06:18,10/10/2023,89.15,55.13,--.--
low,1,666,11.1,15.96,2.36,660,37.6656,1.58,10.04440731,06:19.8,5.7,-0.4,94,0,0,0,0.1,0,0,0.1,-37.8,-37.2,-11.35,-11.406,0,0.91,1304.1,0:07:15,29.1,0,--.--,277,9,43,0000:00:00,72,0,70,0,30,0,0,2.99,0,0,0,1,37.66,11:06:19,10/10/2023,89.17,55.13,--.--
low,1,667,11.12,15.89,8.85,662,140.6265,2.15,10.05601914,06:20.8,5.2,-0.4,94,0,0,0,0.1,0,0,0,-37.6,-37.1,-11.3,-11.335,0,0.97,1304.1,0:07:16,29.3,0,--.--,277,9.2,45,0000:00:00,72,0,70,0,30,0,0,3.18,0,0,0,1,140.61,11:06:20,10/10/2023,89.19,55.11,--.--
low,1,668,11.13,16.14,2.73,663,44.0622,1.64,10.06829586,06:21.8,6.7,0.4,94,0,0,0,0,0,0,0,-37.5,-36.9,-11.26,-11.256,0,1,1304.1,0:07:17,29.4,0,--.--,276,9.3,46,0000:00:00,72,0,70,0,30,0,0,3.28,0,0,0,1,44.06,11:06:21,10/10/2023,89.2,55.11,--.--
low,1,669,11.15,16.15,2.32,663,37.468,1.57,10.09009711,06:22.8,5.1,-1.2,94,0,0,0,0.1,0,0,0.1,-37.4,-36.8,-11.23,-11.196,0,1.03,1304.1,0:07:18,29.5,0,--.--,276,9.4,57,0000:00:00,72,0,70,0,30,0,0,3.38,0,0,0,1,37.46,11:06:22,10/10/2023,89.22,55.13,--.--
low,1,670,11.17,16.14,4.35,665,70.209,1.85,10.11237928,06:23.8,5.4,-0.7,94,0,0,0,0.1,0,0,0,-37.3,-36.7,-11.19,-11.158,0,1.06,1304.1,0:07:19,29.7,0,--.--,276,9.6,49,0000:00:00,72,0,70,0,30,0,0,3.48,0,0,0,1,70.2,11:06:23,10/10/2023,89.24,55.13,--.--
low,1,671,11.18,16.14,2.75,666,44.385,1.65,10.12568653,06:24.8,5.4,-0.6,94,0,0,0,0.1,0,0,0,-37.2,-36.7,-11.18,-11.124,0,1.06,1304.1,0:07:20,29.9,0,--.--,277,9.8,45,0000:00:00,72,0,70,0,30,0,0,3.48,0,0,0,1,44.38,11:06:24,10/10/2023,89.24,55.13,--.--
low,1,672,11.2,16.14,2.59,666,41.8026,1.62,10.1383665,06:25.8,5.9,-0.4,94,0,0,0,0.1,0,0,0,-37.2,-36.7,-11.18,-11.126,0,1.05,1304.1,0:07:21,30.1,0,--.--,277,10,45,0000:00:00,72,0,70,0,30,0,0,3.44,0,0,0,1,41.81,11:06:25,10/10/2023,89.28,55.11,--.--
low,1,673,11.22,16.13,2.74,667,44.1962,1.65,10.15171856,06:26.8,4.3,0.5,94,0,0,0,0.1,0,0,0,-37.3,-36.7,-11.19,-11.146,0,1.03,1304.1,0:07:22,30.4,0,--.--,277,10.2,50,0000:00:00,72,0,70,0,30,0,0,3.38,0,0,0,1,44.21,11:06:26,10/10/2023,89.28,55.13,--.--
low,1,674,11.23,16.05,4.89,668,78.4845,1.89,10.16328556,06:27.8,5.6,-1.5,94,0,0,0,0,0,0,-0.2,-37.4,-36.8,-11.24,-11.168,0,1.03,1304.1,0:07:23,30.6,0,--.--,277,10.5,33,0000:00:00,72,0,70,0,30,0,0,3.38,0,0,0,1,78.51,11:06:27,10/10/2023,89.29,55.11,--.--
low,1,675,11.25,16.14,4.97,669,80.2158,1.9,10.17426972,06:28.8,6.9,0.6,95,0,0,0,0.1,0,0,-0.1,-37.9,-37.3,-11.38,-11.371,0,0.87,1304.1,0:07:24,30.7,0,--.--,277,10.5,53,0000:00:00,72,0,70,0,30,0,0,2.85,0,0,0,1,80.19,11:06:28,10/10/2023,89.31,55.13,--.--
low,1,676,11.27,16.13,2.97,670,47.9061,1.68,10.18511939,06:29.8,6.2,1.7,95,0,0,0,0.1,0,0,0,-38.1,-37.6,-11.45,-11.55,0,0.82,1304.1,0:07:25,30.9,0,--.--,277,10.7,56,0000:00:00,72,0,70,0,30,0,0,2.69,0,0,0,1,47.89,11:06:29,10/10/2023,89.35,55.11,--.--
low,1,677,11.28,16.13,2.83,671,45.6479,1.66,10.19655189,06:30.8,5.6,0.6,94,0,0,0,0.1,0,0,0,-38.2,-37.6,-11.47,-11.623,0,0.8,1304.1,0:07:26,31.1,0,--.--,276,10.9,56,0000:00:00,72,0,70,0,30,0,0,2.62,0,0,0,1,45.65,11:06:30,10/10/2023,89.37,55.11,--.--
low,1,678,11.3,16.13,2.98,672,48.0674,1.68,10.20891822,06:31.8,6,0.3,94,0,0,0,0.1,0,0,0,-38.1,-37.5,-11.44,-11.587,0,0.81,1304.1,0:07:27,31.4,0,--.--,276,11.2,54,0000:00:00,72,0,70,0,30,0,0,2.66,0,0,0,1,48.07,11:06:31,10/10/2023,89.37,55.13,--.--
low,1,679,11.32,16.14,2.58,673,41.6412,1.62,10.22592783,06:32.8,5.8,0.8,94,0,0,0,0.1,0,0,0,-37.9,-37.4,-11.39,-11.507,0,0.85,1304.1,0:07:28,31.6,0,--.--,276,11.4,52,0000:00:00,72,0,70,0,30,0,0,2.79,0,0,0,1,41.65,11:06:32,10/10/2023,89.38,55.13,--.--
low,1,680,11.33,16.14,2.45,673,39.543,1.6,10.23913728,06:33.8,6,0.9,95,0,0,0,0.1,0,0,0,-37.8,-37.3,-11.36,-11.424,0,0.89,1304.1,0:07:29,31.8,0,--.--,276,11.6,50,0000:00:00,72,0,70,0,30,0,0,2.92,0,0,0,1,39.55,11:06:33,10/10/2023,89.4,55.11,--.--
low,1,681,11.35,16.14,2.42,674,39.0588,1.59,10.25150361,06:34.8,5.6,-0.3,94,0,0,0,0.1,0,0,0,-37.7,-37.2,-11.33,-11.365,0,0.89,1304.1,0:07:30,32,0,--.--,277,11.8,50,0000:00:00,72,0,70,0,30,0,0,2.92,0,0,0,1,39.07,11:06:34,10/10/2023,89.42,55.11,--.--
low,1,682,11.37,16.14,2.55,675,41.157,1.61,10.26275678,06:35.8,6.2,-0.4,94,0,0,0,0.1,0,0,0,-37.7,-37.1,-11.31,-11.324,0,0.91,1304.1,0:07:31,32.3,0,--.--,277,12.1,49,0000:00:00,72,0,70,0,30,0,0,2.99,0,0,0,1,41.16,11:06:35,10/10/2023,89.44,55.11,--.--
low,1,683,11.38,16.13,2.76,675,44.5188,1.65,10.27370289,06:36.8,5.8,-0.9,94,0,0,0,0.1,0,0,0,-37.6,-37,-11.29,-11.282,0,0.93,1304.1,0:07:32,32.6,0,--.--,277,12.4,50,0000:00:00,72,0,70,0,30,0,0,3.05,0,0,0,1,44.52,11:06:36,10/10/2023,89.47,55.13,--.--
low,1,684,11.4,16.03,3.82,676,61.2346,1.79,10.28418739,06:37.8,5.1,-1.1,94,0,0,0,0.1,0,0,0,-37.4,-36.9,-11.23,-11.228,0,0.98,1304.1,0:07:33,33,0,--.--,277,12.8,45,0000:00:00,72,0,70,0,30,0,0,3.22,0,0,0,1,61.23,11:06:37,10/10/2023,89.47,55.11,--.--
low,1,685,11.42,16.12,2.95,677,47.554,1.68,10.29736022,06:38.8,5.9,-1.4,94,0,0,0,0.1,0,0,0,-37.3,-36.8,-11.21,-11.173,0,1,1310.8,0:07:34,33.4,0,--.--,277,13.2,47,0000:00:00,72,0,70,0,30,0,0,3.28,0,0,0,1,47.56,11:06:38,10/10/2023,89.49,55.11,--.--
low,1,686,11.43,16.13,2.76,678,44.5188,1.65,10.310085,06:39.8,6,-1,94,0,0,0,0.1,0,0,0,-37.3,-36.8,-11.22,-11.161,0,1.02,1310.8,0:07:35,33.8,0,--.--,277,13.6,47,0000:00:00,72,0,70,0,30,0,0,3.35,0,0,0,1,44.52,11:06:39,10/10/2023,89.51,55.13,--.--
low,1,687,11.45,16.14,2.51,679,40.5114,1.61,10.324942,06:40.8,5.5,-0.4,94,0,0,0,0.1,0,0,0,-37.3,-36.8,-11.22,-11.175,0,1.02,1310.8,0:07:36,34.1,0,--.--,278,14,48,0000:00:00,72,0,70,0,30,0,0,3.35,0,0,0,1,40.52,11:06:40,10/10/2023,89.53,55.11,--.--
low,1,688,11.47,16.15,2.44,679,39.406,1.6,10.33723933,06:41.8,5.6,-0.4,94,0,0,0,0.1,0,0,0,-37.3,-36.8,-11.21,-11.16,0,1.05,1310.8,0:07:37,34.5,0,--.--,278,14.4,45,0000:00:00,72,0,70,0,30,0,0,3.44,0,0,0,1,39.4,11:06:41,10/10/2023,89.53,55.11,--.--
low,1,689,11.48,16.13,2.34,680,37.7442,1.58,10.3492995,06:42.8,6.1,-0.8,94,0,0,0,0.1,0,0,-0.1,-37.6,-37,-11.3,-11.229,0,0.98,1310.8,0:07:38,34.6,0,--.--,278,14.5,52,0000:00:00,72,0,70,0,30,0,0,3.22,0,0,0,1,37.74,11:06:42,10/10/2023,89.55,55.11,--.--
low,1,690,11.5,16.13,2.94,681,47.4222,1.68,10.36367317,06:43.8,4.7,0.9,95,0,0,0,0.1,0,0,-0.1,-37.8,-37.2,-11.36,-11.357,0,0.9,1310.8,0:07:39,34.8,0,--.--,278,14.7,49,0000:00:00,72,0,70,0,30,0,0,2.95,0,0,0,1,47.41,11:06:43,10/10/2023,89.56,55.13,--.--
low,1,691,11.52,16.13,2.84,682,45.8092,1.66,10.37554664,06:44.8,6.1,1.1,95,0,0,0,0.1,0,0,0,-37.9,-37.4,-11.4,-11.456,0,0.84,1310.8,0:07:40,35.1,0,--.--,277,14.9,53,0000:00:00,72,0,70,0,30,0,0,2.76,0,0,0,1,45.8,11:06:44,10/10/2023,89.58,55.13,--.--
low,1,692,11.53,16.11,3.32,682,53.4852,1.73,10.38930194,06:45.8,5.9,0.3,95,0,0,0,0.1,0,0,0,-37.9,-37.4,-11.4,-11.48,0,0.83,1310.8,0:07:41,35.7,0,--.--,277,15.4,53,0000:00:00,72,0,70,0,30,0,0,2.72,0,0,0,1,53.5,11:06:45,10/10/2023,89.6,55.11,--.--
low,1,693,11.55,16.04,2.76,683,44.2704,1.65,10.40260094,06:46.8,5,0.4,95,0,0,0,0.1,0,0,0,-37.8,-37.2,-11.34,-11.411,0,0.85,1310.8,0:07:42,36.1,0,--.--,277,15.8,49,0000:00:00,72,0,70,0,30,0,0,2.79,0,0,0,1,44.28,11:06:46,10/10/2023,89.6,55.13,--.--
low,1,694,11.57,16.14,2.69,684,43.4166,1.64,10.41510944,06:47.8,6.4,-0.5,94,0,0,0,0.1,0,0,0,-37.6,-37.1,-11.3,-11.309,0,0.89,1310.8,0:07:43,36.4,0,--.--,277,16.1,47,0000:00:00,72,0,70,0,30,0,0,2.92,0,0,0,1,43.41,11:06:47,10/10/2023,89.64,55.11,--.--
low,1,695,11.58,16.12,3.21,685,51.7452,1.71,10.42645228,06:48.8,6.4,-0.5,94,0,0,0,0.1,0,0,0,-37.5,-37,-11.27,-11.268,0,0.92,1310.8,0:07:44,36.7,0,--.--,277,16.4,47,0000:00:00,72,0,70,0,30,0,0,3.02,0,0,0,1,51.74,11:06:48,10/10/2023,89.65,55.11,--.--
low,1,696,11.6,16.13,2.65,686,42.7445,1.63,10.43752611,06:49.8,5.4,-0.5,94,0,0,0,0.1,0,0,0,-37.5,-36.9,-11.26,-11.231,0,0.96,1310.8,0:07:45,37,0,--.--,277,16.7,47,0000:00:00,72,0,70,0,30,0,0,3.15,0,0,0,1,42.75,11:06:49,10/10/2023,89.65,55.11,--.--
low,1,697,11.62,16.13,3.07,686,49.5191,1.69,10.44833094,06:50.8,6.5,-1.4,94,0,0,0,0.1,0,0,0,-37.5,-36.9,-11.25,-11.214,0,0.96,1310.8,0:07:46,37.3,0,--.--,277,17.1,47,0000:00:00,72,0,70,0,30,0,0,3.15,0,0,0,1,49.5,11:06:50,10/10/2023,89.67,55.13,--.--
low,1,698,11.63,16.12,2.97,687,47.8764,1.68,10.45877711,06:51.8,5.8,-1.8,95,0,0,0,0.1,0,0,0,-37.4,-36.9,-11.24,-11.193,0,0.94,1310.8,0:07:47,37.8,0,--.--,277,17.5,46,0000:00:00,72,0,70,0,30,0,0,3.08,0,0,0,1,47.89,11:06:51,10/10/2023,89.69,55.13,--.--
low,1,699,11.65,16.14,2.79,688,45.0306,1.65,10.47024733,06:52.8,5.8,-0.8,95,0,0,0,0.1,0,0,0,-37.4,-36.9,-11.24,-11.194,0,0.92,1310.8,0:07:48,38.2,0,--.--,277,17.9,51,0000:00:00,72,0,70,0,30,0,0,3.02,0,0,0,1,45.02,11:06:52,10/10/2023,89.71,55.13,--.--
low,1,700,11.67,16.14,2.53,689,40.8342,1.61,10.484621,06:53.8,5.7,-1.3,95,0,0,0,0.1,0,0,0,-37.4,-36.9,-11.24,-11.198,0,0.92,1310.8,0:07:49,38.6,0,--.--,277,18.2,46,0000:00:00,72,0,70,0,30,0,0,3.02,0,0,0,1,40.83,11:06:53,10/10/2023,89.73,55.11,--.--
low,1,701,11.68,16.14,2.47,689,39.8658,1.6,10.49582933,06:54.8,5.6,-0.7,95,0,0,0,0.1,0,0,0,-37.4,-36.9,-11.24,-11.201,0,0.92,1310.8,0:07:50,38.8,0,--.--,277,18.5,46,0000:00:00,72,0,70,0,30,0,0,3.02,0,0,0,1,39.85,11:06:54,10/10/2023,89.73,55.11,--.--
low,1,702,11.7,16.14,2.41,690,38.8974,1.59,10.507658,06:55.8,6.1,-1,95,0,0,0,0.1,0,0,0,-37.4,-36.9,-11.25,-11.202,0,0.91,1310.8,0:07:51,39.1,0,--.--,277,18.8,46,0000:00:00,72,0,70,0,30,0,0,2.99,0,0,0,1,38.9,11:06:55,10/10/2023,89.74,55.11,--.--
low,1,703,11.72,16.14,2.33,691,37.6062,1.58,10.51935225,06:56.8,5.8,-0.8,95,0,0,0,0.1,0,0,0,-37.5,-36.9,-11.25,-11.217,0,0.9,1310.8,0:07:52,39.3,0,--.--,277,19,47,0000:00:00,72,0,70,0,30,0,0,2.95,0,0,0,1,37.61,11:06:56,10/10/2023,89.76,55.11,--.--
low,1,704,11.73,16.13,2.56,691,41.2928,1.62,10.53037442,06:57.8,5.6,-0.4,95,0,0,0,0.1,0,0,0,-37.5,-37,-11.27,-11.24,0,0.88,1310.8,0:07:53,39.6,0,--.--,277,19.2,47,0000:00:00,72,0,70,0,30,0,0,2.89,0,0,0,1,41.28,11:06:57,10/10/2023,89.76,55.11,--.--
low,1,705,11.75,16.12,3.21,692,51.7452,1.71,10.54216558,06:58.8,6.4,-0.3,95,0,0,0,0.1,0,0,0,-37.6,-37,-11.28,-11.277,0,0.87,1317.4,0:07:54,39.9,0,--.--,277,19.5,48,0000:00:00,72,0,70,0,30,0,0,2.85,0,0,0,1,51.74,11:06:58,10/10/2023,89.8,55.11,--.--
low,1,706,11.77,16.14,2.5,693,40.35,1.61,10.55368775,06:59.8,7.7,-2.5,95,0,0,0,0.1,0,0,0.1,-37.6,-37,-11.28,-11.3,0,0.85,1317.4,0:07:55,40.3,0,--.--,277,19.9,57,0000:00:00,72,0,70,0,30,0,0,2.79,0,0,0,1,40.35,11:06:59,10/10/2023,89.82,55.11,--.--
low,1,707,11.78,16.13,2.64,694,42.5832,1.63,10.56542681,07:00.8,5.3,-0.5,95,0,0,0,0.1,0,0,0,-37.4,-36.9,-11.24,-11.265,0,0.88,1317.4,0:07:56,40.6,0,--.--,277,20.2,47,0000:00:00,72,0,70,0,30,0,0,2.89,0,0,0,1,42.59,11:07:00,10/10/2023,89.83,55.11,--.--
low,1,708,11.8,16.13,2.61,694,42.0993,1.62,10.57712831,07:01.8,5.7,-0.9,95,0,0,0,0.1,0,0,0,-37.3,-36.8,-11.22,-11.203,0,0.9,1317.4,0:07:57,40.9,0,--.--,277,20.6,49,0000:00:00,72,0,70,0,30,0,0,2.95,0,0,0,1,42.11,11:07:01,10/10/2023,89.85,55.11,--.--
low,1,709,11.82,16.13,2.46,695,39.6798,1.6,10.58784347,07:02.8,6,-1.4,95,0,0,0,0.1,0,0,0,-37.3,-36.8,-11.22,-11.2,0,0.89,1317.4,0:07:58,41.3,0,--.--,277,20.9,47,0000:00:00,72,0,70,0,30,0,0,2.92,0,0,0,1,39.68,11:07:02,10/10/2023,89.87,55.11,--.--
low,1,710,11.83,16.14,2.63,696,42.4482,1.63,10.59873797,07:03.8,5.9,-1.1,95,0,0,0,0.1,0,0,0,-37.4,-36.8,-11.22,-11.202,0,0.89,1317.4,0:07:59,41.6,0,--.--,277,21.2,47,0000:00:00,72,0,70,0,30,0,0,2.92,0,0,0,1,42.44,11:07:03,10/10/2023,89.89,55.11,--.--
low,1,711,11.85,16.14,2.57,697,41.4798,1.62,10.60952272,07:04.8,6.4,-0.3,95,0,0,0,0.1,0,0,0,-37.3,-36.8,-11.21,-11.21,0,0.9,1317.4,0:08:00,41.9,0,--.--,277,21.6,44,0000:00:00,72,0,70,0,30,0,0,2.95,0,0,0,1,41.47,11:07:04,10/10/2023,89.89,55.11,--.--
low,1,712,11.87,16.13,2.62,697,42.2606,1.63,10.64224689,07:05.8,5.6,-0.3,95,0,0,0,0.1,0,0,0,-37.3,-36.8,-11.21,-11.202,0,0.91,1317.4,0:08:01,42.2,0,--.--,278,21.9,48,0000:00:00,72,0,70,0,30,0,0,2.99,0,0,0,1,42.27,11:07:05,10/10/2023,89.89,55.11,--.--
low,1,713,11.88,16.14,2.61,698,42.1254,1.62,10.65470283,07:06.8,5.9,-0.8,95,0,0,0,0.1,0,0,0,-37.4,-36.8,-11.23,-11.221,0,0.89,1317.4,0:08:02,42.5,0,--.--,278,22.2,48,0000:00:00,72,0,70,0,30,0,0,2.92,0,0,0,1,42.12,11:07:06,10/10/2023,89.92,55.11,--.--
low,1,714,11.9,16.14,2.39,699,38.5746,1.59,10.66688239,07:07.8,5.7,-0.3,95,0,0,0,0.1,0,0,0,-37.4,-36.8,-11.23,-11.236,0,0.87,1317.4,0:08:03,42.8,0,--.--,278,22.5,48,0000:00:00,72,0,70,0,30,0,0,2.85,0,0,0,1,38.58,11:07:07,10/10/2023,89.92,55.11,--.--
low,1,715,11.92,16.14,2.43,699,39.2202,1.59,10.67822522,07:08.8,5.9,-0.5,95,0,0,0,0.1,0,0,0,-37.4,-36.8,-11.23,-11.237,0,0.86,1317.4,0:08:04,43.1,0,--.--,278,22.8,48,0000:00:00,72,0,70,0,30,0,0,2.82,0,0,0,1,39.22,11:07:08,10/10/2023,89.96,55.11,--.--
low,1,716,11.93,16.11,2.41,700,38.8251,1.59,10.68898522,07:09.8,6.5,-3.2,95,0,0,0,0.1,0,0,0.1,-37.4,-36.8,-11.22,-11.237,0,0.87,1317.4,0:08:05,43.4,0,--.--,278,23,65,0000:00:00,72,0,70,0,30,0,0,2.85,0,0,0,1,38.81,11:07:09,10/10/2023,89.96,55.11,--.--
low,1,717,11.95,16.05,7.34,702,117.807,2.07,10.70045544,07:10.8,5.5,-3,95,0,0,0,0.1,0,0,0,-37,-36.5,-11.11,-11.152,0,0.96,1317.4,0:08:06,43.6,0,--.--,278,23.3,45,0000:00:00,72,0,70,0,30,0,0,3.15,0,0,0,1,117.84,11:07:10,10/10/2023,90,55.11,--.--
low,1,718,11.97,16.13,2.78,703,44.8414,1.65,10.71246333,07:11.8,6.1,-3,95,0,0,0,0.1,0,0,0,-36.8,-36.3,-11.05,-11.017,0,1,1317.4,0:08:07,43.9,0,--.--,278,23.6,44,0000:00:00,72,0,70,0,30,0,0,3.28,0,0,0,1,44.83,11:07:11,10/10/2023,90,55.11,--.--
low,1,719,11.98,16.12,2.72,703,43.8464,1.64,10.72474006,07:12.8,5.9,-2.1,95,0,0,0,0.1,0,0,0,-36.8,-36.3,-11.05,-10.981,0,1.01,1317.4,0:08:08,44.2,0,--.--,278,23.9,44,0000:00:00,72,0,70,0,30,0,0,3.31,0,0,0,1,43.85,11:07:12,10/10/2023,90.01,55.11,--.--
low,1,720,12,16.14,2.53,704,40.8342,1.61,10.73665833,07:13.8,6.7,-2.9,95,0,0,0,0,0,0,-0.1,-37,-36.4,-11.11,-11.017,0,0.97,1317.4,0:08:09,44.4,0,--.--,278,24.1,50,0000:00:00,72,0,70,0,30,0,0,3.18,0,0,0,1,40.83,11:07:13,10/10/2023,90.03,55.11,--.--
low,1,721,12.02,16.14,2.4,705,38.736,1.59,10.74799414,07:14.8,5.4,1.8,95,0,0,0,0.1,0,0,0,-37.1,-36.6,-11.16,-11.137,0,0.9,1317.4,0:08:10,44.5,0,--.--,278,24.2,49,0000:00:00,72,0,70,0,30,0,0,2.95,0,0,0,1,38.73,11:07:14,10/10/2023,90.05,55.11,--.--
low,1,722,12.03,16.13,2.56,706,41.2928,1.62,10.76039603,07:15.8,6.2,1.4,95,0,0,0,0.1,0,0,0,-37.3,-36.7,-11.2,-11.217,0,0.87,1317.4,0:08:11,44.7,0,--.--,278,24.4,50,0000:00:00,72,0,70,0,30,0,0,2.85,0,0,0,1,41.29,11:07:15,10/10/2023,90.05,55.11,--.--
low,1,723,12.05,16.13,2.68,706,43.2284,1.64,10.77164919,07:16.8,6.4,0.2,95,0,0,0,0.1,0,0,0,-37.3,-36.8,-11.22,-11.277,0,0.83,1317.4,0:08:12,45,0,--.--,278,24.6,51,0000:00:00,72,0,70,0,30,0,0,2.72,0,0,0,1,43.22,11:07:16,10/10/2023,90.05,55.13,--.--
low,1,724,12.07,16.13,2.74,707,44.1962,1.65,10.78285058,07:17.8,6.1,0.3,95,0,0,0,0.1,0,0,0,-37.3,-36.8,-11.21,-11.289,0,0.84,1317.4,0:08:13,45.3,0,--.--,277,24.9,51,0000:00:00,72,0,70,0,30,0,0,2.76,0,0,0,1,44.2,11:07:17,10/10/2023,90.09,55.11,--.--
low,1,725,12.08,16.13,2.66,708,42.9058,1.63,10.7950825,07:18.8,5.7,-0.2,95,0,0,0,0.1,0,0,0,-37.3,-36.7,-11.2,-11.254,0,0.84,1317.4,0:08:14,45.7,0,--.--,277,25.3,50,0000:00:00,72,0,70,0,30,0,0,2.76,0,0,0,1,42.9,11:07:18,10/10/2023,90.1,55.11,--.--
low,1,726,12.1,16.13,2.53,709,40.8089,1.61,10.806784,07:19.8,5.4,-1.1,95,0,0,0,0.1,0,0,0,-37.2,-36.7,-11.18,-11.229,0,0.85,1317.4,0:08:15,46,0,--.--,277,25.6,50,0000:00:00,72,0,70,0,30,0,0,2.79,0,0,0,1,40.82,11:07:19,10/10/2023,90.12,55.11,--.--
low,1,727,12.12,16.06,2.78,709,44.6468,1.65,10.81816461,07:20.8,6,-3.8,94,0,0,0,0.1,0,0,0,-37.1,-36.6,-11.15,-11.198,0,0.86,1317.4,0:08:16,46.3,0,--.--,277,25.9,47,0000:00:00,72,0,70,0,30,0,0,2.82,0,0,0,1,44.65,11:07:20,10/10/2023,90.14,55.11,--.--
low,1,728,12.13,16.14,2.51,710,40.5114,1.61,10.82945561,07:21.8,5.7,0.2,95,0,0,0,0.1,0,0,0,-37,-36.5,-11.11,-11.113,0,0.92,1324.1,0:08:17,46.5,0,--.--,277,26.1,47,0000:00:00,72,0,70,0,30,0,0,3.02,0,0,0,1,40.5,11:07:21,10/10/2023,90.14,55.11,--.--
low,1,729,12.15,16.13,2.5,711,40.325,1.61,10.84039494,07:22.8,5.8,-1.8,95,0,0,0,0.1,0,0,0,-37,-36.4,-11.1,-11.073,0,0.91,1324.1,0:08:18,46.8,0,--.--,277,26.4,47,0000:00:00,72,0,70,0,30,0,0,2.99,0,0,0,1,40.34,11:07:22,10/10/2023,90.16,55.11,--.--
low,1,730,12.17,16.13,2.73,711,44.0349,1.64,10.85106528,07:23.8,6.5,-1.7,95,0,0,0,0.1,0,0,0,-37,-36.4,-11.1,-11.071,0,0.92,1324.1,0:08:19,47.1,0,--.--,277,26.7,47,0000:00:00,72,0,70,0,30,0,0,3.02,0,0,0,1,44.02,11:07:23,10/10/2023,90.18,55.11,--.--
low,1,731,12.18,16.14,2.61,712,42.1254,1.62,10.86209428,07:24.8,5.8,-1.4,95,0,0,0,0.1,0,0,0,-37,-36.4,-11.1,-11.07,0,0.91,1324.1,0:08:20,47.4,0,--.--,277,27,47,0000:00:00,72,0,70,0,30,0,0,2.99,0,0,0,1,42.11,11:07:24,10/10/2023,90.19,55.11,--.--
low,1,732,12.2,16.13,2.54,713,40.9702,1.61,10.87303361,07:25.8,5.9,-1.2,95,0,0,0,0.1,0,0,0,-37,-36.4,-11.1,-11.073,0,0.91,1324.1,0:08:21,47.8,0,--.--,277,27.4,49,0000:00:00,72,0,70,0,30,0,0,2.99,0,0,0,1,40.97,11:07:25,10/10/2023,90.19,55.11,--.--
low,1,733,12.22,16.13,2.52,714,40.6476,1.61,10.88337728,07:26.8,6.4,-1.3,95,0,0,0,0.1,0,0,0,-37,-36.5,-11.11,-11.075,0,0.92,1324.1,0:08:22,48,0,--.--,278,27.6,47,0000:00:00,72,0,70,0,30,0,0,3.02,0,0,0,1,40.66,11:07:26,10/10/2023,90.21,55.11,--.--
low,1,734,12.23,16.14,2.44,714,39.3816,1.6,10.89448906,07:27.8,5.7,-0.9,95,0,0,0,0.1,0,0,0,-37,-36.5,-11.11,-11.091,0,0.93,1324.1,0:08:23,48.3,0,--.--,277,27.9,47,0000:00:00,72,0,70,0,30,0,0,3.05,0,0,0,1,39.37,11:07:27,10/10/2023,90.21,55.11,--.--
low,1,735,12.25,16.14,2.38,715,38.4132,1.58,10.90498006,07:28.8,6.1,-2.4,95,0,0,0,0.1,0,0,0,-37,-36.5,-11.11,-11.107,0,0.92,1324.1,0:08:24,48.5,0,--.--,277,28.1,50,0000:00:00,72,0,70,0,30,0,0,3.02,0,0,0,1,38.4,11:07:28,10/10/2023,90.25,55.11,--.--
low,1,736,12.27,16.14,2.46,716,39.7044,1.6,10.91623322,07:29.8,6,0,95,0,0,0,0.1,0,0,0,-36.9,-36.4,-11.09,-11.1,0,0.93,1324.1,0:08:25,48.7,0,--.--,278,28.3,48,0000:00:00,72,0,70,0,30,0,0,3.05,0,0,0,1,39.7,11:07:29,10/10/2023,90.27,55.11,--.--
low,1,737,12.28,16.14,2.44,717,39.3816,1.6,10.92779306,07:30.8,5.9,-1.2,95,0,0,0,0.1,0,0,0,-36.9,-36.4,-11.09,-11.076,0,0.93,1324.1,0:08:26,49,0,--.--,278,28.6,47,0000:00:00,72,0,70,0,30,0,0,3.05,0,0,0,1,39.37,11:07:30,10/10/2023,90.27,55.11,--.--
low,1,738,12.3,16.12,2.31,718,37.2372,1.57,10.93930808,07:31.8,6.3,-0.9,95,0,0,0,0.1,0,0,0,-36.9,-36.3,-11.07,-11.073,0,0.94,1324.1,0:08:27,49.2,0,--.--,278,28.8,47,0000:00:00,72,0,70,0,30,0,0,3.08,0,0,0,1,37.23,11:07:31,10/10/2023,90.3,55.11,--.--
low,1,739,12.32,16.13,2.48,718,40.0024,1.6,10.95041986,07:32.8,5.7,-1,95,0,0,0,0.1,0,0,0,-36.9,-36.3,-11.07,-11.055,0,0.96,1324.1,0:08:28,49.4,0,--.--,278,29,47,0000:00:00,72,0,70,0,30,0,0,3.15,0,0,0,1,40.01,11:07:32,10/10/2023,90.3,55.11,--.--
low,1,740,12.33,16.14,2.34,719,37.7676,1.58,10.96122469,07:33.8,6.1,-1,95,0,0,0,0.1,0,0,0,-36.9,-36.3,-11.07,-11.059,0,0.96,1324.1,0:08:29,49.6,0,--.--,278,29.2,47,0000:00:00,72,0,70,0,30,0,0,3.15,0,0,0,1,37.77,11:07:33,10/10/2023,90.32,55.11,--.--
low,1,741,12.35,16.14,2.51,720,40.5114,1.61,10.97269492,07:34.8,6.2,-2.2,95,0,0,0,0.1,0,0,0,-36.8,-36.2,-11.04,-11.055,0,0.95,1324.1,0:08:30,49.8,0,--.--,278,29.4,43,0000:00:00,72,0,70,0,30,0,0,3.12,0,0,0,1,40.51,11:07:34,10/10/2023,90.32,55.11,--.--
low,1,742,12.37,16.13,2.58,720,41.6154,1.62,10.98362747,07:35.8,5.8,-1.4,95,0,0,0,0.1,0,0,0,-36.7,-36.1,-11.01,-10.996,0,1,1324.1,0:08:31,50,0,--.--,278,29.6,46,0000:00:00,72,0,70,0,30,0,0,3.28,0,0,0,1,41.63,11:07:35,10/10/2023,90.34,55.11,--.--
low,1,743,12.38,16.13,2.57,721,41.4541,1.62,10.99487367,07:36.8,6.1,-1.8,94,0,0,0,0.1,0,0,0,-36.6,-36.1,-11.01,-10.969,0,1.01,1324.1,0:08:32,50.3,0,--.--,278,29.9,46,0000:00:00,72,0,70,0,30,0,0,3.31,0,0,0,1,41.45,11:07:36,10/10/2023,90.34,55.11,--.--
low,1,744,12.4,16.13,2.48,722,40.0024,1.6,11.00603339,07:37.8,6.1,-1,94,0,0,0,0.1,0,0,0,-36.7,-36.1,-11.01,-10.973,0,1.02,1324.1,0:08:33,50.5,0,--.--,278,30.1,46,0000:00:00,72,0,70,0,30,0,0,3.35,0,0,0,1,40,11:07:37,10/10/2023,90.37,55.13,--.--
low,1,745,12.42,16.14,2.41,723,38.8974,1.59,11.01683153,07:38.8,6.1,-1.2,95,0,0,0,0.1,0,0,0,-36.7,-36.2,-11.02,-10.992,0,1.01,1324.1,0:08:34,50.7,0,--.--,278,30.3,55,0000:00:00,72,0,70,0,30,0,0,3.31,0,0,0,1,38.89,11:07:38,10/10/2023,90.37,55.11,--.--
low,1,746,12.43,16.13,2.56,723,41.2928,1.62,11.02696386,07:39.8,5.6,-0.9,95,0,0,0,0.1,0,0,0,-36.6,-36.1,-11,-10.985,0,1.02,1324.1,0:08:35,50.9,0,--.--,278,30.6,46,0000:00:00,72,0,70,0,30,0,0,3.35,0,0,0,1,41.3,11:07:39,10/10/2023,90.41,55.11,--.--
low,1,747,12.45,16.13,2.44,724,39.3572,1.6,11.037762,07:40.8,6.1,-1.4,95,0,0,0,0.1,0,0,0,-36.7,-36.1,-11.01,-10.985,0,1.01,1324.1,0:08:36,51.1,0,--.--,278,30.8,46,0000:00:00,72,0,70,0,30,0,0,3.31,0,0,0,1,39.36,11:07:40,10/10/2023,90.43,55.11,--.--
low,1,748,12.47,16.13,2.51,725,40.4863,1.61,11.05053158,07:41.8,6,-0.8,94,0,0,0,0.1,0,0,0,-36.7,-36.1,-11.01,-10.99,0,1.02,1324.1,0:08:37,51.4,0,--.--,278,31,64,0000:00:00,72,0,70,0,30,0,0,3.35,0,0,0,1,40.5,11:07:41,10/10/2023,90.45,55.11,--.--
low,1,749,12.48,16.07,2.5,725,40.175,1.6,11.06262908,07:42.8,5.8,-1.8,94,0,0,0,0.1,0,0,0,-36.6,-36.1,-10.99,-10.989,0,1.03,1324.1,0:08:38,51.6,0,--.--,278,31.2,45,0000:00:00,72,0,70,0,30,0,0,3.38,0,0,0,1,40.16,11:07:42,10/10/2023,90.46,55.11,--.--
low,1,750,12.5,16.13,2.41,726,38.8733,1.59,11.07436814,07:43.8,6.1,-1.1,95,0,0,0,0,0,0,0,-36.6,-36.1,-10.99,-10.983,0,1.04,1324.1,0:08:39,51.7,0,--.--,278,31.4,38,0000:00:00,72,0,70,0,30,0,0,3.41,0,0,0,1,38.87,11:07:43,10/10/2023,90.48,55.11,--.--
low,1,751,12.52,16.14,2.26,727,36.4764,1.56,11.086152,07:44.8,6.8,-1.1,95,0,0,0,0,0,0,0,-36.8,-36.3,-11.06,-11.046,0,0.99,1324.1,0:08:40,51.8,0,--.--,278,31.5,49,0000:00:00,72,0,70,0,30,0,0,3.25,0,0,0,1,36.47,11:07:44,10/10/2023,90.5,55.11,--.--
low,1,752,12.53,16.13,2.41,727,38.8733,1.59,11.09802547,07:45.8,5.9,-0.3,95,0,0,0,0.1,0,0,-0.1,-36.9,-36.4,-11.1,-11.122,0,0.96,1324.1,0:08:41,52,0,--.--,278,31.6,42,0000:00:00,72,0,70,0,30,0,0,3.15,0,0,0,1,38.87,11:07:45,10/10/2023,90.5,55.11,--.--
low,1,753,12.55,16.13,2.85,728,45.9705,1.66,11.10833075,07:46.8,6.5,-0.8,95,0,0,0,0,0,0,0,-37.1,-36.5,-11.14,-11.209,0,0.91,1324.1,0:08:42,52.1,0,--.--,278,31.7,53,0000:00:00,72,0,70,0,30,0,0,2.99,0,0,0,1,45.98,11:07:46,10/10/2023,90.54,55.11,--.--
low,1,754,12.57,16.13,2.7,729,43.551,1.64,11.11873208,07:47.8,5.9,0.2,95,0,0,0,0.1,0,0,0,-37.1,-36.5,-11.14,-11.232,0,0.9,1324.1,0:08:43,52.2,0,--.--,278,31.9,53,0000:00:00,72,0,70,0,30,0,0,2.95,0,0,0,1,43.54,11:07:47,10/10/2023,90.54,55.11,--.--
low,1,755,12.58,16.13,2.62,730,42.2606,1.63,11.13002308,07:48.8,6.4,0,95,0,0,0,0.1,0,0,0,-37.1,-36.5,-11.13,-11.226,0,0.91,1324.1,0:08:44,52.5,0,--.--,278,32.1,52,0000:00:00,72,0,70,0,30,0,0,2.99,0,0,0,1,42.26,11:07:48,10/10/2023,90.57,55.11,--.--
low,1,756,12.6,16.13,2.63,730,42.4219,1.63,11.14015542,07:49.8,6.1,-0.5,95,0,0,0,0.1,0,0,0,-37,-36.5,-11.12,-11.192,0,0.9,1324.1,0:08:45,52.8,0,--.--,278,32.4,52,0000:00:00,72,0,70,0,30,0,0,2.95,0,0,0,1,42.42,11:07:49,10/10/2023,90.59,55.11,--.--
low,1,757,12.62,16.13,2.65,731,42.7445,1.63,11.15077433,07:50.8,6,-0.3,95,0,0,0,0.1,0,0,0,-37,-36.4,-11.1,-11.151,0,0.93,1330.6,0:08:46,53.1,0,--.--,278,32.7,51,0000:00:00,72,0,70,0,30,0,0,3.05,0,0,0,1,42.73,11:07:50,10/10/2023,90.59,55.11,--.--
low,1,758,12.63,16.13,2.3,732,37.099,1.57,11.16157917,07:51.8,6.4,-0.7,95,0,0,0,0.1,0,0,0,-36.9,-36.4,-11.08,-11.123,0,0.97,1330.6,0:08:47,53.4,0,--.--,278,33,50,0000:00:00,72,0,70,0,30,0,0,3.18,0,0,0,1,37.1,11:07:51,10/10/2023,90.61,55.11,--.--
low,1,759,12.65,16.14,2.32,732,37.4448,1.57,11.17270117,07:52.8,6,-0.7,95,0,0,0,0.1,0,0,0,-36.8,-36.3,-11.06,-11.071,0,0.99,1330.6,0:08:48,53.6,0,--.--,278,33.3,49,0000:00:00,72,0,70,0,30,0,0,3.25,0,0,0,1,37.43,11:07:52,10/10/2023,90.63,55.11,--.--
low,1,760,12.67,16.13,2.52,733,40.6476,1.61,11.18430581,07:53.8,6,-0.4,95,0,0,0,0.1,0,0,0,-36.8,-36.2,-11.04,-11.044,0,1,1330.6,0:08:49,53.9,0,--.--,278,33.6,48,0000:00:00,72,0,70,0,30,0,0,3.28,0,0,0,1,40.65,11:07:53,10/10/2023,90.63,55.11,--.--
low,1,761,12.68,16.14,2.26,734,36.4764,1.56,11.19675403,07:54.8,7,-1.8,95,0,0,0,0.1,0,0,0,-36.8,-36.2,-11.04,-11.03,0,1.03,1330.6,0:08:50,54.2,0,--.--,278,33.9,48,0000:00:00,72,0,70,0,30,0,0,3.38,0,0,0,1,36.48,11:07:54,10/10/2023,90.64,55.11,--.--
low,1,762,12.7,16.13,2.37,734,38.2281,1.58,11.20822425,07:55.8,5.5,-0.7,94,0,0,0,0.1,0,0,0,-36.7,-36.2,-11.03,-11.01,0,1.03,1330.6,0:08:51,54.5,0,--.--,278,34.1,48,0000:00:00,72,0,70,0,30,0,0,3.38,0,0,0,1,38.23,11:07:55,10/10/2023,90.66,55.11,--.--
low,1,763,12.72,16.14,2.41,735,38.8974,1.59,11.22005292,07:56.8,6.1,-1.4,95,0,0,0,0.1,0,0,0,-36.7,-36.2,-11.02,-10.988,0,1.04,1330.6,0:08:52,54.7,0,--.--,278,34.4,47,0000:00:00,72,0,70,0,30,0,0,3.41,0,0,0,1,38.89,11:07:56,10/10/2023,90.66,55.11,--.--
low,1,764,12.73,16.08,2.49,736,40.0392,1.6,11.23134392,07:57.8,6.2,-4.4,94,0,0,0,0.1,0,0,-0.1,-36.7,-36.2,-11.04,-10.971,0,1.05,1330.6,0:08:53,54.9,0,--.--,279,34.6,38,0000:00:00,72,0,70,0,30,0,0,3.44,0,0,0,1,40.04,11:07:57,10/10/2023,90.7,55.11,--.--
low,1,765,12.75,16.13,2.59,736,41.7767,1.62,11.24259011,07:58.8,8.5,1.1,95,0,0,0,0.1,0,0,0,-36.9,-36.4,-11.09,-11.056,0,0.96,1330.6,0:08:54,55.1,0,--.--,278,34.8,49,0000:00:00,72,0,70,0,30,0,0,3.15,0,0,0,1,41.77,11:07:58,10/10/2023,90.72,55.11,--.--
low,1,766,12.77,16.12,2.78,737,44.8136,1.65,11.25468761,07:59.8,6.7,1,95,0,0,0,0.1,0,0,0,-37,-36.5,-11.11,-11.113,0,0.98,1330.6,0:08:55,55.4,0,--.--,278,35.1,50,0000:00:00,72,0,70,0,30,0,0,3.22,0,0,0,1,44.81,11:07:59,10/10/2023,90.72,55.09,--.--
low,1,767,12.78,16.13,2.56,738,41.2928,1.62,11.26566497,08:00.8,5.6,-0.5,95,0,0,0,0.1,0,0,0,-37,-36.5,-11.12,-11.153,0,0.95,1330.6,0:08:56,55.7,0,--.--,278,35.3,51,0000:00:00,72,0,70,0,30,0,0,3.12,0,0,0,1,41.3,11:08:00,10/10/2023,90.73,55.11,--.--
low,1,768,12.8,16.13,2.64,739,42.5832,1.63,11.27721764,08:01.8,6.1,0.3,95,0,0,0,0.1,0,0,0,-37,-36.5,-11.12,-11.151,0,0.94,1330.6,0:08:57,56,0,--.--,278,35.6,50,0000:00:00,72,0,70,0,30,0,0,3.08,0,0,0,1,42.58,11:08:01,10/10/2023,90.75,55.11,--.--
low,1,769,12.82,16.13,2.52,739,40.6476,1.61,11.28859825,08:02.8,5.8,-0.5,95,0,0,0,0.1,0,0,0,-37,-36.5,-11.12,-11.147,0,0.94,1330.6,0:08:58,56.3,0,--.--,278,35.9,50,0000:00:00,72,0,70,0,30,0,0,3.08,0,0,0,1,40.63,11:08:02,10/10/2023,90.75,55.09,--.--
low,1,770,12.83,16.13,2.51,740,40.4863,1.61,11.30033731,08:03.8,6.3,-1.4,95,0,0,0,0.1,0,0,0,-37,-36.5,-11.11,-11.148,0,0.96,1330.6,0:08:59,56.6,0,--.--,278,36.2,50,0000:00:00,72,0,70,0,30,0,0,3.15,0,0,0,1,40.48,11:08:03,10/10/2023,90.77,55.11,--.--
low,1,771,12.85,16.13,2.7,741,43.551,1.64,11.31166608,08:04.8,6.2,-0.6,95,0,0,0,0.1,0,0,0,-37,-36.4,-11.09,-11.114,0,0.97,1330.6,0:09:00,56.9,0,--.--,278,36.5,49,0000:00:00,72,0,70,0,30,0,0,3.18,0,0,0,1,43.54,11:08:04,10/10/2023,90.79,55.11,--.--
low,1,772,12.87,16.13,2.45,742,39.5185,1.6,11.32640608,08:05.8,6.5,-0.7,95,0,0,0,0.1,0,0,0,-36.9,-36.4,-11.08,-11.072,0,0.98,1330.6,0:09:01,57.3,0,--.--,278,36.9,48,0000:00:00,72,0,70,0,30,0,0,3.22,0,0,0,1,39.51,11:08:05,10/10/2023,90.79,55.09,--.--
low,1,773,12.88,16.12,2.58,742,41.5896,1.62,11.33810033,08:06.8,6.6,-1.4,95,0,0,0,0.1,0,0,0,-36.9,-36.3,-11.07,-11.053,0,0.99,1330.6,0:09:02,57.6,0,--.--,278,37.2,48,0000:00:00,72,0,70,0,30,0,0,3.25,0,0,0,1,41.6,11:08:06,10/10/2023,90.82,55.11,--.--
low,1,774,12.9,16.13,2.54,743,40.9702,1.61,11.35040658,08:07.8,5.8,-0.7,95,0,0,0,0.1,0,0,0,-36.8,-36.3,-11.06,-11.047,0,1,1330.6,0:09:03,57.9,0,--.--,278,37.5,48,0000:00:00,72,0,70,0,30,0,0,3.28,0,0,0,1,40.97,11:08:07,10/10/2023,90.82,55.11,--.--
low,1,775,12.92,16.13,2.62,744,42.2606,1.63,11.36281003,08:08.8,6.3,-0.8,94,0,0,0,0.1,0,0,0,-36.8,-36.3,-11.06,-11.032,0,1,1330.6,0:09:04,58.3,0,--.--,278,37.9,48,0000:00:00,72,0,70,0,30,0,0,3.28,0,0,0,1,42.26,11:08:08,10/10/2023,90.86,55.11,--.--
low,1,776,12.93,16.12,2.53,744,40.7836,1.61,11.37436986,08:09.8,5.8,0.1,91,0,0,0,0.1,0,0,0,-36.8,-36.3,-11.05,-11.026,0,1,1330.6,0:09:05,58.6,0,--.--,278,38.2,49,0000:00:00,72,0,70,0,30,0,0,3.28,0,0,0,1,40.78,11:08:09,10/10/2023,90.86,55.09,--.--
low,1,777,12.95,16.08,3.3,745,53.064,1.72,11.38575047,08:10.8,5.3,-0.7,87,0,0,0,0.1,0,0,0,-36.8,-36.2,-11.04,-11.008,0,1,1330.6,0:09:06,59,0,--.--,278,38.5,47,0000:00:00,72,0,70,0,30,0,0,3.28,0,0,0,1,53.07,11:08:10,10/10/2023,90.88,55.09,--.--
low,1,778,12.97,16.13,2.61,746,42.0993,1.62,11.39690706,08:11.8,6.8,0.4,81,0,0,0,0.1,0,0,0,-36.8,-36.2,-11.04,-11.008,0,1.02,1330.6,0:09:07,59.3,0,--.--,277,38.8,47,0000:00:00,72,0,70,0,30,0,0,3.35,0,0,0,1,42.09,11:08:11,10/10/2023,90.88,55.09,--.--
low,1,779,12.98,16.11,2.75,747,44.3025,1.65,11.40792922,08:12.8,5.9,-0.6,76,0,0,0,0.1,0,0,0,-36.8,-36.2,-11.04,-11.007,0,1.02,1337.2,0:09:08,59.6,0,--.--,277,39.1,47,0000:00:00,72,0,70,0,30,0,0,3.35,0,0,0,1,44.31,11:08:12,10/10/2023,90.9,55.09,--.--
low,1,780,13,16.12,2.77,747,44.6524,1.65,11.41948906,08:13.8,6.4,-0.4,77,0,0,0,0.1,0,0,0,-36.8,-36.2,-11.04,-11.009,0,1.01,1337.2,0:09:09,59.9,0,--.--,277,39.4,46,0000:00:00,72,0,70,0,30,0,0,3.31,0,0,0,1,44.66,11:08:13,10/10/2023,90.91,55.11,--.--
low,1,781,13.02,16.13,2.58,748,41.6154,1.62,11.4295255,08:14.8,6.5,-0.4,77,0,0,0,0.1,0,0,0,-36.7,-36.2,-11.03,-11.001,0,1,1337.2,0:09:10,60.3,0,--.--,277,39.8,46,0000:00:00,72,0,70,0,30,0,0,3.28,0,0,0,1,41.6,11:08:14,10/10/2023,90.93,55.09,--.--
low,1,782,13.03,16.13,2.54,749,40.9702,1.61,11.44113014,08:15.8,6.9,0.3,77,0,0,0,0.1,0,0,0,-36.7,-36.2,-11.03,-10.986,0,1,1337.2,0:09:11,60.6,0,--.--,277,40,46,0000:00:00,72,0,70,0,30,0,0,3.28,0,0,0,1,40.96,11:08:15,10/10/2023,90.95,55.09,--.--
low,1,783,13.05,16.13,2.49,750,40.1637,1.6,11.45148022,08:16.8,6.9,0.1,77,0,0,0,0.1,0,0,0,-36.8,-36.2,-11.04,-11.003,0,1,1337.2,0:09:12,60.8,0,--.--,277,40.3,46,0000:00:00,72,0,70,0,30,0,0,3.28,0,0,0,1,40.16,11:08:16,10/10/2023,90.95,55.09,--.--
low,1,784,13.07,16.13,2.46,750,39.6798,1.6,11.46276422,08:17.8,6.6,0.1,77,0,0,0,0.1,0,0,0,-36.8,-36.3,-11.05,-11.021,0,0.98,1337.2,0:09:13,61.1,0,--.--,277,40.6,46,0000:00:00,72,0,70,0,30,0,0,3.22,0,0,0,1,39.68,11:08:17,10/10/2023,90.99,55.09,--.--
low,1,785,13.08,16.13,2.58,751,41.6154,1.62,11.47524947,08:18.8,7,0.4,77,0,0,0,0.1,0,0,0,-36.8,-36.3,-11.05,-11.024,0,0.98,1337.2,0:09:14,61.4,0,--.--,277,40.9,47,0000:00:00,72,0,70,0,30,0,0,3.22,0,0,0,1,41.6,11:08:18,10/10/2023,91,55.09,--.--
low,1,786,13.1,16.13,2.24,752,36.1312,1.56,11.48698125,08:19.8,6.8,0.1,77,0,0,0,0.1,0,0,0,-36.8,-36.3,-11.05,-11.025,0,0.97,1337.2,0:09:15,61.7,0,--.--,277,41.1,46,0000:00:00,72,0,70,0,30,0,0,3.18,0,0,0,1,36.13,11:08:19,10/10/2023,91,55.11,--.--
low,1,787,13.12,16.13,2.59,752,41.7767,1.62,11.49980525,08:20.8,6.3,0.1,77,0,0,0,0.1,0,0,0,-36.8,-36.3,-11.06,-11.043,0,0.98,1337.2,0:09:16,61.9,0,--.--,277,41.4,47,0000:00:00,72,0,70,0,30,0,0,3.22,0,0,0,1,41.76,11:08:20,10/10/2023,91.02,55.11,--.--
low,1,788,13.13,16.13,2.31,753,37.2603,1.57,11.51171614,08:21.8,6.6,0.6,76,0,0,0,0.1,0,0,0,-36.8,-36.3,-11.06,-11.046,0,0.97,1337.2,0:09:17,62.1,0,--.--,277,41.6,46,0000:00:00,72,0,70,0,30,0,0,3.18,0,0,0,1,37.26,11:08:21,10/10/2023,91.04,55.09,--.--
low,1,789,13.15,16.12,2.52,754,40.6224,1.61,11.52442514,08:22.8,6.3,0,77,0,0,0,0.1,0,0,0,-36.8,-36.3,-11.06,-11.043,0,0.99,1337.2,0:09:18,62.3,0,--.--,277,41.8,46,0000:00:00,72,0,70,0,30,0,0,3.25,0,0,0,1,40.62,11:08:22,10/10/2023,91.06,55.11,--.--
low,1,790,13.17,16.11,2.79,754,44.9469,1.65,11.53522328,08:23.8,6.6,0.4,77,0,0,0,0.1,0,0,0,-36.8,-36.3,-11.05,-11.026,0,0.98,1337.2,0:09:19,62.6,0,--.--,276,42.1,45,0000:00:00,72,0,70,0,30,0,0,3.22,0,0,0,1,44.96,11:08:23,10/10/2023,91.08,55.11,--.--
low,1,791,13.18,16.12,2.62,755,42.2344,1.63,11.54543894,08:24.8,6.7,0.3,76,0,0,0,0.1,0,0,0,-36.8,-36.3,-11.06,-11.029,0,0.96,1337.2,0:09:20,62.9,0,--.--,276,42.4,46,0000:00:00,72,0,70,0,30,0,0,3.15,0,0,0,1,42.24,11:08:24,10/10/2023,91.08,55.11,--.--
low,1,792,13.2,16.03,2.88,756,46.1664,1.66,11.55847736,08:25.8,6.2,0.4,77,0,0,0,0.1,0,0,0,-37,-36.4,-11.11,-11.086,0,0.93,1337.2,0:09:21,63.1,0,--.--,276,42.5,49,0000:00:00,72,0,70,0,30,0,0,3.05,0,0,0,1,46.16,11:08:25,10/10/2023,91.09,55.09,--.--
low,1,793,13.22,16.12,2.66,757,42.8792,1.63,11.56909628,08:26.8,6.7,2.2,77,0,0,0,0.1,0,0,0,-37.1,-36.5,-11.15,-11.167,0,0.9,1337.2,0:09:22,63.3,0,--.--,276,42.7,49,0000:00:00,72,0,70,0,30,0,0,2.95,0,0,0,1,42.87,11:08:26,10/10/2023,91.11,55.09,--.--
low,1,794,13.23,16.11,2.84,757,45.7524,1.66,11.57984961,08:27.8,6.3,1.8,77,0,0,0,0.1,0,0,0,-37.1,-36.6,-11.15,-11.204,0,0.87,1337.2,0:09:23,63.6,0,--.--,276,43,50,0000:00:00,72,0,70,0,30,0,0,2.85,0,0,0,1,45.76,11:08:27,10/10/2023,91.11,55.11,--.--
low,1,795,13.25,16.13,2.41,758,38.8733,1.59,11.5921635,08:28.8,5.7,-0.2,77,0,0,0,0.1,0,0,0,-37.1,-36.6,-11.15,-11.205,0,0.85,1337.2,0:09:24,64,0,--.--,275,43.4,50,0000:00:00,72,0,70,0,30,0,0,2.79,0,0,0,1,38.87,11:08:28,10/10/2023,91.11,55.09,--.--
low,1,796,13.27,16.13,2.28,759,36.7764,1.57,11.60362661,08:29.8,5.9,0.1,77,0,0,0,0.1,0,0,0,-37.1,-36.5,-11.13,-11.182,0,0.85,1337.2,0:09:25,64.3,0,--.--,275,43.6,49,0000:00:00,72,0,70,0,30,0,0,2.79,0,0,0,1,36.77,11:08:29,10/10/2023,91.15,55.09,--.--
low,1,797,13.28,16.13,2.91,759,46.9383,1.67,11.61496242,08:30.8,6.9,0.1,76,0,0,0,0.1,0,0,0,-37,-36.4,-11.1,-11.137,0,0.85,1337.2,0:09:26,64.6,0,--.--,275,43.9,48,0000:00:00,72,0,70,0,30,0,0,2.79,0,0,0,1,46.93,11:08:30,10/10/2023,91.17,55.11,--.--
low,1,798,13.3,16.13,2.37,760,38.2281,1.58,11.62677642,08:31.8,5.4,0.8,76,0,0,0,0.1,0,0,0,-36.9,-36.4,-11.08,-11.083,0,0.88,1337.2,0:09:27,64.8,0,--.--,275,44.2,47,0000:00:00,72,0,70,0,30,0,0,2.89,0,0,0,1,38.23,11:08:31,10/10/2023,91.18,55.09,--.--
low,1,799,13.32,16.13,2.4,761,38.712,1.59,11.63788131,08:32.8,6.9,0.2,76,0,0,0,0.1,0,0,0,-36.9,-36.3,-11.07,-11.058,0,0.9,1337.2,0:09:28,65.1,0,--.--,275,44.4,46,0000:00:00,72,0,70,0,30,0,0,2.95,0,0,0,1,38.71,11:08:32,10/10/2023,91.2,55.11,--.--
low,1,800,13.33,16.12,2.75,762,44.33,1.65,11.64953075,08:33.8,6.8,0.1,76,0,0,0,0.1,0,0,0,-36.8,-36.3,-11.06,-11.041,0,0.9,1337.2,0:09:29,65.3,0,--.--,275,44.6,46,0000:00:00,72,0,70,0,30,0,0,2.95,0,0,0,1,44.33,11:08:33,10/10/2023,91.22,55.11,--.--
low,1,801,13.35,16.12,2.56,762,41.2672,1.62,11.66085953,08:34.8,5.7,0,76,0,0,0,0.1,0,0,0,-36.8,-36.3,-11.05,-11.035,0,0.89,1343.8,0:09:30,65.6,0,--.--,275,44.9,46,0000:00:00,72,0,70,0,30,0,0,2.92,0,0,0,1,41.27,11:08:34,10/10/2023,91.22,55.09,--.--
low,1,802,13.37,16.13,2.53,763,40.8089,1.61,11.67133103,08:35.8,6.7,0,76,0,0,0,0.1,0,0,0,-36.8,-36.3,-11.05,-11.023,0,0.9,1343.8,0:09:31,66,0,--.--,275,45.3,46,0000:00:00,72,0,70,0,30,0,0,2.95,0,0,0,1,40.8,11:08:35,10/10/2023,91.24,55.11,--.--
low,1,803,13.38,16.11,2.64,764,42.5304,1.63,11.68207769,08:36.8,6.4,0.4,76,0,0,0,0.1,0,0,0,-36.8,-36.3,-11.05,-11.027,0,0.9,1343.8,0:09:32,66.3,0,--.--,275,45.6,45,0000:00:00,72,0,70,0,30,0,0,2.95,0,0,0,1,42.54,11:08:36,10/10/2023,91.24,55.11,--.--
low,1,804,13.4,16.12,2.48,765,39.9776,1.6,11.69425725,08:37.8,6.2,0.2,76,0,0,0,0.1,0,0,0,-36.8,-36.2,-11.04,-11.01,0,0.89,1343.8,0:09:33,66.6,0,--.--,274,45.8,45,0000:00:00,72,0,70,0,30,0,0,2.92,0,0,0,1,39.98,11:08:37,10/10/2023,91.27,55.09,--.--
low,1,805,13.42,16.13,2.6,765,41.938,1.62,11.72181658,08:38.8,6,0.2,76,0,0,0,0.1,0,0,0,-36.7,-36.2,-11.04,-11.005,0,0.88,1343.8,0:09:34,66.8,0,--.--,274,46.1,45,0000:00:00,72,0,70,0,30,0,0,2.89,0,0,0,1,41.93,11:08:38,10/10/2023,91.27,55.11,--.--
low,1,806,13.43,16.12,2.53,766,40.7836,1.61,11.73305581,08:39.8,6.1,0.4,76,0,0,0,0.1,0,0,0,-36.8,-36.2,-11.04,-11.007,0,0.87,1343.8,0:09:35,67.1,0,--.--,274,46.4,45,0000:00:00,72,0,70,0,30,0,0,2.85,0,0,0,1,40.79,11:08:39,10/10/2023,91.27,55.09,--.--
low,1,807,13.45,16.11,2.34,767,37.6974,1.58,11.74460131,08:40.8,5.7,1.2,76,0,0,0,0.1,0,0,0,-36.7,-36.2,-11.03,-11.032,0,0.88,1343.8,0:09:36,67.3,0,--.--,274,46.6,45,0000:00:00,72,0,70,0,30,0,0,2.89,0,0,0,1,37.69,11:08:40,10/10/2023,91.31,55.11,--.--
low,1,808,13.47,16.12,2.4,767,38.688,1.59,11.76224375,08:41.8,6.7,0.1,76,0,0,0,0.1,0,0,0,-36.7,-36.2,-11.03,-11.026,0,0.89,1343.8,0:09:37,67.5,0,--.--,274,46.7,47,0000:00:00,72,0,70,0,30,0,0,2.92,0,0,0,1,38.69,11:08:41,10/10/2023,91.33,55.11,--.--
low,1,809,13.48,16.12,2.72,768,43.8464,1.64,11.77410986,08:42.8,5.8,-0.1,76,0,0,0,0.1,0,0,0,-36.7,-36.2,-11.02,-11.012,0,0.87,1343.8,0:09:38,67.7,0,--.--,274,47,53,0000:00:00,72,0,70,0,30,0,0,2.85,0,0,0,1,43.84,11:08:42,10/10/2023,91.33,55.11,--.--
low,1,810,13.5,16.08,6.17,769,99.2136,2,11.78958028,08:43.8,5.9,1.3,76,0,0,0,0.1,0,0,0,-36.6,-36.1,-11,-10.996,0,0.9,1343.8,0:09:39,68,0,--.--,274,47.2,47,0000:00:00,72,0,70,0,30,0,0,2.95,0,0,0,1,99.23,11:08:43,10/10/2023,91.35,55.11,--.--
low,1,811,13.52,16.12,2.51,770,40.4612,1.61,11.80627203,08:44.8,6.9,0.1,76,0,0,0,0.1,0,0,0,-36.6,-36.1,-11,-10.996,0,0.89,1343.8,0:09:40,68.3,0,--.--,274,47.5,46,0000:00:00,72,0,70,0,30,0,0,2.92,0,0,0,1,40.46,11:08:44,10/10/2023,91.36,55.11,--.--
low,1,812,13.53,16.11,2.58,771,41.5638,1.62,11.81860003,08:45.8,6.2,0.6,77,0,0,0,0.1,0,0,0,-36.6,-36.1,-10.98,-10.981,0,0.88,1343.8,0:09:41,68.5,0,--.--,273,47.8,44,0000:00:00,72,0,70,0,30,0,0,2.89,0,0,0,1,41.56,11:08:45,10/10/2023,91.36,55.09,--.--
low,1,813,13.55,16.12,3.94,772,63.5128,1.8,11.83081678,08:46.8,6,0.2,76,0,0,0,0.1,0,0,0,-36.5,-36,-10.96,-10.958,0,0.88,1343.8,0:09:42,68.8,0,--.--,273,48,45,0000:00:00,72,0,70,0,30,0,0,2.89,0,0,0,1,63.51,11:08:46,10/10/2023,91.4,55.09,--.--
low,1,814,13.57,16.12,2.65,773,42.718,1.63,11.84125,08:47.8,6.4,0.2,77,0,0,0,0.1,0,0,0,-36.5,-35.9,-10.95,-10.933,0,0.88,1343.8,0:09:43,69.1,0,--.--,273,48.3,41,0000:00:00,72,0,70,0,30,0,0,2.89,0,0,0,1,42.72,11:08:47,10/10/2023,91.4,55.09,--.--
low,1,815,13.58,16.05,3.47,773,55.6935,1.75,11.85163844,08:48.8,6.2,2.9,77,0,0,0,0.1,0,0,0,-36.4,-35.9,-10.93,-10.925,0,0.89,1343.8,0:09:44,69.4,0,--.--,273,48.6,45,0000:00:00,72,0,70,0,30,0,0,2.92,0,0,0,1,55.7,11:08:48,10/10/2023,91.4,55.11,--.--
low,1,816,13.6,16.11,3.73,774,60.0903,1.78,11.86264694,08:49.8,6.1,-0.3,77,0,0,0,0.1,0,0,0,-36.4,-35.8,-10.92,-10.899,0,0.91,1343.8,0:09:45,69.6,0,--.--,273,48.8,48,0000:00:00,72,0,70,0,30,0,0,2.99,0,0,0,1,60.1,11:08:49,10/10/2023,91.4,55.11,--.--
low,1,817,13.62,16.08,2.76,775,44.3808,1.65,11.90010317,08:50.8,5.8,0.1,77,0,0,0,0.1,0,0,0,-36.3,-35.8,-10.91,-10.896,0,0.9,1343.8,0:09:46,69.8,0,--.--,273,49,46,0000:00:00,72,0,70,0,30,0,0,2.95,0,0,0,1,44.38,11:08:50,10/10/2023,91.44,55.11,--.--
low,1,818,13.63,16.11,2.73,776,43.9803,1.64,11.91214092,08:51.8,8.1,1.4,77,0,0,0,0.1,0,0,0.1,-36.3,-35.7,-10.88,-10.858,0,0.9,1343.8,0:09:47,70.1,0,--.--,273,49.3,61,0000:00:00,72,0,70,0,30,0,0,2.95,0,0,0,1,43.98,11:08:51,10/10/2023,91.45,55.11,--.--
low,1,819,13.65,16.12,2.33,777,37.5596,1.57,11.92266369,08:52.8,4.8,1.1,77,0,0,0,0.1,0,0,0,-36.2,-35.6,-10.85,-10.857,0,0.94,1343.8,0:09:48,70.3,0,--.--,273,49.5,65,0000:00:00,72,0,70,0,30,0,0,3.08,0,0,0,1,37.56,11:08:52,10/10/2023,91.47,55.11,--.--
low,1,820,13.67,16.12,2.32,777,37.3984,1.57,11.95907992,08:53.8,6.5,0.1,77,0,0,0,0,0,0,0,-36,-35.4,-10.79,-10.802,0,0.99,1343.8,0:09:49,70.5,0,--.--,273,49.7,45,0000:00:00,72,0,70,0,30,0,0,3.25,0,0,0,1,37.41,11:08:53,10/10/2023,91.49,55.09,--.--
low,1,821,13.68,16.11,2.46,778,39.6306,1.6,11.97128908,08:54.8,6.4,0.2,77,0,0,0,0.1,0,0,0,-35.8,-35.3,-10.75,-10.727,0,1.02,1343.8,0:09:50,70.6,0,--.--,273,49.8,43,0000:00:00,72,0,70,0,30,0,0,3.35,0,0,0,1,39.64,11:08:54,10/10/2023,91.49,55.11,--.--
low,1,822,13.7,15.92,8.47,779,134.8424,2.13,11.98811794,08:55.8,7.3,1.7,77,0,0,0,0.1,0,0,0,-36,-35.5,-10.82,-10.775,0,0.98,1343.8,0:09:51,70.9,0,--.--,273,50,48,0000:00:00,72,0,70,0,30,0,0,3.22,0,0,0,1,134.85,11:08:55,10/10/2023,91.51,55.11,--.--
low,1,823,13.72,16.11,2.69,780,43.3359,1.64,12.00481289,08:56.8,7,2.3,78,0,0,0,0.1,0,0,0,-36.2,-35.6,-10.87,-10.876,0,0.93,1343.8,0:09:52,71,0,--.--,272,50.2,50,0000:00:00,72,0,70,0,30,0,0,3.05,0,0,0,1,43.34,11:08:56,10/10/2023,91.53,55.11,--.--
low,1,824,13.73,16.12,2.35,781,37.882,1.58,12.03977039,08:57.8,5.5,0.3,77,0,0,0,0.1,0,0,0,-36.3,-35.7,-10.89,-10.949,0,0.88,1343.8,0:09:53,71.3,0,--.--,272,50.4,65,0000:00:00,72,0,70,0,30,0,0,2.89,0,0,0,1,37.88,11:08:57,10/10/2023,91.54,55.11,--.--
low,1,825,13.75,15.91,8.24,782,131.0984,2.12,12.05320669,08:58.8,6.4,0.8,77,0,0,0,0,0,0,0.3,-35.9,-35.3,-10.7,-10.876,0,0.95,1350.4,0:09:54,71.4,0,--.--,272,50.6,61,0000:00:00,72,0,70,0,30,0,0,3.12,0,0,0,1,131.1,11:08:58,10/10/2023,91.56,55.09,--.--
low,1,826,13.77,16.1,2.73,786,43.953,1.64,12.06594461,08:59.8,5.7,-1.1,77,0,0,0,0.1,0,0,0.1,-35.1,-34.5,-10.5,-10.569,0,1.17,1350.4,0:09:55,71.6,0,--.--,272,50.8,42,0000:00:00,72,0,70,0,30,0,0,3.84,0,0,0,1,43.96,11:08:59,10/10/2023,91.56,55.13,--.--
low,1,827,13.78,16.07,3.77,787,60.5839,1.78,12.08108661,09:00.8,6.1,-0.7,77,0,0,0,0.1,0,0,0,-34.8,-34.3,-10.43,-10.349,0,1.26,1350.4,0:09:56,71.8,0,--.--,272,50.9,43,0000:00:00,72,0,70,0,30,0,0,4.13,0,0,0,1,60.58,11:09:00,10/10/2023,91.6,55.09,--.--
low,1,828,13.8,16.07,3.74,788,60.1018,1.78,12.09409269,09:01.8,5.5,0.5,77,0,0,0,0.1,0,0,-0.2,-34.8,-34.3,-10.49,-10.328,0,1.26,1350.4,0:09:57,72,0,--.--,272,51.2,33,0000:00:00,72,0,70,0,30,0,0,4.13,0,0,0,1,60.12,11:09:01,10/10/2023,91.62,55.11,--.--
low,1,829,13.82,15.93,7.9,790,125.847,2.1,12.10616769,09:02.8,6.1,0.7,77,0,0,0,0.1,0,0,-0.1,-35.4,-34.9,-10.67,-10.576,0,1.09,1350.4,0:09:58,72.1,0,--.--,272,55.3,56,0000:00:00,72,0,70,0,30,0,0,3.58,0,0,0,1,125.86,11:09:02,10/10/2023,91.62,55.09,--.--
low,1,830,13.83,16.07,3.01,792,48.3707,1.68,12.11722094,09:03.8,7.1,2.5,78,0,0,0,0.1,0,0,0,-35.8,-35.3,-10.77,-10.826,0,0.99,1350.4,0:09:59,72.2,0,--.--,272,55.4,55,0000:00:00,72,0,70,0,30,0,0,3.25,0,0,0,1,48.38,11:09:03,10/10/2023,91.63,55.11,--.--
low,1,831,13.85,16.09,2.85,792,45.8565,1.66,12.12916178,09:04.8,6.3,1.8,77,0,0,0,0.1,0,0,0,-35.9,-35.4,-10.79,-10.927,0,0.94,1350.4,0:10:00,72.3,0,--.--,272,55.6,56,0000:00:00,72,0,70,0,30,0,0,3.08,0,0,0,1,45.87,11:09:04,10/10/2023,91.65,55.11,--.--
low,1,832,13.87,16.08,3.39,793,54.5112,1.74,12.14061778,09:05.8,6.3,1.6,77,0,0,0,0.1,0,0,0,-35.9,-35.4,-10.77,-10.91,0,0.94,1350.4,0:10:01,72.6,0,--.--,272,55.8,54,0000:00:00,72,0,70,0,30,0,0,3.08,0,0,0,1,54.52,11:09:05,10/10/2023,91.67,55.11,--.--
low,1,833,13.88,16.09,2.91,794,46.8219,1.67,12.15115911,09:06.8,6.3,0.6,77,0,0,0,0.1,0,0,0,-35.8,-35.2,-10.74,-10.847,0,0.93,1350.4,0:10:02,72.9,0,--.--,272,56.2,53,0000:00:00,72,0,70,0,30,0,0,3.05,0,0,0,1,46.82,11:09:06,10/10/2023,91.69,55.11,--.--
low,1,834,13.9,16.1,2.7,795,43.47,1.64,12.16386022,09:07.8,6.7,0,77,0,0,0,0.1,0,0,0,-35.7,-35.1,-10.71,-10.786,0,0.97,1350.4,0:10:03,73.2,0,--.--,272,56.5,52,0000:00:00,72,0,70,0,30,0,0,3.18,0,0,0,1,43.47,11:09:07,10/10/2023,91.69,55.11,--.--
low,1,835,13.92,16.11,2.47,796,39.7917,1.6,12.175488,09:08.8,5.9,-1,77,0,0,0,0.1,0,0,0,-35.6,-35,-10.68,-10.728,0,0.94,1350.4,0:10:04,73.5,0,--.--,272,56.8,50,0000:00:00,72,0,70,0,30,0,0,3.08,0,0,0,1,39.78,11:09:08,10/10/2023,91.72,55.11,--.--
low,1,836,13.93,16.1,2.67,796,42.987,1.63,12.1888825,09:09.8,6.2,-1.7,77,0,0,0,0.1,0,0,0,-35.5,-34.9,-10.65,-10.669,0,0.99,1350.4,0:10:05,73.8,0,--.--,272,57,49,0000:00:00,72,0,70,0,30,0,0,3.25,0,0,0,1,42.99,11:09:09,10/10/2023,91.72,55.09,--.--
low,1,837,13.95,16.11,2.56,797,41.2416,1.62,12.19904075,09:10.8,6.4,-0.2,77,0,0,0,0.1,0,0,0,-35.4,-34.8,-10.61,-10.605,0,1.01,1350.4,0:10:06,74.1,0,--.--,271,57.3,46,0000:00:00,72,0,70,0,30,0,0,3.31,0,0,0,1,41.24,11:09:10,10/10/2023,91.72,55.11,--.--
low,1,838,13.97,16.08,2.36,798,37.9488,1.58,12.22426408,09:11.8,5.8,-0.6,79,0,0,0,0.1,0,0,0,-35.3,-34.8,-10.59,-10.55,0,1.03,1350.4,0:10:07,74.3,0,--.--,271,57.6,45,0000:00:00,72,0,70,0,30,0,0,3.38,0,0,0,1,37.96,11:09:11,10/10/2023,91.76,55.11,--.--
low,1,839,13.98,16.1,2.84,799,45.724,1.66,12.23589908,09:12.8,5.5,0.4,78,0,0,0,0,0,0,-0.1,-35.5,-34.9,-10.67,-10.569,0,1.01,1350.4,0:10:08,74.5,0,--.--,271,57.8,53,0000:00:00,72,0,70,0,30,0,0,3.31,0,0,0,1,45.73,11:09:12,10/10/2023,91.78,55.11,--.--
low,1,840,14,16.1,2.6,800,41.86,1.62,12.24739269,09:13.8,7.2,0.4,78,0,0,0,0.1,0,0,0,-35.7,-35.2,-10.74,-10.732,0,0.91,1350.4,0:10:09,74.7,0,--.--,271,58,52,0000:00:00,72,0,70,0,30,0,0,2.99,0,0,0,1,41.85,11:09:13,10/10/2023,91.78,55.13,--.--
low,1,841,14.02,16.02,3.01,801,48.2202,1.68,12.25910992,09:14.8,4.9,0.4,78,0,0,0,0,0,0,0,-35.8,-35.3,-10.75,-10.818,0,0.86,1350.4,0:10:10,74.8,0,--.--,271,58.1,51,0000:00:00,72,0,70,0,30,0,0,2.82,0,0,0,1,48.23,11:09:14,10/10/2023,91.8,55.09,--.--
low,1,842,14.03,16.11,2.27,801,36.5697,1.56,12.27070017,09:15.8,6,2,78,0,0,0,0,0,0,0,-35.8,-35.2,-10.73,-10.787,0,0.89,1350.4,0:10:11,74.9,0,--.--,271,58.2,54,0000:00:00,72,0,70,0,30,0,0,2.92,0,0,0,1,36.57,11:09:15,10/10/2023,91.8,55.09,--.--
low,1,843,14.05,16.1,5.64,803,90.804,1.96,12.28398267,09:16.8,6.2,-0.1,78,0,0,0,0.1,0,0,0,-35.7,-35.1,-10.7,-10.747,0,0.9,1350.4,0:10:12,75.1,0,--.--,271,58.4,51,0000:00:00,72,0,70,0,30,0,0,2.95,0,0,0,1,90.82,11:09:16,10/10/2023,91.83,55.11,--.--
low,1,844,14.07,16.11,2.6,803,41.886,1.62,12.29636303,09:17.8,7.5,-0.1,78,0,0,0,0.1,0,0,0,-35.6,-35,-10.67,-10.685,0,0.93,1350.4,0:10:13,75.3,0,--.--,271,58.6,49,0000:00:00,72,0,70,0,30,0,0,3.05,0,0,0,1,41.88,11:09:17,10/10/2023,91.83,55.11,--.--
low,1,845,14.08,16.1,2.57,804,41.377,1.62,12.31289997,09:18.8,6.5,-1,78,0,0,0,0.1,0,0,0,-35.5,-35,-10.65,-10.643,0,0.94,1350.4,0:10:14,75.6,0,--.--,271,58.9,48,0000:00:00,72,0,70,0,30,0,0,3.08,0,0,0,1,41.37,11:09:18,10/10/2023,91.85,55.11,--.--
low,1,846,14.1,16.1,2.62,805,42.182,1.63,12.32537747,09:19.8,5.5,-0.9,78,0,0,0,0.1,0,0,0,-35.4,-34.9,-10.64,-10.604,0,0.95,1350.4,0:10:15,75.9,0,--.--,271,59.1,47,0000:00:00,72,0,70,0,30,0,0,3.12,0,0,0,1,42.19,11:09:19,10/10/2023,91.85,55.11,--.--
low,1,847,14.12,16.11,2.59,805,41.7249,1.62,12.33842825,09:20.8,6,-1.3,78,0,0,0,0.1,0,0,0,-35.4,-34.9,-10.63,-10.583,0,0.97,1350.4,0:10:16,76.1,0,--.--,271,59.4,46,0000:00:00,72,0,70,0,30,0,0,3.18,0,0,0,1,41.71,11:09:20,10/10/2023,91.85,55.11,--.--
low,1,848,14.13,16.1,2.97,806,47.817,1.68,12.35077158,09:21.8,5.7,-0.2,78,0,0,0,0.1,0,0,0,-35.4,-34.8,-10.62,-10.565,0,0.97,1350.4,0:10:17,76.4,0,--.--,271,59.7,46,0000:00:00,72,0,70,0,30,0,0,3.18,0,0,0,1,47.81,11:09:21,10/10/2023,91.89,55.11,--.--
low,1,849,14.15,16.09,2.77,807,44.5693,1.65,12.36230992,09:22.8,5.3,-1.3,78,0,0,0,0.1,0,0,0,-35.4,-34.8,-10.62,-10.561,0,0.97,1350.4,0:10:18,76.8,0,--.--,271,60.1,45,0000:00:00,72,0,70,0,30,0,0,3.18,0,0,0,1,44.58,11:09:22,10/10/2023,91.9,55.11,--.--
low,1,850,14.17,16.09,3.7,808,59.533,1.77,12.37420603,09:23.8,5.9,-1.9,77,0,0,0,0.1,0,0,0,-35.4,-34.8,-10.62,-10.562,0,0.96,1350.4,0:10:19,77.2,0,--.--,272,64.5,46,0000:00:00,72,0,70,0,30,0,0,3.15,0,0,0,1,59.53,11:09:23,10/10/2023,91.9,55.11,--.--
low,1,851,14.18,16.1,2.79,809,44.919,1.65,12.38615428,09:24.8,5.4,0.4,78,0,0,0,0.1,0,0,0,-35.4,-34.9,-10.63,-10.58,0,0.94,1350.4,0:10:20,77.5,0,--.--,272,64.8,46,0000:00:00,72,0,70,0,30,0,0,3.08,0,0,0,1,44.91,11:09:24,10/10/2023,91.92,55.11,--.--
low,1,852,14.2,16.09,2.92,810,46.9828,1.67,12.39930261,09:25.8,7.1,0.5,78,0,0,0,0.1,0,0,0,-35.5,-34.9,-10.65,-10.606,0,0.93,1350.4,0:10:21,77.8,0,--.--,272,65.2,47,0000:00:00,72,0,70,0,30,0,0,3.05,0,0,0,1,46.97,11:09:25,10/10/2023,91.94,55.11,--.--
low,1,853,14.22,16.1,2.76,810,44.436,1.65,12.41102711,09:26.8,5.2,-0.2,78,0,0,0,0.1,0,0,0,-35.5,-35,-10.66,-10.639,0,0.91,1357.1,0:10:22,78.1,0,--.--,271,65.4,47,0000:00:00,72,0,70,0,30,0,0,2.99,0,0,0,1,44.45,11:09:26,10/10/2023,91.94,55.09,--.--
low,1,854,14.23,16.1,2.58,811,41.538,1.62,12.4223795,09:27.8,6.1,-0.5,78,0,0,0,0.1,0,0,0,-35.5,-35,-10.66,-10.638,0,0.89,1357.1,0:10:23,78.3,0,--.--,271,65.7,47,0000:00:00,72,0,70,0,30,0,0,2.92,0,0,0,1,41.55,11:09:27,10/10/2023,91.96,55.11,--.--
low,1,855,14.25,16.1,2.66,812,42.826,1.63,12.43661,09:28.8,5.6,0.4,78,0,0,0,0.1,0,0,0,-35.5,-35,-10.66,-10.641,0,0.87,1357.1,0:10:24,78.5,0,--.--,271,65.9,46,0000:00:00,72,0,70,0,30,0,0,2.85,0,0,0,1,42.84,11:09:28,10/10/2023,91.98,55.11,--.--
low,1,856,14.27,16.11,2.67,813,43.0137,1.63,12.45073344,09:29.8,5.4,0.3,78,0,0,0,0.1,0,0,0,-35.5,-34.9,-10.65,-10.623,0,0.88,1357.1,0:10:25,78.8,0,--.--,271,66.2,46,0000:00:00,72,0,70,0,30,0,0,2.89,0,0,0,1,43,11:09:29,10/10/2023,91.98,55.13,--.--
low,1,857,14.28,16.1,2.94,813,47.334,1.68,12.46445464,09:30.8,5.3,-0.4,78,0,0,0,0.1,0,0,0,-35.5,-34.9,-10.64,-10.629,0,0.87,1357.1,0:10:26,79,0,--.--,271,66.4,44,0000:00:00,72,0,70,0,30,0,0,2.85,0,0,0,1,47.33,11:09:30,10/10/2023,91.99,55.11,--.--
low,1,858,14.3,16.11,2.62,814,42.2082,1.63,12.47838197,09:31.8,5.5,0.8,78,0,0,0,0.1,0,0,0,-35.4,-34.9,-10.63,-10.599,0,0.89,1357.1,0:10:27,79.2,0,--.--,271,66.6,46,0000:00:00,72,0,70,0,30,0,0,2.92,0,0,0,1,42.2,11:09:31,10/10/2023,92.01,55.11,--.--
low,1,859,14.32,16.09,2.54,815,40.8686,1.61,12.49135142,09:32.8,5.5,0.4,77,0,0,0,0,0,0,0.1,-35.4,-34.8,-10.59,-10.588,0,0.9,1357.1,0:10:28,79.4,0,--.--,271,66.7,50,0000:00:00,72,0,70,0,30,0,0,2.95,0,0,0,1,40.87,11:09:32,10/10/2023,92.01,55.11,--.--
low,1,860,14.33,16.11,3.18,816,51.2298,1.71,12.50409725,09:33.8,4.7,2.3,78,0,0,0,0.1,0,0,0,-35.2,-34.6,-10.55,-10.521,0,0.96,1357.1,0:10:29,79.5,0,--.--,271,66.8,44,0000:00:00,72,0,70,0,30,0,0,3.15,0,0,0,1,51.22,11:09:33,10/10/2023,92.05,55.11,--.--
low,1,861,14.35,16.09,3.16,817,50.8444,1.71,12.52455458,09:34.8,5.1,1.5,78,0,0,0,0.1,0,0,0,-35.1,-34.6,-10.55,-10.484,0,0.98,1357.1,0:10:30,79.6,0,--.--,271,67,45,0000:00:00,72,0,70,0,30,0,0,3.22,0,0,0,1,50.83,11:09:34,10/10/2023,92.05,55.11,--.--
low,1,862,14.37,16.09,3.07,817,49.3963,1.69,12.53730042,09:35.8,5.8,1,78,0,0,0,0.1,0,0,0,-35.2,-34.6,-10.57,-10.522,0,0.96,1357.1,0:10:31,79.8,0,--.--,271,67.2,46,0000:00:00,72,0,70,0,30,0,0,3.15,0,0,0,1,49.41,11:09:35,10/10/2023,92.07,55.11,--.--
low,1,863,14.38,16.07,3.12,818,50.1384,1.7,12.56559392,09:36.8,5.5,1.1,78,0,0,0,0.1,0,0,0,-35.2,-34.7,-10.58,-10.544,0,0.95,1357.1,0:10:32,80,0,--.--,271,67.4,46,0000:00:00,72,0,70,0,30,0,0,3.12,0,0,0,1,50.14,11:09:36,10/10/2023,92.08,55.11,--.--
low,1,864,14.4,16.1,2.9,819,46.69,1.67,12.57742322,09:37.8,5.2,1.1,78,0,0,0,0.1,0,0,0,-35.3,-34.7,-10.59,-10.563,0,0.92,1357.1,0:10:33,80.3,0,--.--,271,67.7,46,0000:00:00,72,0,70,0,30,0,0,3.02,0,0,0,1,46.68,11:09:37,10/10/2023,92.1,55.11,--.--
low,1,865,14.42,16.1,2.85,820,45.885,1.66,12.59934092,09:38.8,5.7,0.8,78,0,0,0,0.1,0,0,0.1,-35.3,-34.7,-10.58,-10.575,0,0.91,1357.1,0:10:34,80.7,0,--.--,271,68,61,0000:00:00,72,0,70,0,30,0,0,2.99,0,0,0,1,45.88,11:09:38,10/10/2023,92.1,55.11,--.--
low,1,866,14.43,16.08,4.58,821,73.6464,1.87,12.61265158,09:39.8,5.3,0.4,78,0,0,0,0.1,0,0,0,-35.2,-34.6,-10.55,-10.561,0,0.93,1357.1,0:10:35,81,0,--.--,271,68.4,47,0000:00:00,72,0,70,0,30,0,0,3.05,0,0,0,1,73.66,11:09:39,10/10/2023,92.12,55.11,--.--
low,1,867,14.45,16.1,2.85,822,45.885,1.66,12.62703425,09:40.8,5.2,0.1,78,0,0,0,0.1,0,0,0,-35.2,-34.6,-10.55,-10.544,0,0.93,1357.1,0:10:36,81.3,0,--.--,271,68.7,59,0000:00:00,72,0,70,0,30,0,0,3.05,0,0,0,1,45.88,11:09:40,10/10/2023,92.14,55.11,--.--
low,1,868,14.47,15.94,6.39,823,101.8566,2.01,12.64110425,09:41.8,4.7,2.5,78,0,0,0,0.1,0,0,0.1,-34.9,-34.4,-10.45,-10.498,0,0.97,1357.1,0:10:37,81.6,0,--.--,271,68.9,47,0000:00:00,72,0,70,0,30,0,0,3.18,0,0,0,1,101.86,11:09:41,10/10/2023,92.14,55.11,--.--
low,1,869,14.48,16.07,2.65,824,42.5855,1.63,12.65348461,09:42.8,4.7,2.2,78,0,0,0,0,0,0,-0.1,-34.7,-34.2,-10.43,-10.4,0,1.05,1357.1,0:10:38,81.8,0,--.--,271,69.2,33,0000:00:00,72,0,70,0,30,0,0,3.44,0,0,0,1,42.59,11:09:42,10/10/2023,92.14,55.11,--.--
low,1,870,14.5,16.07,4.91,825,78.9037,1.9,12.66537333,09:43.8,5.9,2.1,79,0,0,0,0.1,0,0,-0.1,-35,-34.5,-10.54,-10.495,0,0.96,1357.1,0:10:39,82,0,--.--,271,69.3,54,0000:00:00,72,0,70,0,30,0,0,3.15,0,0,0,1,78.88,11:09:43,10/10/2023,92.17,55.11,--.--
low,1,871,14.52,16.08,2.98,826,47.9184,1.68,12.67749306,09:44.8,6.2,2,79,0,0,0,0.1,0,0,0,-35.3,-34.8,-10.61,-10.676,0,0.86,1357.1,0:10:40,82.2,0,--.--,271,69.6,53,0000:00:00,72,0,70,0,30,0,0,2.82,0,0,0,1,47.92,11:09:44,10/10/2023,92.17,55.11,--.--
low,1,872,14.53,16.08,3.22,827,51.7776,1.71,12.68970222,09:45.8,5.3,2.7,79,0,0,0,0.1,0,0,0,-35.4,-34.8,-10.62,-10.735,0,0.85,1357.1,0:10:41,82.5,0,--.--,271,69.9,53,0000:00:00,72,0,70,0,30,0,0,2.79,0,0,0,1,51.77,11:09:45,10/10/2023,92.21,55.11,--.--
low,1,873,14.55,16.08,3.15,828,50.652,1.7,12.70128528,09:46.8,4.9,1.8,78,0,0,0,0.1,0,0,0.1,-35.3,-34.8,-10.59,-10.729,0,0.84,1357.1,0:10:42,82.9,0,--.--,271,70.3,49,0000:00:00,72,0,70,0,30,0,0,2.76,0,0,0,1,50.65,11:09:46,10/10/2023,92.23,55.11,--.--
low,1,874,14.57,16.09,2.77,829,44.5693,1.65,12.71322611,09:47.8,6.5,-0.5,78,0,0,0,0.1,0,0,0,-35.2,-34.6,-10.54,-10.624,0,0.88,1357.1,0:10:43,83.2,0,--.--,271,70.6,50,0000:00:00,72,0,70,0,30,0,0,2.89,0,0,0,1,44.58,11:09:47,10/10/2023,92.25,55.11,--.--
low,1,875,14.58,16.09,2.66,830,42.7994,1.63,12.72941556,09:48.8,6.1,-1.5,79,0,0,0,0.1,0,0,0,-35,-34.4,-10.49,-10.524,0,0.91,1357.1,0:10:44,83.5,0,--.--,271,70.9,48,0000:00:00,72,0,70,0,30,0,0,2.99,0,0,0,1,42.81,11:09:48,10/10/2023,92.26,55.11,--.--
low,1,876,14.6,16.1,2.71,830,43.631,1.64,12.74277089,09:49.8,5.1,-1.1,78,0,0,0,0.1,0,0,0,-34.9,-34.3,-10.45,-10.429,0,0.94,1357.1,0:10:45,83.8,0,--.--,271,71.2,45,0000:00:00,72,0,70,0,30,0,0,3.08,0,0,0,1,43.63,11:09:49,10/10/2023,92.26,55.09,--.--
low,1,877,14.62,16.1,2.73,831,43.953,1.64,12.75309531,09:50.8,5.4,-0.6,78,0,0,0,0.1,0,0,0,-34.8,-34.2,-10.43,-10.369,0,0.96,1357.1,0:10:46,84,0,--.--,271,71.5,45,0000:00:00,72,0,70,0,30,0,0,3.15,0,0,0,1,43.95,11:09:50,10/10/2023,92.28,55.11,--.--
low,1,878,14.63,16.1,2.59,832,41.699,1.62,12.76605669,09:51.8,5.5,-0.3,78,0,0,0,0,0,0,0,-34.8,-34.2,-10.43,-10.364,0,0.96,1357.1,0:10:47,84.2,0,--.--,271,71.6,45,0000:00:00,72,0,70,0,30,0,0,3.15,0,0,0,1,41.69,11:09:51,10/10/2023,92.28,55.09,--.--
low,1,879,14.65,16.1,2.67,833,42.987,1.63,12.77910747,09:52.8,6.3,-0.2,78,0,0,0,0.1,0,0,0,-34.8,-34.2,-10.43,-10.37,0,0.96,1357.1,0:10:48,84.3,0,--.--,271,71.7,45,0000:00:00,72,0,70,0,30,0,0,3.15,0,0,0,1,42.98,11:09:52,10/10/2023,92.3,55.11,--.--
low,1,880,14.67,16.1,3.62,833,58.282,1.77,12.79135375,09:53.8,5.7,-0.3,83,0,0,0,0.1,0,0,0,-34.8,-34.2,-10.43,-10.377,0,0.97,1363.6,0:10:49,84.5,0,--.--,271,71.9,45,0000:00:00,72,0,70,0,30,0,0,3.18,0,0,0,1,58.3,11:09:53,10/10/2023,92.3,55.11,--.--
low,1,881,14.68,16.08,2.99,834,48.0792,1.68,12.80459153,09:54.8,5,-1.1,81,0,0,0,0.1,0,0,0,-34.8,-34.3,-10.44,-10.388,0,0.97,1363.6,0:10:50,84.7,0,--.--,271,72.1,46,0000:00:00,72,0,70,0,30,0,0,3.18,0,0,0,1,48.09,11:09:54,10/10/2023,92.34,55.11,--.--
low,1,882,14.7,16.09,2.31,835,37.1679,1.57,12.81582378,09:55.8,4.4,0.5,81,0,0,0,0.1,0,0,0,-34.8,-34.3,-10.44,-10.389,0,1.01,1363.6,0:10:51,85,0,--.--,271,72.3,45,0000:00:00,72,0,70,0,30,0,0,3.31,0,0,0,1,37.16,11:09:55,10/10/2023,92.34,55.09,--.--
low,1,883,14.72,16.09,2.9,836,46.661,1.67,12.82700433,09:56.8,4.8,0.5,83,0,0,0,0.1,0,0,0,-34.8,-34.3,-10.45,-10.407,0,1,1363.6,0:10:52,85.2,0,--.--,271,72.6,46,0000:00:00,72,0,70,0,30,0,0,3.28,0,0,0,1,46.68,11:09:56,10/10/2023,92.35,55.11,--.--
low,1,884,14.73,16.09,2.92,836,46.9828,1.67,12.83872883,09:57.8,5.2,-0.6,91,0,0,0,0.1,0,0,0,-34.9,-34.4,-10.47,-10.437,0,0.97,1363.6,0:10:53,85.5,0,--.--,271,72.9,46,0000:00:00,72,0,70,0,30,0,0,3.18,0,0,0,1,46.98,11:09:57,10/10/2023,92.35,55.11,--.--
low,1,885,14.75,16.09,2.74,837,44.0866,1.64,12.85021531,09:58.8,5.7,-0.5,90,0,0,0,0.1,0,0,0,-34.9,-34.4,-10.49,-10.473,0,0.97,1363.6,0:10:54,85.8,0,--.--,272,73.2,47,0000:00:00,72,0,70,0,30,0,0,3.18,0,0,0,1,44.1,11:09:58,10/10/2023,92.37,55.11,--.--
low,1,886,14.77,16.1,2.96,838,47.656,1.68,12.86202197,09:59.8,3.1,-0.9,89,0,0,0,0.1,0,0,0,-35,-34.4,-10.5,-10.488,0,0.97,1363.6,0:10:55,86.1,0,--.--,272,73.5,48,0000:00:00,72,0,70,0,30,0,0,3.18,0,0,0,1,47.67,11:09:59,10/10/2023,92.39,55.09,--.--
low,1,887,14.78,16.11,2.51,839,40.4361,1.61,12.87507275,10:00.8,6.6,-0.3,90,0,0,0,0.1,0,0,0,-35,-34.4,-10.5,-10.504,0,0.97,1363.6,0:10:56,86.4,0,--.--,272,73.7,48,0000:00:00,72,0,70,0,30,0,0,3.18,0,0,0,1,40.42,11:10:00,10/10/2023,92.41,55.11,--.--
low,1,888,14.8,16.1,2.5,840,40.25,1.6,12.88758719,10:01.8,5.7,-1.2,89,0,0,0,0.1,0,0,0,-35,-34.5,-10.51,-10.521,0,0.95,1363.6,0:10:57,86.6,0,--.--,272,73.9,50,0000:00:00,72,0,70,0,30,0,0,3.12,0,0,0,1,40.24,11:10:01,10/10/2023,92.41,55.11,--.--
low,1,889,14.82,16.11,2.62,840,42.2082,1.63,12.89992286,10:02.8,4.8,0.3,90,0,0,0,0.1,0,0,0,-35,-34.4,-10.48,-10.502,0,0.97,1363.6,0:10:58,86.8,0,--.--,272,74.1,47,0000:00:00,72,0,70,0,30,0,0,3.18,0,0,0,1,42.2,11:10:02,10/10/2023,92.43,55.11,--.--
low,1,890,14.83,16.09,2.57,841,41.3513,1.62,12.91452886,10:03.8,4.7,-1.3,90,0,0,0,0.1,0,0,0,-34.9,-34.4,-10.47,-10.465,0,0.99,1363.6,0:10:59,87,0,--.--,272,74.3,46,0000:00:00,72,0,70,0,30,0,0,3.25,0,0,0,1,41.36,11:10:03,10/10/2023,92.44,55.11,--.--
low,1,891,14.85,16.1,2.64,842,42.504,1.63,12.92961681,10:04.8,4.5,-1.3,90,0,0,0,0.1,0,0,0,-34.9,-34.3,-10.46,-10.443,0,1,1363.6,0:11:00,87.2,0,--.--,272,74.5,46,0000:00:00,72,0,70,0,30,0,0,3.28,0,0,0,1,42.5,11:10:04,10/10/2023,92.46,55.11,--.--
low,1,892,14.87,16.09,2.92,842,46.9828,1.67,12.94519578,10:05.8,4.6,-1.1,90,0,0,0,0.1,0,0,0,-34.8,-34.3,-10.46,-10.436,0,0.99,1363.6,0:11:01,87.5,0,--.--,272,70.7,46,0000:00:00,72,0,70,0,30,0,0,3.25,0,0,0,1,46.99,11:10:05,10/10/2023,92.46,55.11,--.--
low,1,893,14.88,16.09,2.8,843,45.052,1.65,12.95997125,10:06.8,4.8,-1,90,0,0,0,0.1,0,0,0,-34.9,-34.3,-10.47,-10.444,0,1,1363.6,0:11:02,87.8,0,--.--,272,71,46,0000:00:00,72,0,70,0,30,0,0,3.28,0,0,0,1,45.04,11:10:06,10/10/2023,92.46,55.11,--.--
low,1,894,14.9,16.09,2.76,844,44.4084,1.65,12.97430925,10:07.8,4.9,-1.1,90,0,0,0,0.1,0,0,0,-34.9,-34.4,-10.47,-10.461,0,0.99,1363.6,0:11:03,88.1,0,--.--,272,71.3,46,0000:00:00,72,0,70,0,30,0,0,3.25,0,0,0,1,44.42,11:10:07,10/10/2023,92.5,55.09,--.--
low,1,895,14.92,16.08,3.27,845,52.5816,1.72,12.98872761,10:08.8,4.8,-1.1,90,0,0,0,0.1,0,0,0,-34.9,-34.4,-10.47,-10.461,0,0.99,1363.6,0:11:04,88.4,0,--.--,272,71.6,46,0000:00:00,72,0,80,0,30,0,0,3.25,0,0,0,1,52.58,11:10:08,10/10/2023,92.5,55.09,--.--
low,1,896,14.93,16.07,3.38,846,54.3166,1.73,13.00369094,10:09.8,4.5,-0.8,90,0,0,0,0.1,0,0,0,-34.9,-34.4,-10.47,-10.459,0,0.99,1363.6,0:11:05,88.7,0,--.--,272,71.8,46,0000:00:00,72,0,80,0,30,0,0,3.25,0,0,0,1,54.32,11:10:09,10/10/2023,92.52,55.11,--.--
low,1,897,14.95,16.07,3.49,847,56.0843,1.75,13.01846642,10:10.8,2.2,-0.3,90,0,0,0,0.1,0,0,0,-34.9,-34.4,-10.49,-10.458,0,1.01,1363.6,0:11:06,89,0,--.--,272,72.1,50,0000:00:00,72,0,80,0,30,0,0,3.31,0,0,0,1,56.08,11:10:10,10/10/2023,92.52,55.11,--.--
low,1,898,14.97,16.07,3.31,848,53.1917,1.73,13.03426858,10:11.8,6.8,-0.5,90,0,0,0,0.1,0,0,0,-35,-34.4,-10.51,-10.506,0,0.97,1363.6,0:11:07,89.2,0,--.--,272,72.4,48,0000:00:00,72,0,80,0,30,0,0,3.18,0,0,0,1,53.2,11:10:11,10/10/2023,92.55,55.11,--.--
low,1,899,14.98,16.08,3.21,849,51.6168,1.71,13.04993683,10:12.8,6.1,-0.5,90,0,0,0,0.1,0,0,0,-35,-34.5,-10.52,-10.545,0,0.96,1363.6,0:11:08,89.5,0,--.--,272,72.7,48,0000:00:00,72,0,80,0,30,0,0,3.15,0,0,0,1,51.61,11:10:12,10/10/2023,92.55,55.11,--.--
low,1,900,15,16.07,3.23,850,51.9061,1.72,13.06435519,10:13.8,5.5,-0.7,90,0,0,0,0.1,0,0,0,-35,-34.5,-10.52,-10.546,0,0.96,1363.6,0:11:09,89.7,0,--.--,272,72.9,48,0000:00:00,72,0,80,0,30,0,0,3.15,0,0,0,1,51.92,11:10:13,10/10/2023,92.57,55.11,--.--
low,1,901,15.02,16.08,3.35,851,53.868,1.73,13.07841644,10:14.8,5.9,-0.9,90,0,0,0,0.1,0,0,0,-35,-34.5,-10.52,-10.545,0,0.95,1363.6,0:11:10,89.9,0,--.--,272,73.1,48,0000:00:00,72,0,80,0,30,0,0,3.12,0,0,0,1,53.86,11:10:14,10/10/2023,92.57,55.13,--.--
low,1,902,15.03,16.07,3.31,852,53.1917,1.73,13.09368294,10:15.8,5.9,-0.9,90,0,0,0,0.1,0,0,0,-35.1,-34.5,-10.52,-10.547,0,0.97,1363.6,0:11:11,90.2,0,--.--,272,73.4,49,0000:00:00,72,0,80,0,30,0,0,3.18,0,0,0,1,53.2,11:10:15,10/10/2023,92.59,55.11,--.--
low,1,903,15.05,16.07,3.54,853,56.8878,1.76,13.10859233,10:16.8,5.6,-1,90,0,0,0,0.1,0,0,0,-35,-34.5,-10.52,-10.548,0,0.98,1363.6,0:11:12,90.5,0,--.--,272,73.7,48,0000:00:00,72,0,80,0,30,0,0,3.22,0,0,0,1,56.88,11:10:16,10/10/2023,92.59,55.09,--.--
low,1,904,15.07,16.07,3.51,854,56.4057,1.75,13.12309997,10:17.8,5.2,-0.8,90,0,0,0,0.1,0,0,0,-35,-34.5,-10.51,-10.532,0,0.99,1370.2,0:11:13,91,0,--.--,272,74.1,48,0000:00:00,72,0,80,0,30,0,0,3.25,0,0,0,1,56.4,11:10:17,10/10/2023,92.59,55.11,--.--
low,1,905,15.08,16.07,3.23,855,51.9061,1.72,13.13765225,10:18.8,4.7,-0.8,90,0,0,0,0.1,0,0,0,-35,-34.4,-10.5,-10.526,0,0.99,1370.2,0:11:14,91.3,0,--.--,272,74.4,48,0000:00:00,72,0,80,0,30,0,0,3.25,0,0,0,1,51.91,11:10:18,10/10/2023,92.62,55.09,--.--
low,1,906,15.1,16.07,3.15,855,50.6205,1.7,13.15240933,10:19.8,4.5,-0.8,90,0,0,0,0.1,0,0,0,-35,-34.4,-10.5,-10.509,0,1.01,1370.2,0:11:15,91.5,0,--.--,272,74.7,48,0000:00:00,72,0,80,0,30,0,0,3.31,0,0,0,1,50.63,11:10:19,10/10/2023,92.62,55.11,--.--
low,1,907,15.12,16.07,3.42,856,54.9594,1.74,13.16764733,10:20.8,4.4,-0.8,90,0,0,0,0.1,0,0,0,-35,-34.4,-10.49,-10.493,0,1,1370.2,0:11:16,91.7,0,--.--,272,74.8,48,0000:00:00,72,0,80,0,30,0,0,3.28,0,0,0,1,54.98,11:10:20,10/10/2023,92.62,55.09,--.--
low,1,908,15.13,16.07,3.34,857,53.6738,1.73,13.18396483,10:21.8,4.4,-0.7,90,0,0,0,0.1,0,0,0,-35,-34.4,-10.49,-10.489,0,1.03,1370.2,0:11:17,92.1,0,--.--,272,75.2,47,0000:00:00,72,0,80,0,30,0,0,3.38,0,0,0,1,53.67,11:10:21,10/10/2023,92.66,55.09,--.--
low,1,909,15.15,16.07,3.25,858,52.2275,1.72,13.19830278,10:22.8,3.1,-0.8,90,0,0,0,0.1,0,0,0,-35,-34.4,-10.49,-10.486,0,1.02,1370.2,0:11:18,92.3,0,--.--,272,75.4,36,0000:00:00,72,0,80,0,30,0,0,3.35,0,0,0,1,52.23,11:10:22,10/10/2023,92.68,55.11,--.--
low,1,910,15.17,16.07,3.26,859,52.3882,1.72,13.21201733,10:23.8,4.7,0.1,90,0,0,0,0.1,0,0,0,-35,-34.5,-10.52,-10.514,0,1.02,1370.2,0:11:19,92.6,0,--.--,272,75.7,49,0000:00:00,72,0,80,0,30,0,0,3.35,0,0,0,1,52.39,11:10:23,10/10/2023,92.68,55.11,--.--
low,1,911,15.18,16.05,3.31,860,53.1255,1.73,13.22687283,10:24.8,-0.8,0.5,89,0,0,0,0.1,0,0,0,-35.2,-34.6,-10.56,-10.566,0,1.01,1370.2,0:11:20,92.9,0,--.--,273,76.2,52,0000:00:00,72,0,80,0,30,0,0,3.31,0,0,0,1,53.13,11:10:24,10/10/2023,92.7,55.11,--.--
low,1,912,15.2,16.04,3.42,862,54.8568,1.74,13.24186217,10:25.8,6.5,0.8,93,0,0,0,0.1,0,0,0,-35.3,-34.7,-10.59,-10.632,0,0.96,1370.2,0:11:21,93.2,0,--.--,273,76.5,51,0000:00:00,72,0,80,0,30,0,0,3.15,0,0,0,1,54.85,11:10:25,10/10/2023,92.73,55.11,--.--
low,1,913,15.22,16.05,3.66,863,58.743,1.77,13.25689611,10:26.8,5.1,1.6,96,0,0,0,0.1,0,0,0,-35.3,-34.7,-10.59,-10.651,0,0.96,1370.2,0:11:22,93.4,0,--.--,273,76.6,48,0000:00:00,72,0,80,0,30,0,0,3.15,0,0,0,1,58.76,11:10:26,10/10/2023,92.75,55.11,--.--
low,1,914,15.23,16.03,3.22,864,51.6166,1.71,13.271707,10:27.8,3.8,-1.1,94,0,0,0,0.1,0,0,0,-35.3,-34.8,-10.61,-10.646,0,0.96,1370.2,0:11:23,93.7,0,--.--,273,77,50,0000:00:00,72,0,80,0,30,0,0,3.15,0,0,0,1,51.61,11:10:27,10/10/2023,92.75,55.11,--.--
low,1,915,15.25,16.03,3.08,865,49.3724,1.69,13.2865625,10:28.8,3.9,0.3,94,0,0,0,0,0,0,-0.1,-35.6,-35,-10.68,-10.676,0,0.92,1370.2,0:11:24,93.9,0,--.--,273,77.1,52,0000:00:00,72,0,80,0,30,0,0,3.02,0,0,0,1,49.37,11:10:28,10/10/2023,92.75,55.11,--.--
low,1,916,15.27,16.06,3.33,866,53.4798,1.73,13.30115942,10:29.8,5.8,1.1,94,0,0,0,0.1,0,0,-0.1,-35.8,-35.3,-10.75,-10.802,0,0.83,1370.2,0:11:25,94,0,--.--,273,77.3,45,0000:00:00,72,0,80,0,30,0,0,2.72,0,0,0,1,53.47,11:10:29,10/10/2023,92.79,55.11,--.--
low,1,917,15.28,16.06,3.36,867,53.9616,1.73,13.32181436,10:30.8,4.3,0.4,95,0,0,0,0.1,0,0,0,-36,-35.4,-10.8,-10.903,0,0.8,1370.2,0:11:26,94.1,0,--.--,273,77.4,55,0000:00:00,72,0,80,0,30,0,0,2.62,0,0,0,1,53.97,11:10:30,10/10/2023,92.79,55.11,--.--
low,1,918,15.3,16.06,3.37,868,54.1222,1.73,13.33764144,10:31.8,4.8,0.9,95,0,0,0,0.1,0,0,0,-36,-35.4,-10.8,-10.937,0,0.79,1370.2,0:11:27,94.4,0,--.--,273,77.6,55,0000:00:00,72,0,80,0,30,0,0,2.59,0,0,0,1,54.13,11:10:31,10/10/2023,92.8,55.11,--.--
low,1,919,15.32,16.06,3.32,869,53.3192,1.73,13.35588739,10:32.8,5.7,0.8,95,0,0,0,0.1,0,0,0,-35.9,-35.3,-10.78,-10.898,0,0.81,1370.2,0:11:28,94.6,0,--.--,273,77.9,54,0000:00:00,72,0,80,0,30,0,0,2.66,0,0,0,1,53.32,11:10:32,10/10/2023,92.82,55.11,--.--
low,1,920,15.33,16.06,3.33,869,53.4798,1.73,13.37069828,10:33.8,5.8,0.4,95,0,0,0,0.1,0,0,0,-35.8,-35.3,-10.74,-10.837,0,0.82,1370.2,0:11:29,94.7,0,--.--,273,78,52,0000:00:00,72,0,80,0,30,0,0,2.69,0,0,0,1,53.48,11:10:33,10/10/2023,92.84,55.11,--.--
low,1,921,15.35,16.07,3.27,870,52.5489,1.72,13.38546456,10:34.8,5.3,-0.6,95,0,0,0,0,0,0,-0.1,-35.7,-35.2,-10.72,-10.761,0,0.86,1370.2,0:11:30,95,0,--.--,273,78.3,41,0000:00:00,72,0,80,0,30,0,0,2.82,0,0,0,1,52.55,11:10:34,10/10/2023,92.86,55.11,--.--
low,1,922,15.37,16.06,4.63,873,74.3578,1.87,13.39996317,10:35.8,6.1,1.2,95,0,0,0,0.1,0,0,0,-35.8,-35.2,-10.74,-10.742,0,0.84,1370.2,0:11:31,95.2,0,--.--,273,78.5,48,0000:00:00,72,0,80,0,30,0,0,2.76,0,0,0,1,74.36,11:10:35,10/10/2023,92.88,55.11,--.--
low,1,923,15.38,16.05,3.55,874,56.9775,1.76,13.41450639,10:36.8,6.4,0.5,95,0,0,0,0.1,0,0,0,-35.9,-35.3,-10.77,-10.781,0,0.85,1370.2,0:11:32,95.4,0,--.--,273,78.7,51,0000:00:00,72,0,80,0,30,0,0,2.79,0,0,0,1,57,11:10:36,10/10/2023,92.88,55.11,--.--
low,1,924,15.4,16.06,4.09,875,65.6854,1.82,13.42909422,10:37.8,6.4,-0.9,99,0,0,0,0.1,0,0,0,-35.9,-35.3,-10.77,-10.803,0,0.83,1370.2,0:11:33,95.7,0,--.--,273,79,52,0000:00:00,72,0,80,0,30,0,0,2.72,0,0,0,1,65.69,11:10:37,10/10/2023,92.89,55.11,--.--
low,1,925,15.42,16.06,3.32,875,53.3192,1.73,13.44302156,10:38.8,7.2,-0.4,97,0,0,0,0.1,0,0,0,-35.8,-35.2,-10.74,-10.766,0,0.86,1370.2,0:11:34,96,0,--.--,273,79.3,50,0000:00:00,72,0,80,0,30,0,0,2.82,0,0,0,1,53.32,11:10:38,10/10/2023,92.91,55.11,--.--
low,1,926,15.43,16.06,3.31,877,53.1586,1.73,13.45685961,10:39.8,7.8,-0.5,99,0,0,0,0.1,0,0,0,-35.7,-35.2,-10.73,-10.738,0,0.86,1370.2,0:11:35,96.3,0,--.--,273,79.6,49,0000:00:00,72,0,80,0,30,0,0,2.82,0,0,0,1,53.17,11:10:39,10/10/2023,92.91,55.11,--.--
low,1,927,15.45,16.06,3.25,878,52.195,1.72,13.47078694,10:40.8,7.1,-1.9,101,0,0,0,0.1,0,0,0,-35.7,-35.2,-10.72,-10.706,0,0.89,1370.2,0:11:36,96.6,0,--.--,273,79.9,49,0000:00:00,72,0,80,0,30,0,0,2.92,0,0,0,1,52.2,11:10:40,10/10/2023,92.91,55.11,--.--
low,1,928,15.47,16.06,3.26,878,52.3556,1.72,13.48582089,10:41.8,7.3,-1,100,0,0,0,0.1,0,0,0,-35.7,-35.1,-10.71,-10.685,0,0.91,1370.2,0:11:37,96.9,0,--.--,273,80.2,48,0000:00:00,72,0,80,0,30,0,0,2.99,0,0,0,1,52.37,11:10:41,10/10/2023,92.95,55.11,--.--
low,1,929,15.48,16.06,3.27,879,52.5162,1.72,13.51254789,10:42.8,6.9,-1.8,100,0,0,0,0.1,0,0,0,-35.6,-35.1,-10.7,-10.663,0,0.93,1376.9,0:11:38,97.2,0,--.--,274,80.5,47,0000:00:00,72,0,80,0,30,0,0,3.05,0,0,0,1,52.52,11:10:42,10/10/2023,92.95,55.11,--.--
low,1,930,15.5,16.07,3.12,880,50.1384,1.7,13.52643058,10:43.8,5.8,-1.2,100,0,0,0,0.1,0,0,0,-35.6,-35,-10.68,-10.643,0,0.93,1376.9,0:11:39,97.5,0,--.--,274,80.8,46,0000:00:00,72,0,80,0,30,0,0,3.05,0,0,0,1,50.13,11:10:43,10/10/2023,92.97,55.11,--.--
low,1,931,15.52,16.07,3.1,881,49.817,1.7,13.54075075,10:44.8,6.8,-1.1,100,0,0,0,0.1,0,0,0,-35.6,-35,-10.68,-10.621,0,0.96,1376.9,0:11:40,97.8,0,--.--,274,81.1,46,0000:00:00,72,0,80,0,30,0,0,3.15,0,0,0,1,49.8,11:10:44,10/10/2023,92.98,55.11,--.--
low,1,932,15.53,16.07,3.12,882,50.1384,1.7,13.55507092,10:45.9,6.9,-1.8,98,0,0,0,0.1,0,0,0,-35.6,-35,-10.68,-10.62,0,0.94,1376.9,0:11:41,97.9,0,--.--,274,80.9,46,0000:00:00,72,0,80,0,30,0,0,3.08,0,0,0,1,50.14,11:10:45,10/10/2023,92.98,55.11,--.--
low,1,933,15.55,16.06,3.37,883,54.1222,1.73,13.56886433,10:46.9,6.1,0.3,99,0,0,0,0.1,0,0,0,-35.6,-35.1,-10.69,-10.632,0,0.95,1376.9,0:11:42,98.1,0,--.--,274,81.4,46,0000:00:00,72,0,80,0,30,0,0,3.12,0,0,0,1,54.14,11:10:46,10/10/2023,92.98,55.11,--.--
low,1,934,15.57,15.93,6.04,884,96.2172,1.98,13.58585058,10:47.9,6,-0.1,98,0,0,0,0,0,0,-0.1,-35.8,-35.3,-10.75,-10.665,0,0.91,1376.9,0:11:43,98.2,0,--.--,274,81.6,52,0000:00:00,72,0,80,0,30,0,0,2.99,0,0,0,1,96.24,11:10:47,10/10/2023,93,55.11,--.--
low,1,935,15.58,16.07,3.11,885,49.9777,1.7,13.60114267,10:48.9,8.3,0.2,99,0,0,0,0,0,0,0,-36,-35.5,-10.81,-10.795,0,0.86,1376.9,0:11:44,98.4,0,--.--,274,81.7,51,0000:00:00,72,0,80,0,30,0,0,2.82,0,0,0,1,49.96,11:10:48,10/10/2023,93.02,55.11,--.--
low,1,936,15.6,16.06,3.21,886,51.5526,1.71,13.6149275,10:49.9,6.1,1.2,100,0,0,0,0.1,0,0,0,-36.1,-35.6,-10.84,-10.874,0,0.83,1376.9,0:11:45,98.5,0,--.--,274,81.8,52,0000:00:00,72,0,80,0,30,0,0,2.72,0,0,0,1,51.57,11:10:49,10/10/2023,93.04,55.11,--.--
low,1,937,15.62,16.06,3.21,887,51.5526,1.71,13.62742639,10:50.9,6.7,0.6,99,0,0,0,0.1,0,0,0,-36.1,-35.6,-10.85,-10.907,0,0.83,1376.9,0:11:46,98.7,0,--.--,274,82.1,52,0000:00:00,72,0,80,0,30,0,0,2.72,0,0,0,1,51.56,11:10:50,10/10/2023,93.04,55.11,--.--
low,1,938,15.63,16.07,3.09,888,49.6563,1.7,13.64121122,10:51.9,6.8,-0.2,99,0,0,0,0.1,0,0,0,-36.1,-35.6,-10.84,-10.908,0,0.83,1376.9,0:11:47,98.9,0,--.--,274,82.2,52,0000:00:00,72,0,80,0,30,0,0,2.72,0,0,0,1,49.65,11:10:51,10/10/2023,93.04,55.11,--.--
low,1,939,15.65,16.05,3.81,889,61.1505,1.79,13.65530833,10:52.9,6.3,0.7,99,0,0,0,0.1,0,0,0,-36.1,-35.5,-10.83,-10.887,0,0.85,1376.9,0:11:48,99.1,0,--.--,274,82.5,51,0000:00:00,72,0,80,0,30,0,0,2.79,0,0,0,1,61.14,11:10:52,10/10/2023,93.04,55.11,--.--
low,1,940,15.67,16.05,3.43,890,55.0515,1.74,13.67003,10:53.9,7,-0.9,99,0,0,0,0.1,0,0,0,-36,-35.5,-10.81,-10.849,0,0.87,1376.9,0:11:49,99.5,0,--.--,274,82.8,50,0000:00:00,72,0,80,0,30,0,0,2.85,0,0,0,1,55.07,11:10:53,10/10/2023,93.07,55.11,--.--
low,1,941,15.68,16.06,3.09,891,49.6254,1.7,13.68603542,10:54.9,6.8,-1.1,99,0,0,0,0.1,0,0,0,-35.9,-35.4,-10.78,-10.796,0,0.89,1376.9,0:11:50,99.8,0,--.--,274,83.1,48,0000:00:00,72,0,80,0,30,0,0,2.92,0,0,0,1,49.63,11:10:54,10/10/2023,93.07,55.11,--.--
low,1,942,15.7,16.07,2.8,892,44.996,1.65,13.70075708,10:55.9,5.1,-1.3,100,0,0,0,0.1,0,0,0,-35.8,-35.3,-10.75,-10.735,0,0.91,1376.9,0:11:51,100,0,--.--,274,83.4,47,0000:00:00,72,0,80,0,30,0,0,2.99,0,0,0,1,44.98,11:10:55,10/10/2023,93.07,55.11,--.--
low,1,943,15.72,16.06,3.09,892,49.6254,1.7,13.71574642,10:56.9,5,-0.5,99,0,0,0,0.1,0,0,0,-35.7,-35.2,-10.73,-10.689,0,0.94,1376.9,0:11:52,100.2,0,--.--,274,83.6,46,0000:00:00,72,0,80,0,30,0,0,3.08,0,0,0,1,49.63,11:10:56,10/10/2023,93.11,55.11,--.--
low,1,944,15.73,16.06,3.16,893,50.7496,1.71,13.74770197,10:57.9,5.1,-0.2,97,0,0,0,0,0,0,0,-35.7,-35.2,-10.73,-10.667,0,0.94,1376.9,0:11:53,100.4,0,--.--,274,83.7,45,0000:00:00,72,0,80,0,30,0,0,3.08,0,0,0,1,50.75,11:10:57,10/10/2023,93.13,55.11,--.--
low,1,945,15.75,16.06,3.3,894,52.998,1.72,13.76299406,10:58.9,4.6,-0.7,98,0,0,0,0.1,0,0,0,-35.7,-35.2,-10.73,-10.668,0,0.93,1376.9,0:11:54,100.6,0,--.--,274,83.9,45,0000:00:00,72,0,80,0,30,0,0,3.05,0,0,0,1,52.99,11:10:58,10/10/2023,93.15,55.11,--.--
low,1,946,15.77,16.05,3.59,895,57.6195,1.76,13.77797406,10:59.9,5,-0.8,99,0,0,0,0.1,0,0,0,-35.8,-35.2,-10.74,-10.675,0,0.93,1376.9,0:11:55,100.8,0,--.--,274,83.8,46,0000:00:00,72,0,80,0,30,0,0,3.05,0,0,0,1,57.63,11:10:59,10/10/2023,93.15,55.11,--.--
low,1,947,15.78,16.06,3.3,896,52.998,1.72,13.791402,11:00.9,5,-0.4,99,0,0,0,0.1,0,0,0,-35.8,-35.2,-10.74,-10.693,0,0.94,1376.9,0:11:56,101.1,0,--.--,274,84.4,46,0000:00:00,72,0,80,0,30,0,0,3.08,0,0,0,1,53,11:11:00,10/10/2023,93.16,55.11,--.--
low,1,948,15.8,16.06,3.36,897,53.9616,1.73,13.80673867,11:01.9,5,-0.4,99,0,0,0,0.1,0,0,0,-35.8,-35.3,-10.75,-10.711,0,0.94,1376.9,0:11:57,101.3,0,--.--,274,84.3,46,0000:00:00,72,0,80,0,30,0,0,3.08,0,0,0,1,53.96,11:11:01,10/10/2023,93.18,55.11,--.--
low,1,949,15.82,16,7.19,898,115.04,2.06,13.82252117,11:02.9,5.1,-0.5,99,0,0,0,0,0,0,-0.1,-36.1,-35.5,-10.83,-10.779,0,0.88,1376.9,0:11:58,101.5,0,--.--,274,84.5,52,0000:00:00,72,0,80,0,30,0,0,2.89,0,0,0,1,115.03,11:11:02,10/10/2023,93.18,55.11,--.--
low,1,950,15.83,16.05,3.43,900,55.0515,1.74,13.83929494,11:03.9,7.8,0.5,99,0,0,0,0.1,0,0,0,-36.2,-35.7,-10.88,-10.89,0,0.82,1376.9,0:11:59,101.7,0,--.--,274,84.6,51,0000:00:00,72,0,80,0,30,0,0,2.69,0,0,0,1,55.06,11:11:03,10/10/2023,93.2,55.13,--.--
low,1,951,15.85,16.05,3.36,901,53.928,1.73,13.85326692,11:04.9,4.6,0.7,99,0,0,0,0.1,0,0,0,-36.3,-35.8,-10.9,-10.949,0,0.81,1376.9,0:12:00,101.9,0,--.--,274,84.9,60,0000:00:00,72,0,80,0,30,0,0,2.66,0,0,0,1,53.94,11:11:04,10/10/2023,93.2,55.11,--.--
low,1,952,15.87,16.06,3.01,901,48.3406,1.68,13.86665025,11:05.9,4.8,0.9,99,0,0,0,0.1,0,0,0,-36.1,-35.6,-10.85,-10.92,0,0.85,1376.9,0:12:01,102.1,0,--.--,274,85,50,0000:00:00,72,0,80,0,30,0,0,2.79,0,0,0,1,48.35,11:11:05,10/10/2023,93.2,55.11,--.--
low,1,953,15.88,16.05,3.44,902,55.212,1.74,13.88158567,11:06.9,7,-1.3,99,0,0,0,0.1,0,0,0,-36,-35.5,-10.82,-10.857,0,0.87,1376.9,0:12:02,102.3,0,--.--,274,85.3,49,0000:00:00,72,0,80,0,30,0,0,2.85,0,0,0,1,55.2,11:11:06,10/10/2023,93.24,55.11,--.--
low,1,954,15.9,16.05,3.54,903,56.817,1.75,13.89581661,11:07.9,4.6,-1,99,0,0,0,0.1,0,0,0,-36,-35.5,-10.81,-10.819,0,0.86,1376.9,0:12:03,102.6,0,--.--,274,85.9,49,0000:00:00,72,0,80,0,30,0,0,2.82,0,0,0,1,56.8,11:11:07,10/10/2023,93.25,55.11,--.--
low,1,955,15.92,16.06,3.76,904,60.3856,1.78,13.91093978,11:08.9,3.9,-1.1,99,0,0,0,0.1,0,0,0,-35.9,-35.3,-10.77,-10.781,0,0.9,1376.9,0:12:04,102.9,0,--.--,274,85.8,47,0000:00:00,72,0,80,0,30,0,0,2.95,0,0,0,1,60.39,11:11:08,10/10/2023,93.25,55.11,--.--
low,1,956,15.93,16.07,3.13,905,50.2991,1.7,13.93011061,11:09.9,5.6,-1,99,0,0,0,0,0,0,0,-35.8,-35.3,-10.75,-10.74,0,0.92,1376.9,0:12:05,103,0,--.--,274,86.4,47,0000:00:00,72,0,80,0,30,0,0,3.02,0,0,0,1,50.28,11:11:09,10/10/2023,93.27,55.11,--.--
low,1,957,15.95,16.06,3,906,48.18,1.68,13.94362778,11:10.9,4.5,-0.5,99,0,0,0,0,0,0,0,-35.7,-35.2,-10.73,-10.703,0,0.96,1376.9,0:12:06,103.1,0,--.--,274,86.5,52,0000:00:00,72,0,80,0,30,0,0,3.15,0,0,0,1,48.19,11:11:10,10/10/2023,93.29,55.11,--.--
low,1,958,15.97,16.05,3.35,907,53.7675,1.73,13.958171,11:11.9,3.7,-0.6,98,0,0,0,0,0,0,0,-35.7,-35.1,-10.71,-10.655,0,0.98,1376.9,0:12:07,103.2,0,--.--,274,86.6,45,0000:00:00,72,0,80,0,30,0,0,3.22,0,0,0,1,53.76,11:11:11,10/10/2023,93.31,55.11,--.--
low,1,959,15.98,16.06,3.19,908,51.2314,1.71,13.97470111,11:12.9,4,-0.4,99,0,0,0,0,0,0,0,-35.6,-35.1,-10.7,-10.632,0,0.99,1376.9,0:12:08,103.3,0,--.--,274,86.6,44,0000:00:00,72,0,80,0,30,0,0,3.25,0,0,0,1,51.24,11:11:12,10/10/2023,93.33,55.11,--.--
low,1,960,16,16.06,3.39,909,54.4434,1.74,13.99118667,11:13.9,4.2,-0.4,99,0,0,0,0,0,0,0,-35.7,-35.1,-10.71,-10.649,0,0.97,1383.5,0:12:09,103.4,0,--.--,274,86.8,47,0000:00:00,72,0,80,0,30,0,0,3.18,0,0,0,1,54.44,11:11:13,10/10/2023,93.33,55.11,--.--
low,1,961,16.02,16.05,4.3,910,69.015,1.84,14.00688,11:14.9,5.6,0.4,99,0,0,0,0,0,0,0,-35.7,-35.2,-10.72,-10.682,0,0.99,1383.5,0:12:10,103.5,0,--.--,274,86.9,40,0000:00:00,72,0,80,0,30,0,0,3.25,0,0,0,1,69.02,11:11:14,10/10/2023,93.34,55.11,--.--
low,1,962,16.03,16.06,3.03,911,48.6618,1.69,14.020531,11:15.9,4.8,-0.3,99,0,0,0,0.1,0,0,0,-35.8,-35.3,-10.76,-10.717,0,0.94,1383.5,0:12:11,103.6,0,--.--,274,86.9,47,0000:00:00,72,0,80,0,30,0,0,3.08,0,0,0,1,48.66,11:11:15,10/10/2023,93.36,55.11,--.--
low,1,963,16.05,16.06,3.26,912,52.3556,1.72,14.03596644,11:16.9,7,0,99,0,0,0,0.1,0,0,0,-35.9,-35.3,-10.77,-10.771,0,0.91,1383.5,0:12:12,103.8,0,--.--,274,87.1,48,0000:00:00,72,0,80,0,30,0,0,2.99,0,0,0,1,52.35,11:11:16,10/10/2023,93.36,55.11,--.--
low,1,964,16.07,16.04,3.71,913,59.5084,1.77,14.05028661,11:17.9,6.2,-0.3,99,0,0,0,0.1,0,0,0,-35.9,-35.4,-10.78,-10.792,0,0.9,1383.5,0:12:13,104,0,--.--,275,87.3,48,0000:00:00,72,0,80,0,30,0,0,2.95,0,0,0,1,59.52,11:11:17,10/10/2023,93.36,55.11,--.--
low,1,965,16.08,16.04,3.7,914,59.348,1.77,14.0678415,11:18.9,6.1,-0.6,99,0,0,0,0.1,0,0,0,-35.9,-35.4,-10.79,-10.811,0,0.9,1383.5,0:12:14,104.4,0,--.--,275,87.7,49,0000:00:00,72,0,80,0,30,0,0,2.95,0,0,0,1,59.36,11:11:18,10/10/2023,93.4,55.11,--.--
low,1,966,16.1,16.05,3.52,915,56.496,1.75,14.0838915,11:19.9,5.4,-0.9,99,0,0,0,0.1,0,0,0,-35.9,-35.4,-10.78,-10.811,0,0.9,1383.5,0:12:15,104.8,0,--.--,275,88.1,48,0000:00:00,72,0,80,0,30,0,0,2.95,0,0,0,1,56.5,11:11:19,10/10/2023,93.4,55.11,--.--
low,1,967,16.12,16.06,3.06,915,49.1436,1.69,14.10082261,11:20.9,5.1,-1,99,0,0,0,0.1,0,0,0,-35.9,-35.3,-10.77,-10.79,0,0.92,1383.5,0:12:16,105,0,--.--,275,88.4,59,0000:00:00,72,0,80,0,30,0,0,3.02,0,0,0,1,49.14,11:11:20,10/10/2023,93.42,55.11,--.--
low,1,968,16.13,16.06,3.46,916,55.5676,1.74,14.11673886,11:21.9,4.4,-0.2,99,0,0,0,0.1,0,0,0,-35.8,-35.3,-10.75,-10.747,0,0.94,1383.5,0:12:17,105.3,0,--.--,275,88.6,47,0000:00:00,72,0,80,0,30,0,0,3.08,0,0,0,1,55.56,11:11:21,10/10/2023,93.43,55.11,--.--
low,1,969,16.15,16.06,3.21,917,51.5526,1.71,14.13251153,11:22.9,4.6,-1.4,99,0,0,0,0.1,0,0,0,-35.8,-35.2,-10.74,-10.726,0,0.94,1383.5,0:12:18,105.5,0,--.--,275,88.8,46,0000:00:00,72,0,80,0,30,0,0,3.08,0,0,0,1,51.55,11:11:22,10/10/2023,93.43,55.11,--.--
low,1,970,16.17,16.04,3.94,918,63.1976,1.8,14.14855153,11:23.9,4.5,-0.9,99,0,0,0,0.1,0,0,0,-35.7,-35.2,-10.73,-10.707,0,0.96,1383.5,0:12:19,105.8,0,--.--,275,89.2,46,0000:00:00,72,0,80,0,30,0,0,3.15,0,0,0,1,63.18,11:11:23,10/10/2023,93.45,55.11,--.--
low,1,971,16.18,16.05,3.6,919,57.78,1.76,14.16353153,11:24.9,4.1,-1.1,99,0,0,0,0.1,0,0,0,-35.7,-35.2,-10.73,-10.702,0,0.96,1383.5,0:12:20,106.2,0,--.--,275,89.6,46,0000:00:00,72,0,80,0,30,0,0,3.15,0,0,0,1,57.77,11:11:24,10/10/2023,93.47,55.11,--.--
low,1,972,16.2,16.04,3.8,920,60.952,1.78,14.17922486,11:25.9,4.4,-0.5,99,0,0,0,0.1,0,0,0,-35.8,-35.3,-10.75,-10.72,0,0.93,1383.5,0:12:21,106.6,0,--.--,275,85.9,47,0000:00:00,72,0,80,0,30,0,0,3.05,0,0,0,1,60.95,11:11:25,10/10/2023,93.47,55.09,--.--
low,1,973,16.22,16.05,3.57,921,57.2985,1.76,14.19277819,11:26.9,5.7,-0.6,99,0,0,0,0.1,0,0,0,-35.9,-35.3,-10.77,-10.76,0,0.9,1383.5,0:12:22,107,0,--.--,275,86.2,47,0000:00:00,72,0,80,0,30,0,0,2.95,0,0,0,1,57.28,11:11:26,10/10/2023,93.49,55.09,--.--
low,1,974,16.23,16.04,3.54,922,56.7816,1.75,14.20717861,11:27.9,5.9,-0.9,99,0,0,0,0.1,0,0,0,-35.9,-35.4,-10.78,-10.798,0,0.89,1383.5,0:12:23,107.3,0,--.--,275,86.6,48,0000:00:00,72,0,80,0,30,0,0,2.92,0,0,0,1,56.79,11:11:27,10/10/2023,93.49,55.11,--.--
low,1,975,16.25,16.04,3.6,923,57.744,1.76,14.22109728,11:28.9,6.5,-0.8,99,0,0,0,0.1,0,0,0,-35.9,-35.4,-10.79,-10.816,0,0.89,1383.5,0:12:24,107.7,0,--.--,275,87,48,0000:00:00,72,0,80,0,30,0,0,2.92,0,0,0,1,57.73,11:11:28,10/10/2023,93.49,55.11,--.--
low,1,976,16.27,16.05,3.36,924,53.928,1.73,14.24706094,11:29.9,5,-0.7,99,0,0,0,0.1,0,0,0,-35.9,-35.4,-10.79,-10.818,0,0.88,1383.5,0:12:25,108.1,0,--.--,275,87.4,49,0000:00:00,72,0,80,0,30,0,0,2.89,0,0,0,1,53.94,11:11:29,10/10/2023,93.52,55.09,--.--
low,1,977,16.28,16.05,3.52,925,56.496,1.75,14.26111344,11:30.9,4.6,-0.1,99,0,0,0,0.1,0,0,0,-35.9,-35.4,-10.79,-10.815,0,0.88,1383.5,0:12:26,108.5,0,--.--,275,87.8,49,0000:00:00,72,0,80,0,30,0,0,2.89,0,0,0,1,56.5,11:11:30,10/10/2023,93.52,55.11,--.--
low,1,978,16.3,16.05,3.04,926,48.792,1.69,14.27587053,11:31.9,6,-0.1,99,0,0,0,0.1,0,0,0,-35.9,-35.4,-10.78,-10.803,0,0.88,1383.5,0:12:27,108.8,0,--.--,275,88.1,49,0000:00:00,72,0,80,0,30,0,0,2.89,0,0,0,1,48.8,11:11:31,10/10/2023,93.52,55.11,--.--
low,1,979,16.32,16.05,3.23,927,51.8415,1.71,14.29150953,11:32.9,5.2,-0.7,99,0,0,0,0.1,0,0,0,-35.9,-35.4,-10.78,-10.801,0,0.89,1383.5,0:12:28,109,0,--.--,275,88.3,48,0000:00:00,72,0,80,0,30,0,0,2.92,0,0,0,1,51.86,11:11:32,10/10/2023,93.56,55.11,--.--
low,1,980,16.33,16.06,3.12,928,50.1072,1.7,14.30582078,11:33.9,5.9,-0.4,99,0,0,0,0.1,0,0,0,-35.9,-35.3,-10.77,-10.78,0,0.89,1383.5,0:12:29,109.2,0,--.--,275,88.5,48,0000:00:00,72,0,80,0,30,0,0,2.92,0,0,0,1,50.1,11:11:33,10/10/2023,93.56,55.11,--.--
low,1,981,16.35,16.06,5.82,929,93.4692,1.97,14.319561,11:34.9,4,-0.7,99,0,0,0,0.1,0,0,0,-35.8,-35.3,-10.75,-10.762,0,0.89,1383.5,0:12:30,109.5,0,--.--,275,88.8,47,0000:00:00,72,0,80,0,30,0,0,2.92,0,0,0,1,93.45,11:11:34,10/10/2023,93.58,55.11,--.--
low,1,982,16.37,16.06,3.15,930,50.589,1.7,14.33418433,11:35.9,5.9,-0.3,99,0,0,0,0.1,0,0,0,-35.7,-35.2,-10.73,-10.74,0,0.93,1383.5,0:12:31,109.7,0,--.--,275,89,47,0000:00:00,72,0,80,0,30,0,0,3.05,0,0,0,1,50.58,11:11:35,10/10/2023,93.6,55.09,--.--
low,1,983,16.38,16.05,3.31,931,53.1255,1.73,14.34986789,11:36.9,5.3,-1.2,99,0,0,0,0.1,0,0,0,-35.7,-35.1,-10.71,-10.704,0,0.93,1383.5,0:12:32,109.9,0,--.--,275,89.2,46,0000:00:00,72,0,80,0,30,0,0,3.05,0,0,0,1,53.12,11:11:36,10/10/2023,93.6,55.11,--.--
low,1,984,16.4,16.04,3.51,932,56.3004,1.75,14.36617522,11:37.9,5.2,-1.1,99,0,0,0,0.1,0,0,0,-35.7,-35.1,-10.7,-10.682,0,0.95,1390.1,0:12:33,110.2,0,--.--,275,85.4,46,0000:00:00,72,0,80,0,30,0,0,3.12,0,0,0,1,56.31,11:11:37,10/10/2023,93.61,55.11,--.--
low,1,985,16.42,16.05,3.21,933,51.5205,1.71,14.38142272,11:38.9,5.5,-0.9,99,0,0,0,0.1,0,0,0,-35.7,-35.1,-10.7,-10.668,0,0.95,1390.1,0:12:34,110.4,0,--.--,275,85.6,46,0000:00:00,72,0,80,0,30,0,0,3.12,0,0,0,1,51.52,11:11:38,10/10/2023,93.61,55.11,--.--
low,1,986,16.43,16.06,3.08,934,49.4648,1.69,14.3970965,11:39.9,5,-0.7,99,0,0,0,0.1,0,0,0,-35.6,-35.1,-10.7,-10.665,0,0.94,1390.1,0:12:35,110.6,0,--.--,275,85.8,45,0000:00:00,72,0,80,0,30,0,0,3.08,0,0,0,1,49.46,11:11:39,10/10/2023,93.63,55.11,--.--
low,1,987,16.45,16.05,3.28,934,52.644,1.72,14.41255728,11:40.9,5,-1,99,0,0,0,0.1,0,0,0,-35.6,-35.1,-10.7,-10.662,0,0.95,1390.1,0:12:36,110.7,0,--.--,275,85.9,45,0000:00:00,72,0,80,0,30,0,0,3.12,0,0,0,1,52.64,11:11:40,10/10/2023,93.65,55.09,--.--
low,1,988,16.47,16.04,3.52,935,56.4608,1.75,14.42828539,11:41.9,5.4,-1.1,99,0,0,0,0.1,0,0,0,-35.7,-35.1,-10.7,-10.666,0,0.94,1390.1,0:12:37,111,0,--.--,275,86.2,45,0000:00:00,72,0,80,0,30,0,0,3.08,0,0,0,1,56.46,11:11:41,10/10/2023,93.65,55.11,--.--
low,1,989,16.48,16.04,3.66,936,58.7064,1.77,14.44392439,11:42.9,6.2,-0.8,99,0,0,0,0.1,0,0,0,-35.7,-35.1,-10.72,-10.686,0,0.92,1390.1,0:12:38,111.3,0,--.--,275,86.5,46,0000:00:00,72,0,80,0,30,0,0,3.02,0,0,0,1,58.71,11:11:42,10/10/2023,93.65,55.11,--.--
low,1,990,16.5,16.05,3.42,937,54.891,1.74,14.45916239,11:43.9,6.6,-1.4,99,0,0,0,0.1,0,0,0,-35.7,-35.2,-10.72,-10.705,0,0.9,1390.1,0:12:39,111.5,0,--.--,275,86.8,47,0000:00:00,72,0,80,0,30,0,0,2.95,0,0,0,1,54.88,11:11:43,10/10/2023,93.69,55.11,--.--
low,1,991,16.52,16.03,3.52,938,56.4256,1.75,14.47440039,11:44.9,6.7,-0.9,99,0,0,0,0.1,0,0,0,-35.7,-35.2,-10.72,-10.709,0,0.91,1390.1,0:12:40,111.9,0,--.--,275,87.1,47,0000:00:00,72,0,80,0,30,0,0,2.99,0,0,0,1,56.43,11:11:44,10/10/2023,93.69,55.11,--.--
low,1,992,16.53,16.04,3.47,939,55.6588,1.75,14.48848872,11:45.9,5.7,-0.9,99,0,0,0,0.1,0,0,0,-35.7,-35.2,-10.72,-10.709,0,0.89,1390.1,0:12:41,112.3,0,--.--,275,87.5,46,0000:00:00,72,0,80,0,30,0,0,2.92,0,0,0,1,55.67,11:11:45,10/10/2023,93.7,55.11,--.--
low,1,993,16.55,16.04,3.53,940,56.6212,1.75,14.50403861,11:46.9,6.5,-0.7,99,0,0,0,0.1,0,0,0,-35.7,-35.2,-10.73,-10.722,0,0.89,1390.1,0:12:42,112.6,0,--.--,275,87.9,47,0000:00:00,72,0,80,0,30,0,0,2.92,0,0,0,1,56.63,11:11:46,10/10/2023,93.7,55.09,--.--
low,1,994,16.57,16.04,3.51,941,56.3004,1.75,14.51865283,11:47.9,6.3,-0.3,95,0,0,0,0.1,0,0,0,-35.8,-35.2,-10.74,-10.743,0,0.88,1390.1,0:12:43,113,0,--.--,275,88.2,47,0000:00:00,72,0,80,0,30,0,0,2.89,0,0,0,1,56.3,11:11:47,10/10/2023,93.72,55.11,--.--
low,1,995,16.58,16.04,3.42,942,54.8568,1.74,14.53530622,11:48.9,6.3,0.2,96,0,0,0,0.1,0,0,0,-35.8,-35.3,-10.75,-10.763,0,0.87,1390.1,0:12:44,113.4,0,--.--,275,88.6,48,0000:00:00,72,0,80,0,30,0,0,2.85,0,0,0,1,54.86,11:11:48,10/10/2023,93.74,55.11,--.--
low,1,996,16.6,16.04,3.42,943,54.8568,1.74,14.55159322,11:49.9,6.7,-0.7,95,0,0,0,0.1,0,0,0,-35.8,-35.3,-10.76,-10.767,0,0.87,1390.1,0:12:45,113.7,0,--.--,275,89,48,0000:00:00,72,0,80,0,30,0,0,2.85,0,0,0,1,54.86,11:11:49,10/10/2023,93.74,55.11,--.--
low,1,997,16.62,16.05,3.16,944,50.718,1.71,14.56732133,11:50.9,6.5,0.1,95,0,0,0,0.1,0,0,0,-35.8,-35.3,-10.75,-10.782,0,0.86,1390.1,0:12:46,114.1,0,--.--,275,89.3,55,0000:00:00,72,0,80,0,30,0,0,2.82,0,0,0,1,50.72,11:11:50,10/10/2023,93.76,55.11,--.--
low,1,998,16.63,16.04,3.49,945,55.9796,1.75,14.58296033,11:51.9,6.1,1.6,95,0,0,0,0.1,0,0,0.1,-35.8,-35.3,-10.74,-10.774,0,0.85,1390.1,0:12:47,114.4,0,--.--,275,89.7,60,0000:00:00,72,0,80,0,30,0,0,2.79,0,0,0,1,55.99,11:11:51,10/10/2023,93.76,55.11,--.--
low,1,999,16.65,16.04,3.28,946,52.6112,1.72,14.599367,11:52.9,6.7,-1.3,95,0,0,0,0.1,0,0,0,-35.7,-35.1,-10.7,-10.742,0,0.91,1390.1,0:12:48,114.8,0,--.--,275,90,47,0000:00:00,72,0,80,0,30,0,0,2.99,0,0,0,1,52.62,11:11:52,10/10/2023,93.78,55.09,--.--
low,1,1000,16.67,16.03,3.74,947,59.9522,1.78,14.61465908,11:53.9,6.2,-1.2,95,0,0,0,0.1,0,0,0,-35.6,-35,-10.68,-10.689,0,0.91,1390.1,0:12:49,115.2,0,--.--,275,90.4,44,0000:00:00,72,0,80,0,30,0,0,2.99,0,0,0,1,59.96,11:11:53,10/10/2023,93.79,55.09,--.--
low,1,1001,16.68,16.02,3.66,948,58.6332,1.77,14.62971886,11:54.9,6.8,0.2,95,0,0,0,0.1,0,0,0,-35.5,-35,-10.67,-10.653,0,0.93,1390.1,0:12:50,115.6,0,--.--,275,90.8,46,0000:00:00,72,0,80,0,30,0,0,3.05,0,0,0,1,58.65,11:11:54,10/10/2023,93.79,55.11,--.--
low,1,1002,16.7,16.04,3.53,949,56.6212,1.75,14.64491231,11:55.9,6.9,0.2,95,0,0,0,0.1,0,0,0,-35.5,-35,-10.67,-10.651,0,0.91,1390.1,0:12:51,116,0,--.--,275,91.2,46,0000:00:00,72,0,80,0,30,0,0,2.99,0,0,0,1,56.62,11:11:55,10/10/2023,93.81,55.09,--.--
low,1,1003,16.72,16.04,3.51,950,56.3004,1.75,14.65958022,11:56.9,6.7,0.3,95,0,0,0,0.1,0,0,0,-35.6,-35,-10.67,-10.654,0,0.91,1390.1,0:12:52,116.3,0,--.--,275,91.5,46,0000:00:00,72,0,80,0,30,0,0,2.99,0,0,0,1,56.29,11:11:56,10/10/2023,93.81,55.11,--.--
low,1,1004,16.73,16.05,3.68,951,59.064,1.77,14.67334789,11:57.9,7.2,0.1,95,0,0,0,0.1,0,0,0,-35.6,-35,-10.67,-10.657,0,0.91,1396.7,0:12:53,116.6,0,--.--,275,91.8,46,0000:00:00,72,0,80,0,30,0,0,2.99,0,0,0,1,59.05,11:11:57,10/10/2023,93.85,55.11,--.--
low,1,1005,16.75,16.05,3.43,952,55.0515,1.74,14.69508483,11:58.9,6.8,0.5,95,0,0,0,0.1,0,0,0,-35.6,-35,-10.68,-10.671,0,0.9,1396.7,0:12:54,116.9,0,--.--,275,92.1,46,0000:00:00,72,0,80,0,30,0,0,2.95,0,0,0,1,55.04,11:11:58,10/10/2023,93.87,55.11,--.--
low,1,1006,16.77,16.04,3.38,953,54.2152,1.73,14.71603125,11:59.9,7,0,95,0,0,0,0.1,0,0,0,-35.6,-35,-10.68,-10.675,0,0.89,1396.7,0:12:55,117.2,0,--.--,275,92.4,47,0000:00:00,72,0,80,0,30,0,0,2.92,0,0,0,1,54.23,11:11:59,10/10/2023,93.87,55.09,--.--
low,1,1007,16.78,16.04,3.41,954,54.6964,1.74,14.73162569,12:00.9,7,0,95,0,0,0,0.1,0,0,0,-35.6,-35.1,-10.69,-10.691,0,0.89,1396.7,0:12:56,117.4,0,--.--,275,92.7,47,0000:00:00,72,0,80,0,30,0,0,2.92,0,0,0,1,54.71,11:12:00,10/10/2023,93.9,55.11,--.--
low,1,1008,16.8,16.05,3.29,955,52.8045,1.72,14.74615081,12:01.9,7.3,-0.4,95,0,0,0,0.1,0,0,0,-35.6,-35.1,-10.69,-10.694,0,0.88,1396.7,0:12:57,117.6,0,--.--,275,92.9,61,0000:00:00,72,0,80,0,30,0,0,2.89,0,0,0,1,52.79,11:12:01,10/10/2023,93.88,55.11,--.--
low,1,1009,16.82,16.04,3.09,956,49.5636,1.7,14.76161158,12:02.9,7,0.9,95,0,0,0,0.1,0,0,0,-35.5,-35,-10.67,-10.676,0,0.9,1396.7,0:12:58,117.9,0,--.--,275,93.1,47,0000:00:00,72,0,80,0,30,0,0,2.95,0,0,0,1,49.56,11:12:02,10/10/2023,93.9,55.09,--.--
low,1,1010,16.83,15.97,4.9,957,78.253,1.89,14.77773064,12:03.9,7.2,1.4,95,0,0,0,0,0,0,0.1,-35.4,-34.8,-10.6,-10.606,0,0.92,1396.7,0:12:59,118,0,--.--,275,93.2,45,0000:00:00,72,0,80,0,30,0,0,3.02,0,0,0,1,78.25,11:12:03,10/10/2023,93.92,55.11,--.--
low,1,1011,16.85,16.01,4.71,958,75.4071,1.88,14.79403797,12:04.9,7,1.4,95,0,0,0,0,0,0,0,-35.2,-34.6,-10.55,-10.509,0,1.01,1396.7,0:13:00,118.1,0,--.--,275,93.3,44,0000:00:00,72,0,80,0,30,0,0,3.31,0,0,0,1,75.41,11:12:04,10/10/2023,93.94,55.09,--.--
low,1,1012,16.87,16.04,3.5,959,56.14,1.75,14.81070175,12:05.9,6.8,1.8,95,0,0,0,0,0,0,-0.1,-35.1,-34.6,-10.55,-10.508,0,1.03,1396.7,0:13:01,118.2,0,--.--,276,93.5,35,0000:00:00,72,0,80,0,30,0,0,3.38,0,0,0,1,56.13,11:12:05,10/10/2023,93.94,55.11,--.--
low,1,1013,16.88,16.04,3.26,960,52.2904,1.72,14.82708797,12:06.9,7.6,1.5,96,0,0,0,0.1,0,0,0,-35.3,-34.8,-10.62,-10.629,0,0.96,1396.7,0:13:02,118.4,0,--.--,276,93.6,48,0000:00:00,72,0,80,0,30,0,0,3.15,0,0,0,1,52.3,11:12:06,10/10/2023,93.94,55.09,--.--
low,1,1014,16.9,16.04,3.47,961,55.6588,1.75,14.84351872,12:07.9,7.1,0.5,95,0,0,0,0.1,0,0,0,-35.5,-34.9,-10.65,-10.674,0,0.91,1396.7,0:13:03,118.5,0,--.--,276,93.8,49,0000:00:00,72,0,80,0,30,0,0,2.99,0,0,0,1,55.65,11:12:07,10/10/2023,93.94,55.09,--.--
low,1,1015,16.92,16.03,3.62,962,58.0286,1.76,14.85932608,12:08.9,7,0.1,95,0,0,0,0.1,0,0,0,-35.5,-35,-10.66,-10.709,0,0.91,1396.7,0:13:04,118.9,0,--.--,275,94.1,50,0000:00:00,72,0,80,0,30,0,0,2.99,0,0,0,1,58.04,11:12:08,10/10/2023,93.97,55.09,--.--
low,1,1016,16.93,16.04,3.66,963,58.7064,1.77,14.87607897,12:09.9,7,-1,95,0,0,0,0.1,0,0,0,-35.5,-34.9,-10.65,-10.708,0,0.9,1396.7,0:13:05,119.1,0,--.--,275,94.4,50,0000:00:00,72,0,80,0,30,0,0,2.95,0,0,0,1,58.72,11:12:09,10/10/2023,93.97,55.09,--.--
low,1,1017,16.95,16.04,3.74,964,59.9896,1.78,14.89211897,12:10.9,7.2,-0.7,95,0,0,0,0.1,0,0,0,-35.4,-34.9,-10.63,-10.655,0,0.91,1396.7,0:13:06,119.4,0,--.--,275,94.7,49,0000:00:00,72,0,80,0,30,0,0,2.99,0,0,0,1,59.99,11:12:10,10/10/2023,93.97,55.11,--.--
low,1,1018,16.97,16.03,3.68,965,58.9904,1.77,14.90823803,12:11.9,6.9,-1.2,95,0,0,0,0.1,0,0,0,-35.4,-34.8,-10.62,-10.649,0,0.91,1396.7,0:13:07,119.7,0,--.--,275,94.4,48,0000:00:00,72,0,80,0,30,0,0,2.99,0,0,0,1,58.99,11:12:11,10/10/2023,94.01,55.11,--.--
low,1,1019,16.98,16.03,3.69,966,59.1507,1.77,14.92523703,12:12.9,7.2,0,95,0,0,0,0.1,0,0,0,-35.3,-34.8,-10.6,-10.611,0,0.93,1396.7,0:13:08,120.1,0,--.--,275,95.3,47,0000:00:00,72,0,80,0,30,0,0,3.05,0,0,0,1,59.15,11:12:12,10/10/2023,94.01,55.11,--.--
low,1,1020,17,16.03,3.55,967,56.9065,1.76,14.9412225,12:13.9,6.6,-0.3,94,0,0,0,0.1,0,0,0,-35.3,-34.8,-10.61,-10.607,0,0.9,1396.7,0:13:09,120.4,0,--.--,275,95.6,47,0000:00:00,72,0,80,0,30,0,0,2.95,0,0,0,1,56.91,11:12:13,10/10/2023,94.03,55.11,--.--
low,1,1021,17.02,16.04,3.76,968,60.3104,1.78,14.95729703,12:14.9,7.3,-0.1,95,0,0,0,0.1,0,0,0,-35.3,-34.8,-10.61,-10.614,0,0.92,1396.7,0:13:10,120.6,0,--.--,276,95.8,48,0000:00:00,72,0,80,0,30,0,0,3.02,0,0,0,1,60.3,11:12:14,10/10/2023,94.05,55.11,--.--
low,1,1022,17.03,16.04,3.6,969,57.744,1.76,14.97536403,12:15.9,7,-0.6,95,0,0,0,0.1,0,0,0,-35.4,-34.8,-10.62,-10.634,0,0.91,1396.7,0:13:11,120.8,0,--.--,276,96,48,0000:00:00,72,0,80,0,30,0,0,2.99,0,0,0,1,57.73,11:12:15,10/10/2023,94.06,55.09,--.--
low,1,1023,17.05,16.03,3.62,970,58.0286,1.76,14.99218503,12:16.9,8,-0.7,95,0,0,0,0.1,0,0,0,-35.4,-34.8,-10.62,-10.628,0,0.91,1396.7,0:13:12,121,0,--.--,276,96.2,48,0000:00:00,72,0,80,0,30,0,0,2.99,0,0,0,1,58.03,11:12:16,10/10/2023,94.06,55.11,--.--
low,1,1024,17.07,16.02,3.82,971,61.1964,1.79,15.01020753,12:17.9,6.5,0,94,0,0,0,0.1,0,0,0,-35.4,-34.8,-10.61,-10.614,0,0.92,1396.7,0:13:13,121.2,0,--.--,276,96.5,48,0000:00:00,72,0,80,0,30,0,0,3.02,0,0,0,1,61.2,11:12:17,10/10/2023,94.08,55.09,--.--
low,1,1025,17.08,16.03,3.59,972,57.5477,1.76,15.02685053,12:18.9,7,1.2,95,0,0,0,0.1,0,0,0,-35.3,-34.8,-10.6,-10.608,0,0.94,1396.7,0:13:14,121.4,0,--.--,276,96.7,47,0000:00:00,72,0,80,0,30,0,0,3.08,0,0,0,1,57.55,11:12:18,10/10/2023,94.1,55.09,--.--
low,1,1026,17.1,16.03,3.61,973,57.8683,1.76,15.04301411,12:19.9,7.1,0.1,95,0,0,0,0.1,0,0,0,-35.3,-34.8,-10.61,-10.609,0,0.93,1396.7,0:13:15,121.7,0,--.--,276,97,48,0000:00:00,72,0,80,0,30,0,0,3.05,0,0,0,1,57.88,11:12:19,10/10/2023,94.1,55.11,--.--
low,1,1027,17.12,16.02,4.06,974,65.0412,1.81,15.05934561,12:20.9,7.2,-0.1,95,0,0,0,0.1,0,0,0,-35.4,-34.8,-10.61,-10.615,0,0.92,1396.7,0:13:16,122,0,--.--,276,97.3,48,0000:00:00,72,0,80,0,30,0,0,3.02,0,0,0,1,65.04,11:12:20,10/10/2023,94.1,55.09,--.--
low,1,1028,17.13,16.02,3.78,976,60.5556,1.78,15.07488581,12:21.9,7.1,-0.5,94,0,0,0,0.1,0,0,0,-35.4,-34.8,-10.62,-10.63,0,0.92,1396.7,0:13:17,122.3,0,--.--,276,97.6,49,0000:00:00,72,0,80,0,30,0,0,3.02,0,0,0,1,60.57,11:12:21,10/10/2023,94.14,55.09,--.--
low,1,1029,17.15,16.02,4.05,977,64.881,1.81,15.09063881,12:22.9,7,0.7,95,0,0,0,0.1,0,0,0,-35.4,-34.9,-10.63,-10.636,0,0.9,1396.7,0:13:18,122.6,0,--.--,276,97.9,49,0000:00:00,72,0,80,0,30,0,0,2.95,0,0,0,1,64.86,11:12:22,10/10/2023,94.14,55.11,--.--
low,1,1030,17.17,16.02,3.74,978,59.9148,1.78,15.10596592,12:23.9,6.9,0.1,95,0,0,0,0.1,0,0,0,-35.4,-34.9,-10.63,-10.653,0,0.91,1396.7,0:13:19,122.8,0,--.--,276,97.5,49,0000:00:00,72,0,80,0,30,0,0,2.99,0,0,0,1,59.92,11:12:23,10/10/2023,94.15,55.09,--.--
low,1,1031,17.18,16.03,3.63,979,58.1889,1.76,15.12008122,12:24.9,6.8,0.2,95,0,0,0,0.1,0,0,0,-35.4,-34.9,-10.64,-10.669,0,0.9,1403.3,0:13:20,123.2,0,--.--,276,97.8,50,0000:00:00,72,0,80,0,30,0,0,2.95,0,0,0,1,58.18,11:12:24,10/10/2023,94.15,55.09,--.--
low,1,1032,17.2,16.02,3.67,980,58.7934,1.77,15.13500733,12:25.9,7,0,95,0,0,0,0.1,0,0,0,-35.4,-34.9,-10.63,-10.669,0,0.89,1403.3,0:13:21,123.5,0,--.--,276,98.2,49,0000:00:00,72,0,80,0,30,0,0,2.92,0,0,0,1,58.81,11:12:25,10/10/2023,94.17,55.13,--.--
low,1,1033,17.22,16.03,3.49,981,55.9447,1.75,15.15020078,12:26.9,7.1,-0.2,94,0,0,0,0.1,0,0,0,-35.4,-34.8,-10.62,-10.634,0,0.9,1403.3,0:13:22,123.8,0,--.--,276,98.4,49,0000:00:00,72,0,80,0,30,0,0,2.95,0,0,0,1,55.94,11:12:26,10/10/2023,94.17,55.11,--.--
low,1,1034,17.23,16.02,3.54,982,56.7108,1.75,15.16631983,12:27.9,7.3,0.8,95,0,0,0,0.1,0,0,0,-35.4,-34.8,-10.61,-10.628,0,0.91,1403.3,0:13:23,123.9,0,--.--,276,102.6,48,0000:00:00,72,0,80,0,30,0,0,2.99,0,0,0,1,56.72,11:12:27,10/10/2023,94.19,55.09,--.--
low,1,1035,17.25,16.04,3.44,983,55.1776,1.74,15.18250772,12:28.9,7.2,1.1,95,0,0,0,0,0,0,0,-35.3,-34.8,-10.6,-10.608,0,0.91,1403.3,0:13:24,124,0,--.--,276,102.8,49,0000:00:00,72,0,80,0,30,0,0,2.99,0,0,0,1,55.16,11:12:28,10/10/2023,94.21,55.09,--.--
low,1,1036,17.27,16.03,3.17,984,50.8151,1.71,15.19884942,12:29.9,7.1,1.9,95,0,0,0,0,0,0,0,-35.3,-34.8,-10.6,-10.596,0,0.92,1403.3,0:13:25,124.1,0,--.--,276,102.8,48,0000:00:00,72,0,80,0,30,0,0,3.02,0,0,0,1,50.82,11:12:29,10/10/2023,94.21,55.09,--.--
low,1,1037,17.28,16.04,3.35,984,53.734,1.73,15.21500292,12:30.9,7,1,95,0,0,0,0,0,0,0,-35.3,-34.8,-10.61,-10.597,0,0.92,1403.3,0:13:26,124.2,0,--.--,276,102.9,46,0000:00:00,72,0,80,0,30,0,0,3.02,0,0,0,1,53.72,11:12:30,10/10/2023,94.23,55.09,--.--
low,1,1038,17.3,16.04,3.41,985,54.6964,1.74,15.2324805,12:31.9,7.2,2.3,95,0,0,0,0,0,0,0,-35.4,-34.8,-10.62,-10.624,0,0.92,1403.3,0:13:27,124.3,0,--.--,276,103.1,35,0000:00:00,72,0,80,0,30,0,0,3.02,0,0,0,1,54.68,11:12:31,10/10/2023,94.24,55.09,--.--
low,1,1039,17.32,16.03,3.62,986,58.0286,1.76,15.2498355,12:32.9,7.9,-1.5,94,0,0,0,0,0,0,0,-35.5,-34.9,-10.65,-10.665,0,0.89,1403.3,0:13:28,124.5,0,--.--,276,103.2,48,0000:00:00,72,0,80,0,30,0,0,2.92,0,0,0,1,58.02,11:12:32,10/10/2023,94.24,55.09,--.--
low,1,1040,17.33,16.01,3.64,987,58.2764,1.77,15.265064,12:33.9,6.8,0.7,95,0,0,0,0,0,0,0,-35.5,-34.9,-10.64,-10.652,0,0.88,1403.3,0:13:29,124.5,0,--.--,276,103.2,49,0000:00:00,72,0,80,0,30,0,0,2.89,0,0,0,1,58.26,11:12:33,10/10/2023,94.24,55.09,--.--
low,1,1041,17.35,16.03,3.67,988,58.8301,1.77,15.28047061,12:34.9,7.3,0.6,95,0,0,0,0.1,0,0,0,-35.4,-34.9,-10.63,-10.631,0,0.89,1403.3,0:13:30,124.7,0,--.--,276,103.4,48,0000:00:00,72,0,80,0,30,0,0,2.92,0,0,0,1,58.83,11:12:34,10/10/2023,94.26,55.11,--.--
low,1,1042,17.37,16.02,3.63,989,58.1526,1.76,15.29671311,12:35.9,6.9,0.3,95,0,0,0,0.1,0,0,0,-35.4,-34.9,-10.63,-10.63,0,0.88,1403.3,0:13:31,124.8,0,--.--,276,103.5,48,0000:00:00,72,0,80,0,30,0,0,2.89,0,0,0,1,58.16,11:12:35,10/10/2023,94.26,55.09,--.--
low,1,1043,17.38,16.01,3.93,991,62.9193,1.8,15.31220878,12:36.9,7.4,-0.3,95,0,0,0,0.1,0,0,0,-35.4,-34.9,-10.63,-10.629,0,0.89,1403.3,0:13:32,125,0,--.--,276,103.8,48,0000:00:00,72,0,80,0,30,0,0,2.92,0,0,0,1,62.92,11:12:36,10/10/2023,94.3,55.11,--.--
low,1,1044,17.4,16.02,3.9,992,62.478,1.8,15.32685367,12:37.9,7.1,1.3,95,0,0,0,0.1,0,0,0,-35.4,-34.9,-10.63,-10.63,0,0.89,1403.3,0:13:33,125.3,0,--.--,276,104,48,0000:00:00,72,0,80,0,30,0,0,2.92,0,0,0,1,62.47,11:12:37,10/10/2023,94.3,55.09,--.--
low,1,1045,17.42,16.03,3.42,993,54.8226,1.74,15.3641625,12:38.9,6.9,0.2,95,0,0,0,0.1,0,0,0,-35.4,-34.9,-10.64,-10.647,0,0.88,1403.3,0:13:34,125.5,0,--.--,276,104.3,49,0000:00:00,72,0,80,0,30,0,0,2.89,0,0,0,1,54.83,11:12:38,10/10/2023,94.32,55.09,--.--
low,1,1046,17.43,16.03,3.46,994,55.4638,1.74,15.384677,12:39.9,6.9,0.1,95,0,0,0,0.1,0,0,0,-35.5,-34.9,-10.64,-10.652,0,0.87,1403.3,0:13:35,125.8,0,--.--,276,104.5,49,0000:00:00,72,0,80,0,30,0,0,2.85,0,0,0,1,55.45,11:12:39,10/10/2023,94.32,55.09,--.--
low,1,1047,17.45,16.02,3.65,995,58.473,1.77,15.400519,12:40.9,7.4,-0.7,94,0,0,0,0,0,0,0,-35.4,-34.9,-10.64,-10.648,0,0.88,1403.3,0:13:36,126,0,--.--,276,104.7,48,0000:00:00,72,0,80,0,30,0,0,2.89,0,0,0,1,58.49,11:12:40,10/10/2023,94.33,55.09,--.--
low,1,1048,17.47,16.03,3.48,996,55.7844,1.75,15.41467883,12:41.9,6.6,3.4,94,0,0,0,0,0,0,0.2,-35.4,-34.8,-10.58,-10.573,0,0.87,1403.3,0:13:37,126.1,0,--.--,276,104.8,65,0000:00:00,72,0,80,0,30,0,0,2.85,0,0,0,1,55.77,11:12:41,10/10/2023,94.35,55.09,--.--
low,1,1049,17.48,15.88,3.32,997,52.7216,1.72,15.42928394,12:42.9,7.3,1.5,94,0,0,0,0,0,0,0,-35,-34.4,-10.49,-10.457,0,1,1403.3,0:13:38,126.2,0,--.--,276,104.9,36,0000:00:00,72,0,80,0,30,0,0,3.28,0,0,0,1,52.74,11:12:42,10/10/2023,94.35,55.11,--.--
low,1,1050,17.5,15.82,8.49,999,134.3118,2.13,15.44415622,12:44.0,8.6,1.1,94,0,0,0,0,0,0,0,-35.1,-34.5,-10.54,-10.516,0,0.99,1403.3,0:13:39,126.3,0,--.--,276,105,41,0000:00:00,72,0,80,0,30,0,0,3.25,0,0,0,1,134.34,11:12:43,10/10/2023,94.37,55.09,--.--
low,1,1051,17.52,16.02,4.61,1000,73.8522,1.87,15.45743378,12:45.0,7.2,0,95,0,0,0,0.1,0,0,0,-35.3,-34.7,-10.59,-10.61,0,0.93,1403.3,0:13:40,126.4,0,--.--,276,105.1,50,0000:00:00,72,0,80,0,30,0,0,3.05,0,0,0,1,73.85,11:12:44,10/10/2023,94.37,55.09,--.--
low,1,1052,17.53,16.02,3.56,1001,57.0312,1.76,15.47173611,12:46.0,5.4,2.3,95,0,0,0,0.1,0,0,0,-35.3,-34.7,-10.6,-10.63,0,0.9,1403.3,0:13:41,126.6,0,--.--,276,109.4,50,0000:00:00,72,0,80,0,30,0,0,2.95,0,0,0,1,57.02,11:12:45,10/10/2023,94.39,55.11,--.--
low,1,1053,17.55,16.03,3.18,1002,50.9754,1.71,15.48700914,12:47.0,6.6,-0.1,95,0,0,0,0.1,0,0,0,-35.3,-34.8,-10.61,-10.654,0,0.9,1403.3,0:13:42,126.8,0,--.--,276,109.6,51,0000:00:00,72,0,80,0,30,0,0,2.95,0,0,0,1,50.98,11:12:46,10/10/2023,94.39,55.11,--.--
low,1,1054,17.57,16.03,3.28,1003,52.5784,1.72,15.50188142,12:48.0,7.5,0.5,95,0,0,0,0.1,0,0,0,-35.3,-34.8,-10.61,-10.649,0,0.91,1403.3,0:13:43,127.1,0,--.--,276,109.9,51,0000:00:00,72,0,80,0,30,0,0,2.99,0,0,0,1,52.57,11:12:47,10/10/2023,94.42,55.11,--.--
low,1,1055,17.58,16.03,3.34,1004,53.5402,1.73,15.53456775,12:49.0,6.4,0.7,95,0,0,0,0.1,0,0,0,-35.3,-34.8,-10.6,-10.63,0,0.91,1403.3,0:13:44,127.4,0,--.--,276,110.2,50,0000:00:00,72,0,80,0,30,0,0,2.99,0,0,0,1,53.53,11:12:48,10/10/2023,94.42,55.09,--.--
low,1,1056,17.6,16.04,2.98,1005,47.7992,1.68,15.56548744,12:50.0,6.6,-0.5,94,0,0,0,0.1,0,0,0,-35.3,-34.7,-10.59,-10.608,0,0.9,1403.3,0:13:45,127.7,0,--.--,276,110.5,49,0000:00:00,72,0,80,0,30,0,0,2.95,0,0,0,1,47.81,11:12:49,10/10/2023,94.42,55.09,--.--
low,1,1057,17.62,16.04,3.21,1006,51.4884,1.71,15.58219064,12:51.0,8.6,-1.2,94,0,0,0,0.1,0,0,0,-35.2,-34.6,-10.56,-10.55,0,0.93,1403.3,0:13:46,127.9,0,--.--,276,110.7,48,0000:00:00,72,0,80,0,30,0,0,3.05,0,0,0,1,51.48,11:12:50,10/10/2023,94.42,55.09,--.--
low,1,1058,17.63,16.03,3.43,1007,54.9829,1.74,15.59821064,12:52.0,7.4,-0.4,94,0,0,0,0,0,0,0,-35.1,-34.5,-10.53,-10.487,0,0.93,1403.3,0:13:47,128.1,0,--.--,276,110.9,45,0000:00:00,85,0,80,0,30,0,0,3.05,0,0,0,1,54.97,11:12:51,10/10/2023,94.46,55.09,--.--
low,1,1059,17.65,16.03,3.34,1008,53.5402,1.73,15.61430958,12:52.9,7.4,0.3,95,0,0,0,0.1,0,0,0,-35,-34.4,-10.5,-10.436,0,0.95,1403.3,0:13:48,128.3,0,--.--,276,110.8,44,0000:00:00,76,0,80,0,30,0,0,3.12,0,0,0,1,53.54,11:12:52,10/10/2023,94.48,55.09,--.--
low,1,1060,17.67,15.88,7.41,1009,117.6708,2.07,15.63050758,12:53.9,7.6,0.4,95,0,0,0,0.1,0,0,-0.2,-35.2,-34.7,-10.62,-10.599,0,0.92,1403.3,0:13:49,128.4,0,--.--,276,110.9,47,0000:00:00,76,0,80,0,30,0,0,3.02,0,0,0,1,117.63,11:12:53,10/10/2023,94.48,55.09,--.--
low,1,1061,17.68,15.97,6.97,1011,111.3109,2.05,15.64657208,12:54.9,8.1,3.9,95,0,0,0,0.1,0,0,0,-35.6,-35.1,-10.72,-10.784,0,0.81,1403.3,0:13:50,128.7,0,--.--,276,111.2,52,0000:00:00,76,0,80,0,30,0,0,2.66,0,0,0,1,111.32,11:12:54,10/10/2023,94.5,55.11,--.--
low,1,1062,17.7,15.95,3.77,1012,60.1315,1.78,15.66293786,12:56.0,7.7,1.8,95,0,0,0,0.1,0,0,0,-35.8,-35.3,-10.75,-10.856,0,0.77,1403.3,0:13:51,129,0,--.--,276,111.5,54,0000:00:00,76,0,80,0,30,0,0,2.53,0,0,0,1,60.14,11:12:55,10/10/2023,94.5,55.09,--.--
low,1,1063,17.72,16.02,3.6,1013,57.672,1.76,15.68110428,12:57.0,7.9,-0.6,94,0,0,0,0.1,0,0,0.1,-35.7,-35.2,-10.72,-10.802,0,0.78,1403.3,0:13:52,129.3,0,--.--,276,111.8,65,0000:00:00,76,0,80,0,30,0,0,2.56,0,0,0,1,57.66,11:12:56,10/10/2023,94.51,55.09,--.--
low,1,1064,17.73,16.01,3.62,1014,57.9562,1.76,15.69959317,12:58.0,7.8,-1.9,94,0,0,0,0.1,0,0,0.1,-35.5,-35,-10.65,-10.679,0,0.83,1403.3,0:13:53,129.6,0,--.--,276,112.1,54,0000:00:00,76,0,80,0,30,0,0,2.72,0,0,0,1,57.97,11:12:57,10/10/2023,94.51,55.09,--.--
low,1,1065,17.75,16.02,3.64,1015,58.3128,1.77,15.71750428,12:59.0,7.6,-0.9,94,0,0,0,0.1,0,0,0,-35.3,-34.7,-10.58,-10.547,0,0.88,1410,0:13:54,129.8,0,--.--,276,112.3,46,0000:00:00,76,0,80,0,30,0,0,2.89,0,0,0,1,58.3,11:12:58,10/10/2023,94.53,55.09,--.--
low,1,1066,17.77,16.02,3.61,1016,57.8322,1.76,15.7353265,13:00.0,6.7,-1.6,94,0,0,0,0.1,0,0,0,-35.1,-34.6,-10.54,-10.467,0,0.93,1410,0:13:55,130,0,--.--,276,112.5,44,0000:00:00,76,0,80,0,30,0,0,3.05,0,0,0,1,57.81,11:12:59,10/10/2023,94.53,55.09,--.--
low,1,1067,17.78,16.01,3.68,1017,58.9168,1.77,15.75447008,13:01.0,7.4,-1.9,93,0,0,0,0,0,0,0,-35.1,-34.5,-10.53,-10.447,0,0.92,1410,0:13:56,130.3,0,--.--,276,116.9,44,0000:00:00,76,0,80,0,30,0,0,3.02,0,0,0,1,58.92,11:13:00,10/10/2023,94.55,55.09,--.--
low,1,1068,17.8,15.99,4.09,1018,65.3991,1.82,15.77113675,13:02.0,6.7,-0.3,94,0,0,0,0.1,0,0,0,-35.1,-34.6,-10.54,-10.467,0,0.92,1410,0:13:57,130.4,0,--.--,276,117,45,0000:00:00,76,0,80,0,30,0,0,3.02,0,0,0,1,65.42,11:13:01,10/10/2023,94.55,55.11,--.--
low,1,1069,17.82,16,4.16,1020,66.56,1.82,15.78622225,13:03.0,7.3,-0.8,94,0,0,0,0.1,0,0,0,-35.2,-34.6,-10.56,-10.504,0,0.94,1410,0:13:58,130.7,0,--.--,276,117.2,45,0000:00:00,76,0,80,0,30,0,0,3.08,0,0,0,1,66.56,11:13:02,10/10/2023,94.55,55.09,--.--
low,1,1070,17.83,16,4.03,1021,64.48,1.81,15.80294381,13:04.0,7.3,-1.6,94,0,0,0,0.1,0,0,0,-35.2,-34.6,-10.56,-10.513,0,0.92,1410,0:13:59,131.1,0,--.--,276,117.6,45,0000:00:00,76,0,80,0,30,0,0,3.02,0,0,0,1,64.46,11:13:03,10/10/2023,94.55,55.09,--.--
low,1,1071,17.85,16,4.01,1022,64.16,1.81,15.81745081,13:05.0,7.5,-0.8,94,0,0,0,0.1,0,0,0,-35.2,-34.6,-10.56,-10.508,0,0.91,1410,0:14:00,131.5,0,--.--,276,118,45,0000:00:00,76,0,80,0,30,0,0,2.99,0,0,0,1,64.17,11:13:04,10/10/2023,94.59,55.09,--.--
low,1,1072,17.87,15.99,4.31,1023,68.9169,1.84,15.83567303,13:06.0,6.7,-0.4,95,0,0,0,0.1,0,0,0,-35.2,-34.6,-10.56,-10.513,0,0.88,1410,0:14:01,131.9,0,--.--,276,118.5,45,0000:00:00,76,0,80,0,30,0,0,2.89,0,0,0,1,68.91,11:13:05,10/10/2023,94.6,55.09,--.--
low,1,1073,17.88,16,3.75,1024,60,1.78,15.84992192,13:06.9,7.2,0,95,0,0,0,0.1,0,0,0,-35.2,-34.7,-10.58,-10.547,0,0.88,1410,0:14:02,132.3,0,--.--,276,118.9,45,0000:00:00,76,0,80,0,30,0,0,2.89,0,0,0,1,60.01,11:13:06,10/10/2023,94.6,55.08,--.--
low,1,1074,17.9,16.02,3.39,1025,54.3078,1.73,15.86377006,13:08.0,6.1,0,94,0,0,0,0.1,0,0,0,-35.3,-34.7,-10.59,-10.564,0,0.85,1410,0:14:03,132.7,0,--.--,276,123.4,47,0000:00:00,76,0,80,0,30,0,0,2.79,0,0,0,1,54.3,11:13:07,10/10/2023,94.62,55.09,--.--
low,1,1075,17.92,16.01,3.76,1026,60.1976,1.78,15.88092561,13:08.9,7.2,-1,94,0,0,0,0.1,0,0,0,-35.3,-34.8,-10.61,-10.612,0,0.82,1410,0:14:04,133.1,0,--.--,276,123.8,47,0000:00:00,76,0,80,0,30,0,0,2.69,0,0,0,1,60.18,11:13:08,10/10/2023,94.62,55.09,--.--
low,1,1076,17.93,16.02,3.26,1027,52.2252,1.72,15.89626853,13:09.9,6.9,-1.3,94,0,0,0,0.1,0,0,0,-35.4,-34.8,-10.62,-10.637,0,0.81,1410,0:14:05,133.4,0,--.--,276,124,48,0000:00:00,76,0,80,0,30,0,0,2.66,0,0,0,1,52.23,11:13:09,10/10/2023,94.64,55.09,--.--
low,1,1077,17.95,16,4.1,1028,65.6,1.82,15.91110369,13:10.9,7.1,-0.2,94,0,0,0,0.1,0,0,0,-35.3,-34.8,-10.6,-10.608,0,0.82,1410,0:14:06,133.6,0,--.--,276,124.3,47,0000:00:00,76,0,80,0,30,0,0,2.69,0,0,0,1,65.6,11:13:10,10/10/2023,94.64,55.11,--.--
low,1,1078,17.97,16.03,3.2,1029,51.296,1.71,15.92463169,13:12.0,7.6,-0.3,94,0,0,0,0.1,0,0,0,-35.3,-34.8,-10.6,-10.606,0,0.82,1410,0:14:07,133.9,0,--.--,276,124.6,61,0000:00:00,76,0,80,0,30,0,0,2.69,0,0,0,1,51.29,11:13:11,10/10/2023,94.66,55.09,--.--
low,1,1079,17.98,16.03,3.11,1030,49.8533,1.7,15.94183169,13:12.9,7.5,-1,94,0,0,0,0.1,0,0,0,-35.1,-34.6,-10.54,-10.531,0,0.87,1410,0:14:08,134.1,0,--.--,276,124.7,46,0000:00:00,76,0,80,0,30,0,0,2.85,0,0,0,1,49.85,11:13:12,10/10/2023,94.68,55.09,--.--
low,1,1080,18,16,3.86,1031,61.76,1.79,15.96061994,13:14.0,7.8,-0.9,94,0,0,0,0,0,0,0,-35,-34.5,-10.5,-10.46,0,0.89,1410,0:14:09,134.3,0,--.--,276,124.9,45,0000:00:00,76,0,80,0,30,0,0,2.92,0,0,0,1,61.77,11:13:13,10/10/2023,94.68,55.09,--.--
low,1,1081,18.02,16.01,3.45,1032,55.2345,1.74,15.97848661,13:14.9,7.1,-0.3,95,0,0,0,0.1,0,0,0,-35,-34.4,-10.49,-10.453,0,0.9,1410,0:14:10,134.5,0,--.--,276,125.1,56,0000:00:00,76,0,80,0,30,0,0,2.95,0,0,0,1,55.24,11:13:14,10/10/2023,94.69,55.09,--.--
low,1,1082,18.03,15.99,3.34,1034,53.4066,1.73,15.99666439,13:15.9,7,-0.7,94,0,0,0,0.1,0,0,0,-34.9,-34.4,-10.48,-10.443,0,0.91,1410,0:14:11,134.7,0,--.--,276,125.3,47,0000:00:00,76,0,80,0,30,0,0,2.99,0,0,0,1,53.41,11:13:15,10/10/2023,94.69,55.09,--.--
low,1,1083,18.05,16.02,3.04,1035,48.7008,1.69,16.01334147,13:16.9,7.5,-0.3,94,0,0,0,0.1,0,0,0.2,-34.9,-34.4,-10.44,-10.423,0,0.92,1410,0:14:12,134.9,0,--.--,276,125.5,65,0000:00:00,76,0,80,0,30,0,0,3.02,0,0,0,1,48.7,11:13:16,10/10/2023,94.71,55.09,--.--
low,1,1084,18.07,16,3.87,1036,61.92,1.79,16.03111925,13:18.0,8,-0.9,94,0,0,0,0.1,0,0,0,-34.5,-34,-10.34,-10.32,0,1.04,1410,0:14:13,135.1,0,--.--,276,125.8,44,0000:00:00,76,0,80,0,30,0,0,3.41,0,0,0,1,61.93,11:13:17,10/10/2023,94.71,55.09,--.--
low,1,1085,18.08,15.99,4.23,1037,67.6377,1.83,16.049641,13:19.0,7.3,-1,94,0,0,0,0.1,0,0,0,-34.3,-33.8,-10.3,-10.241,0,1.08,1410,0:14:14,135.4,0,--.--,276,126.1,44,0000:00:00,76,0,80,0,30,0,0,3.54,0,0,0,1,67.63,11:13:18,10/10/2023,94.71,55.09,--.--
low,1,1086,18.1,16,4.02,1039,64.32,1.81,16.06622914,13:20.0,7.6,-0.8,94,0,0,0,0.1,0,0,0,-34.3,-33.8,-10.3,-10.249,0,1.1,1410,0:14:15,135.8,0,--.--,276,126.4,45,0000:00:00,76,0,80,0,30,0,0,3.61,0,0,0,1,64.3,11:13:19,10/10/2023,94.71,55.08,--.--
low,1,1087,18.12,16,4.09,1040,65.44,1.82,16.08091414,13:21.0,8,-0.9,94,0,0,0,0.1,0,0,0,-34.4,-33.9,-10.33,-10.301,0,1.08,1416.5,0:14:16,136.2,0,--.--,277,126.7,46,0000:00:00,76,0,80,0,30,0,0,3.54,0,0,0,1,65.42,11:13:20,10/10/2023,94.75,55.09,--.--
low,1,1088,18.13,16.01,3.75,1041,60.0375,1.78,16.09607917,13:22.0,8,-0.7,93,0,0,0,0.1,0,0,0,-34.4,-33.9,-10.33,-10.309,0,1.08,1416.5,0:14:17,136.5,0,--.--,277,127.1,46,0000:00:00,76,0,80,0,30,0,0,3.54,0,0,0,1,60.02,11:13:21,10/10/2023,94.75,55.09,--.--
low,1,1089,18.15,16,4,1042,64,1.81,16.10982967,13:23.0,7.6,0.1,95,0,0,0,0.1,0,0,-0.1,-34.6,-34.1,-10.4,-10.408,0,1.05,1416.5,0:14:18,136.8,0,--.--,277,127.3,53,0000:00:00,76,0,80,0,30,0,0,3.44,0,0,0,1,64,11:13:22,10/10/2023,94.77,55.09,--.--
low,1,1090,18.17,15.99,4.17,1043,66.6783,1.82,16.12619544,13:24.0,8.8,2.6,95,0,0,0,0.2,0,0,0,-34.8,-34.2,-10.44,-10.49,0,0.95,1416.5,0:14:19,137,0,--.--,277,127.6,49,0000:00:00,76,0,80,0,30,0,0,3.12,0,0,0,1,66.67,11:13:23,10/10/2023,94.78,55.09,--.--
low,1,1091,18.18,16.01,3.73,1044,59.7173,1.78,16.15910819,13:25.0,6.7,0.8,95,0,0,0,0.1,0,0,0,-34.8,-34.3,-10.45,-10.511,0,0.92,1416.5,0:14:20,137.5,0,--.--,276,128.1,50,0000:00:00,76,0,80,0,30,0,0,3.02,0,0,0,1,59.71,11:13:24,10/10/2023,94.78,55.09,--.--
low,1,1092,18.2,16.02,3.3,1045,52.866,1.72,16.17578528,13:26.0,6.4,-2.3,94,0,0,0,0.1,0,0,0,-34.8,-34.3,-10.44,-10.485,0,0.9,1416.5,0:14:21,137.9,0,--.--,276,128.5,49,0000:00:00,76,0,80,0,30,0,0,2.95,0,0,0,1,52.85,11:13:25,10/10/2023,94.8,55.09,--.--
low,1,1093,18.22,16.01,3.41,1046,54.5941,1.74,16.19161739,13:27.0,8.1,-1.2,93,0,0,0,0.1,0,0,0,-34.6,-34.1,-10.4,-10.409,0,0.91,1416.5,0:14:22,138.2,0,--.--,276,128.8,47,0000:00:00,76,0,80,0,30,0,0,2.99,0,0,0,1,54.6,11:13:26,10/10/2023,94.8,55.09,--.--
low,1,1094,18.23,16.02,3.09,1047,49.5018,1.69,16.2079285,13:28.0,7.9,-1.1,93,0,0,0,0,0,0,0,-34.6,-34,-10.37,-10.347,0,0.88,1416.5,0:14:23,138.3,0,--.--,276,129,45,0000:00:00,76,0,80,0,30,0,0,2.89,0,0,0,1,49.51,11:13:27,10/10/2023,94.82,55.09,--.--
low,1,1095,18.25,16.01,3.68,1048,58.9168,1.77,16.22535072,13:29.0,8.2,-1.3,94,0,0,0,0,0,0,0,-34.5,-34,-10.36,-10.329,0,0.9,1416.5,0:14:24,138.5,0,--.--,276,129.4,57,0000:00:00,76,0,80,0,30,0,0,2.95,0,0,0,1,58.91,11:13:28,10/10/2023,94.82,55.09,--.--
low,1,1096,18.27,15.99,7.41,1050,118.4859,2.07,16.24457111,13:30.0,7.8,-0.8,94,0,0,0,0.1,0,0,0,-34.5,-33.9,-10.34,-10.3,0,0.93,1416.5,0:14:25,138.7,0,--.--,276,129.3,45,0000:00:00,76,0,80,0,30,0,0,3.05,0,0,0,1,118.47,11:13:29,10/10/2023,94.84,55.09,--.--
low,1,1097,18.28,16.01,3.75,1051,60.0375,1.78,16.2613945,13:31.0,7.6,-1,94,0,0,0,0.1,0,0,0,-34.4,-33.9,-10.33,-10.3,0,0.93,1416.5,0:14:26,138.8,0,--.--,276,129.8,56,0000:00:00,76,0,80,0,30,0,0,3.05,0,0,0,1,60.05,11:13:30,10/10/2023,94.84,55.09,--.--
low,1,1098,18.3,16.01,3.56,1052,56.9956,1.76,16.29062067,13:32.0,8,-0.5,94,0,0,0,0.1,0,0,0,-34.4,-33.9,-10.32,-10.288,0,0.94,1416.5,0:14:27,139,0,--.--,276,130,45,0000:00:00,76,0,80,0,30,0,0,3.08,0,0,0,1,56.99,11:13:31,10/10/2023,94.84,55.09,--.--
low,1,1099,18.32,16,3.67,1053,58.72,1.77,16.30454917,13:33.0,7.7,-0.6,94,0,0,0,0.1,0,0,0.1,-34.3,-33.8,-10.3,-10.287,0,0.94,1416.5,0:14:28,139.2,0,--.--,276,130.2,49,0000:00:00,76,0,80,0,30,0,0,3.08,0,0,0,1,58.74,11:13:32,10/10/2023,94.84,55.08,--.--
low,1,1100,18.33,16,3.92,1054,62.72,1.8,16.33543217,13:34.0,7.8,-1.1,94,0,0,0,0.1,0,0,0,-34.3,-33.7,-10.28,-10.257,0,0.97,1416.5,0:14:29,139.5,0,--.--,276,130.4,45,0000:00:00,76,0,80,0,30,0,0,3.18,0,0,0,1,62.7,11:13:33,10/10/2023,94.87,55.08,--.--
low,1,1101,18.35,15.98,4.33,1055,69.1934,1.84,16.34878217,13:35.0,7.2,-3.1,93,0,0,0,0.1,0,0,0,-34.2,-33.7,-10.27,-10.247,0,0.9,1416.5,0:14:30,139.8,0,--.--,276,130.7,42,0000:00:00,76,0,80,0,30,0,0,2.95,0,0,0,1,69.2,11:13:34,10/10/2023,94.87,55.08,--.--
low,1,1102,18.37,15.98,3.79,1056,60.5642,1.78,16.36320017,13:36.0,8.3,0.3,94,0,0,0,0.1,0,0,0,-34.3,-33.7,-10.27,-10.248,0,0.87,1416.5,0:14:31,140.1,0,--.--,276,131,45,0000:00:00,76,0,80,0,30,0,0,2.85,0,0,0,1,60.56,11:13:35,10/10/2023,94.87,55.08,--.--
low,1,1103,18.38,15.99,6.58,1058,105.2142,2.02,16.37714767,13:37.0,7.8,0.3,94,0,0,0,0.1,0,0,0,-34.5,-33.9,-10.33,-10.349,0,0.83,1416.5,0:14:32,140.3,0,--.--,276,131.2,49,0000:00:00,76,0,80,0,30,0,0,2.72,0,0,0,1,105.23,11:13:36,10/10/2023,94.91,55.09,--.--
low,1,1104,18.4,16.02,3.13,1059,50.1426,1.7,16.39226822,13:38.0,7.5,0.6,94,0,0,0,0.1,0,0,0,-34.6,-34.1,-10.38,-10.439,0,0.81,1416.5,0:14:33,140.4,0,--.--,276,131.4,50,0000:00:00,76,0,80,0,30,0,0,2.66,0,0,0,1,50.15,11:13:37,10/10/2023,94.91,55.09,--.--
low,1,1105,18.42,16.02,6.94,1060,111.1788,2.05,16.407033,13:39.0,8.6,-1.2,94,0,0,0,0,0,0,0,-34.6,-34.1,-10.38,-10.453,0,0.84,1416.5,0:14:34,140.6,0,--.--,276,131.5,68,0000:00:00,76,0,80,0,30,0,0,2.76,0,0,0,1,111.19,11:13:38,10/10/2023,94.93,55.09,--.--
low,1,1106,18.43,16.02,3,1061,48.06,1.68,16.42161989,13:40.0,5.9,1.8,94,0,0,0,0,0,0,0,-34.3,-33.8,-10.31,-10.347,0,0.89,1416.5,0:14:35,140.7,0,--.--,276,135.7,48,0000:00:00,76,0,80,0,30,0,0,2.92,0,0,0,1,48.05,11:13:39,10/10/2023,94.93,55.09,--.--
low,1,1107,18.45,16.02,3.24,1062,51.9048,1.72,16.43572639,13:41.0,6,0,94,0,0,0,0,0,0,0,-34.2,-33.7,-10.26,-10.252,0,0.89,1416.5,0:14:36,140.8,0,--.--,276,131.7,58,0000:00:00,76,0,80,0,30,0,0,2.92,0,0,0,1,51.9,11:13:40,10/10/2023,94.95,55.08,--.--
low,1,1108,18.47,15.94,3.15,1063,50.211,1.7,16.44983289,13:42.0,7.8,-0.8,94,0,0,0,0,0,0,0,-34.1,-33.6,-10.23,-10.208,0,0.92,1416.5,0:14:37,141,0,--.--,276,136,48,0000:00:00,76,0,80,0,30,0,0,3.02,0,0,0,1,50.22,11:13:41,10/10/2023,94.95,55.09,--.--
low,1,1109,18.48,16.01,3.4,1064,54.434,1.74,16.46522989,13:43.0,6.7,-0.4,94,0,0,0,0,0,0,0,-34,-33.5,-10.21,-10.173,0,0.94,1416.5,0:14:38,141.1,0,--.--,276,136.1,45,0000:00:00,76,0,80,0,30,0,0,3.08,0,0,0,1,54.45,11:13:43,10/10/2023,94.96,55.09,--.--
low,1,1110,18.5,16.01,3.32,1065,53.1532,1.73,16.47987039,13:44.0,6.4,0.6,95,0,0,0,0,0,0,0,-34,-33.5,-10.2,-10.152,0,0.96,1416.5,0:14:39,141.2,0,--.--,276,136.2,45,0000:00:00,76,0,80,0,30,0,0,3.15,0,0,0,1,53.15,11:13:43,10/10/2023,94.96,55.09,--.--
low,1,1111,18.52,16.01,3.28,1066,52.5128,1.72,16.49375439,13:45.0,6.9,-0.2,95,0,0,0,0,0,0,0,-34,-33.5,-10.2,-10.153,0,0.97,1416.5,0:14:40,141.3,0,--.--,277,136.3,45,0000:00:00,76,0,80,0,30,0,0,3.18,0,0,0,1,52.5,11:13:44,10/10/2023,95,55.09,--.--
low,1,1112,18.53,16.02,3.17,1067,50.7834,1.71,16.50803889,13:46.0,6.8,0.3,95,0,0,0,0,0,0,0,-34,-33.5,-10.2,-10.153,0,1,1416.5,0:14:41,141.4,0,--.--,277,136.4,44,0000:00:00,76,0,80,0,30,0,0,3.28,0,0,0,1,50.77,11:13:45,10/10/2023,95,55.08,--.--
low,1,1113,18.55,16.02,3.17,1068,50.7834,1.71,16.52250139,13:47.0,6.7,0.3,95,0,0,0,0,0,0,0,-34.1,-33.5,-10.21,-10.172,0,0.91,1416.5,0:14:42,141.5,0,--.--,277,136.5,45,0000:00:00,76,0,80,0,30,0,0,2.99,0,0,0,1,50.78,11:13:46,10/10/2023,95,55.09,--.--
low,1,1114,18.57,16.02,3.46,1069,55.4292,1.74,16.53816539,13:48.0,6.7,0.5,95,0,0,0,0.1,0,0,0,-34.1,-33.6,-10.23,-10.208,0,0.9,1416.5,0:14:43,141.6,0,--.--,277,136.6,45,0000:00:00,76,0,80,0,30,0,0,2.95,0,0,0,1,55.44,11:13:47,10/10/2023,95.04,55.09,--.--
low,1,1115,18.58,16.02,3.29,1070,52.7058,1.72,16.55337489,13:49.0,6.8,0.5,95,0,0,0,0,0,0,0,-34.1,-33.6,-10.24,-10.231,0,0.94,1416.5,0:14:44,141.7,0,--.--,277,136.7,46,0000:00:00,76,0,80,0,30,0,0,3.08,0,0,0,1,52.69,11:13:49,10/10/2023,95.04,55.09,--.--
low,1,1116,18.6,16.02,3.12,1071,49.9824,1.7,16.56831756,13:50.0,7,-0.2,95,0,0,0,0,0,0,0,-34.2,-33.6,-10.25,-10.246,0,0.93,1416.5,0:14:45,141.8,0,--.--,277,136.8,46,0000:00:00,76,0,80,0,30,0,0,3.05,0,0,0,1,49.99,11:13:50,10/10/2023,95.05,55.09,--.--
low,1,1117,18.62,16.02,3.21,1071,51.4242,1.71,16.58242406,13:51.0,7.1,-0.2,95,0,0,0,0,0,0,0,-34.2,-33.6,-10.24,-10.234,0,0.92,1416.5,0:14:46,141.9,0,--.--,277,136.9,46,0000:00:00,76,0,80,0,30,0,0,3.02,0,0,0,1,51.42,11:13:50,10/10/2023,95.05,55.09,--.--
low,1,1118,18.63,16.02,3.25,1072,52.065,1.72,16.59590756,13:52.0,6.6,0.1,95,0,0,0,0,0,0,0,-34.1,-33.6,-10.24,-10.238,0,0.95,1416.5,0:14:47,142,0,--.--,277,137,45,0000:00:00,76,0,80,0,30,0,0,3.12,0,0,0,1,52.05,11:13:52,10/10/2023,95.07,55.08,--.--
low,1,1119,18.65,16.02,3.52,1073,56.3904,1.75,16.61204089,13:53.0,6.6,0.1,95,0,0,0,0,0,0,0,-34.1,-33.6,-10.23,-10.221,0,0.93,1416.5,0:14:48,142.1,0,--.--,277,137,45,0000:00:00,76,0,80,0,30,0,0,3.05,0,0,0,1,56.38,11:13:52,10/10/2023,95.09,55.08,--.--
low,1,1120,18.67,16.01,3.42,1074,54.7542,1.74,16.62609411,13:54.0,6.5,0.2,95,0,0,0,0.1,0,0,0,-34.1,-33.6,-10.23,-10.218,0,0.92,1416.5,0:14:49,142.2,0,--.--,277,137.2,45,0000:00:00,76,0,80,0,30,0,0,3.02,0,0,0,1,54.76,11:13:54,10/10/2023,95.09,55.09,--.--
low,1,1121,18.68,16.01,3.36,1075,53.7936,1.73,16.64046761,13:55.0,6.6,0.2,95,0,0,0,0.1,0,0,0,-34.1,-33.6,-10.23,-10.225,0,0.93,1416.5,0:14:50,142.4,0,--.--,277,137.3,45,0000:00:00,76,0,80,0,30,0,0,3.05,0,0,0,1,53.81,11:13:54,10/10/2023,95.11,55.09,--.--
low,1,1122,18.7,16.02,3.17,1076,50.7834,1.71,16.6577565,13:56.0,6.6,0.1,95,0,0,0,0,0,0,0,-34.2,-33.6,-10.25,-10.257,0,0.92,1416.5,0:14:51,142.5,0,--.--,277,137.5,46,0000:00:00,76,0,80,0,30,0,0,3.02,0,0,0,1,50.78,11:13:55,10/10/2023,95.11,55.09,--.--
low,1,1123,18.72,16.02,3.03,1077,48.5406,1.69,16.67336625,13:57.0,6.9,-0.3,94,0,0,0,0,0,0,0,-34.2,-33.7,-10.26,-10.276,0,0.9,1416.5,0:14:52,142.7,0,--.--,277,137.6,53,0000:00:00,76,0,80,0,30,0,0,2.95,0,0,0,1,48.53,11:13:56,10/10/2023,95.13,55.09,--.--
low,1,1124,18.73,16,3.63,1078,58.08,1.76,16.68800675,13:58.0,6.8,0.6,94,0,0,0,0.1,0,0,0,-34.1,-33.6,-10.23,-10.248,0,0.9,1423.1,0:14:53,142.8,0,--.--,277,137.7,46,0000:00:00,76,0,80,0,30,0,0,2.95,0,0,0,1,58.1,11:13:57,10/10/2023,95.14,55.09,--.--
low,1,1125,18.75,16.01,3.16,1079,50.5916,1.7,16.70193525,13:59.0,6.3,-0.4,95,0,0,0,0,0,0,0,-34,-33.5,-10.21,-10.207,0,0.89,1423.1,0:14:54,142.8,0,--.--,277,137.8,45,0000:00:00,76,0,80,0,30,0,0,2.92,0,0,0,1,50.6,11:13:58,10/10/2023,95.16,55.09,--.--
low,1,1126,18.77,16.02,3.23,1079,51.7446,1.71,16.71652214,14:00.0,6.6,-0.3,95,0,0,0,0.1,0,0,0,-34,-33.5,-10.2,-10.184,0,0.9,1423.1,0:14:55,143,0,--.--,277,137.9,45,0000:00:00,76,0,80,0,30,0,0,2.95,0,0,0,1,51.73,11:13:59,10/10/2023,95.16,55.09,--.--
low,1,1127,18.78,16,3.89,1081,62.24,1.79,16.73057536,14:01.0,6.6,-0.3,95,0,0,0,0.1,0,0,0,-34,-33.5,-10.21,-10.206,0,0.91,1423.1,0:14:56,143.2,0,--.--,277,138.2,45,0000:00:00,76,0,80,0,30,0,0,2.99,0,0,0,1,62.22,11:14:00,10/10/2023,95.16,55.09,--.--
low,1,1128,18.8,16.01,3.51,1082,56.1951,1.75,16.75410147,14:02.0,6.7,-0.4,95,0,0,0,0.1,0,0,0,-34.1,-33.5,-10.22,-10.232,0,0.89,1423.1,0:14:57,143.5,0,--.--,277,138.4,46,0000:00:00,76,0,80,0,30,0,0,2.92,0,0,0,1,56.18,11:14:01,10/10/2023,95.16,55.09,--.--
low,1,1129,18.82,16.02,3.29,1083,52.7058,1.72,16.77245703,14:03.0,6.9,-0.5,94,0,0,0,0,0,0,0,-34.1,-33.6,-10.23,-10.247,0,0.91,1423.1,0:14:58,143.6,0,--.--,277,138.6,46,0000:00:00,76,0,80,0,30,0,0,2.99,0,0,0,1,52.71,11:14:02,10/10/2023,95.16,55.08,--.--
low,1,1130,18.83,16.02,3.13,1083,50.1426,1.7,16.79044578,14:04.0,6.4,-0.3,94,0,0,0,0,0,0,0,-34.1,-33.5,-10.22,-10.226,0,0.92,1423.1,0:14:59,143.7,0,--.--,277,138.7,45,0000:00:00,76,0,80,0,30,0,0,3.02,0,0,0,1,50.15,11:14:03,10/10/2023,95.2,55.08,--.--
low,1,1131,18.85,16.01,3.28,1084,52.5128,1.72,16.80736853,14:05.0,6.3,-0.1,95,0,0,0,0,0,0,0,-34,-33.5,-10.21,-10.205,0,0.92,1423.1,0:15:00,143.7,0,--.--,277,138.7,45,0000:00:00,76,0,80,0,30,0,0,3.02,0,0,0,1,52.52,11:14:04,10/10/2023,95.22,55.08,--.--
low,1,1132,18.87,16.01,3.16,1085,50.5916,1.7,16.82292408,14:06.0,6.5,-0.3,95,0,0,0,0.1,0,0,0,-34,-33.5,-10.2,-10.193,0,0.94,1423.1,0:15:01,143.8,0,--.--,277,138.8,45,0000:00:00,76,0,80,0,30,0,0,3.08,0,0,0,1,50.59,11:14:05,10/10/2023,95.22,55.09,--.--
low,1,1133,18.88,15.98,5.3,1087,84.694,1.93,16.84196692,14:07.0,6.8,-0.8,95,0,0,0,0.1,0,0,0,-34.1,-33.5,-10.21,-10.213,0,0.93,1423.1,0:15:02,144.2,0,--.--,277,139.2,45,0000:00:00,76,0,80,0,30,0,0,3.05,0,0,0,1,84.67,11:14:06,10/10/2023,95.23,55.09,--.--
low,1,1134,18.9,16,4.13,1088,66.08,1.82,16.85840108,14:08.0,6.8,-1.1,95,0,0,0,0.1,0,0,0,-34.1,-33.5,-10.22,-10.233,0,0.84,1423.1,0:15:03,144.5,0,--.--,277,139.5,46,0000:00:00,76,0,80,0,30,0,0,2.76,0,0,0,1,66.09,11:14:07,10/10/2023,95.23,55.08,--.--
low,1,1135,18.92,15.99,4.05,1089,64.7595,1.81,16.87320842,14:09.0,7.3,-0.2,95,0,0,0,0.1,0,0,0,-34.1,-33.5,-10.23,-10.264,0,0.85,1423.1,0:15:04,144.9,0,--.--,277,139.9,45,0000:00:00,76,0,80,0,30,0,0,2.79,0,0,0,1,64.76,11:14:08,10/10/2023,95.25,55.08,--.--
low,1,1136,18.93,15.99,3.81,1090,60.9219,1.78,16.888621,14:10.0,6.5,-0.5,95,0,0,0,0.1,0,0,0.1,-34.1,-33.5,-10.22,-10.258,0,0.91,1423.1,0:15:05,145.3,0,--.--,277,140.3,62,0000:00:00,76,0,80,0,30,0,0,2.99,0,0,0,1,60.94,11:14:09,10/10/2023,95.25,55.09,--.--
low,1,1137,18.95,16,3.5,1091,56,1.75,16.90413211,14:11.0,6.2,-0.5,95,0,0,0,0.1,0,0,0,-33.7,-33.2,-10.11,-10.14,0,1.02,1423.1,0:15:06,145.7,0,--.--,277,140.6,43,0000:00:00,76,0,80,0,30,0,0,3.35,0,0,0,1,56.01,11:14:10,10/10/2023,95.27,55.08,--.--
low,1,1138,18.97,15.98,4.29,1092,68.5542,1.84,16.92406272,14:12.0,6.2,-1,95,0,0,0,0.1,0,0,0,-33.5,-33,-10.06,-10.035,0,1.08,1423.1,0:15:07,145.9,0,--.--,277,140.9,44,0000:00:00,76,0,80,0,30,0,0,3.54,0,0,0,1,68.57,11:14:11,10/10/2023,95.27,55.08,--.--
low,1,1139,18.98,15.99,3.7,1094,59.163,1.77,16.94266167,14:13.0,5.8,0.1,95,0,0,0,0.1,0,0,-0.1,-33.5,-33,-10.05,-10.015,0,0.94,1423.1,0:15:08,146.2,0,--.--,277,141.2,34,0000:00:00,76,0,80,0,30,0,0,3.08,0,0,0,1,59.17,11:14:12,10/10/2023,95.29,55.09,--.--
low,1,1140,19,15.96,3.34,1095,53.3064,1.73,16.95949558,14:14.0,5.9,0.8,95,0,0,0,0,0,0,-0.1,-33.8,-33.3,-10.13,-10.15,0,0.86,1423.1,0:15:09,146.4,0,--.--,277,141.4,42,0000:00:00,76,0,80,0,30,0,0,2.82,0,0,0,1,53.32,11:14:13,10/10/2023,95.29,55.09,--.--
low,1,1141,19.02,15.99,3.47,1096,55.4853,1.74,16.97412694,14:15.0,7.2,2,95,0,0,0,0.1,0,0,0,-34.1,-33.5,-10.21,-10.298,0,0.8,1423.1,0:15:10,146.6,0,--.--,277,141.6,52,0000:00:00,76,0,80,0,30,0,0,2.62,0,0,0,1,55.49,11:14:14,10/10/2023,95.29,55.09,--.--
low,1,1142,19.03,16,3.49,1097,55.84,1.75,16.98751308,14:16.0,8,-0.1,95,0,0,0,0.1,0,0,0,-34.1,-33.6,-10.24,-10.354,0,0.82,1423.1,0:15:11,146.9,0,--.--,277,141.9,53,0000:00:00,76,0,80,0,30,0,0,2.69,0,0,0,1,55.84,11:14:15,10/10/2023,95.32,55.09,--.--
low,1,1143,19.05,15.98,4.49,1098,71.7502,1.86,17.00400197,14:17.0,6.7,1.6,97,0,0,0,0.1,0,0,0,-34.1,-33.5,-10.22,-10.321,0,0.84,1423.1,0:15:12,147.2,0,--.--,277,142.2,52,0000:00:00,76,0,80,0,30,0,0,2.76,0,0,0,1,71.75,11:14:16,10/10/2023,95.32,55.08,--.--
low,1,1144,19.07,15.98,4.19,1099,66.9562,1.83,17.02336764,14:18.0,7.9,-1.7,96,0,0,0,0.1,0,0,0,-34,-33.4,-10.19,-10.262,0,0.82,1423.1,0:15:13,147.6,0,--.--,277,142.5,51,0000:00:00,76,0,80,0,30,0,0,2.69,0,0,0,1,66.94,11:14:17,10/10/2023,95.32,55.09,--.--
low,1,1145,19.08,15.99,3.79,1100,60.6021,1.78,17.04602197,14:19.0,3.1,-1,96,0,0,0,0.1,0,0,0.1,-33.8,-33.3,-10.15,-10.191,0,0.81,1423.1,0:15:14,147.8,0,--.--,277,142.8,48,0000:00:00,76,0,80,0,30,0,0,2.66,0,0,0,1,60.61,11:14:18,10/10/2023,95.32,55.09,--.--
low,1,1146,19.1,16.01,3.29,1101,52.6729,1.72,17.08671089,14:20.0,7.7,-1.1,96,0,0,0,0,0,0,0,-33.7,-33.1,-10.1,-10.096,0,0.85,1423.1,0:15:15,148.1,0,--.--,277,143,47,0000:00:00,76,0,80,0,30,0,0,2.79,0,0,0,1,52.67,11:14:19,10/10/2023,95.36,55.08,--.--
low,1,1147,19.12,16.01,3.01,1102,48.1901,1.68,17.101022,14:21.0,7.2,-1.4,98,0,0,0,0,0,0,0,-33.6,-33.1,-10.08,-10.055,0,0.88,1423.1,0:15:16,148.2,0,--.--,277,143.2,45,0000:00:00,76,0,80,0,30,0,0,2.89,0,0,0,1,48.2,11:14:20,10/10/2023,95.38,55.09,--.--
low,1,1148,19.13,16,3.71,1103,59.36,1.77,17.11692317,14:22.0,6.7,-0.8,100,0,0,0,0,0,0,0,-33.6,-33,-10.06,-10.018,0,0.85,1423.1,0:15:17,148.3,0,--.--,277,143.2,45,0000:00:00,76,0,80,0,30,0,0,2.79,0,0,0,1,59.35,11:14:21,10/10/2023,95.38,55.08,--.--
low,1,1149,19.15,15.99,4.36,1104,69.7164,1.84,17.13194539,14:23.0,7,-1.5,101,0,0,0,0.1,0,0,0,-33.5,-33,-10.06,-10.014,0,0.93,1423.1,0:15:18,148.5,0,--.--,277,143.5,45,0000:00:00,76,0,80,0,30,0,0,3.05,0,0,0,1,69.71,11:14:22,10/10/2023,95.38,55.09,--.--
low,1,1150,19.17,15.96,5.11,1106,81.5556,1.91,17.14626544,14:24.0,7,-2.4,100,0,0,0,0.1,0,0,0,-33.5,-33,-10.06,-10.016,0,1,1423.1,0:15:19,148.9,0,--.--,277,143.8,46,0000:00:00,76,0,80,0,30,0,0,3.28,0,0,0,1,81.54,11:14:23,10/10/2023,95.4,55.08,--.--
low,1,1151,19.18,15.87,9.23,1107,146.4801,2.17,17.15753097,14:25.0,6.2,-0.4,100,0,0,0,0,0,0,-0.1,-33.7,-33.2,-10.11,-10.077,0,1.02,1429.7,0:15:20,149.2,0,--.--,277,144.2,44,0000:00:00,76,0,80,0,30,0,0,3.35,0,0,0,1,146.52,11:14:24,10/10/2023,95.41,55.08,--.--
low,1,1152,19.2,16,3.22,1108,51.52,1.71,17.16221806,14:26.0,7.6,-1.2,100,0,0,0,0,0,0,-0.1,-34.2,-33.6,-10.25,-10.27,0,0.81,1429.7,0:15:21,149.4,0,--.--,277,144.4,54,0000:00:00,76,0,80,0,30,0,0,2.66,0,0,0,1,51.51,11:14:25,10/10/2023,95.41,55.09,--.--
low,1,1153,19.22,15.99,3.58,1109,57.2442,1.76,17.16601472,14:27.0,8.4,-0.1,100,0,0,0,0,0,0,0,-34.5,-33.9,-10.34,-10.443,0,0.73,1429.7,0:15:22,149.5,0,--.--,277,144.4,54,0000:00:00,76,0,80,0,30,0,0,2.4,0,0,0,1,57.24,11:14:26,10/10/2023,95.43,55.09,--.--
low,1,1154,19.23,16,3.38,1110,54.08,1.73,17.18735242,14:28.0,6.4,-0.5,98,0,0,0,0,0,0,0,-34.6,-34,-10.37,-10.501,0,0.66,1429.7,0:15:23,149.5,0,--.--,277,144.5,55,0000:00:00,87,0,80,0,30,0,0,2.17,0,0,0,1,54.1,11:14:27,10/10/2023,95.43,55.09,--.--
low,1,1155,19.25,16.01,3.22,1111,51.5522,1.71,17.19088108,14:29.0,6.9,-0.8,97,0,0,0,0,0,0,0,-34.5,-34,-10.36,-10.481,0,0.65,1429.7,0:15:24,149.5,0,--.--,277,144.4,54,0000:00:00,87,0,70,0,30,0,0,2.13,0,0,0,1,51.54,11:14:28,10/10/2023,95.43,55.09,--.--
low,0,1156,19.27,16.03,2.53,1112,40.5559,1.61,17.27583775,14:30.0,7,-0.9,97,0,0,0,0,0,0,0,-34.4,-33.9,-10.33,-10.424,0,0.7,1429.7,0:15:25,149.3,0,--.--,277,144.3,53,0000:00:00,87,0,40,0,30,0,0,2.3,0,0,0,1,40.55,11:14:29,10/10/2023,95.45,55.09,--.--
low,0,1157,19.28,16.07,1.05,1112,16.8735,1.23,17.28078958,14:31.0,7,-0.9,98,0,0,0,0.1,0,0,0,-34.3,-33.8,-10.3,-10.365,0,0.71,1429.7,0:15:26,149.2,0,--.--,277,144.1,51,0000:00:00,87,0,10,0,30,0,0,2.33,0,0,0,1,16.88,11:14:30,10/10/2023,95.45,55.09,--.--
low,0,1158,19.3,16.08,0.85,1113,13.668,1.14,17.29698508,14:32.0,7.1,-0.3,98,0,0,0,0.1,0,0,0,-34.3,-33.7,-10.28,-10.32,0,0.81,1429.7,0:15:27,149,0,--.--,277,143.9,50,0000:00:00,87,0,0,0,30,0,0,2.66,0,0,0,1,13.67,11:14:32,10/10/2023,95.45,55.09,--.--
low,0,1159,19.32,15.97,4.81,1114,76.8157,1.89,17.30477744,14:33.0,7.8,0,101,0,0,0,0.2,0,0,0,-34.2,-33.7,-10.26,-10.287,0,0.78,1429.7,0:15:28,149.1,0,--.--,277,144.1,51,0000:00:00,87,0,0,0,30,0,0,2.56,0,0,0,1,76.83,11:14:33,10/10/2023,95.49,55.09,--.--
low,0,1160,19.33,16.08,0.79,1114,12.7032,1.1,17.30959844,14:34.0,1.9,-2.3,97,0,0,0,0,0,0,0.2,-34.1,-33.6,-10.23,-10.254,0,0.78,1429.7,0:15:29,149.3,0,--.--,277,144.3,70,0000:00:00,87,0,0,0,30,0,0,2.56,0,0,0,1,12.71,11:14:34,10/10/2023,95.49,55.08,--.--
low,0,1161,19.35,15.4,19.86,1118,305.844,2.49,17.31428553,14:35.0,6.5,-0.4,97,0,0,0,0,0,0,0.3,-33.2,-32.6,-9.92,-9.872,0,1.07,1429.7,0:15:30,149.5,0,--.--,277,144.4,55,0000:00:00,87,0,0,0,30,0,0,3.51,0,0,0,1,305.92,11:14:35,10/10/2023,95.49,55.09,--.--
low,0,1162,19.37,16.06,1.11,1120,17.8266,1.25,17.31848419,14:36.0,6.5,-0.8,97,0,0,0,0,0,0,0.1,-32.4,-31.9,-9.72,-9.553,0,1.35,1429.7,0:15:31,149.5,0,--.--,277,144.4,37,0000:00:00,87,0,0,0,30,0,0,4.43,0,0,0,1,17.83,11:14:36,10/10/2023,95.5,55.08,--.--
low,0,1163,19.38,15.93,3.66,1121,58.3038,1.77,17.32357303,14:37.0,6.7,-1.2,98,0,0,0,0.1,0,0,0,-32.3,-31.8,-9.7,-9.509,0,1.4,1429.7,0:15:32,149.3,0,--.--,277,144.3,41,0000:00:00,87,0,0,0,30,0,0,4.59,0,0,0,1,58.32,11:14:37,10/10/2023,95.5,55.09,--.--
low,0,1164,19.4,16.03,1.75,1122,28.0525,1.45,17.32817369,14:38.0,6.5,-1.5,98,0,0,0,0.1,0,0,0,-32.6,-32,-9.76,-9.631,0,1.4,1429.7,0:15:33,149.2,0,--.--,277,144.1,44,0000:00:00,87,0,0,0,30,0,0,4.59,0,0,0,1,28.05,11:14:38,10/10/2023,95.52,55.08,--.--
low,0,1165,19.42,16.07,1.08,1122,17.3556,1.24,17.33250636,14:39.0,6.6,-1.3,98,0,0,0,0.1,0,0,0,-32.7,-32.2,-9.81,-9.735,0,1.3,1429.7,0:15:34,149,0,--.--,277,143.9,45,0000:00:00,87,0,0,0,30,0,0,4.27,0,0,0,1,17.35,11:14:39,10/10/2023,95.52,55.08,--.--
low,0,1166,19.43,16.07,1.05,1123,16.8735,1.23,17.33648417,14:40.0,6.7,-1,98,0,0,0,0.1,0,0,0,-32.8,-32.3,-9.83,-9.773,0,1.23,1429.7,0:15:35,148.8,0,--.--,277,143.7,46,0000:00:00,87,0,0,0,30,0,0,4.04,0,0,0,1,16.88,11:14:40,10/10/2023,95.54,55.09,--.--
low,0,1167,19.45,16.08,0.94,1123,15.1152,1.18,17.3402385,14:41.0,6.9,-1.1,98,0,0,0,0.1,0,0,0,-32.8,-32.3,-9.84,-9.789,0,1.2,1429.7,0:15:36,148.6,0,--.--,277,143.6,46,0000:00:00,87,0,0,0,30,0,0,3.94,0,0,0,1,15.11,11:14:41,10/10/2023,95.56,55.09,--.--
low,0,1168,19.47,16.07,1.14,1123,18.3198,1.26,17.36597983,14:42.0,6.7,-0.6,98,0,0,0,0.1,0,0,0,-32.8,-32.3,-9.84,-9.789,0,1.21,1429.7,0:15:37,148.4,0,--.--,277,143.3,45,0000:00:00,87,0,0,0,30,0,0,3.97,0,0,0,1,18.32,11:14:42,10/10/2023,95.56,55.09,--.--
low,0,1169,19.48,16.08,1.03,1124,16.5624,1.22,17.42179033,14:43.0,6.7,-1.2,98,0,0,0,0.1,0,0,0,-32.8,-32.3,-9.84,-9.793,0,1.19,1429.7,0:15:38,148.1,0,--.--,277,143.1,45,0000:00:00,87,0,0,0,30,0,0,3.9,0,0,0,1,16.56,11:14:43,10/10/2023,95.58,55.09,--.--
low,0,1170,19.5,16.08,0.97,1124,15.5976,1.19,17.42566667,14:44.0,6.4,-0.4,98,0,0,0,0.1,0,0,0,-32.9,-32.3,-9.85,-9.813,0,0,1429.7,0:15:39,147.9,0,--.--,277,142.8,46,0000:00:00,87,0,0,0,30,0,0,0,0,0,0,1,15.6,11:14:44,10/10/2023,95.59,55.09,--.--
low,0,1171,19.52,16.09,0.89,1124,14.3201,1.16,17.43638,14:45.0,6.9,-1.1,98,0,0,0,0.1,0,0,0,-32.9,-32.4,-9.87,-9.852,0,0,1429.7,0:15:40,147.6,0,--.--,277,142.5,46,0000:00:00,87,0,0,0,30,0,0,0,0,0,0,1,14.32,11:14:45,10/10/2023,95.59,55.09,--.--
low,0,1172,19.53,16.09,0.84,1124,13.5156,1.13,17.44204561,14:46.0,4.6,-1,98,0,0,0,0.1,0,0,0.2,-32.9,-32.3,-9.84,-9.85,0,0,1429.7,0:15:41,147.2,0,--.--,277,142.2,68,0000:00:00,87,0,0,0,30,0,0,0,0,0,0,1,13.51,11:14:46,10/10/2023,95.59,55.09,--.--
low,0,1173,19.55,15.68,5.91,1126,92.6688,1.97,17.46549794,14:47.0,9.9,-0.8,98,0,0,0,0.1,0,0,0.3,-32.3,-31.8,-9.66,-9.642,0,0,1429.7,0:15:42,147,0,--.--,277,142,69,0000:00:00,87,0,0,0,30,0,0,0,0,0,0,1,92.69,11:14:47,10/10/2023,95.59,55.08,--.--
low,0,1174,19.57,15.66,12.83,1129,200.9178,2.3,17.47995861,14:48.0,5.9,-1.5,98,0,0,0,0,0,0,0.3,-31.1,-30.6,-9.29,-9.209,0,0,1429.7,0:15:43,147.1,0,--.--,277,142.1,54,0000:00:00,87,0,0,0,30,0,0,0,0,0,0,1,200.9,11:14:48,10/10/2023,95.61,55.09,--.--
low,0,1175,19.58,16.04,0.87,1130,13.9548,1.14,17.48815683,14:49.0,6,-0.6,91,0,0,0,0.1,0,0,0,-31.1,0,0,-0.053,0,0,1466.5,0:15:44,167.7,0,--.--,266,163.7,55,0000:00:00,87,0,0,0,30,0,0,0,0,0,0,1,13.96,11:14:49,10/10/2023,95.61,55.08,--.--
low,0,1176,19.6,16.07,2.4,1130,38.568,1.59,17.49502267,14:50.0,6,1.3,84,0,0,0,0,0,0,0,-30.5,0,0,0.117,0,0,1466.5,0:15:45,167.6,0,--.--,266,163.6,46,0000:00:00,73,0,0,0,30,0,0,0,0,0,0,1,38.56,11:14:50,10/10/2023,95.61,55.08,--.--
low,0,1177,19.62,16.06,1.27,1130,20.3962,1.31,17.50224517,14:51.0,6.2,-0.7,84,0,0,0,0.1,0,0,0,-29.9,0,0,0.276,0,0,1466.5,0:15:46,167.7,0,--.--,266,163.6,38,0000:00:00,55,0,0,0,30,0,0,0,0,0,0,1,20.4,11:14:51,10/10/2023,95.65,55.08,--.--
low,0,1178,19.63,15.96,5.29,1133,84.4284,1.93,17.50773575,14:52.0,5.4,1.2,65,0,0,0,0.2,0,0,-0.1,-30,0,0,0.266,0,0,1541.9,0:15:47,167.5,0,--.--,266,163.5,39,0000:00:00,55,0,0,0,30,0,0,0,0,0,0,1,84.41,11:14:52,10/10/2023,95.65,55.08,--.--
low,0,1179,19.65,15.92,3.27,1135,52.0584,1.72,17.51665242,14:53.0,4.8,2,48,0,0,0,0.2,0,0,-0.1,-30.3,0,0,0.152,0,0,1541.9,0:15:48,167.6,0,--.--,266,163.5,43,0000:00:00,55,0,0,0,30,0,0,0,0,0,0,1,52.07,11:14:53,10/10/2023,95.67,55.08,--.--
low,0,1180,19.67,16.04,1.84,1135,29.5136,1.47,17.53712158,14:54.0,4.2,3.2,30,0,0,0,0.2,0,0,0,-30.7,0,0,0.053,0,0,1541.9,0:15:49,167.4,0,--.--,266,159.2,46,0000:00:00,44,0,0,0,30,0,0,0,0,0,0,1,29.52,11:14:54,10/10/2023,95.67,55.08,--.--
low,0,1181,19.68,16.05,1.54,1136,24.717,1.39,17.56404247,14:55.0,2.3,1.1,13,0,0,0,0.3,0,0,0,-30.9,0,0,-0.011,0,0,1541.9,0:15:50,167.4,0,--.--,266,159.2,49,0000:00:00,32,0,0,0,30,0,0,0,0,0,0,1,24.72,11:14:55,10/10/2023,95.68,55.08,--.--
low,0,1182,19.7,16.05,1.62,1136,26.001,1.41,17.56810461,14:56.0,0.5,2.3,356,0,0,0,0.4,0,0,0,-30.9,0,0,-0.024,0,0,1541.9,0:15:51,166.8,0,--.--,267,158.6,49,0000:00:00,32,0,0,0,30,0,0,0,0,0,0,1,26.01,11:14:56,10/10/2023,95.7,55.08,--.--
low,0,1183,19.72,16.07,1.23,1137,19.7661,1.3,17.64462489,14:57.0,-0.2,3.3,345,0,0,0,0.6,0,0,0,-30.9,0,0,-0.02,0,0,1541.9,0:15:52,166.5,0,--.--,267,158.3,51,0000:00:00,32,0,0,0,30,0,0,0,0,0,0,1,19.77,11:14:57,10/10/2023,95.72,55.08,--.--
low,0,1184,19.73,16.05,2,1137,32.1,1.51,17.67184867,14:58.0,-2.5,2.6,327,0,0,0,0.7,0,0,0,-30.8,0,0,0.002,0,0,1541.9,0:15:53,166.4,0,--.--,268,158.1,50,0000:00:00,32,0,0,0,30,0,0,0,0,0,0,1,32.09,11:14:58,10/10/2023,95.72,55.08,--.--
low,0,1185,19.75,15.95,4.62,1138,73.689,1.87,17.68336089,14:59.0,-4,7.4,310,0,0,0,0.9,0,0,0.2,-30.6,0,0,0.013,0,0,1541.9,0:15:54,166,0,--.--,267,157.8,66,0000:00:00,32,0,0,0,30,0,0,0,0,0,0,1,73.68,11:14:59,10/10/2023,95.74,55.09,--.--
low,0,1186,19.77,15.94,6.08,1139,96.9152,1.99,17.72367547,15:00.0,-5.3,6,295,0,0,0,1,0,0,0.2,-30,0,0,-0.002,0,0,1541.9,0:15:55,165.8,0,--.--,268,157.5,66,0000:00:00,32,0,0,0,30,0,0,0,0,0,0,1,96.89,11:15:00,10/10/2023,95.74,55.08,--.--
low,0,1187,19.78,16.07,0.91,1141,14.6237,1.17,17.78439192,15:01.0,-3.9,2.5,294,0,0,0,1.1,0,0,0.1,-29.3,0,0,0.051,0,0,1548.5,0:15:56,165.2,0,--.--,269,156.8,41,0000:00:00,32,0,0,0,30,0,0,0,0,0,0,1,14.62,11:15:01,10/10/2023,95.77,55.08,--.--
low,0,1188,19.8,15.85,17.38,1143,275.473,2.44,17.85703781,15:02.0,-5.1,4.3,294,0,0,0,1.1,0,0,0,-29,0,0,0.136,0,0,1548.5,0:15:57,165.1,0,--.--,269,156.7,42,0000:00:00,32,0,0,0,30,0,0,0,0,0,0,1,275.46,11:15:02,10/10/2023,95.77,55.08,--.--
low,0,1189,19.82,15.91,6.16,1146,98.0056,1.99,17.86197422,15:03.0,-4.5,4.9,293,0,0,0,1.2,0,0,0.2,-28.8,0,0,0.152,0,0,1607.3,0:15:58,164.7,0,--.--,270,156.2,68,0000:00:00,32,0,0,0,30,0,0,0,0,0,0,1,97.99,11:15:03,10/10/2023,95.81,55.06,--.--
low,0,1190,19.83,15.94,2.6,1148,41.444,1.62,17.88054039,15:04.0,-5.7,7.3,293,0,0,0,1.2,0,0,0.2,-28.2,0,0,0.156,0,0,1607.3,0:15:59,164.4,0,--.--,270,155.9,55,0000:00:00,32,0,0,0,30,0,0,0,0,0,0,1,41.45,11:15:04,10/10/2023,95.83,55.06,--.--
low,0,1191,19.85,15.69,9.25,1149,145.1325,2.16,17.90713,15:05.0,-4.2,5,293,0,0,0,1.2,0,0,0,-27.7,0,0,0.141,0,0,1607.3,0:16:00,163.6,0,--.--,271,155,42,0000:00:00,32,0,0,0,40,0,0,0,0,0,0,1,145.1,11:15:05,10/10/2023,95.83,55.08,--.--
low,0,1192,19.87,15.68,13.94,1152,218.5792,2.34,17.9718285,15:06.0,-1.7,3.4,296,0,0,0,1.1,0,0,0.1,-27.7,0,0,0.122,0,0,1607.3,0:16:01,163.2,0,--.--,270,154.7,50,0000:00:00,32,0,0,0,40,0,0,0,0,0,0,1,218.58,11:15:06,10/10/2023,95.85,55.06,--.--
low,0,1193,19.88,15.53,16.84,1158,261.5252,2.42,18.03648183,15:07.0,-4.5,8,293,0,0,0,0.9,0,0,0.3,-27.3,0,0,0.122,0,0,1607.3,0:16:02,162.7,0,--.--,271,154.2,76,0000:00:00,32,0,0,0,40,0,0,0,0,0,0,1,261.47,11:15:07,10/10/2023,95.86,55.08,--.--
low,0,1194,19.9,16.01,1.11,1163,17.7711,1.25,18.09299572,15:08.0,-3.5,5.3,297,0,0,0,0.9,0,0,0.1,-26.6,0,0,0.115,0,0,1607.3,0:16:03,160.5,0,--.--,270,151.9,41,0000:00:00,50,0,0,0,40,0,0,0,0,0,0,1,17.77,11:15:08,10/10/2023,95.86,55.06,--.--
low,0,1195,19.92,15.99,4.18,1164,66.8382,1.83,18.2472035,15:09.0,-4.7,8.9,297,0,0,0,0.9,0,0,0,-26.5,0,0,0.136,0,0,1607.3,0:16:04,160.1,0,--.--,270,151.6,43,0000:00:00,30,0,0,0,40,0,0,0,0,0,0,1,66.83,11:15:09,10/10/2023,95.88,55.06,--.--
low,0,1196,19.93,15.59,6.14,1165,95.7226,1.98,18.35859953,15:10.0,-4.3,10.3,295,0,0,0,0.9,0,0,0,-26.5,0,0,0.126,0,0,1607.3,0:16:05,159.8,0,--.--,269,151.3,42,0000:00:00,30,0,0,0,40,0,0,0,0,0,0,1,95.74,11:15:10,10/10/2023,95.9,55.08,--.--
low,0,1197,19.95,15.59,14.94,1168,232.9146,2.37,18.42688919,15:11.0,-4.7,9.6,293,0,0,0,0.8,0,0,0,-26.6,0,0,0.121,0,0,1607.3,0:16:06,159.5,0,--.--,269,151,42,0000:00:00,30,0,0,0,40,0,0,0,0,0,0,1,232.9,11:15:11,10/10/2023,95.9,55.06,--.--
low,0,1198,19.97,15.6,14.92,1172,232.752,2.37,18.48078706,15:12.0,-2,7.7,294,0,0,0,0.6,0,0,0,-26.6,0,0,0.098,0,0,1607.3,0:16:07,158.3,0,--.--,269,149.9,67,0000:00:00,30,0,0,0,40,0,0,0,0,0,0,1,232.81,11:15:12,10/10/2023,95.94,55.06,--.--
low,0,1199,19.98,15.65,13,1174,203.45,2.31,18.53092194,15:13.0,-4.4,10.4,289,0,0,0,0.6,0,0,0.4,-25.9,0,0,0.161,0,0,1614.4,0:16:08,156.9,0,--.--,269,148.5,76,0000:00:00,30,0,0,0,40,0,0,0,0,0,0,1,203.42,11:15:13,10/10/2023,95.95,55.06,--.--
low,0,1200,20,14.8,37.51,1181,555.148,2.74,18.61202111,15:14.0,-6,10.2,282,0,0,0,0.4,0,0,0.6,-24.4,0,0,0.224,0,0,1662.2,0:16:09,155.3,0,--.--,269,146.9,88,0000:00:00,30,0,0,0,40,0,0,0,0,0,0,1,555.04,11:15:14,10/10/2023,95.97,55.06,--.--
low,0,1201,20.02,15.43,25.99,1189,401.0257,2.6,18.77146244,15:15.0,-5.4,2.2,283,0,0,0,0.3,0,0,0.3,-22.8,0,0,0.191,0,0,1662.2,0:16:10,155.2,0,--.--,269,146.8,58,0000:00:00,30,0,0,0,40,0,0,0,0,0,0,1,401.1,11:15:15,10/10/2023,95.99,55.02,--.--
low,0,1202,20.03,15.54,15.82,1194,245.8428,2.39,18.87137244,15:16.0,-8,5.8,281,0,0,0,0.4,0,0,0.3,-22.1,0,0,0.137,0,0,1662.2,0:16:11,154.9,0,--.--,269,146.5,78,0000:00:00,30,0,0,0,40,0,0,0,0,0,0,1,245.86,11:15:16,10/10/2023,96.01,55.06,--.--
low,0,1203,20.05,15.61,12.43,1201,194.0323,2.29,18.97933958,15:17.0,-4.5,8.3,282,0,0,0,0.7,0,0,0.1,-21.4,0,0,0.087,0,0,1662.2,0:16:12,154,0,--.--,269,145.6,53,0000:00:00,30,0,0,0,40,0,0,0,0,0,0,1,194.08,11:15:17,10/10/2023,96.01,55.02,--.--
low,0,1204,20.07,15.64,11.54,1205,180.4856,2.26,19.20641672,15:18.0,-6.9,13.9,281,0,0,0,0.7,0,0,0.2,-21.2,0,0,0.047,0,0,1662.2,0:16:13,152.7,0,--.--,269,144.4,69,0000:00:00,30,0,0,0,40,0,0,0,0,0,0,1,180.47,11:15:18,10/10/2023,96.04,55.02,--.--
low,0,1205,20.08,15.35,19.02,1210,291.957,2.47,19.42024906,15:19.0,-6.4,14.6,280,0,0,0,0.7,0,0,0.2,-20.5,0,0,0.05,0,0,1685.9,0:16:14,147.2,0,--.--,277,138,63,0000:00:00,30,0,0,0,40,0,0,0,0,0,0,1,292.01,11:15:19,10/10/2023,96.06,55.02,--.--
low,0,1206,20.1,15.53,36.96,1215,573.9888,2.76,19.48655528,15:20.0,-7.7,10,275,0,0,0,0.7,0,0,0.4,-19.6,0,0,0.085,0,0,1705.4,0:16:15,150.5,0,--.--,270,142,82,0000:00:00,30,0,0,0,40,0,0,0,0,0,0,1,573.84,11:15:20,10/10/2023,96.06,55.02,--.--
low,0,1207,20.12,15.45,23.28,1223,359.676,2.56,19.53791347,15:21.0,-6.3,3.5,274,0,0,0,1.1,0,0,0.1,-18.5,0,0,0.117,0,0,1705.4,0:16:16,149.3,0,--.--,271,140.8,53,0000:00:00,30,0,0,0,40,0,0,0,0,0,0,1,359.58,11:15:21,10/10/2023,96.1,55.06,--.--
low,0,1208,20.13,15.43,25.19,1229,388.6817,2.59,19.59626975,15:22.0,-5.7,12.5,280,0,0,0,1,0,0,0.3,-17.9,0,0,0.118,0,0,1705.4,0:16:17,148.1,0,--.--,270,139.6,82,0000:00:00,30,0,0,0,40,0,0,0,0,0,0,1,388.68,11:15:22,10/10/2023,96.1,55.02,--.--
low,0,1209,20.15,14.59,56.03,1240,817.4777,2.91,19.69810586,15:23.0,-6.3,5.3,279,0,0,0,1.4,0,0,0.5,-16.6,0,0,0.121,0,0,1705.4,0:16:18,147.2,0,--.--,269,138.7,92,0000:00:00,30,0,0,0,40,0,0,0,0,0,0,1,817.48,11:15:23,10/10/2023,96.12,55.08,--.--
low,0,1210,20.17,14.44,53.31,1255,769.7964,2.89,19.74557644,15:24.0,-5.3,5.3,287,0,0,0,1.9,0,0,0.3,-15,0,0,0.13,0,0,1705.4,0:16:19,146.1,0,--.--,269,141.8,68,0000:00:00,30,0,0,0,40,0,0,0,0,0,0,1,769.64,11:15:24,10/10/2023,96.13,55.08,--.--
low,0,1211,20.18,15.44,15.46,1262,238.7024,2.38,19.83360933,15:25.0,-5.9,5.9,287,0,0,0,2,0,0,0.1,-14.2,0,0,0.108,0,0,1705.4,0:16:20,144.7,0,--.--,269,140.4,54,0000:00:00,30,0,0,0,40,0,0,0,0,0,0,1,238.73,11:15:25,10/10/2023,96.17,55.06,--.--
low,0,1212,20.2,15.55,11.89,1266,184.8895,2.27,19.92619542,15:26.0,-3.1,6,287,0,0,0,2.1,0,0,0,-14,0,0,0.142,0,0,1712.7,0:16:21,144.1,0,--.--,269,139.9,50,0000:00:00,30,0,0,0,40,0,0,0,0,0,0,1,184.88,11:15:26,10/10/2023,96.19,55.06,--.--
low,0,1213,20.22,15.47,13.58,1269,210.0826,2.32,19.97215642,15:27.0,-5.4,13.2,285,0,0,0,2.1,0,0,0.2,-13.8,0,0,0.141,0,0,1712.7,0:16:22,142.6,0,--.--,268,138.3,66,0000:00:00,30,0,0,0,40,0,0,0,0,0,0,1,210.14,11:15:27,10/10/2023,96.19,55.08,--.--
low,0,1214,20.23,15.25,24.04,1275,366.61,2.56,20.01730975,15:28.0,-6.6,7.3,284,0,0,0,2,0,0,0.2,-13.2,0,0,0.112,0,0,1712.7,0:16:23,141.5,0,--.--,268,137.3,71,0000:00:00,30,0,0,0,40,0,0,0,0,0,0,1,366.66,11:15:28,10/10/2023,96.19,55.09,--.--
low,0,1215,20.25,15.11,11.31,1282,170.8941,2.23,20.0956835,15:29.0,-8.9,6.1,282,0,0,0,1.8,0,0,0.2,-12.4,0,0,0.159,0,0,1712.7,0:16:24,140.4,0,--.--,268,136.2,74,0000:00:00,30,0,0,0,40,0,0,0,0,0,0,1,170.84,11:15:29,10/10/2023,96.22,55.09,--.--
low,0,1216,20.27,15.52,20.42,1286,316.9184,2.5,20.14695917,15:30.0,-5.4,7.5,284,0,0,0,1.7,0,0,0.2,-11.7,0,0,0.187,0,0,1712.7,0:16:25,139.3,0,--.--,267,135.2,77,0000:00:00,30,0,0,0,40,0,0,0,0,0,0,1,316.9,11:15:30,10/10/2023,96.22,55.11,--.--
low,0,1217,20.28,15.51,21.49,1292,333.3099,2.52,20.19746433,15:31.0,-6.1,2.6,284,0,0,0,1.8,0,0,0.1,-10.9,0,0,0.2,0,0,1763.5,0:16:26,138.3,0,--.--,267,134.3,53,0000:00:00,30,0,0,0,40,0,0,0,0,0,0,1,333.2,11:15:31,10/10/2023,96.26,55.13,--.--
low,0,1218,20.3,15.58,10.62,1296,165.4596,2.22,20.25951333,15:32.0,-5.4,4.9,284,0,0,0,1.7,0,0,0,-10.7,0,0,0.202,0,0,1763.5,0:16:27,137.1,0,--.--,266,133.1,49,0000:00:00,30,0,0,0,40,0,0,0,0,0,0,1,165.43,11:15:32,10/10/2023,96.28,55.13,--.--
low,0,1219,20.32,15.6,10.42,1299,162.552,2.21,20.30530833,15:33.0,-6.6,12.8,284,0,0,0,1.5,0,0,0.1,-10.7,0,0,0.175,0,0,1763.5,0:16:28,135.9,0,--.--,265,132,64,0000:00:00,30,0,0,0,40,0,0,0,0,0,0,1,162.51,11:15:33,10/10/2023,96.3,55.15,--.--
low,0,1220,20.33,15.21,18.55,1303,282.1455,2.45,20.36567631,15:34.0,-8,10.7,284,0,0,0,1.4,0,0,0.3,-10,0,0,0.148,0,0,1770.3,0:16:29,134.8,0,--.--,264,131,65,0000:00:00,30,0,0,0,40,0,0,0,0,0,0,1,282.09,11:15:34,10/10/2023,96.31,55.13,--.--
low,0,1221,20.35,15.46,11.94,1308,184.5924,2.27,20.47957772,15:35.0,-9.6,4.4,284,0,0,0,1.3,0,0,0,-9.2,0,0,0.181,0,0,1770.3,0:16:30,133.5,0,--.--,264,129.7,48,0000:00:00,30,0,0,0,40,0,0,0,0,0,0,1,184.54,11:15:35,10/10/2023,96.33,55.15,--.--
low,0,1222,20.37,15.58,11.67,1311,181.8186,2.26,20.55703056,15:36.0,-8.3,12,280,0,0,0,1,0,0,0,-9.1,0,0,0.178,0,0,1805,0:16:31,147.2,0,--.--,277,142.1,46,0000:00:00,30,0,0,0,40,0,0,0,0,0,0,1,181.82,11:15:36,10/10/2023,96.35,55.17,--.--
low,0,1223,20.38,15.48,14.43,1315,223.3764,2.35,20.61427586,15:37.0,-7,9.2,280,0,0,0,0.8,0,0,0,-9,0,0,0.172,0,0,1840.2,0:16:32,131.3,0,--.--,264,127.4,44,0000:00:00,30,0,0,0,40,0,0,0,0,0,0,1,223.45,11:15:37,10/10/2023,96.35,55.17,--.--
low,0,1224,20.4,15.48,10.65,1319,164.862,2.22,20.67031164,15:38.0,-7.1,8.2,278,0,0,0,0.8,0,0,0,-8.9,0,0,0.193,0,0,1840.2,0:16:33,130,0,--.--,264,126.2,47,0000:00:00,30,0,0,0,40,0,0,0,0,0,0,1,164.87,11:15:38,10/10/2023,96.39,55.17,--.--
low,0,1225,20.42,15.49,14.03,1322,217.3247,2.34,20.75774208,15:39.0,-7.9,15.5,278,0,0,0,0.9,0,0,0.2,-8.8,0,0,0.154,0,0,1840.2,0:16:34,128.4,0,--.--,265,124.5,66,0000:00:00,30,0,0,0,40,0,0,0,0,0,0,1,217.31,11:15:39,10/10/2023,96.4,55.18,--.--
low,0,1226,20.43,15.17,27.03,1329,410.0451,2.61,20.77473681,15:40.0,-8.9,14,275,0,0,0,1,0,0,0.2,-8,0,0,0.124,0,0,1840.2,0:16:35,126.9,0,--.--,265,123,63,0000:00:00,30,0,0,0,40,0,0,0,0,0,0,1,410.05,11:15:40,10/10/2023,96.42,55.18,--.--
low,0,1227,20.45,15.27,18.26,1335,278.8302,2.45,20.85530661,15:41.0,-9,12.8,275,0,0,0,0.8,0,0,0.2,-7.2,0,0,0.117,0,0,1840.2,0:16:36,125.8,0,--.--,264,122,66,0000:00:00,30,0,0,0,40,0,0,0,0,0,0,1,278.88,11:15:41,10/10/2023,96.44,55.18,--.--
low,0,1228,20.47,15.53,13.27,1339,206.0831,2.31,20.91032261,15:42.0,-9.4,8.7,276,0,0,0,0.7,0,0,0.1,-6.5,0,0,0.168,0,0,1914.3,0:16:37,125,0,--.--,264,121.2,42,0000:00:00,30,0,0,0,40,0,0,0,0,0,0,1,206.03,11:15:42,10/10/2023,96.46,55.18,--.--
low,0,1229,20.48,15.47,13.04,1342,201.7288,2.3,20.92692492,15:43.0,-8.7,18.6,276,0,0,0,0.6,0,0,0.2,-6.3,0,0,0.157,0,0,1914.3,0:16:38,123.8,0,--.--,263,120.2,65,0000:00:00,30,0,0,0,40,0,0,0,0,0,0,1,201.78,11:15:43,10/10/2023,96.48,55.18,--.--
low,0,1230,20.5,15.22,20.68,1347,314.7496,2.5,20.93661714,15:44.0,-10.1,13.4,275,0,0,0,0.6,0,0,0,-5.8,0,0,0.075,0,0,1914.3,0:16:39,122.6,0,--.--,262,119,39,0000:00:00,30,0,0,0,40,0,0,0,0,0,0,1,314.85,11:15:44,10/10/2023,96.49,55.18,--.--
low,0,1231,20.52,15.85,3.86,1350,61.181,1.79,21.02722689,15:45.0,-8.2,11.4,272,0,0,0,0.4,0,0,0,-5.7,0,0,0.06,0,0,1914.3,0:16:40,121.6,0,--.--,263,117.9,54,0000:00:00,30,0,0,0,40,0,0,0,0,0,0,1,61.19,11:15:45,10/10/2023,96.51,55.18,--.--
low,0,1232,20.53,15.29,18.97,1354,290.0513,2.46,21.16780911,15:46.0,-10.4,13.8,271,0,0,0,0.4,0,0,0,-5.7,0,0,0.087,0,0,1914.3,0:16:41,120.2,0,--.--,262,116.6,56,0000:00:00,30,0,0,0,40,0,0,0,0,0,0,1,290.13,11:15:46,10/10/2023,96.51,55.2,--.--
low,0,1233,20.55,15.87,12.48,1356,198.0576,2.3,21.21953611,15:47.0,-10.9,14.8,276,0,0,0,0.8,0,0,-0.4,-6.1,0,0,0.029,0,0,1970.1,0:16:42,147.2,0,--.--,277,142.1,27,0000:00:00,30,0,0,0,40,0,0,0,0,0,0,1,198.08,11:15:47,10/10/2023,96.55,55.2,--.--
low,0,1234,20.57,15.77,3.79,1358,59.7683,1.78,21.26834583,15:48.0,-8.1,14.3,277,0,0,0,0.9,0,0,0,-6.9,0,0,-0.046,0,0,2019.1,0:16:43,117.3,0,--.--,260,113.9,63,0000:00:00,11,0,0,0,40,0,0,0,0,0,0,1,59.76,11:15:48,10/10/2023,96.57,55.22,--.--
low,0,1235,20.58,15.86,2.2,1359,34.892,1.54,21.33043194,15:49.0,-9.2,17.3,275,0,0,0,1,0,0,0,-6.9,0,0,-0.04,0,0,2019.1,0:16:44,116.9,0,--.--,260,113.5,57,0000:00:00,43,0,0,0,40,0,0,0,0,0,0,1,34.9,11:15:49,10/10/2023,96.58,55.22,--.--
low,0,1236,20.6,15.69,20.79,1361,326.1951,2.51,21.39742328,15:50.0,-11.1,16.8,269,0,0,0,0.9,0,0,0.3,-6.6,0,0,-0.012,0,0,2019.1,0:16:45,116.2,0,--.--,260,112.8,72,0000:00:00,47,0,0,0,40,0,0,0,0,0,0,1,326.22,11:15:50,10/10/2023,96.6,55.22,--.--
low,0,1237,20.62,15.04,33.65,1368,506.096,2.7,21.49960928,15:51.0,-8.5,10.7,271,0,0,0,0.8,0,0,0.2,-5.6,0,0,0.039,0,0,2026.9,0:16:46,115.1,0,--.--,257,112.1,59,0000:00:00,47,0,0,0,40,0,0,0,0,0,0,1,506.13,11:15:51,10/10/2023,96.62,55.2,--.--
low,0,1238,20.63,15.57,11.96,1373,186.2172,2.27,21.55898761,15:52.0,-10.4,9.9,271,0,0,0,0.7,0,0,0,-5,0,0,0.128,0,0,2026.9,0:16:47,113.6,0,--.--,254,110.9,51,0000:00:00,47,0,0,0,40,0,0,0,0,0,0,1,186.25,11:15:52,10/10/2023,96.64,55.22,--.--
low,0,1239,20.65,15.55,11.3,1376,175.715,2.24,21.63895872,15:53.0,-6.3,15.3,263,0,0,0,0.8,0,0,0.1,-5,0,0,0.129,0,0,2148.7,0:16:48,112.3,0,--.--,253,109.7,37,0000:00:00,47,0,0,0,40,0,0,0,0,0,0,1,175.7,11:15:53,10/10/2023,96.64,55.22,--.--
low,0,1240,20.67,15.5,14.42,1380,223.51,2.35,21.70066989,15:54.0,-12.9,19.5,262,0,0,0,0.7,0,0,-0.1,-5,0,0,0.106,0,0,2148.7,0:16:49,111.8,0,--.--,255,109,46,0000:00:00,47,0,0,0,40,0,0,0,0,0,0,1,223.5,11:15:54,10/10/2023,96.67,55.22,--.--
low,0,1241,20.68,15.42,15.64,1385,241.1688,2.38,21.78904878,15:55.0,-8.3,19.5,262,0,0,0,0.8,0,0,0.2,-5.1,0,0,0.056,0,0,2155.6,0:16:50,110.6,0,--.--,257,107.5,68,0000:00:00,47,0,0,0,40,0,0,0,0,0,0,1,241.17,11:15:55,10/10/2023,96.71,55.24,--.--
low,0,1242,20.7,15.12,24.33,1391,367.8696,2.57,21.83548583,15:56.0,-9.4,12.8,262,0,0,0,0.7,0,0,0.3,-4.2,0,0,0.102,0,0,2155.6,0:16:51,109.1,0,--.--,258,105.9,61,0000:00:00,47,0,0,0,40,0,0,0,0,0,0,1,367.85,11:15:56,10/10/2023,96.73,55.22,--.--
low,0,1243,20.72,15.49,13.8,1396,213.762,2.33,21.93114778,15:57.0,-9,7.4,264,0,0,0,0.5,0,0,0,-3.3,0,0,0.18,0,0,2155.6,0:16:52,107.5,0,--.--,259,104.3,44,0000:00:00,47,0,0,0,40,0,0,0,0,0,0,1,213.75,11:15:57,10/10/2023,96.75,55.22,--.--
low,0,1244,20.73,15.52,18.55,1400,287.896,2.46,21.97558022,15:58.0,-4.2,12.8,272,0,0,0,0.4,0,0,0.1,-3.2,0,0,0.16,0,0,2219.7,0:16:53,147.2,0,--.--,277,142.1,60,0000:00:00,47,0,0,0,40,0,0,0,0,0,0,1,287.8,11:15:58,10/10/2023,96.76,55.24,--.--
low,0,1245,20.75,15.46,14.37,1404,222.1602,2.35,22.02174156,15:59.0,-9,16.3,267,0,0,0,0.5,0,0,0.1,-2.8,0,0,0.102,0,0,2278,0:16:54,104.6,0,--.--,259,101.4,55,0000:00:00,47,0,0,0,40,0,0,0,0,0,0,1,222.17,11:15:59,10/10/2023,96.76,55.24,--.--
low,0,1246,20.77,15.4,20.66,1409,318.164,2.5,22.08274378,16:00.0,-8.2,6.9,269,0,0,0,0.4,0,0,0.1,-2.4,0,0,0.073,0,0,2278,0:16:55,103,0,--.--,257,100,45,0000:00:00,63,0,0,0,40,0,0,0,0,0,0,1,318.12,11:16:00,10/10/2023,96.78,55.24,--.--
low,0,1247,20.78,15.58,10.73,1413,167.1734,2.22,22.14694844,16:01.0,-7.1,13.9,268,0,0,0,0.3,0,0,-0.2,-2,0,0,0.17,0,0,2278,0:16:56,101.4,0,--.--,256,98.5,30,0000:00:00,63,0,0,0,40,0,0,0,0,0,0,1,167.17,11:16:01,10/10/2023,96.8,55.24,--.--
low,0,1248,20.8,15.34,22.45,1418,344.383,2.54,22.221944,16:02.0,-8.8,17.5,268,0,0,0,0.3,0,0,-0.2,-3.1,0,0,0.042,0,0,2284.9,0:16:57,99.7,0,--.--,256,96.8,43,0000:00:00,63,0,0,0,40,0,0,0,0,0,0,1,344.38,11:16:02,10/10/2023,96.8,55.24,--.--
low,0,1249,20.82,15.56,10.28,1422,159.9568,2.2,22.242788,16:03.0,-8.1,12.4,268,0,0,0,0.3,0,0,-0.3,-3.6,0,0,0.06,0,0,2284.9,0:16:58,98.5,0,--.--,255,95.7,31,0000:00:00,63,0,0,0,40,0,0,0,0,0,0,1,159.99,11:16:03,10/10/2023,96.84,55.26,--.--
low,0,1250,20.83,15.56,10.68,1429,166.1808,2.22,22.27122244,16:04.0,-4.4,16.6,267,0,0,0,0.2,0,0,0,-4.2,0,0,0.064,0,0,2418.6,0:16:59,97.4,0,--.--,255,94.6,52,0000:00:00,57,0,0,0,40,0,0,0,0,0,0,1,166.17,11:16:04,10/10/2023,96.85,55.26,--.--
low,0,1251,20.85,15.52,14.15,1432,219.608,2.34,22.41949853,16:05.0,-7.7,10.5,268,0,0,0,0.2,0,0,0.2,-4,0,0,0.103,0,0,2418.6,0:17:00,96.4,0,--.--,254,93.7,59,0000:00:00,57,0,0,0,40,0,0,0,0,0,0,1,219.54,11:16:05,10/10/2023,96.87,55.26,--.--
low,0,1252,20.87,15.44,14.97,1436,231.1368,2.36,22.46567686,16:06.0,-7.1,8.9,267,0,0,0,0.3,0,0,0.1,-3.3,0,0,0.099,0,0,2418.6,0:17:01,94.6,0,--.--,252,92.1,58,0000:00:00,57,0,0,0,40,0,0,0,0,0,0,1,231.2,11:16:06,10/10/2023,96.87,55.24,--.--
low,0,1253,20.88,15.34,17.6,1440,269.984,2.43,22.51944486,16:07.0,-8.3,11.7,266,0,0,0,0.4,0,0,0.2,-2.9,0,0,0.052,0,0,2426.6,0:17:02,93,0,--.--,250,90.9,66,0000:00:00,57,0,0,0,40,0,0,0,0,0,0,1,270.02,11:16:07,10/10/2023,96.91,55.26,--.--
low,0,1254,20.9,15.44,4.86,1445,75.0384,1.88,22.57759694,16:08.0,-8.9,7.8,266,0,0,0,0.4,0,0,-0.1,-2.5,0,0,0.013,0,0,2426.6,0:17:03,91.6,0,--.--,249,89.6,33,0000:00:00,57,0,0,0,40,0,0,0,0,0,0,1,75.01,11:16:08,10/10/2023,96.93,55.26,--.--
low,0,1255,20.92,15.7,6.52,1447,102.364,2.01,22.66402583,16:09.0,-6.6,11,273,0,0,0,0.4,0,0,-0.4,-3.2,0,0,-0.137,0,0,2503.1,0:17:04,147.2,0,--.--,277,142.1,31,0000:00:00,57,0,0,0,40,0,0,0,0,0,0,1,102.36,11:16:09,10/10/2023,96.94,55.26,--.--
low,0,1256,20.93,14.99,35.61,1452,533.7939,2.73,22.67563431,16:10.0,-10.7,14.4,274,0,0,0,0.3,0,0,-0.5,-4.6,0,0,-0.244,0,0,2584.5,0:17:05,89.5,0,--.--,247,87.6,32,0000:00:00,57,0,0,0,40,0,0,0,0,0,0,1,533.94,11:16:10,10/10/2023,96.94,55.26,--.--
low,0,1257,20.95,15.45,10.76,1460,166.242,2.22,22.71307064,16:11.0,-6.3,17.4,274,0,0,0,0.3,0,0,-0.1,-5.8,0,0,-0.171,0,0,2584.5,0:17:06,89.4,0,--.--,248,87.4,48,0000:00:00,57,0,0,0,40,0,0,0,0,0,0,1,166.19,11:16:11,10/10/2023,96.96,55.26,--.--
low,0,1258,20.97,15.51,12.48,1463,193.5648,2.29,22.76005289,16:12.0,-6.4,13.6,265,0,0,0,0.3,0,0,0.1,-5.9,0,0,-0.018,0,0,2584.5,0:17:07,89,0,--.--,249,86.8,55,0000:00:00,57,0,0,0,40,0,0,0,0,0,0,1,193.59,11:16:12,10/10/2023,96.96,55.26,--.--
low,0,1259,20.98,15.45,13.55,1466,209.3475,2.32,22.83807908,16:13.0,-10,16.9,263,0,0,0,0.3,0,0,0.3,-5.2,0,0,0.093,0,0,2584.5,0:17:08,87.8,0,--.--,250,85.6,66,0000:00:00,57,0,0,0,40,0,0,0,0,0,0,1,209.37,11:16:13,10/10/2023,97,55.26,--.--
low,0,1260,21,15.2,20.47,1471,311.144,2.49,22.882722,16:14.0,-9.1,10.8,262,0,0,0,0.4,0,0,0.1,-4.3,0,0,0.057,0,0,2584.5,0:17:09,86,0,--.--,250,83.8,43,0000:00:00,57,0,0,0,40,0,0,0,0,0,0,1,311.04,11:16:14,10/10/2023,97.02,55.26,--.--
low,0,1261,21.02,15.77,2.65,1473,41.7905,1.62,22.934037,16:15.0,-11.4,14.5,260,0,0,0,0.3,0,0,-0.1,-4.3,0,0,-0.063,0,0,2752.4,0:17:10,84,0,--.--,246,82.3,37,0000:00:00,57,0,0,0,40,0,0,0,0,0,0,1,41.79,11:16:15,10/10/2023,97.05,55.26,--.--
low,0,1262,21.03,15.42,8.74,1474,134.7708,2.13,22.99575983,16:16.0,-9.8,20.7,262,0,0,0,0.1,0,0,0,-4.9,0,0,-0.134,0,0,2752.4,0:17:11,83.4,0,--.--,245,81.7,56,0000:00:00,57,0,0,0,40,0,0,0,0,0,0,1,134.78,11:16:16,10/10/2023,97.05,55.26,--.--
low,0,1263,21.05,15.39,10.99,1478,169.1361,2.23,23.09738228,16:17.1,-12.8,16.2,258,0,0,0,0.1,0,0,-0.3,-5.1,0,0,-0.09,0,0,2752.4,0:17:12,83.2,0,--.--,245,81.7,26,0000:00:00,57,0,0,0,40,0,0,0,0,0,0,1,169.18,11:16:17,10/10/2023,97.07,55.26,--.--
low,0,1264,21.07,14.87,18.89,1482,280.8943,2.45,23.17408711,16:18.1,-12.4,14.6,261,0,0,0,0.3,0,0,-0.6,-6.5,0,0,-0.184,0,0,2752.4,0:17:13,82.5,0,--.--,245,80.9,16,0000:00:00,57,0,0,0,40,0,0,0,0,0,0,1,280.88,11:16:18,10/10/2023,97.09,55.26,--.--
low,0,1265,21.08,15.35,10.47,1492,160.7145,2.21,23.26036161,16:19.1,-11.6,15.3,262,0,0,0,0.1,0,0,-0.2,-8.1,0,0,-0.164,0,0,2752.4,0:17:14,81.2,0,--.--,244,79.7,44,0000:00:00,57,0,0,0,40,0,0,0,0,0,0,1,160.71,11:16:19,10/10/2023,97.09,55.29,--.--
low,0,1266,21.1,15.55,11.88,1494,184.734,2.27,23.28024828,16:20.1,-6.5,15.1,262,0,0,0,0.1,0,0,0,-8.7,0,0,-0.093,0,0,2839,0:17:15,147.2,0,--.--,277,142.1,53,0000:00:00,57,0,0,0,40,0,0,0,0,0,0,1,184.79,11:16:20,10/10/2023,97.12,55.29,--.--
low,0,1267,21.12,15.42,14.41,1498,222.2022,2.35,23.39748794,16:21.1,-13.8,15.3,260,0,0,0,0.1,0,0,0.2,-8.5,0,0,0.008,0,0,2932.2,0:17:16,79.7,0,--.--,242,78.4,62,0000:00:00,57,0,0,0,40,0,0,0,0,0,0,1,222.22,11:16:21,10/10/2023,97.12,55.26,--.--
low,0,1268,21.13,15.08,24.26,1503,365.8408,2.56,23.45641728,16:22.1,-12.6,13,259,0,0,0,0.1,0,0,0.3,-7.5,0,0,0.071,0,0,2932.2,0:17:17,79,0,--.--,242,77.8,62,0000:00:00,57,0,0,0,40,0,0,0,0,0,0,1,365.82,11:16:22,10/10/2023,97.16,55.26,--.--
low,0,1269,21.15,15.29,18.06,1509,276.1374,2.44,23.51767803,16:23.1,-11.7,11.9,260,0,0,0,0.2,0,0,0.2,-6.6,0,0,0.076,0,0,2932.2,0:17:18,77.9,0,--.--,239,77,63,0000:00:00,57,0,0,0,40,0,0,0,0,0,0,1,276.05,11:16:23,10/10/2023,97.18,55.24,--.--
low,0,1270,21.17,15.21,20.42,1514,310.5882,2.49,23.57239761,16:24.1,-11.4,12.3,259,0,0,0,0.3,0,0,0.2,-5.8,0,0,0.06,0,0,2939.5,0:17:19,77.2,0,--.--,238,76.5,45,0000:00:00,57,0,0,0,40,0,0,0,0,0,0,1,310.61,11:16:24,10/10/2023,97.2,55.24,--.--
low,0,1271,21.18,15.7,4.56,1519,71.592,1.85,23.62705061,16:25.1,-11.2,11.4,260,0,0,0,0.3,0,0,0,-5.6,0,0,-0.038,0,0,2939.5,0:17:20,76.3,0,--.--,236,75.8,65,0000:00:00,57,0,0,0,40,0,0,0,0,0,0,1,71.6,11:16:25,10/10/2023,97.21,55.26,--.--
low,0,1272,21.2,15.27,27.64,1524,422.0628,2.63,23.67967358,16:26.1,-13,15.5,260,0,0,0,0.3,0,0,0.2,-5.1,0,0,-0.007,0,0,3040.1,0:17:21,147.2,0,--.--,277,142.1,52,0000:00:00,57,0,0,0,40,0,0,0,0,0,0,1,422.12,11:16:26,10/10/2023,97.23,55.24,--.--
low,0,1273,21.22,15.44,13.74,1529,212.1456,2.33,23.73502181,16:27.1,-12.2,8.5,261,0,0,0,0.4,0,0,0,-4.7,0,0,-0.058,0,0,3142.9,0:17:22,74.5,0,--.--,233,74.4,54,0000:00:00,57,0,0,0,40,0,0,0,0,0,0,1,212.2,11:16:27,10/10/2023,97.25,55.26,--.--
low,0,1274,21.23,15.39,14.33,1533,220.5387,2.34,23.78724819,16:28.1,-13.7,10.5,260,0,0,0,0.4,0,0,0.2,-4.2,0,0,0.047,0,0,3142.9,0:17:23,73.5,0,--.--,233,73.3,65,0000:00:00,57,0,0,0,40,0,0,0,0,0,0,1,220.55,11:16:28,10/10/2023,97.25,55.24,--.--
low,0,1275,21.25,15.33,12.85,1538,196.9905,2.29,23.84120503,16:29.1,-10.9,1.7,252,0,0,0,0.6,0,0,0,-3.8,0,0,0.017,0,0,3149.6,0:17:24,72.1,0,--.--,232,72.1,41,0000:00:00,57,0,0,0,40,0,0,0,0,0,0,1,197.02,11:16:29,10/10/2023,97.25,55.24,--.--
low,0,1276,21.27,15.48,12.71,1541,196.7508,2.29,23.89498975,16:30.1,-9.5,4.1,250,0,0,0,0.6,0,0,0,-3.6,0,0,0.074,0,0,3149.6,0:17:25,70.9,0,--.--,232,71,54,0000:00:00,57,0,0,0,40,0,0,0,0,0,0,1,196.79,11:16:30,10/10/2023,97.3,55.26,--.--
low,0,1277,21.28,15.49,12.23,1545,189.4427,2.28,23.94717308,16:31.1,-10.1,2.6,250,0,0,0,0.6,0,0,0,-3.5,0,0,0.104,0,0,3149.6,0:17:26,69.8,0,--.--,232,69.9,56,0000:00:00,57,0,0,0,40,0,0,0,0,0,0,1,189.48,11:16:31,10/10/2023,97.32,55.26,--.--
low,0,1278,21.3,15.47,12.88,1548,199.2536,2.3,24.00045008,16:32.1,-10.2,3.7,250,0,0,0,0.6,0,0,0,-3.5,0,0,0.12,0,0,3370.2,0:17:27,68.5,0,--.--,231,68.6,52,0000:00:00,57,0,0,0,40,0,0,0,0,0,0,1,199.2,11:16:32,10/10/2023,97.32,55.24,--.--
low,0,1279,21.32,15.5,12.13,1552,188.015,2.27,24.05389908,16:33.1,-11.2,1.4,250,0,0,0,0.6,0,0,0,-3.2,0,0,0.218,0,0,3370.2,0:17:28,67,0,--.--,230,67.3,46,0000:00:00,57,0,0,0,40,0,0,0,0,0,0,1,188.02,11:16:33,10/10/2023,97.34,55.26,--.--
low,0,1280,21.33,15.49,12.54,1555,194.2446,2.29,24.10668519,16:34.1,-8.5,2.6,251,0,0,0,0.6,0,0,-0.1,-3.4,0,0,0.138,0,0,3370.2,0:17:29,65.6,0,--.--,229,66.1,51,0000:00:00,57,0,0,0,40,0,0,0,0,0,0,1,194.22,11:16:34,10/10/2023,97.36,55.26,--.--
low,0,1281,21.35,15.49,12.5,1559,193.625,2.29,24.16138119,16:35.1,-10,1.1,251,0,0,0,0.5,0,0,-0.1,-3.4,0,0,0.14,0,0,3378.1,0:17:30,63.9,0,--.--,225,62.2,52,0000:00:00,57,0,0,0,40,0,0,0,0,0,0,1,193.61,11:16:35,10/10/2023,97.38,55.26,--.--
low,0,1282,21.37,15.5,12.12,1562,187.86,2.27,24.21359244,16:36.1,-11.4,0.2,250,0,0,0,0.6,0,0,0,-3.3,0,0,0.184,0,0,3378.1,0:17:31,62.9,0,--.--,225,61.4,46,0000:00:00,57,0,0,0,40,0,0,0,0,0,0,1,187.81,11:16:36,10/10/2023,97.39,55.26,--.--
low,0,1283,21.38,15.48,12.39,1566,191.7972,2.28,24.26755744,16:37.1,-9.6,1.1,250,0,0,0,0.6,0,0,-0.1,-3.3,0,0,0.153,0,0,3497.1,0:17:32,147.2,0,--.--,277,138,50,0000:00:00,57,0,0,0,40,0,0,0,0,0,0,1,191.83,11:16:37,10/10/2023,97.41,55.26,--.--
low,0,1284,21.4,15.48,12.43,1569,192.4164,2.28,24.32195461,16:38.1,-10.4,1.3,251,0,0,0,0.6,0,0,0,-3.5,0,0,0.116,0,0,3619.8,0:17:33,60.4,0,--.--,221,59.6,49,0000:00:00,57,0,0,0,40,0,0,0,0,0,0,1,192.48,11:16:38,10/10/2023,97.41,55.26,--.--
low,0,1285,21.42,15.5,12.26,1573,190.03,2.28,24.34593311,16:39.1,-11.9,0.3,250,0,0,0,0.5,0,0,0,-3.3,0,0,0.153,0,0,3619.8,0:17:34,59.6,0,--.--,220,58.9,48,0000:00:00,57,0,0,0,40,0,0,0,0,0,0,1,189.98,11:16:39,10/10/2023,97.45,55.26,--.--
low,0,1286,21.43,15.48,12.72,1576,196.9056,2.29,24.35374039,16:40.1,-11.3,3.9,250,0,0,0,0.5,0,0,-0.1,-3.6,0,0,0.068,0,0,3619.8,0:17:35,58.6,0,--.--,219,58.1,54,0000:00:00,57,0,0,0,40,0,0,0,0,0,0,1,196.88,11:16:40,10/10/2023,97.47,55.26,--.--
low,0,1287,21.45,15.47,12.15,1580,187.9605,2.27,24.36025239,16:41.1,-11.4,0.2,251,0,0,0,0.5,0,0,0.1,-3.5,0,0,0.114,0,0,3627.2,0:17:36,57.4,0,--.--,216,57.5,45,0000:00:00,57,0,0,0,40,0,0,0,0,0,0,1,187.92,11:16:41,10/10/2023,97.47,55.26,--.--
low,0,1288,21.47,15.48,12.55,1583,194.274,2.29,24.42599883,16:42.1,-10.8,0,251,0,0,0,0.5,0,0,-0.1,-3.3,0,0,0.168,0,0,3627.2,0:17:37,56.2,0,--.--,212,56.9,48,0000:00:00,57,0,0,0,40,0,0,0,0,0,0,1,194.3,11:16:42,10/10/2023,97.48,55.26,--.--
low,0,1289,21.48,15.78,12.41,1586,195.8298,2.29,24.53781283,16:43.1,-9.9,1.8,249,0,0,0,0.4,0,0,0,-3.6,0,0,0.06,0,0,3893.4,0:17:38,55.5,0,--.--,209,56.8,51,0000:00:00,57,0,0,0,40,0,0,0,0,0,0,1,195.85,11:16:43,10/10/2023,97.5,55.26,--.--
low,0,1290,21.5,15.81,5.46,1588,86.3226,1.94,24.72728675,16:44.1,-9.4,2.2,268,0,0,0,0.3,0,0,0,-3.4,0,0,0.12,0,0,3893.4,0:17:39,54.9,0,--.--,208,56.4,43,0000:00:00,57,0,0,0,40,0,0,0,0,0,0,1,86.31,11:16:44,10/10/2023,97.52,55.26,--.--
low,0,1291,21.52,15.79,1.78,1589,28.1062,1.45,24.8259775,16:45.1,-6.4,2.6,275,0,0,0,0.4,0,0,-0.1,-3.6,0,0,0.05,0,0,3893.4,0:17:40,54,0,--.--,205,56,52,0000:00:00,75,0,0,0,40,0,0,0,0,0,0,1,28.1,11:16:45,10/10/2023,97.52,55.26,--.--
low,0,1292,21.53,15.84,1.48,1589,23.4432,1.37,24.94886136,16:46.1,-12.2,2.3,274,0,0,0,0.5,0,0,-0.2,-3.5,0,0,0.079,0,0,3893.4,0:17:41,54.1,0,--.--,204,56.2,29,0000:00:00,88,0,0,0,40,0,0,0,0,0,0,1,23.44,11:16:46,10/10/2023,97.54,55.26,--.--
low,0,1293,21.55,15.49,15.28,1592,236.6872,2.37,25.07185847,16:47.1,-12.4,1.5,275,0,0,0,0.5,0,0,-0.5,-4.5,0,0,-0.12,0,0,3900.1,0:17:42,53.4,0,--.--,201,56,28,0000:00:00,88,0,0,0,40,0,0,0,0,0,0,1,236.73,11:16:47,10/10/2023,97.54,55.29,--.--
low,0,1294,21.57,15.11,26.64,1597,402.5304,2.6,25.25006564,16:48.1,-12.1,0.9,276,0,0,0,0.4,0,0,-0.7,-6.3,0,0,-0.266,0,0,4043,0:17:43,147.2,0,--.--,277,138,15,0000:00:00,97,0,0,0,40,0,0,0,0,0,0,1,402.45,11:16:48,10/10/2023,97.54,55.29,--.--
low,0,1295,21.58,14.43,47.27,1608,682.1061,2.83,25.39585114,16:49.1,-11.7,-1.4,279,0,0,0,0.5,0,0,-0.8,-8.7,0,0,-0.348,0,0,4184.6,0:17:44,53.6,0,--.--,204,55.9,22,0000:00:00,97,0,0,0,40,0,0,0,0,0,0,1,681.92,11:16:49,10/10/2023,97.57,55.29,--.--
low,0,1296,21.6,15.01,23.67,1617,355.2867,2.55,25.55928228,16:50.1,-13.4,-0.7,281,0,0,0,0.6,0,0,-0.7,-10.8,0,0,-0.327,0,0,4184.6,0:17:45,53.6,0,--.--,201,56.3,16,0000:00:00,97,0,0,0,40,0,0,0,0,0,0,1,355.24,11:16:50,10/10/2023,97.57,55.29,--.--
low,0,1297,21.62,14.89,29.71,1623,442.3819,2.65,25.75780131,16:51.1,-14.7,2.7,281,0,0,0,1,0,0,-0.6,-12.9,0,0,-0.358,0,0,4184.6,0:17:46,53.9,0,--.--,200,56.7,28,0000:00:00,97,0,0,0,40,0,0,0,0,0,0,1,442.32,11:16:51,10/10/2023,97.57,55.29,--.--
low,0,1298,21.63,15.02,29.48,1631,442.7896,2.65,25.93995881,16:52.1,-11.2,1.1,281,0,0,0,1.3,0,0,-0.7,-14.9,0,0,-0.377,0,0,4184.6,0:17:47,54.4,0,--.--,200,57.2,15,0000:00:00,97,0,0,0,40,0,0,0,0,0,0,1,442.64,11:16:52,10/10/2023,97.61,55.31,--.--
low,0,1299,21.65,14.42,44.49,1641,641.5458,2.81,26.07476564,16:53.1,-11.6,1.7,282,0,0,0,1.8,0,0,-0.8,-17.2,0,0,-0.396,0,0,4184.6,0:17:48,54.6,0,--.--,200,57.4,20,0000:00:00,97,0,0,0,40,0,0,0,0,0,0,1,641.59,11:16:53,10/10/2023,97.63,55.31,--.--
low,0,1300,21.67,14.49,36.22,1653,524.8278,2.72,26.08668994,16:54.1,-10.5,2.3,281,0,0,0,2.2,0,0,-0.7,-19.7,0,0,-0.455,0,0,4472.7,0:17:49,54.4,0,--.--,199,57.4,22,0000:00:00,97,0,0,0,40,0,0,0,0,0,0,1,524.79,11:16:54,10/10/2023,97.65,55.31,--.--
low,0,1301,21.68,14.27,41.23,1664,588.3521,2.77,26.09288272,16:55.1,-11,2.7,282,0,0,0,2.5,0,0,-0.8,-22,0,0,-0.498,0,0,4472.7,0:17:50,55.1,0,--.--,200,57.9,21,0000:00:00,97,0,0,0,40,0,0,0,0,0,0,1,588.39,11:16:55,10/10/2023,97.65,55.29,--.--
low,0,1302,21.7,14.69,48.65,1676,714.6685,2.85,26.10080983,16:56.1,-10.9,3,282,0,0,0,2.9,0,0,-0.8,-24.4,0,0,-0.519,0,0,4472.7,0:17:51,55.2,0,--.--,199,58.2,20,0000:00:00,97,0,0,0,40,0,0,0,0,0,0,1,714.81,11:16:56,10/10/2023,97.65,55.29,--.--
low,0,1303,21.72,14.7,44.61,1687,655.767,2.82,26.10940669,16:57.1,-10.1,1.9,281,0,0,0,3.1,0,0,-0.8,-26.8,0,0,-0.526,0,0,4485.7,0:17:52,55.1,0,--.--,206,57,18,0000:00:00,97,0,0,0,40,0,0,0,0,0,0,1,655.63,11:16:57,10/10/2023,97.66,55.29,--.--
low,0,1304,21.73,15.29,31.74,1698,485.3046,2.69,26.11844569,16:58.1,-11.1,2.4,280,0,0,0,3.2,0,0,-0.5,-29,0,0,-0.482,0,0,4494.7,0:17:53,55.1,0,--.--,200,58,39,0000:00:00,97,0,0,0,40,0,0,0,0,0,0,1,485.15,11:16:58,10/10/2023,97.68,55.26,--.--
low,2,1305,21.75,15.61,2.75,1702,42.9275,1.63,26.12702069,16:59.1,-7.2,1.1,279,0,0,0,2.8,0,0,-0.3,-30.3,0,0,-0.372,0,0,4637.5,0:17:54,147.2,0,--.--,277,138,48,0000:00:00,97,0,0,0,40,0,0,0,0,0,0,1,42.94,11:16:59,10/10/2023,97.68,55.26,--.--
low,2,1306,21.77,15.7,1.42,1703,22.294,1.35,26.13293069,17:00.1,-7.5,0.8,278,0,0,0,2.3,0,0,-0.1,-30.8,0,0,-0.298,0,0,4784.6,0:17:55,55.5,0,--.--,197,58.8,60,0000:00:00,97,0,0,0,50,0,0,0,0,0,0,1,22.3,11:17:00,10/10/2023,97.7,55.26,--.--
low,2,1307,21.78,15.68,1.82,1703,28.5376,1.46,26.14665075,17:01.1,-10.9,2.5,278,0,0,0,1.9,0,0,0,-30.8,0,0,-0.28,0,0,4784.6,0:17:56,55.6,0,--.--,197,58.9,58,0000:00:00,97,0,0,0,40,0,0,0,0,0,0,1,28.53,11:17:01,10/10/2023,97.7,55.24,--.--
low,2,1308,21.8,15.71,1.97,1704,30.9487,1.49,26.15374725,17:02.1,-11.8,1.8,279,0,0,0,1.5,0,0,0,-30.8,0,0,-0.292,0,0,4784.6,0:17:57,55.2,0,--.--,196,58.6,59,0000:00:00,97,0,0,0,40,0,0,0,0,0,0,1,30.95,11:17:02,10/10/2023,97.7,55.24,--.--
low,2,1309,21.82,15.72,2.07,1704,32.5404,1.51,26.16050186,17:03.1,-11.6,1.1,279,0,0,0,1.1,0,0,0,-30.8,0,0,-0.269,0,0,4784.6,0:17:58,55,0,--.--,195,58.6,58,0000:00:00,97,0,0,0,30,0,0,0,0,0,0,1,32.54,11:17:03,10/10/2023,97.7,55.22,--.--
low,2,1310,21.83,15.75,1.96,1705,30.87,1.49,26.16642311,17:04.1,-10.3,0.7,279,0,0,0,0.9,0,0,0,-30.6,0,0,-0.211,0,0,4784.6,0:17:59,55.1,0,--.--,195,58.6,56,0000:00:00,97,0,0,0,30,0,0,0,0,0,0,1,30.88,11:17:04,10/10/2023,97.74,55.22,--.--
low,2,1311,21.85,15.76,1.35,1705,21.276,1.33,26.17471811,17:05.1,-6.7,0.6,279,0,0,0,0.7,0,0,0.1,-30.4,0,0,-0.133,0,0,5081.1,0:18:00,54.7,0,--.--,196,58.3,52,0000:00:00,97,0,0,0,30,0,0,0,0,0,0,1,21.27,11:17:05,10/10/2023,97.74,55.22,--.--
low,2,1312,21.87,15.73,3.14,1706,49.3922,1.69,26.18069078,17:06.1,-6.4,1,290,0,0,0,0.6,0,0,0,-30.1,0,0,-0.057,0,0,5081.1,0:18:01,54.8,0,--.--,195,58.4,48,0000:00:00,97,0,0,0,30,0,0,0,0,0,0,1,49.4,11:17:06,10/10/2023,97.74,55.2,--.--
low,2,1313,21.88,15.77,1.62,1706,25.5474,1.41,26.18607886,17:07.1,-6.9,3.3,307,0,0,0,0.6,0,0,0,-30,0,0,-0.046,0,0,5081.1,0:18:02,54.4,0,--.--,193,58.3,49,0000:00:00,97,0,0,0,30,0,0,0,0,0,0,1,25.55,11:17:07,10/10/2023,97.75,55.2,--.--
low,2,1314,21.9,15.79,1.54,1707,24.3166,1.39,26.19223497,17:08.1,-5.2,5.8,325,0,0,0,0.8,0,0,0,-30.1,0,0,-0.003,0,0,5081.1,0:18:03,54.4,0,--.--,195,58.1,50,0000:00:00,97,0,0,0,30,0,0,0,0,0,0,1,24.32,11:17:08,10/10/2023,97.75,55.2,--.--
low,2,1315,21.92,15.79,1.35,1707,21.3165,1.33,26.19856297,17:09.1,-5.7,5.2,342,0,0,0,0.9,0,0,0,-30.1,0,0,0.001,0,0,5081.1,0:18:04,54.3,0,--.--,194,58.1,50,0000:00:00,97,0,0,0,30,0,0,0,0,0,0,1,21.32,11:17:09,10/10/2023,97.77,55.18,--.--
low,2,1316,21.93,15.8,1.89,1708,29.862,1.48,26.20383964,17:10.1,-4.2,5,348,0,0,0,1,0,0,0,-30,0,0,0.029,0,0,5230.6,0:18:05,147.2,0,--.--,277,138,50,0000:00:00,100,0,0,0,30,0,0,0,0,0,0,1,29.86,11:17:10,10/10/2023,97.77,55.18,--.--
low,2,1317,21.95,15.81,1.36,1708,21.5016,1.33,26.20937664,17:11.1,-5.3,4.8,347,0,0,0,1.1,0,0,0,-29.9,0,0,0.057,0,0,5380.7,0:18:06,54,0,--.--,195,57.7,48,0000:00:00,77,0,0,0,30,0,0,0,0,0,0,1,21.51,11:17:11,10/10/2023,97.77,55.2,--.--
low,2,1318,21.97,15.77,1.23,1708,19.3971,1.29,26.21460603,17:12.1,-4.5,4.6,0,0,0,0,1.1,0,0,0,-29.9,0,0,0.06,0,0,5380.7,0:18:07,53.8,0,--.--,195,57.5,48,0000:00:00,77,0,0,0,30,0,0,0,0,0,0,1,19.4,11:17:12,10/10/2023,97.79,55.18,--.--
low,2,1319,21.98,15.83,1.4,1709,22.162,1.35,26.22041769,17:13.1,-4.2,4.6,12,0,0,0,1.1,0,0,0,-29.9,0,0,0.053,0,0,5380.7,0:18:08,53.6,0,--.--,194,57.4,50,0000:00:00,77,0,0,0,30,0,0,0,0,0,0,1,22.16,11:17:13,10/10/2023,97.79,55.18,--.--
low,2,1320,22,15.82,1.44,1709,22.7808,1.36,26.22688569,17:14.1,-3.2,4.5,26,0,0,0,1.1,0,0,0,-29.9,0,0,0.049,0,0,5380.7,0:18:09,53.4,0,--.--,194,57.2,48,0000:00:00,77,0,0,0,30,0,0,0,0,0,0,1,22.79,11:17:14,10/10/2023,97.81,55.18,--.--
low,2,1321,22.02,15.83,1.2,1710,18.996,1.28,26.23379369,17:15.1,-3.4,4.1,28,0,0,0,1,0,0,0,-30,0,0,0.037,0,0,5380.7,0:18:10,53.3,0,--.--,196,56.9,49,0000:00:00,77,0,0,0,30,0,0,0,0,0,0,1,19,11:17:15,10/10/2023,97.81,55.18,--.--
low,2,1322,22.03,15.82,1.26,1710,19.9332,1.3,26.24477981,17:16.1,-3.3,4.5,27,0,0,0,0.9,0,0,0,-30,0,0,0.027,0,0,5680.5,0:18:11,53.2,0,--.--,195,56.9,49,0000:00:00,77,0,0,0,30,0,0,0,0,0,0,1,19.93,11:17:16,10/10/2023,97.83,55.18,--.--
low,2,1323,22.05,15.82,1.19,1710,18.8258,1.27,26.25939481,17:17.1,-3.7,4.2,31,0,0,0,0.8,0,0,0,-30,0,0,0.023,0,0,5680.5,0:18:12,53.1,0,--.--,196,56.6,49,0000:00:00,77,0,30,0,30,0,0,0,0,0,0,1,18.82,11:17:17,10/10/2023,97.84,55.17,--.--
low,2,1324,22.07,15.85,1.32,1710,20.922,1.32,26.28617203,17:18.1,-3.3,4.9,32,0,0,0,0.8,0,0,0,-30,0,0,0.028,0,0,5680.5,0:18:13,52.6,0,--.--,194,56.4,49,0000:00:00,77,0,30,0,30,0,0,0,0,0,0,1,20.92,11:17:18,10/10/2023,97.84,55.17,--.--
low,2,1325,22.08,15.84,1.47,1711,23.2848,1.37,26.30055847,17:19.1,-3.5,4.6,32,0,0,0,0.8,0,0,0,-30,0,0,0.023,0,0,5680.5,0:18:14,52.6,0,--.--,195,56.3,49,0000:00:00,77,0,50,0,30,0,0,0,0,0,0,1,23.29,11:17:19,10/10/2023,97.86,55.17,--.--
low,2,1326,22.1,15.84,1.57,1711,24.8688,1.4,26.31464681,17:20.1,-3.4,4.5,32,0,0,0,0.7,0,0,0,-30,0,0,0.014,0,0,5680.5,0:18:15,52.4,0,--.--,193,56.3,49,0000:00:00,77,0,60,0,30,0,0,0,0,0,0,1,24.87,11:17:20,10/10/2023,97.86,55.17,--.--
low,2,1327,22.12,15.82,2.5,1712,39.55,1.6,26.33841658,17:21.1,-3,4.8,32,0,0,0,0.7,0,0,0,-30.1,0,0,0.007,0,0,5830.3,0:18:16,147.2,0,--.--,277,138,49,0000:00:00,77,0,80,0,30,0,0,0,0,0,0,1,39.55,11:17:21,10/10/2023,97.86,55.17,--.--
low,2,1328,22.13,15.8,3.33,1713,52.614,1.72,26.36246583,17:22.1,-2.9,5.2,31,0,0,0,0.6,0,0,0,-30.1,0,0,0.007,0,0,5979.9,0:18:17,52.1,0,--.--,194,56,47,0000:00:00,77,0,80,0,30,0,0,0,0,0,0,1,52.6,11:17:22,10/10/2023,97.9,55.17,--.--
low,2,1329,22.15,15.7,6.14,1714,96.398,1.98,26.38747092,17:23.1,-2.9,5.6,29,0,0,0,0.5,0,0,0,-30.1,0,0,0.005,0,0,5979.9,0:18:18,51.9,0,--.--,194,55.8,49,0000:00:00,77,0,80,0,30,0,0,0,0,0,0,1,96.42,11:17:23,10/10/2023,97.9,55.17,--.--
low,2,1330,22.17,15.79,3.28,1715,51.7912,1.71,26.41928675,17:24.1,-3.8,4.4,30,0,0,0,0.6,0,0,0,-30.1,0,0,0.008,0,0,5979.9,0:18:19,51.9,0,--.--,193,55.8,49,0000:00:00,92,0,80,0,30,0,0,0,0,0,0,1,51.78,11:17:24,10/10/2023,97.92,55.15,--.--
low,2,1331,22.18,15.8,3.21,1716,50.718,1.71,26.43723564,17:25.1,-3.6,5.1,29,0,0,0,0.6,0,0,0,-30,0,0,0.022,0,0,5979.9,0:18:20,52.5,0,--.--,195,56.1,49,0000:00:00,87,0,80,0,30,0,0,0,0,0,0,1,50.71,11:17:25,10/10/2023,97.92,55.17,--.--
low,2,1332,22.2,15.73,5.44,1717,85.5712,1.93,26.45354164,17:26.1,-2.3,6.8,23,0,0,0,0.6,0,0,0,-30,0,0,0.032,0,0,5979.9,0:18:21,52.6,0,--.--,194,56.4,48,0000:00:00,87,0,80,0,30,0,0,0,0,0,0,1,85.58,11:17:26,10/10/2023,97.93,55.15,--.--
low,2,1333,22.22,15.77,5.49,1719,86.5773,1.94,26.47391122,17:27.1,-4.6,6.4,15,0,0,0,0.7,0,0,0,-30,0,0,0.023,0,0,6279.1,0:18:22,52.7,0,--.--,195,56.4,49,0000:00:00,87,0,80,0,30,0,0,0,0,0,0,1,86.58,11:17:27,10/10/2023,97.95,55.13,--.--
low,2,1334,22.23,15.71,5.73,1721,90.0183,1.95,26.49647108,17:28.1,-4,6.3,16,0,0,0,0.6,0,0,0,-30,0,0,0.02,0,0,6279.1,0:18:23,53.3,0,--.--,195,57,48,0000:00:00,87,0,80,0,30,0,0,0,0,0,0,1,90.02,11:17:28,10/10/2023,97.95,55.15,--.--
low,2,1335,22.25,15.69,7.3,1722,114.537,2.06,26.51822619,17:29.1,-6.2,7.2,17,0,0,0,0.7,0,0,0,-29.9,0,0,0.012,0,0,6279.1,0:18:24,53.4,0,--.--,196,57,45,0000:00:00,87,0,80,0,30,0,0,0,0,0,0,1,114.55,11:17:29,10/10/2023,97.95,55.13,--.--
low,2,1336,22.27,15.76,4.1,1725,64.616,1.81,26.53951569,17:30.1,-6.2,3.1,17,0,0,0,0.8,0,0,0,-29.8,0,0,0.016,0,0,6279.1,0:18:25,54.2,0,--.--,196,57.7,49,0000:00:00,84,0,80,0,30,0,0,0,0,0,0,1,64.6,11:17:30,10/10/2023,97.97,55.13,--.--
low,2,1337,22.28,15.78,3.72,1726,58.7016,1.77,26.57055847,17:31.1,-4.9,4.7,17,0,0,0,0.9,0,0,0,-29.8,0,0,0.027,0,0,6279.1,0:18:26,54.2,0,--.--,194,58,49,0000:00:00,74,0,80,0,30,0,0,0,0,0,0,1,58.69,11:17:31,10/10/2023,97.99,55.13,--.--
low,2,1338,22.3,15.77,4.65,1727,73.3305,1.87,26.60126069,17:32.1,-3.1,6.2,16,0,0,0,1,0,0,0,-29.9,0,0,0.013,0,0,6428.7,0:18:27,147.2,0,--.--,277,138,49,0000:00:00,74,0,80,0,30,0,0,0,0,0,0,1,73.31,11:17:32,10/10/2023,97.99,55.11,--.--
low,2,1339,22.32,15.77,5.15,1728,81.2155,1.91,26.63054239,17:33.1,-4.5,5.5,16,0,0,0,1,0,0,0,-29.9,0,0,0.001,0,0,6579.6,0:18:28,55,0,--.--,194,58.8,49,0000:00:00,74,0,80,0,30,0,0,0,0,0,0,1,81.19,11:17:33,10/10/2023,97.99,55.11,--.--
low,2,1340,22.33,15.79,4.96,1730,78.3184,1.89,26.64445517,17:34.1,-4.3,5.1,16,0,0,0,1.1,0,0,0,-29.9,0,0,-0.009,0,0,6579.6,0:18:29,55.8,0,--.--,195,59.5,49,0000:00:00,74,0,80,0,30,0,0,0,0,0,0,1,78.32,11:17:34,10/10/2023,98.02,55.11,--.--
low,2,1341,22.35,15.77,4.86,1731,76.6422,1.88,26.65920183,17:35.1,-4.4,5.3,16,0,0,0,1.1,0,0,0,-29.9,0,0,-0.011,0,0,6579.6,0:18:30,56.1,0,--.--,195,59.8,49,0000:00:00,74,0,80,0,30,0,0,0,0,0,0,1,76.62,11:17:35,10/10/2023,98.02,55.11,--.--
low,2,1342,22.37,15.74,7.1,1733,111.754,2.05,26.67381683,17:36.1,-4.3,5.5,16,0,0,0,1.2,0,0,0,-29.9,0,0,-0.008,0,0,6579.6,0:18:31,57.3,0,--.--,196,60.8,49,0000:00:00,74,0,80,0,30,0,0,0,0,0,0,1,111.75,11:17:36,10/10/2023,98.02,55.11,--.--
low,2,1343,22.38,15.7,7.04,1735,110.528,2.04,26.68786128,17:37.1,-5.1,4.8,17,0,0,0,1.1,0,0,0,-29.9,0,0,-0.004,0,0,6579.6,0:18:32,57.7,0,--.--,195,61.2,49,0000:00:00,74,0,80,0,30,0,0,0,0,0,0,1,110.52,11:17:37,10/10/2023,98.02,55.11,--.--
low,2,1344,22.4,15.71,6.71,1737,105.4141,2.02,26.70339794,17:38.1,-4.2,5.7,17,0,0,0,1.1,0,0,0,-30,0,0,-0.012,0,0,6881.4,0:18:33,58.5,0,--.--,195,62.1,50,0000:00:00,74,0,80,0,30,0,0,0,0,0,0,1,105.44,11:17:38,10/10/2023,98.06,55.11,--.--
low,2,1345,22.42,15.8,3.17,1738,50.086,1.7,26.71783739,17:39.1,-4.1,5,18,0,0,0,1.2,0,0,0,-30,0,0,-0.021,0,0,6881.4,0:18:34,59.3,0,--.--,195,62.9,50,0000:00:00,89,0,80,0,30,0,0,0,0,0,0,1,50.08,11:17:39,10/10/2023,98.06,55.11,--.--
low,2,1346,22.43,15.8,3.36,1739,53.088,1.72,26.7489985,17:40.1,-3.3,5.9,19,0,0,0,1.3,0,0,0,-29.9,0,0,-0.009,0,0,6881.4,0:18:35,60.1,0,--.--,196,63.6,50,0000:00:00,59,0,80,0,30,0,0,0,0,0,0,1,53.09,11:17:40,10/10/2023,98.08,55.09,--.--
low,2,1347,22.45,15.8,3.33,1740,52.614,1.72,26.7773125,17:41.1,-3.6,5.6,19,0,0,0,1.3,0,0,0,-29.9,0,0,0.003,0,0,6881.4,0:18:36,60.4,0,--.--,196,63.8,49,0000:00:00,69,0,80,0,30,0,0,0,0,0,0,1,52.63,11:17:41,10/10/2023,98.08,55.09,--.--
low,2,1348,22.47,15.8,3.2,1740,50.56,1.7,26.79100583,17:42.1,-4,5.4,22,0,0,0,1.3,0,0,0,-29.9,0,0,0.008,0,0,6881.4,0:18:37,60.5,0,--.--,196,63.8,49,0000:00:00,87,0,80,0,30,0,0,0,0,0,0,1,50.56,11:17:42,10/10/2023,98.1,55.11,--.--
low,2,1349,22.48,15.8,3.54,1741,55.932,1.75,26.80769575,17:43.1,-4.3,3.8,39,0,0,0,1.3,0,0,0,-29.9,0,0,0.008,0,0,6881.4,0:18:38,60.5,0,--.--,196,64,49,0000:00:00,87,0,80,0,30,0,0,0,0,0,0,1,55.92,11:17:43,10/10/2023,98.1,55.11,--.--
low,2,1350,22.5,15.8,3.29,1742,51.982,1.72,26.82358353,17:44.1,-3.6,4.9,39,0,0,0,1.3,0,0,0,-29.9,0,0,0.015,0,0,7184.2,0:18:39,59.9,0,--.--,194,63.6,49,0000:00:00,87,0,80,0,30,0,0,0,0,0,0,1,52,11:17:44,10/10/2023,98.1,55.09,--.--
low,2,1351,22.52,15.8,7.1,1743,112.18,2.05,26.85592964,17:45.1,-3.9,5.5,36,0,0,0,1.1,0,0,0,-29.9,0,0,0.017,0,0,7184.2,0:18:40,59.9,0,--.--,194,63.6,48,0000:00:00,87,0,80,0,30,0,0,0,0,0,0,1,112.19,11:17:45,10/10/2023,98.11,55.09,--.--
low,2,1352,22.53,15.73,6.48,1745,101.9304,2.01,26.86954381,17:46.1,-4.3,3.3,36,0,0,0,0.9,0,0,0,-29.9,0,0,0.013,0,0,7184.2,0:18:41,60.2,0,--.--,195,63.8,49,0000:00:00,87,0,80,0,30,0,0,0,0,0,0,1,101.94,11:17:46,10/10/2023,98.13,55.09,--.--
low,2,1353,22.55,15.8,3.12,1746,49.296,1.69,26.88481714,17:47.1,-4,2.4,45,0,0,0,1,0,0,0,-29.9,0,0,-0.004,0,0,7184.2,0:18:42,61,0,--.--,195,64.5,50,0000:00:00,87,0,80,0,30,0,0,0,0,0,0,1,49.3,11:17:47,10/10/2023,98.13,55.09,--.--
low,2,1354,22.57,15.77,3.81,1748,60.0837,1.78,26.89909006,17:48.1,-3.1,3,60,0,0,0,0.9,0,0,0,-29.9,0,0,0.002,0,0,7184.2,0:18:43,60.9,0,--.--,195,64.5,50,0000:00:00,87,0,80,0,30,0,0,0,0,0,0,1,60.08,11:17:48,10/10/2023,98.13,55.09,--.--
low,2,1355,22.58,15.8,3.62,1749,57.196,1.76,26.91301164,17:49.1,-3.1,3.9,70,0,0,0,0.8,0,0,0,-29.8,0,0,0.032,0,0,7336.2,0:18:44,147.2,0,--.--,277,138,48,0000:00:00,87,0,80,0,30,0,0,0,0,0,0,1,57.2,11:17:49,10/10/2023,98.15,55.11,--.--
low,2,1356,22.6,15.8,7.37,1750,116.446,2.07,26.92732847,17:50.1,-5,3.3,72,0,0,0,0.7,0,0,0,-29.6,0,0,0.042,0,0,7487.1,0:18:45,61,0,--.--,196,64.5,42,0000:00:00,87,0,80,0,30,0,0,0,0,0,0,1,116.45,11:17:50,10/10/2023,98.15,55.11,--.--
low,2,1357,22.62,15.81,3.1,1751,49.011,1.69,26.94208447,17:51.1,-5.2,4.9,66,0,0,0,0.6,0,0,0,-29.6,0,0,0.049,0,0,7487.1,0:18:46,60.7,0,--.--,195,64.3,47,0000:00:00,87,0,80,0,30,0,0,0,0,0,0,1,49,11:17:51,10/10/2023,98.15,55.09,--.--
low,2,1358,22.63,15.8,3.48,1752,54.984,1.74,26.95719181,17:52.1,-4.3,3.7,65,0,0,0,0.5,0,0,0,-29.7,0,0,0.032,0,0,7487.1,0:18:47,61.3,0,--.--,196,64.7,49,0000:00:00,87,0,80,0,30,0,0,0,0,0,0,1,54.99,11:17:52,10/10/2023,98.19,55.11,--.--
low,2,1359,22.65,15.81,3.25,1753,51.3825,1.71,26.97146472,17:53.1,-4.3,3.9,76,0,0,0,0.5,0,0,0,-29.7,0,0,0.031,0,0,7487.1,0:18:48,60.9,0,--.--,195,64.6,48,0000:00:00,87,0,80,0,30,0,0,0,0,0,0,1,51.39,11:17:53,10/10/2023,98.19,55.11,--.--
low,2,1360,22.67,15.81,3.17,1754,50.1177,1.7,26.98525456,17:54.1,-3.1,4.8,72,0,0,0,0.4,0,0,0,-29.7,0,0,0.018,0,0,7487.1,0:18:49,61,0,--.--,196,64.5,48,0000:00:00,87,0,80,0,30,0,0,0,0,0,0,1,50.11,11:17:54,10/10/2023,98.19,55.11,--.--
low,2,1361,22.68,15.81,3.26,1755,51.5406,1.71,26.99909706,17:55.1,-3.5,3.6,70,0,0,0,0.4,0,0,0,-29.8,0,0,0.003,0,0,7789.7,0:18:50,61,0,--.--,195,64.6,49,0000:00:00,87,0,80,0,30,0,0,0,0,0,0,1,51.54,11:17:55,10/10/2023,98.2,55.09,--.--
low,2,1362,22.7,15.81,3.36,1756,53.1216,1.73,27.01482917,17:56.1,-3.6,3.8,70,0,0,0,0.3,0,0,0,-29.8,0,0,-0.002,0,0,7789.7,0:18:51,60.7,0,--.--,196,64.2,49,0000:00:00,87,0,80,0,30,0,0,0,0,0,0,1,53.13,11:17:56,10/10/2023,98.2,55.09,--.--
low,2,1363,22.72,15.81,3.44,1757,54.3864,1.74,27.03012183,17:57.1,-3.8,3.7,70,0,0,0,0.3,0,0,0,-29.8,0,0,-0.009,0,0,7789.7,0:18:52,60.9,0,--.--,195,64.4,49,0000:00:00,87,0,80,0,30,0,0,0,0,0,0,1,54.38,11:17:57,10/10/2023,98.2,55.11,--.--
low,2,1364,22.73,15.81,3.25,1758,51.3825,1.71,27.04439475,17:58.1,-3.6,4,70,0,0,0,0.3,0,0,0,-29.8,0,0,-0.01,0,0,7789.7,0:18:53,60.8,0,--.--,196,64.1,49,0000:00:00,87,0,80,0,30,0,0,0,0,0,0,1,51.38,11:17:58,10/10/2023,98.22,55.11,--.--
low,2,1365,22.75,15.81,3.14,1759,49.6434,1.7,27.05942375,17:59.1,-3.7,3.9,70,0,0,0,0.4,0,0,0,-29.8,0,0,-0.014,0,0,7789.7,0:18:54,60.8,0,--.--,195,64.4,49,0000:00:00,87,0,80,0,30,0,0,0,0,0,0,1,49.63,11:17:59,10/10/2023,98.24,55.11,--.--
low,2,1366,22.77,15.82,3.15,1760,49.833,1.7,27.07607869,18:00.2,-3.8,4,70,0,0,0,0.4,0,0,0,-29.8,0,0,-0.014,0,0,8093.2,0:18:55,60.8,0,--.--,195,64.4,49,0000:00:00,87,0,80,0,30,0,0,0,0,0,0,1,49.83,11:18:00,10/10/2023,98.26,55.13,--.--
low,2,1367,22.78,15.82,3.58,1761,56.6356,1.75,27.09158128,18:01.2,-3.8,3.7,70,0,0,0,0.4,0,0,0,-29.8,0,0,-0.01,0,0,8093.2,0:18:56,60.2,0,--.--,195,63.8,49,0000:00:00,87,0,80,0,30,0,0,0,0,0,0,1,56.62,11:18:01,10/10/2023,98.26,55.11,--.--
low,2,1368,22.8,15.82,3.48,1762,55.0536,1.74,27.10625872,18:02.2,-4,3.8,70,0,0,0,0.5,0,0,0,-29.8,0,0,0,0,0,8093.2,0:18:57,60.2,0,--.--,194,64,49,0000:00:00,87,0,80,0,30,0,0,0,0,0,0,1,55.05,11:18:02,10/10/2023,98.26,55.11,--.--
low,2,1369,22.82,15.81,3.25,1763,51.3825,1.71,27.12270433,18:03.2,-4.1,3.9,70,0,0,0,0.5,0,0,0,-29.8,0,0,0.002,0,0,8093.2,0:18:58,60.1,0,--.--,194,63.8,49,0000:00:00,87,0,80,0,30,0,0,0,0,0,0,1,51.39,11:18:03,10/10/2023,98.28,55.11,--.--
low,2,1370,22.83,15.82,3.42,1764,54.1044,1.73,27.13890958,18:04.2,-4,3.6,70,0,0,0,0.5,0,0,0,-29.8,0,0,-0.006,0,0,8093.2,0:18:59,60.4,0,--.--,195,63.9,50,0000:00:00,87,0,80,0,30,0,0,0,0,0,0,1,54.1,11:18:04,10/10/2023,98.28,55.11,--.--
low,2,1371,22.85,15.82,3.79,1764,59.9578,1.78,27.15292786,18:05.1,-4,3.7,70,0,0,0,0.6,0,0,0,-29.8,0,0,-0.009,0,0,8093.2,0:19:00,60.6,0,--.--,196,64,50,0000:00:00,87,0,80,0,30,0,0,0,0,0,0,1,59.97,11:18:05,10/10/2023,98.28,55.11,--.--
low,2,1372,22.87,15.81,3.53,1765,55.8093,1.75,27.16808869,18:06.2,-4,3.8,71,0,0,0,0.6,0,0,0,-29.8,0,0,-0.004,0,0,8397.1,0:19:01,59.7,0,--.--,195,63.3,49,0000:00:00,87,0,80,0,30,0,0,0,0,0,0,1,55.81,11:18:06,10/10/2023,98.29,55.11,--.--
low,2,1373,22.88,15.82,3.34,1766,52.8388,1.72,27.18481036,18:07.1,-4,3.6,71,0,0,0,0.6,0,0,0,-29.8,0,0,-0.002,0,0,8397.1,0:19:02,60.2,0,--.--,196,63.7,49,0000:00:00,87,0,80,0,30,0,0,0,0,0,0,1,52.85,11:18:07,10/10/2023,98.29,55.11,--.--
low,2,1374,22.9,15.83,3.74,1767,59.2042,1.77,27.19873194,18:08.2,-4,3.8,71,0,0,0,0.6,0,0,0,-29.8,0,0,-0.006,0,0,8397.1,0:19:03,59.6,0,--.--,195,63.2,50,0000:00:00,87,0,80,0,30,0,0,0,0,0,0,1,59.2,11:18:08,10/10/2023,98.29,55.11,--.--
low,2,1375,22.92,15.81,3.69,1768,58.3389,1.77,27.214474,18:09.2,-4.1,3.7,71,0,0,0,0.6,0,0,0,-29.8,0,0,-0.002,0,0,8397.1,0:19:04,60,0,--.--,196,63.5,49,0000:00:00,87,0,80,0,30,0,0,0,0,0,0,1,58.33,11:18:09,10/10/2023,98.31,55.11,--.--
low,2,1376,22.93,15.82,3.19,1769,50.4658,1.7,27.23084456,18:10.2,-4,3.6,71,0,0,0,0.1,0,0,0,-29.7,-29.2,-8.9,-8.896,0,1.9,8549.4,0:19:05,147.4,0,--.--,278,138.3,49,0000:00:00,87,0,80,0,30,0,0,6.23,0,0,0,1,50.46,11:18:10,10/10/2023,98.31,55.13,--.--
low,2,1377,22.95,15.82,3.45,1770,54.579,1.74,27.24423914,18:11.2,-4.1,3.6,71,0,0,0,0,0,0,0,-29.7,-29.2,-8.9,-8.892,0,1.96,8549.4,0:19:06,147.3,0,--.--,278,138.1,49,0000:00:00,87,0,80,0,30,0,0,6.43,0,0,0,1,54.59,11:18:11,10/10/2023,98.31,55.11,--.--
low,2,1378,22.97,15.8,3.81,1771,60.198,1.78,27.25922419,18:12.2,-4.1,3.6,71,0,0,0,0,0,0,0,-29.8,-29.2,-8.91,-8.91,0,1.99,8549.4,0:19:07,147.2,0,--.--,278,138,50,0000:00:00,87,0,80,0,30,0,0,6.53,0,0,0,1,60.2,11:18:12,10/10/2023,98.31,55.13,--.--
low,2,1379,22.98,15.81,3.17,1772,50.1177,1.7,27.27448256,18:13.2,-4,3.6,71,0,0,0,0,0,0,0,-29.8,-29.2,-8.91,-8.917,0,1.99,8549.4,0:19:08,147.1,0,--.--,278,137.9,50,0000:00:00,87,0,80,0,30,0,0,6.53,0,0,0,1,50.13,11:18:13,10/10/2023,98.31,55.13,--.--
low,2,1380,23,15.83,3.58,1773,56.6714,1.75,27.28871156,18:14.2,-4,3.6,71,0,0,0,0,0,0,0,-29.8,-29.2,-8.91,-8.913,0,2.01,8549.4,0:19:09,147,0,--.--,278,137.9,49,0000:00:00,87,0,80,0,30,0,0,6.59,0,0,0,1,56.66,11:18:14,10/10/2023,98.35,55.13,--.--
low,2,1381,23.02,15.8,3.73,1774,58.934,1.77,27.30215856,18:15.2,-4.1,3.6,71,0,0,0,0,0,0,0,-29.8,-29.2,-8.9,-8.898,0,2.02,8549.4,0:19:10,147,0,--.--,278,137.8,49,0000:00:00,87,0,80,0,30,0,0,6.63,0,0,0,1,58.95,11:18:15,10/10/2023,98.35,55.11,--.--
low,2,1382,23.03,15.81,3.05,1775,48.2205,1.68,27.31780278,18:16.2,-3.9,3.8,71,0,0,0,0,0,0,0,-29.7,-29.2,-8.9,-8.893,0,2.05,8549.4,0:19:11,146.9,0,--.--,278,137.7,51,0000:00:00,87,0,80,0,30,0,0,6.73,0,0,0,1,48.22,11:18:16,10/10/2023,98.37,55.11,--.--
low,2,1383,23.05,15.82,3.41,1776,53.9462,1.73,27.33243628,18:17.2,-8.9,2.9,69,0,0,0,0,0,0,0.1,-29.7,-29.1,-8.87,-8.875,0,2.05,8549.4,0:19:12,146.9,0,--.--,278,137.7,65,0000:00:00,87,0,80,0,30,0,0,6.73,0,0,0,1,53.95,11:18:17,10/10/2023,98.37,55.11,--.--
low,2,1384,23.07,15.83,3.47,1777,54.9301,1.74,27.34965161,18:18.2,-4.5,3.9,71,0,0,0,0,0,0,0,-29.5,-28.9,-8.81,-8.785,0,2.18,8549.4,0:19:13,146.8,0,--.--,278,137.7,47,0000:00:00,87,0,80,0,30,0,0,7.15,0,0,0,1,54.93,11:18:18,10/10/2023,98.38,55.13,--.--
low,2,1385,23.08,15.81,3.24,1778,51.2244,1.71,27.37209303,18:19.2,-4.7,3.6,71,0,0,0,0,0,0,0,-29.4,-28.8,-8.79,-8.741,0,2.14,8549.4,0:19:14,146.8,0,--.--,278,137.6,46,0000:00:00,87,0,80,0,20,0,0,7.02,0,0,0,1,51.23,11:18:19,10/10/2023,98.38,55.11,--.--
low,2,1386,23.1,15.82,3.06,1779,48.4092,1.68,27.39444803,18:20.2,-3.7,3.7,71,0,0,0,0,0,0,0,-29.4,-28.9,-8.81,-8.75,0,2.15,8549.4,0:19:15,146.7,0,--.--,278,137.6,48,0000:00:00,87,0,80,0,20,0,0,7.05,0,0,0,1,48.42,11:18:20,10/10/2023,98.4,55.11,--.--
low,2,1387,23.12,15.82,3.56,1780,56.3192,1.75,27.41988469,18:21.2,-3.1,3.8,71,0,0,0,0,0,0,0,-29.5,-29,-8.84,-8.808,0,2.09,8549.4,0:19:16,146.7,0,--.--,278,137.5,49,0000:00:00,87,0,80,0,20,0,0,6.86,0,0,0,1,56.33,11:18:21,10/10/2023,98.4,55.13,--.--
low,2,1388,23.13,15.82,3.33,1781,52.6806,1.72,27.43472853,18:22.2,-2.8,4.2,71,0,0,0,0,0,0,0,-29.6,-29,-8.85,-8.847,0,2.07,8549.4,0:19:17,146.7,0,--.--,278,137.5,49,0000:00:00,87,0,80,0,20,0,0,6.79,0,0,0,1,52.68,11:18:22,10/10/2023,98.42,55.11,--.--
low,2,1389,23.15,15.81,3.92,1782,61.9752,1.79,27.45106553,18:23.2,-2.9,4.2,72,0,0,0,0,0,0,0,-29.6,-29.1,-8.86,-8.866,0,2.08,8549.4,0:19:18,146.8,0,--.--,278,141.7,49,0000:00:00,87,0,80,0,20,0,0,6.82,0,0,0,1,61.97,11:18:23,10/10/2023,98.42,55.11,--.--
low,2,1390,23.17,15.81,5.11,1782,80.7891,1.91,27.46665594,18:24.2,-6.1,4,71,0,0,0,0.1,0,0,0,-29.6,-29,-8.85,-8.87,0,2.05,8549.4,0:19:19,146.9,0,--.--,278,141.8,47,0000:00:00,87,0,80,0,20,0,0,6.73,0,0,0,1,80.81,11:18:24,10/10/2023,98.44,55.13,--.--
low,2,1391,23.18,15.78,5.1,1784,80.478,1.91,27.48128019,18:25.2,-3.7,3.4,71,0,0,0,0.1,0,0,0,-29.5,-29,-8.83,-8.839,0,2.05,8549.4,0:19:20,147.2,0,--.--,278,142.1,48,0000:00:00,87,0,80,0,20,0,0,6.73,0,0,0,1,80.49,11:18:25,10/10/2023,98.47,55.11,--.--
low,2,1392,23.2,15.6,5.87,1785,91.572,1.96,27.49688047,18:26.2,-4.1,3.5,71,0,0,0,0.1,0,0,0,-29.4,-28.9,-8.8,-8.773,0,2.05,8549.4,0:19:21,147.4,0,--.--,278,142.4,47,0000:00:00,87,0,80,0,20,0,0,6.73,0,0,0,1,91.59,11:18:26,10/10/2023,98.47,55.13,--.--
low,2,1393,23.22,15.81,3.38,1786,53.4378,1.73,27.51265653,18:27.2,-5,3.2,70,0,0,0,0.1,0,0,0,-29.4,-28.8,-8.79,-8.75,0,2.03,8549.4,0:19:22,147.7,0,--.--,277,142.2,47,0000:00:00,87,0,80,0,20,0,0,6.66,0,0,0,1,53.43,11:18:27,10/10/2023,98.47,55.11,--.--
low,2,1394,23.23,15.81,3.72,1787,58.8132,1.77,27.52899353,18:28.2,-3.8,3.9,71,0,0,0,0.1,0,0,0,-29.4,-28.9,-8.81,-8.772,0,1.99,8549.4,0:19:23,147.9,0,--.--,277,142.4,48,0000:00:00,87,0,80,0,20,0,0,6.53,0,0,0,1,58.82,11:18:28,10/10/2023,98.47,55.11,--.--
low,2,1395,23.25,15.81,3.55,1788,56.1255,1.75,27.54439853,18:29.2,-3.5,3.8,71,0,0,0,0.1,0,0,0,-29.5,-29,-8.83,-8.815,0,1.83,8549.4,0:19:24,148.1,0,--.--,277,142.6,49,0000:00:00,87,0,80,0,20,0,0,6,0,0,0,1,56.13,11:18:29,10/10/2023,98.51,55.11,--.--
low,2,1396,23.27,15.81,3.33,1789,52.6473,1.72,27.56115347,18:30.2,-3.3,4.1,71,0,0,0,0.1,0,0,0,-29.5,-29,-8.84,-8.846,0,1.83,8549.4,0:19:25,148.3,0,--.--,277,142.8,49,0000:00:00,87,0,80,0,20,0,0,6,0,0,0,1,52.66,11:18:30,10/10/2023,98.51,55.13,--.--
low,2,1397,23.28,15.82,3.55,1790,56.161,1.75,27.57827014,18:31.2,-3.5,3.9,70,0,0,0,0,0,0,0,-29.5,-29,-8.83,-8.835,0,1.81,8549.4,0:19:26,148.4,0,--.--,277,142.9,49,0000:00:00,87,0,80,0,20,0,0,5.94,0,0,0,1,56.15,11:18:31,10/10/2023,98.51,55.11,--.--
low,2,1398,23.3,15.82,3.59,1791,56.7938,1.75,27.59771292,18:32.2,-3.1,4.1,71,0,0,0,0.1,0,0,0,-29.5,-29,-8.84,-8.836,0,1.85,8549.4,0:19:27,148.6,0,--.--,277,143.1,49,0000:00:00,87,0,80,0,20,0,0,6.07,0,0,0,1,56.78,11:18:32,10/10/2023,98.53,55.11,--.--
low,2,1399,23.32,15.81,3.72,1792,58.8132,1.77,27.61627792,18:33.2,-3.2,4.1,71,0,0,0,0.1,0,0,0,-29.5,-29,-8.84,-8.85,0,1.81,8549.4,0:19:28,148.7,0,--.--,277,143.3,49,0000:00:00,87,0,80,0,20,0,0,5.94,0,0,0,1,58.81,11:18:33,10/10/2023,98.53,55.11,--.--
low,2,1400,23.33,15.8,3.51,1793,55.458,1.74,27.63500661,18:34.2,-3.1,4.4,71,0,0,0,0.1,0,0,0,-29.5,-29,-8.84,-8.851,0,1.84,8549.4,0:19:29,149,0,--.--,277,143.5,49,0000:00:00,87,0,80,0,20,0,0,6.04,0,0,0,1,55.47,11:18:34,10/10/2023,98.53,55.11,--.--
low,2,1401,23.35,15.79,3.82,1794,60.3178,1.78,27.65171769,18:35.2,-3.2,3.5,71,0,0,0,0.1,0,0,0,-29.5,-29,-8.84,-8.848,0,1.71,8549.4,0:19:30,149.3,0,--.--,277,143.8,49,0000:00:00,87,0,80,0,20,0,0,5.61,0,0,0,1,60.32,11:18:35,10/10/2023,98.55,55.11,--.--
low,2,1402,23.37,15.8,3.9,1796,61.62,1.79,27.66869194,18:36.2,-3.9,2.6,70,0,0,0,0.1,0,0,0,-29.5,-29,-8.83,-8.833,0,1.81,8549.4,0:19:31,149.6,0,--.--,277,144.1,49,0000:00:00,87,0,80,0,20,0,0,5.94,0,0,0,1,61.64,11:18:36,10/10/2023,98.56,55.11,--.--
low,2,1403,23.38,15.8,4.43,1797,69.994,1.85,27.68549075,18:37.2,-3.4,3,72,0,0,0,0.1,0,0,0,-29.5,-29,-8.83,-8.832,0,1.65,8549.4,0:19:32,149.9,0,--.--,277,148.5,50,0000:00:00,87,0,80,0,20,0,0,5.41,0,0,0,1,69.98,11:18:37,10/10/2023,98.56,55.11,--.--
low,2,1404,23.4,15.8,4.23,1798,66.834,1.82,27.70344131,18:38.2,-3.1,2.7,70,0,0,0,0.1,0,0,0,-29.5,-29,-8.83,-8.833,0,1.7,8549.4,0:19:33,150.3,0,--.--,277,148.9,49,0000:00:00,87,0,80,0,20,0,0,5.58,0,0,0,1,66.82,11:18:38,10/10/2023,98.56,55.09,--.--
low,2,1405,23.42,15.79,4.27,1799,67.4233,1.83,27.72159981,18:39.2,-3.4,2.7,71,0,0,0,0.1,0,0,0,-29.5,-29,-8.83,-8.833,0,1.75,8549.4,0:19:34,150.6,0,--.--,277,149.1,49,0000:00:00,87,0,80,0,20,0,0,5.74,0,0,0,1,67.42,11:18:39,10/10/2023,98.58,55.11,--.--
low,2,1406,23.43,15.79,3.81,1800,60.1599,1.78,27.74089869,18:40.2,-3.1,2.8,71,0,0,0,0.1,0,0,0,-29.5,-29,-8.83,-8.834,0,1.65,8549.4,0:19:35,150.9,0,--.--,277,149.4,49,0000:00:00,87,0,80,0,20,0,0,5.41,0,0,0,1,60.17,11:18:40,10/10/2023,98.6,55.09,--.--
low,2,1407,23.45,15.79,3.87,1801,61.1073,1.79,27.75904569,18:41.2,-3.2,3.1,71,0,0,0,0.1,0,0,0,-29.5,-29,-8.84,-8.847,0,1.69,8549.4,0:19:36,151.2,0,--.--,277,149.7,49,0000:00:00,87,0,80,0,20,0,0,5.54,0,0,0,1,61.11,11:18:41,10/10/2023,98.6,55.09,--.--
low,2,1408,23.47,15.79,3.83,1802,60.4757,1.78,27.77850769,18:42.2,-3.5,3.1,72,0,0,0,0.1,0,0,0,-29.5,-29,-8.84,-8.848,0,1.57,8549.4,0:19:37,151.5,0,--.--,277,150,49,0000:00:00,87,0,80,0,20,0,0,5.15,0,0,0,1,60.47,11:18:42,10/10/2023,98.6,55.09,--.--
low,2,1409,23.48,15.8,4.09,1804,64.622,1.81,27.79897786,18:43.2,-3.8,2.2,71,0,0,0,0.1,0,0,0,-29.5,-29,-8.84,-8.85,0,1.57,8549.4,0:19:38,151.7,0,--.--,277,150.2,49,0000:00:00,87,0,80,0,20,0,0,5.15,0,0,0,1,64.63,11:18:43,10/10/2023,98.6,55.11,--.--
low,2,1410,23.5,15.79,4.14,1805,65.3706,1.82,27.81962336,18:44.2,-3.9,2.6,73,0,0,0,0.1,0,0,0,-29.5,-29,-8.84,-8.848,0,1.57,8549.4,0:19:39,152,0,--.--,277,150.4,49,0000:00:00,87,0,80,0,20,0,0,5.15,0,0,0,1,65.37,11:18:44,10/10/2023,98.6,55.09,--.--
low,2,1411,23.52,15.79,4.4,1806,69.476,1.84,27.83951108,18:45.2,-3.3,3.1,73,0,0,0,0.1,0,0,0,-29.5,-29,-8.84,-8.849,0,1.62,8549.4,0:19:40,152.2,0,--.--,277,150.7,50,0000:00:00,87,0,80,0,20,0,0,5.31,0,0,0,1,69.46,11:18:45,10/10/2023,98.64,55.09,--.--
low,2,1412,23.53,15.78,4.14,1807,65.3292,1.82,27.86101961,18:46.2,-4,2,73,0,0,0,0.1,0,0,0,-29.5,-29,-8.83,-8.832,0,1.66,8549.4,0:19:41,152.5,0,--.--,277,151,49,0000:00:00,87,0,80,0,20,0,0,5.45,0,0,0,1,65.34,11:18:46,10/10/2023,98.65,55.11,--.--
low,2,1413,23.55,15.78,4.44,1808,70.0632,1.85,27.88213389,18:47.2,-3.8,1.7,73,0,0,0,0.1,0,0,0,-29.5,-28.9,-8.82,-8.812,0,1.71,8549.4,0:19:42,152.7,0,--.--,277,151.2,49,0000:00:00,87,0,80,0,20,0,0,5.61,0,0,0,1,70.06,11:18:47,10/10/2023,98.65,55.09,--.--
low,2,1414,23.57,15.78,4.67,1809,73.6926,1.87,27.90108189,18:48.2,-4.1,2.3,73,0,0,0,0.1,0,0,0,-29.5,-28.9,-8.82,-8.812,0,1.71,8549.4,0:19:43,152.9,0,--.--,277,151.3,49,0000:00:00,87,0,80,0,20,0,0,5.61,0,0,0,1,73.7,11:18:48,10/10/2023,98.65,55.11,--.--
low,2,1415,23.58,15.78,4.71,1811,74.3238,1.87,27.93303128,18:49.2,-3.7,3.3,74,0,0,0,0.1,0,0,0,-29.5,-28.9,-8.82,-8.814,0,1.64,8549.4,0:19:44,153.1,0,--.--,277,155.7,49,0000:00:00,87,0,80,0,20,0,0,5.38,0,0,0,1,74.3,11:18:49,10/10/2023,98.65,55.09,--.--
low,2,1416,23.6,15.77,4.54,1812,71.5958,1.85,27.95178006,18:50.2,-3.8,2.4,73,0,0,0,0.1,0,0,0,-29.5,-29,-8.83,-8.828,0,1.57,8549.4,0:19:45,153.4,0,--.--,277,156,49,0000:00:00,87,0,80,0,20,0,0,5.15,0,0,0,1,71.6,11:18:50,10/10/2023,98.67,55.09,--.--
low,2,1417,23.62,15.77,4.91,1813,77.4307,1.89,27.98056339,18:51.2,-3.7,3,74,0,0,0,0.1,0,0,0,-29.5,-29,-8.83,-8.827,0,1.6,8549.4,0:19:46,153.8,0,--.--,277,156.4,49,0000:00:00,87,0,80,0,20,0,0,5.25,0,0,0,1,77.45,11:18:51,10/10/2023,98.67,55.09,--.--
low,2,1418,23.63,15.77,4.82,1815,76.0114,1.88,27.99981842,18:52.2,-3.8,3.5,74,0,0,0,0.1,0,0,0,-29.5,-29,-8.83,-8.83,0,1.5,8556.1,0:19:47,154.2,0,--.--,277,156.8,49,0000:00:00,87,0,80,0,20,0,0,4.92,0,0,0,1,76.03,11:18:52,10/10/2023,98.69,55.09,--.--
low,2,1419,23.65,15.79,4.32,1816,68.2128,1.83,28.01996897,18:53.2,-8.2,2.9,73,0,0,0,0.1,0,0,-0.1,-29.6,-29,-8.85,-8.849,0,1.51,8556.1,0:19:48,154.6,0,--.--,277,157.2,39,0000:00:00,87,0,80,0,20,0,0,4.95,0,0,0,1,68.19,11:18:53,10/10/2023,98.69,55.09,--.--
low,2,1420,23.67,15.67,7.34,1818,115.0178,2.06,28.04261708,18:54.2,-3.6,4.4,74,0,0,0,0.1,0,0,-0.1,-30,-29.4,-8.98,-8.976,0,1.51,8556.1,0:19:49,154.9,0,--.--,277,157.6,55,0000:00:00,87,0,80,0,20,0,0,4.95,0,0,0,1,115.04,11:18:54,10/10/2023,98.69,55.09,--.--
low,2,1421,23.68,15.77,4.28,1819,67.4956,1.83,28.060644,18:55.2,-2.1,4.3,74,0,0,0,0.1,0,0,0,-30.2,-29.7,-9.05,-9.124,0,1.31,8556.1,0:19:50,155.2,0,--.--,277,157.9,46,0000:00:00,87,0,80,0,20,0,0,4.3,0,0,0,1,67.5,11:18:55,10/10/2023,98.71,55.09,--.--
low,2,1422,23.7,15.7,6.6,1820,103.62,2.02,28.07824344,18:56.2,-8.1,3.5,74,0,0,0,0.1,0,0,-0.2,-30.5,-30,-9.15,-9.211,0,1.27,8556.1,0:19:51,155.4,0,--.--,277,158.1,40,0000:00:00,87,0,80,0,20,0,0,4.17,0,0,0,1,103.63,11:18:56,10/10/2023,98.73,55.09,--.--
low,2,1423,23.72,15.79,4.39,1822,69.3181,1.84,28.09670897,18:57.2,-3.2,3.9,74,0,0,0,0.1,0,0,0,-30.8,-30.3,-9.24,-9.315,0,1.11,8556.1,0:19:52,155.7,0,--.--,277,158.4,54,0000:00:00,87,0,80,0,20,0,0,3.64,0,0,0,1,69.3,11:18:57,10/10/2023,98.73,55.09,--.--
low,2,1424,23.73,15.77,4.6,1823,72.542,1.86,28.11262047,18:58.2,-2.2,3.2,75,0,0,0,0.1,0,0,0,-30.8,-30.3,-9.23,-9.328,0,1.09,8556.1,0:19:53,156.1,0,--.--,277,158.8,52,0000:00:00,87,0,80,0,20,0,0,3.58,0,0,0,1,72.55,11:18:58,10/10/2023,98.73,55.09,--.--
low,2,1425,23.75,15.74,5.18,1824,81.5332,1.91,28.12754269,18:59.2,-9.1,0.8,74,0,0,0,0.1,0,0,-0.1,-30.8,-30.2,-9.22,-9.25,0,1.14,8556.1,0:19:54,156.4,0,--.--,277,159.2,42,0000:00:00,87,0,80,0,20,0,0,3.74,0,0,0,1,81.56,11:18:59,10/10/2023,98.74,55.09,--.--
low,2,1426,23.77,15.79,4.11,1826,64.8969,1.81,28.14212303,19:00.2,-1,3.6,75,0,0,0,0.1,0,0,0,-30.9,-30.3,-9.24,-9.259,0,0.97,8556.1,0:19:55,156.7,0,--.--,276,159.5,50,0000:00:00,87,0,80,0,20,0,0,3.18,0,0,0,1,64.9,11:19:00,10/10/2023,98.74,55.09,--.--
low,2,1427,23.78,15.8,4.01,1827,63.358,1.8,28.15690422,19:01.2,-2.4,2.4,74,0,0,0,0.1,0,0,0,-30.9,-30.3,-9.25,-9.28,0,0.97,8556.1,0:19:56,156.9,0,--.--,276,159.8,50,0000:00:00,88,0,80,0,20,0,0,3.18,0,0,0,1,63.35,11:19:01,10/10/2023,98.76,55.09,--.--
low,2,1428,23.8,15.79,4.21,1828,66.4759,1.82,28.17055367,19:02.2,-2.9,1.3,74,0,0,0,0.1,0,0,0,-30.8,-30.3,-9.23,-9.243,0,0.96,8556.1,0:19:57,157.2,0,--.--,276,160,49,0000:00:00,78,0,80,0,20,0,0,3.15,0,0,0,1,66.49,11:19:02,10/10/2023,98.76,55.09,--.--
low,2,1429,23.82,15.78,3.63,1829,57.2814,1.76,28.1876925,19:03.2,-3.4,2.2,74,0,0,0,0.1,0,0,0,-30.8,-30.2,-9.22,-9.215,0,0.98,8556.1,0:19:58,157.4,0,--.--,276,160.3,49,0000:00:00,78,0,80,0,20,0,0,3.22,0,0,0,1,57.29,11:19:03,10/10/2023,98.76,55.09,--.--
low,2,1430,23.83,15.8,3.4,1830,53.72,1.73,28.20607031,19:04.2,-3.4,1.9,73,0,0,0,0,0,0,0,-30.8,-30.2,-9.21,-9.2,0,0.98,8556.1,0:19:59,157.6,0,--.--,276,160.5,49,0000:00:00,78,0,80,0,20,0,0,3.22,0,0,0,1,53.72,11:19:04,10/10/2023,98.76,55.09,--.--
low,2,1431,23.85,15.81,3.32,1831,52.4892,1.72,28.23092031,19:05.2,-3.7,2.9,74,0,0,0,0,0,0,0,-30.7,-30.2,-9.2,-9.179,0,1.01,8556.1,0:20:00,157.7,0,--.--,276,160.6,48,0000:00:00,78,0,80,0,20,0,0,3.31,0,0,0,1,52.48,11:19:05,10/10/2023,98.76,55.09,--.--
low,2,1432,23.87,15.79,3.37,1832,53.2123,1.73,28.25480781,19:06.2,-5.1,2,74,0,0,0,0,0,0,0.1,-30.7,-30.2,-9.19,-9.178,0,0.98,8556.1,0:20:01,157.8,0,--.--,276,160.7,60,0000:00:00,78,0,80,0,20,0,0,3.22,0,0,0,1,53.22,11:19:06,10/10/2023,98.8,55.09,--.--
low,2,1433,23.88,15.8,3.11,1833,49.138,1.69,28.27748578,19:07.2,-4.5,2.6,74,0,0,0,0,0,0,0,-30.5,-30,-9.14,-9.127,0,1.08,8556.1,0:20:02,157.9,0,--.--,276,160.8,48,0000:00:00,78,0,80,0,20,0,0,3.54,0,0,0,1,49.15,11:19:07,10/10/2023,98.8,55.09,--.--
low,2,1434,23.9,15.78,3.91,1834,61.6998,1.79,28.30394778,19:08.2,-3.6,2.3,73,0,0,0,0.1,0,0,0,-30.5,-30,-9.13,-9.095,0,1.07,8556.1,0:20:03,158,0,--.--,276,160.9,48,0000:00:00,78,0,80,0,20,0,0,3.51,0,0,0,1,61.71,11:19:08,10/10/2023,98.8,55.09,--.--
low,2,1435,23.92,15.79,4.19,1835,66.1601,1.82,28.33657922,19:09.2,-3.6,1.8,71,0,0,0,0,0,0,0,-30.5,-30,-9.14,-9.107,0,1.07,8556.1,0:20:04,158.2,0,--.--,276,161.1,48,0000:00:00,78,0,80,0,30,0,0,3.51,0,0,0,1,66.16,11:19:09,10/10/2023,98.82,55.09,--.--
low,2,1436,23.93,15.75,5.68,1836,89.46,1.95,28.36039269,19:10.2,-3,2.5,73,0,0,0,0.1,0,0,0,-30.5,-30,-9.15,-9.127,0,1.06,8556.1,0:20:05,158.4,0,--.--,276,161.3,49,0000:00:00,78,0,80,0,30,0,0,3.48,0,0,0,1,89.46,11:19:10,10/10/2023,98.82,55.09,--.--
low,2,1437,23.95,15.75,5.46,1838,85.995,1.93,28.38136225,19:11.2,-8.6,2.6,70,0,0,0,0,0,0,0.2,-30.5,-30,-9.11,-9.12,0,1.04,8556.1,0:20:06,158.6,0,--.--,276,161.5,66,0000:00:00,78,0,80,0,30,0,0,3.41,0,0,0,1,85.98,11:19:11,10/10/2023,98.82,55.09,--.--
low,2,1438,23.97,15.67,5.21,1840,81.6407,1.91,28.39880792,19:12.2,-3.9,1.7,73,0,0,0,0.1,0,0,0,-30,-29.5,-8.99,-8.991,0,1.18,8556.1,0:20:07,158.7,0,--.--,276,161.6,45,0000:00:00,78,0,80,0,30,0,0,3.87,0,0,0,1,81.66,11:19:12,10/10/2023,98.83,55.09,--.--
low,2,1439,23.98,15.72,6.06,1841,95.2632,1.98,28.41905892,19:13.2,-4.6,1.2,74,0,0,0,0.1,0,0,0,-29.9,-29.4,-8.94,-8.892,0,1.24,8556.1,0:20:08,159,0,--.--,276,161.9,47,0000:00:00,78,0,80,0,30,0,0,4.07,0,0,0,1,95.27,11:19:13,10/10/2023,98.83,55.09,--.--
low,2,1440,24,15.58,7.54,1843,117.4732,2.07,28.43815814,19:14.2,-7,2.9,73,0,0,0,0.1,0,0,-0.1,-30,-29.4,-8.98,-8.905,0,1.26,8556.1,0:20:09,159.4,0,--.--,276,162.2,43,0000:00:00,78,0,80,0,30,0,0,4.13,0,0,0,1,117.45,11:19:14,10/10/2023,98.85,55.09,--.--
low,2,1441,24.02,15.73,5.45,1845,85.7285,1.93,28.45508853,19:15.2,-0.1,1.9,74,0,0,0,0.1,0,0,-0.1,-30.2,-29.7,-9.06,-9.019,0,1.12,8556.1,0:20:10,159.6,0,--.--,276,162.5,43,0000:00:00,78,0,80,0,30,0,0,3.67,0,0,0,1,85.72,11:19:15,10/10/2023,98.85,55.09,--.--
low,2,1442,24.03,15.76,4.79,1846,75.4904,1.88,28.47187669,19:16.2,-1.5,2.2,73,0,0,0,0.1,0,0,0,-30.4,-29.9,-9.1,-9.129,0,1.04,8556.1,0:20:11,159.8,0,--.--,276,162.7,51,0000:00:00,78,0,80,0,30,0,0,3.41,0,0,0,1,75.48,11:19:16,10/10/2023,98.87,55.09,--.--
low,2,1443,24.05,15.78,3.98,1847,62.8044,1.8,28.48740353,19:17.2,0.2,2.8,72,0,0,0,0.1,0,0,0,-30.4,-29.9,-9.1,-9.127,0,1.02,8556.1,0:20:12,160,0,--.--,276,162.9,50,0000:00:00,78,0,80,0,30,0,0,3.35,0,0,0,1,62.81,11:19:17,10/10/2023,98.87,55.09,--.--
low,2,1444,24.07,15.78,4.62,1849,72.9036,1.86,28.50275492,19:18.2,-0.7,2.4,73,0,0,0,0.1,0,0,0,-30.4,-29.8,-9.08,-9.107,0,1.02,8562.7,0:20:13,160.2,0,--.--,276,163.1,50,0000:00:00,78,0,80,0,30,0,0,3.35,0,0,0,1,72.89,11:19:18,10/10/2023,98.87,55.09,--.--
low,2,1445,24.08,15.77,4.36,1850,68.7572,1.84,28.51657992,19:19.2,-6.8,2.6,73,0,0,0,0.1,0,0,0,-30.4,-29.8,-9.09,-9.092,0,1.03,8562.7,0:20:14,160.5,0,--.--,276,163.4,55,0000:00:00,78,0,80,0,30,0,0,3.38,0,0,0,1,68.77,11:19:19,10/10/2023,98.89,55.09,--.--
low,2,1446,24.1,15.79,3.86,1851,60.9494,1.78,28.53582275,19:20.2,0.5,3.4,73,0,0,0,0.1,0,0,0,-30.4,-29.9,-9.11,-9.123,0,0.98,8562.7,0:20:15,160.8,0,--.--,276,163.7,50,0000:00:00,78,0,80,0,30,0,0,3.22,0,0,0,1,60.94,11:19:20,10/10/2023,98.89,55.09,--.--
low,2,1447,24.12,15.78,3.83,1852,60.4374,1.78,28.55087664,19:21.2,-0.8,2.8,73,0,0,0,0.1,0,0,0,-30.4,-29.9,-9.11,-9.124,0,0.95,8562.7,0:20:16,161.1,0,--.--,276,164.1,50,0000:00:00,78,0,80,0,30,0,0,3.12,0,0,0,1,60.43,11:19:21,10/10/2023,98.89,55.09,--.--
low,2,1448,24.13,15.79,3.54,1853,55.8966,1.75,28.56578942,19:22.2,-0.8,2.3,73,0,0,0,0.1,0,0,0,-30.4,-29.9,-9.11,-9.127,0,0.91,8562.7,0:20:17,161.4,0,--.--,276,164.3,50,0000:00:00,78,0,80,0,30,0,0,2.99,0,0,0,1,55.89,11:19:22,10/10/2023,98.89,55.11,--.--
low,2,1449,24.15,15.79,3.5,1854,55.265,1.74,28.58144783,19:23.2,-7.4,2.9,73,0,0,0,0.1,0,0,-0.1,-30.5,-29.9,-9.13,-9.138,0,0.87,8562.7,0:20:18,161.6,0,--.--,276,164.6,39,0000:00:00,78,0,80,0,30,0,0,2.85,0,0,0,1,55.25,11:19:23,10/10/2023,98.92,55.09,--.--
low,2,1450,24.17,15.8,3.15,1855,49.77,1.7,28.59932192,19:24.2,1.1,2.5,73,0,0,0,0.1,0,0,0,-30.6,-30.1,-9.17,-9.201,0,0.85,8562.7,0:20:19,161.8,0,--.--,276,164.8,51,0000:00:00,78,0,80,0,30,0,0,2.79,0,0,0,1,49.78,11:19:24,10/10/2023,98.92,55.09,--.--
low,2,1451,24.18,15.78,4.39,1856,69.2742,1.84,28.61459525,19:25.2,-0.9,3,74,0,0,0,0.1,0,0,0,-30.6,-30.1,-9.16,-9.19,0,0.81,8562.7,0:20:20,162,0,--.--,276,165,50,0000:00:00,78,0,80,0,30,0,0,2.66,0,0,0,1,69.26,11:19:25,10/10/2023,98.92,55.09,--.--
low,2,1452,24.2,15.8,3.43,1857,54.194,1.73,28.63151492,19:26.2,-0.3,2.3,73,0,0,0,0,0,0,0,-30.5,-30,-9.13,-9.144,0,0.82,8562.7,0:20:21,162.2,0,--.--,276,165.2,49,0000:00:00,78,0,80,0,30,0,0,2.69,0,0,0,1,54.18,11:19:26,10/10/2023,98.92,55.08,--.--
low,2,1453,24.22,15.79,3.4,1858,53.686,1.73,28.64832436,19:27.2,-3.2,2.4,73,0,0,0,0,0,0,0,-30.4,-29.8,-9.08,-9.081,0,0.97,8562.7,0:20:22,162.4,0,--.--,276,165.3,48,0000:00:00,78,0,80,0,30,0,0,3.18,0,0,0,1,53.68,11:19:27,10/10/2023,98.92,55.09,--.--
low,2,1454,24.23,15.79,3.57,1859,56.3703,1.75,28.67520736,19:28.2,-1,1.9,73,0,0,0,0,0,0,0,-30.3,-29.8,-9.06,-9.038,0,0.91,8562.7,0:20:23,162.5,0,--.--,276,165.4,53,0000:00:00,78,0,80,0,30,0,0,2.99,0,0,0,1,56.38,11:19:28,10/10/2023,98.96,55.09,--.--
low,2,1455,24.25,15.81,4.07,1860,64.3467,1.81,28.69012958,19:29.2,-2.3,2.2,73,0,0,0,0,0,0,0,-30.1,-29.5,-8.99,-8.982,0,1.04,8562.7,0:20:24,162.6,0,--.--,276,165.4,42,0000:00:00,78,0,80,0,30,0,0,3.41,0,0,0,1,64.34,11:19:29,10/10/2023,98.96,55.09,--.--
low,2,1456,24.27,15.8,3.48,1861,54.984,1.74,28.70668808,19:30.2,-1.8,1.7,73,0,0,0,0.1,0,0,0,-30,-29.4,-8.97,-8.911,0,1.06,8562.7,0:20:25,162.7,0,--.--,276,165.5,46,0000:00:00,78,0,80,0,30,0,0,3.48,0,0,0,1,54.97,11:19:30,10/10/2023,98.98,55.09,--.--
low,2,1457,24.28,15.78,3.86,1862,60.9108,1.78,28.72312558,19:31.2,-2.5,2.4,73,0,0,0,0.1,0,0,0,-30,-29.4,-8.97,-8.895,0,1.04,8562.7,0:20:26,162.9,0,--.--,276,161.6,46,0000:00:00,78,0,80,0,30,0,0,3.41,0,0,0,1,60.92,11:19:31,10/10/2023,98.98,55.09,--.--
low,2,1458,24.3,15.8,3.83,1863,60.514,1.78,28.738784,19:32.2,-2.7,2.1,73,0,0,0,0.1,0,0,0,-30,-29.5,-8.99,-8.935,0,1.01,8562.7,0:20:27,163.2,0,--.--,276,166,35,0000:00:00,78,0,80,0,30,0,0,3.31,0,0,0,1,60.5,11:19:32,10/10/2023,98.98,55.09,--.--
low,2,1459,24.32,15.66,6.18,1864,96.7788,1.99,28.75317044,19:33.2,1,2.8,73,0,0,0,0.1,0,0,0,-30.3,-29.7,-9.07,-9.039,0,1.05,8562.7,0:20:28,163.4,0,--.--,276,162.1,50,0000:00:00,78,0,80,0,30,0,0,3.44,0,0,0,1,96.81,11:19:33,10/10/2023,99,55.09,--.--
low,2,1460,24.33,15.8,3.4,1865,53.72,1.73,28.76974994,19:34.2,-6.4,2.1,70,0,0,0,0,0,0,-0.1,-30.5,-29.9,-9.16,-9.158,0,0.77,8562.7,0:20:29,163.5,0,--.--,276,162.3,44,0000:00:00,78,0,80,0,30,0,0,2.53,0,0,0,1,53.73,11:19:34,10/10/2023,99.01,55.09,--.--
low,2,1461,24.35,15.77,3.78,1867,59.6106,1.78,28.81542428,19:35.2,0,1.9,70,0,0,0,0,0,0,0,-30.8,-30.2,-9.23,-9.28,0,0.76,8562.7,0:20:30,163.6,0,--.--,276,162.3,55,0000:00:00,78,0,80,0,30,0,0,2.49,0,0,0,1,59.61,11:19:35,10/10/2023,99.01,55.09,--.--
low,2,1462,24.37,15.78,3.75,1868,59.175,1.77,28.83159878,19:36.2,-1.6,2.1,71,0,0,0,0,0,0,0,-30.8,-30.3,-9.22,-9.316,0,0.76,8562.7,0:20:31,163.6,0,--.--,276,162.3,55,0000:00:00,78,0,80,0,30,0,0,2.49,0,0,0,1,59.17,11:19:36,10/10/2023,99.01,55.09,--.--
low,2,1463,24.38,15.79,3.57,1869,56.3703,1.75,28.84888006,19:37.2,-4,3,70,0,0,0,0,0,0,0.2,-30.7,-30.1,-9.14,-9.243,0,0.81,8562.7,0:20:32,163.6,0,--.--,276,162.3,67,0000:00:00,78,0,80,0,30,0,0,2.66,0,0,0,1,56.38,11:19:37,10/10/2023,99.03,55.09,--.--
low,2,1464,24.4,15.79,3.28,1871,51.7912,1.71,28.86453847,19:38.2,-1.3,1.3,70,0,0,0,0,0,0,0.1,-30.2,-29.6,-9,-9.048,0,0.98,8562.7,0:20:33,163.6,0,--.--,276,162.3,46,0000:00:00,78,0,80,0,30,0,0,3.22,0,0,0,1,51.8,11:19:38,10/10/2023,99.05,55.11,--.--
low,2,1465,24.42,15.79,3.78,1872,59.6862,1.78,28.89624375,19:39.2,-0.8,2.4,71,0,0,0,0,0,0,0.1,-29.9,-29.3,-8.92,-8.89,0,0.98,8562.7,0:20:34,163.6,0,--.--,276,162.3,47,0000:00:00,78,0,80,0,30,0,0,3.22,0,0,0,1,59.67,11:19:39,10/10/2023,99.05,55.09,--.--
low,2,1466,24.43,15.78,10.42,1874,164.4276,2.22,28.92070275,19:40.2,-3.7,1.8,71,0,0,0,0,0,0,0,-29.7,-29.2,-8.88,-8.785,0,1.02,8562.7,0:20:35,163.7,0,--.--,276,162.4,44,0000:00:00,78,0,80,0,30,0,0,3.35,0,0,0,1,164.41,11:19:40,10/10/2023,99.05,55.09,--.--
low,2,1467,24.45,15.78,3.69,1875,58.2282,1.77,28.93811561,19:41.2,-4.7,2.1,70,0,0,0,0.1,0,0,0,-29.7,-29.2,-8.89,-8.786,0,1.12,8562.7,0:20:36,163.8,0,--.--,276,162.5,44,0000:00:00,78,0,80,0,30,0,0,3.67,0,0,0,1,58.21,11:19:41,10/10/2023,99.05,55.09,--.--
low,2,1468,24.47,15.79,3.94,1876,62.2126,1.79,28.95494761,19:42.2,-2.4,2.1,70,0,0,0,0.1,0,0,0,-29.8,-29.2,-8.92,-8.827,0,1.06,8562.7,0:20:37,163.9,0,--.--,276,162.7,46,0000:00:00,78,0,80,0,30,0,0,3.48,0,0,0,1,62.22,11:19:42,10/10/2023,99.05,55.09,--.--
low,2,1469,24.48,15.79,3.57,1877,56.3703,1.75,28.97056217,19:43.2,-1.2,2.4,71,0,0,0,0.1,0,0,0,-29.9,-29.4,-8.95,-8.893,0,1.02,8562.7,0:20:38,164.1,0,--.--,276,162.8,58,0000:00:00,78,0,80,0,30,0,0,3.35,0,0,0,1,56.38,11:19:43,10/10/2023,99.09,55.09,--.--
low,2,1470,24.5,15.7,7.27,1878,114.139,2.06,28.98617672,19:44.2,-3.5,2.9,71,0,0,0,0.1,0,0,0,-29.8,-29.2,-8.89,-8.902,0,1.05,8562.7,0:20:39,164.4,0,--.--,276,163.1,45,0000:00:00,78,0,80,0,30,0,0,3.44,0,0,0,1,114.13,11:19:44,10/10/2023,99.09,55.09,--.--
low,2,1471,24.52,15.78,5.58,1880,88.0524,1.94,29.00479408,19:45.2,1.3,2.2,71,0,0,0,0.1,0,0,0,-29.6,-29.1,-8.86,-8.86,0,1.08,8562.7,0:20:40,164.6,0,--.--,276,163.3,46,0000:00:00,78,0,80,0,30,0,0,3.54,0,0,0,1,88.04,11:19:45,10/10/2023,99.09,55.09,--.--
low,2,1472,24.53,15.79,3.97,1881,62.6863,1.8,29.02232742,19:46.2,-1.4,-0.6,72,0,0,0,0.1,0,0,0,-29.6,-29,-8.85,-8.822,0,1.1,8562.7,0:20:41,164.9,0,--.--,276,163.6,47,0000:00:00,78,0,80,0,30,0,0,3.61,0,0,0,1,62.67,11:19:46,10/10/2023,99.1,55.09,--.--
low,2,1473,24.55,15.78,3.84,1882,60.5952,1.78,29.03770317,19:47.2,-0.3,0.1,70,0,0,0,0.1,0,0,0,-29.6,-29,-8.85,-8.819,0,1.12,8562.7,0:20:42,165.1,0,--.--,276,163.8,47,0000:00:00,78,0,80,0,30,0,0,3.67,0,0,0,1,60.61,11:19:47,10/10/2023,99.1,55.09,--.--
low,2,1474,24.57,15.79,3.56,1883,56.2124,1.75,29.05130872,19:48.2,0.8,0,70,0,0,0,0,0,0,0,-29.6,-29.1,-8.87,-8.853,0,1.14,8562.7,0:20:43,165.3,0,--.--,276,164,47,0000:00:00,78,0,80,0,30,0,0,3.74,0,0,0,1,56.19,11:19:48,10/10/2023,99.12,55.09,--.--
low,2,1475,24.58,15.79,3.56,1884,56.2124,1.75,29.07882664,19:49.2,-1.6,0.2,71,0,0,0,0.1,0,0,-0.1,-29.8,-29.2,-8.92,-8.918,0,1.05,8562.7,0:20:44,165.5,0,--.--,276,164.2,43,0000:00:00,78,0,80,0,30,0,0,3.44,0,0,0,1,56.21,11:19:49,10/10/2023,99.12,55.09,--.--
low,2,1476,24.6,15.77,4.25,1885,67.0225,1.83,29.10715086,19:50.2,1.6,0.3,76,0,0,0,0.1,0,0,0,-29.9,-29.4,-8.95,-8.996,0,1.05,8562.7,0:20:45,165.7,0,--.--,276,164.3,51,0000:00:00,78,0,80,0,30,0,0,3.44,0,0,0,1,67.01,11:19:50,10/10/2023,99.12,55.09,--.--
low,2,1477,24.62,15.78,4,1887,63.12,1.8,29.13261803,19:51.2,0.8,-0.5,85,0,0,0,0.1,0,0,0,-29.9,-29.4,-8.95,-8.998,0,1,8562.7,0:20:46,166,0,--.--,276,164.6,50,0000:00:00,78,0,80,0,30,0,0,3.28,0,0,0,1,63.1,11:19:51,10/10/2023,99.14,55.09,--.--
low,2,1478,24.63,15.77,3.51,1888,55.3527,1.74,29.14825661,19:52.2,-6.9,-0.5,84,0,0,0,0.1,0,0,-0.2,-29.9,-29.3,-8.96,-8.966,0,1,8562.7,0:20:47,166.2,0,--.--,276,165,33,0000:00:00,78,0,80,0,30,0,0,3.28,0,0,0,1,55.37,11:19:52,10/10/2023,99.14,55.09,--.--
low,2,1479,24.65,15.8,3.1,1889,48.98,1.69,29.16357383,19:53.2,3.6,-0.9,82,0,0,0,0,0,0,-0.1,-30.2,-29.7,-9.08,-9.08,0,0.93,8562.7,0:20:48,166.4,0,--.--,276,165.2,38,0000:00:00,78,0,80,0,30,0,0,3.05,0,0,0,1,48.97,11:19:53,10/10/2023,99.14,55.09,--.--
low,2,1480,24.67,15.65,6.33,1891,99.0645,2,29.18107442,19:54.2,-0.5,-0.3,81,0,0,0,0,0,0,-0.1,-30.8,-30.3,-9.27,-9.298,0,0.81,8562.7,0:20:49,166.4,0,--.--,276,165.2,55,0000:00:00,78,0,80,0,30,0,0,2.66,0,0,0,1,99.04,11:19:54,10/10/2023,99.16,55.09,--.--
low,2,1481,24.68,15.76,6.47,1892,101.9672,2.01,29.19656192,19:55.2,-1.1,0.1,85,0,0,0,0,0,0,0.1,-31.2,-30.6,-9.32,-9.47,0,0.62,8562.7,0:20:50,166.4,0,--.--,276,165.2,55,0000:00:00,78,0,80,0,30,0,0,2.03,0,0,0,1,101.95,11:19:55,10/10/2023,99.16,55.09,--.--
low,2,1482,24.7,15.78,5.81,1895,91.6818,1.96,29.24473067,19:56.2,1,-1.4,82,0,0,0,0,0,0,0,-31,-30.5,-9.28,-9.412,0,0.68,8562.7,0:20:51,166.4,0,--.--,276,165.2,54,0000:00:00,78,0,80,0,30,0,0,2.23,0,0,0,1,91.67,11:19:56,10/10/2023,99.16,55.09,--.--
low,2,1483,24.72,15.77,3.57,1896,56.2989,1.75,29.26133297,19:57.2,3.5,-0.9,84,0,0,0,0,0,0,0,-30.9,-30.3,-9.23,-9.314,0,0.74,8562.7,0:20:52,166.5,0,--.--,276,165.3,52,0000:00:00,78,0,80,0,30,0,0,2.43,0,0,0,1,56.31,11:19:57,10/10/2023,99.16,55.09,--.--
low,2,1484,24.73,15.8,3.49,1897,55.142,1.74,29.27597331,19:58.2,0.3,0.6,84,0,0,0,0,0,0,0.1,-30.7,-30.2,-9.15,-9.214,0,0.73,8569.2,0:20:53,166.6,0,--.--,276,165.4,52,0000:00:00,78,0,80,0,30,0,0,2.4,0,0,0,1,55.13,11:19:58,10/10/2023,99.18,55.09,--.--
low,2,1485,24.75,15.79,3.99,1899,63.0021,1.8,29.29376964,19:59.2,1.3,-0.5,82,0,0,0,0.1,0,0,0,-30.4,-29.8,-9.08,-9.061,0,0.87,8569.2,0:20:54,166.7,0,--.--,276,165.5,48,0000:00:00,78,0,80,0,30,0,0,2.85,0,0,0,1,63,11:19:59,10/10/2023,99.18,55.09,--.--
low,2,1486,24.77,15.75,3.54,1900,55.755,1.75,29.30878703,20:00.2,0.9,-0.8,90,0,0,0,0,0,0,0,-30.3,-29.7,-9.05,-8.996,0,0.91,8569.2,0:20:55,166.9,0,--.--,276,165.7,55,0000:00:00,78,0,80,0,30,0,0,2.99,0,0,0,1,55.76,11:20:00,10/10/2023,99.19,55.08,--.--
low,2,1487,24.78,15.75,11.01,1902,173.4075,2.24,29.32308575,20:01.2,0.7,-0.6,86,0,0,0,0,0,0,0.1,-30.1,-29.5,-8.98,-8.95,0,0.94,8569.2,0:20:56,167,0,--.--,276,165.7,43,0000:00:00,78,0,80,0,30,0,0,3.08,0,0,0,1,173.44,11:20:01,10/10/2023,99.19,55.09,--.--
low,2,1488,24.8,15.77,3.79,1903,59.7683,1.78,29.34853842,20:02.2,0.8,-1.7,89,0,0,0,0,0,0,0,-29.9,-29.3,-8.93,-8.86,0,1.02,8569.2,0:20:57,167.1,0,--.--,276,165.9,44,0000:00:00,78,0,80,0,30,0,0,3.35,0,0,0,1,59.76,11:20:02,10/10/2023,99.19,55.09,--.--
low,2,1489,24.82,15.78,3.34,1904,52.7052,1.72,29.36669467,20:03.2,1.1,-1.8,89,0,0,0,0.1,0,0,0,-29.8,-29.3,-8.92,-8.825,0,1.02,8569.2,0:20:58,167.3,0,--.--,276,166,47,0000:00:00,78,0,80,0,30,0,0,3.35,0,0,0,1,52.69,11:20:03,10/10/2023,99.19,55.09,--.--
low,2,1490,24.83,15.78,4.06,1905,64.0668,1.81,29.41747022,20:04.2,0.6,-0.5,88,0,0,0,0.1,0,0,0.1,-29.8,-29.2,-8.89,-8.839,0,1,8569.2,0:20:59,167.4,0,--.--,276,166.2,43,0000:00:00,78,0,80,0,30,0,0,3.28,0,0,0,1,64.06,11:20:04,10/10/2023,99.21,55.09,--.--
low,2,1491,24.85,15.58,3.47,1906,54.0626,1.73,29.43571397,20:05.2,0.4,-0.2,88,0,0,0,0.1,0,0,0.1,-29.7,-29.1,-8.86,-8.823,0,1.06,8569.2,0:21:00,167.7,0,--.--,276,166.4,47,0000:00:00,78,0,80,0,30,0,0,3.48,0,0,0,1,54.07,11:20:05,10/10/2023,99.21,55.09,--.--
low,2,1492,24.87,15.79,3.26,1907,51.4754,1.71,29.45253531,20:06.2,1.4,-1.7,88,0,0,0,0.1,0,0,0,-29.5,-29,-8.84,-8.782,0,1.09,8569.2,0:21:01,167.9,0,--.--,276,166.7,55,0000:00:00,78,0,80,0,30,0,0,3.58,0,0,0,1,51.47,11:20:06,10/10/2023,99.21,55.09,--.--
low,2,1493,24.88,15.69,5.84,1908,91.6296,1.96,29.46870981,20:07.2,-0.3,-1,88,0,0,0,0.1,0,0,0.2,-29.3,-28.8,-8.72,-8.718,0,1.15,8569.2,0:21:02,168.1,0,--.--,276,166.8,53,0000:00:00,78,0,80,0,30,0,0,3.77,0,0,0,1,91.64,11:20:07,10/10/2023,99.21,55.09,--.--
low,2,1494,24.9,15.75,4.15,1911,65.3625,1.82,29.48387614,20:08.2,-1.4,-2.1,88,0,0,0,0.1,0,0,-0.1,-28.9,-28.3,-8.64,-8.569,0,1.29,8569.2,0:21:03,168.3,0,--.--,276,167.1,32,0000:00:00,78,0,80,0,30,0,0,4.23,0,0,0,1,65.36,11:20:08,10/10/2023,99.21,55.09,--.--
low,2,1495,24.92,15.65,11.68,1913,182.792,2.26,29.49860414,20:09.2,3.2,0.1,88,0,0,0,0.1,0,0,0,-29,-28.5,-8.7,-8.611,0,1.23,8569.2,0:21:04,168.5,0,--.--,276,167.3,48,0000:00:00,78,0,80,0,30,0,0,4.04,0,0,0,1,182.77,11:20:09,10/10/2023,99.21,55.09,--.--
low,2,1496,24.93,15.75,4.17,1914,65.6775,1.82,29.51277128,20:10.2,5.3,0.9,89,0,0,0,0.1,0,0,0,-29.2,-28.7,-8.76,-8.733,0,1.14,8569.2,0:21:05,168.8,0,--.--,276,167.6,50,0000:00:00,78,0,80,0,30,0,0,3.74,0,0,0,1,65.69,11:20:10,10/10/2023,99.25,55.09,--.--
low,2,1497,24.95,15.77,3.84,1915,60.5568,1.78,29.53199683,20:11.2,5.4,-0.3,89,0,0,0,0.1,0,0,0,-29.4,-28.8,-8.79,-8.825,0,1.12,8569.2,0:21:06,169.1,0,--.--,276,167.9,50,0000:00:00,78,0,80,0,30,0,0,3.67,0,0,0,1,60.55,11:20:11,10/10/2023,99.25,55.08,--.--
low,2,1498,24.97,15.78,3.69,1916,58.2282,1.77,29.549495,20:12.2,-1.2,-0.4,88,0,0,0,0.1,0,0,0,-29.4,-28.8,-8.8,-8.827,0,1.11,8569.2,0:21:07,169.5,0,--.--,276,168.2,49,0000:00:00,78,0,80,0,30,0,0,3.64,0,0,0,1,58.21,11:20:12,10/10/2023,99.25,55.09,--.--
low,2,1499,24.98,15.78,3.46,1917,54.5988,1.74,29.56780572,20:13.2,7,-0.2,87,0,0,0,0.1,0,0,0,-29.4,-28.9,-8.81,-8.831,0,1.14,8569.2,0:21:08,169.7,0,--.--,276,168.5,49,0000:00:00,78,0,80,0,30,0,0,3.74,0,0,0,1,54.59,11:20:13,10/10/2023,99.27,55.09,--.--
low,2,1500,25,15.78,3.36,1918,53.0208,1.72,29.59731194,20:14.2,4.4,0.3,88,0,0,0,0.1,0,0,0,-29.4,-28.9,-8.8,-8.83,0,1.07,8569.2,0:21:09,169.9,0,--.--,276,168.7,49,0000:00:00,78,0,80,0,30,0,0,3.51,0,0,0,1,53.01,11:20:14,10/10/2023,99.27,55.09,--.--
low,2,1501,25.02,15.79,3.23,1919,51.0017,1.71,29.61226858,20:15.2,-1.4,0.3,87,0,0,0,0,0,0,-0.3,-29.5,-28.9,-8.88,-8.835,0,1.07,8569.2,0:21:10,170.1,0,--.--,276,168.9,32,0000:00:00,78,0,80,0,30,0,0,3.51,0,0,0,1,50.99,11:20:15,10/10/2023,99.27,55.09,--.--
low,2,1502,25.03,15.73,4.4,1921,69.212,1.84,29.63009744,20:16.2,2.5,-0.7,86,0,0,0,0,0,0,0,-30.1,-29.6,-9.04,-9.067,0,0.87,8569.2,0:21:11,170.2,0,--.--,276,168.9,56,0000:00:00,78,0,80,0,30,0,0,2.85,0,0,0,1,69.23,11:20:16,10/10/2023,99.27,55.09,--.--
low,2,1503,25.05,15.67,4.02,1922,62.9934,1.8,29.64369439,20:17.2,0.7,1.2,86,0,0,0,0,0,0,0.1,-30.3,-29.8,-9.05,-9.207,0,0.77,8569.2,0:21:12,170.2,0,--.--,276,169,57,0000:00:00,78,0,80,0,30,0,0,2.53,0,0,0,1,62.99,11:20:17,10/10/2023,99.27,55.09,--.--
low,2,1504,25.07,15.77,4.18,1924,65.9186,1.82,29.66271806,20:18.2,2.9,-0.5,87,0,0,0,0,0,0,0.1,-30.1,-29.6,-9,-9.13,0,0.85,8569.2,0:21:13,170.3,0,--.--,276,169,62,0000:00:00,78,0,80,0,30,0,0,2.79,0,0,0,1,65.93,11:20:18,10/10/2023,99.28,55.09,--.--
low,2,1505,25.08,15.76,6.74,1925,106.2224,2.03,29.69743183,20:19.2,4.8,-0.3,88,0,0,0,0,0,0,0.1,-29.8,-29.3,-8.9,-8.967,0,0.92,8569.2,0:21:14,170.4,0,--.--,276,169.1,49,0000:00:00,78,0,80,0,30,0,0,3.02,0,0,0,1,106.23,11:20:19,10/10/2023,99.28,55.09,--.--
low,2,1506,25.1,15.79,3.41,1926,53.8439,1.73,29.71258856,20:20.2,3,-0.7,88,0,0,0,0,0,0,0,-29.6,-29,-8.83,-8.822,0,0.96,8569.2,0:21:15,170.5,0,--.--,276,169.3,46,0000:00:00,78,0,80,0,30,0,0,3.15,0,0,0,1,53.83,11:20:20,10/10/2023,99.3,55.09,--.--
low,2,1507,25.12,15.77,4.07,1927,64.1839,1.81,29.72898222,20:21.2,2.1,-0.1,89,0,0,0,0.1,0,0,0,-29.5,-28.9,-8.81,-8.759,0,1.02,8569.2,0:21:16,170.7,0,--.--,276,169.4,45,0000:00:00,78,0,80,0,30,0,0,3.35,0,0,0,1,64.19,11:20:21,10/10/2023,99.3,55.09,--.--
low,2,1508,25.13,15.79,3.1,1928,48.949,1.69,29.74406089,20:22.2,3.3,-0.2,88,0,0,0,0.1,0,0,0,-29.5,-28.9,-8.82,-8.764,0,1.04,8569.2,0:21:17,170.9,0,--.--,276,169.6,46,0000:00:00,78,0,80,0,30,0,0,3.41,0,0,0,1,48.93,11:20:22,10/10/2023,99.3,55.09,--.--
low,2,1509,25.15,15.78,4.34,1929,68.4852,1.84,29.75883272,20:23.2,1.3,1,88,0,0,0,0,0,0,-0.1,-29.5,-29,-8.85,-8.794,0,1.05,8569.2,0:21:18,171.1,0,--.--,276,169.8,33,0000:00:00,78,0,80,0,30,0,0,3.44,0,0,0,1,68.49,11:20:23,10/10/2023,99.3,55.09,--.--
low,2,1510,25.17,15.68,7.97,1931,124.9696,2.1,29.77278056,20:24.2,5.6,0,88,0,0,0,0,0,0,0,-29.8,-29.2,-8.93,-8.887,0,0.98,8569.2,0:21:19,171.2,0,--.--,276,169.9,49,0000:00:00,78,0,80,0,30,0,0,3.22,0,0,0,1,124.96,11:20:24,10/10/2023,99.32,55.09,--.--
low,2,1511,25.18,15.77,3.46,1932,54.5642,1.74,29.78690383,20:25.2,6,1,89,0,0,0,0.1,0,0,0,-30,-29.4,-8.96,-8.988,0,0.88,8569.2,0:21:20,171.3,0,--.--,276,170.1,51,0000:00:00,78,0,80,0,30,0,0,2.89,0,0,0,1,54.58,11:20:25,10/10/2023,99.32,55.09,--.--
low,2,1512,25.2,15.78,3.74,1933,59.0172,1.77,29.80079019,20:26.2,1,1,89,0,0,0,0.1,0,0,0,-29.9,-29.4,-8.95,-9,0,0.93,8569.2,0:21:21,171.5,0,--.--,276,170.3,48,0000:00:00,78,0,80,0,30,0,0,3.05,0,0,0,1,59,11:20:26,10/10/2023,99.34,55.09,--.--
low,2,1513,25.22,15.78,3.44,1934,54.2832,1.73,29.81659397,20:27.2,6.4,-0.7,89,0,0,0,0,0,0,0,-29.9,-29.3,-8.94,-8.982,0,0.92,8569.2,0:21:22,171.7,0,--.--,276,170.4,49,0000:00:00,78,0,80,0,30,0,0,3.02,0,0,0,1,54.29,11:20:27,10/10/2023,99.34,55.09,--.--
low,2,1514,25.23,15.78,3.37,1935,53.1786,1.73,29.83407239,20:28.2,4.6,0.4,88,0,0,0,0,0,0,0,-29.8,-29.3,-8.92,-8.944,0,0.96,8569.2,0:21:23,171.8,0,--.--,276,170.5,49,0000:00:00,78,0,80,0,30,0,0,3.15,0,0,0,1,53.19,11:20:28,10/10/2023,99.34,55.09,--.--
low,2,1515,25.25,15.79,3.18,1936,50.2122,1.7,29.85045567,20:29.2,2.8,-0.1,87,0,0,0,0,0,0,0,-29.8,-29.2,-8.91,-8.906,0,0.99,8569.2,0:21:24,171.9,0,--.--,276,170.7,47,0000:00:00,78,0,80,0,30,0,0,3.25,0,0,0,1,50.2,11:20:29,10/10/2023,99.34,55.09,--.--
low,2,1516,25.27,15.79,3.22,1936,50.8438,1.71,29.86666372,20:30.2,3.4,-0.1,87,0,0,0,0,0,0,0,-29.7,-29.2,-8.9,-8.886,0,1,8569.2,0:21:25,172,0,--.--,276,170.7,47,0000:00:00,78,0,80,0,30,0,0,3.28,0,0,0,1,50.83,11:20:30,10/10/2023,99.34,55.09,--.--
low,2,1517,25.28,15.77,3.17,1937,49.9909,1.7,29.90094172,20:31.2,-0.4,0.7,87,0,0,0,0,0,0,0.1,-29.5,-29,-8.83,-8.863,0,0.96,8569.2,0:21:26,172.1,0,--.--,276,170.8,54,0000:00:00,78,0,80,0,30,0,0,3.15,0,0,0,1,50,11:20:31,10/10/2023,99.34,55.09,--.--
low,2,1518,25.3,15.76,3.61,1939,56.8936,1.76,29.91698472,20:32.2,1.4,-0.8,88,0,0,0,0,0,0,0,-29.3,-28.7,-8.75,-8.739,0,1.13,8569.2,0:21:27,172.2,0,--.--,276,170.9,45,0000:00:00,78,0,80,0,30,0,0,3.71,0,0,0,1,56.88,11:20:32,10/10/2023,99.34,55.09,--.--
low,2,1519,25.32,15.77,3.99,1940,62.9223,1.8,29.93237022,20:33.2,1.5,0.4,88,0,0,0,0,0,0,0,-29.2,-28.6,-8.72,-8.656,0,1.12,8569.2,0:21:28,172.3,0,--.--,276,171,44,0000:00:00,78,0,80,0,30,0,0,3.67,0,0,0,1,62.93,11:20:33,10/10/2023,99.37,55.09,--.--
low,2,1520,25.33,15.77,3.74,1941,58.9798,1.77,29.94683522,20:34.2,2.2,0,88,0,0,0,0.1,0,0,0,-29.2,-28.7,-8.74,-8.661,0,1.15,8569.2,0:21:29,172.4,0,--.--,276,171.1,45,0000:00:00,78,0,80,0,30,0,0,3.77,0,0,0,1,58.98,11:20:34,10/10/2023,99.34,55.08,--.--
low,2,1521,25.35,15.77,3.7,1942,58.349,1.77,29.96156322,20:35.2,4.1,0.8,89,0,0,0,0.1,0,0,0,-29.3,-28.7,-8.76,-8.715,0,1.1,8569.2,0:21:30,172.5,0,--.--,276,171.2,46,0000:00:00,78,0,80,0,30,0,0,3.61,0,0,0,1,58.33,11:20:35,10/10/2023,99.37,55.09,--.--
low,2,1522,25.37,15.76,7.83,1944,123.4008,2.09,29.97633506,20:36.2,2,0.1,88,0,0,0,0,0,0,-0.1,-29.5,-29,-8.83,-8.787,0,1.05,8569.2,0:21:31,172.7,0,--.--,276,171.4,54,0000:00:00,78,0,80,0,30,0,0,3.44,0,0,0,1,123.37,11:20:36,10/10/2023,99.37,55.09,--.--
low,2,1523,25.38,15.78,3.66,1945,57.7548,1.76,29.99223572,20:37.2,4.1,0,88,0,0,0,0,0,0,0,-29.7,-29.1,-8.88,-8.89,0,0.98,8569.2,0:21:32,172.8,0,--.--,276,171.5,51,0000:00:00,78,0,80,0,30,0,0,3.22,0,0,0,1,57.75,11:20:37,10/10/2023,99.37,55.09,--.--
low,2,1524,25.4,15.78,3.51,1946,55.3878,1.74,30.00695439,20:38.2,2.7,0.8,89,0,0,0,0.1,0,0,0,-29.7,-29.1,-8.89,-8.927,0,0.98,8569.2,0:21:33,172.9,0,--.--,276,171.6,51,0000:00:00,78,0,80,0,30,0,0,3.22,0,0,0,1,55.37,11:20:38,10/10/2023,99.37,55.09,--.--
low,2,1525,25.42,15.78,3.3,1947,52.074,1.72,30.02433417,20:39.2,2.7,-0.1,89,0,0,0,0,0,0,0,-29.6,-29.1,-8.87,-8.906,0,1,8569.2,0:21:34,173.1,0,--.--,276,171.8,50,0000:00:00,78,0,80,0,30,0,0,3.28,0,0,0,1,52.06,11:20:39,10/10/2023,99.37,55.09,--.--
low,2,1526,25.43,15.78,3.36,1948,53.0208,1.72,30.03941283,20:40.2,1.9,0,89,0,0,0,0,0,0,0,-29.6,-29,-8.85,-8.856,0,0.99,8575.8,0:21:35,173.2,0,--.--,276,171.9,49,0000:00:00,78,0,80,0,30,0,0,3.25,0,0,0,1,53.02,11:20:40,10/10/2023,99.41,55.09,--.--
low,2,1527,25.45,15.78,3.37,1949,53.1786,1.73,30.05635483,20:41.2,1.4,-0.1,89,0,0,0,0,0,0,0,-29.5,-29,-8.84,-8.832,0,1.02,8575.8,0:21:36,173.3,0,--.--,276,172,49,0000:00:00,78,0,80,0,30,0,0,3.35,0,0,0,1,53.19,11:20:41,10/10/2023,99.41,55.09,--.--
low,2,1528,25.47,15.64,3.66,1950,57.2424,1.76,30.07112667,20:42.2,-2.3,0.4,89,0,0,0,0,0,0,0.1,-29.4,-28.9,-8.81,-8.817,0,1.03,8575.8,0:21:37,173.4,0,--.--,276,176.2,49,0000:00:00,78,0,80,0,30,0,0,3.38,0,0,0,1,57.23,11:20:42,10/10/2023,99.43,55.09,--.--
low,2,1529,25.48,15.77,3.36,1951,52.9872,1.72,30.08771844,20:43.2,-0.3,-0.4,89,0,0,0,0.1,0,0,0,-29.3,-28.8,-8.77,-8.731,0,1.04,8575.8,0:21:38,173.5,0,--.--,276,176.3,46,0000:00:00,78,0,80,0,30,0,0,3.41,0,0,0,1,52.98,11:20:43,10/10/2023,99.43,55.08,--.--
low,2,1530,25.5,15.76,3.97,1952,62.5672,1.8,30.10297244,20:44.2,0.5,-0.3,89,0,0,0,0,0,0,0,-29.3,-28.8,-8.77,-8.713,0,1.03,8575.8,0:21:39,173.7,0,--.--,276,176.5,65,0000:00:00,78,0,80,0,30,0,0,3.38,0,0,0,1,62.58,11:20:44,10/10/2023,99.43,55.09,--.--
low,2,1531,25.52,15.78,3.44,1954,54.2832,1.73,30.11687642,20:45.2,-1.5,0.1,88,0,0,0,0,0,0,0,-29.2,-28.6,-8.73,-8.681,0,1.07,8575.8,0:21:40,173.9,0,--.--,276,176.7,46,0000:00:00,78,0,80,0,30,0,0,3.51,0,0,0,1,54.29,11:20:45,10/10/2023,99.45,55.09,--.--
low,2,1532,25.53,15.76,3.87,1955,60.9912,1.79,30.13151675,20:46.2,0.2,-0.1,89,0,0,0,0.1,0,0,0,-29.2,-28.6,-8.73,-8.675,0,1.04,8575.8,0:21:41,174,0,--.--,276,176.8,43,0000:00:00,78,0,80,0,30,0,0,3.41,0,0,0,1,61.01,11:20:46,10/10/2023,99.45,55.09,--.--
low,2,1533,25.55,15.78,3.37,1956,53.1786,1.73,30.14545575,20:47.2,1.5,0,89,0,0,0,0,0,0,0,-29.3,-28.8,-8.78,-8.731,0,0.99,8575.8,0:21:42,174.2,0,--.--,276,177,48,0000:00:00,78,0,80,0,30,0,0,3.25,0,0,0,1,53.19,11:20:47,10/10/2023,99.45,55.08,--.--
low,2,1534,25.57,15.76,3.79,1957,59.7304,1.78,30.16725472,20:48.2,3.1,0.3,89,0,0,0,0.1,0,0,0,-29.5,-28.9,-8.82,-8.817,0,0.92,8575.8,0:21:43,174.3,0,--.--,276,177.1,50,0000:00:00,78,0,80,0,30,0,0,3.02,0,0,0,1,59.73,11:20:48,10/10/2023,99.46,55.09,--.--
low,2,1535,25.58,15.78,3.48,1958,54.9144,1.74,30.18163206,20:49.2,4.8,0.4,90,0,0,0,0.1,0,0,0,-29.5,-29,-8.84,-8.856,0,0.95,8575.8,0:21:44,174.6,0,--.--,276,177.4,52,0000:00:00,78,0,80,0,30,0,0,3.12,0,0,0,1,54.91,11:20:49,10/10/2023,99.46,55.08,--.--
low,2,1536,25.6,15.79,3.17,1959,50.0543,1.7,30.19732439,20:50.2,5.6,0,91,0,0,0,0.1,0,0,0,-29.5,-29,-8.83,-8.855,0,0.97,8575.8,0:21:45,174.8,0,--.--,276,177.6,49,0000:00:00,78,0,80,0,30,0,0,3.18,0,0,0,1,50.04,11:20:50,10/10/2023,99.48,55.09,--.--
low,2,1537,25.62,15.78,3.34,1960,52.7052,1.72,30.21201197,20:51.2,4.9,-0.2,90,0,0,0,0.1,0,0,0,-29.5,-28.9,-8.82,-8.834,0,0.97,8575.8,0:21:46,175,0,--.--,276,177.7,49,0000:00:00,78,0,80,0,30,0,0,3.18,0,0,0,1,52.72,11:20:51,10/10/2023,99.46,55.09,--.--
low,2,1538,25.63,15.78,3.18,1961,50.1804,1.7,30.22883331,20:52.2,2.9,0.5,91,0,0,0,0.1,0,0,0,-29.4,-28.9,-8.8,-8.821,0,1.06,8575.8,0:21:47,175.1,0,--.--,276,177.9,45,0000:00:00,78,0,80,0,30,0,0,3.48,0,0,0,1,50.17,11:20:52,10/10/2023,99.48,55.08,--.--
low,2,1539,25.65,15.79,4.97,1962,78.4763,1.89,30.24425286,20:53.2,3.1,-0.5,91,0,0,0,0,0,0,0,-29.4,-28.8,-8.78,-8.79,0,1.1,8575.8,0:21:48,175.3,0,--.--,276,177.9,47,0000:00:00,78,0,80,0,30,0,0,3.61,0,0,0,1,78.47,11:20:53,10/10/2023,99.48,55.09,--.--
low,2,1540,25.67,15.78,3.28,1963,51.7584,1.71,30.25827953,20:54.2,4,-0.2,90,0,0,0,0,0,0,0,-29.3,-28.7,-8.76,-8.75,0,1.1,8575.8,0:21:49,175.4,0,--.--,276,178,47,0000:00:00,78,0,80,0,30,0,0,3.61,0,0,0,1,51.76,11:20:54,10/10/2023,99.48,55.09,--.--
low,2,1541,25.68,15.78,3.58,1964,56.4924,1.75,30.27675375,20:55.2,3.8,0,92,0,0,0,0.1,0,0,0,-29.3,-28.7,-8.76,-8.731,0,1.03,8575.8,0:21:50,175.6,0,--.--,276,178.1,46,0000:00:00,78,0,80,0,30,0,0,3.38,0,0,0,1,56.48,11:20:55,10/10/2023,99.5,55.09,--.--
low,2,1542,25.7,15.69,3.37,1965,52.8753,1.72,30.29372875,20:56.2,1.2,0.4,94,0,0,0,0,0,0,-0.1,-29.4,-28.9,-8.8,-8.749,0,1.03,8575.8,0:21:51,175.7,0,--.--,276,178.3,51,0000:00:00,78,0,80,0,30,0,0,3.38,0,0,0,1,52.89,11:20:56,10/10/2023,99.5,55.09,--.--
low,2,1543,25.72,15.77,3.84,1966,60.5568,1.78,30.31059389,20:57.2,4.4,-0.6,97,0,0,0,0.1,0,0,0,-29.6,-29,-8.85,-8.86,0,0.94,8575.8,0:21:52,175.9,0,--.--,276,178.4,52,0000:00:00,78,0,80,0,30,0,0,3.08,0,0,0,1,60.55,11:20:57,10/10/2023,99.5,55.09,--.--
low,2,1544,25.73,15.77,3.52,1967,55.5104,1.74,30.32732761,20:58.2,5.7,-1.5,99,0,0,0,0.1,0,0,0,-29.6,-29.1,-8.86,-8.899,0,0.91,8575.8,0:21:53,176,0,--.--,276,178.6,51,0000:00:00,78,0,80,0,30,0,0,2.99,0,0,0,1,55.51,11:20:58,10/10/2023,99.5,55.08,--.--
low,2,1545,25.75,15.78,3.2,1968,50.496,1.7,30.34327283,20:59.3,6.8,-1.7,103,0,0,0,0,0,0,0,-29.5,-29,-8.84,-8.865,0,0.93,8575.8,0:21:54,176.1,0,--.--,277,178.6,49,0000:00:00,78,0,80,0,30,0,0,3.05,0,0,0,1,50.51,11:20:59,10/10/2023,99.5,55.09,--.--
low,2,1546,25.77,15.76,4.22,1969,66.5072,1.82,30.35921806,21:00.2,5.2,-2.5,101,0,0,0,0.1,0,0,0,-29.5,-28.9,-8.82,-8.837,0,0.93,8575.8,0:21:55,176.2,0,--.--,277,178.8,48,0000:00:00,78,0,80,0,30,0,0,3.05,0,0,0,1,66.49,11:21:00,10/10/2023,99.5,55.09,--.--
low,2,1547,25.78,15.75,3.88,1970,61.11,1.79,30.37472522,21:01.3,4.2,-1.3,103,0,0,0,0.1,0,0,0,-29.5,-28.9,-8.81,-8.805,0,1.03,8575.8,0:21:56,176.4,0,--.--,277,179,47,0000:00:00,78,0,80,0,30,0,0,3.38,0,0,0,1,61.09,11:21:01,10/10/2023,99.5,55.09,--.--
low,2,1548,25.8,15.77,3.85,1971,60.7145,1.78,30.39250536,21:02.3,5.1,-2.3,101,0,0,0,0.1,0,0,0,-29.5,-28.9,-8.82,-8.819,0,1.04,8575.8,0:21:57,176.6,0,--.--,277,179.2,48,0000:00:00,78,0,80,0,30,0,0,3.41,0,0,0,1,60.7,11:21:02,10/10/2023,99.5,55.08,--.--
low,2,1549,25.82,15.77,3.82,1972,60.2414,1.78,30.41033269,21:03.3,4.1,-1.8,98,0,0,0,0.1,0,0,0,-29.5,-29,-8.83,-8.837,0,1.07,8575.8,0:21:58,176.8,0,--.--,277,179.3,48,0000:00:00,78,0,80,0,30,0,0,3.51,0,0,0,1,60.23,11:21:03,10/10/2023,99.54,55.09,--.--
low,2,1550,25.83,15.77,3.64,1973,57.4028,1.76,30.42709958,21:04.3,4.8,-1.3,101,0,0,0,0.1,0,0,0,-29.5,-29,-8.83,-8.841,0,1.05,8575.8,0:21:59,177,0,--.--,277,179.5,48,0000:00:00,78,0,80,0,30,0,0,3.44,0,0,0,1,57.38,11:21:04,10/10/2023,99.54,55.09,--.--
low,2,1551,25.85,15.77,3.64,1974,57.4028,1.76,30.44360381,21:05.3,4.9,-0.8,101,0,0,0,0.1,0,0,0,-29.5,-29,-8.84,-8.845,0,1.06,8575.8,0:22:00,177.3,0,--.--,277,179.8,48,0000:00:00,78,0,80,0,30,0,0,3.48,0,0,0,1,57.41,11:21:05,10/10/2023,99.55,55.09,--.--
low,2,1552,25.87,15.77,3.54,1975,55.8258,1.75,30.45924239,21:06.3,1.9,-0.8,100,0,0,0,0.1,0,0,0,-29.5,-29,-8.84,-8.858,0,1.05,8575.8,0:22:01,177.5,0,--.--,277,180.1,37,0000:00:00,78,0,80,0,30,0,0,3.44,0,0,0,1,55.84,11:21:06,10/10/2023,99.55,55.09,--.--
low,2,1553,25.88,15.65,4.09,1977,64.0085,1.81,30.47662217,21:07.3,3.6,-0.9,98,0,0,0,0,0,0,0,-29.8,-29.3,-8.92,-8.922,0,0.97,8575.8,0:22:02,177.7,0,--.--,277,180.2,53,0000:00:00,78,0,80,0,30,0,0,3.18,0,0,0,1,64.02,11:21:07,10/10/2023,99.55,55.09,--.--
low,2,1554,25.9,15.73,4.08,1978,64.1784,1.81,30.49698378,21:08.3,4.5,-0.6,98,0,0,0,0,0,0,0,-29.9,-29.4,-8.96,-9.022,0,0.93,8575.8,0:22:03,177.8,0,--.--,277,180.3,53,0000:00:00,78,0,80,0,30,0,0,3.05,0,0,0,1,64.19,11:21:08,10/10/2023,99.55,55.09,--.--
low,2,1555,25.92,15.76,3.83,1979,60.3608,1.78,30.52536978,21:09.3,6.2,-2.1,97,0,0,0,0,0,0,0,-29.9,-29.3,-8.94,-9.018,0,0.9,8575.8,0:22:04,177.9,0,--.--,277,180.4,51,0000:00:00,78,0,80,0,30,0,0,2.95,0,0,0,1,60.38,11:21:09,10/10/2023,99.57,55.09,--.--
low,2,1556,25.93,15.76,3.77,1980,59.4152,1.77,30.54283711,21:10.3,5.8,-1.8,100,0,0,0,0,0,0,0,-29.7,-29.2,-8.9,-8.942,0,0.91,8575.8,0:22:05,178,0,--.--,277,180.5,49,0000:00:00,78,0,80,0,30,0,0,2.99,0,0,0,1,59.41,11:21:10,10/10/2023,99.59,55.08,--.--
low,2,1557,25.95,15.77,3.57,1981,56.2989,1.75,30.5585195,21:11.3,6.6,-2.3,97,0,0,0,0.1,0,0,0,-29.7,-29.1,-8.87,-8.877,0,0.97,8575.8,0:22:06,178.2,0,--.--,277,180.7,48,0000:00:00,78,0,80,0,30,0,0,3.18,0,0,0,1,56.29,11:21:11,10/10/2023,99.59,55.09,--.--
low,2,1558,25.97,15.76,3.97,1982,62.5672,1.8,30.57436706,21:12.3,5.8,-3.1,97,0,0,0,0.1,0,0,0,-29.6,-29.1,-8.86,-8.856,0,0.97,8575.8,0:22:07,178.4,0,--.--,277,180.9,48,0000:00:00,78,0,80,0,30,0,0,3.18,0,0,0,1,62.57,11:21:12,10/10/2023,99.59,55.08,--.--
low,2,1559,25.98,15.73,4.66,1984,73.3018,1.87,30.60198194,21:13.3,5.4,-3.1,96,0,0,0,0.1,0,0,0,-29.6,-29,-8.85,-8.819,0,0.99,8575.8,0:22:08,178.7,0,--.--,277,181.2,59,0000:00:00,78,0,80,0,30,0,0,3.25,0,0,0,1,73.33,11:21:13,10/10/2023,99.59,55.08,--.--
low,2,1560,26,15.77,6.48,1985,102.1896,2.01,30.62185706,21:14.3,3.6,-1.1,96,0,0,0,0,0,0,0,-29.3,-28.7,-8.76,-8.747,0,1.17,8575.8,0:22:09,178.9,0,--.--,277,181.4,42,0000:00:00,78,0,80,0,30,0,0,3.84,0,0,0,1,102.17,11:21:14,10/10/2023,99.61,55.09,--.--
low,2,1561,26.02,15.76,3.99,1986,62.8824,1.8,30.63822994,21:15.3,4.6,-2.8,97,0,0,0,0.1,0,0,0,-29.2,-28.6,-8.73,-8.668,0,1.19,8575.8,0:22:10,179.1,0,--.--,277,181.6,45,0000:00:00,78,0,80,0,30,0,0,3.9,0,0,0,1,62.9,11:21:15,10/10/2023,99.61,55.08,--.--
low,2,1562,26.03,15.77,3.58,1987,56.4566,1.75,30.65990239,21:16.3,3.7,-2.2,97,0,0,0,0,0,0,-0.1,-29.3,-28.7,-8.76,-8.658,0,1.18,8575.8,0:22:11,179.3,0,--.--,277,181.7,46,0000:00:00,78,0,80,0,30,0,0,3.87,0,0,0,1,56.45,11:21:16,10/10/2023,99.61,55.09,--.--
low,2,1563,26.05,15.76,3.62,1989,57.0512,1.76,30.67491817,21:17.3,7.9,-1.6,97,0,0,0,0.1,0,0,0,-29.5,-28.9,-8.82,-8.772,0,1.08,8575.8,0:22:12,179.4,0,--.--,277,181.9,48,0000:00:00,78,0,80,0,30,0,0,3.54,0,0,0,1,57.04,11:21:17,10/10/2023,99.61,55.09,--.--
low,2,1564,26.07,15.73,6.32,1990,99.4136,2,30.69024039,21:18.3,4.5,-1.5,97,0,0,0,0.1,0,0,0,-29.5,-28.9,-8.82,-8.844,0,1.07,8582.4,0:22:13,179.6,0,--.--,277,182.1,45,0000:00:00,78,0,80,0,30,0,0,3.51,0,0,0,1,99.44,11:21:18,10/10/2023,99.63,55.08,--.--
low,2,1565,26.08,15.76,4.54,1992,71.5504,1.85,30.70751067,21:19.3,6.2,-1.6,98,0,0,0,0.1,0,0,0,-29.5,-28.9,-8.81,-8.832,0,1.08,8582.4,0:22:14,179.8,0,--.--,277,182.3,60,0000:00:00,78,0,80,0,30,0,0,3.54,0,0,0,1,71.57,11:21:19,10/10/2023,99.63,55.08,--.--
low,2,1566,26.1,15.76,3.74,1993,58.9424,1.77,30.72327067,21:20.3,7.2,-2.7,97,0,0,0,0.1,0,0,0,-29.4,-28.8,-8.79,-8.81,0,1.07,8582.4,0:22:15,180.1,0,--.--,277,182.5,48,0000:00:00,78,0,80,0,30,0,0,3.51,0,0,0,1,58.94,11:21:20,10/10/2023,99.63,55.09,--.--
low,2,1567,26.12,15.73,4.96,1994,78.0208,1.89,30.74069422,21:21.3,4.5,-2.9,97,0,0,0,0.1,0,0,0,-29.3,-28.7,-8.76,-8.774,0,1.03,8582.4,0:22:16,180.4,0,--.--,277,182.8,42,0000:00:00,78,0,80,0,30,0,0,3.38,0,0,0,1,78.03,11:21:21,10/10/2023,99.64,55.08,--.--
low,2,1568,26.13,15.76,3.43,1995,54.0568,1.73,30.75741733,21:22.3,6.4,-2,97,0,0,0,0.1,0,0,0.1,-29.1,-28.6,-8.72,-8.732,0,1.02,8582.4,0:22:17,180.6,0,--.--,277,183,42,0000:00:00,78,0,80,0,30,0,0,3.35,0,0,0,1,54.06,11:21:22,10/10/2023,99.63,55.08,--.--
low,2,1569,26.15,15.76,3.5,1996,55.16,1.74,30.77391108,21:23.3,4.9,-3.6,97,0,0,0,0.1,0,0,0,-29,-28.5,-8.69,-8.659,0,1.11,8582.4,0:22:18,180.7,0,--.--,277,183.2,45,0000:00:00,78,0,80,0,30,0,0,3.64,0,0,0,1,55.17,11:21:23,10/10/2023,99.64,55.08,--.--
low,2,1570,26.17,15.74,3.95,1997,62.173,1.79,30.78819169,21:24.3,5,-3.5,97,0,0,0,0.1,0,0,0,-29,-28.4,-8.67,-8.616,0,1.13,8582.4,0:22:19,181,0,--.--,277,183.4,45,0000:00:00,78,0,80,0,30,0,0,3.71,0,0,0,1,62.19,11:21:24,10/10/2023,99.64,55.08,--.--
low,2,1571,26.18,15.76,3.6,1998,56.736,1.75,30.80273514,21:25.3,5.1,-3.5,96,0,0,0,0.1,0,0,0,-29,-28.4,-8.66,-8.599,0,1.04,8582.4,0:22:20,181.2,0,--.--,277,183.7,42,0000:00:00,78,0,80,0,30,0,0,3.41,0,0,0,1,56.74,11:21:25,10/10/2023,99.66,55.08,--.--
low,2,1572,26.2,15.76,3.98,1999,62.7248,1.8,30.81705956,21:26.3,5.8,-1.4,97,0,0,0,0.1,0,0,0,-29.2,-28.6,-8.72,-8.669,0,0.99,8582.4,0:22:21,181.4,0,--.--,277,183.8,47,0000:00:00,78,0,80,0,30,0,0,3.25,0,0,0,1,62.73,11:21:26,10/10/2023,99.66,55.08,--.--
low,2,1573,26.22,15.76,3.82,2000,60.2032,1.78,30.83356378,21:27.3,7.3,-1.5,97,0,0,0,0.1,0,0,0,-29.3,-28.7,-8.76,-8.75,0,0.96,8582.4,0:22:22,181.5,0,--.--,277,184,48,0000:00:00,78,0,80,0,30,0,0,3.15,0,0,0,1,60.19,11:21:27,10/10/2023,99.66,55.08,--.--
low,2,1574,26.23,15.75,3.77,2001,59.3775,1.77,30.84837006,21:28.3,7,-2.1,97,0,0,0,0.1,0,0,0,-29.3,-28.8,-8.77,-8.788,0,0.86,8582.4,0:22:23,181.7,0,--.--,277,184.2,48,0000:00:00,78,0,80,0,30,0,0,2.82,0,0,0,1,59.39,11:21:28,10/10/2023,99.66,55.08,--.--
low,2,1575,26.25,15.77,3.26,2002,51.4102,1.71,30.86426139,21:29.3,5.7,-2.2,96,0,0,0,0.1,0,0,0,-29.3,-28.7,-8.76,-8.767,0,0.87,8582.4,0:22:24,181.9,0,--.--,277,184.5,48,0000:00:00,78,0,80,0,30,0,0,2.85,0,0,0,1,51.41,11:21:29,10/10/2023,99.66,55.09,--.--
low,2,1576,26.27,15.77,3.32,2003,52.3564,1.72,30.88111583,21:30.3,5.4,-1.6,97,0,0,0,0.1,0,0,0,-29.3,-28.7,-8.75,-8.752,0,0.85,8582.4,0:22:25,182.1,0,--.--,277,184.7,47,0000:00:00,78,0,80,0,30,0,0,2.79,0,0,0,1,52.37,11:21:30,10/10/2023,99.66,55.08,--.--
low,2,1577,26.28,15.77,3.27,2004,51.5679,1.71,30.89548406,21:31.3,5.4,-2.9,97,0,0,0,0.1,0,0,0,-29.2,-28.7,-8.74,-8.754,0,0.85,8582.4,0:22:26,182.3,0,--.--,277,184.8,49,0000:00:00,78,0,80,0,30,0,0,2.79,0,0,0,1,51.57,11:21:31,10/10/2023,99.7,55.08,--.--
low,2,1578,26.3,15.76,3.77,2006,59.4152,1.77,30.91059272,21:32.3,5.3,-2,98,0,0,0,0.1,0,0,0,-29.1,-28.6,-8.72,-8.738,0,0.95,8582.4,0:22:27,182.5,0,--.--,277,185,44,0000:00:00,78,0,80,0,30,0,0,3.12,0,0,0,1,59.41,11:21:32,10/10/2023,99.66,55.08,--.--
low,2,1579,26.32,15.77,3.38,2007,53.3026,1.73,30.92578361,21:33.3,5.5,-3.1,97,0,0,0,0.1,0,0,0,-29.1,-28.5,-8.7,-8.687,0,0.73,8582.4,0:22:28,182.7,0,--.--,277,185.2,46,0000:00:00,78,0,80,0,30,0,0,2.4,0,0,0,1,53.3,11:21:33,10/10/2023,99.7,55.08,--.--
low,2,1580,26.33,15.76,3.63,2008,57.2088,1.76,30.94141228,21:34.3,5.8,-3.4,98,0,0,0,0.1,0,0,0,-29,-28.5,-8.69,-8.666,0,0.79,8582.4,0:22:29,182.9,0,--.--,277,185.4,46,0000:00:00,78,0,80,0,30,0,0,2.59,0,0,0,1,57.21,11:21:34,10/10/2023,99.7,55.09,--.--
low,2,1581,26.35,15.76,3.85,2009,60.676,1.78,30.95630617,21:35.3,5.4,-2.6,98,0,0,0,0.1,0,0,0,-29.1,-28.5,-8.69,-8.672,0,0.82,8582.4,0:22:30,183.2,0,--.--,277,185.7,52,0000:00:00,78,0,80,0,30,0,0,2.69,0,0,0,1,60.66,11:21:35,10/10/2023,99.7,55.08,--.--
low,2,1582,26.37,15.77,3.28,2010,51.7256,1.71,30.97437492,21:36.3,4.8,-3.6,97,0,0,0,0.1,0,0,0.1,-29,-28.5,-8.68,-8.682,0,0.86,8582.4,0:22:31,183.4,0,--.--,277,185.9,59,0000:00:00,78,0,80,0,30,0,0,2.82,0,0,0,1,51.72,11:21:36,10/10/2023,99.72,55.08,--.--
low,2,1583,26.38,15.72,3.46,2011,54.3912,1.74,30.9884365,21:37.3,5.8,-2.1,97,0,0,0,0.1,0,0,0,-28.9,-28.3,-8.64,-8.636,0,0.88,8582.4,0:22:32,183.6,0,--.--,277,186.1,46,0000:00:00,78,0,80,0,30,0,0,2.89,0,0,0,1,54.38,11:21:37,10/10/2023,99.72,55.08,--.--
low,2,1584,26.4,15.76,3.47,2012,54.6872,1.74,31.00441539,21:38.3,5.8,-4.2,96,0,0,0,0.1,0,0,0,-28.9,-28.3,-8.63,-8.598,0,0.85,8582.4,0:22:33,183.7,0,--.--,277,186.3,45,0000:00:00,78,0,80,0,30,0,0,2.79,0,0,0,1,54.7,11:21:38,10/10/2023,99.73,55.08,--.--
low,2,1585,26.42,15.76,3.57,2012,56.2632,1.75,31.02531064,21:39.3,6.2,-3.4,97,0,0,0,0.1,0,0,0,-28.9,-28.3,-8.63,-8.599,0,0.85,8582.4,0:22:34,183.9,0,--.--,277,186.4,46,0000:00:00,78,0,80,0,30,0,0,2.79,0,0,0,1,56.28,11:21:39,10/10/2023,99.73,55.09,--.--
low,2,1586,26.43,15.77,3.4,2013,53.618,1.73,31.03981028,21:40.3,6.1,-4,96,0,0,0,0.1,0,0,0.2,-28.7,-28.1,-8.58,-8.603,0,0.86,8582.4,0:22:35,184.1,0,--.--,277,186.6,60,0000:00:00,78,0,80,0,30,0,0,2.82,0,0,0,1,53.62,11:21:40,10/10/2023,99.73,55.08,--.--
low,2,1587,26.45,15.75,4.13,2015,65.0475,1.81,31.05444133,21:41.3,5.3,-4.3,96,0,0,0,0,0,0,0,-28.4,-27.9,-8.49,-8.488,0,0.97,8582.4,0:22:36,184.2,0,--.--,277,186.7,44,0000:00:00,78,0,80,0,30,0,0,3.18,0,0,0,1,65.05,11:21:41,10/10/2023,99.73,55.08,--.--
low,2,1588,26.47,15.77,3.21,2016,50.6217,1.7,31.06872194,21:42.3,6.5,-2.3,96,0,0,0,0,0,0,0,-28.2,-27.7,-8.44,-8.378,0,1.11,8582.4,0:22:37,184.3,0,--.--,277,186.8,43,0000:00:00,78,0,80,0,30,0,0,3.64,0,0,0,1,50.62,11:21:42,10/10/2023,99.75,55.08,--.--
low,2,1589,26.48,15.76,3.65,2017,57.524,1.76,31.08374725,21:43.3,5.8,-3.9,95,0,0,0,0,0,0,0,-28.2,-27.7,-8.44,-8.356,0,1.07,8582.4,0:22:38,184.4,0,--.--,277,187,46,0000:00:00,78,0,80,0,30,0,0,3.51,0,0,0,1,57.51,11:21:43,10/10/2023,99.75,55.06,--.--
low,2,1590,26.5,15.77,4.77,2018,75.2229,1.88,31.09780883,21:44.3,5.7,-2.1,96,0,0,0,0,0,0,0,-28.2,-27.7,-8.44,-8.375,0,1.17,8582.4,0:22:39,184.5,0,--.--,276,187.1,44,0000:00:00,78,0,80,0,30,0,0,3.84,0,0,0,1,75.24,11:21:44,10/10/2023,99.75,55.08,--.--
low,2,1591,26.52,15.77,3.31,2019,52.1987,1.72,31.11287794,21:45.3,5.3,-1.7,96,0,0,0,0,0,0,0,-28.2,-27.7,-8.44,-8.406,0,1.16,8582.4,0:22:40,184.6,0,--.--,276,187.1,45,0000:00:00,78,0,80,0,30,0,0,3.81,0,0,0,1,52.2,11:21:45,10/10/2023,99.75,55.08,--.--
low,2,1592,26.53,15.77,3.34,2020,52.6718,1.72,31.12772803,21:46.3,6.5,-2.8,97,0,0,0,0,0,0,0,-28.3,-27.8,-8.46,-8.428,0,1.09,8582.4,0:22:41,184.6,0,--.--,276,187.4,46,0000:00:00,78,0,80,0,30,0,0,3.58,0,0,0,1,52.66,11:21:46,10/10/2023,99.77,55.08,--.--
low,2,1593,26.55,15.77,3.26,2021,51.4102,1.71,31.14331292,21:47.3,6.2,-2.2,97,0,0,0,0,0,0,0,-28.3,-27.8,-8.46,-8.447,0,1.16,8582.4,0:22:42,184.7,0,--.--,276,187.5,46,0000:00:00,78,0,80,0,30,0,0,3.81,0,0,0,1,51.42,11:21:47,10/10/2023,99.77,55.08,--.--
low,2,1594,26.57,15.77,3.43,2022,54.0911,1.73,31.16352269,21:48.3,6.2,-2.4,96,0,0,0,0,0,0,0,-28.3,-27.8,-8.47,-8.463,0,1.07,8582.4,0:22:43,184.8,0,--.--,276,187.6,46,0000:00:00,78,0,80,0,30,0,0,3.51,0,0,0,1,54.08,11:21:48,10/10/2023,99.77,55.08,--.--
low,2,1595,26.58,15.77,3.21,2023,50.6217,1.7,31.17980803,21:49.3,6.3,-2,96,0,0,0,0,0,0,0,-28.3,-27.8,-8.48,-8.469,0,1.12,8582.4,0:22:44,185,0,--.--,276,187.7,47,0000:00:00,78,0,80,0,30,0,0,3.67,0,0,0,1,50.63,11:21:49,10/10/2023,99.77,55.08,--.--
low,2,1596,26.6,15.77,3.44,2024,54.2488,1.73,31.19645414,21:50.3,6.2,-2,97,0,0,0,0,0,0,0,-28.4,-27.9,-8.49,-8.501,0,1.11,8582.4,0:22:45,185.1,0,--.--,276,187.8,46,0000:00:00,78,0,80,0,30,0,0,3.64,0,0,0,1,54.23,11:21:50,10/10/2023,99.77,55.09,--.--
low,2,1597,26.62,15.77,3.39,2025,53.4603,1.73,31.21099758,21:51.3,7.4,-3.6,98,0,0,0,0,0,0,0,-28.5,-28,-8.54,-8.562,0,1.02,8582.4,0:22:46,185.2,0,--.--,276,187.9,49,0000:00:00,78,0,80,0,30,0,0,3.35,0,0,0,1,53.46,11:21:51,10/10/2023,99.79,55.09,--.--
low,2,1598,26.63,15.76,3.56,2026,56.1056,1.75,31.22614469,21:52.3,6.2,-0.1,97,0,0,0,0.1,0,0,0,-28.6,-28.1,-8.55,-8.596,0,0.94,8582.4,0:22:47,185.3,0,--.--,276,188,49,0000:00:00,78,0,80,0,30,0,0,3.08,0,0,0,1,56.11,11:21:52,10/10/2023,99.79,55.08,--.--
low,2,1599,26.65,15.68,4.64,2027,72.7552,1.86,31.24221114,21:53.3,4.9,-1.9,100,0,0,0,0.1,0,0,0,-28.6,-28.1,-8.55,-8.616,0,1,8582.4,0:22:48,185.5,0,--.--,276,188.2,49,0000:00:00,78,0,80,0,30,0,0,3.28,0,0,0,1,72.77,11:21:53,10/10/2023,99.79,55.09,--.--
low,2,1600,26.67,15.76,3.72,2028,58.6272,1.77,31.25679839,21:54.3,6.5,-0.6,99,0,0,0,0.1,0,0,0,-28.6,-28,-8.54,-8.613,0,0.97,8582.4,0:22:49,185.7,0,--.--,276,188.5,50,0000:00:00,78,0,80,0,30,0,0,3.18,0,0,0,1,58.63,11:21:54,10/10/2023,99.79,55.09,--.--
low,2,1601,26.68,15.77,3.8,2029,59.926,1.78,31.27085106,21:55.3,5,-3.6,97,0,0,0,0.1,0,0,0,-28.5,-28,-8.54,-8.592,0,1,8582.4,0:22:50,185.9,0,--.--,276,188.7,50,0000:00:00,78,0,80,0,30,0,0,3.28,0,0,0,1,59.92,11:21:55,10/10/2023,99.79,55.09,--.--
low,2,1602,26.7,15.77,3.32,2030,52.3564,1.72,31.28564794,21:56.3,5.9,-0.1,99,0,0,0,0.1,0,0,0,-28.5,-28,-8.52,-8.568,0,1.08,8582.4,0:22:51,186.1,0,--.--,277,188.8,49,0000:00:00,78,0,80,0,30,0,0,3.54,0,0,0,1,52.34,11:21:56,10/10/2023,99.79,55.08,--.--
low,2,1603,26.72,15.76,3.46,2031,54.5296,1.74,31.30091669,21:57.3,7,-2.4,99,0,0,0,0.1,0,0,0,-28.5,-28,-8.52,-8.552,0,1.03,8589,0:22:52,186.3,0,--.--,277,189.1,49,0000:00:00,78,0,80,0,30,0,0,3.38,0,0,0,1,54.53,11:21:57,10/10/2023,99.79,55.08,--.--
low,2,1604,26.73,15.76,3.67,2032,57.8392,1.76,31.31736669,21:58.3,6,-1.5,99,0,0,0,0.1,0,0,0,-28.5,-27.9,-8.51,-8.547,0,1.12,8589,0:22:53,186.6,0,--.--,277,189.3,49,0000:00:00,78,0,80,0,30,0,0,3.67,0,0,0,1,57.83,11:21:58,10/10/2023,99.82,55.09,--.--
low,2,1605,26.75,15.77,3.33,2033,52.5141,1.72,31.33447294,21:59.3,6.2,-2.4,99,0,0,0,0.1,0,0,0,-28.4,-27.9,-8.5,-8.526,0,1.18,8589,0:22:54,186.9,0,--.--,277,189.6,48,0000:00:00,78,0,80,0,30,0,0,3.87,0,0,0,1,52.5,11:21:59,10/10/2023,99.82,55.09,--.--
low,2,1606,26.77,15.76,3.21,2034,50.5896,1.7,31.35063719,22:00.3,5.6,-4.4,98,0,0,0,0.1,0,0,-0.1,-28.5,-27.9,-8.51,-8.514,0,1.18,8589,0:22:55,187.1,0,--.--,277,189.8,37,0000:00:00,78,0,80,0,30,0,0,3.87,0,0,0,1,50.6,11:22:00,10/10/2023,99.82,55.08,--.--
low,2,1607,26.78,15.76,3.38,2035,53.2688,1.73,31.36651844,22:01.3,8.1,-1.6,98,0,0,0,0.1,0,0,0,-28.6,-28.1,-8.55,-8.574,0,1.14,8589,0:22:56,187.3,0,--.--,277,190,48,0000:00:00,78,0,80,0,30,0,0,3.74,0,0,0,1,53.27,11:22:01,10/10/2023,99.82,55.08,--.--
low,2,1608,26.8,15.75,3.49,2036,54.9675,1.74,31.38083378,22:02.3,5.9,-1,99,0,0,0,0.1,0,0,0,-28.6,-28.1,-8.57,-8.596,0,1.06,8589,0:22:57,187.5,0,--.--,277,190.2,49,0000:00:00,78,0,80,0,30,0,0,3.48,0,0,0,1,54.97,11:22:02,10/10/2023,99.82,55.08,--.--
low,2,1609,26.82,15.75,3.76,2037,59.22,1.77,31.39419447,22:03.3,6.9,-2.5,99,0,0,0,0.1,0,0,0,-28.7,-28.1,-8.57,-8.612,0,1.03,8589,0:22:58,187.8,0,--.--,277,190.5,50,0000:00:00,78,0,80,0,30,0,0,3.38,0,0,0,1,59.23,11:22:03,10/10/2023,99.82,55.08,--.--
low,2,1610,26.83,15.75,3.91,2038,61.5825,1.79,31.40942914,22:04.3,7.4,-3.2,99,0,0,0,0.1,0,0,0,-28.6,-28.1,-8.57,-8.61,0,1.03,8589,0:22:59,188.2,0,--.--,277,186.8,50,0000:00:00,78,0,80,0,30,0,0,3.38,0,0,0,1,61.57,11:22:04,10/10/2023,99.82,55.08,--.--
low,2,1611,26.85,15.77,3.69,2039,58.1913,1.76,31.44088539,22:05.3,6.6,-2.2,97,0,0,0,0.1,0,0,0,-28.6,-28.1,-8.56,-8.594,0,1.09,8589,0:23:00,188.6,0,--.--,277,187.2,50,0000:00:00,78,0,80,0,30,0,0,3.58,0,0,0,1,58.17,11:22:05,10/10/2023,99.86,55.08,--.--
low,2,1612,26.87,15.75,3.63,2040,57.1725,1.76,31.46228206,22:06.3,6.9,-2.2,93,0,0,0,0.1,0,0,0,-28.6,-28.1,-8.54,-8.57,0,1.15,8589,0:23:01,188.8,0,--.--,277,187.8,49,0000:00:00,78,0,80,0,30,0,0,3.77,0,0,0,1,57.18,11:22:06,10/10/2023,99.86,55.08,--.--
low,2,1613,26.88,15.76,3.27,2041,51.5352,1.71,31.47823356,22:07.3,5.5,-1.1,96,0,0,0,0.1,0,0,0,-28.5,-28,-8.53,-8.55,0,1.1,8589,0:23:02,189,0,--.--,277,188,46,0000:00:00,78,0,80,0,30,0,0,3.61,0,0,0,1,51.54,11:22:07,10/10/2023,99.86,55.08,--.--
low,2,1614,26.9,15.77,3.05,2042,48.0985,1.68,31.49853856,22:08.3,6.8,-2.3,92,0,0,0,0,0,0,0,-28.6,-28.1,-8.55,-8.557,0,1.09,8589,0:23:03,189.1,0,--.--,277,188.1,49,0000:00:00,78,0,80,0,30,0,0,3.58,0,0,0,1,48.08,11:22:08,10/10/2023,99.86,55.08,--.--
low,2,1615,26.92,15.76,3.48,2043,54.8448,1.74,31.51267878,22:09.3,5.5,-0.2,90,0,0,0,0,0,0,0,-28.6,-28.1,-8.55,-8.556,0,1.12,8589,0:23:04,189.2,0,--.--,277,188.2,49,0000:00:00,78,0,80,0,30,0,0,3.67,0,0,0,1,54.84,11:22:09,10/10/2023,99.88,55.06,--.--
low,2,1616,26.93,15.75,7.19,2044,113.2425,2.05,31.52655633,22:10.3,5.4,-2.7,88,0,0,0,0.1,0,0,0.1,-28.5,-28,-8.52,-8.57,0,1.08,8589,0:23:05,189.3,0,--.--,277,188.3,59,0000:00:00,78,0,80,0,30,0,0,3.54,0,0,0,1,113.27,11:22:10,10/10/2023,99.9,55.08,--.--
low,2,1617,26.95,15.72,4.9,2045,77.028,1.89,31.54103758,22:11.3,6.2,-1.4,86,0,0,0,0.1,0,0,0,-28.3,-27.8,-8.47,-8.489,0,1.18,8589,0:23:06,189.6,0,--.--,277,188.6,47,0000:00:00,78,0,80,0,30,0,0,3.87,0,0,0,1,77.01,11:22:11,10/10/2023,99.88,55.08,--.--
low,2,1618,26.97,15.69,3.66,2046,57.4254,1.76,31.55521258,22:12.3,6,-1.9,79,0,0,0,0.1,0,0,0,-28.3,-27.7,-8.45,-8.425,0,1.23,8589,0:23:07,189.9,0,--.--,277,188.9,47,0000:00:00,78,0,80,0,30,0,0,4.04,0,0,0,1,57.43,11:22:12,10/10/2023,99.88,55.06,--.--
low,2,1619,26.98,15.72,4.65,2048,73.098,1.86,31.57048133,22:13.3,4.6,-1.5,81,0,0,0,0.1,0,0,0,-28.3,-27.7,-8.45,-8.419,0,1.24,8589,0:23:08,190.2,0,--.--,277,189.3,47,0000:00:00,78,0,80,0,30,0,0,4.07,0,0,0,1,73.12,11:22:13,10/10/2023,99.9,55.08,--.--
low,2,1620,27,15.76,3.23,2049,50.9048,1.71,31.58866978,22:14.3,6.5,-2.8,85,0,0,0,0.1,0,0,0,-28.3,-27.8,-8.46,-8.426,0,1.21,8589,0:23:09,190.5,0,--.--,277,189.6,50,0000:00:00,78,0,80,0,30,0,0,3.97,0,0,0,1,50.91,11:22:14,10/10/2023,99.9,55.08,--.--
low,2,1621,27.02,15.76,3.17,2050,49.9592,1.7,31.60333533,22:15.3,4.8,-1.1,93,0,0,0,0,0,0,0,-28.3,-27.7,-8.45,-8.424,0,1.26,8589,0:23:10,190.7,0,--.--,277,189.7,46,0000:00:00,78,0,80,0,30,0,0,4.13,0,0,0,1,49.95,11:22:15,10/10/2023,99.9,55.08,--.--
low,2,1622,27.03,15.75,3.31,2051,52.1325,1.72,31.61842908,22:16.3,3.8,-3.2,99,0,0,0,0.1,0,0,0,-28.3,-27.7,-8.45,-8.421,0,1.25,8589,0:23:11,190.8,0,--.--,277,189.8,47,0000:00:00,78,0,80,0,30,0,0,4.1,0,0,0,1,52.12,11:22:16,10/10/2023,99.91,55.08,--.--
low,2,1623,27.05,15.75,3.24,2052,51.03,1.71,31.63326975,22:17.3,4.5,-2.2,105,0,0,0,0.1,0,0,0,-28.3,-27.8,-8.46,-8.439,0,1.25,8589,0:23:12,190.9,0,--.--,277,189.9,47,0000:00:00,78,0,80,0,30,0,0,4.1,0,0,0,1,51.03,11:22:17,10/10/2023,99.91,55.06,--.--
low,2,1624,27.07,15.75,3.49,2052,54.9675,1.74,31.64784775,22:18.3,3.7,-1.9,104,0,0,0,0.1,0,0,0,-28.3,-27.8,-8.46,-8.444,0,1.26,8589,0:23:13,190.9,0,--.--,277,190,48,0000:00:00,78,0,80,0,30,0,0,4.13,0,0,0,1,54.95,11:22:18,10/10/2023,99.91,55.08,--.--
low,2,1625,27.08,15.74,4.16,2054,65.4784,1.82,31.66528183,22:19.3,4.9,-2.8,104,0,0,0,0.1,0,0,0,-28.4,-27.8,-8.48,-8.464,0,1.24,8589,0:23:14,191.2,0,--.--,277,190.2,49,0000:00:00,78,0,80,0,30,0,0,4.07,0,0,0,1,65.47,11:22:19,10/10/2023,99.91,55.08,--.--
low,2,1626,27.1,15.76,3.35,2055,52.796,1.72,31.70667208,22:20.3,5,-3.2,103,0,0,0,0.1,0,0,0,-28.4,-27.9,-8.49,-8.501,0,1.24,8589,0:23:15,191.4,0,--.--,277,190.4,49,0000:00:00,78,0,80,0,30,0,0,4.07,0,0,0,1,52.79,11:22:20,10/10/2023,99.93,55.08,--.--
low,2,1627,27.12,15.75,3.45,2056,54.3375,1.74,31.72372375,22:21.3,3.5,-1.9,103,0,0,0,0.1,0,0,0,-28.4,-27.9,-8.49,-8.498,0,1.25,8589,0:23:16,191.6,0,--.--,277,190.6,49,0000:00:00,78,0,80,0,30,0,0,4.1,0,0,0,1,54.34,11:22:21,10/10/2023,99.91,55.08,--.--
low,2,1628,27.13,15.76,3.39,2056,53.4264,1.73,31.74290561,22:22.3,4.1,-2.6,103,0,0,0,0,0,0,0,-28.4,-27.8,-8.48,-8.486,0,1.27,8589,0:23:17,191.7,0,--.--,277,190.7,49,0000:00:00,78,0,80,0,30,0,0,4.17,0,0,0,1,53.42,11:22:22,10/10/2023,99.93,55.08,--.--
low,2,1629,27.15,15.76,3.33,2057,52.4808,1.72,31.76159494,22:23.3,2.3,-2.9,103,0,0,0,0,0,0,0.1,-28.3,-27.8,-8.47,-8.488,0,1.28,8589,0:23:18,191.8,0,--.--,277,190.8,43,0000:00:00,78,0,80,0,30,0,0,4.2,0,0,0,1,52.47,11:22:23,10/10/2023,99.93,55.08,--.--
low,2,1630,27.17,15.73,3.99,2059,62.7627,1.8,31.80092717,22:24.3,2.7,-5.8,103,0,0,0,0,0,0,-0.1,-28.3,-27.8,-8.48,-8.457,0,1.25,8589,0:23:19,191.9,0,--.--,277,190.9,36,0000:00:00,78,0,80,0,30,0,0,4.1,0,0,0,1,62.76,11:22:24,10/10/2023,99.93,55.08,--.--
low,2,1631,27.18,15.57,9.57,2061,149.0049,2.17,31.82172967,22:25.3,4.5,-2.4,104,0,0,0,0,0,0,-0.1,-28.7,-28.2,-8.59,-8.579,0,1.31,8589,0:23:20,192,0,--.--,277,191,55,0000:00:00,78,0,80,0,30,0,0,4.3,0,0,0,1,148.98,11:22:25,10/10/2023,99.95,55.08,--.--
low,2,1632,27.2,15.74,3.9,2062,61.386,1.79,31.838519,22:26.3,3.5,-0.5,105,0,0,0,0.1,0,0,0,-28.9,-28.3,-8.64,-8.691,0,1.21,8595.6,0:23:21,192.2,0,--.--,277,191.2,52,0000:00:00,78,0,80,0,30,0,0,3.97,0,0,0,1,61.41,11:22:26,10/10/2023,99.95,55.08,--.--
low,2,1633,27.22,15.73,4.39,2063,69.0547,1.84,31.85326275,22:27.3,4.1,-2,104,0,0,0,0.1,0,0,0,-28.9,-28.4,-8.65,-8.728,0,1.21,8595.6,0:23:22,192.4,0,--.--,277,191.4,52,0000:00:00,78,0,80,0,30,0,0,3.97,0,0,0,1,69.06,11:22:27,10/10/2023,99.95,55.08,--.--
low,2,1634,27.23,15.72,4.28,2064,67.2816,1.83,31.87116608,22:28.3,3.5,-2.8,104,0,0,0,0.1,0,0,0,-28.9,-28.3,-8.64,-8.708,0,1.23,8595.6,0:23:23,192.7,0,--.--,277,191.7,42,0000:00:00,78,0,80,0,30,0,0,4.04,0,0,0,1,67.29,11:22:28,10/10/2023,99.95,55.08,--.--
low,2,1635,27.25,15.56,9.1,2066,141.596,2.15,31.88633769,22:29.3,3.7,-5.7,104,0,0,0,0.1,0,0,-0.1,-29.2,-28.6,-8.73,-8.747,0,1.21,8595.6,0:23:24,193,0,--.--,277,192,50,0000:00:00,78,0,80,0,30,0,0,3.97,0,0,0,1,141.56,11:22:29,10/10/2023,99.95,55.08,--.--
low,2,1636,27.27,15.7,4.77,2068,74.889,1.87,31.907328,22:30.3,3.6,-0.6,108,0,0,0,0.1,0,0,0,-29.3,-28.8,-8.78,-8.819,0,1.11,8595.6,0:23:25,193.4,0,--.--,277,192.4,51,0000:00:00,78,0,80,0,30,0,0,3.64,0,0,0,1,74.88,11:22:30,10/10/2023,99.95,55.08,--.--
low,2,1637,27.28,15.74,3.84,2069,60.4416,1.78,31.92470733,22:31.3,3.1,-1.7,108,0,0,0,0.1,0,0,-0.1,-29.4,-28.8,-8.79,-8.842,0,1.07,8595.6,0:23:26,193.6,0,--.--,277,192.6,39,0000:00:00,78,0,80,0,30,0,0,3.51,0,0,0,1,60.43,11:22:31,10/10/2023,99.99,55.08,--.--
low,2,1638,27.3,15.75,3.37,2070,53.0775,1.72,31.94049106,22:32.3,5.4,-3.4,108,0,0,0,0,0,0,0,-29.6,-29,-8.86,-8.901,0,1,8595.6,0:23:27,193.8,0,--.--,277,192.8,53,0000:00:00,78,0,80,0,30,0,0,3.28,0,0,0,1,53.08,11:22:32,10/10/2023,99.99,55.08,--.--
low,2,1639,27.32,15.72,4.1,2071,64.452,1.81,31.95801253,22:33.3,4.5,0.4,108,0,0,0,0.1,0,0,0,-29.6,-29,-8.85,-8.916,0,0.99,8595.6,0:23:28,194,0,--.--,277,193,51,0000:00:00,78,0,80,0,30,0,0,3.25,0,0,0,1,64.47,11:22:33,10/10/2023,99.99,55.08,--.--
low,2,1640,27.33,15.74,3.47,2072,54.6178,1.74,31.97597094,22:34.3,3.6,-3.7,108,0,0,0,0.1,0,0,0,-29.6,-29,-8.85,-8.898,0,0.98,8595.6,0:23:29,194.2,0,--.--,277,193.2,35,0000:00:00,78,0,80,0,30,0,0,3.22,0,0,0,1,54.61,11:22:34,10/10/2023,100,55.08,--.--
low,2,1641,27.35,15.71,4.81,2073,75.5651,1.88,31.99171094,22:35.3,4.9,1.1,109,0,0,0,0.1,0,0,0,-29.7,-29.2,-8.9,-8.933,0,0.96,8595.6,0:23:30,194.4,0,--.--,277,193.4,51,0000:00:00,78,0,80,0,30,0,0,3.15,0,0,0,1,75.57,11:22:35,10/10/2023,100,55.08,--.--
low,2,1642,27.37,15.72,3.98,2074,62.5656,1.8,32.00988783,22:36.3,6,0.4,108,0,0,0,0.1,0,0,0,-29.7,-29.2,-8.9,-8.937,0,0.88,8595.6,0:23:31,194.8,0,--.--,277,193.8,50,0000:00:00,78,0,80,0,30,0,0,2.89,0,0,0,1,62.58,11:22:36,10/10/2023,100,55.06,--.--
low,2,1643,27.38,15.74,3.61,2075,56.8214,1.75,32.02628367,22:37.3,7.1,-2,108,0,0,0,0.1,0,0,0,-29.7,-29.2,-8.89,-8.928,0,0.88,8595.6,0:23:32,195.1,0,--.--,277,194.1,49,0000:00:00,78,0,80,0,30,0,0,2.89,0,0,0,1,56.84,11:22:37,10/10/2023,100.02,55.06,--.--
low,2,1644,27.4,15.73,4.01,2076,63.0773,1.8,32.04241717,22:38.3,0.3,-2.5,108,0,0,0,0.1,0,0,-0.1,-29.6,-29.1,-8.88,-8.873,0,0.89,8595.6,0:23:33,195.3,0,--.--,277,194.3,39,0000:00:00,78,0,80,0,30,0,0,2.92,0,0,0,1,63.08,11:22:38,10/10/2023,100.02,55.08,--.--
low,2,1645,27.42,15.73,4.11,2078,64.6503,1.81,32.05685467,22:39.3,7.1,0.7,109,0,0,0,0.1,0,0,0,-29.8,-29.2,-8.9,-8.901,0,0.84,8595.6,0:23:34,195.6,0,--.--,277,194.6,49,0000:00:00,78,0,80,0,30,0,0,2.76,0,0,0,1,64.64,11:22:39,10/10/2023,100.02,55.08,--.--
low,2,1646,27.43,15.74,3.6,2079,56.664,1.75,32.074431,22:40.3,6.8,-1.3,108,0,0,0,0.1,0,0,0,-29.8,-29.2,-8.91,-8.922,0,0.75,8595.6,0:23:35,195.9,0,--.--,277,194.9,49,0000:00:00,78,0,80,0,30,0,0,2.46,0,0,0,1,56.66,11:22:40,10/10/2023,100.04,55.08,--.--
low,2,1647,27.45,15.73,4.16,2080,65.4368,1.82,32.08891225,22:41.3,6.4,-0.5,111,0,0,0,0.1,0,0,0,-29.8,-29.2,-8.91,-8.92,0,0.74,8595.6,0:23:36,196.2,0,--.--,277,195.1,49,0000:00:00,78,0,80,0,30,0,0,2.43,0,0,0,1,65.42,11:22:41,10/10/2023,100.04,55.08,--.--
low,2,1648,27.47,15.74,3.75,2081,59.025,1.77,32.10425875,22:42.3,6,-1.6,110,0,0,0,0.1,0,0,0,-29.8,-29.2,-8.9,-8.904,0,0.82,8595.6,0:23:37,196.4,0,--.--,278,195.4,48,0000:00:00,78,0,80,0,30,0,0,2.69,0,0,0,1,59.03,11:22:42,10/10/2023,100.04,55.08,--.--
low,2,1649,27.48,15.74,3.69,2082,58.0806,1.76,32.11971675,22:43.3,7.6,-1.5,110,0,0,0,0.1,0,0,0,-29.7,-29.2,-8.89,-8.895,0,0.83,8595.6,0:23:38,196.6,0,--.--,278,195.6,48,0000:00:00,78,0,80,0,30,0,0,2.72,0,0,0,1,58.09,11:22:43,10/10/2023,100.06,55.08,--.--
low,2,1650,27.5,15.75,3.3,2083,51.975,1.72,32.13532558,22:44.3,4.3,-1.4,109,0,0,0,0,0,0,0,-29.7,-29.1,-8.87,-8.856,0,0.87,8595.6,0:23:39,196.8,0,--.--,278,195.8,49,0000:00:00,78,0,80,0,30,0,0,2.85,0,0,0,1,51.96,11:22:44,10/10/2023,100.06,55.06,--.--
low,2,1651,27.52,15.74,4.02,2084,63.2748,1.8,32.15188578,22:45.3,5,-1.6,109,0,0,0,0.1,0,0,0,-29.6,-29.1,-8.86,-8.843,0,0.93,8595.6,0:23:40,196.9,0,--.--,278,195.9,48,0000:00:00,78,0,80,0,30,0,0,3.05,0,0,0,1,63.28,11:22:45,10/10/2023,100.06,55.08,--.--
low,2,1652,27.53,15.75,3.31,2085,52.1325,1.72,32.16690711,22:46.3,4.8,-1.7,110,0,0,0,0,0,0,0,-29.5,-29,-8.83,-8.831,0,0.95,8595.6,0:23:41,197.1,0,--.--,278,196,43,0000:00:00,78,0,80,0,30,0,0,3.12,0,0,0,1,52.14,11:22:46,10/10/2023,100.06,55.08,--.--
low,2,1653,27.55,15.74,3.51,2086,55.2474,1.74,32.18251594,22:47.3,5.7,-0.6,110,0,0,0,0.1,0,0,0,-29.4,-28.9,-8.8,-8.779,0,0.96,8595.6,0:23:42,197.2,0,--.--,278,196.2,46,0000:00:00,78,0,80,0,30,0,0,3.15,0,0,0,1,55.24,11:22:47,10/10/2023,100.08,55.08,--.--
low,2,1654,27.57,15.72,3.54,2087,55.6488,1.75,32.19620969,22:48.3,5.6,-3,110,0,0,0,0.1,0,0,0,-29.4,-28.8,-8.78,-8.739,0,0.97,8595.6,0:23:43,197.4,0,--.--,278,196.4,47,0000:00:00,78,0,80,0,30,0,0,3.18,0,0,0,1,55.66,11:22:48,10/10/2023,100.08,55.06,--.--
low,2,1655,27.58,15.74,3.57,2088,56.1918,1.75,32.22104392,22:49.3,4.2,-2.9,110,0,0,0,0.1,0,0,-0.1,-29.4,-28.8,-8.79,-8.721,0,0.92,8595.6,0:23:44,197.6,0,--.--,278,196.6,35,0000:00:00,78,0,80,0,30,0,0,3.02,0,0,0,1,56.2,11:22:49,10/10/2023,100.08,55.08,--.--
low,2,1656,27.6,15.73,3.79,2090,59.6167,1.78,32.23625925,22:50.3,6.8,0.4,110,0,0,0,0.1,0,0,0,-29.6,-29,-8.86,-8.814,0,0.88,8595.6,0:23:45,197.8,0,--.--,278,196.8,48,0000:00:00,78,0,80,0,30,0,0,2.89,0,0,0,1,59.62,11:22:50,10/10/2023,100.09,55.06,--.--
low,2,1657,27.62,15.72,3.44,2091,54.0768,1.73,32.25210017,22:51.3,6.2,0,110,0,0,0,0.1,0,0,0,-29.7,-29.2,-8.89,-8.898,0,0.89,8595.6,0:23:46,198,0,--.--,278,196.9,55,0000:00:00,78,0,80,0,30,0,0,2.92,0,0,0,1,54.08,11:22:51,10/10/2023,100.09,55.08,--.--
low,2,1658,27.63,15.74,3.57,2092,56.1918,1.75,32.26766528,22:52.3,6,-1.6,109,0,0,0,0,0,0,0,-29.7,-29.2,-8.89,-8.919,0,0.87,8595.6,0:23:47,198.2,0,--.--,278,197.1,55,0000:00:00,78,0,80,0,30,0,0,2.85,0,0,0,1,56.2,11:22:52,10/10/2023,100.11,55.08,--.--
low,2,1659,27.65,15.75,3.13,2093,49.2975,1.69,32.28377828,22:53.3,5.5,-0.7,109,0,0,0,0,0,0,0,-29.6,-29.1,-8.85,-8.894,0,0.96,8595.6,0:23:48,198.3,0,--.--,278,197.2,44,0000:00:00,78,0,80,0,30,0,0,3.15,0,0,0,1,49.31,11:22:53,10/10/2023,100.11,55.08,--.--
low,2,1660,27.67,15.74,5.68,2094,89.4032,1.95,32.30085194,22:54.3,3,0.1,109,0,0,0,0,0,0,0,-29.5,-28.9,-8.82,-8.834,0,0.99,8595.6,0:23:49,198.3,0,--.--,278,197.3,45,0000:00:00,78,0,80,0,30,0,0,3.25,0,0,0,1,89.43,11:22:54,10/10/2023,100.11,55.08,--.--
low,2,1661,27.68,15.74,3.48,2095,54.7752,1.74,32.31452831,22:55.3,8.1,-5.1,109,0,0,0,0,0,0,0.1,-29.4,-28.9,-8.79,-8.787,0,1,8595.6,0:23:50,198.3,0,--.--,278,197.3,63,0000:00:00,78,0,80,0,30,0,0,3.28,0,0,0,1,54.79,11:22:55,10/10/2023,100.11,55.06,--.--
low,2,1662,27.7,15.71,3.63,2097,57.0273,1.76,32.33104481,22:56.3,5.7,-1.8,111,0,0,0,0,0,0,0,-29.2,-28.6,-8.71,-8.709,0,1.11,8595.6,0:23:51,198.4,0,--.--,278,196.8,46,0000:00:00,78,0,80,0,30,0,0,3.64,0,0,0,1,57.04,11:22:56,10/10/2023,100.11,55.08,--.--
low,2,1663,27.72,15.74,3.56,2098,56.0344,1.75,32.34577919,22:57.3,5.9,-3.2,110,0,0,0,0,0,0,0,-29.1,-28.5,-8.69,-8.629,0,1.11,8602.2,0:23:52,198.6,0,--.--,278,196.9,45,0000:00:00,78,0,80,0,30,0,0,3.64,0,0,0,1,56.04,11:22:57,10/10/2023,100.11,55.06,--.--
low,2,1664,27.73,15.72,3.69,2099,58.0068,1.76,32.37259053,22:58.3,6.2,-2.4,110,0,0,0,0.1,0,0,0,-29,-28.5,-8.69,-8.625,0,1.08,8602.2,0:23:53,198.8,0,--.--,278,197.1,45,0000:00:00,78,0,80,0,30,0,0,3.54,0,0,0,1,58.03,11:22:58,10/10/2023,100.15,55.08,--.--
low,2,1665,27.75,15.72,3.91,2100,61.4652,1.79,32.38832053,22:59.3,5.6,-1.6,111,0,0,0,0.1,0,0,0,-29.1,-28.5,-8.7,-8.644,0,1.12,8602.2,0:23:54,199,0,--.--,278,197.4,46,0000:00:00,78,0,80,0,30,0,0,3.67,0,0,0,1,61.48,11:22:59,10/10/2023,100.15,55.06,--.--
low,2,1666,27.77,15.73,3.13,2101,49.2349,1.69,32.40431269,23:00.3,6.4,-2.4,110,0,0,0,0.1,0,0,0,-29.1,-28.5,-8.7,-8.676,0,1.06,8602.2,0:23:55,199.2,0,--.--,278,197.6,46,0000:00:00,78,0,80,0,30,0,0,3.48,0,0,0,1,49.25,11:23:00,10/10/2023,100.15,55.08,--.--
low,2,1667,27.78,15.73,3.78,2102,59.4594,1.77,32.42253328,23:01.3,6.2,0,111,0,0,0,0.1,0,0,0,-29.1,-28.5,-8.7,-8.667,0,1.07,8602.2,0:23:56,199.5,0,--.--,278,197.8,47,0000:00:00,78,0,80,0,30,0,0,3.51,0,0,0,1,59.48,11:23:01,10/10/2023,100.17,55.08,--.--
low,2,1668,27.8,15.74,3.37,2103,53.0438,1.72,32.4396615,23:02.3,7.1,-1.8,111,0,0,0,0.1,0,0,0,-29.1,-28.6,-8.71,-8.699,0,1.02,8602.2,0:23:57,199.7,0,--.--,278,198,47,0000:00:00,78,0,80,0,30,0,0,3.35,0,0,0,1,53.04,11:23:02,10/10/2023,100.17,55.08,--.--
low,2,1669,27.82,15.72,6.14,2104,96.5208,1.98,32.45464869,23:03.3,5.5,-3.8,110,0,0,0,0.1,0,0,-0.1,-29.2,-28.7,-8.75,-8.715,0,0.99,8602.2,0:23:58,200,0,--.--,278,198.3,49,0000:00:00,78,0,80,0,30,0,0,3.25,0,0,0,1,96.55,11:23:03,10/10/2023,100.17,55.06,--.--
low,2,1670,27.83,15.73,3.6,2105,56.628,1.75,32.468762,23:04.3,7.1,0.3,111,0,0,0,0.1,0,0,0,-29.3,-28.8,-8.77,-8.785,0,0.94,8602.2,0:23:59,200.3,0,--.--,278,198.6,48,0000:00:00,78,0,80,0,30,0,0,3.08,0,0,0,1,56.62,11:23:04,10/10/2023,100.18,55.06,--.--
low,2,1671,27.85,15.73,3.66,2106,57.5718,1.76,32.48518067,23:05.3,6.2,-0.9,111,0,0,0,0.1,0,0,0,-29.4,-28.8,-8.79,-8.812,0,0.84,8602.2,0:24:00,200.7,0,--.--,278,199.1,49,0000:00:00,78,0,80,0,30,0,0,2.76,0,0,0,1,57.59,11:23:05,10/10/2023,100.18,55.06,--.--
low,2,1672,27.87,15.73,4.17,2107,65.5941,1.82,32.50026483,23:06.3,5.3,-3.4,110,0,0,0,0.1,0,0,0.1,-29.4,-28.9,-8.79,-8.85,0,0.82,8602.2,0:24:01,201.1,0,--.--,278,199.4,59,0000:00:00,78,0,80,0,30,0,0,2.69,0,0,0,1,65.59,11:23:06,10/10/2023,100.18,55.06,--.--
low,2,1673,27.88,15.73,3.92,2109,61.6616,1.79,32.51635461,23:07.3,5.8,-0.6,111,0,0,0,0.1,0,0,0,-29.3,-28.7,-8.76,-8.816,0,0.96,8602.2,0:24:02,201.3,0,--.--,278,199.7,49,0000:00:00,78,0,80,0,30,0,0,3.15,0,0,0,1,61.65,11:23:07,10/10/2023,100.18,55.06,--.--
low,2,1674,27.9,15.73,3.43,2109,53.9539,1.73,32.53156028,23:08.3,5.7,-1.9,110,0,0,0,0.1,0,0,0,-29.2,-28.6,-8.73,-8.751,0,0.95,8602.2,0:24:03,201.6,0,--.--,278,199.9,48,0000:00:00,78,0,80,0,30,0,0,3.12,0,0,0,1,53.97,11:23:08,10/10/2023,100.18,55.06,--.--
low,2,1675,27.92,15.73,3.23,2110,50.8079,1.71,32.54664444,23:09.3,5.5,-1.8,111,0,0,0,0,0,0,0,-29.2,-28.6,-8.72,-8.719,0,0.94,8602.2,0:24:04,201.8,0,--.--,278,200.1,48,0000:00:00,78,0,80,0,30,0,0,3.08,0,0,0,1,50.82,11:23:09,10/10/2023,100.2,55.06,--.--
low,2,1676,27.93,15.72,3.76,2111,59.1072,1.77,32.56124767,23:10.3,5.2,-1.9,111,0,0,0,0.1,0,0,0,-29.1,-28.6,-8.71,-8.711,0,0.92,8602.2,0:24:05,202,0,--.--,278,200.3,48,0000:00:00,78,0,80,0,30,0,0,3.02,0,0,0,1,59.12,11:23:10,10/10/2023,100.2,55.06,--.--
low,2,1677,27.95,15.74,3.45,2112,54.303,1.73,32.57715244,23:11.3,5.7,-2.1,111,0,0,0,0.1,0,0,0,-29.1,-28.6,-8.72,-8.712,0,0.91,8602.2,0:24:06,202.2,0,--.--,278,200.5,48,0000:00:00,78,0,80,0,30,0,0,2.99,0,0,0,1,54.31,11:23:11,10/10/2023,100.22,55.06,--.--
low,2,1678,27.97,15.74,3.68,2113,57.9232,1.76,32.59317811,23:12.3,4.8,-3.7,110,0,0,0,0.1,0,0,-0.1,-29.2,-28.6,-8.73,-8.72,0,0.92,8602.2,0:24:07,202.4,0,--.--,278,200.7,41,0000:00:00,78,0,80,0,30,0,0,3.02,0,0,0,1,57.93,11:23:12,10/10/2023,100.22,55.08,--.--
low,2,1679,27.98,15.73,3.48,2114,54.7404,1.74,32.62495911,23:13.3,6.6,-1.1,110,0,0,0,0,0,0,0,-29.2,-28.7,-8.75,-8.76,0,0.9,8602.2,0:24:08,202.7,0,--.--,278,201,49,0000:00:00,78,0,80,0,30,0,0,2.95,0,0,0,1,54.74,11:23:13,10/10/2023,100.22,55.06,--.--
low,2,1680,28,15.74,3.45,2115,54.303,1.73,32.64625489,23:14.3,5.2,-1.1,110,0,0,0,0,0,0,0,-29.2,-28.7,-8.75,-8.759,0,0.93,8602.2,0:24:09,202.8,0,--.--,278,201.1,49,0000:00:00,78,0,80,0,30,0,0,3.05,0,0,0,1,54.31,11:23:14,10/10/2023,100.24,55.06,--.--
low,2,1681,28.02,15.74,3.34,2116,52.5716,1.72,32.66233444,23:15.3,6.2,-1.2,110,0,0,0,0.1,0,0,0,-29.2,-28.7,-8.75,-8.763,0,0.91,8602.2,0:24:10,203,0,--.--,278,201.3,49,0000:00:00,78,0,80,0,30,0,0,2.99,0,0,0,1,52.57,11:23:15,10/10/2023,100.24,55.06,--.--
low,2,1682,28.03,15.73,3.64,2117,57.2572,1.76,32.68059872,23:16.3,5.8,-1.4,111,0,0,0,0.1,0,0,0,-29.2,-28.7,-8.75,-8.764,0,0.93,8602.2,0:24:11,203.1,0,--.--,278,201.4,49,0000:00:00,78,0,80,0,30,0,0,3.05,0,0,0,1,57.26,11:23:16,10/10/2023,100.24,55.08,--.--
low,2,1683,28.05,15.72,3.67,2118,57.6924,1.76,32.69710472,23:17.3,5.9,-1.5,111,0,0,0,0.1,0,0,0,-29.3,-28.7,-8.75,-8.765,0,0.98,8602.2,0:24:12,203.4,0,--.--,278,201.7,49,0000:00:00,78,0,80,0,30,0,0,3.22,0,0,0,1,57.71,11:23:17,10/10/2023,100.24,55.02,--.--
low,2,1684,28.07,15.63,7.32,2120,114.4116,2.06,32.71320747,23:18.3,4.6,-4.6,110,0,0,0,0.1,0,0,-0.1,-29.4,-28.8,-8.81,-8.799,0,0.99,8602.2,0:24:13,203.7,0,--.--,278,202,54,0000:00:00,78,0,80,0,30,0,0,3.25,0,0,0,1,114.4,11:23:18,10/10/2023,100.24,55.06,--.--
low,2,1685,28.08,15.71,4.88,2121,76.6648,1.88,32.74702697,23:19.3,6.2,0.2,111,0,0,0,0.1,0,0,0,-29.5,-29,-8.83,-8.869,0,0.96,8602.2,0:24:14,204.1,0,--.--,278,202.3,51,0000:00:00,78,0,80,0,30,0,0,3.15,0,0,0,1,76.67,11:23:19,10/10/2023,100.24,55.06,--.--
low,2,1686,28.1,15.73,3.68,2122,57.8864,1.76,32.77865147,23:20.3,6,-1.2,110,0,0,0,0.1,0,0,0,-29.5,-29,-8.84,-8.889,0,1.05,8602.2,0:24:15,204.4,0,--.--,278,202.7,50,0000:00:00,78,0,80,0,30,0,0,3.44,0,0,0,1,57.89,11:23:20,10/10/2023,100.27,55.06,--.--
low,2,1687,28.12,15.73,4.18,2123,65.7514,1.82,32.79505969,23:21.3,5.1,-1.1,110,0,0,0,0.1,0,0,0,-29.6,-29,-8.85,-8.899,0,1.02,8602.2,0:24:16,204.7,0,--.--,278,203,51,0000:00:00,78,0,80,0,30,0,0,3.35,0,0,0,1,65.74,11:23:21,10/10/2023,100.27,55.06,--.--
low,2,1688,28.13,15.72,3.78,2124,59.4216,1.77,32.81686525,23:22.3,6,-1.5,111,0,0,0,0.1,0,0,0,-29.6,-29,-8.85,-8.902,0,1.02,8608.9,0:24:17,205,0,--.--,278,203.2,51,0000:00:00,78,0,80,0,30,0,0,3.35,0,0,0,1,59.42,11:23:22,10/10/2023,100.27,55.06,--.--
low,2,1689,28.15,15.71,3.69,2126,57.9699,1.76,32.83920925,23:23.3,4,-4.5,110,0,0,0,0.1,0,0,0,-29.6,-29,-8.85,-8.89,0,1.03,8608.9,0:24:18,205.2,0,--.--,278,207.6,52,0000:00:00,78,0,80,0,30,0,0,3.38,0,0,0,1,57.97,11:23:23,10/10/2023,100.27,55.06,--.--
low,2,1690,28.17,15.73,7.74,2127,121.7502,2.09,32.85632658,23:24.3,4.2,-3.3,111,0,0,0,0,0,0,-0.3,-29.7,-29.2,-8.94,-8.878,0,1.03,8608.9,0:24:19,205.4,0,--.--,278,207.7,33,0000:00:00,78,0,80,0,30,0,0,3.38,0,0,0,1,121.76,11:23:24,10/10/2023,100.27,55.06,--.--
low,2,1691,28.18,15.66,7.27,2129,113.8482,2.06,32.87509131,23:25.3,6.3,-1.9,111,0,0,0,0,0,0,-0.1,-30.3,-29.8,-9.11,-9.078,0,0.83,8608.9,0:24:20,205.5,0,--.--,278,207.8,56,0000:00:00,78,0,80,0,30,0,0,2.72,0,0,0,1,113.88,11:23:25,10/10/2023,100.27,55.06,--.--
low,2,1692,28.2,15.71,3.76,2130,59.0696,1.77,32.89423658,23:26.3,5.1,-1.4,111,0,0,0,0.1,0,0,0,-30.6,-30.1,-9.18,-9.277,0,0.73,8608.9,0:24:21,205.6,0,--.--,278,207.9,57,0000:00:00,78,0,80,0,30,0,0,2.4,0,0,0,1,59.08,11:23:26,10/10/2023,100.27,55.06,--.--
low,2,1693,28.22,15.7,5,2131,78.5,1.89,32.91658058,23:27.3,5.3,-1,111,0,0,0,0.1,0,0,0,-30.7,-30.1,-9.18,-9.322,0,0.72,8608.9,0:24:22,205.8,0,--.--,278,207.6,56,0000:00:00,78,0,80,0,30,0,0,2.36,0,0,0,1,78.5,11:23:27,10/10/2023,100.27,55.06,--.--
low,2,1694,28.23,15.68,5.13,2133,80.4384,1.91,32.93787925,23:28.3,5.9,-1.2,111,0,0,0,0.1,0,0,0,-30.6,-30.1,-9.15,-9.283,0,0.74,8608.9,0:24:23,206,0,--.--,278,207.9,55,0000:00:00,78,0,80,0,30,0,0,2.43,0,0,0,1,80.45,11:23:28,10/10/2023,100.31,55.06,--.--
low,2,1695,28.25,15.72,3.92,2134,61.6224,1.79,32.95754786,23:29.3,6.3,-2.1,110,0,0,0,0,0,0,0,-30.5,-29.9,-9.11,-9.219,0,0.76,8608.9,0:24:24,206.3,0,--.--,279,208.1,53,0000:00:00,78,0,80,0,30,0,0,2.49,0,0,0,1,61.62,11:23:29,10/10/2023,100.31,55.06,--.--
low,2,1696,28.27,15.71,4.3,2135,67.553,1.83,32.97928208,23:30.3,7.3,-1.9,107,0,0,0,0.1,0,0,0,-30.3,-29.8,-9.07,-9.136,0,0.8,8608.9,0:24:25,206.4,0,--.--,279,208.2,52,0000:00:00,78,0,80,0,30,0,0,2.62,0,0,0,1,67.53,11:23:30,10/10/2023,100.31,55.06,--.--
low,2,1697,28.28,15.7,4.39,2136,68.923,1.84,33.00216308,23:31.3,8.8,-2.7,105,0,0,0,0.1,0,0,0,-30.2,-29.7,-9.05,-9.062,0,0.82,8608.9,0:24:26,206.6,0,--.--,279,208.4,51,0000:00:00,78,0,80,0,30,0,0,2.69,0,0,0,1,68.91,11:23:31,10/10/2023,100.33,55.06,--.--
low,2,1698,28.3,15.68,5.13,2138,80.4384,1.91,33.02850725,23:32.3,9.3,-1.8,99,0,0,0,0.1,0,0,0,-30.2,-29.6,-9.03,-9.035,0,0.85,8608.9,0:24:27,206.9,0,--.--,279,208.7,50,0000:00:00,78,0,80,0,30,0,0,2.79,0,0,0,1,80.42,11:23:32,10/10/2023,100.33,55.06,--.--
low,2,1699,28.32,15.68,4.89,2139,76.6752,1.88,33.05111258,23:33.3,8.7,-1.3,94,0,0,0,0.1,0,0,0,-30.2,-29.6,-9.04,-9.023,0,0.88,8608.9,0:24:28,207.2,0,--.--,279,209,50,0000:00:00,78,0,80,0,30,0,0,2.89,0,0,0,1,76.69,11:23:33,10/10/2023,100.33,55.06,--.--
low,2,1700,28.33,15.7,4.51,2140,70.807,1.85,33.07202892,23:34.3,9.4,-1.9,90,0,0,0,0,0,0,0,-30.2,-29.7,-9.04,-9.044,0,0.88,8608.9,0:24:29,207.6,0,--.--,279,209.3,52,0000:00:00,78,0,80,0,30,0,0,2.89,0,0,0,1,70.78,11:23:34,10/10/2023,100.33,55.06,--.--
low,2,1701,28.35,15.68,4.99,2142,78.2432,1.89,33.08948447,23:35.3,6.8,-2.2,91,0,0,0,0.1,0,0,0.2,-30.1,-29.6,-8.97,-9.03,0,0.89,8608.9,0:24:30,207.8,0,--.--,279,209.5,64,0000:00:00,78,0,80,0,30,0,0,2.92,0,0,0,1,78.26,11:23:35,10/10/2023,100.33,55.06,--.--
low,2,1702,28.37,15.66,5.26,2144,82.3716,1.92,33.11487225,23:36.3,7.1,-4.1,91,0,0,0,0.1,0,0,0,-29.7,-29.1,-8.86,-8.861,0,1.01,8608.9,0:24:31,208,0,--.--,279,209.8,52,0000:00:00,78,0,80,0,30,0,0,3.31,0,0,0,1,82.37,11:23:36,10/10/2023,100.33,55.06,--.--
low,2,1703,28.38,15.65,6.06,2146,94.839,1.98,33.13785531,23:37.3,8.1,-3.2,92,0,0,0,0.1,0,0,0.1,-29.5,-29,-8.83,-8.751,0,1.05,8608.9,0:24:32,208.4,0,--.--,279,214.3,56,0000:00:00,78,0,80,0,30,0,0,3.44,0,0,0,1,94.82,11:23:37,10/10/2023,100.35,55.06,--.--
low,2,1704,28.4,15.68,5.19,2147,81.3792,1.91,33.15880553,23:38.3,8.2,-0.6,92,0,0,0,0.1,0,0,0,-29.4,-28.9,-8.81,-8.723,0,1.06,8608.9,0:24:33,208.8,0,--.--,279,214.7,47,0000:00:00,78,0,80,0,30,0,0,3.48,0,0,0,1,81.36,11:23:38,10/10/2023,100.35,55.02,--.--
low,2,1705,28.42,15.72,4.79,2148,75.2988,1.88,33.17760192,23:39.3,8.9,-0.3,92,0,0,0,0.1,0,0,0,-29.5,-28.9,-8.82,-8.759,0,1.06,8608.9,0:24:34,209.1,0,--.--,279,214.6,47,0000:00:00,78,0,80,0,30,0,0,3.48,0,0,0,1,75.28,11:23:39,10/10/2023,100.33,55.02,--.--
low,2,1706,28.43,15.71,4,2150,62.84,1.8,33.19444717,23:40.3,7.4,-0.6,91,0,0,0,0,0,0,0,-29.4,-28.9,-8.81,-8.761,0,1.07,8608.9,0:24:35,209.4,0,--.--,279,214.9,51,0000:00:00,78,0,80,0,30,0,0,3.51,0,0,0,1,62.82,11:23:40,10/10/2023,100.33,55.02,--.--
low,2,1707,28.45,15.65,5.84,2151,91.396,1.96,33.21410917,23:41.3,10.7,-0.8,90,0,0,0,0,0,0,0,-29.3,-28.8,-8.75,-8.729,0,1.1,8608.9,0:24:36,209.5,0,--.--,279,215,43,0000:00:00,78,0,80,0,30,0,0,3.61,0,0,0,1,91.4,11:23:41,10/10/2023,100.33,55.06,--.--
low,2,1708,28.47,15.7,5.27,2153,82.739,1.92,33.23107389,23:42.3,7.8,-0.3,91,0,0,0,0.1,0,0,0,-29.2,-28.6,-8.71,-8.677,0,1.13,8608.9,0:24:37,209.5,0,--.--,279,215,45,0000:00:00,78,0,80,0,30,0,0,3.71,0,0,0,1,82.72,11:23:42,10/10/2023,100.35,55.02,--.--
low,2,1709,28.48,15.68,4.81,2154,75.4208,1.88,33.24703556,23:43.3,10.9,-1.6,90,0,0,0,0.1,0,0,0,-29.1,-28.5,-8.7,-8.619,0,1.17,8608.9,0:24:38,209.6,0,--.--,279,215.1,45,0000:00:00,78,0,80,0,30,0,0,3.84,0,0,0,1,75.42,11:23:43,10/10/2023,100.35,55.06,--.--
low,2,1710,28.5,15.7,4.31,2155,67.667,1.83,33.26087789,23:44.3,11.1,-2.5,91,0,0,0,0.1,0,0,0,-29.1,-28.5,-8.69,-8.621,0,1.13,8608.9,0:24:39,209.8,0,--.--,279,215.3,43,0000:00:00,78,0,80,0,30,0,0,3.71,0,0,0,1,67.68,11:23:44,10/10/2023,100.36,55.06,--.--
low,2,1711,28.52,15.67,3.87,2157,60.6429,1.78,33.276937,23:45.3,8.9,0.3,92,0,0,0,0.1,0,0,0,-29,-28.5,-8.68,-8.611,0,1.14,8608.9,0:24:40,210,0,--.--,279,215.4,46,0000:00:00,78,0,80,0,30,0,0,3.74,0,0,0,1,60.64,11:23:45,10/10/2023,100.36,55.06,--.--
low,2,1712,28.53,15.66,4.52,2158,70.7832,1.85,33.29189561,23:46.3,11.2,-1.5,91,0,0,0,0.1,0,0,-0.1,-29,-28.5,-8.69,-8.625,0,1.15,8608.9,0:24:41,210.2,0,--.--,279,215.7,38,0000:00:00,78,0,80,0,30,0,0,3.77,0,0,0,1,70.8,11:23:46,10/10/2023,100.36,55.02,--.--
low,2,1713,28.55,15.7,3.89,2159,61.073,1.79,33.30952572,23:47.3,9.2,0.3,92,0,0,0,0.1,0,0,0,-29.2,-28.6,-8.73,-8.691,0,1.12,8608.9,0:24:42,210.4,0,--.--,279,215.8,48,0000:00:00,78,0,80,0,30,0,0,3.67,0,0,0,1,61.07,11:23:47,10/10/2023,100.36,55.02,--.--
low,2,1714,28.57,15.7,3.66,2160,57.462,1.76,33.32671944,23:48.3,8.4,-0.6,92,0,0,0,0.1,0,0,0,-29.2,-28.7,-8.75,-8.746,0,1.1,8608.9,0:24:43,210.6,0,--.--,279,211.9,48,0000:00:00,78,0,80,0,30,0,0,3.61,0,0,0,1,57.47,11:23:48,10/10/2023,100.36,55.02,--.--
low,2,1715,28.58,15.72,3.17,2161,49.8324,1.7,33.34229853,23:49.3,9.1,-0.1,91,0,0,0,0,0,0,0,-29.3,-28.7,-8.76,-8.771,0,1.08,8608.9,0:24:44,210.7,0,--.--,279,212.1,49,0000:00:00,78,0,80,0,30,0,0,3.54,0,0,0,1,49.85,11:23:49,10/10/2023,100.38,55.06,--.--
low,2,1716,28.6,15.71,3.68,2162,57.8128,1.76,33.35749453,23:50.3,8.6,0.6,94,0,0,0,0.1,0,0,0,-29.3,-28.7,-8.76,-8.773,0,1.08,8608.9,0:24:45,210.8,0,--.--,279,212.5,49,0000:00:00,78,0,80,0,30,0,0,3.54,0,0,0,1,57.79,11:23:50,10/10/2023,100.38,55.02,--.--
low,2,1717,28.62,15.7,3.43,2163,53.851,1.73,33.37203553,23:51.3,9.6,0.1,94,0,0,0,0.1,0,0,0,-29.3,-28.7,-8.76,-8.77,0,1.07,8608.9,0:24:46,210.9,0,--.--,279,212.6,48,0000:00:00,78,0,80,0,30,0,0,3.51,0,0,0,1,53.85,11:23:51,10/10/2023,100.38,55.06,--.--
low,2,1718,28.63,15.71,4.04,2164,63.4684,1.8,33.38561586,23:52.3,8,-0.4,96,0,0,0,0.1,0,0,0,-29.3,-28.7,-8.76,-8.771,0,1.07,8608.9,0:24:47,211.2,0,--.--,279,212.9,48,0000:00:00,78,0,80,0,30,0,0,3.51,0,0,0,1,63.48,11:23:52,10/10/2023,100.38,55.02,--.--
low,2,1719,28.65,15.71,3.94,2165,61.8974,1.79,33.40145678,23:53.3,9.5,-0.2,95,0,0,0,0.1,0,0,0,-29.3,-28.7,-8.76,-8.772,0,1.08,8615.5,0:24:48,211.4,0,--.--,279,213.1,48,0000:00:00,78,0,80,0,30,0,0,3.54,0,0,0,1,61.88,11:23:53,10/10/2023,100.38,55.02,--.--
low,2,1720,28.67,15.71,3.57,2166,56.0847,1.75,33.41729769,23:54.3,8.3,-1,97,0,0,0,0.1,0,0,0,-29.3,-28.7,-8.76,-8.769,0,1.01,8615.5,0:24:49,211.7,0,--.--,279,213.4,48,0000:00:00,78,0,80,0,30,0,0,3.31,0,0,0,1,56.07,11:23:54,10/10/2023,100.4,55.06,--.--
low,2,1721,28.68,15.72,3.48,2167,54.7056,1.74,33.43646736,23:55.3,9.2,-0.5,97,0,0,0,0.1,0,0,0,-29.3,-28.7,-8.75,-8.765,0,1.01,8615.5,0:24:50,212,0,--.--,279,213.7,48,0000:00:00,78,0,80,0,30,0,0,3.31,0,0,0,1,54.7,11:23:55,10/10/2023,100.4,55.02,--.--
low,2,1722,28.7,15.72,3.33,2168,52.3476,1.72,33.45248283,23:56.3,9.2,-0.7,97,0,0,0,0.1,0,0,0,-29.3,-28.7,-8.75,-8.751,0,1.02,8615.5,0:24:51,212.2,0,--.--,279,213.9,48,0000:00:00,78,0,80,0,30,0,0,3.35,0,0,0,1,52.36,11:23:56,10/10/2023,100.4,55.02,--.--
low,2,1723,28.72,15.72,3.11,2169,48.8892,1.69,33.47177794,23:57.3,8.7,-0.3,97,0,0,0,0.1,0,0,0,-29.3,-28.7,-8.76,-8.753,0,0.99,8615.5,0:24:52,212.4,0,--.--,279,214.1,48,0000:00:00,78,0,80,0,30,0,0,3.25,0,0,0,1,48.89,11:23:57,10/10/2023,100.4,55.06,--.--
low,2,1724,28.73,15.71,3.63,2170,57.0273,1.76,33.48588228,23:58.3,9.7,-0.7,97,0,0,0,0.1,0,0,0,-29.3,-28.7,-8.76,-8.767,0,0.98,8615.5,0:24:53,212.6,0,--.--,279,214.3,48,0000:00:00,78,0,80,0,30,0,0,3.22,0,0,0,1,57.04,11:23:58,10/10/2023,100.4,55.02,--.--
low,2,1725,28.75,15.71,3.63,2171,57.0273,1.76,33.49880761,23:59.3,10,-2.1,96,0,0,0,0.1,0,0,0,-29.3,-28.7,-8.77,-8.773,0,0.97,8615.5,0:24:54,212.8,0,--.--,279,214.5,48,0000:00:00,78,0,80,0,30,0,0,3.18,0,0,0,1,57.04,11:23:59,10/10/2023,100.4,55.06,--.--
low,2,1726,28.77,15.72,4.39,2172,69.0108,1.84,33.51477944,24:00.3,9.3,1.5,93,0,0,0,0.1,0,0,0,-29.4,-28.8,-8.79,-8.801,0,0.96,8615.5,0:24:55,213.1,0,--.--,279,214.8,49,0000:00:00,78,0,80,0,30,0,0,3.15,0,0,0,1,69.02,11:24:00,10/10/2023,100.4,55.02,--.--
low,2,1727,28.78,15.71,3.67,2173,57.6557,1.76,33.52952939,24:01.3,7.8,0.9,91,0,0,0,0.1,0,0,0,-29.4,-28.8,-8.8,-8.822,0,0.99,8615.5,0:24:56,213.3,0,--.--,279,215,50,0000:00:00,78,0,80,0,30,0,0,3.25,0,0,0,1,57.64,11:24:01,10/10/2023,100.4,55.02,--.--
low,2,1728,28.8,15.68,4.43,2174,69.4624,1.84,33.54407039,24:02.3,9.4,0,88,0,0,0,0.1,0,0,0,-29.4,-28.8,-8.78,-8.83,0,1,8615.5,0:24:57,213.5,0,--.--,279,215.2,49,0000:00:00,78,0,80,0,30,0,0,3.28,0,0,0,1,69.46,11:24:02,10/10/2023,100.4,55.02,--.--
low,2,1729,28.82,15.72,3.23,2175,50.7756,1.71,33.56013972,24:03.3,11.4,-0.6,88,0,0,0,0,0,0,-0.1,-29.3,-28.7,-8.77,-8.79,0,1.1,8615.5,0:24:58,213.7,0,--.--,279,215.4,42,0000:00:00,78,0,80,0,30,0,0,3.61,0,0,0,1,50.77,11:24:03,10/10/2023,100.44,55.06,--.--
low,2,1730,28.83,15.72,2.96,2176,46.5312,1.67,33.59147244,24:04.3,8.9,0.2,89,0,0,0,0,0,0,0,-29.4,-28.8,-8.79,-8.806,0,1.07,8615.5,0:24:59,213.8,0,--.--,279,215.5,49,0000:00:00,78,0,80,0,30,0,0,3.51,0,0,0,1,46.52,11:24:04,10/10/2023,100.44,55.02,--.--
low,2,1731,28.85,15.71,3.66,2177,57.4986,1.76,33.60683333,24:05.3,8.7,2,84,0,0,0,0.1,0,0,0,-29.4,-28.9,-8.8,-8.824,0,1.07,8615.5,0:25:00,214,0,--.--,279,215.7,50,0000:00:00,78,0,80,0,30,0,0,3.51,0,0,0,1,57.51,11:24:05,10/10/2023,100.44,55.06,--.--
low,2,1732,28.87,15.71,3.38,2178,53.0998,1.73,33.62211667,24:06.3,7.8,0.9,85,0,0,0,0.1,0,0,0,-29.5,-28.9,-8.81,-8.849,0,1.12,8615.5,0:25:01,214.3,0,--.--,279,215.9,50,0000:00:00,78,0,80,0,30,0,0,3.67,0,0,0,1,53.11,11:24:06,10/10/2023,100.45,55.06,--.--
low,2,1733,28.88,15.72,3.33,2179,52.3476,1.72,33.63513761,24:07.3,7.7,2,77,0,0,0,0,0,0,0,-29.4,-28.9,-8.8,-8.844,0,1.16,8615.5,0:25:02,214.5,0,--.--,279,216.1,50,0000:00:00,78,0,80,0,30,0,0,3.81,0,0,0,1,52.36,11:24:07,10/10/2023,100.44,55.06,--.--
low,2,1734,28.9,15.72,3.68,2180,57.8496,1.76,33.64810661,24:08.3,6.1,0.8,76,0,0,0,0.1,0,0,0,-29.4,-28.9,-8.8,-8.823,0,1.17,8615.5,0:25:03,214.6,0,--.--,279,216.2,49,0000:00:00,78,0,80,0,30,0,0,3.84,0,0,0,1,57.84,11:24:08,10/10/2023,100.45,55.06,--.--
low,2,1735,28.92,15.71,7.18,2181,112.7978,2.05,33.66538761,24:09.3,11.2,1.6,77,0,0,0,0,0,0,0,-29.5,-28.9,-8.83,-8.824,0,1.18,8615.5,0:25:04,214.8,0,--.--,279,217,54,0000:00:00,78,0,80,0,30,0,0,3.87,0,0,0,1,112.83,11:24:09,10/10/2023,100.45,55.06,--.--
low,2,1736,28.93,15.71,3.52,2183,55.2992,1.74,33.68330036,24:10.3,6.7,3.1,73,0,0,0,0.1,0,0,0,-29.6,-29,-8.85,-8.866,0,1.19,8615.5,0:25:05,215,0,--.--,279,217.2,50,0000:00:00,78,0,80,0,30,0,0,3.9,0,0,0,1,55.3,11:24:10,10/10/2023,100.45,55.06,--.--
low,2,1737,28.95,15.72,3.5,2184,55.02,1.74,33.69792869,24:11.3,7,2,76,0,0,0,0.1,0,0,0,-29.6,-29.1,-8.86,-8.9,0,1.22,8615.5,0:25:06,215.3,0,--.--,279,217.4,44,0000:00:00,78,0,80,0,30,0,0,4,0,0,0,1,55.01,11:24:11,10/10/2023,100.45,55.06,--.--
low,2,1738,28.97,15.73,2.98,2185,46.8754,1.67,33.71302775,24:12.3,10.1,2,78,0,0,0,0,0,0,-0.2,-29.8,-29.3,-8.99,-8.953,0,1.16,8615.5,0:25:07,215.4,0,--.--,279,217.5,47,0000:00:00,78,0,80,0,30,0,0,3.81,0,0,0,1,46.88,11:24:12,10/10/2023,100.47,55.06,--.--
low,2,1739,28.98,15.72,2.97,2186,46.6884,1.67,33.72872775,24:13.3,9.1,2.2,76,0,0,0,0,0,0,0,-30.3,-29.8,-9.09,-9.14,0,0.99,8615.5,0:25:08,215.4,0,--.--,279,217.5,55,0000:00:00,78,0,80,0,30,0,0,3.25,0,0,0,1,46.7,11:24:13,10/10/2023,100.47,55.06,--.--
low,2,1740,29,15.71,3.96,2187,62.2116,1.79,33.74374908,24:14.3,8.9,3.1,76,0,0,0,0,0,0,0,-30.5,-29.9,-9.13,-9.263,0,0.94,8615.5,0:25:09,215.4,0,--.--,279,217.6,57,0000:00:00,78,0,80,0,30,0,0,3.08,0,0,0,1,62.2,11:24:14,10/10/2023,100.47,55.06,--.--
low,2,1741,29.02,15.69,4.11,2188,64.4859,1.81,33.75968742,24:15.3,8.9,4.1,76,0,0,0,0,0,0,0,-30.5,-30,-9.12,-9.28,0,0.93,8615.5,0:25:10,215.6,0,--.--,279,217.7,56,0000:00:00,78,0,80,0,30,0,0,3.05,0,0,0,1,64.48,11:24:15,10/10/2023,100.49,55.06,--.--
low,2,1742,29.03,15.72,3.35,2190,52.662,1.72,33.77482047,24:16.3,8.9,0.9,75,0,0,0,0,0,0,0,-30.4,-29.9,-9.12,-9.231,0,0.96,8615.5,0:25:11,215.8,0,--.--,279,217.9,55,0000:00:00,78,0,80,0,30,0,0,3.15,0,0,0,1,52.66,11:24:16,10/10/2023,100.49,55.02,--.--
low,2,1743,29.05,15.71,3.46,2191,54.3566,1.74,33.78809514,24:17.3,7.2,3.6,72,0,0,0,0.1,0,0,0,-30.4,-29.8,-9.08,-9.203,0,0.94,8615.5,0:25:12,215.9,0,--.--,279,218,54,0000:00:00,78,0,80,0,30,0,0,3.08,0,0,0,1,54.35,11:24:17,10/10/2023,100.51,55.06,--.--
low,2,1744,29.07,15.7,3.6,2192,56.52,1.75,33.80358694,24:18.3,6.1,1.5,70,0,0,0,0,0,0,0,-30.3,-29.7,-9.05,-9.125,0,1.02,8615.5,0:25:13,216,0,--.--,279,218.1,52,0000:00:00,78,0,80,0,30,0,0,3.35,0,0,0,1,56.52,11:24:18,10/10/2023,100.51,55.06,--.--
low,2,1745,29.08,15.72,3.44,2193,54.0768,1.73,33.84340389,24:19.3,7.3,1.7,71,0,0,0,0.1,0,0,0,-30.2,-29.6,-9.02,-9.067,0,1.03,8615.5,0:25:14,216.1,0,--.--,279,218.3,50,0000:00:00,78,0,80,0,30,0,0,3.38,0,0,0,1,54.07,11:24:19,10/10/2023,100.51,55.06,--.--
low,2,1746,29.1,15.72,3.65,2194,57.378,1.76,33.86107764,24:20.3,6,0.4,70,0,0,0,0.1,0,0,0,-30.1,-29.5,-9,-9.008,0,1.04,8615.5,0:25:15,216.3,0,--.--,279,218.5,50,0000:00:00,78,0,80,0,30,0,0,3.41,0,0,0,1,57.37,11:24:20,10/10/2023,100.53,55.02,--.--
low,2,1747,29.12,15.7,3.47,2195,54.479,1.74,33.87791153,24:21.3,7,0.8,71,0,0,0,0,0,0,0,-30,-29.5,-8.98,-8.97,0,1.06,8615.5,0:25:16,216.5,0,--.--,279,218.7,49,0000:00:00,78,0,80,0,30,0,0,3.48,0,0,0,1,54.49,11:24:21,10/10/2023,100.53,55.06,--.--
low,2,1748,29.13,15.72,3.04,2196,47.7888,1.68,33.89396042,24:22.3,7.7,1.4,71,0,0,0,0,0,0,0,-30,-29.4,-8.96,-8.943,0,1.07,8615.5,0:25:17,216.7,0,--.--,279,218.8,48,0000:00:00,78,0,80,0,30,0,0,3.51,0,0,0,1,47.8,11:24:22,10/10/2023,100.53,55.06,--.--
low,2,1749,29.15,15.71,3.55,2197,55.7705,1.75,33.90975769,24:23.3,6.9,1.1,70,0,0,0,0,0,0,0,-29.9,-29.4,-8.94,-8.904,0,1.05,8615.5,0:25:18,216.8,0,--.--,279,214.9,43,0000:00:00,78,0,80,0,30,0,0,3.44,0,0,0,1,55.78,11:24:23,10/10/2023,100.53,55.02,--.--
low,2,1750,29.17,15.7,9.13,2198,143.341,2.16,33.92789992,24:24.3,8.3,3.2,71,0,0,0,0,0,0,-0.1,-30.1,-29.6,-9.04,-8.941,0,1.01,8615.5,0:25:19,216.9,0,--.--,279,215,53,0000:00:00,78,0,80,0,30,0,0,3.31,0,0,0,1,143.36,11:24:24,10/10/2023,100.54,55.06,--.--
low,2,1751,29.18,15.71,4.05,2200,63.6255,1.8,33.94469019,24:25.3,6.7,2.4,71,0,0,0,0.1,0,0,0,-30.4,-29.9,-9.12,-9.111,0,0.9,8615.5,0:25:20,217,0,--.--,279,215.1,53,0000:00:00,78,0,80,0,30,0,0,2.95,0,0,0,1,63.61,11:24:25,10/10/2023,100.54,55.06,--.--
low,2,1752,29.2,15.7,3.86,2201,60.602,1.78,33.96104436,24:26.3,7.9,3.6,71,0,0,0,0.1,0,0,0,-30.6,-30,-9.15,-9.21,0,0.89,8615.5,0:25:21,217.2,0,--.--,279,215.3,54,0000:00:00,78,0,80,0,30,0,0,2.92,0,0,0,1,60.59,11:24:26,10/10/2023,100.54,55.06,--.--
low,2,1753,29.22,15.7,3.68,2202,57.776,1.76,33.97704964,24:27.3,7.2,2.3,71,0,0,0,0.1,0,0,0,-30.6,-30.1,-9.16,-9.232,0,0.84,8615.5,0:25:22,217.4,0,--.--,279,215.5,53,0000:00:00,78,0,80,0,30,0,0,2.76,0,0,0,1,57.78,11:24:27,10/10/2023,100.54,55.06,--.--
low,2,1754,29.23,15.71,3.62,2203,56.8702,1.75,33.99318575,24:28.3,6.7,0.6,76,0,0,0,0.1,0,0,0,-30.5,-30,-9.14,-9.197,0,0.82,8615.5,0:25:23,217.5,0,--.--,279,215.7,53,0000:00:00,78,0,80,0,30,0,0,2.69,0,0,0,1,56.86,11:24:28,10/10/2023,100.56,55.06,--.--
low,2,1755,29.25,15.7,4.16,2204,65.312,1.81,34.00563867,24:29.3,6.4,1,81,0,0,0,0.1,0,0,0,-30.5,-29.9,-9.12,-9.156,0,0.84,8615.5,0:25:24,217.8,0,--.--,279,215.9,52,0000:00:00,78,0,80,0,30,0,0,2.76,0,0,0,1,65.3,11:24:29,10/10/2023,100.56,55.06,--.--
low,2,1756,29.27,15.7,3.85,2205,60.445,1.78,34.01838933,24:30.3,6.8,0,80,0,0,0,0.1,0,0,0,-30.4,-29.9,-9.1,-9.116,0,0.89,8622.1,0:25:25,218,0,--.--,279,216.2,51,0000:00:00,78,0,80,0,30,0,0,2.92,0,0,0,1,60.44,11:24:30,10/10/2023,100.56,55.06,--.--
low,2,1757,29.28,15.7,3.75,2206,58.875,1.77,34.036904,24:31.3,7.3,-0.1,79,0,0,0,0.1,0,0,0,-30.3,-29.8,-9.08,-9.077,0,0.81,8622.1,0:25:26,218.3,0,--.--,279,216.5,50,0000:00:00,78,0,80,0,30,0,0,2.66,0,0,0,1,58.89,11:24:31,10/10/2023,100.56,55.02,--.--
low,2,1758,29.3,15.7,3.67,2207,57.619,1.76,34.05312733,24:32.3,6.4,-0.8,79,0,0,0,0.1,0,0,0,-30.3,-29.8,-9.06,-9.051,0,0.84,8622.1,0:25:27,218.6,0,--.--,279,216.8,49,0000:00:00,78,0,80,0,30,0,0,2.76,0,0,0,1,57.63,11:24:32,10/10/2023,100.56,55.06,--.--
low,2,1759,29.32,15.7,3.7,2208,58.09,1.76,34.07142067,24:33.3,7.5,-0.5,79,0,0,0,0.1,0,0,0,-30.3,-29.7,-9.05,-9.03,0,0.9,8622.1,0:25:28,219,0,--.--,279,217.1,48,0000:00:00,78,0,80,0,30,0,0,2.95,0,0,0,1,58.1,11:24:33,10/10/2023,100.56,55.06,--.--
low,2,1760,29.33,15.73,2.85,2209,44.8305,1.65,34.10900911,24:34.3,7,0.7,79,0,0,0,0,0,0,0,-30.2,-29.7,-9.04,-8.996,0,0.93,8622.1,0:25:29,219.2,0,--.--,279,217.4,50,0000:00:00,78,0,80,0,30,0,0,3.05,0,0,0,1,44.82,11:24:34,10/10/2023,100.56,55.02,--.--
low,2,1761,29.35,15.72,2.92,2210,45.9024,1.66,34.12498094,24:35.3,7,0.9,79,0,0,0,0,0,0,0,-30.1,-29.5,-8.99,-8.946,0,0.98,8622.1,0:25:30,219.3,0,--.--,279,217.4,48,0000:00:00,78,0,80,0,30,0,0,3.22,0,0,0,1,45.9,11:24:35,10/10/2023,100.56,55.06,--.--
low,2,1762,29.37,15.72,4.24,2211,66.6528,1.82,34.14087872,24:36.3,7.2,0.6,80,0,0,0,0,0,0,0,-29.9,-29.4,-8.95,-8.884,0,1.03,8622.1,0:25:31,219.3,0,--.--,279,217.4,44,0000:00:00,78,0,80,0,30,0,0,3.38,0,0,0,1,66.66,11:24:36,10/10/2023,100.6,55.02,--.--
low,2,1763,29.38,15.7,3.72,2212,58.404,1.77,34.15593414,24:37.3,6.8,0.8,80,0,0,0,0,0,0,0,-29.9,-29.3,-8.94,-8.833,0,1.05,8622.1,0:25:32,219.3,0,--.--,279,217.5,44,0000:00:00,78,0,80,0,30,0,0,3.44,0,0,0,1,58.41,11:24:37,10/10/2023,100.6,55.02,--.--
low,2,1764,29.4,15.68,4.2,2213,65.856,1.82,34.17077136,24:38.3,6.9,0.7,80,0,0,0,0.1,0,0,0,-29.9,-29.4,-8.96,-8.852,0,1.05,8622.1,0:25:33,219.5,0,--.--,279,217.6,44,0000:00:00,78,0,80,0,30,0,0,3.44,0,0,0,1,65.87,11:24:38,10/10/2023,100.6,55.06,--.--
low,2,1765,29.42,15.68,8.63,2214,135.3184,2.13,34.18634053,24:39.3,7,0.3,80,0,0,0,0,0,0,-0.1,-30.1,-29.6,-9.04,-8.919,0,1.03,8622.1,0:25:34,219.7,0,--.--,279,217.8,52,0000:00:00,78,0,80,0,30,0,0,3.38,0,0,0,1,135.35,11:24:39,10/10/2023,100.6,55.02,--.--
low,2,1766,29.43,15.71,3.66,2216,57.4986,1.76,34.20757914,24:40.3,6.5,2.5,80,0,0,0,0.1,0,0,0,-30.3,-29.8,-9.09,-9.057,0,0.86,8622.1,0:25:35,219.9,0,--.--,279,218,50,0000:00:00,78,0,80,0,30,0,0,2.82,0,0,0,1,57.48,11:24:40,10/10/2023,100.62,55.06,--.--
low,2,1767,29.45,15.68,3.65,2217,57.232,1.76,34.25316314,24:41.3,7.5,0.1,79,0,0,0,0.1,0,0,0,-30.4,-29.9,-9.1,-9.125,0,0.77,8622.1,0:25:36,220.1,0,--.--,279,218.2,51,0000:00:00,78,0,80,0,30,0,0,2.53,0,0,0,1,57.24,11:24:41,10/10/2023,100.62,55.02,--.--
low,2,1768,29.47,15.71,3.45,2218,54.1995,1.73,34.26960453,24:42.3,6.9,1,80,0,0,0,0.1,0,0,0.1,-30.4,-29.8,-9.08,-9.127,0,0.78,8622.1,0:25:37,220.3,0,--.--,279,218.4,61,0000:00:00,78,0,80,0,30,0,0,2.56,0,0,0,1,54.18,11:24:42,10/10/2023,100.63,55.06,--.--
low,2,1769,29.48,15.71,3.4,2219,53.414,1.73,34.29067508,24:43.3,6.4,1.3,79,0,0,0,0.1,0,0,0.1,-30.2,-29.7,-9.02,-9.058,0,0.9,8622.1,0:25:38,220.4,0,--.--,279,218.6,47,0000:00:00,78,0,80,0,30,0,0,2.95,0,0,0,1,53.4,11:24:43,10/10/2023,100.63,55.06,--.--
low,2,1770,29.5,15.7,3.57,2221,56.049,1.75,34.31955358,24:44.3,7.3,-0.1,79,0,0,0,0.1,0,0,0.1,-30.1,-29.5,-8.99,-8.985,0,0.95,8622.1,0:25:39,220.6,0,--.--,279,218.8,52,0000:00:00,78,0,80,0,30,0,0,3.12,0,0,0,1,56.05,11:24:44,10/10/2023,100.63,55.02,--.--
low,2,1771,29.52,15.7,4.87,2222,76.459,1.88,34.33749614,24:45.3,6.3,-1,79,0,0,0,0.1,0,0,0,-30,-29.4,-8.97,-8.944,0,0.93,8622.1,0:25:40,220.8,0,--.--,279,219,61,0000:00:00,78,0,80,0,30,0,0,3.05,0,0,0,1,76.46,11:24:45,10/10/2023,100.65,55.02,--.--
low,2,1772,29.53,15.54,10.56,2224,164.1024,2.22,34.38069864,24:46.3,7.6,-1,79,0,0,0,0.1,0,0,0,-29.9,-29.3,-8.92,-8.922,0,0.99,8622.1,0:25:41,221.1,0,--.--,279,219.2,46,0000:00:00,78,0,80,0,30,0,0,3.25,0,0,0,1,164.06,11:24:46,10/10/2023,100.65,55.02,--.--
low,2,1773,29.55,15.7,3.77,2225,59.189,1.77,34.39660656,24:47.3,6,-0.6,79,0,0,0,0.1,0,0,0.1,-29.7,-29.2,-8.89,-8.848,0,1.03,8622.1,0:25:42,221.3,0,--.--,279,219.5,62,0000:00:00,78,0,80,0,30,0,0,3.38,0,0,0,1,59.18,11:24:47,10/10/2023,100.67,55.02,--.--
low,2,1774,29.57,15.64,4.85,2226,75.854,1.88,34.41562819,24:48.3,5.7,-1.7,79,0,0,0,0.1,0,0,0.1,-29.6,-29,-8.84,-8.804,0,1.02,8622.1,0:25:43,221.7,0,--.--,279,215.7,63,0000:00:00,78,0,80,0,30,0,0,3.35,0,0,0,1,75.83,11:24:48,10/10/2023,100.65,55.06,--.--
low,2,1775,29.58,15.61,6.66,2228,103.9626,2.02,34.43368319,24:49.3,6.6,0.2,79,0,0,0,0.1,0,0,0,-29.3,-28.7,-8.75,-8.734,0,1.07,8622.1,0:25:44,221.8,0,--.--,279,215.9,57,0000:00:00,78,0,80,0,30,0,0,3.51,0,0,0,1,103.96,11:24:49,10/10/2023,100.67,55.02,--.--
low,2,1776,29.6,15.64,4.13,2229,64.5932,1.81,34.47102583,24:50.3,6.5,-0.6,79,0,0,0,0.1,0,0,0,-29.1,-28.6,-8.71,-8.648,0,1.12,8622.1,0:25:45,222,0,--.--,279,216.1,51,0000:00:00,78,0,80,0,30,0,0,3.67,0,0,0,1,64.59,11:24:50,10/10/2023,100.67,55.02,--.--
low,2,1777,29.62,15.71,9.9,2231,155.529,2.19,34.48646417,24:51.3,6.9,0.2,79,0,0,0,0.1,0,0,0,-29,-28.5,-8.68,-8.601,0,1.15,8622.1,0:25:46,222.2,0,--.--,279,216.3,46,0000:00:00,78,0,80,0,30,0,0,3.77,0,0,0,1,155.48,11:24:51,10/10/2023,100.67,55.06,--.--
low,2,1778,29.63,15.69,3.65,2233,57.2685,1.76,34.50324375,24:52.3,6,-0.9,81,0,0,0,0.1,0,0,0.1,-29,-28.4,-8.68,-8.586,0,1.14,8622.1,0:25:47,222.4,0,--.--,279,212.4,60,0000:00:00,78,0,80,0,30,0,0,3.74,0,0,0,1,57.28,11:24:52,10/10/2023,100.67,55.02,--.--
low,2,1779,29.65,15.67,4.37,2234,68.4779,1.84,34.51855125,24:53.3,5.2,-0.9,81,0,0,0,0.1,0,0,0.1,-28.9,-28.3,-8.65,-8.593,0,1.15,8622.1,0:25:48,222.5,0,--.--,279,212.5,55,0000:00:00,78,0,80,0,30,0,0,3.77,0,0,0,1,68.49,11:24:53,10/10/2023,100.69,55.02,--.--
low,2,1780,29.67,15.7,4.14,2235,64.998,1.81,34.53260297,24:54.3,6.8,0.3,82,0,0,0,0.1,0,0,0,-28.9,-28.3,-8.63,-8.575,0,1.2,8622.1,0:25:49,222.7,0,--.--,279,212.7,43,0000:00:00,78,0,80,0,30,0,0,3.94,0,0,0,1,64.98,11:24:54,10/10/2023,100.69,55.02,--.--
low,2,1781,29.68,15.65,8.59,2237,134.4335,2.13,34.54781356,24:55.3,7.3,0.8,82,0,0,0,0.1,0,0,0,-29,-28.5,-8.68,-8.635,0,1.11,8622.1,0:25:50,223,0,--.--,279,213,64,0000:00:00,78,0,80,0,30,0,0,3.64,0,0,0,1,134.42,11:24:55,10/10/2023,100.69,55.02,--.--
low,2,1782,29.7,15.7,3.54,2238,55.578,1.74,34.56420089,24:56.3,7.1,2.2,82,0,0,0,0.1,0,0,0,-29,-28.5,-8.68,-8.706,0,1.11,8622.1,0:25:51,223.3,0,--.--,279,213.3,50,0000:00:00,78,0,80,0,30,0,0,3.64,0,0,0,1,55.56,11:24:56,10/10/2023,100.69,55.02,--.--
low,2,1783,29.72,15.69,3.85,2239,60.4065,1.78,34.58314756,24:57.3,7.1,0.3,85,0,0,0,0.1,0,0,0,-29,-28.5,-8.68,-8.709,0,1.13,8622.1,0:25:52,223.6,0,--.--,279,213.6,48,0000:00:00,78,0,80,0,30,0,0,3.71,0,0,0,1,60.41,11:24:57,10/10/2023,100.69,55.02,--.--
low,2,1784,29.73,15.7,3.51,2240,55.107,1.74,34.60015589,24:58.3,7,0,87,0,0,0,0.1,0,0,0,-29,-28.5,-8.68,-8.724,0,1.14,8622.1,0:25:53,223.9,0,--.--,279,209.8,50,0000:00:00,78,0,80,0,30,0,0,3.74,0,0,0,1,55.1,11:24:58,10/10/2023,100.69,55.02,--.--
low,2,1785,29.75,15.71,3.22,2241,50.5862,1.7,34.61544389,24:59.3,7.3,-0.3,87,0,0,0,0.1,0,0,0,-29,-28.4,-8.67,-8.705,0,1.12,8622.1,0:25:54,224.2,0,--.--,279,210.1,48,0000:00:00,78,0,80,0,30,0,0,3.67,0,0,0,1,50.57,11:24:59,10/10/2023,100.72,55.02,--.--
low,2,1786,29.77,15.69,3.49,2242,54.7581,1.74,34.63005361,25:00.3,5.2,-0.4,87,0,0,0,0.1,0,0,0,-29,-28.4,-8.66,-8.684,0,1.14,8622.1,0:25:55,224.4,0,--.--,279,210.3,48,0000:00:00,78,0,80,0,30,0,0,3.74,0,0,0,1,54.77,11:25:00,10/10/2023,100.72,55.02,--.--
low,2,1787,29.78,15.69,3.76,2243,58.9944,1.77,34.64914311,25:01.3,8,-0.6,87,0,0,0,0.1,0,0,0,-28.9,-28.4,-8.65,-8.649,0,1.13,8628.7,0:25:56,224.7,0,--.--,279,210.6,48,0000:00:00,78,0,80,0,30,0,0,3.71,0,0,0,1,59,11:25:01,10/10/2023,100.72,55.06,--.--
low,2,1788,29.8,15.68,4.35,2244,68.208,1.83,34.66647822,25:02.3,5.9,-0.2,87,0,0,0,0.1,0,0,0,-28.9,-28.3,-8.64,-8.63,0,1.03,8628.7,0:25:57,224.9,0,--.--,279,210.9,47,0000:00:00,78,0,80,0,30,0,0,3.38,0,0,0,1,68.2,11:25:02,10/10/2023,100.72,55.02,--.--
low,2,1789,29.82,15.7,3.9,2245,61.23,1.79,34.68131544,25:03.3,7,-0.4,86,0,0,0,0.1,0,0,0,-28.9,-28.3,-8.64,-8.624,0,1.04,8628.7,0:25:58,225.3,0,--.--,279,211.2,47,0000:00:00,78,0,80,0,30,0,0,3.41,0,0,0,1,61.22,11:25:03,10/10/2023,100.72,55.06,--.--
low,2,1790,29.83,15.68,3.51,2247,55.0368,1.74,34.69601239,25:04.3,7.3,-0.4,86,0,0,0,0.1,0,0,0,-28.9,-28.3,-8.64,-8.626,0,1.1,8628.7,0:25:59,225.6,0,--.--,279,211.5,47,0000:00:00,78,0,80,0,30,0,0,3.61,0,0,0,1,55.05,11:25:04,10/10/2023,100.76,55.02,--.--
low,2,1791,29.85,15.7,3.35,2248,52.595,1.72,34.72036914,25:05.3,6,-2.7,86,0,0,0,0.1,0,0,-0.1,-29,-28.4,-8.67,-8.628,0,1.14,8628.7,0:26:00,225.8,0,--.--,279,211.7,39,0000:00:00,78,0,80,0,30,0,0,3.74,0,0,0,1,52.6,11:25:05,10/10/2023,100.76,55.06,--.--
low,2,1792,29.87,15.69,4.38,2249,68.7222,1.84,34.73414147,25:06.3,7.7,1.2,87,0,0,0,0.1,0,0,0,-29.2,-28.6,-8.73,-8.714,0,1.11,8628.7,0:26:01,226,0,--.--,279,207.8,50,0000:00:00,78,0,80,0,30,0,0,3.64,0,0,0,1,68.72,11:25:06,10/10/2023,100.76,55.02,--.--
low,2,1793,29.88,15.68,3.98,2250,62.4064,1.8,34.75047481,25:07.3,6.8,1.3,87,0,0,0,0.1,0,0,0,-29.3,-28.8,-8.77,-8.812,0,1.1,8628.7,0:26:02,226.3,0,--.--,279,208.1,52,0000:00:00,78,0,80,0,30,0,0,3.61,0,0,0,1,62.42,11:25:07,10/10/2023,100.78,55.02,--.--
low,2,1794,29.9,15.71,3.4,2251,53.414,1.73,34.77113731,25:08.3,6.5,0.5,87,0,0,0,0.1,0,0,0,-29.4,-28.8,-8.78,-8.855,0,1.11,8628.7,0:26:03,226.5,0,--.--,279,208.3,52,0000:00:00,78,0,80,0,30,0,0,3.64,0,0,0,1,53.4,11:25:08,10/10/2023,100.78,55.06,--.--
low,2,1795,29.92,15.7,3.37,2252,52.909,1.72,34.80351631,25:09.3,6.5,0.5,87,0,0,0,0.1,0,0,0,-29.3,-28.8,-8.77,-8.835,0,1.14,8628.7,0:26:04,226.7,0,--.--,279,208.5,51,0000:00:00,78,0,80,0,30,0,0,3.74,0,0,0,1,52.92,11:25:09,10/10/2023,100.78,55.02,--.--
low,2,1796,29.93,15.63,5.61,2253,87.6843,1.94,34.86462339,25:10.3,8,-0.2,87,0,0,0,0.1,0,0,0,-29.3,-28.7,-8.76,-8.813,0,1.15,8628.7,0:26:05,226.9,0,--.--,279,208.7,52,0000:00:00,78,0,80,0,30,0,0,3.77,0,0,0,1,87.69,11:25:10,10/10/2023,100.8,55.06,--.--
low,2,1797,29.95,15.69,3.16,2254,49.5804,1.7,34.88488144,25:11.3,8.5,-0.4,87,0,0,0,0.1,0,0,0,-29.3,-28.7,-8.76,-8.81,0,1.16,8628.7,0:26:06,227,0,--.--,279,208.8,45,0000:00:00,78,0,80,0,30,0,0,3.81,0,0,0,1,49.59,11:25:11,10/10/2023,100.8,55.06,--.--
low,2,1798,29.97,15.68,3.75,2256,58.8,1.77,34.90396575,25:12.3,9,2.2,84,0,0,0,0.1,0,0,0,-29.3,-28.7,-8.76,-8.822,0,1.17,8628.7,0:26:07,227.2,0,--.--,279,209,51,0000:00:00,78,0,80,0,30,0,0,3.84,0,0,0,1,58.81,11:25:12,10/10/2023,100.8,55.02,--.--
low,2,1799,29.98,15.66,4.75,2257,74.385,1.87,34.92267075,25:13.3,7.4,1.1,78,0,0,0,0.1,0,0,0,-29.3,-28.7,-8.76,-8.8,0,1.21,8628.7,0:26:08,227.5,0,--.--,279,209.2,51,0000:00:00,78,0,80,0,30,0,0,3.97,0,0,0,1,74.4,11:25:13,10/10/2023,100.8,55.06,--.--
low,2,1800,30,15.48,7.53,2259,116.5644,2.07,34.94069125,25:14.3,7,-0.5,78,0,0,0,0.1,0,0,0,-29.4,-28.9,-8.8,-8.801,0,1.26,8628.7,0:26:09,227.9,0,--.--,279,209.6,40,0000:00:00,78,0,80,0,30,0,0,4.13,0,0,0,1,116.53,11:25:14,10/10/2023,100.8,55.02,--.--
low,2,1801,30.02,15.33,14.35,2261,219.9855,2.34,34.95744944,25:15.3,7.6,-0.1,79,0,0,0,0,0,0,-0.2,-30,-29.5,-9,-8.889,0,1.14,8628.7,0:26:10,228.2,0,--.--,279,209.9,42,0000:00:00,78,0,80,0,30,0,0,3.74,0,0,0,1,220.04,11:25:15,10/10/2023,100.81,55.02,--.--
low,2,1802,30.03,15.65,4.66,2263,72.929,1.86,34.97326011,25:16.3,8.3,1.8,80,0,0,0,0.1,0,0,-0.1,-30.6,-30.1,-9.18,-9.194,0,0.82,8628.7,0:26:11,228.4,0,--.--,279,210.2,57,0000:00:00,78,0,80,0,30,0,0,2.69,0,0,0,1,72.93,11:25:16,10/10/2023,100.81,55.02,--.--
low,2,1803,30.05,15.65,4.39,2264,68.7035,1.84,34.99685372,25:17.3,7.6,2.5,79,0,0,0,0.1,0,0,0,-30.8,-30.3,-9.23,-9.367,0,0.81,8628.7,0:26:12,228.6,0,--.--,279,210.4,58,0000:00:00,78,0,80,0,30,0,0,2.66,0,0,0,1,68.72,11:25:17,10/10/2023,100.81,55.06,--.--
low,2,1804,30.07,15.66,4.3,2265,67.338,1.83,35.01114906,25:18.3,7.8,2.5,79,0,0,0,0.1,0,0,0,-30.8,-30.2,-9.22,-9.383,0,0.85,8628.7,0:26:13,228.9,0,--.--,279,210.6,56,0000:00:00,78,0,80,0,30,0,0,2.79,0,0,0,1,67.33,11:25:18,10/10/2023,100.83,55.02,--.--
low,2,1805,30.08,15.67,4.14,2266,64.8738,1.81,35.02644681,25:19.3,7.3,1.7,79,0,0,0,0.1,0,0,0,-30.7,-30.2,-9.19,-9.326,0,0.91,8628.7,0:26:14,229.2,0,--.--,279,210.9,55,0000:00:00,78,0,80,0,30,0,0,2.99,0,0,0,1,64.87,11:25:19,10/10/2023,100.83,55.06,--.--
low,2,1806,30.1,15.67,3.85,2268,60.3295,1.78,35.04170097,25:20.3,7,1.1,79,0,0,0,0.1,0,0,0,-30.6,-30.1,-9.16,-9.262,0,0.94,8628.7,0:26:15,229.5,0,--.--,279,211.2,54,0000:00:00,78,0,80,0,30,0,0,3.08,0,0,0,1,60.34,11:25:20,10/10/2023,100.85,55.02,--.--
low,2,1807,30.12,15.68,3.63,2269,56.9184,1.76,35.06456736,25:21.3,6.8,1.1,77,0,0,0,0.1,0,0,0,-30.5,-30,-9.13,-9.204,0,0.95,8628.7,0:26:16,229.8,0,--.--,279,211.5,53,0000:00:00,78,0,80,0,30,0,0,3.12,0,0,0,1,56.91,11:25:21,10/10/2023,100.85,55.02,--.--
low,2,1808,30.13,15.7,5.41,2270,84.937,1.93,35.07799958,25:22.3,7,1.8,74,0,0,0,0,0,0,0.1,-30.3,-29.8,-9.08,-9.146,0,0.95,8628.7,0:26:17,230,0,--.--,279,211.7,49,0000:00:00,78,0,80,0,30,0,0,3.12,0,0,0,1,84.93,11:25:22,10/10/2023,100.85,55.06,--.--
low,2,1809,30.15,15.69,3.28,2271,51.4632,1.71,35.09327783,25:23.3,6.5,0.2,77,0,0,0,0.1,0,0,0,-30.1,-29.6,-9.02,-9.021,0,1.07,8628.7,0:26:18,230.1,0,--.--,279,208.6,48,0000:00:00,78,0,80,0,30,0,0,3.51,0,0,0,1,51.48,11:25:23,10/10/2023,100.85,55.02,--.--
low,2,1810,30.17,15.69,3.51,2272,55.0719,1.74,35.10874006,25:24.4,6.8,0,77,0,0,0,0.1,0,0,0,-30.1,-29.5,-9,-8.949,0,1.08,8628.7,0:26:19,230.3,0,--.--,279,208.9,47,0000:00:00,78,0,80,0,30,0,0,3.54,0,0,0,1,55.06,11:25:24,10/10/2023,100.85,55.02,--.--
low,2,1811,30.18,15.69,3.5,2273,54.915,1.74,35.12229447,25:25.4,6.9,-0.5,77,0,0,0,0.1,0,0,0,-30,-29.5,-8.98,-8.921,0,1.11,8628.7,0:26:20,230.6,0,--.--,279,209.1,46,0000:00:00,79,0,80,0,30,0,0,3.64,0,0,0,1,54.91,11:25:25,10/10/2023,100.85,55.02,--.--
low,2,1812,30.2,15.65,5.26,2274,82.319,1.92,35.13563097,25:26.4,6.5,0.7,69,0,0,0,0.1,0,0,0,-30,-29.5,-8.98,-8.898,0,1.09,8635.3,0:26:21,230.9,0,--.--,279,209.4,40,0000:00:00,74,0,80,0,30,0,0,3.58,0,0,0,1,82.3,11:25:26,10/10/2023,100.85,55.02,--.--
low,2,1813,30.22,15.7,3.08,2275,48.356,1.68,35.14928125,25:27.4,7.7,0.4,73,0,0,0,0,0,0,0,-30.3,-29.7,-9.06,-8.983,0,1.02,8635.3,0:26:22,230.9,0,--.--,279,205.4,49,0000:00:00,74,0,80,0,30,0,0,3.35,0,0,0,1,48.34,11:25:27,10/10/2023,100.89,55.02,--.--
low,2,1814,30.23,15.67,3.51,2276,55.0017,1.74,35.16674703,25:28.4,8.9,2.3,73,0,0,0,0.1,0,0,0,-30.4,-29.9,-9.11,-9.087,0,0.98,8635.3,0:26:23,231,0,--.--,279,205.5,51,0000:00:00,74,0,80,0,30,0,0,3.22,0,0,0,1,55.02,11:25:28,10/10/2023,100.89,55.02,--.--
low,2,1815,30.25,15.68,3.55,2277,55.664,1.75,35.18044092,25:29.4,6,1.1,73,0,0,0,0,0,0,0,-30.5,-30,-9.13,-9.142,0,0.87,8635.3,0:26:24,231.2,0,--.--,279,205.7,51,0000:00:00,74,0,80,0,30,0,0,2.85,0,0,0,1,55.67,11:25:29,10/10/2023,100.89,55.06,--.--
low,2,1816,30.27,15.69,3.11,2278,48.7959,1.69,35.19707914,25:30.4,7.7,1.6,73,0,0,0,0,0,0,0,-30.4,-29.9,-9.1,-9.144,0,0.86,8635.3,0:26:25,231.3,0,--.--,279,205.7,50,0000:00:00,74,0,80,0,30,0,0,2.82,0,0,0,1,48.8,11:25:30,10/10/2023,100.9,55.02,--.--
low,2,1817,30.28,15.69,3.06,2279,48.0114,1.68,35.21412022,25:31.4,5.2,1.2,73,0,0,0,0,0,0,0,-30.3,-29.8,-9.07,-9.081,0,0.87,8635.3,0:26:26,231.3,0,--.--,279,206.9,48,0000:00:00,74,0,80,0,30,0,0,2.85,0,0,0,1,48,11:25:31,10/10/2023,100.9,55.02,--.--
low,2,1818,30.3,15.7,3.13,2280,49.141,1.69,35.22936467,25:32.4,6.9,-0.1,73,0,0,0,0.1,0,0,0,-30.2,-29.7,-9.05,-9.04,0,0.9,8635.3,0:26:27,231.4,0,--.--,279,206.9,48,0000:00:00,74,0,80,0,30,0,0,2.95,0,0,0,1,49.13,11:25:32,10/10/2023,100.9,55.02,--.--
low,2,1819,30.32,15.68,4.01,2281,62.8768,1.8,35.24531617,25:33.4,6.6,-0.1,73,0,0,0,0.1,0,0,0,-30.1,-29.6,-9.02,-8.986,0,0.92,8635.3,0:26:28,231.6,0,--.--,279,207.1,46,0000:00:00,74,0,80,0,30,0,0,3.02,0,0,0,1,62.87,11:25:33,10/10/2023,100.92,55.02,--.--
low,2,1820,30.33,15.7,3.14,2282,49.298,1.69,35.26121394,25:34.4,6.8,0.8,73,0,0,0,0.1,0,0,0,-30.1,-29.6,-9.01,-8.946,0,0.85,8635.3,0:26:29,231.8,0,--.--,279,207.3,45,0000:00:00,74,0,80,0,30,0,0,2.79,0,0,0,1,49.29,11:25:34,10/10/2023,100.92,55.02,--.--
low,2,1821,30.35,15.68,3.82,2283,59.8976,1.78,35.27616303,25:35.4,6.9,0.8,73,0,0,0,0.1,0,0,0,-30.1,-29.5,-9,-8.925,0,0.92,8635.3,0:26:30,232,0,--.--,279,207.5,45,0000:00:00,74,0,80,0,30,0,0,3.02,0,0,0,1,59.89,11:25:35,10/10/2023,100.92,55.02,--.--
low,2,1822,30.37,15.69,3.91,2284,61.3479,1.79,35.29128644,25:36.4,6.9,1,73,0,0,0,0.1,0,0,0,-30.1,-29.6,-9.01,-8.928,0,0.85,8635.3,0:26:31,232.2,0,--.--,279,207.7,45,0000:00:00,74,0,80,0,30,0,0,2.79,0,0,0,1,61.35,11:25:36,10/10/2023,100.92,55.02,--.--
low,2,1823,30.38,15.68,3.5,2285,54.88,1.74,35.30593044,25:37.4,6.9,0.6,73,0,0,0,0.1,0,0,0,-30.1,-29.6,-9.01,-8.946,0,0.85,8635.3,0:26:32,232.4,0,--.--,279,207.9,47,0000:00:00,74,0,80,0,30,0,0,2.79,0,0,0,1,54.88,11:25:37,10/10/2023,100.94,55.02,--.--
low,2,1824,30.4,15.69,3.66,2286,57.4254,1.76,35.32139267,25:38.4,7.5,0.2,73,0,0,0,0.1,0,0,0.1,-30.1,-29.6,-9.01,-8.962,0,0.84,8635.3,0:26:33,232.6,0,--.--,279,208.1,52,0000:00:00,74,0,80,0,30,0,0,2.76,0,0,0,1,57.41,11:25:38,10/10/2023,100.94,55.02,--.--
low,2,1825,30.42,15.68,3.65,2287,57.232,1.76,35.33608025,25:39.4,6.6,1.4,73,0,0,0,0.1,0,0,0,-30.1,-29.5,-9,-8.958,0,0.85,8635.3,0:26:34,232.8,0,--.--,279,208.3,45,0000:00:00,74,0,80,0,30,0,0,2.79,0,0,0,1,57.24,11:25:39,10/10/2023,100.94,55.02,--.--
low,2,1826,30.43,15.69,3.43,2288,53.8167,1.73,35.35046275,25:40.4,6.6,0.4,75,0,0,0,0.1,0,0,0,-30.1,-29.5,-9,-8.955,0,0.85,8635.3,0:26:35,233,0,--.--,279,208.5,45,0000:00:00,74,0,80,0,30,0,0,2.79,0,0,0,1,53.81,11:25:40,10/10/2023,100.96,55.02,--.--
low,2,1827,30.45,15.69,3.47,2289,54.4443,1.74,35.365499,25:41.4,6.6,0.8,76,0,0,0,0.1,0,0,0,-30.1,-29.5,-9,-8.958,0,0.82,8635.3,0:26:36,233.2,0,--.--,279,208.7,45,0000:00:00,74,0,80,0,30,0,0,2.69,0,0,0,1,54.43,11:25:41,10/10/2023,100.96,55.02,--.--
low,2,1828,30.47,15.69,3.36,2290,52.7184,1.72,35.38636567,25:42.4,6.3,0.3,78,0,0,0,0.1,0,0,0,-30.1,-29.5,-9,-8.96,0,0.8,8635.3,0:26:37,233.4,0,--.--,279,208.9,46,0000:00:00,74,0,80,0,30,0,0,2.62,0,0,0,1,52.71,11:25:42,10/10/2023,100.96,55.02,--.--
low,2,1829,30.48,15.68,3.55,2291,55.664,1.75,35.40367928,25:43.4,6.1,0,77,0,0,0,0.1,0,0,0,-30.1,-29.5,-9,-8.985,0,0.81,8635.3,0:26:38,233.6,0,--.--,279,209.1,43,0000:00:00,74,0,80,0,30,0,0,2.66,0,0,0,1,55.67,11:25:43,10/10/2023,100.96,55.02,--.--
low,2,1830,30.5,15.69,3.37,2292,52.8753,1.72,35.41732956,25:44.4,7.6,0.7,77,0,0,0,0.1,0,0,0,-30,-29.5,-8.98,-8.973,0,0.85,8635.3,0:26:39,233.7,0,--.--,279,209.2,41,0000:00:00,74,0,80,0,30,0,0,2.79,0,0,0,1,52.87,11:25:44,10/10/2023,100.98,55.02,--.--
low,2,1831,30.52,15.69,3.3,2293,51.777,1.71,35.43410914,25:45.4,5.8,0.6,77,0,0,0,0.1,0,0,0,-30,-29.4,-8.97,-8.964,0,0.86,8635.3,0:26:40,233.9,0,--.--,279,209.4,46,0000:00:00,74,0,80,0,30,0,0,2.82,0,0,0,1,51.79,11:25:45,10/10/2023,100.98,55.02,--.--
low,2,1832,30.53,15.69,3.45,2294,54.1305,1.73,35.44775942,25:46.4,6.8,0.9,77,0,0,0,0.1,0,0,0,-30,-29.4,-8.97,-8.943,0,0.88,8635.3,0:26:41,234.1,0,--.--,279,209.6,45,0000:00:00,74,0,80,0,30,0,0,2.89,0,0,0,1,54.13,11:25:46,10/10/2023,100.98,55.02,--.--
low,2,1833,30.55,15.65,4.8,2295,75.12,1.88,35.46034219,25:47.4,6.4,-0.1,77,0,0,0,0.1,0,0,0,-30,-29.4,-8.97,-8.946,0,0.87,8635.3,0:26:42,234.5,0,--.--,279,209.9,47,0000:00:00,74,0,80,0,30,0,0,2.85,0,0,0,1,75.12,11:25:47,10/10/2023,100.99,55.02,--.--
low,2,1834,30.57,15.7,3.97,2296,62.329,1.79,35.47447219,25:48.4,6.9,1.5,77,0,0,0,0,0,0,0,-29.9,-29.3,-8.93,-8.948,0,0.9,8635.3,0:26:43,234.7,0,--.--,279,210.2,43,0000:00:00,74,0,80,0,30,0,0,2.95,0,0,0,1,62.32,11:25:48,10/10/2023,100.99,55.02,--.--
low,2,1835,30.58,15.7,3.13,2297,49.141,1.69,35.48920336,25:49.4,7.3,0.6,76,0,0,0,0,0,0,0,-29.8,-29.2,-8.9,-8.887,0,0.94,8635.3,0:26:44,234.8,0,--.--,279,210.2,55,0000:00:00,74,0,80,0,30,0,0,3.08,0,0,0,1,49.13,11:25:49,10/10/2023,100.99,55.02,--.--
low,2,1836,30.6,15.69,3.85,2298,60.4065,1.78,35.50620086,25:50.4,6,1.7,76,0,0,0,0,0,0,0,-29.7,-29.2,-8.88,-8.856,0,0.93,8635.3,0:26:45,234.8,0,--.--,279,210.3,44,0000:00:00,74,0,80,0,30,0,0,3.05,0,0,0,1,60.42,11:25:50,10/10/2023,101.01,55.02,--.--
low,2,1837,30.62,15.7,3.13,2299,49.141,1.69,35.52183731,25:51.4,6.4,1,76,0,0,0,0,0,0,0,-29.7,-29.1,-8.88,-8.832,0,0.97,8635.3,0:26:46,234.8,0,--.--,279,210.3,55,0000:00:00,74,0,80,0,30,0,0,3.18,0,0,0,1,49.13,11:25:51,10/10/2023,101.01,55.02,--.--
low,2,1838,30.63,15.62,2.9,2300,45.298,1.66,35.53760442,25:52.4,6.2,1,77,0,0,0,0,0,0,0,-29.6,-29.1,-8.87,-8.835,0,0.94,8635.3,0:26:47,234.7,0,--.--,279,210.2,45,0000:00:00,74,0,80,0,30,0,0,3.08,0,0,0,1,45.3,11:25:52,10/10/2023,101.01,55.02,--.--
low,2,1839,30.65,15.7,3.24,2300,50.868,1.71,35.55280531,25:53.4,6.5,1.1,77,0,0,0,0,0,0,0,-29.6,-29.1,-8.85,-8.838,0,0.97,8635.3,0:26:48,234.6,0,--.--,279,210.1,45,0000:00:00,74,0,80,0,30,0,0,3.18,0,0,0,1,50.86,11:25:53,10/10/2023,101.01,55.02,--.--
low,2,1840,30.67,15.69,3.38,2301,53.0322,1.72,35.56831108,25:54.4,6.3,1.2,77,0,0,0,0,0,0,0,-29.6,-29,-8.84,-8.837,0,1,8635.3,0:26:49,234.6,0,--.--,279,210.1,45,0000:00:00,74,0,80,0,30,0,0,3.28,0,0,0,1,53.02,11:25:54,10/10/2023,101.01,55.02,--.--
low,2,1841,30.68,15.69,3.9,2302,61.191,1.79,35.58265,25:55.4,6.4,0.9,77,0,0,0,0.1,0,0,0,-29.5,-29,-8.84,-8.816,0,0.99,8635.3,0:26:50,234.7,0,--.--,279,210.2,45,0000:00:00,74,0,80,0,30,0,0,3.25,0,0,0,1,61.18,11:25:55,10/10/2023,101.01,55.02,--.--
low,2,1842,30.7,15.68,3.59,2303,56.2912,1.75,35.59625458,25:56.4,6.6,0.6,77,0,0,0,0.1,0,0,0,-29.5,-29,-8.84,-8.816,0,0.97,8635.3,0:26:51,234.9,0,--.--,279,210.4,46,0000:00:00,74,0,80,0,30,0,0,3.18,0,0,0,1,56.29,11:25:56,10/10/2023,101.05,55.02,--.--
low,2,1843,30.72,15.68,3.62,2304,56.7616,1.75,35.61462331,25:57.4,6.6,0.3,77,0,0,0,0.1,0,0,0,-29.5,-29,-8.84,-8.816,0,0.96,8635.3,0:26:52,235.2,0,--.--,279,210.7,45,0000:00:00,74,0,80,0,30,0,0,3.15,0,0,0,1,56.76,11:25:57,10/10/2023,101.05,55.02,--.--
low,2,1844,30.73,15.68,3.49,2305,54.7232,1.74,35.63095664,25:58.4,6.5,0.6,77,0,0,0,0.1,0,0,0,-29.6,-29,-8.84,-8.818,0,0.98,8635.3,0:26:53,235.4,0,--.--,279,210.9,45,0000:00:00,74,0,80,0,30,0,0,3.22,0,0,0,1,54.73,11:25:58,10/10/2023,101.05,55.02,--.--
low,2,1845,30.75,15.68,3.56,2306,55.8208,1.75,35.64647231,25:59.4,6.6,0.5,77,0,0,0,0.1,0,0,0,-29.6,-29,-8.85,-8.836,0,0.92,8635.3,0:26:54,235.7,0,--.--,279,211.2,46,0000:00:00,74,0,80,0,30,0,0,3.02,0,0,0,1,55.83,11:25:59,10/10/2023,101.07,55.02,--.--
low,2,1846,30.77,15.69,3.29,2307,51.6201,1.71,35.66119408,26:00.4,5.2,0.3,77,0,0,0,0.1,0,0,0,-29.6,-29.1,-8.86,-8.855,0,0.9,8635.3,0:26:55,235.9,0,--.--,279,211.4,61,0000:00:00,74,0,80,0,30,0,0,2.95,0,0,0,1,51.62,11:26:00,10/10/2023,101.07,55.02,--.--
low,2,1847,30.78,15.45,3.17,2310,48.9765,1.69,35.67574164,26:01.4,6.7,0.2,77,0,0,0,0.1,0,0,0.1,-29.3,-28.7,-8.75,-8.826,0,0.97,8635.3,0:26:56,236.1,0,--.--,279,211.6,46,0000:00:00,74,0,80,0,30,0,0,3.18,0,0,0,1,48.99,11:26:01,10/10/2023,101.07,55.02,--.--
low,2,1848,30.8,15.67,4.22,2311,66.1274,1.82,35.69094253,26:02.4,6.3,0,78,0,0,0,0,0,0,0,-29,-28.5,-8.68,-8.685,0,1.03,8635.3,0:26:57,236.3,0,--.--,279,211.8,43,0000:00:00,74,0,80,0,30,0,0,3.38,0,0,0,1,66.14,11:26:02,10/10/2023,101.08,55.02,--.--
low,2,1849,30.82,15.68,3.75,2312,58.8,1.77,35.70515069,26:03.4,6.5,0.6,78,0,0,0,0,0,0,0,-29.1,-28.6,-8.72,-8.677,0,1.01,8635.3,0:26:58,236.4,0,--.--,279,211.9,46,0000:00:00,74,0,80,0,30,0,0,3.31,0,0,0,1,58.81,11:26:03,10/10/2023,101.08,55.02,--.--
low,2,1850,30.83,15.69,3.56,2313,55.8564,1.75,35.74825919,26:04.4,7.5,1.3,78,0,0,0,0.1,0,0,0,-29.3,-28.8,-8.77,-8.764,0,0.98,8635.3,0:26:59,236.5,0,--.--,279,212,49,0000:00:00,74,0,80,0,30,0,0,3.22,0,0,0,1,55.84,11:26:04,10/10/2023,101.08,55.02,--.--
low,2,1851,30.85,15.68,3.38,2314,52.9984,1.72,35.76137778,26:05.4,6.2,1.4,78,0,0,0,0.1,0,0,0,-29.4,-28.9,-8.8,-8.838,0,0.96,8641.9,0:27:00,236.7,0,--.--,279,212.2,50,0000:00:00,74,0,80,0,30,0,0,3.15,0,0,0,1,53.01,11:26:05,10/10/2023,101.08,55.02,--.--
low,2,1852,30.87,15.68,3.34,2315,52.3712,1.72,35.79191922,26:06.4,6.5,0.9,78,0,0,0,0.1,0,0,0,-29.4,-28.9,-8.8,-8.86,0,0.94,8641.9,0:27:01,236.9,0,--.--,279,212.4,50,0000:00:00,74,0,80,0,30,0,0,3.08,0,0,0,1,52.38,11:26:06,10/10/2023,101.1,55.02,--.--
low,2,1853,30.88,15.68,3.49,2316,54.7232,1.74,35.80590056,26:07.4,6,0.4,78,0,0,0,0.1,0,0,0,-29.4,-28.8,-8.79,-8.856,0,0.94,8641.9,0:27:02,237.2,0,--.--,279,212.6,50,0000:00:00,74,0,80,0,30,0,0,3.08,0,0,0,1,54.74,11:26:07,10/10/2023,101.1,55.02,--.--
low,2,1854,30.9,15.69,3.26,2316,51.1494,1.71,35.81988189,26:08.4,6.9,-0.1,78,0,0,0,0.1,0,0,0,-29.4,-28.8,-8.78,-8.823,0,0.91,8641.9,0:27:03,237.4,0,--.--,279,212.9,49,0000:00:00,74,0,80,0,30,0,0,2.99,0,0,0,1,51.14,11:26:08,10/10/2023,101.1,55.02,--.--
low,2,1855,30.92,15.66,9.91,2318,155.1906,2.19,35.83902189,26:09.4,6.2,0.1,81,0,0,0,0.1,0,0,0,-29.3,-28.7,-8.75,-8.812,0,0.91,8641.9,0:27:04,237.7,0,--.--,279,213.1,47,0000:00:00,74,0,80,0,30,0,0,2.99,0,0,0,1,155.17,11:26:09,10/10/2023,101.12,55.02,--.--
low,2,1856,30.93,15.69,3.01,2319,47.2269,1.67,35.85444056,26:10.4,6.1,0.1,83,0,0,0,0,0,0,0,-29.2,-28.6,-8.72,-8.748,0,0.94,8641.9,0:27:05,237.9,0,--.--,279,213.3,44,0000:00:00,74,0,80,0,30,0,0,3.08,0,0,0,1,47.23,11:26:10,10/10/2023,101.12,55.02,--.--
low,2,1857,30.95,15.64,7.03,2321,109.9492,2.04,35.86872678,26:11.4,6.6,-0.3,85,0,0,0,0,0,0,0,-29.3,-28.7,-8.76,-8.752,0,0.92,8641.9,0:27:06,237.9,0,--.--,279,213.3,50,0000:00:00,74,0,80,0,30,0,0,3.02,0,0,0,1,109.93,11:26:11,10/10/2023,101.12,55.02,--.--
low,2,1858,30.97,15.68,3.21,2322,50.3328,1.7,35.88231611,26:12.4,6.5,1.5,86,0,0,0,0,0,0,0,-29.4,-28.8,-8.79,-8.804,0,0.89,8641.9,0:27:07,237.9,0,--.--,279,213.4,50,0000:00:00,74,0,80,0,30,0,0,2.92,0,0,0,1,50.34,11:26:12,10/10/2023,101.12,55.02,--.--
low,2,1859,30.98,15.68,3.21,2323,50.3328,1.7,35.89821389,26:13.4,6.5,0,85,0,0,0,0.1,0,0,0,-29.4,-28.9,-8.8,-8.841,0,0.87,8641.9,0:27:08,238,0,--.--,279,213.5,51,0000:00:00,74,0,80,0,30,0,0,2.85,0,0,0,1,50.35,11:26:13,10/10/2023,101.12,55.02,--.--
low,2,1860,31,15.66,4.4,2324,68.904,1.84,35.91341478,26:14.4,6.8,1.4,86,0,0,0,0.1,0,0,0,-29.4,-28.9,-8.81,-8.861,0,0.87,8641.9,0:27:09,238.3,0,--.--,279,213.7,51,0000:00:00,74,0,80,0,30,0,0,2.85,0,0,0,1,68.89,11:26:14,10/10/2023,101.14,55.02,--.--
low,2,1861,31.02,15.68,3.54,2325,55.5072,1.74,35.929433,26:15.4,6.9,0,85,0,0,0,0.1,0,0,0,-29.4,-28.9,-8.8,-8.847,0,0.87,8641.9,0:27:10,238.6,0,--.--,279,214,50,0000:00:00,74,0,80,0,30,0,0,2.85,0,0,0,1,55.51,11:26:15,10/10/2023,101.14,55.02,--.--
low,2,1862,31.03,15.68,3.28,2326,51.4304,1.71,35.94450322,26:16.4,6.6,-0.9,87,0,0,0,0.1,0,0,0,-29.4,-28.8,-8.79,-8.828,0,0.89,8641.9,0:27:11,238.9,0,--.--,279,214.3,50,0000:00:00,74,0,80,0,30,0,0,2.92,0,0,0,1,51.43,11:26:16,10/10/2023,101.14,55.02,--.--
low,2,1863,31.05,15.68,3.12,2327,48.9216,1.69,35.95957344,26:17.4,6.1,-0.7,94,0,0,0,0.1,0,0,0,-29.3,-28.8,-8.77,-8.804,0,0.9,8641.9,0:27:12,239.1,0,--.--,279,214.6,49,0000:00:00,74,0,80,0,30,0,0,2.95,0,0,0,1,48.91,11:26:17,10/10/2023,101.14,55.02,--.--
low,2,1864,31.07,15.68,3.65,2328,57.232,1.76,35.97446944,26:18.4,6.6,-0.6,97,0,0,0,0.1,0,0,0,-29.3,-28.7,-8.76,-8.767,0,0.89,8641.9,0:27:13,239.4,0,--.--,279,214.8,54,0000:00:00,74,0,80,0,30,0,0,2.92,0,0,0,1,57.23,11:26:18,10/10/2023,101.14,55.02,--.--
low,2,1865,31.08,15.68,3.49,2329,54.7232,1.74,35.99118411,26:19.4,5.9,-2.2,97,0,0,0,0.1,0,0,0,-29.2,-28.7,-8.75,-8.745,0,0.93,8641.9,0:27:14,239.6,0,--.--,279,215.1,48,0000:00:00,74,0,80,0,30,0,0,3.05,0,0,0,1,54.73,11:26:19,10/10/2023,101.14,55.02,--.--
low,2,1866,31.1,15.67,3.68,2330,57.6656,1.76,36.00712544,26:20.4,5.9,-1.5,97,0,0,0,0.1,0,0,0,-29.2,-28.7,-8.74,-8.726,0,0.97,8641.9,0:27:15,239.8,0,--.--,279,215.3,48,0000:00:00,74,0,80,0,30,0,0,3.18,0,0,0,1,57.68,11:26:20,10/10/2023,101.14,55.02,--.--
low,2,1867,31.12,15.68,3.46,2331,54.2528,1.73,36.02097611,26:21.4,6.8,-2.3,97,0,0,0,0.1,0,0,0,-29.2,-28.7,-8.74,-8.722,0,0.98,8641.9,0:27:16,240.1,0,--.--,279,215.6,48,0000:00:00,74,0,80,0,30,0,0,3.22,0,0,0,1,54.26,11:26:21,10/10/2023,101.17,55.02,--.--
low,2,1868,31.13,15.68,3.46,2331,54.2528,1.73,36.03556722,26:22.4,5.5,-1.7,97,0,0,0,0.1,0,0,0,-29.2,-28.6,-8.73,-8.708,0,0.99,8641.9,0:27:17,240.3,0,--.--,279,215.8,48,0000:00:00,74,0,80,0,30,0,0,3.25,0,0,0,1,54.24,11:26:22,10/10/2023,101.17,55.02,--.--
low,2,1869,31.15,15.68,3.42,2332,53.6256,1.73,36.04927847,26:23.4,5.6,-2,97,0,0,0,0.1,0,0,0,-29.2,-28.6,-8.73,-8.706,0,1.02,8641.9,0:27:18,240.6,0,--.--,279,220.1,48,0000:00:00,74,0,80,0,30,0,0,3.35,0,0,0,1,53.61,11:26:23,10/10/2023,101.17,55.02,--.--
low,2,1870,31.17,15.67,3.84,2333,60.1728,1.78,36.0687975,26:24.4,-0.1,-3.1,92,0,0,0,0.1,0,0,-0.1,-29.2,-28.7,-8.76,-8.723,0,1.02,8641.9,0:27:19,240.9,0,--.--,279,220.4,37,0000:00:00,74,0,80,0,30,0,0,3.35,0,0,0,1,60.18,11:26:24,10/10/2023,101.17,55.02,--.--
low,2,1871,31.18,15.68,3.66,2334,57.3888,1.76,36.0839355,26:25.4,8.6,0.7,95,0,0,0,0.1,0,0,0,-29.4,-28.9,-8.81,-8.793,0,1,8641.9,0:27:20,241.1,0,--.--,279,220.6,50,0000:00:00,74,0,80,0,30,0,0,3.28,0,0,0,1,57.37,11:26:25,10/10/2023,101.17,55.02,--.--
low,2,1872,31.2,15.68,3.18,2335,49.8624,1.7,36.0988855,26:26.4,5.6,-0.5,94,0,0,0,0,0,0,0,-29.5,-29,-8.83,-8.865,0,0.98,8641.9,0:27:21,241.2,0,--.--,279,220.8,51,0000:00:00,74,0,80,0,30,0,0,3.22,0,0,0,1,49.88,11:26:26,10/10/2023,101.17,55.02,--.--
low,2,1873,31.22,15.68,3.35,2336,52.528,1.72,36.11243128,26:27.4,5.9,-1.2,95,0,0,0,0,0,0,0,-29.5,-29,-8.83,-8.873,0,1.01,8641.9,0:27:22,241.4,0,--.--,279,220.9,51,0000:00:00,74,0,80,0,30,0,0,3.31,0,0,0,1,52.53,11:26:27,10/10/2023,101.17,55.02,--.--
low,2,1874,31.23,15.67,3.15,2337,49.3605,1.69,36.12938544,26:28.4,6.4,-0.8,94,0,0,0,0.1,0,0,0,-29.5,-28.9,-8.81,-8.847,0,1.01,8641.9,0:27:23,241.5,0,--.--,279,221,50,0000:00:00,74,0,80,0,30,0,0,3.31,0,0,0,1,49.37,11:26:28,10/10/2023,101.17,55.02,--.--
low,2,1875,31.25,15.65,4.49,2338,70.2685,1.85,36.144359,26:29.4,6.1,-1,94,0,0,0,0.1,0,0,0,-29.4,-28.9,-8.81,-8.828,0,1.02,8641.9,0:27:24,241.7,0,--.--,279,221.2,50,0000:00:00,74,0,80,0,30,0,0,3.35,0,0,0,1,70.25,11:26:29,10/10/2023,101.21,55.02,--.--
low,2,1876,31.27,15.66,3.48,2339,54.4968,1.74,36.16038744,26:30.4,5.5,-6.5,93,0,0,0,0.1,0,0,-0.1,-29.5,-28.9,-8.83,-8.827,0,1.03,8641.9,0:27:25,242,0,--.--,279,221.5,41,0000:00:00,74,0,80,0,30,0,0,3.38,0,0,0,1,54.51,11:26:30,10/10/2023,101.21,55.02,--.--
low,2,1877,31.28,15.6,3.45,2341,53.82,1.73,36.17561244,26:31.4,6.9,-0.7,95,0,0,0,0.1,0,0,0,-29.7,-29.1,-8.88,-8.878,0,1,8641.9,0:27:26,242.1,0,--.--,279,221.7,51,0000:00:00,74,0,80,0,30,0,0,3.28,0,0,0,1,53.81,11:26:31,10/10/2023,101.21,55.02,--.--
low,2,1878,31.3,15.68,3.11,2341,48.7648,1.69,36.19448156,26:32.4,5.8,-0.5,94,0,0,0,0.1,0,0,0,-29.7,-29.2,-8.9,-8.925,0,0.98,8641.9,0:27:27,242.3,0,--.--,279,221.8,51,0000:00:00,74,0,80,0,30,0,0,3.22,0,0,0,1,48.78,11:26:32,10/10/2023,101.21,55.02,--.--
low,2,1879,31.32,15.65,3.9,2342,61.035,1.79,36.20984686,26:33.4,6.4,-1.6,94,0,0,0,0.1,0,0,0,-29.8,-29.2,-8.91,-8.951,0,0.98,8641.9,0:27:28,242.5,0,--.--,279,222,52,0000:00:00,74,0,80,0,30,0,0,3.22,0,0,0,1,61.05,11:26:33,10/10/2023,101.23,55.02,--.--
low,2,1880,31.33,15.67,3.44,2343,53.9048,1.73,36.22524586,26:34.4,6.4,-1.6,94,0,0,0,0.1,0,0,0,-29.7,-29.2,-8.9,-8.944,0,1.02,8641.9,0:27:29,242.6,0,--.--,279,222.2,50,0000:00:00,74,0,80,0,30,0,0,3.35,0,0,0,1,53.89,11:26:34,10/10/2023,101.23,55.02,--.--
low,2,1881,31.35,15.68,3.68,2344,57.7024,1.76,36.24376503,26:35.4,5.5,-0.1,92,0,0,0,0.1,0,0,0,-29.7,-29.1,-8.87,-8.892,0,1.05,8641.9,0:27:30,242.8,0,--.--,279,222.3,49,0000:00:00,74,0,80,0,30,0,0,3.44,0,0,0,1,57.71,11:26:35,10/10/2023,101.23,55.06,--.--
low,2,1882,31.37,15.66,3.5,2345,54.81,1.74,36.26099103,26:36.4,6.4,-1,88,0,0,0,0,0,0,0,-29.6,-29.1,-8.87,-8.868,0,1.08,8648.5,0:27:31,242.9,0,--.--,279,222.5,48,0000:00:00,74,0,80,0,30,0,0,3.54,0,0,0,1,54.82,11:26:36,10/10/2023,101.25,55.02,--.--
low,2,1883,31.38,15.58,4.36,2347,67.9288,1.83,36.27756453,26:37.4,6.1,-1.1,90,0,0,0,0,0,0,0,-29.7,-29.2,-8.9,-8.892,0,1.08,8648.5,0:27:32,243,0,--.--,279,222.5,49,0000:00:00,74,0,80,0,30,0,0,3.54,0,0,0,1,67.94,11:26:37,10/10/2023,101.26,55.02,--.--
low,2,1884,31.4,15.67,3.53,2348,55.3151,1.74,36.29167653,26:38.4,6.2,0.6,90,0,0,0,0.1,0,0,0,-29.7,-29.2,-8.9,-8.906,0,1.07,8648.5,0:27:33,243.1,0,--.--,279,226.7,50,0000:00:00,74,0,80,0,30,0,0,3.51,0,0,0,1,55.32,11:26:38,10/10/2023,101.25,55.02,--.--
low,2,1885,31.42,15.66,3.54,2349,55.4364,1.74,36.30535297,26:39.4,6.1,-2.9,89,0,0,0,0.1,0,0,0,-29.7,-29.2,-8.9,-8.91,0,1.09,8648.5,0:27:34,243.2,0,--.--,279,226.8,49,0000:00:00,74,0,80,0,30,0,0,3.58,0,0,0,1,55.45,11:26:39,10/10/2023,101.26,55.02,--.--
low,2,1886,31.43,15.65,4.26,2350,66.669,1.82,36.32019594,26:40.4,7.8,-0.6,90,0,0,0,0.1,0,0,0,-29.7,-29.2,-8.89,-8.894,0,1.12,8648.5,0:27:35,243.5,0,--.--,279,227.1,49,0000:00:00,74,0,80,0,30,0,0,3.67,0,0,0,1,66.68,11:26:40,10/10/2023,101.26,55.02,--.--
low,2,1887,31.45,15.66,3.96,2351,62.0136,1.79,36.3568865,26:41.4,7.6,-1.8,89,0,0,0,0.1,0,0,0,-29.7,-29.1,-8.88,-8.877,0,1.15,8648.5,0:27:36,243.9,0,--.--,279,227.4,49,0000:00:00,74,0,80,0,30,0,0,3.77,0,0,0,1,62,11:26:41,10/10/2023,101.28,55.02,--.--
low,2,1888,31.47,15.66,3.81,2352,59.6646,1.78,36.37469872,26:42.4,6.8,-2.7,89,0,0,0,0.1,0,0,0,-29.7,-29.1,-8.88,-8.878,0,1.18,8648.5,0:27:37,244.2,0,--.--,280,227.8,49,0000:00:00,74,0,80,0,30,0,0,3.87,0,0,0,1,59.68,11:26:42,10/10/2023,101.28,55.02,--.--
low,2,1889,31.48,15.68,3.24,2353,50.8032,1.71,36.39048922,26:43.4,3.1,-0.7,89,0,0,0,0,0,0,0,-29.5,-29,-8.84,-8.849,0,1.22,8648.5,0:27:38,244.4,0,--.--,280,228,45,0000:00:00,74,0,80,0,30,0,0,4,0,0,0,1,50.79,11:26:43,10/10/2023,101.28,55.06,--.--
low,2,1890,31.5,15.68,3.14,2354,49.2352,1.69,36.40601597,26:44.4,5.6,-0.4,90,0,0,0,0,0,0,0,-29.4,-28.9,-8.8,-8.765,0,1.26,8648.5,0:27:39,244.4,0,--.--,280,228,45,0000:00:00,74,0,80,0,30,0,0,4.13,0,0,0,1,49.23,11:26:44,10/10/2023,101.28,55.02,--.--
low,2,1891,31.52,15.67,3.41,2355,53.4347,1.73,36.43587764,26:45.4,4.2,-0.8,89,0,0,0,0,0,0,0,-29.4,-28.8,-8.78,-8.72,0,1.29,8648.5,0:27:40,244.5,0,--.--,280,228.1,45,0000:00:00,74,0,80,0,30,0,0,4.23,0,0,0,1,53.43,11:26:45,10/10/2023,101.3,55.02,--.--
low,2,1892,31.53,15.65,8.44,2356,132.086,2.12,36.45155106,26:46.4,3.8,-1.9,89,0,0,0,0,0,0,-0.2,-29.4,-28.9,-8.82,-8.701,0,1.31,8648.5,0:27:41,244.6,0,--.--,280,232.2,33,0000:00:00,74,0,80,0,30,0,0,4.3,0,0,0,1,132.12,11:26:46,10/10/2023,101.3,55.06,--.--
low,2,1893,31.55,15.64,4.1,2357,64.124,1.81,36.46677606,26:47.4,7.6,1.1,90,0,0,0,0.1,0,0,-0.1,-29.9,-29.3,-8.95,-8.874,0,1.16,8648.5,0:27:42,244.8,0,--.--,280,232.4,50,0000:00:00,74,0,80,0,30,0,0,3.81,0,0,0,1,64.13,11:26:47,10/10/2023,101.3,55.02,--.--
low,2,1894,31.57,15.66,3.63,2359,56.8458,1.75,36.48290425,26:48.4,7.5,1.1,92,0,0,0,0.1,0,0,0,-30.1,-29.6,-9.02,-9.039,0,1.12,8648.5,0:27:43,245,0,--.--,280,232.6,53,0000:00:00,74,0,80,0,30,0,0,3.67,0,0,0,1,56.84,11:26:48,10/10/2023,101.3,55.02,--.--
low,2,1895,31.58,15.57,3.59,2360,55.8963,1.75,36.50448233,26:49.4,6.4,-0.5,91,0,0,0,0,0,0,-0.1,-30.4,-29.9,-9.12,-9.14,0,1.04,8648.5,0:27:44,245.1,0,--.--,280,232.7,51,0000:00:00,74,0,80,0,30,0,0,3.41,0,0,0,1,55.9,11:26:49,10/10/2023,101.3,55.02,--.--
low,2,1896,31.6,15.58,6.9,2362,107.502,2.03,36.52134956,26:50.4,6.6,0.4,98,0,0,0,0,0,0,0,-30.7,-30.2,-9.19,-9.269,0,0.96,8648.5,0:27:45,245.2,0,--.--,280,232.9,55,0000:00:00,74,0,80,0,30,0,0,3.15,0,0,0,1,107.49,11:26:50,10/10/2023,101.3,55.02,--.--
low,2,1897,31.62,15.63,3.61,2363,56.4243,1.75,36.55085136,26:51.4,4.9,-1.6,101,0,0,0,0,0,0,0,-30.8,-30.2,-9.21,-9.342,0,0.95,8648.5,0:27:46,245.3,0,--.--,280,232.9,56,0000:00:00,74,0,80,0,30,0,0,3.12,0,0,0,1,56.44,11:26:51,10/10/2023,101.3,55.02,--.--
low,2,1898,31.63,15.66,3.5,2364,54.81,1.74,36.56839169,26:52.4,5.1,-0.2,102,0,0,0,0,0,0,0,-30.7,-30.2,-9.19,-9.323,0,0.97,8648.5,0:27:47,245.3,0,--.--,280,233,55,0000:00:00,74,0,80,0,30,0,0,3.18,0,0,0,1,54.81,11:26:52,10/10/2023,101.34,55.02,--.--
low,2,1899,31.65,15.65,3.71,2365,58.0615,1.76,36.58888436,26:53.4,5,-1.3,101,0,0,0,0.1,0,0,0,-30.6,-30.1,-9.17,-9.269,0,0.99,8648.5,0:27:48,245.4,0,--.--,280,233.1,55,0000:00:00,74,0,80,0,30,0,0,3.25,0,0,0,1,58.05,11:26:53,10/10/2023,101.34,55.02,--.--
low,2,1900,31.67,15.63,4.97,2366,77.6811,1.89,36.60730481,26:54.4,5.4,-2.6,101,0,0,0,0.1,0,0,0,-30.5,-30,-9.14,-9.225,0,1.02,8648.5,0:27:49,245.8,0,--.--,280,233.4,54,0000:00:00,74,0,80,0,30,0,0,3.35,0,0,0,1,77.67,11:26:54,10/10/2023,101.34,55.02,--.--
low,2,1901,31.68,15.65,3.88,2368,60.722,1.78,36.62559492,26:55.4,7.1,-3.8,105,0,0,0,0.1,0,0,0,-30.4,-29.9,-9.1,-9.162,0,1.05,8648.5,0:27:50,246.2,0,--.--,280,233.8,50,0000:00:00,74,0,80,0,30,0,0,3.44,0,0,0,1,60.71,11:26:55,10/10/2023,101.34,55.02,--.--
low,2,1902,31.7,15.55,6.83,2369,106.2065,2.03,36.66901175,26:56.4,3.6,-2.3,108,0,0,0,0,0,0,-0.1,-30.5,-30,-9.14,-9.105,0,1.09,8648.5,0:27:51,246.3,0,--.--,280,234,51,0000:00:00,74,0,80,0,30,0,0,3.58,0,0,0,1,106.24,11:26:56,10/10/2023,101.35,55.02,--.--
low,2,1903,31.72,15.63,4.04,2370,63.1452,1.8,36.69334064,26:57.4,4.3,-1.1,109,0,0,0,0.1,0,0,0,-30.7,-30.2,-9.2,-9.189,0,1,8648.5,0:27:52,246.5,0,--.--,280,234.1,53,0000:00:00,74,0,80,0,30,0,0,3.28,0,0,0,1,63.15,11:26:57,10/10/2023,101.35,55.06,--.--
low,2,1904,31.73,15.63,4.72,2371,73.7736,1.87,36.71067497,26:58.4,1.2,-2.5,108,0,0,0,0.1,0,0,0,-30.9,-30.3,-9.24,-9.25,0,1,8648.5,0:27:53,246.8,0,--.--,280,234.4,57,0000:00:00,74,0,80,0,30,0,0,3.28,0,0,0,1,73.75,11:26:58,10/10/2023,101.35,55.02,--.--
low,2,1905,31.75,15.64,4.24,2373,66.3136,1.82,36.72836817,26:59.4,4.6,-1.4,108,0,0,0,0.1,0,0,0,-30.9,-30.3,-9.25,-9.279,0,0.99,8648.5,0:27:54,247.1,0,--.--,280,234.7,52,0000:00:00,74,0,80,0,30,0,0,3.25,0,0,0,1,66.3,11:26:59,10/10/2023,101.35,55.02,--.--
low,2,1906,31.77,15.64,4.21,2374,65.8444,1.82,36.74501803,27:00.4,-1.3,-3.5,108,0,0,0,0.1,0,0,-0.1,-30.8,-30.3,-9.24,-9.258,0,1.02,8648.5,0:27:55,247.4,0,--.--,280,235,34,0000:00:00,74,0,80,0,30,0,0,3.35,0,0,0,1,65.84,11:27:00,10/10/2023,101.35,55.02,--.--
low,2,1907,31.78,15.46,10.11,2376,156.3006,2.19,36.78453064,27:01.4,3.7,-0.8,108,0,0,0,0.1,0,0,-0.1,-31.3,-30.7,-9.39,-9.326,0,0.94,8648.5,0:27:56,247.6,0,--.--,280,235.2,52,0000:00:00,74,0,80,0,30,0,0,3.08,0,0,0,1,156.33,11:27:01,10/10/2023,101.37,55.02,--.--
low,2,1908,31.8,15.64,5.6,2377,87.584,1.94,36.80606531,27:02.4,2,-0.8,108,0,0,0,0.1,0,0,0,-31.6,-31.1,-9.47,-9.494,0,0.84,8648.5,0:27:57,247.7,0,--.--,280,235.4,55,0000:00:00,74,0,80,0,30,0,0,2.76,0,0,0,1,87.57,11:27:02,10/10/2023,101.37,55.02,--.--
low,2,1909,31.82,15.64,3.99,2379,62.4036,1.8,36.82480931,27:03.4,1.9,-1.7,108,0,0,0,0,0,0,0,-31.7,-31.1,-9.49,-9.577,0,0.83,8648.5,0:27:58,247.9,0,--.--,280,235.5,55,0000:00:00,74,0,80,0,30,0,0,2.72,0,0,0,1,62.39,11:27:03,10/10/2023,101.37,55.02,--.--
low,2,1910,31.83,15.65,4.07,2380,63.6955,1.8,36.84296908,27:04.4,2.8,-1.7,108,0,0,0,0,0,0,0,-31.6,-31.1,-9.47,-9.555,0,0.84,8648.5,0:27:59,248,0,--.--,280,235.6,54,0000:00:00,74,0,80,0,30,0,0,2.76,0,0,0,1,63.68,11:27:04,10/10/2023,101.39,55.02,--.--
low,2,1911,31.85,15.65,3.83,2381,59.9395,1.78,36.86063967,27:05.4,4.4,-2.5,108,0,0,0,0,0,0,0,-31.5,-30.9,-9.43,-9.489,0,0.88,8648.5,0:28:00,248.1,0,--.--,280,235.7,51,0000:00:00,74,0,80,0,30,0,0,2.89,0,0,0,1,59.93,11:27:05,10/10/2023,101.39,55.02,--.--
low,2,1912,31.87,15.58,9.13,2382,142.2454,2.15,36.91080925,27:06.4,0.9,-2.6,108,0,0,0,0,0,0,0,-31.5,-31,-9.46,-9.431,0,0.9,8648.5,0:28:01,248.2,0,--.--,280,235.8,55,0000:00:00,74,0,80,0,30,0,0,2.95,0,0,0,1,142.25,11:27:06,10/10/2023,101.39,55.02,--.--
low,2,1913,31.88,15.63,4.96,2384,77.5248,1.89,36.93117167,27:07.4,5,-1.6,108,0,0,0,0,0,0,0,-31.6,-31.1,-9.48,-9.472,0,0.85,8648.5,0:28:02,248.3,0,--.--,280,236,52,0000:00:00,74,0,80,0,30,0,0,2.79,0,0,0,1,77.53,11:27:07,10/10/2023,101.41,55.02,--.--
low,2,1914,31.9,15.62,4.32,2385,67.4784,1.83,36.94737644,27:08.4,3.6,-1.5,110,0,0,0,0.1,0,0,0,-31.7,-31.1,-9.48,-9.495,0,0.85,8648.5,0:28:03,248.5,0,--.--,280,236.1,52,0000:00:00,74,0,80,0,30,0,0,2.79,0,0,0,1,67.48,11:27:08,10/10/2023,101.41,55.02,--.--
low,2,1915,31.92,15.64,4.18,2386,65.3752,1.82,36.96302644,27:09.4,5.3,-2.6,108,0,0,0,0.1,0,0,0,-31.6,-31.1,-9.47,-9.476,0,0.9,8655.1,0:28:04,248.7,0,--.--,280,236.3,51,0000:00:00,74,0,80,0,30,0,0,2.95,0,0,0,1,65.36,11:27:09,10/10/2023,101.43,55.02,--.--
low,2,1916,31.93,15.63,4.07,2387,63.6141,1.8,36.983506,27:10.4,2.2,-3.4,108,0,0,0,0.1,0,0,0,-31.5,-31,-9.45,-9.436,0,0.9,8655.1,0:28:05,248.9,0,--.--,280,236.6,35,0000:00:00,74,0,80,0,30,0,0,2.95,0,0,0,1,63.61,11:27:10,10/10/2023,101.41,55.02,--.--
low,2,1917,31.95,15.45,11.69,2389,180.6105,2.26,36.99892878,27:11.4,5.8,-1.9,108,0,0,0,0,0,0,-0.1,-31.8,-31.3,-9.55,-9.48,0,0.84,8655.1,0:28:06,249.1,0,--.--,280,236.8,53,0000:00:00,74,0,80,0,30,0,0,2.76,0,0,0,1,180.55,11:27:11,10/10/2023,101.43,55.02,--.--
low,2,1918,31.97,15.63,4.69,2391,73.3047,1.87,37.01844706,27:12.4,5,-1.1,108,0,0,0,0.1,0,0,0,-32.1,-31.6,-9.63,-9.626,0,0.74,8655.1,0:28:07,249.3,0,--.--,280,237,53,0000:00:00,74,0,80,0,30,0,0,2.43,0,0,0,1,73.29,11:27:12,10/10/2023,101.43,55.02,--.--
low,2,1919,31.98,15.64,3.73,2392,58.3372,1.77,37.03639856,27:13.4,4.4,-2.6,107,0,0,0,0,0,0,0,-32.2,-31.7,-9.65,-9.708,0,0.75,8655.1,0:28:08,249.5,0,--.--,280,237.1,54,0000:00:00,74,0,80,0,30,0,0,2.46,0,0,0,1,58.35,11:27:13,10/10/2023,101.43,55.02,--.--
low,2,1920,32,15.65,3.6,2393,56.34,1.75,37.05172464,27:14.4,4.8,-1,108,0,0,0,0.1,0,0,0,-32.1,-31.6,-9.62,-9.686,0,0.74,8655.1,0:28:09,249.6,0,--.--,280,237.2,52,0000:00:00,74,0,80,0,30,0,0,2.43,0,0,0,1,56.33,11:27:14,10/10/2023,101.44,55.02,--.--
low,2,1921,32.02,15.62,4.72,2394,73.7264,1.87,37.06611394,27:15.4,2.9,-3.4,108,0,0,0,0.1,0,0,0,-32.1,-31.5,-9.61,-9.628,0,0.79,8655.1,0:28:10,249.8,0,--.--,280,237.4,49,0000:00:00,74,0,80,0,30,0,0,2.59,0,0,0,1,73.71,11:27:15,10/10/2023,101.44,55.06,--.--
low,2,1922,32.03,15.64,3.55,2396,55.522,1.74,37.08102492,27:16.4,5.9,-3.3,108,0,0,0,0.1,0,0,0,-32.1,-31.6,-9.62,-9.602,0,0.79,8655.1,0:28:11,250,0,--.--,280,237.7,50,0000:00:00,74,0,80,0,30,0,0,2.59,0,0,0,1,55.53,11:27:16,10/10/2023,101.44,55.02,--.--
low,2,1923,32.05,15.58,4.51,2397,70.2658,1.85,37.09580547,27:17.4,4.8,-3.7,108,0,0,0,0,0,0,0,-32.2,-31.7,-9.65,-9.616,0,0.79,8655.1,0:28:12,250.2,0,--.--,280,237.8,52,0000:00:00,74,0,80,0,30,0,0,2.59,0,0,0,1,70.26,11:27:17,10/10/2023,101.46,55.02,--.--
low,2,1924,32.07,15.61,4.14,2398,64.6254,1.81,37.11132506,27:18.4,4.9,-1.1,108,0,0,0,0.1,0,0,0,-32.2,-31.7,-9.65,-9.637,0,0.79,8655.1,0:28:13,250.3,0,--.--,280,238,52,0000:00:00,74,0,80,0,30,0,0,2.59,0,0,0,1,64.63,11:27:18,10/10/2023,101.46,55.02,--.--
low,2,1925,32.08,15.63,3.53,2399,55.1739,1.74,37.13524764,27:19.4,6.3,-2.2,107,0,0,0,0.1,0,0,0,-32.2,-31.6,-9.64,-9.624,0,0.81,8655.1,0:28:14,250.4,0,--.--,280,238.1,50,0000:00:00,74,0,80,0,30,0,0,2.66,0,0,0,1,55.18,11:27:19,10/10/2023,101.46,55.02,--.--
low,2,1926,32.1,15.65,3.31,2400,51.8015,1.71,37.15348264,27:20.4,5.9,-1.2,107,0,0,0,0.1,0,0,0,-32.1,-31.6,-9.62,-9.602,0,0.85,8655.1,0:28:15,250.5,0,--.--,280,238.2,48,0000:00:00,74,0,80,0,30,0,0,2.79,0,0,0,1,51.81,11:27:20,10/10/2023,101.46,55.02,--.--
low,2,1927,32.12,15.65,3.43,2401,53.6795,1.73,37.17015464,27:21.4,5.2,-1.5,107,0,0,0,0,0,0,0,-32.1,-31.5,-9.61,-9.567,0,0.94,8655.1,0:28:16,250.6,0,--.--,280,238.3,48,0000:00:00,74,0,80,0,30,0,0,3.08,0,0,0,1,53.67,11:27:21,10/10/2023,101.46,55.02,--.--
low,2,1928,32.13,15.65,3.4,2402,53.21,1.73,37.18626222,27:22.4,5.7,-2.1,108,0,0,0,0,0,0,0,-32.1,-31.5,-9.61,-9.562,0,0.94,8655.1,0:28:17,250.7,0,--.--,280,238.4,48,0000:00:00,74,0,80,0,30,0,0,3.08,0,0,0,1,53.21,11:27:22,10/10/2023,101.46,55.02,--.--
low,2,1929,32.15,15.65,3.57,2403,55.8705,1.75,37.20224978,27:23.4,4.8,-5.6,107,0,0,0,0.1,0,0,0.1,-32.1,-31.5,-9.6,-9.56,0,0.94,8655.1,0:28:18,250.8,0,--.--,280,238.5,66,0000:00:00,74,0,80,0,30,0,0,3.08,0,0,0,1,55.86,11:27:23,10/10/2023,101.46,55.02,--.--
low,2,1930,32.17,15.63,5.51,2405,86.1213,1.94,37.22161361,27:24.4,5.5,-2.4,107,0,0,0,0.1,0,0,0,-31.9,-31.3,-9.54,-9.522,0,1,8655.1,0:28:19,251,0,--.--,280,238.7,47,0000:00:00,74,0,80,0,30,0,0,3.28,0,0,0,1,86.13,11:27:24,10/10/2023,101.46,55.02,--.--
low,2,1931,32.18,15.63,4.2,2406,65.646,1.82,37.23889344,27:25.4,6.3,-4,106,0,0,0,0.1,0,0,0,-31.8,-31.2,-9.52,-9.462,0,1.02,8655.1,0:28:20,251.3,0,--.--,280,239,45,0000:00:00,74,0,80,0,30,0,0,3.35,0,0,0,1,65.65,11:27:25,10/10/2023,101.5,55.02,--.--
low,2,1932,32.2,15.63,3.84,2407,60.0192,1.78,37.25768083,27:26.4,5.9,-3.8,106,0,0,0,0.1,0,0,0,-31.8,-31.2,-9.52,-9.448,0,1.05,8655.1,0:28:21,251.5,0,--.--,280,239.2,46,0000:00:00,74,0,80,0,30,0,0,3.44,0,0,0,1,60.03,11:27:26,10/10/2023,101.46,55.02,--.--
low,2,1933,32.22,15.63,3.71,2408,57.9873,1.76,37.27392906,27:27.4,6.1,-3.7,106,0,0,0,0.1,0,0,0,-31.8,-31.3,-9.53,-9.464,0,1.09,8655.1,0:28:22,251.7,0,--.--,280,239.4,46,0000:00:00,74,0,80,0,30,0,0,3.58,0,0,0,1,57.99,11:27:27,10/10/2023,101.46,55.02,--.--
low,2,1934,32.23,15.64,3.68,2409,57.5552,1.76,37.29181672,27:28.4,5.9,-2.6,107,0,0,0,0.1,0,0,0,-31.9,-31.3,-9.55,-9.486,0,1.03,8655.1,0:28:23,251.9,0,--.--,280,240.9,47,0000:00:00,74,0,80,0,30,0,0,3.38,0,0,0,1,57.57,11:27:28,10/10/2023,101.5,55.02,--.--
low,2,1935,32.25,15.63,4.46,2411,69.7098,1.84,37.30918339,27:29.4,6.2,-3.9,107,0,0,0,0.1,0,0,0,-31.9,-31.4,-9.57,-9.525,0,1.03,8655.1,0:28:24,252.3,0,--.--,280,241.2,40,0000:00:00,74,0,80,0,30,0,0,3.38,0,0,0,1,69.71,11:27:29,10/10/2023,101.5,55.02,--.--
low,2,1936,32.27,15.63,3.98,2412,62.2074,1.79,37.32677839,27:30.4,6.6,-3.4,107,0,0,0,0.1,0,0,0,-32.2,-31.7,-9.66,-9.622,0,1,8655.1,0:28:25,252.6,0,--.--,280,241.5,51,0000:00:00,74,0,80,0,30,0,0,3.28,0,0,0,1,62.22,11:27:30,10/10/2023,101.5,55.02,--.--
low,2,1937,32.28,15.62,4.33,2413,67.6346,1.83,37.34129811,27:31.4,6.3,-0.4,107,0,0,0,0.1,0,0,0,-32.3,-31.8,-9.68,-9.704,0,0.93,8655.1,0:28:26,253,0,--.--,280,241.9,50,0000:00:00,74,0,80,0,30,0,0,3.05,0,0,0,1,67.62,11:27:31,10/10/2023,101.5,55.02,--.--
low,2,1938,32.3,15.64,3.74,2414,58.4936,1.77,37.35654711,27:32.4,7.8,-1.3,107,0,0,0,0.1,0,0,0,-32.3,-31.8,-9.7,-9.731,0,0.9,8655.1,0:28:27,253.3,0,--.--,280,242.2,51,0000:00:00,74,0,80,0,30,0,0,2.95,0,0,0,1,58.49,11:27:32,10/10/2023,101.52,55.02,--.--
low,2,1939,32.32,15.63,4.12,2415,64.3956,1.81,37.37262156,27:33.4,6.6,-1.2,107,0,0,0,0.1,0,0,0,-32.3,-31.8,-9.68,-9.728,0,0.87,8655.1,0:28:28,253.7,0,--.--,280,242.6,50,0000:00:00,74,0,80,0,30,0,0,2.85,0,0,0,1,64.39,11:27:33,10/10/2023,101.52,55.02,--.--
low,2,1940,32.33,15.63,4,2416,62.52,1.8,37.388305,27:34.4,6.5,-2.4,107,0,0,0,0.1,0,0,0,-32.3,-31.7,-9.67,-9.703,0,0.89,8655.1,0:28:29,254.1,0,--.--,280,243,49,0000:00:00,74,0,80,0,30,0,0,2.92,0,0,0,1,62.52,11:27:34,10/10/2023,101.52,55.02,--.--
low,2,1941,32.35,15.64,4.05,2417,63.342,1.8,37.4047375,27:35.4,6.2,-2.5,107,0,0,0,0.1,0,0,0,-32.2,-31.7,-9.65,-9.667,0,0.95,8655.1,0:28:30,254.5,0,--.--,280,243.4,49,0000:00:00,74,0,80,0,30,0,0,3.12,0,0,0,1,63.33,11:27:35,10/10/2023,101.52,55.02,--.--
low,2,1942,32.37,15.65,3.34,2418,52.271,1.72,37.45090631,27:36.4,5.8,-3.4,106,0,0,0,0.1,0,0,0,-32.2,-31.6,-9.64,-9.628,0,0.97,8655.1,0:28:31,254.8,0,--.--,280,243.8,47,0000:00:00,74,0,80,0,30,0,0,3.18,0,0,0,1,52.26,11:27:36,10/10/2023,101.52,55.02,--.--
low,2,1943,32.38,15.64,3.51,2419,54.8964,1.74,37.50180147,27:37.4,5.8,-3,105,0,0,0,0.1,0,0,0,-32.1,-31.6,-9.63,-9.608,0,0.97,8661.7,0:28:32,255.1,0,--.--,280,244,47,0000:00:00,74,0,80,0,30,0,0,3.18,0,0,0,1,54.91,11:27:37,10/10/2023,101.53,55.06,--.--
low,2,1944,32.4,15.64,3.7,2420,57.868,1.76,37.51659708,27:38.4,5.8,-2.1,105,0,0,0,0.1,0,0,0,-32.2,-31.6,-9.64,-9.61,0,0.98,8661.7,0:28:33,255.3,0,--.--,280,244.2,48,0000:00:00,74,0,80,0,30,0,0,3.22,0,0,0,1,57.88,11:27:38,10/10/2023,101.53,55.02,--.--
low,2,1945,32.42,15.64,3.61,2421,56.4604,1.75,37.54396708,27:39.4,5.9,0,101,0,0,0,0.1,0,0,0,-32.2,-31.7,-9.65,-9.644,0,0.97,8661.7,0:28:34,255.5,0,--.--,281,244.5,49,0000:00:00,74,0,80,0,30,0,0,3.18,0,0,0,1,56.47,11:27:39,10/10/2023,101.53,55.02,--.--
low,2,1946,32.43,15.65,3.78,2422,59.157,1.77,37.55995464,27:40.4,5.4,-4.5,101,0,0,0,0,0,0,-0.2,-32.3,-31.7,-9.69,-9.65,0,0.98,8661.7,0:28:35,255.8,0,--.--,281,244.8,35,0000:00:00,74,0,80,0,30,0,0,3.22,0,0,0,1,59.14,11:27:40,10/10/2023,101.53,55.02,--.--
low,2,1947,32.45,15.49,10.73,2425,166.2077,2.22,37.57467289,27:41.4,6.4,-2,102,0,0,0,0,0,0,-0.1,-32.8,-32.3,-9.87,-9.835,0,0.86,8661.7,0:28:36,255.9,0,--.--,281,244.8,54,0000:00:00,74,0,80,0,30,0,0,2.82,0,0,0,1,166.19,11:27:41,10/10/2023,101.55,55.02,--.--
low,2,1948,32.47,15.62,11.73,2427,183.2226,2.26,37.59026944,27:42.4,5.5,-0.8,101,0,0,0,0,0,0,0,-33,-32.4,-9.89,-9.975,0,0.77,8661.7,0:28:37,256,0,--.--,281,244.9,49,0000:00:00,74,0,80,0,30,0,0,2.53,0,0,0,1,183.22,11:27:42,10/10/2023,101.55,55.02,--.--
low,2,1949,32.48,15.62,3.41,2429,53.2642,1.73,37.60689803,27:43.4,6.4,-1.2,102,0,0,0,0,0,0,0,-33,-32.4,-9.88,-9.972,0,0.79,8661.7,0:28:38,256,0,--.--,281,245,63,0000:00:00,74,0,80,0,30,0,0,2.59,0,0,0,1,53.27,11:27:43,10/10/2023,101.57,55.06,--.--
low,2,1950,32.5,15.64,6.3,2430,98.532,1.99,37.62403664,27:44.4,6.4,-0.9,102,0,0,0,0,0,0,0,-32.8,-32.2,-9.81,-9.909,0,0.84,8661.7,0:28:39,256.2,0,--.--,281,245.1,50,0000:00:00,74,0,80,0,30,0,0,2.76,0,0,0,1,98.51,11:27:44,10/10/2023,101.57,55.02,--.--
low,2,1951,32.52,15.64,3.68,2431,57.5552,1.76,37.64065458,27:45.4,5,-2.1,102,0,0,0,0.1,0,0,0.1,-32.6,-32,-9.75,-9.788,0,0.89,8661.7,0:28:40,256.4,0,--.--,281,245.3,52,0000:00:00,74,0,80,0,30,0,0,2.92,0,0,0,1,57.54,11:27:45,10/10/2023,101.57,55.02,--.--
low,2,1952,32.53,15.63,3.39,2432,52.9857,1.72,37.65858308,27:46.4,7.1,0.5,102,0,0,0,0.1,0,0,0,-32.4,-31.9,-9.71,-9.713,0,0.97,8661.7,0:28:41,256.6,0,--.--,281,245.5,45,0000:00:00,74,0,80,0,30,0,0,3.18,0,0,0,1,53,11:27:46,10/10/2023,101.57,55.02,--.--
low,2,1953,32.55,15.64,3.59,2433,56.1476,1.75,37.67629708,27:47.4,7.6,-1.3,102,0,0,0,0.1,0,0,0,-32.3,-31.8,-9.69,-9.649,0,1.05,8661.7,0:28:42,256.8,0,--.--,281,245.7,58,0000:00:00,74,0,80,0,30,0,0,3.44,0,0,0,1,56.13,11:27:47,10/10/2023,101.57,55.02,--.--
low,2,1954,32.57,15.63,3.83,2434,59.8629,1.78,37.69154608,27:48.4,5.3,-1.3,102,0,0,0,0.1,0,0,0,-32.3,-31.8,-9.67,-9.637,0,1.09,8661.7,0:28:43,257,0,--.--,281,245.9,46,0000:00:00,74,0,80,0,30,0,0,3.58,0,0,0,1,59.87,11:27:48,10/10/2023,101.59,55.02,--.--
low,2,1955,32.58,15.62,3.95,2436,61.699,1.79,37.70761025,27:49.4,5.5,-0.3,102,0,0,0,0.1,0,0,0,-32.2,-31.7,-9.66,-9.601,0,1.13,8661.7,0:28:44,257.2,0,--.--,281,246.2,45,0000:00:00,74,0,80,0,30,0,0,3.71,0,0,0,1,61.71,11:27:49,10/10/2023,101.59,55.02,--.--
low,2,1956,32.6,15.62,3.83,2437,59.8246,1.78,37.72515647,27:50.4,6.6,-0.4,101,0,0,0,0.1,0,0,0,-32.3,-31.7,-9.68,-9.616,0,1.16,8661.7,0:28:45,257.5,0,--.--,281,246.5,46,0000:00:00,74,0,80,0,30,0,0,3.81,0,0,0,1,59.84,11:27:50,10/10/2023,101.59,55.02,--.--
low,2,1957,32.62,15.59,4.14,2438,64.5426,1.81,37.74066614,27:51.4,5.8,-0.3,94,0,0,0,0.1,0,0,0,-32.3,-31.8,-9.69,-9.641,0,1.18,8661.7,0:28:46,257.9,0,--.--,281,246.9,47,0000:00:00,74,0,80,0,30,0,0,3.87,0,0,0,1,64.56,11:27:51,10/10/2023,101.59,55.02,--.--
low,2,1958,32.63,15.63,4.08,2439,63.7704,1.8,37.75785914,27:52.4,6.4,-0.1,96,0,0,0,0.1,0,0,0,-32.4,-31.8,-9.7,-9.677,0,1.15,8661.7,0:28:47,258.3,0,--.--,281,247.3,47,0000:00:00,74,0,80,0,30,0,0,3.77,0,0,0,1,63.76,11:27:52,10/10/2023,101.59,55.02,--.--
low,2,1959,32.65,15.64,3.51,2440,54.8964,1.74,37.77615753,27:53.4,6.8,-0.1,96,0,0,0,0.1,0,0,0,-32.4,-31.9,-9.71,-9.698,0,1.16,8661.7,0:28:48,258.7,0,--.--,281,247.6,47,0000:00:00,74,0,80,0,30,0,0,3.81,0,0,0,1,54.89,11:27:53,10/10/2023,101.59,55.02,--.--
low,2,1960,32.67,15.63,3.7,2441,57.831,1.76,37.79346969,27:54.4,6.1,0.5,96,0,0,0,0.1,0,0,0,-32.4,-31.8,-9.7,-9.693,0,1.17,8661.7,0:28:49,259,0,--.--,281,248,47,0000:00:00,74,0,80,0,30,0,0,3.84,0,0,0,1,57.84,11:27:54,10/10/2023,101.59,55.02,--.--
low,2,1961,32.68,15.52,4.07,2442,63.1664,1.8,37.80962069,27:55.4,5.5,1.5,96,0,0,0,0.1,0,0,-0.1,-32.6,-32.1,-9.81,-9.744,0,1.13,8661.7,0:28:50,259.3,0,--.--,281,248.2,51,0000:00:00,74,0,80,0,30,0,0,3.71,0,0,0,1,63.15,11:27:55,10/10/2023,101.59,55.02,--.--
low,2,1962,32.7,15.64,3.57,2443,55.8348,1.75,37.82434836,27:56.4,6.7,1.5,96,0,0,0,0.1,0,0,0,-33,-32.4,-9.9,-9.934,0,0.99,8661.7,0:28:51,259.5,0,--.--,281,248.5,55,0000:00:00,74,0,80,0,30,0,0,3.25,0,0,0,1,55.82,11:27:56,10/10/2023,101.62,55.02,--.--
low,2,1963,32.72,15.63,3.96,2444,61.8948,1.79,37.83804211,27:57.4,5.7,1.9,96,0,0,0,0.1,0,0,0,-33.1,-32.6,-9.93,-10.051,0,0.96,8661.7,0:28:52,259.6,0,--.--,281,247.3,56,0000:00:00,74,0,80,0,30,0,0,3.15,0,0,0,1,61.88,11:27:57,10/10/2023,101.62,55.02,--.--
low,2,1964,32.73,15.61,4.22,2445,65.8742,1.82,37.85250911,27:58.4,5.7,2,96,0,0,0,0.1,0,0,0,-33.1,-32.6,-9.93,-10.069,0,0.96,8661.7,0:28:53,259.9,0,--.--,281,248.9,55,0000:00:00,74,0,80,0,30,0,0,3.15,0,0,0,1,65.89,11:27:58,10/10/2023,101.62,55.02,--.--
low,2,1965,32.75,15.62,3.99,2446,62.3238,1.79,37.86741056,27:59.4,6.1,0.8,96,0,0,0,0.1,0,0,0,-33.1,-32.5,-9.91,-10.032,0,0.99,8661.7,0:28:54,260.2,0,--.--,281,247.9,54,0000:00:00,74,0,80,0,30,0,0,3.25,0,0,0,1,62.32,11:27:59,10/10/2023,101.62,55.02,--.--
low,2,1966,32.77,15.63,3.72,2447,58.1436,1.76,37.89912783,28:00.4,6.4,0.7,96,0,0,0,0.1,0,0,0,-33,-32.4,-9.88,-9.975,0,1,8661.7,0:28:55,260.5,0,--.--,281,248.2,53,0000:00:00,74,0,80,0,30,0,0,3.28,0,0,0,1,58.14,11:28:00,10/10/2023,101.62,55.02,--.--
low,2,1967,32.78,15.64,3.39,2448,53.0196,1.72,37.91419342,28:01.4,6.4,0.7,96,0,0,0,0.1,0,0,0,-32.9,-32.3,-9.85,-9.917,0,1.05,8661.7,0:28:56,260.8,0,--.--,281,248.5,52,0000:00:00,74,0,80,0,30,0,0,3.44,0,0,0,1,53.02,11:28:01,10/10/2023,101.62,55.02,--.--
low,2,1968,32.8,15.65,3.15,2449,49.2975,1.69,37.932385,28:02.4,6.6,0.5,96,0,0,0,0.1,0,0,0,-32.8,-32.3,-9.83,-9.871,0,1.08,8661.7,0:28:57,261,0,--.--,281,248.7,51,0000:00:00,74,0,80,0,30,0,0,3.54,0,0,0,1,49.29,11:28:02,10/10/2023,101.62,55.02,--.--
low,2,1969,32.82,15.64,3.33,2450,52.0812,1.72,37.9482755,28:03.4,7.1,-0.2,96,0,0,0,0.1,0,0,0,-32.7,-32.2,-9.8,-9.817,0,1.08,8668.3,0:28:58,261.2,0,--.--,281,248.9,49,0000:00:00,74,0,80,0,30,0,0,3.54,0,0,0,1,52.09,11:28:03,10/10/2023,101.66,55.02,--.--
low,2,1970,32.83,15.64,3.43,2451,53.6452,1.73,37.96367856,28:04.4,5.8,-0.2,96,0,0,0,0.1,0,0,0,-32.6,-32.1,-9.78,-9.769,0,1.11,8668.3,0:28:59,261.5,0,--.--,281,249.2,46,0000:00:00,74,0,80,0,30,0,0,3.64,0,0,0,1,53.64,11:28:04,10/10/2023,101.66,55.02,--.--
low,2,1971,32.85,15.62,7.31,2453,114.1822,2.06,37.98379344,28:05.4,6.5,0.7,96,0,0,0,0.1,0,0,0,-32.6,-32.1,-9.78,-9.739,0,1.14,8668.3,0:29:00,261.8,0,--.--,281,249.5,48,0000:00:00,74,0,80,0,30,0,0,3.74,0,0,0,1,114.21,11:28:05,10/10/2023,101.66,55.02,--.--
low,2,1972,32.87,15.63,3.47,2454,54.2361,1.73,38.00938703,28:06.4,6.5,-0.7,96,0,0,0,0.1,0,0,0,-32.7,-32.1,-9.79,-9.761,0,1.12,8668.3,0:29:01,262.2,0,--.--,281,249.9,48,0000:00:00,74,0,80,0,30,0,0,3.67,0,0,0,1,54.25,11:28:06,10/10/2023,101.68,55.02,--.--
low,2,1973,32.88,15.63,4.19,2455,65.4897,1.82,38.03476408,28:07.4,7.9,1.9,86,0,0,0,0.1,0,0,0,-32.7,-32.1,-9.79,-9.758,0,1.16,8668.3,0:29:02,262.6,0,--.--,281,250.3,48,0000:00:00,74,0,80,0,30,0,0,3.81,0,0,0,1,65.47,11:28:07,10/10/2023,101.68,55.02,--.--
low,2,1974,32.9,15.63,3.66,2456,57.2058,1.76,38.05272708,28:08.4,6,1.2,78,0,0,0,0.1,0,0,0,-32.7,-32.1,-9.79,-9.759,0,1.15,8668.3,0:29:03,263,0,--.--,281,246.6,48,0000:00:00,74,0,80,0,30,0,0,3.77,0,0,0,1,57.2,11:28:08,10/10/2023,101.68,55.06,--.--
low,2,1975,32.92,15.62,3.55,2457,55.451,1.74,38.06688997,28:09.4,5.4,0.7,76,0,0,0,0.1,0,0,0,-32.7,-32.1,-9.79,-9.759,0,1.11,8668.3,0:29:04,263.3,0,--.--,281,247,59,0000:00:00,74,0,80,0,30,0,0,3.64,0,0,0,1,55.45,11:28:09,10/10/2023,101.68,55.02,--.--
low,2,1976,32.93,15.44,4.69,2458,72.4136,1.86,38.08126089,28:10.4,5.1,2,77,0,0,0,0.1,0,0,0.1,-32.4,-31.9,-9.7,-9.724,0,1.17,8668.3,0:29:05,263.6,0,--.--,281,247.3,49,0000:00:00,74,0,80,0,30,0,0,3.84,0,0,0,1,72.41,11:28:10,10/10/2023,101.7,55.02,--.--
low,2,1977,32.95,15.59,5.91,2460,92.1369,1.96,38.09978794,28:11.4,5.2,1.1,72,0,0,0,0.1,0,0,0,-32.2,-31.7,-9.64,-9.635,0,1.24,8668.3,0:29:06,263.9,0,--.--,281,247.5,46,0000:00:00,74,0,80,0,30,0,0,4.07,0,0,0,1,92.13,11:28:11,10/10/2023,101.7,55.02,--.--
low,2,1978,32.97,15.59,5.86,2461,91.3574,1.96,38.11469461,28:12.4,5.5,0.9,75,0,0,0,0.2,0,0,0,-32.1,-31.6,-9.62,-9.572,0,1.2,8668.3,0:29:07,264.2,0,--.--,281,247.8,46,0000:00:00,74,0,80,0,30,0,0,3.94,0,0,0,1,91.37,11:28:12,10/10/2023,101.7,55.02,--.--
low,2,1979,32.98,15.62,4.14,2462,64.6668,1.81,38.13130192,28:13.4,5.8,1.3,75,0,0,0,0.1,0,0,0,-32.1,-31.6,-9.63,-9.559,0,1.17,8668.3,0:29:08,264.5,0,--.--,281,248.1,46,0000:00:00,74,0,80,0,30,0,0,3.84,0,0,0,1,64.65,11:28:13,10/10/2023,101.7,55.02,--.--
low,2,1980,33,15.64,3.26,2463,50.9864,1.71,38.14516069,28:14.4,5.7,1.3,74,0,0,0,0.1,0,0,0,-32.2,-31.6,-9.64,-9.59,0,1.09,8668.3,0:29:09,264.7,0,--.--,281,248.4,47,0000:00:00,74,0,80,0,30,0,0,3.58,0,0,0,1,50.99,11:28:14,10/10/2023,101.71,55.02,--.--
low,2,1981,33.02,15.63,3.31,2464,51.7353,1.71,38.15967114,28:15.4,5.5,1.9,74,0,0,0,0.1,0,0,0,-32.2,-31.7,-9.65,-9.614,0,1.08,8668.3,0:29:10,264.9,0,--.--,281,248.6,44,0000:00:00,74,0,80,0,30,0,0,3.54,0,0,0,1,51.75,11:28:15,10/10/2023,101.71,55.02,--.--
low,2,1982,33.03,15.62,4.27,2465,66.6974,1.82,38.17499722,28:16.4,6.1,3.9,75,0,0,0,0.1,0,0,0.1,-32.1,-31.6,-9.6,-9.632,0,1.05,8668.3,0:29:11,265.1,0,--.--,281,248.8,53,0000:00:00,74,0,80,0,30,0,0,3.44,0,0,0,1,66.69,11:28:16,10/10/2023,101.71,55.02,--.--
low,2,1983,33.05,15.6,3.44,2467,53.664,1.73,38.19006281,28:17.4,5.6,0.3,74,0,0,0,0.1,0,0,0,-31.9,-31.3,-9.55,-9.552,0,1.02,8668.3,0:29:12,265.4,0,--.--,280,249.1,47,0000:00:00,74,0,80,0,30,0,0,3.35,0,0,0,1,53.66,11:28:17,10/10/2023,101.73,55.02,--.--
low,2,1984,33.07,15.61,3.83,2468,59.7863,1.78,38.21355122,28:18.4,5.4,0.6,74,0,0,0,0.1,0,0,0,-31.8,-31.3,-9.54,-9.516,0,1.01,8668.3,0:29:13,265.7,0,--.--,280,249.4,48,0000:00:00,74,0,80,0,30,0,0,3.31,0,0,0,1,59.79,11:28:18,10/10/2023,101.73,55.02,--.--
low,2,1985,33.08,15.64,3.19,2469,49.8916,1.7,38.22653281,28:19.4,5.9,2.1,74,0,0,0,0.1,0,0,0,-31.8,-31.3,-9.53,-9.499,0,0.96,8668.3,0:29:14,266,0,--.--,280,249.7,47,0000:00:00,74,0,80,0,30,0,0,3.15,0,0,0,1,49.88,11:28:19,10/10/2023,101.73,55.02,--.--
low,2,1986,33.1,15.64,3.34,2470,52.2376,1.72,38.23967122,28:20.4,5.7,2.5,74,0,0,0,0.1,0,0,0,-31.8,-31.3,-9.55,-9.513,0,0.95,8668.3,0:29:15,266.2,0,--.--,280,249.9,47,0000:00:00,74,0,80,0,30,0,0,3.12,0,0,0,1,52.23,11:28:20,10/10/2023,101.73,55.02,--.--
low,2,1987,33.12,15.63,3.53,2471,55.1739,1.74,38.25456314,28:21.4,5.7,0.7,74,0,0,0,0.1,0,0,0,-31.9,-31.3,-9.56,-9.536,0,0.91,8668.3,0:29:16,266.4,0,--.--,280,250,48,0000:00:00,74,0,80,0,30,0,0,2.99,0,0,0,1,55.18,11:28:21,10/10/2023,101.73,55.02,--.--
low,2,1988,33.13,15.63,3.47,2472,54.2361,1.73,38.28735239,28:22.4,5.2,2.1,74,0,0,0,0.1,0,0,0,-31.9,-31.4,-9.56,-9.556,0,0.89,8668.3,0:29:17,266.6,0,--.--,280,250.2,43,0000:00:00,74,0,80,0,30,0,0,2.92,0,0,0,1,54.24,11:28:22,10/10/2023,101.75,55.02,--.--
low,2,1989,33.15,15.63,5.41,2473,84.5583,1.93,38.30121906,28:23.4,5.6,3.8,74,0,0,0,0.1,0,0,0,-32.1,-31.5,-9.62,-9.606,0,0.79,8668.3,0:29:18,266.8,0,--.--,280,250.4,50,0000:00:00,74,0,80,0,30,0,0,2.59,0,0,0,1,84.59,11:28:23,10/10/2023,101.75,55.02,--.--
low,2,1990,33.17,15.63,2.99,2474,46.7337,1.67,38.32366572,28:24.4,5.8,1.2,74,0,0,0,0,0,0,0,-32.2,-31.7,-9.66,-9.705,0,0.72,8668.3,0:29:19,266.9,0,--.--,280,250.6,50,0000:00:00,74,0,80,0,30,0,0,2.36,0,0,0,1,46.74,11:28:24,10/10/2023,101.75,55.02,--.--
low,2,1991,33.18,15.61,3.03,2475,47.2983,1.67,38.33829714,28:25.4,5.1,3.5,75,0,0,0,0,0,0,-0.2,-32.5,-31.9,-9.78,-9.745,0,0.71,8668.3,0:29:20,267,0,--.--,280,250.7,44,0000:00:00,74,0,80,0,30,0,0,2.33,0,0,0,1,47.31,11:28:25,10/10/2023,101.75,55.02,--.--
low,2,1992,33.2,15.63,3.43,2477,53.6109,1.73,38.35410081,28:26.4,5.9,3.5,75,0,0,0,0,0,0,0,-33,-32.5,-9.91,-9.973,0,0.43,8668.3,0:29:21,267.1,0,--.--,280,250.8,68,0000:00:00,74,0,80,0,30,0,0,1.41,0,0,0,1,53.6,11:28:26,10/10/2023,101.75,55.02,--.--
low,2,1993,33.22,15.39,7.67,2479,118.0413,2.07,38.36833236,28:27.4,5.4,2.6,74,0,0,0,0,0,0,0.1,-32.8,-32.3,-9.81,-9.982,0,0.39,8674.9,0:29:22,267.2,0,--.--,280,250.8,52,0000:00:00,74,0,80,0,30,0,0,1.28,0,0,0,1,118.07,11:28:27,10/10/2023,101.75,55.02,--.--
low,2,1994,33.23,15.6,3.2,2481,49.92,1.7,38.38511311,28:28.4,5,-0.3,74,0,0,0,0.1,0,0,0.1,-32.5,-32,-9.72,-9.822,0,0.63,8674.9,0:29:23,267.3,0,--.--,280,250.9,51,0000:00:00,74,0,80,0,30,0,0,2.07,0,0,0,1,49.93,11:28:28,10/10/2023,101.79,55.06,--.--
low,2,1995,33.25,15.54,5.2,2482,80.808,1.91,38.40378978,28:29.4,7.2,0.3,74,0,0,0,0.1,0,0,0,-32.3,-31.7,-9.65,-9.688,0,0.72,8674.9,0:29:24,267.6,0,--.--,280,251.2,48,0000:00:00,74,0,80,0,30,0,0,2.36,0,0,0,1,80.81,11:28:29,10/10/2023,101.79,55.02,--.--
low,2,1996,33.27,15.63,3.37,2483,52.6731,1.72,38.42259644,28:30.4,3.7,0.7,74,0,0,0,0.1,0,0,0.1,-32.1,-31.6,-9.6,-9.598,0,0.75,8674.9,0:29:25,267.8,0,--.--,280,251.4,43,0000:00:00,74,0,80,0,30,0,0,2.46,0,0,0,1,52.67,11:28:30,10/10/2023,101.79,55.02,--.--
low,2,1997,33.28,15.63,3.64,2484,56.8932,1.76,38.45086789,28:31.4,6.3,1.7,74,0,0,0,0.1,0,0,0,-31.9,-31.4,-9.57,-9.51,0,0.82,8674.9,0:29:26,268.1,0,--.--,280,251.7,43,0000:00:00,74,0,80,0,30,0,0,2.69,0,0,0,1,56.88,11:28:31,10/10/2023,101.79,55.02,--.--
low,2,1998,33.3,15.62,3.28,2485,51.2336,1.71,38.46582747,28:32.4,6.7,0.9,74,0,0,0,0.1,0,0,0,-31.9,-31.4,-9.56,-9.51,0,0.86,8674.9,0:29:27,268.2,0,--.--,280,251.9,46,0000:00:00,74,0,80,0,30,0,0,2.82,0,0,0,1,51.25,11:28:32,10/10/2023,101.79,55.02,--.--
low,2,1999,33.32,15.61,3.87,2486,60.4107,1.78,38.48583464,28:33.4,4.9,1.4,74,0,0,0,0.1,0,0,0,-31.9,-31.4,-9.56,-9.505,0,0.89,8674.9,0:29:28,268.5,0,--.--,280,252.1,47,0000:00:00,74,0,80,0,30,0,0,2.92,0,0,0,1,60.41,11:28:33,10/10/2023,101.8,55.02,--.--
low,2,2000,33.33,15.6,4.31,2488,67.236,1.83,38.50109775,28:34.4,6.1,1.2,74,0,0,0,0.1,0,0,0,-31.9,-31.4,-9.58,-9.525,0,0.94,8674.9,0:29:29,268.8,0,--.--,280,252.5,48,0000:00:00,74,0,80,0,30,0,0,3.08,0,0,0,1,67.24,11:28:34,10/10/2023,101.8,55.02,--.--
low,2,2001,33.35,15.6,4.34,2489,67.704,1.83,38.514253,28:35.4,5.5,1,74,0,0,0,0.1,0,0,0,-32,-31.5,-9.6,-9.562,0,1.01,8674.9,0:29:30,269.4,0,--.--,280,253.1,49,0000:00:00,74,0,80,0,30,0,0,3.31,0,0,0,1,67.72,11:28:35,10/10/2023,101.82,55.02,--.--
low,2,2002,33.37,15.61,6.52,2490,101.7772,2.01,38.52724289,28:36.4,5.4,5.4,74,0,0,0,0.1,0,0,0.1,-31.9,-31.3,-9.51,-9.569,0,1.05,8674.9,0:29:31,269.6,0,--.--,280,253.3,53,0000:00:00,74,0,80,0,30,0,0,3.44,0,0,0,1,101.78,11:28:36,10/10/2023,101.82,55.02,--.--
low,2,2003,33.38,15.61,3.45,2491,53.8545,1.73,38.54075411,28:37.4,5.5,-1,74,0,0,0,0.1,0,0,0,-31.6,-31,-9.45,-9.462,0,1.15,8674.9,0:29:32,270,0,--.--,280,253.6,48,0000:00:00,74,0,80,0,30,0,0,3.77,0,0,0,1,53.86,11:28:37,10/10/2023,101.82,55.02,--.--
low,2,2004,33.4,15.59,4.62,2493,72.0258,1.86,38.55356203,28:38.4,5.6,-0.1,74,0,0,0,0.1,0,0,0,-31.5,-31,-9.44,-9.41,0,1.14,8674.9,0:29:33,270.4,0,--.--,280,254.1,48,0000:00:00,74,0,80,0,30,0,0,3.74,0,0,0,1,72.02,11:28:38,10/10/2023,101.84,55.02,--.--
low,2,2005,33.42,15.61,3.52,2494,54.9472,1.74,38.57342653,28:39.4,5.7,1.9,74,0,0,0,0.1,0,0,0,-31.5,-31,-9.44,-9.406,0,1.15,8674.9,0:29:34,270.7,0,--.--,280,254.4,48,0000:00:00,74,0,80,0,30,0,0,3.77,0,0,0,1,54.93,11:28:39,10/10/2023,101.82,55.02,--.--
low,2,2006,33.43,15.63,3.03,2495,47.3589,1.68,38.58727644,28:40.4,5.7,0.9,74,0,0,0,0,0,0,0,-31.6,-31,-9.45,-9.425,0,1.13,8674.9,0:29:35,270.8,0,--.--,280,254.5,48,0000:00:00,74,0,80,0,30,0,0,3.71,0,0,0,1,47.37,11:28:40,10/10/2023,101.84,55.02,--.--
low,2,2007,33.45,15.64,2.99,2496,46.7636,1.67,38.60087456,28:41.4,5.6,1.8,75,0,0,0,0,0,0,0,-31.6,-31,-9.46,-9.446,0,1.13,8674.9,0:29:36,270.8,0,--.--,280,254.5,48,0000:00:00,74,0,80,0,30,0,0,3.71,0,0,0,1,46.76,11:28:41,10/10/2023,101.84,55.02,--.--
low,2,2008,33.47,15.64,3.11,2497,48.6404,1.69,38.61386444,28:42.4,5.8,2,75,0,0,0,0,0,0,0,-31.6,-31,-9.45,-9.445,0,1.14,8674.9,0:29:37,270.7,0,--.--,280,250.3,48,0000:00:00,74,0,80,0,30,0,0,3.74,0,0,0,1,48.64,11:28:42,10/10/2023,101.84,55.02,--.--
low,2,2009,33.48,15.63,2.95,2497,46.1085,1.66,38.627115,28:43.4,5.4,2.5,74,0,0,0,0.1,0,0,0,-31.5,-31,-9.45,-9.429,0,1.15,8674.9,0:29:38,270.7,0,--.--,280,250.3,48,0000:00:00,74,0,80,0,30,0,0,3.77,0,0,0,1,46.1,11:28:43,10/10/2023,101.84,55.02,--.--
low,2,2010,33.5,15.58,4.59,2499,71.5122,1.85,38.640358,28:44.4,5.4,1.1,74,0,0,0,0,0,0,0,-31.6,-31,-9.45,-9.426,0,1.14,8674.9,0:29:39,270.9,0,--.--,280,250.5,48,0000:00:00,74,0,80,0,30,0,0,3.74,0,0,0,1,71.5,11:28:44,10/10/2023,101.86,55.02,--.--
low,2,2011,33.52,15.63,3.19,2499,49.8597,1.7,38.65770244,28:45.4,6,1.3,76,0,0,0,0,0,0,0,-31.6,-31,-9.46,-9.446,0,1.13,8674.9,0:29:40,271,0,--.--,280,250.6,48,0000:00:00,74,0,80,0,30,0,0,3.71,0,0,0,1,49.88,11:28:45,10/10/2023,101.88,55.02,--.--
low,2,2012,33.53,15.64,3.13,2500,48.9532,1.69,38.6738865,28:46.4,5.7,2,75,0,0,0,0,0,0,0,-31.6,-31,-9.46,-9.447,0,1.14,8674.9,0:29:41,271,0,--.--,280,250.6,47,0000:00:00,74,0,80,0,30,0,0,3.74,0,0,0,1,48.94,11:28:46,10/10/2023,101.88,55.02,--.--
low,2,2013,33.55,15.64,2.99,2501,46.7636,1.67,38.68751933,28:47.4,5.7,2.5,75,0,0,0,0.1,0,0,0,-31.6,-31,-9.45,-9.433,0,1.15,8674.9,0:29:42,270.8,0,--.--,280,250.4,46,0000:00:00,74,0,80,0,30,0,0,3.77,0,0,0,1,46.76,11:28:47,10/10/2023,101.89,55.02,--.--
low,2,2014,33.57,15.64,3.05,2502,47.702,1.68,38.70084825,28:48.4,5.1,1,75,0,0,0,0.1,0,0,0.2,-31.5,-30.9,-9.42,-9.43,0,1.16,8674.9,0:29:43,270.6,0,--.--,280,250.2,68,0000:00:00,74,0,80,0,30,0,0,3.81,0,0,0,1,47.71,11:28:48,10/10/2023,101.89,55.02,--.--
low,2,2015,33.58,15.58,3.06,2505,47.6748,1.68,38.71409881,28:49.4,5.6,4.4,76,0,0,0,0,0,0,0,-30.9,-30.4,-9.26,-9.279,0,1.33,8674.9,0:29:44,270.5,0,--.--,280,250.1,40,0000:00:00,74,0,80,0,30,0,0,4.36,0,0,0,1,47.68,11:28:49,10/10/2023,101.89,55.02,--.--
low,2,2016,33.6,15.61,4,2506,62.44,1.8,38.72682803,28:50.4,5.4,4,77,0,0,0,0,0,0,0,-30.8,-30.3,-9.23,-9.116,0,1.36,8674.9,0:29:45,270.3,0,--.--,280,249.9,42,0000:00:00,74,0,80,0,30,0,0,4.46,0,0,0,1,62.45,11:28:50,10/10/2023,101.89,55.02,--.--
low,2,2017,33.62,15.62,3.73,2507,58.2626,1.77,38.74003514,28:51.4,5.4,2.9,77,0,0,0,0,0,0,0,-30.9,-30.4,-9.26,-9.147,0,1.33,8674.9,0:29:46,270.2,0,--.--,280,249.8,44,0000:00:00,74,0,80,0,30,0,0,4.36,0,0,0,1,58.25,11:28:51,10/10/2023,101.91,55.06,--.--
low,2,2018,33.63,15.63,3.14,2508,49.0782,1.69,38.75332914,28:52.4,5.7,2.2,76,0,0,0,0.1,0,0,0,-31,-30.5,-9.3,-9.215,0,1.29,8674.9,0:29:47,270,0,--.--,280,249.7,45,0000:00:00,74,0,80,0,30,0,0,4.23,0,0,0,1,49.09,11:28:52,10/10/2023,101.91,55.06,--.--
low,2,2019,33.65,15.63,3.07,2508,47.9841,1.68,38.76631903,28:53.4,5.7,1.5,76,0,0,0,0.1,0,0,0,-31.1,-30.6,-9.32,-9.287,0,1.27,8674.9,0:29:48,269.8,0,--.--,280,249.5,46,0000:00:00,74,0,80,0,30,0,0,4.17,0,0,0,1,47.99,11:28:53,10/10/2023,101.91,55.02,--.--
low,2,2020,33.67,15.64,3.05,2509,47.702,1.68,38.77913514,28:54.4,5.8,1.8,75,0,0,0,0.1,0,0,0,-31.2,-30.6,-9.33,-9.311,0,1.25,8674.9,0:29:49,269.6,0,--.--,280,249.2,46,0000:00:00,74,0,80,0,30,0,0,4.1,0,0,0,1,47.69,11:28:54,10/10/2023,101.91,55.02,--.--
low,2,2021,33.68,15.64,2.93,2510,45.8252,1.66,38.78410364,28:55.4,5.7,2.5,75,0,0,0,0.1,0,0,0,-31.2,-30.6,-9.33,-9.313,0,0,8674.9,0:29:50,269.3,0,--.--,280,249,46,0000:00:00,74,0,80,0,30,0,0,0,0,0,0,1,45.83,11:28:55,10/10/2023,101.91,55.02,--.--
low,2,2022,33.7,15.64,3.04,2511,47.5456,1.68,38.78776931,28:56.5,5.7,2.3,75,0,0,0,0.1,0,0,0,-31.2,-30.6,-9.33,-9.312,0,0,8674.9,0:29:51,269.1,0,--.--,280,248.7,46,0000:00:00,74,0,80,0,30,0,0,0,0,0,0,1,47.54,11:28:56,10/10/2023,101.91,55.06,--.--
low,2,2023,33.72,15.64,3.06,2512,47.8584,1.68,38.79108586,28:57.4,5.6,2.1,74,0,0,0,0.1,0,0,0,-31.2,-30.6,-9.33,-9.314,0,0,8674.9,0:29:52,268.7,0,--.--,280,248.3,46,0000:00:00,74,0,80,0,30,0,0,0,0,0,0,1,47.85,11:28:57,10/10/2023,101.91,55.06,--.--
low,0,2024,33.73,15.64,2.99,2513,46.7636,1.67,38.86708919,28:58.4,5.5,1.4,75,0,0,0,0.1,0,0,0,-31.2,-30.6,-9.34,-9.328,0,0,8674.9,0:29:53,268.4,0,--.--,280,248,46,0000:00:00,74,0,80,0,30,0,0,0,0,0,0,1,46.75,11:28:58,10/10/2023,101.95,55.06,--.--
low,0,2025,33.75,15.64,2.95,2513,46.138,1.66,38.91713919,28:59.4,5.6,2.3,75,0,0,0,0,0,0,0,-31.2,0,-9.34,-9.335,0,0,8817.7,0:29:54,147.9,0,--.--,258,127.3,46,0000:00:00,74,0,70,0,30,0,0,0,0,0,0,1,46.14,11:28:59,10/10/2023,101.95,55.02,--.--
low,0,2026,33.77,15.69,1.14,2514,17.8866,1.25,38.94572808,29:00.4,5.8,1.7,75,0,0,0,0.1,0,0,0,-31.2,0,0,-0.003,0,0,8817.7,0:29:55,147.3,0,--.--,258,126.8,47,0000:00:00,74,0,30,0,30,0,0,0,0,0,0,1,17.89,11:29:00,10/10/2023,101.95,55.06,--.--
low,0,2027,33.78,15.71,0.84,2514,13.1964,1.12,38.95164031,29:01.4,5.5,1.7,75,0,0,0,0.1,0,0,0,-31.2,0,0,0.001,0,0,8817.7,0:29:56,147,0,--.--,259,126.4,46,0000:00:00,74,0,0,0,30,0,0,0,0,0,0,1,13.19,11:29:01,10/10/2023,101.95,55.06,--.--
low,0,2028,33.8,15.71,0.76,2514,11.9396,1.08,38.96214714,29:02.4,5.8,4.2,75,0,0,0,0.1,0,0,0.3,-30.9,0,0,0,0,0,8817.7,0:29:57,146.6,0,--.--,259,126,73,0000:00:00,74,0,0,0,30,0,0,0,0,0,0,1,11.94,11:29:02,10/10/2023,101.97,55.06,--.--
low,0,2029,33.82,15.1,18.12,2518,273.612,2.44,38.97925283,29:03.4,5.8,1.9,74,0,0,0,0.2,0,0,0.5,-29.5,0,0,0.071,0,0,8817.7,0:29:58,146.2,0,--.--,259,125.6,82,0000:00:00,74,0,0,0,30,0,0,0,0,0,0,1,273.67,11:29:03,10/10/2023,101.97,55.06,--.--
low,0,2030,33.83,15.4,11.7,2526,180.18,2.26,38.99032408,29:04.4,5.3,1.1,72,0,0,0,0.6,0,0,0.4,-27.7,0,0,0.157,0,0,8817.7,0:29:59,145.9,0,--.--,258,125.3,65,0000:00:00,74,0,0,0,30,0,0,0,0,0,0,1,180.18,11:29:04,10/10/2023,101.97,55.02,--.--
low,0,2031,33.85,15.5,6.64,2528,102.92,2.01,38.99524272,29:05.4,4.8,1.9,53,0,0,0,0.7,0,0,0.2,-26.7,0,0,0.132,0,0,9105.5,0:30:00,145.7,0,--.--,258,125.1,57,0000:00:00,74,0,0,0,30,0,0,0,0,0,0,1,102.93,11:29:05,10/10/2023,101.98,55.02,--.--
low,0,2032,33.87,15.65,1.36,2529,21.284,1.33,39.00141972,29:06.4,5.1,1.6,46,0,0,0,0.7,0,0,0.1,-26.2,0,0,0.118,0,0,9105.5,0:30:01,146.2,0,--.--,257,125.7,39,0000:00:00,69,0,0,0,30,0,0,0,0,0,0,1,21.29,11:29:06,10/10/2023,101.98,55.02,--.--
low,0,2033,33.88,15.63,2.42,2530,37.8246,1.58,39.01080372,29:07.4,3.6,3.2,47,0,0,0,0.6,0,0,0,-26.1,0,0,0.15,0,0,9105.5,0:30:02,146.4,0,--.--,258,125.8,40,0000:00:00,41,0,0,0,30,0,0,0,0,0,0,1,37.81,11:29:07,10/10/2023,101.98,55.02,--.--
low,0,2034,33.9,15.59,3.95,2530,61.5805,1.79,39.01915039,29:08.4,2.9,4.9,26,0,0,0,0.5,0,0,0,-26.1,0,0,0.157,0,0,9105.5,0:30:03,146.3,0,--.--,258,125.7,41,0000:00:00,41,0,0,0,30,0,0,0,0,0,0,1,61.57,11:29:08,10/10/2023,102,55.02,--.--
low,0,2035,33.92,15.63,2.55,2531,39.8565,1.6,39.02611483,29:09.4,1.3,5.4,9,0,0,0,0.5,0,0,0,-26.2,0,0,0.125,0,0,9105.5,0:30:04,146.1,0,--.--,259,125.5,44,0000:00:00,41,0,0,0,30,0,0,0,0,0,0,1,39.86,11:29:09,10/10/2023,102,55.02,--.--
low,0,2036,33.93,15.67,1.13,2532,17.7071,1.25,39.0301655,29:10.4,1.5,4,8,0,0,0,0.4,0,0,0,-26.3,0,0,0.097,0,0,9250.2,0:30:05,268.1,0,--.--,280,247.7,44,0000:00:00,41,0,0,0,30,0,0,0,0,0,0,1,17.7,11:29:10,10/10/2023,102.02,55.02,--.--
low,0,2037,33.95,15.66,1.42,2532,22.2372,1.35,39.05209417,29:11.4,0.7,4.7,3,0,0,0,0.3,0,0,0,-26.3,0,0,0.086,0,0,9390.4,0:30:06,145.9,0,--.--,260,125.2,45,0000:00:00,15,0,0,0,30,0,0,0,0,0,0,1,22.24,11:29:11,10/10/2023,102.02,55.02,--.--
low,0,2038,33.97,15.64,2.16,2533,33.7824,1.53,39.07396558,29:12.4,-0.9,3.2,343,0,0,0,0.3,0,0,0,-26.4,0,0,0.064,0,0,9390.4,0:30:07,145.6,0,--.--,260,124.9,46,0000:00:00,15,0,0,0,30,0,0,0,0,0,0,1,33.79,11:29:12,10/10/2023,102.02,55.02,--.--
low,0,2039,33.98,15.65,1.92,2534,30.048,1.48,39.10001183,29:13.4,-1.6,2.4,325,0,0,0,0.3,0,0,0,-26.5,0,0,0.039,0,0,9390.4,0:30:08,145.3,0,--.--,260,124.6,48,0000:00:00,15,0,0,0,30,0,0,0,0,0,0,1,30.06,11:29:13,10/10/2023,102.04,55.02,--.--
low,0,2040,34,15.67,1.6,2534,25.072,1.4,39.12688736,29:14.4,-1.7,2.6,308,0,0,0,0.3,0,0,0,-26.6,0,0,0.002,0,0,9390.4,0:30:09,144.9,0,--.--,260,124.2,49,0000:00:00,15,0,0,0,30,0,0,0,0,0,0,1,25.07,11:29:14,10/10/2023,102.04,55.02,--.--
low,0,2041,34.02,15.68,0.93,2534,14.5824,1.16,39.15190792,29:15.4,-1.8,4.2,302,0,0,0,0.4,0,0,0.2,-26.5,0,0,-0.01,0,0,9390.4,0:30:10,144.8,0,--.--,260,124.1,67,0000:00:00,15,0,0,0,30,0,0,0,0,0,0,1,14.58,11:29:15,10/10/2023,102.04,55.02,--.--
low,0,2042,34.03,15.54,5.08,2536,78.9432,1.9,39.23069053,29:16.4,-3.6,5.2,294,0,0,0,0.4,0,0,-0.1,-26.2,0,0,0.041,0,0,9673,0:30:11,144.4,0,--.--,259,123.8,34,0000:00:00,15,0,0,0,30,0,0,0,0,0,0,1,78.93,11:29:16,10/10/2023,102.07,55.02,--.--
low,0,2043,34.05,15.53,5.07,2538,78.7371,1.9,39.26383864,29:17.4,0.7,8.2,293,0,0,0,0.5,0,0,0,-26.5,0,0,-0.006,0,0,9673,0:30:12,144,0,--.--,259,123.3,49,0000:00:00,15,0,0,0,30,0,0,0,0,0,0,1,78.76,11:29:17,10/10/2023,102.07,55.02,--.--
low,0,2044,34.07,15.55,6.03,2539,93.7665,1.97,39.38207181,29:18.4,1.8,9,292,0,0,0,0.5,0,0,0,-26.5,0,0,-0.035,0,0,9673,0:30:13,143.4,0,--.--,259,122.8,55,0000:00:00,15,0,0,0,30,0,0,0,0,0,0,1,93.79,11:29:18,10/10/2023,102.07,55.02,--.--
low,0,2045,34.08,15.53,6.23,2541,96.7519,1.99,39.40777597,29:19.5,1.6,5.4,290,0,0,0,0.6,0,0,0,-26.5,0,0,-0.036,0,0,9673,0:30:14,142.7,0,--.--,259,122.1,51,0000:00:00,15,0,0,0,30,0,0,0,0,0,0,1,96.73,11:29:19,10/10/2023,102.07,55.02,--.--
low,0,2046,34.1,15.53,5.8,2543,90.074,1.95,39.43040931,29:20.4,-1,7.8,292,0,0,0,0.5,0,0,0.1,-26.4,0,0,-0.024,0,0,9673,0:30:15,142.1,0,--.--,259,121.5,71,0000:00:00,15,0,0,0,30,0,0,0,0,0,0,1,90.07,11:29:20,10/10/2023,102.11,55.02,--.--
low,0,2047,34.12,15.07,18.82,2546,283.6174,2.45,39.45298497,29:21.5,-0.1,7.3,289,0,0,0,0.5,0,0,0.3,-25.6,0,0,0.021,0,0,9815.3,0:30:16,268.1,0,--.--,280,247.7,60,0000:00:00,15,0,0,0,30,0,0,0,0,0,0,1,283.62,11:29:21,10/10/2023,102.11,55.02,--.--
low,0,2048,34.13,15.26,7.82,2549,119.3332,2.08,39.47663772,29:22.5,-1.2,3.8,289,0,0,0,0.5,0,0,0.3,-25,0,0,0.042,0,0,9960.7,0:30:17,140.7,0,--.--,259,120.1,76,0000:00:00,15,0,0,0,30,0,0,0,0,0,0,1,119.31,11:29:22,10/10/2023,102.11,55.02,--.--
low,0,2049,34.15,14.81,28.74,2554,425.6394,2.63,39.49990072,29:23.5,-0.9,1.1,288,0,0,0,0.4,0,0,0.2,-24,0,0,0.065,0,0,9960.7,0:30:18,140.1,0,--.--,258,119.6,54,0000:00:00,15,0,0,0,30,0,0,0,0,0,0,1,425.78,11:29:23,10/10/2023,102.13,55.02,--.--
low,0,2050,34.17,15.5,5.97,2556,92.535,1.97,39.52301572,29:24.5,-0.9,2.6,289,0,0,0,0.4,0,0,0,-23.8,0,0,0.035,0,0,9960.7,0:30:19,139.5,0,--.--,257,119,61,0000:00:00,15,0,0,0,30,0,0,0,0,0,0,1,92.53,11:29:24,10/10/2023,102.13,55,--.--
low,0,2051,34.18,15.52,5.25,2558,81.48,1.91,39.56728839,29:25.5,1.3,8,285,0,0,0,0.5,0,0,0,-23.9,0,0,-0.017,0,0,9960.7,0:30:20,138.8,0,--.--,257,118.3,61,0000:00:00,15,0,0,0,30,0,0,0,0,0,0,1,81.45,11:29:25,10/10/2023,102.13,55,--.--
low,0,2052,34.2,15.51,5.24,2559,81.2724,1.91,39.59195922,29:26.5,0.8,7.3,283,0,0,0,0.5,0,0,0,-24,0,0,-0.029,0,0,9960.7,0:30:21,138,0,--.--,257,117.5,53,0000:00:00,15,0,0,0,30,0,0,0,0,0,0,1,81.29,11:29:26,10/10/2023,102.15,55.02,--.--
low,0,2053,34.22,15.51,5.49,2561,85.1499,1.93,39.61475031,29:27.5,0.6,6.7,284,0,0,0,0.5,0,0,0,-23.9,0,0,0.005,0,0,10258,0:30:22,137.3,0,--.--,257,116.8,51,0000:00:00,15,0,0,0,30,0,0,0,0,0,0,1,85.14,11:29:27,10/10/2023,102.15,55.02,--.--
low,0,2054,34.23,15.48,5.41,2562,83.7468,1.92,39.68383219,29:28.5,0.4,10.1,286,0,0,0,0.5,0,0,0.1,-23.7,0,0,0.033,0,0,10258,0:30:23,136.1,0,--.--,256,115.6,52,0000:00:00,15,0,0,0,30,0,0,0,0,0,0,1,83.77,11:29:28,10/10/2023,102.16,55.02,--.--
low,0,2055,34.25,15.41,5.4,2564,83.214,1.92,39.72996242,29:29.5,0.6,10.2,284,0,0,0,0.3,0,0,0.1,-23.4,0,0,0.051,0,0,10258,0:30:24,135,0,--.--,256,114.6,51,0000:00:00,15,0,0,0,30,0,0,0,0,0,0,1,83.24,11:29:29,10/10/2023,102.16,55,--.--
low,0,2056,34.27,14.84,10.74,2567,159.3816,2.2,39.76482875,29:30.5,0.4,9.4,284,0,0,0,0.2,0,0,0.2,-23,0,0,0.043,0,0,10258,0:30:25,134,0,--.--,256,113.6,58,0000:00:00,15,0,0,0,30,0,0,0,0,0,0,1,159.42,11:29:30,10/10/2023,102.18,55.02,--.--
low,0,2057,34.28,15.5,5.73,2569,88.815,1.95,39.81564008,29:31.5,-0.2,2,284,0,0,0,0.2,0,0,0,-22.7,0,0,0.045,0,0,10258,0:30:26,132.8,0,--.--,256,112.4,51,0000:00:00,15,0,0,0,30,0,0,0,0,0,0,1,88.82,11:29:31,10/10/2023,102.18,55.02,--.--
low,0,2058,34.3,15.51,5.29,2570,82.0479,1.91,39.84343208,29:32.5,-1.8,11.3,285,0,0,0,0.1,0,0,0.1,-22.7,0,0,0.046,0,0,10410,0:30:27,268.1,0,--.--,280,247.7,71,0000:00:00,15,0,0,0,30,0,0,0,0,0,0,1,82.05,11:29:32,10/10/2023,102.2,55.02,--.--
low,0,2059,34.32,15.22,16.34,2573,248.6948,2.4,39.87048708,29:33.5,-1.6,13.3,286,0,0,0,0.1,0,0,0.2,-22.2,0,0,0.026,0,0,10567.3,0:30:28,131.7,0,--.--,256,111.3,77,0000:00:00,15,0,0,0,30,0,0,0,0,0,0,1,248.74,11:29:33,10/10/2023,102.2,55.02,--.--
low,0,2060,34.33,15.32,10.84,2578,166.0688,2.22,39.93701897,29:34.5,0.4,7.1,293,0,0,0,0.4,0,0,0.2,-21.3,0,0,0.049,0,0,10567.3,0:30:29,131,0,--.--,255,110.7,56,0000:00:00,15,0,0,0,30,0,0,0,0,0,0,1,166.12,11:29:34,10/10/2023,102.2,55.02,--.--
low,0,2061,34.35,15.42,8.14,2581,125.5188,2.1,39.96530106,29:35.5,-0.5,3.5,289,0,0,0,0.4,0,0,0,-20.9,0,0,0.093,0,0,10567.3,0:30:30,130.6,0,--.--,255,110.3,50,0000:00:00,15,0,0,0,30,0,0,0,0,0,0,1,125.55,11:29:35,10/10/2023,102.2,55.02,--.--
low,0,2062,34.37,15.32,11.94,2584,182.9208,2.26,39.99202978,29:36.5,1.1,14.7,290,0,0,0,0.5,0,0,0.2,-20.6,0,0,0.087,0,0,10567.3,0:30:31,130,0,--.--,255,109.6,63,0000:00:00,15,0,0,0,30,0,0,0,0,0,0,1,182.96,11:29:36,10/10/2023,102.24,55,--.--
low,0,2063,34.38,15.44,6.48,2586,100.0512,2,39.99584311,29:37.5,-0.6,8.8,291,0,0,0,0.7,0,0,0.1,-20.3,0,0,0.022,0,0,10567.3,0:30:32,129.8,0,--.--,256,109.4,68,0000:00:00,15,0,0,0,30,0,0,0,0,0,0,1,100.06,11:29:37,10/10/2023,102.24,55.02,--.--
low,0,2064,34.4,15.46,6.3,2588,97.398,1.99,40.02118033,29:38.5,2,5.5,289,0,0,0,0.7,0,0,0,-20.1,0,0,0.032,0,0,10883.4,0:30:33,129.2,0,--.--,256,108.8,63,0000:00:00,15,0,0,0,30,0,0,0,0,0,0,1,97.37,11:29:38,10/10/2023,102.25,55.02,--.--
low,0,2065,34.42,15.14,15.82,2591,239.5148,2.38,40.04594833,29:39.5,1,11.5,297,0,0,0,0.8,0,0,0.1,-19.7,0,0,0.038,0,0,10883.4,0:30:34,128.7,0,--.--,256,108.2,54,0000:00:00,15,0,0,0,30,0,0,0,0,0,0,1,239.48,11:29:39,10/10/2023,102.25,55.02,--.--
low,0,2066,34.43,15.45,6.59,2593,101.8155,2.01,40.068667,29:40.5,0.1,8,297,0,0,0,0.9,0,0,0,-19.6,0,0,0.047,0,0,10883.4,0:30:35,128.3,0,--.--,257,107.9,61,0000:00:00,15,0,0,0,30,0,0,0,0,0,0,1,101.8,11:29:40,10/10/2023,102.25,55.02,--.--
low,0,2067,34.45,15.47,6.22,2595,96.2234,1.98,40.0739765,29:41.5,-1.2,10.9,294,0,0,0,0.9,0,0,0.1,-19.3,0,0,0.029,0,0,10883.4,0:30:36,128.1,0,--.--,257,107.7,55,0000:00:00,15,0,0,0,30,0,0,0,0,0,0,1,96.25,11:29:41,10/10/2023,102.27,55.02,--.--
low,0,2068,34.47,15.6,0.88,2597,13.728,1.14,40.16799711,29:42.5,0.7,9.3,298,0,0,0,0.7,0,0,0.1,-19.3,0,0,0.028,0,0,10883.4,0:30:37,127.6,0,--.--,258,107.1,68,0000:00:00,15,0,0,0,30,0,0,0,0,0,0,1,13.73,11:29:42,10/10/2023,102.29,55.02,--.--
low,0,2069,34.48,15.46,5.9,2599,91.214,1.96,40.17471378,29:43.5,0.6,6.6,296,0,0,0,0.6,0,0,0,-19,0,0,0.063,0,0,11042.3,0:30:38,268.1,0,--.--,280,247.7,51,0000:00:00,15,0,0,0,30,0,0,0,0,0,0,1,91.18,11:29:43,10/10/2023,102.29,55.02,--.--
low,0,2070,34.5,15.48,5.76,2600,89.1648,1.95,40.18254989,29:44.5,0.3,6.4,297,0,0,0,0.6,0,0,0,-18.9,0,0,0.081,0,0,11200.1,0:30:39,127.6,0,--.--,257,107.1,51,0000:00:00,20,0,0,0,30,0,0,0,0,0,0,1,89.18,11:29:44,10/10/2023,102.29,55.06,--.--
low,0,2071,34.52,15.49,5.28,2602,81.7872,1.91,40.21274367,29:45.5,1.1,8.9,298,0,0,0,0.6,0,0,0,-19,0,0,0.062,0,0,11200.1,0:30:40,127.3,0,--.--,257,106.8,51,0000:00:00,8,0,0,0,30,0,0,0,0,0,0,1,81.8,11:29:45,10/10/2023,102.31,55.08,--.--
low,0,2072,34.53,15.54,1.23,2603,19.1142,1.28,40.24611083,29:46.5,-7.1,13.7,303,0,0,0,0.4,0,0,0.1,-18.9,0,0,0.037,0,0,11200.1,0:30:41,126.9,0,--.--,256,106.5,78,0000:00:00,8,0,0,0,30,0,0,0,0,0,0,1,19.12,11:29:46,10/10/2023,102.33,55.08,--.--
low,0,2073,34.55,14.99,22.58,2607,338.4742,2.53,40.26861436,29:47.5,2.9,14.3,303,0,0,0,0.5,0,0,0.3,-18,0,0,0.111,0,0,11200.1,0:30:42,126.5,0,--.--,257,110,60,0000:00:00,8,0,0,0,30,0,0,0,0,0,0,1,338.47,11:29:47,10/10/2023,102.33,55.08,--.--
low,0,2074,34.57,15.6,1.55,2611,24.18,1.38,40.29953725,29:48.5,3.8,10.1,303,0,0,0,0.5,0,0,0.1,-17.3,0,0,0.148,0,0,11200.1,0:30:43,126.7,0,--.--,258,110.1,40,0000:00:00,24,0,0,0,30,0,0,0,0,0,0,1,24.18,11:29:48,10/10/2023,102.34,55.08,--.--
low,0,2075,34.58,15.5,1.82,2611,28.21,1.45,40.35123342,29:49.5,-0.2,13.1,294,0,0,0,0.3,0,0,0,-17.1,0,0,0.197,0,0,11358,0:30:44,268.1,0,--.--,280,251.7,41,0000:00:00,30,0,0,0,30,0,0,0,0,0,0,1,28.22,11:29:49,10/10/2023,102.33,55.09,--.--
low,0,2076,34.6,15.44,7.04,2613,108.6976,2.04,40.37736967,29:50.5,0.8,6.9,298,0,0,0,0.4,0,0,0,-17,0,0,0.186,0,0,11514.7,0:30:45,127.8,0,--.--,259,111.2,41,0000:00:00,30,0,0,0,30,0,0,0,0,0,0,1,108.69,11:29:50,10/10/2023,102.34,55.11,--.--
low,0,2077,34.62,15.42,7.79,2615,120.1218,2.08,40.40384056,29:51.5,0,11.7,297,0,0,0,0.4,0,0,0,-17.1,0,0,0.154,0,0,11514.7,0:30:46,127.7,0,--.--,260,111,46,0000:00:00,30,0,0,0,30,0,0,0,0,0,0,1,120.13,11:29:51,10/10/2023,102.36,55.11,--.--
low,0,2078,34.63,15.49,5.23,2616,81.0127,1.91,40.42741417,29:52.5,0.9,11.1,297,0,0,0,0.4,0,0,0,-17.3,0,0,0.088,0,0,11514.7,0:30:47,126.3,0,--.--,259,109.7,49,0000:00:00,30,0,0,0,30,0,0,0,0,0,0,1,81.01,11:29:52,10/10/2023,102.36,55.13,--.--
low,0,2079,34.65,15.44,7.21,2618,111.3224,2.05,40.47398208,29:53.5,1.2,17.8,298,0,0,0,0.3,0,0,0.2,-17.2,0,0,0.02,0,0,11521.8,0:30:48,125.5,0,--.--,255,109.1,67,0000:00:00,30,0,0,0,30,0,0,0,0,0,0,1,111.32,11:29:53,10/10/2023,102.36,55.13,--.--
low,0,2080,34.67,15.33,12.14,2622,186.1062,2.27,40.52245286,29:54.5,1.1,11.6,297,0,0,0,0.4,0,0,0.2,-16.7,0,0,-0.02,0,0,11521.8,0:30:49,125.6,0,--.--,255,109.2,61,0000:00:00,30,0,0,0,30,0,0,0,0,0,0,1,186.09,11:29:54,10/10/2023,102.4,55.15,--.--
low,0,2081,34.68,15.45,6.09,2624,94.0905,1.97,40.54874136,29:55.5,1.9,7.6,297,0,0,0,0.4,0,0,0.1,-16.2,0,0,0.006,0,0,11847.3,0:30:50,125.7,0,--.--,255,109.4,48,0000:00:00,30,0,0,0,30,0,0,0,0,0,0,1,94.1,11:29:55,10/10/2023,102.4,55.15,--.--
low,0,2082,34.7,15.47,6.16,2626,95.2952,1.98,40.55736322,29:56.5,1.6,8.6,297,0,0,0,0.3,0,0,0,-16.1,0,0,0.032,0,0,11847.3,0:30:51,125.2,0,--.--,254,108.9,52,0000:00:00,30,0,0,0,30,0,0,0,0,0,0,1,95.3,11:29:56,10/10/2023,102.4,55.15,--.--
low,0,2083,34.72,15.43,5.5,2627,84.865,1.93,40.62263344,29:57.5,1.6,11.7,298,0,0,0,0.3,0,0,0,-16.1,0,0,0.026,0,0,11854.8,0:30:52,124.7,0,--.--,252,112.4,58,0000:00:00,30,0,0,0,30,0,0,0,0,0,0,1,84.87,11:29:57,10/10/2023,102.42,55.17,--.--
low,0,2084,34.73,15.31,10.95,2630,167.6445,2.22,40.70862747,29:58.5,1.9,14.8,299,0,0,0,0.3,0,0,0.2,-15.7,0,0,-0.003,0,0,11854.8,0:30:53,124.3,0,--.--,251,112.1,65,0000:00:00,30,0,0,0,30,0,0,0,0,0,0,1,167.69,11:29:58,10/10/2023,102.43,55.15,--.--
low,0,2085,34.75,15.32,11.39,2633,174.4948,2.24,40.78321631,29:59.5,1.4,11.8,298,0,0,0,0.3,0,0,0.2,-15.2,0,0,-0.005,0,0,11854.8,0:30:54,124,0,--.--,250,114.2,62,0000:00:00,30,0,0,0,30,0,0,0,0,0,0,1,174.49,11:29:59,10/10/2023,102.43,55.15,--.--
low,0,2086,34.77,15.54,6.09,2635,94.6386,1.98,40.83582092,30:00.5,1.2,7.1,297,0,0,0,0.2,0,0,0,-14.7,0,0,0.021,0,0,12023.8,0:30:55,268.1,0,--.--,280,254.7,51,0000:00:00,30,0,0,0,40,0,0,0,0,0,0,1,94.66,11:30:00,10/10/2023,102.45,55.17,--.--
low,0,2087,34.78,15.29,2.03,2636,31.0387,1.49,40.88389075,30:01.5,1.4,11.9,297,0,0,0,0.3,0,0,0.1,-14.6,0,0,0.069,0,0,12197.9,0:30:56,123.6,0,--.--,249,114.1,60,0000:00:00,30,0,0,0,40,0,0,0,0,0,0,1,31.04,11:30:01,10/10/2023,102.45,55.17,--.--
low,0,2088,34.8,15.14,15.52,2639,234.9728,2.37,41.01677675,30:02.5,1.4,16.4,297,0,0,0,0.4,0,0,0.3,-14.2,0,0,0.021,0,0,12197.9,0:30:57,123.5,0,--.--,248,114.1,70,0000:00:00,30,0,0,0,40,0,0,0,0,0,0,1,235.05,11:30:02,10/10/2023,102.45,55.17,--.--
low,0,2089,34.82,15.05,20.57,2646,309.5785,2.49,41.08502358,30:03.5,1.1,11,297,0,0,0,0.7,0,0,0.2,-13.4,0,0,0.012,0,0,12197.9,0:30:58,125.2,0,--.--,249,115.6,64,0000:00:00,30,0,0,0,40,0,0,0,0,0,0,1,309.62,11:30:03,10/10/2023,102.47,55.15,--.--
low,0,2090,34.83,15.06,17.83,2651,268.5198,2.43,41.13339997,30:04.5,1.7,13.1,297,0,0,0,0.9,0,0,0.2,-12.7,0,0,0.048,0,0,12225,0:30:59,126.6,0,--.--,244,118,56,0000:00:00,30,0,0,0,40,0,0,0,0,0,0,1,268.57,11:30:04,10/10/2023,102.47,55.15,--.--
low,0,2091,34.85,15.26,12.41,2655,189.3766,2.28,41.17980381,30:05.5,0.8,9.5,293,0,0,0,1,0,0,0,-12.4,0,0,0.052,0,0,12231.5,0:31:00,127.3,0,--.--,247,118.1,53,0000:00:00,30,0,0,0,40,0,0,0,0,0,0,1,189.39,11:30:05,10/10/2023,102.49,55.13,--.--
low,0,2092,34.87,15.22,11.37,2658,173.0514,2.24,41.22752256,30:06.5,0.9,19.3,294,0,0,0,1.1,0,0,0.2,-12.3,0,0,0.037,0,0,12605.3,0:31:01,123.1,0,--.--,236,116,66,0000:00:00,30,0,0,0,40,0,0,0,0,0,0,1,173.04,11:30:06,10/10/2023,102.49,55.15,--.--
low,0,2093,34.88,14.82,32.28,2664,478.3896,2.68,41.30464,30:07.5,1.9,14.6,294,0,0,0,1.2,0,0,0.2,-11.7,0,0,-0.003,0,0,12629.1,0:31:02,125.9,0,--.--,236,118.9,66,0000:00:00,30,0,0,0,40,0,0,0,0,0,0,1,478.29,11:30:07,10/10/2023,102.49,55.15,--.--
low,0,2094,34.9,15.11,16.26,2670,245.6886,2.39,41.34934717,30:08.5,1.2,4.8,283,0,0,0,1.3,0,0,0,-11,0,0,0.056,0,0,12639.6,0:31:03,123.5,0,--.--,231,117.5,53,0000:00:00,30,0,0,0,40,0,0,0,0,0,0,1,245.66,11:30:08,10/10/2023,102.52,55.17,--.--
low,0,2095,34.92,15.25,11.42,2674,174.155,2.24,41.42555869,30:09.5,3.1,9.6,284,0,0,0,1.3,0,0,0,-10.9,0,0,0.099,0,0,12639.6,0:31:04,122.7,0,--.--,229,120,52,0000:00:00,40,0,0,0,40,0,0,0,0,0,0,1,174.13,11:30:09,10/10/2023,102.52,55.18,--.--
low,0,2096,34.93,15.27,10.94,2677,167.0538,2.22,41.48220583,30:10.5,2.6,8.7,284,0,0,0,1.2,0,0,0,-10.9,0,0,0.082,0,0,12649.3,0:31:05,127.6,0,--.--,235,123.8,53,0000:00:00,27,0,0,0,40,0,0,0,0,0,0,1,167,11:30:10,10/10/2023,102.52,55.18,--.--
low,0,2097,34.95,15.27,11.25,2680,171.7875,2.23,41.52787111,30:11.5,0.3,9.8,284,0,0,0,1.1,0,0,0.2,-10.9,0,0,0.082,0,0,12865.9,0:31:06,268.1,0,--.--,280,258.7,74,0000:00:00,25,0,0,0,40,0,0,0,0,0,0,1,171.81,11:30:11,10/10/2023,102.52,55.2,--.--
low,0,2098,34.97,15.08,18.41,2685,277.6228,2.44,41.57408708,30:12.5,-0.3,8.3,284,0,0,0,1.1,0,0,0.1,-10.3,0,0,0.108,0,0,13093.5,0:31:07,125.4,0,--.--,240,120.8,58,0000:00:00,25,0,0,0,40,0,0,0,0,0,0,1,277.68,11:30:12,10/10/2023,102.52,55.22,--.--
low,0,2099,34.98,15.27,10.54,2689,160.9458,2.21,41.621235,30:13.5,0.3,5.7,284,0,0,0,1.1,0,0,0,-10,0,0,0.117,0,0,13093.5,0:31:08,123.7,0,--.--,243,118.8,64,0000:00:00,25,0,0,0,40,0,0,0,0,0,0,1,160.99,11:30:13,10/10/2023,102.52,55.22,--.--
low,0,2100,35,15.05,18.23,2693,274.3615,2.44,41.66919867,30:14.5,0.4,12.5,284,0,0,0,1.1,0,0,0.2,-9.5,0,0,0.15,0,0,13093.5,0:31:09,122.4,0,--.--,243,117.4,64,0000:00:00,25,0,0,0,40,0,0,0,0,0,0,1,274.34,11:30:14,10/10/2023,102.52,55.22,--.--
low,0,2101,35.02,15.23,13.39,2698,203.9297,2.31,41.71693964,30:15.5,-0.4,4.8,284,0,0,0,1,0,0,0,-9,0,0,0.141,0,0,13093.5,0:31:10,122,0,--.--,243,117,45,0000:00:00,25,0,0,0,40,0,0,0,0,0,0,1,203.88,11:30:15,10/10/2023,102.56,55.24,--.--
low,0,2102,35.03,15.25,10.78,2701,164.395,2.22,41.76168922,30:16.5,1.8,6.1,281,0,0,0,0.9,0,0,0,-8.9,0,0,0.151,0,0,13093.5,0:31:11,121.2,0,--.--,242,116.4,50,0000:00:00,25,0,0,0,40,0,0,0,0,0,0,1,164.41,11:30:16,10/10/2023,102.58,55.26,--.--
low,0,2103,35.05,15.25,10.91,2704,166.3775,2.22,41.81560022,30:17.5,2.4,7.5,282,0,0,0,0.9,0,0,0,-9,0,0,0.142,0,0,13472.3,0:31:12,120.4,0,--.--,241,115.7,48,0000:00:00,25,0,0,0,40,0,0,0,0,0,0,1,166.39,11:30:17,10/10/2023,102.58,55.26,--.--
low,0,2104,35.07,15.25,11.13,2707,169.7325,2.23,41.89582022,30:18.5,1.8,6.5,282,0,0,0,0.9,0,0,0,-9.1,0,0,0.108,0,0,13472.3,0:31:13,119.5,0,--.--,240,114.9,51,0000:00:00,25,0,0,0,40,0,0,0,0,0,0,1,169.74,11:30:18,10/10/2023,102.58,55.26,--.--
low,0,2105,35.08,15.24,11.33,2710,172.6692,2.24,41.89991578,30:19.5,1,6,282,0,0,0,0.9,0,0,0,-9.1,0,0,0.107,0,0,13472.3,0:31:14,118.2,0,--.--,239,113.8,50,0000:00:00,25,0,0,0,40,0,0,0,0,0,0,1,172.71,11:30:19,10/10/2023,102.6,55.26,--.--
low,0,2106,35.1,15.25,11.27,2713,171.8675,2.24,41.91773214,30:20.5,0.7,4.7,285,0,0,0,0.9,0,0,0,-9,0,0,0.13,0,0,13479.9,0:31:15,117,0,--.--,238,112.9,49,0000:00:00,25,0,0,0,40,0,0,0,0,0,0,1,171.84,11:30:20,10/10/2023,102.6,55.26,--.--
low,0,2107,35.12,15.27,10.55,2716,161.0985,2.21,41.93236564,30:21.5,1.3,4.9,287,0,0,0,0.9,0,0,0,-9,0,0,0.116,0,0,13479.9,0:31:16,116.2,0,--.--,237,112.3,55,0000:00:00,25,0,0,0,40,0,0,0,0,0,0,1,161.06,11:30:21,10/10/2023,102.6,55.26,--.--
low,0,2108,35.13,15.21,12.76,2719,194.0796,2.29,41.95301131,30:22.5,2.2,5.9,287,0,0,0,0.8,0,0,0,-9,0,0,0.1,0,0,13677,0:31:17,268.1,0,--.--,280,258.7,49,0000:00:00,25,0,0,0,40,0,0,0,0,0,0,1,194.09,11:30:22,10/10/2023,102.61,55.29,--.--
low,0,2109,35.15,15.12,19.1,2724,288.792,2.46,41.95960306,30:23.5,2.5,3.2,279,0,0,0,0.8,0,0,0,-9.1,0,0,0.091,0,0,13884.5,0:31:18,114.3,0,--.--,233,115.1,49,0000:00:00,25,0,0,0,40,0,0,0,0,0,0,1,288.72,11:30:23,10/10/2023,102.61,55.29,--.--
low,0,2110,35.17,15.52,0.95,2726,14.744,1.17,41.96543056,30:24.5,0.6,5.7,283,0,0,0,0.8,0,0,0.1,-9.1,0,0,0.085,0,0,13884.5,0:31:19,113.2,0,--.--,233,114.2,72,0000:00:00,25,0,0,0,40,0,0,0,0,0,0,1,14.74,11:30:24,10/10/2023,102.61,55.29,--.--
low,0,2111,35.18,15.53,4.13,2729,64.1389,1.81,42.02342517,30:25.5,2.6,6.2,288,0,0,0,0.7,0,0,0,-8.9,0,0,0.09,0,0,13884.5,0:31:20,112.2,0,--.--,231,113.6,49,0000:00:00,25,0,0,0,40,0,0,0,0,0,0,1,64.12,11:30:25,10/10/2023,102.61,55.29,--.--
low,0,2112,35.2,15.54,3.39,2730,52.6806,1.72,42.18383061,30:26.5,0.2,6.8,295,0,0,0,0.7,0,0,0.2,-8.7,0,0,0.128,0,0,13884.5,0:31:21,112.7,0,--.--,232,113.8,68,0000:00:00,25,0,0,0,40,0,0,0,0,0,0,1,52.68,11:30:26,10/10/2023,102.63,55.29,--.--
low,0,2113,35.22,15.42,4.82,2732,74.3244,1.87,42.22826228,30:27.5,3.5,5.7,300,0,0,0,0.6,0,0,0.2,-7.9,0,0,0.162,0,0,13884.5,0:31:22,112.6,0,--.--,231,114,63,0000:00:00,25,0,0,0,40,0,0,0,0,0,0,1,74.31,11:30:27,10/10/2023,102.63,55.29,--.--
low,0,2114,35.23,15.51,1.53,2733,23.7303,1.38,42.24202961,30:28.5,-1.5,6.1,299,0,0,0,0.6,0,0,0,-7.5,0,0,0.177,0,0,14306.7,0:31:23,112.7,0,--.--,230,114.4,42,0000:00:00,47,0,0,0,40,0,0,0,0,0,0,1,23.72,11:30:28,10/10/2023,102.63,55.31,--.--
low,0,2115,35.25,15.54,1.35,2733,20.979,1.32,42.32814944,30:29.5,2.4,3.5,301,0,0,0,0.5,0,0,0,-7.6,0,0,0.146,0,0,14306.7,0:31:24,113,0,--.--,230,114.5,74,0000:00:00,32,0,0,0,40,0,0,0,0,0,0,1,20.98,11:30:29,10/10/2023,102.65,55.31,--.--
low,0,2116,35.27,15.14,13.79,2735,208.7806,2.32,42.44717925,30:30.5,0.6,9.5,303,0,0,0,0.5,0,0,0.4,-6.9,0,0,0.217,0,0,14306.7,0:31:25,113.3,0,--.--,231,114.7,77,0000:00:00,32,0,0,0,40,0,0,0,0,0,0,1,208.74,11:30:30,10/10/2023,102.65,55.31,--.--
low,0,2117,35.28,14.86,38.86,2741,577.4596,2.76,42.46057817,30:31.5,1.6,9.5,302,0,0,0,0.6,0,0,0.5,-5.4,0,0,0.297,0,0,14306.7,0:31:26,113.5,0,--.--,228,115.4,67,0000:00:00,32,0,0,0,40,0,0,0,0,0,0,1,577.3,11:30:31,10/10/2023,102.65,55.29,--.--
low,0,2118,35.3,15.09,10.6,2748,159.954,2.2,42.469983,30:32.5,2.7,14.3,302,0,0,0,0.8,0,0,0.1,-4.1,0,0,0.22,0,0,14313.7,0:31:27,113.6,0,--.--,226,116.2,39,0000:00:00,32,0,0,0,40,0,0,0,0,0,0,1,159.99,11:30:32,10/10/2023,102.65,55.29,--.--
low,0,2119,35.32,15.44,3.21,2749,49.5624,1.7,42.47778108,30:33.5,2.6,9.5,309,0,0,0,0.9,0,0,0,-4.1,0,0,0.042,0,0,14534.9,0:31:28,268.1,0,--.--,280,257.8,47,0000:00:00,32,0,0,0,40,0,0,0,0,0,0,1,49.58,11:30:33,10/10/2023,102.69,55.31,--.--
low,0,2120,35.33,15.22,20.37,2752,310.0314,2.49,42.49033708,30:34.5,-0.9,9.4,300,0,0,0,1.1,0,0,-0.2,-4.2,0,0,0.044,0,0,14757.3,0:31:29,114.5,0,--.--,225,117.2,25,0000:00:00,32,0,0,0,40,0,0,0,0,0,0,1,309.99,11:30:34,10/10/2023,102.69,55.29,--.--
low,0,2121,35.35,14.69,29.17,2758,428.5073,2.63,42.54163708,30:35.5,-2,8.8,294,0,0,0,1.1,0,0,-0.2,-5,0,0,-0.026,0,0,14757.3,0:31:30,115.6,0,--.--,226,113.4,38,0000:00:00,32,0,0,0,40,0,0,0,0,0,0,1,428.42,11:30:35,10/10/2023,102.69,55.31,--.--
low,0,2122,35.37,15.51,3.11,2760,48.2361,1.68,42.59240375,30:36.5,-4.5,6.1,290,0,0,0,1,0,0,-0.2,-5.9,0,0,-0.102,0,0,14757.3,0:31:31,115.7,0,--.--,226,113.6,59,0000:00:00,32,0,0,0,40,0,0,0,0,0,0,1,48.25,11:30:36,10/10/2023,102.7,55.31,--.--
low,0,2123,35.38,15.46,2.19,2760,33.8574,1.53,42.61633206,30:37.5,-7.8,7.8,292,0,0,0,0.7,0,0,0,-6,0,0,-0.11,0,0,14757.3,0:31:32,115.5,0,--.--,226,113.4,59,0000:00:00,32,0,0,0,40,0,0,0,0,0,0,1,33.86,11:30:37,10/10/2023,102.7,55.33,--.--
low,0,2124,35.4,15.51,1.81,2761,28.0731,1.45,42.66412639,30:38.5,-6.7,5.7,292,0,0,0,0.5,0,0,0,-5.9,0,0,-0.081,0,0,14757.3,0:31:33,115.3,0,--.--,225,113.2,56,0000:00:00,32,0,0,0,40,0,0,0,0,0,0,1,28.07,11:30:38,10/10/2023,102.72,55.33,--.--
low,0,2125,35.42,15.48,2.92,2762,45.2016,1.66,42.71816806,30:39.5,-7.7,1.8,270,0,0,0,0.4,0,0,0,-5.9,0,0,-0.065,0,0,15200.2,0:31:34,115.3,0,--.--,226,113.2,59,0000:00:00,32,0,0,0,40,0,0,0,0,0,0,1,45.21,11:30:39,10/10/2023,102.72,55.31,--.--
low,0,2126,35.43,15.2,12.15,2765,184.68,2.27,42.73658639,30:40.5,-7.3,3.9,274,0,0,0,0.4,0,0,0,-5.8,0,0,-0.038,0,0,15200.2,0:31:35,114.7,0,--.--,225,112.7,56,0000:00:00,32,0,0,0,40,0,0,0,0,0,0,1,184.72,11:30:40,10/10/2023,102.74,55.31,--.--
low,0,2127,35.45,15.23,12,2768,182.76,2.26,42.74252422,30:41.5,-7.6,5.8,274,0,0,0,0.2,0,0,0,-5.8,0,0,-0.042,0,0,15200.2,0:31:36,115.3,0,--.--,226,116,45,0000:00:00,32,0,0,0,40,0,0,0,0,0,0,1,182.71,11:30:41,10/10/2023,102.74,55.33,--.--
low,0,2128,35.47,15.41,5.59,2770,86.1419,1.94,42.79044644,30:42.5,-11.3,2,247,0,0,0,0.2,0,0,-0.2,-6.1,0,0,-0.023,0,0,15200.2,0:31:37,115.9,0,--.--,225,116.6,39,0000:00:00,32,0,0,0,40,0,0,0,0,0,0,1,86.16,11:30:42,10/10/2023,102.76,55.33,--.--
low,0,2129,35.48,15.24,11.29,2774,172.0596,2.24,42.91922878,30:43.5,-7.6,5.4,253,0,0,0,0.5,0,0,0,-6.4,0,0,0.042,0,0,15200.2,0:31:38,116.7,0,--.--,226,117.3,55,0000:00:00,32,0,0,0,40,0,0,0,0,0,0,1,172.1,11:30:43,10/10/2023,102.78,55.33,--.--
low,0,2130,35.5,15,12.97,2778,194.55,2.29,42.98141478,30:44.5,-14.1,0.2,231,0,0,0,0.6,0,0,-0.2,-6.5,0,0,0.081,0,0,15420.7,0:31:39,268.1,0,--.--,280,262.8,33,0000:00:00,32,0,0,0,40,0,0,0,0,0,0,1,194.51,11:30:44,10/10/2023,102.78,55.33,--.--
low,0,2131,35.52,15.42,4.3,2782,66.306,1.82,43.00367367,30:45.5,-6.6,-0.5,261,0,0,0,0.4,0,0,0,-6.8,0,0,0.107,0,0,15638.4,0:31:40,115.9,0,--.--,228,116.3,51,0000:00:00,32,0,0,0,40,0,0,0,0,0,0,1,66.32,11:30:45,10/10/2023,102.79,55.33,--.--
low,0,2132,35.53,15.49,1.38,2783,21.3762,1.33,43.09998267,30:46.5,-4.1,1.3,267,0,0,0,0.6,0,0,0,-6.9,0,0,0.064,0,0,15638.4,0:31:41,115,0,--.--,229,115.3,58,0000:00:00,32,0,0,0,40,0,0,0,0,0,0,1,21.37,11:30:46,10/10/2023,102.78,55.33,--.--
low,0,2133,35.55,15.2,11.35,2784,172.52,2.24,43.16424022,30:47.5,-7.9,1.8,266,0,0,0,0.7,0,0,0.4,-6.4,0,0,0.161,0,0,15638.4,0:31:42,114.6,0,--.--,229,114.8,77,0000:00:00,32,0,0,0,40,0,0,0,0,0,0,1,172.54,11:30:47,10/10/2023,102.78,55.33,--.--
low,0,2134,35.57,14.69,31.56,2790,463.6164,2.67,43.22816214,30:48.5,-6.7,1.8,265,0,0,0,0.6,0,0,0.6,-4.8,0,0,0.285,0,0,15638.4,0:31:43,114.1,0,--.--,230,114.2,89,0000:00:00,32,0,0,0,40,0,0,0,0,0,0,1,463.46,11:30:48,10/10/2023,102.79,55.33,--.--
low,0,2135,35.58,14.16,15.81,2801,223.8696,2.35,43.28591592,30:49.5,-6.2,2.2,279,0,0,0,0.7,0,0,0.3,-3,0,0,0.277,0,0,15638.4,0:31:44,113.3,0,--.--,230,113.5,61,0000:00:00,32,0,0,0,40,0,0,0,0,0,0,1,223.84,11:30:49,10/10/2023,102.81,55.33,--.--
low,0,2136,35.6,15.41,5.2,2804,80.132,1.9,43.33794167,30:50.5,-5.4,2,289,0,0,0,0.8,0,0,0.2,-2.1,0,0,0.294,0,0,15856.1,0:31:45,268.1,0,--.--,280,262.8,36,0000:00:00,32,0,0,0,40,0,0,0,0,0,0,1,80.14,11:30:50,10/10/2023,102.81,55.33,--.--
low,0,2137,35.62,14.76,23.49,2806,346.7124,2.54,43.34947131,30:51.5,-11.3,2.7,284,0,0,0,0.7,0,0,-0.1,-1.8,0,0,0.263,0,0,16070.6,0:31:46,112.7,0,--.--,230,112.8,43,0000:00:00,32,0,0,0,40,0,0,0,0,0,0,1,346.71,11:30:51,10/10/2023,102.81,55.31,--.--
low,0,2138,35.63,15.34,15.08,2809,231.3272,2.36,43.39483536,30:52.6,-10.6,4.2,284,0,0,0,0.9,0,0,-0.1,-2.1,0,0,0.206,0,0,16070.6,0:31:47,111.7,0,--.--,228,112.1,36,0000:00:00,32,0,0,0,40,0,0,0,0,0,0,1,231.36,11:30:52,10/10/2023,102.81,55.33,--.--
low,0,2139,35.65,15.07,15.27,2814,230.1189,2.36,43.45674628,30:53.6,-10.2,1.5,284,0,0,0,0.7,0,0,-0.3,-2.9,0,0,0.095,0,0,16070.6,0:31:48,111.4,0,--.--,227,111.9,41,0000:00:00,32,0,0,0,40,0,0,0,0,0,0,1,230.2,11:30:53,10/10/2023,102.85,55.33,--.--
low,0,2140,35.67,15.11,13.76,2818,207.9136,2.32,43.52777644,30:54.6,-4.1,7.3,285,0,0,0,0.5,0,0,-0.1,-3.3,0,0,0.081,0,0,16078.3,0:31:49,110.3,0,--.--,226,111,50,0000:00:00,32,0,0,0,40,0,0,0,0,0,0,1,207.93,11:30:54,10/10/2023,102.87,55.31,--.--
low,0,2141,35.68,15.19,12.33,2822,187.2927,2.27,43.57327969,30:55.6,-2.9,2.4,280,0,0,0,0.4,0,0,-0.1,-3.6,0,0,0.017,0,0,16078.3,0:31:50,109.7,0,--.--,225,110.4,51,0000:00:00,32,0,0,0,40,0,0,0,0,0,0,1,187.27,11:30:55,10/10/2023,102.87,55.33,--.--
low,0,2142,35.7,15.43,2.69,2824,41.5067,1.62,43.62893997,30:56.6,-9.4,-0.7,251,0,0,0,0.3,0,0,0,-3.6,0,0,0.023,0,0,16078.3,0:31:51,109.9,0,--.--,225,110.7,53,0000:00:00,32,0,0,0,40,0,0,0,0,0,0,1,41.51,11:30:56,10/10/2023,102.88,55.31,--.--
low,0,2143,35.72,15.22,10.73,2825,163.3106,2.21,43.69524581,30:57.6,-11.6,0.4,257,0,0,0,0.2,0,0,-0.3,-3.5,0,0,0.009,0,0,16078.3,0:31:52,109.8,0,--.--,224,110.6,27,0000:00:00,32,0,0,0,40,0,0,0,0,0,0,1,163.34,11:30:57,10/10/2023,102.88,55.33,--.--
low,0,2144,35.73,15.09,14.77,2829,222.8793,2.35,43.75202533,30:58.6,-5.8,-11.4,256,0,0,0,0.1,0,0,0,-4.5,0,0,-0.119,0,0,16078.3,0:31:53,109.8,0,--.--,224,110.6,59,0000:00:00,32,0,0,0,40,0,0,0,0,0,0,1,222.83,11:30:58,10/10/2023,102.9,55.31,--.--
low,0,2145,35.75,14.98,17.07,2833,255.7086,2.41,43.77996033,30:59.6,-7,-10.2,239,0,0,0,0.2,0,0,0.1,-4.4,0,0,-0.089,0,0,16078.3,0:31:54,110.1,0,--.--,224,111,47,0000:00:00,32,0,0,0,40,0,0,0,0,0,0,1,255.64,11:30:59,10/10/2023,102.88,55.31,--.--
low,0,2146,35.77,15.21,10.77,2837,163.8117,2.21,43.79524192,31:00.6,-2.5,0.3,210,0,0,0,0.3,0,0,0,-4.1,0,0,-0.037,0,0,16078.3,0:31:55,110.4,0,--.--,224,111.3,53,0000:00:00,32,0,0,0,40,0,0,0,0,0,0,1,163.82,11:31:00,10/10/2023,102.88,55.33,--.--
low,0,2147,35.78,15.1,13.27,2840,200.377,2.3,43.85134947,31:01.6,-3,1.8,207,0,0,0,0.9,0,0,0,-4,0,0,0.01,0,0,16300.6,0:31:56,268.1,0,--.--,280,262.8,50,0000:00:00,32,0,0,0,40,0,0,0,0,0,0,1,200.43,11:31:01,10/10/2023,102.92,55.33,--.--
low,0,2148,35.8,15.06,15.85,2844,238.701,2.38,43.90524808,31:02.6,-7.7,-4.8,196,0,0,0,0.9,0,0,-0.1,-3.8,0,0,0.065,0,0,16525.7,0:31:57,111,0,--.--,225,111.8,39,0000:00:00,32,0,0,0,40,0,0,0,0,0,0,1,238.75,11:31:02,10/10/2023,102.92,55.33,--.--
low,0,2149,35.82,15.13,13.51,2848,204.4063,2.31,43.96133258,31:03.6,-2.7,0.6,198,0,0,0,1,0,0,0,-4.1,0,0,0.036,0,0,16525.7,0:31:58,110.2,0,--.--,226,110.9,48,0000:00:00,32,0,0,0,40,0,0,0,0,0,0,1,204.35,11:31:03,10/10/2023,102.92,55.33,--.--
low,0,2150,35.83,15.1,6.66,2851,100.566,2,43.96838758,31:04.6,-5.1,-4.6,217,0,0,0,0.7,0,0,0,-4.1,0,0,0.013,0,0,16525.7,0:31:59,108.8,0,--.--,225,109.5,53,0000:00:00,32,0,0,0,40,0,0,0,0,0,0,1,100.59,11:31:04,10/10/2023,102.94,55.33,--.--
low,0,2151,35.85,15.41,3.57,2853,55.0137,1.74,43.97445058,31:05.6,-3.8,-0.6,228,0,0,0,0.7,0,0,0,-4.1,0,0,0.016,0,0,16525.7,0:32:00,107.6,0,--.--,225,108.3,53,0000:00:00,32,0,0,0,40,0,0,0,0,0,0,1,55.01,11:31:05,10/10/2023,102.94,55.33,--.--
low,0,2152,35.87,15.04,13.43,2856,201.9872,2.31,44.04426125,31:06.6,-3.7,5.1,248,0,0,0,0.5,0,0,0,-4.1,0,0,0.004,0,0,16525.7,0:32:01,106.8,0,--.--,226,107.5,51,0000:00:00,32,0,0,0,40,0,0,0,0,0,0,1,202.05,11:31:06,10/10/2023,102.94,55.33,--.--
low,0,2153,35.88,15.1,12.85,2860,194.035,2.29,44.22745525,31:07.6,-7.4,5.9,249,0,0,0,0.4,0,0,0.1,-4.1,0,0,0.015,0,0,16973.6,0:32:02,105.6,0,--.--,226,106.3,68,0000:00:00,32,0,0,0,40,0,0,0,0,0,0,1,194.01,11:31:07,10/10/2023,102.94,55.33,--.--
low,0,2154,35.9,15.09,13.38,2863,201.9042,2.31,44.29433053,31:08.6,-5.3,3.7,269,0,0,0,0.4,0,0,0.2,-3.4,0,0,0.047,0,0,16973.6,0:32:03,104.2,0,--.--,227,104.7,50,0000:00:00,32,0,0,0,40,0,0,0,0,0,0,1,201.86,11:31:08,10/10/2023,102.94,55.33,--.--
low,0,2155,35.92,15.3,1.66,2865,25.398,1.4,44.34576228,31:09.6,-10.1,3,263,0,0,0,0.3,0,0,0,-3.1,0,0,0.05,0,0,16973.6,0:32:04,103,0,--.--,227,99.2,51,0000:00:00,40,0,0,0,40,0,0,0,0,0,0,1,25.39,11:31:09,10/10/2023,102.97,55.33,--.--
low,0,2156,35.93,15.48,1.41,2865,21.8268,1.34,44.39619561,31:10.6,-7.5,3.5,262,0,0,0,0.3,0,0,0,-3.2,0,0,0.015,0,0,16973.6,0:32:05,102.2,0,--.--,227,98.4,51,0000:00:00,55,0,0,0,40,0,0,0,0,0,0,1,21.83,11:31:10,10/10/2023,102.97,55.31,--.--
low,0,2157,35.95,15.04,16.71,2868,251.3184,2.4,44.42033006,31:11.6,-14.4,3.1,267,0,0,0,0.3,0,0,-0.4,-3.6,0,0,-0.068,0,0,16973.6,0:32:06,101.6,0,--.--,227,97.8,27,0000:00:00,55,0,0,0,40,0,0,0,0,0,0,1,251.37,11:31:11,10/10/2023,102.97,55.33,--.--
low,0,2158,35.97,14.52,45.42,2874,659.4984,2.82,44.46592433,31:12.6,-15.6,3.9,275,0,0,0,0.1,0,0,-0.6,-5.1,0,0,-0.196,0,0,17196.6,0:32:07,268.1,0,--.--,280,263.8,32,0000:00:00,55,0,0,0,40,0,0,0,0,0,0,1,659.54,11:31:12,10/10/2023,103.01,55.33,--.--
low,0,2159,35.98,14.77,16.3,2884,240.751,2.38,44.50212794,31:13.6,-11.5,3.8,260,0,0,0,0.5,0,0,-0.2,-6.5,0,0,-0.183,0,0,17418.3,0:32:08,100.8,0,--.--,227,97,49,0000:00:00,55,0,0,0,40,0,0,0,0,0,0,1,240.8,11:31:13,10/10/2023,103.03,55.33,--.--
low,0,2160,36,15.09,12.27,2888,185.1543,2.27,44.50698561,31:14.6,-12.3,1.4,274,0,0,0,0.5,0,0,0.1,-6.8,0,0,-0.11,0,0,17418.3,0:32:09,100.5,0,--.--,226,96.7,56,0000:00:00,55,0,0,0,40,0,0,0,0,0,0,1,185.19,11:31:14,10/10/2023,103.05,55.33,--.--
low,0,2161,36.02,15.13,12,2892,181.56,2.26,44.51354336,31:15.6,-14.8,0.5,268,0,0,0,0.3,0,0,0.3,-6.5,0,0,0.003,0,0,17418.3,0:32:10,99.2,0,--.--,224,95.6,75,0000:00:00,55,0,0,0,40,0,0,0,0,0,0,1,181.52,11:31:15,10/10/2023,103.05,55.33,--.--
low,0,2162,36.03,14.98,5.8,2896,86.884,1.94,44.52095353,31:16.6,-11.5,5.1,267,0,0,0,0.4,0,0,0.2,-5.4,0,0,0.106,0,0,17424.9,0:32:11,98.3,0,--.--,224,94.6,52,0000:00:00,55,0,0,0,40,0,0,0,0,0,0,1,86.9,11:31:16,10/10/2023,103.06,55.33,--.--
low,0,2163,36.05,15.17,10.82,2899,164.1394,2.22,44.56534289,31:17.6,-11.8,-4.2,266,0,0,0,0.4,0,0,0,-5,0,0,0.108,0,0,17424.9,0:32:12,97.3,0,--.--,223,93.7,46,0000:00:00,55,0,0,0,40,0,0,0,0,0,0,1,164.14,11:31:17,10/10/2023,103.06,55.33,--.--
low,0,2164,36.07,15.05,8.66,2902,130.333,2.12,44.60986139,31:18.6,-10.1,3.5,266,0,0,0,0.5,0,0,-0.1,-4.9,0,0,0.128,0,0,17424.9,0:32:13,96.6,0,--.--,222,93,48,0000:00:00,55,0,0,0,40,0,0,0,0,0,0,1,130.35,11:31:18,10/10/2023,103.08,55.33,--.--
low,0,2165,36.08,15.34,1.14,2904,17.4876,1.24,44.67529331,31:19.6,-11.2,1.8,259,0,0,0,0.4,0,0,0,-5,0,0,0.086,0,0,17424.9,0:32:14,95.9,0,--.--,222,92.3,49,0000:00:00,55,0,0,0,40,0,0,0,0,0,0,1,17.49,11:31:19,10/10/2023,103.08,55.33,--.--
low,0,2166,36.1,15.43,1.53,2904,23.6079,1.37,44.73036897,31:20.6,-9.1,1.7,261,0,0,0,0.3,0,0,-0.1,-5.2,0,0,0.018,0,0,17432,0:32:15,94.9,0,--.--,220,91.4,51,0000:00:00,55,0,0,0,40,0,0,0,0,0,0,1,23.6,11:31:20,10/10/2023,103.08,55.33,--.--
low,0,2167,36.12,15.42,1.73,2905,26.6766,1.43,44.79345031,31:21.6,-9,3.1,270,0,0,0,0.4,0,0,0,-5.4,0,0,-0.03,0,0,17432,0:32:16,93.9,0,--.--,220,90.4,53,0000:00:00,55,0,0,0,40,0,0,0,0,0,0,1,26.68,11:31:21,10/10/2023,103.1,55.33,--.--
low,0,2168,36.13,15.41,10.37,2906,159.8017,2.2,44.82000314,31:22.6,-11.6,4.3,267,0,0,0,0.6,0,0,0,-5.4,0,0,-0.027,0,0,17432,0:32:17,93.5,0,--.--,219,90.1,53,0000:00:00,55,0,0,0,40,0,0,0,0,0,0,1,159.82,11:31:22,10/10/2023,103.1,55.33,--.--
low,0,2169,36.15,15.22,10.53,2909,160.2666,2.2,44.89997203,31:23.6,-9.3,1.4,268,0,0,0,0.3,0,0,0,-5.4,0,0,0,0,0,17666.9,0:32:18,268.1,0,--.--,280,262.8,50,0000:00:00,55,0,0,0,40,0,0,0,0,0,0,1,160.26,11:31:23,10/10/2023,103.14,55.33,--.--
low,0,2170,36.17,15.09,15.61,2912,235.5549,2.37,44.96640561,31:24.6,-7.6,5.2,265,0,0,0,0.2,0,0,0,-5.2,0,0,0.03,0,0,17903.6,0:32:19,91.9,0,--.--,219,93.3,50,0000:00:00,55,0,0,0,40,0,0,0,0,0,0,1,235.54,11:31:24,10/10/2023,103.15,55.33,--.--
low,0,2171,36.18,15.24,13.01,2915,198.2724,2.3,45.02026853,31:25.6,-9.4,4,264,0,0,0,0.2,0,0,0,-5.3,0,0,0.029,0,0,17903.6,0:32:20,90.8,0,--.--,217,92.5,50,0000:00:00,55,0,0,0,40,0,0,0,0,0,0,1,198.27,11:31:25,10/10/2023,103.15,55.33,--.--
low,0,2172,36.2,15.18,14.96,2919,227.0928,2.36,45.06186564,31:26.6,-9.3,1.7,266,0,0,0,0.3,0,0,0,-5.3,0,0,0.012,0,0,17903.6,0:32:21,90.3,0,--.--,216,92.2,52,0000:00:00,55,0,0,0,40,0,0,0,0,0,0,1,227.09,11:31:26,10/10/2023,103.17,55.33,--.--
low,0,2173,36.22,15.27,6.26,2922,95.5902,1.98,45.07293789,31:27.6,-16.3,3.8,265,0,0,0,0.2,0,0,-0.1,-5.4,0,0,-0.02,0,0,17911,0:32:22,89.8,0,--.--,214,91.9,50,0000:00:00,55,0,0,0,40,0,0,0,0,0,0,1,95.59,11:31:27,10/10/2023,103.17,55.33,--.--
low,0,2174,36.23,15.2,18.94,2924,287.888,2.46,45.13083272,31:28.6,-10.2,7.5,265,0,0,0,0.1,0,0,0.1,-5.6,0,0,-0.026,0,0,17911,0:32:23,89,0,--.--,213,91.2,49,0000:00:00,55,0,0,0,40,0,0,0,0,0,0,1,287.79,11:31:28,10/10/2023,103.19,55.33,--.--
low,0,2175,36.25,15.07,15.87,2928,239.1609,2.38,45.19675164,31:29.6,-5.6,1.4,266,0,0,0,0.1,0,0,0,-5.5,0,0,-0.046,0,0,17911,0:32:24,88.6,0,--.--,212,90.9,52,0000:00:00,55,0,0,0,40,0,0,0,0,0,0,1,239.11,11:31:29,10/10/2023,103.21,55.33,--.--
low,0,2176,36.27,15.09,12.85,2932,193.9065,2.29,45.26140108,31:30.6,-10.1,-1.2,265,0,0,0,0.2,0,0,-0.1,-5.2,0,0,0.033,0,0,17911,0:32:25,88.6,0,--.--,212,90.9,30,0000:00:00,55,0,0,0,40,0,0,0,0,0,0,1,193.93,11:31:30,10/10/2023,103.21,55.33,--.--
low,0,2177,36.28,14.96,10.01,2937,149.7496,2.18,45.31165747,31:31.6,-9.4,-1.3,258,0,0,0,0.3,0,0,0,-5.5,0,0,-0.009,0,0,17919.3,0:32:26,88.1,0,--.--,209,90.7,52,0000:00:00,55,0,0,0,40,0,0,0,0,0,0,1,149.79,11:31:31,10/10/2023,103.23,55.33,--.--
low,0,2178,36.3,15.39,2.59,2938,39.8601,1.6,45.36405122,31:32.6,-7.9,0.6,257,0,0,0,0.2,0,0,0,-5.6,0,0,-0.051,0,0,17919.3,0:32:27,88.4,0,--.--,208,91.2,54,0000:00:00,55,0,0,0,40,0,0,0,0,0,0,1,39.85,11:31:32,10/10/2023,103.23,55.33,--.--
low,0,2179,36.32,15.18,13.73,2942,208.4214,2.32,45.41934872,31:33.6,-9.9,-2,250,0,0,0,0.2,0,0,-0.1,-5.8,0,0,-0.074,0,0,17919.3,0:32:28,88.7,0,--.--,207,91.6,36,0000:00:00,55,0,0,0,40,0,0,0,0,0,0,1,208.48,11:31:33,10/10/2023,103.24,55.33,--.--
low,0,2180,36.33,15.01,15.81,2946,237.3081,2.38,45.47184872,31:34.6,-13.4,-0.6,235,0,0,0,0.4,0,0,-0.1,-6.1,0,0,-0.041,0,0,18171.2,0:32:29,268.1,0,--.--,280,262.8,54,0000:00:00,55,0,0,0,40,0,0,0,0,0,0,1,237.24,11:31:34,10/10/2023,103.24,55.33,--.--
low,0,2181,36.35,14.9,15.62,2951,232.738,2.37,45.56002306,31:35.6,-13.5,1.5,254,0,0,0,0.4,0,0,0,-6.2,0,0,-0.014,0,0,18429,0:32:30,88.8,0,--.--,205,91.8,51,0000:00:00,55,0,0,0,40,0,0,0,0,0,0,1,232.74,11:31:35,10/10/2023,103.26,55.33,--.--
low,0,2182,36.37,15.14,11.95,2955,180.923,2.26,45.62695106,31:36.6,-16.1,-1.7,252,0,0,0,0.6,0,0,0,-6.2,0,0,-0.021,0,0,18435.7,0:32:31,88.1,0,--.--,202,91.5,55,0000:00:00,55,0,0,0,40,0,0,0,0,0,0,1,180.89,11:31:36,10/10/2023,103.26,55.33,--.--
low,0,2183,36.38,15.15,12.45,2958,188.6175,2.28,45.68437689,31:37.6,-18.2,2.4,256,0,0,0,0.6,0,0,0,-6.1,0,0,-0.017,0,0,18435.7,0:32:32,87.8,0,--.--,200,85.6,54,0000:00:00,55,0,0,0,40,0,0,0,0,0,0,1,188.64,11:31:37,10/10/2023,103.26,55.33,--.--
low,0,2184,36.4,15.15,13.14,2962,199.071,2.3,45.75578639,31:38.6,-16.8,-1.5,258,0,0,0,0.6,0,0,0,-6,0,0,-0.011,0,0,18435.7,0:32:33,86.7,0,--.--,199,84.6,54,0000:00:00,55,0,0,0,40,0,0,0,0,0,0,1,199.04,11:31:38,10/10/2023,103.3,55.33,--.--
low,0,2185,36.42,15.12,12.5,2965,189,2.28,45.8190775,31:39.6,-20,-2.2,254,0,0,0,0.6,0,0,-0.1,-5.9,0,0,0.028,0,0,18435.7,0:32:34,85.7,0,--.--,199,83.5,40,0000:00:00,55,0,0,0,40,0,0,0,0,0,0,1,188.99,11:31:39,10/10/2023,103.3,55.33,--.--
low,0,2186,36.43,14.84,21.39,2971,317.4276,2.5,45.90559258,31:40.6,-21.7,0.1,259,0,0,0,0.5,0,0,-0.2,-6.4,0,0,0.022,0,0,18968.6,0:32:35,84.6,0,--.--,199,81.5,51,0000:00:00,55,0,0,0,40,0,0,0,0,0,0,1,317.34,11:31:40,10/10/2023,103.32,55.33,--.--
low,0,2187,36.45,15.04,16.02,2976,240.9408,2.38,45.98217308,31:41.6,-19.2,2.9,261,0,0,0,0.6,0,0,0,-7,0,0,0.003,0,0,18968.6,0:32:36,83.2,0,--.--,198,80.2,54,0000:00:00,55,0,0,0,40,0,0,0,0,0,0,1,240.89,11:31:41,10/10/2023,103.33,55.33,--.--
low,0,2188,36.47,15.09,13.7,2980,206.733,2.32,46.04069492,31:42.6,-19.9,-0.9,261,0,0,0,0.6,0,0,-0.1,-7,0,0,0,0,0,18968.6,0:32:37,81.7,0,--.--,197,78.7,46,0000:00:00,55,0,0,0,40,0,0,0,0,0,0,1,206.73,11:31:42,10/10/2023,103.33,55.33,--.--
low,0,2189,36.48,15.06,17.07,2984,257.0742,2.41,46.11058617,31:43.6,-20.8,-4.2,248,0,0,0,0.7,0,0,-0.1,-7.2,0,0,0.029,0,0,18968.6,0:32:38,80.5,0,--.--,198,83.5,56,0000:00:00,55,0,0,0,40,0,0,0,0,0,0,1,257.02,11:31:43,10/10/2023,103.35,55.33,--.--
low,0,2190,36.5,14.99,15.2,2988,227.848,2.36,46.18889667,31:44.6,-20.1,0.7,260,0,0,0,0.6,0,0,-0.1,-7.5,0,0,0.036,0,0,18976.5,0:32:39,79,0,--.--,195,82.5,41,0000:00:00,55,0,0,0,40,0,0,0,0,0,0,1,227.86,11:31:44,10/10/2023,103.37,55.33,--.--
low,0,2191,36.52,14.81,21.03,2993,311.4543,2.49,46.24613956,31:45.6,-26.2,0.7,258,0,0,0,0.5,0,0,-0.3,-8.2,0,0,0.012,0,0,19249.4,0:32:40,268.1,0,--.--,280,259.8,38,0000:00:00,64,0,0,0,40,0,0,0,0,0,0,1,311.48,11:31:45,10/10/2023,103.39,55.33,--.--
low,0,2192,36.53,14.87,18.54,2999,275.6898,2.44,46.31134606,31:46.6,-20.6,4.3,268,0,0,0,0.4,0,0,-0.1,-9,0,0,0.006,0,0,19523.5,0:32:41,76.1,0,--.--,193,79.8,52,0000:00:00,50,0,0,0,40,0,0,0,0,0,0,1,275.76,11:31:46,10/10/2023,103.39,55.33,--.--
low,0,2193,36.55,15.07,13.98,3003,210.6786,2.32,46.38167422,31:47.6,-14.4,5.3,279,0,0,0,0.4,0,0,0,-9.3,0,0,0.013,0,0,19523.5,0:32:42,75.4,0,--.--,192,73.2,50,0000:00:00,50,0,0,0,40,0,0,0,0,0,0,1,210.65,11:31:47,10/10/2023,103.39,55.33,--.--
low,0,2194,36.57,14.95,16.83,3007,251.6085,2.4,46.43911797,31:48.6,-20.8,2.9,275,0,0,0,0.4,0,0,-0.1,-9.2,0,0,0.064,0,0,19530.5,0:32:43,73.6,0,--.--,189,71.9,38,0000:00:00,54,0,0,0,40,0,0,0,0,0,0,1,251.66,11:31:48,10/10/2023,103.42,55.33,--.--
low,0,2195,36.58,14.94,18.87,3013,281.9178,2.45,46.49299931,31:49.6,-19.2,5.5,274,0,0,0,0.3,0,0,-0.1,-9.6,0,0,0.078,0,0,19530.5,0:32:44,72.7,0,--.--,188,71.2,45,0000:00:00,48,0,0,0,40,0,0,0,0,0,0,1,281.97,11:31:49,10/10/2023,103.42,55.33,--.--
low,0,2196,36.6,15.02,13.72,3017,206.0744,2.31,46.55039464,31:50.6,-17.2,4.6,274,0,0,0,0.3,0,0,0.2,-9.9,0,0,0.047,0,0,19530.5,0:32:45,71.7,0,--.--,187,70.3,68,0000:00:00,40,0,0,0,40,0,0,0,0,0,0,1,206.13,11:31:50,10/10/2023,103.42,55.33,--.--
low,0,2197,36.62,14.99,15.66,3022,234.7434,2.37,46.60788086,31:51.6,-17.7,-2.8,261,0,0,0,0.3,0,0,0.2,-9.6,0,0,0.053,0,0,20091.8,0:32:46,70.9,0,--.--,186,69.7,69,0000:00:00,40,0,0,0,40,0,0,0,0,0,0,1,234.76,11:31:51,10/10/2023,103.46,55.33,--.--
low,0,2198,36.63,14.78,17.13,3028,253.1814,2.4,46.66365419,31:52.6,-21.8,-3.6,255,0,0,0,0.2,0,0,0.2,-9.1,0,0,0.073,0,0,20091.8,0:32:47,69.7,0,--.--,184,68.9,69,0000:00:00,40,0,0,0,40,0,0,0,0,0,0,1,253.15,11:31:52,10/10/2023,103.46,55.33,--.--
low,0,2199,36.65,15.15,13.65,3032,206.7975,2.32,46.71734308,31:53.6,-16.7,-6.1,256,0,0,0,0.4,0,0,0,-8.5,0,0,0.079,0,0,20098.6,0:32:48,67.9,0,--.--,181,67.5,42,0000:00:00,40,0,0,0,40,0,0,0,0,0,0,1,206.82,11:31:53,10/10/2023,103.48,55.33,--.--
low,0,2200,36.67,15.06,12.88,3035,193.9728,2.29,46.78104969,31:54.6,-15,-2.7,254,0,0,0,0.4,0,0,0,-8.5,0,0,0.067,0,0,20098.6,0:32:49,66.9,0,--.--,179,66.7,46,0000:00:00,40,0,0,0,40,0,0,0,0,0,0,1,193.92,11:31:54,10/10/2023,103.48,55.33,--.--
low,0,2201,36.68,15.06,13.72,3039,206.6232,2.32,46.86929081,31:55.6,-14.1,-3.4,254,0,0,0,0.4,0,0,0,-8.7,0,0,0.017,0,0,20098.6,0:32:50,66.6,0,--.--,179,66.5,48,0000:00:00,40,0,0,0,40,0,0,0,0,0,0,1,206.62,11:31:55,10/10/2023,103.5,55.33,--.--
low,0,2202,36.7,15.04,13.76,3043,206.9504,2.32,46.95419981,31:56.6,-18.8,-1.3,254,0,0,0,0.3,0,0,0.1,-8.5,0,0,0.021,0,0,20385.5,0:32:51,268.1,0,--.--,280,259.8,46,0000:00:00,40,0,0,0,40,0,0,0,0,0,0,1,206.94,11:31:56,10/10/2023,103.51,55.33,--.--
low,0,2203,36.72,15.04,13.35,3048,200.784,2.3,47.02242161,31:57.6,-15.1,-4.7,250,0,0,0,0.2,0,0,0,-8.5,0,0,0.026,0,0,20675.8,0:32:52,65.5,0,--.--,177,65.7,49,0000:00:00,40,0,0,0,40,0,0,0,0,0,0,1,200.82,11:31:57,10/10/2023,103.51,55.33,--.--
low,0,2204,36.73,15.1,12.8,3052,193.28,2.29,47.14866861,31:58.6,-16.6,-3.8,251,0,0,0,0.3,0,0,-0.1,-8.6,0,0,0.016,0,0,20675.8,0:32:53,65.1,0,--.--,177,66.2,43,0000:00:00,40,0,0,0,40,0,0,0,0,0,0,1,193.28,11:31:58,10/10/2023,103.53,55.33,--.--
low,0,2205,36.75,14.98,15.31,3057,229.3438,2.36,47.19753389,31:59.6,-21.2,-3.9,247,0,0,0,0.4,0,0,-0.1,-8.7,0,0,0.029,0,0,20675.8,0:32:54,64.2,0,--.--,176,65.6,35,0000:00:00,40,0,0,0,40,0,0,0,0,0,0,1,229.37,11:31:59,10/10/2023,103.55,55.31,--.--
low,0,2206,36.77,14.9,21.32,3062,317.668,2.5,47.24315769,32:00.6,-16.3,-1.9,240,0,0,0,0.4,0,0,-0.1,-9.2,0,0,0.036,0,0,20675.8,0:32:55,63.6,0,--.--,175,65.1,52,0000:00:00,40,0,0,0,40,0,0,0,0,0,0,1,317.71,11:32:00,10/10/2023,103.55,55.31,--.--
low,0,2207,36.78,14.94,20.46,3066,305.6724,2.49,47.28921269,32:01.6,-16.8,-3.2,239,0,0,0,0.3,0,0,0,-9.2,0,0,0.018,0,0,20675.8,0:32:56,61.8,0,--.--,176,63.3,43,0000:00:00,40,0,0,0,40,0,0,0,0,0,0,1,305.63,11:32:01,10/10/2023,103.55,55.29,--.--
low,0,2208,36.8,14.93,16.45,3070,245.5985,2.39,47.33382503,32:02.6,-20.7,-2.9,239,0,0,0,0.4,0,0,0.2,-8.9,0,0,0.03,0,0,21255.2,0:32:57,60.9,0,--.--,176,62.4,76,0000:00:00,40,0,0,0,40,0,0,0,0,0,0,1,245.55,11:32:02,10/10/2023,103.59,55.29,--.--
low,0,2209,36.82,14.97,30.36,3077,454.4892,2.66,47.38149503,32:03.6,-17.2,-7.9,241,0,0,0,0.6,0,0,0.1,-8.1,0,0,0.06,0,0,21255.2,0:32:58,60.1,0,--.--,175,61.8,49,0000:00:00,40,0,0,0,40,0,0,0,0,0,0,1,454.58,11:32:03,10/10/2023,103.6,55.29,--.--
low,0,2210,36.83,15.1,11.65,3080,175.915,2.25,47.42681303,32:04.6,-17.5,-4.1,239,0,0,0,0.6,0,0,-0.1,-8.1,0,0,0.054,0,0,21255.2,0:32:59,59.5,0,--.--,174,61.4,48,0000:00:00,40,0,0,0,40,0,0,0,0,0,0,1,175.96,11:32:04,10/10/2023,103.6,55.26,--.--
low,0,2211,36.85,15.11,10.87,3084,164.2457,2.22,47.47330703,32:05.6,-14.6,-1,240,0,0,0,0.7,0,0,-0.1,-8.2,0,0,0.006,0,0,21255.2,0:33:00,58.9,0,--.--,173,60.9,50,0000:00:00,40,0,0,0,40,0,0,0,0,0,0,1,164.27,11:32:05,10/10/2023,103.62,55.26,--.--
low,0,2212,36.87,15.1,10.98,3087,165.798,2.22,47.53768942,32:06.6,-15.6,-1.3,239,0,0,0,0.7,0,0,0,-8.4,0,0,-0.03,0,0,21255.2,0:33:01,58.3,0,--.--,171,60.7,51,0000:00:00,46,0,0,0,40,0,0,0,0,0,0,1,165.83,11:32:06,10/10/2023,103.62,55.26,--.--
low,0,2213,36.88,15.18,10.58,3090,160.6044,2.21,47.58333158,32:07.6,-17.5,-3.9,227,0,0,0,0.7,0,0,0.1,-8.3,0,0,-0.046,0,0,21255.2,0:33:02,57.9,0,--.--,171,60.5,65,0000:00:00,31,0,0,0,40,0,0,0,0,0,0,1,160.55,11:32:07,10/10/2023,103.64,55.26,--.--
low,0,2214,36.9,15.12,11.35,3093,171.612,2.23,47.63353158,32:08.6,-16.5,-6.7,215,0,0,0,0.8,0,0,0,-7.9,0,0,-0.016,0,0,21837.7,0:33:03,56.6,0,--.--,168,59.7,48,0000:00:00,31,0,0,0,40,0,0,0,0,0,0,1,171.6,11:32:08,10/10/2023,103.64,55.26,--.--
low,0,2215,36.92,15.12,10.79,3096,163.1448,2.21,47.68294214,32:09.6,-17.3,-7,217,0,0,0,0.9,0,0,0,-7.9,0,0,0.01,0,0,21837.7,0:33:04,55.7,0,--.--,168,58.9,50,0000:00:00,31,0,0,0,40,0,0,0,0,0,0,1,163.18,11:32:09,10/10/2023,103.66,55.24,--.--
low,0,2216,36.93,15.12,11.07,3099,167.3784,2.22,47.72593656,32:10.6,-16.9,-4.9,217,0,0,0,0.9,0,0,0,-8,0,0,-0.021,0,0,21837.7,0:33:05,54.9,0,--.--,167,58.4,52,0000:00:00,31,0,0,0,40,0,0,0,0,0,0,1,167.37,11:32:10,10/10/2023,103.66,55.24,--.--
low,0,2217,36.95,15.07,15.38,3103,231.7766,2.37,47.76795006,32:11.6,-18.1,-5.7,210,0,0,0,1,0,0,0,-8,0,0,-0.043,0,0,21837.7,0:33:06,54.3,0,--.--,166,60,53,0000:00:00,31,0,0,0,40,0,0,0,0,0,0,1,231.73,11:32:11,10/10/2023,103.66,55.24,--.--
low,0,2218,36.97,15.13,10.86,3106,164.3118,2.22,47.77551189,32:12.6,-17.3,-6.3,208,0,0,0,1.2,0,0,0,-7.9,0,0,-0.004,0,0,21837.7,0:33:07,53.4,0,--.--,165,59.4,51,0000:00:00,31,0,0,0,40,0,0,0,0,0,0,1,164.34,11:32:12,10/10/2023,103.68,55.22,--.--
low,0,2219,36.98,15.06,12,3110,180.72,2.26,47.82819289,32:13.6,-18.4,-9.9,192,0,0,0,1.2,0,0,-0.1,-8,0,0,-0.006,0,0,22426.2,0:33:08,52.4,0,--.--,163,58.8,41,0000:00:00,31,0,0,0,40,0,0,0,0,0,0,1,180.76,11:32:13,10/10/2023,103.69,55.22,--.--
low,0,2220,37,15.1,11.78,3113,177.878,2.25,47.88658914,32:14.6,-14.4,-5.8,181,0,0,0,1.3,0,0,-0.1,-8.4,0,0,-0.038,0,0,22426.2,0:33:09,51.3,0,--.--,163,57.8,59,0000:00:00,31,0,0,0,40,0,0,0,0,0,0,1,177.84,11:32:14,10/10/2023,103.69,55.24,--.--
low,0,2221,37.02,15.13,10.23,3116,154.7799,2.19,47.92402836,32:15.6,-16.1,-6.5,182,0,0,0,1.3,0,0,0,-8.5,0,0,-0.077,0,0,22426.2,0:33:10,49.7,0,--.--,160,57,56,0000:00:00,31,0,0,0,40,0,0,0,0,0,0,1,154.81,11:32:15,10/10/2023,103.71,55.26,--.--
low,0,2222,37.03,15.14,9.99,3119,151.2486,2.18,47.96995303,32:16.6,-15.3,-8.4,183,0,0,0,1.2,0,0,0,-8.4,0,0,-0.067,0,0,22426.2,0:33:11,48.6,0,--.--,161,55.7,55,0000:00:00,31,0,0,0,40,0,0,0,0,0,0,1,151.29,11:32:16,10/10/2023,103.71,55.26,--.--
low,0,2223,37.05,15.38,1.77,3120,27.2226,1.43,48.03103814,32:17.6,-13.2,-9.3,184,0,0,0,1,0,0,0,-8.3,0,0,-0.018,0,0,22426.2,0:33:12,47.3,0,--.--,159,54.9,52,0000:00:00,31,0,0,0,40,0,0,0,0,0,0,1,27.23,11:32:17,10/10/2023,103.71,55.24,--.--
low,0,2224,37.07,15.16,12.51,3122,189.6516,2.28,48.07966147,32:18.6,-13.7,-12.6,160,0,0,0,1.1,0,0,0.2,-7.8,0,0,0.006,0,0,22433,0:33:13,46.9,0,--.--,159,54.6,70,0000:00:00,31,0,0,0,40,0,0,0,0,0,0,1,189.65,11:32:18,10/10/2023,103.71,55.24,--.--
low,0,2225,37.08,15.07,13.95,3127,210.2265,2.32,48.12810731,32:19.6,-6.7,-14.1,134,0,0,0,1.1,0,0,0.3,-6.8,0,0,0.062,0,0,23023.6,0:33:14,45.9,0,--.--,158,53.9,67,0000:00:00,31,0,0,0,40,0,0,0,0,0,0,1,210.18,11:32:19,10/10/2023,103.71,55.24,--.--
low,0,2226,37.1,15.11,8.92,3130,134.7812,2.13,48.17226564,32:20.6,0.9,-11.2,106,0,0,0,1.2,0,0,0.2,-5.8,0,0,0.136,0,0,23023.6,0:33:15,45.4,0,--.--,158,53.4,53,0000:00:00,31,0,0,0,40,0,0,0,0,0,0,1,134.74,11:32:20,10/10/2023,103.71,55.26,--.--
low,0,2227,37.12,15.14,10.92,3133,165.3288,2.22,48.21559628,32:21.6,-4.6,-19.6,111,0,0,0,1.4,0,0,-0.1,-5.7,0,0,0.088,0,0,23023.6,0:33:16,44.8,0,--.--,157,53,45,0000:00:00,31,0,0,0,40,0,0,0,0,0,0,1,165.29,11:32:21,10/10/2023,103.75,55.26,--.--
low,0,2228,37.13,14.98,14.68,3136,219.9064,2.34,48.26955525,32:22.6,-2.1,-15.3,109,0,0,0,1.2,0,0,-0.3,-6.3,0,0,0.073,0,0,23023.6,0:33:17,44.5,0,--.--,157,52.6,32,0000:00:00,31,0,0,0,40,0,0,0,0,0,0,1,219.95,11:32:22,10/10/2023,103.75,55.26,--.--
low,0,2229,37.15,15.09,11.6,3141,175.044,2.24,48.33209675,32:23.6,4.7,-5.6,78,0,0,0,1.3,0,0,-0.1,-7.1,0,0,0.026,0,0,23023.6,0:33:18,42.7,0,--.--,156,51.2,52,0000:00:00,31,-1,0,0,40,0,0,0,0,0,0,1,175.08,11:32:23,10/10/2023,103.71,55.26,--.--
low,0,2230,37.17,15.1,11.55,3145,174.405,2.24,48.37462886,32:24.6,2.6,-3.8,79,0,0,0,1.3,0,0,0,-7.4,0,0,-0.054,0,0,23611.9,0:33:19,42.2,0,--.--,158,50.3,55,0000:00:00,31,-1,0,0,40,0,0,0,0,0,0,1,174.37,11:32:24,10/10/2023,103.75,55.29,--.--
low,0,2231,37.18,15.14,10.5,3148,158.97,2.2,48.41850586,32:25.6,2.7,-8.9,80,0,0,0,1.3,0,0,0,-7.5,0,0,-0.065,0,0,23611.9,0:33:20,41.3,0,--.--,159,49.3,49,0000:00:00,31,-1,0,0,40,0,0,0,0,0,0,1,158.94,11:32:25,10/10/2023,103.75,55.29,--.--
low,0,2232,37.2,15.13,10.31,3151,155.9903,2.19,48.46336186,32:26.6,3.7,-7.7,80,0,0,0,1.2,0,0,-0.1,-7.6,0,0,-0.044,0,0,23611.9,0:33:21,40.7,0,--.--,159,48.6,46,0000:00:00,31,-1,0,0,40,0,0,0,0,0,0,1,156.02,11:32:26,10/10/2023,103.75,55.29,--.--
low,0,2233,37.22,15.07,12.89,3154,194.2523,2.29,48.50634264,32:27.6,4.4,-6.3,80,0,0,0,1.1,0,0,0,-7.8,0,0,-0.089,0,0,23611.9,0:33:22,40.2,0,--.--,162,47.5,58,0000:00:00,31,-1,0,0,40,0,0,0,0,0,0,1,194.27,11:32:27,10/10/2023,103.75,55.29,--.--
low,0,2234,37.23,15.03,14.98,3157,225.1494,2.35,48.54881875,32:28.6,5.1,-4.7,66,0,0,0,1,0,0,0,-7.8,0,0,-0.079,0,0,23611.9,0:33:23,39.9,0,--.--,162,47.1,55,0000:00:00,31,-1,0,0,40,0,0,0,0,0,0,1,225.18,11:32:28,10/10/2023,103.75,55.29,--.--
low,0,2235,37.25,15.13,10.12,3161,153.1156,2.19,48.60065764,32:29.6,5.4,-6.5,68,0,0,0,1,0,0,0,-7.8,0,0,-0.099,0,0,23611.9,0:33:24,38.8,0,--.--,162,46.2,58,0000:00:00,31,-1,0,0,40,0,0,0,0,0,0,1,153.15,11:32:29,10/10/2023,103.75,55.29,--.--
low,0,2236,37.27,15.13,10.44,3163,157.9572,2.2,48.64573581,32:30.6,5.7,-5.2,69,0,0,0,0.9,0,0,0,-7.9,0,0,-0.109,0,0,23611.9,0:33:25,38.2,0,--.--,164,45.1,59,0000:00:00,31,-1,0,0,40,0,0,0,0,0,0,1,157.92,11:32:30,10/10/2023,103.75,55.31,--.--
low,0,2237,37.28,15.12,10.68,3166,161.4816,2.21,48.69438161,32:31.6,5.9,-4.8,69,0,0,0,0.8,0,0,0,-7.8,0,0,-0.102,0,0,23618.7,0:33:26,37.8,0,--.--,165,44.5,59,0000:00:00,31,-1,0,0,40,0,0,0,0,0,0,1,161.5,11:32:31,10/10/2023,103.75,55.31,--.--
low,0,2238,37.3,15.14,10.22,3169,154.7308,2.19,48.73924992,32:32.6,5.6,-5.2,69,0,0,0,0.8,0,0,0,-7.7,0,0,-0.066,0,0,23618.7,0:33:27,37.5,0,--.--,166,43.9,57,0000:00:00,31,-1,0,0,40,0,0,0,0,0,0,1,154.7,11:32:32,10/10/2023,103.75,55.29,--.--
low,0,2239,37.32,15.14,10.1,3172,152.914,2.18,48.78216028,32:33.6,6.4,-4.9,69,0,0,0,0.8,0,0,0,-7.7,0,0,-0.068,0,0,23618.7,0:33:28,37.1,0,--.--,167,43.3,58,0000:00:00,31,-1,0,0,40,0,0,0,0,0,0,1,152.91,11:32:33,10/10/2023,103.77,55.31,--.--
low,0,2240,37.33,15.05,12.4,3175,186.62,2.27,48.82544889,32:34.6,8.9,-0.8,51,0,0,0,0.8,0,0,-0.1,-7.8,0,0,-0.067,0,0,23618.7,0:33:29,36.7,0,--.--,169,42.6,44,0000:00:00,31,-1,0,0,40,0,0,0,0,0,0,1,186.67,11:32:34,10/10/2023,103.75,55.31,--.--
low,0,2241,37.35,15.11,10.74,3179,162.2814,2.21,48.87043089,32:35.6,8.8,-0.3,50,0,0,0,0.9,0,0,0,-8,0,0,-0.074,0,0,24188.2,0:33:30,36.7,0,--.--,169,42.6,58,0000:00:00,31,-1,0,0,40,0,0,0,0,0,0,1,162.29,11:32:35,10/10/2023,103.77,55.29,--.--
low,0,2242,37.37,15.11,11.59,3182,175.1249,2.24,48.91401369,32:36.6,6.1,1.2,26,0,0,0,0.9,0,0,0,-8,0,0,-0.068,0,0,24188.2,0:33:31,36.5,0,--.--,171,41.7,57,0000:00:00,31,-1,0,0,40,0,0,0,0,0,0,1,175.09,11:32:36,10/10/2023,103.75,55.31,--.--
low,0,2243,37.38,15.11,10.69,3185,161.5259,2.21,48.95734433,32:37.6,6.8,-0.6,36,0,0,0,1,0,0,0,-7.8,0,0,-0.029,0,0,24188.2,0:33:32,37,0,--.--,173,41.7,56,0000:00:00,31,-1,0,0,40,0,0,0,0,0,0,1,161.56,11:32:37,10/10/2023,103.77,55.31,--.--
low,0,2244,37.4,15.13,10.21,3188,154.4773,2.19,49.00134742,32:38.6,6.2,-1.9,32,0,0,0,1,0,0,0,-7.8,0,0,-0.015,0,0,24188.2,0:33:33,37.2,0,--.--,173,41.9,56,0000:00:00,31,-1,0,0,40,0,0,0,0,0,0,1,154.49,11:32:38,10/10/2023,103.75,55.31,--.--
low,0,2245,37.42,15.13,10.3,3191,155.839,2.19,49.05106628,32:39.6,6.6,0.6,33,0,0,0,1,0,0,0,-7.9,0,0,-0.045,0,0,24188.2,0:33:34,37.4,0,--.--,174,42,57,0000:00:00,31,-1,0,0,40,0,0,0,0,0,0,1,155.84,11:32:39,10/10/2023,103.75,55.31,--.--
low,0,2246,37.43,15.12,10.71,3194,161.9352,2.21,49.09456503,32:40.6,5.9,-0.2,33,0,0,0,0.9,0,0,0,-7.9,0,0,-0.055,0,0,24188.2,0:33:35,37.8,0,--.--,174,42.1,57,0000:00:00,31,-1,0,0,40,0,0,0,0,0,0,1,161.94,11:32:40,10/10/2023,103.77,55.31,--.--
low,0,2247,37.45,15.13,10.37,3197,156.8981,2.2,49.13695703,32:41.6,5.9,-1.3,32,0,0,0,0.9,0,0,0,-7.9,0,0,-0.033,0,0,24188.2,0:33:36,38.9,0,--.--,176,44.6,56,0000:00:00,31,-1,0,0,40,0,0,0,0,0,0,1,156.89,11:32:41,10/10/2023,103.77,55.31,--.--
low,0,2248,37.47,15.13,10.31,3199,155.9903,2.19,49.17960136,32:42.6,6.7,-1.5,35,0,0,0,0.9,0,0,0,-7.8,0,0,-0.022,0,0,24188.2,0:33:37,39.4,0,--.--,177,44.7,65,0000:00:00,31,-1,0,0,40,0,0,0,0,0,0,1,156.02,11:32:42,10/10/2023,103.77,55.31,--.--
low,0,2249,37.48,15.13,10.47,3203,158.4111,2.2,49.22386936,32:43.6,7.2,-0.9,34,0,0,0,0.9,0,0,0,-7.8,0,0,-0.017,0,0,24195.3,0:33:38,39.9,0,--.--,178,44.8,56,0000:00:00,31,-1,0,0,40,0,0,0,0,0,0,1,158.38,11:32:43,10/10/2023,103.77,55.29,--.--
low,0,2250,37.5,15.13,11.83,3205,178.9879,2.25,49.28748992,32:44.6,6.2,-2.1,42,0,0,0,0.8,0,0,0,-7.8,0,0,-0.012,0,0,24195.3,0:33:39,40.5,0,--.--,179,45.1,56,0000:00:00,31,-1,0,0,40,0,0,0,0,0,0,1,179.02,11:32:44,10/10/2023,103.75,55.29,--.--
low,0,2251,37.52,15.13,10.35,3209,156.5955,2.19,49.33020392,32:45.6,5.5,-1.8,37,0,0,0,0.7,0,0,0,-7.7,0,0,0.003,0,0,24195.3,0:33:40,40.9,0,--.--,180,45.3,55,0000:00:00,31,-1,0,0,40,0,0,0,0,0,0,1,156.61,11:32:45,10/10/2023,103.77,55.29,--.--
low,0,2252,37.53,15.14,10.08,3211,152.6112,2.18,49.37445917,32:46.6,6.2,-3.5,38,0,0,0,0.7,0,0,0,-7.7,0,0,0.001,0,0,24474.3,0:33:41,268.1,0,--.--,280,247.7,55,0000:00:00,31,-1,0,0,40,0,0,0,0,0,0,1,152.59,11:32:46,10/10/2023,103.77,55.26,--.--
low,0,2253,37.55,15.14,10.14,3214,153.5196,2.19,49.41902117,32:47.6,6.5,-2.4,38,0,0,0,0.7,0,0,0,-7.8,0,0,-0.008,0,0,24752.2,0:33:42,42.1,0,--.--,183,45.4,56,0000:00:00,31,-1,0,0,40,0,0,0,0,0,0,1,153.52,11:32:47,10/10/2023,103.77,55.26,--.--
low,0,2254,37.57,15.12,10.54,3217,159.3648,2.2,49.46286917,32:48.6,5.7,-2.7,37,0,0,0,0.6,0,0,0,-7.8,0,0,-0.025,0,0,24752.2,0:33:43,42.2,0,--.--,182,45.5,57,0000:00:00,31,-1,0,0,40,0,0,0,0,0,0,1,159.32,11:32:48,10/10/2023,103.77,55.24,--.--
low,0,2255,37.58,14.95,15.32,3220,229.034,2.36,49.50729786,32:49.6,4.4,-3.9,52,0,0,0,0.6,0,0,0,-7.7,0,0,0.004,0,0,24752.2,0:33:44,42.4,0,--.--,183,45.7,55,0000:00:00,31,-1,0,0,40,0,0,0,0,0,0,1,229.08,11:32:49,10/10/2023,103.77,55.24,--.--
low,0,2256,37.6,15.12,10.17,3224,153.7704,2.19,49.55086503,32:50.6,4.2,-5.1,49,0,0,0,0.6,0,0,0,-7.7,0,0,0.024,0,0,24752.2,0:33:45,43.3,0,--.--,185,45.6,55,0000:00:00,31,-1,0,0,40,0,0,0,0,0,0,1,153.75,11:32:50,10/10/2023,103.77,55.22,--.--
low,0,2257,37.62,15.13,10.53,3227,159.3189,2.2,49.59444783,32:51.6,5,-4.4,49,0,0,0,0.6,0,0,0,-7.8,0,0,-0.007,0,0,24752.2,0:33:46,43.5,0,--.--,185,45.7,56,0000:00:00,31,-1,0,0,40,0,0,0,0,0,0,1,159.29,11:32:51,10/10/2023,103.77,55.22,--.--
low,0,2258,37.63,15.12,10.61,3230,160.4232,2.21,49.64033506,32:52.6,4.5,-4.7,48,0,0,0,0.6,0,0,0,-7.8,0,0,-0.014,0,0,24752.2,0:33:47,44.1,0,--.--,187,45.6,56,0000:00:00,31,-1,0,0,40,0,0,0,0,0,0,1,160.4,11:32:52,10/10/2023,103.77,55.22,--.--
low,0,2259,37.65,15.12,10.44,3233,157.8528,2.2,49.68555117,32:53.6,4,-5,48,0,0,0,0.6,0,0,0,-7.8,0,0,-0.019,0,0,24752.2,0:33:48,44.3,0,--.--,188,45.5,57,0000:00:00,31,-1,0,0,40,0,0,0,0,0,0,1,157.83,11:32:53,10/10/2023,103.77,55.2,--.--
low,0,2260,37.67,14.99,10.67,3235,159.9433,2.2,49.73071328,32:54.6,4,-1.7,55,0,0,0,0.6,0,0,0,-7.6,0,0,0,0,0,24759.4,0:33:49,44.6,0,--.--,190,45.2,51,0000:00:00,31,-1,0,0,40,0,0,0,0,0,0,1,159.95,11:32:54,10/10/2023,103.77,55.2,--.--
low,0,2261,37.68,15.11,10.38,3238,156.8418,2.2,49.80910678,32:55.6,3.9,-7.4,51,0,0,0,0.6,0,0,0,-7.6,0,0,0.029,0,0,24759.4,0:33:50,44.8,0,--.--,190,45.2,55,0000:00:00,31,-1,0,0,40,0,0,0,0,0,0,1,156.87,11:32:55,10/10/2023,103.77,55.2,--.--
low,0,2262,37.7,15.13,10.37,3241,156.8981,2.2,49.85284183,32:56.6,4.5,-4.3,57,0,0,0,0.6,0,0,0,-7.6,0,0,0.02,0,0,24759.4,0:33:51,45.1,0,--.--,191,45.2,55,0000:00:00,31,-1,0,0,40,0,0,0,0,0,0,1,156.85,11:32:56,10/10/2023,103.77,55.2,--.--
low,0,2263,37.72,15.1,10.94,3244,165.194,2.22,49.89762619,32:57.6,3.7,-6,54,0,0,0,0.6,0,0,0,-7.8,0,0,-0.027,0,0,25302.8,0:33:52,45.1,0,--.--,191,45.1,58,0000:00:00,31,-1,0,0,40,0,0,0,0,0,0,1,165.23,11:32:57,10/10/2023,103.77,55.2,--.--
low,0,2264,37.73,15.1,10.78,3247,162.778,2.21,49.94918369,32:58.6,2.9,-7.1,54,0,0,0,0.6,0,0,0,-7.8,0,0,-0.033,0,0,25302.8,0:33:53,45.7,0,--.--,194,44.6,58,0000:00:00,31,-1,0,0,40,0,0,0,0,0,0,1,162.82,11:32:58,10/10/2023,103.77,55.22,--.--
low,0,2265,37.75,15.11,10.76,3250,162.5836,2.21,50.00575081,32:59.6,3.3,-7.4,52,0,0,0,0.7,0,0,0,-7.7,0,0,-0.015,0,0,25302.8,0:33:54,46.2,0,--.--,196,44.4,57,0000:00:00,31,-1,0,0,40,0,0,0,0,0,0,1,162.57,11:32:59,10/10/2023,103.77,55.2,--.--
low,0,2266,37.77,14.94,18.89,3254,282.2166,2.45,50.06065456,33:00.6,2.7,-6.8,61,0,0,0,0.7,0,0,0,-7.6,0,0,0.007,0,0,25302.8,0:33:55,46.4,0,--.--,197,44.2,56,0000:00:00,31,-1,0,0,40,0,0,0,0,0,0,1,282.2,11:33:00,10/10/2023,103.77,55.18,--.--
low,0,2267,37.78,15.11,10.42,3258,157.4462,2.2,50.11151097,33:01.6,2.8,-7.5,58,0,0,0,0.7,0,0,0,-7.7,0,0,-0.005,0,0,25302.8,0:33:56,46.8,0,--.--,198,44.1,47,0000:00:00,31,-1,0,0,40,0,0,0,0,0,0,1,157.47,11:33:01,10/10/2023,103.77,55.2,--.--
low,0,2268,37.8,15.11,10.67,3260,161.2237,2.21,50.16192847,33:02.6,1.8,-6.8,58,0,0,0,0.8,0,0,0,-7.8,0,0,-0.025,0,0,25302.8,0:33:57,47,0,--.--,199,44,56,0000:00:00,31,-1,0,0,40,0,0,0,0,0,0,1,161.17,11:33:02,10/10/2023,103.77,55.2,--.--
low,0,2269,37.82,15.09,12.3,3264,185.607,2.27,50.21163528,33:03.6,0.7,-8.4,62,0,0,0,0.8,0,0,0,-7.9,0,0,-0.048,0,0,25573.8,0:33:58,268.1,0,--.--,280,247.7,59,0000:00:00,31,-1,0,0,40,0,0,0,0,0,0,1,185.61,11:33:03,10/10/2023,103.77,55.2,--.--
low,0,2270,37.83,15.04,13.54,3267,203.6416,2.31,50.26192736,33:04.6,-3.1,-10,93,0,0,0,0.7,0,0,-0.2,-8.2,0,0,-0.013,0,0,25837.5,0:33:59,47.5,0,--.--,201,43.7,34,0000:00:00,31,0,0,0,40,0,0,0,0,0,0,1,203.63,11:33:04,10/10/2023,103.78,55.2,--.--
low,0,2271,37.85,14.85,13.31,3272,197.6535,2.3,50.31523581,33:05.6,-3.2,-4.3,104,0,0,0,0.6,0,0,-0.2,-9,0,0,0.016,0,0,25837.5,0:34:00,47.7,0,--.--,202,43.4,48,0000:00:00,31,0,0,0,40,0,0,0,0,0,0,1,197.61,11:33:05,10/10/2023,103.77,55.2,--.--
low,0,2272,37.87,14.97,12.23,3275,183.0831,2.26,50.3656115,33:06.6,-4.5,-4.7,124,0,0,0,0.5,0,0,0,-9.4,0,0,-0.017,0,0,25837.5,0:34:01,47.7,0,--.--,204,42.7,55,0000:00:00,31,0,0,0,40,0,0,0,0,0,0,1,183.03,11:33:06,10/10/2023,103.78,55.22,--.--
low,0,2273,37.88,15.05,12.06,3279,181.503,2.26,50.42419219,33:07.6,-3.3,-6.4,125,0,0,0,0.3,0,0,0,-9.4,0,0,-0.037,0,0,25837.5,0:34:02,46.9,0,--.--,205,41.8,57,0000:00:00,31,0,0,0,40,0,0,0,0,0,0,1,181.55,11:33:07,10/10/2023,103.77,55.2,--.--
low,0,2274,37.9,15.05,11.89,3282,178.9445,2.25,50.47502775,33:08.6,-3.8,-5.9,123,0,0,0,0.3,0,0,0,-9.4,0,0,-0.037,0,0,25837.5,0:34:03,46.5,0,--.--,206,41.1,56,0000:00:00,31,0,0,0,40,0,0,0,0,0,0,1,178.94,11:33:08,10/10/2023,103.78,55.2,--.--
low,0,2275,37.92,15.05,12.03,3286,181.0515,2.26,50.52686817,33:09.6,-2.8,-5.3,118,0,0,0,0.3,0,0,0,-9.4,0,0,-0.035,0,0,26360.3,0:34:04,44.4,0,--.--,207,38.8,56,0000:00:00,31,0,0,0,40,0,0,0,0,0,0,1,181.04,11:33:09,10/10/2023,103.78,55.22,--.--
low,0,2276,37.93,15.04,12.76,3289,191.9104,2.28,50.57741928,33:10.6,-3,-6.4,115,0,0,0,0.4,0,0,0,-9.4,0,0,-0.039,0,0,26360.3,0:34:05,43.4,0,--.--,209,37.1,58,0000:00:00,31,0,0,0,40,0,0,0,0,0,0,1,191.97,11:33:10,10/10/2023,103.78,55.22,--.--
low,0,2277,37.95,15.05,12.05,3293,181.3525,2.26,50.62662442,33:11.6,-2.3,-5.6,116,0,0,0,0.4,0,0,0,-9.4,0,0,-0.027,0,0,26360.3,0:34:06,42.2,0,--.--,210,35.5,56,0000:00:00,31,0,0,0,40,0,0,0,0,0,0,1,181.35,11:33:11,10/10/2023,103.8,55.22,--.--
low,0,2278,37.97,15.01,14.05,3296,210.8905,2.32,50.6769165,33:12.6,-0.8,-7.2,108,0,0,0,0.4,0,0,0,-9.4,0,0,-0.029,0,0,26360.3,0:34:07,41.3,0,--.--,213,33.9,58,0000:00:00,31,0,0,0,40,0,0,0,0,0,0,1,210.89,11:33:12,10/10/2023,103.8,55.24,--.--
low,0,2279,37.98,15.05,12.16,3300,183.008,2.26,50.7265815,33:13.6,0.6,-3,97,0,0,0,0.5,0,0,0,-9.5,0,0,-0.048,0,0,26367.7,0:34:08,40.9,0,--.--,214,33.1,45,0000:00:00,31,0,0,0,40,0,0,0,0,0,0,1,182.98,11:33:13,10/10/2023,103.8,55.24,--.--
low,0,2280,38,14.99,12.45,3303,186.6255,2.27,50.77675661,33:14.6,-0.4,-4.1,94,0,0,0,0.6,0,0,0,-9.6,0,0,-0.041,0,0,26621.8,0:34:09,268.1,0,--.--,280,247.7,58,0000:00:00,31,0,0,0,40,0,0,0,0,0,0,1,186.59,11:33:14,10/10/2023,103.8,55.26,--.--
low,0,2281,38.02,15.04,12.1,3307,181.984,2.26,50.82658883,33:15.6,-0.3,-3.6,95,0,0,0,0.5,0,0,0,-9.6,0,0,-0.034,0,0,26874.6,0:34:11,39.5,0,--.--,220,29.9,57,0000:00:00,31,0,0,0,40,0,0,0,0,0,0,1,181.96,11:33:15,10/10/2023,103.82,55.26,--.--
low,0,2282,38.03,15.05,11.77,3310,177.1385,2.25,50.8752505,33:16.6,0.7,-3.5,95,0,0,0,0.5,0,0,0,-9.5,0,0,-0.022,0,0,26874.6,0:34:12,39,0,--.--,221,29,57,0000:00:00,31,0,0,0,40,0,0,0,0,0,0,1,177.19,11:33:16,10/10/2023,103.82,55.26,--.--
low,0,2283,38.05,15.05,12.03,3314,181.0515,2.26,50.92427917,33:17.6,0.5,-3.3,95,0,0,0,0.5,0,0,0,-9.6,0,0,-0.024,0,0,26874.6,0:34:13,39,0,--.--,224,28,57,0000:00:00,31,0,0,0,40,0,0,0,0,0,0,1,181,11:33:17,10/10/2023,103.82,55.26,--.--
low,0,2284,38.07,15.05,11.88,3317,178.794,2.25,50.99593389,33:18.6,0.5,-3.6,95,0,0,0,0.5,0,0,0,-9.6,0,0,-0.029,0,0,26881.5,0:34:14,39.2,0,--.--,227,27.2,57,0000:00:00,31,0,0,0,40,0,0,0,0,0,0,1,178.79,11:33:18,10/10/2023,103.82,55.26,--.--
low,0,2285,38.08,15.04,12.01,3320,180.6304,2.26,51.10270864,33:19.6,0.7,-3.2,95,0,0,0,0.5,0,0,0,-9.6,0,0,-0.029,0,0,26881.5,0:34:15,39.2,0,--.--,228,26.8,58,0000:00:00,31,0,0,0,40,0,0,0,0,0,0,1,180.69,11:33:19,10/10/2023,103.84,55.26,--.--
low,0,2286,38.1,15.05,11.92,3323,179.396,2.25,51.28502739,33:20.6,0.6,-3.5,95,0,0,0,0.5,0,0,0,-9.5,0,0,-0.013,0,0,27372.7,0:34:16,39.3,0,--.--,230,26,56,0000:00:00,31,0,0,0,40,0,0,0,0,0,0,1,179.35,11:33:20,10/10/2023,103.84,55.24,--.--
low,0,2287,38.12,15.05,11.64,3327,175.182,2.24,51.51250889,33:21.6,1.5,-3.2,95,0,0,0,0.5,0,0,0,-9.5,0,0,0.002,0,0,27372.7,0:34:17,39.7,0,--.--,235,24.9,56,0000:00:00,31,0,0,0,40,0,0,0,0,0,0,1,175.21,11:33:21,10/10/2023,103.84,55.22,--.--
low,0,2288,38.13,15.06,11.72,3330,176.5032,2.25,51.64169222,33:22.6,1,-2.9,95,0,0,0,0.5,0,0,0,-9.5,0,0,-0.001,0,0,27372.7,0:34:18,40.1,0,--.--,238,24.3,56,0000:00:00,31,0,0,0,40,0,0,0,0,0,0,1,176.46,11:33:22,10/10/2023,103.84,55.22,--.--
low,0,2289,38.15,15.05,17.14,3333,257.957,2.41,51.72751681,33:23.6,-2.6,-4.8,97,0,0,0,0.7,0,0,0.3,-9.3,0,0,0.019,0,0,27379.6,0:34:19,41.3,0,--.--,243,21.4,78,0000:00:00,31,0,0,0,40,0,0,0,0,0,0,1,258.01,11:33:23,10/10/2023,103.84,55.22,--.--
low,0,2290,38.17,14.61,26.31,3339,384.3891,2.58,51.77880361,33:24.7,0.7,-2.1,100,0,0,0,0.8,0,0,0.6,-7.8,0,0,0.221,0,0,27379.6,0:34:20,41.8,0,--.--,246,21,84,0000:00:00,31,0,0,0,40,0,0,0,0,0,0,1,384.39,11:33:24,10/10/2023,103.84,55.24,--.--
low,0,2291,38.18,13.95,47.05,3350,656.3475,2.82,51.85084061,33:25.7,1.1,0.6,98,0,0,0,0.8,0,0,0.7,-5.8,0,0,0.359,0,0,27618.1,0:34:21,268.1,0,--.--,280,243.7,96,0000:00:00,31,0,0,0,40,0,0,0,0,0,0,1,656.35,11:33:25,10/10/2023,103.84,55.24,--.--
low,0,2292,38.2,13.59,60.26,3366,818.9334,2.91,51.88969736,33:26.7,1.3,1.4,98,0,0,0,0.8,0,0,0.6,-3.4,0,0,0.547,0,0,27855.7,0:34:22,40,0,--.--,244,20,73,0000:00:00,31,0,0,0,40,0,0,0,0,0,0,1,818.99,11:33:26,10/10/2023,103.84,55.24,--.--
low,0,2293,38.22,13.8,33.7,3379,465.06,2.67,51.94692903,33:27.7,2.9,1.3,98,0,0,0,1.1,0,0,0.7,-1.3,0,0,0.591,0,0,27855.7,0:34:23,39.6,0,--.--,244,19.5,99,0000:00:00,31,0,0,0,40,0,0,0,0,0,0,1,465.16,11:33:27,10/10/2023,103.87,55.22,--.--
low,0,2294,38.23,14.65,21.09,3391,308.9685,2.49,51.99883722,33:28.7,-0.5,-1,101,0,0,0,1.3,0,0,0,-0.3,0,0,0.808,0,0,27855.7,0:34:24,39,0,--.--,244,19.1,90,0000:00:00,31,0,0,0,40,0,0,0,0,0,0,1,309.05,11:33:28,10/10/2023,103.87,55.22,--.--
low,0,2295,38.25,14.95,12.35,3396,184.6325,2.27,52.004263,33:29.7,-0.9,-1.7,104,0,0,0,1.3,0,0,0,-0.3,0,0,0.15,0,0,27855.7,0:34:25,39.2,0,--.--,245,18.8,82,0000:00:00,31,0,0,0,40,0,0,0,0,0,0,1,184.63,11:33:29,10/10/2023,103.87,55.22,--.--
low,0,2296,38.27,14.76,17.57,3400,259.3332,2.41,52.015723,33:30.7,1.6,-4.3,103,0,0,0,1.3,0,0,0,-0.5,0,0,-0.328,0,0,28093.4,0:34:26,268.1,0,--.--,280,243.7,84,0000:00:00,31,0,0,0,40,0,0,0,0,0,0,1,259.4,11:33:30,10/10/2023,103.87,55.22,--.--
low,0,2297,38.28,15.09,9.27,3404,139.8843,2.15,52.02424875,33:31.7,0.3,-8.4,101,0,0,0,1.4,0,0,-0.1,-0.3,0,0,0.041,0,0,28093.4,0:34:27,268.1,0,--.--,280,243.7,47,0000:00:00,31,0,0,0,40,0,0,0,0,0,0,1,139.88,11:33:31,10/10/2023,103.87,55.22,--.--
low,0,2298,38.3,14.93,13.8,3406,206.034,2.31,52.11248958,33:32.7,0.2,-11.4,103,0,0,0,1,0,0,-0.3,-0.5,0,0,0.065,0,0,28093.4,0:34:28,268.1,0,--.--,280,243.7,28,0000:00:00,31,0,0,0,40,0,0,0,0,0,0,1,206.08,11:33:32,10/10/2023,103.87,55.22,--.--
low,0,2299,38.32,14.89,12.55,3409,186.8695,2.27,52.14403181,33:33.7,0.6,-7.5,106,0,0,0,1,0,0,-0.5,-1.9,0,0,-0.013,0,0,28093.4,0:34:29,268.1,0,--.--,280,243.7,33,0000:00:00,31,0,0,0,40,0,0,0,0,0,0,1,186.92,11:33:33,10/10/2023,103.91,55.22,--.--
low,0,2300,38.33,15.26,1.28,3415,19.5328,1.29,52.16285053,33:34.7,2.8,-3.8,106,0,0,0,1.1,0,0,-0.2,-3,0,0,0.056,0,0,28336,0:34:30,34,0,--.--,241,16.4,51,0000:00:00,31,0,0,0,40,0,0,0,0,0,0,1,19.54,11:33:34,10/10/2023,103.87,55.22,--.--
low,0,2301,38.35,15.28,2.7,3415,41.256,1.62,52.21635261,33:35.7,2.1,-4.6,104,0,0,0,0.8,0,0,0,-3.6,0,0,0.062,0,0,28336,0:34:31,33.3,0,--.--,240,16.1,62,0000:00:00,31,0,0,0,40,0,0,0,0,0,0,1,41.25,11:33:35,10/10/2023,103.91,55.22,--.--
low,0,2302,38.37,15.27,2.01,3416,30.6927,1.49,52.24279386,33:36.7,1.2,-4.8,101,0,0,0,0.6,0,0,0.2,-3.4,0,0,0.095,0,0,28578.7,0:34:32,268.1,0,--.--,280,243.7,77,0000:00:00,31,0,0,0,40,0,0,0,0,0,0,1,30.7,11:33:36,10/10/2023,103.91,55.22,--.--
low,0,2303,38.38,14.7,21.61,3421,317.667,2.5,52.27851247,33:37.7,2,-5.8,99,0,0,0,0.6,0,0,0.5,-2.2,0,0,0.307,0,0,28822.8,0:34:33,33.2,0,--.--,242,15.5,78,0000:00:00,31,0,0,0,40,0,0,0,0,0,0,1,317.67,11:33:37,10/10/2023,103.91,55.24,--.--
low,0,2304,38.4,15.1,7.52,3427,113.552,2.06,52.302049,33:38.7,3.5,-3.8,85,0,0,0,0.6,0,0,0.1,-1.1,0,0,0.393,0,0,28822.8,0:34:34,31.7,0,--.--,239,15.8,41,0000:00:00,31,0,0,0,40,0,0,0,0,0,0,1,113.56,11:33:38,10/10/2023,103.91,55.22,--.--
low,0,2305,38.42,15.19,4.46,3428,67.7474,1.83,52.3157765,33:39.7,3.6,-3.7,57,0,0,0,0.4,0,0,0,-0.8,0,0,0.412,0,0,28822.8,0:34:35,31.4,0,--.--,238,15.7,39,0000:00:00,31,-1,0,0,40,0,0,0,0,0,0,1,67.76,11:33:39,10/10/2023,103.93,55.22,--.--
low,0,2306,38.43,15.25,12.63,3430,192.6075,2.28,52.32651494,33:40.7,3.1,-2.4,50,0,0,0,0.4,0,0,-0.2,-1,0,0,0.377,0,0,28822.8,0:34:36,31.5,0,--.--,239,15.5,29,0000:00:00,31,-1,0,0,40,0,0,0,0,0,0,1,192.58,11:33:40,10/10/2023,103.93,55.22,--.--
low,0,2307,38.45,14.85,6.41,3434,95.1885,1.98,52.39763656,33:41.7,2.9,-0.1,27,0,0,0,0.5,0,0,-0.2,-1.9,0,0,0.234,0,0,28822.8,0:34:37,31.1,0,--.--,239,15.2,54,0000:00:00,31,-1,0,0,40,0,0,0,0,0,0,1,95.2,11:33:41,10/10/2023,103.93,55.22,--.--
low,0,2308,38.47,14.9,8.63,3436,128.587,2.11,52.40286747,33:42.7,4.5,-3.4,24,0,0,0,0.5,0,0,0.3,-1.9,0,0,0.185,0,0,29313,0:34:38,30.2,0,--.--,239,14.6,75,0000:00:00,31,-1,0,0,40,0,0,0,0,0,0,1,128.59,11:33:42,10/10/2023,103.95,55.22,--.--
low,0,2309,38.48,15.05,5.63,3440,84.7315,1.93,52.43168472,33:43.7,6.3,-2.9,23,0,0,0,0.7,0,0,0.3,-0.7,0,0,0.277,0,0,29313,0:34:39,29.4,0,--.--,239,14.4,49,0000:00:00,31,-1,0,0,40,0,0,0,0,0,0,1,84.72,11:33:43,10/10/2023,103.95,55.2,--.--
low,0,2310,38.5,15.3,3.23,3441,49.419,1.69,52.52600972,33:44.7,2.8,-0.6,3,0,0,0,0.8,0,0,0,-0.3,0,0,0.225,0,0,29313,0:34:40,28.4,0,--.--,236,15.3,38,0000:00:00,31,-1,0,0,40,0,0,0,0,0,0,1,49.41,11:33:44,10/10/2023,103.95,55.22,--.--
low,0,2311,38.52,15.28,2.53,3442,38.6584,1.59,52.55382306,33:45.7,4.3,-1.4,345,0,0,0,0.8,0,0,0.1,-0.5,0,0,0.17,0,0,29313,0:34:41,27.7,0,--.--,234,15.6,42,0000:00:00,31,-1,0,0,40,0,0,0,0,0,0,1,38.66,11:33:45,10/10/2023,103.95,55.2,--.--
low,0,2312,38.53,14.86,17.23,3444,256.0378,2.41,52.61972764,33:46.7,2.5,-3.7,6,0,0,0,0.8,0,0,0,-0.5,0,0,0.185,0,0,29313,0:34:42,27.8,0,--.--,233,16.1,56,0000:00:00,31,-1,0,0,40,0,0,0,0,0,0,1,256,11:33:46,10/10/2023,103.96,55.2,--.--
low,0,2313,38.55,15.31,1.23,3445,18.8313,1.27,52.70474264,33:47.7,6.1,-0.6,34,0,0,0,0.9,0,0,-0.1,-0.5,0,0,0.148,0,0,29559,0:34:43,268.1,0,--.--,280,243.7,52,0000:00:00,31,-1,0,0,40,0,0,0,0,0,0,1,18.83,11:33:47,10/10/2023,103.96,55.2,--.--
low,0,2314,38.57,14.97,6.93,3447,103.7421,2.02,52.75629514,33:48.7,4.1,-1.3,49,0,0,0,0.6,0,0,0.1,-0.5,0,0,0.143,0,0,29809.6,0:34:44,27.4,0,--.--,232,16.2,36,0000:00:00,31,-1,0,0,40,0,0,0,0,0,0,1,103.76,11:33:48,10/10/2023,103.96,55.2,--.--
low,0,2315,38.58,14.7,23.1,3452,339.57,2.53,52.82150164,33:49.7,3.3,-5.1,73,0,0,0,0.5,0,0,-0.3,-0.9,0,0,0.115,0,0,29809.6,0:34:45,26.3,0,--.--,232,16,42,0000:00:00,31,-1,0,0,40,0,0,0,0,0,0,1,339.5,11:33:49,10/10/2023,103.98,55.2,--.--
low,0,2316,38.6,14.9,6.72,3457,100.128,2,52.87595964,33:50.7,3.1,-0.8,90,0,0,0,0.6,0,0,0,-1.3,0,0,0.105,0,0,29809.6,0:34:46,26.5,0,--.--,234,15.4,62,0000:00:00,31,-1,0,0,40,0,0,0,0,0,0,1,100.15,11:33:50,10/10/2023,103.96,55.22,--.--
low,0,2317,38.62,14.95,15.87,3460,237.2565,2.38,52.87979042,33:51.7,4.1,0.7,93,0,0,0,0.4,0,0,0,-1.6,0,0,-0.016,0,0,29809.6,0:34:47,26.5,0,--.--,236,14.2,65,0000:00:00,31,0,0,0,40,0,0,0,0,0,0,1,237.27,11:33:51,10/10/2023,103.98,55.22,--.--
low,0,2318,38.63,14.7,20.82,3465,306.054,2.49,53.00196008,33:52.7,1.9,-7.2,107,0,0,0,0.6,0,0,0.2,-1.2,0,0,-0.03,0,0,29809.6,0:34:48,26.1,0,--.--,236,14,56,0000:00:00,31,0,0,0,40,0,0,0,0,0,0,1,306.07,11:33:52,10/10/2023,103.98,55.22,--.--
low,0,2319,38.65,15.3,12.13,3467,185.589,2.27,53.01941842,33:53.7,2.9,-5.1,103,0,0,0,0.3,0,0,0.1,-0.6,0,0,0.04,0,0,30308.6,0:34:49,26.7,0,--.--,239,12.9,59,0000:00:00,31,0,0,0,40,0,0,0,0,0,0,1,185.61,11:33:53,10/10/2023,103.98,55.22,--.--
low,0,2320,38.67,14.99,15.66,3471,234.7434,2.37,53.09598442,33:54.7,8.2,-8.9,73,0,0,0,0.2,0,0,-0.1,-0.6,0,0,0.037,0,0,30308.6,0:34:50,25.2,0,--.--,237,13.6,59,0000:00:00,31,-1,0,0,40,0,0,0,0,0,0,1,234.7,11:33:54,10/10/2023,103.98,55.2,--.--
low,0,2321,38.68,14.92,13.14,3474,196.0488,2.29,53.12843067,33:55.7,5.6,-5.2,63,0,0,0,0.3,0,0,-0.1,-0.7,0,0,0.007,0,0,30308.6,0:34:51,26.2,0,--.--,239,12.8,46,0000:00:00,31,-1,0,0,40,0,0,0,0,0,0,1,196.05,11:33:55,10/10/2023,103.98,55.22,--.--
low,0,2322,38.7,14.99,0.92,3478,13.7908,1.14,53.13132256,33:56.7,7.7,-7.8,61,0,0,0,0.4,0,0,0.1,-0.9,0,0,-0.04,0,0,30308.6,0:34:52,27.1,0,--.--,243,11.7,78,0000:00:00,31,-1,0,0,40,0,0,0,0,0,0,1,13.79,11:33:56,10/10/2023,103.98,55.22,--.--
low,0,2323,38.72,14.52,30.29,3482,439.8108,2.64,53.13408686,33:57.7,0,-0.7,59,0,0,0,0.6,0,0,0.1,-0.3,0,0,0.058,0,0,30308.6,0:34:53,27.9,0,--.--,244,11.3,64,0000:00:00,31,-1,0,0,40,0,0,0,0,0,0,1,439.93,11:33:57,10/10/2023,104,55.18,--.--
low,0,2324,38.73,15,4.19,3486,62.85,1.8,53.13672703,33:58.7,-57.9,-8.8,48,0,0,0,0.8,0,0,0.3,-0.2,0,0,0.099,0,0,30557,0:34:54,268.1,0,--.--,280,243.7,35,0000:00:00,31,-1,0,0,40,0,0,0,0,0,0,1,62.84,11:33:58,10/10/2023,104,55.18,--.--
low,0,2325,38.75,15.12,18.23,3488,275.6376,2.44,53.13958197,33:59.7,-71.8,-3.2,77,0,0,0,0.9,0,0,0,-0.1,0,0,0.125,0,0,30557,0:34:55,268.1,0,--.--,280,243.7,47,0000:00:00,31,-1,0,0,40,0,0,0,0,0,0,1,275.64,11:33:59,10/10/2023,104,55.18,--.--
low,0,2326,38.77,15.15,7.71,3492,116.8065,2.07,53.14230908,34:00.7,-86.6,0,102,0,0,0,1,0,0,0.1,-0.1,0,0,-0.022,0,0,30557,0:34:56,268.1,0,--.--,280,243.7,49,0000:00:00,31,0,0,0,40,0,0,0,0,0,0,1,116.82,11:34:00,10/10/2023,104.05,55.2,--.--
low,0,2327,38.78,15.31,0.68,3492,10.4108,1.02,53.14525117,34:01.7,-72.2,-10.6,129,0,0,0,0.8,0,0,0,1.4,0,0,0.414,0,0,30557,0:34:57,268.1,0,--.--,280,243.7,49,0000:00:00,31,0,0,0,40,0,0,0,0,0,0,1,10.41,11:34:01,10/10/2023,104.07,55.18,--.--
low,0,2328,38.8,15.31,0.65,3493,9.9515,1,53.1481525,34:02.7,-78.5,-9.5,139,0,0,0,1.1,0,0,-0.5,-1.2,0,0,-0.376,0,0,30557,0:34:58,268.1,0,--.--,280,243.7,49,0000:00:00,31,0,0,0,40,0,0,0,0,0,0,1,9.95,11:34:02,10/10/2023,104.13,55.2,--.--
low,0,2329,38.82,15.33,0.62,3493,9.5046,0.98,53.15088317,34:03.7,-74.2,-8,125,0,0,0,1.3,0,0,-0.4,-1.5,0,0,-0.464,0,0,30557,0:34:59,268.1,0,--.--,280,243.7,49,0000:00:00,31,0,0,0,40,0,0,0,0,0,0,1,9.5,11:34:03,10/10/2023,104.14,55.2,--.--
low,0,2330,38.83,15.34,0.67,3493,10.2778,1.01,53.15361383,34:04.7,-73.5,-9,137,0,0,0,1.6,0,0,0,-0.7,0,0,-0.212,0,0,30557,0:35:00,268.1,0,--.--,280,243.7,49,0000:00:00,31,0,0,0,40,0,0,0,0,0,0,1,10.28,11:34:04,10/10/2023,104.16,55.22,--.--
low,0,2331,38.85,15.34,0.64,3493,9.8176,0.99,53.15664514,34:05.7,-73.1,-12.7,160,0,0,0,2,0,0,0.2,-0.1,0,0,-0.019,0,0,30557,0:35:01,268.1,0,--.--,280,243.7,49,0000:00:00,31,0,0,0,40,0,0,0,0,0,0,1,9.82,11:34:05,10/10/2023,104.2,55.2,--.--
low,0,2332,38.87,15.35,0.69,3493,10.5915,1.02,53.15954836,34:06.7,-76,-3.9,223,0,0,0,2.5,0,0,-0.4,-0.1,0,0,-0.016,0,0,30557,0:35:02,268.1,0,--.--,280,243.7,49,0000:00:00,31,0,0,0,40,0,0,0,0,0,0,1,10.59,11:34:06,10/10/2023,104.23,55.2,--.--
low,0,2333,38.88,15.36,0.68,3494,10.4448,1.02,53.16249428,34:07.7,-81,0,215,0,0,0,1.9,0,0,-0.3,-1.7,0,0,-0.517,0,0,30557,0:35:03,268.1,0,--.--,280,243.7,49,0000:00:00,31,0,0,0,40,0,0,0,0,0,0,1,10.44,11:34:07,10/10/2023,104.25,55.2,--.--
low,0,2334,38.9,15.36,0.64,3494,9.8304,0.99,53.16539939,34:08.7,-81.4,-0.7,212,0,0,0,2.1,0,0,0.5,-0.2,0,0,-0.069,0,0,30557,0:35:04,268.1,0,--.--,280,243.7,49,0000:00:00,31,0,0,0,40,0,0,0,0,0,0,1,9.83,11:34:08,10/10/2023,104.29,55.22,--.--
low,0,2335,38.92,15.36,0.64,3494,9.8304,0.99,53.16834722,34:09.7,-80.5,-0.8,183,0,0,0,1.6,0,0,-0.1,0.3,0,0,0.084,0,0,30557,0:35:05,268.1,0,--.--,280,243.7,49,0000:00:00,31,0,0,0,40,0,0,0,0,0,0,1,9.83,11:34:09,10/10/2023,104.32,55.22,--.--
low,0,2336,38.93,15.37,0.71,3494,10.9127,1.04,53.17120961,34:10.7,-69.7,1.5,176,0,0,0,2.5,0,0,0.1,-0.1,0,0,-0.043,0,0,30557,0:35:06,268.1,0,--.--,280,243.7,49,0000:00:00,31,0,0,0,40,0,0,0,0,0,0,1,10.91,11:34:10,10/10/2023,104.36,55.22,--.--
low,0,2337,38.95,15.37,0.68,3494,10.4516,1.02,53.17428561,34:11.7,-22.9,-1.5,191,0,0,0,2.4,0,0,0,-0.3,0,0,-0.095,0,0,30557,0:35:07,268.1,0,--.--,280,243.7,49,0000:00:00,31,0,0,0,40,0,0,0,0,0,0,1,10.45,11:34:11,10/10/2023,104.4,55.24,--.--
low,0,2338,38.97,15.37,0.69,3494,10.6053,1.03,53.17697886,34:12.7,-6.4,1.5,213,0,0,0,2,0,0,-0.1,0,0,0,0.004,0,0,30557,0:35:08,268.1,0,--.--,280,243.7,49,0000:00:00,31,0,0,0,40,0,0,0,0,0,0,1,10.61,11:34:12,10/10/2023,104.41,55.24,--.--
low,0,2339,38.98,15.38,0.68,3495,10.4584,1.02,53.17950111,34:13.7,0.4,0.6,219,0,0,0,1.7,0,0,0.1,-0.2,0,0,-0.06,0,0,30557,0:35:09,268.1,0,--.--,280,243.7,49,0000:00:00,31,0,0,0,40,0,0,0,0,0,0,1,10.46,11:34:13,10/10/2023,104.41,55.26,--.--
low,0,2340,39,15.38,0.69,3495,10.6122,1.03,53.18253636,34:14.7,0.9,0.5,220,0,0,0,1.4,0,0,0,-0.1,0,0,-0.033,0,0,30557,0:35:10,268.1,0,--.--,280,243.7,49,0000:00:00,31,0,0,0,40,0,0,0,0,0,0,1,10.61,11:34:14,10/10/2023,104.43,55.24,--.--
low,0,2341,39.02,15.38,0.67,3495,10.3046,1.01,53.18518686,34:15.7,0.6,0.8,220,0,0,0,1.1,0,0,0.1,-0.1,0,0,-0.023,0,0,30557,0:35:11,268.1,0,--.--,280,243.7,49,0000:00:00,31,0,0,0,40,0,0,0,0,0,0,1,10.3,11:34:15,10/10/2023,104.43,55.24,--.--
low,0,2342,39.03,15.38,0.72,3495,11.0736,1.04,53.18792286,34:16.7,0.1,-0.2,220,0,0,0,1,0,0,0,-0.1,0,0,-0.044,0,0,30557,0:35:12,268.1,0,--.--,280,243.7,49,0000:00:00,31,0,0,0,40,0,0,0,0,0,0,1,11.08,11:34:16,10/10/2023,104.45,55.26,--.--
low,0,2343,39.05,15.39,0.63,3495,9.6957,0.99,53.19074436,34:17.7,-0.4,0.7,220,0,0,0,1.1,0,0,0,-0.2,0,0,-0.073,0,0,30557,0:35:13,268.1,0,--.--,280,243.7,49,0000:00:00,31,0,0,0,40,0,0,0,0,0,0,1,9.69,11:34:17,10/10/2023,104.45,55.26,--.--
low,0,2344,39.07,15.39,0.59,3496,9.0801,0.96,53.19365325,34:18.7,-1.1,0.5,221,0,0,0,1.2,0,0,0,-0.3,0,0,-0.103,0,0,30557,0:35:14,268.1,0,--.--,280,243.7,49,0000:00:00,31,0,0,0,40,0,0,0,0,0,0,1,9.08,11:34:18,10/10/2023,104.45,55.26,--.--
low,0,2345,39.08,15.39,0.71,3496,10.9269,1.04,53.19634825,34:19.7,-0.3,1.5,221,0,0,0,1.5,0,0,0,-0.2,0,0,-0.058,0,0,30557,0:35:15,268.1,0,--.--,280,243.7,49,0000:00:00,31,0,0,0,40,0,0,0,0,0,0,1,10.93,11:34:19,10/10/2023,104.45,55.26,--.--
low,0,2346,39.1,15.39,0.62,3496,9.5418,0.98,53.19929992,34:20.7,-1.2,1.1,221,0,0,0,1.7,0,0,0,-0.2,0,0,-0.046,0,0,30557,0:35:16,268.1,0,--.--,280,243.7,49,0000:00:00,31,0,0,0,40,0,0,0,0,0,0,1,9.54,11:34:20,10/10/2023,104.45,55.26,--.--
low,0,2347,39.12,15.39,0.64,3496,9.8496,0.99,53.19929992,34:21.7,-1.3,1,221,0,0,0,2,0,0,0,-0.2,0,0,-0.067,0,0,30557,0:35:17,268.1,0,--.--,280,243.7,49,0000:00:00,31,0,0,0,40,0,0,0,0,0,0,1,9.85,11:34:21,10/10/2023,104.45,55.26,--.--
low,0,2348,39.13,15.39,0.66,3496,10.1574,1.01,53.19929992,34:22.7,-1.6,0.9,221,0,0,0,2.3,0,0,-0.1,-0.2,0,0,-0.071,0,0,30557,0:35:18,268.1,0,--.--,280,243.7,49,0000:00:00,31,0,0,0,40,0,0,0,0,0,0,1,10.16,11:34:22,10/10/2023,104.45,55.26,--.--
low,0,2349,39.15,15.4,0.68,3497,10.472,1.02,53.19929992,34:23.7,-1.2,1.6,222,0,0,0,2.5,0,0,0,-0.3,0,0,-0.08,0,0,30557,0:35:19,268.1,0,--.--,280,243.7,49,0000:00:00,31,0,0,0,40,0,0,0,0,0,0,1,10.47,11:34:23,10/10/2023,104.49,55.29,--.--
low,0,2350,39.17,15.4,0.63,3497,9.702,0.99,53.19929992,34:24.7,-2.3,0.2,222,0,0,0,2.7,0,0,-0.1,-0.3,0,0,-0.084,0,0,30557,0:35:20,268.1,0,--.--,280,243.7,49,0000:00:00,31,0,0,0,40,0,0,0,0,0,0,1,9.7,11:34:24,10/10/2023,104.49,55.29,--.--
low,0,2351,39.18,15.4,0.69,3497,10.626,1.03,53.19929992,34:31.3,-2.3,-0.2,222,0,0,0,2.7,0,0,0,-0.3,0,0,-0.084,0,0,30557,0:35:27,268.1,0,--.--,280,243.7,49,0000:00:00,31,0,0,0,40,0,0,0,0,0,0,1,10.62,11:34:31,10/10/2023,104.49,55.29,--.--
