{"type":"FeatureCollection","features":[{"type":"Feature","properties":{"name":"land_westcoast","bbox":[-130.0,30.0,-116.0,50.0],"source":"Natural Earth 10m (public domain)"},"geometry":{"type":"MultiPolygon","coordinates":[[[[-116.0,50.0],[-116.0,30.44782],[-116.00267,30.44965],[-116.01024,30.44367],[-116.01513,30.43447],[-116.01464,30.42601],[-116.00609,30.42231],[-116.0,30.41488],[-116.0,30.3592],[-116.00455,30.35917],[-116.01233,30.39225],[-116.02898,30.44127],[-116.04925,30.47959],[-116.03112,30.62714],[-116.03686,30.73021],[-116.05484,30.78368],[-116.05793,30.80248],[-116.06802,30.81318],[-116.10564,30.81881],[-116.15208,30.85782],[-116.17577,30.86015],[-116.20128,30.89159],[-116.21858,30.91315],[-116.22619,30.92646],[-116.24975,30.95677],[-116.26818,30.96381],[-116.30731,30.95409],[-116.33545,30.95634],[-116.34036,30.98926],[-116.32612,31.02745],[-116.31811,31.08966],[-116.30944,31.14851],[-116.34154,31.21955],[-116.45414,31.33854],[-116.49763,31.40681],[-116.50821,31.41934],[-116.51415,31.4228],[-116.5301,31.44033],[-116.53893,31.44725],[-116.55236,31.45209],[-116.57213,31.46686],[-116.58552,31.47134],[-116.59594,31.47785],[-116.59952,31.48387],[-116.60196,31.49116],[-116.60912,31.50141],[-116.64696,31.52839],[-116.65221,31.53791],[-116.67561,31.55264],[-116.68106,31.56631],[-116.67723,31.57779],[-116.68106,31.5773],[-116.66763,31.58002],[-116.64452,31.57953],[-116.66417,31.60114],[-116.66194,31.61644],[-116.65575,31.63247],[-116.64806,31.65917],[-116.6551,31.67797],[-116.66853,31.69701],[-116.67536,31.70258],[-116.69017,31.70816],[-116.71532,31.71098],[-116.74118,31.73853],[-116.75038,31.75236],[-116.70881,31.74421],[-116.67882,31.727],[-116.66129,31.72338],[-116.64363,31.73428],[-116.63044,31.75283],[-116.61963,31.77174],[-116.6126,31.80103],[-116.61,31.8226],[-116.61182,31.84288],[-116.6197,31.85757],[-116.65693,31.8639],[-116.67638,31.86876],[-116.69473,31.89004],[-116.71879,31.90119],[-116.73528,31.90348],[-116.75477,31.90964],[-116.75601,31.93456],[-116.75792,31.96503],[-116.76989,31.97777],[-116.80386,31.97871],[-116.84228,31.98652],[-116.86539,32.01301],[-116.87532,32.03449],[-116.87865,32.06924],[-116.88687,32.13202],[-116.9051,32.17837],[-116.92268,32.21939],[-116.93342,32.23379],[-116.94831,32.24702],[-116.96666,32.25658],[-117.00988,32.26508],[-117.02497,32.27692],[-117.07348,32.36945],[-117.08861,32.40493],[-117.10729,32.43765],[-117.1184,32.45453],[-117.12125,32.47191],[-117.12338,32.49056],[-117.12453,32.51292],[-117.12415,32.52412],[-117.12613,32.5395],[-117.13219,32.56806],[-117.13395,32.5929],[-117.13701,32.61576],[-117.14981,32.64631],[-117.16637,32.6695],[-117.18838,32.68268],[-117.22397,32.68471],[-117.22619,32.69721],[-117.22003,32.7066],[-117.20581,32.7134],[-117.19096,32.7137],[-117.18786,32.70594],[-117.16806,32.69881],[-117.16417,32.68378],[-117.15585,32.67237],[-117.1428,32.65312],[-117.13128,32.63099],[-117.12409,32.60677],[-117.11509,32.60026],[-117.10338,32.60681],[-117.10231,32.62047],[-117.11989,32.65263],[-117.11902,32.67061],[-117.13321,32.68985],[-117.14633,32.69426],[-117.16657,32.70677],[-117.17734,32.71503],[-117.17464,32.72673],[-117.20986,32.72528],[-117.22424,32.71864],[-117.23783,32.70722],[-117.23656,32.66962],[-117.24528,32.67458],[-117.25528,32.69139],[-117.25748,32.70173],[-117.25473,32.74645],[-117.25388,32.76352],[-117.25756,32.78424],[-117.27879,32.82281],[-117.2836,32.83765],[-117.27379,32.85115],[-117.26604,32.84703],[-117.25987,32.85407],[-117.25364,32.88508],[-117.25807,32.90898],[-117.27477,32.99348],[-117.27957,33.00722],[-117.28604,33.02387],[-117.29807,33.0359],[-117.32216,33.1085],[-117.36191,33.16594],[-117.50884,33.33521],[-117.5963,33.39045],[-117.65437,33.44196],[-117.67073,33.4523],[-117.7152,33.47484],[-117.73522,33.48477],[-117.77652,33.52936],[-117.82457,33.56167],[-117.88025,33.59288],[-117.93022,33.60792],[-117.9785,33.63597],[-118.09054,33.73098],[-118.11739,33.74361],[-118.15258,33.75876],[-118.17364,33.76328],[-118.18553,33.75751],[-118.19897,33.76404],[-118.20721,33.76383],[-118.1925,33.75231],[-118.18662,33.74148],[-118.18519,33.73237],[-118.19286,33.73173],[-118.20248,33.73927],[-118.20274,33.74657],[-118.20973,33.74229],[-118.21383,33.74905],[-118.22151,33.7709],[-118.2307,33.76911],[-118.24034,33.76758],[-118.25009,33.76368],[-118.25455,33.7654],[-118.26036,33.7604],[-118.26951,33.7536],[-118.27677,33.75662],[-118.27379,33.75029],[-118.27832,33.73875],[-118.27447,33.72375],[-118.27221,33.71528],[-118.28244,33.71624],[-118.28172,33.71168],[-118.27608,33.70771],[-118.28269,33.708],[-118.29131,33.70321],[-118.30088,33.70985],[-118.31752,33.71399],[-118.33146,33.72005],[-118.35482,33.72626],[-118.36229,33.73569],[-118.37608,33.73716],[-118.385,33.74012],[-118.39419,33.73669],[-118.40136,33.73556],[-118.40481,33.74005],[-118.41204,33.74168],[-118.41522,33.75441],[-118.42278,33.7638],[-118.42757,33.77373],[-118.42182,33.78394],[-118.4093,33.79112],[-118.40864,33.798],[-118.39571,33.80565],[-118.3918,33.81765],[-118.39139,33.83594],[-118.39721,33.84402],[-118.39967,33.85126],[-118.40992,33.87342],[-118.42495,33.90551],[-118.44465,33.94941],[-118.48265,33.99901],[-118.51407,34.02216],[-118.54406,34.03889],[-118.5573,34.03788],[-118.57062,34.04111],[-118.58263,34.03653],[-118.59074,34.03909],[-118.6034,34.03882],[-118.60927,34.03565],[-118.63694,34.03639],[-118.66659,34.03894],[-118.67566,34.03812],[-118.6782,34.03303],[-118.68014,34.03033],[-118.69316,34.03188],[-118.70678,34.02943],[-118.73053,34.03254],[-118.74839,34.03189],[-118.75614,34.02572],[-118.77302,34.02376],[-118.7834,34.02184],[-118.78793,34.01966],[-118.78921,34.01456],[-118.79275,34.01157],[-118.7937,34.00727],[-118.79661,34.00671],[-118.80277,34.0048],[-118.80406,34.00104],[-118.80697,33.99941],[-118.82981,34.02082],[-118.8526,34.03366],[-118.86266,34.03443],[-118.87572,34.03755],[-118.89422,34.03856],[-118.90267,34.04015],[-118.91469,34.04064],[-118.9209,34.0443],[-118.93001,34.0459],[-118.93681,34.0432],[-118.95404,34.04786],[-118.9775,34.05957],[-118.99737,34.06565],[-119.00808,34.06612],[-119.03826,34.08364],[-119.06091,34.08553],[-119.0897,34.10048],[-119.10016,34.10281],[-119.11705,34.10642],[-119.11978,34.10613],[-119.11959,34.10374],[-119.11433,34.10179],[-119.10065,34.09896],[-119.10648,34.09447],[-119.12865,34.10055],[-119.15376,34.11633],[-119.1937,34.14174],[-119.20438,34.1441],[-119.20575,34.14576],[-119.2042,34.14841],[-119.20467,34.14954],[-119.20832,34.15232],[-119.21014,34.15231],[-119.21099,34.14799],[-119.21482,34.14571],[-119.21709,34.1455],[-119.2208,34.15317],[-119.2247,34.15707],[-119.22608,34.15913],[-119.23116,34.16734],[-119.23716,34.17686],[-119.24397,34.19009],[-119.25267,34.20392],[-119.26019,34.21712],[-119.26336,34.22658],[-119.25886,34.23335],[-119.2639,34.23505],[-119.26716,34.24453],[-119.2693,34.25496],[-119.28116,34.2687],[-119.28991,34.27458],[-119.29603,34.27432],[-119.30442,34.27236],[-119.31339,34.27713],[-119.32069,34.28264],[-119.32912,34.28593],[-119.3386,34.29048],[-119.34949,34.30407],[-119.35877,34.31009],[-119.3647,34.31573],[-119.37086,34.31967],[-119.37519,34.32027],[-119.38206,34.31937],[-119.38689,34.31806],[-119.39148,34.31844],[-119.39411,34.3226],[-119.40108,34.33057],[-119.40982,34.33617],[-119.41832,34.34238],[-119.42995,34.35347],[-119.43662,34.35573],[-119.44324,34.35482],[-119.45303,34.3684],[-119.46023,34.37404],[-119.46623,34.37502],[-119.47021,34.37581],[-119.47297,34.37389],[-119.47524,34.37239],[-119.4778,34.37258],[-119.47962,34.37446],[-119.48351,34.37863],[-119.48817,34.38112],[-119.49486,34.384],[-119.50251,34.38434],[-119.51681,34.38694],[-119.52069,34.39069],[-119.52943,34.39481],[-119.53684,34.39558],[-119.5557,34.41045],[-119.56318,34.41479],[-119.56801,34.4139],[-119.57286,34.4128],[-119.57589,34.41192],[-119.58179,34.4127],[-119.59586,34.41885],[-119.61716,34.42053],[-119.6212,34.41817],[-119.62886,34.41808],[-119.63851,34.41524],[-119.65793,34.41651],[-119.67806,34.41439],[-119.6877,34.4109],[-119.69021,34.40814],[-119.69169,34.40538],[-119.6909,34.4035],[-119.70081,34.40086],[-119.70204,34.39811],[-119.70788,34.39544],[-119.7199,34.3953],[-119.73295,34.39746],[-119.74322,34.40261],[-119.7545,34.40479],[-119.78765,34.41721],[-119.80297,34.4181],[-119.80855,34.41634],[-119.83204,34.41626],[-119.83641,34.41495],[-119.84101,34.41298],[-119.84094,34.41004],[-119.84239,34.40623],[-119.84439,34.40389],[-119.85472,34.40881],[-119.86824,34.40948],[-119.87435,34.40877],[-119.87864,34.40661],[-119.89037,34.41909],[-119.9006,34.42044],[-119.92153,34.4334],[-119.93484,34.43554],[-119.94276,34.43524],[-119.9499,34.43431],[-119.95707,34.43589],[-119.96225,34.43982],[-119.97593,34.44721],[-119.98467,34.45003],[-119.98953,34.44977],[-120.00997,34.46101],[-120.02214,34.4577],[-120.0366,34.46314],[-120.09142,34.45881],[-120.13341,34.47272],[-120.17187,34.46999],[-120.29321,34.46849],[-120.4252,34.45132],[-120.44434,34.45118],[-120.45411,34.44281],[-120.47268,34.45027],[-120.49161,34.49136],[-120.50999,34.52137],[-120.53636,34.53529],[-120.55784,34.54116],[-120.57793,34.55354],[-120.59457,34.5547],[-120.62162,34.55261],[-120.63663,34.56289],[-120.64444,34.57413],[-120.64783,34.58568],[-120.64211,34.60102],[-120.63057,34.62819],[-120.61414,34.6594],[-120.60605,34.67935],[-120.60305,34.70478],[-120.61701,34.72565],[-120.62759,34.74348],[-120.64025,34.75853],[-120.62992,34.78193],[-120.61921,34.81921],[-120.61741,34.84363],[-120.61557,34.858],[-120.62219,34.8673],[-120.63256,34.87141],[-120.64025,34.87922],[-120.64461,34.89511],[-120.65497,34.90119],[-120.66765,34.89885],[-120.67284,34.90752],[-120.6662,34.93177],[-120.64238,35.00087],[-120.6337,35.0351],[-120.63073,35.07388],[-120.63573,35.10859],[-120.64489,35.13939],[-120.65294,35.14423],[-120.65856,35.15048],[-120.67116,35.15023],[-120.67903,35.15306],[-120.69807,35.16913],[-120.70637,35.17422],[-120.72385,35.17523],[-120.74967,35.1774],[-120.75561,35.17192],[-120.75535,35.16312],[-120.75944,35.15922],[-120.76553,35.16024],[-120.79084,35.17902],[-120.84979,35.20291],[-120.87668,35.22379],[-120.8861,35.23379],[-120.89765,35.24977],[-120.89559,35.27351],[-120.88707,35.28594],[-120.86783,35.33039],[-120.86224,35.36191],[-120.85381,35.34753],[-120.85739,35.32677],[-120.85558,35.32152],[-120.84324,35.32435],[-120.84206,35.33167],[-120.83141,35.33609],[-120.83584,35.34291],[-120.84156,35.34587],[-120.85207,35.36705],[-120.86026,35.3738],[-120.86675,35.37099],[-120.8711,35.40531],[-120.87908,35.42009],[-120.88732,35.43293],[-120.90818,35.44824],[-120.94619,35.44629],[-120.96347,35.45665],[-120.98277,35.45999],[-121.00536,35.46066],[-121.03698,35.4892],[-121.06831,35.51787],[-121.10181,35.54967],[-121.13087,35.6007],[-121.14328,35.60504],[-121.15911,35.62723],[-121.1694,35.63692],[-121.18737,35.64192],[-121.19307,35.63962],[-121.19153,35.63387],[-121.19503,35.63234],[-121.2165,35.64775],[-121.234,35.65204],[-121.25199,35.65739],[-121.26915,35.66421],[-121.28831,35.66483],[-121.28847,35.68146],[-121.29841,35.69749],[-121.30902,35.70771],[-121.31459,35.71372],[-121.32307,35.76455],[-121.33723,35.78653],[-121.36801,35.81036],[-121.38712,35.82143],[-121.40893,35.84402],[-121.41335,35.85475],[-121.42554,35.85842],[-121.44203,35.86922],[-121.4632,35.88673],[-121.46272,35.90371],[-121.47225,35.91357],[-121.47838,35.93158],[-121.48223,35.94898],[-121.4869,35.96583],[-121.48998,35.98224],[-121.50668,36.00326],[-121.52257,36.01007],[-121.54108,36.01501],[-121.56674,36.02012],[-121.58224,36.03603],[-121.59266,36.05057],[-121.59452,36.06423],[-121.60644,36.07151],[-121.61822,36.08443],[-121.63016,36.11306],[-121.64266,36.12355],[-121.65776,36.14265],[-121.67792,36.16268],[-121.69358,36.17166],[-121.70388,36.18222],[-121.72914,36.19814],[-121.75395,36.21155],[-121.78144,36.22633],[-121.79886,36.23448],[-121.81037,36.2324],[-121.82486,36.2392],[-121.8356,36.24917],[-121.84008,36.25935],[-121.84542,36.2724],[-121.8522,36.27945],[-121.86319,36.28319],[-121.87361,36.29002],[-121.88101,36.29951],[-121.89966,36.3044],[-121.89563,36.31393],[-121.89713,36.32798],[-121.89372,36.33206],[-121.89359,36.33857],[-121.89786,36.34387],[-121.90107,36.35276],[-121.90364,36.36212],[-121.90584,36.37175],[-121.90613,36.37714],[-121.90417,36.38454],[-121.90612,36.38848],[-121.90828,36.39637],[-121.91443,36.40304],[-121.91767,36.41555],[-121.91533,36.42319],[-121.91835,36.43033],[-121.92901,36.44779],[-121.93022,36.4546],[-121.93151,36.46303],[-121.93804,36.46827],[-121.9447,36.48615],[-121.94631,36.49189],[-121.94248,36.4967],[-121.94321,36.50283],[-121.94424,36.5057],[-121.94227,36.5119],[-121.94957,36.51422],[-121.95693,36.51762],[-121.95536,36.52273],[-121.9482,36.52366],[-121.94007,36.52282],[-121.92753,36.52385],[-121.9283,36.53138],[-121.92995,36.53785],[-121.93312,36.53847],[-121.93563,36.54419],[-121.93127,36.54721],[-121.93253,36.55513],[-121.93462,36.56123],[-121.94034,36.55852],[-121.9428,36.56315],[-121.94648,36.56485],[-121.95089,36.56291],[-121.95389,36.55956],[-121.97007,36.56885],[-121.978,36.57477],[-121.98112,36.58372],[-121.97393,36.58429],[-121.96722,36.58521],[-121.96664,36.5921],[-121.96387,36.6005],[-121.95986,36.61147],[-121.95638,36.6141],[-121.95033,36.60994],[-121.94664,36.61801],[-121.94252,36.62645],[-121.94153,36.63443],[-121.9377,36.63925],[-121.92953,36.63804],[-121.92121,36.63358],[-121.92055,36.6289],[-121.91313,36.62441],[-121.90215,36.62075],[-121.89594,36.61261],[-121.88742,36.60199],[-121.87884,36.60261],[-121.87,36.60721],[-121.85388,36.61961],[-121.83793,36.63561],[-121.82706,36.6562],[-121.81426,36.68324],[-121.80993,36.71882],[-121.80536,36.73774],[-121.79242,36.73087],[-121.76374,36.72207],[-121.76127,36.73029],[-121.76644,36.73521],[-121.77021,36.73908],[-121.77511,36.7375],[-121.78371,36.73798],[-121.79019,36.74178],[-121.7949,36.74635],[-121.80321,36.75046],[-121.79816,36.77991],[-121.78981,36.8062],[-121.80425,36.83602],[-121.85993,36.92748],[-121.88711,36.9549],[-121.9056,36.96913],[-121.93724,36.97831],[-121.95277,36.97101],[-121.96357,36.95949],[-121.97423,36.9552],[-121.99397,36.95987],[-122.0067,36.96238],[-122.02121,36.96267],[-122.02516,36.95965],[-122.02407,36.95607],[-122.02519,36.95097],[-122.03482,36.95321],[-122.04679,36.94816],[-122.06087,36.94881],[-122.0809,36.95146],[-122.106,36.95576],[-122.12084,36.96326],[-122.13499,36.96573],[-122.14224,36.97525],[-122.15364,36.97707],[-122.17759,36.99511],[-122.20792,37.01927],[-122.22212,37.0243],[-122.22795,37.04006],[-122.2538,37.05912],[-122.26604,37.07646],[-122.28103,37.09658],[-122.29006,37.10424],[-122.29766,37.11123],[-122.30835,37.11668],[-122.31873,37.11562],[-122.32766,37.11281],[-122.33929,37.11858],[-122.33785,37.1349],[-122.35953,37.15049],[-122.36104,37.16236],[-122.36935,37.17402],[-122.38341,37.18227],[-122.39611,37.18186],[-122.40446,37.19453],[-122.40787,37.21612],[-122.4107,37.22687],[-122.4165,37.23392],[-122.41836,37.25231],[-122.41015,37.26884],[-122.40741,37.29498],[-122.40252,37.3405],[-122.40034,37.35974],[-122.40874,37.36417],[-122.41157,37.37493],[-122.42919,37.40727],[-122.44445,37.43752],[-122.44916,37.47666],[-122.46325,37.49665],[-122.47927,37.50278],[-122.4861,37.50256],[-122.49421,37.50084],[-122.49528,37.49537],[-122.49926,37.49307],[-122.50107,37.50133],[-122.51202,37.51],[-122.52047,37.53142],[-122.51757,37.54527],[-122.51476,37.56089],[-122.52003,37.57413],[-122.51904,37.58971],[-122.52242,37.59322],[-122.51747,37.59447],[-122.51309,37.59784],[-122.5076,37.5977],[-122.50323,37.60146],[-122.5017,37.60694],[-122.49595,37.62737],[-122.49474,37.66523],[-122.50187,37.70349],[-122.50849,37.72494],[-122.51361,37.75226],[-122.51517,37.78113],[-122.50587,37.78646],[-122.49767,37.7871],[-122.48593,37.79081],[-122.47645,37.81068],[-122.46336,37.8053],[-122.41876,37.81114],[-122.40864,37.81039],[-122.3982,37.80349],[-122.38793,37.79096],[-122.3871,37.77875],[-122.38153,37.77364],[-122.38286,37.76383],[-122.37924,37.75599],[-122.37432,37.74927],[-122.36649,37.73976],[-122.35454,37.73001],[-122.36246,37.71492],[-122.37629,37.71664],[-122.37947,37.70749],[-122.39245,37.71033],[-122.38797,37.67719],[-122.38016,37.67671],[-122.38103,37.66692],[-122.37491,37.65516],[-122.38136,37.64735],[-122.38439,37.63666],[-122.38373,37.63146],[-122.36372,37.62725],[-122.35414,37.61351],[-122.35934,37.60847],[-122.37117,37.61295],[-122.37411,37.60419],[-122.36229,37.59971],[-122.35852,37.5928],[-122.33039,37.5894],[-122.31677,37.58984],[-122.31579,37.58393],[-122.29907,37.5769],[-122.28327,37.5747],[-122.25792,37.57152],[-122.25097,37.56806],[-122.24535,37.55319],[-122.23958,37.54689],[-122.23054,37.54483],[-122.21029,37.53986],[-122.1993,37.53496],[-122.19889,37.52678],[-122.20735,37.51748],[-122.193,37.51536],[-122.18307,37.50755],[-122.17128,37.50359],[-122.15868,37.50336],[-122.14794,37.49665],[-122.13415,37.49779],[-122.12267,37.48493],[-122.11193,37.46748],[-122.10017,37.45506],[-122.08088,37.44872],[-122.05891,37.44741],[-122.03865,37.4514],[-122.03214,37.46336],[-122.04076,37.46792],[-122.04833,37.46874],[-122.05223,37.47138],[-122.05187,37.47744],[-122.05053,37.48428],[-122.05175,37.4892],[-122.05777,37.49755],[-122.06237,37.50169],[-122.06908,37.50357],[-122.09333,37.50357],[-122.10904,37.51797],[-122.11655,37.54256],[-122.14631,37.57897],[-122.15222,37.6161],[-122.16278,37.66443],[-122.18524,37.69078],[-122.19186,37.70031],[-122.20673,37.71067],[-122.21436,37.69907],[-122.25177,37.72278],[-122.26235,37.743],[-122.24893,37.7483],[-122.21245,37.74348],[-122.21729,37.75849],[-122.22185,37.75972],[-122.22632,37.7554],[-122.23934,37.75532],[-122.27155,37.76285],[-122.28351,37.76333],[-122.28985,37.76713],[-122.29988,37.77225],[-122.29737,37.77976],[-122.30756,37.78086],[-122.30985,37.77622],[-122.33151,37.78239],[-122.32862,37.79649],[-122.3247,37.80108],[-122.32501,37.80375],[-122.32842,37.80446],[-122.33909,37.80338],[-122.34066,37.80712],[-122.33473,37.81163],[-122.32236,37.81094],[-122.31657,37.81709],[-122.32836,37.82103],[-122.31969,37.82509],[-122.30138,37.82624],[-122.2955,37.83129],[-122.29789,37.83931],[-122.30386,37.8629],[-122.31602,37.86089],[-122.31775,37.86787],[-122.30831,37.87033],[-122.3139,37.88583],[-122.32876,37.90806],[-122.34783,37.90637],[-122.36483,37.90366],[-122.39109,37.90767],[-122.38763,37.92022],[-122.39626,37.92805],[-122.41017,37.93192],[-122.42132,37.94832],[-122.4297,37.96426],[-122.41381,37.96208],[-122.39772,37.95612],[-122.39503,37.97027],[-122.3688,37.98032],[-122.35957,37.98765],[-122.36998,38.00356],[-122.36631,38.01234],[-122.3463,38.00605],[-122.33601,38.00381],[-122.3225,38.00519],[-122.31677,38.01014],[-122.29904,38.0112],[-122.27697,38.02495],[-122.27557,38.0391],[-122.26424,38.04595],[-122.24975,38.05537],[-122.22704,38.05842],[-122.20363,38.05338],[-122.18617,38.04798],[-122.16855,38.02804],[-122.14794,38.02363],[-122.12438,38.0292],[-122.08184,38.0479],[-122.05325,38.05307],[-122.00399,38.05614],[-121.93901,38.04454],[-121.888,38.04109],[-121.8781,38.03435],[-121.83712,38.02306],[-121.77913,38.01546],[-121.75108,38.01944],[-121.72297,38.01114],[-121.70206,38.00922],[-121.69004,38.00912],[-121.68144,38.01745],[-121.69482,38.02468],[-121.71055,38.02211],[-121.72308,38.02556],[-121.72061,38.03212],[-121.70491,38.03523],[-121.6949,38.0434],[-121.68554,38.04474],[-121.68151,38.04833],[-121.67838,38.05695],[-121.67634,38.06708],[-121.67561,38.07551],[-121.67113,38.08389],[-121.66055,38.08686],[-121.63769,38.08633],[-121.62452,38.08929],[-121.62406,38.0947],[-121.6171,38.09862],[-121.60668,38.09935],[-121.59626,38.09439],[-121.58205,38.092],[-121.58033,38.0834],[-121.57652,38.07431],[-121.58247,38.06875],[-121.58497,38.06274],[-121.59923,38.05913],[-121.60961,38.06103],[-121.62062,38.06182],[-121.62771,38.05083],[-121.63224,38.04423],[-121.62299,38.03636],[-121.61276,38.02149],[-121.60506,38.01791],[-121.59837,38.02186],[-121.58424,38.02871],[-121.58248,38.03578],[-121.58021,38.04719],[-121.57926,38.05748],[-121.57809,38.06238],[-121.5693,38.06584],[-121.55592,38.05754],[-121.54758,38.05504],[-121.5378,38.05097],[-121.5264,38.04098],[-121.51264,38.04024],[-121.50088,38.03107],[-121.48034,38.02265],[-121.45901,38.00478],[-121.4453,37.99632],[-121.44538,38.00389],[-121.45873,38.02058],[-121.47574,38.03718],[-121.48656,38.04474],[-121.5039,38.04975],[-121.51324,38.05482],[-121.52627,38.0545],[-121.52926,38.06037],[-121.53561,38.06453],[-121.54242,38.06328],[-121.54864,38.06421],[-121.56512,38.08108],[-121.57128,38.09714],[-121.5865,38.10236],[-121.60407,38.10578],[-121.62719,38.10562],[-121.63191,38.10326],[-121.63948,38.09447],[-121.64452,38.09251],[-121.65197,38.09431],[-121.65856,38.0976],[-121.66495,38.09919],[-121.68028,38.09269],[-121.68611,38.08267],[-121.68859,38.0751],[-121.68928,38.06159],[-121.69933,38.05085],[-121.72059,38.04028],[-121.74206,38.02945],[-121.76748,38.03039],[-121.77871,38.03602],[-121.78522,38.0434],[-121.78425,38.05207],[-121.77985,38.06137],[-121.76917,38.06869],[-121.75902,38.07221],[-121.74682,38.07599],[-121.73644,38.07884],[-121.71667,38.09281],[-121.70299,38.10562],[-121.68779,38.12383],[-121.6826,38.14719],[-121.68948,38.14755],[-121.70489,38.12229],[-121.72145,38.10835],[-121.74698,38.08771],[-121.76744,38.07884],[-121.80308,38.06288],[-121.82397,38.0688],[-121.84612,38.07251],[-121.86184,38.07045],[-121.86734,38.06464],[-121.88253,38.0569],[-121.89817,38.05322],[-121.91672,38.05271],[-121.92882,38.05842],[-121.92097,38.06244],[-121.91609,38.06696],[-121.90832,38.07884],[-121.95498,38.07917],[-121.97127,38.07492],[-121.98948,38.0825],[-122.01496,38.09851],[-121.98599,38.1107],[-121.98942,38.1252],[-122.0003,38.13731],[-122.01621,38.13955],[-122.03806,38.13675],[-122.05517,38.13373],[-122.06542,38.12735],[-122.06896,38.12178],[-122.0658,38.11323],[-122.07549,38.10051],[-122.09325,38.0843],[-122.12108,38.05988],[-122.1266,38.05034],[-122.13029,38.04214],[-122.15848,38.04344],[-122.16593,38.05455],[-122.1843,38.06479],[-122.18963,38.06138],[-122.19514,38.06175],[-122.20493,38.06523],[-122.22357,38.06573],[-122.24521,38.07209],[-122.26089,38.06943],[-122.27146,38.07451],[-122.28167,38.08608],[-122.30068,38.1082],[-122.39652,38.15323],[-122.41063,38.13385],[-122.43413,38.12335],[-122.44931,38.12447],[-122.45788,38.1177],[-122.50232,38.11352],[-122.48742,38.10483],[-122.48249,38.07688],[-122.49409,38.05001],[-122.50272,38.03188],[-122.50568,38.02313],[-122.50605,38.01717],[-122.49346,38.01278],[-122.46975,38.00543],[-122.45424,37.9978],[-122.44534,37.98512],[-122.45124,37.98006],[-122.45954,37.98141],[-122.46922,37.98275],[-122.47436,37.97612],[-122.49254,37.96979],[-122.49356,37.95856],[-122.48371,37.94855],[-122.48035,37.94182],[-122.49167,37.93549],[-122.50359,37.94049],[-122.50422,37.93488],[-122.50344,37.92481],[-122.47623,37.91599],[-122.47255,37.91125],[-122.47429,37.90524],[-122.46006,37.89544],[-122.449,37.89364],[-122.4388,37.88208],[-122.44795,37.87367],[-122.45473,37.87236],[-122.45946,37.87112],[-122.45901,37.86248],[-122.46952,37.867],[-122.47334,37.87445],[-122.47226,37.87989],[-122.47605,37.88679],[-122.49013,37.89389],[-122.49903,37.89359],[-122.49649,37.88448],[-122.49474,37.87751],[-122.49928,37.87248],[-122.48931,37.86413],[-122.47805,37.85968],[-122.47977,37.85313],[-122.47649,37.84352],[-122.47039,37.83183],[-122.47756,37.8251],[-122.48784,37.8253],[-122.50264,37.82048],[-122.5118,37.82449],[-122.52259,37.82197],[-122.52843,37.81637],[-122.53795,37.82794],[-122.5479,37.83462],[-122.56369,37.84815],[-122.5737,37.85591],[-122.58834,37.86081],[-122.6013,37.87323],[-122.62073,37.8775],[-122.6452,37.89882],[-122.67239,37.90657],[-122.68597,37.90396],[-122.69667,37.89926],[-122.70038,37.8921],[-122.71318,37.9003],[-122.72774,37.90304],[-122.73421,37.92012],[-122.74864,37.9326],[-122.76535,37.9374],[-122.78024,37.94813],[-122.796,37.97552],[-122.81055,37.98519],[-122.82143,37.99767],[-122.8394,38.00635],[-122.90684,38.03184],[-122.92111,38.03487],[-122.9327,38.04952],[-122.93212,38.05881],[-122.92014,38.06531],[-122.93541,38.07075],[-122.94156,38.06477],[-122.94848,38.06074],[-122.9471,38.05476],[-122.94689,38.04532],[-122.94249,38.04125],[-122.93609,38.03077],[-122.94937,38.02945],[-122.96338,38.02531],[-122.97907,38.01452],[-122.98403,38.00323],[-122.98033,37.99804],[-122.97177,37.99614],[-122.9625,37.99205],[-122.97423,37.99028],[-122.98448,37.99211],[-122.99755,37.99384],[-123.01782,37.99352],[-123.02745,37.99449],[-123.02162,38.00048],[-123.016,38.0007],[-122.99073,38.04872],[-122.94965,38.14399],[-122.95028,38.16449],[-122.95551,38.17627],[-122.96495,38.1826],[-122.96479,38.1986],[-122.97384,38.20804],[-122.98305,38.22013],[-122.99323,38.22952],[-122.9963,38.24273],[-122.98525,38.23781],[-122.96482,38.2177],[-122.92557,38.17514],[-122.90728,38.15234],[-122.89151,38.13081],[-122.86876,38.11026],[-122.84337,38.09199],[-122.82567,38.07209],[-122.83227,38.09589],[-122.85043,38.1107],[-122.88842,38.15461],[-122.93554,38.21548],[-122.944,38.21931],[-122.95065,38.2173],[-122.95434,38.2314],[-122.96457,38.23236],[-122.96882,38.23709],[-122.96852,38.25087],[-122.97454,38.26619],[-122.98712,38.27772],[-123.00228,38.29486],[-123.02952,38.31269],[-123.04646,38.31205],[-123.0517,38.30519],[-123.05289,38.298],[-123.06244,38.2959],[-123.07597,38.32247],[-123.06839,38.34629],[-123.07093,38.35995],[-123.07904,38.37208],[-123.08703,38.39126],[-123.09581,38.39583],[-123.10206,38.41216],[-123.11276,38.42062],[-123.12458,38.43748],[-123.12873,38.44931],[-123.17092,38.47919],[-123.25266,38.51067],[-123.27256,38.52895],[-123.30455,38.54902],[-123.31532,38.55747],[-123.33698,38.56726],[-123.34167,38.58663],[-123.35599,38.59715],[-123.36589,38.60074],[-123.36949,38.61214],[-123.40109,38.64283],[-123.41398,38.66669],[-123.43246,38.67797],[-123.43361,38.68679],[-123.4741,38.72198],[-123.49246,38.73647],[-123.52329,38.74672],[-123.53764,38.77233],[-123.55885,38.78299],[-123.56623,38.79515],[-123.59417,38.80582],[-123.61647,38.82731],[-123.64831,38.84954],[-123.66306,38.87245],[-123.69756,38.90028],[-123.71167,38.91432],[-123.72624,38.91858],[-123.7273,38.93318],[-123.74261,38.95562],[-123.72524,38.96037],[-123.70393,38.99006],[-123.69609,39.0078],[-123.68908,39.0279],[-123.69131,39.03856],[-123.69515,39.05913],[-123.70384,39.08363],[-123.71288,39.10632],[-123.72165,39.13302],[-123.7378,39.14301],[-123.73555,39.15903],[-123.76785,39.19401],[-123.7779,39.22212],[-123.79054,39.26975],[-123.80326,39.27895],[-123.79748,39.29767],[-123.80639,39.30476],[-123.806,39.32414],[-123.82492,39.3473],[-123.82057,39.40526],[-123.81651,39.444],[-123.79864,39.49051],[-123.77636,39.52928],[-123.76977,39.54465],[-123.76944,39.56373],[-123.78683,39.59678],[-123.78648,39.65521],[-123.79038,39.66642],[-123.79058,39.67737],[-123.79597,39.69187],[-123.80294,39.70251],[-123.80857,39.7118],[-123.82382,39.71776],[-123.83002,39.72651],[-123.83056,39.74185],[-123.83756,39.7616],[-123.83728,39.78294],[-123.84473,39.8083],[-123.85402,39.83351],[-123.88018,39.84427],[-123.90772,39.86587],[-123.9307,39.90802],[-123.95555,39.92451],[-123.97895,39.9629],[-124.00124,39.97808],[-124.02271,40.00214],[-124.03346,40.01213],[-124.04515,40.01873],[-124.05852,40.0238],[-124.06333,40.0226],[-124.06937,40.02133],[-124.07605,40.02722],[-124.08041,40.03556],[-124.08048,40.05979],[-124.08744,40.07751],[-124.11579,40.10712],[-124.13825,40.11593],[-124.18532,40.12955],[-124.22,40.16515],[-124.25642,40.18442],[-124.31938,40.22461],[-124.32715,40.23704],[-124.34258,40.24204],[-124.36351,40.26148],[-124.36014,40.28157],[-124.34828,40.31891],[-124.36478,40.34468],[-124.3662,40.37745],[-124.39811,40.41584],[-124.4092,40.44382],[-124.39596,40.46536],[-124.38803,40.48329],[-124.38378,40.5001],[-124.38583,40.50952],[-124.37,40.53689],[-124.35798,40.56306],[-124.34996,40.57779],[-124.32209,40.61738],[-124.31949,40.62865],[-124.31725,40.63207],[-124.31404,40.63459],[-124.31013,40.63548],[-124.30578,40.6374],[-124.30769,40.64159],[-124.31163,40.64623],[-124.30762,40.65282],[-124.29266,40.67682],[-124.27388,40.70005],[-124.25255,40.73477],[-124.23974,40.75871],[-124.23089,40.75008],[-124.24729,40.72791],[-124.25848,40.70688],[-124.2595,40.69841],[-124.24804,40.69326],[-124.23437,40.6919],[-124.22576,40.68612],[-124.2217,40.69011],[-124.22462,40.6952],[-124.22169,40.69771],[-124.21385,40.7014],[-124.21324,40.70951],[-124.22178,40.72243],[-124.21743,40.73072],[-124.22046,40.73724],[-124.2133,40.74185],[-124.2029,40.74519],[-124.19861,40.75442],[-124.20108,40.76193],[-124.19823,40.76904],[-124.19159,40.77284],[-124.18891,40.79057],[-124.18274,40.7999],[-124.1755,40.80356],[-124.16381,40.80647],[-124.14587,40.80965],[-124.1369,40.80719],[-124.12186,40.80738],[-124.10919,40.81415],[-124.0874,40.82516],[-124.08248,40.8435],[-124.08446,40.84837],[-124.09382,40.85399],[-124.1018,40.85844],[-124.10847,40.85481],[-124.11898,40.85195],[-124.12607,40.854],[-124.13143,40.85804],[-124.13755,40.86395],[-124.15132,40.86332],[-124.15497,40.86173],[-124.15664,40.85118],[-124.16661,40.84216],[-124.17041,40.82676],[-124.18398,40.81566],[-124.1936,40.80237],[-124.19974,40.78485],[-124.22329,40.7571],[-124.23284,40.76664],[-124.21685,40.78642],[-124.17657,40.84775],[-124.13376,40.9364],[-124.12068,40.97895],[-124.11041,41.01525],[-124.11141,41.04166],[-124.11703,41.04825],[-124.12733,41.04953],[-124.13457,41.04795],[-124.14293,41.05313],[-124.14688,41.06016],[-124.1493,41.07596],[-124.15528,41.08681],[-124.16063,41.09935],[-124.16028,41.11356],[-124.16405,41.13222],[-124.16289,41.13908],[-124.15633,41.14235],[-124.14769,41.14095],[-124.14347,41.14499],[-124.12426,41.18181],[-124.11327,41.22118],[-124.09093,41.28945],[-124.08218,41.34178],[-124.06781,41.39892],[-124.06216,41.43588],[-124.07608,41.48998],[-124.08202,41.52147],[-124.06835,41.53925],[-124.07893,41.54336],[-124.08869,41.54914],[-124.09691,41.55683],[-124.1031,41.56656],[-124.10387,41.57612],[-124.10277,41.60261],[-124.10652,41.6081],[-124.11498,41.61787],[-124.12658,41.64008],[-124.13988,41.66429],[-124.1385,41.67976],[-124.14579,41.70638],[-124.15946,41.73667],[-124.17729,41.7436],[-124.18792,41.74699],[-124.19631,41.74403],[-124.20111,41.73931],[-124.23236,41.76236],[-124.2629,41.77643],[-124.26046,41.78878],[-124.24792,41.79387],[-124.23396,41.81321],[-124.21884,41.85001],[-124.21096,41.89101],[-124.20222,41.96039],[-124.20368,41.97118],[-124.20788,41.98151],[-124.21697,42.00618],[-124.23697,42.0175],[-124.26087,42.0338],[-124.27483,42.04539],[-124.29312,42.04647],[-124.33595,42.0915],[-124.35046,42.09796],[-124.35956,42.113],[-124.35416,42.1319],[-124.36617,42.15006],[-124.36384,42.17516],[-124.37623,42.19665],[-124.37906,42.22028],[-124.39517,42.23945],[-124.41246,42.24893],[-124.41027,42.25886],[-124.40945,42.29624],[-124.42333,42.31782],[-124.42789,42.32001],[-124.43281,42.32931],[-124.43065,42.34956],[-124.42607,42.36184],[-124.4265,42.37728],[-124.42732,42.39658],[-124.42498,42.41989],[-124.43979,42.43919],[-124.42354,42.45409],[-124.42203,42.46704],[-124.42068,42.49101],[-124.40632,42.51952],[-124.40282,42.5329],[-124.39444,42.56656],[-124.39818,42.58552],[-124.40337,42.59495],[-124.39989,42.61573],[-124.40853,42.64496],[-124.41454,42.66242],[-124.42618,42.67154],[-124.44091,42.67805],[-124.45442,42.68692],[-124.46679,42.70254],[-124.47293,42.73031],[-124.49182,42.73776],[-124.50548,42.73652],[-124.515,42.74873],[-124.53205,42.80394],[-124.53889,42.81623],[-124.54939,42.82559],[-124.56676,42.83397],[-124.54772,42.84544],[-124.49245,42.92984],[-124.48969,42.93588],[-124.46367,42.99304],[-124.45425,43.0113],[-124.44488,43.03],[-124.43746,43.05612],[-124.4347,43.07494],[-124.42445,43.11929],[-124.41615,43.12548],[-124.41849,43.14215],[-124.38661,43.2631],[-124.39514,43.30007],[-124.40132,43.3101],[-124.38537,43.33016],[-124.3765,43.34023],[-124.35987,43.34228],[-124.34212,43.3521],[-124.32945,43.34881],[-124.32597,43.33866],[-124.32641,43.31225],[-124.31651,43.29983],[-124.31287,43.30901],[-124.30828,43.32788],[-124.31182,43.33866],[-124.30871,43.35491],[-124.30056,43.36366],[-124.28734,43.37059],[-124.27619,43.39395],[-124.25276,43.41747],[-124.23287,43.42408],[-124.22231,43.4252],[-124.21799,43.41638],[-124.21863,43.40215],[-124.21824,43.38604],[-124.21287,43.37468],[-124.20038,43.37395],[-124.17778,43.36916],[-124.15184,43.36945],[-124.14003,43.37535],[-124.16974,43.37983],[-124.18667,43.39133],[-124.19047,43.40535],[-124.19433,43.42001],[-124.20861,43.43096],[-124.20703,43.44326],[-124.19762,43.45246],[-124.2087,43.45219],[-124.23313,43.44724],[-124.24019,43.43662],[-124.2624,43.42662],[-124.27703,43.42146],[-124.28346,43.40312],[-124.32528,43.36254],[-124.33523,43.36532],[-124.29803,43.41793],[-124.2379,43.54712],[-124.22347,43.58643],[-124.21569,43.62739],[-124.20979,43.65663],[-124.20228,43.66276],[-124.17469,43.673],[-124.16171,43.68838],[-124.15445,43.69847],[-124.14932,43.7119],[-124.14184,43.72163],[-124.13981,43.73311],[-124.13285,43.73469],[-124.12617,43.72853],[-124.11659,43.71093],[-124.10902,43.70612],[-124.0725,43.70474],[-124.07022,43.71166],[-124.08554,43.71292],[-124.10127,43.71867],[-124.11521,43.73543],[-124.12853,43.74909],[-124.14881,43.74759],[-124.16048,43.73675],[-124.16145,43.71772],[-124.17151,43.6976],[-124.19084,43.68452],[-124.20294,43.68077],[-124.19172,43.71736],[-124.17602,43.76248],[-124.15103,43.88174],[-124.14475,43.94321],[-124.13988,43.982],[-124.1372,43.99042],[-124.12426,43.99624],[-124.11946,44.0065],[-124.13342,44.03202],[-124.13354,44.04426],[-124.12613,44.09956],[-124.11395,44.19058],[-124.11408,44.24901],[-124.10725,44.28632],[-124.10814,44.29239],[-124.1136,44.30146],[-124.11408,44.30736],[-124.11148,44.3133],[-124.1031,44.32233],[-124.10041,44.3273],[-124.08884,44.38544],[-124.08443,44.41166],[-124.07189,44.42182],[-124.06531,44.42949],[-124.05355,44.43297],[-124.04524,44.42528],[-124.03498,44.41617],[-124.01789,44.40982],[-124.02762,44.43922],[-124.03934,44.44345],[-124.04961,44.4487],[-124.06824,44.43789],[-124.07608,44.43334],[-124.08343,44.42775],[-124.08275,44.44086],[-124.08143,44.46236],[-124.08435,44.49807],[-124.06319,44.60952],[-124.05261,44.61821],[-124.04566,44.6215],[-124.03114,44.61796],[-124.02321,44.61137],[-124.02025,44.60689],[-124.01202,44.59983],[-124.00969,44.60995],[-124.00476,44.61629],[-124.00671,44.62381],[-124.01888,44.62712],[-124.02319,44.62313],[-124.02716,44.62242],[-124.03508,44.62573],[-124.04829,44.63256],[-124.0559,44.62668],[-124.06814,44.61775],[-124.07078,44.62058],[-124.06746,44.6321],[-124.06283,44.64055],[-124.05919,44.65159],[-124.05784,44.66358],[-124.06279,44.67182],[-124.07469,44.6728],[-124.07799,44.67492],[-124.07237,44.67891],[-124.06706,44.68945],[-124.05842,44.72614],[-124.05944,44.74624],[-124.06526,44.7637],[-124.07337,44.77765],[-124.06656,44.80553],[-124.06518,44.82331],[-124.05364,44.8387],[-124.0465,44.85838],[-124.03454,44.8784],[-124.0327,44.89737],[-124.03185,44.90485],[-124.02448,44.90973],[-124.01769,44.91657],[-124.0182,44.9275],[-124.02565,44.93566],[-124.02448,44.94383],[-124.015,44.96772],[-124.01134,44.99771],[-124.00479,45.04352],[-124.01574,45.05443],[-124.01415,45.06428],[-124.00422,45.08259],[-123.98436,45.10493],[-123.97692,45.12885],[-123.9711,45.15371],[-123.97059,45.16729],[-123.96918,45.18606],[-123.96912,45.2053],[-123.97639,45.21662],[-123.97042,45.24182],[-123.96836,45.25051],[-123.96544,45.25845],[-123.96208,45.27936],[-123.96036,45.29999],[-123.97191,45.33145],[-123.98766,45.33637],[-124.00178,45.33763],[-124.00178,45.34447],[-123.98103,45.3496],[-123.97277,45.36201],[-123.9702,45.37861],[-123.96784,45.39179],[-123.96447,45.40253],[-123.96117,45.40917],[-123.95788,45.41498],[-123.95336,45.4134],[-123.95547,45.40925],[-123.9608,45.37861],[-123.94424,45.38935],[-123.93196,45.40542],[-123.91845,45.41767],[-123.9547,45.43281],[-123.9711,45.45197],[-123.97053,45.49445],[-123.95861,45.51606],[-123.95434,45.54841],[-123.9488,45.5572],[-123.94567,45.5257],[-123.9392,45.49982],[-123.92193,45.49491],[-123.91288,45.48334],[-123.89053,45.47549],[-123.89422,45.48231],[-123.89142,45.48807],[-123.88661,45.49336],[-123.88329,45.50009],[-123.88535,45.50731],[-123.88929,45.51982],[-123.89749,45.52464],[-123.9005,45.53848],[-123.89607,45.56029],[-123.9252,45.55427],[-123.94799,45.56875],[-123.95788,45.57616],[-123.95225,45.59106],[-123.94458,45.62134],[-123.94188,45.64851],[-123.92073,45.66266],[-123.92159,45.68373],[-123.91823,45.68957],[-123.9103,45.69128],[-123.90152,45.68711],[-123.89331,45.68363],[-123.88743,45.68292],[-123.87955,45.68651],[-123.87108,45.6979],[-123.87719,45.69611],[-123.88166,45.69546],[-123.88589,45.69404],[-123.89732,45.69576],[-123.90362,45.70099],[-123.90801,45.70827],[-123.91743,45.70448],[-123.92104,45.6972],[-123.93034,45.69344],[-123.93237,45.68169],[-123.93242,45.66855],[-123.93788,45.6606],[-123.93936,45.66767],[-123.93741,45.69896],[-123.94168,45.72695],[-123.94758,45.73595],[-123.96393,45.74387],[-123.9693,45.75294],[-123.96777,45.76093],[-123.97224,45.76263],[-123.98114,45.76029],[-123.98215,45.76777],[-123.96838,45.78158],[-123.96666,45.79597],[-123.95914,45.81566],[-123.95661,45.87324],[-123.95971,45.89728],[-123.96972,45.91861],[-123.99055,45.93793],[-123.98233,45.94806],[-123.97289,45.9527],[-123.96429,45.96693],[-123.95109,45.97226],[-123.93399,45.97968],[-123.92846,45.99258],[-123.92333,46.01398],[-123.9284,46.03725],[-123.93684,46.08183],[-123.95063,46.12],[-123.99047,46.20051],[-124.02266,46.23084],[-124.01734,46.23543],[-124.00272,46.23772],[-123.98813,46.22667],[-123.99479,46.22024],[-123.98486,46.21012],[-123.96892,46.21055],[-123.951,46.20502],[-123.92383,46.19072],[-123.91591,46.1806],[-123.9106,46.18151],[-123.90396,46.18011],[-123.90069,46.16862],[-123.8808,46.16398],[-123.86693,46.15986],[-123.83503,46.16249],[-123.82512,46.15695],[-123.81854,46.14728],[-123.8133,46.12775],[-123.81249,46.11416],[-123.79874,46.10244],[-123.80028,46.11579],[-123.80144,46.13023],[-123.80065,46.14355],[-123.77831,46.13715],[-123.77831,46.14338],[-123.78694,46.14956],[-123.807,46.16755],[-123.81615,46.17133],[-123.82702,46.17207],[-123.84358,46.17309],[-123.85019,46.17724],[-123.8608,46.18094],[-123.86542,46.18647],[-123.8561,46.18921],[-123.83617,46.19008],[-123.82089,46.18958],[-123.79809,46.19355],[-123.77874,46.20139],[-123.76677,46.20411],[-123.75488,46.19579],[-123.73668,46.17817],[-123.72719,46.17042],[-123.70595,46.17081],[-123.61408,46.18647],[-123.59948,46.19184],[-123.62011,46.19664],[-123.62059,46.20482],[-123.60741,46.20905],[-123.58151,46.20657],[-123.56493,46.21655],[-123.54208,46.22615],[-123.53659,46.23397],[-123.51927,46.23527],[-123.49714,46.23282],[-123.48493,46.23005],[-123.47314,46.21749],[-123.45286,46.20722],[-123.43715,46.19832],[-123.43199,46.18728],[-123.43014,46.17672],[-123.42105,46.16913],[-123.40591,46.15825],[-123.38552,46.14618],[-123.32596,46.13889],[-123.29938,46.14099],[-123.27764,46.13394],[-123.25644,46.13332],[-123.23331,46.13715],[-123.22103,46.14729],[-123.20554,46.16461],[-123.19343,46.17233],[-123.18009,46.1791],[-123.18073,46.18003],[-123.20752,46.17836],[-123.2475,46.16263],[-123.26945,46.15042],[-123.29794,46.15154],[-123.32887,46.16556],[-123.39336,46.20414],[-123.41239,46.2203],[-123.42744,46.23929],[-123.44449,46.25778],[-123.45568,46.26704],[-123.47891,46.27587],[-123.60318,46.26008],[-123.66267,46.27025],[-123.66735,46.27684],[-123.66999,46.28559],[-123.6752,46.29426],[-123.69297,46.3052],[-123.70193,46.30335],[-123.71598,46.30147],[-123.72386,46.30033],[-123.72619,46.29024],[-123.7352,46.28793],[-123.74753,46.29108],[-123.75209,46.28601],[-123.75774,46.27752],[-123.76451,46.27327],[-123.77798,46.27408],[-123.79086,46.28299],[-123.80658,46.2834],[-123.81504,46.27531],[-123.81844,46.26876],[-123.83416,46.26876],[-123.8415,46.26143],[-123.85104,46.25985],[-123.85445,46.25213],[-123.86232,46.24865],[-123.87303,46.24017],[-123.88985,46.24215],[-123.9078,46.24646],[-123.92517,46.25154],[-123.93973,46.26438],[-123.9487,46.26984],[-123.96715,46.29432],[-123.97333,46.29978],[-123.98509,46.3091],[-124.0093,46.31346],[-124.0228,46.31425],[-124.03294,46.30611],[-124.04025,46.30418],[-124.04869,46.29642],[-124.05151,46.28593],[-124.0403,46.28097],[-124.03806,46.2767],[-124.04144,46.27283],[-124.0521,46.27361],[-124.06164,46.27672],[-124.07119,46.2713],[-124.07584,46.2683],[-124.08017,46.27169],[-124.07836,46.28238],[-124.07734,46.29497],[-124.07284,46.30699],[-124.06889,46.3229],[-124.06606,46.33881],[-124.06379,46.35627],[-124.06207,46.3877],[-124.06086,46.43987],[-124.06261,46.59593],[-124.0725,46.64251],[-124.06288,46.65494],[-124.05101,46.6456],[-124.03576,46.63082],[-124.0441,46.6236],[-124.03832,46.60761],[-124.02562,46.59089],[-124.01789,46.56855],[-124.02623,46.49234],[-124.02473,46.46552],[-124.02205,46.41967],[-124.01425,46.38512],[-123.99345,46.3801],[-123.9777,46.38244],[-123.95812,46.37824],[-123.94788,46.40301],[-123.93202,46.41528],[-123.92686,46.4401],[-123.92068,46.43932],[-123.9106,46.42844],[-123.87589,46.41912],[-123.84655,46.39663],[-123.84065,46.41576],[-123.85676,46.42646],[-123.88069,46.4335],[-123.89806,46.44164],[-123.90022,46.44668],[-123.90168,46.45734],[-123.9049,46.45938],[-123.91051,46.46068],[-123.91771,46.46406],[-123.92439,46.46845],[-123.93582,46.47231],[-123.93574,46.48046],[-123.93517,46.4947],[-123.92211,46.50255],[-123.90803,46.50829],[-123.90071,46.51337],[-123.89635,46.52123],[-123.89493,46.53132],[-123.89635,46.54442],[-123.89981,46.55117],[-123.90421,46.55561],[-123.92032,46.58071],[-123.94473,46.6059],[-123.95641,46.62311],[-123.93855,46.61986],[-123.91104,46.60541],[-123.89493,46.60273],[-123.91588,46.6284],[-123.92252,46.65786],[-123.911,46.68203],[-123.87727,46.69208],[-123.84341,46.69668],[-123.82649,46.69237],[-123.8192,46.67499],[-123.81188,46.66258],[-123.79507,46.66087],[-123.77648,46.66718],[-123.76399,46.67841],[-123.79573,46.68195],[-123.81835,46.6977],[-123.83975,46.71743],[-123.86767,46.73306],[-123.88362,46.73749],[-123.9,46.74741],[-123.91223,46.74102],[-123.913,46.72777],[-123.95179,46.72483],[-123.97613,46.74106],[-123.98196,46.72044],[-123.97482,46.7111],[-123.96335,46.70716],[-123.9727,46.70126],[-123.98776,46.7057],[-124.00068,46.70571],[-124.01432,46.71065],[-124.02509,46.71263],[-124.02986,46.72016],[-124.07032,46.73481],[-124.09338,46.74323],[-124.1006,46.76148],[-124.10131,46.80866],[-124.11408,46.84911],[-124.13048,46.88597],[-124.12682,46.89851],[-124.11178,46.91233],[-124.09088,46.90001],[-124.09756,46.87788],[-124.07738,46.85879],[-124.0725,46.84292],[-124.05809,46.84447],[-124.04206,46.83979],[-124.02839,46.83397],[-124.02131,46.83234],[-124.01382,46.84248],[-124.01472,46.85114],[-124.02139,46.85985],[-124.03157,46.87027],[-124.05705,46.86209],[-124.05487,46.87587],[-124.04693,46.89114],[-124.03323,46.89802],[-124.0067,46.89924],[-123.99193,46.90375],[-123.96264,46.91804],[-123.88169,46.94166],[-123.81306,46.95897],[-123.82811,46.96523],[-123.84471,46.96084],[-123.86791,46.96963],[-123.9501,46.9684],[-123.95587,46.97235],[-123.94503,46.97283],[-123.92227,46.98013],[-123.96522,46.98418],[-124.01288,46.98373],[-124.01936,46.99408],[-124.01284,47.00935],[-124.0277,47.02814],[-124.04676,47.03303],[-124.06555,47.03747],[-124.09012,47.04093],[-124.11687,47.04292],[-124.13928,47.03553],[-124.14818,47.0244],[-124.14611,47.01724],[-124.13671,47.0019],[-124.13707,46.98721],[-124.1385,46.97735],[-124.1366,46.96794],[-124.13081,46.95677],[-124.12358,46.94657],[-124.11106,46.948],[-124.1048,46.94471],[-124.10576,46.93342],[-124.12213,46.94131],[-124.13803,46.9446],[-124.14814,46.94262],[-124.15344,46.93802],[-124.15343,46.93012],[-124.16306,46.92749],[-124.17846,46.92551],[-124.17559,46.9357],[-124.17642,46.94261],[-124.17565,46.95384],[-124.17229,46.98143],[-124.17189,47.04195],[-124.17434,47.06661],[-124.17927,47.10688],[-124.19983,47.18748],[-124.21171,47.22664],[-124.22754,47.26317],[-124.24293,47.29008],[-124.25369,47.30154],[-124.27598,47.30263],[-124.28055,47.31269],[-124.29926,47.34821],[-124.28685,47.34738],[-124.27832,47.34196],[-124.27172,47.3426],[-124.28309,47.35123],[-124.30836,47.35267],[-124.31781,47.35735],[-124.3487,47.49975],[-124.35082,47.54682],[-124.37489,47.60769],[-124.38361,47.63602],[-124.41078,47.68818],[-124.41584,47.72559],[-124.42276,47.74189],[-124.43541,47.74445],[-124.44677,47.75039],[-124.45588,47.76179],[-124.47657,47.77826],[-124.48347,47.81293],[-124.54161,47.83433],[-124.55626,47.85368],[-124.56798,47.8697],[-124.59313,47.8762],[-124.60951,47.87485],[-124.63813,47.90786],[-124.65616,47.95401],[-124.67199,47.99071],[-124.68322,48.02782],[-124.69385,48.07453],[-124.68944,48.10016],[-124.72297,48.15009],[-124.73461,48.1704],[-124.71924,48.1763],[-124.70007,48.19186],[-124.68944,48.21345],[-124.68977,48.2189],[-124.69494,48.22557],[-124.70552,48.24598],[-124.70363,48.24985],[-124.68913,48.25251],[-124.68248,48.2635],[-124.68322,48.28473],[-124.67984,48.29369],[-124.66491,48.30907],[-124.66149,48.31952],[-124.67054,48.32417],[-124.66968,48.33319],[-124.67842,48.33508],[-124.68911,48.33762],[-124.70282,48.3472],[-124.71825,48.35737],[-124.73026,48.37158],[-124.72753,48.38773],[-124.69652,48.39109],[-124.66158,48.38604],[-124.63816,48.383],[-124.61956,48.36892],[-124.60797,48.36633],[-124.59337,48.37486],[-124.57489,48.37041],[-124.53207,48.34991],[-124.458,48.31684],[-124.39921,48.29358],[-124.34683,48.28107],[-124.33764,48.27705],[-124.29634,48.26154],[-124.27401,48.25705],[-124.25085,48.2629],[-124.22765,48.25853],[-124.1598,48.23266],[-124.11141,48.21593],[-124.09984,48.20047],[-124.05018,48.17726],[-123.99708,48.17269],[-123.97099,48.1656],[-123.94395,48.16554],[-123.91883,48.16228],[-123.87342,48.16155],[-123.86188,48.15639],[-123.81834,48.16078],[-123.78889,48.15314],[-123.74202,48.15991],[-123.70034,48.16491],[-123.64169,48.15119],[-123.63387,48.14145],[-123.5846,48.13542],[-123.56704,48.14693],[-123.55239,48.15136],[-123.53503,48.14547],[-123.52362,48.1351],[-123.50548,48.13264],[-123.47561,48.13361],[-123.4359,48.14241],[-123.41851,48.1423],[-123.40502,48.139],[-123.4263,48.13719],[-123.44084,48.13405],[-123.45343,48.13155],[-123.44966,48.12511],[-123.42173,48.11783],[-123.358,48.11742],[-123.32233,48.11461],[-123.28746,48.11822],[-123.24693,48.11533],[-123.22362,48.12202],[-123.1706,48.16437],[-123.15003,48.1771],[-123.10825,48.18384],[-123.11802,48.17941],[-123.13072,48.17371],[-123.14447,48.16351],[-123.16129,48.15192],[-123.14571,48.15127],[-123.11181,48.14903],[-123.08918,48.12848],[-123.06303,48.1176],[-123.04045,48.08511],[-123.04528,48.05972],[-123.02969,48.04523],[-123.00788,48.03856],[-122.99682,48.03864],[-123.00573,48.07868],[-122.99913,48.09174],[-122.95694,48.09748],[-122.94107,48.09789],[-122.92748,48.09512],[-122.92174,48.08613],[-122.91877,48.07022],[-122.9108,48.06611],[-122.89973,48.06623],[-122.88695,48.06257],[-122.87255,48.04975],[-122.85729,48.02953],[-122.85338,48.01044],[-122.87328,48.00113],[-122.87328,47.99372],[-122.85436,47.99527],[-122.84138,48.00556],[-122.82486,48.03522],[-122.8369,48.04987],[-122.87707,48.07966],[-122.88166,48.09174],[-122.87776,48.10663],[-122.86832,48.11929],[-122.85627,48.12458],[-122.82384,48.13109],[-122.79491,48.14118],[-122.77017,48.1411],[-122.7504,48.11717],[-122.75988,48.11221],[-122.78454,48.10293],[-122.79137,48.09675],[-122.79198,48.08291],[-122.7845,48.07306],[-122.77538,48.06558],[-122.7709,48.05915],[-122.76464,48.04462],[-122.72248,47.99372],[-122.71434,47.98725],[-122.69538,47.97895],[-122.68834,47.97321],[-122.68566,47.9654],[-122.68252,47.94408],[-122.67809,47.9357],[-122.62621,47.88955],[-122.62011,47.87763],[-122.62825,47.87352],[-122.65807,47.8725],[-122.66784,47.8708],[-122.67642,47.86213],[-122.68391,47.84321],[-122.69205,47.83259],[-122.7364,47.79442],[-122.7504,47.77456],[-122.76867,47.73798],[-122.77522,47.71882],[-122.7777,47.70254],[-122.78108,47.69204],[-122.7893,47.68452],[-122.80036,47.67988],[-122.81188,47.67837],[-122.82848,47.68317],[-122.82921,47.69408],[-122.81802,47.71312],[-122.79979,47.77729],[-122.79894,47.80671],[-122.80565,47.84345],[-122.81729,47.83027],[-122.81847,47.81086],[-122.8216,47.79243],[-122.83918,47.78205],[-122.8404,47.80231],[-122.84679,47.8203],[-122.85644,47.82608],[-122.8671,47.80927],[-122.86636,47.79352],[-122.85827,47.77546],[-122.83918,47.74665],[-122.86193,47.73334],[-122.87621,47.71015],[-122.88663,47.68814],[-122.90396,47.67316],[-122.91002,47.65009],[-122.91804,47.64484],[-122.93033,47.642],[-122.94176,47.63491],[-123.02107,47.56566],[-123.03295,47.54999],[-123.06509,47.49339],[-123.08056,47.47883],[-123.10131,47.46528],[-123.11937,47.44953],[-123.13337,47.4123],[-123.15844,47.37206],[-123.16129,47.35684],[-123.13024,47.34064],[-123.07413,47.34463],[-122.90514,47.39496],[-122.87157,47.40986],[-122.83918,47.43195],[-122.86775,47.43626],[-122.90705,47.42381],[-122.97631,47.39102],[-123.05223,47.36701],[-123.09187,47.36738],[-123.11352,47.39102],[-123.1105,47.4051],[-123.09936,47.41991],[-123.07258,47.44554],[-123.0633,47.45673],[-123.02261,47.52289],[-122.94904,47.59707],[-122.93546,47.60285],[-122.87328,47.63117],[-122.79821,47.65168],[-122.77538,47.66071],[-122.76354,47.66913],[-122.75707,47.68232],[-122.74279,47.72687],[-122.73375,47.74258],[-122.63488,47.83967],[-122.62365,47.84715],[-122.61319,47.85029],[-122.59569,47.84723],[-122.59415,47.83979],[-122.597,47.83071],[-122.59215,47.82298],[-122.57095,47.81977],[-122.56652,47.83446],[-122.57144,47.85708],[-122.58829,47.90445],[-122.59215,47.91177],[-122.61099,47.93598],[-122.61319,47.94595],[-122.55338,47.92084],[-122.52807,47.9055],[-122.51769,47.88105],[-122.51647,47.86636],[-122.51024,47.83259],[-122.50422,47.82245],[-122.49376,47.81403],[-122.49006,47.80386],[-122.50402,47.78824],[-122.49502,47.78612],[-122.48453,47.78213],[-122.47517,47.77607],[-122.46923,47.76838],[-122.46837,47.75654],[-122.47346,47.74803],[-122.47973,47.74189],[-122.4829,47.73701],[-122.49291,47.73526],[-122.54109,47.74287],[-122.55797,47.74042],[-122.55578,47.7287],[-122.56469,47.71255],[-122.5797,47.69819],[-122.59586,47.69196],[-122.6516,47.73257],[-122.66104,47.73045],[-122.65811,47.71796],[-122.65099,47.71141],[-122.64192,47.70669],[-122.63313,47.69945],[-122.62841,47.69294],[-122.59215,47.59707],[-122.5996,47.59024],[-122.59215,47.58275],[-122.61693,47.57412],[-122.64379,47.59585],[-122.68151,47.65168],[-122.6892,47.64354],[-122.69457,47.6341],[-122.69693,47.62311],[-122.69579,47.61005],[-122.69001,47.59663],[-122.68155,47.59052],[-122.64684,47.57697],[-122.63915,47.57705],[-122.63899,47.57477],[-122.64737,47.56232],[-122.65689,47.55174],[-122.67593,47.53766],[-122.68151,47.52753],[-122.6302,47.54438],[-122.60704,47.55549],[-122.58593,47.56908],[-122.55313,47.5834],[-122.5432,47.5668],[-122.54161,47.54096],[-122.53409,47.52753],[-122.50792,47.52033],[-122.50959,47.50292],[-122.52269,47.48176],[-122.53067,47.46296],[-122.53832,47.43749],[-122.55163,47.41401],[-122.55622,47.392],[-122.53751,47.37055],[-122.54507,47.35643],[-122.55525,47.34663],[-122.56867,47.34016],[-122.58593,47.33637],[-122.56066,47.30134],[-122.557,47.28461],[-122.56851,47.26407],[-122.58348,47.26423],[-122.66104,47.28791],[-122.68627,47.30121],[-122.68346,47.31037],[-122.6695,47.31949],[-122.66104,47.33259],[-122.65347,47.34919],[-122.63858,47.36323],[-122.62792,47.37995],[-122.63313,47.40461],[-122.64061,47.38597],[-122.65363,47.37653],[-122.68834,47.36433],[-122.69612,47.35847],[-122.70303,47.35122],[-122.71044,47.34516],[-122.71935,47.3426],[-122.72594,47.33906],[-122.72794,47.33063],[-122.72907,47.32062],[-122.73302,47.31244],[-122.74861,47.29536],[-122.75308,47.28119],[-122.74763,47.26728],[-122.7233,47.23847],[-122.72448,47.23261],[-122.73086,47.22801],[-122.73672,47.21967],[-122.73693,47.22456],[-122.74144,47.22232],[-122.74706,47.21699],[-122.7504,47.21284],[-122.74865,47.21068],[-122.74527,47.20498],[-122.74258,47.1979],[-122.74299,47.19172],[-122.77278,47.17308],[-122.79869,47.20498],[-122.81485,47.25088],[-122.81493,47.27432],[-122.79556,47.28067],[-122.78661,47.29609],[-122.78401,47.31525],[-122.78454,47.34276],[-122.78604,47.35041],[-122.79137,47.36433],[-122.79809,47.37149],[-122.80663,47.37653],[-122.81111,47.38377],[-122.80565,47.39777],[-122.82014,47.38329],[-122.83658,47.3343],[-122.84602,47.31586],[-122.87002,47.29926],[-122.88565,47.29133],[-122.89753,47.28791],[-122.9134,47.28531],[-122.92048,47.27802],[-122.94978,47.2023],[-122.96508,47.18114],[-122.99063,47.16502],[-123.04328,47.15445],[-123.06835,47.14594],[-123.07877,47.13028],[-123.06387,47.13711],[-123.04092,47.14423],[-123.02164,47.14444],[-123.01793,47.13028],[-123.02941,47.12153],[-123.0489,47.11823],[-123.06811,47.11249],[-123.07877,47.09614],[-123.05899,47.10269],[-122.97452,47.14643],[-122.9689,47.14769],[-122.96483,47.15095],[-122.94221,47.17805],[-122.93025,47.17446],[-122.93468,47.15998],[-122.97907,47.10151],[-122.99254,47.09089],[-123.01049,47.08251],[-122.98746,47.081],[-122.96459,47.08999],[-122.94587,47.10716],[-122.93541,47.13028],[-122.92931,47.12043],[-122.92732,47.10981],[-122.92931,47.09927],[-122.93541,47.0893],[-122.92565,47.07832],[-122.9182,47.05614],[-122.90807,47.04833],[-122.8933,47.04727],[-122.89297,47.05736],[-122.90022,47.07152],[-122.90807,47.08251],[-122.89582,47.0926],[-122.89647,47.10493],[-122.90119,47.11787],[-122.90123,47.13028],[-122.8924,47.14208],[-122.85285,47.16502],[-122.8474,47.15522],[-122.84797,47.14606],[-122.85261,47.13776],[-122.85969,47.13028],[-122.84553,47.13174],[-122.8308,47.13679],[-122.82095,47.14208],[-122.82152,47.1446],[-122.82266,47.1601],[-122.81713,47.16572],[-122.79821,47.15762],[-122.79011,47.14912],[-122.78205,47.13776],[-122.77278,47.12775],[-122.74816,47.12002],[-122.73575,47.11148],[-122.72643,47.10041],[-122.72248,47.0893],[-122.6859,47.1044],[-122.65233,47.12808],[-122.5716,47.2093],[-122.5502,47.24234],[-122.5371,47.27855],[-122.53751,47.31586],[-122.52038,47.30549],[-122.48542,47.29023],[-122.44848,47.26846],[-122.43309,47.26488],[-122.41861,47.26948],[-122.40038,47.28107],[-122.41755,47.28925],[-122.4276,47.29654],[-122.42955,47.30488],[-122.42203,47.31586],[-122.40941,47.32502],[-122.39127,47.33369],[-122.37214,47.34003],[-122.33947,47.34658],[-122.32848,47.35712],[-122.3236,47.37255],[-122.32527,47.39102],[-122.33365,47.40412],[-122.36095,47.43],[-122.36681,47.44221],[-122.36669,47.48534],[-122.37023,47.49714],[-122.38142,47.5102],[-122.38842,47.52082],[-122.40754,47.56607],[-122.40905,47.57494],[-122.40372,47.58198],[-122.39045,47.59369],[-122.37792,47.59618],[-122.36661,47.58568],[-122.35607,47.57127],[-122.34577,47.56232],[-122.34105,47.58295],[-122.34,47.59894],[-122.3452,47.61196],[-122.35936,47.62373],[-122.40404,47.6374],[-122.41348,47.64167],[-122.42333,47.65107],[-122.42878,47.66039],[-122.42516,47.66474],[-122.41369,47.66747],[-122.40929,47.67438],[-122.40681,47.6833],[-122.40038,47.69196],[-122.38467,47.70897],[-122.38109,47.72016],[-122.3839,47.73672],[-122.38756,47.75235],[-122.39835,47.76293],[-122.40612,47.7779],[-122.40437,47.79759],[-122.39948,47.81395],[-122.39192,47.82758],[-122.38219,47.83906],[-122.35261,47.85627],[-122.33971,47.87279],[-122.33698,47.89484],[-122.33422,47.91047],[-122.32457,47.92438],[-122.32453,47.93415],[-122.32042,47.94208],[-122.31265,47.94721],[-122.29271,47.95734],[-122.28571,47.96284],[-122.27717,47.96743],[-122.24161,47.97281],[-122.2329,47.97842],[-122.2128,47.9868],[-122.20914,47.9997],[-122.20735,48.01439],[-122.20084,48.01899],[-122.19628,48.02265],[-122.19172,48.02631],[-122.19351,48.03095],[-122.20177,48.03368],[-122.20751,48.03754],[-122.22159,48.03815],[-122.23811,48.02631],[-122.30773,48.06538],[-122.34016,48.09003],[-122.36229,48.1225],[-122.36775,48.15961],[-122.36571,48.19058],[-122.3756,48.2132],[-122.41686,48.22553],[-122.42186,48.22797],[-122.42838,48.23212],[-122.43594,48.23461],[-122.4442,48.23237],[-122.44896,48.22285],[-122.44612,48.20222],[-122.46662,48.19204],[-122.46947,48.17707],[-122.46573,48.15908],[-122.45788,48.14362],[-122.44807,48.13418],[-122.43212,48.12246],[-122.41462,48.11249],[-122.39981,48.10822],[-122.3841,48.10147],[-122.36913,48.08568],[-122.34801,48.05427],[-122.36604,48.0539],[-122.37743,48.06025],[-122.39639,48.08153],[-122.40563,48.08779],[-122.48965,48.13044],[-122.51036,48.14745],[-122.52611,48.17097],[-122.53327,48.19611],[-122.53124,48.21988],[-122.53395,48.24968],[-122.49885,48.25288],[-122.46516,48.25995],[-122.44591,48.26105],[-122.42992,48.2591],[-122.41836,48.25153],[-122.40966,48.2414],[-122.40079,48.23526],[-122.38899,48.23981],[-122.39371,48.24999],[-122.39061,48.2602],[-122.37532,48.28075],[-122.37938,48.28596],[-122.38183,48.29682],[-122.38585,48.30378],[-122.39175,48.30976],[-122.42536,48.33023],[-122.45515,48.34248],[-122.47863,48.35981],[-122.49136,48.36506],[-122.50621,48.36799],[-122.52269,48.36896],[-122.53376,48.37466],[-122.55354,48.40131],[-122.56705,48.4099],[-122.56705,48.41739],[-122.55207,48.42788],[-122.55895,48.43403],[-122.57421,48.43708],[-122.58446,48.43781],[-122.59171,48.43407],[-122.60778,48.416],[-122.61555,48.4099],[-122.63036,48.40534],[-122.6466,48.40375],[-122.66177,48.40624],[-122.67357,48.41364],[-122.68346,48.43016],[-122.67858,48.43887],[-122.66877,48.44526],[-122.66332,48.4549],[-122.66934,48.47281],[-122.68293,48.47919],[-122.69701,48.48135],[-122.7049,48.48627],[-122.70238,48.49799],[-122.68908,48.49982],[-122.67248,48.49897],[-122.6599,48.503],[-122.63305,48.51626],[-122.61327,48.50031],[-122.59704,48.47456],[-122.58072,48.45832],[-122.58088,48.48452],[-122.56835,48.48949],[-122.55102,48.48151],[-122.52721,48.46035],[-122.51427,48.45319],[-122.5006,48.45043],[-122.48888,48.4549],[-122.48082,48.4641],[-122.48013,48.47028],[-122.48282,48.47651],[-122.48518,48.48627],[-122.48839,48.51293],[-122.49425,48.52936],[-122.50353,48.54365],[-122.51586,48.5576],[-122.55602,48.57661],[-122.56701,48.58535],[-122.54662,48.58869],[-122.52514,48.5832],[-122.48534,48.5598],[-122.46809,48.55451],[-122.44762,48.56216],[-122.4403,48.58071],[-122.44433,48.60326],[-122.45788,48.62344],[-122.46646,48.62873],[-122.47533,48.63125],[-122.48412,48.63475],[-122.49258,48.64326],[-122.49714,48.65355],[-122.50304,48.67963],[-122.50255,48.68488],[-122.52514,48.69229],[-122.52111,48.70905],[-122.49885,48.73949],[-122.50862,48.75568],[-122.52994,48.76862],[-122.55468,48.77733],[-122.57453,48.78046],[-122.59362,48.77412],[-122.60977,48.75861],[-122.63972,48.7224],[-122.65038,48.71817],[-122.66015,48.72256],[-122.66735,48.73188],[-122.67015,48.74291],[-122.6669,48.74811],[-122.6529,48.75829],[-122.64965,48.76366],[-122.65819,48.77733],[-122.67699,48.79344],[-122.69595,48.80077],[-122.7049,48.78791],[-122.70059,48.81216],[-122.70385,48.82738],[-122.71422,48.8382],[-122.75756,48.86424],[-122.76822,48.87401],[-122.77253,48.88654],[-122.76838,48.89741],[-122.75915,48.90595],[-122.74991,48.91254],[-122.74584,48.91767],[-122.75886,48.93594],[-122.80809,48.93452],[-122.81355,48.95181],[-122.80102,48.96231],[-122.7775,48.96479],[-122.73156,48.95922],[-122.74112,48.97679],[-122.753,48.9925],[-122.75951,49.00117],[-122.78181,49.01732],[-122.80358,49.01008],[-122.82323,49.00699],[-122.85302,49.01703],[-122.87605,49.03653],[-122.8756,49.05476],[-122.86535,49.07005],[-122.86775,49.08047],[-122.88174,49.08649],[-122.90661,49.08832],[-122.93004,49.08686],[-122.95128,49.08295],[-123.03283,49.0506],[-123.04857,49.03522],[-123.04406,49.01728],[-123.03205,48.99518],[-123.03531,48.9925],[-123.04528,48.98436],[-123.08849,48.97223],[-123.08934,48.98798],[-123.09048,48.9925],[-123.09374,49.00511],[-123.10049,49.02119],[-123.10831,49.03368],[-123.12462,49.04678],[-123.13878,49.05378],[-123.14297,49.06094],[-123.12946,49.07465],[-123.07567,49.10566],[-123.05427,49.12324],[-123.04068,49.15103],[-123.08113,49.12836],[-123.1234,49.11587],[-123.16714,49.11563],[-123.21198,49.12995],[-123.21198,49.1367],[-123.2001,49.14851],[-123.2047,49.18985],[-123.19831,49.20563],[-123.1798,49.20987],[-123.15697,49.20531],[-123.1376,49.1957],[-123.14338,49.20746],[-123.17536,49.2237],[-123.21101,49.23664],[-123.23591,49.24999],[-123.2469,49.27464],[-123.21825,49.2792],[-123.17528,49.2766],[-123.14306,49.2801],[-123.16194,49.29999],[-123.1549,49.30854],[-123.13854,49.30903],[-123.12946,49.30492],[-123.12336,49.29438],[-123.10863,49.28876],[-123.09044,49.28864],[-123.07421,49.29438],[-123.06737,49.28754],[-123.05655,49.29426],[-123.03942,49.29588],[-123.02098,49.2934],[-123.0065,49.28754],[-122.96085,49.28189],[-122.92195,49.29955],[-122.89249,49.33369],[-122.86266,49.40644],[-122.85774,49.42353],[-122.8557,49.4418],[-122.85985,49.44986],[-122.86905,49.45637],[-122.87829,49.45734],[-122.8824,49.44864],[-122.87963,49.41718],[-122.8824,49.40424],[-122.93814,49.32583],[-123.02066,49.30683],[-123.21198,49.34276],[-123.22842,49.34345],[-123.27001,49.33535],[-123.2766,49.35155],[-123.28356,49.36335],[-123.29394,49.3701],[-123.28384,49.38255],[-123.25646,49.39655],[-123.24547,49.41108],[-123.24108,49.42609],[-123.2401,49.44156],[-123.25219,49.51179],[-123.25113,49.52285],[-123.2401,49.555],[-123.22582,49.5847],[-123.21817,49.59602],[-123.22183,49.59691],[-123.22472,49.59699],[-123.22619,49.59854],[-123.22566,49.60346],[-123.21508,49.60993],[-123.2069,49.62157],[-123.20466,49.63581],[-123.21198,49.65005],[-123.16999,49.67499],[-123.15396,49.69294],[-123.17101,49.70527],[-123.18814,49.6916],[-123.20279,49.68228],[-123.21508,49.67797],[-123.22842,49.67487],[-123.23925,49.66743],[-123.24743,49.65827],[-123.25292,49.65005],[-123.24657,49.62556],[-123.24547,49.6131],[-123.24861,49.59781],[-123.25642,49.593],[-123.26659,49.59138],[-123.28726,49.58088],[-123.31583,49.58259],[-123.32803,49.58177],[-123.33568,49.57665],[-123.34899,49.56013],[-123.35534,49.55508],[-123.38061,49.55858],[-123.3966,49.5583],[-123.4038,49.55166],[-123.40974,49.54776],[-123.43822,49.53681],[-123.44815,49.53091],[-123.48949,49.51504],[-123.50267,49.50544],[-123.48571,49.4936],[-123.49132,49.47309],[-123.47321,49.43452],[-123.48229,49.41421],[-123.49987,49.39989],[-123.51618,49.39167],[-123.53356,49.38849],[-123.5546,49.38996],[-123.78112,49.46548],[-123.80671,49.47053],[-123.86522,49.47333],[-123.88557,49.47728],[-123.90343,49.48615],[-123.91039,49.4938],[-123.91421,49.50088],[-123.91954,49.50747],[-123.93078,49.51349],[-123.94628,49.51756],[-123.95572,49.51846],[-123.96377,49.52114],[-123.97545,49.53091],[-123.99315,49.55024],[-124.02697,49.60346],[-124.03429,49.61115],[-124.05313,49.62279],[-124.06111,49.63081],[-124.06607,49.64403],[-124.06798,49.66234],[-124.06383,49.67845],[-124.05114,49.68545],[-124.0443,49.69123],[-124.02921,49.72044],[-124.02013,49.73261],[-124.00609,49.74079],[-123.99006,49.74506],[-123.95494,49.74689],[-123.93928,49.7436],[-123.93212,49.73566],[-123.92789,49.72557],[-123.92081,49.71581],[-123.86925,49.67178],[-123.84065,49.63813],[-123.83511,49.63394],[-123.82726,49.5952],[-123.82836,49.58177],[-123.81973,49.56704],[-123.80508,49.52863],[-123.79418,49.51349],[-123.77709,49.50532],[-123.76716,49.51317],[-123.76032,49.52802],[-123.75259,49.54076],[-123.76342,49.55687],[-123.77164,49.57543],[-123.77229,49.59394],[-123.76008,49.60969],[-123.75097,49.61274],[-123.7185,49.61652],[-123.70889,49.62279],[-123.70181,49.62946],[-123.69367,49.63483],[-123.63801,49.6411],[-123.58975,49.65363],[-123.5502,49.67487],[-123.53352,49.70527],[-123.66446,49.65615],[-123.79454,49.64403],[-123.80785,49.64692],[-123.81208,49.66714],[-123.82323,49.68317],[-123.88362,49.73941],[-123.91836,49.75625],[-123.9276,49.76362],[-123.93371,49.78327],[-123.92268,49.79963],[-123.88976,49.8288],[-123.88183,49.84736],[-123.88048,49.86542],[-123.88362,49.90111],[-123.89061,49.92145],[-123.90754,49.93098],[-123.92781,49.93647],[-123.94498,49.94489],[-123.95788,49.96711],[-123.9536,49.98969],[-123.94308,50.0],[-123.99715,50.0],[-123.99962,49.99331],[-124.00007,49.97362],[-123.99625,49.95303],[-123.989,49.93378],[-123.97911,49.91816],[-123.9619,49.904],[-123.9261,49.88618],[-123.91088,49.86978],[-123.91788,49.8614],[-123.92992,49.83845],[-123.93822,49.8288],[-123.96345,49.81672],[-123.96548,49.81513],[-123.97069,49.81281],[-123.97399,49.8107],[-123.97818,49.80903],[-123.98595,49.8083],[-124.00113,49.81184],[-124.00853,49.82062],[-124.01329,49.84243],[-124.0135,49.84813],[-124.01171,49.8509],[-124.01065,49.85468],[-124.01329,49.86359],[-124.01708,49.86864],[-124.02912,49.87824],[-124.03441,49.88345],[-124.02562,49.89399],[-124.02042,49.90778],[-124.02302,49.91987],[-124.03746,49.92499],[-124.04524,49.91743],[-124.07478,49.86978],[-124.06408,49.86359],[-124.05272,49.85224],[-124.04817,49.84113],[-124.05769,49.83625],[-124.07299,49.83495],[-124.08495,49.83051],[-124.08922,49.82193],[-124.08161,49.8083],[-124.10216,49.79816],[-124.14782,49.78437],[-124.17097,49.78099],[-124.24966,49.78099],[-124.274,49.77416],[-124.26749,49.75165],[-124.28303,49.74657],[-124.30427,49.75267],[-124.32722,49.77436],[-124.35505,49.77448],[-124.40372,49.76732],[-124.43029,49.77155],[-124.47761,49.79035],[-124.51325,49.79751],[-124.52082,49.80484],[-124.52554,49.81485],[-124.52847,49.83771],[-124.53222,49.84439],[-124.58312,49.88247],[-124.60554,49.89326],[-124.62686,49.89765],[-124.63492,49.902],[-124.64973,49.92072],[-124.661,49.92499],[-124.67544,49.92715],[-124.73217,49.95429],[-124.76439,49.97736],[-124.78521,50.0],[-124.70765,50.0],[-124.70377,49.99689],[-124.68488,49.98648],[-124.69115,50.0],[-116.0,50.0]]],[[[-123.72126,49.16079],[-123.70442,49.15599],[-123.69701,49.14769],[-123.69709,49.13711],[-123.70568,49.13288],[-123.71174,49.13386],[-123.71813,49.1332],[-123.73233,49.13032],[-123.7495,49.12885],[-123.77668,49.13329],[-123.84284,49.15103],[-123.86197,49.16356],[-123.86742,49.17438],[-123.86608,49.17943],[-123.86803,49.18334],[-123.87047,49.18549],[-123.86978,49.1905],[-123.86343,49.19627],[-123.83385,49.20116],[-123.82396,49.19868],[-123.81786,49.19062],[-123.80932,49.18415],[-123.76863,49.16901],[-123.72126,49.16079]]],[[[-124.23217,49.49934],[-124.17174,49.46426],[-124.1717,49.45474],[-124.18619,49.44701],[-124.23241,49.45856],[-124.24816,49.45844],[-124.25788,49.45612],[-124.26846,49.45551],[-124.29703,49.45791],[-124.31794,49.46296],[-124.35228,49.47492],[-124.36107,49.48005],[-124.35774,49.48355],[-124.3557,49.49038],[-124.36522,49.49726],[-124.37654,49.49994],[-124.37906,49.50727],[-124.37365,49.51529],[-124.3649,49.52106],[-124.3546,49.52241],[-124.32917,49.51284],[-124.32311,49.51203],[-124.29589,49.51244],[-124.2836,49.51048],[-124.26895,49.50629],[-124.25133,49.5043],[-124.23217,49.49934]]],[[[-124.70873,49.49702],[-124.69416,49.49063],[-124.69083,49.48286],[-124.70202,49.47948],[-124.70963,49.47997],[-124.72224,49.48188],[-124.74641,49.48847],[-124.82543,49.54011],[-124.83853,49.55659],[-124.84016,49.57758],[-124.83605,49.59772],[-124.82722,49.60297],[-124.80333,49.58495],[-124.79247,49.57974],[-124.71646,49.4995],[-124.70873,49.49702]]],[[[-124.10949,49.67797],[-124.13638,49.65656],[-124.16369,49.65982],[-124.18773,49.67894],[-124.20507,49.70527],[-124.14562,49.74755],[-124.13317,49.75385],[-124.11913,49.75483],[-124.10265,49.74689],[-124.10123,49.76044],[-124.09813,49.767],[-124.09024,49.77033],[-124.04748,49.77924],[-124.02013,49.78099],[-124.01964,49.77627],[-124.02123,49.77509],[-124.024,49.77529],[-124.02697,49.77416],[-124.07453,49.74136],[-124.08161,49.72944],[-124.08576,49.72407],[-124.10949,49.67797]]],[[[-122.35936,47.97663],[-122.35066,47.96092],[-122.34679,47.95059],[-122.34948,47.94595],[-122.35521,47.94196],[-122.37365,47.91918],[-122.37849,47.9147],[-122.38191,47.90778],[-122.38671,47.90493],[-122.39297,47.9051],[-122.39468,47.91035],[-122.39582,47.91649],[-122.40038,47.91918],[-122.42227,47.91234],[-122.43541,47.91047],[-122.44131,47.91547],[-122.44335,47.93692],[-122.4497,47.95946],[-122.46052,47.97785],[-122.47606,47.98688],[-122.48852,47.98509],[-122.50707,47.97085],[-122.51769,47.9663],[-122.53034,47.96735],[-122.53921,47.97215],[-122.54809,47.97997],[-122.562,47.98737],[-122.58019,48.00487],[-122.59333,48.02538],[-122.59215,48.04206],[-122.60977,48.06049],[-122.61486,48.0749],[-122.60017,48.13011],[-122.60725,48.15375],[-122.62296,48.16332],[-122.6444,48.16144],[-122.66845,48.15058],[-122.69323,48.18024],[-122.69978,48.18476],[-122.71011,48.18708],[-122.72354,48.19269],[-122.73615,48.19965],[-122.74413,48.20588],[-122.75573,48.22964],[-122.75121,48.24994],[-122.66845,48.36286],[-122.65657,48.38508],[-122.63085,48.38467],[-122.61669,48.38959],[-122.60546,48.39842],[-122.59577,48.40192],[-122.5865,48.39082],[-122.58458,48.38337],[-122.58288,48.38032],[-122.57901,48.37714],[-122.57771,48.35668],[-122.51598,48.32197],[-122.51757,48.29401],[-122.53087,48.28384],[-122.54638,48.2814],[-122.56212,48.2862],[-122.57592,48.29767],[-122.59398,48.30793],[-122.609,48.29914],[-122.62035,48.28193],[-122.62743,48.26728],[-122.64127,48.28799],[-122.6468,48.28083],[-122.64855,48.26264],[-122.65136,48.24994],[-122.66592,48.24217],[-122.7237,48.23379],[-122.71007,48.22142],[-122.69612,48.22016],[-122.66503,48.22639],[-122.65193,48.22407],[-122.62833,48.2143],[-122.61693,48.21206],[-122.59553,48.20539],[-122.58064,48.18846],[-122.57103,48.16625],[-122.55867,48.12132],[-122.5546,48.06607],[-122.54662,48.01703],[-122.53551,48.00593],[-122.52204,48.01195],[-122.51024,48.03522],[-122.52286,48.05707],[-122.52404,48.07941],[-122.51403,48.09077],[-122.49315,48.07966],[-122.47696,48.06525],[-122.46003,48.05345],[-122.38109,48.01582],[-122.36555,47.99966],[-122.35936,47.97663]]],[[[-123.02017,48.49934],[-123.01684,48.49665],[-122.99913,48.4726],[-122.99132,48.46768],[-122.9829,48.46361],[-122.96496,48.45832],[-122.96496,48.45148],[-122.97932,48.45637],[-122.99039,48.45588],[-123.00162,48.45311],[-123.01647,48.45148],[-123.03002,48.4538],[-123.03844,48.45942],[-123.04528,48.46638],[-123.0537,48.4726],[-123.06542,48.4785],[-123.07038,48.48013],[-123.09162,48.47883],[-123.10265,48.48029],[-123.11636,48.4842],[-123.12971,48.48973],[-123.13931,48.49584],[-123.14916,48.5056],[-123.15445,48.51313],[-123.16657,48.54352],[-123.17394,48.57343],[-123.17414,48.57844],[-123.17756,48.59882],[-123.15844,48.61457],[-123.12914,48.62006],[-123.10212,48.60912],[-123.09382,48.5976],[-123.07665,48.58405],[-123.05777,48.5729],[-123.02465,48.56281],[-123.0043,48.53945],[-122.97765,48.53132],[-122.97997,48.52513],[-122.99226,48.51358],[-123.00235,48.50918],[-123.01057,48.51162],[-123.01659,48.51142],[-123.02017,48.49934]]],[[[-122.74584,48.66437],[-122.75088,48.65473],[-122.75723,48.65005],[-122.80044,48.62962],[-122.80451,48.62373],[-122.80541,48.61689],[-122.80895,48.61127],[-122.82095,48.60912],[-122.83113,48.6127],[-122.84138,48.62092],[-122.86588,48.6496],[-122.87987,48.67719],[-122.8824,48.68797],[-122.88679,48.69627],[-122.89635,48.69977],[-122.90591,48.69733],[-122.91031,48.68797],[-122.90876,48.67695],[-122.90612,48.67109],[-122.90563,48.66608],[-122.91031,48.65754],[-122.86193,48.60171],[-122.87438,48.59374],[-122.88752,48.58999],[-122.91714,48.58869],[-122.93334,48.59276],[-122.9414,48.60261],[-122.94587,48.61408],[-122.95128,48.62344],[-122.96841,48.63459],[-122.98009,48.63862],[-122.98546,48.63304],[-122.98624,48.61933],[-122.98961,48.60464],[-122.99706,48.59715],[-123.00963,48.60541],[-123.02221,48.61839],[-123.02652,48.62653],[-123.02636,48.63646],[-123.0209,48.64248],[-122.99714,48.66059],[-122.98884,48.66437],[-122.97777,48.66779],[-122.92931,48.70844],[-122.91796,48.71141],[-122.89664,48.71214],[-122.85782,48.70869],[-122.74584,48.66437]]],[[[-123.36901,48.77424],[-123.38231,48.75617],[-123.40758,48.75406],[-123.4584,48.7674],[-123.45149,48.75947],[-123.42854,48.73835],[-123.42764,48.72956],[-123.44042,48.72211],[-123.46101,48.7154],[-123.48209,48.71223],[-123.49625,48.71556],[-123.50886,48.72407],[-123.52042,48.72866],[-123.53112,48.73436],[-123.54092,48.74632],[-123.54638,48.75727],[-123.54971,48.77074],[-123.54678,48.78392],[-123.53352,48.79413],[-123.53352,48.80097],[-123.55338,48.81468],[-123.56981,48.83242],[-123.57152,48.84976],[-123.54719,48.86237],[-123.57193,48.8815],[-123.58666,48.89802],[-123.59374,48.91909],[-123.59557,48.95181],[-123.59008,48.94741],[-123.5865,48.94257],[-123.5819,48.9313],[-123.50308,48.89167],[-123.43106,48.84195],[-123.44518,48.8417],[-123.45881,48.84492],[-123.47134,48.85106],[-123.48229,48.85932],[-123.48864,48.86229],[-123.49454,48.86099],[-123.49877,48.85627],[-123.49999,48.84935],[-123.496,48.84553],[-123.47204,48.82827],[-123.36901,48.77424]]],[[[-123.45157,49.44522],[-123.44913,49.45869],[-123.45446,49.46931],[-123.45665,49.47822],[-123.44473,49.48615],[-123.44473,49.4936],[-123.45263,49.50812],[-123.43969,49.52131],[-123.41812,49.53091],[-123.39167,49.53632],[-123.3824,49.53974],[-123.37255,49.54206],[-123.36217,49.54076],[-123.35676,49.5349],[-123.34236,49.50666],[-123.3225,49.48607],[-123.3238,49.46186],[-123.34268,49.44294],[-123.37584,49.43838],[-123.36742,49.45384],[-123.37462,49.46353],[-123.38939,49.46743],[-123.4038,49.46572],[-123.41519,49.45869],[-123.42321,49.45124],[-123.43342,49.44599],[-123.45157,49.44522]]],[[[-124.66442,49.74689],[-124.6564,49.75422],[-124.65172,49.76154],[-124.65168,49.76826],[-124.65758,49.77416],[-124.65758,49.78099],[-124.65429,49.78799],[-124.65469,49.7923],[-124.65758,49.8015],[-124.64513,49.80231],[-124.63264,49.80166],[-124.62051,49.7993],[-124.6092,49.79462],[-124.59704,49.78563],[-124.57604,49.76195],[-124.562,49.75373],[-124.52107,49.74689],[-124.48778,49.7342],[-124.39127,49.72004],[-124.34789,49.70417],[-124.32921,49.68171],[-124.32274,49.6708],[-124.2941,49.64989],[-124.28767,49.64045],[-124.28246,49.62783],[-124.26977,49.61587],[-124.17321,49.55414],[-124.14403,49.52961],[-124.12316,49.49982],[-124.14342,49.48933],[-124.16226,49.496],[-124.19762,49.52094],[-124.37841,49.60285],[-124.43883,49.61188],[-124.44172,49.61726],[-124.43871,49.62409],[-124.43908,49.63081],[-124.46207,49.65375],[-124.47175,49.6695],[-124.47256,49.67178],[-124.47875,49.67316],[-124.48526,49.67292],[-124.49307,49.67178],[-124.51708,49.68342],[-124.51732,49.68545],[-124.53405,49.68964],[-124.57213,49.70844],[-124.61441,49.7165],[-124.63321,49.72574],[-124.66442,49.74689]]],[[[-126.65868,49.78783],[-126.64908,49.77318],[-126.64257,49.75873],[-126.63878,49.74079],[-126.63394,49.69233],[-126.61921,49.65278],[-126.61767,49.63081],[-126.63882,49.59504],[-126.67943,49.59178],[-126.80675,49.62739],[-126.82213,49.6363],[-126.8402,49.65375],[-126.85611,49.66568],[-126.91251,49.69164],[-126.97399,49.73599],[-126.97057,49.75471],[-126.96154,49.75853],[-126.94848,49.75202],[-126.93301,49.73941],[-126.92736,49.74999],[-126.91934,49.75894],[-126.90876,49.76508],[-126.88024,49.76899],[-126.86408,49.77334],[-126.8557,49.77985],[-126.86413,49.78783],[-126.87385,49.78889],[-126.88345,49.78608],[-126.89196,49.78242],[-126.89826,49.78099],[-126.90575,49.78376],[-126.91885,49.79271],[-126.92248,49.79462],[-126.93,49.79682],[-126.94396,49.80622],[-126.95348,49.8083],[-126.96227,49.80899],[-126.98705,49.81513],[-126.9781,49.82856],[-126.96959,49.83348],[-126.94665,49.83625],[-126.86417,49.85545],[-126.80093,49.88076],[-126.76854,49.88345],[-126.75817,49.87067],[-126.74218,49.85639],[-126.72289,49.8498],[-126.70275,49.86017],[-126.6905,49.85712],[-126.67756,49.83369],[-126.65868,49.78783]]],[[[-123.974,46.49293],[-123.97121,46.48478],[-123.96389,46.48012],[-123.94818,46.46419],[-123.94712,46.44868],[-123.94553,46.41765],[-123.96412,46.40679],[-123.97472,46.44018],[-123.99776,46.4534],[-123.99095,46.47317],[-123.99035,46.48829],[-123.98111,46.49746],[-123.974,46.49293]]],[[[-122.72932,48.09675],[-122.7189,48.10224],[-122.70922,48.10224],[-122.70116,48.0976],[-122.68688,48.07323],[-122.67711,48.04865],[-122.67321,48.02375],[-122.68151,48.00727],[-122.70019,48.00776],[-122.7176,48.02302],[-122.73078,48.04243],[-122.73672,48.05573],[-122.74088,48.07437],[-122.73892,48.08251],[-122.72932,48.08299],[-122.72301,48.07624],[-122.72033,48.05476],[-122.7163,48.04828],[-122.70198,48.04922],[-122.70165,48.0644],[-122.71198,48.08364],[-122.72932,48.09675]]],[[[-122.69371,48.58592],[-122.67846,48.5729],[-122.67455,48.56879],[-122.67927,48.56452],[-122.6859,48.55695],[-122.68806,48.54702],[-122.69408,48.54352],[-122.70303,48.5419],[-122.71434,48.54194],[-122.72289,48.54816],[-122.73705,48.57713],[-122.73542,48.5904],[-122.7268,48.60151],[-122.71548,48.60602],[-122.70287,48.60041],[-122.6964,48.59227],[-122.69371,48.58592]]],[[[-123.28694,48.6127],[-123.28311,48.61127],[-123.28034,48.6013],[-123.28795,48.59125],[-123.30289,48.59699],[-123.31265,48.60847],[-123.32535,48.61933],[-123.33666,48.63109],[-123.338,48.63422],[-123.33267,48.62954],[-123.33194,48.63443],[-123.33861,48.64647],[-123.33747,48.64842],[-123.32681,48.64004],[-123.31696,48.62897],[-123.30529,48.6188],[-123.29459,48.61457],[-123.28694,48.6127]]],[[[-122.62141,48.66852],[-122.61535,48.65864],[-122.61315,48.64842],[-122.62047,48.64594],[-122.63362,48.65168],[-122.65514,48.66474],[-122.66222,48.67032],[-122.67943,48.68818],[-122.70311,48.70791],[-122.71654,48.71524],[-122.72029,48.72492],[-122.71516,48.73908],[-122.69848,48.73469],[-122.67138,48.70482],[-122.66234,48.6977],[-122.64737,48.69074],[-122.63516,48.6833],[-122.62841,48.67707],[-122.62141,48.66852]]],[[[-125.94994,49.20075],[-125.94498,49.19782],[-125.93733,49.19074],[-125.93814,49.18488],[-125.94571,49.18358],[-125.95409,49.1813],[-125.96028,49.17211],[-125.96198,49.15266],[-125.9689,49.14875],[-125.97936,49.14973],[-126.01171,49.15913],[-126.01635,49.16918],[-126.0183,49.18146],[-126.03018,49.19033],[-126.03502,49.20181],[-126.02432,49.21198],[-126.00646,49.21406],[-125.98502,49.21101],[-125.96133,49.2049],[-125.94994,49.20075]]],[[[-126.08332,49.31489],[-126.07632,49.30362],[-126.0714,49.29047],[-126.06371,49.27757],[-126.04849,49.26703],[-126.06941,49.25552],[-126.08959,49.25434],[-126.13573,49.26472],[-126.15832,49.27359],[-126.19254,49.27228],[-126.22354,49.27709],[-126.24035,49.30183],[-126.22741,49.30781],[-126.22981,49.32022],[-126.23404,49.33173],[-126.24035,49.34276],[-126.23131,49.35733],[-126.2329,49.3664],[-126.23144,49.37861],[-126.22671,49.38251],[-126.20617,49.38373],[-126.15022,49.39623],[-126.1317,49.3968],[-126.10802,49.3841],[-126.08625,49.3631],[-126.0751,49.33853],[-126.08332,49.31489]]],[[[-123.33068,49.37287],[-123.33658,49.36457],[-123.34411,49.35578],[-123.35936,49.34292],[-123.37588,49.3371],[-123.38475,49.33552],[-123.416,49.33723],[-123.42618,49.34007],[-123.42943,49.34675],[-123.42699,49.35541],[-123.42577,49.3675],[-123.41812,49.38093],[-123.38467,49.40404],[-123.3697,49.41136],[-123.34996,49.41755],[-123.32632,49.42048],[-123.31517,49.4134],[-123.3192,49.39932],[-123.32543,49.38963],[-123.33015,49.38418],[-123.33015,49.38154],[-123.32657,49.3815],[-123.33068,49.37287]]],[[[-124.60741,49.53091],[-124.60041,49.52757],[-124.59415,49.52163],[-124.60485,49.52094],[-124.6245,49.52342],[-124.63561,49.5174],[-124.64273,49.5043],[-124.65323,49.496],[-124.66291,49.49433],[-124.67178,49.49722],[-124.69127,49.50935],[-124.70377,49.52119],[-124.7025,49.53766],[-124.68375,49.54926],[-124.65514,49.54711],[-124.60741,49.53091]]],[[[-127.24996,50.0],[-127.25105,49.99958],[-127.27233,49.97797],[-127.28502,49.97858],[-127.29597,49.98737],[-127.30801,49.99185],[-127.31859,49.99958],[-127.31862,50.0],[-127.24996,50.0]]],[[[-122.70539,47.18195],[-122.68554,47.18061],[-122.67561,47.17634],[-122.67138,47.16498],[-122.67276,47.1551],[-122.67707,47.13955],[-122.68977,47.12958],[-122.70108,47.12397],[-122.70678,47.12397],[-122.71524,47.12816],[-122.72374,47.13239],[-122.7379,47.14232],[-122.74218,47.14374],[-122.74641,47.15371],[-122.7379,47.1579],[-122.7294,47.16218],[-122.72374,47.17207],[-122.71809,47.18061],[-122.70539,47.18195]]],[[[-123.28722,48.81281],[-123.26598,48.80004],[-123.25182,48.79019],[-123.24901,48.77741],[-123.2504,48.7661],[-123.24047,48.76187],[-123.21923,48.76187],[-123.20226,48.75898],[-123.1881,48.75617],[-123.18244,48.74348],[-123.18668,48.7364],[-123.19945,48.73212],[-123.22492,48.73493],[-123.24047,48.7364],[-123.25748,48.7392],[-123.28295,48.7519],[-123.29149,48.75617],[-123.307,48.76463],[-123.31127,48.77172],[-123.31127,48.78876],[-123.31127,48.79727],[-123.32262,48.80573],[-123.32262,48.81281],[-123.31265,48.81708],[-123.29857,48.81562],[-123.28722,48.81281]]],[[[-123.08902,48.76752],[-123.10171,48.76187],[-123.12019,48.76463],[-123.13711,48.76463],[-123.15836,48.76325],[-123.17113,48.76895],[-123.18529,48.7746],[-123.20368,48.78449],[-123.20368,48.79438],[-123.20368,48.80146],[-123.20368,48.80854],[-123.20792,48.81562],[-123.21642,48.81989],[-123.22208,48.8227],[-123.2235,48.83267],[-123.20368,48.82978],[-123.1796,48.81562],[-123.14143,48.80146],[-123.09044,48.79865],[-123.05362,48.79584],[-123.04377,48.78876],[-123.04231,48.78449],[-123.05362,48.78311],[-123.07063,48.7788],[-123.07771,48.77603],[-123.08902,48.76752]]],[[[-116.11441,30.49622],[-116.10961,30.49535],[-116.10424,30.48808],[-116.10417,30.48259],[-116.11476,30.48203],[-116.12277,30.48517],[-116.12284,30.49157],[-116.11441,30.49622]]],[[[-117.25369,32.4208],[-117.24764,32.41863],[-117.24503,32.41463],[-117.24197,32.40443],[-117.23935,32.39714],[-117.23932,32.38912],[-117.24321,32.38874],[-117.2467,32.40004],[-117.24803,32.40733],[-117.25106,32.41096],[-117.25369,32.4208]]],[[[-118.23468,33.76315],[-118.22658,33.76545],[-118.22392,33.75607],[-118.24388,33.75084],[-118.23635,33.72805],[-118.25013,33.72362],[-118.24557,33.71488],[-118.25763,33.71655],[-118.26133,33.725],[-118.25913,33.72941],[-118.24432,33.73429],[-118.24899,33.74943],[-118.25385,33.74622],[-118.25111,33.73627],[-118.26056,33.73345],[-118.26861,33.72893],[-118.27086,33.73964],[-118.26751,33.74703],[-118.25499,33.75808],[-118.25032,33.75756],[-118.24555,33.75968],[-118.23468,33.76315]]],[[[-123.41709,46.20484],[-123.40504,46.20093],[-123.38837,46.19037],[-123.36621,46.1792],[-123.34886,46.16641],[-123.32433,46.15466],[-123.31566,46.14854],[-123.33798,46.14759],[-123.35786,46.15049],[-123.3769,46.15613],[-123.39664,46.16893],[-123.41105,46.17508],[-123.42057,46.18559],[-123.42296,46.18781],[-123.41709,46.20484]]],[[[-123.48075,46.25594],[-123.47119,46.25479],[-123.46013,46.24756],[-123.44433,46.2359],[-123.43668,46.2204],[-123.44084,46.21325],[-123.45266,46.21829],[-123.46844,46.225],[-123.47781,46.23609],[-123.48242,46.24934],[-123.48075,46.25594]]],[[[-125.86163,49.23739],[-125.83072,49.2371],[-125.797,49.22704],[-125.78602,49.20925],[-125.79255,49.181],[-125.80135,49.14389],[-125.84173,49.13378],[-125.8799,49.14605],[-125.88023,49.16105],[-125.88756,49.1731],[-125.91499,49.1763],[-125.92341,49.19698],[-125.9149,49.21329],[-125.90107,49.22552],[-125.86163,49.23739]]],[[[-118.35877,32.82783],[-118.35094,32.81867],[-118.3636,32.81684],[-118.38418,32.82439],[-118.40148,32.81999],[-118.40416,32.8124],[-118.41137,32.8098],[-118.42501,32.80242],[-118.42904,32.80287],[-118.43837,32.81692],[-118.44992,32.81882],[-118.47426,32.83812],[-118.4899,32.8449],[-118.49915,32.85063],[-118.50677,32.86525],[-118.50859,32.87647],[-118.52015,32.88547],[-118.53123,32.90341],[-118.53759,32.90575],[-118.54692,32.91875],[-118.54819,32.93719],[-118.5517,32.94541],[-118.55869,32.95311],[-118.57555,32.969],[-118.5799,32.98778],[-118.58675,33.00333],[-118.59376,33.01395],[-118.60824,33.01438],[-118.60721,33.03086],[-118.59569,33.03528],[-118.58986,33.02997],[-118.57716,33.03246],[-118.56437,33.02376],[-118.56547,33.01841],[-118.56018,33.00633],[-118.54979,33.00158],[-118.54505,32.98561],[-118.51602,32.95816],[-118.50442,32.94133],[-118.48356,32.9216],[-118.46674,32.91482],[-118.45066,32.89762],[-118.40711,32.86426],[-118.38198,32.84766],[-118.35877,32.82783]]],[[[-119.4886,33.26719],[-119.48253,33.2636],[-119.4622,33.25655],[-119.44339,33.24217],[-119.43446,33.23132],[-119.43434,33.22401],[-119.43918,33.21984],[-119.44681,33.2193],[-119.45658,33.21598],[-119.46859,33.21629],[-119.47294,33.21532],[-119.48718,33.21789],[-119.49102,33.21875],[-119.49537,33.21733],[-119.50252,33.22089],[-119.5151,33.2221],[-119.52338,33.22793],[-119.54419,33.23132],[-119.56691,33.24747],[-119.567,33.2525],[-119.57422,33.2588],[-119.5727,33.26476],[-119.57893,33.2761],[-119.57789,33.27931],[-119.56245,33.27174],[-119.55058,33.28012],[-119.54289,33.28018],[-119.5321,33.28628],[-119.51334,33.27646],[-119.49785,33.26613],[-119.4886,33.26719]]],[[[-118.51565,33.42301],[-118.52079,33.42751],[-118.53067,33.42858],[-118.53508,33.42931],[-118.54299,33.43292],[-118.55089,33.43325],[-118.55923,33.43285],[-118.56674,33.43686],[-118.57285,33.43791],[-118.57373,33.44046],[-118.57412,33.44661],[-118.57905,33.44848],[-118.58438,33.45286],[-118.58961,33.4601],[-118.59588,33.46671],[-118.60212,33.47147],[-118.60391,33.47659],[-118.59687,33.47697],[-118.58678,33.47557],[-118.578,33.47635],[-118.56963,33.47454],[-118.56344,33.47343],[-118.54594,33.47503],[-118.54067,33.47578],[-118.53586,33.47728],[-118.5301,33.46998],[-118.52438,33.46672],[-118.51775,33.45978],[-118.50806,33.45468],[-118.49971,33.45181],[-118.49968,33.44815],[-118.49877,33.44267],[-118.49306,33.44159],[-118.49044,33.44342],[-118.48564,33.44488],[-118.48433,33.44709],[-118.4769,33.44745],[-118.4725,33.44196],[-118.46808,33.44241],[-118.46282,33.43984],[-118.45754,33.43511],[-118.45005,33.43186],[-118.44479,33.42858],[-118.43731,33.42936],[-118.43385,33.42715],[-118.42944,33.42828],[-118.42112,33.42795],[-118.39445,33.41596],[-118.3891,33.41746],[-118.3826,33.41053],[-118.37937,33.41018],[-118.37403,33.41021],[-118.36921,33.40839],[-118.3683,33.4051],[-118.36691,33.39888],[-118.36958,33.39485],[-118.36829,33.389],[-118.36338,33.38828],[-118.35513,33.37735],[-118.34363,33.36676],[-118.33176,33.35911],[-118.32651,33.3489],[-118.32634,33.34461],[-118.32277,33.34313],[-118.31726,33.34343],[-118.30867,33.33642],[-118.30434,33.31927],[-118.30785,33.31872],[-118.31058,33.31423],[-118.30434,33.30904],[-118.31213,33.30554],[-118.31471,33.30163],[-118.32604,33.29863],[-118.34602,33.30523],[-118.35495,33.31294],[-118.364,33.31505],[-118.3748,33.31951],[-118.3961,33.3201],[-118.41047,33.32037],[-118.42266,33.31663],[-118.44384,33.31883],[-118.46359,33.32351],[-118.47277,33.33294],[-118.48424,33.34607],[-118.48958,33.3585],[-118.4844,33.36841],[-118.48616,33.37243],[-118.48007,33.38014],[-118.47487,33.38237],[-118.47932,33.38675],[-118.48723,33.40281],[-118.48452,33.40538],[-118.48715,33.4083],[-118.48635,33.41597],[-118.49074,33.41963],[-118.49776,33.42143],[-118.50391,33.42323],[-118.5105,33.42394],[-118.51565,33.42301]]],[[[-120.04414,34.03727],[-120.04233,34.02808],[-120.04994,34.01561],[-120.047,34.00381],[-120.03397,33.98958],[-120.00834,33.97903],[-119.98041,33.98347],[-119.97878,33.95937],[-119.97069,33.95293],[-119.96883,33.94112],[-119.99963,33.94148],[-120.01895,33.93415],[-120.04969,33.91478],[-120.07129,33.91179],[-120.08063,33.90636],[-120.1013,33.90689],[-120.10901,33.89974],[-120.10989,33.89314],[-120.12421,33.89509],[-120.1334,33.90282],[-120.15264,33.91169],[-120.17561,33.92223],[-120.18447,33.93742],[-120.18943,33.9448],[-120.19808,33.9521],[-120.21024,33.97249],[-120.21936,33.97672],[-120.22549,33.98846],[-120.23718,33.99171],[-120.24852,34.00113],[-120.23656,34.0088],[-120.21762,34.01054],[-120.20105,34.0047],[-120.18582,34.00892],[-120.17096,34.00741],[-120.15849,34.01595],[-120.14548,34.0245],[-120.1361,34.02473],[-120.09667,34.01786],[-120.07248,34.0249],[-120.05787,34.03778],[-120.04414,34.03727]]],[[[-120.34458,34.04649],[-120.33577,34.0487],[-120.3303,34.04718],[-120.31833,34.04006],[-120.31131,34.03448],[-120.30656,34.0264],[-120.3083,34.0182],[-120.32961,34.01863],[-120.35123,34.01902],[-120.36044,34.01476],[-120.37382,34.01776],[-120.38238,34.02413],[-120.39277,34.02597],[-120.40623,34.03142],[-120.41519,34.03247],[-120.42377,34.02495],[-120.4382,34.02956],[-120.44609,34.03022],[-120.4492,34.03587],[-120.43797,34.03854],[-120.41527,34.0545],[-120.40341,34.05146],[-120.39404,34.05329],[-120.38001,34.0609],[-120.36898,34.07131],[-120.36907,34.07623],[-120.36221,34.07168],[-120.35897,34.06497],[-120.35626,34.05851],[-120.36069,34.0531],[-120.35602,34.04708],[-120.34458,34.04649]]],[[[-119.52943,34.02525],[-119.54267,34.02016],[-119.54453,34.01362],[-119.54783,34.00385],[-119.55952,33.99431],[-119.58033,33.99359],[-119.5895,33.98901],[-119.62482,33.98732],[-119.64546,33.98621],[-119.65768,33.98606],[-119.66705,33.98305],[-119.67328,33.9781],[-119.68212,33.97633],[-119.68494,33.97387],[-119.70017,33.96874],[-119.70648,33.96867],[-119.71269,33.96167],[-119.71951,33.95913],[-119.74221,33.96245],[-119.75347,33.9623],[-119.75924,33.95734],[-119.77205,33.9596],[-119.78825,33.95976],[-119.80157,33.96321],[-119.81721,33.95934],[-119.8252,33.96653],[-119.8405,33.96957],[-119.85077,33.96738],[-119.86671,33.97893],[-119.87411,33.98005],[-119.88126,33.99135],[-119.88437,34.00184],[-119.88707,34.00878],[-119.87708,34.02439],[-119.87722,34.03248],[-119.88625,34.03811],[-119.89918,34.0496],[-119.91356,34.05589],[-119.91912,34.05754],[-119.92155,34.05468],[-119.92847,34.0558],[-119.93302,34.06023],[-119.92429,34.06686],[-119.92102,34.07345],[-119.91723,34.07882],[-119.90463,34.0743],[-119.88704,34.0743],[-119.85641,34.07055],[-119.83516,34.06359],[-119.82437,34.05508],[-119.807,34.05195],[-119.78774,34.05619],[-119.77785,34.05586],[-119.75926,34.05581],[-119.75283,34.05228],[-119.74429,34.05215],[-119.737,34.04643],[-119.73215,34.04856],[-119.71184,34.04225],[-119.7038,34.03456],[-119.69238,34.02822],[-119.68536,34.01987],[-119.67702,34.02075],[-119.66664,34.01676],[-119.6544,34.01908],[-119.63318,34.01364],[-119.61564,34.01954],[-119.60793,34.02947],[-119.61008,34.03965],[-119.58864,34.04971],[-119.57541,34.05068],[-119.56493,34.05533],[-119.53252,34.04142],[-119.52149,34.03429],[-119.52943,34.02525]]],[[[-122.43513,47.42573],[-122.42243,47.40884],[-122.40616,47.40034],[-122.38736,47.39399],[-122.36681,47.38353],[-122.37434,47.38325],[-122.41779,47.3708],[-122.44953,47.34772],[-122.46923,47.33637],[-122.47472,47.34956],[-122.47379,47.36286],[-122.46638,47.3732],[-122.45222,47.37735],[-122.44225,47.38251],[-122.43985,47.39281],[-122.4464,47.40058],[-122.46304,47.39777],[-122.45564,47.39102],[-122.47525,47.38447],[-122.48542,47.37983],[-122.48973,47.37393],[-122.49022,47.35383],[-122.49218,47.34418],[-122.49657,47.33637],[-122.50341,47.33153],[-122.51049,47.3321],[-122.5183,47.33731],[-122.52725,47.34626],[-122.53148,47.35692],[-122.52758,47.36644],[-122.52107,47.37442],[-122.51769,47.38044],[-122.51024,47.4558],[-122.50398,47.46748],[-122.489,47.48265],[-122.47102,47.4958],[-122.45564,47.50088],[-122.46207,47.48676],[-122.45763,47.48017],[-122.4486,47.47541],[-122.44131,47.46674],[-122.43912,47.45624],[-122.43806,47.43586],[-122.43513,47.42573]]],[[[-122.49694,47.60712],[-122.49511,47.60155],[-122.49328,47.59422],[-122.48864,47.58959],[-122.48038,47.58686],[-122.48864,47.58137],[-122.49877,47.57123],[-122.52086,47.57396],[-122.54235,47.59553],[-122.55761,47.59789],[-122.57055,47.5961],[-122.57787,47.60155],[-122.56957,47.61811],[-122.5677,47.62958],[-122.57461,47.63788],[-122.57925,47.64867],[-122.58047,47.66299],[-122.57893,47.66938],[-122.56188,47.68561],[-122.55801,47.69575],[-122.55895,47.70596],[-122.55777,47.71381],[-122.54792,47.71699],[-122.53771,47.71479],[-122.52652,47.7093],[-122.51684,47.70238],[-122.51098,47.69587],[-122.50585,47.66327],[-122.49962,47.64867],[-122.48986,47.64126],[-122.49804,47.63361],[-122.50329,47.63003],[-122.51098,47.62759],[-122.50015,47.61929],[-122.5006,47.61172],[-122.49694,47.60712]]],[[[-122.86193,48.48933],[-122.85847,48.47285],[-122.84936,48.46162],[-122.83629,48.45995],[-122.82095,48.4726],[-122.80834,48.4582],[-122.80614,48.44204],[-122.8131,48.42731],[-122.82775,48.41739],[-122.88988,48.42414],[-122.88345,48.44147],[-122.89867,48.4479],[-122.92138,48.45099],[-122.93761,48.45832],[-122.94254,48.47577],[-122.937,48.49323],[-122.92488,48.50715],[-122.91031,48.51358],[-122.91625,48.52387],[-122.91698,48.53364],[-122.91246,48.54173],[-122.91031,48.54707],[-122.88707,48.56367],[-122.87702,48.56586],[-122.86075,48.53962],[-122.85904,48.52131],[-122.86193,48.48933]]],[[[-123.65392,49.03368],[-123.65884,49.0412],[-123.69799,49.0821],[-123.70275,49.09992],[-123.69725,49.10932],[-123.687,49.10855],[-123.65856,49.0727],[-123.57038,48.99177],[-123.54674,48.97622],[-123.47191,48.93814],[-123.45714,48.93325],[-123.42878,48.92967],[-123.39094,48.92015],[-123.36596,48.90713],[-123.33446,48.90298],[-123.32185,48.89655],[-123.31444,48.88231],[-123.31713,48.86982],[-123.32738,48.86396],[-123.34236,48.86982],[-123.36929,48.86188],[-123.39452,48.87238],[-123.43733,48.904],[-123.53075,48.94196],[-123.63292,49.02436],[-123.65392,49.03368]]],[[[-122.86815,47.2683],[-122.86815,47.25556],[-122.86954,47.24287],[-122.85823,47.23151],[-122.8483,47.2202],[-122.8483,47.20746],[-122.8483,47.19331],[-122.85969,47.17772],[-122.87385,47.16787],[-122.87946,47.17207],[-122.88231,47.18061],[-122.88801,47.19331],[-122.89078,47.20038],[-122.89786,47.20889],[-122.91202,47.21882],[-122.92195,47.2287],[-122.92195,47.23721],[-122.91487,47.25556],[-122.91202,47.26972],[-122.90494,47.27827],[-122.89078,47.27827],[-122.88231,47.28388],[-122.86531,47.28954],[-122.85823,47.29243],[-122.84691,47.29804],[-122.85261,47.28535],[-122.86677,47.27827],[-122.86815,47.2683]]],[[[-123.3212,48.49584],[-123.30223,48.4842],[-123.28718,48.46833],[-123.28063,48.44839],[-123.2871,48.42414],[-123.30248,48.41429],[-123.33039,48.40477],[-123.35704,48.40058],[-123.43733,48.44465],[-123.45336,48.43358],[-123.48021,48.39232],[-123.49625,48.3832],[-123.5111,48.38052],[-123.51513,48.37376],[-123.5157,48.36473],[-123.51985,48.35529],[-123.5279,48.34833],[-123.54548,48.33658],[-123.5546,48.32795],[-123.55061,48.31306],[-123.57217,48.3061],[-123.59529,48.31005],[-123.59557,48.32795],[-123.61246,48.32685],[-123.63996,48.3168],[-123.65392,48.31428],[-123.66779,48.31761],[-123.68505,48.33218],[-123.70539,48.33804],[-123.73375,48.35077],[-123.78063,48.36286],[-123.84118,48.36188],[-123.89078,48.36689],[-124.1315,48.4335],[-124.38915,48.51797],[-124.41421,48.51976],[-124.4379,48.52554],[-124.42968,48.53852],[-124.40779,48.55239],[-124.3907,48.56074],[-124.40144,48.56525],[-124.43468,48.56916],[-124.4453,48.56818],[-124.45727,48.56273],[-124.46752,48.55598],[-124.48567,48.54023],[-124.49356,48.54214],[-124.51358,48.54707],[-124.6654,48.57323],[-124.73119,48.59638],[-124.76936,48.61506],[-124.79992,48.63923],[-124.81623,48.64712],[-125.09398,48.73005],[-125.10875,48.73876],[-125.14391,48.77436],[-125.15982,48.78681],[-125.18517,48.80097],[-125.17113,48.8159],[-125.11002,48.84195],[-125.10513,48.84785],[-125.09557,48.86347],[-125.08898,48.86982],[-125.07844,48.87617],[-125.06876,48.88019],[-125.05818,48.88227],[-125.0345,48.88373],[-125.02196,48.88654],[-125.01146,48.892],[-125.00699,48.90021],[-125.00963,48.91429],[-125.01378,48.92137],[-125.01366,48.92813],[-125.00357,48.94123],[-124.98412,48.956],[-124.96325,48.96296],[-124.91828,48.97223],[-124.88268,48.99055],[-124.847,49.02045],[-124.81945,49.05801],[-124.80842,49.09919],[-124.80089,49.11677],[-124.78698,49.13349],[-124.77941,49.15205],[-124.79882,49.18879],[-124.80842,49.24657],[-124.81461,49.24287],[-124.82063,49.23798],[-124.82555,49.23216],[-124.82893,49.22549],[-124.82852,49.21772],[-124.82201,49.18138],[-124.82201,49.14012],[-124.82803,49.11986],[-124.84203,49.10391],[-124.85802,49.08959],[-124.86986,49.07465],[-124.87922,49.03229],[-124.88801,49.01398],[-124.9077,49.00641],[-124.92467,49.00283],[-124.96764,48.98794],[-124.99275,48.98591],[-125.04483,48.99274],[-125.05647,48.99063],[-125.07604,48.98119],[-125.08585,48.97907],[-125.11124,48.98387],[-125.12922,48.99299],[-125.14688,48.99852],[-125.1715,48.99274],[-125.20189,48.96674],[-125.22126,48.95478],[-125.24039,48.95547],[-125.26505,48.96304],[-125.31517,48.96532],[-125.33601,48.97223],[-125.30248,49.00312],[-125.28283,49.01537],[-125.26085,49.0207],[-125.26085,49.02753],[-125.29719,49.02631],[-125.30871,49.02753],[-125.31696,49.0314],[-125.32502,49.03734],[-125.3334,49.04181],[-125.34284,49.04116],[-125.35387,49.02725],[-125.359,49.00641],[-125.36628,48.98737],[-125.4005,48.9726],[-125.4298,48.944],[-125.44896,48.93744],[-125.45222,48.93439],[-125.45543,48.92756],[-125.46056,48.92072],[-125.46947,48.91767],[-125.48937,48.91865],[-125.49836,48.92048],[-125.50048,48.92381],[-125.51439,48.9265],[-125.53112,48.93252],[-125.54711,48.94025],[-125.55883,48.94831],[-125.57307,48.9558],[-125.60656,48.96186],[-125.62023,48.96882],[-125.62613,48.97553],[-125.63341,48.98786],[-125.63703,48.99274],[-125.67235,49.01781],[-125.69823,49.02912],[-125.70934,49.03742],[-125.73583,49.05305],[-125.83625,49.06904],[-125.84927,49.07392],[-125.86278,49.08076],[-125.87169,49.09016],[-125.871,49.10261],[-125.86156,49.11001],[-125.83092,49.11441],[-125.81579,49.12303],[-125.80028,49.11213],[-125.78478,49.10493],[-125.76757,49.10346],[-125.7469,49.10944],[-125.73973,49.11433],[-125.70128,49.13471],[-125.69225,49.13337],[-125.68358,49.14842],[-125.64566,49.16401],[-125.63703,49.17463],[-125.63231,49.18793],[-125.6223,49.19619],[-125.61294,49.20637],[-125.61034,49.22549],[-125.6986,49.1811],[-125.72326,49.16059],[-125.74669,49.14814],[-125.75512,49.16889],[-125.75373,49.22236],[-125.74283,49.25178],[-125.74055,49.2674],[-125.75032,49.26366],[-125.76305,49.25373],[-125.77733,49.24771],[-125.79113,49.24702],[-125.80211,49.2534],[-125.80313,49.26252],[-125.80199,49.3002],[-125.79869,49.31147],[-125.79011,49.3227],[-125.78161,49.33845],[-125.77562,49.35541],[-125.77477,49.3701],[-125.78161,49.3701],[-125.79279,49.35993],[-125.8063,49.34345],[-125.81778,49.32404],[-125.8247,49.2956],[-125.82999,49.28384],[-125.8369,49.27314],[-125.84374,49.26703],[-125.85171,49.26642],[-125.8649,49.27619],[-125.87727,49.2801],[-125.90119,49.27448],[-125.93981,49.24091],[-125.95604,49.2329],[-125.97737,49.23517],[-125.99437,49.24234],[-126.01016,49.25507],[-126.02807,49.27387],[-126.0089,49.2923],[-125.97875,49.30402],[-125.95092,49.32026],[-125.92878,49.37303],[-125.91002,49.39838],[-125.899,49.42219],[-125.91198,49.43838],[-125.92178,49.41983],[-125.95848,49.3933],[-125.96662,49.38007],[-125.96984,49.35786],[-125.97924,49.34178],[-125.99425,49.33039],[-126.01439,49.32233],[-126.02367,49.32868],[-126.04646,49.33784],[-126.05907,49.34589],[-126.07649,49.38373],[-126.07165,49.39631],[-126.05818,49.41193],[-126.05533,49.42105],[-126.05435,49.43838],[-126.05508,49.4453],[-126.0629,49.4444],[-126.12194,49.42621],[-126.14127,49.42357],[-126.15657,49.4184],[-126.17398,49.41535],[-126.17764,49.41112],[-126.18017,49.40672],[-126.1857,49.40424],[-126.19786,49.40461],[-126.21353,49.40738],[-126.22712,49.41279],[-126.2329,49.42105],[-126.23575,49.43549],[-126.24352,49.44627],[-126.25479,49.45051],[-126.26822,49.44522],[-126.25878,49.43146],[-126.2567,49.41592],[-126.2613,49.40034],[-126.27514,49.3819],[-126.28429,49.36652],[-126.28808,49.3627],[-126.29735,49.36254],[-126.30256,49.36709],[-126.30578,49.37275],[-126.30923,49.37629],[-126.33772,49.38605],[-126.34996,49.39216],[-126.36071,49.40054],[-126.37556,49.40746],[-126.39509,49.41401],[-126.40502,49.42137],[-126.39118,49.43089],[-126.40575,49.44208],[-126.42138,49.46556],[-126.43212,49.47256],[-126.44835,49.47053],[-126.46532,49.46015],[-126.47948,49.44745],[-126.48738,49.43838],[-126.47525,49.4184],[-126.46394,49.40559],[-126.46434,49.39566],[-126.48738,49.38373],[-126.51041,49.37775],[-126.52782,49.37885],[-126.54231,49.38569],[-126.55626,49.3968],[-126.57266,49.41429],[-126.57429,49.42569],[-126.56835,49.43814],[-126.56241,49.45889],[-126.56273,49.46088],[-126.56241,49.48615],[-126.56041,49.49628],[-126.55785,49.50324],[-126.55761,49.5104],[-126.56241,49.52094],[-126.55626,49.52094],[-126.55626,49.52717],[-126.56298,49.53132],[-126.5677,49.53579],[-126.57677,49.54825],[-126.57095,49.55414],[-126.57087,49.55976],[-126.57185,49.56647],[-126.56933,49.57559],[-126.56509,49.58356],[-126.56257,49.58739],[-126.54882,49.59602],[-126.53303,49.60248],[-126.49909,49.61058],[-126.45255,49.6363],[-126.41706,49.63849],[-126.33654,49.63081],[-126.21817,49.6457],[-126.19669,49.65449],[-126.1857,49.65746],[-126.17199,49.65742],[-126.14892,49.65156],[-126.13793,49.65005],[-126.08951,49.66087],[-126.09203,49.66999],[-126.09854,49.6778],[-126.10749,49.6833],[-126.1171,49.68545],[-126.19498,49.68138],[-126.29678,49.66083],[-126.32437,49.64826],[-126.33877,49.64964],[-126.45324,49.6743],[-126.47716,49.68399],[-126.48738,49.69505],[-126.4794,49.71182],[-126.41202,49.77172],[-126.4112,49.77822],[-126.42561,49.78099],[-126.45275,49.79023],[-126.46736,49.7923],[-126.4737,49.78437],[-126.47228,49.7497],[-126.47777,49.73493],[-126.49356,49.71894],[-126.51671,49.7084],[-126.54532,49.70441],[-126.57311,49.70694],[-126.5935,49.71581],[-126.60521,49.73212],[-126.63728,49.81712],[-126.64135,49.83332],[-126.6444,49.87348],[-126.64973,49.89802],[-126.66373,49.89688],[-126.68346,49.88491],[-126.70588,49.87718],[-126.72639,49.88239],[-126.74893,49.89558],[-126.7672,49.91242],[-126.78295,49.94245],[-126.80223,49.95458],[-126.84362,49.97346],[-126.8426,49.96064],[-126.81086,49.94335],[-126.80264,49.92813],[-126.8085,49.91437],[-126.82258,49.89973],[-126.83947,49.88817],[-126.85387,49.88345],[-126.87165,49.88247],[-126.88341,49.88312],[-126.89159,49.89102],[-126.91023,49.95742],[-126.91934,49.97346],[-126.92199,49.96845],[-126.92349,49.95881],[-126.92553,49.95234],[-126.92858,49.93325],[-126.92984,49.88312],[-126.93615,49.86664],[-126.94494,49.86359],[-127.07299,49.86225],[-127.09826,49.8583],[-127.12194,49.85773],[-127.14192,49.86664],[-127.22907,49.94648],[-127.23754,49.96182],[-127.23095,49.97651],[-127.20739,50.0],[-125.2193,50.0],[-125.21947,49.99103],[-125.21589,49.98306],[-125.20531,49.96922],[-125.1879,49.93781],[-125.17833,49.92499],[-124.88207,49.72492],[-124.87291,49.71259],[-124.86986,49.69505],[-124.87584,49.67744],[-124.89098,49.67207],[-124.97326,49.68496],[-124.97973,49.68171],[-124.97623,49.66804],[-124.96793,49.6625],[-124.95783,49.65961],[-124.94864,49.65375],[-124.94131,49.64692],[-124.91828,49.63081],[-124.9095,49.62132],[-124.83804,49.51728],[-124.81786,49.51179],[-124.80842,49.50666],[-124.8046,49.4997],[-124.79963,49.48078],[-124.79475,49.47256],[-124.77257,49.46149],[-124.72362,49.46507],[-124.70198,49.45547],[-124.69196,49.4492],[-124.66812,49.44306],[-124.65758,49.43838],[-124.64244,49.41681],[-124.63707,49.41108],[-124.59602,49.39118],[-124.54507,49.37718],[-124.4453,49.3627],[-124.38728,49.36066],[-124.35998,49.35663],[-124.33886,49.34589],[-124.32901,49.33877],[-124.31957,49.33491],[-124.20848,49.30805],[-124.19835,49.30915],[-124.18541,49.31379],[-124.17467,49.31489],[-124.15917,49.31045],[-124.10949,49.2801],[-124.12678,49.27432],[-124.16308,49.27167],[-124.17838,49.26024],[-124.16487,49.25487],[-124.15168,49.25544],[-124.12287,49.26024],[-124.10855,49.25812],[-124.08458,49.24873],[-124.07136,49.24657],[-124.00939,49.24592],[-123.97769,49.24095],[-123.95494,49.22919],[-123.94982,49.22305],[-123.94579,49.21524],[-123.94628,49.20844],[-123.96418,49.20307],[-123.96215,49.19701],[-123.95124,49.18452],[-123.93078,49.14354],[-123.9171,49.13491],[-123.90453,49.13361],[-123.88362,49.1367],[-123.84166,49.12763],[-123.82836,49.12995],[-123.81338,49.1186],[-123.80492,49.10399],[-123.79784,49.08714],[-123.78734,49.06904],[-123.75691,49.04214],[-123.75137,49.02798],[-123.77375,49.0207],[-123.76488,49.00788],[-123.76089,48.99584],[-123.76488,48.98754],[-123.7799,48.98591],[-123.79385,48.99348],[-123.80411,49.00536],[-123.81603,49.01268],[-123.83511,49.00641],[-123.83511,49.00019],[-123.78734,48.9654],[-123.73973,48.94286],[-123.73278,48.93439],[-123.71793,48.92154],[-123.59382,48.83698],[-123.57994,48.8216],[-123.59187,48.8146],[-123.5961,48.81143],[-123.60049,48.80439],[-123.60228,48.79731],[-123.5987,48.79413],[-123.59044,48.79548],[-123.58251,48.79776],[-123.57506,48.79825],[-123.56827,48.79413],[-123.5653,48.78091],[-123.56656,48.76073],[-123.57299,48.74624],[-123.58503,48.7497],[-123.59879,48.75845],[-123.61758,48.76325],[-123.63659,48.76386],[-123.65079,48.75995],[-123.65079,48.75312],[-123.63158,48.74213],[-123.56086,48.71214],[-123.55199,48.70539],[-123.53087,48.68496],[-123.52668,48.67805],[-123.52994,48.66474],[-123.53698,48.65762],[-123.54235,48.65029],[-123.54092,48.63646],[-123.53466,48.62812],[-123.5253,48.62067],[-123.51696,48.61083],[-123.51366,48.59544],[-123.51757,48.58039],[-123.52587,48.57209],[-123.53482,48.56538],[-123.54092,48.55451],[-123.53547,48.54011],[-123.51358,48.54755],[-123.47204,48.57502],[-123.4785,48.59081],[-123.47501,48.62124],[-123.47887,48.63646],[-123.43733,48.65009],[-123.46178,48.66324],[-123.47179,48.67243],[-123.47204,48.68488],[-123.463,48.68964],[-123.44603,48.69208],[-123.42829,48.69245],[-123.41682,48.69111],[-123.40538,48.68635],[-123.39924,48.68154],[-123.3968,48.6739],[-123.39635,48.66096],[-123.39415,48.65705],[-123.39029,48.64619],[-123.38866,48.63483],[-123.39322,48.62962],[-123.39005,48.62043],[-123.35534,48.56074],[-123.34577,48.52338],[-123.33707,48.50804],[-123.3212,48.49584]]],[[[-119.03059,33.48888],[-119.0301,33.48912],[-119.02896,33.48394],[-119.02885,33.48057],[-119.027,33.47573],[-119.03145,33.47345],[-119.03136,33.46635],[-119.03806,33.4648],[-119.03945,33.46777],[-119.04308,33.47148],[-119.04405,33.47782],[-119.04812,33.48078],[-119.04715,33.484],[-119.03696,33.48349],[-119.03059,33.48961],[-119.03059,33.48888]]],[[[-119.36422,34.01754],[-119.35693,34.01568],[-119.37772,34.01027],[-119.39007,34.00217],[-119.41389,34.00625],[-119.42371,34.00476],[-119.43,34.00806],[-119.43914,34.01009],[-119.44498,34.01404],[-119.43923,34.0147],[-119.43421,34.01556],[-119.41911,34.01486],[-119.41134,34.00941],[-119.3923,34.00631],[-119.38158,34.01122],[-119.36422,34.01754]]],[[[-123.00235,37.70157],[-123.003,37.69998],[-123.00186,37.70104],[-123.00569,37.69135],[-123.00504,37.69318],[-123.00544,37.69375],[-123.00621,37.69188],[-123.00556,37.69375],[-123.00772,37.69656],[-123.00235,37.70157]]],[[[-122.3667,37.81241],[-122.36169,37.81343],[-122.35968,37.8095],[-122.36352,37.80724],[-122.36981,37.80945],[-122.37198,37.81653],[-122.37624,37.82182],[-122.37915,37.82916],[-122.37283,37.8328],[-122.36769,37.83154],[-122.36278,37.82055],[-122.36909,37.81663],[-122.3667,37.81241]]],[[[-122.42518,37.8714],[-122.41786,37.86307],[-122.41918,37.85388],[-122.42846,37.8544],[-122.43639,37.85269],[-122.44282,37.85537],[-122.44286,37.8557],[-122.44335,37.8559],[-122.44408,37.86412],[-122.44156,37.86848],[-122.43692,37.86815],[-122.43457,37.87109],[-122.42518,37.8714]]],[[[-123.24828,48.42943],[-123.23884,48.43012],[-123.22655,48.42585],[-123.22867,48.42259],[-123.23493,48.42259],[-123.23713,48.42215],[-123.23868,48.42133],[-123.23908,48.42015],[-123.2399,48.41946],[-123.24344,48.41966],[-123.25109,48.4252],[-123.24828,48.42943]]],[[[-122.79548,48.51472],[-122.79109,48.51158],[-122.78856,48.51101],[-122.79068,48.50739],[-122.80281,48.49417],[-122.81623,48.48587],[-122.81876,48.48147],[-122.82006,48.48078],[-122.82352,48.48168],[-122.82014,48.49441],[-122.82242,48.49954],[-122.82628,48.50165],[-122.83003,48.50568],[-122.83873,48.51114],[-122.83845,48.51435],[-122.83275,48.51935],[-122.82339,48.52464],[-122.79117,48.52371],[-122.79353,48.52086],[-122.79548,48.51472]]],[[[-122.58161,48.54861],[-122.57848,48.54002],[-122.57934,48.5325],[-122.58507,48.53181],[-122.59431,48.53657],[-122.60253,48.53592],[-122.62418,48.52932],[-122.6435,48.52981],[-122.65478,48.54348],[-122.65067,48.56733],[-122.65363,48.57152],[-122.65331,48.58019],[-122.64908,48.58779],[-122.64192,48.58588],[-122.62654,48.57079],[-122.58161,48.54861]]],[[[-122.92943,48.58442],[-122.923,48.58535],[-122.91442,48.5847],[-122.91108,48.57754],[-122.91605,48.56818],[-122.92121,48.56505],[-122.92439,48.56391],[-122.92838,48.56338],[-122.93472,48.56391],[-122.93961,48.56293],[-122.94302,48.56049],[-122.94453,48.55707],[-122.94546,48.55109],[-122.95165,48.54751],[-122.98514,48.55504],[-122.98734,48.56049],[-122.98314,48.56204],[-122.98396,48.56513],[-122.99502,48.57591],[-122.99909,48.57762],[-123.01106,48.57909],[-123.01578,48.58234],[-123.01443,48.58625],[-123.00247,48.58653],[-122.96996,48.59475],[-122.96007,48.58971],[-122.94127,48.5871],[-122.94026,48.58503],[-122.94095,48.57994],[-122.93688,48.57575],[-122.93318,48.57734],[-122.93293,48.58177],[-122.92943,48.58442]]],[[[-123.3474,48.60627],[-123.34134,48.60541],[-123.33817,48.59369],[-123.34936,48.58824],[-123.35143,48.5882],[-123.35175,48.58881],[-123.35656,48.59341],[-123.35855,48.5985],[-123.35578,48.59736],[-123.35367,48.59805],[-123.35546,48.60187],[-123.36136,48.60749],[-123.36754,48.61062],[-123.37426,48.61327],[-123.37629,48.61803],[-123.37263,48.61628],[-123.35493,48.61384],[-123.3474,48.60627]]],[[[-122.66808,48.62307],[-122.66466,48.6164],[-122.66373,48.60753],[-122.68212,48.6127],[-122.70014,48.62315],[-122.69298,48.62527],[-122.67386,48.62669],[-122.66808,48.62307]]],[[[-123.11376,48.63805],[-123.11071,48.63727],[-123.10814,48.63524],[-123.10847,48.6343],[-123.1409,48.63805],[-123.15038,48.64228],[-123.16401,48.64627],[-123.16324,48.65013],[-123.15221,48.64846],[-123.1468,48.6468],[-123.13211,48.64366],[-123.12096,48.64147],[-123.11376,48.63805]]],[[[-123.17085,48.67735],[-123.16889,48.67296],[-123.17231,48.66861],[-123.17943,48.66861],[-123.19009,48.67239],[-123.19774,48.67284],[-123.19555,48.67064],[-123.18696,48.66783],[-123.18411,48.66254],[-123.18973,48.65986],[-123.23563,48.68012],[-123.23913,48.68675],[-123.23135,48.69062],[-123.21532,48.68867],[-123.20844,48.68374],[-123.20653,48.68089],[-123.19392,48.67601],[-123.18721,48.6756],[-123.17825,48.68081],[-123.17435,48.68033],[-123.17085,48.67735]]],[[[-122.62072,48.69164],[-122.64485,48.70458],[-122.6538,48.71031],[-122.64562,48.70909],[-122.63325,48.71019],[-122.62877,48.70759],[-122.62145,48.70751],[-122.61889,48.70909],[-122.62125,48.71735],[-122.62238,48.71975],[-122.61494,48.71593],[-122.61075,48.71039],[-122.61209,48.69554],[-122.62072,48.69164]]],[[[-123.00841,48.69733],[-123.00837,48.69237],[-123.01285,48.68761],[-123.03726,48.67691],[-123.04178,48.67858],[-123.04328,48.69335],[-123.04646,48.69501],[-123.06583,48.70038],[-123.0594,48.70567],[-123.04658,48.71251],[-123.04149,48.71686],[-123.0146,48.72158],[-123.00975,48.71662],[-123.00841,48.69733]]],[[[-123.29438,48.71625],[-123.29703,48.7049],[-123.30069,48.70189],[-123.29947,48.69973],[-123.29975,48.69912],[-123.30472,48.70034],[-123.32063,48.7071],[-123.32962,48.71593],[-123.33401,48.71927],[-123.32921,48.72635],[-123.32999,48.72964],[-123.32787,48.73184],[-123.32303,48.73123],[-123.3109,48.73058],[-123.30236,48.72276],[-123.29438,48.71625]]],[[[-123.3745,48.7141],[-123.37475,48.71564],[-123.38207,48.71869],[-123.38817,48.72521],[-123.38589,48.72635],[-123.38028,48.7305],[-123.3778,48.73648],[-123.37263,48.73485],[-123.3673,48.73509],[-123.36311,48.73082],[-123.36164,48.72683],[-123.36657,48.7213],[-123.37291,48.71686],[-123.3723,48.71442],[-123.3745,48.7141]]],[[[-122.89525,48.76476],[-122.90416,48.76451],[-122.9123,48.76081],[-122.90339,48.75625],[-122.89936,48.75772],[-122.88675,48.7471],[-122.89883,48.74848],[-122.90421,48.75206],[-122.90673,48.75227],[-122.90376,48.74978],[-122.90587,48.74787],[-122.91291,48.75019],[-122.91633,48.75174],[-122.9143,48.75279],[-122.91873,48.75544],[-122.92243,48.76142],[-122.9195,48.7617],[-122.91751,48.76179],[-122.91755,48.76321],[-122.92105,48.76455],[-122.92036,48.76826],[-122.90734,48.77078],[-122.89297,48.76866],[-122.88284,48.76264],[-122.89525,48.76476]]],[[[-123.3745,48.80931],[-123.3841,48.81477],[-123.39029,48.81997],[-123.39542,48.8227],[-123.40274,48.8312],[-123.40111,48.83409],[-123.40363,48.83723],[-123.40408,48.84251],[-123.39847,48.84113],[-123.3994,48.84178],[-123.38996,48.84427],[-123.37934,48.84007],[-123.37491,48.83816],[-123.35892,48.83242],[-123.35542,48.82282],[-123.36054,48.82266],[-123.36152,48.81997],[-123.36258,48.81562],[-123.37002,48.81769],[-123.37365,48.81647],[-123.36632,48.81184],[-123.36571,48.8087],[-123.37002,48.80939],[-123.3745,48.80931]]],[[[-125.2034,48.85004],[-125.19624,48.84947],[-125.18594,48.84256],[-125.18957,48.83519],[-125.19026,48.83279],[-125.19083,48.82994],[-125.19392,48.83308],[-125.19823,48.83649],[-125.20397,48.84044],[-125.20816,48.84854],[-125.2034,48.85004]]],[[[-123.31306,48.85159],[-123.30696,48.85277],[-123.30183,48.85558],[-123.30484,48.86473],[-123.30272,48.86888],[-123.29625,48.87165],[-123.28808,48.87214],[-123.24796,48.85611],[-123.26545,48.85928],[-123.26521,48.85737],[-123.25011,48.84915],[-123.24677,48.84581],[-123.24812,48.84292],[-123.24755,48.83702],[-123.24881,48.83011],[-123.24446,48.82624],[-123.23473,48.82185],[-123.23091,48.81741],[-123.23213,48.8144],[-123.23542,48.81383],[-123.23904,48.81578],[-123.32238,48.83161],[-123.32771,48.83601],[-123.32893,48.84003],[-123.32889,48.84508],[-123.3319,48.84907],[-123.33849,48.85155],[-123.33845,48.85468],[-123.3282,48.85611],[-123.31306,48.85159]]],[[[-125.30305,48.87995],[-125.29308,48.87088],[-125.29166,48.86608],[-125.30606,48.8642],[-125.314,48.86481],[-125.31688,48.87311],[-125.30822,48.87592],[-125.3085,48.8782],[-125.31163,48.88166],[-125.30305,48.87995]]],[[[-125.13524,48.89586],[-125.12719,48.89655],[-125.12104,48.89212],[-125.12202,48.88727],[-125.13345,48.88146],[-125.14676,48.87938],[-125.15551,48.87434],[-125.15876,48.87543],[-125.16206,48.87486],[-125.16002,48.87967],[-125.1444,48.88666],[-125.14013,48.89232],[-125.13524,48.89586]]],[[[-125.34004,48.90465],[-125.33324,48.89985],[-125.33231,48.89151],[-125.33467,48.89037],[-125.33711,48.89138],[-125.33939,48.8944],[-125.34264,48.89696],[-125.34407,48.89997],[-125.34781,48.90046],[-125.35306,48.90713],[-125.34004,48.90465]]],[[[-125.32836,48.91364],[-125.32567,48.91275],[-125.31794,48.91429],[-125.32352,48.90465],[-125.3297,48.90697],[-125.33467,48.90591],[-125.33654,48.90803],[-125.33344,48.91189],[-125.32836,48.91364]]],[[[-125.26273,48.91218],[-125.25776,48.91702],[-125.24796,48.91649],[-125.24808,48.91092],[-125.25829,48.90904],[-125.26118,48.909],[-125.26273,48.91218]]],[[[-125.28816,48.92927],[-125.27424,48.92463],[-125.26696,48.92023],[-125.26781,48.91511],[-125.27676,48.91478],[-125.28372,48.91502],[-125.29044,48.91462],[-125.29198,48.91458],[-125.286,48.91905],[-125.28104,48.92292],[-125.28392,48.92223],[-125.28921,48.92272],[-125.2921,48.9217],[-125.29459,48.92455],[-125.29479,48.92829],[-125.28816,48.92927]]],[[[-125.23717,48.92715],[-125.23689,48.92585],[-125.23209,48.9239],[-125.23392,48.92158],[-125.24157,48.9252],[-125.24218,48.9278],[-125.24486,48.92467],[-125.24714,48.92251],[-125.24682,48.92084],[-125.25056,48.92272],[-125.25239,48.92426],[-125.25756,48.92569],[-125.26203,48.92862],[-125.25841,48.92935],[-125.25394,48.92809],[-125.25508,48.92935],[-125.25841,48.93159],[-125.26427,48.9302],[-125.27172,48.92959],[-125.27265,48.93228],[-125.27359,48.9361],[-125.27534,48.93948],[-125.27758,48.94131],[-125.27009,48.94082],[-125.26362,48.93749],[-125.25613,48.93688],[-125.24763,48.93391],[-125.24332,48.93175],[-125.23782,48.92878],[-125.23717,48.92715]]],[[[-125.05696,48.95344],[-125.05102,48.95034],[-125.04963,48.94387],[-125.05862,48.93171],[-125.06098,48.92483],[-125.0609,48.92121],[-125.06225,48.91767],[-125.0668,48.91275],[-125.07303,48.90835],[-125.07978,48.90677],[-125.08389,48.90416],[-125.08605,48.89985],[-125.08922,48.89663],[-125.09854,48.89468],[-125.11262,48.89716],[-125.11978,48.90359],[-125.11893,48.90595],[-125.11592,48.90672],[-125.11144,48.90941],[-125.11152,48.91368],[-125.11026,48.91787],[-125.10745,48.92121],[-125.10644,48.92605],[-125.10277,48.93114],[-125.09687,48.93553],[-125.08939,48.9372],[-125.08552,48.94465],[-125.08056,48.94803],[-125.07429,48.95014],[-125.06994,48.95332],[-125.0655,48.95453],[-125.05696,48.95344]]],[[[-123.64432,48.98188],[-123.63931,48.97989],[-123.63394,48.96552],[-123.63069,48.94436],[-123.63447,48.9346],[-123.64257,48.94098],[-123.64953,48.94302],[-123.656,48.94693],[-123.66019,48.95563],[-123.66161,48.96377],[-123.66059,48.96756],[-123.66246,48.9711],[-123.66804,48.97516],[-123.66633,48.97984],[-123.66043,48.98351],[-123.65665,48.98351],[-123.65168,48.98168],[-123.64432,48.98188]]],[[[-123.67239,48.98363],[-123.67431,48.98107],[-123.6715,48.97569],[-123.67105,48.97097],[-123.6739,48.96894],[-123.67569,48.97085],[-123.67817,48.97574],[-123.68277,48.97887],[-123.68753,48.9794],[-123.69311,48.98383],[-123.70063,48.99588],[-123.70653,49.01211],[-123.70385,49.0172],[-123.69709,49.01333],[-123.69298,49.01317],[-123.69034,49.017],[-123.68594,49.01923],[-123.67984,49.01785],[-123.65685,48.99673],[-123.65457,48.99108],[-123.65616,48.98733],[-123.67239,48.98363]]],[[[-123.45397,49.41087],[-123.43798,49.40563],[-123.43444,49.39822],[-123.43847,49.39297],[-123.44966,49.39094],[-123.4582,49.39142],[-123.47545,49.3924],[-123.49519,49.3843],[-123.49901,49.38239],[-123.49995,49.38239],[-123.50027,49.38337],[-123.49645,49.38963],[-123.48383,49.39802],[-123.47086,49.40782],[-123.4641,49.41165],[-123.45397,49.41087]]],[[[-123.95181,49.47118],[-123.95275,49.4702],[-123.9534,49.46878],[-123.95181,49.46772],[-123.95434,49.4665],[-123.95897,49.46296],[-123.96308,49.46214],[-123.97436,49.46833],[-123.97993,49.47586],[-123.98107,49.48395],[-123.98672,49.48583],[-123.98644,49.48929],[-123.98192,49.49258],[-123.98233,49.49388],[-123.98396,49.49909],[-123.98302,49.50259],[-123.98498,49.50373],[-123.98355,49.50544],[-123.98261,49.51004],[-123.98176,49.50886],[-123.98119,49.50792],[-123.98013,49.50788],[-123.97415,49.5069],[-123.96247,49.49811],[-123.95531,49.49116],[-123.95698,49.48908],[-123.95653,49.48648],[-123.95596,49.48489],[-123.95482,49.48229],[-123.95189,49.47793],[-123.9534,49.4759],[-123.95438,49.47354],[-123.95181,49.47118]]],[[[-126.50788,49.67874],[-126.48461,49.66673],[-126.482,49.66055],[-126.48591,49.65583],[-126.48611,49.652],[-126.4982,49.64468],[-126.50194,49.64016],[-126.50727,49.63833],[-126.51008,49.63443],[-126.51826,49.61441],[-126.53327,49.60952],[-126.54463,49.6107],[-126.52375,49.63451],[-126.51944,49.64598],[-126.522,49.64379],[-126.52648,49.63508],[-126.53563,49.62848],[-126.54231,49.62718],[-126.56713,49.63231],[-126.56652,49.63711],[-126.56282,49.64391],[-126.55858,49.64741],[-126.55671,49.65058],[-126.55573,49.6542],[-126.54092,49.65835],[-126.53686,49.66311],[-126.53669,49.66763],[-126.53352,49.67605],[-126.52839,49.68142],[-126.51879,49.68277],[-126.50788,49.67874]]],[[[-124.65368,49.88227],[-124.64871,49.88337],[-124.63935,49.87796],[-124.6302,49.86579],[-124.64033,49.85187],[-124.65067,49.84646],[-124.65852,49.84178],[-124.66751,49.83959],[-124.67089,49.85143],[-124.66702,49.86823],[-124.65368,49.88227]]],[[[-124.90742,49.99726],[-124.90184,49.99518],[-124.885,49.98754],[-124.89306,49.98098],[-124.89997,49.96792],[-124.91641,49.96686],[-124.923,49.96975],[-124.92862,49.97293],[-124.93314,49.97866],[-124.94099,49.98159],[-124.94359,49.98815],[-124.9466,50.0],[-124.93162,50.0],[-124.93,49.99942],[-124.91828,49.99665],[-124.90742,49.99726]]],[[[-119.03059,33.48888],[-119.0301,33.48912],[-119.02896,33.48394],[-119.02885,33.48057],[-119.027,33.47573],[-119.03145,33.47345],[-119.03136,33.46635],[-119.03806,33.4648],[-119.03945,33.46777],[-119.04308,33.47148],[-119.04405,33.47782],[-119.04812,33.48078],[-119.04715,33.484],[-119.03696,33.48349],[-119.03059,33.48961],[-119.03059,33.48888]]],[[[-119.36422,34.01754],[-119.35693,34.01568],[-119.37772,34.01027],[-119.39007,34.00217],[-119.41389,34.00625],[-119.42371,34.00476],[-119.43,34.00806],[-119.43914,34.01009],[-119.44498,34.01404],[-119.43923,34.0147],[-119.43421,34.01556],[-119.41911,34.01486],[-119.41134,34.00941],[-119.3923,34.00631],[-119.38158,34.01122],[-119.36422,34.01754]]],[[[-123.00235,37.70157],[-123.003,37.69998],[-123.00186,37.70104],[-123.00569,37.69135],[-123.00504,37.69318],[-123.00544,37.69375],[-123.00621,37.69188],[-123.00556,37.69375],[-123.00772,37.69656],[-123.00235,37.70157]]],[[[-122.3667,37.81241],[-122.36169,37.81343],[-122.35968,37.8095],[-122.36352,37.80724],[-122.36981,37.80945],[-122.37198,37.81653],[-122.37624,37.82182],[-122.37915,37.82916],[-122.37283,37.8328],[-122.36769,37.83154],[-122.36278,37.82055],[-122.36909,37.81663],[-122.3667,37.81241]]],[[[-122.42518,37.8714],[-122.41786,37.86307],[-122.41918,37.85388],[-122.42846,37.8544],[-122.43639,37.85269],[-122.44282,37.85537],[-122.44286,37.8557],[-122.44335,37.8559],[-122.44408,37.86412],[-122.44156,37.86848],[-122.43692,37.86815],[-122.43457,37.87109],[-122.42518,37.8714]]],[[[-123.24828,48.42943],[-123.23884,48.43012],[-123.22655,48.42585],[-123.22867,48.42259],[-123.23493,48.42259],[-123.23713,48.42215],[-123.23868,48.42133],[-123.23908,48.42015],[-123.2399,48.41946],[-123.24344,48.41966],[-123.25109,48.4252],[-123.24828,48.42943]]],[[[-122.79548,48.51472],[-122.79109,48.51158],[-122.78856,48.51101],[-122.79068,48.50739],[-122.80281,48.49417],[-122.81623,48.48587],[-122.81876,48.48147],[-122.82006,48.48078],[-122.82352,48.48168],[-122.82014,48.49441],[-122.82242,48.49954],[-122.82628,48.50165],[-122.83003,48.50568],[-122.83873,48.51114],[-122.83845,48.51435],[-122.83275,48.51935],[-122.82339,48.52464],[-122.79117,48.52371],[-122.79353,48.52086],[-122.79548,48.51472]]],[[[-122.58161,48.54861],[-122.57848,48.54002],[-122.57934,48.5325],[-122.58507,48.53181],[-122.59431,48.53657],[-122.60253,48.53592],[-122.62418,48.52932],[-122.6435,48.52981],[-122.65478,48.54348],[-122.65067,48.56733],[-122.65363,48.57152],[-122.65331,48.58019],[-122.64908,48.58779],[-122.64192,48.58588],[-122.62654,48.57079],[-122.58161,48.54861]]],[[[-122.92943,48.58442],[-122.923,48.58535],[-122.91442,48.5847],[-122.91108,48.57754],[-122.91605,48.56818],[-122.92121,48.56505],[-122.92439,48.56391],[-122.92838,48.56338],[-122.93472,48.56391],[-122.93961,48.56293],[-122.94302,48.56049],[-122.94453,48.55707],[-122.94546,48.55109],[-122.95165,48.54751],[-122.98514,48.55504],[-122.98734,48.56049],[-122.98314,48.56204],[-122.98396,48.56513],[-122.99502,48.57591],[-122.99909,48.57762],[-123.01106,48.57909],[-123.01578,48.58234],[-123.01443,48.58625],[-123.00247,48.58653],[-122.96996,48.59475],[-122.96007,48.58971],[-122.94127,48.5871],[-122.94026,48.58503],[-122.94095,48.57994],[-122.93688,48.57575],[-122.93318,48.57734],[-122.93293,48.58177],[-122.92943,48.58442]]],[[[-123.3474,48.60627],[-123.34134,48.60541],[-123.33817,48.59369],[-123.34936,48.58824],[-123.35143,48.5882],[-123.35175,48.58881],[-123.35656,48.59341],[-123.35855,48.5985],[-123.35578,48.59736],[-123.35367,48.59805],[-123.35546,48.60187],[-123.36136,48.60749],[-123.36754,48.61062],[-123.37426,48.61327],[-123.37629,48.61803],[-123.37263,48.61628],[-123.35493,48.61384],[-123.3474,48.60627]]],[[[-122.66808,48.62307],[-122.66466,48.6164],[-122.66373,48.60753],[-122.68212,48.6127],[-122.70014,48.62315],[-122.69298,48.62527],[-122.67386,48.62669],[-122.66808,48.62307]]],[[[-123.11376,48.63805],[-123.11071,48.63727],[-123.10814,48.63524],[-123.10847,48.6343],[-123.1409,48.63805],[-123.15038,48.64228],[-123.16401,48.64627],[-123.16324,48.65013],[-123.15221,48.64846],[-123.1468,48.6468],[-123.13211,48.64366],[-123.12096,48.64147],[-123.11376,48.63805]]],[[[-123.17085,48.67735],[-123.16889,48.67296],[-123.17231,48.66861],[-123.17943,48.66861],[-123.19009,48.67239],[-123.19774,48.67284],[-123.19555,48.67064],[-123.18696,48.66783],[-123.18411,48.66254],[-123.18973,48.65986],[-123.23563,48.68012],[-123.23913,48.68675],[-123.23135,48.69062],[-123.21532,48.68867],[-123.20844,48.68374],[-123.20653,48.68089],[-123.19392,48.67601],[-123.18721,48.6756],[-123.17825,48.68081],[-123.17435,48.68033],[-123.17085,48.67735]]],[[[-122.62072,48.69164],[-122.64485,48.70458],[-122.6538,48.71031],[-122.64562,48.70909],[-122.63325,48.71019],[-122.62877,48.70759],[-122.62145,48.70751],[-122.61889,48.70909],[-122.62125,48.71735],[-122.62238,48.71975],[-122.61494,48.71593],[-122.61075,48.71039],[-122.61209,48.69554],[-122.62072,48.69164]]],[[[-123.00841,48.69733],[-123.00837,48.69237],[-123.01285,48.68761],[-123.03726,48.67691],[-123.04178,48.67858],[-123.04328,48.69335],[-123.04646,48.69501],[-123.06583,48.70038],[-123.0594,48.70567],[-123.04658,48.71251],[-123.04149,48.71686],[-123.0146,48.72158],[-123.00975,48.71662],[-123.00841,48.69733]]],[[[-123.29438,48.71625],[-123.29703,48.7049],[-123.30069,48.70189],[-123.29947,48.69973],[-123.29975,48.69912],[-123.30472,48.70034],[-123.32063,48.7071],[-123.32962,48.71593],[-123.33401,48.71927],[-123.32921,48.72635],[-123.32999,48.72964],[-123.32787,48.73184],[-123.32303,48.73123],[-123.3109,48.73058],[-123.30236,48.72276],[-123.29438,48.71625]]],[[[-123.3745,48.7141],[-123.37475,48.71564],[-123.38207,48.71869],[-123.38817,48.72521],[-123.38589,48.72635],[-123.38028,48.7305],[-123.3778,48.73648],[-123.37263,48.73485],[-123.3673,48.73509],[-123.36311,48.73082],[-123.36164,48.72683],[-123.36657,48.7213],[-123.37291,48.71686],[-123.3723,48.71442],[-123.3745,48.7141]]],[[[-122.89525,48.76476],[-122.90416,48.76451],[-122.9123,48.76081],[-122.90339,48.75625],[-122.89936,48.75772],[-122.88675,48.7471],[-122.89883,48.74848],[-122.90421,48.75206],[-122.90673,48.75227],[-122.90376,48.74978],[-122.90587,48.74787],[-122.91291,48.75019],[-122.91633,48.75174],[-122.9143,48.75279],[-122.91873,48.75544],[-122.92243,48.76142],[-122.9195,48.7617],[-122.91751,48.76179],[-122.91755,48.76321],[-122.92105,48.76455],[-122.92036,48.76826],[-122.90734,48.77078],[-122.89297,48.76866],[-122.88284,48.76264],[-122.89525,48.76476]]],[[[-123.3745,48.80931],[-123.3841,48.81477],[-123.39029,48.81997],[-123.39542,48.8227],[-123.40274,48.8312],[-123.40111,48.83409],[-123.40363,48.83723],[-123.40408,48.84251],[-123.39847,48.84113],[-123.3994,48.84178],[-123.38996,48.84427],[-123.37934,48.84007],[-123.37491,48.83816],[-123.35892,48.83242],[-123.35542,48.82282],[-123.36054,48.82266],[-123.36152,48.81997],[-123.36258,48.81562],[-123.37002,48.81769],[-123.37365,48.81647],[-123.36632,48.81184],[-123.36571,48.8087],[-123.37002,48.80939],[-123.3745,48.80931]]],[[[-125.2034,48.85004],[-125.19624,48.84947],[-125.18594,48.84256],[-125.18957,48.83519],[-125.19026,48.83279],[-125.19083,48.82994],[-125.19392,48.83308],[-125.19823,48.83649],[-125.20397,48.84044],[-125.20816,48.84854],[-125.2034,48.85004]]],[[[-123.31306,48.85159],[-123.30696,48.85277],[-123.30183,48.85558],[-123.30484,48.86473],[-123.30272,48.86888],[-123.29625,48.87165],[-123.28808,48.87214],[-123.24796,48.85611],[-123.26545,48.85928],[-123.26521,48.85737],[-123.25011,48.84915],[-123.24677,48.84581],[-123.24812,48.84292],[-123.24755,48.83702],[-123.24881,48.83011],[-123.24446,48.82624],[-123.23473,48.82185],[-123.23091,48.81741],[-123.23213,48.8144],[-123.23542,48.81383],[-123.23904,48.81578],[-123.32238,48.83161],[-123.32771,48.83601],[-123.32893,48.84003],[-123.32889,48.84508],[-123.3319,48.84907],[-123.33849,48.85155],[-123.33845,48.85468],[-123.3282,48.85611],[-123.31306,48.85159]]],[[[-125.30305,48.87995],[-125.29308,48.87088],[-125.29166,48.86608],[-125.30606,48.8642],[-125.314,48.86481],[-125.31688,48.87311],[-125.30822,48.87592],[-125.3085,48.8782],[-125.31163,48.88166],[-125.30305,48.87995]]],[[[-125.13524,48.89586],[-125.12719,48.89655],[-125.12104,48.89212],[-125.12202,48.88727],[-125.13345,48.88146],[-125.14676,48.87938],[-125.15551,48.87434],[-125.15876,48.87543],[-125.16206,48.87486],[-125.16002,48.87967],[-125.1444,48.88666],[-125.14013,48.89232],[-125.13524,48.89586]]],[[[-125.34004,48.90465],[-125.33324,48.89985],[-125.33231,48.89151],[-125.33467,48.89037],[-125.33711,48.89138],[-125.33939,48.8944],[-125.34264,48.89696],[-125.34407,48.89997],[-125.34781,48.90046],[-125.35306,48.90713],[-125.34004,48.90465]]],[[[-125.32836,48.91364],[-125.32567,48.91275],[-125.31794,48.91429],[-125.32352,48.90465],[-125.3297,48.90697],[-125.33467,48.90591],[-125.33654,48.90803],[-125.33344,48.91189],[-125.32836,48.91364]]],[[[-125.26273,48.91218],[-125.25776,48.91702],[-125.24796,48.91649],[-125.24808,48.91092],[-125.25829,48.90904],[-125.26118,48.909],[-125.26273,48.91218]]],[[[-125.28816,48.92927],[-125.27424,48.92463],[-125.26696,48.92023],[-125.26781,48.91511],[-125.27676,48.91478],[-125.28372,48.91502],[-125.29044,48.91462],[-125.29198,48.91458],[-125.286,48.91905],[-125.28104,48.92292],[-125.28392,48.92223],[-125.28921,48.92272],[-125.2921,48.9217],[-125.29459,48.92455],[-125.29479,48.92829],[-125.28816,48.92927]]],[[[-125.23717,48.92715],[-125.23689,48.92585],[-125.23209,48.9239],[-125.23392,48.92158],[-125.24157,48.9252],[-125.24218,48.9278],[-125.24486,48.92467],[-125.24714,48.92251],[-125.24682,48.92084],[-125.25056,48.92272],[-125.25239,48.92426],[-125.25756,48.92569],[-125.26203,48.92862],[-125.25841,48.92935],[-125.25394,48.92809],[-125.25508,48.92935],[-125.25841,48.93159],[-125.26427,48.9302],[-125.27172,48.92959],[-125.27265,48.93228],[-125.27359,48.9361],[-125.27534,48.93948],[-125.27758,48.94131],[-125.27009,48.94082],[-125.26362,48.93749],[-125.25613,48.93688],[-125.24763,48.93391],[-125.24332,48.93175],[-125.23782,48.92878],[-125.23717,48.92715]]],[[[-125.05696,48.95344],[-125.05102,48.95034],[-125.04963,48.94387],[-125.05862,48.93171],[-125.06098,48.92483],[-125.0609,48.92121],[-125.06225,48.91767],[-125.0668,48.91275],[-125.07303,48.90835],[-125.07978,48.90677],[-125.08389,48.90416],[-125.08605,48.89985],[-125.08922,48.89663],[-125.09854,48.89468],[-125.11262,48.89716],[-125.11978,48.90359],[-125.11893,48.90595],[-125.11592,48.90672],[-125.11144,48.90941],[-125.11152,48.91368],[-125.11026,48.91787],[-125.10745,48.92121],[-125.10644,48.92605],[-125.10277,48.93114],[-125.09687,48.93553],[-125.08939,48.9372],[-125.08552,48.94465],[-125.08056,48.94803],[-125.07429,48.95014],[-125.06994,48.95332],[-125.0655,48.95453],[-125.05696,48.95344]]],[[[-123.64432,48.98188],[-123.63931,48.97989],[-123.63394,48.96552],[-123.63069,48.94436],[-123.63447,48.9346],[-123.64257,48.94098],[-123.64953,48.94302],[-123.656,48.94693],[-123.66019,48.95563],[-123.66161,48.96377],[-123.66059,48.96756],[-123.66246,48.9711],[-123.66804,48.97516],[-123.66633,48.97984],[-123.66043,48.98351],[-123.65665,48.98351],[-123.65168,48.98168],[-123.64432,48.98188]]],[[[-123.67239,48.98363],[-123.67431,48.98107],[-123.6715,48.97569],[-123.67105,48.97097],[-123.6739,48.96894],[-123.67569,48.97085],[-123.67817,48.97574],[-123.68277,48.97887],[-123.68753,48.9794],[-123.69311,48.98383],[-123.70063,48.99588],[-123.70653,49.01211],[-123.70385,49.0172],[-123.69709,49.01333],[-123.69298,49.01317],[-123.69034,49.017],[-123.68594,49.01923],[-123.67984,49.01785],[-123.65685,48.99673],[-123.65457,48.99108],[-123.65616,48.98733],[-123.67239,48.98363]]],[[[-123.45397,49.41087],[-123.43798,49.40563],[-123.43444,49.39822],[-123.43847,49.39297],[-123.44966,49.39094],[-123.4582,49.39142],[-123.47545,49.3924],[-123.49519,49.3843],[-123.49901,49.38239],[-123.49995,49.38239],[-123.50027,49.38337],[-123.49645,49.38963],[-123.48383,49.39802],[-123.47086,49.40782],[-123.4641,49.41165],[-123.45397,49.41087]]],[[[-123.95181,49.47118],[-123.95275,49.4702],[-123.9534,49.46878],[-123.95181,49.46772],[-123.95434,49.4665],[-123.95897,49.46296],[-123.96308,49.46214],[-123.97436,49.46833],[-123.97993,49.47586],[-123.98107,49.48395],[-123.98672,49.48583],[-123.98644,49.48929],[-123.98192,49.49258],[-123.98233,49.49388],[-123.98396,49.49909],[-123.98302,49.50259],[-123.98498,49.50373],[-123.98355,49.50544],[-123.98261,49.51004],[-123.98176,49.50886],[-123.98119,49.50792],[-123.98013,49.50788],[-123.97415,49.5069],[-123.96247,49.49811],[-123.95531,49.49116],[-123.95698,49.48908],[-123.95653,49.48648],[-123.95596,49.48489],[-123.95482,49.48229],[-123.95189,49.47793],[-123.9534,49.4759],[-123.95438,49.47354],[-123.95181,49.47118]]],[[[-126.50788,49.67874],[-126.48461,49.66673],[-126.482,49.66055],[-126.48591,49.65583],[-126.48611,49.652],[-126.4982,49.64468],[-126.50194,49.64016],[-126.50727,49.63833],[-126.51008,49.63443],[-126.51826,49.61441],[-126.53327,49.60952],[-126.54463,49.6107],[-126.52375,49.63451],[-126.51944,49.64598],[-126.522,49.64379],[-126.52648,49.63508],[-126.53563,49.62848],[-126.54231,49.62718],[-126.56713,49.63231],[-126.56652,49.63711],[-126.56282,49.64391],[-126.55858,49.64741],[-126.55671,49.65058],[-126.55573,49.6542],[-126.54092,49.65835],[-126.53686,49.66311],[-126.53669,49.66763],[-126.53352,49.67605],[-126.52839,49.68142],[-126.51879,49.68277],[-126.50788,49.67874]]],[[[-124.65368,49.88227],[-124.64871,49.88337],[-124.63935,49.87796],[-124.6302,49.86579],[-124.64033,49.85187],[-124.65067,49.84646],[-124.65852,49.84178],[-124.66751,49.83959],[-124.67089,49.85143],[-124.66702,49.86823],[-124.65368,49.88227]]],[[[-124.90742,49.99726],[-124.90184,49.99518],[-124.885,49.98754],[-124.89306,49.98098],[-124.89997,49.96792],[-124.91641,49.96686],[-124.923,49.96975],[-124.92862,49.97293],[-124.93314,49.97866],[-124.94099,49.98159],[-124.94359,49.98815],[-124.9466,50.0],[-124.93162,50.0],[-124.93,49.99942],[-124.91828,49.99665],[-124.90742,49.99726]]]]}}]}